Barcode,UMAP-1,UMAP-2
AAACCCAAGCTGAGCA-1,-12.33115786771977,1.0686070217896428
AAACCCAAGCTGTCCG-1,-14.407762656961133,-2.2425478299769552
AAACCCACACAAATGA-1,-12.304296177858172,-5.410106293504277
AAACCCAGTATCTTCT-1,-12.101221174191195,-5.678705895343986
AAACCCAGTCGATTCA-1,-14.438619624916496,-1.2644969717242875
AAACGAACAGGTTCGC-1,-11.250307088311851,-6.82267938591966
AAACGAAGTATTTCCT-1,-16.040328308542065,-1.5009655261825192
AAACGAAGTCTTGAAC-1,-15.935248318506856,-2.254179665071542
AAACGAATCTCTGGTC-1,-13.590917602031547,0.4771221568754449
AAACGCTAGAGTGAAG-1,-17.164897092777295,0.10408750690512807
AAACGCTAGTCACTGT-1,-15.211398281464243,-2.4174349826484964
AAAGAACAGAAACTGT-1,-13.614357994821795,-0.5410898254594251
AAAGAACCAAAGGCGT-1,-15.079792955910392,1.6291153828854503
AAAGAACCACAAACGG-1,-12.925111562483247,0.7259779553462989
AAAGAACCAGTCAACT-1,-10.94306194975114,-5.055832925107878
AAAGAACCATTGTCGA-1,-14.706788996185065,1.0420064693759865
AAAGAACGTACCTAAC-1,-16.829554258883903,-1.1141957369938873
AAAGAACGTCGGCTAC-1,-18.56634575565347,-1.430548854898575
AAAGAACGTTCAGCGC-1,-14.201014197184211,-2.2915309044606182
AAAGAACTCAAACGAA-1,-14.357421663545463,1.7706003023715706
AAAGAACTCACATACG-1,-12.296135662878962,-2.4010766692119345
AAAGAACTCTAGCATG-1,-10.603269022123499,-5.926645197950707
AAAGAACTCTGCCCTA-1,-11.21924326429255,-6.713123492914489
AAAGGATAGAAACTCA-1,-15.200754258315932,-2.037741245926275
AAAGGATCAAGCTACT-1,-12.543031384820116,-1.378731769269514
AAAGGATCACGCAAAG-1,-17.50555822374218,-1.4826729044659284
AAAGGATGTACGGTTT-1,-18.18482987657539,0.016046395306406506
AAAGGATTCGGACCAC-1,-14.544919416817727,-4.152010894015091
AAAGGGCAGGAACGAA-1,-11.342304959056204,-6.741401408836591
AAAGGGCAGGTTACCT-1,-16.889803362154975,-1.0385975651232848
AAAGGGCCAAACTAGA-1,-12.649574586571903,-5.147379683925378
AAAGGGCCAAATCAGA-1,-16.48350160647919,-3.8885783635782505
AAAGGGCTCAATCTCT-1,-14.944611054290215,-4.090530100476066
AAAGGTACACGGTAGA-1,-15.774060829126148,1.7891891231882135
AAAGGTATCATACGGT-1,-13.079800207816888,-1.0551582773345416
AAAGTCCAGTCGCTAT-1,-12.873275742163155,-2.2243040206791527
AAAGTCCCAGGTCAAG-1,-15.667718936461402,0.10478996074178468
AAAGTCCGTAACGGTG-1,-10.915660911253063,-5.017317341522256
AAAGTCCGTTCCAAAC-1,-14.027066732919197,1.6182464065178017
AAAGTCCTCTGAGAGG-1,-11.028009903655779,-5.0149452048930945
AAAGTGAAGACCAACG-1,-16.040659514135275,-1.0606480996940475
AAAGTGAAGAGCCATG-1,-13.779831462483683,1.1590869084094926
AAAGTGAAGCTCTTCC-1,-13.260764161805975,0.7074710639018589
AAAGTGACAGGAATAT-1,-13.50241068472931,-4.656886287490266
AAAGTGAGTACGATGG-1,-16.67417932852352,1.3619794307899553
AAAGTGAGTCAGTTTG-1,-16.151827066757846,-1.8656650253177478
AAAGTGAGTGTCGATT-1,-11.315394630445924,-6.362679826630475
AAAGTGATCACTGTTT-1,-12.176036560519226,0.5801416281242621
AAATGGACATGAAGCG-1,-16.13144415125576,-1.3374637982911155
AAATGGAGTGAATGAT-1,-16.735404406189115,-0.11265760265064521
AAATGGAGTGAGTAGC-1,-17.35267306595377,-1.3179815900856948
AAATGGAGTTCGCGTG-1,-18.042955066189567,-1.7987316095536265
AAATGGATCCTCACTG-1,-13.12941697210139,-4.307585226423421
AACAAAGAGATTGTGA-1,-16.552839966891206,-2.2057165633260767
AACAAAGAGTTGCGCC-1,-17.060432843543992,-1.0774855634288627
AACAAAGCACACCGAC-1,-10.976534373971285,-5.120720881799804
AACAAAGGTGGTTTAC-1,-15.145568166535256,-2.233052690543144
AACAAAGTCAAGAAAC-1,-12.58353705699549,-7.537300201955241
AACAAAGTCACGGAGA-1,-17.72767978127737,-0.36018583246657687
AACAACCAGGAAGAAC-1,-17.85553250806343,-0.32607619899862667
AACAACCAGGCTAACG-1,-12.121999519955281,-2.257564567410416
AACAACCCAGCAGTGA-1,-15.074538161336243,0.7192481061882098
AACAACCGTTTACGAC-1,-15.444311076922002,-0.07738440726848354
AACAACCGTTTCTATC-1,-11.726670955837903,-0.7756539785864481
AACAAGAAGAGCAGAA-1,-11.805766823277484,-4.772072796618518
AACAAGAAGGCATCAG-1,-15.375927837414743,2.2314462176813716
AACAAGAAGTAGAGTT-1,-18.55601628108299,-1.6706053094254218
AACAAGAAGTTCATGC-1,-15.688690863541861,1.853178499951828
AACAAGACACTGCATA-1,-15.222769245222885,-0.1989083090044722
AACAAGACAGGAATAT-1,-11.974508343709246,-5.424927814894525
AACAAGAGTAATTAGG-1,-15.23503858007929,-2.184582092739412
AACAAGAGTGTTACAC-1,-16.903056955451177,0.11828490989108266
AACAAGAGTTATGACC-1,-15.296091846907208,1.9822933266530198
AACAAGATCGCCTATC-1,-16.81671059102082,-1.3629157053366412
AACAAGATCGGTGTTA-1,-15.527268135109916,-2.9958031077951586
AACACACCAGAGCTAG-1,-15.9908239587799,0.2171882519718832
AACAGGGAGACTAGAT-1,-17.785719490385244,-0.9358044193846482
AACAGGGAGCGGATCA-1,-15.404001994820861,-2.5790906713409805
AACAGGGAGCGTATGG-1,-14.736908433290548,1.7513739584132846
AACAGGGAGTTGCCTA-1,-14.671689757138065,-0.08071309160776259
AACAGGGCAGAAGTTA-1,-14.05550117818324,0.4457613729688365
AACAGGGCAGCACAAG-1,-12.980062799728877,-0.5004234663261248
AACAGGGGTCGACTTA-1,-16.135276378294613,-0.5348978596934721
AACAGGGGTTAGAGAT-1,-13.850364138948295,-4.08610006768918
AACAGGGTCATTCACT-1,-13.433515260283327,-3.011337474641943
AACCAACAGCTGGCCT-1,-12.33990350266843,0.5657936812961524
AACCAACAGTAAGAGG-1,-14.205239180633015,-1.5118144095497517
AACCAACGTCAAGGCA-1,-11.702483091886116,-6.772719982183072
AACCAACGTGGAAATT-1,-12.724280028704285,-6.698982095488265
AACCAACGTTGGCTAT-1,-13.501257762450935,1.0532679032851222
AACCAACTCGATGCAT-1,-13.068830866793812,-2.77536696653055
AACCACAAGCTCACTA-1,-11.543297737831342,-4.572203632373613
AACCACAGTGCGCTCA-1,-13.626542432106175,-6.863967099484008
AACCACAGTTGAGTCT-1,-13.351262122699286,0.4049750650886066
AACCATGAGGATATAC-1,-12.591314450364205,-0.7056875078738349
AACCATGCAAACTCTG-1,-15.934870586206866,1.7574770585899175
AACCATGCATACTTTC-1,-15.07241436282408,-0.21040848500809375
AACCATGCATGGGAAC-1,-16.30841144880058,-2.196946867353248
AACCATGGTCCGATCG-1,-16.277586119880255,-1.8573885327897257
AACCATGGTTCAGTAC-1,-16.78445348061686,0.8107563064519917
AACCATGTCGGCTGGT-1,-14.072490047377867,1.6585985556357616
AACCCAAAGGTTCACT-1,-14.610904714978437,1.7574638009145775
AACCCAACAGACGGAT-1,-18.568774238197218,-1.2870830535725548
AACCCAAGTGGGAGAG-1,-16.449805641326222,-0.7477779206715641
AACCCAATCACTGATG-1,-14.349585500882455,-0.9884163192404835
AACCCAATCCCATTCG-1,-15.09195408774124,-3.8693252180591546
AACCTGAAGACCCTTA-1,-14.035696989858124,-3.6673018867690432
AACCTGAAGCTAGTTC-1,-17.69375658036424,-1.9872989480021561
AACCTGAGTACACTCA-1,-14.032673766469605,-3.7816750454889076
AACCTGATCGTTAGTG-1,-17.505557098419043,0.6506795720017202
AACCTTTCACCGTACG-1,-11.934127254308347,-5.416209673006048
AACCTTTGTATCGCTA-1,-14.772677088251084,1.3561423538121014
AACCTTTGTCAACACT-1,-13.578372105963677,-3.8017309875825083
AACCTTTGTTCCGCTT-1,-14.760891714629661,1.1579573951846829
AACCTTTGTTTCGTGA-1,-16.727716674656058,-0.31241321700138314
AACGAAAAGATAGGGA-1,-15.281230999357277,0.204718035660586
AACGAAAAGCCATCCG-1,-13.73199801897301,0.2648727073913847
AACGAAAAGTGATTCC-1,-12.131684973106639,-6.563527407734737
AACGAAACAATGCAAA-1,-10.840021806083227,-5.3326592563014605
AACGAAACAGCTTCCT-1,-14.364654645521746,0.8545581482562308
AACGAAAGTGCGAACA-1,-15.965853391489771,0.8598046819726072
AACGAAAGTGTCCCTT-1,-16.71467379438712,1.4082952284355585
AACGAAATCAAAGAAC-1,-16.175967621603437,-2.458715517515723
AACGGGAAGCACTCAT-1,-16.370947438403196,-0.2191750877787571
AACGGGAAGGGATCAC-1,-14.702661340529293,-3.580401304047799
AACGGGACAGTGTACT-1,-11.509667573001424,-7.682456685239899
AACGGGACATTCTCCG-1,-15.868816406970772,-1.33203171872925
AACGTCAAGGTCTTTG-1,-12.578959587009384,0.6870126449956411
AACGTCAAGTAAGGGA-1,-17.17637872158328,1.3823809522319033
AACGTCACAATTTCGG-1,-14.986806637032007,1.0955178085153505
AACGTCACACGGCGTT-1,-13.447707349901734,-0.03910599163995439
AACGTCACACTACGGC-1,-13.364643291855185,1.224244081537558
AACGTCACACTGTCCT-1,-12.345194160953106,-2.110078936681145
AACGTCACAGGCATTT-1,-15.704672253888516,-1.7542448877253443
AACGTCACATTAGGCT-1,-11.926800773705404,-5.099114579786471
AACGTCAGTCGATTCA-1,-15.461123830552296,-2.180189612137422
AACGTCATCGGACGTC-1,-16.147123814168797,1.5395797591147444
AACGTCATCGGTAAGG-1,-12.45585133568836,-5.217915551563752
AACGTCATCTGGTTGA-1,-15.76182870923501,-0.6550809154259382
AACTTCTCAAACGGCA-1,-14.297963836707144,0.09523461068441251
AACTTCTCACCGTCTT-1,-12.816787618920324,-0.294488021766547
AACTTCTGTACTCGAT-1,-16.4309869359428,-0.15286599889650915
AACTTCTGTCTTGTCC-1,-13.005038992850672,-5.590219677305951
AACTTCTGTGCTGATT-1,-12.978170978322536,1.2959607665921518
AACTTCTTCACTCCGT-1,-13.384763637963616,-2.609644187022268
AACTTCTTCAGTCCGG-1,-12.856094698100417,-1.3586877234340338
AACTTCTTCCTCTGCA-1,-18.207176331663085,-1.0430832732981339
AACTTCTTCTACACTT-1,-14.093442048779941,-1.9037949439206405
AACTTCTTCTGCCTCA-1,-12.82114465564082,-4.442852222553338
AAGAACACAATAACGA-1,-15.025288138980656,-3.2573811274306097
AAGAACACAGATAAAC-1,-12.845903450720018,0.8785433903264392
AAGAACACAGTCAGAG-1,-15.596471477671995,1.0704104616484924
AAGAACACATTGCCGG-1,-10.811681219075725,-6.246771983410985
AAGAACAGTAAGCGGT-1,-17.267875197619542,-1.2183518760639307
AAGACAAAGCTGCGAA-1,-16.69972700286916,-2.49175339202906
AAGACAAAGGAAACGA-1,-17.93485615859714,-2.1899640290024323
AAGACAACATCGCTGG-1,-13.250772712809272,-0.6305674652933275
AAGACAAGTCTCAAGT-1,-11.312766462056318,-6.563316373464243
AAGACTCAGATAACGT-1,-13.257696584464927,0.5053488668616274
AAGACTCAGCCTCAAT-1,-15.122452004914164,-2.582620857023584
AAGACTCAGCTGCCAC-1,-16.34460444191543,1.1189702753729762
AAGACTCAGTACGTCT-1,-13.54562262270973,-4.324866950773755
AAGACTCAGTTGAAAC-1,-16.26140049845148,-0.7135932646461571
AAGACTCGTAGCGCCT-1,-18.091974915668143,-0.5707285809457016
AAGACTCTCGGTCTAA-1,-12.416273375484225,-5.2416267897424
AAGATAGCAACATACC-1,-15.127801523452895,-3.795940170245429
AAGATAGTCTCCTGAC-1,-15.027629960133991,-2.024975279364313
AAGATAGTCTCTTAAC-1,-13.79479828347002,-3.1500859773336924
AAGCATCAGACATCCT-1,-16.22095137506199,0.4136798071301927
AAGCATCAGATTGATG-1,-16.637842361605976,-2.3308368226807614
AAGCATCAGCATAGGC-1,-16.19585008502819,0.4976986358460007
AAGCATCCAAGGCGTA-1,-17.25895661666629,-1.9104278074078047
AAGCATCCAGATTCGT-1,-12.26898318217163,-5.11027794895792
AAGCATCCATACACCA-1,-13.6719745316996,-0.3206871371885042
AAGCATCGTTAAAGTG-1,-15.80167910850337,1.2668303121826097
AAGCATCGTTTCAGAC-1,-15.66510400841024,2.2655856804455055
AAGCATCTCAAGCTGT-1,-11.697848007041458,-4.384627226006352
AAGCATCTCGGAAACG-1,-15.77662998363358,2.0557628386631506
AAGCATCTCGTGCATA-1,-12.946756648182575,-7.037992312096754
AAGCATCTCTATGTGG-1,-17.85855171543628,-0.45582573777793733
AAGCCATAGGCTGAAC-1,-15.36608889287915,-0.3355291785571261
AAGCCATCAGCGATTT-1,-12.946329054037939,-2.9871762404457423
AAGCCATGTCAATGGG-1,-12.842708108565615,-4.872089322880008
AAGCCATGTGACTATC-1,-14.215919796755907,-0.6443921247018561
AAGCCATGTTGCATTG-1,-14.112232788110699,0.8427436778566865
AAGCGAGAGATAACGT-1,-17.696418304421655,-0.521988677428196
AAGCGAGGTAGTTAGA-1,-14.139432148664516,-1.6484013224066654
AAGCGAGTCAACTACG-1,-13.511212407916997,-4.3927131379676965
AAGCGAGTCCGGTAAT-1,-14.066967999143872,0.5552396715537237
AAGCGAGTCCGTCACT-1,-16.402497089648644,-3.5485865172832516
AAGCGAGTCTGCGTCT-1,-17.04601462262319,-1.3187395027738122
AAGCGTTCAATACGCT-1,-17.595200661744254,0.12772039981059966
AAGCGTTGTTAGCGGA-1,-15.978675156818925,1.6185353084535472
AAGCGTTTCCGTGCGA-1,-16.30138627067235,1.5869489280595848
AAGGAATAGTCAGGGT-1,-17.2342989941305,1.295862351144097
AAGGAATAGTGAGGCT-1,-15.3288482357749,1.0065389976002623
AAGGAATCAGACTGCC-1,-13.406268034266251,1.609057750046038
AAGGAATCAGGCATTT-1,-16.319640158285186,-3.0425878201550516
AAGGAATCATTCATCT-1,-13.205700219288294,-2.4451030045650053
AAGGAATTCCACGGGT-1,-11.496459260893586,-6.397260195678271
AAGGAATTCCTTTGAT-1,-17.096592848230852,-0.9239904843761544
AAGGTAAAGTTGCCTA-1,-15.672763653320956,-2.4907402746238994
AAGGTAACACGAGGAT-1,-11.932678588059234,-6.2360977747611015
AAGGTAACAGCGTGCT-1,-15.499699625558645,1.0145971485344643
AAGGTAACATATGAAG-1,-14.93382347200715,-0.6683769551447101
AAGGTAACATTGCCTC-1,-17.440380873380498,1.147708000511748
AAGGTAAGTCGTTTCC-1,-11.672450802264814,-7.070559006220285
AAGTACCAGATGATTG-1,-12.507849499764891,0.4466020175784304
AAGTACCCACAAATAG-1,-13.061336018457933,-3.2755964673203524
AAGTACCCAGTTCTAG-1,-16.226696491604937,0.7222093714071335
AAGTACCTCATACGAC-1,-12.786502703800172,1.0706333535956465
AAGTACCTCCGTAGGC-1,-16.41085243203297,0.985663154814928
AAGTACCTCCTTCGAC-1,-12.753995470065771,-5.048154255312924
AAGTCGTTCGTGTGGC-1,-16.283329118241213,-3.6931648360770897
AAGTCGTTCTCAGGCG-1,-16.428024730071705,-1.7736868205163745
AAGTCGTTCTTGCAAG-1,-12.90275318092684,-7.1373906099652995
AAGTGAAAGGGTTAGC-1,-12.355150549933663,-0.283905710490484
AAGTGAAAGTACAACA-1,-14.78826883008287,1.886797372093525
AAGTGAAAGTCGAAGC-1,-13.130793238093396,-6.185077459349743
AAGTGAACAATCGCGC-1,-11.22825902677538,-6.614161796653769
AAGTGAAGTCAAATCC-1,-12.009888825005088,-7.462521397468164
AAGTGAAGTTCACCGG-1,-12.510031172390761,-0.5129368743417372
AAGTTCGAGATAGGGA-1,-11.874862488441115,-7.379622679325869
AAGTTCGCAACAGTGG-1,-16.714468739447256,-1.1592234549907812
AAGTTCGCAAGTGTCT-1,-17.28492757426548,-0.26772003023305996
AAGTTCGCAATGAGCG-1,-16.377693640237464,-1.5188817647887969
AAGTTCGCAGAGGAAA-1,-11.845385113218576,-7.00531006631083
AAGTTCGCAGCCGTCA-1,-15.403466811099195,0.4255480860446899
AAGTTCGCATGACGGA-1,-11.418751529440815,-4.875557902706907
AAGTTCGGTCACTTCC-1,-16.049798700788074,-0.055390794179105134
AAGTTCGTCGTCACCT-1,-16.778664861449055,-1.0271267644251132
AAGTTCGTCTGTACAG-1,-16.472266025950546,0.13574603683450273
AATAGAGAGACTCAAA-1,-14.473945595649576,-4.0784645729103035
AATAGAGAGGGCAATC-1,-15.480999101489989,-2.7592883172236915
AATAGAGCAAGTCCCG-1,-17.842165221928685,-2.4612610162578794
AATAGAGCAGAACTTC-1,-10.962713392972194,-5.990317977759607
AATAGAGCAGGAATAT-1,-16.03551013284544,1.4046760010116957
AATAGAGGTCAGTCGC-1,-16.62462480739152,-0.8811000305052602
AATAGAGTCATTACTC-1,-14.367829075361428,-3.571868138366113
AATCACGCACAATGCT-1,-11.968861114793105,-0.3948207238962532
AATCACGCACGACGCT-1,-13.648924564016417,-3.726749819218127
AATCACGGTAACATCC-1,-14.300569510672636,0.4685259685529125
AATCACGGTTCGAAGG-1,-17.765395485969552,-1.0430919292946033
AATCACGGTTTCGTAG-1,-14.763592099150497,-0.6943129817215812
AATCACGTCGAGAATA-1,-17.698857952149815,-3.0179861964741708
AATCGACAGTCTGTAC-1,-15.962012817971399,0.4200075472768481
AATCGACCAGTAGTGG-1,-16.38140409306864,0.6072871089814298
AATCGACGTCGAACAG-1,-16.336279424682527,1.1733664783771292
AATCGACGTGTCTAAC-1,-17.945619103702125,-1.914891325431683
AATCGACTCGAGAGCA-1,-16.75029630557131,0.24034180950273615
AATCGTGAGTGTTCAC-1,-17.23052831397905,-2.5517385296303225
AATCGTGCAAGTCCCG-1,-12.695739701552908,-6.526224343876387
AATCGTGCAGAGAGGG-1,-14.010086196496122,1.3598730352632524
AATCGTGTCAACACGT-1,-15.702673405355304,-2.3971553161136288
AATGAAGAGAGGCGGA-1,-18.205795662523165,-0.7687675196732358
AATGAAGCATGAATCC-1,-15.165647841935733,-2.8430399583476773
AATGAAGGTCCCAAAT-1,-12.634008493487585,-6.587153087190844
AATGAAGGTGCACAAG-1,-13.470397057682783,-1.6984380265950216
AATGAAGTCGGCTGTG-1,-16.196821131993577,0.3695344339803842
AATGACCGTACCTATG-1,-12.43374704952264,-6.711411149392067
AATGACCTCGCCTAGG-1,-14.617686474174489,-0.2865612581399361
AATGACCTCGTAACTG-1,-14.733525906521368,-0.9490226941184716
AATGCCAAGCGTCAGA-1,-16.951279383342516,1.3124741148465664
AATGCCACAAGACGAC-1,-11.020654388313895,-4.734003919933182
AATGCCACATGGTGGA-1,-16.00754588764534,0.08510250019831153
AATGCCATCAAGTAAG-1,-14.733694850942102,-2.328526534614471
AATGGAAAGGACGCTA-1,-11.583464195959841,-7.25888337157529
AATGGAAAGGTAAGGA-1,-12.107295129905145,-1.440313007581053
AATGGAACAACCGCTG-1,-16.023135816018705,-3.0916554024055003
AATGGAACAACTCCAA-1,-16.441094725244703,-0.5487112592806076
AATGGAACAAGAATAC-1,-11.776106034492008,-5.594860313936471
AATGGAAGTATCACGT-1,-16.710771688597585,-1.1834028184617484
AATGGAATCGCTTAAG-1,-14.35615723035114,1.348306318788451
AATGGCTAGAAACTAC-1,-10.963932366807912,-5.787182982098283
AATGGCTAGAGGACTC-1,-14.790202207353305,0.7404526461106237
AATGGCTAGGAAAGGT-1,-15.372051472672863,-0.22101442883912423
AATGGCTAGGAACGCT-1,-13.613555250108451,-1.003594263867018
AATGGCTCACTGAATC-1,-13.264297389698264,0.16269159908629538
AATGGCTGTGTGAATA-1,-15.034218772114059,-3.0496283318472233
AATGGCTTCGCTGACG-1,-15.407374172833626,-3.666855803204874
AATGGCTTCTCGGCTT-1,-12.765934668284203,-2.341982649115746
AATTCCTAGGATGCGT-1,-17.750088595394093,-2.735607379068586
AATTCCTCAGACTGCC-1,-16.955972628347663,0.5966071701845104
AATTCCTCAGTTCACA-1,-11.819908432723752,-5.719287273716285
AATTCCTCATTGGGAG-1,-10.992432071351756,-6.271649419166368
AATTCCTGTTTGGGAG-1,-16.678310586635885,-0.46974239351280417
AATTCCTTCGCGCCAA-1,-12.19700587288134,0.5482416190048387
AATTCCTTCTGTCAGA-1,-11.88860403771745,-5.063081703926691
AATTTCCAGAAACTCA-1,-12.953446574143625,0.5679761127036737
AATTTCCAGAGCATTA-1,-15.37924166148834,-1.5027895892454919
AATTTCCAGCCTATCA-1,-12.048437998777308,-0.07909227358825603
AATTTCCAGTGTTGTC-1,-15.56743295100114,1.3469440648027406
AATTTCCCAACGCATT-1,-12.912811462341462,-0.4825333284800178
AATTTCCGTATCGTGT-1,-15.731665011717439,-0.02693141749409448
AATTTCCTCCGTATGA-1,-12.147305588183903,0.8627697273350401
AATTTCCTCGTCTCAC-1,-15.618574280206985,-0.20978161946533164
AATTTCCTCTCTCGAC-1,-16.505922008019343,-0.7117762624059107
AATTTCCTCTGACCCT-1,-13.716171292078483,1.1190345966961426
AATTTCCTCTTAAGGC-1,-10.97014544745234,-5.9996483564392795
ACAAAGAAGTTATGGA-1,-16.884882711204458,-1.9399814002703601
ACAAAGACATGACGGA-1,-15.516079474124757,1.5500069062512416
ACAAAGATCACTCTTA-1,-14.660867057583761,-1.0494911009404317
ACAAAGATCATAGAGA-1,-12.478447916772346,-2.4454915813139193
ACAAAGATCGATACAC-1,-12.742870981276724,1.4009982699286083
ACAAAGATCGCAGTGC-1,-16.670731483265428,-0.08664476853642339
ACAACCAAGAGGCTGT-1,-17.358232745981486,-2.8329579282382586
ACAACCACAATAGTCC-1,-11.715457388882983,-4.449826923439075
ACAACCACACATAACC-1,-11.409421874963321,-5.402779639497093
ACAAGCTAGAGGCGGA-1,-16.46644420848675,-3.2474675343317063
ACAAGCTAGTTGGACG-1,-13.592378709332365,-0.303056285151785
ACAAGCTAGTTGGGAC-1,-14.30179618322831,-3.655244926692586
ACAAGCTCAATGTGGG-1,-13.601379832397228,-4.362016027339403
ACAAGCTTCAAACTGC-1,-14.675061387136063,-1.6752191830444665
ACAAGCTTCACCATAG-1,-15.366557069880184,-0.9367283443743069
ACAAGCTTCGGCCTTT-1,-17.447217081018135,0.5837436807370647
ACAAGCTTCTCCTGCA-1,-11.34217433203829,-4.510300890582877
ACACAGTAGGCGTCCT-1,-12.973079416543081,0.3683783983445591
ACACAGTAGGGACACT-1,-13.074017600620301,0.07771853354995265
ACACAGTAGGGCTGAT-1,-15.868007789238899,1.1873892137528603
ACACAGTAGGTAAGAG-1,-14.170459953063075,1.9743712134337015
ACACAGTAGTTCCGGC-1,-14.502059395864121,2.0519750617629873
ACACAGTCACTTGACA-1,-15.413293672438513,1.9532800208810397
ACACAGTTCCATTGCC-1,-12.670745175596881,-0.9833712700478895
ACACAGTTCTAGAGCT-1,-17.083044898920075,-1.6142883460816932
ACACCAAAGGGAGGCA-1,-18.091071942101248,0.09690790580769267
ACACCAAGTAGGTACG-1,-17.954926557526623,-1.1837676952202794
ACACCAATCCCTCAAC-1,-12.025961974809452,-5.379811031631451
ACACCAATCGTCCTTG-1,-12.653030773920761,-3.201816428659736
ACACGCGAGAGGCTGT-1,-17.099399824133272,1.3585122137584429
ACACGCGAGAGTTGCG-1,-11.76452695294572,-7.118309498108099
ACACGCGAGGAACTCG-1,-16.63545929230108,1.76044457519041
ACACGCGAGTAACCTC-1,-12.365203681070788,-4.770591075841202
ACACGCGCAAGCCATT-1,-16.67243993359216,-1.6961502003454385
ACACGCGTCGCCACTT-1,-14.918337501691278,-3.9394556605851028
ACACGCGTCTACTATC-1,-16.47441749505689,-0.7879612228917047
ACACTGACAACCGACC-1,-14.199705069551321,0.8756071079585657
ACACTGACATGTGCTA-1,-14.620249150405412,-3.554600343181901
ACACTGAGTCACATTG-1,-12.853247607352863,-0.6215890489570313
ACACTGATCAAGTGGG-1,-16.16787483321235,1.779434928967552
ACACTGATCGCCACTT-1,-12.317630300420744,-0.556781345990877
ACACTGATCGTCAGAT-1,-15.33738952414463,1.8446470156209442
ACAGAAAAGATAGCTA-1,-16.687407279888852,-2.537009818441342
ACAGAAAAGCGTGAGT-1,-16.12362535509265,0.2927042792406194
ACAGAAACACCTCGTT-1,-13.893222037964817,0.9793418292809788
ACAGAAAGTATTTCGG-1,-14.120674029805258,-0.16897382315979803
ACAGAAAGTCCAGGTC-1,-13.158403342195902,0.5549370359600382
ACAGAAAGTCGCCACA-1,-11.602572447817737,-6.498078161510224
ACAGAAAGTCTTTATC-1,-18.006001745743333,-0.9449191189220206
ACAGCCGAGCCAACCC-1,-13.598234513119033,-1.0793598328728646
ACAGCCGAGCTTGTTG-1,-14.970127795475838,-4.148865088402033
ACAGCCGAGTGCTCAT-1,-12.195110481164871,-6.2095247651376
ACAGCCGTCGCCACTT-1,-13.119149750226724,0.8745588013746043
ACAGCCGTCTATGCCC-1,-12.131503980910322,-4.714652127921493
ACAGCCGTCTCCTACG-1,-13.814061803172036,1.021700009768164
ACAGGGAAGATAGCTA-1,-17.341489114684727,-1.76474338847086
ACAGGGAAGCTAAGTA-1,-17.429023732786053,0.07664535706857269
ACAGGGAAGGAAAGGT-1,-17.48825975161068,-2.920554221195016
ACAGGGACACTATCCC-1,-14.387278912413665,1.69703921516658
ACAGGGACACTCTGCT-1,-13.351991313462241,-2.647226537046039
ACAGGGATCTAACGCA-1,-12.411783370446026,-6.538752275551372
ACAGGGATCTCTGCTG-1,-17.111294317716162,-1.6696080446448707
ACAGGGATCTGTAACG-1,-15.709720294119762,-0.5022353339243908
ACATCCCAGTGCACTT-1,-11.598115352111583,-4.11107987528966
ACATCCCCAAGAGAGA-1,-15.366745671859903,1.035819608743657
ACATCCCCATTGCTGA-1,-13.549317588516802,-0.31539629429846644
ACATCCCTCACTGCTC-1,-16.007460727798996,-0.4037088903836715
ACATCGAAGTACTGTC-1,-14.082150112517782,0.9558185847771595
ACATCGAGTAAGCGGT-1,-11.266351864635187,-7.44486901714475
ACATCGAGTAGTCACT-1,-12.375526243070528,-5.658410555680133
ACATCGAGTCAATCTG-1,-13.42889367781936,-0.6366569779946246
ACATCGAGTTATGGTC-1,-14.977991521747576,1.0343497728006128
ACATCGATCAGCGGAA-1,-16.01903217559242,-4.150892970786996
ACATCGATCTTGGATG-1,-13.067585479240726,0.2490476249772038
ACATGCAAGTTACGAA-1,-12.039981787821812,-6.436658913830478
ACATGCACAATTCACG-1,-15.924702846675023,-2.7613902192557167
ACATGCAGTTCCGCGA-1,-11.123446612366417,-5.9593659986686065
ACATGCAGTTGACTGT-1,-14.393958674528818,-1.1429240961856642
ACATGCATCTGTTGGA-1,-16.069696471463985,-0.09402561698653143
ACATTTCAGGTTAAAC-1,-17.119189800966122,1.7195365428402674
ACATTTCTCGCTGTCT-1,-14.121587840378842,2.1044272276552487
ACATTTCTCGGAACTT-1,-18.09122053477536,-0.7508181472927424
ACCAAACCACGAGGTA-1,-13.088734559817395,-0.2089200456681751
ACCAAACCACTGTGTA-1,-15.547762421811795,-3.8687549940904113
ACCAAACGTAGTTCCA-1,-16.402938471176615,-0.6484143477675272
ACCAAACGTCTTACAG-1,-16.261189996932774,-0.43685922310341374
ACCAAACGTTGGAGAC-1,-11.944464321827295,-5.573462737778963
ACCAAACTCGCCTTTG-1,-12.588991716356336,-6.28503230563186
ACCAACAAGACAACTA-1,-11.974357571231657,-1.4199908131335008
ACCAACAAGTCCTGCG-1,-17.439775165808523,-0.9961010982914474
ACCAACACAGAACTTC-1,-11.956159746791561,-1.8007107954863608
ACCAACAGTATTGGCT-1,-11.855905894956708,-5.727551853683143
ACCACAAAGTTGAATG-1,-12.515433774438616,0.8269863182835857
ACCACAACAAGTCGTT-1,-16.920234926905305,-0.22278034476125005
ACCACAACACCATATG-1,-13.587704428996489,-3.0356323371847855
ACCACAAGTGTCGCTG-1,-15.017103699613887,1.475987863248941
ACCACAATCTATTGTC-1,-13.83112012957723,-2.3918415411703546
ACCATTTAGAGGGTGG-1,-15.205424299947774,-1.724802136024374
ACCATTTCATTCACAG-1,-11.34714242454882,-6.97773119518822
ACCATTTGTATTGACC-1,-12.284026363859185,0.7572494846632374
ACCATTTGTCAGACTT-1,-11.878912150962385,-6.825357066603196
ACCATTTGTCCTTGTC-1,-12.13951344060593,-0.9158820853344157
ACCATTTGTGCATTTG-1,-12.729031788997606,-1.8571569016266378
ACCATTTTCGGTGTAT-1,-13.213092012392496,-6.447600612121907
ACCATTTTCTCTAGGA-1,-12.8961265501207,-6.7368452753322146
ACCCAAAAGCTGTGCC-1,-12.828001396907217,-5.995609126682907
ACCCAAACAGTCTTCC-1,-11.110805752816185,-4.568092865385022
ACCCAAAGTCTTGTCC-1,-17.2215770649973,0.6226788726681588
ACCCAAATCTCCAAGA-1,-14.205093784493036,-0.5592615875150606
ACCCTCAAGAAGGTAG-1,-15.532558614666826,2.1167728698454593
ACCCTCAAGCGTCGAA-1,-17.60987718465739,-1.2155404770855167
ACCCTCAAGGTTACAA-1,-15.826830391298504,1.3929995005088869
ACCCTCAGTATCGCGC-1,-14.655908413925278,1.5708153770731543
ACCCTCATCAAGCTGT-1,-14.035869266733346,-3.7556608750634073
ACCCTTGAGCTCATAC-1,-15.768204572501311,-0.01286832047917203
ACCCTTGAGTCCCGAC-1,-13.793109061170966,-3.980409287208603
ACCGTTCGTAGACAAT-1,-15.54438738383356,-0.08642018570305468
ACCGTTCGTTACAGCT-1,-14.415073818822648,-2.084989573475317
ACCTACCAGCGACTAG-1,-10.814940374212616,-5.908842487017802
ACCTACCAGGGTAGCT-1,-17.438802348943398,-0.5098025700588159
ACCTACCGTCGTTTCC-1,-13.568272073728194,-6.8282822093810935
ACCTACCGTTGCGGCT-1,-16.72843084119611,1.4980218268466858
ACCTACCTCAGCTGTA-1,-12.556186015620217,-2.7323946146409606
ACCTACCTCCGTGTAA-1,-12.834419280585863,0.7558439295459776
ACCTACCTCGTTCATT-1,-15.257578148703944,-1.353650301540101
ACCTACCTCTTTCGAT-1,-16.54382343108662,1.538579888420941
ACCTGAAAGCGACATG-1,-12.453480611172365,-7.662800534790128
ACCTGAACATGCAGGA-1,-15.081839772421416,-0.027180291860755493
ACCTGAAGTCGCACAC-1,-16.743053634111444,-2.9959298752481525
ACCTGAATCCTTTGAT-1,-12.61824849770837,-5.6812205969733185
ACCTGTCAGCACTGGA-1,-12.063400733135998,-7.665550779015267
ACCTGTCAGGATCATA-1,-16.205016287546286,0.13497122859997454
ACCTGTCCACTATCGA-1,-11.956988169157864,-5.477825463331487
ACCTGTCTCATGCCAA-1,-16.163189882467258,-1.8348055469717206
ACCTGTCTCCAGTTCC-1,-13.369190514028427,-2.1233415314535886
ACGATCAAGTACCCTA-1,-11.947602803741741,-7.423636579470737
ACGATCACATAGAAAC-1,-15.132534091723219,-3.8396053066592635
ACGATCATCATCCCGT-1,-15.317186550222296,-1.8896412920965795
ACGATGTAGTGCTACT-1,-15.67470393699944,1.6419951288269705
ACGATGTAGTTTGGCT-1,-18.21406585691775,0.4939226803477846
ACGATGTCAGATCATC-1,-17.15211650272889,-1.3132501098519869
ACGATGTGTATGGTTC-1,-12.172410110217825,-7.385505611001089
ACGATGTGTATTAAGG-1,-11.873299230416572,-0.9192312854775895
ACGATGTGTCGTGGTC-1,-11.448982028754699,-7.235356346450357
ACGATGTGTTCCAAAC-1,-13.871430130311078,-1.4305805025599254
ACGATGTTCTATACTC-1,-13.233061625912082,-3.4611665096822692
ACGATGTTCTGCTTAT-1,-16.82172841769015,0.3083819502189705
ACGCACGCAAGTTGGG-1,-12.881351722952424,0.9147928296346942
ACGCACGCACCGTCGA-1,-16.194619164511963,-0.5183252710731837
ACGCACGCAGAAATTG-1,-12.50172663596455,-1.9165991785438514
ACGCACGTCGTGCACG-1,-13.041010171353399,-6.1629759819759515
ACGCACGTCTCGACGG-1,-10.954710837989484,-4.790462914850567
ACGGAAGAGTCTAGAA-1,-18.200005419414033,-2.4416715492745347
ACGGAAGCAGTAACAA-1,-15.50526335427681,-2.93889013339772
ACGGAAGTCATCGGGC-1,-16.852070640452702,0.0464457621124214
ACGGAAGTCGAATGCT-1,-15.918756502505122,-2.4673227243073708
ACGGGTCGTATTGAGA-1,-16.20602632387208,-2.6601065320736073
ACGGGTCGTCAACATC-1,-16.67289922332371,0.5889423915387539
ACGGGTCGTGCACATT-1,-12.51154577399499,-6.7956275104566535
ACGGGTCGTGTTGATC-1,-18.298187317541302,-0.18720819938995814
ACGGGTCTCATTGAGC-1,-11.338873440672634,-6.194445457278664
ACGGTCGAGAGTCAGC-1,-14.948899967343579,0.8774469244494992
ACGGTCGAGATAGTCA-1,-15.895965269250869,-0.983442276714753
ACGGTCGAGATCACCT-1,-16.239627500181566,0.8848258355675327
ACGGTCGCACTCACTC-1,-14.067205651856893,-2.80888254385976
ACGGTCGCAGCTCATA-1,-17.798417919801373,0.4218108418132323
ACGGTCGGTGGACTAG-1,-17.674284623969175,-1.9060682330353
ACGGTCGTCGATACAC-1,-16.599777559314383,-0.22091143021872386
ACGGTCGTCGGTGCAC-1,-15.157403445125357,1.7811895809544736
ACGGTTAAGAGACAAG-1,-11.298549582568292,-6.420992969368552
ACGGTTACACTTACAG-1,-13.406784718069712,-1.6145826982929763
ACGGTTATCACGGACC-1,-13.56477309894737,1.3237261229789694
ACGGTTATCAGACATC-1,-17.018432974847585,-1.8343916810741514
ACGGTTATCAGTGTGT-1,-15.390498911928855,0.32812454830400517
ACGGTTATCTGTCGCT-1,-15.577220447589658,-0.00614768419125982
ACGTAACAGGTCCCTG-1,-13.535499841845825,-2.5427150501399143
ACGTAACAGTCTGGTT-1,-17.53585716766804,0.21619906281526463
ACGTAACCATATGGCT-1,-12.27835741299995,-5.448946416890591
ACGTAACCATGTGCTA-1,-12.713491794566782,-7.46243485961193
ACGTAACTCACCTTGC-1,-14.136387082502333,0.3804788022639327
ACGTAACTCAGACTGT-1,-12.117770906955274,-0.46130142208063385
ACGTACAAGCAGAAAG-1,-12.969825162329029,-0.8481665492162617
ACGTACAAGTTACGAA-1,-11.953763989619912,-6.693036832105153
ACGTACACACTAAACC-1,-13.542514130042308,-4.154231175301154
ACGTACAGTACGACTT-1,-17.049628227696115,0.8396937540492078
ACGTACATCAAAGGTA-1,-16.781235308540943,-0.1912936201106649
ACGTACATCCTACCGT-1,-12.423458378233686,-5.408929301567832
ACGTACATCCTCACTG-1,-16.202356134009133,0.9479603371956814
ACGTACATCGGCCCAA-1,-13.03982600242415,-6.823823491173387
ACGTAGTAGCAGGCTA-1,-17.133064069441037,-3.510834682852816
ACGTAGTAGGCCCGTT-1,-17.57194659538054,-2.1752107839584425
ACGTAGTAGGTCCTGC-1,-13.091523390301775,1.1593146525967597
ACGTAGTAGTCATGCT-1,-13.491741255695185,-1.4354291972831168
ACGTAGTCACTACCGG-1,-16.757977940819792,-1.929869659003657
ACGTAGTGTTAATGAG-1,-17.105461634504582,-1.0165751879274898
ACGTAGTTCTCCGCAT-1,-13.251152985122781,-2.492534933162815
ACGTCCTAGTCGAAGC-1,-13.127860212809315,-0.4395718992590317
ACGTCCTCAATGGCAG-1,-16.98213211886084,-0.027460218322255682
ACGTCCTCACCTATCC-1,-11.549126227834389,-4.832655875298369
ACGTCCTCAGTAGTGG-1,-17.880679523411164,-0.4590464562863235
ACGTCCTGTACGAGCA-1,-14.483291723171495,-0.5073583025251961
ACGTCCTGTATCAAGA-1,-18.029865336197687,-1.410792611482419
ACGTCCTGTCGTTCAA-1,-12.987308084175625,-7.109410556268152
ACGTCCTGTGAGTTGG-1,-12.961116390953178,-7.2480372222701615
ACGTTCCAGTACTCGT-1,-14.2340692517812,-3.0396421853098814
ACGTTCCAGTGGATAT-1,-17.41120028652911,-0.7780749750176486
ACGTTCCGTACGCGTC-1,-13.54414501524084,-6.227733293672853
ACGTTCCGTCGCACAC-1,-16.97294479704199,1.2998729272495477
ACGTTCCGTGGTTCTA-1,-16.990807791452085,-2.1518340184841347
ACGTTCCGTGTCGATT-1,-11.91997183962804,-5.36837112595461
ACGTTCCTCCTACACC-1,-15.250163708897182,-2.683346563860876
ACTACGAAGACTTAAG-1,-11.702506350298814,-6.887465299048097
ACTACGAAGAGGACTC-1,-15.64985384326441,1.545464723243051
ACTACGAAGGCTCAAG-1,-16.161812983519557,-1.081939531119396
ACTACGAGTCACAGTT-1,-13.999293237905315,-3.76558803073557
ACTACGAGTCTGTCCT-1,-13.577724275956166,0.38023995125221177
ACTACGAGTTGAGAGC-1,-14.146532573536383,0.6243863446207034
ACTACGATCGGCGATC-1,-18.321700025460633,-1.4192644089603825
ACTATCTAGCAGCCCT-1,-14.002073952194152,-3.061837277358615
ACTATCTCACGCTGCA-1,-13.704316655873045,-1.36181596694537
ACTATCTGTCAGTCTA-1,-14.378819588153277,-3.9821880959222837
ACTATCTTCAAGATAG-1,-11.32030542471053,-5.056922779773413
ACTATCTTCAATCTCT-1,-12.364087134984533,0.9588839935313769
ACTATCTTCCGCACTT-1,-12.41688553969722,1.1159507328249416
ACTATGGAGAATTGTG-1,-16.838628102148427,-2.07876667991586
ACTATGGCAAGCGATG-1,-16.978693705407586,0.8818421176075896
ACTATGGCAAGTGACG-1,-12.40306677361378,-7.342564480777709
ACTATGGCAGGGAGAG-1,-18.200413038713357,-0.26311082594784646
ACTATGGTCCTGATAG-1,-15.165549802777893,-3.7766254558776473
ACTATGGTCGTGCACG-1,-12.331545802855166,-6.982283756113336
ACTATGGTCTGTGTGA-1,-18.03191871314937,0.24720363710109786
ACTATTCAGCGAGGAG-1,-13.802794748069974,-2.7811357363568328
ACTATTCAGTAGTGCG-1,-17.395256056449778,1.5281060823143657
ACTATTCCAAACTCTG-1,-14.41964456235645,1.769890128652064
ACTATTCGTAGCTGAG-1,-14.71567279194062,-0.09630743563999541
ACTATTCGTTCCAGGC-1,-14.533662710986135,1.016735940667192
ACTATTCTCCATCGTC-1,-12.626053271475346,-4.1480552813387765
ACTATTCTCTTCGTAT-1,-13.515895086564553,-2.314065364147117
ACTCCCAAGCGCTGCT-1,-13.09716018455582,1.514754562933331
ACTCCCAAGCTTAAGA-1,-18.743702901928234,-1.1621773027904507
ACTCCCAAGGTAAAGG-1,-16.92773275466452,-0.3800765605745859
ACTCCCAAGGTAGTAT-1,-14.498171716118922,-2.6160399887161208
ACTCCCACAGGAGGTT-1,-18.564109755575917,-1.4578998190151218
ACTCCCAGTCGGCACT-1,-17.053256304799874,0.07058386841370054
ACTCCCAGTTCTTCAT-1,-15.162827690614074,-1.8116609670220218
ACTCCCATCAGTCTTT-1,-13.345049333994023,-2.370030499809734
ACTCTCGAGGTTCACT-1,-15.441401654374951,-1.7696285420934004
ACTCTCGCACACACTA-1,-10.909652097099315,-4.241559937675909
ACTCTCGCAGCAGTGA-1,-13.859176340241028,0.5164292333239223
ACTCTCGCAGTCAGTT-1,-15.746610797392666,-0.6915982401103142
ACTCTCGGTGTGTGGA-1,-15.615584987166544,1.2353135229918517
ACTCTCGGTTTGATCG-1,-15.966307441779483,1.684595999208686
ACTCTCGTCACTGATG-1,-12.422319221953945,-7.206543021839152
ACTCTCGTCATACAGC-1,-12.059272149295058,-6.7576245551049166
ACTCTCGTCTGGTGCG-1,-13.51104777572164,0.49925347015460536
ACTCTCGTCTTCCCAG-1,-13.69211399177529,-2.469941083088791
ACTGATGAGGCTCTAT-1,-15.55203361617918,-1.2770812901461739
ACTGATGAGTTTGCTG-1,-11.790939484203015,-5.9703036824249525
ACTGATGCATCCCACT-1,-11.04028584257351,-6.009338775390899
ACTGATGGTAATTGGA-1,-17.89729296222674,-2.4806176014480896
ACTGATGTCCTCACTG-1,-13.164819521994833,-2.296039120340661
ACTGATGTCCTCAGAA-1,-11.852039750937191,-4.965444157945181
ACTGATGTCGCCGAGT-1,-13.006617715681415,-3.0129256878832007
ACTGTCCAGAGCAGAA-1,-12.442294971851407,1.1740067714072056
ACTGTCCAGGATTTAG-1,-17.899835332010323,-1.4362006701265122
ACTGTCCCATTGACCA-1,-13.830860643780834,-3.9010063875835623
ACTGTCCGTAGAGATT-1,-14.377091928617382,2.23005086419032
ACTGTCCGTAGCGTTT-1,-12.699649411764165,-7.705101598035481
ACTGTCCGTCTCACAA-1,-11.27187870071166,-4.6749342281911686
ACTGTCCGTTTCACTT-1,-12.814114941741854,-1.4723197352597985
ACTGTCCTCCTCAGGG-1,-13.938037534633349,-3.984918023650423
ACTGTCCTCTCAACGA-1,-15.573960471825867,-0.12436698118502482
ACTGTGACAATACGCT-1,-13.730657341738214,-0.2878614325043914
ACTGTGAGTACTGAGG-1,-15.032652993781685,1.422088014157355
ACTGTGAGTAGGCAGT-1,-18.129800564812626,-1.0040428841883642
ACTGTGAGTGTTCGTA-1,-13.47733179523549,-6.97716229685165
ACTGTGAGTTATCCAG-1,-12.105047619874865,-5.7937172855041705
ACTGTGATCGCTGACG-1,-15.030301966005489,-1.1160620059878252
ACTTAGGAGCCTCAAT-1,-12.719675148538947,-3.320317117113502
ACTTAGGAGCGGACAT-1,-18.009373198147273,-0.36706240375640636
ACTTAGGAGTCTTCCC-1,-18.426265587271384,-0.9043113637669893
ACTTAGGCAGCAGTAG-1,-14.167368937226719,1.3787361610949347
ACTTAGGGTATACAGA-1,-13.857746817892439,0.7016239305715974
ACTTAGGGTGTCCAAT-1,-16.169081409722498,-0.3543923028504224
ACTTAGGGTGTGACCC-1,-18.264827963901787,-0.7180433740564832
ACTTAGGGTTGCGTAT-1,-13.630138810481515,-1.3504568014434881
ACTTAGGTCTTCCAGC-1,-16.227982221227172,0.6110444336482357
ACTTATCAGTGGTGGT-1,-12.064086818480645,-4.593272942016085
ACTTATCCACGACGAA-1,-15.292054356109812,-0.9698767058150203
ACTTATCCACTAACCA-1,-13.950796005434686,2.0853802261662526
ACTTATCCATACAGGG-1,-11.673224067953159,-6.099659638441832
ACTTATCGTTTGCAGT-1,-15.789585873713127,1.2172062482952462
ACTTATCTCGCTCATC-1,-12.482910850061105,-0.2250969347434949
ACTTATCTCGGACCAC-1,-13.507612734210822,-3.7126526543835308
ACTTCCGAGATAACAC-1,-11.080946250473936,-6.0912883974738845
ACTTCCGAGGAGATAG-1,-12.76103209586794,-7.474782979380095
ACTTCCGCATCGTGGC-1,-16.996044290438416,-1.5683741991982834
ACTTCCGGTGCAGGAT-1,-11.258879905632014,-6.678547849417795
ACTTCCGTCGAGCCTG-1,-13.229091612786346,-1.7434144799291658
ACTTCCGTCGCGTTTC-1,-12.777501411300383,-7.514316665932977
ACTTCCGTCGCTCCTA-1,-13.571102036823945,-0.8672291804246166
ACTTCCGTCGGCTGTG-1,-16.513819027870895,0.06490242234229397
ACTTCGCAGAACTCCT-1,-15.101354077308882,-0.5774672768108403
ACTTCGCAGTCTTCCC-1,-13.66496385755438,0.22586017990444174
ACTTCGCCACGACGTC-1,-11.94309333936326,0.7796083417615632
ACTTCGCCAGAGGACT-1,-15.97239819864333,-1.227105504378697
ACTTCGCGTACCAGAG-1,-14.378297768252306,2.1104294476349668
ACTTCGCGTACCGGCT-1,-14.563825720571018,2.200202343928547
ACTTCGCGTAGCACGA-1,-18.01344319176497,0.4352149005959736
ACTTCGCGTGAACTAA-1,-15.614202179699175,-1.3532133330339815
ACTTCGCGTGAGTAGC-1,-11.988517795842169,-7.605659978888915
ACTTTCAAGAGGTTAT-1,-12.594232620293486,-7.418024289598799
ACTTTCACACCTTCCA-1,-12.955617348718834,-0.38559375249385686
ACTTTCAGTGTACAGG-1,-12.502506877875675,-3.6898273382410958
ACTTTCAGTTCCGTTC-1,-13.550473146904864,-3.3674810500125636
ACTTTCATCACAAGGG-1,-14.872099709339704,0.725915308995984
ACTTTGTCAACTTCTT-1,-11.449542679585386,-4.150950864836899
ACTTTGTCATGACGAG-1,-13.819735757639585,0.9663068334542034
ACTTTGTGTATGTCAC-1,-14.945400237501865,1.1589256012611329
ACTTTGTGTGTTACTG-1,-12.387027902773731,0.8499479452643354
ACTTTGTTCAATCAGC-1,-12.203786271598174,-4.1447023795156115
ACTTTGTTCCGCTTAC-1,-13.931717294470275,0.38256067943635164
ACTTTGTTCTGCGTCT-1,-15.010347849675975,-1.3067920935334731
AGAAATGAGATGCGAC-1,-16.274614756427972,-1.2615385193296373
AGAAATGCAACACAGG-1,-15.41924439421073,1.3301779130837335
AGAAATGGTCACTCAA-1,-15.528146522647543,-0.833960282472402
AGAAATGGTCCCAAAT-1,-14.03276562715865,-2.528041044065101
AGAAATGGTCGACTGC-1,-11.601643734213203,-7.029270427579746
AGAAATGGTCTCAGAT-1,-15.192185132414156,0.9059026895351984
AGAAATGTCAAATAGG-1,-15.013070960100965,-3.2713599509179065
AGAAATGTCGTTCGCT-1,-15.422715256033365,-0.17125017527929476
AGAAATGTCTAGCCTC-1,-14.344672029386578,-3.9535149544489174
AGAACAAAGAACCGCA-1,-17.041918780558447,1.3567055126375422
AGAACAAGTAAGCAAT-1,-13.706200251907067,2.036573108637604
AGAACAAGTATTGAGA-1,-12.386003680506615,0.9666291037479697
AGAACAAGTCAGCTTA-1,-16.477283585950563,-1.9769965418697852
AGAACAAGTTGCATAC-1,-12.162749505839798,-7.6783693246451055
AGAACAATCCCGTTGT-1,-14.503904337048422,-2.083574831969025
AGAACAATCTCCTGAC-1,-15.1852645000394,-1.1215834421123778
AGAACCTAGAGGACTC-1,-13.85463631869586,-0.020605231875241412
AGAACCTGTGCATACT-1,-16.959139559057082,-2.1225475666366003
AGAACCTGTTGTGTTG-1,-14.331077032372448,-2.999200779816699
AGAACCTTCTCATGCC-1,-12.105096719550392,-5.129868200886709
AGAAGCGAGAAGTGTT-1,-16.54965307600422,1.580414316760302
AGAAGCGAGGCGATAC-1,-12.032599352894515,-5.885886889736538
AGAAGCGAGTAAGGGA-1,-14.902290087334205,1.2076581682775571
AGAAGCGCATGATAGA-1,-16.61764496877386,-0.7003657112643968
AGAAGCGGTGAGGAAA-1,-17.284160293822705,-1.3982042433702049
AGAAGTAAGCAGCACA-1,-17.210570226846496,-0.0032528584215844
AGAAGTACAAGAAATC-1,-12.298711444794995,-6.445727929960959
AGAAGTACACAAGCCC-1,-14.563362487670634,-3.4010187502156075
AGAAGTACACCTTCCA-1,-12.239847122589548,-6.513335913534393
AGAAGTAGTGATCATC-1,-11.517742961120607,-6.861912242422802
AGAAGTATCAGACCCG-1,-12.62879549793009,-7.0246968018813085
AGAAGTATCTGAGCAT-1,-16.91841104550143,-0.3317643970386173
AGACAAAAGTAATCCC-1,-16.451824161685067,-1.9871981192482104
AGACAAACAGTTGTTG-1,-15.26478307371815,-2.349598993178757
AGACAAAGTACGACAG-1,-11.980810357723756,-4.839167303609045
AGACAAAGTGGGTTGA-1,-17.493041167073297,0.716918124256137
AGACAAATCTATGCCC-1,-11.06474386713007,-4.860470937088064
AGACACTAGCGACTGA-1,-14.06156389350227,-1.5775230282094628
AGACACTAGCTCGCAC-1,-13.742029374752116,-1.3379286398116053
AGACACTCAATAGTAG-1,-15.492526361837765,-2.048871339956385
AGACACTGTAACATAG-1,-15.40789574550782,2.0167402275106414
AGACACTGTATTCCTT-1,-12.537535425190725,0.33520960466800187
AGACACTGTGGCAACA-1,-12.105294701335653,-6.5478174202601505
AGACACTTCCCTATTA-1,-12.904963759203937,-1.5581537238546155
AGACAGGGTGGTCTCG-1,-13.402154400237725,-0.7690608710237057
AGACAGGGTTCCACAA-1,-13.573486005942511,-2.832454694888636
AGACCATCATCATTTC-1,-12.478373876918669,1.350073816993334
AGACCATCATTGCAAC-1,-12.744253208847335,-3.764742403363312
AGACCATGTATTGACC-1,-12.594846494684523,1.417732799025807
AGACCATTCCTCACCA-1,-12.369231487967786,0.9879918010527529
AGACCATTCGCCGTGA-1,-15.875915766833913,-0.7916031281979276
AGACCCGAGCACTGGA-1,-12.516113363688655,-3.367918897699496
AGACCCGAGCGATGCA-1,-10.8653773665665,-5.662057639433519
AGACCCGAGTAACGTA-1,-13.273990232569547,-2.729205260289476
AGACCCGCACGTTCGG-1,-15.327262025509254,1.5629102988652375
AGACCCGGTGCAAGAC-1,-13.450430286835491,-1.9120449533218769
AGACCCGTCATCTATC-1,-16.249556179953633,0.9379162275172701
AGACCCGTCCCTCGAT-1,-13.983714549007535,-2.3588581844890038
AGACTCAAGACGCCAA-1,-16.255520643288804,-3.6441435926672443
AGACTCAAGAGAAGGT-1,-12.923064055991626,-6.520055035343277
AGACTCAAGCTGTCCG-1,-15.717630589618592,-0.1349465812860028
AGACTCAGTAGTCTTG-1,-16.084367404069454,0.7873232023758175
AGACTCAGTTAATCGC-1,-14.972748683196066,0.6470041118238851
AGACTCAGTTACCTGA-1,-10.866514446431463,-5.934327127304157
AGACTCAGTTGGGTTT-1,-17.191976332338157,0.5532456575523145
AGACTCATCGGTGTTA-1,-12.93803980178049,-6.65860927952754
AGAGAATAGAGAATCT-1,-16.880656468848112,-0.04750035962976307
AGAGAATCATTCAGGT-1,-17.569042852915448,-0.8569912171423971
AGAGAATTCCGATAAC-1,-16.133763076967718,-0.022065514763505652
AGAGAGCCACCAGTTA-1,-16.83192634594856,0.6878415234276382
AGAGAGCGTAGGGAGG-1,-11.853219983864143,-7.605018619993752
AGAGAGCTCATGCGGC-1,-15.308598295585334,-2.061629821786995
AGAGCAGAGATTGACA-1,-17.42912336452755,0.02916891089722671
AGAGCAGCATCGCTGG-1,-17.157235656132638,-2.863953951485256
AGAGCAGGTCGCAACC-1,-16.145019574473057,-3.444446480563366
AGAGCAGTCAGTGGGA-1,-16.760047090580027,1.8764655874654357
AGAGCCCAGATACTGA-1,-16.61055463580626,1.3693903658953293
AGAGCCCCACAGTCCG-1,-16.604276101986766,1.0534507844682632
AGAGCCCGTTCAGCTA-1,-18.418003985864114,-0.8005677000028196
AGAGCCCTCCACTGGG-1,-17.607691037492483,-1.8135613688436543
AGAGCCCTCGGACGTC-1,-12.06874766432134,-0.18807839348570882
AGAGCCCTCGTCACCT-1,-15.55480532099187,-2.2383531617924115
AGAGCCCTCTCATTAC-1,-12.325411726397098,-6.638753781446448
AGATAGAAGTATTAGG-1,-17.75717697606748,-1.256246240527775
AGATAGACACGTCGGT-1,-15.930820240553103,-2.4311942499012744
AGATAGACATGCAGGA-1,-12.901558651582883,-4.648748421347855
AGATCCACAACCAGAG-1,-16.692222787981557,-2.321189455928691
AGATCCACAGGGACTA-1,-13.903801033898754,-2.6766197992973253
AGATCCAGTTACGATC-1,-16.108494134502134,-1.3651427104553213
AGATCCAGTTGAAGTA-1,-13.725625928377772,0.14510714129295696
AGATCGTCAGGTCTCG-1,-15.486298236104732,1.3415251542203834
AGATCGTGTGGGAGAG-1,-17.559276707665855,-2.352990307953108
AGATCGTGTTTCCATT-1,-17.927173808782214,0.5904888814541724
AGATCGTTCCTTTGAT-1,-13.444738711101824,-2.578608525016234
AGATGAAGTGGTCCGT-1,-15.923710333519686,1.9869032671415496
AGATGAATCCAACCGG-1,-13.436801776456411,-1.3517391073182337
AGATGCTAGCAAACAT-1,-14.178843345167289,-1.7191180897483587
AGATGCTCAAGGGCAT-1,-15.310481993360195,-4.226789742691971
AGATGCTCATGATCTG-1,-11.803908608878562,-6.557922568996186
AGATGCTGTAGGCTCC-1,-11.804513672569465,-5.479419046819892
AGATGCTGTCATAACC-1,-12.836055482637537,-1.7913641594663319
AGATGCTGTGGTTTGT-1,-15.60317011641352,-4.1078325471336665
AGATGCTGTTATCCAG-1,-16.50336743546458,-1.9030141108081562
AGATGCTTCACTTGGA-1,-15.620729600192858,2.06015813456672
AGATGCTTCAGGGTAG-1,-16.19801532870884,-0.9135456636097655
AGCATCAAGATTGCGG-1,-11.70850969858138,-7.290507028917938
AGCATCAGTACGCTAT-1,-12.282433666831587,-5.9955913008754305
AGCATCATCAAGGTGG-1,-12.183204438954856,0.4535452649471574
AGCATCATCCAGTGCG-1,-16.45478528517351,-0.04641021536724912
AGCCAATAGACTTAAG-1,-12.07162395567027,-0.7713650155500735
AGCCAATCACTGGAAG-1,-17.429874625336964,-0.353364348066651
AGCCAATCAGTGACCC-1,-16.406900550720266,-0.764369488935403
AGCCAATTCGCAAGAG-1,-14.752520556565564,-3.3928091337039943
AGCCACGCACAAATGA-1,-13.183150681050124,-2.1874940435335164
AGCCACGGTTGTGTAC-1,-17.604973046487125,-1.20200901168486
AGCCAGCAGCGAGGAG-1,-17.27576804615741,-2.6236024926132178
AGCCAGCCAATGCAGG-1,-12.01338580233805,0.8132680768043345
AGCCAGCCAGCAATTC-1,-14.40763098922362,-0.5261072527081513
AGCCAGCCAGCCATTA-1,-14.071258093849833,-0.25277712094317256
AGCCAGCGTTGCCATA-1,-13.743565033296525,0.21452631042005738
AGCCAGCTCCCGTGAG-1,-14.101015387131225,-0.7082015584058766
AGCCAGCTCTGTACAG-1,-14.866595178358812,-4.036371182012425
AGCGATTAGATTGCGG-1,-17.01573066672541,-3.2872604654197115
AGCGATTAGGTTCTTG-1,-13.629658136602863,1.7004869167162837
AGCGATTAGGTTGACG-1,-18.399005522412303,-1.035893997534119
AGCGATTCACTGCATA-1,-18.143391131351912,-1.209122571353746
AGCGATTCATGGCTAT-1,-17.635604575841914,-1.3814885958533978
AGCGATTGTCTAGTGT-1,-17.512326672523745,-2.529299989422543
AGCGATTGTGTCTTAG-1,-16.84509042334979,-2.704464127370022
AGCGATTTCCAGCTCT-1,-16.574966518213447,-2.57628391244283
AGCGCCAAGGTCGTAG-1,-12.33350171902371,-7.221691273461232
AGCGCCAAGTCATCCA-1,-11.938711655301265,-2.211258892162772
AGCGCCACATCCGCGA-1,-13.699643572301262,-3.8823429444237743
AGCGCCATCGTGCACG-1,-14.252284357827126,-1.5020716316245937
AGCGCCATCTATTTCG-1,-12.105877993350347,0.24957428167310702
AGCGCCATCTCTCGAC-1,-12.992806439461422,-3.5428181327499284
AGCGCTGAGATGATTG-1,-15.865610229554761,-1.5441783538954572
AGCGCTGCAACTCCCT-1,-14.945163300352899,0.0640003832663237
AGCGCTGCAATGGGTG-1,-12.999670796303512,-2.1603883319483925
AGCGCTGGTCTTAGTG-1,-15.112484615891526,0.3211237206861247
AGCGCTGTCGGTTAGT-1,-17.783402843405014,-0.8574255974882661
AGCGTATAGAATCCCT-1,-15.154121561674264,-3.6171796444757685
AGCGTATAGAGCCCAA-1,-12.928648429628604,-5.64430494019434
AGCGTATAGCACTCCG-1,-11.629176153478914,-6.8452204471566676
AGCGTATAGCGACATG-1,-16.74293357427904,0.43614480539922396
AGCGTATAGGGAGGGT-1,-15.267631342391635,-2.793713119902419
AGCGTATGTCATATGC-1,-15.720792747689872,1.8715922905132405
AGCGTATTCCGTAGGC-1,-16.763218421195766,-1.1681461804666238
AGCGTATTCGTTGTAG-1,-14.04803070998203,-1.9837855434814238
AGCGTATTCGTTGTGA-1,-16.334140859396264,-0.4639177011697796
AGCGTCGAGGGCCAAT-1,-17.569814436529423,-1.28422000642703
AGCGTCGCACTGTCGG-1,-12.417059838133092,-7.68001441819743
AGCGTCGGTTCCTACC-1,-17.700372728642833,-1.6439611985871436
AGCGTCGGTTTACTGG-1,-13.063828296143116,-6.799718398608255
AGCTACAAGGTGGGTT-1,-18.564968311901335,-1.3746468792312563
AGCTACAAGTAACCGG-1,-10.75200081849205,-6.132546465716313
AGCTACACACAAGCTT-1,-12.076986879181499,0.7662194684114673
AGCTACACAGCAGAAC-1,-13.95363389519594,-3.7267905994033823
AGCTACAGTATCGATC-1,-13.416645886689174,0.6654401566982289
AGCTACATCTCTCAAT-1,-13.50167433165785,1.2826707432501616
AGCTCAAGTAAGGCCA-1,-13.807444811033756,1.4156134819349464
AGCTCAATCATCAGTG-1,-17.71535442960297,-0.19318929966275145
AGCTCAATCGTTGCCT-1,-12.716312302598165,-6.366874845580792
AGCTCAATCTCCGAGG-1,-11.387394944093437,-4.755520284271574
AGCTTCCAGAAATCCA-1,-12.92730934652668,-1.6411360036914802
AGCTTCCAGGTATTGA-1,-17.704281167460717,-1.156443780430407
AGCTTCCGTCGTGCCA-1,-14.437501837604367,-3.885426061577076
AGCTTCCGTTGATGTC-1,-13.913124731686066,1.2724596599736073
AGCTTCCGTTGTTGAC-1,-11.282294106606852,-7.019289779209931
AGCTTCCTCCAGTTCC-1,-13.967869678384277,0.04095578820763962
AGCTTCCTCTTAGTTC-1,-14.298177631095026,-3.471783938356534
AGGAAATTCAGGTAAA-1,-14.857703986061269,-3.178944049732229
AGGAATAAGCTTCATG-1,-12.061772339022156,-5.542239260557772
AGGAATAAGTTGTAAG-1,-16.45123697958251,1.5780444567833536
AGGAATAAGTTGTAGA-1,-17.627906890663965,0.9912349380680606
AGGAATACAAATGAAC-1,-16.30240129653093,-1.6443873188784872
AGGAATACAACATCGT-1,-14.364974472563079,-2.907938649270338
AGGAATACAACTGCCG-1,-12.286430537116159,-6.253486705795079
AGGAATACAGGACGAT-1,-11.644583115158758,-5.849348000426108
AGGAATACAGTATGAA-1,-15.939328201245518,-3.439969999181493
AGGAATACATCTTTCA-1,-15.40294587779126,0.5959383650130771
AGGAATACATGTCAGT-1,-13.580486880913417,0.9984085695300243
AGGAATAGTATACCTG-1,-15.132958777671385,0.12772988820780923
AGGAATAGTGCTGTCG-1,-16.80674676849641,1.4317695638387007
AGGAATATCCACACCT-1,-13.558476845775147,-0.46781623931802035
AGGAATATCGTAACAC-1,-16.941856250274203,-3.2496470483612887
AGGACGAAGAACCGCA-1,-12.558952130481295,-7.038892184661508
AGGACGAAGGTACATA-1,-12.611642986087372,1.6249181407311692
AGGACGACACACCTTC-1,-13.933358874684723,-0.32519354703712894
AGGACGACACGCTGAC-1,-14.83636600411513,-2.2847057187077286
AGGACGAGTAGATCCT-1,-14.89973031312027,-2.745869233138103
AGGACGAGTAGCCCTG-1,-12.03238203109369,-0.5489935648906087
AGGACTTAGTACAGCG-1,-14.218028095198012,1.538028607250377
AGGACTTCACCCTTGT-1,-16.300252368655215,-1.9136482843168028
AGGACTTCAGACGGAT-1,-17.77454517245656,-0.7735219568217558
AGGACTTCAGTTTCAG-1,-17.795867695010777,-1.4888085553777344
AGGACTTGTCTCAGGC-1,-13.16374725480929,0.2495920363306615
AGGACTTTCAAGAGTA-1,-16.185234736436183,-2.068820710398228
AGGACTTTCCCAATAG-1,-14.214148979402706,0.013175040479731179
AGGACTTTCGAGAGAC-1,-14.9572015716997,-3.4673583448618968
AGGAGGTAGCCTTCTC-1,-16.064032662449478,-1.5680839490414555
AGGAGGTAGTCCCAGC-1,-14.359054525484947,1.8261531888024265
AGGAGGTCAAGTAGTA-1,-13.064756633815492,1.5988974402646785
AGGAGGTCACCTGCGA-1,-14.400008027091163,-3.520370631567856
AGGAGGTCACTCCCTA-1,-14.635146503948945,1.1943538965476297
AGGAGGTCATTGGGAG-1,-12.63577927418785,-7.509989323137404
AGGAGGTGTGTTCGTA-1,-18.327916988718066,-0.47878894526596444
AGGAGGTGTTTGGAAA-1,-17.467482717720078,0.05650607231253784
AGGATAAAGAAACACT-1,-11.314814619664284,-6.181942607439591
AGGATAAAGGTAATCA-1,-17.925298236743192,-1.6443615933891975
AGGATAACAAGACAAT-1,-11.752678130860563,-5.511737447747778
AGGATAATCAGACTGT-1,-15.843147964527295,-0.7157614214797111
AGGATAATCTGGACTA-1,-13.521278676301147,-1.9004879946795046
AGGATCTAGTTGCCTA-1,-15.447048862189332,1.6075646086278872
AGGATCTGTCGTTTCC-1,-16.432104889703467,0.49869364274524347
AGGATCTGTTCCCAAA-1,-17.02511063526659,-1.3981410429062109
AGGATCTGTTGTGCAT-1,-15.443857369312768,-0.11546767231644585
AGGATCTGTTTCTTAC-1,-14.712359933536938,-2.082653234495784
AGGATCTGTTTGAAAG-1,-12.684988569956959,-7.573081490132739
AGGATCTTCACCCTTG-1,-12.051172981437567,-0.1764290689395549
AGGATCTTCCGAGCTG-1,-17.272889970649143,-1.52548152563257
AGGCATTAGAGAATCT-1,-15.860522716746805,-3.735510004385829
AGGCATTAGTAGGATT-1,-15.55162050613252,-2.4504891231530648
AGGCATTCAGGCTACC-1,-12.597500874813132,-5.464910605472259
AGGCATTCATGATAGA-1,-14.847941892405588,0.2536396899938261
AGGCATTGTACTGAGG-1,-18.13905561783798,-0.055940063086042276
AGGCATTGTAGGGAGG-1,-18.431984404184806,-0.2456511677567454
AGGCATTGTATGTCCA-1,-11.986761701931517,-7.778018601544312
AGGCATTGTTACCTTT-1,-18.766165089986583,-1.6425678821075806
AGGCATTGTTGCATTG-1,-16.326390785079735,-1.2847557073581874
AGGCATTTCCAAACCA-1,-14.838206882745567,1.5908541263316773
AGGCATTTCGGCATCG-1,-15.92510111827604,1.126770981363712
AGGCCACAGAAGCGCT-1,-17.571183109078284,-0.5841062454032312
AGGCCACCAAGATGTA-1,-14.825300792157389,-0.9490875482776703
AGGCCACCAGTATACC-1,-13.908362223304891,-0.40783338246113193
AGGCCACGTTAAGAAC-1,-15.285927581785664,-2.3005448032993754
AGGCCACTCCTTATCA-1,-15.553295391086605,-3.6947986265728274
AGGCTGCAGACGCCAA-1,-13.092002666624957,-6.701764211454628
AGGCTGCAGGACTTCT-1,-16.636280475031167,-0.8738565165692302
AGGCTGCAGTCGCCCA-1,-17.785041544021123,-1.1731277352558238
AGGCTGCCAAGAAATC-1,-11.882899793931982,-1.307527422614228
AGGCTGCGTAGATCGG-1,-18.404343078515687,-0.6051198103248139
AGGCTGCGTATACCCA-1,-17.993525074474856,-1.2829133544868871
AGGCTGCGTGGACTGA-1,-16.848828882242685,0.8569883693606027
AGGCTGCGTTCTAACG-1,-14.022058725197002,-1.578316936549324
AGGCTGCTCAGACTGT-1,-11.450486347718456,-6.347229225045375
AGGCTGCTCCCTTGGT-1,-14.280419694441509,-3.0943491258785034
AGGCTGCTCTCTGGTC-1,-13.680724611347603,-0.5377185112895526
AGGGAGTTCAGATGCT-1,-17.709652421212375,1.1544561855427606
AGGGAGTTCGGCGATC-1,-14.91770653582026,0.8203942307411873
AGGGCCTGTATCACCA-1,-17.956005839463433,-1.7466701074612059
AGGGCCTTCCTTGACC-1,-15.731818862532462,-1.3973260672871548
AGGGCTCAGCCGTAAG-1,-14.19209565430625,2.0249436297086283
AGGGCTCCACCGCTAG-1,-15.991190903209068,2.130558402188127
AGGGCTCGTATCGCTA-1,-18.225338026125645,-2.2457459564095648
AGGGCTCGTGGTTCTA-1,-15.381902932253265,0.22268498888324276
AGGGCTCTCATACGGT-1,-14.965091212735118,1.0318273497510262
AGGGCTCTCCGATAAC-1,-16.825323181235955,0.2086179873351964
AGGGCTCTCGACGTCG-1,-17.26124112714706,0.6387071637849974
AGGGTCCAGTGTAGTA-1,-15.854596476564842,1.8936668506968497
AGGGTCCTCATTTCGT-1,-12.58432263475135,-1.2285323328812623
AGGGTGAAGAATCCCT-1,-15.721294109250547,-0.26242698020593946
AGGGTGACATGTTCAG-1,-15.194149497859222,1.7485409580685831
AGGGTGAGTAACAGGC-1,-15.119667295181308,-3.9426799138395796
AGGGTGAGTAGAATAC-1,-16.64973989526939,-3.362898741311419
AGGGTGAGTTCGCGTG-1,-11.76380868755017,-6.153347421175445
AGGGTGATCGATCCCT-1,-15.345040228066507,-2.330973002566303
AGGGTTTAGGAACTCG-1,-16.064683996721495,-0.1040246209336612
AGGGTTTCATTGAAGA-1,-11.493080600374086,-7.037018689365226
AGGGTTTTCATGCAGT-1,-14.358883391547407,-1.1687727731026634
AGGTAGGAGATGAAGG-1,-12.876862636885257,-7.215432667517699
AGGTAGGAGGCACCAA-1,-17.553475643086323,0.960561269067007
AGGTAGGAGTGTTGAA-1,-16.197986216611014,-2.9231199769633944
AGGTAGGCACATACGT-1,-15.887319273882854,0.24235650252947585
AGGTAGGCAGTTAGGG-1,-18.264918656030435,-1.7420318911217638
AGGTAGGGTCTGGTTA-1,-12.701908850937333,-7.573941714749358
AGGTAGGGTGGAACCA-1,-14.22812281671459,1.5384940010302632
AGGTAGGGTTGTGGAG-1,-16.084496917982506,0.9071520039285301
AGGTCATAGCGTCGAA-1,-13.755967040010725,-6.353986381956814
AGGTCATAGTCGGCCT-1,-17.399658530956092,0.012201724308725506
AGGTCATCAGCAGAAC-1,-13.345120941759852,-3.1056561386002697
AGGTCATGTATGAGAT-1,-16.693454691678692,-0.6135287602216032
AGGTCATGTTGTAAAG-1,-15.763140222639576,0.05122936308080005
AGGTCTAAGGATGCGT-1,-16.951333812450113,-1.973840937007376
AGGTCTAGTCAATGGG-1,-15.231834791420876,-3.503049636847007
AGGTCTAGTCTTCGAA-1,-13.062060199495745,-0.6169675269977926
AGGTCTATCCCTTGTG-1,-15.555708943034007,0.6901078446257422
AGGTCTATCGTAGTGT-1,-12.419552908588424,-7.089427963637109
AGGTCTATCTTTGCGC-1,-12.149610283251596,-6.072385055525473
AGGTGTTAGATGCTTC-1,-13.478761768552298,-2.382146777687217
AGGTGTTAGTCTTCGA-1,-12.719098069130787,-2.3599859441561577
AGGTGTTCACTACACA-1,-15.866263830495061,-3.199463329135702
AGGTGTTGTCTTTCTA-1,-14.482001786868167,-1.5218864386930286
AGGTGTTGTTCTCCTG-1,-16.799866726533317,-1.3041398369984567
AGGTGTTGTTGGGAAC-1,-15.058605072886905,-0.26318201630410554
AGGTTACGTAACACCT-1,-14.621525429945413,1.5835531754847483
AGGTTACGTACCATAC-1,-14.379734121775792,-3.74161978184101
AGGTTACGTAGATCGG-1,-18.329596219562937,-1.3196596244309815
AGGTTACGTTCAAGGG-1,-12.769596636227089,-6.708663384801289
AGGTTACTCATTTGTC-1,-17.011344991153347,-0.9645171769656515
AGGTTACTCGTGACTA-1,-12.351478798624711,-5.629830830849975
AGGTTACTCTGATGGT-1,-12.691429653577812,-7.038793140153362
AGGTTGTAGAAGTCCG-1,-16.45464714120525,-1.1583711026250296
AGGTTGTAGTCTCCTC-1,-14.712804774581576,-3.8624974611657468
AGGTTGTAGTCTGCGC-1,-14.852401082199416,-2.440192325693608
AGGTTGTGTCGTGGTC-1,-17.29905628606393,-1.5755549567641938
AGGTTGTGTGTTTCTT-1,-15.965062696228726,-2.2740138911200063
AGGTTGTTCACACCCT-1,-18.11624361059256,0.23728210282476617
AGTAACCAGACAACAT-1,-15.363795009014243,1.4295190376401572
AGTAACCCAATAGAGT-1,-17.77769426972095,0.22728297019862728
AGTAACCCAGCTGCCA-1,-17.057069226799417,-1.256904523297893
AGTAACCTCTATTTCG-1,-18.325605817282256,-1.7469123302810772
AGTAACCTCTTAAGGC-1,-15.89856107193848,0.8128675943437514
AGTACCAAGCACCAGA-1,-13.067755715287968,-3.801355745730055
AGTACCACAACGACAG-1,-13.746687363788782,-1.4017288730774002
AGTACCACAAGGTTGG-1,-11.424329931581653,-6.121305562210089
AGTACCAGTGCACAAG-1,-16.49128780891579,2.064154269295934
AGTACCAGTGGAATGC-1,-15.577324162567852,0.5401988818154093
AGTACTGAGCGAACTG-1,-15.116835426179568,1.3448605954358934
AGTACTGAGGTTGAGC-1,-11.827049881622928,-7.301285255517368
AGTACTGAGTAGAGTT-1,-13.445395504416359,1.7408832510010237
AGTACTGTCATTATCC-1,-16.1605454512813,1.7496129989553948
AGTACTGTCTGGGATT-1,-17.892405402056102,0.39461163220643686
AGTACTGTCTTCGTAT-1,-11.73838684150229,-0.36893463166253193
AGTACTGTCTTGGCTC-1,-14.363518317037924,-3.594697964223319
AGTAGCTAGCGTACAG-1,-13.023717961934906,-4.026713835351461
AGTAGCTAGGTAAGGA-1,-12.309381608057139,-7.5857578136874215
AGTAGCTCAGAGAATT-1,-17.188428289671236,-1.96213068120897
AGTAGCTCATTGAGCT-1,-16.44181395708045,-2.243859913634073
AGTAGCTTCAACCCGG-1,-13.157226892541667,-3.94699983181434
AGTAGCTTCACCTACC-1,-13.074214509574297,-6.851495756798094
AGTAGCTTCCCATTCG-1,-15.808513773152635,-1.5030764747734942
AGTAGTCAGACTGGGT-1,-12.713791636844523,-6.303574296734549
AGTAGTCAGCTAAATG-1,-14.990161843010252,1.456007914851201
AGTAGTCAGCTACTAC-1,-13.740418637333686,0.5119650193790303
AGTAGTCAGTTAACAG-1,-13.60686370008766,-6.026037980808418
AGTAGTCGTCGACGCT-1,-17.055412503650523,-3.1727003575453296
AGTAGTCGTGTATACC-1,-14.598943594590883,-3.6875062730125476
AGTAGTCGTTGCATTG-1,-15.45382966770165,0.23681256214277868
AGTCAACAGACATGCG-1,-13.227557716419122,1.6036774873659585
AGTCAACAGGCGTTAG-1,-18.41580523636642,-0.6682773873168171
AGTCAACAGGTACATA-1,-13.275975280524671,-3.1103695528551474
AGTCAACAGTAATTGG-1,-15.813782300469075,-0.6031564212450831
AGTCAACGTATAGCTC-1,-15.987799894969555,-0.7158583974163394
AGTCAACGTTACGGAG-1,-15.204825540155941,-2.628026580394909
AGTCAACTCCCTGGTT-1,-14.071949726589525,-3.6042971065189846
AGTCACAAGAACAAGG-1,-17.010804294769414,0.24541706451547535
AGTCACAAGCCATGCC-1,-14.405918329165743,1.4208607225861276
AGTCACAGTACCATAC-1,-11.102189291763722,-6.334556419113731
AGTCACAGTTCTTGTT-1,-13.227458928015459,0.3707058917520442
AGTCACATCGGCTTCT-1,-17.19484397160619,-0.45014458092928367
AGTCATGAGGAAGTCC-1,-16.291592083134542,1.7455958540859202
AGTCATGAGTAGAATC-1,-13.493565463149752,0.657380050403181
AGTCATGGTGAATAAC-1,-16.176363149264567,-0.599906484894988
AGTCATGTCTCCGTGT-1,-12.62686148045889,-6.248935443439061
AGTCTCCAGCTGTTCA-1,-13.825140748964078,-3.4269079923688537
AGTCTCCAGGTAACTA-1,-15.265990616502114,-2.939092767016491
AGTCTCCCAAGTCCAT-1,-14.021688905470619,-3.6068486954966064
AGTCTCCGTCCAAATC-1,-15.720389747161258,-0.68497545459723
AGTCTCCGTGACTCGC-1,-16.853363650926088,-3.2259761810481566
AGTCTCCTCGCCCAGA-1,-16.777338381502567,-1.9675154277344231
AGTGACTAGACCCTTA-1,-15.870142194038747,0.5924222050526753
AGTGACTGTTAGGAGC-1,-14.336944834744864,1.3249647686587633
AGTGACTTCATGCGGC-1,-17.611544893012635,-1.6705944322486237
AGTGACTTCTCTTCAA-1,-13.070262135858998,1.6814322876278762
AGTGATCAGGTTCATC-1,-14.835949935732994,1.2371985849942035
AGTGATCGTCACAGTT-1,-15.041940667538793,-0.06348274923795554
AGTGATCGTCAGCTTA-1,-15.544757683582697,0.6368765949338066
AGTGATCGTCCAATCA-1,-16.211036706994875,-3.083068580618656
AGTGATCGTCCAGCAC-1,-15.497958542602797,-0.6300019188773759
AGTGATCTCTCGCCTA-1,-16.55666744989009,-1.366606367906205
AGTGCCGAGGACAGTC-1,-10.746247029230734,-5.85137404649518
AGTGCCGCACTTCCTG-1,-15.40221466668979,-1.5944431521711997
AGTGCCGGTCCGAAAG-1,-13.65548396484475,-5.611999902840387
AGTGTTGAGTCGAAGC-1,-11.935218490637405,-4.371393823955752
AGTGTTGGTTGAATCC-1,-13.620019468060427,-4.122955112501928
AGTGTTGTCATGCGGC-1,-11.717458438579921,-5.2838902079706145
AGTTAGCCAATTTCCT-1,-13.70135322112332,-3.2494123422644057
AGTTAGCCACGTACAT-1,-14.763458251915502,0.6455136035492888
AGTTAGCCAGGACGAT-1,-15.985682032116694,0.9415640203648262
AGTTAGCCAGTATTCG-1,-12.859744148437517,-5.474049534719906
AGTTAGCCATCGAGCC-1,-16.820855122906753,0.8596208152965573
AGTTAGCTCAACTTTC-1,-12.579749032943232,0.5242379407660825
AGTTAGCTCCCATAGA-1,-17.155808082405574,-2.69522156793493
AGTTAGCTCGACGCTG-1,-17.505730646845468,-3.108714298276735
AGTTCCCGTAGGCAAC-1,-17.3263278141155,0.9593263887061626
AGTTCGAGTCCTCCTA-1,-15.894479356993633,-0.7131355654376418
AGTTCGAGTGCCTATA-1,-12.559189715063715,-6.406053776234948
AGTTCGAGTGCCTTCT-1,-15.930381868620016,-2.163382899319688
AGTTCGATCCGCAAAT-1,-12.816561953993652,-1.9515744115181657
AGTTCGATCCTAGCGG-1,-13.133062997614262,1.3615703209007768
ATACCGACATCCGGTG-1,-17.261403836352876,0.28068843654704295
ATACCGATCGTAGAGG-1,-16.47220345648605,0.8927988189074388
ATACCGATCTCCTACG-1,-12.948041020420195,1.4954303195440837
ATACCTTAGCTAATCC-1,-12.306256323870446,1.1081568879563966
ATACCTTCAAGAAATC-1,-17.43053237097406,-0.06498394038167403
ATACCTTCAGGACATG-1,-16.44645357975436,1.3895061116593725
ATACCTTGTGCCAAGA-1,-13.66490364829888,-3.0922752677250935
ATACCTTGTTGCGAAG-1,-13.770427860043446,0.12748175340324605
ATACCTTTCACCGCTT-1,-15.10593076596939,-0.6343793845043924
ATACCTTTCGGACCAC-1,-14.94982364670328,2.251884038332521
ATACCTTTCTCCAATT-1,-13.054693379258733,-3.2152086748712243
ATACTTCAGAGAGTTT-1,-17.670453715120683,-2.0494864019482772
ATACTTCAGCACCCAC-1,-17.54408428032682,-2.361371160826674
ATACTTCAGGCGAAGG-1,-16.54008152154358,-0.24920809432582708
ATACTTCCAGTAGTGG-1,-14.167241569334836,0.8246379390098229
ATACTTCGTACACGCC-1,-15.084919748559011,2.104482470168773
ATACTTCGTACAGCGA-1,-15.710260917560506,0.5066249097573216
ATAGACCAGAAACTGT-1,-15.896885141149173,-0.398899730011062
ATAGACCGTAGGGTAC-1,-17.03223630080498,-0.9138012832310142
ATAGACCTCCCAGCGA-1,-12.376880104638252,-4.179933455243782
ATAGACCTCCGTACGG-1,-16.37860894407109,-1.265575579191361
ATAGAGACAAAGGCGT-1,-11.854581163261827,-7.702444468411197
ATAGAGACAGTATTCG-1,-13.607093125744719,-1.5178703371647362
ATAGAGACATCAACCA-1,-15.512720972105033,1.0212554517772787
ATAGAGACATGCCATA-1,-12.261831026578298,-6.827011422640904
ATAGGCTCATGACAAA-1,-13.070232688919898,0.587415649670051
ATAGGCTGTGTGAATA-1,-16.402509207282726,0.22581674627423945
ATAGGCTGTTGGAGGT-1,-14.203652620090198,-2.509631183994296
ATAGGCTTCCTCTTTC-1,-13.303500570636508,-2.35164728198165
ATATCCTAGACATACA-1,-12.039345960381176,0.27270742753866933
ATATCCTAGCAGCACA-1,-13.385110680252417,0.4918308461866228
ATATCCTAGCTCGCAC-1,-14.236120398106415,0.32925019020979973
ATATCCTCATGTTCAG-1,-12.726262166938922,0.45994545650507096
ATATCCTGTCCTGTTC-1,-12.897677824355448,-2.281415334243762
ATATCCTGTCGACTGC-1,-12.743254901624033,-6.40624228290044
ATATCCTGTTCCGCAG-1,-13.113967421680808,1.5506466572564788
ATATCCTTCATGCATG-1,-12.292727166581878,-1.5120978718463909
ATATCCTTCATGCTAG-1,-12.472923811562847,1.194640810666703
ATATCCTTCCAACCAA-1,-12.634303681277016,-6.921595720602921
ATATCCTTCCACAGCG-1,-13.711488651744522,-2.5719940216717796
ATATCCTTCCATCTGC-1,-18.10062762867786,-0.5016850721955673
ATATCCTTCTAGCCAA-1,-18.188346848518275,-0.5565039321049501
ATCACAGCAAAGAACT-1,-14.723182668586198,0.3761369692743292
ATCACAGGTGACTAAA-1,-14.260249373860246,-2.955073666443961
ATCACAGGTGACTCTA-1,-15.973058147146478,-1.1176198932334498
ATCACAGTCCATAAGC-1,-13.77758751760428,1.6946145439785352
ATCACAGTCGCTGATA-1,-16.960935264361776,0.4103796736821869
ATCACGACAAAGTATG-1,-13.344764473188931,0.8001127784110408
ATCACGACAAGTAGTA-1,-18.103005600853127,-0.933952929580138
ATCACGAGTCGGAAAC-1,-16.78483546288529,-2.538821303302849
ATCACGATCTTCTGGC-1,-15.706320411935772,0.9165542977936058
ATCACTTAGAACAAGG-1,-16.37118279572741,-0.22483898661696278
ATCACTTAGTTCTCTT-1,-12.98405394575701,1.3832969190910303
ATCACTTTCGAAGGAC-1,-12.952145546846765,-1.0984740572879583
ATCACTTTCTGAACGT-1,-13.667171475177105,-0.5348993553658864
ATCACTTTCTGCTCTG-1,-12.377595371346013,0.3938055989500275
ATCAGGTAGCAACTTC-1,-14.959368426595796,-0.4651403223743044
ATCAGGTAGCCTCAAT-1,-12.024978758074667,-4.725904438931805
ATCAGGTCACCCATAA-1,-13.88497158001304,0.9343342363346072
ATCATTCAGTTCCGTA-1,-11.499705943389372,-4.260675219041678
ATCATTCTCAAGTCTG-1,-12.526188265844656,-5.519801601015465
ATCATTCTCCCATTTA-1,-13.920418890938945,-2.369684664772929
ATCCACCGTCGAGTGA-1,-16.571635564465748,-2.259193678928922
ATCCACCGTGACCGTC-1,-13.557736941371841,0.905367627054093
ATCCACCTCGGAGCAA-1,-11.801992454377213,-5.490346838599863
ATCCACCTCTCCAAGA-1,-12.94066095628199,0.7350040985179627
ATCCATTAGAAACACT-1,-13.539538427614021,-4.067981472975873
ATCCATTAGACAACAT-1,-12.783634286573244,-0.114056037124814
ATCCATTCAACATCGT-1,-16.016567112510256,0.4876100909285299
ATCCATTGTGGCAACA-1,-15.053852619413272,0.9081314570719532
ATCCATTGTTCCGTTC-1,-14.401233880073114,-1.2030481156544088
ATCCATTGTTCGATTG-1,-12.843290413662395,-6.870763087164117
ATCCCTGCACAAGCCC-1,-12.828405131922343,-0.29613866723243043
ATCCCTGCAGAGACTG-1,-15.814698717313984,-1.3090034806914534
ATCCCTGGTCATCGGC-1,-15.591810713679239,1.0363914730995711
ATCCCTGGTTGCTCAA-1,-12.16152656941598,-6.987124712461516
ATCCCTGTCATATGGC-1,-11.740209835458888,-6.183721655763233
ATCCGTCAGTCATGGG-1,-14.941804763798613,-0.43532335527490407
ATCCGTCCAAGGGTCA-1,-11.28750547913788,-5.57285983348124
ATCCGTCCACGCTTAA-1,-12.441815943243915,-0.7895869089011812
ATCCGTCCAGAGCTAG-1,-16.087729317390774,-3.2065240203069774
ATCCGTCCATCAGTCA-1,-11.97131004358985,-6.5130979460647245
ATCCGTCCATGGCGCT-1,-12.499878730387023,0.21200205920044893
ATCCGTCGTGCCTATA-1,-18.35188187969178,-1.6149603865662088
ATCCGTCTCACCTTAT-1,-12.343680537620294,-2.8484019763503228
ATCCGTCTCCGTTTCG-1,-14.661205032616307,1.6404567230685616
ATCCTATAGGGAACAA-1,-13.910043916938271,-0.03621405961282958
ATCCTATGTCTACACA-1,-15.607315698212718,-2.4515638360862253
ATCCTATTCCGTGGGT-1,-13.367179247121328,-1.1376024100723583
ATCGATGAGCGACATG-1,-16.93667564837887,-1.2362048156563699
ATCGATGAGTAATTGG-1,-14.876838942684591,0.7177457175866887
ATCGATGCACCGAATT-1,-14.47344839346461,0.6501098362964128
ATCGATGCATTGCCTC-1,-16.6816606210653,-2.652515185339657
ATCGATGGTCATCTAG-1,-11.334542665737931,-6.255727972353143
ATCGATGTCCAAGCTA-1,-14.753289653215791,-3.4053577248220286
ATCGATGTCCTCTGCA-1,-13.343636435455817,1.3550553620269872
ATCGATGTCTAGCCTC-1,-13.429899515561688,1.8851057624649676
ATCGCCTCAACAGAGC-1,-16.528620609284552,-0.050396448820571156
ATCGCCTCACCAGGTC-1,-13.989868691065363,1.749292242442563
ATCGCCTGTGGTCCGT-1,-11.619291013151507,-5.566450858354249
ATCGCCTGTGTGTCCG-1,-16.300262168308837,-3.575380702776251
ATCGCCTTCAATCAGC-1,-13.633999449693352,-3.8181015595231518
ATCGGATAGATTCGAA-1,-16.13983097526396,0.31337234313839574
ATCGGATAGCCTCTCT-1,-13.8238329419819,-3.2136095552729884
ATCGGATAGGTCCTGC-1,-11.220285733421763,-6.518024449398778
ATCGGATCAACGAGGT-1,-15.81445383310731,-3.4057534034860195
ATCGGATCAAGTGGGT-1,-16.919853489036182,0.9990592277741968
ATCGGATCAATAGTAG-1,-16.08335020164201,-3.2112970428448198
ATCGGATTCACGTCCT-1,-16.65457649292927,-0.047482859960118334
ATCGGATTCCTGCCAT-1,-14.713096135855118,-4.027266727469352
ATCGGCGCAAGATTGA-1,-16.381408222005035,1.8742229716497074
ATCGGCGTCACCTGGG-1,-16.43515423573792,-2.987326483728139
ATCGGCGTCATGTCTT-1,-17.526684916428238,-1.6348173440333247
ATCGGCGTCGCCCAGA-1,-13.542123671348536,-0.783374572046557
ATCGTAGAGGTTCTAC-1,-12.772435306384677,-0.293293102622759
ATCGTAGAGTCCTACA-1,-12.995543255814233,-0.6727446991117203
ATCGTAGGTCCAAGAG-1,-15.455812767406991,-0.9128900236534361
ATCGTAGGTTGTGTAC-1,-12.751113658884606,-4.514817855117671
ATCGTCCAGACCTCAT-1,-13.084842316135434,1.6130109009293476
ATCGTCCAGCCATATC-1,-12.64107207386176,-0.9446792048685145
ATCGTCCAGGTCGACA-1,-14.989046048255267,-2.4781991594765054
ATCGTCCAGTATGAAC-1,-15.63263327271536,0.6766154359514129
ATCGTCCCATGCCATA-1,-13.053434096756375,-7.279810411009536
ATCGTCCCATGTGGCC-1,-14.156869907557159,-0.18430797956234
ATCGTCCGTACAGAGC-1,-16.429268768757414,0.6183151000879709
ATCGTCCGTACGGGAT-1,-14.715826852992306,-4.264036457527919
ATCGTCCGTAGGAGTC-1,-14.749811382039107,-0.46584254727220303
ATCGTGAAGAGTCAAT-1,-17.664369550227082,-1.536345356328658
ATCGTGACACCTCAGG-1,-11.233113970354735,-5.136420074474147
ATCGTGACACCTGCTT-1,-14.819946450817188,0.9772101464577679
ATCGTGACATACCACA-1,-17.01070225212161,-3.3967287009888905
ATCGTGACATCCGTGG-1,-14.092061060208882,-0.7591286346023974
ATCGTGAGTCGAAACG-1,-14.195439651123818,-2.3472002336684135
ATCGTGAGTTTCAGAC-1,-16.833928415920937,-1.6666604559006453
ATCGTGATCTTTGATC-1,-14.907704789599078,2.0866772070863395
ATCTCTAAGAGACAAG-1,-13.037193866329613,-4.500535275220493
ATCTCTAAGCTAGATA-1,-11.499676039850025,-5.906082647291967
ATCTCTAAGGCGTTGA-1,-17.88955632969066,-2.939200359675488
ATCTCTACACCGCTAG-1,-15.75191498378417,1.592617815141768
ATCTCTAGTACCGTGC-1,-12.041994679548447,-5.798965699639357
ATCTCTAGTTCCTACC-1,-12.300603376710775,-5.536436613586906
ATCTCTAGTTCGAAGG-1,-13.608295754413312,-0.8632202020472988
ATCTCTATCACTGTCC-1,-13.993022996336974,-1.204484665730193
ATCTCTATCTGTAACG-1,-14.860891035115124,1.7533194562735017
ATCTCTATCTTCGACC-1,-15.085450446945398,-3.7469571079298385
ATCTTCAAGCACACAG-1,-13.852007108349765,1.6395597083318203
ATCTTCAAGCGACTTT-1,-17.158409260773364,-1.700578095583017
ATCTTCAAGCTGTTCA-1,-18.234316248608295,-0.28569032545722983
ATCTTCAAGGTCTTTG-1,-13.545917432662492,1.1494929641335636
ATCTTCAGTAGTCGTT-1,-16.550788200564494,1.2748726128346812
ATCTTCAGTCAGGTAG-1,-13.976644285360383,1.659171640849595
ATCTTCAGTGGGCTCT-1,-13.321148890064926,-0.08293339900430906
ATCTTCATCCATGATG-1,-11.57376826376315,-5.150970762763272
ATCTTCATCTTGCGCT-1,-12.702664522968746,-1.593615082603217
ATGAAAGAGACGCAGT-1,-15.380871741441174,-0.10842981402254526
ATGAAAGCAACTTGCA-1,-13.182645583873358,-2.515339165990607
ATGAAAGGTTGTTGTG-1,-18.069730029060292,0.5595789634349786
ATGAAAGTCACTGATG-1,-12.081574357317518,-0.5598610261007391
ATGAAAGTCCGAGATT-1,-14.25526274479746,1.8739980636780735
ATGAAAGTCTTGGCTC-1,-17.13529772672472,1.1036583943918359
ATGACCAAGCACGGAT-1,-17.909731786280076,-0.16456973001241937
ATGACCAAGGTGATAT-1,-10.967942413809652,-5.795973143965401
ATGACCACAAGGACAC-1,-13.102859186736051,-1.6905262652602517
ATGACCACAGAGTTGG-1,-14.395429857822327,-3.9775597720017584
ATGACCAGTAGTAAGT-1,-18.106511897813785,0.3619723787594042
ATGACCAGTAGTCTTG-1,-15.205669304252563,-2.0846313020743614
ATGACCAGTCCGATCG-1,-12.264750286427534,-4.661817547049146
ATGACCAGTCGAGCAA-1,-12.691549587170817,-7.179909427589722
ATGACCAGTTACCCTC-1,-10.930047751647267,-5.841664388159543
ATGACCAGTTTGGAGG-1,-14.516318627843596,-3.59560476464357
ATGACCATCGCTTAAG-1,-17.604391974991763,-2.135105792276312
ATGACCATCTGTCGCT-1,-13.703711741434686,1.4143262762404212
ATGAGGGAGGGATCTG-1,-17.683220564363552,-1.2582413722533408
ATGAGGGCAACTTGGT-1,-13.38829555090786,-0.8851585278772692
ATGAGGGCATCACGGC-1,-11.431111618118983,-5.614582999580261
ATGAGTCCAGATCACT-1,-14.613731739526948,1.0409086268080123
ATGAGTCGTAGGTAGC-1,-17.537605333292813,-0.8580821790237861
ATGAGTCGTCGACTGC-1,-14.956741514318287,-2.6756947519433534
ATGAGTCGTGTGACCC-1,-18.124191460568824,-1.9551588944777747
ATGAGTCTCACTTGGA-1,-17.006652379001995,0.09523792180670558
ATGAGTCTCCTACACC-1,-11.694884902914954,-6.387426739034167
ATGATCGAGCACCCAC-1,-12.518424003599636,-1.6627776855349998
ATGATCGAGTATTGCC-1,-14.148100339109014,1.6028112367814826
ATGATCGAGTTGTCGT-1,-17.946917956354618,-0.19483688119445872
ATGATCGGTCATAAAG-1,-15.87602614485495,-1.0148745753138555
ATGATCGGTGGTCTCG-1,-18.27353123080468,0.037063832003359165
ATGATCGTCAGCAATC-1,-14.546279009947469,-0.22276213839323297
ATGATCGTCATCTATC-1,-13.517717331562997,-4.842641416647634
ATGCATGAGGACAAGA-1,-15.135156859655993,-1.6794927233266599
ATGCATGCACTCATAG-1,-15.182971967276167,-1.289633157148649
ATGCATGGTAGACAAT-1,-11.966071076454705,-5.380353655937252
ATGCATGGTAGTCTGT-1,-14.555281133138084,-3.836662091781812
ATGCATGGTTTACTGG-1,-15.39718000792344,2.1485938529669397
ATGCATGTCGCGTAGC-1,-12.49156646761039,-7.584428784989166
ATGCCTCAGAGTCCGA-1,-12.338803454266339,-0.042818595973067135
ATGCCTCAGGACAACC-1,-11.843364750380651,0.08160245488527659
ATGCCTCCACGACGCT-1,-15.378024628350396,0.4095478131275411
ATGCCTCCACGTAGTT-1,-13.922531812187238,-2.7950678936247204
ATGCCTCCACGTATAC-1,-12.263727439058998,-4.799898752360019
ATGCCTCGTGAGATTA-1,-12.719061181810728,-6.528514399018594
ATGCCTCGTTGTATGC-1,-12.786120143345247,-1.8727834622075938
ATGCCTCGTTTAGTCG-1,-17.789417334299326,-0.13557044982949512
ATGCCTCTCACAAGGG-1,-10.800093814474113,-5.681950730896326
ATGCGATCAATCGTCA-1,-11.058263518177778,-5.2288887116430605
ATGCGATGTTTGTGGT-1,-15.030157020834686,-2.152859003868247
ATGGAGGAGACCTTTG-1,-14.977883101420158,1.5085943128263597
ATGGAGGAGATGACAT-1,-16.835578282150905,-1.531383098764097
ATGGAGGCAACCGGAA-1,-15.501910893111493,0.8032666933148543
ATGGAGGCACACTGGC-1,-12.513528000040173,-5.37548466040467
ATGGAGGCAGTCCCGA-1,-16.017056995203777,-2.501503200883769
ATGGAGGGTCCAAATC-1,-14.765461436543985,-4.084083815210814
ATGGAGGGTGTACATC-1,-17.31147202845152,0.1785281147808506
ATGGAGGTCCTAGCTC-1,-16.738588217438124,-2.531970596449468
ATGGAGGTCTCCATAT-1,-13.72642420046967,-2.7484839600976336
ATGGATCAGATGGCGT-1,-17.549189727632744,-0.8842820994758053
ATGGATCCACATTCTT-1,-15.35349679737942,-4.064050592823827
ATGGATCCAGCTGAAG-1,-15.385030549279191,1.9628731340953127
ATGGATCCATGTCTAG-1,-15.588891875230098,-0.7618763482522521
ATGGATCGTGTGCTTA-1,-15.79935979941056,-2.120992404333631
ATGGATCTCCACTTCG-1,-14.719745630933277,0.928592730669062
ATGGATCTCCCTTCCC-1,-12.270696240345549,-4.505758963614782
ATGGGAGAGAGTGTTA-1,-16.414594891068916,1.196491393735162
ATGGGAGAGCTCGACC-1,-11.585559774381858,-6.851932896168514
ATGGGAGCACCCAAGC-1,-16.941814553716767,1.0299956250089113
ATGGGAGGTACGCTAT-1,-16.961550457728357,0.005135720647950843
ATGGGAGGTAGTAAGT-1,-17.701311118042344,-1.3855752235319556
ATGGGAGGTTACGATC-1,-11.560431694398227,-5.485564835525456
ATGGGAGTCCTTCTTC-1,-18.092194931202528,-1.6508150071571848
ATGGGAGTCTACCTTA-1,-12.415320722882083,-5.7961603711762
ATGGGTTAGAAGTATC-1,-14.224047159051983,-3.6873910006874553
ATGGGTTCACTGCGAC-1,-18.096913525283806,-1.5559972614602242
ATGGGTTCACTGTCGG-1,-16.380514674920256,0.8964710546761142
ATGGGTTCATAAGCAA-1,-16.421704165157838,-1.7289841019831595
ATGGGTTGTGATTAGA-1,-16.038096872541168,1.507790537618997
ATGGGTTTCCTACCAC-1,-15.845470216659251,0.14621323167138037
ATGGTTGAGCACCGTC-1,-16.72828825570543,-1.6728144922158648
ATGGTTGAGGGAGGCA-1,-14.607830585613282,-3.35541660715608
ATGGTTGCAAGAGTAT-1,-17.549531615952418,-0.26202216012479357
ATGGTTGCAGCGAGTA-1,-15.667505710925166,0.6961007071960917
ATGGTTGGTAGACGGT-1,-12.739662513014288,-5.875875217841951
ATGGTTGGTTCCGTTC-1,-13.757480078504196,-0.6467068171600732
ATGGTTGTCAAAGCCT-1,-16.78173194616336,-2.830523010939314
ATGGTTGTCGAGAAAT-1,-12.242015786088787,-7.315953549031276
ATGGTTGTCTCCTGAC-1,-13.181665916221222,-1.1314103175757386
ATGGTTGTCTCTCTAA-1,-17.24128258838571,-0.7218724148131361
ATGTCCCCATACATCG-1,-16.061310979031116,-1.8384578377380774
ATGTCCCGTAGTGCGA-1,-12.489205953270625,-6.95669136560509
ATGTCCCGTGGGTCAA-1,-14.293755138865084,1.2664929874775694
ATGTCCCGTGTACGCC-1,-12.572966068933063,-7.143719273118871
ATGTCCCTCGGTTCAA-1,-11.530760688989757,-6.009099987140576
ATGTCCCTCGTCGCTT-1,-15.188175801584817,-0.045630358949923226
ATGTCCCTCTGGTGCG-1,-11.488959467886483,-5.097495359922588
ATGTCTTAGAGGCTGT-1,-18.032530749390833,-1.4666137220462667
ATGTCTTCAAACTCGT-1,-13.288661185608857,-0.8096564550342816
ATGTCTTCACTACCCT-1,-12.077649902822829,0.2698161059439992
ATGTCTTCAGCGGATA-1,-12.189732479866594,1.212482668580454
ATGTCTTCATACTGTG-1,-12.973592046130126,-6.197832047420847
ATGTCTTCATGACTCA-1,-13.609728709439546,-3.0106327384636984
ATGTCTTCATGTGGTT-1,-15.603870838374961,0.547377167751311
ATGTCTTGTTGCATCA-1,-14.032696492513182,-1.3638125657961289
ATGTCTTTCACACGAT-1,-13.90167199339527,-1.0166068815925142
ATGTCTTTCGTCGCTT-1,-17.065239722454123,0.6581460811444618
ATTACCTAGCTAGTTC-1,-17.533940225863777,-1.7907554317756462
ATTACCTCACGGTGAA-1,-14.892870877353865,-1.4595711092921968
ATTACCTGTCACTTCC-1,-13.350770655167711,-1.5838438186437327
ATTACCTGTCAGCTTA-1,-11.663184872730682,-7.458765653220148
ATTACCTGTTCAATCG-1,-12.499761282688238,0.20271061415305291
ATTACTCAGGAGGTTC-1,-12.410009781254631,0.7209817093512273
ATTACTCCAGGGAGAG-1,-16.08183231267466,-0.9265641742572318
ATTACTCCAGGTATGG-1,-16.639417942595138,0.9827857422857811
ATTACTCCATATACCG-1,-13.621078681648731,1.2513678465867062
ATTACTCTCGCTGACG-1,-16.436360575802478,1.350145161449032
ATTACTCTCTTAGCAG-1,-15.548947961580035,0.5366563030077731
ATTATCCAGATGACAT-1,-12.392903016510886,-7.109270531357803
ATTATCCCAGCGGATA-1,-12.607581219021606,-7.01989994159
ATTATCCCATAGACTC-1,-16.921334756134712,-3.0214254266141647
ATTATCCGTGGGTTGA-1,-16.528871321231282,-3.4518724349809773
ATTATCCTCAGCCCAG-1,-16.57839334138683,1.2728452173160865
ATTCACTAGTGAATAC-1,-14.259448565430423,1.9433281096997577
ATTCACTCAATAGTGA-1,-18.398036109918284,-0.6811612251354207
ATTCACTCACGACAGA-1,-12.679026149076481,-0.5280547860993318
ATTCACTGTCGACTGC-1,-12.567735976807079,-0.11616016640898325
ATTCACTTCACACCGG-1,-12.427395326403703,-3.0731222802515252
ATTCACTTCTGCTTTA-1,-13.337009400043547,1.5083580562442758
ATTCACTTCTTTCCGG-1,-12.539375956590652,-1.7660484595968362
ATTCAGGAGGGATCGT-1,-13.232408570101141,-6.506156038320709
ATTCAGGGTCCGGATC-1,-17.382660028937,-1.5761362159133878
ATTCATCAGTAAACTG-1,-14.605950944476165,1.8588244168827013
ATTCATCAGTAGCTCT-1,-16.364371591270807,-0.14944465718088334
ATTCATCAGTTTGGCT-1,-13.117690622665775,1.0036442822872438
ATTCATCGTGGATACG-1,-17.60149129235695,1.0422435474800316
ATTCATCTCCTTATGT-1,-12.521591088361237,-2.0601634439662706
ATTCATCTCGGCATCG-1,-13.284964669311965,-4.052781590730267
ATTCCATCAACTTCTT-1,-12.930385516208489,-5.76653072601482
ATTCCATCACCAGCCA-1,-15.349264620995893,0.5260793097921634
ATTCCATGTGAGGCAT-1,-16.99326107516704,-2.069840679010915
ATTCCATGTTCGAACT-1,-14.308632956477275,-0.4568535185515196
ATTCCATTCACTTGGA-1,-13.462274065695688,0.9148075997058802
ATTCCCGAGGCTTTCA-1,-14.250661594768857,1.0854380163816004
ATTCCCGAGTTGAATG-1,-11.268344976911507,-6.407997441447543
ATTCCCGGTACGCTTA-1,-17.648242037935947,-0.7609675450362023
ATTCCCGGTGATGGCA-1,-17.946353777544275,-0.848297136104884
ATTCCCGGTGTACAGG-1,-16.132777600412247,1.6031819890253547
ATTCCCGGTTAAGTCC-1,-12.218043437529643,-4.97927657970192
ATTCCTAAGAGTTCGG-1,-12.193412869453077,-7.4657663803029655
ATTCCTAAGGGTATAT-1,-14.943342474925695,-0.773522309389811
ATTCCTACAAAGACTA-1,-11.703354403241352,-4.9880922701476225
ATTCCTACATAGGAGC-1,-15.961427479494354,-2.577440446747386
ATTCCTACATGCCGAC-1,-13.091258917158212,-2.4632101191086324
ATTCCTACATGTAACC-1,-13.593202692634678,-2.9051843959081185
ATTCCTATCGCGCCAA-1,-13.619794922938258,-3.4798463387497125
ATTCGTTAGGAGAATG-1,-11.813950127815628,-7.26574426898137
ATTCGTTAGGCGTCCT-1,-12.074173655726886,-6.72764978200579
ATTCGTTCACCATATG-1,-13.84198772895591,-3.23371734184319
ATTCGTTCACGCAGTC-1,-13.826890609764192,1.7457076562463263
ATTCGTTCACTTGAGT-1,-15.534574758543256,-1.7270736373162492
ATTCGTTGTTTAGAGA-1,-16.870414216720754,-0.3057442487859555
ATTCGTTTCAAAGACA-1,-14.185676444140212,1.7176094126086578
ATTCGTTTCGGCTGGT-1,-16.83466174390614,-1.1471982754715808
ATTCGTTTCGTCAACA-1,-11.948372624182488,0.595937604484685
ATTCTACAGGGCATGT-1,-16.396073184748783,0.4124880103306201
ATTCTACAGGTTCCGC-1,-15.775326861112017,-2.9072714551639405
ATTCTACCACGTTCGG-1,-17.114487517384497,-1.7143723442825378
ATTCTACGTCATGACT-1,-12.293569415089044,0.7013936640627921
ATTCTACGTCCTCCTA-1,-12.432257993914856,-0.9299359385970545
ATTCTACGTGAACTAA-1,-13.71222384901573,1.4824758675641925
ATTCTTGAGCTCGACC-1,-14.613355083248377,2.008953655504299
ATTCTTGCAAGCAATA-1,-14.356840541424836,-2.0570282465748018
ATTCTTGGTGAGAGGG-1,-12.876731309851644,1.280400898928509
ATTCTTGTCGTTAGAC-1,-14.117894885201835,1.0454903085464389
ATTGGGTAGGCTGGAT-1,-16.62210084829637,-0.5693313612964653
ATTGGGTAGGTCATCT-1,-15.09289965137925,0.552230164231855
ATTGGGTAGTTACGGG-1,-18.027049246802886,-0.22364420513140432
ATTGGGTCAGGCTCTG-1,-16.7132601973796,0.8916137272885286
ATTGGGTGTCGAACAG-1,-12.695380046122414,-7.22199864179468
ATTGGGTTCGGCTGTG-1,-13.184764300211087,1.48563699092267
ATTGTTCCAGTATGAA-1,-14.436643272568174,-0.4812157051190368
ATTGTTCCATTGACAC-1,-12.13857069515004,0.1872991485385073
ATTGTTCGTCGATTTG-1,-14.945696151667166,-1.4314798653675351
ATTGTTCGTTAGTTCG-1,-13.034600793684332,-6.148458792265992
ATTGTTCGTTCGTAAC-1,-15.315653139194572,-2.9736563637080997
ATTGTTCGTTTGGAAA-1,-16.75669299056515,0.4295414702571001
ATTGTTCTCTCGTTTA-1,-14.338953859470568,-2.572934194502074
ATTTACCCATCGTTCC-1,-12.765609335472703,-2.7487892117637105
ATTTACCGTACAGAGC-1,-17.7193801012441,0.535754418785428
ATTTACCGTTATGGTC-1,-10.914755783235806,-6.307210613690658
ATTTACCGTTGCATCA-1,-12.565115028745286,-0.921439922171563
ATTTACCTCCCGAGGT-1,-13.821652878829607,-2.7219605178226796
ATTTACCTCCTCTCTT-1,-12.490539142316104,-1.4455578167668253
ATTTACCTCTGCTCTG-1,-12.602686083969113,-3.184976369705896
ATTTCACAGCGTTCAT-1,-15.52460173057029,-2.7705769973158056
ATTTCACAGTAACCGG-1,-16.636724092597113,0.14731310113844423
ATTTCACCAAGTAGTA-1,-14.399664137108317,0.6712932991687568
ATTTCACTCTCCGTGT-1,-13.319227889526195,-3.5227768351467503
ATTTCTGAGAGGGTAA-1,-15.771416426202734,-3.889435110147696
ATTTCTGAGGCACCAA-1,-12.800449056128153,-6.300772638948688
ATTTCTGAGTAGACAT-1,-14.805508745759752,-2.9700842513789
ATTTCTGAGTCCGCCA-1,-12.083217317377335,-0.529971380194313
ATTTCTGCATAGTCAC-1,-12.05212582639599,-4.434019591120295
ATTTCTGTCTGGTCAA-1,-13.158693819034479,1.3451960784600374
CAAAGAAAGGAAACGA-1,-12.034831318423398,-7.062471267816481
CAAAGAACACTAGGTT-1,-16.592547420148186,-1.0370160079360966
CAAAGAACATGTAACC-1,-12.618531227299508,-5.035871745085997
CAAAGAAGTCGATTTG-1,-12.281604683313772,-7.4634295008986475
CAAAGAAGTGACCGAA-1,-13.691816189247838,0.9176899546188781
CAAAGAATCCATACAG-1,-12.295810054614536,-5.272607247196557
CAAAGAATCTCATTTG-1,-14.245207832580519,-2.6032821401527393
CAACAACCAGAGGCAT-1,-12.797964111151376,-2.0904642662048696
CAACAACGTAGGCAAC-1,-12.940242869138263,-2.1226662862290757
CAACAACGTTGGGCCT-1,-12.883168971170813,-6.699566514566384
CAACAACTCCTCCACA-1,-12.298324653165759,-0.7443211478159316
CAACAACTCGTGCAGC-1,-15.302006931522346,-2.1949677267031777
CAACAACTCGTTTACT-1,-13.116500029084522,-6.7183990035149
CAACAGTAGGAGAATG-1,-13.853240022553067,1.32735012517168
CAACAGTCACTGGATT-1,-13.598641904414535,-3.0179109973749587
CAACAGTGTCTTGCGG-1,-11.422479979450351,-5.778949516260312
CAACCAACACCACATA-1,-13.318034660046377,0.5305717812540008
CAACCAACAGACATCT-1,-12.771336809209716,-0.6952319574699265
CAACCAACAGTCAGTT-1,-14.246814361731085,0.795520228895787
CAACCTCAGACGGTCA-1,-14.159853123621103,-2.546296498363278
CAACCTCAGAGCAGTC-1,-15.718323364444917,-1.9191378620074986
CAACCTCAGCGTACAG-1,-13.792733315100282,0.7361381480030861
CAACCTCAGGGAGGTG-1,-15.242078557887814,1.8690312164524576
CAACCTCAGTATGATG-1,-15.96928491537887,0.35482249677879624
CAACCTCTCATCTACT-1,-16.51924978446908,-2.944418450807982
CAACGATAGATAGGGA-1,-16.390541767897567,-2.3354508883638765
CAACGATAGCTCACTA-1,-15.97857688195042,0.5492717952519734
CAACGATGTTAGGCTT-1,-18.399918542515117,-1.0948707695984174
CAACGATTCCGATGTA-1,-13.911403211438738,-2.077805604427097
CAACGATTCTAGGCCG-1,-10.733042276675647,-5.342224774007843
CAACGGCAGAGTTGCG-1,-17.544570002206818,0.9457184278863413
CAACGGCAGATAGTCA-1,-11.519393138922622,-6.1534207225456505
CAACGGCAGCACGATG-1,-16.245381609055283,-2.7974722027327354
CAACGGCGTCATCCGG-1,-11.03585432912465,-6.377999005139699
CAACGGCTCGGTGCAC-1,-16.882651413609665,-2.9626984290911538
CAAGACTAGCAAATGT-1,-15.140805927707232,1.5167654257143965
CAAGACTAGGATTTCC-1,-11.779862671641435,-5.813879247629548
CAAGACTAGTTAACGA-1,-11.73562368952675,-7.752067741655293
CAAGACTGTACTAAGA-1,-12.270698472740643,-1.924939920322151
CAAGACTTCCACGAAT-1,-13.055615561015227,-3.358150839210488
CAAGAGGAGAACCCGA-1,-13.127803092444278,-6.624541736501861
CAAGAGGAGGATACGC-1,-11.122362256538455,-6.86837545061541
CAAGAGGAGGCTATCT-1,-14.119663353783146,-2.82876933179216
CAAGAGGCAGGTACGA-1,-14.095948110483121,1.866309206417024
CAAGAGGGTCCGGCAT-1,-15.736334657177364,-0.27215640669912655
CAAGAGGGTTGTATGC-1,-16.842705038084322,0.2943495992587337
CAAGAGGTCCGTCCTA-1,-15.204636002331974,0.7897974600666954
CAAGAGGTCTAGCCTC-1,-16.26823979393161,-1.8664613943982855
CAAGCTAAGCGCCCAT-1,-11.912325593643269,0.6271299957189332
CAAGCTACAACTCCCT-1,-11.524501241355662,-5.759616146174908
CAAGGGACACAAATCC-1,-17.48789257516593,-1.1980841569353924
CAAGGGACACTACTTT-1,-17.24639730498573,-1.301866667271509
CAAGGGAGTCCGCAGT-1,-16.68285893017939,-0.21439931156173836
CAAGGGAGTGCGGTAA-1,-16.427780879366903,-0.5270991957708623
CAATACGCAAGAATGT-1,-17.26763647003201,0.1601115084238552
CAATACGCAGATTCGT-1,-12.307575682356378,0.6747763720119926
CAATACGGTCAAAGCG-1,-12.764285082578928,-6.360302171155925
CAATACGTCGAGAACG-1,-11.950867439961728,-6.819227892404294
CAATCGAAGACTGGGT-1,-11.942011046068975,-7.489342115299467
CAATCGACACGCCACA-1,-12.560397876661364,-2.24216203358689
CAATCGAGTTCGATTG-1,-13.878954974192201,-0.5588068140299073
CAATCGATCAATCCAG-1,-12.332184418491979,-0.18025479143315537
CAATCGATCCACGGGT-1,-10.845006065903526,-5.738596712190186
CAATCGATCTTCGCTG-1,-13.58105862350917,-2.3389325103722016
CAATGACAGGCACCAA-1,-13.486647255239234,-3.560387610999863
CAATGACAGGCGTCCT-1,-11.671032250984714,-5.688086961814601
CAATGACAGTGACCTT-1,-13.530098050170679,-0.5850373836711171
CAATGACCAACTTCTT-1,-13.905172883322484,-3.5044946375662334
CAATGACCACAACGCC-1,-16.292514401176216,0.8985169613884013
CAATGACCACCTGCGA-1,-16.722539663338257,-0.9366962206151124
CAATGACCATGACCCG-1,-13.094810922080333,1.2398628538004501
CAATGACTCACCCATC-1,-12.876511771069133,-6.258030293608824
CAATTTCAGCCTGTCG-1,-12.615504296149188,-1.6645624270010912
CAATTTCCATCCTTGC-1,-13.354154982338859,-3.6543978295663866
CACACAAAGATGAAGG-1,-18.27715455868641,-0.2846997576263173
CACACAACAAAGACGC-1,-15.617224426182073,-1.1498490281779845
CACACAACAGACCTAT-1,-11.909887546448935,0.7686439962928375
CACACAACAGACGGAT-1,-11.924909550105713,-2.0200151266042683
CACACAAGTAGTGCGA-1,-16.757828236102558,-3.1763098413900575
CACACAAGTGCCTGCA-1,-12.222453083267037,-1.6639670814600926
CACACAATCCGTGGGT-1,-11.567149643715672,-4.970725193491768
CACAGATAGAGTGAAG-1,-11.67015934188178,-5.894292999312864
CACAGATAGGGCAAGG-1,-18.125376814894302,0.2872787741545929
CACAGATCACGCGGTT-1,-14.50577725851338,-1.7486626462726955
CACAGGCAGGTCACCC-1,-13.474713087499943,1.3234418339376812
CACAGGCCACCCTTGT-1,-14.796225477320505,-1.051455490523069
CACAGGCGTATACAGA-1,-16.777649907122406,-0.09703436283078089
CACAGGCGTCCGAAAG-1,-17.84183058188554,0.7697825323438062
CACAGGCTCTCTATAC-1,-14.449412061986225,1.2323125561589943
CACATGAAGCTACTGT-1,-13.555560762271698,-3.8329392764744097
CACATGAAGGAACTAT-1,-13.13545750396787,-1.5271708460684195
CACATGACAAGCGCAA-1,-15.222633459218526,1.6030398805151578
CACATGACATAACGGG-1,-12.388882919078698,1.091394616005722
CACATGAGTTTCGACA-1,-14.628478439108834,-2.859981953720263
CACATGATCCAAGCAT-1,-13.554984095463837,-1.5417214378017645
CACATGATCCTTCTAA-1,-11.546404355970104,-6.248577252124661
CACCAAAAGCAACAGC-1,-12.190459696018495,0.017496423331909056
CACCAAACACGTCATA-1,-12.822882515171932,-6.239305713119379
CACCAAAGTCTGATCA-1,-11.297120891401661,-5.14051662681951
CACCAAAGTTGAGTCT-1,-16.24545281657055,-0.06691463994563454
CACCAAATCCTAGCCT-1,-11.693358218764239,-5.6570772794652475
CACCAAATCCTGTAGA-1,-14.614774333459584,0.9287647434952923
CACCAAATCGCCGATG-1,-16.598735774227734,-1.1788076112271373
CACCGTTAGCTGGAGT-1,-14.46522531443423,-1.0792972953789588
CACCGTTCATCCGTGG-1,-15.017891210289589,-2.3109390710835367
CACCGTTGTACGTTCA-1,-12.64674062101471,0.06810148602128326
CACCGTTGTAGAGTTA-1,-16.01711803202295,0.0548352045157462
CACCGTTGTCACTTCC-1,-12.924334883957831,-1.5921144146299495
CACCGTTGTCGTCGGT-1,-16.975648112940302,-2.7987836651008386
CACCGTTTCACTGGGC-1,-13.098403477834504,-0.8951526654166797
CACGAATAGGACTAAT-1,-14.97413570948146,0.5516087374043779
CACGAATAGTGACACG-1,-16.16026767309609,0.8678760569052067
CACGAATCAAGTTCCA-1,-15.299839387372359,-2.9189514878660257
CACGAATCATGTCGTA-1,-14.010235550160623,0.4672221657531796
CACGAATGTTTGGGAG-1,-12.038101750950398,-5.768563319708977
CACGGGTAGAGCATAT-1,-12.485861524056805,-5.899344556831388
CACGGGTAGATAACGT-1,-11.200344177365597,-6.273365305669852
CACGGGTCACACACTA-1,-14.058679211832843,-0.7560711480124519
CACGGGTGTACCAATC-1,-14.386914935208818,1.4276860760009071
CACGGGTGTGCAACAG-1,-16.934104878639662,-2.367248006710765
CACGGGTGTTAACCTG-1,-12.813578926527988,-1.2273872343114172
CACGGGTGTTACACTG-1,-12.11286003568496,-1.7854012890768665
CACGGGTTCATAGACC-1,-14.217541535153918,1.6368025300311888
CACGGGTTCTGGTCAA-1,-13.537702347879529,-5.43470410980187
CACGTGGAGAAGAACG-1,-16.595175030650736,-1.7035741409369471
CACGTGGCACGAGGTA-1,-14.061024456254799,-2.7372032074188084
CACGTGGGTTTGATCG-1,-14.848162042959348,1.481642054042319
CACGTGGTCTAGACAC-1,-13.584203521728472,-6.77102862612479
CACGTGGTCTCGTCGT-1,-14.139855331322542,-0.7289031890216404
CACGTTCCACGGTGAA-1,-13.571600869320168,-0.11786689935715264
CACGTTCCATGCCGCA-1,-13.385203537779596,-3.242532748836621
CACGTTCGTCAGTCTA-1,-17.20909497352209,-2.4560122313774158
CACGTTCGTCGGTAAG-1,-16.536089043826628,-0.33451430709302266
CACTAAGAGGCCTAAG-1,-11.28910428613957,-5.56898807559245
CACTAAGCAACCAACT-1,-11.758644924672701,-7.544677015037273
CACTAAGGTAGGACCA-1,-18.006019055020353,0.5225764949603214
CACTAAGGTGGAGAAA-1,-11.929872002287741,-7.354240574408939
CACTAAGTCCATCGTC-1,-12.375413777678636,-5.2911663305968055
CACTAAGTCGAGGCAA-1,-11.80816655195436,-7.39463399784094
CACTGAACAGCTGCCA-1,-16.057793413981624,-1.5982171691975782
CACTGAACATAGGTTC-1,-14.12980011539549,-2.5886432651615143
CACTGAAGTAGGACTG-1,-11.716690077442175,-7.7222499280576145
CACTGAAGTATCACCA-1,-13.27868951251714,-2.0706772114082037
CACTGAATCAGTGTCA-1,-11.97086475716628,-5.985068811835333
CACTGAATCCATCACC-1,-12.07247991568672,-7.5518076149059885
CACTGAATCTGCATGA-1,-11.969143818625271,-6.34376186199311
CACTGGGAGGACATCG-1,-15.59501891536209,-0.3068708851262008
CACTGGGAGGTGGCTA-1,-12.064007863025271,-5.560621798494826
CACTGGGCACCTCGTT-1,-15.023501867454836,1.1003307786882832
CACTGGGGTCGCTCGA-1,-13.276586645330594,-0.6479023995191152
CACTGGGTCGAGATAA-1,-17.25730866057353,0.06084085441606089
CACTGTCAGAGTCGAC-1,-13.54924946295136,-3.9177834939194565
CACTGTCAGGATTTAG-1,-15.163241863344277,0.9991539285096834
CACTGTCCAATACCCA-1,-13.292174674410063,1.464267048909793
CACTGTCGTAGCTGAG-1,-15.72334490585093,1.2738777753370436
CACTGTCGTTAACCTG-1,-14.52054716591896,-1.3772772735828527
CACTGTCTCCGCTGTT-1,-12.595319971457263,-1.1121457714622338
CACTTCGCAAATACGA-1,-14.692375928568405,1.7528347907352464
CACTTCGCAATCCAGT-1,-13.260211391159032,1.6543823375463687
CACTTCGCACACCTGG-1,-16.174048162906008,-1.2791804083198741
CACTTCGCAGTCGCTG-1,-17.002722001809545,0.9976314025935564
CACTTCGCAGTTGCGC-1,-12.380251200109239,0.7784215533531036
CACTTCGGTTGCTAGT-1,-13.737361285649616,0.7299421273355731
CAGAGCCAGACTCTTG-1,-13.751442697281545,0.7116612824284013
CAGAGCCAGATACCAA-1,-17.335615346250854,-2.977886468885181
CAGAGCCAGGTGATCG-1,-17.73423205688239,-0.5039239847215042
CAGAGCCAGTTAGAAC-1,-16.344756438425332,1.9133410958179249
CAGAGCCCAACAGAGC-1,-13.98287426213008,-1.8416209635720893
CAGAGCCCAATTTCTC-1,-15.124232883555463,-2.60776006797222
CAGAGCCCACAACATC-1,-15.386281532978634,-0.8159166029997457
CAGAGCCCACCCTAAA-1,-13.286738652202741,-4.0913859190045025
CAGAGCCGTACCCGAC-1,-18.458865672599575,-1.0113343220068371
CAGAGCCGTGTCTAAC-1,-18.17964467204313,-1.118936401748641
CAGAGCCTCTTTCGAT-1,-11.383604824357459,-6.596849844816069
CAGATACAGCGGACAT-1,-17.920432093605328,-0.9510685654655745
CAGATACCACGCGTGT-1,-14.459678464166577,-1.0259455202539272
CAGATACCATCAGCAT-1,-13.601240391421754,0.47650991920453306
CAGATACGTGTCATGT-1,-13.924534229075716,-0.36680417793264936
CAGATCAAGATTTGCC-1,-15.867246646805654,-0.9135597205213154
CAGATCAAGGTGCAGT-1,-13.519144932235738,-1.8106324555258622
CAGATCAGTACGTAGG-1,-10.82872328055518,-6.156274494933058
CAGATCATCAAGTCTG-1,-12.043005468129296,-6.853717076490531
CAGATTGAGCCATTTG-1,-15.130087028965033,-1.9826948947901446
CAGATTGAGCTTCTAG-1,-11.959394234263113,-5.3627225342850995
CAGATTGAGGATACCG-1,-11.433312254653124,-6.658217429240257
CAGATTGAGGCCTGCT-1,-11.891269859074733,-0.29704129456572365
CAGATTGAGTCTAACC-1,-14.27808114140811,0.622902144239686
CAGATTGCAAGCTACT-1,-12.649194039153736,-0.8243682655446459
CAGATTGCACTGAATC-1,-11.545751696557359,-6.961900981588867
CAGATTGTCACGGTCG-1,-17.62209667295132,-0.207405561331762
CAGATTGTCCAGTACA-1,-13.584598553286249,1.2489796772590023
CAGATTGTCGAAACAA-1,-16.946901282931112,-0.8530535076606295
CAGCAATGTACATTGC-1,-14.012678171334066,-2.170516190973626
CAGCAATGTCGGTACC-1,-11.951200578339954,-4.889121608878343
CAGCAATTCGGATACT-1,-16.545079588006537,0.5904218589318915
CAGCACGAGAAGTCTA-1,-12.987072584216502,0.43544231494642816
CAGCACGAGCATTGTC-1,-16.32594138601715,-0.8338465471650974
CAGCACGAGGTTATAG-1,-12.393381465688172,0.5375386932547407
CAGCACGGTACTCCCT-1,-13.799175660655822,1.6974250422904198
CAGCACGGTATGCGGA-1,-11.922796358009883,-7.563439157000336
CAGCACGGTTAGGCTT-1,-13.037284253583664,0.7441737764956741
CAGCACGGTTTGGAAA-1,-15.622529177595814,-2.9598365573689587
CAGCAGCAGAGTCAGC-1,-15.410633269571028,0.7287616944273522
CAGCAGCAGCAGCCCT-1,-15.708546442801833,-1.119900460161385
CAGCAGCAGGGCTAAC-1,-14.296245031650686,1.559740104319248
CAGCAGCCACGCGCAT-1,-12.73986008476224,-6.40027368998506
CAGCAGCGTTCCCAAA-1,-18.144052105295632,-1.8106068523932055
CAGCAGCTCTCTCGAC-1,-11.722982353942646,-3.7755212724374303
CAGCCAGAGGCATCGA-1,-16.00827553046107,0.7999842639078926
CAGCCAGAGTCTGGAG-1,-12.503517398076788,-6.787029505931973
CAGCCAGCAGCTATTG-1,-12.125518686111526,-1.7530112827324371
CAGCCAGGTGCCAAGA-1,-12.12510407981592,-4.85497039662392
CAGCCAGGTTCCTACC-1,-16.02423255115894,-0.2825446579015058
CAGCCAGTCCGCTAGG-1,-14.928338619586924,-1.9811614559921917
CAGCGTGCAGGCTACC-1,-12.510351527784298,-4.987474610253353
CAGCGTGCATGCAGCC-1,-15.01265057006434,1.59741866201499
CAGGCCAAGCTAAATG-1,-15.415832703618358,-3.4690400075735415
CAGGCCAGTCCTGGTG-1,-13.194765280620791,0.4202034441041383
CAGGCCATCACATTGG-1,-13.230577324565672,-3.6496791849259558
CAGGCCATCAGCATTG-1,-15.208026649233037,-1.9247222806327828
CAGGCCATCTACGGGC-1,-12.617637302441855,0.9419228127516405
CAGGGCTAGGTAAACT-1,-18.720044697918276,-1.2127784574597524
CAGGGCTCAAAGGCAC-1,-13.61762533297281,-3.2006836121923494
CAGGGCTCAACTGGTT-1,-14.567172674030244,-0.1641140255587495
CAGGGCTCAGCGGTCT-1,-16.507487271632606,1.9730787028719432
CAGGGCTCATTCACCC-1,-13.533715945890409,1.9179997552560217
CAGGGCTGTACCATAC-1,-12.864309962463473,-5.337474228345544
CAGGGCTTCGCTACAA-1,-16.8136780598945,-2.979236933280548
CAGGGCTTCTGCCCTA-1,-13.531219313996324,0.6372046659350321
CAGGTATAGATTGGGC-1,-13.403834711059941,-7.280092968982112
CAGGTATAGCAGATAT-1,-12.531359719757525,-7.655197018996659
CAGGTATAGGGACCAT-1,-11.417590783971457,-5.009237952083276
CAGGTATCAGCTATAC-1,-12.031452934785293,-1.4714544401585141
CAGGTATGTAGGTAGC-1,-16.37942672035958,-1.9876719225542825
CAGGTATGTCAACACT-1,-11.756177196083,-7.042200959470795
CAGGTATGTGGCGTAA-1,-17.14206196644639,0.7530527399912206
CAGTGCGCAAATTAGG-1,-17.54950491205002,-0.4126095793097288
CAGTGCGGTTCAAAGA-1,-17.50386682118608,0.7698904493091097
CAGTGCGGTTTGTTGG-1,-12.105152113377128,-7.249426581077699
CAGTGCGTCCATTGTT-1,-13.597838592211117,-4.916532110453986
CAGTTAGAGGCACTAG-1,-11.97806500405768,-5.046023631333608
CAGTTAGAGGCTATCT-1,-14.661603049574733,-0.37892219238920066
CAGTTAGCAAGTCATC-1,-17.40788153778608,-1.10817744684869
CAGTTAGCACCTATCC-1,-12.735859518497966,-0.12525093352357886
CAGTTAGGTAGATTAG-1,-17.33554429792067,1.096007284633042
CAGTTAGGTCGTGGTC-1,-11.79073941112737,-6.486621816882895
CAGTTAGTCTCGACGG-1,-15.019618335064694,0.7219920346806851
CAGTTCCAGGGAGTTC-1,-14.660826354558091,-2.917634001831267
CAGTTCCAGTTGCGCC-1,-16.98242028294165,-2.2412377223312556
CAGTTCCCAGTCGCTG-1,-12.152452689975016,-7.18951468150483
CAGTTCCTCAAGTCGT-1,-13.918095331419458,-4.082360352658718
CAGTTCCTCCATCGTC-1,-12.988352365341823,-3.073422303297397
CAGTTCCTCTCAGGCG-1,-16.692065721168916,0.2830293417307622
CAGTTCCTCTTCTCAA-1,-12.066530454159174,-1.6587782035859342
CATAAGCAGCTGCCTG-1,-14.191424877843069,-3.931696945906947
CATAAGCCACGTAGAG-1,-16.065742207514898,0.6042424709782497
CATAAGCCATAATCCG-1,-14.239441917968882,0.13900656445818788
CATAAGCGTACGACTT-1,-12.411820545176367,0.8492711282886724
CATAAGCGTGTCTTGA-1,-17.845957715727916,-2.070741444454131
CATAAGCTCGGCCTTT-1,-18.56389557411784,-1.8357077938535937
CATAAGCTCTATCCAT-1,-13.726676096509788,0.7815070191058322
CATAAGCTCTGGAAGG-1,-16.544835305089027,-0.40834837287533415
CATACAGAGAGTTGCG-1,-14.29288244039633,-2.2509252390099297
CATACAGAGATAGCTA-1,-15.795193235426547,0.2243155621084164
CATACAGAGGTGGTTG-1,-15.742943248413935,1.2000602623510694
CATACAGAGTTCCATG-1,-13.588827730622626,-1.7154906843634408
CATACAGCAAAGGATT-1,-11.469536475229317,-5.107768487244951
CATACCCGTTACCCAA-1,-12.09690644872287,-1.8705988895584533
CATACCCTCAATCTCT-1,-11.46368020694983,-6.8085028634674405
CATACCCTCGGTTGTA-1,-11.27290146831071,-5.775888715965472
CATACTTCACCCTAAA-1,-11.936052790240188,0.300660989547478
CATACTTCATCAGCTA-1,-11.857768883976126,-1.5453234148302601
CATACTTGTTTGGGTT-1,-11.320769296924112,-4.767145780980637
CATACTTTCCGTATGA-1,-13.499588871678846,-0.6118354294489747
CATACTTTCGACATCA-1,-12.715155909340703,-2.4156205869124623
CATAGACGTCGGCACT-1,-15.214745018855435,-0.29664910378051484
CATAGACGTGCCGGTT-1,-12.247028512839632,-6.565251764527479
CATAGACTCATGCATG-1,-16.200592894388954,1.3915013190556043
CATAGACTCATTGCTT-1,-12.180391597007452,-4.918497772961242
CATAGACTCCTAGCTC-1,-14.5579275880286,2.1363480739247325
CATCAAGAGGAAAGGT-1,-17.052944718900783,-0.2571733547246906
CATCAAGCACAAATCC-1,-12.869080232582917,-3.0118478845605434
CATCAAGCATACAGCT-1,-14.778314736356045,-1.0331115036987375
CATCAAGGTTCACCGG-1,-12.256965278833258,-5.00221597443452
CATCAAGTCCTTCACG-1,-12.028807742209706,-4.899196248921526
CATCAAGTCTATACTC-1,-12.9934611358755,-2.7724019977096024
CATCCACAGGTTCCAT-1,-12.301231380280361,-1.7319287288533898
CATCCACCACCGGCTA-1,-13.03497521337664,1.0270602345797761
CATCCACGTCAAATCC-1,-12.470322242953815,-3.235528110475116
CATCCACGTCAGTCTA-1,-15.066221760814658,-0.3873955187313786
CATCCACGTCCAGGTC-1,-12.77291237288599,-0.5993618384169176
CATCCACTCACCTACC-1,-12.447045933538421,-2.136163821261031
CATCCACTCGGCTGAC-1,-17.007347357921308,-2.063456150653205
CATCCACTCTTGCGCT-1,-11.791533914865733,-6.350081696722845
CATCCCAAGCACCGTC-1,-14.394978484453517,-1.8359337978634667
CATCCCAAGCATAGGC-1,-16.525993337437814,-1.4783154191660606
CATCCCAGTCGAGTGA-1,-18.154007638112194,0.6431463870976297
CATCCCAGTGTTCCTC-1,-14.736739616699637,-3.87437152506664
CATCCCATCCGCACTT-1,-12.908038216445139,0.983167724546041
CATCCCATCGAACTCA-1,-16.492391965965663,-3.13501793553637
CATCCCATCGACTCCT-1,-17.19973845497236,0.4139525411022284
CATCCCATCTACTTCA-1,-14.1093041757504,-3.522092599752336
CATCCCATCTCTTCAA-1,-12.66253085134591,0.23723287455264655
CATCCGTAGCCTGCCA-1,-11.846304955844673,-5.7618303098750765
CATCCGTAGGACTGGT-1,-16.02801348709353,-1.8437369920075857
CATCCGTAGGTAATCA-1,-14.779708737671802,-0.656201576435925
CATCCGTCATATAGCC-1,-13.071841450237956,1.3448461353859473
CATCCGTGTCAACATC-1,-13.833432552633697,1.3935869082200112
CATCCGTGTGTGATGG-1,-18.138178097981182,-0.25446076049123545
CATCGCTAGTCTTCCC-1,-17.041957979745384,-3.4526534183582833
CATCGCTTCTTCGCTG-1,-12.338303037311768,-2.043959135617437
CATCGGGCAGATACTC-1,-12.380006344089882,-6.777901110991802
CATCGGGGTCAGATTC-1,-16.143181479353615,0.12356696466547289
CATCGGGTCTTAGCCC-1,-13.690690452412623,0.2611978119536703
CATCGTCAGGGAACAA-1,-17.25930256324639,-3.110021169323792
CATCGTCGTTAACAGA-1,-12.244455494645049,-7.093069405841348
CATCGTCGTTGGTAGG-1,-18.393277462453447,-1.7786954978910665
CATCGTCTCCGAACGC-1,-13.122150698518881,1.002367532830374
CATGAGTAGACTTAAG-1,-17.446732106360088,0.06850739855626811
CATGAGTAGCGAAACC-1,-13.52507364488869,-0.5622817343953755
CATGAGTCAACTACGT-1,-13.843398815379505,-1.900473116249109
CATGAGTCAGCTGTAT-1,-17.296414270463313,1.1906686746347706
CATGAGTGTACCTATG-1,-17.58471962404169,-2.327143667922125
CATGAGTTCCCGAGAC-1,-12.652570072639941,-4.38303368476993
CATGAGTTCGCTAATG-1,-15.00405131664608,-0.465073813483558
CATGCAACAGGAACCA-1,-16.70741093329666,-1.214403533926547
CATGCAAGTGCCTTCT-1,-12.822080485340155,-0.8639725231846417
CATGCAAGTGTGAGCA-1,-11.848379498951022,-7.51986678397095
CATGCAATCAGCCTCT-1,-14.937008137160108,0.5759682674432567
CATGCAATCCAAAGGG-1,-13.93085347324673,0.263508165035692
CATGCAATCGATTGAC-1,-12.405035142607009,0.16859264260131082
CATGCAATCTCGCCTA-1,-15.616743254905396,0.08605289712937786
CATGCCTAGAATCCCT-1,-13.288318903969962,0.907125840160115
CATGCCTAGACATAAC-1,-13.400860406256932,1.9379921354391845
CATGCCTCAAACGTGG-1,-12.992493489451684,0.8466850273472285
CATGCCTCACAACATC-1,-12.260411519308873,0.5780967051782672
CATGCCTCAGCGATTT-1,-13.160243732406013,-0.749927852701746
CATGCCTTCCGACGGT-1,-11.949826784985023,0.7128409074149914
CATGCCTTCGTCGATA-1,-12.703237624547217,-1.245812764102775
CATGCCTTCTTAGCAG-1,-11.557629125747763,-5.380565682932016
CATGCGGAGACCTGGA-1,-15.411576523901518,-3.32180280586303
CATGCGGAGCTGACCC-1,-13.380154500197198,-1.2570492331140486
CATGCGGAGTAGGGTC-1,-17.459835320793477,0.051917679571305615
CATGCGGCACTACTTT-1,-13.413823887876548,1.0712847799927205
CATGCGGCAGACCAAG-1,-16.493904411796567,-0.999442951259238
CATGCGGCAGCTCCTT-1,-13.143182437057002,-1.0426995911395727
CATGCGGCAGCTGGTC-1,-14.00606570747122,-3.0385645700604154
CATGCGGCATTGTGCA-1,-15.70116582899936,-3.994250656053412
CATGCGGGTAGAATGT-1,-11.71771318529824,-7.45022123466379
CATGCGGGTCACTCGG-1,-14.461169415475513,0.655401294978842
CATGCGGGTCGAACAG-1,-14.858127449880232,1.8890786547480645
CATGCGGGTCTCTCAC-1,-11.659515942109584,-6.0962712026696355
CATGCGGGTGCGGCTT-1,-13.625225124831372,-1.779355351015157
CATGCTCAGACGTCGA-1,-17.20307068099183,-2.1454676038101543
CATGCTCAGAGGGTAA-1,-14.175566252787714,-3.2714636470539302
CATGCTCAGATGTTGA-1,-15.672088744626556,0.6666268382186183
CATGCTCAGCAAGTGC-1,-17.72286179096807,0.5356297845386045
CATGCTCAGGACATCG-1,-13.898311226946602,-3.3314930645097296
CATGCTCCAGAGGTTG-1,-12.661612374666527,-1.260213518048456
CATGCTCGTGGTCAAG-1,-17.489045458827658,-1.9339027275283547
CATGCTCGTTCGGGTC-1,-15.760638938936012,-0.13665638580506773
CATGCTCTCATTTCGT-1,-12.196335039273132,-1.658807104181284
CATGCTCTCCCGTGTT-1,-16.212184979020137,0.6292969353991437
CATGCTCTCGGCTGGT-1,-16.714686492241036,0.12294910012386913
CATGGATAGATGCTAA-1,-13.038428301126821,-5.5132440570140275
CATGGATAGCTAGATA-1,-17.382343913644238,-0.07150977423430556
CATGGATCAACTCGTA-1,-14.784056108934971,-4.083849786099032
CATGGATCAATGAAAC-1,-15.738546849956448,0.2360017115305104
CATGGATCAATTTCTC-1,-16.11028989370587,-3.543823075246791
CATGGATCACATATCG-1,-16.33101093355146,-1.0798986193977336
CATGGATGTGTTAAAG-1,-15.005523812141249,1.1190543668395052
CATGGTAAGAGCTGAC-1,-13.107001682684905,1.4014504775294356
CATGGTAAGTCCGCGT-1,-13.651675699474824,1.8367833728392005
CATGGTAGTTGGAGGT-1,-16.203574446511098,-0.39754658631912926
CATTCATAGATGTTAG-1,-14.40238289915117,1.9040011472154093
CATTCATAGGTAGTAT-1,-12.399372725591274,-2.221475898367748
CATTCATTCAGAGCGA-1,-14.4988489228583,-4.1802678201439525
CATTCATTCGACTCCT-1,-12.850392374437739,-2.7140025099067246
CATTCATTCTTTGCGC-1,-12.324318324952989,-2.4259443493129984
CATTCCGAGGTCATCT-1,-12.944609061185917,-1.481248756231451
CATTCCGCAAGTCGTT-1,-12.793054431207759,-7.183486680121216
CATTCCGCACTAGAGG-1,-15.356846785866084,-2.462012669345336
CATTCCGCATAAGCGG-1,-12.010411138787287,-4.312288623231392
CATTCCGGTCAGTTTG-1,-13.363311226447426,-3.5833200466667314
CATTCCGTCATTACGG-1,-16.47854085301962,-2.090337778041886
CATTCCGTCGAGTGGA-1,-15.699167190129126,-0.7140139316330588
CATTCTACACCAATTG-1,-12.815038665797195,-0.2856998417167755
CATTCTACAGCGAGTA-1,-15.184757314080109,-2.682702974684621
CATTCTACAGTCACGC-1,-12.602239512714224,-5.999938735579727
CATTCTAGTAGTGTGG-1,-13.156990126604706,-6.248639887282185
CATTCTAGTCGTGCCA-1,-16.9616365913995,-3.045922162606102
CATTCTATCTTCACGC-1,-12.947190954911962,1.430520364156697
CATTGAGAGATGCAGC-1,-13.81231887360098,0.6676951125543065
CATTGAGAGCACGTCC-1,-11.598425186721059,-7.199072312252997
CATTGAGAGTAGCAAT-1,-13.078075192412909,-6.650840388476013
CATTGAGGTATGGAAT-1,-14.717170934468664,0.4868012111612929
CATTGAGGTCCAGGTC-1,-15.510512232258387,-2.5447901667934896
CATTGAGGTGACAGGT-1,-12.200172753922786,0.17536974136107858
CATTGAGTCGCAATTG-1,-17.112695199902593,-1.8995754759842023
CATTGCCAGAGGCCAT-1,-12.431888377881803,-1.655458665191183
CATTGCCCAAGACGGT-1,-15.026127894849322,-0.009036590088690682
CATTGCCCAGAGATTA-1,-12.275107604760617,-5.049690147553507
CATTGCCCAGCAGTGA-1,-15.348505479524059,-1.5092365880319054
CATTGCCGTATCACCA-1,-11.934496385061394,0.5539014976148257
CATTGCCGTTCAGGTT-1,-11.191690144049996,-6.0104605041837225
CATTGCCGTTCCGTTC-1,-14.6036416185948,1.7489403746413306
CATTGCCTCAGAGTTC-1,-13.147858879411134,-0.188839333565794
CATTGCCTCTTGGCTC-1,-14.061025589707272,-2.7530819521803958
CATTGTTCAAGTGCTT-1,-15.55340209682736,-0.9148322319243348
CATTGTTCAGAGTCAG-1,-17.10571487366952,0.57052357795099
CATTGTTCAGTATTCG-1,-12.71012093500106,-5.9130189764232055
CATTGTTGTGACTGTT-1,-15.273998875659327,-3.8908454509768693
CATTGTTGTGTCTTCC-1,-15.768391244270871,-2.493255797941167
CATTGTTTCCCTTGTG-1,-13.232239983130535,-0.16660647266374234
CATTTCAAGAGAGTGA-1,-15.534487260148204,-3.9725447781210286
CATTTCAGTATCGCTA-1,-15.21373100153662,-3.3716774284351265
CATTTCAGTATTGGCT-1,-13.890485693090227,1.985529360745142
CATTTCAGTTGCTTGA-1,-12.303901753971335,-1.2831062304395269
CATTTCATCCGATGCG-1,-15.572892667926622,-1.6083247465936015
CATTTCATCTCTAGGA-1,-12.262346064301717,-7.702804083989094
CCAAGCGCAAACCGGA-1,-14.645692830009152,-3.9843677216491185
CCAAGCGCAATGAACA-1,-15.24977300787061,-0.47929300360775984
CCAAGCGCAGAGTTCT-1,-17.19936949653389,-1.8384246849272143
CCAAGCGGTTGCAAGG-1,-12.259959666884159,-6.179001894152786
CCAAGCGGTTGTGTTG-1,-13.837720031278433,1.9403362644916542
CCAATGAAGGCAGGGA-1,-17.032832021472576,-2.947043632818384
CCAATGACAATGAGCG-1,-14.267809713619961,0.4661850223655889
CCAATGACAGAACTCT-1,-13.773975224757862,-0.42867403743204135
CCAATGAGTATGTCTG-1,-12.18137693484681,-7.100863894923035
CCAATGAGTCTCACGG-1,-11.885394457264505,0.03924501782822358
CCAATTTCATAATGCC-1,-16.093677156045704,0.15356726340219165
CCAATTTGTCGTTTCC-1,-15.091580629008899,0.16058121068665712
CCAATTTGTTCGTAAC-1,-15.684317307213101,0.08094587413362321
CCACAAAAGTATAACG-1,-14.046648416559448,-3.991958772319576
CCACAAACAATTTCTC-1,-13.189120331021092,-2.861377354671792
CCACAAACAGGCCCTA-1,-16.481283111382062,1.496052041661096
CCACAAACAGGCCTGT-1,-11.888115517546002,-4.867681023527729
CCACAAACAGGGAATC-1,-13.190272695170258,-3.2226669558222825
CCACAAAGTAACAGGC-1,-14.18292841188397,-3.7063950635156155
CCACAAAGTATAGGAT-1,-12.804408879161594,-5.511354892940091
CCACAAAGTGTTGCCG-1,-11.2993930955318,-5.1282583221664115
CCACACTAGAGGTTAT-1,-12.712550016964615,-1.6414883585445303
CCACACTAGATCCCGC-1,-10.822810257362121,-5.302656314180621
CCACACTAGGAGTCTG-1,-18.521019479191516,-0.7809368184514431
CCACACTCAAGCCCAC-1,-13.379445559797272,-3.618966091778518
CCACACTGTGCGGATA-1,-11.662093120745356,-6.8416116611879465
CCACACTTCGTCTCAC-1,-13.221850733697327,0.23485393078238997
CCACACTTCTGCACCT-1,-12.00653078772842,-7.086217203495523
CCACCATCACCTCTAC-1,-12.584863294936458,-0.5603880346884202
CCACCATGTCAAGCGA-1,-11.829932860409839,-6.105047913830044
CCACCATGTCAGATTC-1,-12.057732007257059,-0.3093255155004608
CCACCATGTCCTGGGT-1,-12.504266858472324,-7.33533622962277
CCACCATTCACTTGTT-1,-11.822137326066933,-2.323409193048336
CCACCATTCTTGATTC-1,-13.317301765721666,-2.086207048740715
CCACGAGAGACCTTTG-1,-12.05027522737299,-1.070362089942931
CCACGAGAGTCCTGCG-1,-12.517455734066235,-3.404809355879349
CCACGAGAGTGTTCAC-1,-17.484603420843648,0.04965474144627411
CCACGAGCATGGCCCA-1,-16.18431403260883,0.8145069672567266
CCACGAGGTATCAGGG-1,-16.978318863121466,-2.243130639665704
CCACGAGGTGTCCAAT-1,-15.56117972369483,-3.3056726243326198
CCACGAGGTGTTAGCT-1,-11.39858330092938,-6.481402098858736
CCACGAGTCCCGTGAG-1,-11.879136898940176,-6.277334386741406
CCACGTTAGGCTGTAG-1,-17.064731339767864,-1.752080682578179
CCACGTTAGGTCACCC-1,-17.714437482146707,-0.7626241749499086
CCACGTTCACATGGTT-1,-13.51827539491546,-3.231412738228441
CCACGTTCAGAACTCT-1,-14.970535641858415,-1.74355239163099
CCACGTTGTCTTGCTC-1,-13.338539688451867,-3.1398970572166074
CCACGTTGTTCCTACC-1,-14.668573157643923,-3.380882915287921
CCACGTTGTTGTGTTG-1,-15.751149076599624,-2.9675129761190964
CCACGTTTCAAACGTC-1,-10.95309490032812,-5.113065228782692
CCACTTGCATACATCG-1,-10.990648841220107,-5.463360219470597
CCACTTGCATAGACTC-1,-13.728452985076867,1.200002059128377
CCACTTGGTACGGTTT-1,-14.360480708382514,-0.8686081798178624
CCACTTGGTATCCTTT-1,-16.4998572139875,-0.10564738846903773
CCACTTGGTGTGTGTT-1,-12.694442310241874,-7.209459795530529
CCACTTGTCAGCCTCT-1,-12.345902403269127,-2.511666501653534
CCACTTGTCATTATCC-1,-14.73252781544918,-0.6254907720009061
CCACTTGTCCTAAACG-1,-11.661641662934665,-5.6178828696223775
CCATAAGAGACAACAT-1,-11.17872049079866,-4.721589372909651
CCATAAGGTCTGTGGC-1,-17.44228867852534,0.019135321573007732
CCATAAGGTGAGATAT-1,-11.853304094849868,-7.617845533391466
CCATAAGTCGAAGCAG-1,-16.865226495015047,-1.8938726729184574
CCATAAGTCTCTTCAA-1,-15.314774463747911,0.5777117253522445
CCATAAGTCTTAGCCC-1,-12.061111601975478,-5.28101904734263
CCATCACAGATGGTAT-1,-15.49171003763372,0.4877652904334045
CCATCACAGCCGTCGT-1,-16.579655512048085,-2.7234785620643653
CCATCACAGCGTGAAC-1,-16.44499135515691,-0.20535722406481915
CCATCACAGTAACGTA-1,-16.70545805361086,-0.9603933270360255
CCATCACAGTCCCGAC-1,-12.877162196262514,-5.594105498851653
CCATCACCAGAACTAA-1,-12.112578112454521,0.23640907295939942
CCATCACCAGTTAGAA-1,-13.790301414094758,-3.5570379380424644
CCATCACCATCGTGGC-1,-14.692430913518221,2.2170477804906654
CCATCACCATTACTCT-1,-15.648564450837885,0.6230151769833286
CCATCACCATTGCCTC-1,-12.442119435372122,-1.1956228060025673
CCATCACGTGGTCAAG-1,-16.356662373171392,-2.3558187061544085
CCCAACTAGGCCTAGA-1,-12.280782499412473,-2.1883690170559387
CCCAACTTCAGTCATG-1,-15.850785285787973,-0.12373513162193789
CCCAACTTCCATCTAT-1,-12.41337238520722,1.0566973528516581
CCCAACTTCCCTGTTG-1,-11.019705050879633,-5.927118082111042
CCCAACTTCGACGCTG-1,-12.925133023120175,0.8771029492486218
CCCATTGAGAAACCCG-1,-13.413849708982656,-0.018090851009326104
CCCATTGAGCTGGTGA-1,-15.782839614597181,0.5001074619028066
CCCATTGCAAGACTGG-1,-17.855482837219828,0.5404299595837666
CCCATTGCAGTCTTCC-1,-13.982513905939403,0.7222022154897039
CCCATTGTCAGTCAGT-1,-13.295123397266568,-0.6932534728289942
CCCGAAGAGAGTTGCG-1,-12.618764451517594,-7.7467131322317595
CCCGAAGCAAGAGTAT-1,-17.114668964068855,-1.235730477479388
CCCGAAGCATTCATCT-1,-12.316248099570924,0.9736345105227856
CCCGAAGGTTAAGAAC-1,-15.367901401975082,-3.659253855144533
CCCGAAGGTTGGGTAG-1,-17.079761425171455,0.539674985643833
CCCGAAGTCGACGCTG-1,-11.936673312877478,-7.239458995316966
CCCGAAGTCGACTCCT-1,-15.056855525608771,1.7333337151509682
CCCGGAAAGAATCGAT-1,-16.493496959997504,-1.2051408544635893
CCCGGAAAGTAAATGC-1,-13.855575911038752,0.5988895154606292
CCCGGAAAGTCTAACC-1,-17.201233523002802,-0.40072483074645515
CCCGGAACAGCGAGTA-1,-16.856788342820167,-1.5091162312784698
CCCTAACAGCGGTAGT-1,-14.745842031665935,-2.487122175999369
CCCTAACCAGTCTACA-1,-12.438838709213455,-5.332877455488979
CCCTAACGTGTCACAT-1,-12.04845495492795,-5.9504289468374045
CCCTAACTCACATTGG-1,-15.353110993994212,-0.46561068436168046
CCCTAACTCGACCACG-1,-11.81927099671818,-3.7012488673004778
CCCTAACTCGTACCTC-1,-13.164825313929146,-1.049738559980504
CCCTCAACATGACTCA-1,-12.299388347838741,0.08930078504638603
CCCTCAATCCTGGGAC-1,-14.019549059819058,-3.6528199233204433
CCCTCTCAGCACCCAC-1,-15.31429343090811,-0.7107647833621518
CCCTCTCGTAGCGTAG-1,-12.199610900749656,-7.248381120506448
CCCTCTCGTTAAGGAT-1,-13.463599320876506,0.6537563050195265
CCCTCTCGTTTGATCG-1,-17.237353046221212,-2.750022972149118
CCCTCTCTCCTCGCAT-1,-12.323039603972921,-0.9606332637412371
CCCTCTCTCGTGGCGT-1,-12.507153324047707,0.8113898389291639
CCCTGATAGACCTTTG-1,-14.922616907436778,0.43754013482479037
CCCTGATAGATCCAAA-1,-11.23779367647531,-5.6835046201616946
CCCTGATAGCAGTCTT-1,-13.371527147047564,-1.6191070137947106
CCCTGATAGTTGTCAC-1,-13.868393550311911,0.8686794596718618
CCCTGATCAAACCATC-1,-12.548569895182384,-0.22032140061174058
CCCTGATCAGTGTGGA-1,-12.049101064678146,-5.986602868281492
CCCTGATGTGTTTACG-1,-17.535059056372805,-2.4301979174777553
CCCTGATGTTTGACAC-1,-14.514045413999686,1.3586392903049505
CCCTGATTCACTCTTA-1,-16.987796132724803,-1.0735094085696366
CCCTGATTCGCATAGT-1,-13.190087801366941,-6.328314818184333
CCCTGATTCGCTACAA-1,-11.071840047317513,-7.116265855829371
CCCTTAGAGCATGCAG-1,-12.278386168165493,0.38134578480349424
CCCTTAGAGGAGTCTG-1,-17.7870871657474,-1.280201828628969
CCCTTAGAGGTTTACC-1,-12.83884362587703,-2.297334726683249
CCCTTAGAGTGAATAC-1,-12.798902117553565,-5.700827445914241
CCCTTAGCATTCAGCA-1,-13.062645906962155,-4.835984294151545
CCCTTAGTCATCACAG-1,-12.642946850527197,-2.256897334754058
CCCTTAGTCGATACGT-1,-11.94071616908835,-6.368210418302024
CCGAACGAGCTGGCCT-1,-15.10879044347847,0.29833401286533195
CCGAACGAGTCACAGG-1,-15.789706660217922,-3.9299017432793453
CCGAACGCAGTTCTAG-1,-11.421956484596663,-4.338949832510403
CCGAACGGTATCTTCT-1,-13.522444253848736,1.0391209962221881
CCGAACGGTCAGTCTA-1,-17.673838238632374,-0.39587742816981464
CCGAACGGTCATGCAT-1,-13.333689450768091,-5.354864771207197
CCGAACGGTCTCTCAC-1,-13.632769267834234,1.090769028559615
CCGAACGTCATGAGAA-1,-16.92683879873161,-0.940561934842769
CCGATCTAGACATAGT-1,-14.33969561429896,0.5038635144970668
CCGATCTAGATTAGCA-1,-16.08796030630643,1.1421161378377984
CCGATCTAGCGATGAC-1,-11.615671753762266,-6.276876939720634
CCGATCTAGGCAGCTA-1,-13.143562021085868,-1.9690236665544596
CCGATCTCATCGATGT-1,-12.287996859259888,-4.406770399650233
CCGATCTGTCTAGGCC-1,-12.311881543018263,-0.5244141405394482
CCGATCTGTTTCGTGA-1,-12.148067582790903,-7.173687371880112
CCGATCTTCCGCAACG-1,-13.774614365605558,1.8126532489484402
CCGATCTTCTCCGATC-1,-11.265893232482881,-4.514177961996908
CCGATGGTCCCTATTA-1,-16.023848828081864,0.9013101453106803
CCGCAAGAGGATTTAG-1,-17.31394076684802,-2.633001978812347
CCGCAAGGTCATTGCA-1,-12.736936566595261,-5.070633803810888
CCGCAAGGTCTTCCGT-1,-16.273038888097858,1.058252997990412
CCGGACAAGCTAAATG-1,-11.919788770396696,-7.456549224987013
CCGGACAAGGAACGTC-1,-16.30385643130468,2.069813014815499
CCGGACAAGGCATCGA-1,-17.769902128248805,-0.2571481283414545
CCGGACACAATAGGGC-1,-10.78858217946482,-5.85595220889147
CCGGACACAGGAAGTC-1,-10.977821086095599,-5.771822364298293
CCGGACATCTCTCAAT-1,-12.470462099562532,-7.196681475230342
CCGGACATCTGGACTA-1,-13.125312327294944,0.6946811579419854
CCGGGTAAGCGTCGAA-1,-17.107418978194808,-0.7195471048687361
CCGGGTAGTCAGCGTC-1,-16.331680251599508,-2.712908795027227
CCGGGTATCGGAATGG-1,-17.78345878477448,0.03581253399546307
CCGGGTATCGTGGTAT-1,-14.506349617094017,2.004486786736299
CCGGTAGCAAAGGCTG-1,-14.026851121781513,-4.054232460603864
CCGGTAGCAGCGCGTT-1,-16.863896874687377,-1.8325171675036205
CCGGTAGGTGCCCAGT-1,-17.235087018676627,1.3389135375026309
CCGGTGAAGCTGCCAC-1,-14.974730074289884,0.8944640317546808
CCGGTGAAGGTGCAGT-1,-16.018579396371457,0.816469890541851
CCGGTGACAACGTAAA-1,-13.248082893820499,0.8290734853413813
CCGGTGAGTCAACACT-1,-11.358346483940082,-5.680723682118019
CCGGTGAGTCACCGCA-1,-17.583889363170332,-2.0689511242878833
CCGGTGATCTGGTTGA-1,-16.223418086881498,-2.753959121616377
CCGTAGGAGCTGTTAC-1,-13.966771564203901,0.9176064093681718
CCGTAGGCATACCAGT-1,-12.80782922790451,0.7195046204044897
CCGTAGGCATCGTGGC-1,-14.206368037435166,1.8926447716019694
CCGTAGGGTCCTGTTC-1,-13.545202594973468,-2.9520624130020874
CCGTAGGGTCTTTCTA-1,-11.465066432013346,-6.396700138485045
CCGTAGGGTTATGGTC-1,-11.016320543004152,-6.968278595852609
CCGTAGGTCTAGTTCT-1,-17.237325023064905,-0.25196166480427734
CCGTGAGAGACCATGG-1,-18.565988606052127,-1.0683154833753474
CCGTGAGTCTTGGATG-1,-18.130091164368924,-1.4470315870533417
CCGTTCAAGACTACGG-1,-11.607569353334847,-6.47209136180711
CCGTTCACACTGGACC-1,-11.864705637571456,-0.7875817055409196
CCGTTCAGTATACCCA-1,-14.05404707951026,2.22272817023775
CCGTTCAGTGCAGATG-1,-17.240299619892337,0.7198951813547653
CCGTTCATCCTCTAAT-1,-15.024040694434463,0.2749519071163711
CCGTTCATCGACACTA-1,-11.447717144471468,-6.296110855035398
CCTAACCAGCGACTGA-1,-12.860620949106599,0.8068494862385815
CCTAACCGTGGTCCGT-1,-11.063324720443703,-6.11469299480461
CCTAACCTCCGTTTCG-1,-14.000081026043405,-2.9593593829751774
CCTAAGAAGCGCCCAT-1,-18.205481846735438,-0.48941682186655466
CCTAAGAGTATAATGG-1,-16.80492364238563,-0.6711561991958145
CCTAAGAGTGGATCAG-1,-16.62241936409239,-1.691066144926297
CCTAAGATCGAATGCT-1,-17.8128266766129,-1.0393672419634394
CCTAAGATCTAATTCC-1,-14.416914021256236,0.8805108800669803
CCTACGTAGATCACTC-1,-14.655547035762423,0.5789356417935735
CCTACGTGTCCTGGTG-1,-17.24210254572181,-1.788102449214328
CCTACGTGTCTACACA-1,-13.872975105048308,-0.6544416832612119
CCTACGTGTGGACAGT-1,-17.639401066203654,-1.3541872992405435
CCTACGTGTTAGAAGT-1,-16.67737807796777,-0.9807606873114582
CCTACGTGTTGGACTT-1,-18.60045836138409,-1.3115274738216491
CCTACGTTCTGACGCG-1,-12.689530908058362,0.9419097654367309
CCTATCGAGCCTCATA-1,-13.478197672850161,-2.6804804194329876
CCTATCGAGTCACTCA-1,-12.459966306580327,0.8347939345035332
CCTATCGCAGGACAGT-1,-17.216494563643554,0.4271545708307741
CCTATCGGTACGAGTG-1,-18.28726865546497,-1.0618608658656938
CCTCAACAGAGTCACG-1,-14.06044819022526,-3.629077293824469
CCTCAACAGGCACCAA-1,-14.860727367344003,-3.114124114647683
CCTCAACCAGAGTAAT-1,-11.085879854989043,-5.984271353382574
CCTCAACCATCGGTTA-1,-12.522319918787984,-1.2693222081220126
CCTCAACCATGACCCG-1,-13.552029146137446,-3.2027547236424185
CCTCAACGTACCTAAC-1,-12.038688072085643,-0.5357986591678471
CCTCAACGTGACTGTT-1,-13.878971132641537,-0.15766235121879185
CCTCAACTCACATCAG-1,-10.893152370052329,-5.721193997458869
CCTCAACTCTATCCAT-1,-12.291096570228346,-0.4860518839225537
CCTCACAAGAAACTGT-1,-13.337177271031129,1.5974365849300516
CCTCACAAGATGCTAA-1,-12.830156538762486,0.04573982939620155
CCTCACAGTCTTGAGT-1,-13.133483904367043,-4.454569627940363
CCTCACATCTATTCGT-1,-14.572761386968628,-0.4632341865908601
CCTCAGTAGTTCTCTT-1,-12.249692715948527,-5.268695355742561
CCTCAGTGTGCTGTCG-1,-14.415382920186898,0.8358305882854292
CCTCAGTGTTAAGAAC-1,-11.42518081953774,-5.0323931511313384
CCTCAGTTCGCGATCG-1,-14.747184900091991,1.0853537623008738
CCTCATGAGCCGAATG-1,-14.36864122788183,-2.4685462428291673
CCTCATGAGTTACGAA-1,-12.89277739331976,-1.1322610029209184
CCTCATGGTCACGACC-1,-12.317090737102198,0.5595685201085879
CCTCATGTCAAGTTGC-1,-13.859829478419451,0.6200333985950026
CCTCATGTCCACATAG-1,-11.82051177960455,-5.770175181724148
CCTCATGTCGATTCCC-1,-16.67099918432348,-0.7368124922822884
CCTCATGTCTTCGGTC-1,-17.311643193266587,1.5713839648188503
CCTCCAAAGATTAGCA-1,-13.779987868741847,-1.5752724302349508
CCTCCAAAGGAAGAAC-1,-11.528841609014362,-7.265143781136464
CCTCCAACATGCCGAC-1,-15.15640808906226,1.7246763134627334
CCTCCAAGTGTTTACG-1,-17.666655361607074,0.8803269598147112
CCTCCAATCAGCTGAT-1,-18.07660419930354,-0.21501534914153195
CCTCCTCAGGTTTGAA-1,-12.743933221279484,-7.382642123734035
CCTCCTCAGTCATACC-1,-12.438834630231552,-2.048273662567304
CCTCCTCTCCTTTGAT-1,-11.880823334965406,-0.20113797339550582
CCTCTAGCAGAACTAA-1,-13.850981432208838,1.6212485836578021
CCTCTCCAGTAAATGC-1,-16.662022697030736,1.26067865727702
CCTCTCCAGTGTAGTA-1,-13.942822985405419,0.9779758180432627
CCTCTCCCACATACGT-1,-13.04610999673229,0.0699382491872561
CCTCTCCGTCGGCCTA-1,-12.442761315577648,-6.622660904649342
CCTCTCCTCAACCCGG-1,-14.053152736989054,0.24453101959410178
CCTCTCCTCGCGTGCA-1,-13.494819411911804,0.01509670341841608
CCTGCATAGAGTGTTA-1,-17.368735262140493,0.24861464806989444
CCTGCATAGCAGCACA-1,-16.976784434755558,0.9125554913006874
CCTGCATCAAACGAGC-1,-16.78279360425799,1.6212718837224978
CCTGCATTCCATTTCA-1,-11.713106494922226,0.3227512095892697
CCTGCATTCGGCCCAA-1,-14.946971972834326,-1.5894925828058997
CCTGCATTCTAGATCG-1,-18.209454949649995,-1.3030496542274932
CCTGTTGAGTAAACTG-1,-15.433205479354658,-3.365105207640186
CCTGTTGAGTAGACAT-1,-12.14559782362767,-0.5729880801054863
CCTGTTGAGTGGTTGG-1,-17.691033446353796,-1.250145265481589
CCTGTTGCAGAGATGC-1,-12.894345806153494,-0.8551694890043829
CCTGTTGGTGCGACAA-1,-11.52752444171421,-5.886625773255934
CCTGTTGGTTATCCAG-1,-13.14444800839564,-3.693206049205819
CCTGTTGTCAGCTAGT-1,-10.975302763989138,-5.348918220956559
CCTGTTGTCCCTCTCC-1,-12.90764695628395,0.8330570313507656
CCTTCAGGTTATGTGC-1,-12.023280883936168,-5.302873588703484
CCTTCAGTCATCAGTG-1,-12.838459237608468,-3.3508119287805993
CCTTCAGTCGATGCAT-1,-14.60292686582461,1.3103926158477774
CCTTCAGTCTTCTCAA-1,-12.543005810338384,-6.708969627601731
CCTTGTGAGAAGTCTA-1,-13.846905367855713,0.02566412046768489
CCTTGTGAGGAAACGA-1,-16.99898097487898,-0.7264219354817677
CCTTGTGAGGCTCAAG-1,-13.23478617971442,-5.4549760935459215
CCTTGTGAGTGATTCC-1,-10.908926027375449,-5.0988553261677625
CCTTGTGCAGACGATG-1,-16.647800609811185,-3.198410219218861
CCTTGTGCAGTCGCAC-1,-14.465973909704058,-0.34022788216188554
CCTTGTGCATAATCGC-1,-13.648452646294832,-4.139256943345808
CCTTGTGGTTTGTTCT-1,-15.055997957660509,1.4372850594410376
CCTTGTGTCAAGTGTC-1,-14.164539426781102,-3.0384378611597587
CCTTGTGTCTCCTGCA-1,-12.79816049307655,-0.035594974604327874
CCTTTGGGTATGGAAT-1,-14.277365366521034,-3.2482312739193366
CCTTTGGGTGACTCTA-1,-13.546708086496505,0.7459997452073058
CCTTTGGGTGCTGATT-1,-13.354895699302961,-3.2268283266505238
CCTTTGGTCAAGTGGG-1,-14.575365149673432,-2.7525472340744903
CGAAGGAAGGTGATCG-1,-16.34466426759123,-3.2508374189753435
CGAAGGACAAGGACAC-1,-10.732005748902656,-5.580740176441359
CGAAGGACATTCTCTA-1,-13.162903404581806,-3.042425255260537
CGAAGGAGTCTCACAA-1,-17.352391216721806,-3.086340422729698
CGAAGGATCATTGCTT-1,-16.483609038462443,-1.4190733111277642
CGAAGGATCCATAGAC-1,-11.172607074497291,-4.72148684463068
CGAAGGATCTACGCGG-1,-14.864075369649388,0.032375898782435214
CGAAGTTAGGATGGCT-1,-12.463762009506151,-7.331904572577038
CGAAGTTTCTCTCAAT-1,-12.619633932128746,-0.7567460238823894
CGAAGTTTCTGACGCG-1,-13.460096534023462,1.4267956096658796
CGAATTGAGACTTCGT-1,-12.740004582236583,-7.266680715186292
CGAATTGCAATCACGT-1,-13.899507593622168,-3.3813262978291605
CGAATTGGTCTAATCG-1,-14.236169876945036,-1.6990947196827206
CGAATTGTCTTAGCAG-1,-12.62013838381035,0.6976234092362507
CGACAGCAGATCACCT-1,-13.585414759557409,1.87838264687851
CGACAGCAGGCATCTT-1,-15.454179296773011,-2.7044970539753255
CGACAGCAGGGATGTC-1,-13.274812493954471,1.6564040048670923
CGACAGCAGGTGATCG-1,-16.285974921232086,-2.7363904979261817
CGACAGCAGTTACGTC-1,-16.97412482379602,1.3407545594190189
CGACAGCCACAGTCCG-1,-12.644028346414327,0.3105827430585052
CGACAGCCACCCTAAA-1,-14.13363168931946,-1.340947992015559
CGACAGCCACTCAAGT-1,-12.311145662056633,-5.157037058287373
CGACAGCCAGCAGTCC-1,-12.806281701790235,-2.225849677413018
CGACAGCCATAATGAG-1,-13.423136853498825,0.9954235923255699
CGACAGCGTGCCCACA-1,-14.399150066698487,1.4131833460011776
CGACAGCTCTTGCAGA-1,-17.20852616179002,-1.0106348620562027
CGAGAAGAGACCAAAT-1,-14.520887076602774,2.0213261431201017
CGAGAAGAGCATCAGG-1,-17.429527088334897,-0.030782570221510704
CGAGAAGAGTCGCCAC-1,-16.54902158292642,-3.15466495923029
CGAGAAGCAATACCCA-1,-16.149404274410784,1.9032808773364966
CGAGAAGCAATTGCAC-1,-13.252596313378927,-1.3449826934409463
CGAGAAGCACAGAGAC-1,-11.961336869311424,-7.06091646574208
CGAGAAGCAGCGTTTA-1,-11.945432643427145,-5.848101991244323
CGAGAAGGTGACATCT-1,-12.568126599436486,-6.176392548932924
CGAGAAGTCCAGGACC-1,-17.563092037491206,0.5542998902244003
CGAGGAAAGTTTGTCG-1,-12.081879105850714,-6.952313522435442
CGAGGAACACAACGCC-1,-12.957331710831488,-0.26187781435113405
CGAGGAACACTGAGGA-1,-16.393447803197027,0.812937494146615
CGAGGAAGTAGTTCCA-1,-15.069883665003779,1.6574872991734555
CGAGGAAGTCTCACAA-1,-15.45502335852069,-3.328016329272275
CGAGGAATCATCTATC-1,-14.389343020214943,-2.541376794047915
CGAGGAATCATGGGAG-1,-11.680484450159053,-5.882165533689772
CGAGGAATCCGGCAAC-1,-13.633208847720867,-3.934435756553706
CGAGGAATCGGAAACG-1,-18.179698969622272,-1.8328795735338939
CGAGGCTAGAGATCGC-1,-16.402374288344415,1.2066304751545525
CGAGGCTCAAGGTCGA-1,-16.2831251710795,-1.7919793288564418
CGAGGCTCACTTCCTG-1,-11.270249890806017,-5.257453885850736
CGAGGCTCAGGGAGAG-1,-17.56461099291399,-1.222167507192757
CGAGGCTGTAGACGTG-1,-14.368611446905733,-0.8919305570829973
CGAGGCTGTGACATCT-1,-17.026196493641947,-1.449989741899899
CGAGGCTTCCTGATAG-1,-13.224075892125777,0.34417207242917547
CGAGTGCAGATTGGGC-1,-14.747791466447145,-1.6042711292332499
CGAGTGCAGCTAGAGC-1,-16.64222744716493,-0.9314476334889694
CGAGTGCAGTAGTCTC-1,-11.489939846671982,-5.471103996500391
CGAGTGCCACAGAGCA-1,-14.354654636531407,0.8980527112547836
CGAGTGCCAGAGAGGG-1,-15.469911921975203,0.6766536471004777
CGAGTGCCATAGATGA-1,-15.341773479357709,-3.7284320922578655
CGAGTTAAGATGACCG-1,-15.996730014127817,-0.1991211773698785
CGAGTTAAGCGATGAC-1,-14.38774526147227,-3.725855189585342
CGAGTTAAGGGCAGGA-1,-12.55782140020465,-0.9044380845530271
CGAGTTACATTGTGCA-1,-14.037133017802633,-0.7827032419089317
CGAGTTATCACATACG-1,-16.12345088109472,-1.62926921979043
CGAGTTATCAGTGGGA-1,-15.135807329651591,-3.7531637254985006
CGAGTTATCTGGTGCG-1,-13.049841322993961,-6.894674771715164
CGATCGGAGACAGCTG-1,-18.39126215393594,-0.1476072453908652
CGATCGGAGCATTGTC-1,-14.330508388540723,1.8541539657485162
CGATCGGCAGCAGACA-1,-12.624157815321395,-6.6384165721811
CGATCGGCAGCAGGAT-1,-15.959787557658178,2.2265617395253314
CGATCGGGTCTCAAGT-1,-17.871783233022505,-1.3175959859824906
CGATCGGGTGAGCAGT-1,-16.97534186892721,-1.272343286770839
CGATCGGTCGTGGCGT-1,-18.01989931629866,0.31573273355739395
CGATGCGCATTGGATC-1,-13.578634441358599,-0.2834949865444111
CGATGCGTCGACACTA-1,-16.7847101944156,1.7784274855739326
CGATGGCAGTGCACTT-1,-16.649143129473476,0.9646978572139061
CGATGGCCACGGCTAC-1,-13.626754389834547,-2.831924452380651
CGATGGCCACTACTTT-1,-14.652058553010484,-2.217675492387835
CGATGGCCATAACTCG-1,-13.867027495030293,-1.7237246164427307
CGATGGCGTGCGGCTT-1,-17.76384920363851,0.17353020355767712
CGATGGCGTGTGAATA-1,-14.936544968286919,-2.5335130157196546
CGATGGCTCCGTTGGG-1,-12.221369237750515,-6.325440414866877
CGATGGCTCCTGATAG-1,-12.069124436742248,0.6724265044010396
CGCAGGTAGAAAGCGA-1,-12.610520867043856,-6.319303499315273
CGCAGGTAGATCACTC-1,-14.690781643323001,-3.781613338387103
CGCAGGTCAACCACGC-1,-13.033213819054293,-1.5545567062435284
CGCAGGTCAATTTCGG-1,-11.004988346858243,-5.306074854822595
CGCAGGTTCCATCTCG-1,-12.38431793874847,1.2974202206986167
CGCAGGTTCTGTGCGG-1,-12.327157938560603,-6.696079958993814
CGCATAAAGCGTGCTC-1,-17.22801172665809,-2.887213898923379
CGCATAAAGTCTGGAG-1,-17.557333841208006,-1.2349950364180784
CGCATAAGTGAGCCAA-1,-12.532193003308697,-5.143669042996124
CGCATAAGTGCCCGTA-1,-13.219549031969809,-1.3082125903842687
CGCATAATCACTGGTA-1,-15.550573628324619,-0.9397844473124132
CGCATAATCCGACAGC-1,-16.890138017404816,-1.1455518433959582
CGCATAATCGGAGCAA-1,-17.781034187476525,-1.0928129277738923
CGCATGGAGCTGTTAC-1,-12.087357724053243,-4.84784358525081
CGCATGGCATGACGTT-1,-12.61669443461141,-6.374162437213138
CGCATGGGTTGGGCCT-1,-17.68665786942185,-0.39254064473024525
CGCATGGTCACCGCTT-1,-13.728195386521238,-3.8051275729664886
CGCCAGAAGTTCAACC-1,-13.346287510471967,-1.548473639335367
CGCCAGACACAAGGTG-1,-15.29705971064871,0.9863883002043269
CGCCAGAGTGGTTTGT-1,-18.252709619611185,-1.2734638014714819
CGCCAGAGTTCCTAGA-1,-17.359974897926065,0.21498056959563336
CGCCAGATCGTGCACG-1,-15.907141602094226,1.8812795829487845
CGCCATTAGGTTGGTG-1,-15.915256420796835,-0.9410608616092856
CGCCATTCACGTCTCT-1,-11.223706992182057,-4.843481620505703
CGCCATTGTAGAATGT-1,-14.136036095899193,-2.8199305328398734
CGCCATTGTCCCGCAA-1,-15.145293668276496,1.3700146161829967
CGCCATTGTTCCGCGA-1,-14.759811163456055,-2.1789550275045957
CGCCATTTCATTGCTT-1,-11.908173463651217,-5.607565292236466
CGCCATTTCGCGGTAC-1,-11.89327755037185,-4.574884196633473
CGCCATTTCGTTCATT-1,-13.16462145094807,0.3614336009572409
CGCCATTTCTCTCCGA-1,-14.837760865235836,-0.5056748221191935
CGCCATTTCTGTCAGA-1,-14.22690449266963,-0.6170696361242076
CGCGTGAAGCTGTACT-1,-16.75399205537901,0.0072423302086213875
CGCGTGAAGTAAACAC-1,-18.222333726302352,-1.0368199564145753
CGCGTGAAGTGCGACA-1,-17.25755072717769,-2.8812833638254216
CGCGTGACAAACTCGT-1,-17.258555968882355,-0.29538581575227907
CGCGTGACAACTCGAT-1,-16.342782917651604,-3.010971057927424
CGCGTGACACGCAGTC-1,-15.395255929689782,1.151800780480562
CGGAACCAGATCGACG-1,-14.99592580201863,-0.22220548802138113
CGGAACCAGTAGATCA-1,-15.071182793145365,-2.639049292624472
CGGAACCGTAGGACTG-1,-16.228570155217575,-2.153853890785513
CGGAACCGTCCCGGTA-1,-17.01198338948902,-0.6712090006142403
CGGAACCTCGCCTAGG-1,-14.02353587674796,1.766185724203168
CGGAATTAGCTCGCAC-1,-16.86552815026684,0.8130712662827643
CGGAATTAGGGTTAGC-1,-10.99361369366424,-5.576885808504529
CGGAATTAGGTCGTAG-1,-16.24806129199354,0.05261449396676516
CGGAATTCATACTGAC-1,-11.824202887272458,-4.454490801940869
CGGAATTGTATTGACC-1,-15.196541437073767,-1.700188578852172
CGGAATTGTCGCCTAG-1,-14.445746041190747,1.5083643956138548
CGGAATTGTGACTCGC-1,-16.597325116311232,1.4679395767445809
CGGAATTGTGCATGTT-1,-17.123279963372546,-3.208126227661612
CGGAATTGTTCTGACA-1,-15.332002939724628,-2.637977021416065
CGGAATTTCCTGGCTT-1,-14.574556450733965,-1.5583046318092706
CGGACACCAACTGTGT-1,-11.767949189139072,-6.733817451143165
CGGACACCACATGACT-1,-14.743643226453155,-0.6059805837939166
CGGACACGTCCGGTGT-1,-16.370724955464144,-1.830965097308323
CGGAGAAAGCCTCATA-1,-11.725361371381956,-6.149662876764604
CGGAGAACAAAGGCGT-1,-15.505223194389048,-0.05431173535066724
CGGAGAACAATAGGGC-1,-17.814949379660735,-1.933142155634882
CGGAGAACAGTTCCAA-1,-17.333991940743303,-0.27156411609915304
CGGAGAAGTGTCCAAT-1,-14.587408312620644,1.3900960555820532
CGGAGAATCATCACTT-1,-15.723774987664294,-3.3510482744078414
CGGAGAATCGCGGTAC-1,-17.4312752960503,-1.2343949259250186
CGGCAGTAGACGAAGA-1,-18.00178066282512,-2.263729473413763
CGGCAGTAGTAGAGTT-1,-11.463634274226992,-7.023925747051149
CGGCAGTCAAAGGAGA-1,-13.547816107993956,-0.8837118494584234
CGGCAGTCATCTCCCA-1,-14.976084438877773,-0.12903970819086677
CGGCAGTGTAGACTGG-1,-15.943363048579876,1.0661823943354054
CGGCAGTGTGTCTTAG-1,-17.54995538863575,-1.4634621307361129
CGGCAGTGTGTTTACG-1,-17.308151827115477,-1.6027041015740973
CGGCAGTTCAGACTGT-1,-15.157318444296648,0.986284751971897
CGGGACTCAGATGCGA-1,-14.603881387308068,1.0276570271878145
CGGGACTTCTATACGG-1,-17.801282262327216,0.8214468982662652
CGGGCATGTCAGGTAG-1,-16.97902571824994,-1.7057270563036548
CGGGCATGTCTGTCAA-1,-15.986759906021257,-1.1500751724702647
CGGGCATTCGAATCCA-1,-16.662637787600566,-0.37992643838884715
CGGGTCACACAATGAA-1,-16.56709401777953,-1.086615116929476
CGGGTCAGTCTTTATC-1,-11.36184034226038,-7.0127950696348655
CGGGTCATCATACGAC-1,-15.017193819081726,1.8064826659889441
CGGGTCATCGATCCCT-1,-16.688246268617082,-3.182758199060223
CGGGTGTAGCACTAAA-1,-17.201464330251426,1.2353231868078212
CGGGTGTAGTATTCCG-1,-11.892035587057281,-7.170027905581077
CGGGTGTCACAACGTT-1,-16.669441204091775,-1.705439966243837
CGGGTGTGTACCAATC-1,-18.29360251594933,0.021041171552412273
CGGGTGTTCATAAGGA-1,-17.865836526401672,0.5007796470409447
CGGGTGTTCGGCATTA-1,-15.634916208381906,2.04050475858366
CGGTCAGAGATGCTGG-1,-13.455932020755412,-0.5098230010933309
CGGTCAGAGGATGAGA-1,-13.564459082885035,-1.0150706910150267
CGGTCAGCAAGAAACT-1,-15.918176958409756,-2.279603075831708
CGGTCAGCAATTGCAC-1,-12.056843176752524,-6.67306768586063
CGGTCAGGTCTTGGTA-1,-16.866691702334386,-2.3108795284954993
CGGTCAGTCGAACGGA-1,-15.086050032251507,-3.898367517802093
CGGTCAGTCGCCTATC-1,-16.015396972146565,0.25924193954295227
CGTAAGTAGCTCGACC-1,-14.32469435498729,1.2510847945898367
CGTAAGTAGGCATCAG-1,-16.671671535560684,-1.8040995497640515
CGTAAGTCAAGCTCTA-1,-14.35550253365094,-3.261707183516734
CGTAAGTGTTTCTTAC-1,-17.222238803296868,-1.767790569677605
CGTAATGAGCTACTGT-1,-11.70388086758893,-7.28078407227466
CGTAATGAGTGAACAT-1,-14.101525183094493,1.2412286688713623
CGTAATGGTAGACAAT-1,-15.608122592079704,-2.742326108255857
CGTAGTAAGATGCAGC-1,-15.956930661198207,-1.1977383435541122
CGTAGTAAGGGAGGTG-1,-17.389102818247633,-1.8374661885258246
CGTAGTAGTGATACCT-1,-15.227555130633943,-3.6454154359151003
CGTAGTAGTTTGCCGG-1,-17.66170589527064,-2.35728775370671
CGTAGTATCATGGGAG-1,-16.455005135093753,-2.4744266958847896
CGTAGTATCCGGTTCT-1,-18.305380117116165,-0.9413566706449215
CGTCAAAAGCAGATAT-1,-14.168404262574992,-0.6536553057900055
CGTCAAAAGCATATGA-1,-12.351888806244819,-7.771495600579893
CGTCAAAAGTCACGAG-1,-16.755950657503234,0.8963259546580332
CGTCAAACAGTCTCTC-1,-14.444750642696745,1.951020825803881
CGTCAAAGTCTGTGCG-1,-16.980766416441885,1.0051817970782229
CGTCAAAGTTCAAACC-1,-12.722080914860047,-5.932870459745655
CGTCCATGTACGTACT-1,-16.852408256181693,-2.360193343229911
CGTCCATGTGGATCGA-1,-16.75423926330383,-2.90804927564343
CGTCCATTCGGCTGTG-1,-11.93065259495592,0.4171425222420012
CGTGAATAGCATCAAA-1,-15.35287949539984,-1.3240063145419698
CGTGAATAGCTCCACG-1,-15.301476946440696,-2.6055777770228916
CGTGAATCAATCTCTT-1,-10.915228995835937,-6.516529440722131
CGTGAATCAATGCTCA-1,-12.197999413527723,-5.619775543519971
CGTGAATCAGGTCTCG-1,-16.17269207649727,1.5930468955458372
CGTGAATGTAGCGTAG-1,-16.735132437535004,-3.5574753881121333
CGTGAATTCATTGAGC-1,-14.697697015023541,-2.380233739153573
CGTGATAAGATCACCT-1,-16.485430181665215,2.0115650470663153
CGTGATAAGGATACGC-1,-17.70810973517402,0.6020229350007101
CGTGATAAGGCTATCT-1,-13.294001319856113,-4.809862229576113
CGTGATAAGTCGTTAC-1,-15.717431509904001,-3.64624264948712
CGTGATACAACCACAT-1,-13.702457385075187,-4.159056719839425
CGTGATACACGTAACT-1,-15.790165122421556,-2.8955326471219665
CGTGATACATCTGGGC-1,-17.386706908572126,1.0348450859862954
CGTGATAGTGATACAA-1,-16.359028563804554,1.526578936307489
CGTGATAGTTAACCTG-1,-15.697277414440162,-2.934213902640347
CGTGATAGTTCTCGTC-1,-16.315517275463865,-3.3183272176586716
CGTGATATCACATTGG-1,-16.22601580327132,-1.70113600264223
CGTGATATCGGCACTG-1,-13.084593886673579,-6.944998042485244
CGTGATATCGTTGTGA-1,-17.060672295063807,-3.409527180995762
CGTGCTTAGGTCATTC-1,-16.984594772204762,-2.1217637999137198
CGTGCTTAGTCGCCCA-1,-13.488352054134873,-2.8546196633631524
CGTGCTTCACAAGTTC-1,-17.754468917914956,0.7307504862880421
CGTGCTTGTGTGTCCG-1,-12.618739832955557,-7.567482255643478
CGTGCTTTCCATAGGT-1,-16.515825235977164,0.6370950640897286
CGTGTCTAGTTCCGTA-1,-16.295386958602442,1.7273692200188353
CGTGTCTAGTTGCATC-1,-14.673081449854546,-1.1840889079657155
CGTGTCTCACCCAATA-1,-17.56257907179783,-2.275325723755718
CGTGTCTCATCCGTTC-1,-13.637535980478892,-5.176378610683873
CGTGTCTTCCGTACGG-1,-12.257314755973658,-6.571985156007884
CGTGTCTTCTTGGATG-1,-17.71823241436273,-0.851809455891386
CGTTAGAAGCAGCCTC-1,-11.443822954371452,-7.508528352319403
CGTTAGAAGTAACGTA-1,-14.997012519503022,-2.349886822681868
CGTTCTGAGTCAACAA-1,-17.909689902960515,-2.0114016953297553
CGTTCTGGTACTAGCT-1,-12.748352486772209,-5.465755825842343
CGTTCTGGTAGCGTCC-1,-17.882852119355615,-0.6355766699651108
CGTTCTGGTTACGATC-1,-13.800877829249144,0.025203685464259672
CGTTCTGGTTGCCTAA-1,-15.669550513575071,-1.258148049206536
CGTTCTGGTTTACACG-1,-12.585767789558544,-6.825775440957063
CGTTCTGTCGAATCCA-1,-16.43041746401957,-1.1259337664912175
CGTTCTGTCTTAGCTT-1,-12.102583830508557,0.8876553002796712
CGTTGGGAGACATCAA-1,-16.427437929943537,0.572813865437922
CGTTGGGCAGTAGAAT-1,-16.564698155771158,-1.3065865313220273
CGTTGGGCATGTGGCC-1,-15.980879574148133,1.0998143627356551
CGTTGGGGTAGACTGG-1,-16.81665785990332,-0.34980255986084674
CGTTGGGGTCATATGC-1,-11.78020424856006,-5.342360985129656
CGTTGGGTCCCTGGTT-1,-18.453169877978816,-0.5086930891284978
CGTTGGGTCGGCTTCT-1,-13.066773770432597,-5.1837720821534745
CGTTGGGTCTCATAGG-1,-15.062769217961511,1.622074474329083
CGTTGGGTCTGGGCGT-1,-16.792255761417856,-1.5685579537138974
CTAACCCAGTGGAAGA-1,-14.32333565936244,-4.302054490047326
CTAACCCCATCCGGCA-1,-16.25377258836369,-0.9157818912191842
CTAACCCGTCCAAAGG-1,-12.224842394885174,-4.211407403425839
CTAACCCGTTGGATCT-1,-12.891336099772522,0.9488574352955005
CTAACCCTCCACATAG-1,-13.30329409465785,-2.1837854233304967
CTAACCCTCTGCATGA-1,-16.909981761832967,-0.054855246143139705
CTAACTTAGCTGAAGC-1,-14.972238514455379,1.8230612979409113
CTAACTTAGGCCACCT-1,-15.864934558154397,-0.14377952327935103
CTAACTTCAGTTCTAG-1,-13.863403657868513,1.7695117629105248
CTAACTTGTCGACGCT-1,-11.362772797494934,-4.861750417507716
CTAACTTTCAAGGAGC-1,-17.77220145486437,-1.0792527728818533
CTAACTTTCTAAGCCA-1,-15.300940246956417,-2.130013699432196
CTAACTTTCTACGGTA-1,-12.4367543609955,-5.877685001233498
CTAAGTGAGCCGCTTG-1,-15.610489172218557,1.3017116130567172
CTAAGTGCAGCAAGAC-1,-16.7400688601599,0.3130952597591694
CTAAGTGGTATCGATC-1,-11.906146104142056,-6.207383938789204
CTAAGTGTCATCGTAG-1,-13.553675170772234,0.9919279785944781
CTACAGAAGTTTGGCT-1,-15.523944571505105,0.9239146892305798
CTACAGACAGAAGTGC-1,-16.423486997202836,-3.181043785228196
CTACAGAGTCAACATC-1,-16.05614040164432,1.5158327871439314
CTACAGAGTCGTCAGC-1,-18.175454761633873,-2.090152726138508
CTACAGATCCCGTTCA-1,-11.100579624821624,-5.839085805972981
CTACATTAGCCACAAG-1,-12.363669198223034,-1.6768960031023485
CTACATTAGTCCCAGC-1,-11.705350795984405,-5.09189713038637
CTACATTAGTTTCGAC-1,-11.653909147151126,-7.299201597752766
CTACATTCAATTGCGT-1,-11.189036308095467,-4.918284015499619
CTACATTGTTCCTTGC-1,-11.927605814221902,-0.6181580531560765
CTACATTTCAGCAATC-1,-16.116481694206954,2.063639200138386
CTACATTTCCCTGTTG-1,-12.21032965274121,0.7622132660299924
CTACATTTCTTCACAT-1,-11.961707122439568,0.2765415466640074
CTACCCAAGACGAAGA-1,-16.907231303312702,0.8742574393111788
CTACCCAAGGCCTAAG-1,-11.773365496371055,-4.271815035881132
CTACCCAGTACAGAAT-1,-17.86429402561765,-1.9560818598553968
CTACCCAGTCGCATGC-1,-12.501235196028103,-4.1374775475285235
CTACCCAGTCGTACTA-1,-12.222323531899312,0.7676368550837979
CTACCTGAGCCGATAG-1,-13.627025852316635,-2.5880659226556686
CTACCTGCATAGAATG-1,-11.35482102101905,-5.706965776551674
CTACCTGGTGCACATT-1,-13.741948059677926,-3.8216051061948586
CTACCTGTCACCATAG-1,-15.568743096828195,-2.236899833651326
CTACCTGTCCATTGTT-1,-13.041191454649217,-2.6345257407964593
CTACGGGTCCCGGTAG-1,-12.70943927568282,-0.7398873227452395
CTACTATAGCTAAATG-1,-17.708981512420326,-2.0652898004501905
CTACTATCACGCTGTG-1,-13.371832141360537,-1.2350649272312944
CTACTATCAGCTTTGA-1,-13.401008222065798,-2.607839560395451
CTACTATGTGAGTAGC-1,-16.59585631491511,-3.6759941227044326
CTACTATGTTGTTGAC-1,-13.098249466244997,-6.452369696768477
CTACTATTCACCCATC-1,-12.525818575196583,-2.6283183029132435
CTACTATTCACTTCTA-1,-15.953149953308568,-0.3809401435441105
CTACTATTCCTCACCA-1,-13.591245285510134,0.6481705889270488
CTAGACAAGTCCCTAA-1,-14.785871650159201,-3.00150532827331
CTAGACAGTCACGCTG-1,-16.397096094002514,-0.2795180952289883
CTAGACATCAGGACGA-1,-11.785664281465458,-5.048972488134099
CTAGACATCCGGCAAC-1,-12.42722676187228,-4.534954645415387
CTAGGTAAGACCAGAC-1,-12.171421948974391,-7.702862948830909
CTAGGTAAGATTCGAA-1,-17.794784618448553,-0.19149999654811084
CTAGGTAAGTGCTACT-1,-15.550309467495083,-0.2971698379978484
CTAGGTAGTATCACCA-1,-12.79486218339922,-1.7967999920521083
CTAGGTATCATAGGCT-1,-12.30775049619011,-4.9219520045281335
CTATAGGAGGACAAGA-1,-15.915691423027981,-0.6155059527102392
CTATAGGAGGGCAGTT-1,-12.592052431429183,-7.387206002356161
CTATAGGCATCAGCGC-1,-14.934939005114332,1.774273578558881
CTATAGGGTATAGCTC-1,-14.197666922981504,1.5618830920535676
CTATAGGGTTAATGAG-1,-18.48552956783116,-1.760946415648514
CTATAGGTCAGGAAGC-1,-15.770869788974398,-1.2635117730296102
CTATCCGAGAGAACCC-1,-13.593748695074238,0.3820413837703757
CTATCCGCACATTCTT-1,-13.089422836323767,-1.6723178710224424
CTATCCGCAGAGAGGG-1,-16.456361984337565,-3.4011822781158023
CTATCCGTCAGTGATC-1,-14.628958595525603,1.6058061573055977
CTATCCGTCGTTCTCG-1,-18.07095052522706,-0.8858516341693005
CTATCTAAGAAGTATC-1,-13.166368399592248,-1.8253536362889733
CTATCTAAGCGATGCA-1,-13.281893484487009,0.6195349146297521
CTATCTAAGGGTTAAT-1,-14.39548535612063,-3.9069962249076897
CTATCTACAAATGGAT-1,-17.815993513821983,-1.2786716289940707
CTATCTAGTCACGCTG-1,-14.29067917170673,-0.713336471705354
CTATCTATCTCTTCAA-1,-12.684057832526419,-5.349280272812763
CTCAACCAGAACAGGA-1,-16.00908993369699,-0.6623720525757605
CTCAACCAGAGAATCT-1,-15.666896639843896,-1.4216522805531349
CTCAACCAGTGCCGAA-1,-13.27705503196459,-1.691759835244564
CTCAACCCAAAGGATT-1,-17.178235065283502,-1.64344827891234
CTCAACCCACACCGAC-1,-13.795382600618622,-3.4880875084732073
CTCAACCCAGCGTTTA-1,-14.539072609492145,-1.6663544129628796
CTCAACCGTTCCGTTC-1,-14.330743695970327,0.7999021846191047
CTCAAGAAGCAACAAT-1,-15.853564521610497,-1.9919714837002345
CTCAAGAAGCCGAATG-1,-15.548887945625026,-0.006409470544674716
CTCAAGACAAACACGG-1,-12.357620309948285,-1.8251539079229357
CTCAAGACAATAGTGA-1,-15.637536220147162,-1.2137889786277687
CTCAAGACACGTCATA-1,-12.044772485092986,-5.251053321374997
CTCAAGACATTCATCT-1,-14.477323988925995,-3.5411483242179225
CTCAAGAGTGCGTGCT-1,-17.52942167664911,-2.191666127380259
CTCAAGATCACCCTGT-1,-17.084004216043045,-0.11605388570735109
CTCAAGATCGCAGTTA-1,-13.404222032500762,1.636202183027823
CTCAAGATCTCCTGCA-1,-12.782028544689117,1.53677778784887
CTCAATTCAAGAAACT-1,-10.972761471460132,-4.932595394687004
CTCAATTGTGTTCAGT-1,-12.635637529266017,0.5126271176587859
CTCAATTGTTGTGTAC-1,-16.164803196280033,-1.8974475020183672
CTCAATTTCCACACAA-1,-12.10020889101871,0.4191248631440793
CTCAATTTCCCTAGGG-1,-11.142705041339227,-4.837903333396397
CTCACTGCACACCAGC-1,-12.722525027891377,-1.900036426841468
CTCACTGCACTTCAGA-1,-12.429902334697926,-2.1498639635832233
CTCACTGCAGGAATCG-1,-12.926363259807001,1.6203872974149836
CTCACTGGTATAGCTC-1,-12.040825473481137,-6.973726119015816
CTCACTGGTGCCGTTG-1,-14.231144503626494,0.8885317853226117
CTCACTGTCACCTTAT-1,-11.93874112705904,-4.189668468129565
CTCACTGTCGCCCAGA-1,-12.068309154656335,0.061824810233834585
CTCACTGTCTGAGAAA-1,-11.208707164481917,-6.066694246745858
CTCAGAAAGCAACCAG-1,-14.861491579184813,1.584237003555339
CTCAGAAAGCATGAAT-1,-16.845277072383382,1.3939936198342973
CTCAGAAAGGGACACT-1,-15.549082841916906,2.128034600256892
CTCAGAACATATACCG-1,-14.43038438475658,1.0043721845200262
CTCAGAACATGTACGT-1,-18.326620024511087,-1.7135191036535848
CTCAGAAGTTCAAGGG-1,-11.804751529818658,-6.4658102846951735
CTCAGGGAGCTGAAGC-1,-12.909518847613661,-7.003404960322415
CTCAGGGAGGGCGAAG-1,-13.169994539189863,-6.016545360595791
CTCAGGGCAAACTAAG-1,-14.94082563915244,-2.3000808105931454
CTCAGGGCAACGGCTC-1,-16.526964905864585,-0.5107850171111211
CTCAGGGGTTACACTG-1,-15.482023536446611,-0.054431574636988174
CTCAGTCAGAGTTGTA-1,-16.69049668070727,0.7691633247665516
CTCAGTCAGGGCAAGG-1,-11.979366312183284,-6.603705642209461
CTCAGTCAGGTGAGCT-1,-16.41143334796085,0.13647900936827623
CTCAGTCCACACGGAA-1,-12.157325454148884,-4.410778125819299
CTCAGTCCACGCTGCA-1,-11.951821684374895,-6.282742164879753
CTCAGTCCAGGTGGAT-1,-12.672243991847846,-7.027533861779781
CTCATCGGTGAACGGT-1,-14.265806530426193,-1.688582156659738
CTCATCGGTGCTTCAA-1,-16.66367422464737,1.0351639943419693
CTCATGCCACGCCACA-1,-11.126213637902014,-4.9934663391383305
CTCATGCGTAACAGTA-1,-13.600948819721932,-1.5460906806339612
CTCATGCGTAAGTTAG-1,-16.201179554452622,0.9797795851271274
CTCATGCGTAGGCAAC-1,-15.863971900177546,-1.515573669458978
CTCATGCTCTCGCTCA-1,-11.970184180606209,0.3227745642177518
CTCATTAAGGAATTAC-1,-11.52182270933625,-6.418381950983201
CTCATTACAACTGAAA-1,-18.116281980405777,-0.14935340066480549
CTCATTAGTAGCTGTT-1,-12.197113996626928,0.8919537368347984
CTCATTAGTATGGAGC-1,-16.948784642204956,-1.5317910781788189
CTCATTATCTCACCCA-1,-12.690673380646043,-2.7500276021041103
CTCCAACAGCATATGA-1,-12.499712161931367,-0.6203355803373689
CTCCAACCACGCCACA-1,-12.397036326840773,0.056279011042196785
CTCCAACCATGATAGA-1,-12.67470879012249,-3.953597769268344
CTCCAACGTACTGAGG-1,-13.387400686334605,0.042113591754269084
CTCCAACGTGGCTACC-1,-13.115447503393911,-3.1661820848895097
CTCCAACTCCTTCTGG-1,-13.665298836192314,-3.5910311000597535
CTCCAACTCGGACGTC-1,-11.86340193273914,-5.130482645399591
CTCCAACTCTGCCTCA-1,-15.476910751677146,0.8317616330482317
CTCCACACAGATCCAT-1,-11.936024726272787,-0.21846105037275335
CTCCACACATAACTCG-1,-11.339224433642816,-5.386543727922867
CTCCACACATGTTACG-1,-13.29029062747947,-3.712817499890811
CTCCACAGTACAAGCG-1,-14.67341304817866,-2.363648263762052
CTCCACAGTAGTCACT-1,-12.849011876199073,1.6087700685322763
CTCCACAGTTCATCTT-1,-11.348607060934619,-5.093243815021755
CTCCACAGTTTCACAG-1,-13.408326295377012,-2.56236901132578
CTCCACATCGACGCGT-1,-13.792019567156931,-2.7062763263328966
CTCCATGAGCTCGCAC-1,-17.933442468079825,-0.3085481832468425
CTCCATGGTCAGCTTA-1,-15.119911521216542,-3.517598977810134
CTCCATGGTCGGCCTA-1,-13.887920005083405,-2.5474810907953893
CTCCATGGTGTCACAT-1,-16.338293552579582,0.9669696669131711
CTCCATGGTTACGCCG-1,-15.754123378623044,-3.5543839044446996
CTCCATGTCTGTGCGG-1,-16.020597391913558,0.1304708094517154
CTCCCAACAAGCCTGC-1,-13.020674104872851,-0.3789903739122604
CTCCCAACATACTGAC-1,-12.815512970295309,-5.690729197391888
CTCCCAACATGACACT-1,-14.477129636143149,-3.557879935953193
CTCCCAAGTATGTCTG-1,-14.373875535293429,1.9989310715428368
CTCCCAATCGGTCGAC-1,-16.059947283785846,1.149096013206335
CTCCCAATCTGCGGGT-1,-15.5872644865261,-3.836910874226836
CTCCCTCAGATGCAGC-1,-10.947957229133102,-5.100712868152045
CTCCCTCAGCTTCGTA-1,-17.159072123568535,1.5192533765471676
CTCCCTCAGGCTATCT-1,-14.562677710846138,-3.0856946909879537
CTCCCTCCAAGTCGTT-1,-17.641430446666405,-1.446685497954439
CTCCCTCCACCAGCGT-1,-16.02307410763948,1.8871942616391049
CTCCCTCCACTTGTGA-1,-13.473402116810249,-2.188026961650471
CTCCCTCGTCCTGTCT-1,-16.713733699439306,0.5683327285477408
CTCCCTCGTGAGGCAT-1,-16.168565166349566,0.5124424355316614
CTCCCTCTCCCGGTAG-1,-12.719397029324442,-1.11478522841635
CTCCCTCTCCGTGGCA-1,-13.442666135209619,-0.9791375471402396
CTCCCTCTCGCTAATG-1,-13.243074325588855,-1.9053063356404638
CTCCGATAGCCGCACT-1,-13.326278524605057,1.3529044820486396
CTCCGATAGTTCCAGT-1,-12.474326962740095,0.20526658328158692
CTCCGATCAACGGTAG-1,-13.075036124924607,-6.269393805819791
CTCCGATCACTTGGCG-1,-13.197247357978299,-1.4686013513132046
CTCCGATCAGCCTTCT-1,-17.208086720234807,-0.7328589441934779
CTCCGATGTAGTATAG-1,-13.682797396168674,-0.14563865402718684
CTCCGATGTGGTAACG-1,-11.580643728636472,-5.960784852063482
CTCCGATGTTCCACGG-1,-16.49274349032443,1.3439971528600565
CTCCGATTCATGAGAA-1,-15.873541624281003,0.43249294956136075
CTCCGATTCCAAGCCG-1,-13.446534716631806,0.8508925304976818
CTCCGATTCGTCCTCA-1,-14.352930229802359,1.9930298183215494
CTCCTCCAGAATACAC-1,-12.516649705192782,-5.4956151189668665
CTCCTCCAGCTGGCCT-1,-16.363261738834705,-1.2908552972530962
CTCCTCCCACTCGATA-1,-14.267867996656909,1.450778983762669
CTCCTTTAGCCACCGT-1,-10.81007228601959,-5.3041996820486474
CTCCTTTAGGTAAGTT-1,-14.459421461458382,1.4950380394124734
CTCCTTTCATAGCACT-1,-11.964652759565265,-1.803903131373218
CTCCTTTGTGCAATAA-1,-18.02266256830714,-0.6753600066754955
CTCCTTTTCCTGGGTG-1,-17.613802684054473,1.0459414843069048
CTCCTTTTCCTGTAGA-1,-12.90911914622026,0.3201451504182128
CTCGAGGAGGCACGAT-1,-16.544926454591526,-1.5483101038057725
CTCGAGGAGGTCACCC-1,-16.479535744111995,-2.6961151655167988
CTCGAGGAGTAACGTA-1,-10.682887575134677,-5.980393494195872
CTCGAGGCAGTTGGTT-1,-14.265934382248078,-4.053074173961512
CTCGAGGGTTGCATCA-1,-17.384374995578256,-1.5232372490245396
CTCGAGGTCTTCTTCC-1,-15.577262491593254,-0.5516072284163716
CTCTCAGAGAGTTGCG-1,-12.279183949637657,-7.069167528760519
CTCTCAGAGGAACTAT-1,-14.984705925616485,0.34099508532449574
CTCTCAGAGTTGCATC-1,-15.580049411334489,-0.9023764143053697
CTCTCAGCAGCGGTTC-1,-12.211686506505265,-0.2635813330623722
CTCTCAGTCCGAAATC-1,-14.154207903245558,0.8112002824459191
CTCTCGAAGATGATTG-1,-14.233570208938731,1.171432349016337
CTCTCGACATGATCTG-1,-11.557212741571616,-4.59059080105785
CTCTCGAGTCAACATC-1,-12.499571920939875,-6.1203227861856355
CTCTGGTCATGAGGGT-1,-12.882967151676281,-7.37177311275461
CTCTGGTCATTCTCTA-1,-12.9415246924277,-1.0706555483491575
CTCTGGTTCCCAGGCA-1,-12.29801334028812,-0.9829344800673727
CTGAATGAGAAGAACG-1,-16.915830043540232,0.07195062686204853
CTGAATGCAAGGTCTT-1,-16.11351464180233,-1.8103931165853497
CTGAATGCACGTACTA-1,-13.553481001619502,1.6261967797408299
CTGAGCGCATAAGATG-1,-17.245252806599396,0.7213582199494458
CTGAGCGCATCCTCAC-1,-12.348314580619538,-5.4089075084187295
CTGAGCGGTCTGTGAT-1,-15.510143135881606,-1.7670441747923202
CTGAGCGGTGCTTATG-1,-16.885470993415517,0.5840486037696165
CTGAGCGGTGTGGACA-1,-16.38474012606596,-2.2794412385909166
CTGAGGCAGAAATTGC-1,-16.717608785971223,-2.27213141073134
CTGAGGCAGACATAGT-1,-15.923229383571528,-3.103995633481925
CTGAGGCGTATGAAAC-1,-17.9815844832433,-2.14221087629636
CTGAGGCGTGCCTACG-1,-17.0570892005293,-2.028938663386799
CTGAGGCTCATTTGTC-1,-14.549941940425446,-1.450944916320665
CTGAGGCTCTCTCGCA-1,-12.371250369496677,-6.651548397944866
CTGAGGCTCTTCGACC-1,-15.144868045077407,1.8795233700334124
CTGATCCAGAGTCACG-1,-17.70106086606626,-1.6054719750272317
CTGATCCCACTACCCT-1,-14.287410767956358,0.07814525816728596
CTGATCCGTGCCCACA-1,-12.87055583114812,-1.0758826694514072
CTGATCCTCAGCTAGT-1,-11.903144659997025,-7.261110392159333
CTGCAGGAGTATAGAC-1,-14.474625416077103,-0.9334147188208921
CTGCAGGGTATGGAGC-1,-11.075511992338638,-6.50080030995707
CTGCAGGGTTAGCGGA-1,-15.89078502762964,0.9282438093116298
CTGCAGGGTTCTCCCA-1,-13.662941689814284,-1.6639095359374245
CTGCAGGGTTGTGCCG-1,-14.643812253860297,-1.5196140771928404
CTGCAGGTCCACGTGG-1,-11.755821712750675,0.4907402610623528
CTGCATCAGTTCGGTT-1,-14.59409262852753,2.392707932081896
CTGCATCCAAGACCTT-1,-12.447511486013253,0.9983300342200853
CTGCATCGTCTGTTAG-1,-15.918152326925103,-1.3493227844246107
CTGCATCTCAGATTGC-1,-14.530146828412517,-3.518483740959767
CTGCATCTCATGGTAC-1,-10.894113748948731,-5.6838718609661285
CTGCCATAGTAGAATC-1,-12.935703359734148,-3.0864751183738433
CTGCCATAGTCGCCCA-1,-14.419027740555174,-3.8270472052442304
CTGCCATAGTGGCGAT-1,-16.61711358077098,-0.1540008449545497
CTGCCATCACGGCGTT-1,-11.760555767500868,-4.303595400246415
CTGCCATCAGGGATAC-1,-14.911635449660533,-3.7386194713432293
CTGCCATCATATGCGT-1,-16.170680143248806,-0.006386662784959232
CTGCCATGTTGGATCT-1,-17.755996919112334,0.9068863011171072
CTGCCATTCCATAAGC-1,-12.957322021911047,-2.4900298321179344
CTGCCTAAGAAATGGG-1,-17.640925673237035,-1.403103366036938
CTGCCTAAGCAGAAAG-1,-11.786459593980073,-4.742843005562202
CTGCCTAAGGGAGGTG-1,-13.239679845929091,1.8953975509041603
CTGCCTAAGTCGGCAA-1,-17.272595272161812,1.092908735396722
CTGCCTAGTAGATTGA-1,-18.65845468302329,-1.7489022320718934
CTGCCTAGTGGCTTGC-1,-12.084336589644902,0.5013192438088377
CTGCCTATCAGATTGC-1,-12.373596444727742,-1.946433862810315
CTGCGAGAGGTCACTT-1,-14.987300989225025,-1.127670847895716
CTGCGAGCAACTACGT-1,-15.938363261490057,1.9319735770927597
CTGCGAGGTTACGATC-1,-17.452387795814822,0.6465304941312936
CTGCGAGTCAGGTGTT-1,-17.461485298999303,-1.4954403267880534
CTGCGAGTCCACGGAC-1,-17.380788397771507,-0.36308731198095834
CTGCTCAAGCCTTCTC-1,-13.170126960580909,-3.072013545517392
CTGCTCAAGGTGTGAC-1,-12.734958271887479,-1.3484686205527594
CTGCTCAAGGTTCACT-1,-11.698444354114459,-5.097672211356308
CTGCTCAAGTGCACTT-1,-14.789364667983984,-1.9738356238063068
CTGCTCATCGTCAAAC-1,-14.01139771682565,-2.6788468077222927
CTGCTCATCTCGGTAA-1,-14.487185886937247,1.5443415310988835
CTGGACGAGCACGGAT-1,-18.322163289951106,-0.3126481706023172
CTGGACGAGGATTTCC-1,-13.849095837521217,1.115132178576494
CTGGACGCAAAGGATT-1,-11.995004362560952,-6.667301823380991
CTGGACGGTAATGCGG-1,-12.413654048071713,-7.290531729281232
CTGGACGGTTGCATTG-1,-13.124069380389303,0.023946066513085597
CTGGACGTCCAACACA-1,-12.696594691226549,1.133595505392469
CTGGACGTCCGTAATG-1,-13.780520679277913,-1.9418586314199207
CTGGACGTCGGTGTTA-1,-13.261308050869332,-0.03158209825204907
CTGGCAGAGGTCCGAA-1,-14.492732489545046,-0.17305646190474147
CTGGCAGCAACAGAGC-1,-16.29503151814234,-2.8105442216275462
CTGGCAGCACGAGGTA-1,-14.993768673221647,-4.13028502757198
CTGGCAGGTTTACTGG-1,-13.50563018655861,-0.3373264329604185
CTGGCAGTCGTAGGAG-1,-17.65296100393139,-0.8475023306801182
CTGGCAGTCTCAGGCG-1,-11.813745775870606,-7.410995841506131
CTGGTCTAGATAGTCA-1,-14.717538037398956,-4.089159632964236
CTGGTCTAGCTCCGAC-1,-12.366749046246438,-1.248585994149082
CTGGTCTAGTATAACG-1,-12.087668641284637,-6.385187244924543
CTGGTCTGTAGCACGA-1,-16.431370245971433,-0.8853208360604576
CTGTACCAGCGGATCA-1,-13.095742340751686,-6.940025640823416
CTGTACCAGCGTGAAC-1,-16.049728563007548,0.8643400535655676
CTGTACCCAAACCACT-1,-16.18673108260495,-0.7982074395414649
CTGTACCCACATATCG-1,-13.188510952524345,-0.7341840051389729
CTGTACCGTACGCTTA-1,-12.598589893407617,1.1804083125342435
CTGTAGACAATCCTAG-1,-15.78596631633511,-2.519285588344794
CTGTAGACATATGCGT-1,-11.973772938728208,-0.02922265934869223
CTGTAGAGTACAAGCG-1,-16.217789576037852,-1.9619093491553712
CTGTAGATCGAGCACC-1,-17.481582734158778,0.7738205946673891
CTGTAGATCGCACTCT-1,-17.898397650713143,-1.7972639783327087
CTGTATTAGACTCGAG-1,-18.62074181657654,-1.6187371472528551
CTGTATTCAGGCCCTA-1,-16.280195699252946,-3.238192128877628
CTGTATTGTACAGAGC-1,-17.624638218574344,-2.559712546766325
CTGTATTGTTAGAAGT-1,-12.579593008296989,-4.42125991610768
CTGTATTTCACTTTGT-1,-13.428839501780065,-0.8258814584799905
CTGTATTTCATCCCGT-1,-14.143354537689167,0.2238421832310645
CTGTCGTAGGGACTGT-1,-17.59040513471813,0.671947465960937
CTGTCGTCAATCTGCA-1,-15.176430201088994,1.2438773980608648
CTGTCGTGTACGATGG-1,-15.595763099108297,-4.362191990132383
CTGTCGTGTCTCGACG-1,-16.812473315434588,-1.2747455516114246
CTGTCGTTCCCATGGG-1,-15.652056859226398,-0.04175738512609481
CTGTGAAAGCATGTTC-1,-18.37770237487003,-0.5517621425350341
CTGTGAAAGCCGCACT-1,-14.55808737265634,-0.8189811558984411
CTGTGAACAGAGACTG-1,-13.932863608672537,1.370766305600517
CTGTGAATCCAACTGA-1,-17.179023611824313,0.6966078201652418
CTGTGGGCAACCCTCT-1,-12.458774577576412,-5.6102445530071945
CTGTGGGCAGAAACCG-1,-14.865845839800825,1.7535234861864462
CTGTGGGGTTGCTCAA-1,-10.928767754989908,-5.800829574788327
CTGTGGGGTTTCTTAC-1,-14.10614291254076,-2.832611551038921
CTGTGGGTCCAGTGCG-1,-14.52112304360747,-1.1719769568010225
CTTACCGAGGTCCGAA-1,-18.062419538654307,0.3066559567560991
CTTACCGCAATTGCGT-1,-14.411844447802663,-3.977010785890126
CTTACCGCACCTGCAG-1,-12.112599512796876,0.4381616878879215
CTTACCGCAGAAATCA-1,-12.050215941193407,0.4711916868176941
CTTACCGGTCGAGTGA-1,-15.904698562228827,-2.3451586204380117
CTTACCGGTCTAGGCC-1,-15.83692155506232,-0.9077188745548475
CTTAGGACACTACGGC-1,-11.275743156598228,-6.7920095820639
CTTAGGAGTGTTTCTT-1,-18.349184695066178,-2.155957097071721
CTTAGGATCTGTTGGA-1,-15.383202653601884,-2.210625858041883
CTTCAATAGGTAGCAC-1,-15.741503576037216,1.6531985053687015
CTTCAATCAAAGGATT-1,-13.363193400408257,-2.4640439945259596
CTTCAATCATCCTTGC-1,-17.454841523507802,-2.2277097308393357
CTTCAATCATCTCCCA-1,-12.351864945128257,-6.111240345665787
CTTCAATGTATGGTTC-1,-14.40459341508476,-3.1683596809066854
CTTCAATTCCGAGTGC-1,-11.875619921943253,-5.834198389397074
CTTCAATTCGATTGGT-1,-14.953067032088503,1.541989242585736
CTTCAATTCGGAAACG-1,-12.50635511503273,-7.52283227973996
CTTCAATTCGGCCTTT-1,-14.81659297328511,-0.06073650572013608
CTTCAATTCTCATGCC-1,-12.996950028132543,-4.8871464732501835
CTTCCGAAGGTCGTCC-1,-11.642624561100689,-6.196553625551357
CTTCCGACAATGGGTG-1,-13.736818173430166,-2.943798529524365
CTTCCGAGTCATCCGG-1,-14.040357924779686,-0.5897471024271534
CTTCCGAGTCCTGTTC-1,-13.20844316723158,-3.903106195308433
CTTCCGAGTTACTCAG-1,-11.747694566156873,-4.676009787289296
CTTCCGATCCCTCATG-1,-14.68359931522646,-0.2123749740241477
CTTCCGATCTGCCTGT-1,-14.206845606045182,-2.8118739946914126
CTTCCTTAGAGAACCC-1,-13.258982380899376,-0.00938679454791228
CTTCCTTAGTATCCTG-1,-12.873958328782736,-0.8875140003010878
CTTCCTTCACGTTCGG-1,-17.51245818911866,-0.9427028661453672
CTTCCTTTCGTGTCAA-1,-17.56905435948518,-0.5776823726208401
CTTCGGTAGTAGAATC-1,-14.69507773292101,-2.5375549323109317
CTTCGGTGTACGGTTT-1,-15.315730065837949,0.9372726208063781
CTTCGGTGTCCCTAAA-1,-16.109716235796082,0.25482299548176585
CTTCTAAAGCAAATCA-1,-11.909932797900849,0.6017088950345274
CTTCTAAAGCCTGAAG-1,-17.324845237529594,-2.568727775065611
CTTCTAACAATTTCGG-1,-16.920437178029474,-1.1184781876673764
CTTCTAACAGAGACTG-1,-12.492520635023787,-2.2198428081762462
CTTCTAACAGTTACCA-1,-13.291934182648365,1.4381159690186665
CTTCTAAGTGCCTTCT-1,-16.642880517242972,-1.3528475944493132
CTTCTAAGTGGCGCTT-1,-17.378467005409895,-1.982767397731488
CTTCTAAGTGTCATCA-1,-12.14417746799697,-6.9695165223171855
CTTCTAAGTTGGTGTT-1,-13.067150229435601,-5.193348457210678
CTTCTAAGTTTCGACA-1,-14.657380460520304,2.0999542206721813
CTTCTAATCCTGGGAC-1,-13.189434612614706,-2.756083002996937
CTTCTAATCGTTAGTG-1,-15.45388701986416,-3.914880977639027
CTTCTAATCTCCACTG-1,-12.663157745355406,1.5185168802330244
CTTCTCTCACCGTCGA-1,-11.448559781029594,-4.85024710867971
CTTCTCTCAGTCACGC-1,-12.677370544661743,-1.5456913068846845
CTTCTCTTCATGCATG-1,-14.021076826203283,-2.542758584014748
CTTCTCTTCGACCTAA-1,-15.922391138991873,0.20041435848432643
CTTGAGAAGACCATGG-1,-16.037579804317165,0.29816583371823346
CTTGAGAAGATCCAAA-1,-15.687400808445899,0.9070719103543762
CTTGAGAAGGCCTTGC-1,-12.125101756498578,-6.48760778710582
CTTGAGACATTGGATC-1,-14.361146892477873,-0.1345022399072177
CTTGAGAGTGACACGA-1,-16.25805553886559,-0.2949617993947125
CTTGAGAGTTCGTTCC-1,-17.98284326632853,-1.3954707767219696
CTTGATTAGCTGAAGC-1,-15.630330213077796,0.28701848317660117
CTTGATTAGTAGCCAG-1,-12.874435163526977,-0.22490288497615274
CTTGATTAGTCACTAC-1,-12.232006184033144,-1.6290774521269564
CTTGATTGTTAGCGGA-1,-12.797461741535342,-5.099561481689633
CTTGATTTCAACCTCC-1,-14.364728664555638,0.2895837784125548
CTTGATTTCGAAGTGG-1,-11.05866204445047,-6.479457634334939
CTTGATTTCTGTGTGA-1,-12.81347800257479,-5.599938456058059
CTTTCAAAGAAGCCTG-1,-12.940056820724921,1.0698002931110502
CTTTCAAAGACTCTTG-1,-14.51445758885849,1.3263551201462334
CTTTCAAAGCCTAACT-1,-14.466770640032026,-3.290951429951843
CTTTCAAAGGGCAGGA-1,-15.56938163653546,-0.7769525985129807
CTTTCAACAAGCCTGC-1,-13.386398373504099,-3.2365439961051283
CTTTCAACATTGCCGG-1,-11.600073296649715,-1.583754142823054
CTTTCAAGTAGCACGA-1,-17.045671596268576,0.8593079649914844
CTTTCAAGTCTGTGAT-1,-16.501338071295546,-0.17312451966458037
CTTTCAAGTTCTAACG-1,-13.883942704238866,0.4295486733387966
CTTTCAATCACCCTTG-1,-14.174013093290458,-1.0774413649152146
CTTTCAATCAGTCAGT-1,-16.433685629723104,-2.4345690845100716
CTTTCAATCTGTAAGC-1,-15.268904925117907,0.7523075919498365
CTTTCGGAGCTCGTGC-1,-15.4059556460551,-2.611110647769282
CTTTCGGAGGATACAT-1,-15.95744738218709,-3.4841554591348696
CTTTCGGAGGTGGCTA-1,-14.062387425276532,-1.6676466517748627
CTTTCGGAGTACTCGT-1,-13.369810595542925,-5.79076686414649
CTTTCGGGTACCTTCC-1,-11.47151727482583,-5.915516074383349
CTTTCGGGTCAGTCTA-1,-15.83747963134801,0.04016197019680708
CTTTCGGTCAAGGCTT-1,-14.434609000709248,-0.2870283633438777
GAAACCTAGACTTAAG-1,-17.89132117684876,0.3768584936247669
GAAACCTCAATAACGA-1,-11.727187577046768,-6.560801715791412
GAAACCTGTACTCCGG-1,-11.562808059787862,-6.717161685011075
GAAACCTGTTGGCCGT-1,-12.930562879897842,0.3547703530211179
GAAACCTTCGCAGTTA-1,-11.53641254413204,-4.819653341075014
GAAACCTTCTTGAACG-1,-13.525554775719868,1.8638918147815204
GAAATGAAGCGGACAT-1,-13.72423475775419,0.7651112330992054
GAAATGACAAGTTTGC-1,-11.82731898934901,-7.548235340652458
GAAATGACAGCTGTAT-1,-11.375918517192707,-4.980500724160763
GAAATGAGTAGACACG-1,-17.171797041406837,0.9761574515880566
GAAATGATCCAAAGGG-1,-16.47848330452735,-0.08546115038200192
GAAATGATCTCCACTG-1,-12.22123837331775,-2.2362735106657556
GAACACTAGATGCTGG-1,-12.206650405572468,-6.028056945974001
GAACACTCACCTCTAC-1,-12.637959460977527,-1.9994529244858357
GAACACTGTCAACACT-1,-16.580856992960424,-2.62210909227554
GAACACTGTCAAGCCC-1,-13.614059644865062,1.8431706983224987
GAACACTTCCAAGAGG-1,-11.657707010703248,-5.966708623155619
GAACACTTCTAAGAAG-1,-10.719003255847515,-5.722317715982741
GAACGTTCATCGAACT-1,-14.861683457857364,-1.0954897159454449
GAACGTTGTCATCTAG-1,-14.329931728671868,-0.6143628955615734
GAACGTTTCCATGATG-1,-15.564911467008626,-3.2138174426812025
GAACGTTTCTAGAGCT-1,-13.743147899376874,1.468760649119123
GAACTGTAGTTCCATG-1,-13.874578931017016,-2.8712612264352066
GAACTGTGTGAACGGT-1,-16.211857885281137,-2.3209568081811667
GAACTGTTCCGTAGTA-1,-11.640710987225887,-5.97552121152566
GAACTGTTCCTTATAC-1,-12.763436002478532,-2.1824687329766586
GAAGAATAGTCATCCA-1,-14.81055124397604,-1.0236232895705082
GAAGAATCATATCTCT-1,-12.736584889437855,-1.9141363725290301
GAAGAATGTCATCAGT-1,-12.935207081763597,-6.650840882044352
GAAGAATTCAGTGGGA-1,-16.60784018057342,-2.361439206174326
GAAGAATTCTTAGCCC-1,-13.165268150122184,-3.385333377508388
GAAGCCCAGCCATCCG-1,-16.915987595714924,-0.6899116554778713
GAAGCCCCAAGCGCAA-1,-13.364879097340797,-3.607947422563508
GAAGCCCCACCCTGAG-1,-13.825027014064752,-3.009371048763521
GAAGCCCCAGTGGGTA-1,-13.251251613246488,0.25676045020555854
GAAGCCCCATCCTCAC-1,-12.233489014519005,-1.6634726706382832
GAAGCCCCATCGCTCT-1,-15.55071674560622,-0.4823400484526096
GAAGCCCGTAGTGCGA-1,-11.393699930439753,-5.5370298873781865
GAAGCCCGTCGCTTGG-1,-17.294096767362113,-0.8346413346153281
GAAGCCCTCAAGAGTA-1,-15.398911198605015,0.9010515427415737
GAAGCCCTCTACCAGA-1,-12.5270895561764,-4.140065129396815
GAAGCGAAGGTTCAGG-1,-15.716893828820451,-2.5580235619600575
GAAGCGACAACACGAG-1,-16.24035812439049,-3.1797167891048264
GAAGGACAGCAACTTC-1,-12.918857902892595,-0.6882755956129695
GAAGGACCAGATACCT-1,-13.817873793860917,-1.2138419956129227
GAAGGACTCCAAGCTA-1,-14.549513134577113,-2.061321936699783
GAAGGACTCCGATAGT-1,-16.773215438097196,0.9107759552169847
GAAGGGTAGCATTTGC-1,-14.80443409946986,-0.2670593777134691
GAAGGGTGTCTTGCGG-1,-16.51405621974029,-0.4030088063212808
GAAGGGTGTGGGTTGA-1,-16.30852995713268,-0.047622091216330445
GAAGGGTTCCACCCTA-1,-13.905983086179491,-3.2536118901666744
GAAGGGTTCCTCCACA-1,-12.986179088443457,-1.6812686980909881
GAAGTAAAGCGACTAG-1,-18.436953756391993,-1.482931514418397
GAAGTAAAGCGTGTTT-1,-16.748480985824422,0.26643673090340464
GAAGTAAAGCTGGTGA-1,-16.98895793529461,-1.683861731957421
GAAGTAAAGGAGAGTA-1,-16.55787304313004,-3.1299492372130957
GAAGTAAAGGTCATTC-1,-12.218995029412605,-5.584869524310634
GAAGTAAAGGTCCCTG-1,-15.63076868664727,-1.0081908910034785
GAAGTAAGTTGTTTGG-1,-15.448159350180765,-0.4242763791876861
GAATAGACAAAGTGTA-1,-15.709470492154523,-0.4225732446876113
GAATAGACAGTCACGC-1,-13.922566929208127,-3.5273730655652216
GAATAGATCACATCAG-1,-12.372527739977112,-5.495370182030289
GAATCACAGGGACCAT-1,-11.261094933310725,-5.9682710141245545
GAATCACAGTCGAAAT-1,-17.106750156697384,0.14286349829523065
GAATCACTCAAGCGTT-1,-11.958973027946042,-7.741780221574189
GAATCACTCACGGTCG-1,-16.287628762476686,0.20812856977645697
GAATCGTCAAGCACAG-1,-12.432687748780287,-7.645480199052096
GAATCGTCAATCCAGT-1,-15.97748891061846,-3.3416277747760423
GAATCGTCACGACAAG-1,-13.99732412906158,1.4036280830139145
GAATCGTCATGCAGCC-1,-13.186235186337251,-0.9153503531119483
GAATCGTTCATGCATG-1,-12.937764253614116,-0.924189463455169
GAATCGTTCCTCAGGG-1,-11.309751104432546,-6.6610971057208905
GACACGCAGACGCCAA-1,-15.578051376363257,1.973618032068456
GACACGCAGTTCTACG-1,-16.837939680028157,0.8021022807311187
GACACGCTCCATACTT-1,-13.117632234602347,-1.110632088582906
GACACGCTCCATTTAC-1,-13.160867840100426,-3.8419707848076943
GACAGCCAGCGAGTAC-1,-17.37487876168491,-0.014814806482101194
GACAGCCAGCTTTGTG-1,-11.111812812332602,-7.353571201738583
GACAGCCAGTTGCTGT-1,-14.748033260019131,0.9574294272978857
GACAGCCCACTGAGGA-1,-15.625369730450956,-0.6220833205110534
GACAGCCGTAATGATG-1,-13.642994286829959,-2.027405182005813
GACAGCCGTCCCTAAA-1,-13.047652675148107,0.13898644330503235
GACAGCCTCATTCACT-1,-12.41285350698121,0.5099177648927296
GACAGCCTCCTCACTG-1,-11.889495247123676,-0.842828059078175
GACATCAAGTCTGCGC-1,-14.448101608540206,-1.1484578249782855
GACCAATAGCTGCCAC-1,-14.144071947049007,-1.697746348971752
GACCAATAGTGATTCC-1,-12.28101315748208,-2.2911788313332697
GACCAATCAACATCGT-1,-12.901317482141321,-1.2029986273447257
GACCAATCAATGTGGG-1,-14.71830588638315,-3.6511390674310986
GACCAATCACAAAGTA-1,-13.30585801357488,-0.3858025661009912
GACCAATCATTGCCGG-1,-12.361421257318359,0.29193981273878666
GACCAATGTATTTCGG-1,-13.436772008667646,-1.3029604435428692
GACCAATTCGGTAACT-1,-15.791337298346273,-2.101365297597838
GACCCAGAGACTTCAC-1,-14.974688080828367,-2.047642711014437
GACCCAGAGATGATTG-1,-13.011247169693133,0.443896507884993
GACCCAGGTATGAGAT-1,-12.644110299328922,-7.0530455809047075
GACCCAGGTGGATGAC-1,-18.12373812684848,-0.7534785472951844
GACCCAGGTTAGGCTT-1,-11.84617578400388,-7.011516112108654
GACCCAGTCAGCTGAT-1,-14.672342176779733,0.9197009583097993
GACCCAGTCAGTGGGA-1,-15.028654315331861,-2.346925712604675
GACCCAGTCTCACTCG-1,-14.072884343008825,-2.6008718280341596
GACCCTTAGGCCACCT-1,-13.83321072430913,-4.143867397384285
GACCCTTAGTACTCGT-1,-14.236593712655678,-4.009568526316319
GACCCTTCACCAACAT-1,-14.083832281031942,-3.5430824653197264
GACCCTTGTTTGGCTA-1,-14.728317632411452,-1.8391065212943052
GACCCTTTCAGCTGAT-1,-13.794803521599258,2.0048948781947473
GACCCTTTCGACGACC-1,-14.410047738416594,2.086504645277998
GACCGTGCACTATGTG-1,-15.2849632641849,-0.3942723079380658
GACCGTGGTGGATACG-1,-18.574773781989382,-0.9404156148322351
GACCGTGTCCCTGGTT-1,-16.769112648918618,-3.1592723037791055
GACCGTGTCTACGGTA-1,-11.253552894783676,-4.603459407613655
GACCGTGTCTAGAGCT-1,-11.93817109521102,-6.642127915987886
GACCTTCGTAAGCTCT-1,-16.307947745587786,1.7426480498323638
GACCTTCGTCAGGTAG-1,-14.494419803712711,2.03251698183495
GACCTTCTCTTACCGC-1,-12.19928742582068,-2.7234404857155794
GACGCTGAGTCCGTCG-1,-16.314429167375163,-1.280754557465723
GACGCTGCACTCCGGA-1,-14.460564939476976,0.9848217563070943
GACGCTGGTACCTATG-1,-17.08240437405894,-2.1133694431986623
GACGCTGGTACTGAGG-1,-15.256029885044853,1.1273669471219703
GACGCTGGTAGCTGAG-1,-15.321539860676616,-1.796723514721685
GACGTTAAGCACGGAT-1,-15.389330837931054,1.1343744022461173
GACGTTACAGAGCGTA-1,-17.011527161190926,-1.2075924543453265
GACGTTACATCATTGG-1,-14.455973543646714,1.784729069494197
GACGTTATCATCAGTG-1,-15.39508281189628,-2.204316171379863
GACTATGAGCACTCTA-1,-13.518961504156625,1.1803074412335761
GACTATGAGCCTGAGA-1,-13.608024132673409,-0.1350583700086301
GACTATGAGCTGTACT-1,-15.879973868506665,0.13120134526028915
GACTATGCAACAAAGT-1,-14.273532808749815,0.3288661198356105
GACTATGCAACGTAAA-1,-14.242143671256445,0.6884064172592087
GACTATGGTAACTGCT-1,-11.828433756855874,-6.050288401383002
GACTATGTCACGTAGT-1,-18.203281107104075,-1.0817162276738619
GACTATGTCTAGTCAG-1,-16.03272516070316,1.1882020593011589
GACTCAAAGTGCTAGG-1,-16.44115445717725,1.6188004983124553
GACTCAACATTGTAGC-1,-14.765697666707334,-0.08812261663874928
GACTCAAGTAGACTGG-1,-14.067278921346597,-0.288510319210176
GACTCAATCAGAGTTC-1,-14.23139475835957,-2.8210812352544212
GACTCAATCATGAAAG-1,-15.054732313584926,0.7287081260759505
GACTCAATCCCAGCGA-1,-18.418302140798737,-0.6323244081847621
GACTCTCAGATAGGGA-1,-11.875044198354509,-7.149226815785433
GACTCTCAGTTTGAGA-1,-14.633865571679957,-3.9199546222118835
GACTCTCCAAGGTCTT-1,-15.24848419459296,2.1337719646125732
GACTCTCGTAGACACG-1,-16.395109312320564,0.8251025687835107
GACTCTCGTTTCCATT-1,-13.429197092550355,-3.4381766934509006
GACTCTCTCAAGGAGC-1,-17.26644757144315,0.2801675336511401
GACTCTCTCTCCGCAT-1,-12.588104589527472,-1.3639929291078319
GACTCTCTCTGATGGT-1,-15.680770656230717,0.008456450049492987
GACTCTCTCTTGTGCC-1,-14.546829233118878,0.36574970232139214
GACTGATCACATACGT-1,-15.549435421628202,0.2805866002922098
GACTGATGTTCGTACA-1,-12.558658087747851,-7.687810131002225
GACTGATTCCATCTGC-1,-16.168926462407626,-3.3014178334776183
GACTGATTCGTTGTAG-1,-14.994152374410762,1.8141332466645397
GACTTCCAGAGTCAAT-1,-15.070569361098823,-1.2475879373273264
GACTTCCAGGTCCCGT-1,-12.741979564426106,-0.28485573715586693
GACTTCCCAATCGCAT-1,-11.918931815895004,-2.0290513423341014
GACTTCCGTCATCGGC-1,-10.810866164766688,-6.289368904088706
GACTTCCGTGACAGCA-1,-17.07424648863822,-0.5384178847925901
GACTTCCTCCACAGGC-1,-12.615760705000113,-0.9436118989891285
GACTTCCTCCCGTAAA-1,-11.228835768541508,-5.180053282851576
GACTTCCTCGAGTGGA-1,-12.027096267997429,-6.304458208647538
GAGAAATAGCTAGTTC-1,-13.526677598848728,-3.8928986774374645
GAGAAATCAACCGACC-1,-11.689089180885649,-5.394623921269328
GAGAAATCAATTGAGA-1,-15.76319488769697,0.8669637839525995
GAGAAATCACGCTTAA-1,-14.623871803156257,-3.028134241485171
GAGAAATCAGGGCTTC-1,-11.133614802762837,-5.897672604735582
GAGAAATGTAGGCTCC-1,-11.927534095875378,-5.248990211807066
GAGAAATGTCCATAGT-1,-13.2069024623046,-3.1458795545352625
GAGAAATGTGACCTGC-1,-12.820379499790613,-1.4533042070901332
GAGAAATGTTAAACCC-1,-12.403362933385818,0.1285832121179796
GAGAAATTCCGTCCTA-1,-12.907320195280874,0.49826192266346153
GAGACCCAGCGACTAG-1,-11.878598088545862,-7.774129645745476
GAGACCCGTGCAACAG-1,-15.625440347931681,-2.635990744240703
GAGACCCTCAAAGCCT-1,-15.85407821777571,1.616296162716582
GAGACCCTCATCGGGC-1,-11.668036100922919,-5.9184494901113816
GAGACTTAGCGTATAA-1,-14.934017976576106,1.432633172903932
GAGACTTAGGTCCCGT-1,-14.082446758142316,-2.2856895769481733
GAGACTTCACAATGCT-1,-12.97090743749278,-5.04649155875783
GAGACTTCACGTTCGG-1,-16.922965763514757,-0.771148977642732
GAGACTTCACTGTCCT-1,-12.171336031760838,-5.256902385022152
GAGACTTGTCGCTGCA-1,-11.710661398084353,-5.288713142774982
GAGACTTGTGTTCCAA-1,-17.40649732730758,0.4772209658561651
GAGACTTTCAGCCCAG-1,-11.257820431095258,-6.104413567663552
GAGACTTTCCTCACCA-1,-12.34184255933772,0.26079829380673303
GAGACTTTCGCCCAGA-1,-14.46324543888023,2.040568408110673
GAGACTTTCTGAGTCA-1,-12.56418320459232,0.5515946747896553
GAGAGGTAGGAACGAA-1,-17.014343483975388,0.6501533196489164
GAGAGGTAGGGACCAT-1,-18.69896999877729,-0.975669108444352
GAGAGGTCAGGACTAG-1,-16.842956985795517,-1.0159478319572741
GAGAGGTTCTCTAGGA-1,-16.35838793386584,2.051810102597972
GAGATGGAGAAACACT-1,-12.590554022025849,-2.5489013807167784
GAGATGGAGGGCAAGG-1,-16.89709201846687,-2.1056872463469065
GAGATGGAGGTTACAA-1,-16.21396914044381,0.07653921021828884
GAGATGGGTAGACAAT-1,-16.69636601116749,-0.09926466191481063
GAGATGGTCCAAGGGA-1,-16.666191104374164,-1.6476435643922225
GAGATGGTCCGATCGG-1,-14.605656139123472,-3.863999565574095
GAGCCTGCACTTGAAC-1,-16.243332565195225,1.1647270260702645
GAGCCTGGTGTATTCG-1,-12.452663250988445,-7.548635122793532
GAGCTGCAGAAGCGGG-1,-17.511328992369943,0.7933813102671182
GAGCTGCAGTTCAACC-1,-14.012658814605372,-3.9068965609407766
GAGCTGCCAGCATTGT-1,-15.666137632742766,-0.32910469410483795
GAGCTGCTCTGACCCT-1,-12.40278386579742,-6.115374711940364
GAGGCAAAGAATGTTG-1,-16.846498537224228,-2.9716229900417845
GAGGCAAAGGAGTCTG-1,-17.970699911083454,-1.4688496598990963
GAGGCAAAGGGCGAGA-1,-12.584643098355697,-6.025182291806065
GAGGCAAGTCGGATTT-1,-16.747428492427154,-3.0403175234634774
GAGGCAAGTTCTCTAT-1,-16.022728390225744,0.4699420930576762
GAGGCAATCTTTGCTA-1,-13.797975872349136,-3.0487645500690417
GAGGCCTAGACAGCGT-1,-15.133062417757836,-2.7785615414621767
GAGGCCTAGGTTGACG-1,-15.138439076828307,0.4824870477310588
GAGGCCTCAAACTAGA-1,-17.135675271504724,-0.9336628180953854
GAGGCCTCAGCAAGAC-1,-14.955842469207766,-0.6930060440198524
GAGGCCTCATACAGCT-1,-13.560274355226214,-2.2822686569094426
GAGGCCTGTCCACAGC-1,-13.043275651502176,1.1537086241435235
GAGGCCTGTGGAACAC-1,-13.128883185409864,-6.115159919275968
GAGGCCTTCAGCTAGT-1,-14.244660237690292,-1.3982019512535333
GAGGGATAGGCTATCT-1,-18.016277761193376,0.5733452118782079
GAGGGATGTATCGCAT-1,-18.167946177117695,0.7110726132482915
GAGGGATGTATGATCC-1,-12.761355107533584,-5.715012756012485
GAGGGATGTCCTCAGG-1,-12.485558327988423,-6.235664430112523
GAGGGATGTGATAGTA-1,-17.00388721117062,1.204576582400979
GAGGGATGTGGACTGA-1,-17.96329628497592,0.6505761635262054
GAGGGTAAGGACGCTA-1,-17.91518203671935,-0.7989823780783719
GAGGGTACAAAGAACT-1,-16.16673098202129,0.3384424111094805
GAGGGTACAAGAAACT-1,-16.411045496511576,-1.426437988047273
GAGTCATAGTGTACAA-1,-12.130744137959896,-5.919521206433816
GAGTCATCAAGAGGCT-1,-13.185837425972554,-1.5777893765168298
GAGTCATCACCATAAC-1,-15.931173832403513,-2.6617558445155307
GAGTCATCAGTTCACA-1,-15.528054653743103,-1.8040228823371436
GAGTCATCATTCGATG-1,-15.478894094377523,1.4422088124837251
GAGTCATGTACAAGTA-1,-16.113280530058898,-0.025936531824843963
GAGTCATTCGCAGTGC-1,-12.508439698024862,0.8325377517182151
GAGTCTAAGCGGTAGT-1,-15.588353389890417,-2.189061978942324
GAGTCTAAGTATCTGC-1,-14.763102270200587,-2.733309074456469
GAGTCTAAGTGGATTA-1,-16.080417123337146,-0.17887733342289455
GAGTCTACAATCAGCT-1,-15.344367581540174,-1.0133059177011865
GAGTCTAGTAGGACCA-1,-18.499583463352614,-2.1342808982143042
GAGTCTAGTATCGCTA-1,-16.455158642698294,-3.2649527610295697
GAGTCTAGTGCATTTG-1,-12.5194365568841,-4.819985070521726
GAGTGAGAGTTCTACG-1,-16.67139950563034,-0.05643287084876672
GAGTGAGCAAACTCTG-1,-13.58513001779282,-1.3397324458123336
GAGTGAGCACCCTAAA-1,-17.436901121774476,-1.7676654804418992
GAGTGAGGTTCGCGTG-1,-16.581899852858864,0.33806290012684065
GAGTGAGTCAAGAGTA-1,-16.618763892690836,-1.2961637719066117
GAGTGAGTCGGTCGAC-1,-13.08043674499424,-0.3659680631034161
GAGTGAGTCTTCTCAA-1,-13.015952549922025,-1.120655919618163
GAGTGTTAGAACAGGA-1,-16.93607954657653,-0.44047886759234894
GAGTGTTAGCATTTCG-1,-13.77189792122917,-1.6436145369076742
GAGTGTTAGTAAGGGA-1,-18.10893676682787,-0.020052776888805413
GAGTGTTCAGTGTACT-1,-12.24090882635841,-7.537741640502615
GAGTGTTTCATTCATC-1,-18.445200518929276,-0.5643971453950293
GAGTGTTTCTGTAACG-1,-18.1036052639678,0.29657913991337026
GAGTTACAGCGACAGT-1,-12.326890820673672,-6.478609048113453
GAGTTACCAGCATGCC-1,-13.26452299093319,-0.7784501784345157
GAGTTACGTCCCTGAG-1,-11.345683426375787,-5.997012462835628
GAGTTACGTGTATTGC-1,-15.740228808407904,-3.7362637679367707
GAGTTACGTGTTCGAT-1,-15.342032104191569,1.4109263791196918
GAGTTACTCCTAACAG-1,-14.69282288816732,2.153945464487786
GAGTTGTAGAAGTCCG-1,-17.55424971621403,-1.051407252515067
GAGTTGTAGCATTGTC-1,-14.882727645539335,-1.8918155955085196
GAGTTGTAGCCGTCGT-1,-15.822114159248311,-3.8639771703676216
GAGTTGTAGCGTGAGT-1,-12.613264987364685,-6.984511726024397
GAGTTGTCAAGGCTTT-1,-16.620244749285373,0.22270451055634682
GAGTTGTCACCAGACC-1,-16.918133100872748,0.7106625416943886
GAGTTGTCACCTTCGT-1,-13.76905935971851,-0.9824855728621805
GAGTTGTCACGATTCA-1,-14.524793904900793,1.6702072714716159
GAGTTGTGTATTCTCT-1,-17.1295594904738,-0.6637622352199751
GAGTTGTTCCTGCCAT-1,-15.365489120497507,1.1026123583728604
GAGTTGTTCTAGACAC-1,-15.937816610747745,-1.1311260457750811
GAGTTGTTCTGAGTCA-1,-16.09872905470606,1.0279751702603663
GAGTTTGGTCAGTCGC-1,-15.146151235729537,0.9212271440308346
GAGTTTGGTCCAAATC-1,-14.53287001712745,0.6700866235801795
GAGTTTGTCCCTCTAG-1,-12.790751384383627,-0.16351676213184005
GAGTTTGTCCGATGCG-1,-12.31314754751618,0.0614543270373623
GAGTTTGTCGGCATTA-1,-15.593479045929664,-2.2270028064934073
GATAGAAAGTAGATCA-1,-12.723727939998533,-7.212611419800862
GATAGAACAAAGGCTG-1,-15.571966559868226,1.2102149725383815
GATAGAACAGGCAATG-1,-14.67811880669399,-0.7086059115648234
GATAGAAGTCACTCAA-1,-14.359827709262953,-2.9185487021263747
GATAGAATCTGCATGA-1,-14.199145409285627,-3.763097418877906
GATAGAATCTTACCAT-1,-16.10023545422931,0.45920960548415724
GATAGCTCAACTCGAT-1,-14.153963607742094,0.8540033090459876
GATAGCTGTCTCAGGC-1,-13.03524837498012,-0.77391903500813
GATAGCTGTGAGTTGG-1,-12.294349779774914,-6.713387001165192
GATCACAAGGAGTACC-1,-15.212501445268844,-2.3635535003686243
GATCACACAGAGTGAC-1,-14.884618855582046,-1.7468297354874327
GATCACACATCCGCGA-1,-12.1904269528897,-5.7382645685294325
GATCACAGTAGGAGGG-1,-18.0128716886101,-1.9430631905626208
GATCACAGTATCACCA-1,-15.51994151705295,-3.3487531439532745
GATCACAGTTCCCACT-1,-13.152931192906182,-4.937374543913746
GATCACATCGTTCCCA-1,-15.404767354139446,-0.8762209726450596
GATCAGTAGGATTCCT-1,-15.082392198355892,-1.0358201336373054
GATCAGTCAAGTGATA-1,-11.846112892860884,-5.307713899330539
GATCAGTGTTCGGCTG-1,-14.969667048039287,-1.9422015210137409
GATCAGTGTTGCGAAG-1,-12.537887536325503,-0.07119431560033324
GATCAGTTCAGTCACA-1,-13.293939748269704,-1.6516176821321658
GATCAGTTCGAGAATA-1,-16.221134688661618,-3.318263459970935
GATCAGTTCGCCATAA-1,-12.307399474941933,-7.040930176650022
GATCATGCAGCTCTGG-1,-16.792452877919345,-1.9207939153977331
GATCATGTCAAATGCC-1,-14.013733832482083,-2.553063843335559
GATCATGTCAGGAAAT-1,-15.240807502899623,0.5590752100235197
GATCCCTAGGTCACCC-1,-13.951467988926291,-2.4930584519737997
GATCCCTCAAGGCAAC-1,-11.7933275581844,-5.458690670748369
GATCCCTCACCAGTTA-1,-13.317181947968628,-3.5440119799456014
GATCCCTGTCCTCATC-1,-16.049846554063787,-2.6232584597446245
GATCGTACAACCGGAA-1,-13.303128533506795,-0.16798470215774272
GATCGTAGTAAGATCA-1,-12.764973632958872,-5.902713537306021
GATCGTAGTACAAAGT-1,-18.056557543691206,-1.2307089109321572
GATCGTAGTCCACGCA-1,-13.004360960593829,-4.375471374650555
GATCGTATCAGTCCGG-1,-16.887614914871353,-0.06817138005799442
GATCGTATCCACGTAA-1,-16.30401069081089,1.0458651755836774
GATGACTAGCCGATCC-1,-15.113497547379078,-3.8946338082027823
GATGACTAGGAATCGC-1,-11.985736529052001,-7.150175615659343
GATGACTAGGGTTAGC-1,-13.007593309544312,-6.153746532500666
GATGACTAGTGGCAGT-1,-16.348846054497024,0.015563666499952727
GATGACTAGTGGTGAC-1,-12.645612637597164,0.8203663561031143
GATGACTAGTTCCATG-1,-14.434020453582232,-2.4517274365259425
GATGACTCAATAAGGT-1,-12.80190645071517,-0.7864932559737976
GATGACTCAATGCAGG-1,-15.916412285602743,0.7565217702079564
GATGACTCACCGGTCA-1,-12.211571468488005,-5.022677703492621
GATGACTCATGTCTAG-1,-12.852259347399803,-6.17576068561833
GATGACTGTACCGGAA-1,-12.16883521874431,0.9345559002694459
GATGACTGTCGCATGC-1,-16.060055579973547,-3.924562201651653
GATGACTTCAGCTGTA-1,-13.467125706470178,1.8239876364350973
GATGAGGCAGCACAGA-1,-14.035643700693132,-0.5417070913370828
GATGAGGCATGAAGGC-1,-11.957007240696525,-6.999287553535916
GATGAGGGTGCCGTAC-1,-16.04599319479364,1.6577793130365448
GATGAGGGTTCGTACA-1,-17.20277481199948,-1.2386620282738767
GATGAGGTCATGCTAG-1,-11.257638442724595,-6.628172604026979
GATGATCCACTCCCTA-1,-15.73022119716858,1.0073266150950644
GATGATCCATGACTTG-1,-16.42956388120403,1.4213716237834602
GATGATCCATGTACGT-1,-17.699857845417394,0.05372283315687518
GATGATCGTCCCTGAG-1,-14.646666147019335,-1.7748856561237354
GATGCTAAGGTAAACT-1,-16.496974420324534,1.5398340203566463
GATGCTAAGTTGAATG-1,-12.917680079421464,-0.42262578058429134
GATGCTACATGACACT-1,-12.671121761086846,-6.6632003314112005
GATGCTAGTACTCCCT-1,-15.976902231832689,-1.1253565781359356
GATGCTATCGCTCTCA-1,-14.681920361584412,0.782896244974529
GATGCTATCGTGTGAT-1,-14.692792396594246,-1.5343456797456767
GATGGAGAGCTACTAC-1,-16.049874634807566,-1.782245750679783
GATGGAGCACAACATC-1,-13.746898456633437,-0.07330363389184683
GATGGAGCACACGGAA-1,-13.042168696678331,-6.332831949475298
GATGGAGGTGGCGCTT-1,-15.961190423086826,-0.4518768964032351
GATGGAGGTTACCTTT-1,-15.453242325100636,1.5300597440173433
GATGGAGTCTCGCTTG-1,-15.544227809309913,-2.6519610393883326
GATGTTGAGGTACATA-1,-14.71708527741126,-2.205954744533218
GATGTTGAGTGATCGG-1,-15.118290697072437,0.647054635548095
GATGTTGAGTGATTCC-1,-11.151747869162026,-5.178600445913294
GATGTTGCACCACTGG-1,-14.282955414777806,-2.297691592337737
GATGTTGCACCGGAAA-1,-13.421851615068109,-5.954512515586472
GATGTTGCACTACCGG-1,-12.934935277654752,-1.8007937357608292
GATGTTGCAGCGTACC-1,-16.99606415305349,0.9063737305273853
GATGTTGGTTACCTTT-1,-17.288246293153367,1.07542841530603
GATGTTGGTTGTTTGG-1,-13.38268012964919,-3.499079291281335
GATGTTGTCACCGGTG-1,-13.599126189014562,-3.421027237454517
GATGTTGTCCCGTGAG-1,-15.958019905431987,0.5720633317074982
GATGTTGTCGATAACC-1,-16.463846718205296,-1.1614918499701423
GATTCGAAGGTTATAG-1,-14.83907085738539,0.09030573672353703
GATTCGAAGTATGAGT-1,-18.084866293557056,-1.268995662561798
GATTCGACACGTGAGA-1,-12.562640060705444,-6.379604386590956
GATTCGACATGGAAGC-1,-15.03981088621905,1.3462876492754183
GATTCGAGTGATAGAT-1,-16.75813628103957,-2.69788823382403
GATTCTTGTAAGCGGT-1,-14.859059782536358,0.2888603160566312
GATTCTTTCCTCTCTT-1,-11.837859490703378,-0.013503584778963922
GATTGGTAGAGTACCG-1,-13.11217810844452,-6.752258888479727
GATTGGTAGGGAGGCA-1,-18.115721226855346,-0.31811063528618777
GATTGGTGTTGGACTT-1,-12.73547358111518,-4.956862394863991
GATTGGTTCATCACAG-1,-11.033006654775596,-6.321514382645314
GATTGGTTCCAATCTT-1,-11.48655288940757,-4.044162799933361
GATTGGTTCCTTCACG-1,-15.67832445218311,1.9948270394383232
GATTTCTCAATACGCT-1,-11.8451654602547,0.0505877513155156
GATTTCTCATACCACA-1,-13.537665537364624,-0.3896301215387312
GATTTCTGTAACGTTC-1,-13.172739488129288,-3.204086088569482
GATTTCTGTTGTTTGG-1,-14.890425512262297,2.0866366655250173
GCAACATAGAAAGCGA-1,-17.73015041650504,-0.11100220118948338
GCAACATCACCCTAGG-1,-15.4439767319486,0.7418148314973005
GCAACATCAGACATCT-1,-13.216703445556837,1.3771432357596933
GCAACATCAGTTAAAG-1,-15.538009510266134,-3.8455050024294226
GCAACATGTGAGCAGT-1,-11.617511325923212,-5.149920968993497
GCAACATTCATAGGCT-1,-16.48996405360558,0.8493381623549705
GCAACCGAGTCATACC-1,-12.724780431835134,0.7790653820493064
GCAACCGAGTGTTGTC-1,-17.657315666815162,-1.8120096840707451
GCAACCGGTAGTGATA-1,-11.867439605194452,-4.748972122816393
GCAACCGTCGGAATTC-1,-16.492533313856136,0.04277171867028655
GCACATAAGTGGTCAG-1,-11.084753195850361,-6.21847923826044
GCACATACATACCACA-1,-11.506010144531391,-4.907116901270912
GCACATAGTGGCAGAT-1,-17.263803888858714,-1.9488102771452978
GCACATAGTTGAGTCT-1,-12.192975021249362,-1.7178557603342655
GCACATATCAACCTCC-1,-11.37078221688584,-4.215165584638775
GCACATATCCTTACCG-1,-12.698679150566797,1.2590640366585089
GCACATATCTTCGTGC-1,-11.693226504770617,-7.647085919716805
GCACGGTCACTCCTGT-1,-12.402461442582917,-2.352961622522783
GCACGGTCATCAACCA-1,-15.97368071091386,-1.121081506475393
GCACGGTGTAAGCTCT-1,-15.78997967912983,1.4535469942752712
GCACGGTTCGCGCCAA-1,-12.149331249181879,-6.904057656574005
GCACGGTTCGTGGCTG-1,-16.624826555244056,-2.308736795308561
GCACGGTTCTACGGTA-1,-12.919601238852655,-3.920379681185663
GCACGGTTCTATGCCC-1,-11.184972146472472,-6.117726075301293
GCACGGTTCTGGTGCG-1,-16.26350513188701,-3.348261324805686
GCACGTGAGAGGTGCT-1,-15.875404272916928,-0.4863672608503894
GCACGTGAGTCCTACA-1,-12.49131521313244,-5.92658553326939
GCACGTGCAAAGCTAA-1,-16.57104657345103,-2.272934021923304
GCACGTGCACAGCTGC-1,-10.929577019114827,-5.507593890243644
GCACGTGCACGGTGAA-1,-13.305109994796116,0.29728492304022824
GCACGTGCACTGCGAC-1,-13.111339996125544,-1.7626600013110654
GCACGTGTCAGTCACA-1,-12.827250433273312,-7.385616671723097
GCACTAAAGTGCCCGT-1,-15.43535388890866,0.2907941946442114
GCACTAACAGTGACCC-1,-15.818086494512212,1.8503323170369506
GCACTAAGTAGTGTGG-1,-15.953522994167514,-0.7400556304240501
GCAGCCAGTTTCACTT-1,-12.150058559961595,-5.92729206598842
GCAGCCATCCACAGCG-1,-17.789867293537267,-1.0503958415376333
GCAGCTGAGTCATACC-1,-14.762958347406656,0.9320465884538154
GCAGCTGCAACTCGTA-1,-12.648885075562047,0.7911062102635789
GCAGCTGCACGTATAC-1,-16.213409759992047,2.02587144548489
GCAGCTGCAGACTCTA-1,-12.512128692016127,-5.5652106830030625
GCAGCTGCATAAGCAA-1,-17.750448769693936,-1.576049281512627
GCAGCTGGTAATCAGA-1,-12.789087485885396,-0.447112326698786
GCAGCTGGTACTGCGC-1,-16.919172630579187,-2.4279517599700875
GCAGCTGGTATACCTG-1,-18.028529218934292,-0.8750866272365947
GCAGCTGGTCTTCCGT-1,-13.521803721168459,-2.0608675700777024
GCAGCTGTCACTCCGT-1,-15.892290798522152,1.8913742370157878
GCAGCTGTCGGTATGT-1,-15.3542408483158,-3.8257027558197
GCAGGCTAGACATAAC-1,-12.67716535887399,-2.4610196207239725
GCAGGCTAGCTCAGAG-1,-12.496717932714319,-7.072690937989761
GCAGGCTAGGGTAATT-1,-17.158997338326376,-1.4865211936116898
GCAGGCTCACGTTGGC-1,-13.364816766319779,1.4534861315670664
GCAGGCTGTTGTCTAG-1,-12.737045536122102,0.19686546677663136
GCAGGCTTCCACTGGG-1,-15.95965738750541,-1.5239790643932112
GCAGGCTTCTACTCAT-1,-13.135999986993024,-2.422957083314476
GCAGTTATCCCATGGG-1,-12.151579717536128,-7.758229877341897
GCATCGGAGCATACTC-1,-12.775977473373237,-6.108595441842087
GCATCGGGTCTTCATT-1,-11.928707158679673,-5.236859507509972
GCATCGGTCCGTTTCG-1,-17.442075591404354,-0.8097661671808281
GCATCGGTCGTTGCCT-1,-12.843049889939913,-7.156670185097235
GCATCTCCATCACGGC-1,-16.46959073241125,-1.3982337104827223
GCATCTCTCATGCCAA-1,-14.636859332568022,1.5489760915552357
GCATCTCTCTACTGAG-1,-12.229986574380032,-4.750236021207252
GCATCTCTCTCGAGTA-1,-12.111834120553098,-5.735499579153109
GCATGATAGGAGCTGT-1,-16.312776304019323,-0.03181609338016702
GCATGATCAGAGATGC-1,-17.128120065357894,-0.29309502643513863
GCATGATGTATTGACC-1,-12.509954094257086,-0.11803506510918853
GCATGATGTCTTGTCC-1,-14.358114994070924,0.653748486864449
GCATTAGAGGATCATA-1,-14.98692141638877,2.0257080340035514
GCATTAGAGGGAGATA-1,-16.54634733141761,-2.155305197172592
GCATTAGAGTACAACA-1,-13.402424148714708,-6.17072149237601
GCATTAGCAACCGTAT-1,-17.011042172907615,-2.55789533827554
GCATTAGCAGAACCGA-1,-12.068299093933735,-6.108181808707559
GCATTAGCAGCAGTCC-1,-15.818838545726043,0.1743191827932881
GCATTAGCAGTCTACA-1,-13.171589990588883,-0.10450194705254948
GCATTAGCATGTTTGG-1,-16.198864385522846,-3.0872650993500623
GCATTAGGTAGGCTCC-1,-17.344401924756408,-2.9761633412842694
GCATTAGGTTGTAAAG-1,-13.857873792381366,-2.1845010365052535
GCATTAGTCAACTACG-1,-11.754257104548532,-7.329913930844875
GCATTAGTCGAGATAA-1,-17.573781125864933,-2.93694054810148
GCCAACGGTGAGACGT-1,-12.632350875951339,-7.298434713312326
GCCAACGGTTTCGTTT-1,-16.561485681934524,-2.5624418405777813
GCCAACGTCAGGAAGC-1,-16.54368748787823,0.37711519098836754
GCCAGCAAGTCGCCCA-1,-16.84610209646572,-1.6578538207180822
GCCAGCACAACCTATG-1,-12.305290453520165,-4.57323242891616
GCCAGCACATGGGCAA-1,-13.529125075765648,1.6008615576208134
GCCAGCAGTTGGCTAT-1,-16.718671368877704,-2.455010341571398
GCCAGGTAGACAACAT-1,-12.810589907776153,-5.5213776040808735
GCCAGGTCACAGACGA-1,-14.027599466986146,-0.24117552830765387
GCCAGGTGTAAGTCAA-1,-11.756620363935047,-5.3325986502451
GCCAGGTGTGTCCGGT-1,-17.689814650248756,0.22073235251495626
GCCAGGTGTGTGATGG-1,-12.507830961546926,-6.351911674441946
GCCAGGTTCAGATTGC-1,-12.432807098331262,-5.60979173872116
GCCAGTGAGAAGGGAT-1,-11.484401792372372,-6.709837501522471
GCCAGTGAGCCAGAGT-1,-11.922426548364381,-7.019012957845082
GCCAGTGCAATACGCT-1,-12.38522597954153,-0.29068011372974056
GCCAGTGCAGCGTACC-1,-11.851784642084267,-0.49217104020426256
GCCAGTGGTAAGTAGT-1,-17.443177175411197,-2.9758987698359594
GCCAGTGGTCCAGCCA-1,-10.73886055586291,-5.906588604098068
GCCATGGAGAGGTATT-1,-12.814805715489987,-5.4397870421237196
GCCATGGAGCTTAGTC-1,-13.59026350542922,-3.5351930717907805
GCCATGGCATACATCG-1,-12.337573108592855,1.3539015043125724
GCCATGGGTGGCTAGA-1,-13.087479903716835,-5.737052371557018
GCCATGGGTTAGGCTT-1,-16.178169494077892,-1.3328885756072446
GCCATGGGTTGCCTAA-1,-13.410457193733968,1.7050704146807154
GCCATGGTCCACGGAC-1,-15.749504291006442,-2.373584415426431
GCCATTCAGAAGCTGC-1,-11.571897044012452,-5.702618680424798
GCCATTCCACCAAATC-1,-14.850858162669992,1.3734565566316606
GCCATTCGTACTCGTA-1,-15.796453149737786,-0.3908459043831619
GCCATTCGTAGCTGTT-1,-15.193929399428404,1.1996563755544163
GCCATTCGTCAAACGG-1,-15.087255599627973,0.3593269203109908
GCCATTCTCTCGTCAC-1,-13.595348323951914,-2.806082474459655
GCCCAGAAGTCTGCAT-1,-15.195638822262485,-0.48929591363393915
GCCCAGAGTTTACGAC-1,-13.686117111098417,-0.7071897205591074
GCCCAGATCACCTGGG-1,-15.859051482634285,1.4649580359297154
GCCCAGATCACGACTA-1,-14.647726055152273,1.6896391951397296
GCCCAGATCCTCACCA-1,-13.865127358851616,0.8477706108295803
GCCCGAAAGGGTTAGC-1,-13.35900419989029,-0.6734779382307979
GCCCGAACATGCGGTC-1,-14.949508479572707,0.18944276087864045
GCCCGAAGTAACCAGG-1,-16.83436178083876,0.10449559416730471
GCCCGAAGTAAGTCAA-1,-15.509765990335687,-2.4551620232784526
GCCCGAAGTAGAGACC-1,-12.961070145283577,-3.2034587071089393
GCCCGAAGTATGAAAC-1,-13.621511798905365,0.7142457738795526
GCCCGAATCCACTAGA-1,-13.016202591559304,-1.9403951721226307
GCCCGAATCTATCGCC-1,-12.56625771005858,1.2365247120339937
GCCGATGAGAATGTTG-1,-15.73066800713537,-4.009942222483943
GCCGATGAGGAGACCT-1,-13.956897726456113,0.587213834873154
GCCGATGAGTCGGGAT-1,-17.89743606266853,0.7561617073308996
GCCGATGCAGTTGGTT-1,-13.985091046507929,1.0350034710629912
GCCGATGCATAGTCAC-1,-17.073792226542558,0.3974461261464117
GCCGATGGTCGTGGAA-1,-16.569549443306368,1.5537908234862907
GCCGATGGTCTCAGAT-1,-16.032689982895565,-3.1387169812351443
GCCGATGGTTCTAACG-1,-16.585507821809614,-2.8313547922448374
GCCGATGTCGTGAGAG-1,-17.67659708536445,-1.3672966246320317
GCCGATGTCTTGCGCT-1,-16.14159195300299,1.6628707491647632
GCCGTGAAGAGCATAT-1,-15.343512097149596,-1.0698156935297798
GCCGTGAAGCTTTGTG-1,-12.067415527986755,-7.343614078285283
GCCGTGAGTCAACGCC-1,-14.08415146095033,1.5133118521834525
GCCGTGATCTTCACAT-1,-17.994673988233465,-0.9658365029262551
GCCTGTTAGCCGGATA-1,-11.355047574267555,-5.842334648438064
GCCTGTTAGTTCCGTA-1,-13.002297742410596,-0.5748979885281296
GCCTGTTCAAATGAAC-1,-11.6966210494584,-5.551085343647779
GCCTGTTGTACTCGAT-1,-13.089975407358846,-2.787433169089435
GCCTGTTGTGCTCCGA-1,-13.39929085503524,-3.5560964995263187
GCCTGTTGTTCTCTCG-1,-12.170309759518501,-4.895891647366142
GCCTGTTTCTGTGTGA-1,-13.442686909526904,-2.6630358662526197
GCGAGAAAGACCAGAC-1,-16.03092827074765,1.1382392711055582
GCGAGAAAGCGTCAAG-1,-13.194281720778042,-1.2488247182056795
GCGAGAAAGGCTTAAA-1,-17.59752011509281,0.7734015908918662
GCGAGAACAAAGAGTT-1,-17.73375825353624,0.6765076519298295
GCGAGAACAGAGTCAG-1,-17.19274916568967,-1.8419165389594723
GCGAGAAGTAGCGCCT-1,-16.67679253430936,1.6185579444853906
GCGAGAAGTGGCAGAT-1,-13.714255220410124,1.447511617773722
GCGAGAATCAAACGTC-1,-16.897596682045247,-1.1663052556792055
GCGAGAATCCCAAGCG-1,-16.251174977685,0.5363237800827553
GCGAGAATCGTGACTA-1,-16.205917491225208,0.7018139774660495
GCGATCGAGCAAGGAA-1,-13.649032953712535,0.7873478357784949
GCGATCGCACGGTGAA-1,-12.868373361046974,-7.385821022146882
GCGATCGGTTTACACG-1,-17.208723527538886,-0.4734800890432748
GCGATCGTCACGTAGT-1,-13.680540288177093,-2.4815207200826346
GCGATCGTCATGAAAG-1,-18.257546564816963,-1.0460320077703644
GCGATCGTCTCGCCTA-1,-14.733376832242001,-2.0787659862173733
GCGGAAACAGTCGGTC-1,-11.252328247043419,-6.477053375925434
GCGGATCAGATCCCAT-1,-16.055023454193435,1.2108577561941094
GCGGATCAGCCTCAGC-1,-16.320890088307078,0.07569488590396499
GCGGATCCACTGGACC-1,-16.930270551772562,-1.4145582863631032
GCGGATCTCACGGAGA-1,-14.977579362729472,-3.8447067361388787
GCGTGCAAGATCCGAG-1,-18.30536763359963,-0.02413454701471174
GCGTGCAAGTCCTACA-1,-11.587367919087612,-5.411530211757477
GCGTGCACACCGGTCA-1,-11.026596439220297,-6.002787774005847
GCGTGCAGTAACGCGA-1,-16.42042831417851,-0.6425164824872481
GCGTTTCCAACCACGC-1,-18.628577119165342,-1.4280360914846626
GCGTTTCCAATTGTGC-1,-17.082270120159915,-1.8336717716767208
GCGTTTCCACATTCGA-1,-14.120778131665896,-0.8696010910246716
GCGTTTCGTCAAATCC-1,-16.559267245645835,-2.2495177928769263
GCGTTTCGTCACTAGT-1,-11.972287205203113,-6.1618618920721175
GCTACAAAGACAAGCC-1,-13.263303032844338,-2.43473134009657
GCTACAATCCAACACA-1,-15.878616406168401,-0.5128508679140465
GCTACAATCTTCCAGC-1,-14.436369948598848,-3.9433651936146807
GCTACCTAGGCTAGCA-1,-12.355708706557634,-1.7399094424289572
GCTACCTGTCGTCAGC-1,-13.48410722983996,-0.02258518525689378
GCTACCTTCACTACGA-1,-13.588126723987735,1.1755009476952003
GCTACCTTCTTCCAGC-1,-14.178987975795298,0.5111182732611623
GCTCAAAAGTAGTGCG-1,-11.516351198573872,-5.959405276354583
GCTCAAAGTACCAGAG-1,-12.934563371525883,-6.160761833432203
GCTCAAAGTTCTAACG-1,-16.523373416172454,-1.6790705500572045
GCTGAATAGTCGAAGC-1,-17.51006918052025,-0.14106345479226207
GCTGAATGTATCGCGC-1,-17.982158169345656,-0.5239588536801385
GCTGAATTCGGCATCG-1,-12.423649116052434,-6.170058329706937
GCTGAATTCTCAGTCC-1,-13.90054378413067,-0.0491992603158414
GCTGCAGAGAAATCCA-1,-14.122986062147685,-3.141732760443425
GCTGCAGCACTATCCC-1,-12.78914287984067,0.3526446498942362
GCTGCAGCAGTTAAAG-1,-17.936527760995737,0.6343498166928379
GCTGCAGGTCGAAGCA-1,-17.435324584394273,0.4666872589148889
GCTGCAGGTGGACTGA-1,-15.790035349798135,1.4918081967959032
GCTGCAGTCACCTGTC-1,-12.91261121677563,0.2432622207799237
GCTGGGTAGGTATCTC-1,-11.990007770668996,-2.082248087830191
GCTGGGTCATTGCCTC-1,-11.779909288214151,-5.924483967771822
GCTGGGTGTTGTGTTG-1,-15.646446903429872,1.8503415728216923
GCTTCACAGTTGCTCA-1,-16.374579419186198,-2.0284137413145693
GCTTCACCAGGAGGTT-1,-11.698583310061247,-5.680995600926155
GCTTCACGTCGTCAGC-1,-16.872062997236203,-0.19864282529644597
GCTTCACGTGGTTTAC-1,-13.339758427275495,0.22182418361762715
GCTTCACGTTGGCCGT-1,-11.969936872314117,-6.663179867359212
GCTTGGGAGCGACTGA-1,-15.93867376724558,-0.3585070490291518
GCTTGGGAGGAGATAG-1,-16.96217647719045,-0.9477575759553823
GCTTGGGAGGTCGAGT-1,-13.752672611401538,0.884986906348465
GCTTGGGCAGTCGTTA-1,-13.673894361448745,0.6188136254183771
GCTTGGGGTAGGCAAC-1,-15.173538329041072,-3.057827847329033
GCTTGGGGTTGCTAGT-1,-13.230762639982608,1.4917958940494558
GCTTGGGTCCGAGATT-1,-11.002943071831714,-5.999181801487505
GCTTGGGTCGTTCATT-1,-10.766716279312917,-5.5566634103289765
GCTTGGGTCTAAGAAG-1,-16.070154701253465,-1.4832161916031084
GCTTGGGTCTTGGAAC-1,-12.727452770141905,-0.18618656270341788
GCTTTCGAGAACGTGC-1,-12.630160416372581,1.1080759485971008
GCTTTCGAGCAGCCCT-1,-16.920292806720457,1.9479798488373932
GCTTTCGAGTGCTAGG-1,-16.03117351034477,0.48817281406075347
GCTTTCGAGTGGTTAA-1,-16.791237342133407,1.626437221416048
GCTTTCGAGTTTCAGC-1,-16.044301885746588,-1.5031497713515163
GCTTTCGCAACGCCCA-1,-11.834306169343453,-5.711198437861216
GCTTTCGCACTACGGC-1,-10.889877086581492,-5.667019656896473
GCTTTCGCATCGATAC-1,-13.583852668855757,0.5053617488890093
GCTTTCGCATGAGATA-1,-15.49767841837125,-1.6050361563406517
GCTTTCGGTCACCGCA-1,-11.517284323474996,-6.2978249410812
GCTTTCGGTTAAACCC-1,-17.967586970702666,-0.7044200529015903
GGAACCCAGAATAACC-1,-15.689219792310984,0.13550938159389037
GGAACCCGTCATATGC-1,-13.016417108792899,1.7781904607682555
GGAACCCTCAGAGCGA-1,-15.092992302249842,2.1644727870804212
GGAACCCTCGGTTCAA-1,-11.38564300620668,-7.1559946249683914
GGAAGTGAGACTCCGC-1,-14.362135766089406,1.9503778980835993
GGAAGTGAGGAGTATT-1,-17.107328572835637,-2.3831199371313474
GGAAGTGAGGCATCGA-1,-17.929869716046564,-0.9315969927533028
GGAAGTGAGTCGCCCA-1,-15.336056826841013,-1.8483926243700546
GGAAGTGCAATTCGTG-1,-17.812944065910422,-1.6730285125900233
GGAAGTGCAGCTCTGG-1,-17.834749295088017,-0.10547730061014762
GGAAGTGGTACCGGCT-1,-13.26277648344365,1.4928295956289848
GGAAGTGGTACTGAGG-1,-17.70001530559787,0.035381750254875
GGAAGTGGTCTGTTAG-1,-17.439729529738937,-0.5057632634280825
GGAATCTCACGCCAGT-1,-12.005232668033019,-5.250271721118415
GGAATCTCATTGCTTT-1,-16.598198751153827,-0.0438664093835371
GGAATCTTCATTGGTG-1,-13.872180774461244,-2.489494579535259
GGAATGGCATACAGCT-1,-17.879391596994484,0.4731602365955254
GGAATGGGTGATTCAC-1,-15.402707994521004,-1.3343391886939322
GGAATGGTCGGCTCTT-1,-14.902676934554592,1.6488675908135646
GGACGTCAGCAACTCT-1,-11.357084025970856,-5.23078191606064
GGACGTCCATAGAATG-1,-13.76585395319527,-2.112352268691524
GGACGTCCATGGGATG-1,-12.994287578263597,-1.0134867886235752
GGACGTCGTATCGAGG-1,-15.764646361537853,-3.6050444980309484
GGACGTCGTCCTGTCT-1,-17.58432695934586,0.9986363248819634
GGACGTCTCTTCCAGC-1,-11.330017300727539,-6.388051938631594
GGAGAACCAAGGACAC-1,-16.165479102765858,0.25555066077551436
GGAGAACCACAAAGCG-1,-12.297840452285985,-7.888600766282297
GGAGAACTCAATCCAG-1,-14.899964987982276,1.5136474855594295
GGAGAACTCGTCGACG-1,-14.392291746089292,-2.891655409846543
GGAGAACTCTTCGTAT-1,-16.750872686178077,-0.3240541570443263
GGAGATGGTACTGTTG-1,-13.084585162951807,-0.3496664854859377
GGAGATGGTGTAGGAC-1,-14.989565190649012,0.8751194460216044
GGAGATGTCCACTTTA-1,-12.706664913303076,-7.286640770456086
GGAGCAAAGACAAGCC-1,-16.70048717299258,-2.2775687380571554
GGAGCAAAGGTTTGAA-1,-12.61741002565408,-7.017185400116523
GGAGCAAGTTTACTTC-1,-17.0036760112328,-3.116019104416195
GGAGCAATCCATGCAA-1,-12.437089353954404,-0.9890308788709415
GGAGCAATCCCAAGCG-1,-14.255512638355837,1.5634875458160213
GGAGCAATCGGTCAGC-1,-15.927732245325624,-2.574144029429703
GGAGGATCAGCTTCCT-1,-17.68473332747423,0.29718851319669437
GGAGGATGTACTGAGG-1,-15.303917412636165,-1.1364904234273974
GGAGGATGTCGAAACG-1,-17.950526683608423,-0.3797389402046923
GGAGGTAAGACCCGCT-1,-15.004437009929914,-0.6917636396251207
GGAGGTAAGCAGATAT-1,-15.004703571973689,-3.4982223809339925
GGAGGTACAGAAGCGT-1,-14.259858550843528,-3.3954940342206372
GGAGGTACAGGCTCTG-1,-12.52281386996538,-5.399217620978595
GGAGGTACATGACCCG-1,-12.690050393715651,-7.135661455505207
GGAGGTAGTTAATCGC-1,-15.632153420191415,-0.8315189696995894
GGAGGTATCAGCACCG-1,-12.01319606661764,0.5346630250896737
GGAGGTATCATTGCTT-1,-11.184765679820288,-4.283266842246677
GGATCTACATCACAGT-1,-14.985131865543247,0.962193611606708
GGATCTAGTGTTTACG-1,-16.96116832567042,-2.218419242494983
GGATCTATCAGGGATG-1,-11.772307376478476,-6.94880249829382
GGATCTATCCAACTAG-1,-14.762068758188994,1.673930055791705
GGATCTATCTAGTCAG-1,-14.142290852324324,-2.3134038246184905
GGATGTTAGCCATTGT-1,-15.097403471516735,-2.375731701425404
GGATGTTAGCCTGAAG-1,-12.714879901555312,1.0615094877051774
GGATGTTAGGCCATAG-1,-17.40254081723449,-0.6744729986015398
GGATGTTGTGGCGCTT-1,-17.919418948493714,0.2924054818059339
GGATGTTGTGGGTCAA-1,-17.344943063171595,-1.224143482816625
GGCACGTAGGACTAAT-1,-12.53398533427074,-5.149477381357434
GGCACGTAGGGTAATT-1,-16.44282483450434,1.6742371078392233
GGCACGTAGTGTAGTA-1,-17.789851110807998,-2.838601424796833
GGCACGTCAAGATGGC-1,-13.32926997296186,-6.853194377419583
GGCACGTTCAAATGCC-1,-14.196671648066514,1.7214895625969566
GGCACGTTCACTTTGT-1,-14.894995858503744,1.6355285784376323
GGCACGTTCGCAATTG-1,-13.338534538215912,1.256770536964725
GGCACGTTCTTGAGCA-1,-15.58308400050169,1.846783026300749
GGCAGTCAGGTGGTTG-1,-11.506124891572247,-6.27500696591413
GGCAGTCGTCAGACGA-1,-15.268109277231698,-0.8342936673302777
GGCAGTCGTCAGGTGA-1,-18.37478458102361,-0.7112424087523114
GGCAGTCTCACTTCTA-1,-12.37397284393441,0.06161331595613197
GGCGTCAAGAGCATAT-1,-17.444211610307576,-2.38689785896444
GGCGTCAAGAGTCAAT-1,-17.747004577525573,-0.6717512345529627
GGCGTCAAGCATCAGG-1,-17.352947075447585,-0.6120539068370934
GGCGTCACAGAATTCC-1,-14.057183222531394,-1.395140621214153
GGCGTCACAGATCCAT-1,-18.494989097280772,-1.2823056379187345
GGCGTCAGTATAGCTC-1,-12.289312298583537,-6.49856932238722
GGCGTCAGTGGTATGG-1,-15.639848135193684,-1.1635984007527587
GGCGTCATCCAGCTCT-1,-11.395578015132802,-6.6898643947624725
GGCGTCATCTGTCGTC-1,-12.458231401865149,-6.098223285762269
GGCTGTGAGCGCCCAT-1,-15.067535915154894,-3.482367466379495
GGCTGTGCACATTACG-1,-11.995600118239798,-0.11325921418886536
GGCTGTGTCTTGGGCG-1,-16.55037409022783,-0.9923566656909659
GGCTTGGAGGCTTTCA-1,-12.551752923956021,-3.961856129248876
GGCTTGGGTAGAGTTA-1,-16.853292165888124,-3.3702037074875513
GGCTTGGGTCTCGGGT-1,-13.20286083490046,-2.5428517000019686
GGCTTGGTCGAAGTGG-1,-15.140081914240044,-2.7294432978673444
GGCTTTCAGAGTGAAG-1,-12.371175905575603,-5.95131313850592
GGCTTTCAGGTGAGAA-1,-11.494818392876327,-7.376376985538122
GGCTTTCCACCAGCGT-1,-15.269764568810407,1.3568731487582328
GGCTTTCCACTCACTC-1,-15.760294797720235,1.9643864391094605
GGCTTTCGTACGGATG-1,-11.070105837920146,-5.66274173763308
GGCTTTCGTGAGCAGT-1,-11.834373555051242,-6.821093812654699
GGCTTTCGTTCCTTGC-1,-16.628248496241184,0.459765247415319
GGCTTTCTCTATCGTT-1,-11.84614533521502,-0.21252304892078605
GGCTTTCTCTGGACTA-1,-17.641097541536364,0.04997004230515544
GGGAAGTAGTTCCTGA-1,-16.22367004048991,-3.829046161169426
GGGAAGTCAAGCGGAT-1,-17.117350882537036,0.6723668691307333
GGGAAGTGTATGGTTC-1,-17.383408123902,-1.9844754904115465
GGGAAGTGTCTAACGT-1,-17.213291140755917,-0.1506378958941989
GGGAAGTTCCTACCGT-1,-13.369553848359196,-1.629260065073013
GGGAAGTTCGATTTCT-1,-15.314830787437787,0.10848622601162812
GGGACAAAGCATGATA-1,-14.039730013381464,0.4210785713093294
GGGACAAAGCTCATAC-1,-12.938604898400166,0.8088911518964802
GGGACAAAGGTAAGGA-1,-13.01103805174404,-5.853496441285696
GGGACAAGTAGCCCTG-1,-17.919803004345443,0.7414558853143746
GGGACAAGTTGGGACA-1,-15.775363952704023,0.7033750894366065
GGGACAAGTTTAGTCG-1,-17.84252657633698,0.5035027347928306
GGGACAATCAAACTGC-1,-15.163022406875722,-0.6303949725136797
GGGACAATCGGTCAGC-1,-14.876320691329115,-2.8930591866411137
GGGACAATCTAGTGAC-1,-12.565250584480001,-0.04364636622891067
GGGACCTAGTAGGAAG-1,-17.17118335432121,0.35443567572172613
GGGACCTCACGGAAGT-1,-12.218925250594985,-4.615842956161785
GGGACCTCATAAGCAA-1,-12.653868927784783,-5.836046064640011
GGGACCTGTACTCCCT-1,-14.506743871371542,1.066631061411755
GGGACCTGTCGTCATA-1,-13.129541474269102,-6.834812448130909
GGGACCTGTTCGGTAT-1,-12.661287414531559,-5.90926038922398
GGGACCTGTTGGGCCT-1,-15.618205134991438,-1.1210258594575355
GGGACCTTCGCTGTTC-1,-12.477048607605177,1.1240354650999078
GGGACCTTCGTTTACT-1,-17.94076019550854,-1.7948433032760236
GGGACTCAGCGGTAAC-1,-13.463698297442694,0.8540300122957689
GGGACTCAGTGACCTT-1,-16.106619031009544,-3.6935015794771977
GGGACTCCACTCTGCT-1,-13.857855613446361,0.8012554374257361
GGGACTCGTATTCCGA-1,-11.525123493595068,-5.863488118170505
GGGACTCGTCATAGTC-1,-17.069877938246478,0.5067969168788562
GGGACTCTCCATTCAT-1,-12.976192732833423,-3.9222540764267975
GGGACTCTCGGAAGGT-1,-17.04811096618428,0.5212881184641536
GGGACTCTCTTGTGCC-1,-12.571967233678325,-2.025909902236994
GGGAGATAGATTAGTG-1,-18.504788435397394,-0.8578222535180874
GGGAGATAGGAATTAC-1,-18.67788494269607,-1.5743093718679002
GGGAGATGTGGACTAG-1,-13.46723619337889,-4.563075915317271
GGGAGATTCGTTGCCT-1,-16.108734032742717,0.7041874456103583
GGGAGTAAGCGGGTAT-1,-17.64520928935189,-1.3574799197220748
GGGAGTACAGTCGAGA-1,-15.60605187598456,0.7535693415071847
GGGAGTAGTAGATTGA-1,-12.220790846145745,-4.2170585763225645
GGGAGTAGTAGTCGGA-1,-17.009834751347583,0.9194870201176282
GGGAGTATCACCCTCA-1,-13.85212830402264,-1.3646376878087574
GGGAGTATCCTCATAT-1,-17.944946259116968,-0.06947926549198642
GGGAGTATCGCTGCGA-1,-14.52447787552383,-0.13267366350650378
GGGATCCAGAAGGGAT-1,-16.00636786711943,0.8109089468608149
GGGATCCCATGGCCCA-1,-11.881623667761232,-6.82262571587473
GGGATCCGTATCTCGA-1,-12.992630112835869,-7.33500290981944
GGGATCCGTCATTGCA-1,-14.17199609107761,-1.2224620005244708
GGGATCCGTCGAGCTC-1,-18.46687980195362,-0.2131510274662281
GGGATCCTCATGGAGG-1,-12.89409055623825,-4.799851001304457
GGGATGAAGTAGGTTA-1,-16.062236926715393,1.7039667445136384
GGGATGACAAGTGTCT-1,-17.308912150212365,-2.6023931784899763
GGGATGACAGCACACC-1,-15.896702463302224,-2.91629920719331
GGGATGACATCCCACT-1,-11.668407874237898,-5.0997416306186105
GGGATGAGTATATGGA-1,-15.844183201280734,0.7509676771718267
GGGATGAGTTCGAACT-1,-17.48637894158076,1.2169789510849538
GGGATGAGTTGACTAC-1,-14.973362031552238,1.9103914723147783
GGGCCATAGGTCACCC-1,-14.129129662102985,1.9651722770487865
GGGCCATAGTACGTCT-1,-15.424449604498806,-3.7411383563407568
GGGCCATGTAACTGCT-1,-17.945738304067504,-2.4248194195907806
GGGCCATGTACGCTAT-1,-17.240240666531346,-1.4502971435307175
GGGCCATGTCCGAAGA-1,-15.647257101160369,-3.4632820651887064
GGGCCATTCAACTGAC-1,-11.201710626745102,-4.9397366504018025
GGGCGTTAGACATCCT-1,-11.557822865851557,-5.823045737645893
GGGCGTTAGGAATGTT-1,-12.988378680828228,-5.331501962519604
GGGCGTTCAATTGCTG-1,-13.57968214299965,1.3272466451918052
GGGCGTTGTACCGTGC-1,-18.150630529479585,-2.005334650750926
GGGCGTTGTCTGTGGC-1,-12.830934812935737,-7.278852659465707
GGGCTACAGAATTGCA-1,-11.621421938102083,-5.5606270904036945
GGGCTACAGATGTAGT-1,-17.416491372026268,0.6213610752613362
GGGCTACAGCACTCTA-1,-12.8344960103278,-2.358339508568078
GGGCTACAGCAGTAAT-1,-16.955103746055283,0.6229505533761382
GGGCTACCACCTCGTT-1,-14.24394205084586,-1.5885409742480217
GGGCTACTCATAGCAC-1,-17.312999742317952,-1.1048369551347819
GGGCTCAAGTTTCGAC-1,-12.807698518146413,1.5301222122089273
GGGCTCAGTCACGTGC-1,-15.319860986434291,1.9479039010011499
GGGCTCATCATCGACA-1,-12.053414653402001,-1.9651729004825027
GGGCTCATCCCATAGA-1,-15.2364527753347,1.4522691422036909
GGGCTCATCCTCAGGG-1,-12.4847655458776,-5.037762507707031
GGGCTCATCTTGGTGA-1,-15.367337676213905,-1.5667078445630844
GGGTAGACAGCTTCCT-1,-16.458507341702767,-1.2462441474183372
GGGTAGATCATGACAC-1,-14.784271639971882,-2.8138208862906313
GGGTAGATCCATCTGC-1,-17.240487773728315,1.0914968270058731
GGGTATTCACCAGACC-1,-14.052347350816918,-3.732182145292353
GGGTATTCACCCTAGG-1,-18.378792632638557,-0.5594644271768545
GGGTATTCATGACTAC-1,-11.561053575363536,-6.7372018984430655
GGGTCACAGCTAAACA-1,-13.590618804985086,1.827110886561164
GGGTCACAGGCCCACT-1,-15.020893154452843,0.22608497467063615
GGGTCACAGTAAATGC-1,-11.275525096853295,-6.897262489783331
GGGTCACGTAATTAGG-1,-15.679565891427847,-3.2363834192043637
GGGTCACGTCCGGTGT-1,-17.031293757630028,-0.5161675695842866
GGGTCACGTGAAGCTG-1,-17.4229653456562,-1.2283252448653226
GGGTCTGAGTAAAGCT-1,-15.718334882012813,-2.0095198865946715
GGGTCTGCAAGCAATA-1,-10.929228945751435,-5.3187895689317966
GGGTCTGCACCCTGTT-1,-13.900338363378651,-2.6216325977387056
GGGTCTGCAGACACAG-1,-13.68553765485325,-0.43385546952915377
GGGTCTGCAGACACCC-1,-17.078156915425694,-3.032491093441725
GGGTCTGCAGTCCCGA-1,-15.235177496884747,0.2354295355313295
GGGTCTGGTCGAGTGA-1,-15.425043002072837,1.1842649137741006
GGGTCTGTCCATCTCG-1,-15.995113041921371,0.8806423450036079
GGGTGAAAGGTGCAGT-1,-12.036206516786198,-7.258242944220554
GGGTGAAGTCGACTGC-1,-14.14514502808784,-2.9879644595350636
GGGTGTCCAGAGTGAC-1,-18.314114152965335,-0.7739492057550053
GGGTGTCGTTCTATCT-1,-18.215931074519066,-0.719201504494354
GGGTTATAGTACAGCG-1,-12.987464987219083,-5.45129163252104
GGGTTATCAATGCAGG-1,-16.50242052922297,1.3753209173566552
GGGTTATCAGCGAACA-1,-12.245843372952272,-5.804841500177373
GGGTTATCAGTTGTCA-1,-15.959503125377054,1.9418202348671416
GGGTTATCATGAGAAT-1,-13.509644464391243,-3.854535065497839
GGGTTATCATGATCTG-1,-13.218585572526266,-7.045215581274735
GGGTTATGTGTCCAAT-1,-12.333015930082079,-5.470749035327906
GGGTTATGTGTCTAAC-1,-12.32957164732531,0.768038466680562
GGGTTATGTTGCTTGA-1,-14.555469555307585,-2.688128553713483
GGGTTATTCGACACCG-1,-14.212550330265433,-1.2812449584221945
GGGTTTAGTATGAAGT-1,-16.631569268474838,1.4941223497361777
GGGTTTAGTGTCCGTG-1,-16.419142233927285,-1.1966004903639524
GGGTTTATCCAGGACC-1,-14.132245650807167,-3.1829015327695225
GGTAACTAGAATTGTG-1,-14.015200895126453,-2.69570764989508
GGTAACTAGAGATTCA-1,-12.722644582649353,1.552433127113763
GGTAACTAGCACTCTA-1,-15.062811734063697,-0.23148479860839788
GGTAACTCAACTCGTA-1,-15.494416701141773,-0.3408234148143621
GGTAACTCACGTACTA-1,-11.872165044525168,-5.1660195705280625
GGTAATCAGACCAACG-1,-11.01736755543188,-6.040056967464485
GGTAATCCAGAATTCC-1,-15.023032306355638,-3.267821436681399
GGTAATCCAGCGAACA-1,-17.06348370233303,1.5861090266196936
GGTAATCCAGTCTCTC-1,-12.791545308639982,1.4129968770065626
GGTAGAGAGCGATGAC-1,-15.934508112727054,-2.213085707902964
GGTAGAGAGGTGCCTC-1,-12.158088996810145,0.019974990065235485
GGTAGAGCAATACCTG-1,-13.391878593698532,-0.7865469660207021
GGTAGAGCATGGTACT-1,-17.693091834475076,0.17859655584913858
GGTAGAGGTCGCGTTG-1,-13.07451542889171,-4.292608712258196
GGTAGAGGTGACCTGC-1,-12.939745439483813,-6.547008342779213
GGTAGAGTCAGATTGC-1,-15.46632747989716,1.8631657093205554
GGTAGAGTCATCGACA-1,-17.7507052400162,-0.8003004159979936
GGTCACGAGCGGTAGT-1,-17.820174025346752,-0.10577911046924186
GGTCACGAGTCGTTAC-1,-17.348047992234044,0.24409260344092934
GGTCACGCATGGGTTT-1,-16.30872781012392,-0.2421635893597737
GGTCTGGAGGTCACAG-1,-15.323812082625828,1.2759396192876729
GGTCTGGAGTGGTCAG-1,-18.05167062134134,-0.8141397433236409
GGTCTGGCAAAGGATT-1,-15.003939537696633,1.4779611864398383
GGTCTGGGTTAGGAGC-1,-17.361510572538393,-0.31823104349148995
GGTCTGGGTTGCGGAA-1,-10.78306715783468,-5.634065434874352
GGTCTGGGTTGGGAAC-1,-16.458509665356075,-2.091168780608794
GGTCTGGTCACTTTGT-1,-15.028485531647885,1.5620533682640314
GGTCTGGTCCATTCAT-1,-14.68781695510451,0.35339545017137547
GGTCTGGTCGTAGAGG-1,-13.438820430411065,-2.2799410761141177
GGTGAAGAGTACCGGA-1,-16.126653865796516,-1.556611327862696
GGTGAAGCAAAGTGTA-1,-11.225882669862116,-6.633588894722351
GGTGAAGCAAGGAGTC-1,-17.874852485689743,1.00332262258873
GGTGAAGCACTACGGC-1,-15.366771424379698,-1.8478517990688657
GGTGAAGGTACCTAGT-1,-16.277862377852394,-0.99495387573538
GGTGAAGGTAGCTTTG-1,-15.891967517336207,-0.9787148027640816
GGTGAAGGTTCGGACC-1,-17.0223519980573,1.5308990956317472
GGTGAAGTCATAGACC-1,-16.268101977340145,0.21396206787047053
GGTGAAGTCGAGCCAC-1,-11.017854049821866,-4.92799680960787
GGTGAAGTCGGTTGTA-1,-15.500883358582817,0.5942874689450599
GGTGAAGTCTCTAAGG-1,-12.628010110933745,-3.7655587172692786
GGTGATTAGCCGTCGT-1,-16.96002828822584,-0.06265396945028485
GGTGATTAGGTGCAGT-1,-13.396954929474047,-3.001786350722739
GGTGATTTCACACCGG-1,-13.508538390762569,1.246675854880371
GGTGATTTCCTGGTCT-1,-13.981183089170816,1.1552039113566333
GGTGATTTCGATAACC-1,-11.887307837738685,0.4335789168632402
GGTGATTTCTACTCAT-1,-13.290606887456073,-2.8576592094220414
GGTGATTTCTTGTTAC-1,-11.467066508724262,-0.1326630190934574
GGTGGCTAGCATGGGT-1,-16.653072518986285,-2.4513622737160885
GGTGGCTAGCGATGCA-1,-16.03590473536994,1.8714408479460358
GGTGGCTCATATAGCC-1,-14.111987106642284,1.2474808760611837
GGTGGCTCATGTTCAG-1,-14.635353912106364,-2.951281125388352
GGTGGCTGTGCACGCT-1,-12.862035269191264,-2.435050131694197
GGTGGCTGTTCAATCG-1,-15.103812356686293,0.11938119922454687
GGTGGCTTCCTTATAC-1,-15.927391262661965,-2.1444393909802986
GGTGGCTTCTGAGTCA-1,-15.299753892785246,-3.353806254348839
GGTGTCGAGAACAGGA-1,-17.893580652142326,0.43202156837845157
GGTGTCGAGAGCACTG-1,-17.44765997155711,-1.246819242201172
GGTGTCGAGCATCAGG-1,-16.990994167933263,-2.4338041332207045
GGTGTCGCAAATCAAG-1,-15.851069166786589,1.543339721602551
GGTGTCGCAGAGGCTA-1,-16.160159440691956,1.3969678834341048
GGTGTCGTCCACAGCG-1,-11.66397952521379,-5.987565386765254
GGTGTCGTCTAGTTCT-1,-14.41132734813586,1.8795487760819978
GGTGTTACATGGGCAA-1,-15.987976390534925,-0.5237635820539622
GGTGTTAGTTACGTAC-1,-15.151180262487053,-0.776673787293922
GGTGTTATCGCCTAGG-1,-14.619893759388743,-3.072053351428033
GGTGTTATCTTCCGTG-1,-13.53454428776731,0.33932533938833415
GGTTAACAGCGACTTT-1,-15.811211263797695,0.5021149836389742
GGTTAACCAACTCGAT-1,-13.109416971369207,-6.7509549836684215
GGTTAACCAGACTCTA-1,-12.784006783977574,-2.1080114685795883
GGTTCTCAGTAGGAAG-1,-15.38633837540122,0.791228292614199
GGTTCTCCAATCTCGA-1,-10.872033241060345,-5.553578031665494
GGTTCTCCACTCCCTA-1,-16.1294904978506,1.240498236075392
GGTTCTCCAGGCTACC-1,-14.309547922675144,-0.03976095594776
GGTTCTCGTGACTCTA-1,-14.31088413780195,-1.1801614354807977
GGTTCTCTCCGCTGTT-1,-12.420920089550718,-0.24168856155921478
GGTTCTCTCGATACTG-1,-13.509760771093635,-3.4077722731242197
GGTTCTCTCTTCTAAC-1,-14.945864349899699,-1.3591898255088495
GGTTGTAAGATTGAGT-1,-16.953495580813335,-2.2580945618963115
GGTTGTAAGCTGTTCA-1,-13.059047168240928,1.2097234087392221
GGTTGTAAGGGCAAGG-1,-12.932852293583753,1.6019339307424814
GGTTGTAGTAACCAGG-1,-16.326898422164117,0.5665992102527402
GGTTGTAGTAACGGTG-1,-15.968864723926414,-2.4359926303460546
GGTTGTAGTACAGTCT-1,-15.960000702544994,-1.6790537523466662
GGTTGTAGTACGTACT-1,-17.720715527772203,-2.2383140035736764
GGTTGTAGTCCCTAAA-1,-11.806721249884456,-5.861627806681262
GGTTGTAGTGATTAGA-1,-12.237304430984038,-6.088451294803086
GGTTGTATCTGAGTCA-1,-11.890556694958304,-5.531589174373813
GGTTGTATCTTGTTAC-1,-14.151314742631518,-3.969193197099991
GTAACACAGCTTTGTG-1,-12.46020712260487,-5.9488874865494115
GTAACACCAATTGCAC-1,-11.603095533207414,-5.822924915712978
GTAACACCAGGTCAAG-1,-15.695185485833619,-4.054320881409271
GTAACCAAGATGTTAG-1,-14.877818938711977,-0.5118827966198164
GTAACCAAGCCAGAGT-1,-11.724664121708809,-5.206703898798125
GTAACCAAGCCTCTGG-1,-11.401098017543228,-6.3414801556394265
GTAACCACATGGTGGA-1,-14.018596855103379,1.531008418197171
GTAACCAGTAATCAGA-1,-13.206952150667378,-4.789020905637911
GTAACCAGTTGGACCC-1,-17.24234124451749,-2.0099443909686485
GTAACCATCTGTCGTC-1,-12.866828727412122,-6.729479346567853
GTAAGTCAGATTGCGG-1,-11.185661556359864,-6.388247688213269
GTAAGTCAGGTGCATG-1,-13.952919526416986,1.802419832417621
GTAAGTCAGGTTACCT-1,-11.2821801193784,-6.657457570722474
GTAAGTCAGTTGGACG-1,-12.731442198793898,-7.554577061384353
GTAAGTCCAAGAATAC-1,-12.785554435460053,-5.727992502427717
GTAAGTCGTACTCGAT-1,-15.417674896501719,-1.3995009346937857
GTAAGTCGTAGAAACT-1,-15.52073057409598,0.5605439220773628
GTAAGTCGTCCAACGC-1,-12.857982249314583,-6.758049096522073
GTAAGTCTCATCCTGC-1,-13.665310463770561,-3.3240373803041776
GTAAGTCTCCTGGGTG-1,-12.215191843384432,-5.726501268183722
GTAAGTCTCTCTTAAC-1,-14.342856253511824,-3.4018371621444397
GTAATCGAGAAGAACG-1,-17.42885802147257,0.47763072391886763
GTAATCGAGAGCTGAC-1,-15.419097706475833,1.5115275996222135
GTAATCGAGCGTCAGA-1,-17.085712210891575,-1.3308278130374018
GTAATCGCACGTAGTT-1,-11.167463622394136,-6.776301081879206
GTAATCGGTAACTTCG-1,-16.963470807058915,1.8948431263586303
GTAATCGGTCACCCTT-1,-13.109726022383631,-2.868383828315571
GTAATCGTCATTTGGG-1,-17.269208574329436,0.982805053645804
GTAATCGTCTCCTGTG-1,-12.527482741653412,-6.095129748784215
GTAATCGTCTTTACAC-1,-14.102469322115208,-1.4394614423093686
GTAATGCCACGACAGA-1,-15.481452096881155,-3.2084882074467815
GTAATGCCACTCCACT-1,-16.182131592536567,0.9672338401765794
GTAATGCCAGGTGTTT-1,-14.11599569488378,-0.37175156221704225
GTAATGCGTCATCGGC-1,-14.62438949910314,-2.725154407366311
GTAATGCGTCCCTGTT-1,-14.409875975722459,-3.35174937129811
GTAATGCGTCTGTGGC-1,-11.93278037112253,-7.657656896549179
GTAATGCGTTCTCTCG-1,-13.846865871350047,0.029148174728448367
GTAATGCTCAAGCGTT-1,-16.541128271905915,-3.5082352270653794
GTACAACAGACCGCCT-1,-18.57407540174517,-1.5629547112259914
GTACAACAGGTGATCG-1,-12.935651767386652,-6.102934725421225
GTACAACCACACGGAA-1,-17.010145193256406,1.490261305668806
GTACAACCAGAACTCT-1,-16.352615824384156,-1.382970089270131
GTACAACCAGTGACCC-1,-11.3471461122133,-5.815399100273986
GTACAACGTCTGTAGT-1,-13.637355625506707,-3.5653059199977273
GTACAACGTGAGTTGG-1,-17.598029863006136,0.05367300092460941
GTACAACGTGGCTGAA-1,-16.053598504959652,-1.6564201618276697
GTACAGTCAAGACGAC-1,-13.580915203628873,0.906692503928514
GTACAGTCACACGTGC-1,-14.01486375072217,-1.3584196330971006
GTACAGTCATAGGTAA-1,-17.493146826209305,0.9571307974949781
GTACAGTGTGAATTAG-1,-11.123051047174947,-5.618488175511874
GTACAGTGTGTCGCTG-1,-16.47965745987673,-0.2164603119429685
GTACAGTGTTCCTTGC-1,-15.9042407346263,1.0470052804698098
GTACAGTTCACGATCA-1,-15.314787035233733,-0.3587265278829206
GTACAGTTCGCCTTGT-1,-13.726938028842156,1.3142030582146096
GTACAGTTCTCTCGCA-1,-14.141307076402747,0.4333187567676048
GTAGAAATCGTAGCTA-1,-15.820254565709375,1.482938827872276
GTAGAAATCTCCCATG-1,-12.271699039455932,-5.144286375250781
GTAGAGGAGCGTCTGC-1,-16.400281764424413,-3.06595301957424
GTAGAGGCAGCGGATA-1,-15.172185289850075,-3.88704083140143
GTAGAGGCATCGATAC-1,-16.511024386254796,-0.3837811673372592
GTAGAGGCATTAAAGG-1,-12.334654559217775,-6.44010852243914
GTAGAGGTCTCCCAAC-1,-17.23711305327748,-0.9065137940490219
GTAGAGGTCTGAACGT-1,-13.423535845583917,1.9415406956544885
GTAGATCCAAGTTGGG-1,-16.373578751488488,-1.5877640268150282
GTAGATCGTGTTCGAT-1,-13.662553772993983,-7.0223683841870015
GTAGCTAAGAAACTGT-1,-16.49927032395932,-0.6411938881096586
GTAGCTAAGATTAGAC-1,-18.12185030122353,-0.49611358434141545
GTAGCTACAACTCCCT-1,-14.527151796727713,0.48647653462158164
GTAGCTACACTGGAAG-1,-17.456422021964723,-2.3975852578804124
GTAGCTATCAAGCTGT-1,-14.992568666768594,-3.035568018901634
GTAGGAGCACCTAAAC-1,-12.198224557574669,-7.794017266871486
GTAGGAGCATAGTCGT-1,-15.709842753273024,-0.20278445872429612
GTAGGAGGTATCGTGT-1,-16.866533125493138,-0.49518163553615546
GTAGGAGGTGAGACGT-1,-15.866200682181333,2.020709759005851
GTAGGAGTCTCTGAGA-1,-11.929125076885905,-7.63857496992012
GTAGGTTAGTGGAAAG-1,-18.060709340147316,-0.39406369105455163
GTAGGTTCACAAGTTC-1,-11.097805913031303,-7.2557404470710205
GTAGGTTCAGACGCTC-1,-17.872972725138272,-2.2294637021178128
GTAGGTTGTGGGACAT-1,-16.363725103598007,-2.2533830534436845
GTAGGTTGTTGCTCCT-1,-12.117492486279405,-1.832854721293991
GTAGTACTCATCTATC-1,-13.425371654486188,-4.060623860536776
GTATTGGAGCCACAAG-1,-16.925885432743176,-3.2019193007281634
GTATTGGCATCACCAA-1,-10.829876889462023,-5.332160591908573
GTATTGGGTGCCTGAC-1,-12.55135934550387,-6.998804153941614
GTATTGGTCGAAGGAC-1,-17.150206300812812,1.2021401323072072
GTATTTCCACTACCGG-1,-13.527151202989947,-3.7603512847914393
GTATTTCCATCTGTTT-1,-11.924048030821234,-4.875126048727107
GTATTTCGTAAGATCA-1,-14.303698051609304,-0.9298298754509793
GTATTTCGTCTCCTGT-1,-15.650674340341672,0.9530120170367694
GTATTTCTCGTCAGAT-1,-11.911181730241484,-5.487291618861377
GTCAAACAGCACCTGC-1,-13.941207952912427,0.14700007573702997
GTCAAACCATCAGCTA-1,-16.755953106769255,1.2697190236131133
GTCAAACCATGCACTA-1,-14.044099542105753,-1.6151293114432455
GTCAAACGTTCAGGTT-1,-11.933269347336347,0.19975130681452774
GTCAAGTCAAAGTGTA-1,-13.746314519157728,-0.4165691550469762
GTCAAGTCAGTTTGGT-1,-16.744375604675845,-0.8972098286690783
GTCAAGTTCGCCAATA-1,-12.926464350896186,-2.1705157770717327
GTCAAGTTCGGAGTAG-1,-18.011580507146384,-0.9574050651631374
GTCAAGTTCTTGGAAC-1,-12.426228133850278,-7.435775311134558
GTCACGGAGCCTAGGA-1,-13.237176475457508,-0.48830470838873785
GTCACGGAGCGCTGCT-1,-14.938196262322021,1.997338216179129
GTCACGGGTACGCGTC-1,-11.289701609662018,-7.377426954469025
GTCACGGGTAGGGTAC-1,-11.594247731490832,-6.4891031361302085
GTCACGGGTAGTTAGA-1,-15.891676622065948,1.8835939637447026
GTCACGGGTCAACCTA-1,-13.503913765124677,0.4971785669293088
GTCACGGGTGGATCGA-1,-16.600824685094466,-2.3992187939724414
GTCACGGTCCACAGCG-1,-11.857751145816454,-6.402284609491474
GTCACGGTCCTAGAGT-1,-13.496786606110378,-2.7775263952865625
GTCACGGTCGGTAGGA-1,-12.9908682766155,-5.412316559588763
GTCACTCAGTACAGAT-1,-16.74572837682639,1.2624652095952027
GTCACTCAGTCGCCAC-1,-13.74135859369978,-3.606124825290964
GTCACTCCACGAGAAC-1,-17.55063278789936,-2.0888369545713763
GTCACTCGTGGGTATG-1,-16.678898949459754,-2.1245596890751575
GTCACTCTCGCACTCT-1,-14.771494541596322,-2.152169465486752
GTCAGCGAGGATAATC-1,-17.344851786455028,0.9354937671518876
GTCAGCGAGTCAGCGA-1,-11.48110048855779,-7.504777182061929
GTCAGCGCAACGGCCT-1,-12.80655055158612,-5.594254822495886
GTCAGCGCAGGAATAT-1,-13.636949510242761,0.8910781632465453
GTCAGCGTCTGAACGT-1,-17.975787628503436,-0.5543399794124826
GTCATCCAGCAGATAT-1,-16.13469545855809,-0.3048663731022458
GTCATCCAGCTCCACG-1,-18.06524032005073,0.7382044532233523
GTCATCCAGTGGTTAA-1,-14.238808668979711,1.5142786501960375
GTCATCCCAACTACGT-1,-14.152421768941336,0.6228757702408119
GTCATCCCACGGTGCT-1,-15.94650052901064,-0.291847770076961
GTCATCCGTCCGTTTC-1,-13.759447714091733,1.3876973723358712
GTCATCCTCATTCCTA-1,-11.93694866050529,-0.24576326145750782
GTCATGAAGCGAGTCA-1,-17.90302144951658,-1.3537708343183281
GTCATGAAGTAAATGC-1,-11.550814184456641,-7.453033815466093
GTCATGAAGTCTCCTC-1,-11.925227906352061,-7.347950502281797
GTCATGACACTTGTCC-1,-12.034164663081294,-7.100127330020587
GTCATGACATGCCGCA-1,-15.371979892284765,-0.4485336462526614
GTCATGAGTAAGTAGT-1,-16.871698088475625,1.4247843205623956
GTCATGAGTAGGGAGG-1,-17.99989163866352,-0.6606448511743479
GTCATGATCAAGTAAG-1,-17.56275993480366,-0.5628948878464682
GTCATGATCACCGGGT-1,-12.28877152860038,-5.813758529910892
GTCATGATCTCATTAC-1,-14.09738429147436,1.3782878312323736
GTCATTTAGGTAAAGG-1,-16.318387502829733,-0.5732821683844109
GTCATTTCAGACACAG-1,-12.557260495437827,-7.387739638250044
GTCATTTCAGCGCGTT-1,-11.703471182781401,-5.698286820573618
GTCATTTCATCGCTCT-1,-15.949668376865354,-0.5838048894102319
GTCATTTGTACCCGCA-1,-10.88836563807956,-5.342664011981913
GTCATTTGTCACAATC-1,-14.158783307061578,0.27599872690744387
GTCATTTGTTTACACG-1,-18.261273311597463,-0.47958507504493386
GTCATTTTCCAGCAAT-1,-16.263303376883933,0.31949477208755034
GTCCACTAGTGCGCTC-1,-15.149565692196873,0.10161379283941387
GTCCACTAGTTGCCTA-1,-12.34153342031403,1.043215966433256
GTCCACTGTCGTCAGC-1,-13.642939407988177,-3.1062476870294313
GTCCACTGTGTTCGAT-1,-13.651487185603692,0.6127545466437938
GTCCACTTCAGAGCGA-1,-17.391404500083873,-1.9294190254968167
GTCCACTTCCTCATAT-1,-17.683065604761,0.675405159528174
GTCCCATAGAAACCCG-1,-12.990873895694081,-6.495296716271838
GTCCCATAGGCAGTCA-1,-17.256802050208936,-2.7392456505194556
GTCCCATAGGTAAACT-1,-13.84970648884345,-3.1014432648065773
GTCCCATCACCGTGCA-1,-12.578136849824729,-5.6011140860098
GTCCCATCAGGCAATG-1,-11.654265439480707,-7.160279927784182
GTCCCATGTATAGGAT-1,-16.602217785629605,0.5884181153385637
GTCCCATTCATCCTGC-1,-16.785696392201082,-3.0803324421944005
GTCCCATTCCGCAACG-1,-14.233825076499576,-3.560309029403004
GTCCCATTCGATACGT-1,-11.988018217433144,-6.2118214104370795
GTCCCATTCTACTCAT-1,-17.865275361000396,0.2864678025234766
GTCCCATTCTAGGCCG-1,-12.519442274136294,-5.275887816043959
GTCCTCACACTTTATC-1,-11.934362443267915,0.6737690126012383
GTCCTCAGTTCTTGTT-1,-13.686666236816423,-1.846012954759056
GTCCTCAGTTGGGACA-1,-12.92069096600773,-0.16792286532194214
GTCGAATAGGCCCGTT-1,-17.024036997165847,-0.30344654547750943
GTCGAATAGGTCTACT-1,-17.608826160805464,-2.6210990253577138
GTCGAATCAGGTCAGA-1,-12.578183146777556,-5.632063003021799
GTCGAATGTCGTTATG-1,-12.782880035191765,-5.24565540023245
GTCGAATTCAAACTGC-1,-14.539960493766351,-2.8534909431179694
GTCGAATTCGCTTGAA-1,-16.053839607524587,-2.95430474933988
GTCGAATTCGGTTAGT-1,-16.65473832918273,-3.4466449329783204
GTCGAATTCTTCCCAG-1,-12.942660848779823,-3.159331282501607
GTCGCGAAGCGCCGTT-1,-16.463967369826268,-2.2980986485223394
GTCGCGAAGTCTGCAT-1,-18.359547338011517,-0.6426432496618982
GTCGCGACAAACAGGC-1,-13.010888485910074,-6.887836681597667
GTCGCGACACAGTGAG-1,-15.642466557984605,-1.2961458486496589
GTCGCGAGTCTGCATA-1,-17.90782104491526,-0.10075118277824464
GTCGCGATCACGACTA-1,-14.061724911321814,0.46252712835328086
GTCGTAAAGAGGTATT-1,-17.05971311728984,1.1576830055809988
GTCGTAAAGCTATCCA-1,-13.65157187380779,0.17397395625153977
GTCGTAACAATCAGCT-1,-12.466793763714792,-7.588798563570431
GTCGTAACACCTGCGA-1,-17.767295158797882,1.2444984119123914
GTCGTAACAGACGATG-1,-18.2211333647365,-0.2327867294581225
GTCGTAACATGTAACC-1,-17.742235681045614,0.7155294047658024
GTCGTAAGTCATCGGC-1,-17.32667574705675,-0.374827171850381
GTCGTTCAGTCATAGA-1,-12.799283130170798,-7.47659434709334
GTCGTTCCACTGGCGT-1,-18.093016408517787,-1.0346564747501812
GTCGTTCCAGGACGAT-1,-15.595679329004524,-3.7376452382238043
GTCGTTCCAGTTAGGG-1,-16.49819630921908,-2.4723838366469146
GTCGTTCGTCACTACA-1,-13.57816639100525,-1.0797146593014875
GTCGTTCGTGAGGATC-1,-18.030669692946745,-1.467779412539121
GTCTACCAGAACGTGC-1,-18.042009712492874,0.6745531761308338
GTCTACCGTACTCGTA-1,-15.108786123940844,-4.241748548140471
GTCTACCTCAGTCCGG-1,-14.973001501634796,0.687826244094983
GTCTACCTCATGAGAA-1,-15.47894205985189,-0.7193266187266073
GTCTACCTCGTAGAGG-1,-11.975745630244614,-6.821205266232295
GTCTACCTCTCCCTAG-1,-11.409609861181819,-5.015191825705256
GTCTACCTCTTCCCGA-1,-12.57821649243213,-5.426972486261299
GTCTAGAAGTGGATTA-1,-14.427185028887909,-0.4369262896334558
GTCTAGACAGCGTTGC-1,-12.468560253335452,-1.2710098914093995
GTCTAGATCAAACTGC-1,-11.499407217318737,-6.433814505149415
GTCTCACAGGCATCTT-1,-12.697330251724047,1.1936179184512774
GTCTCACCACGCGGTT-1,-13.337726044987717,-0.0863091126004243
GTCTCACCACTTCATT-1,-14.493131305721832,1.409322664080526
GTCTCACGTACATACC-1,-15.799421923475087,0.3389606548868896
GTCTCACGTAGGAGGG-1,-15.364326678171505,-2.4177385324908216
GTCTCACTCACACCCT-1,-12.988050363548785,-3.482787666651196
GTCTCACTCGGAAGGT-1,-15.659958825256002,2.0739375878665065
GTCTGTCAGGAAGAAC-1,-18.49460916030363,-1.2067749427043475
GTCTGTCCATCCAACA-1,-14.200245362629005,0.9516606742552786
GTCTGTCGTTAGGGTG-1,-18.050400541326628,-1.4785503250375587
GTCTGTCTCTGTCGCT-1,-14.761578864661244,-4.011831061230907
GTCTTTAAGGTCGACA-1,-15.782022535167425,-3.908717087083501
GTCTTTAGTACTGCCG-1,-14.115584721501392,1.4271763184458313
GTCTTTATCCTGGCTT-1,-11.8578927705698,-0.07724585679054718
GTCTTTATCTCAGTCC-1,-13.768817922952524,-3.948861229766267
GTGACGCCACTGGCCA-1,-16.651833549703348,-1.3735860238125082
GTGACGCGTGATATAG-1,-15.779049042690376,-2.282700685408291
GTGACGCTCAAGTGTC-1,-12.162120286653277,-6.367472456530031
GTGACGCTCCTCACGT-1,-12.632594745449797,-3.4008794779664187
GTGACGCTCCTTCGAC-1,-13.570460882366545,-0.011019108309967147
GTGACGCTCGTTCAGA-1,-16.840802174693273,1.1875752757894378
GTGAGCCAGACTAGAT-1,-11.113491975070154,-5.477847579071156
GTGAGCCAGCGCCGTT-1,-17.535717559124492,-2.633235672844643
GTGAGCCAGCTGGCTC-1,-14.712174062360349,-1.3439068960565563
GTGAGCCAGTGGTCAG-1,-16.713673571022408,0.7768925798060197
GTGAGCCCAAACTCTG-1,-17.79899478793831,-0.7471809191985136
GTGAGCCCAGCTGAAG-1,-12.25406578692131,-6.73112467353896
GTGAGCCGTGAGCCAA-1,-14.019991666328142,-4.224037516969515
GTGAGCCGTGGTCCGT-1,-17.85142135703984,-0.4628951039136626
GTGAGCCGTTCTTCAT-1,-11.737917574095336,-7.219896693836412
GTGAGCCTCACACCCT-1,-14.82317143551467,-0.8534817363676491
GTGAGCCTCGATTCCC-1,-17.22703373197208,-0.511560795959522
GTGAGCCTCTTTGCGC-1,-13.438175310851523,-2.5239269401728905
GTGAGGACACCCAATA-1,-10.77955685363936,-5.837245746614612
GTGAGGAGTAATGCTC-1,-14.292173867552908,-2.745662961317655
GTGAGGAGTCATCCCT-1,-17.18373735822471,-0.18530110773026154
GTGAGGAGTTGCCAAT-1,-18.139485699687253,-2.1274071143286317
GTGAGGAGTTGCTCCT-1,-16.028716983705774,-1.3484950302795566
GTGAGGATCACGACTA-1,-13.260104377995425,0.7635974531934038
GTGAGTTAGAAGTGTT-1,-15.61871813276807,1.7190928353762427
GTGAGTTGTCCTTGTC-1,-14.726707857876635,-4.103606678776263
GTGAGTTTCGCAGAGA-1,-12.176538666506568,-7.145605363395293
GTGAGTTTCTGCCTGT-1,-17.097326715391194,-1.4041018363956668
GTGATGTAGATAGTCA-1,-15.04155938889155,-1.7840329900670637
GTGATGTCAATTGCTG-1,-13.73136311834709,-3.2568782151220597
GTGATGTCACCTCTGT-1,-12.587287941087105,-7.340478069424253
GTGATGTGTAAGGCCA-1,-12.652070737310218,-7.43896643984913
GTGATGTGTCATCCGG-1,-13.571203764998257,1.6220412830392181
GTGATGTTCCTCGATC-1,-11.834876987976656,-5.686825209979269
GTGCACGAGCTCTATG-1,-15.733283866839171,-2.1517188826594946
GTGCACGAGGGAGGAC-1,-12.23012441953844,-7.285233471838315
GTGCACGCACGAAAGC-1,-13.935044720128444,0.6692245286027797
GTGCACGGTTTGGGAG-1,-13.434509990246385,-1.0497792703681021
GTGCAGCAGGGATCAC-1,-17.237576045351677,-0.7199344764216781
GTGCAGCCAGGTGTTT-1,-17.886725586493025,-0.29241922975927354
GTGCAGCCAGTTAAAG-1,-17.495509390678677,0.03149341121705615
GTGCAGCTCCAGCTCT-1,-11.644203155026318,-5.988975429712656
GTGCAGCTCTACGCAA-1,-14.783850673355738,1.1319632998836788
GTGCAGCTCTAGACAC-1,-14.407971700914052,-4.176040726058732
GTGCAGCTCTTCCCGA-1,-11.210815568382015,-5.4449781960481625
GTGCGTGAGGACTATA-1,-15.410433512505435,0.02969225358798098
GTGCGTGAGGGAGGTG-1,-16.595906015878686,-0.2919687021811027
GTGCGTGAGTCGCCAC-1,-15.857307057397534,-0.32713355432817104
GTGCGTGGTATATGGA-1,-13.248756417011109,-4.491923677523429
GTGCGTGGTGGCAGAT-1,-16.711701761281166,-3.2701576108437136
GTGCGTGTCTGATGGT-1,-16.333016252600235,-3.798884711988667
GTGCTGGAGACGACGT-1,-17.36385278828065,0.9308334468095039
GTGCTGGAGTGCAACG-1,-11.065276096330573,-6.145475014028031
GTGCTGGCAGACACCC-1,-11.572118389188958,-5.472786426541868
GTGCTGGTCAGCTCTC-1,-14.099523544955147,-0.061577904028784124
GTGCTGGTCCTACACC-1,-12.588430916477005,-6.045018117602701
GTGCTTCAGAGTCGAC-1,-12.279632278638458,-7.3694697100536555
GTGCTTCAGGACGCTA-1,-14.051648966313833,0.6500458664849752
GTGCTTCCACGTTGGC-1,-16.13206172328133,1.8903115685648872
GTGCTTCGTGACTCTA-1,-16.824656203680075,-3.428505627992899
GTGCTTCTCTGGTGCG-1,-15.526501958622124,-2.9977853327942063
GTGCTTCTCTTCTGGC-1,-12.1743788310548,-7.37341978341952
GTGGAAGAGTATGTAG-1,-17.923907899409784,-2.5900039091183666
GTGGAAGGTCTCGGAC-1,-10.785355837335741,-6.165408088098266
GTGGAAGGTGACAGCA-1,-14.328298550354923,-0.39781287088883693
GTGGAAGTCCCAAGTA-1,-15.881546713827765,-2.814064867246121
GTGGAGAAGGAATTAC-1,-16.417874937215547,-1.783453273664593
GTGGAGACATCCGTTC-1,-12.751250884292613,-6.141062322262572
GTGGAGATCAACACCA-1,-14.784627209745102,-2.0849224027512703
GTGGAGATCAACACGT-1,-14.542381034634667,-3.2121601776914237
GTGGCGTTCCGTAATG-1,-17.586729900423204,-0.9080906048199194
GTGGCGTTCGGTCAGC-1,-14.222752740177276,-0.09227520550648126
GTGGGAAAGGATTACA-1,-17.450262687905383,1.0334149344925234
GTGGGAAAGGTGCTAG-1,-12.575107713178443,-7.324411776336153
GTGGGAACAACCTATG-1,-12.372662296952013,-6.421952334734732
GTGGGAACATACCATG-1,-12.854438401577044,-4.896715156003216
GTGGGAAGTTAAGGAT-1,-12.525004072386318,-7.537795165182738
GTGGGAATCCATTCAT-1,-16.686530740266083,-0.8037045908421594
GTGGGAATCGTGAGAG-1,-14.950047500502375,-3.7761582940068865
GTGGTTAAGTAACGTA-1,-18.359376378935814,-0.16429566829482645
GTGGTTACACTGGAAG-1,-18.177920902400935,-0.22352319034098267
GTGGTTACAGGACTTT-1,-15.819525673436223,-0.1781929181953308
GTGGTTACATCTTAGG-1,-18.11416243439432,-0.959296019350733
GTGGTTAGTGGTACAG-1,-16.73065094209797,0.48693097957082143
GTGGTTAGTTCTCGCT-1,-14.214509453276168,-3.3386766596360737
GTGGTTAGTTGCGGAA-1,-16.540596191833234,-2.7790271378010245
GTGGTTATCAATCAGC-1,-13.201411860334906,-0.31304423516808627
GTGTAACGTAGCTCGC-1,-12.33680470701526,-5.01760855684067
GTGTAACGTTCGCGTG-1,-17.705237437721554,0.6382482715927591
GTGTCCTCAACTGTGT-1,-14.240789662660918,1.0861597558767175
GTGTCCTCAGCGTTGC-1,-12.002826437059388,-4.94703171125638
GTGTCCTGTTGTCAGT-1,-12.507485794409583,1.0588009701174859
GTGTCCTTCGTTCTAT-1,-13.513231919350204,-2.3962659711193868
GTGTGATAGACTCATC-1,-13.2373460252303,1.492818141189823
GTGTGATCAAGGAGTC-1,-16.052252103664,-0.584147155853244
GTGTGATCACAGAGCA-1,-13.275983107485153,0.3731190282919905
GTGTGATCAGCTCCTT-1,-14.913356249381698,-3.2850366578637358
GTGTGATGTAATTAGG-1,-16.63453631008167,-1.465357707401856
GTGTGATGTATCGAGG-1,-15.959936088721214,1.1340498924064215
GTGTGATGTTCGGTCG-1,-15.809492697941783,1.014979432533169
GTGTGATTCCTCACCA-1,-17.938200586423267,-1.593141461836125
GTGTGATTCTTCCAGC-1,-17.001928928073973,-1.9526072608805205
GTGTGGCCAGTTTCGA-1,-14.537273754535933,-3.1189205449038626
GTGTGGCGTGACATCT-1,-16.608378117489963,-0.8956189781499933
GTGTGGCGTGTTTACG-1,-17.785715483191787,0.24348518353001006
GTGTGGCTCGGTTAGT-1,-12.3047414342361,-4.4013278165630885
GTGTGGCTCTACGCAA-1,-11.586357411273251,-5.4874233769457454
GTGTTAGAGAGCAGTC-1,-17.472815152858,-2.7699657475232335
GTGTTAGCAATACAGA-1,-15.067108481329027,-3.9560664675421475
GTGTTAGCACAGCTGC-1,-14.94395112295284,-0.2888792990263357
GTGTTAGCAGACGGAT-1,-15.722879703926848,-3.802080550223475
GTGTTAGGTCGCCTAG-1,-17.60326249991327,1.1761550597745132
GTGTTAGTCCCAAGTA-1,-12.60285681478487,-6.010139215958115
GTGTTCCCAGTCTCTC-1,-12.327053822682002,-7.241914186379505
GTGTTCCGTCCCGCAA-1,-16.858406651719832,-2.889297571300031
GTGTTCCTCGCGAAGA-1,-18.066100457671634,-1.196982078836286
GTTACAGCAAGCCTGC-1,-10.74324591631205,-5.970205147673584
GTTACAGTCTGACCCT-1,-13.626685430239373,1.771735692554572
GTTACCCAGATGCTTC-1,-15.294596132692925,2.1496576016662305
GTTACCCAGTAGTCTC-1,-15.916970050412552,-2.208719907371345
GTTACCCCACATGAAA-1,-11.907778654102227,0.010416931758148297
GTTACCCCATATCTCT-1,-18.26742134390968,-0.8195583852223377
GTTACCCCATGACGTT-1,-17.341089763175447,-3.0118524823877637
GTTACCCGTGTATCCA-1,-17.79782084493657,0.5438541232058833
GTTACCCGTTAAGACA-1,-16.530731924172212,-0.7185848741749715
GTTACCCGTTGCATGT-1,-15.84011142184635,0.02906299620933442
GTTACCCTCTTAGCTT-1,-16.136042157831902,-1.9556167558405566
GTTACGACATGGGCAA-1,-13.195826030816802,0.2702113891655867
GTTACGAGTCATCACA-1,-12.689127603073915,-6.133290836645251
GTTACGAGTGCACGCT-1,-16.46584914895372,-0.10553112285973651
GTTACGATCCGGGACT-1,-11.508652259059206,-6.398559830152677
GTTAGACAGCTGTTCA-1,-13.287932696723942,-1.1647544894578477
GTTAGACAGGAGGTTC-1,-15.83196727771232,-3.268938149252143
GTTAGACCACCCAATA-1,-16.68322017755166,1.70766696666173
GTTAGACGTCTTTATC-1,-12.628886341349517,-7.285913760445314
GTTAGACTCCTGGCTT-1,-13.216532453293482,1.8727885014432906
GTTAGACTCGGCGATC-1,-16.529412011657794,-0.8094622338579949
GTTAGACTCTACCAGA-1,-12.573653657290462,0.8388912581808654
GTTAGACTCTCTCTAA-1,-12.44788240660006,-1.1830993982982412
GTTAGACTCTGTGTGA-1,-15.448300530931212,-2.3225693725523153
GTTAGTGCACGGTGTC-1,-17.589413744452855,-2.4802538306049695
GTTAGTGCATGATCTG-1,-12.309207028185602,-4.568961738450961
GTTAGTGTCCCTTGGT-1,-11.304095319643514,-4.565392383544318
GTTAGTGTCCTGGGTG-1,-17.753023445929255,-1.2181098095497975
GTTAGTGTCCTGTACC-1,-14.92288204885266,-3.4019772464007416
GTTATGGAGCGTGCCT-1,-17.6713584606442,-2.095934789655214
GTTATGGAGTCAGGGT-1,-16.618653825708588,1.1504487573432163
GTTATGGGTACATTGC-1,-12.243587087093118,-2.094086716255169
GTTATGGGTCCGAAGA-1,-12.922664848527912,-4.929746904986205
GTTATGGGTGACACAG-1,-13.50294653300552,1.940905034301872
GTTCATTAGACCGCCT-1,-17.191541880443523,-0.36620410844303
GTTCATTCATTCCTCG-1,-15.150363419714513,-1.3988574074436242
GTTCATTTCATCGTAG-1,-17.476916444043596,0.747175599550022
GTTCCGTAGAAACCCG-1,-16.654628032436555,-0.219924610766315
GTTCCGTAGAGCCGAT-1,-18.15767990907307,-0.07568633020603788
GTTCCGTAGTATGAGT-1,-11.135557448536197,-5.365572268806624
GTTCCGTCACACTGGC-1,-13.966944107994529,-2.8760752132101532
GTTCCGTCACGTAACT-1,-13.890301619674176,-0.9487438719524846
GTTCCGTCATTAAGCC-1,-14.727016608160373,-3.804134770757622
GTTCCGTTCTTCACAT-1,-12.036128605871673,-4.970520176704945
GTTCCGTTCTTGATTC-1,-16.637702025916187,-1.3282948134681354
GTTCGCTAGAGTTGCG-1,-15.949756286708348,1.502002634030023
GTTCGCTAGCGTTCAT-1,-13.523121089844938,-4.008720267623352
GTTCGCTAGTGTTGTC-1,-16.565732006744277,-0.33238797771782486
GTTCGCTCAGGTATGG-1,-16.332786463535417,-0.2321812452144829
GTTCGCTGTATCAGGG-1,-12.286749293357818,-6.515087596780639
GTTCGCTTCATCGGGC-1,-17.432809223820122,-1.5471463862449704
GTTCGCTTCCAACCGG-1,-12.244429062754497,-5.855413024444386
GTTCGCTTCCCTAGGG-1,-12.443753252573865,-0.7010907181888291
GTTCTATAGGTAGACC-1,-12.785246260904875,-6.121208287468123
GTTCTATCACATATGC-1,-14.711607277523568,-2.3802638327008303
GTTCTATTCCTAGCGG-1,-15.883896688766956,0.7437675615504569
GTTGAACCACGTAGAG-1,-12.214684290442255,-7.284223633042218
GTTGAACGTGCCCACA-1,-13.86731322295584,0.7972606877002036
GTTGAACGTGTCACAT-1,-16.093031733309804,-0.05853344290002229
GTTGAACGTTAGGGTG-1,-11.963296056425076,-7.082639060285835
GTTGAACTCAGTCAGT-1,-14.538787546086775,-0.8437062385588381
GTTGAACTCCCATTTA-1,-13.049178788723141,-2.4981406033043525
GTTGCGGAGCTTAGTC-1,-13.669394324216896,0.34821973645898685
GTTGCGGAGGGATCTG-1,-17.76460637192571,-0.558458461052958
GTTGCGGAGTCAACAA-1,-15.904622040154194,-0.8907518035973505
GTTGCGGAGTGCGTCC-1,-18.472601176820614,-1.6994426150227102
GTTGCGGCACCCATAA-1,-16.27155308735126,-1.723259328304313
GTTGCGGGTAGCGAGT-1,-16.360798198595525,-2.159995240605219
GTTGCGGGTATTGGCT-1,-12.166925803626514,-5.7500662086210115
GTTGCGGTCATGCAGT-1,-16.945306053868187,1.4834874588159828
GTTGCGGTCTTGAGCA-1,-12.30756626415359,-7.562657029927139
GTTGCTCAGAGTCTTC-1,-14.925531780404228,-3.2210685857633035
GTTGCTCAGCCATTCA-1,-13.038512524377118,-2.2341302358969077
GTTGCTCCAACCACAT-1,-12.608282609457744,-5.462883423957606
GTTGCTCCAATGTGGG-1,-16.141267659164345,1.1510606493032287
GTTGCTCGTACAACGG-1,-16.296463308253458,0.7589481197329954
GTTGCTCGTCATGCAT-1,-16.74973139142039,0.6846950963183285
GTTGTAGAGGGACCAT-1,-12.040147375124851,-5.51719711609689
GTTGTAGCACCATATG-1,-14.911851267090883,1.8623497321558393
GTTGTAGCAGGGAATC-1,-12.89735659618434,-2.9923381084337666
GTTGTAGCATCCCGTT-1,-16.015077051694284,-3.8165821449789394
GTTGTAGGTAGACGTG-1,-17.46510293926295,-0.7295793786558513
GTTGTAGGTCCACTCT-1,-15.679090141346476,-1.2717296600644161
GTTGTAGGTCGTGGAA-1,-17.16494401510355,0.5528158518290958
GTTGTAGGTTAGCGGA-1,-17.395164942361674,-2.21382333650705
GTTGTAGTCATGGTAC-1,-16.222583460482106,-1.611714460469922
GTTGTAGTCGACCATA-1,-13.810374861299278,0.05307780721073133
GTTGTAGTCGCAGAGA-1,-18.069138264467007,-1.6345258483144582
GTTGTAGTCTGGTGGC-1,-16.10883334799313,-1.070250561686045
GTTGTCCAGTACTGGG-1,-12.517508248159945,-5.4395601008343775
GTTGTCCCAGAGAAAG-1,-11.013412516588827,-5.682306455867516
GTTGTCCTCCATCTGC-1,-12.143688218790238,-5.607385065164199
GTTGTCCTCCCTCTAG-1,-12.040555534423715,-6.37559370089664
GTTGTGAAGACTTCAC-1,-14.416509844172246,1.5163296192412377
GTTGTGACACCCTATC-1,-16.678333088273956,-0.7266837321063429
GTTGTGACAGCAGTTT-1,-15.549144396449373,-1.6307118227169255
GTTGTGAGTGCATTAC-1,-11.192329457506993,-5.197508510149867
GTTGTGAGTTCGTACA-1,-13.504291589714825,0.2065348772921003
GTTGTGATCGTTACCC-1,-14.736961783203556,-3.8409807907167224
GTTTACTCACCTATCC-1,-11.276921693735577,-5.31270163057369
GTTTACTCAGATCCTA-1,-13.95878977296561,0.4205639047059373
GTTTACTCAGGTAGTG-1,-11.776990249805547,-5.308613317741712
GTTTACTCAGTCAGAG-1,-12.361423265357951,-6.704399963384661
GTTTACTGTTATCTTC-1,-13.65686512356087,-6.135511619409188
GTTTACTTCACAGAGG-1,-16.804620286418906,-1.922969289587447
GTTTGGAAGGTGCGAT-1,-17.440700474331965,-3.326454055109471
GTTTGGAAGTTCCATG-1,-16.300806929587726,-0.9576938109979152
GTTTGGACACTGAGGA-1,-15.944484029659103,-3.2452230520696803
GTTTGGACAGCATCTA-1,-13.114440591566224,-7.054518392070094
GTTTGGAGTTAGGACG-1,-17.834753504273646,-0.4088149236436042
GTTTGGATCACTTATC-1,-12.720082726284735,-5.211889637648366
GTTTGGATCAGAGCGA-1,-12.482491005774543,-6.656722783806702
GTTTGGATCAGCTCTC-1,-16.759170714238515,-1.1494780933782942
TAACACGAGCCGATTT-1,-12.551542823634783,0.22585341170698434
TAACACGCAAAGGCAC-1,-12.219603518799818,-5.622441781702968
TAACACGCACCACTGG-1,-12.793436002238462,-2.5665614594682573
TAACACGGTCATGACT-1,-13.613092214291727,-2.504899615295683
TAACACGGTGGATTTC-1,-12.947483318023597,-0.06962362258338266
TAACACGTCATCTACT-1,-15.387867845996292,-3.259871761818239
TAACACGTCTCCTGAC-1,-12.021997399318106,0.48097655005088935
TAACCAGAGACGGATC-1,-16.344077213855496,-1.302187185265068
TAACCAGAGATTGAGT-1,-15.084758386653217,0.22742480755804312
TAACCAGAGGTTCAGG-1,-13.307151180442172,-3.5448122702230096
TAACCAGCAGACCAGA-1,-13.384718531518798,-2.857114948116979
TAACCAGGTTCTTAGG-1,-13.09143566152694,0.7607540748885575
TAACCAGTCAGCGGAA-1,-18.000077482403356,0.022690144278968576
TAACCAGTCTGCTAGA-1,-15.260100086316394,-2.2071115372619103
TAACGACAGCGAAACC-1,-14.404978236360872,1.9360942810525212
TAACGACAGTACAGAT-1,-17.069144171708658,-0.5717259707570819
TAACGACCAAGCGAAC-1,-14.235964226155652,-1.8474180184034699
TAACGACCAATAGGAT-1,-15.388776450493863,1.1187129642897495
TAACGACGTTCCTAGA-1,-12.742454654853486,-0.8907564868469685
TAACGACTCACCTACC-1,-12.166443009124508,-1.2846418552839807
TAACGACTCACTTGGA-1,-14.92859319094219,1.1418068048843757
TAACTTCAGAAGGTAG-1,-16.477818223040885,-1.630311361906979
TAACTTCAGCTAGTTC-1,-14.830420684375737,-3.278603266747746
TAACTTCAGTACGTCT-1,-14.815640038759518,0.31867731475446465
TAACTTCCAAACGAGC-1,-17.730918786085766,-1.596417758409719
TAACTTCCAACTTGCA-1,-13.363916719527042,-3.730569197738263
TAACTTCCAGGACGAT-1,-10.973989576871283,-7.023047025572427
TAACTTCCATTAAGCC-1,-11.633468783723572,-4.167176710363407
TAACTTCGTAACATCC-1,-17.356486312117067,-2.6922211469283654
TAACTTCGTTGAGTCT-1,-15.697341832608227,-1.8994158681073467
TAACTTCTCATTCTTG-1,-11.794869650608666,0.18064914801912274
TAACTTCTCCGGGACT-1,-11.472801680260137,-4.725068720479488
TAAGCACAGCGAGTAC-1,-18.029827172356566,-0.922083752343115
TAAGCACAGGACGCAT-1,-16.665248398909128,-0.549947317346141
TAAGCACCAACATACC-1,-12.477580623847942,-1.160294975939987
TAAGCACCAACCGACC-1,-12.328524895181028,-1.4260323900571017
TAAGCACGTAGCACGA-1,-18.065074166643992,-0.13179122224981582
TAAGCACGTATGTCAC-1,-12.976995549392504,-1.4011669826475444
TAAGCCAAGGTCTACT-1,-15.898400841167373,-3.58659382381413
TAAGCCAAGTAGGAAG-1,-12.086475097575493,-7.139855113360165
TAAGCGTCACAGCCAC-1,-16.618908017214412,-0.1288751520567088
TAAGCGTCATTCCTCG-1,-17.72058267418011,0.8908100419696644
TAAGCGTGTAGTAAGT-1,-17.507226781376144,-2.3897044705159867
TAAGCGTGTTGTGGAG-1,-17.714974551627463,-1.1506645341799793
TAAGCGTTCACTGATG-1,-16.576831864985486,-0.6901508270253994
TAAGCGTTCGAAGCAG-1,-17.733426709821153,0.6377127298096137
TAAGTCGAGAAGGTAG-1,-16.964192696304845,-3.0944438490154886
TAAGTCGAGCCACCGT-1,-14.469326084690906,-4.001129533650407
TAAGTCGAGGAGGCAG-1,-12.380636902286811,-6.562012781723741
TAAGTCGCAGCCTTCT-1,-14.355438908548821,1.2409790854390186
TAAGTCGTCGCAATGT-1,-17.00963379349948,0.5408308531126155
TAATCTCGTCGACTGC-1,-17.45056487104686,1.1000284941464247
TAATCTCGTGATCGTT-1,-16.520230207445486,-3.771693589562567
TAATCTCGTGGTCTAT-1,-14.184268468225449,-1.054365282202934
TAATCTCGTTAGGCCC-1,-14.606344830338688,-3.984640456685167
TAATCTCGTTGGAGGT-1,-14.769407478242377,0.8646772902044169
TAATTCCAGGAGCAAA-1,-18.03037509060719,-0.6173410590320207
TAATTCCAGTACGTCT-1,-12.220279639036159,-2.2478760503535815
TAATTCCCAACGAGGT-1,-13.220262606453632,1.251898186723984
TAATTCCCAGTTTGGT-1,-15.953208329440685,-1.4568362676673225
TAATTCCTCCAGTTCC-1,-12.374364469544329,-2.1479625896268826
TACAACGAGGATGAGA-1,-14.972839975985217,-3.5617161548053367
TACAACGAGGCGCTTC-1,-16.269972419344832,-2.1800467940513495
TACAACGAGTACTGGG-1,-12.57067515943997,-4.19835285180867
TACAACGGTCCCGCAA-1,-14.888059002792318,-4.134592040215319
TACAACGGTTACCCTC-1,-12.401638344718549,-5.895335590333752
TACACCCAGATGTTGA-1,-12.252169629403685,0.44594661530180785
TACACCCAGCCATTGT-1,-16.346041144965056,1.5045027855195248
TACACCCAGCGTCGAA-1,-15.684423526554683,-2.3656670406359273
TACACCCCAAATCGGG-1,-16.866402113055376,0.740657318876114
TACACCCCAATTGCCA-1,-11.880318346827364,-1.4067395786162864
TACACCCCATCATTTC-1,-16.234982139059802,0.8683223505299884
TACACCCGTCATTGCA-1,-11.430494008640624,-4.635436139740076
TACACCCGTTAAGAAC-1,-14.818422035532869,-3.505120611064409
TACACCCGTTCGGACC-1,-13.262578200403118,0.3839352870644767
TACAGGTAGCCACTCG-1,-13.881290352170009,-3.249074477024682
TACAGGTAGCTAGATA-1,-15.63297061874762,-3.5958521822647587
TACAGGTAGCTTCGTA-1,-13.860654384606155,-2.619440333770792
TACAGGTCAAAGGATT-1,-11.228485425768534,-4.466391697778084
TACAGGTCAGCGAACA-1,-11.859591831960115,-5.797962215319841
TACAGGTGTAGAGGAA-1,-17.144786277827613,-2.23524119931987
TACAGGTGTGACAGGT-1,-13.724456844888747,1.9309885049418432
TACAGGTGTTGGTGTT-1,-15.477437760040022,1.1036477027388807
TACAGGTTCACCTTGC-1,-14.095750571697494,1.207130088136438
TACATTCAGGAGTACC-1,-13.734074231215887,0.6325517751068701
TACATTCCAAATTGCC-1,-15.431217607131646,0.42941080841678797
TACATTCTCAGACCTA-1,-12.600857701467538,1.377980177666936
TACATTCTCGCTACAA-1,-14.376841964255476,-2.9030529713033526
TACCCACAGCGTTCCG-1,-11.58311449484738,-6.793038913636864
TACCCACAGGCTAAAT-1,-12.045709494427479,-4.247829075481754
TACCCACCAGATACTC-1,-12.83169797174113,-0.7182348723607628
TACCCACGTAGCTGAG-1,-12.80908864754689,1.3035162988782738
TACCCACGTCCAAATC-1,-14.31665241639745,-0.28198610952049336
TACCCACTCGATGCAT-1,-13.310929379473015,-2.0833067741527524
TACCCACTCGTGGAAG-1,-15.491410897017857,2.0668393080602887
TACCCACTCTGAGAGG-1,-15.848142308876731,1.4690989687074936
TACCCGTAGAACCCGA-1,-13.49005590177278,1.7516962339801836
TACCCGTCAAGTTCCA-1,-15.71660070245106,2.213212526304914
TACCCGTCACGGCACT-1,-14.606630000995239,1.1241351067339076
TACCCGTCAGAAGCGT-1,-15.73498800205814,1.379560145471313
TACCCGTCAGACCTGC-1,-13.417277119583744,-3.9321292815300866
TACCCGTCATAGTCGT-1,-15.284868093835469,-3.2223580384306154
TACCCGTTCGACCCAG-1,-10.796105385061473,-5.4976335222530395
TACCGAAAGCCGAACA-1,-16.008963044462394,-1.6519981150017922
TACCGAACACATAACC-1,-12.713274674383758,-1.4428910904391117
TACCGAACAGGACATG-1,-13.388838454500329,-3.3835654302679457
TACCGAACATCCGTGG-1,-13.519825226751815,0.3487026127693025
TACCGAACATTGTCGA-1,-16.393860172082807,0.553873496983646
TACCGAAGTAACCAGG-1,-14.219640711439702,0.5192239501355634
TACCGAATCCATAAGC-1,-11.72831815505187,-4.719522829848798
TACCGAATCTTCTAAC-1,-12.909019783110734,-1.0717514746685959
TACCGGGGTAGACGGT-1,-17.71439583650124,-1.1740335928181198
TACCGGGGTCCAGCCA-1,-12.79764033980126,-2.6817739999243937
TACCGGGTCCCGTTCA-1,-15.648087344709555,-0.17696062430293105
TACCGGGTCCTGGGTG-1,-11.303172936931569,-6.217396680323066
TACCGGGTCGAGCTGC-1,-11.492906023731193,-6.612650359265878
TACCGGGTCTTCCACG-1,-14.090770044986595,0.018923361101686395
TACCTCGAGCCTGAAG-1,-16.375299836655717,-0.3262405300497353
TACCTCGCACGTGTGC-1,-15.801378481770275,0.4063132099538401
TACCTCGGTCCGAAAG-1,-12.946388920761638,1.2149009654642828
TACCTCGTCGACGCTG-1,-17.597169553487035,1.0602945243210156
TACCTCGTCTTAAGGC-1,-11.222525029709738,-5.905503677867786
TACCTGCAGCGTCTGC-1,-12.39247111267756,-3.8196823328977563
TACCTGCAGGTCACCC-1,-12.307761726737835,0.15529677437416872
TACCTGCAGGTTAGTA-1,-14.07651134371294,0.5851391264575028
TACCTGCCAGCGTGAA-1,-12.004298993737006,0.5268172763435454
TACCTGCGTTCGAACT-1,-13.978173076414345,-1.5824923241347966
TACCTGCTCCTGCCAT-1,-11.86966762270313,0.5287800902148201
TACCTGCTCGAGAAGC-1,-13.809278341822488,2.1343922776063535
TACCTGCTCTCCTACG-1,-15.76424598636594,1.4732623823299311
TACGCTCAGGTAAAGG-1,-14.157046149025314,-3.835998118513776
TACGCTCGTACAGGTG-1,-12.650829122738568,-2.812863493775564
TACGCTCTCGCCGATG-1,-13.217938401131704,0.6242219239427784
TACGGGCAGTCGCGAA-1,-17.352076296609663,-0.039450933803093516
TACGGGCCAACCCGCA-1,-13.784537974591572,-0.7632046833360719
TACGGGCGTACGGGAT-1,-13.956846302795869,-3.809879743497867
TACGGGCGTTAGAGTA-1,-15.914267454165397,0.9482279395540439
TACGGGCTCGCCTCTA-1,-11.704508620996725,-5.744155724537492
TACGGTAAGATACGAT-1,-16.793547336313935,-2.387130725949136
TACGGTAAGCCATTCA-1,-17.432288166583994,-2.505041606965937
TACGGTAAGGCCTGAA-1,-13.602009400856977,-3.830904939796373
TACGGTAGTGGTCTGC-1,-15.994592483026745,-1.13710975587886
TACGGTAGTTGCAAGG-1,-15.880531460920523,0.6651921069839475
TACGGTATCCCACAGG-1,-15.552519325477455,0.21519170178969632
TACGGTATCCGACATA-1,-11.73718279158114,-4.878904595886224
TACGGTATCGGCTGTG-1,-15.574663443842134,0.842057329950064
TACGTCCAGCCGAACA-1,-17.028558574827425,0.7537806386920637
TACGTCCAGGGCAACT-1,-14.660284367599596,0.9255784140341401
TACGTCCAGGTCCCGT-1,-16.38426834096581,0.33788068677814337
TACGTCCCAGCATACT-1,-16.55032793301522,-2.1287831585069887
TACGTCCGTCCACTTC-1,-12.189310368273551,0.5190849446017335
TACGTCCGTCGAGTTT-1,-17.226084541539194,0.327784751268786
TACGTCCGTCGCACGT-1,-11.891325191481927,-6.853292521095973
TACGTCCGTGATAGAT-1,-17.70624945737951,0.5667318495541233
TACGTCCTCGTGCATA-1,-14.510600885156864,0.5582026577691189
TACGTCCTCTCGGTCT-1,-12.789875885962324,-3.3454186396002537
TACTGCCAGCAGCAGT-1,-16.571881872875878,-0.40268828775240445
TACTGCCAGGGATGTC-1,-12.6762679930851,-1.5130662163877946
TACTGCCCAAGTTGGG-1,-12.676416298563709,0.7853142242816551
TACTTACCACATAACC-1,-12.205715138284063,0.4479556858172705
TACTTACCATGTTCGA-1,-13.564475747595637,1.554355327464198
TACTTACGTCAGTTTG-1,-17.8551712024505,-2.008347179092981
TACTTACGTCGCCACA-1,-11.061532685130679,-6.073077683242465
TACTTACGTCGTGGAA-1,-13.275624718543673,-4.35252968320611
TACTTACGTCTCTCTG-1,-17.677058883517713,-0.7281302757103554
TACTTACTCCGTGTAA-1,-13.69371930725903,-3.6797325464132857
TACTTGTAGACATAGT-1,-17.364356445761945,0.5844897764143641
TACTTGTAGGAGGTTC-1,-12.382807384669857,-4.6288311550526355
TACTTGTCACCTTCCA-1,-13.710125016548767,-0.8600549129903473
TACTTGTCACGGCCAT-1,-16.048890188837536,-2.114065014004615
TACTTGTCATGTGGCC-1,-13.536169101809874,-0.9354382416136339
TACTTGTGTACGAGTG-1,-12.997364506806573,-6.367922925418174
TACTTGTGTTTCGTAG-1,-12.744643591542898,-5.433482937812372
TACTTGTTCCCTAGGG-1,-14.309284331544356,-2.7273145253533406
TACTTGTTCTGATGGT-1,-12.385993365228195,-1.5675668954769586
TAGACCAAGAGGACTC-1,-14.573462338349096,1.5349060633954699
TAGACCACAAGGTCAG-1,-14.714668082340253,-0.5660799858199541
TAGACCACAATCGAAA-1,-14.535982496444928,0.4973645862176884
TAGACCACATGTGACT-1,-17.34103552133424,-1.8620545357349334
TAGACCAGTCCCTAAA-1,-13.036118538809074,0.9778994223560029
TAGACCAGTGAGCGAT-1,-16.92164426032989,-2.998233407883532
TAGACCATCTGAGTCA-1,-13.621407082561214,0.6609816491703528
TAGACTGAGTAGATCA-1,-11.954005679667542,-6.299641155553384
TAGACTGAGTGGTGAC-1,-14.138679310905847,-0.48276962362372094
TAGACTGCAGCGACAA-1,-12.885998017659068,-6.804384700122632
TAGACTGGTCTACATG-1,-11.225071975842312,-6.105183580069818
TAGACTGGTGTCCGTG-1,-17.649918389494125,-0.3911514299902005
TAGAGTCCAATGTCTG-1,-16.015464217184157,-2.0691775841366877
TAGAGTCCACTTTAGG-1,-13.54850890176225,-2.239750712851391
TAGAGTCCAGCAGACA-1,-13.003503846361584,-0.6011963075544982
TAGAGTCCATCAACCA-1,-12.602226507219463,-6.148500362394874
TAGAGTCGTACAAGTA-1,-16.659672088786937,0.22870911712272868
TAGAGTCGTTAGAGAT-1,-16.18351089964218,-3.7753824648600207
TAGAGTCTCTCGTGAA-1,-11.746818574344605,-7.020887083348058
TAGAGTCTCTGACGCG-1,-15.924434254121568,1.7141760732418285
TAGATCGAGCGTATGG-1,-15.577846685975505,-3.7171476757597204
TAGATCGAGTTGGGAC-1,-14.405688550279615,-3.6841885682520124
TAGATCGGTGATGAAT-1,-17.87462356537316,0.21162535961782178
TAGCACAAGCGAAACC-1,-12.739839534798188,-7.45277306731871
TAGCACAAGGTAGTCG-1,-15.160308363195647,-4.009005669676046
TAGCACACAGCAGTTT-1,-12.644781803959852,0.36409253790761603
TAGCACAGTCCTTAAG-1,-12.63615784529969,0.27620159353454893
TAGGAGGAGTCTAGCT-1,-16.041029231432066,-2.9086044542564866
TAGGAGGCAGTATTCG-1,-16.77798255265013,-2.0802693892240263
TAGGAGGTCAATGTCG-1,-13.718256091347952,2.1438733982302347
TAGGGTTAGCACAAAT-1,-14.7190244614722,-2.4978282258255895
TAGGGTTAGGTAAAGG-1,-13.799071161293222,-3.96065764155026
TAGGGTTCACTTTAGG-1,-11.960035523930353,-6.546159336946303
TAGGGTTCAGTTGTTG-1,-12.555121712871324,-7.321016155248078
TAGGGTTGTATAGGGC-1,-15.030218329672076,0.7859322683580875
TAGGGTTGTCCACTCT-1,-15.77463940836278,-1.1066097040288831
TAGGGTTGTGTTTGCA-1,-16.439865485271817,0.3872220516441268
TAGGGTTTCCATATGG-1,-15.278311957405174,0.804367916237433
TAGGGTTTCCCTTCCC-1,-15.809067132405675,-0.23919631590688348
TAGGTACCACAGTCGC-1,-15.694684041991414,0.7426036678640906
TAGGTACGTATCGAAA-1,-16.808570488959976,1.0025777393733277
TAGGTACTCCCGTGAG-1,-15.61230972294592,-2.7087360680416084
TAGGTTGAGTGTAGAT-1,-14.865639549327257,2.095540646778487
TAGGTTGTCAAATGCC-1,-14.594242265444443,1.8696953423009561
TAGGTTGTCCAGGACC-1,-15.287711885160114,-3.9288059922740897
TAGTGCATCGGTTAGT-1,-16.32433280380888,1.6120537569382274
TATACCTAGAGGCGGA-1,-15.223672667998647,1.9302252059964193
TATACCTAGGGTACAC-1,-15.501216717920293,2.103099707865301
TATACCTCAGAATTCC-1,-10.962002041059808,-5.571177555841586
TATACCTTCATGCGGC-1,-15.441862814833486,1.0297400804596664
TATACCTTCGAGTCTA-1,-15.078399045997102,-1.4181278971170497
TATATCCAGGATTTCC-1,-13.683756956657556,-2.71998170797034
TATATCCAGTACTGTC-1,-15.69449308813226,-0.3818506821233559
TATATCCGTACTTGTG-1,-12.1299344681312,-0.6929767442054832
TATATCCTCTCCACTG-1,-13.103645085608308,-4.563841357579079
TATCAGGAGTGTACCT-1,-17.65690134638552,0.1730804154369753
TATCAGGAGTTTCTTC-1,-14.404169831944651,0.7684820856435646
TATCAGGTCGGTCAGC-1,-16.636999258132995,-2.5888475040221524
TATCAGGTCTGTGCAA-1,-13.0026026186779,-0.799970880287827
TATCCTAAGGAGTATT-1,-12.349451742396589,-4.805228652999837
TATCCTAAGTCACAGG-1,-16.51208386870569,-1.0220446032198587
TATCCTACAAAGACGC-1,-16.231930132682407,1.77648819957022
TATCCTACAATGAACA-1,-12.02167482376814,-0.35553979482423914
TATCCTACAGGACGAT-1,-17.73597031631242,-0.9374139603332111
TATCCTACAGGATGAC-1,-11.808324948557285,-5.961697239537173
TATCCTACAGGGATAC-1,-16.763513936977596,0.6600363754490561
TATCCTAGTTGCAAGG-1,-12.748026567181883,-2.785984948574811
TATCCTATCAGTCTTT-1,-14.268854886518673,-2.9697546422643466
TATCGCCCATGCGGTC-1,-13.604950507829939,-0.2504577554065217
TATCGCCGTAATCAGA-1,-15.089103548846614,2.117976137258048
TATCGCCGTCCTCCAT-1,-17.989526188530558,0.6658045219685651
TATCGCCGTCGTATTG-1,-12.096692377338304,-6.785497909986716
TATCGCCTCACTGCTC-1,-13.71884689910558,1.0566398403449833
TATCGCCTCAGGACGA-1,-15.445668083618703,2.0652125264734815
TATCTGTAGGATAATC-1,-15.427170609563671,-2.584275788695045
TATCTGTAGTGCGTCC-1,-12.33856074826513,-7.606372994246077
TATCTGTAGTTATGGA-1,-18.094116362754484,-1.3252111248171483
TATCTGTTCCTCGCAT-1,-12.677749904506692,0.8552673940232006
TATCTGTTCGCATTAG-1,-12.69608491085532,1.6081750413404197
TATCTGTTCGTTACCC-1,-16.84969189797474,0.32094001794855664
TATCTTGCAACGTATC-1,-12.328069665001088,-5.611433931763973
TATCTTGGTCTTTATC-1,-11.9415588671461,-5.314255107235265
TATCTTGTCGTCTAAG-1,-11.097542607587311,-4.536706250671663
TATCTTGTCTACTCAT-1,-16.789727524211298,-0.21694657429727404
TATGTTCAGCATACTC-1,-13.440996432123242,0.6442362716655103
TATGTTCCAATAGGGC-1,-13.953843274375783,0.5542654119069218
TATGTTCGTACGAAAT-1,-13.818772172093698,0.2621149040192078
TATGTTCTCCTATTGT-1,-11.215501970631092,-4.481999141225918
TATGTTCTCGGAGTAG-1,-17.261945088425293,0.8977690222787095
TATTCCACACAATGAA-1,-13.859350549902624,0.6152286068385686
TATTCCACACATATGC-1,-13.373964302321973,-3.1699118048321155
TATTGCTAGCTAAATG-1,-13.706150282006082,-1.2256262017922148
TATTGCTAGTCGCGAA-1,-13.187027108261969,-2.791683506850571
TATTGCTGTAGCACAG-1,-14.678235032047263,1.9420682286998765
TATTGCTTCATCACCC-1,-14.53326661565928,-3.395009660812479
TATTGCTTCCTACGAA-1,-14.922582982757296,0.0773849119024355
TATTGGGAGCGCTGCT-1,-17.714366027405667,-0.2549478213152321
TATTGGGCACTTGTGA-1,-12.782166777696997,-5.682290765593754
TATTGGGCAGATACCT-1,-12.739604550847053,-5.736627244102894
TATTGGGCATGAGTAA-1,-18.613775680284036,-0.8565963791020579
TATTGGGGTGTTAAAG-1,-14.193989132459459,-3.7683391058771303
TATTGGGGTTGCCAAT-1,-16.309269398921803,0.16299053756517579
TATTGGGTCAGCACCG-1,-16.556256879287044,0.0028401695828158807
TATTGGGTCCTAGCGG-1,-16.90454969840038,1.5314842024614865
TATTGGGTCCTCCACA-1,-12.404012330259414,-5.069210483477318
TATTGGGTCCTCTAGC-1,-12.593705800754535,-6.831763638660085
TATTTCGAGAAGCCTG-1,-17.61670722172374,-1.9269314091317182
TATTTCGAGACAACTA-1,-11.807092855436563,0.5539763919173629
TATTTCGAGACTTGTC-1,-13.757857249771567,-3.4938871394361475
TATTTCGAGTTAGTAG-1,-17.906585068406773,0.3942548604990731
TATTTCGCAATTGGTC-1,-11.272108925856879,-4.180798426973527
TATTTCGCAGAGTCTT-1,-14.3350247371834,1.1001266548958355
TATTTCGGTAACACCT-1,-12.23719526790428,0.1790006582256295
TATTTCGGTTTCTTAC-1,-12.471995688829741,-4.954192631536457
TCAAGACGTAGGACTG-1,-16.590096738036998,-1.7830458826768418
TCAAGACGTCTAGGCC-1,-15.079933131026054,0.17954952894406673
TCAAGACTCAAGATAG-1,-16.259144644551704,-2.590809378642039
TCAAGCAAGGTCCCTG-1,-11.82937044312942,-4.780139166253467
TCAAGCACAAGCTGCC-1,-14.539836163391069,-2.726554584304096
TCAAGCACAGGTCTCG-1,-11.817305154655433,-6.038579566843568
TCAAGCAGTCCCTGAG-1,-12.881458144520147,0.34901145014861334
TCAAGCAGTTGCTCGG-1,-17.011856479114314,-0.33260215414796124
TCAAGCATCCAATCCC-1,-11.603919221469686,-7.024433939671922
TCAAGCATCCTGTACC-1,-13.657666009701625,1.4747585719708711
TCAAGCATCTCTCAAT-1,-12.043279024534618,0.0071901740393029035
TCAAGCATCTTCTGTA-1,-12.201390505611103,0.2237481478672293
TCAAGCATCTTGGTCC-1,-13.090210498977466,-0.9566166070425351
TCAAGTGAGCAGCAGT-1,-15.647236962912448,-1.7471194546008466
TCAAGTGAGGCTGAAC-1,-17.835621040892153,-0.428943139500214
TCAAGTGAGTAGAATC-1,-16.658690117492924,-0.402433714418184
TCAAGTGGTATAGGAT-1,-14.681017390759232,1.457497955801643
TCAAGTGGTATGCGGA-1,-13.637585214153422,1.6115144228548914
TCAAGTGGTCCCTGAG-1,-14.607352391880525,0.2557950893839387
TCAAGTGTCGCCAACG-1,-13.211366920314955,-0.8923916378192467
TCAAGTGTCTGCTAGA-1,-15.410329978673614,1.8764584981796628
TCAATCTAGATGAATC-1,-12.729984268037617,0.15282014194511592
TCAATCTAGCAGGCTA-1,-12.483629137921799,-1.755653078516611
TCAATCTCACAGCCAC-1,-12.282025288588658,-1.0850461044484152
TCAATCTCACGGCTAC-1,-14.245208112189005,0.51042059278277
TCAATCTCACGTATAC-1,-11.907103611573548,-1.5524980850282752
TCAATCTCAGCGTAGA-1,-14.16217526918514,-1.628529052232485
TCAATCTCATCGGTTA-1,-16.000697048714926,0.09538390062014243
TCAATCTGTATACAGA-1,-16.85835793035531,-3.490457064067245
TCAATCTTCGATACAC-1,-12.505961220135113,-5.757987490100619
TCAATCTTCGCCGTGA-1,-16.313435399195388,0.0642345657802437
TCAATTCAGGTTTACC-1,-17.08122215603342,-1.0428353818900895
TCAATTCAGTGCCCGT-1,-12.322900886308554,-0.33233189015962183
TCAATTCAGTTGAATG-1,-13.8839409709544,0.3826461129029535
TCAATTCGTGCAAGAC-1,-16.75143389965929,-1.536007022785928
TCAATTCTCACGGGAA-1,-14.748499271614588,2.213417407596178
TCAATTCTCTGGGATT-1,-11.806444556567174,-5.166910417512531
TCACAAGCAGACGATG-1,-12.899898410956288,0.2750111445387875
TCACAAGCAGAGTCTT-1,-10.931680875417028,-5.684261931677804
TCACAAGCAGCTTCCT-1,-14.333165320703841,-2.6045925444649356
TCACAAGTCCGCTAGG-1,-11.872455151069682,0.05318718060928247
TCACAAGTCCGGACTG-1,-15.148345496145023,-4.120344499261336
TCACAAGTCGTCTCAC-1,-11.375710876093883,-6.4997478405525575
TCACACCAGTAATTGG-1,-16.344672611544368,-1.9288529165320454
TCACACCCAGCACAGA-1,-13.093643860627079,-0.9142243715499799
TCACACCGTGAATGAT-1,-14.809985723400787,-0.37647424716001837
TCACACCTCAGTCAGT-1,-15.576351137161625,0.4364000987003222
TCACACCTCCGATTAG-1,-14.17200886428363,1.7260513653527199
TCACACCTCCTGTAGA-1,-12.595339443069935,-4.876747383977139
TCACATTAGAAGTCAT-1,-12.8633119174593,-1.0539420835609101
TCACATTAGCAAGGAA-1,-15.437141848638879,-2.950255983763809
TCACATTAGCATGAAT-1,-12.641907179460524,-2.528293157829485
TCACATTAGTTGCGCC-1,-14.526724888025624,-2.740183260076857
TCACATTGTGACTCGC-1,-15.119656248646892,0.8197913100255587
TCACATTTCCATCACC-1,-10.950152437248681,-6.420599382348891
TCACGCTCACTGTGAT-1,-12.44937759677466,-0.9164621316571034
TCACGCTGTATGGTAA-1,-16.39676702369068,-0.3897478540940483
TCACGCTGTCTTCGAA-1,-14.33997771563013,-3.0794202968537
TCACGCTGTTGCAACT-1,-11.67841874376947,-5.425663918022716
TCACGCTTCATGGATC-1,-14.432350422846097,-2.5045776533930333
TCACGCTTCCAAGGGA-1,-15.64012878762728,-2.2751184713546624
TCACGCTTCCTCCACA-1,-12.169888538435217,-4.533152015479215
TCACGCTTCGAGAGCA-1,-13.281235879663512,-3.1089102081982842
TCACGGGAGACTAAGT-1,-16.18718887790618,-0.00888670102964148
TCACGGGAGAGATGCC-1,-11.542870736632286,-5.83497245993625
TCACGGGAGTCATGGG-1,-16.51114927442512,1.868871981098715
TCACGGGCAGAAACCG-1,-14.530774641384758,0.7366952015004085
TCACGGGCATCCTGTC-1,-11.490976010176068,-6.0820700757549115
TCACGGGGTAATTGGA-1,-11.955746698106722,-4.6669489303991
TCACGGGTCAGACCGC-1,-17.30776162631219,0.27624568595831106
TCACGGGTCTTAGCCC-1,-14.014749613095926,-4.055815166541162
TCACTATAGACACACG-1,-14.244595216280628,-0.7390974689008397
TCACTATAGACTCATC-1,-12.84244211742086,-3.3207961878420775
TCACTATAGGGTGGGA-1,-14.126867812551819,-0.3496855281393994
TCACTATCAACATCGT-1,-12.837235377788264,-3.6473101213063366
TCACTATCAGTTAGAA-1,-18.61347496596287,-1.2804869396339449
TCACTATGTCGAGCTC-1,-17.38092538380695,0.5804044296629689
TCACTATTCCTTCTGG-1,-11.453315561541695,-5.442490323512792
TCACTATTCTATACTC-1,-13.148744043739615,-3.1181323171103683
TCACTATTCTTCGTGC-1,-12.112449030397444,-0.9634553898259021
TCACTCGAGACCATAA-1,-15.894573257585,-1.072493043574206
TCACTCGCAATCGTCA-1,-14.69799686561585,0.07989321772227775
TCACTCGCACGCGCTA-1,-16.124848346427346,-2.1065674042329334
TCACTCGGTCTTCTAT-1,-16.25295296972796,-0.3640472969949711
TCACTCGTCCAATGCA-1,-16.50988339835796,-1.372900197176831
TCAGCAAAGAGGTATT-1,-13.390858536561353,1.5416499049071652
TCAGCAACAACACAAA-1,-15.539594538199456,1.9862036192476227
TCAGCAATCATTCGTT-1,-12.328640754930769,-0.8214930449225566
TCAGCAATCGACCATA-1,-16.833468686305917,1.1280938562338636
TCAGCCTAGAGGTGCT-1,-17.913100435775238,-1.1469500524166298
TCAGCCTAGTTGCTGT-1,-17.073028561338464,-2.5390295230824473
TCAGCCTCAAACCACT-1,-12.279169716912598,0.30337397151909273
TCAGCCTCACACCTAA-1,-13.910808835116072,-3.6795535415781515
TCAGCCTCAGGTCAGA-1,-12.742961224817368,-1.4519280097089768
TCAGCCTGTACGCGTC-1,-17.02541579037651,-0.24551091852908025
TCAGCCTTCCATAAGC-1,-12.337824507178736,0.4014821792120083
TCAGCCTTCCGCACTT-1,-12.577676245895471,-1.9478968000091834
TCAGGGCAGGCACTCC-1,-16.74799002906165,1.1423298609921315
TCAGGGCCACTAACCA-1,-10.741640858019844,-5.791331860658318
TCAGGGCCATTAAAGG-1,-11.285686255035587,-7.250792812003634
TCAGGGCGTGTGTGGA-1,-18.492568923640366,-2.055452774581649
TCAGGGCTCGTGTGAT-1,-15.727315831934941,1.6410895844439974
TCAGGTAAGGAAACGA-1,-17.18141851678883,-1.374831691680714
TCAGGTAAGGGTACGT-1,-11.598709151861506,-7.6340573083512195
TCAGGTAAGGTAGACC-1,-15.319714612898705,0.6238190858901675
TCAGGTAGTACAAGTA-1,-18.06405227714528,0.5119889614791884
TCAGGTAGTAGCTTAC-1,-16.188799507421233,0.5859385009967029
TCAGGTAGTATAGGGC-1,-11.208755203841871,-7.0853076081551905
TCAGGTATCAGCGCAC-1,-16.661940764717748,-1.9401139216907137
TCAGGTATCGCACGAC-1,-13.65307775201523,0.1105746939923962
TCAGTCCCATTACTCT-1,-16.354856676492325,0.33083897571028537
TCAGTCCGTACTCAAC-1,-14.721797182084387,1.3300521434892945
TCAGTCCGTCGGAAAC-1,-15.908301660745275,1.3841498318142573
TCAGTCCGTGGTTCTA-1,-13.888152031166458,-1.1956887244274033
TCAGTCCTCGAGTCCG-1,-13.560211538849142,-2.512524739426046
TCAGTGAAGTGGACGT-1,-17.683064604967637,-1.976053275288424
TCAGTGACATCCAACA-1,-13.028507576528916,-1.993034237665315
TCAGTGAGTCTAATCG-1,-12.505007718276703,-4.069663406753502
TCAGTGATCCAAGCCG-1,-15.225169038553732,-1.0863397887986581
TCAGTGATCCATGCAA-1,-11.377535892620035,-5.696787362757469
TCAGTTTAGCATCCTA-1,-13.523887808290796,-3.637803932777377
TCAGTTTCATGAGATA-1,-17.13128813053553,0.7163483932358925
TCAGTTTCATGCTGCG-1,-12.484646993305105,-5.055494163543156
TCAGTTTGTAGCCCTG-1,-14.215511709663803,0.6756927666654213
TCAGTTTGTCTGTAAC-1,-12.171049433360578,-6.282010922167087
TCAGTTTGTGCATTTG-1,-13.555418063700538,-2.6623473388505223
TCAGTTTGTTCTCAGA-1,-12.847483095099406,-1.2398827791885838
TCAGTTTGTTGTGCCG-1,-11.06726814536224,-6.927187923673447
TCAGTTTTCAGGAGAC-1,-16.53723394884009,-0.20362534004833474
TCATACTCAATTTCTC-1,-13.906289214587414,-4.036848137759289
TCATACTGTAGGACCA-1,-12.713156307178,0.4348402236284124
TCATACTTCAATCAGC-1,-17.75907620835996,0.39445142826898366
TCATACTTCCTACGAA-1,-12.055776495345492,-1.9676499559152802
TCATACTTCTTCCACG-1,-12.202914887535158,-1.903345023632252
TCATATCAGAGCAGTC-1,-18.21006816234806,0.189718089688663
TCATATCAGTAATACG-1,-13.332955528270634,0.6804940481061673
TCATATCCACATTACG-1,-11.60605121784308,-4.345470235112557
TCATATCCATGACACT-1,-13.58508823196146,0.09976869177910701
TCATATCGTGCATGTT-1,-16.285589147702414,-1.855099298017499
TCATATCTCACAGTGT-1,-14.168170364788077,-2.19288597618926
TCATATCTCCTTTAGT-1,-11.883232218833829,0.4023342303165418
TCATCATAGACGCCCT-1,-12.473795414492976,-0.3417770205204871
TCATCATAGTCTGCAT-1,-11.991375297943737,-0.21681178756482333
TCATCATCAAGTTTGC-1,-15.023040801190112,-2.734478764288277
TCATCATCAATTGCTG-1,-12.726814498454324,-6.568059522805251
TCATCATGTCGACTGC-1,-15.190567657844646,0.08913294024991018
TCATCATGTTAGCTAC-1,-11.211409109088063,-5.278430600443638
TCATCCGAGCATCCTA-1,-17.875388098605292,-1.91648751911566
TCATCCGAGGGCCCTT-1,-15.058459537511748,-0.4702232178835122
TCATCCGCAGAGAAAG-1,-14.945139860194416,2.0779130241964725
TCATCCGTCAATCCAG-1,-12.004574057980044,0.24920350876550076
TCATGAGCACACCTGG-1,-12.985202994883418,-2.7761177222092606
TCATGAGCATGGAGAC-1,-15.990335399369686,1.590273941058861
TCATGAGGTTGGGACA-1,-11.894250158608358,-7.69160073984082
TCATGAGGTTTGAACC-1,-14.084757323282465,-3.839575306714708
TCATGAGTCTGAACGT-1,-13.482180082977615,0.7364969600420451
TCATGCCCAATCACGT-1,-14.564950670069775,-3.0951671046087585
TCATGCCCACCCTTGT-1,-12.089326588193499,-5.72189120628335
TCATGCCCAGACAAAT-1,-13.7402117050651,-2.821170704509564
TCATGCCGTCTTCATT-1,-13.445714749987713,-3.111498907982796
TCATGCCTCCCTTTGG-1,-12.060874993802587,-1.5676035822534413
TCATGGAAGCTGCCAC-1,-16.47503332351779,0.41350186544061746
TCATGGACACATTCTT-1,-12.511796038101522,1.527969575138164
TCATGGACATAATCGC-1,-15.357043592442803,1.4164835386561874
TCATGGAGTAACTGCT-1,-12.497158036527486,-2.604086651246055
TCATGGAGTATGGAGC-1,-17.631764924383162,-0.6170637001303508
TCATGTTAGACCAGAC-1,-16.260232634470288,0.27290659967843284
TCATGTTAGAGCGACT-1,-12.06094487700665,-7.330520192950152
TCATGTTAGAGTCGAC-1,-18.26224299668677,-1.5890051138076544
TCATGTTTCATCGGGC-1,-15.651297090916602,-3.8576553678075056
TCATTACAGCTATCTG-1,-12.699286783820751,-7.325516277008423
TCATTACAGTCATCGT-1,-15.512028959327738,1.6554365068915369
TCATTACTCTCATTTG-1,-16.408079846457394,-1.5536407470391487
TCATTCAAGGTCGTCC-1,-12.719260380617941,-6.745521838194044
TCATTCAGTCCACACG-1,-11.271048540886692,-6.117618155645457
TCATTCATCGTAGCCG-1,-15.78503147750808,0.11550402773930445
TCATTGTAGATGCTTC-1,-14.435808559610727,1.7149784509201242
TCATTGTAGCACACAG-1,-14.243296923404724,-4.033255501288742
TCATTGTAGCGATGGT-1,-17.856544186283763,-0.6156110910346665
TCATTGTAGTCACGAG-1,-13.344764005181094,-0.3995668797906635
TCATTGTAGTTGCATC-1,-12.899136775343381,-3.5559816332052367
TCATTGTCACACCAGC-1,-15.992152565038221,-1.087080224771012
TCATTGTGTACGGATG-1,-11.414946803498886,-6.067008861274081
TCATTGTGTGATACAA-1,-14.106573925883179,-0.6393547232241759
TCATTGTGTGTTCGAT-1,-13.247109384480952,1.7918374359439042
TCATTGTTCAAACCTG-1,-14.237216827940314,-0.7956127618362675
TCATTTGAGTGCTCAT-1,-17.39461376060204,0.6237342052611051
TCATTTGAGTGTGTTC-1,-15.036774234981886,-3.292436947779787
TCATTTGAGTTTGCTG-1,-14.179326075219489,-1.1413904781348305
TCATTTGCAAGACGGT-1,-13.271564360078957,-6.253955221974002
TCATTTGGTGAATGAT-1,-14.601040942036585,-3.2219202768883
TCATTTGTCAGAATAG-1,-16.334543019417804,2.0578927353273087
TCATTTGTCATCTCTA-1,-12.66971501840455,-3.1395228193217424
TCATTTGTCCATCCGT-1,-14.01189286570227,0.47742702928007075
TCATTTGTCGAACTCA-1,-12.970918310862633,-0.8083087512570639
TCATTTGTCGACCATA-1,-14.252537754094766,-1.7771941270764362
TCCACCAAGGAACGTC-1,-13.965301140976413,-3.3415246598032953
TCCACCACAATTAGGA-1,-11.930389688805523,0.5218195437297848
TCCACCAGTCAAACGG-1,-11.940196580610644,-5.067589290270545
TCCACCATCACTACTT-1,-15.91374467108678,0.6449919546035469
TCCACCATCAGCTGTA-1,-16.508267906692744,-1.89090771787638
TCCACCATCGTGGAAG-1,-14.927062173264964,1.9268679254739387
TCCACCATCTAACGGT-1,-11.270863824427321,-6.170002568614006
TCCACCATCTTCGGTC-1,-13.764816013522655,0.8958491380985464
TCCACGTAGGGCAACT-1,-15.66179378473408,0.5904361379114165
TCCACGTCAAAGAGTT-1,-11.749126464377202,-6.268375435618916
TCCACGTCATACACCA-1,-12.311167571018407,0.8318990609412156
TCCACGTGTGAGTAGC-1,-11.504447579212586,-5.230471366386509
TCCACGTTCCGAGAAG-1,-14.633346421945776,-4.094309437085541
TCCACGTTCCGCGATG-1,-12.950668001534087,-6.5354399793593085
TCCACGTTCGAACCAT-1,-13.407570483618235,1.2222335771954902
TCCACGTTCGTACCTC-1,-15.113989686319469,-3.015706250829238
TCCAGAAAGGTAGTAT-1,-17.12398103634283,-2.350254631573375
TCCAGAACAAATACGA-1,-12.573850637872196,-5.467750596474572
TCCAGAACAGTATACC-1,-12.968083022813778,-2.359840664815562
TCCAGAACATGGGAAC-1,-13.896170405299168,1.8312544894798746
TCCAGAAGTACGATTC-1,-11.492977851730494,-5.046424868552332
TCCAGAAGTTCCGCTT-1,-14.550996890971094,0.752688787399453
TCCAGAATCTTAGCCC-1,-11.733014491998505,-1.6229094472839334
TCCATCGAGACCCTTA-1,-17.13333614838926,0.369583606554907
TCCATCGAGACGAAGA-1,-12.590737107044898,-6.0294243054069465
TCCATCGCAGGCGATA-1,-13.829125753013484,1.8210540333838074
TCCATCGGTAATTGGA-1,-17.109828622802187,-0.12532024169069678
TCCATCGTCAGTGGGA-1,-12.711657442710546,-5.7810049960255565
TCCATCGTCATGTCAG-1,-12.865363577737035,-0.5771046338491109
TCCATCGTCCCGTAAA-1,-13.814311512363401,1.8255770596519054
TCCATGCGTAGCGTTT-1,-13.793639436473917,-3.922125910494975
TCCATGCGTTTCCAAG-1,-14.948123509815836,0.620550282860848
TCCATGCTCACTCTTA-1,-15.129375686367979,1.1652454357340696
TCCATGCTCGTCCTTG-1,-12.77879193198305,-2.1223660635019055
TCCATGCTCGTCTCAC-1,-11.176430368148136,-5.045812568546854
TCCATGCTCTGCAGCG-1,-16.097473951879802,-1.744166622681558
TCCCACACAAACCACT-1,-12.192012108054398,0.884463735495435
TCCCACACAGGCTACC-1,-15.118705137904254,0.3604947248110007
TCCCACAGTACCAGAG-1,-14.058240983271201,-3.4655311265656565
TCCCACAGTGAAGCTG-1,-12.927967678442165,-6.586978841136369
TCCCACAGTGTCATTG-1,-14.939018647466582,1.5248057362981882
TCCCACATCATGGTAC-1,-13.957220067710871,-3.528482439564224
TCCCACATCTCGGGAC-1,-13.978369003045211,-3.773687046911119
TCCCAGTAGACGGTCA-1,-15.325137109973921,0.5523224152815349
TCCCAGTCAAAGCGTG-1,-16.809424814910255,-0.5000010103672637
TCCCAGTCACTATGTG-1,-13.409187600701395,-0.8394633741683047
TCCCAGTGTCTCAAGT-1,-14.289768939972722,-2.460542555537158
TCCCAGTTCCATCTGC-1,-12.785162652887362,1.3178801640505635
TCCCATGAGTTTGGCT-1,-17.32508144595007,1.2284350678819276
TCCCATGCAGATACTC-1,-14.053071964071826,0.9782753894796189
TCCCATGGTCCTACGG-1,-16.706608634583276,-3.143019719361401
TCCCATGGTGGCCACT-1,-11.097784276973107,-5.330308290662526
TCCGAAACAATACCCA-1,-11.154639645899849,-4.323951381763254
TCCGAAACAGTTGAAA-1,-11.803426717415235,-5.0485262407177975
TCCGAAATCCGTTTCG-1,-10.79406311379063,-5.107343522070617
TCCGAAATCTAGGCCG-1,-12.006746214931107,-5.194090383655133
TCCGATCCAGTAGAGC-1,-16.543679014913135,-3.3641973995277796
TCCGATCCATCTTTCA-1,-13.202206652156214,-3.8009823034208354
TCCGATCGTACCTAAC-1,-12.487378520693488,-0.9137784148434556
TCCGATCGTACGATTC-1,-15.547882097010795,1.0124398407196473
TCCGATCGTCTGATAC-1,-11.261420864527592,-5.8028319263167605
TCCGATCTCGTAGCCG-1,-13.598110032136294,-1.0039708121398032
TCCGATCTCTGAGTCA-1,-14.00563554114049,-3.0345616765069874
TCCGGGAAGCGGACAT-1,-11.123291047351106,-6.5730819691552105
TCCGGGACAAGACAAT-1,-11.922563734510586,-5.524975090871099
TCCGGGAGTACTGGGA-1,-16.67599834661836,-3.5723823060908733
TCCGGGAGTACTTCCC-1,-18.324705005255257,-0.14030475470337808
TCCGGGAGTTCAAAGA-1,-16.055254200384212,-3.5413121347161773
TCCGGGATCAAAGCCT-1,-13.60995195559041,-3.083687754340077
TCCGGGATCAGGAAAT-1,-12.63887810102432,-7.521594047520626
TCCGGGATCCACTAGA-1,-17.868915618696132,-1.7857255938273848
TCCGGGATCGTGGAAG-1,-15.304196318447625,0.17798192504174787
TCCGTGTGTCTCGCGA-1,-15.885479760526817,-2.2803424061010102
TCCGTGTGTGAACCGA-1,-17.179042221170704,-2.872975368975523
TCCGTGTTCGAGCACC-1,-13.423641638080461,-3.960775030861283
TCCGTGTTCTGTGCGG-1,-16.97286473158448,1.2930630927576783
TCCTAATAGTCGGCCT-1,-17.239956288868235,-0.4236646690987395
TCCTAATCATAACGGG-1,-10.963819123667042,-6.511977927414821
TCCTAATCATACATCG-1,-11.995431836600217,-1.3623973224619679
TCCTAATGTCTTAGTG-1,-17.703017027072782,-1.891514962239374
TCCTAATGTGCCTGCA-1,-14.917545319262967,-3.597283397985738
TCCTAATTCAGCTAGT-1,-16.180537495978164,-0.4087447791751785
TCCTAATTCCTTATGT-1,-15.038801087961238,-3.836771369550927
TCCTCCCAGGCGTTGA-1,-13.17979134707779,-7.070743726426681
TCCTCCCCAAGGTCTT-1,-15.17175868914506,-1.8257025999678438
TCCTCCCGTCCGATCG-1,-14.458053901220053,1.0035548652397144
TCCTCCCGTTTCCATT-1,-13.916746149125581,-3.06925486048788
TCCTCGAAGAGAGCAA-1,-18.682221971470824,-0.8915866593667681
TCCTCGAAGTGAGTTA-1,-16.504793032897474,0.3239753009107583
TCCTCGACAACACAGG-1,-12.53384233406959,-1.5871438071617996
TCCTCTTAGTAGACCG-1,-11.473181486565137,-6.336713753427148
TCCTCTTGTCTGTGGC-1,-11.239940741144798,-5.74410809743893
TCCTCTTGTGCGGTAA-1,-16.538173076354838,0.06805607876627268
TCCTGCAAGCTCGCAC-1,-14.087703690111214,0.078394658695584
TCCTGCACACAACGAG-1,-12.483477034528194,-1.9935274936952896
TCCTGCATCAGACCGC-1,-12.370745208640454,-1.7177566811543308
TCCTGCATCCAGCTCT-1,-13.909083937784455,-3.729487532667521
TCCTTCTCAAAGACGC-1,-12.880239815538618,1.4268370229192042
TCCTTCTGTAAGGAGA-1,-17.834546546784836,-1.6403010026793805
TCCTTCTGTGTGAGCA-1,-14.864790977755934,0.5946421175031972
TCCTTCTGTTGCATGT-1,-12.670751885262655,-3.994674269571811
TCCTTCTGTTGCGGCT-1,-13.467183356550729,-1.858843487319798
TCCTTCTTCAAGGAGC-1,-11.53094350151951,-7.3471165540516585
TCCTTCTTCAGACCTA-1,-15.65895550958015,-3.204316485065903
TCCTTCTTCCGCAACG-1,-16.55819999440707,-1.3917923181690603
TCCTTCTTCGGTCGGT-1,-13.125343234242681,-6.682204307716471
TCCTTCTTCTCGGTCT-1,-16.50830269279264,-2.6769628870146187
TCCTTTCAGGAGATAG-1,-15.439629135774398,-4.07760768547148
TCCTTTCCACGGTCTG-1,-12.813134644325944,-1.4659850777881704
TCCTTTCGTAATACCC-1,-15.652528717264712,1.0602060303300835
TCCTTTCTCACCTGGG-1,-13.045559689228298,1.5586491359357946
TCCTTTCTCCCATTTA-1,-12.663577009445522,1.385700288109908
TCCTTTCTCTTCACAT-1,-11.828996519614368,0.4769741336707257
TCGAACAAGCAGCACA-1,-11.25419228017084,-5.663342860508127
TCGAACACATAGATGA-1,-15.614325237168089,-3.3478431681801784
TCGAACAGTGTGTCCG-1,-14.128867749846659,-3.796663825153423
TCGAACATCCCAGCGA-1,-12.267778904407868,-7.7261861584807425
TCGAACATCGTGCTCT-1,-15.211431425504541,-3.8344502208036455
TCGAAGTCAATCCTTT-1,-12.022788087917533,0.08671604545694661
TCGAAGTGTCGACTTA-1,-16.754105251317714,0.712995043768828
TCGAAGTGTTCTCCCA-1,-17.64167663337962,-0.8740026982632667
TCGAAGTTCAACTACG-1,-13.87968644734147,-2.8439678172646556
TCGAAGTTCTTCCCAG-1,-15.29652299147052,-1.0198412420520397
TCGACCTAGGCCTTCG-1,-12.10266773079968,-4.41745742848737
TCGACCTAGGTTATAG-1,-12.000669086736716,-0.8147611926744429
TCGACCTCATCGCTGG-1,-14.229520436215683,-1.0590197395608087
TCGACGGAGGGAGTGG-1,-15.599065037797855,-1.9964864440580319
TCGACGGCAAGAGGCT-1,-15.299956873247488,-3.4593632883668155
TCGACGGCACTTGAAC-1,-11.352924226074302,-6.628149529674311
TCGACGGCATAGATCC-1,-11.151281330894609,-4.839304442432393
TCGACGGGTATAGGAT-1,-15.135326270127868,-3.9778965761034977
TCGACGGTCAAATGAG-1,-17.61354635722537,-1.69741168641613
TCGACGGTCGCTAGCG-1,-17.594020044283575,-0.3741286699850418
TCGATTTAGAATCTAG-1,-17.140182965736148,0.6094094668050654
TCGATTTAGACGCAGT-1,-12.405276495052533,-6.233111730145712
TCGATTTTCAATCCGA-1,-12.772310998255278,-6.492551787169334
TCGCACTAGCGCCATC-1,-12.741880686487184,-2.9843184593845593
TCGCACTCAGTGGCTC-1,-15.150334399746649,0.03881488137023459
TCGCACTTCACTGAAC-1,-12.908466106931067,-5.008204085925833
TCGCACTTCCATACTT-1,-14.080365424645224,0.7056436667071097
TCGCAGGCACAACCGC-1,-15.904712867611083,0.4742753488472491
TCGCAGGGTGCTCTCT-1,-12.341844383807087,-5.45266642482432
TCGCAGGGTTGGCTAT-1,-13.134445745299569,1.808616209912837
TCGCAGGGTTTACCTT-1,-12.601251912321215,1.596099140686739
TCGCAGGTCGTGCATA-1,-18.196603563042725,-0.6242354584640785
TCGCAGGTCTACTCAT-1,-10.905926074545809,-5.760156826357552
TCGCTCAAGAATTCAG-1,-11.906510690310201,-5.03269094636976
TCGCTCAAGATACGAT-1,-12.764558222424457,-1.8163207048056658
TCGCTCAAGATGGCGT-1,-14.620259935528244,2.260912307611342
TCGCTCAAGTGCTAGG-1,-17.096188927088615,-1.8902292291269185
TCGCTCAAGTTTGAGA-1,-18.318500057701975,0.06983356289659245
TCGCTCACAATAAGGT-1,-17.93631673517195,0.2956209841118858
TCGCTCACAATTGCTG-1,-15.28800907013978,-2.4982696490019802
TCGCTCAGTCTTGTCC-1,-17.423201851863666,-0.6027265488257922
TCGCTCAGTTGCCTAA-1,-14.77181672042936,-3.5067233126518347
TCGCTCATCGATCCAA-1,-12.379065887931398,-6.836867911202179
TCGCTCATCGTGCAGC-1,-10.923895891871577,-5.6250643194218
TCGCTTGAGAGAAGGT-1,-11.417882476844577,-4.904199634411407
TCGCTTGAGAGAATCT-1,-14.503550521520076,-2.6868041019666804
TCGCTTGAGCAGATAT-1,-13.810854326763142,0.5535455140035145
TCGCTTGAGTCTCTGA-1,-11.646806611133526,-6.282393376321246
TCGCTTGGTCATCTAG-1,-15.723054304130912,-4.122949203520717
TCGCTTGTCAGGAAAT-1,-10.998075605505111,-5.81627811611398
TCGCTTGTCTTCGGTC-1,-11.509913354310163,-5.348678727085094
TCGGATAAGATTAGAC-1,-14.526610794698492,-3.506353424584051
TCGGATACATCGGAGA-1,-15.986637170302844,0.3836441358204116
TCGGATAGTCGATTAC-1,-17.333749729925838,-0.21101957112864667
TCGGATAGTTGATCGT-1,-18.06150504894215,-0.9605650928307325
TCGGATATCTAACGGT-1,-11.538192663374529,-4.387574971681216
TCGGGACAGCCTCACG-1,-10.74570350843221,-5.731228434126409
TCGGGACAGGCGCTCT-1,-11.84514313569728,-5.953335558315303
TCGGGACCACTACTTT-1,-17.249886979122333,0.49424531504248886
TCGGGACTCCCGAGAC-1,-17.175801026088664,-2.148162983892608
TCGGGCAAGCAAGGAA-1,-12.240160489730384,-5.177999949820571
TCGGGCACACCTATCC-1,-15.923466654114307,0.5888846339175352
TCGGGCACATGCAGGA-1,-16.708967612925356,-3.0017427066375992
TCGGGCAGTACTCAAC-1,-15.798808958178274,1.903039065303221
TCGGGCAGTCGTAATC-1,-11.776970578511733,-6.185814136188531
TCGGGCATCAGTCCGG-1,-13.61779239973524,0.09203059721969091
TCGGGTGAGACTGGGT-1,-12.883893274424985,-4.684006908014475
TCGGGTGCAATTCACG-1,-17.17948946177867,0.7354015438879075
TCGGGTGCACCTTCCA-1,-18.67806544221054,-0.8117262567070128
TCGGTCTAGTAGGCCA-1,-15.183962190208385,-3.786069673458525
TCGGTCTCAAGTATAG-1,-16.09779310983269,-3.677463206334707
TCGGTCTCAAGTCCCG-1,-13.759762589469107,-1.2561959940284548
TCGGTCTGTACCTGTA-1,-15.769491799829874,-1.8422968939638527
TCGGTCTTCCTTGGAA-1,-16.32866712356965,-1.1812251699478116
TCGGTCTTCGTGCACG-1,-15.839594446830507,1.7592457045760228
TCGGTCTTCTTGCAAG-1,-15.791939490677093,0.9202954275992606
TCGTAGACAAGAATGT-1,-16.806416848148135,-1.7199481972174566
TCGTAGACAAGAGCTG-1,-17.720104799388167,-2.202923923341025
TCGTAGACAAGAGTAT-1,-14.375710198179423,-3.2860824409097624
TCGTAGATCAGAGCGA-1,-16.855182534269655,0.1292945701784795
TCGTCCAAGCCTGGAA-1,-15.444420206709228,1.7802505099567134
TCGTCCAAGTCCCAAT-1,-13.096964168046272,1.0494287245237126
TCGTCCACAGAGGCAT-1,-13.57504583112871,-0.06481489466340115
TCGTCCACATAAGATG-1,-16.60084043641834,-3.1520001687287627
TCGTCCAGTCGTGTTA-1,-13.02219019876358,-5.064743351683568
TCGTCCAGTGGCACTC-1,-15.68165193189591,1.1234536203460637
TCGTCCAGTTCGATTG-1,-12.273404784950527,-6.800220219488906
TCGTCCATCATCTATC-1,-16.270504957970896,2.01403745414336
TCGTGCTCATGGCTAT-1,-16.630757470863944,-1.7315638293993842
TCGTGCTGTTTGTTCT-1,-11.958866578584246,-5.781530954270798
TCGTGGGCAAAGGTTA-1,-18.05815793489312,-1.1637347492884427
TCGTGGGTCTAAACGC-1,-17.87495992308674,-2.723180466010167
TCTAACTAGGGCCCTT-1,-13.130305933151831,1.4910852398037415
TCTAACTCATCCGCGA-1,-12.979002709194152,-0.2279071788491204
TCTAACTGTCAGGTAG-1,-15.104083569619991,0.267700087498921
TCTAACTGTTCTTGTT-1,-13.542621609971581,-2.7993768857343913
TCTAACTTCCTACGGG-1,-12.706682913416222,0.4327987232116843
TCTACATAGACTTAAG-1,-16.19271606167744,0.037227977438176046
TCTACATAGGATAATC-1,-11.640523906672035,-6.528266622883583
TCTACATCAGAGTCAG-1,-12.609220077843693,-1.0803678412762563
TCTACATCATCGTGGC-1,-11.56740251391603,-6.972120707765597
TCTACATGTACCGTGC-1,-16.026146574744793,-0.4306157979767681
TCTACATGTAGGTCAG-1,-16.080739317611698,-2.922397480770603
TCTACATGTATCGTTG-1,-12.377720274103842,-2.2202496045931914
TCTACATGTCCAACGC-1,-12.663352470949576,-2.4742207155002256
TCTACATGTGCTATTG-1,-14.693056565515183,-1.8431062224456822
TCTACATTCGGAGTAG-1,-17.540698860230485,-1.141276271358353
TCTACCGAGTACTGTC-1,-15.388159227032103,1.7376490622575624
TCTACCGAGTTGCTCA-1,-15.038188253025524,0.6700872918990182
TCTACCGCACCAGTAT-1,-15.165884062202966,-0.56591116564635
TCTACCGCACGAAAGC-1,-14.7328837053977,1.538527668120304
TCTACCGGTGAGTGAC-1,-17.631671641257288,-2.063108436606359
TCTACCGTCGTTAGTG-1,-12.333452094173547,-7.109681687010285
TCTATACAGGTTAGTA-1,-12.780357008239601,-3.2281596428542705
TCTATACCAGTTAAAG-1,-12.1992620493106,-3.904879105426532
TCTATACGTGGCTGAA-1,-14.39104638085495,-2.135762588154184
TCTATACGTGTCTTGA-1,-14.70636810600258,-3.1137172087946308
TCTATACGTTCTCCAC-1,-11.276863584625659,-4.32004838013033
TCTATACTCACGAACT-1,-14.360647972537503,0.031986456838469075
TCTATACTCCTCAGAA-1,-13.122486174551845,1.7960567481777907
TCTATACTCGCATTAG-1,-15.669624849708768,-0.547253371363212
TCTATCAAGATGACAT-1,-15.826157615164668,1.984591926268692
TCTATCAAGGAGCAAA-1,-15.473273360439427,2.080103848338928
TCTATCAAGTCGAATA-1,-14.3091281246612,-3.933219768339466
TCTATCACACATTACG-1,-13.440974810734831,-2.9368765624799305
TCTATCAGTAGACTGG-1,-12.325668839717853,-4.785669527368656
TCTATCAGTAGCTAAA-1,-14.257634637147875,-2.3965606937537
TCTATCAGTGAAAGTT-1,-12.487475550847225,-6.839047274429083
TCTCACGAGGTAAGTT-1,-16.452048281581526,0.638088721560782
TCTCACGCACGGTGAA-1,-13.800677827690324,0.5578888639134172
TCTCACGCAGGCATTT-1,-13.273548918808777,-2.0029838116960605
TCTCACGCAGTTGAAA-1,-14.474797458790347,-2.603303548983153
TCTCACGGTAGCGTAG-1,-11.751321692809904,-7.500637074275807
TCTCACGGTATTGGCT-1,-13.779367787274781,1.1726025393769235
TCTCACGGTCTAGTGT-1,-15.58108297829505,0.8359967185890256
TCTCACGGTCTGATCA-1,-14.820489981420204,-1.21379303746356
TCTCACGGTTCAAACC-1,-15.22674875360337,2.007665052251799
TCTCACGTCGGTCATA-1,-17.36587273455055,-2.5565240088187795
TCTCACGTCTCCCTAG-1,-13.3339967522348,-1.0222590976552262
TCTCAGCAGAAACTCA-1,-12.085558962307111,-0.14987358700053435
TCTCAGCCACCGCTAG-1,-13.579565957768658,0.9563662220642322
TCTCAGCGTCACTCTC-1,-12.752371152130314,0.8481947647626008
TCTCAGCGTGCCTATA-1,-14.411521328176242,-3.871636393008104
TCTCAGCTCACTGGGC-1,-13.544142349323915,1.276320046356744
TCTCAGCTCTGGACTA-1,-11.65631650410821,-4.877940433096413
TCTCCGACATAATCGC-1,-15.779509194541417,0.8969689209742338
TCTCCGAGTACTAAGA-1,-14.51472683166037,1.5650238759817128
TCTCCGAGTTCCTAGA-1,-14.098539760990073,-3.13344890520293
TCTCCGATCGGTCGGT-1,-17.520180867103182,-0.7451501696081935
TCTCCGATCTTTGCAT-1,-15.755356114310826,0.7162910546689202
TCTCTGGAGCATTTCG-1,-16.477037901504566,-0.6985087747112361
TCTCTGGAGCCTATCA-1,-13.073298850701141,-3.54859174526363
TCTCTGGAGCGCGTTC-1,-12.484144954422117,-6.9273152386423
TCTCTGGCACAATGCT-1,-16.494110104286754,1.5343359167691804
TCTCTGGGTAGCTAAA-1,-12.48138204687064,-6.592899620660642
TCTCTGGGTGGCTGAA-1,-10.918206603638298,-5.006871544634226
TCTCTGGTCATAAGGA-1,-11.56410214011329,-5.430747555312261
TCTGCCAAGGACGCTA-1,-12.612955700715116,-2.2666773109411875
TCTGCCAGTCATTCCC-1,-13.97046142261338,-2.544295766813497
TCTGCCAGTGTTGATC-1,-16.868085845760273,1.6668229856065955
TCTGCCATCCGCAGTG-1,-13.311537303366238,1.1801176329326337
TCTGCCATCGCGAAGA-1,-12.400654314521429,-7.3967734278050346
TCTGCCATCTAGATCG-1,-16.051030374049166,-2.129063826097213
TCTGGCTCAAGCGGAT-1,-15.842049680000482,-0.20581846812570992
TCTGGCTGTCTGCCTT-1,-12.140993023917632,1.0024546231653966
TCTGGCTTCAGCGCGT-1,-15.152001367022415,1.6297847308829343
TCTGGCTTCAGGAAAT-1,-16.232955352846652,-0.13631292747078647
TCTGTCGGTATGGGAC-1,-16.725211958567538,-3.571027529209469
TCTGTCGGTGTTAGCT-1,-11.131160680669566,-5.388500605385021
TCTGTCGTCCTAGAGT-1,-12.073636364665001,-6.584810962680481
TCTTAGTCAAGAAATC-1,-18.108060624384997,-1.6538809646461088
TCTTAGTCAATACCCA-1,-16.39444515622447,-2.0713435658325725
TCTTAGTCATCGGATT-1,-13.008926950559863,-6.099510442628014
TCTTAGTGTAAGACCG-1,-15.214538931526539,-0.20773420510199994
TCTTAGTGTATCGGTT-1,-11.97178739898381,-7.2178857975485045
TCTTAGTGTATGTCTG-1,-15.351808967799702,0.06879036999944031
TCTTAGTGTCGTTCAA-1,-12.260348091907618,-6.564367372357167
TCTTAGTTCGAAGTGG-1,-12.256388427507078,-7.224587460801612
TCTTAGTTCTGGGTCG-1,-18.150747216543028,-0.8018604295518198
TCTTAGTTCTGTACAG-1,-17.90887323193742,-0.955933208810199
TCTTAGTTCTGTCCGT-1,-11.991451837330407,0.9153691358010796
TCTTCCTAGAGGGTGG-1,-16.281928017768873,-0.4348442877867411
TCTTCCTAGGGCAGTT-1,-12.250410069923023,-4.810927695142279
TCTTCCTCACAGCTTA-1,-12.15455987221927,0.8746806903294474
TCTTCCTCACCGTGGT-1,-12.214695380155012,0.1716560047510037
TCTTCCTTCATGAAAG-1,-13.620154963365177,-0.6861487088818702
TCTTGCGAGCACGATG-1,-13.986673652331254,-3.6934666359734094
TCTTGCGAGTGGAATT-1,-12.740267902240223,-7.012333299215707
TCTTGCGCAAAGCTCT-1,-14.098773799350896,-2.9574267246805217
TCTTGCGCATCTTTCA-1,-11.966342465004772,-6.068035125867584
TCTTGCGGTAACCCGC-1,-12.700212837309918,-1.2828541553724866
TCTTGCGGTGCCGAAA-1,-16.785642214365424,-1.512387594679253
TCTTGCGTCACACCCT-1,-13.20962957309259,-3.9411129017980846
TCTTTGACACCAGACC-1,-11.819296114266287,-6.829282107661212
TCTTTGAGTCGCATGC-1,-13.480544259755558,-1.2371929337814411
TCTTTGAGTGTTCCTC-1,-11.39156587467904,-7.477767360283676
TCTTTGATCAAACGTC-1,-17.861353721705797,-0.43546950717553434
TGAACGTAGTACAACA-1,-15.861308254635308,-0.146242762110253
TGAACGTCAATTCTTC-1,-16.2459453831416,1.0095546102453687
TGAACGTCAGAACATA-1,-13.29610958732039,-1.8857459155270886
TGAACGTCAGTAACCT-1,-12.16630980178516,-4.147953836105749
TGAACGTCATCTGCGG-1,-12.973299007155456,-1.4492272628132097
TGAACGTTCCATAGGT-1,-14.853911434029046,1.5736840895547994
TGAACGTTCCTGCCAT-1,-12.34218371523227,0.21415945736771505
TGAACGTTCGGTCATA-1,-16.60110942022731,0.6381822775644221
TGAATCGAGACTAAGT-1,-13.566035163935034,-0.9614957166202934
TGAATCGAGATCACCT-1,-12.750433511393531,-5.6944564203320525
TGAATCGAGATCCCAT-1,-12.575889199504688,-6.875255497604911
TGAATCGAGCATATGA-1,-14.529604091353253,-1.8812802313098245
TGAATCGAGCCAACCC-1,-11.800243566692057,0.2637678409996014
TGAATCGCAATTTCCT-1,-14.456654772560066,-3.2436220188225313
TGAATCGGTAGAATAC-1,-16.067777730460822,-2.728755443106819
TGAATCGGTGAGCCAA-1,-17.210460033428404,-0.14644851538766995
TGAATCGTCGACCAAT-1,-15.994901648805556,-2.9182636468236107
TGAATCGTCTCGTTTA-1,-17.706232984216463,-1.5828350487168164
TGAATGCAGGCAGGGA-1,-15.018072164124295,-3.076186317717788
TGACAGTAGGGAACAA-1,-12.957815281647557,-0.43031085966939536
TGACAGTAGTGCGCTC-1,-12.269304005958263,-5.998133927493625
TGACAGTGTACCATAC-1,-13.072357625574268,0.9397060094034814
TGACAGTGTAGCTGCC-1,-12.648211539078199,-7.538237090093483
TGACCCTAGGCCTGAA-1,-10.915559845718725,-5.501591373839383
TGACCCTCAAGCGAGT-1,-15.690552796153185,0.8685961664027941
TGACCCTCACAGTGAG-1,-11.552328091065755,-4.57323215310992
TGACCCTCACGACAGA-1,-16.22462394369481,0.17291701135147183
TGACCCTCACTTGAGT-1,-14.328114705414833,-1.5159401325536437
TGACCCTCATGTGACT-1,-12.879555041263817,-6.506508678881347
TGACCCTGTTAACCTG-1,-11.744605479793407,0.4598706526044226
TGACCCTGTTATAGCC-1,-14.038307216027624,-4.02316104058791
TGACCCTGTTTCCAAG-1,-13.28484880921189,-1.2972530015388932
TGACGCGAGACCAGCA-1,-13.00901811315617,-2.435210009187895
TGACGCGCATGCGGTC-1,-14.27925304620371,-0.06746202450499048
TGACGCGGTAGATTGA-1,-14.90576175185989,-2.104903855057368
TGACGCGTCCAGCCTT-1,-10.79245543159783,-5.669714153731
TGACTCCAGCTCATAC-1,-11.981385359146817,-4.930578333841035
TGACTCCTCAAGAAAC-1,-13.275606511427059,-1.7414491820211624
TGACTCCTCACATACG-1,-13.473874961790594,-1.0235637052826574
TGACTCCTCCCTCGAT-1,-11.514072168564192,-5.879075248745704
TGAGACTAGTCACTAC-1,-12.125983183915908,-5.491892777394773
TGAGACTCACTGAGTT-1,-13.494391905259167,0.15826233746837168
TGAGACTGTGACTCGC-1,-15.200189167764968,-2.219415502483214
TGAGACTTCATGCGGC-1,-16.75612129744975,1.36909727208169
TGAGACTTCCACATAG-1,-12.228152079923362,-7.265171963799687
TGAGCATAGCTCAGAG-1,-16.963255524785147,-3.4792571879713377
TGAGCATCAAAGCGTG-1,-14.517512264535227,-3.2833962861783395
TGAGCATGTCAAGGCA-1,-14.766818695132788,-3.7547575675727747
TGAGCATGTCGCATGC-1,-13.80227521201537,-4.4552073444736315
TGAGCATTCCGAGCTG-1,-15.578919506926741,0.2796701812570159
TGAGCGCAGCCGAATG-1,-16.782470574025638,-0.8800266113547577
TGAGCGCAGGTCCGAA-1,-12.357312961297927,-7.348669150519788
TGAGCGCCAATATCCG-1,-13.448950725092564,-6.633355206092038
TGAGCGCCAGGAATAT-1,-17.089303169955123,-2.3054049408788027
TGAGCGCCATGATCTG-1,-16.341330084903163,0.34540383945927033
TGAGCGCGTACCTTCC-1,-17.700632730311526,-1.5497388321543353
TGAGCGCGTACTGGGA-1,-15.436819033790158,-0.2844773770978078
TGAGCGCGTGCAACAG-1,-18.644579146047345,-1.1619220784710718
TGAGCGCGTTGCTCAA-1,-11.210732628956126,-6.433372763641918
TGAGCGCTCATACAGC-1,-15.65116131815928,-3.5130821670678323
TGAGCGCTCCATCACC-1,-13.975038406859678,-2.1641160831859754
TGAGCGCTCGAGTGGA-1,-17.688416487320115,-0.21312081311464898
TGAGGGACACGTGAGA-1,-14.26349110736752,2.1901160024585105
TGAGGGAGTGTGATGG-1,-16.760726785547874,-2.3570497302155644
TGAGGGATCAACTGAC-1,-11.068747865338294,-5.532379817039408
TGAGGGATCCGTATGA-1,-16.71451957083004,-1.5482240642982033
TGAGGGATCTGTCCCA-1,-14.847792004332938,-1.4026662810767268
TGAGGTTAGAAACTGT-1,-17.5657894303356,0.1042790323064342
TGAGGTTAGACGCTCC-1,-17.693961088223215,-1.5030346230279157
TGAGGTTAGTATAGAC-1,-12.116964420586417,-5.474342654166102
TGAGGTTCACGCTTAA-1,-15.969010099529031,-0.3641481601052866
TGAGGTTGTCACTGAT-1,-15.775904442305402,-3.8538388724367043
TGAGTCAAGAATAGTC-1,-11.156068939905868,-5.296077599181409
TGAGTCAAGGAGAATG-1,-15.390901499522691,1.9148171877773825
TGAGTCAAGGCCGCTT-1,-12.111879037800074,-5.661414693966028
TGAGTCACACGGTAGA-1,-13.962584475671495,1.364219117993683
TGAGTCAGTATAGGGC-1,-14.461814771778032,0.09159677976349562
TGAGTCAGTCCAAGAG-1,-12.099812381184739,-6.328269659566924
TGAGTCATCCAACTGA-1,-14.543770809214568,1.129060190092204
TGAGTCATCGCTAATG-1,-10.941080478878359,-5.885205816215911
TGAGTCATCTGGAAGG-1,-12.609582135964876,-6.568273444670081
TGATCAGAGTAATTGG-1,-11.981331025471444,-6.081629045569813
TGATCAGAGTAGAATC-1,-12.1741324764125,-4.6507484920397175
TGATCAGCAAGTTCCA-1,-18.099800661387643,-0.07683231448422112
TGATCAGGTTGGGCCT-1,-17.1701899204814,-0.7833403551421995
TGATCAGTCCCTTGGT-1,-12.432900845815661,-6.886804325425281
TGATCAGTCTGTCTCG-1,-17.782169401538646,-1.4304949459504173
TGATCTTAGCAAATCA-1,-16.410939809784093,-2.968648538114646
TGATCTTAGCATGCGA-1,-16.811453879195867,-3.0887847431473725
TGATCTTCACTTGGCG-1,-17.584522199840677,-1.4614950708914065
TGATCTTGTGCTCGTG-1,-16.365387655395146,-3.473554228954526
TGATCTTTCGCTCCTA-1,-11.77110178807334,-2.001225839935166
TGATGCAAGACGGTTG-1,-16.560821474896276,0.24697164944112626
TGATGCAAGAGTGTGC-1,-18.087728504311055,-0.01001553441454072
TGATGCAAGCCGGATA-1,-15.535853476513482,1.1683745975017183
TGATGCAGTGTGAATA-1,-14.966036043656882,1.1759184903007471
TGATGCATCAGACAAA-1,-13.78438924799649,1.82757039982581
TGATGCATCAGTCACA-1,-17.537518114319674,-0.2311235290161346
TGATGGTAGGAGGCAG-1,-17.580311469891534,-0.2649264149046598
TGATGGTAGTCCTACA-1,-14.62574988135615,1.4116814479228674
TGATGGTCAAATGGCG-1,-12.050518585506524,-7.287591626804832
TGATGGTGTTCAAGGG-1,-15.125687995859947,-2.062250617862067
TGATGGTTCATTGTTC-1,-16.620284499026674,0.493144809769056
TGATTCTCACTGTCCT-1,-13.533148147057739,0.9192177376004307
TGATTCTTCAACACGT-1,-13.566869648135459,-2.824011567624626
TGATTCTTCAGTGTTG-1,-14.014280183941322,-3.412461156798572
TGATTCTTCCCGAGGT-1,-12.570810983377122,-5.436436130453356
TGATTCTTCGCTCCTA-1,-12.224422196583507,0.6993763438009006
TGATTTCAGATAGTGT-1,-16.837892545889122,1.9417884024439942
TGATTTCAGTACTGTC-1,-11.770376271985327,-6.734822567963077
TGATTTCCAATCACGT-1,-14.445714004763332,-3.2078373624721555
TGATTTCCAATTGCTG-1,-11.782729477617561,-6.64447822683287
TGATTTCCACCCAAGC-1,-15.474060759562823,1.9936157805302075
TGATTTCGTAGTTACC-1,-13.234452565881801,-4.123279673271434
TGATTTCGTGGGCTTC-1,-16.88141723980165,-2.4022516027363023
TGATTTCTCGAATCCA-1,-17.00983044872216,0.7604915191274839
TGCACGGCAAGGGCAT-1,-15.132328390010645,-0.4618099279833205
TGCACGGGTACTTCCC-1,-18.163808395413078,-1.4348609732947288
TGCACGGGTTGACGGA-1,-17.947773010823987,-0.14375933251039572
TGCACGGTCACTCCGT-1,-15.642745025628805,-3.1712025130346895
TGCAGATAGCGGATCA-1,-16.71560570112555,-0.2878248630506618
TGCAGATAGTTCCTGA-1,-14.999047266464828,1.4213100265400382
TGCAGATTCTATTCGT-1,-16.54849283783674,1.4906970073024266
TGCAGGCAGGTGAGAA-1,-16.750244264743188,-3.459381118894947
TGCAGGCCAGGTTCAT-1,-13.478873527518237,0.881477125430306
TGCAGGCGTAGCTAAA-1,-13.394104737814473,-1.1478827895164294
TGCAGGCGTGAGACGT-1,-17.120571745506773,-2.004392241198106
TGCAGTAAGAGAGTTT-1,-17.525579918365707,-0.6559388294548115
TGCAGTACAGTCAGCC-1,-12.385156279314424,-1.1058600828543195
TGCAGTATCAGAACCT-1,-14.477507216108405,0.5589134543747597
TGCAGTATCGACATTG-1,-13.901213838419512,-1.9959101381216706
TGCAGTATCGAGATGG-1,-16.65531265187716,-1.5612194932250654
TGCAGTATCTCCGATC-1,-12.768507814664135,-3.4216601615629694
TGCATCCAGAGCCGTA-1,-11.673681774247106,-5.0972984099856316
TGCATCCAGCATGATA-1,-13.018816170533148,-7.225457148964828
TGCATCCAGCGAGGAG-1,-13.02751078564036,-7.099483675612112
TGCATCCAGGAACGTC-1,-15.375682529095906,0.945863686461253
TGCATCCAGGGCTTCC-1,-12.549419022197899,0.20780694183099027
TGCATCCCAACGCATT-1,-12.232727649410522,-3.088534181199143
TGCATGAAGACTACGG-1,-16.230101528738228,-0.7937190685110587
TGCATGAAGTCGAATA-1,-15.669689894999236,0.7906092782520949
TGCATGAAGTGGTCAG-1,-15.362405079115877,0.4747398024968366
TGCATGACAGTACTAC-1,-13.77462772889479,-3.646158551864367
TGCATGAGTAGTCCTA-1,-12.348018917382484,-4.8646276301674884
TGCATGAGTGCTCCGA-1,-18.270317985321306,-1.3280111025824666
TGCATGAGTGGAACCA-1,-15.663898064642385,0.21228910630603848
TGCATGATCGTTCAGA-1,-15.657610180890165,-1.303159702594247
TGCCGAGAGCAATTCC-1,-11.91696210862492,-6.61627119984964
TGCCGAGAGGTACCTT-1,-14.484410324869135,-0.867218021113358
TGCCGAGCAATTCTCT-1,-15.357498069838623,0.33761111640504654
TGCCGAGCACTCAAGT-1,-11.349343688636326,-5.373658838799802
TGCCGAGGTATATGGA-1,-17.751487742840414,-0.9051720717215481
TGCCGAGGTCAGCTTA-1,-14.508881067770602,0.1841333375230361
TGCCGAGTCCCACAGG-1,-12.219011894291492,-1.509351899165152
TGCCGAGTCCGAGCTG-1,-14.308919612779741,-2.231806019215944
TGCGACGAGATCCCAT-1,-16.27966048684431,0.6469615066326775
TGCGACGAGGTAAGAG-1,-17.317749331936078,-0.8757671261339334
TGCGACGCAACTTCTT-1,-16.540252785615984,-1.6126850426319308
TGCGACGCAAGGAGTC-1,-12.362205622374171,-2.956542834100349
TGCGACGCATGAGAAT-1,-17.361012771141187,0.9017858449533827
TGCGACGTCCACGGAC-1,-17.811513049233092,-0.853065895629405
TGCGACGTCCCTCGTA-1,-11.129000004621945,-6.399854853332145
TGCGACGTCTCACCCA-1,-18.221211016200307,-0.8436922887741448
TGCGACGTCTCGCGTT-1,-15.297493818053463,-0.2823836859819282
TGCGATAAGAGAGGGC-1,-15.802263262030031,0.26192847451473605
TGCGATAAGTCAACAA-1,-15.49589805891898,0.1371996254500222
TGCGATACAGCGTGCT-1,-18.01404498090702,-1.2820653666575752
TGCGATAGTTACAGCT-1,-11.569777316772521,-4.927998879436603
TGCGATAGTTTGAAAG-1,-15.38317685109572,1.8118472793572047
TGCGATATCACTGAAC-1,-17.10731147576071,-2.856653637746647
TGCGGCAAGCATACTC-1,-16.787363647313654,-2.411075711703396
TGCGGCAAGCGTTACT-1,-12.021316530071982,-5.928203396970443
TGCGGCACAAGTTCCA-1,-15.334315436108769,0.41795348739608557
TGCGGCACAGCTACAT-1,-15.866926559970612,-3.08081622063682
TGCGGCACATTCACCC-1,-17.74415800029464,-0.9641933126858158
TGCGGCAGTCACTTCC-1,-12.304656452775971,-6.447213079612287
TGCGGCAGTCGCCTAG-1,-15.243104080740231,-2.424506681829134
TGCGGCAGTGTAGGAC-1,-14.664126329673657,1.1709161767742187
TGCGGCATCCTGGTCT-1,-13.941365568559053,-2.66181709523777
TGCGGCATCCTTATAC-1,-14.310827335272435,-3.7146054718044215
TGCGGCATCTCCGTGT-1,-13.760950058437963,0.029723382285099506
TGCGGGTGTCATACCA-1,-14.49832021668637,1.837763143261222
TGCGGGTTCAAGCTTG-1,-16.67638692064856,0.2582182273007099
TGCGGGTTCTAGACAC-1,-12.903999962164743,-7.415869101532616
TGCTCCAAGACTGAGC-1,-15.517839355317562,-2.7764431948564186
TGCTCCAAGTATGACA-1,-11.845547415076547,-4.3430484268572185
TGCTCCAAGTGTACCT-1,-16.22796454463062,-0.9226771751632872
TGCTCCAGTGGATGAC-1,-14.481010667122378,-2.4103339093194713
TGCTCGTAGCAGGTCA-1,-16.83680352504357,1.2289310511050373
TGCTCGTAGGGAGTTC-1,-17.229915537870635,-3.2219102724182753
TGCTCGTCACCATATG-1,-13.994554470486953,1.0284189531632189
TGCTCGTGTCAATCTG-1,-16.261556628957216,-1.3154453507086945
TGCTCGTGTTCGTGCG-1,-16.292803280898355,-0.3634015093057694
TGCTGAATCACTCCGT-1,-11.421198133886213,-6.505062422822595
TGCTTCGAGTTCTCTT-1,-15.300606844781244,-1.1642699792094027
TGCTTCGCAACCAACT-1,-14.941995944806676,-3.1027424272526107
TGCTTCGCAGGCGAAT-1,-11.597764236434871,-5.997696257967928
TGCTTCGTCTTAATCC-1,-14.620711086840036,-0.015486058544113886
TGCTTGCAGAGAAGGT-1,-14.721039750582579,2.0079220561444844
TGCTTGCAGCTACGTT-1,-15.056689554557835,-1.0964219372275932
TGCTTGCCAGTAGAAT-1,-15.274881732291513,-3.2920769586203225
TGCTTGCCATGTTACG-1,-13.88400349820573,-2.6708743230612426
TGCTTGCGTAGGTTTC-1,-11.269051237236736,-6.072615205235324
TGCTTGCGTCTGGTTA-1,-12.26369225624753,-7.1405197959025495
TGCTTGCGTGCAGTGA-1,-16.882025515978786,-2.4398620485462557
TGCTTGCGTTACCCAA-1,-11.298119545017782,-5.852590710321202
TGCTTGCTCGACGAGA-1,-16.284506619243484,-1.4562455040910118
TGCTTGCTCGTCGACG-1,-12.638272933845187,0.4194840452707026
TGGAACTAGATGTTAG-1,-15.512422178202158,-3.779519430599323
TGGAACTAGCAGTAAT-1,-17.066157389678576,1.4561122192163547
TGGAACTGTGCAGATG-1,-16.61097554660434,-0.6022494782213506
TGGAACTGTTAAGACA-1,-14.995911822760197,1.6569790856399436
TGGAACTTCCAAGCTA-1,-11.15334325959308,-5.53683303178146
TGGAACTTCCTTCTTC-1,-12.077887121236756,-4.502495123775873
TGGAACTTCTGAGCAT-1,-18.154259542066995,-1.4729978128116277
TGGAGAGAGCATGTTC-1,-17.34115873721494,1.6925868363186367
TGGAGAGGTCGTATTG-1,-17.67507527104638,-1.9027400512506893
TGGAGAGTCATCGCTC-1,-15.476170641120229,-3.104580968376532
TGGAGGAAGGCGAAGG-1,-11.635179903181335,-5.795880341434346
TGGAGGAAGTCCCAAT-1,-17.424709423686995,1.6260539718394484
TGGAGGACAACAACAA-1,-17.719151777488307,-0.3358642921116608
TGGAGGACACAAGCAG-1,-10.747197193792724,-5.589509390833508
TGGAGGACACATACTG-1,-18.15846091444523,-0.7490280343581759
TGGAGGAGTCGCATGC-1,-12.558120310566908,-7.739188778152868
TGGAGGAGTGGTCCGT-1,-18.515733097473696,-0.6318621266721206
TGGAGGATCACTGGTA-1,-15.932889476766027,1.206275064373153
TGGATCACAATGCAAA-1,-16.98597184762294,-2.013287365709673
TGGATCACATGCGTGC-1,-11.819333937136339,-6.185048767496967
TGGATCATCCGAGTGC-1,-14.419769504668702,-2.3630306159620353
TGGATGTCAAGAGTGC-1,-16.486515101258632,1.1771990113335382
TGGATGTCAGAGTTGG-1,-12.948793720103884,-5.9876314794468195
TGGATGTCAGTGCGCT-1,-18.40487109236091,-0.13370000803880708
TGGATGTCATCGCCTT-1,-15.523085680990237,0.8458432970421534
TGGATGTGTATGAAAC-1,-18.257317975174768,-1.1285391840507966
TGGATGTGTGTCATCA-1,-14.364075388034383,-3.6705292227680446
TGGCGTGAGATTAGTG-1,-16.999128842475415,-3.1767224884925365
TGGCGTGAGGAAGTCC-1,-16.14622254391666,-3.035031437535934
TGGCGTGCAGGTGAGT-1,-14.653873053111836,0.2698838264498504
TGGCGTGGTCATTCCC-1,-17.21895710940329,-2.961006111440162
TGGCGTGTCCAGTACA-1,-18.264225090556934,-1.9610713609610926
TGGCGTGTCGGCTGAC-1,-15.81622129684363,-1.0867991591789368
TGGGAAGCAAATCAAG-1,-16.84135570543399,-0.9065569355206273
TGGGAAGCAGGTGGAT-1,-16.072960905826857,-0.14680796063766482
TGGGAAGGTAGAATGT-1,-11.777356921687542,-6.8344176738251115
TGGGAAGTCATGAGGG-1,-12.358695071940721,-5.88079517049379
TGGGAAGTCGATACGT-1,-13.989100242981644,1.2580545468771858
TGGGAGAAGATGAACT-1,-11.068793169318294,-5.702476255862513
TGGGAGATCAAGATAG-1,-11.035383403965165,-5.917074017702359
TGGGATTAGATCCAAA-1,-14.062206293569307,1.334524682077866
TGGGATTAGGTGCTTT-1,-12.239297929589029,-5.867975336978173
TGGGATTCACAGACGA-1,-15.37944292834625,-3.9235501404439836
TGGGATTCAGCTGTAT-1,-13.376901140417147,-0.766095047647304
TGGGATTGTATGTGTC-1,-12.58771681554348,-6.6524813204070306
TGGGATTGTCAACGCC-1,-13.492420605971548,-0.6257944968289454
TGGGATTGTTACGTAC-1,-14.600832266937019,0.7707829082846425
TGGGATTTCACGAGGA-1,-14.90190861696865,-0.135593489453559
TGGGATTTCAGCGTCG-1,-15.913210724767094,-3.599878819798892
TGGGATTTCATATGGC-1,-11.739788351124584,-4.723032592087347
TGGGATTTCATGGCCG-1,-12.448278385793195,-6.870809898459358
TGGGATTTCCCATTTA-1,-13.285440483350591,-2.4232378375979673
TGGGATTTCTGCGAGC-1,-16.23255525307168,1.266074366273798
TGGGCGTAGCGCCGTT-1,-14.216111479725173,-1.7368812315293283
TGGGCGTAGTAGATCA-1,-15.276917178963643,-3.1043972924482697
TGGGCGTGTCTGTGAT-1,-18.608743266504366,-1.7095679572128446
TGGGCGTTCAGATTGC-1,-17.10899460087783,-0.6518614504325877
TGGGCTGCAATATCCG-1,-13.731335527714162,-2.7224711111819717
TGGGCTGGTTCGGTAT-1,-13.495574980801393,1.1845083936632448
TGGGCTGTCCAACCGG-1,-11.460383566740532,-5.741688329850553
TGGGCTGTCGGTTGTA-1,-17.608252379350727,-1.4463266512939303
TGGGCTGTCTTGCGCT-1,-11.785252263852932,-7.3564583794611185
TGGGCTGTCTTTCCAA-1,-13.042891051754985,1.1872084167485175
TGGGTTACAAACTCTG-1,-16.240909686701944,1.0034521971173207
TGGGTTACACGTCTCT-1,-15.993500191752474,-1.8000140525736377
TGGGTTACATCGCTGG-1,-11.008272822449852,-5.540758329793202
TGGGTTAGTCGGCTAC-1,-11.159584554859759,-4.939441633085638
TGGGTTAGTGAGAGGG-1,-17.17778596248294,-0.16549561220861722
TGGGTTATCATGAAAG-1,-15.279901222815628,-2.4275895630714075
TGGTACAAGGAGTCTG-1,-17.968181595714636,-0.33191851951201357
TGGTACACAATCACGT-1,-13.316294964049975,-0.22858987565244523
TGGTACACAGACAAAT-1,-15.59427531095085,-3.570174667807305
TGGTACAGTAGCCCTG-1,-13.99332203812524,-0.5687127791198687
TGGTACAGTCTTCAAG-1,-13.154125551718302,-1.3055108886367424
TGGTACAGTTCCGCGA-1,-14.466210971602676,-2.572142266645724
TGGTAGTAGATGACCG-1,-11.834024813547671,-5.752759407784488
TGGTAGTAGGGATCAC-1,-16.131299349224584,-0.9544161058864506
TGGTAGTCATCGTGCG-1,-12.347242743080546,-0.5600474831614654
TGGTGATAGGACACTG-1,-15.290853215834963,-1.2798274359949289
TGGTGATGTCTCGGAC-1,-15.200871787694851,-3.4453985012098007
TGGTGATGTGGCTGCT-1,-13.516597440523864,-1.304219292497448
TGGTGATTCCCATTTA-1,-15.86267830836522,-0.4288710670891285
TGGTGATTCCTGGGAC-1,-11.954569271842521,0.035896689357688034
TGGTGATTCTTCCTAA-1,-12.58498773134835,-6.540924386207682
TGGTTAGAGCCTCTGG-1,-17.064820917159967,1.8569607839114717
TGGTTAGAGTGTGTTC-1,-18.158499381914684,0.44984710911522907
TGGTTAGCAATACGAA-1,-15.750412364182269,1.5164226471939914
TGGTTAGTCAAAGACA-1,-13.46758907265258,-2.778850824907264
TGGTTAGTCACCACAA-1,-14.939236696833655,-1.5999390382440415
TGGTTAGTCGAACGCC-1,-11.370699318301794,-5.6027268575192455
TGGTTAGTCTGTGCGG-1,-15.079606779541567,-3.8412057644050335
TGTAACGGTACAGGTG-1,-18.43975330354132,-0.3982878592849605
TGTAACGTCACTACGA-1,-17.91964921576723,0.18240236294684556
TGTAACGTCACTGTTT-1,-16.356664649680642,-0.5776713920130985
TGTAACGTCATGCCCT-1,-15.766437370780842,-3.533437537929561
TGTAACGTCCATTCGC-1,-16.83142091520754,-1.0608386843728992
TGTAAGCAGAGCAAGA-1,-11.876498962746185,0.5155739675660624
TGTAAGCAGGCCCACT-1,-14.159968296438965,-3.9352030376696527
TGTAAGCAGGTCCTGC-1,-11.29735338524195,-4.933142064905396
TGTAAGCGTCAGTTTG-1,-17.959109818207185,-1.3988667525091418
TGTAAGCTCAATCCAG-1,-14.53413979056129,2.1903918285779747
TGTAAGCTCATACGGT-1,-17.48703185880317,1.169346396740166
TGTAAGCTCCGGTTCT-1,-12.316584569819241,-7.232588424894078
TGTACAGAGCTGTTAC-1,-12.290839553777117,-6.414866986737243
TGTACAGGTAGAGATT-1,-16.259550332640778,-1.87496968160242
TGTACAGTCAACTGGT-1,-17.62753179331604,0.600023949447634
TGTACAGTCCAGGACC-1,-16.293028527327948,-0.6345249034919623
TGTACAGTCGCTTGAA-1,-17.712567241984694,-0.8036759652339286
TGTAGACCAACCCTCT-1,-15.37800490076951,-0.01456732644427842
TGTAGACCAGCGACAA-1,-11.582490830776297,-6.975458393582629
TGTAGACGTAATGCGG-1,-15.133099520144448,1.6256319804838604
TGTAGACGTCCACACG-1,-17.67158831602124,-0.3317574368393315
TGTAGACGTCTAGTGT-1,-17.93683405023865,-0.6190645454683446
TGTAGACGTTTGTGGT-1,-14.796009046453003,0.9060261228347715
TGTCAGAAGAAACCAT-1,-15.686571372695223,1.52469901915282
TGTCAGAAGAACAGGA-1,-11.113067935574328,-6.8820329709230865
TGTCAGAAGTAAGCAT-1,-15.02094912011141,-4.004947957779139
TGTCAGAAGTGGCGAT-1,-16.40102309067954,-0.0059717476883767145
TGTCAGAAGTTGTCAC-1,-13.15573353065661,-4.173312533537706
TGTCAGACACTAGGCC-1,-11.318830891396804,-6.2898146377374315
TGTCAGACATCTATCT-1,-14.094993340895705,0.6582490246782681
TGTCAGAGTACAACGG-1,-14.743031955181031,0.9279537234050237
TGTCAGATCCTAGCTC-1,-11.614629987974034,-7.266922689900534
TGTCCACAGCCTCTCT-1,-16.46286751906565,-0.2787539495903776
TGTCCACTCCGCAACG-1,-14.531261657077671,1.20553934405466
TGTCCCAAGACATAAC-1,-12.532422132498374,-7.3654079516954845
TGTCCCAAGTGGTTGG-1,-13.868446670110105,-1.2186134508104434
TGTCCCACATAGTCAC-1,-14.09566344650753,-3.0622000415781234
TGTCCCAGTGACTGTT-1,-11.749486514067025,-5.977441652248978
TGTCCTGCACTAGTAC-1,-13.571235573643435,1.89977385492093
TGTCCTGCAGGTGACA-1,-16.15380278384666,-1.5612661521851605
TGTCCTGCAGTAGTGG-1,-15.089306318824935,-0.5652733195732869
TGTCCTGGTCATTGCA-1,-12.232459731999212,-5.757473179423452
TGTCCTGGTTGGGTAG-1,-14.338993539223818,-0.9700320859519789
TGTCCTGTCTGCATAG-1,-12.858497823544754,-7.262466461260962
TGTGAGTAGTTGTCGT-1,-13.850738267994888,-5.013392337202218
TGTGAGTCACGACCTG-1,-14.813227036062349,1.12906708808967
TGTGAGTGTCTAGGCC-1,-12.251169943205914,-5.323290475767362
TGTGATGCAAGAGTAT-1,-11.626900115518183,-5.641385610997926
TGTGATGCATTCACCC-1,-12.586258430864886,-6.1577497977831035
TGTGATGTCAGTCACA-1,-12.95868890900128,-0.021234455426289215
TGTGATGTCCCAAGCG-1,-17.06970478934837,-0.22014369518587518
TGTGATGTCCGAGCTG-1,-17.960987377749383,-1.9311928965813114
TGTGCGGAGCACGATG-1,-12.881713901432912,-6.828308403301876
TGTGCGGCAGTGGCTC-1,-18.273784004356745,0.1668264382963353
TGTGCGGGTCCACACG-1,-12.27186435403031,-6.609157426071325
TGTGGCGAGAACCGCA-1,-17.83274359732457,-0.22186001677335068
TGTGGCGAGCGTATGG-1,-16.37934357680288,-3.539642921750532
TGTGGCGAGCTGCGAA-1,-16.623495547681106,-1.6627513432471193
TGTGGCGAGGTCCCGT-1,-15.436293077760562,-3.1833930891525553
TGTGGCGAGTTAGTGA-1,-16.40608894617374,-0.13326487426663305
TGTGGCGGTGGTTTAC-1,-17.11443492948002,-0.8124607339425528
TGTGGCGTCATCCCGT-1,-15.188441647075695,-3.970445195382545
TGTGGCGTCCCGATCT-1,-14.768382034922002,-2.6514358720029185
TGTGGCGTCCTAAGTG-1,-13.843897164024115,-1.4141744793901767
TGTGTGAAGTATGAAC-1,-16.280873176443862,-2.2812372853498153
TGTGTGAAGTGCAACG-1,-13.802238692713717,-2.396009038904579
TGTGTGAAGTTAACAG-1,-11.626344599364154,-5.028022975923848
TGTGTGAAGTTGGCTT-1,-12.056154594547095,-6.57658142703041
TGTGTGACAAGAGGTC-1,-11.426159379099149,-5.089539325400402
TGTGTGACACCAGACC-1,-16.291467554836657,1.7731391829511394
TGTTACTAGCATATGA-1,-14.433609502601934,-2.8646950495972883
TGTTACTCAATTGCTG-1,-14.48862326280742,-1.9811048661331998
TGTTACTCAGCTTTCC-1,-12.982239488133398,-1.796675007717368
TGTTACTGTCAAAGTA-1,-16.772730710550643,-0.5893353991658761
TGTTACTGTTGGACTT-1,-17.881591008784454,-0.9410312605070695
TGTTACTTCATGCATG-1,-15.707580950854368,-1.412474416436178
TGTTACTTCATTTACC-1,-15.221584478114806,-0.48222916223754403
TGTTACTTCTCACCCA-1,-11.687625491610673,-7.563533379435185
TGTTCATAGGAGATAG-1,-14.54730917141666,-0.1329193689882962
TGTTCATCAACCGGAA-1,-15.857296919658692,-0.6982806126250786
TGTTCATCATGACGAG-1,-12.29998435751284,-6.800991647961247
TGTTCATTCTAGAACC-1,-16.455765119528124,0.9276269376747105
TGTTCCGCAAATAGCA-1,-16.616634601726275,1.0888711356757634
TGTTCCGCAGCGGTTC-1,-16.557165007082965,0.4447705135212871
TGTTCCGCATGAGTAA-1,-11.129419451559617,-6.050451491224595
TGTTCCGGTATCATGC-1,-16.52600412086908,-0.6906972473421358
TGTTCCGGTCGAATGG-1,-12.186203207342752,-6.92812568865712
TGTTCCGGTGAAGCGT-1,-14.58155017068103,-0.908843889617675
TGTTCTAAGGTCACTT-1,-15.420991308476518,-3.0188340742119366
TGTTCTACACTGGATT-1,-15.007187868469911,0.01413111062767003
TGTTCTAGTACTCCGG-1,-12.987378845720732,-5.9489762264077
TGTTCTAGTCGTCTCT-1,-15.601587417311174,1.9465883683122294
TGTTCTAGTGCATACT-1,-15.948365462221087,-2.9454992621260705
TGTTCTATCGATAACC-1,-15.086813091817902,2.165944833392906
TGTTCTATCTCAGGCG-1,-12.566803077227814,-6.677939590783408
TGTTGAGAGGTTAAAC-1,-17.613674119347404,0.6091651500233496
TGTTGAGCAGCAAGAC-1,-16.19656600521462,1.7779054995961152
TGTTGAGGTCTCAGAT-1,-13.61142454940437,-0.36528878924974223
TGTTGAGGTTCCACAA-1,-12.146869450253913,-7.618951990737143
TGTTGAGTCCGAGCTG-1,-18.343279187926072,-0.7549398553562626
TGTTGAGTCGTTCTCG-1,-18.473528962173024,-1.965320455961033
TGTTGAGTCTACGGGC-1,-11.051921159855892,-5.2944158582215275
TGTTGAGTCTGCATGA-1,-15.028816712503343,-0.616202044371057
TGTTGGAAGTTCATGC-1,-16.58155214035433,1.4932572770739465
TGTTGGAGTAATCAAG-1,-16.367196582733566,-1.1962662010418996
TGTTGGAGTCGACTGC-1,-14.231863604739175,-1.7505155827348158
TGTTGGATCCGAAATC-1,-17.456685587655432,-0.6667262432923915
TGTTTGTAGGGCAAGG-1,-17.608071941713686,0.8084857745427956
TGTTTGTCAATGGCAG-1,-17.153505526363197,-3.31919540102921
TGTTTGTGTCGTCAGC-1,-12.337791187545465,-7.278580392824194
TGTTTGTTCTCATAGG-1,-16.557883901580038,1.0647792473528341
TTAATCCAGCACGGAT-1,-13.485009919448482,-1.8837244200827814
TTAATCCCAGCTTCGG-1,-12.125553988814683,-6.00095056378722
TTAATCCCATCACGGC-1,-11.64388013190996,-4.7158101664950705
TTAATCCGTGCAGGAT-1,-11.786725595616662,-5.445112073775051
TTAATCCTCGCACGGT-1,-15.557822318713246,-1.123891641685982
TTACAGGAGACTGGGT-1,-13.019072746617823,-4.333614689357839
TTACAGGCAAAGGGTC-1,-17.842425619350397,0.9260129095274612
TTACAGGCAACAGAGC-1,-14.057857584930195,1.149190613304691
TTACAGGCAGACGATG-1,-15.266493159296084,0.40651023864274144
TTACAGGCAGTAGAAT-1,-15.448531614939714,-0.7278274208820114
TTACAGGCAGTGTACT-1,-17.4210487604514,-1.1994724471387253
TTACAGGGTCTCTCTG-1,-14.804852522586755,-3.5781991994955327
TTACAGGGTCTTTCAT-1,-11.97962557560498,-5.10874102708754
TTACAGGGTGGCCCAT-1,-13.45070532490585,-3.7170892842397274
TTACAGGGTTTACTGG-1,-15.886747988587812,-2.681312253919724
TTACAGGTCATGAAAG-1,-14.675890881159763,-2.294401417231025
TTACAGGTCGGACGTC-1,-15.335672829657561,1.6879786798415017
TTACAGGTCTACTGCC-1,-15.918664120874917,-3.019497991269084
TTACCATAGATAACGT-1,-14.168934095873594,-0.08020234797889796
TTACCATCACTGGCCA-1,-15.464463188697271,-0.40191029796599753
TTACCATTCTGGAAGG-1,-16.070611804886013,0.30392632447803447
TTACCGCAGCAAATCA-1,-14.034670050901632,-3.87903391214095
TTACCGCAGGATCACG-1,-14.19793535222986,1.0519454187770136
TTACCGCCACACGTGC-1,-12.678538373605116,-2.534374223511316
TTACCGCCACGAAAGC-1,-15.733201258617703,1.7801868486139754
TTACCGCCACTATGTG-1,-11.9745639295115,-5.80385890026244
TTACCGCGTCACTGAT-1,-16.571074096551424,0.6589523096955153
TTACCGCTCGTCCATC-1,-16.393303139269214,-3.699976347500513
TTACCGCTCTGTACAG-1,-17.826127683226247,-1.5993439161183138
TTACCGCTCTTGGTGA-1,-14.432371233147903,0.2515988540874837
TTACGCCAGACGGATC-1,-12.209525559381085,0.44890703355837397
TTACGCCCAAGGTTGG-1,-14.309976416509931,-2.744380659904228
TTACGCCCAATCCTTT-1,-11.271415690303849,-5.2234475853522735
TTACGCCCACCCTATC-1,-11.285019695534515,-6.0912753868083644
TTACGCCGTATCGTTG-1,-16.304922465753517,0.2515555835016878
TTACGTTAGCGAACTG-1,-16.142847331922656,-0.4891195117121835
TTACTGTAGACTACGG-1,-14.553592855360945,-3.093938543565889
TTACTGTAGAGATCGC-1,-15.992244882284217,-2.7788325997149386
TTACTGTGTAGAATAC-1,-13.094603228651815,-7.309476707232303
TTACTGTGTCTCTCAC-1,-12.372527677266135,-4.465976235691893
TTACTGTGTGTGAGCA-1,-14.099199097706043,-0.4025433917287594
TTACTGTGTTCAGTAC-1,-12.747919671348047,0.2886214925261823
TTACTGTTCAGCCCAG-1,-12.569492865819296,0.6370209098046196
TTACTGTTCTATTTCG-1,-14.847131588578703,-2.575070277582499
TTAGGCAAGCGATCGA-1,-16.983619131024145,1.3036120356362395
TTAGGCACATCTCCCA-1,-14.728986177556102,-2.6283348988838178
TTAGGCAGTTAGAGAT-1,-16.76176260354923,2.0425300052778854
TTAGGCATCCCTCTTT-1,-12.088452800022665,0.674025960317575
TTAGGGTAGAGCGACT-1,-11.82899451846017,-6.802159143232483
TTAGGGTAGGAACGAA-1,-17.256006572995226,-3.024991254134934
TTAGGGTAGGCGCTTC-1,-16.03244054254948,-3.4911761531809673
TTAGGGTGTAGAGATT-1,-14.150861853372826,-0.6398319341698212
TTAGGGTGTATCACGT-1,-17.01545710037183,-2.0820282054871666
TTAGGGTGTGGATTTC-1,-12.73460917438524,1.5326261255047982
TTAGGGTGTTTAGACC-1,-12.189908738500701,-7.766407291991234
TTAGGGTTCTTACCAT-1,-13.838091678315871,-2.123015745538136
TTAGTCTCAATACGAA-1,-12.543548382048646,0.9337354966018967
TTAGTCTCATGAATAG-1,-14.609556253598106,-2.120951457103998
TTAGTCTTCAGGTAAA-1,-13.141758244549994,1.6930613967981876
TTATTGCAGGACTAAT-1,-12.576402001063467,-3.9062128914937326
TTATTGCAGTTCCGTA-1,-14.754645416192766,1.8499209142692081
TTATTGCCACCATAAC-1,-12.312373295741228,-2.0055500932199686
TTATTGCGTCACATTG-1,-16.535916181105677,0.2900866223937534
TTATTGCGTGGACCAA-1,-17.46143908647103,-0.0980311749314991
TTATTGCGTTATTCTC-1,-12.833300927014287,-3.5998826941507525
TTCAATCAGTCTTCGA-1,-13.238583241853654,-0.37120768828671064
TTCAATCGTGCAACGA-1,-15.36384353517114,-2.5509293598509726
TTCAATCGTTTCGTAG-1,-15.939369728788469,-1.0847104193469026
TTCACCGAGGTAGCCA-1,-16.236971968609414,-0.018248717909715332
TTCACCGAGTTCCATG-1,-15.90676828625341,0.5615530278237791
TTCACCGCAAAGGTTA-1,-12.644736358420099,-5.550536740391546
TTCACCGCAGAGCGTA-1,-12.916980149859617,-7.223323193559825
TTCACCGGTCCACGCA-1,-17.088065074399562,0.8867496369614081
TTCACCGGTCTCAAGT-1,-12.114651156809789,-3.3229597020179544
TTCACCGGTTTATGCG-1,-13.816514727608586,-0.2445049368655595
TTCACCGTCAAGCCAT-1,-12.595454628902157,-0.6083764251483551
TTCACCGTCATGAAAG-1,-17.552225445641458,0.4098118825257621
TTCACCGTCTACTGCC-1,-14.277840997246935,-2.5746537199896733
TTCACGCAGGAAACGA-1,-11.684671997130268,-5.791792264139831
TTCACGCCAGGGTTGA-1,-14.28756278222499,1.2482219949485678
TTCACGCCAGTCAGTT-1,-12.522001443433906,-1.5661514670476055
TTCACGCTCAAGTTGC-1,-16.643982420280107,0.1687142095985049
TTCACGCTCCGTTTCG-1,-11.339188778087134,-5.62659699945624
TTCAGGACAACCTATG-1,-13.700224712433325,-2.396686719873318
TTCAGGACAATCTGCA-1,-11.495579852058272,-4.752054867189981
TTCAGGACAGAGCGTA-1,-17.47836279638929,-2.0423654757425793
TTCAGGACAGAGTTGG-1,-15.725843084907227,-1.7764092026111156
TTCAGGATCACGATCA-1,-12.537805518713048,-3.212934291488649
TTCAGGATCGGTCAGC-1,-13.695090891418584,-6.784866863680735
TTCATGTAGCGGTATG-1,-16.946854476207157,-3.136502274745018
TTCATGTAGGTAGATT-1,-12.655438693354164,-6.569384209456822
TTCATGTAGTAGTCCT-1,-12.83549500487244,-3.4680046729828566
TTCATGTCACAAGCCC-1,-14.163546028069362,1.46208864548741
TTCATGTGTAACTGCT-1,-13.420912611427728,1.2917720267517152
TTCATGTGTATGCAAA-1,-13.647938160953325,-3.7556921466894866
TTCATGTGTCTACGTA-1,-16.15693052234018,-0.8546271611843698
TTCATGTTCCAATGCA-1,-15.977767417405875,0.16235427957469822
TTCATGTTCGAAGGAC-1,-12.309750324260571,-1.1709673865047192
TTCATTGGTAGACACG-1,-15.026845380132649,-4.003343172939089
TTCATTGGTTGAGTCT-1,-18.617515454373663,-1.2921338044685178
TTCATTGTCCTAACAG-1,-13.529111570467903,-2.182688151973709
TTCATTGTCGTGGCTG-1,-17.839504856738948,-1.161366103358041
TTCATTGTCTTTGCAT-1,-12.03381932786045,-0.41160821256831864
TTCCAATAGATCCTAC-1,-15.658843628694308,0.5194648835905458
TTCCAATAGCGGTAAC-1,-11.982168426375223,-7.051275185908527
TTCCAATCACGGTGCT-1,-11.692491290133814,-6.718563690706033
TTCCAATCAGTGAGCA-1,-14.124871744791513,1.2106219987510587
TTCCACGAGACTGTTC-1,-13.80823770312032,-2.3379947280998388
TTCCACGAGAGACAAG-1,-12.586384276084816,0.8135374004256015
TTCCACGAGCCTAGGA-1,-15.031336128774203,0.3999471675210611
TTCCACGAGGTATAGT-1,-15.780713023913389,-0.5953383663304234
TTCCACGCATATACCG-1,-11.172608966305985,-6.127140140759411
TTCCACGCATTGTCGA-1,-12.347547655365357,-4.955847631722642
TTCCACGGTTATCTGG-1,-16.216973010591957,1.722162646555944
TTCCACGTCAAACTGC-1,-13.407517450408575,-1.8592997462635987
TTCCACGTCTCGTTTA-1,-14.556364813008384,0.08136909926744289
TTCCGGTCACTACTTT-1,-13.72387881044872,0.826602981079929
TTCCGGTCAGGCGATA-1,-16.239473829543776,1.0061723175669275
TTCCGGTGTCTTGGTA-1,-12.171428629519173,-5.25011040967797
TTCCGGTTCACCATCC-1,-17.1503422774565,1.1327192135268547
TTCCGGTTCAGCCTCT-1,-11.45729266942666,-5.446434733419621
TTCCGGTTCTCGCGTT-1,-13.319416406500665,-1.4137593224679226
TTCCGTGAGAAGTCCG-1,-17.727972389890034,0.22571328209484584
TTCCGTGAGTAGAGTT-1,-15.91807232179517,-1.8741694069716344
TTCCGTGCACGCAGTC-1,-13.45418467175644,1.0696561822734827
TTCCGTGCATTCAGGT-1,-13.271096651733965,0.08966595137660417
TTCCGTGGTATCGTAC-1,-13.831721617960088,-3.901146815054268
TTCCGTGTCAGAACCT-1,-12.972826469528385,-6.8143894400714045
TTCCGTGTCGTTCATT-1,-14.675346674961721,-1.1792282029484118
TTCCTAAAGGTCCGAA-1,-12.162345285624362,-6.950098916164724
TTCCTAAAGTGATGGC-1,-11.664461586863693,-7.297126814321998
TTCCTAAGTGCCGTTG-1,-13.298195380039942,-1.8656389203535524
TTCCTAAGTTACCTGA-1,-11.896883700560721,-6.763861408847354
TTCCTAATCCCACAGG-1,-12.692615977270323,-2.4653799135985004
TTCCTCTAGGGAGTGG-1,-10.937373438768944,-5.049528745187093
TTCCTCTCAACTACGT-1,-12.520864836142707,-2.4142593092555895
TTCCTCTCAGCACAGA-1,-12.222518123464704,-5.590423924365885
TTCCTCTTCTTAGCCC-1,-12.800880821656314,-6.747789682691434
TTCCTTCAGTAAAGCT-1,-12.979417504540763,1.7002027931729355
TTCCTTCTCAGCATTG-1,-15.080625343175427,-2.5534639978283136
TTCGATTCAGACAAAT-1,-11.161173615460807,-6.3488770915409924
TTCGATTGTGGCCCAT-1,-15.22858695016538,-3.6659642814591877
TTCGATTTCCCTCTTT-1,-13.103901669476267,1.8625500633958318
TTCGATTTCGTCGGGT-1,-16.772570078325412,1.1535412798511482
TTCGCTGAGGGCTTCC-1,-13.73126637792832,-1.2334315526149218
TTCGCTGCACTAGAGG-1,-16.357240420953808,-2.999677658882128
TTCGCTGCAGTCGAGA-1,-15.117498847079657,0.6817072248880962
TTCGCTGGTAGAGATT-1,-16.196472059999167,-2.224296334763995
TTCGCTGGTCGGCTAC-1,-17.553042723718566,0.3491447962429606
TTCGCTGTCAACTACG-1,-13.433174730963806,-6.033294496359916
TTCGCTGTCCCTGTTG-1,-11.731326689497946,-3.255541089206564
TTCGGTCCACTCATAG-1,-17.635989984122787,-2.2132256273767745
TTCGGTCCAGCATGCC-1,-16.507244521390348,-0.04090311065751779
TTCGGTCGTCTTCAAG-1,-15.366890263209283,-0.6905866489776508
TTCGGTCTCTCGTTTA-1,-13.967273994171038,-3.8252498306977714
TTCTAACAGGCGTTAG-1,-13.383085068615243,-2.1523517408246056
TTCTAACAGTATAGAC-1,-13.689015162095792,0.577344525485644
TTCTAACAGTCACGAG-1,-12.314124673111625,-6.440568805827452
TTCTAACCAAAGGATT-1,-11.23632679693005,-7.290468088585191
TTCTAACCACCTTCGT-1,-13.092589263474666,-3.6900457521590657
TTCTAACCAGGCCTGT-1,-16.352273449180842,0.8588386084047397
TTCTAACCATCCTTCG-1,-11.22282071614661,-5.137961344803711
TTCTAACGTAGAATAC-1,-14.457461506245881,0.09794786655417445
TTCTAACGTAGGTGCA-1,-17.383320790968632,-1.1223275895550233
TTCTAACTCAAACGTC-1,-13.465721437070727,-1.8458757312534537
TTCTAGTAGCAGCAGT-1,-13.946389933302902,-3.2285637526890927
TTCTAGTAGCAGCCCT-1,-14.194950099998797,-3.751797015463481
TTCTAGTAGCAGCCTC-1,-12.870019802367612,-5.092934485317751
TTCTAGTAGTCATGGG-1,-13.02610228224807,-4.543420430503574
TTCTAGTTCGGTTGTA-1,-17.364756485293018,-0.8034923787559677
TTCTCTCAGAGGTGCT-1,-12.51521924503461,-6.669689248849437
TTCTCTCGTACTCGAT-1,-13.22742626997134,-2.057686460473041
TTCTCTCTCAAGCCAT-1,-14.033345348036805,1.321975579641748
TTCTCTCTCACTGTTT-1,-12.726602589152101,-2.7191888122106667
TTCTCTCTCTAGTCAG-1,-12.509139527258203,-5.80405943602444
TTCTGTAAGGTGCTAG-1,-13.66194827862201,-2.3593817588770274
TTCTGTAGTCTACTGA-1,-15.292073652714928,0.11760212686834735
TTCTGTAGTGTTTACG-1,-17.24235809480034,-0.2286427296865308
TTCTTCCAGGTACAAT-1,-13.755557322070834,1.5485175439997918
TTCTTCCCAATCAAGA-1,-14.864596627064598,-2.160384249525386
TTCTTCCCACGGTGAA-1,-13.2596574962773,0.5288726168694298
TTCTTCCGTCACCCTT-1,-11.149755859731984,-4.842577544093572
TTCTTCCGTCGCGTTG-1,-13.806297797418518,-2.9922254945744005
TTCTTCCGTTGAGGAC-1,-14.632307146620597,-0.1409164227185618
TTCTTGAAGAGGCCAT-1,-12.13613200555075,-7.139864226739114
TTCTTGAAGTGACACG-1,-16.56380133547508,0.8019359796486597
TTCTTGACAACACGTT-1,-12.292882062154746,-1.0218476967264416
TTCTTGAGTTAGGCTT-1,-16.148393679418966,-0.8450574971183493
TTGAACGAGCGTTAGG-1,-12.88230253411588,-7.582755797917666
TTGAACGAGTAACAGT-1,-15.274808386896945,-3.052499551238006
TTGAACGCAACACAAA-1,-15.08724844716824,-2.9580939617574824
TTGAACGGTACGCGTC-1,-17.042184344872854,0.06403030419038991
TTGAACGGTTCTATCT-1,-16.635570103372057,1.7942314222286406
TTGAACGTCGTAGCTA-1,-11.326613913677265,-6.8275416272298814
TTGAACGTCGTTCCCA-1,-18.113453077930906,0.7815776672947875
TTGACCCAGGCCACCT-1,-13.81047468037785,0.4418849011173514
TTGACCCTCACTTATC-1,-14.703811195785915,-0.4819854926085356
TTGACCCTCGCATTAG-1,-10.96676698484236,-5.498159504146149
TTGAGTGAGGGATCAC-1,-12.845757465508694,0.3235801676022102
TTGAGTGAGTCGGGAT-1,-17.62052570894947,-0.7422214525180973
TTGAGTGAGTTACGGG-1,-15.560628377558901,-4.007793341396093
TTGAGTGCAACTTGGT-1,-18.178817315336822,-0.11233758278978506
TTGAGTGGTGGGCTTC-1,-17.343264335901853,0.4360346126782765
TTGAGTGTCACGAGGA-1,-12.371641857476163,-6.089395100988445
TTGAGTGTCGAGTACT-1,-14.289270222116631,1.4543383756027284
TTGAGTGTCTGGAGAG-1,-18.22210467421689,-0.2190068097749256
TTGATGGAGGGCAAGG-1,-13.580541457720399,-0.9479496758215974
TTGATGGAGTGGTGAC-1,-18.222646192237374,0.12478464706689328
TTGATGGCAGAAGTGC-1,-15.34128545723657,0.9133822171006842
TTGATGGCAGGCGTTC-1,-17.81613193091697,-1.0306789266659762
TTGATGGGTCTACGAT-1,-15.499468094805808,-3.3334859300930804
TTGATGGGTTTAGAGA-1,-17.80350068803465,0.13588078169996465
TTGATGGTCTCGTCAC-1,-12.834278661401164,-6.345354158881476
TTGATGGTCTCTGCTG-1,-12.444185377877547,-3.137720400800995
TTGCATTAGAGGTATT-1,-12.262283835350514,-1.4898029922810767
TTGCATTAGGCACTAG-1,-13.654426602934771,0.3827493482659013
TTGCATTCACTTGGGC-1,-14.762045373256232,-1.3496783625773705
TTGCATTGTGGCATCC-1,-12.973671075092087,-3.7850580383713543
TTGCATTTCCCGAAAT-1,-11.940114388673662,-6.394541451850519
TTGCCTGAGCAATTAG-1,-16.437444784649077,0.0823129247270386
TTGCCTGGTACAGAAT-1,-15.477213748109577,2.090623503174612
TTGCCTGGTAGGTCAG-1,-15.26703148450063,-1.0560665246789194
TTGCGTCAGGGCAATC-1,-12.497968813857652,-1.4885899353698893
TTGCGTCAGTAGGGTC-1,-17.290405271141214,1.4342647321743172
TTGCGTCCATCGCTCT-1,-12.089449945951293,-6.890865771210261
TTGCGTCTCAAGAGGC-1,-16.059260138223383,-2.324017530023805
TTGCGTCTCACCTTAT-1,-13.581999446632933,-1.4747368247463812
TTGCTGCAGACGATAT-1,-13.301893508896086,-2.6024524839222742
TTGCTGCAGCGTTGTT-1,-15.676934603313075,-2.4643059156161615
TTGCTGCAGCTAAATG-1,-16.95030496376806,1.0954416843603594
TTGCTGCTCTGGGCGT-1,-16.154775688169703,-1.7154290716432585
TTGGATGGTCAAACGG-1,-17.04764403939594,0.9836697869599844
TTGGATGGTCACTCAA-1,-17.205503011868736,-0.2204922092924762
TTGGATGGTGCGTTTA-1,-16.271489681689193,-2.0182781190513652
TTGGATGTCCAGTGCG-1,-16.138825460403098,-2.7834912113354124
TTGGGATAGACGACTG-1,-13.36974033872126,1.9346919123684712
TTGGGATAGGTGCGAT-1,-15.92182376686692,-3.9269534073864056
TTGGGATGTGTTCAGT-1,-15.463481542833394,0.47195507607296083
TTGGGATGTTGCATAC-1,-14.935718770445765,-0.9285126923479513
TTGGGCGCAGCCCAGT-1,-16.0910832169463,-0.09209960983140081
TTGGGCGCATGAAAGT-1,-16.79629226598138,-2.324330646184785
TTGGGCGTCATCAGTG-1,-12.957231428726336,-2.0177059460156066
TTGGGCGTCCAGTGTA-1,-16.86137547600923,-1.6641872190396596
TTGGGTATCCTAAGTG-1,-11.433193560728025,-6.351040353962012
TTGGGTATCCTGCTAC-1,-16.702616653304315,1.3424670728619286
TTGGGTATCTAGACAC-1,-14.01001500123474,-2.843204347942804
TTGGGTATCTCTGAGA-1,-13.067869596760655,0.8715711196850456
TTGGTTTAGCTAAACA-1,-13.933988674386992,1.5001052490886422
TTGGTTTCAAACTAAG-1,-16.83276545885994,-0.03808693512340217
TTGGTTTGTCTTGCGG-1,-12.9229826610709,-1.1549511644861863
TTGGTTTTCTGCGAGC-1,-12.77231961072794,-0.6620623502710662
TTGTGGAAGTTGCATC-1,-15.780372568078523,-1.8016622157298903
TTGTGGACACCCTAAA-1,-13.5836060378247,-1.9409726731576433
TTGTGGACACCTGCAG-1,-15.638295726675537,-2.1782492784540795
TTGTGGACATCATGAC-1,-11.660259644795952,-6.866165978305873
TTGTGGACATGCCGGT-1,-13.980370297319983,-0.6630431683192345
TTGTGGACATGGACAG-1,-14.160351752976739,-2.720327384193168
TTGTGGAGTACGTGTT-1,-17.39168711294191,0.25474673979750334
TTGTGGATCATCGCCT-1,-13.899206347184666,-0.7073991558973676
TTGTGGATCCGTGTCT-1,-12.86931792522675,-6.139811541008083
TTGTGGATCCTATGGA-1,-15.174547252350658,-3.4236238261752927
TTGTGTTAGTCACTAC-1,-16.021255581595906,-3.108608535617853
TTGTGTTAGTCATGGG-1,-17.413299121228675,-2.5143915424116385
TTGTGTTCAAATCAGA-1,-15.602655425161068,-0.35830370155351926
TTGTGTTCAGACAAAT-1,-17.815745648523894,1.0402749717039892
TTGTGTTGTAACCCTA-1,-17.3365797536419,1.696224996460453
TTGTGTTGTATCGGTT-1,-13.235100998002004,-5.9969949716924
TTGTGTTGTGATTCAC-1,-14.22056558589816,-0.3453621385666308
TTGTGTTGTGGTAACG-1,-15.394033275831479,1.1014635491336238
TTGTGTTTCCCTCTCC-1,-16.113727600401422,0.06203071839463319
TTGTTCAAGAGCTGAC-1,-14.968817094004963,-0.40894972235621196
TTGTTCAAGCATGGGT-1,-11.463850495991684,-6.971630697374638
TTGTTCAAGCGACTGA-1,-11.749297236872701,-6.887914910608806
TTGTTCAAGGATCATA-1,-15.701003719667785,-3.756551553034908
TTGTTCAAGTTCCGGC-1,-13.37046761790602,-4.323336266014308
TTGTTCACAACCAATC-1,-13.27607864029125,-0.030543651549474207
TTGTTCACAGAACTTC-1,-12.122275582335424,-2.0923483316583367
TTGTTCACATACTGAC-1,-12.078145305008718,-5.987930054566671
TTGTTCAGTGCACGCT-1,-15.811226340030121,-3.2912815433909834
TTGTTCATCACTTATC-1,-10.83908497095461,-4.915698577677658
TTGTTGTAGACTGTTC-1,-12.98889852588839,-6.0470526343110125
TTGTTGTAGATGCTTC-1,-14.17302197104169,-2.92572367682444
TTGTTGTAGCACTGGA-1,-12.126611091060868,-5.4082176018820025
TTGTTGTAGGTGAGCT-1,-18.39199954832201,-0.7904836589747584
TTGTTGTAGTCGCCAC-1,-14.164638275571392,-3.9595009160434356
TTGTTGTCACATTCTT-1,-12.471813013807248,1.260811024619134
TTGTTGTCACTGGACC-1,-12.474671201426988,-6.421766077428323
TTGTTGTCATGCCATA-1,-16.97857800532125,-0.09843990430366245
TTGTTGTTCCAATGCA-1,-15.77098833025431,-3.400064586499784
TTGTTGTTCCTTGAAG-1,-12.393446133699289,-1.5243501681013627
TTGTTGTTCGTACCTC-1,-14.635498109090845,0.10680346761558036
TTGTTGTTCTTGCGCT-1,-11.747449393893493,-5.726941062124468
TTGTTTGAGAGTCCGA-1,-14.815435157137163,-0.5691193458596417
TTGTTTGAGCAGGCTA-1,-14.427990898589256,-0.13612606823895276
TTGTTTGAGGATATAC-1,-11.793123362054326,-6.923938899147821
TTGTTTGCAGCTAACT-1,-16.152004966175166,1.3586565195688172
TTGTTTGTCAAGCCGC-1,-16.126281669157922,-2.84428848162673
TTGTTTGTCCAAGCCG-1,-14.785618116954838,-3.7685175915499993
TTGTTTGTCCTGTTAT-1,-12.36699774089609,-0.2924244530435827
TTGTTTGTCGACATAC-1,-12.111826099566311,-4.344178688678997
TTGTTTGTCGCTGATA-1,-15.963196940850493,-0.5005719327976306
TTTACCACACGGCACT-1,-16.13016859614245,-1.8615012550977825
TTTACCACAGTTAGGG-1,-12.824709487543315,-5.001781944655027
TTTACCACATCCGTGG-1,-16.757474157841088,1.2423149451786528
TTTACCAGTACCTATG-1,-12.73791153708271,-0.8429806629793684
TTTACCAGTCGGAAAC-1,-12.516752497104582,-5.726874717523274
TTTACCATCTATCGCC-1,-14.99286287927309,-2.7649236438755445
TTTACGTAGCGCCGTT-1,-16.652303666638844,-2.9350672578473316
TTTACGTAGGGTGAGG-1,-11.299368280826258,-6.528894654492454
TTTACGTAGTAGCCAG-1,-16.441770861294522,0.15265750053961252
TTTACGTGTCACAATC-1,-12.397983178708293,-3.9726745660785197
TTTACTGCATTATGCG-1,-11.778443885779824,-5.0398465675125514
TTTACTGGTACCAGAG-1,-15.654827476951876,-2.0263877918970827
TTTACTGGTATGAGAT-1,-16.950170085206288,-0.3759533652011528
TTTACTGTCGTGCACG-1,-12.9923598870562,-6.202221867141954
TTTAGTCAGGATGAGA-1,-11.299217201939543,-6.866639291797463
TTTAGTCCAATACGCT-1,-16.667623558017194,1.6837659252766413
TTTAGTCTCGCAGTCG-1,-15.201354581951533,-2.230035766548191
TTTAGTCTCTGCGATA-1,-11.680883735807447,-5.025033286530872
TTTAGTCTCTGGTCAA-1,-14.051294941863762,-3.0170878160027454
TTTATGCAGACAGCTG-1,-15.397851274612382,0.13048362133402416
TTTATGCAGCTGGTGA-1,-11.155769361578214,-4.765401023893526
TTTATGCAGGCTAGCA-1,-16.53961564952929,-2.788076854651984
TTTATGCGTAGGACCA-1,-15.957118544896634,1.9952739772535009
TTTATGCTCACACCGG-1,-16.822977958870368,-0.38323587135205905
TTTATGCTCGTGTTCC-1,-17.921523500993693,-0.9507907513269586
TTTCACAAGCTAGAAT-1,-11.99229130774227,-0.32562497826656817
TTTCACAGTACCCACG-1,-15.770153812386033,0.07742861647524216
TTTCACAGTGTTGCCG-1,-14.907710522143397,-0.9908182505912042
TTTCACATCAAGCTGT-1,-11.991933045515495,-0.7412703592654413
TTTCACATCTACTGAG-1,-16.528996384729165,0.7971557854484999
TTTCACATCTCACTCG-1,-13.267770751321459,-4.983045794322108
TTTCAGTAGCGAAACC-1,-16.323320711739097,-3.8121855658807795
TTTCAGTCAAACACGG-1,-14.770243145332708,-3.373681592782449
TTTCAGTTCATGAGAA-1,-16.323938051628506,1.350999815670744
TTTCAGTTCCATTCAT-1,-14.08784900535187,1.843498188676848
TTTCATGCAGTTGGTT-1,-14.480118920814725,0.25005657213078486
TTTCATGCATGAAAGT-1,-17.56140474728563,0.32749756032975574
TTTCATGGTTCCAAAC-1,-13.123396638633585,-0.8263654169671907
TTTCATGTCTTAAGGC-1,-12.782598868959338,1.2613097300350464
TTTCCTCAGGATCACG-1,-12.595868008968928,-1.3489781746542833
TTTCCTCCAATCGCAT-1,-11.23268470278607,-5.123385319884453
TTTCCTCGTAAGACCG-1,-16.64770699745359,1.466221212912181
TTTCCTCGTTGTGCAT-1,-13.86789259988963,-4.98914744165673
TTTCCTCTCCATACAG-1,-14.923478577486097,-2.6776148710755576
TTTCCTCTCGTGTGAT-1,-17.15234056810554,-2.6823173992932543
TTTCCTCTCTCTCTTC-1,-15.333549577187046,-0.9534986815614458
TTTCGATAGGTAGTCG-1,-11.93190259615799,-7.3861556490058
TTTCGATCAATACCCA-1,-16.46885199340153,-0.588083916323706
TTTCGATCACAGCCAC-1,-14.1815548831274,-4.27911575900836
TTTCGATGTCGAACAG-1,-17.475352785256945,-0.286688161409014
TTTCGATGTCGGCTAC-1,-16.13995700074269,0.22285355669147977
TTTCGATTCAACGAGG-1,-12.672870279391164,-1.7472705440540977
TTTCGATTCATTTGGG-1,-16.16894680691129,-3.4034942483683697
TTTCGATTCGGAATTC-1,-13.847787353860145,1.9709601024955394
TTTGACTGTAAGGCTG-1,-15.197657616658473,-0.2055930474706435
TTTGACTGTAGCTCGC-1,-16.2165501620802,2.128558798605085
TTTGACTGTCTCCCTA-1,-11.475159588507756,-4.936081944524487
TTTGACTGTTGTGCCG-1,-14.289945747373654,-3.0260372217707117
TTTGATCAGACCATAA-1,-12.471988991403801,-7.049887379941649
TTTGATCCAAATGCTC-1,-13.74814170164571,-3.2198809753690973
TTTGATCCAGGTAGTG-1,-17.554489488345194,-1.7239528676882885
TTTGATCCATACGCAT-1,-11.77755700423171,0.5730302783432447
TTTGATCGTACTCGTA-1,-12.34338065423405,-6.030912065958049
TTTGATCGTATCCTTT-1,-13.895780196987442,0.7842116490449367
TTTGATCGTGGAGAAA-1,-16.15490315024091,-1.3703443390159649
TTTGATCTCAAGCCCG-1,-13.84403694855699,-1.001379891260595
TTTGGAGAGGGTATAT-1,-12.958819677995379,0.19029974798983332
TTTGGAGCAGACAAGC-1,-15.892085429392138,-2.7622577580416126
TTTGGAGTCCCGAACG-1,-13.476451234686758,0.13579944580454695
TTTGGAGTCGTGGTAT-1,-16.033088856844447,1.447880725647622
TTTGGAGTCTGCTTAT-1,-12.969663889258825,-2.8740984317493683
TTTGGTTAGAACAGGA-1,-16.364174060191345,0.8950487011954412
TTTGGTTAGCAGATAT-1,-12.568347912983981,-5.794097507873254
TTTGGTTCACTAGGCC-1,-13.003595124263464,1.2508663728077003
TTTGGTTCAGCTACCG-1,-12.357824595598512,-0.8356582655705649
TTTGGTTCAGGACATG-1,-14.83582005997454,2.0226717040726574
TTTGGTTGTACAAGCG-1,-10.943793846894406,-5.287854878544881
TTTGGTTGTCGCAGTC-1,-15.433908246314711,0.8948729922543074
TTTGGTTTCAAAGGAT-1,-15.367313146943463,-2.235362959258714
TTTGTTGAGAACGTGC-1,-15.382099208375424,-3.7403530679326003
TTTGTTGGTAGGAAAG-1,-16.520916283788026,-0.6014720369107669
TTTGTTGGTGCAATGG-1,-17.13330140056453,-0.12819566091150572
TTTGTTGTCAAACGTC-1,-14.911292894867382,0.9860662371221154
TTTGTTGTCGCGGACT-1,-12.641024180958167,-7.430467040523583
TTTGTTGTCGCTGTCT-1,-16.17552549677492,-0.9056573347401046
TTTGTTGTCGTCCATC-1,-15.220008104882007,0.41008996443736145
TTTGTTGTCTGAGATC-1,-14.190897273534855,-3.543449992518563
