Barcode,Cluster
AAACCCAAGCTGAGCA-1,2
AAACCCAAGCTGTCCG-1,3
AAACCCACACAAATGA-1,4
AAACCCAGTATCTTCT-1,4
AAACCCAGTCGATTCA-1,1
AAACGAACAGGTTCGC-1,4
AAACGAAGTATTTCCT-1,1
AAACGAAGTCTTGAAC-1,3
AAACGAATCTCTGGTC-1,2
AAACGCTAGAGTGAAG-1,1
AAACGCTAGTCACTGT-1,3
AAAGAACAGAAACTGT-1,2
AAAGAACCAAAGGCGT-1,2
AAAGAACCACAAACGG-1,2
AAAGAACCAGTCAACT-1,4
AAAGAACCATTGTCGA-1,2
AAAGAACGTACCTAAC-1,1
AAAGAACGTCGGCTAC-1,3
AAAGAACGTTCAGCGC-1,3
AAAGAACTCAAACGAA-1,2
AAAGAACTCACATACG-1,5
AAAGAACTCTAGCATG-1,2
AAAGAACTCTGCCCTA-1,4
AAAGGATAGAAACTCA-1,3
AAAGGATCAAGCTACT-1,5
AAAGGATCACGCAAAG-1,1
AAAGGATGTACGGTTT-1,1
AAAGGATTCGGACCAC-1,5
AAAGGGCAGGAACGAA-1,4
AAAGGGCAGGTTACCT-1,3
AAAGGGCCAAACTAGA-1,4
AAAGGGCCAAATCAGA-1,3
AAAGGGCTCAATCTCT-1,5
AAAGGTACACGGTAGA-1,1
AAAGGTATCATACGGT-1,2
AAAGTCCAGTCGCTAT-1,5
AAAGTCCCAGGTCAAG-1,1
AAAGTCCGTAACGGTG-1,4
AAAGTCCGTTCCAAAC-1,2
AAAGTCCTCTGAGAGG-1,4
AAAGTGAAGACCAACG-1,1
AAAGTGAAGAGCCATG-1,2
AAAGTGAAGCTCTTCC-1,2
AAAGTGACAGGAATAT-1,4
AAAGTGAGTACGATGG-1,1
AAAGTGAGTCAGTTTG-1,1
AAAGTGAGTGTCGATT-1,4
AAAGTGATCACTGTTT-1,2
AAATGGACATGAAGCG-1,1
AAATGGAGTGAATGAT-1,1
AAATGGAGTGAGTAGC-1,3
AAATGGAGTTCGCGTG-1,3
AAATGGATCCTCACTG-1,4
AACAAAGAGATTGTGA-1,3
AACAAAGAGTTGCGCC-1,1
AACAAAGCACACCGAC-1,4
AACAAAGGTGGTTTAC-1,3
AACAAAGTCAAGAAAC-1,4
AACAAAGTCACGGAGA-1,1
AACAACCAGGAAGAAC-1,1
AACAACCAGGCTAACG-1,2
AACAACCCAGCAGTGA-1,1
AACAACCGTTTACGAC-1,1
AACAACCGTTTCTATC-1,2
AACAAGAAGAGCAGAA-1,4
AACAAGAAGGCATCAG-1,2
AACAAGAAGTAGAGTT-1,3
AACAAGAAGTTCATGC-1,1
AACAAGACACTGCATA-1,1
AACAAGACAGGAATAT-1,4
AACAAGAGTAATTAGG-1,3
AACAAGAGTGTTACAC-1,1
AACAAGAGTTATGACC-1,1
AACAAGATCGCCTATC-1,3
AACAAGATCGGTGTTA-1,3
AACACACCAGAGCTAG-1,1
AACAGGGAGACTAGAT-1,3
AACAGGGAGCGGATCA-1,3
AACAGGGAGCGTATGG-1,2
AACAGGGAGTTGCCTA-1,1
AACAGGGCAGAAGTTA-1,2
AACAGGGCAGCACAAG-1,2
AACAGGGGTCGACTTA-1,1
AACAGGGGTTAGAGAT-1,5
AACAGGGTCATTCACT-1,5
AACCAACAGCTGGCCT-1,2
AACCAACAGTAAGAGG-1,5
AACCAACGTCAAGGCA-1,4
AACCAACGTGGAAATT-1,4
AACCAACGTTGGCTAT-1,2
AACCAACTCGATGCAT-1,5
AACCACAAGCTCACTA-1,4
AACCACAGTGCGCTCA-1,3
AACCACAGTTGAGTCT-1,2
AACCATGAGGATATAC-1,2
AACCATGCAAACTCTG-1,1
AACCATGCATACTTTC-1,1
AACCATGCATGGGAAC-1,3
AACCATGGTCCGATCG-1,1
AACCATGGTTCAGTAC-1,1
AACCATGTCGGCTGGT-1,2
AACCCAAAGGTTCACT-1,2
AACCCAACAGACGGAT-1,3
AACCCAAGTGGGAGAG-1,1
AACCCAATCACTGATG-1,2
AACCCAATCCCATTCG-1,5
AACCTGAAGACCCTTA-1,5
AACCTGAAGCTAGTTC-1,3
AACCTGAGTACACTCA-1,5
AACCTGATCGTTAGTG-1,1
AACCTTTCACCGTACG-1,4
AACCTTTGTATCGCTA-1,2
AACCTTTGTCAACACT-1,3
AACCTTTGTTCCGCTT-1,1
AACCTTTGTTTCGTGA-1,1
AACGAAAAGATAGGGA-1,1
AACGAAAAGCCATCCG-1,2
AACGAAAAGTGATTCC-1,4
AACGAAACAATGCAAA-1,4
AACGAAACAGCTTCCT-1,2
AACGAAAGTGCGAACA-1,1
AACGAAAGTGTCCCTT-1,1
AACGAAATCAAAGAAC-1,3
AACGGGAAGCACTCAT-1,1
AACGGGAAGGGATCAC-1,5
AACGGGACAGTGTACT-1,3
AACGGGACATTCTCCG-1,1
AACGTCAAGGTCTTTG-1,2
AACGTCAAGTAAGGGA-1,1
AACGTCACAATTTCGG-1,2
AACGTCACACGGCGTT-1,2
AACGTCACACTACGGC-1,2
AACGTCACACTGTCCT-1,5
AACGTCACAGGCATTT-1,1
AACGTCACATTAGGCT-1,4
AACGTCAGTCGATTCA-1,3
AACGTCATCGGACGTC-1,1
AACGTCATCGGTAAGG-1,4
AACGTCATCTGGTTGA-1,1
AACTTCTCAAACGGCA-1,2
AACTTCTCACCGTCTT-1,2
AACTTCTGTACTCGAT-1,1
AACTTCTGTCTTGTCC-1,4
AACTTCTGTGCTGATT-1,2
AACTTCTTCACTCCGT-1,5
AACTTCTTCAGTCCGG-1,2
AACTTCTTCCTCTGCA-1,3
AACTTCTTCTACACTT-1,5
AACTTCTTCTGCCTCA-1,4
AAGAACACAATAACGA-1,5
AAGAACACAGATAAAC-1,2
AAGAACACAGTCAGAG-1,3
AAGAACACATTGCCGG-1,2
AAGAACAGTAAGCGGT-1,1
AAGACAAAGCTGCGAA-1,1
AAGACAAAGGAAACGA-1,3
AAGACAACATCGCTGG-1,2
AAGACAAGTCTCAAGT-1,4
AAGACTCAGATAACGT-1,2
AAGACTCAGCCTCAAT-1,3
AAGACTCAGCTGCCAC-1,1
AAGACTCAGTACGTCT-1,5
AAGACTCAGTTGAAAC-1,1
AAGACTCGTAGCGCCT-1,3
AAGACTCTCGGTCTAA-1,4
AAGATAGCAACATACC-1,5
AAGATAGTCTCCTGAC-1,3
AAGATAGTCTCTTAAC-1,5
AAGCATCAGACATCCT-1,1
AAGCATCAGATTGATG-1,3
AAGCATCAGCATAGGC-1,1
AAGCATCCAAGGCGTA-1,3
AAGCATCCAGATTCGT-1,4
AAGCATCCATACACCA-1,2
AAGCATCGTTAAAGTG-1,1
AAGCATCGTTTCAGAC-1,3
AAGCATCTCAAGCTGT-1,4
AAGCATCTCGGAAACG-1,3
AAGCATCTCGTGCATA-1,4
AAGCATCTCTATGTGG-1,1
AAGCCATAGGCTGAAC-1,3
AAGCCATCAGCGATTT-1,5
AAGCCATGTCAATGGG-1,4
AAGCCATGTGACTATC-1,1
AAGCCATGTTGCATTG-1,2
AAGCGAGAGATAACGT-1,3
AAGCGAGGTAGTTAGA-1,3
AAGCGAGTCAACTACG-1,4
AAGCGAGTCCGGTAAT-1,3
AAGCGAGTCCGTCACT-1,5
AAGCGAGTCTGCGTCT-1,3
AAGCGTTCAATACGCT-1,1
AAGCGTTGTTAGCGGA-1,1
AAGCGTTTCCGTGCGA-1,1
AAGGAATAGTCAGGGT-1,1
AAGGAATAGTGAGGCT-1,1
AAGGAATCAGACTGCC-1,2
AAGGAATCAGGCATTT-1,1
AAGGAATCATTCATCT-1,2
AAGGAATTCCACGGGT-1,4
AAGGAATTCCTTTGAT-1,3
AAGGTAAAGTTGCCTA-1,5
AAGGTAACACGAGGAT-1,3
AAGGTAACAGCGTGCT-1,1
AAGGTAACATATGAAG-1,1
AAGGTAACATTGCCTC-1,1
AAGGTAAGTCGTTTCC-1,4
AAGTACCAGATGATTG-1,2
AAGTACCCACAAATAG-1,5
AAGTACCCAGTTCTAG-1,1
AAGTACCTCATACGAC-1,2
AAGTACCTCCGTAGGC-1,1
AAGTACCTCCTTCGAC-1,4
AAGTCGTTCGTGTGGC-1,5
AAGTCGTTCTCAGGCG-1,3
AAGTCGTTCTTGCAAG-1,4
AAGTGAAAGGGTTAGC-1,2
AAGTGAAAGTACAACA-1,2
AAGTGAAAGTCGAAGC-1,4
AAGTGAACAATCGCGC-1,4
AAGTGAAGTCAAATCC-1,4
AAGTGAAGTTCACCGG-1,2
AAGTTCGAGATAGGGA-1,4
AAGTTCGCAACAGTGG-1,1
AAGTTCGCAAGTGTCT-1,3
AAGTTCGCAATGAGCG-1,3
AAGTTCGCAGAGGAAA-1,4
AAGTTCGCAGCCGTCA-1,1
AAGTTCGCATGACGGA-1,4
AAGTTCGGTCACTTCC-1,1
AAGTTCGTCGTCACCT-1,1
AAGTTCGTCTGTACAG-1,1
AATAGAGAGACTCAAA-1,5
AATAGAGAGGGCAATC-1,5
AATAGAGCAAGTCCCG-1,3
AATAGAGCAGAACTTC-1,4
AATAGAGCAGGAATAT-1,1
AATAGAGGTCAGTCGC-1,1
AATAGAGTCATTACTC-1,3
AATCACGCACAATGCT-1,2
AATCACGCACGACGCT-1,5
AATCACGGTAACATCC-1,2
AATCACGGTTCGAAGG-1,3
AATCACGGTTTCGTAG-1,1
AATCACGTCGAGAATA-1,3
AATCGACAGTCTGTAC-1,1
AATCGACCAGTAGTGG-1,1
AATCGACGTCGAACAG-1,1
AATCGACGTGTCTAAC-1,3
AATCGACTCGAGAGCA-1,1
AATCGTGAGTGTTCAC-1,3
AATCGTGCAAGTCCCG-1,4
AATCGTGCAGAGAGGG-1,2
AATCGTGTCAACACGT-1,3
AATGAAGAGAGGCGGA-1,1
AATGAAGCATGAATCC-1,5
AATGAAGGTCCCAAAT-1,4
AATGAAGGTGCACAAG-1,5
AATGAAGTCGGCTGTG-1,1
AATGACCGTACCTATG-1,4
AATGACCTCGCCTAGG-1,1
AATGACCTCGTAACTG-1,1
AATGCCAAGCGTCAGA-1,1
AATGCCACAAGACGAC-1,2
AATGCCACATGGTGGA-1,1
AATGCCATCAAGTAAG-1,3
AATGGAAAGGACGCTA-1,4
AATGGAAAGGTAAGGA-1,2
AATGGAACAACCGCTG-1,5
AATGGAACAACTCCAA-1,1
AATGGAACAAGAATAC-1,4
AATGGAAGTATCACGT-1,1
AATGGAATCGCTTAAG-1,2
AATGGCTAGAAACTAC-1,4
AATGGCTAGAGGACTC-1,2
AATGGCTAGGAAAGGT-1,1
AATGGCTAGGAACGCT-1,2
AATGGCTCACTGAATC-1,2
AATGGCTGTGTGAATA-1,5
AATGGCTTCGCTGACG-1,5
AATGGCTTCTCGGCTT-1,5
AATTCCTAGGATGCGT-1,3
AATTCCTCAGACTGCC-1,3
AATTCCTCAGTTCACA-1,4
AATTCCTCATTGGGAG-1,4
AATTCCTGTTTGGGAG-1,1
AATTCCTTCGCGCCAA-1,2
AATTCCTTCTGTCAGA-1,4
AATTTCCAGAAACTCA-1,3
AATTTCCAGAGCATTA-1,1
AATTTCCAGCCTATCA-1,2
AATTTCCAGTGTTGTC-1,3
AATTTCCCAACGCATT-1,2
AATTTCCGTATCGTGT-1,1
AATTTCCTCCGTATGA-1,2
AATTTCCTCGTCTCAC-1,1
AATTTCCTCTCTCGAC-1,3
AATTTCCTCTGACCCT-1,2
AATTTCCTCTTAAGGC-1,4
ACAAAGAAGTTATGGA-1,3
ACAAAGACATGACGGA-1,1
ACAAAGATCACTCTTA-1,2
ACAAAGATCATAGAGA-1,5
ACAAAGATCGATACAC-1,2
ACAAAGATCGCAGTGC-1,1
ACAACCAAGAGGCTGT-1,3
ACAACCACAATAGTCC-1,4
ACAACCACACATAACC-1,4
ACAAGCTAGAGGCGGA-1,3
ACAAGCTAGTTGGACG-1,2
ACAAGCTAGTTGGGAC-1,5
ACAAGCTCAATGTGGG-1,5
ACAAGCTTCAAACTGC-1,5
ACAAGCTTCACCATAG-1,1
ACAAGCTTCGGCCTTT-1,1
ACAAGCTTCTCCTGCA-1,4
ACACAGTAGGCGTCCT-1,2
ACACAGTAGGGACACT-1,2
ACACAGTAGGGCTGAT-1,1
ACACAGTAGGTAAGAG-1,2
ACACAGTAGTTCCGGC-1,2
ACACAGTCACTTGACA-1,1
ACACAGTTCCATTGCC-1,2
ACACAGTTCTAGAGCT-1,3
ACACCAAAGGGAGGCA-1,1
ACACCAAGTAGGTACG-1,3
ACACCAATCCCTCAAC-1,4
ACACCAATCGTCCTTG-1,5
ACACGCGAGAGGCTGT-1,1
ACACGCGAGAGTTGCG-1,4
ACACGCGAGGAACTCG-1,1
ACACGCGAGTAACCTC-1,4
ACACGCGCAAGCCATT-1,3
ACACGCGTCGCCACTT-1,5
ACACGCGTCTACTATC-1,1
ACACTGACAACCGACC-1,2
ACACTGACATGTGCTA-1,5
ACACTGAGTCACATTG-1,2
ACACTGATCAAGTGGG-1,1
ACACTGATCGCCACTT-1,2
ACACTGATCGTCAGAT-1,3
ACAGAAAAGATAGCTA-1,1
ACAGAAAAGCGTGAGT-1,1
ACAGAAACACCTCGTT-1,2
ACAGAAAGTATTTCGG-1,2
ACAGAAAGTCCAGGTC-1,2
ACAGAAAGTCGCCACA-1,4
ACAGAAAGTCTTTATC-1,1
ACAGCCGAGCCAACCC-1,2
ACAGCCGAGCTTGTTG-1,5
ACAGCCGAGTGCTCAT-1,4
ACAGCCGTCGCCACTT-1,2
ACAGCCGTCTATGCCC-1,4
ACAGCCGTCTCCTACG-1,2
ACAGGGAAGATAGCTA-1,3
ACAGGGAAGCTAAGTA-1,3
ACAGGGAAGGAAAGGT-1,3
ACAGGGACACTATCCC-1,2
ACAGGGACACTCTGCT-1,5
ACAGGGATCTAACGCA-1,4
ACAGGGATCTCTGCTG-1,1
ACAGGGATCTGTAACG-1,1
ACATCCCAGTGCACTT-1,2
ACATCCCCAAGAGAGA-1,1
ACATCCCCATTGCTGA-1,2
ACATCCCTCACTGCTC-1,3
ACATCGAAGTACTGTC-1,2
ACATCGAGTAAGCGGT-1,4
ACATCGAGTAGTCACT-1,4
ACATCGAGTCAATCTG-1,2
ACATCGAGTTATGGTC-1,1
ACATCGATCAGCGGAA-1,3
ACATCGATCTTGGATG-1,2
ACATGCAAGTTACGAA-1,4
ACATGCACAATTCACG-1,3
ACATGCAGTTCCGCGA-1,4
ACATGCAGTTGACTGT-1,3
ACATGCATCTGTTGGA-1,1
ACATTTCAGGTTAAAC-1,3
ACATTTCTCGCTGTCT-1,2
ACATTTCTCGGAACTT-1,1
ACCAAACCACGAGGTA-1,2
ACCAAACCACTGTGTA-1,5
ACCAAACGTAGTTCCA-1,1
ACCAAACGTCTTACAG-1,1
ACCAAACGTTGGAGAC-1,4
ACCAAACTCGCCTTTG-1,4
ACCAACAAGACAACTA-1,2
ACCAACAAGTCCTGCG-1,1
ACCAACACAGAACTTC-1,2
ACCAACAGTATTGGCT-1,4
ACCACAAAGTTGAATG-1,2
ACCACAACAAGTCGTT-1,1
ACCACAACACCATATG-1,5
ACCACAAGTGTCGCTG-1,1
ACCACAATCTATTGTC-1,3
ACCATTTAGAGGGTGG-1,1
ACCATTTCATTCACAG-1,4
ACCATTTGTATTGACC-1,2
ACCATTTGTCAGACTT-1,4
ACCATTTGTCCTTGTC-1,2
ACCATTTGTGCATTTG-1,5
ACCATTTTCGGTGTAT-1,4
ACCATTTTCTCTAGGA-1,4
ACCCAAAAGCTGTGCC-1,4
ACCCAAACAGTCTTCC-1,2
ACCCAAAGTCTTGTCC-1,1
ACCCAAATCTCCAAGA-1,1
ACCCTCAAGAAGGTAG-1,3
ACCCTCAAGCGTCGAA-1,1
ACCCTCAAGGTTACAA-1,1
ACCCTCAGTATCGCGC-1,2
ACCCTCATCAAGCTGT-1,5
ACCCTTGAGCTCATAC-1,1
ACCCTTGAGTCCCGAC-1,5
ACCGTTCGTAGACAAT-1,1
ACCGTTCGTTACAGCT-1,5
ACCTACCAGCGACTAG-1,4
ACCTACCAGGGTAGCT-1,1
ACCTACCGTCGTTTCC-1,3
ACCTACCGTTGCGGCT-1,1
ACCTACCTCAGCTGTA-1,5
ACCTACCTCCGTGTAA-1,2
ACCTACCTCGTTCATT-1,1
ACCTACCTCTTTCGAT-1,1
ACCTGAAAGCGACATG-1,4
ACCTGAACATGCAGGA-1,1
ACCTGAAGTCGCACAC-1,3
ACCTGAATCCTTTGAT-1,4
ACCTGTCAGCACTGGA-1,4
ACCTGTCAGGATCATA-1,1
ACCTGTCCACTATCGA-1,4
ACCTGTCTCATGCCAA-1,3
ACCTGTCTCCAGTTCC-1,5
ACGATCAAGTACCCTA-1,4
ACGATCACATAGAAAC-1,5
ACGATCATCATCCCGT-1,5
ACGATGTAGTGCTACT-1,1
ACGATGTAGTTTGGCT-1,3
ACGATGTCAGATCATC-1,3
ACGATGTGTATGGTTC-1,4
ACGATGTGTATTAAGG-1,2
ACGATGTGTCGTGGTC-1,4
ACGATGTGTTCCAAAC-1,5
ACGATGTTCTATACTC-1,5
ACGATGTTCTGCTTAT-1,1
ACGCACGCAAGTTGGG-1,2
ACGCACGCACCGTCGA-1,3
ACGCACGCAGAAATTG-1,5
ACGCACGTCGTGCACG-1,4
ACGCACGTCTCGACGG-1,2
ACGGAAGAGTCTAGAA-1,3
ACGGAAGCAGTAACAA-1,5
ACGGAAGTCATCGGGC-1,1
ACGGAAGTCGAATGCT-1,3
ACGGGTCGTATTGAGA-1,3
ACGGGTCGTCAACATC-1,1
ACGGGTCGTGCACATT-1,4
ACGGGTCGTGTTGATC-1,1
ACGGGTCTCATTGAGC-1,4
ACGGTCGAGAGTCAGC-1,1
ACGGTCGAGATAGTCA-1,1
ACGGTCGAGATCACCT-1,1
ACGGTCGCACTCACTC-1,5
ACGGTCGCAGCTCATA-1,3
ACGGTCGGTGGACTAG-1,3
ACGGTCGTCGATACAC-1,1
ACGGTCGTCGGTGCAC-1,2
ACGGTTAAGAGACAAG-1,4
ACGGTTACACTTACAG-1,5
ACGGTTATCACGGACC-1,2
ACGGTTATCAGACATC-1,1
ACGGTTATCAGTGTGT-1,1
ACGGTTATCTGTCGCT-1,1
ACGTAACAGGTCCCTG-1,5
ACGTAACAGTCTGGTT-1,1
ACGTAACCATATGGCT-1,4
ACGTAACCATGTGCTA-1,3
ACGTAACTCACCTTGC-1,2
ACGTAACTCAGACTGT-1,2
ACGTACAAGCAGAAAG-1,2
ACGTACAAGTTACGAA-1,4
ACGTACACACTAAACC-1,5
ACGTACAGTACGACTT-1,3
ACGTACATCAAAGGTA-1,1
ACGTACATCCTACCGT-1,4
ACGTACATCCTCACTG-1,1
ACGTACATCGGCCCAA-1,4
ACGTAGTAGCAGGCTA-1,3
ACGTAGTAGGCCCGTT-1,3
ACGTAGTAGGTCCTGC-1,2
ACGTAGTAGTCATGCT-1,5
ACGTAGTCACTACCGG-1,3
ACGTAGTGTTAATGAG-1,1
ACGTAGTTCTCCGCAT-1,2
ACGTCCTAGTCGAAGC-1,2
ACGTCCTCAATGGCAG-1,1
ACGTCCTCACCTATCC-1,4
ACGTCCTCAGTAGTGG-1,1
ACGTCCTGTACGAGCA-1,2
ACGTCCTGTATCAAGA-1,3
ACGTCCTGTCGTTCAA-1,4
ACGTCCTGTGAGTTGG-1,4
ACGTTCCAGTACTCGT-1,5
ACGTTCCAGTGGATAT-1,1
ACGTTCCGTACGCGTC-1,5
ACGTTCCGTCGCACAC-1,3
ACGTTCCGTGGTTCTA-1,3
ACGTTCCGTGTCGATT-1,4
ACGTTCCTCCTACACC-1,3
ACTACGAAGACTTAAG-1,4
ACTACGAAGAGGACTC-1,1
ACTACGAAGGCTCAAG-1,3
ACTACGAGTCACAGTT-1,5
ACTACGAGTCTGTCCT-1,2
ACTACGAGTTGAGAGC-1,2
ACTACGATCGGCGATC-1,3
ACTATCTAGCAGCCCT-1,3
ACTATCTCACGCTGCA-1,5
ACTATCTGTCAGTCTA-1,5
ACTATCTTCAAGATAG-1,4
ACTATCTTCAATCTCT-1,2
ACTATCTTCCGCACTT-1,2
ACTATGGAGAATTGTG-1,3
ACTATGGCAAGCGATG-1,1
ACTATGGCAAGTGACG-1,4
ACTATGGCAGGGAGAG-1,3
ACTATGGTCCTGATAG-1,5
ACTATGGTCGTGCACG-1,3
ACTATGGTCTGTGTGA-1,1
ACTATTCAGCGAGGAG-1,2
ACTATTCAGTAGTGCG-1,3
ACTATTCCAAACTCTG-1,2
ACTATTCGTAGCTGAG-1,2
ACTATTCGTTCCAGGC-1,2
ACTATTCTCCATCGTC-1,5
ACTATTCTCTTCGTAT-1,2
ACTCCCAAGCGCTGCT-1,2
ACTCCCAAGCTTAAGA-1,3
ACTCCCAAGGTAAAGG-1,1
ACTCCCAAGGTAGTAT-1,5
ACTCCCACAGGAGGTT-1,3
ACTCCCAGTCGGCACT-1,1
ACTCCCAGTTCTTCAT-1,5
ACTCCCATCAGTCTTT-1,2
ACTCTCGAGGTTCACT-1,3
ACTCTCGCACACACTA-1,2
ACTCTCGCAGCAGTGA-1,2
ACTCTCGCAGTCAGTT-1,1
ACTCTCGGTGTGTGGA-1,1
ACTCTCGGTTTGATCG-1,3
ACTCTCGTCACTGATG-1,4
ACTCTCGTCATACAGC-1,4
ACTCTCGTCTGGTGCG-1,2
ACTCTCGTCTTCCCAG-1,3
ACTGATGAGGCTCTAT-1,1
ACTGATGAGTTTGCTG-1,4
ACTGATGCATCCCACT-1,4
ACTGATGGTAATTGGA-1,3
ACTGATGTCCTCACTG-1,5
ACTGATGTCCTCAGAA-1,4
ACTGATGTCGCCGAGT-1,5
ACTGTCCAGAGCAGAA-1,2
ACTGTCCAGGATTTAG-1,3
ACTGTCCCATTGACCA-1,5
ACTGTCCGTAGAGATT-1,2
ACTGTCCGTAGCGTTT-1,4
ACTGTCCGTCTCACAA-1,4
ACTGTCCGTTTCACTT-1,2
ACTGTCCTCCTCAGGG-1,5
ACTGTCCTCTCAACGA-1,3
ACTGTGACAATACGCT-1,2
ACTGTGAGTACTGAGG-1,2
ACTGTGAGTAGGCAGT-1,3
ACTGTGAGTGTTCGTA-1,5
ACTGTGAGTTATCCAG-1,4
ACTGTGATCGCTGACG-1,3
ACTTAGGAGCCTCAAT-1,5
ACTTAGGAGCGGACAT-1,1
ACTTAGGAGTCTTCCC-1,3
ACTTAGGCAGCAGTAG-1,2
ACTTAGGGTATACAGA-1,2
ACTTAGGGTGTCCAAT-1,1
ACTTAGGGTGTGACCC-1,3
ACTTAGGGTTGCGTAT-1,2
ACTTAGGTCTTCCAGC-1,1
ACTTATCAGTGGTGGT-1,4
ACTTATCCACGACGAA-1,1
ACTTATCCACTAACCA-1,2
ACTTATCCATACAGGG-1,4
ACTTATCGTTTGCAGT-1,3
ACTTATCTCGCTCATC-1,2
ACTTATCTCGGACCAC-1,5
ACTTCCGAGATAACAC-1,4
ACTTCCGAGGAGATAG-1,4
ACTTCCGCATCGTGGC-1,3
ACTTCCGGTGCAGGAT-1,4
ACTTCCGTCGAGCCTG-1,5
ACTTCCGTCGCGTTTC-1,4
ACTTCCGTCGCTCCTA-1,2
ACTTCCGTCGGCTGTG-1,1
ACTTCGCAGAACTCCT-1,1
ACTTCGCAGTCTTCCC-1,2
ACTTCGCCACGACGTC-1,2
ACTTCGCCAGAGGACT-1,3
ACTTCGCGTACCAGAG-1,2
ACTTCGCGTACCGGCT-1,2
ACTTCGCGTAGCACGA-1,1
ACTTCGCGTGAACTAA-1,3
ACTTCGCGTGAGTAGC-1,4
ACTTTCAAGAGGTTAT-1,4
ACTTTCACACCTTCCA-1,2
ACTTTCAGTGTACAGG-1,5
ACTTTCAGTTCCGTTC-1,5
ACTTTCATCACAAGGG-1,2
ACTTTGTCAACTTCTT-1,5
ACTTTGTCATGACGAG-1,2
ACTTTGTGTATGTCAC-1,1
ACTTTGTGTGTTACTG-1,2
ACTTTGTTCAATCAGC-1,4
ACTTTGTTCCGCTTAC-1,2
ACTTTGTTCTGCGTCT-1,1
AGAAATGAGATGCGAC-1,3
AGAAATGCAACACAGG-1,1
AGAAATGGTCACTCAA-1,1
AGAAATGGTCCCAAAT-1,5
AGAAATGGTCGACTGC-1,4
AGAAATGGTCTCAGAT-1,2
AGAAATGTCAAATAGG-1,5
AGAAATGTCGTTCGCT-1,1
AGAAATGTCTAGCCTC-1,5
AGAACAAAGAACCGCA-1,1
AGAACAAGTAAGCAAT-1,2
AGAACAAGTATTGAGA-1,2
AGAACAAGTCAGCTTA-1,1
AGAACAAGTTGCATAC-1,4
AGAACAATCCCGTTGT-1,5
AGAACAATCTCCTGAC-1,1
AGAACCTAGAGGACTC-1,2
AGAACCTGTGCATACT-1,1
AGAACCTGTTGTGTTG-1,3
AGAACCTTCTCATGCC-1,4
AGAAGCGAGAAGTGTT-1,3
AGAAGCGAGGCGATAC-1,3
AGAAGCGAGTAAGGGA-1,1
AGAAGCGCATGATAGA-1,1
AGAAGCGGTGAGGAAA-1,3
AGAAGTAAGCAGCACA-1,1
AGAAGTACAAGAAATC-1,4
AGAAGTACACAAGCCC-1,5
AGAAGTACACCTTCCA-1,4
AGAAGTAGTGATCATC-1,4
AGAAGTATCAGACCCG-1,4
AGAAGTATCTGAGCAT-1,1
AGACAAAAGTAATCCC-1,3
AGACAAACAGTTGTTG-1,3
AGACAAAGTACGACAG-1,4
AGACAAAGTGGGTTGA-1,3
AGACAAATCTATGCCC-1,4
AGACACTAGCGACTGA-1,5
AGACACTAGCTCGCAC-1,5
AGACACTCAATAGTAG-1,3
AGACACTGTAACATAG-1,2
AGACACTGTATTCCTT-1,2
AGACACTGTGGCAACA-1,4
AGACACTTCCCTATTA-1,5
AGACAGGGTGGTCTCG-1,2
AGACAGGGTTCCACAA-1,5
AGACCATCATCATTTC-1,2
AGACCATCATTGCAAC-1,5
AGACCATGTATTGACC-1,2
AGACCATTCCTCACCA-1,2
AGACCATTCGCCGTGA-1,1
AGACCCGAGCACTGGA-1,5
AGACCCGAGCGATGCA-1,4
AGACCCGAGTAACGTA-1,5
AGACCCGCACGTTCGG-1,1
AGACCCGGTGCAAGAC-1,2
AGACCCGTCATCTATC-1,1
AGACCCGTCCCTCGAT-1,3
AGACTCAAGACGCCAA-1,5
AGACTCAAGAGAAGGT-1,4
AGACTCAAGCTGTCCG-1,1
AGACTCAGTAGTCTTG-1,3
AGACTCAGTTAATCGC-1,1
AGACTCAGTTACCTGA-1,4
AGACTCAGTTGGGTTT-1,1
AGACTCATCGGTGTTA-1,4
AGAGAATAGAGAATCT-1,1
AGAGAATCATTCAGGT-1,3
AGAGAATTCCGATAAC-1,1
AGAGAGCCACCAGTTA-1,3
AGAGAGCGTAGGGAGG-1,3
AGAGAGCTCATGCGGC-1,3
AGAGCAGAGATTGACA-1,1
AGAGCAGCATCGCTGG-1,3
AGAGCAGGTCGCAACC-1,3
AGAGCAGTCAGTGGGA-1,3
AGAGCCCAGATACTGA-1,1
AGAGCCCCACAGTCCG-1,1
AGAGCCCGTTCAGCTA-1,3
AGAGCCCTCCACTGGG-1,3
AGAGCCCTCGGACGTC-1,2
AGAGCCCTCGTCACCT-1,3
AGAGCCCTCTCATTAC-1,4
AGATAGAAGTATTAGG-1,3
AGATAGACACGTCGGT-1,1
AGATAGACATGCAGGA-1,5
AGATCCACAACCAGAG-1,3
AGATCCACAGGGACTA-1,5
AGATCCAGTTACGATC-1,1
AGATCCAGTTGAAGTA-1,2
AGATCGTCAGGTCTCG-1,1
AGATCGTGTGGGAGAG-1,3
AGATCGTGTTTCCATT-1,1
AGATCGTTCCTTTGAT-1,3
AGATGAAGTGGTCCGT-1,1
AGATGAATCCAACCGG-1,2
AGATGCTAGCAAACAT-1,3
AGATGCTCAAGGGCAT-1,3
AGATGCTCATGATCTG-1,4
AGATGCTGTAGGCTCC-1,4
AGATGCTGTCATAACC-1,5
AGATGCTGTGGTTTGT-1,5
AGATGCTGTTATCCAG-1,3
AGATGCTTCACTTGGA-1,3
AGATGCTTCAGGGTAG-1,1
AGCATCAAGATTGCGG-1,4
AGCATCAGTACGCTAT-1,4
AGCATCATCAAGGTGG-1,2
AGCATCATCCAGTGCG-1,1
AGCCAATAGACTTAAG-1,2
AGCCAATCACTGGAAG-1,3
AGCCAATCAGTGACCC-1,1
AGCCAATTCGCAAGAG-1,5
AGCCACGCACAAATGA-1,2
AGCCACGGTTGTGTAC-1,3
AGCCAGCAGCGAGGAG-1,3
AGCCAGCCAATGCAGG-1,2
AGCCAGCCAGCAATTC-1,1
AGCCAGCCAGCCATTA-1,2
AGCCAGCGTTGCCATA-1,2
AGCCAGCTCCCGTGAG-1,2
AGCCAGCTCTGTACAG-1,5
AGCGATTAGATTGCGG-1,1
AGCGATTAGGTTCTTG-1,3
AGCGATTAGGTTGACG-1,3
AGCGATTCACTGCATA-1,3
AGCGATTCATGGCTAT-1,1
AGCGATTGTCTAGTGT-1,3
AGCGATTGTGTCTTAG-1,3
AGCGATTTCCAGCTCT-1,3
AGCGCCAAGGTCGTAG-1,4
AGCGCCAAGTCATCCA-1,2
AGCGCCACATCCGCGA-1,5
AGCGCCATCGTGCACG-1,5
AGCGCCATCTATTTCG-1,2
AGCGCCATCTCTCGAC-1,5
AGCGCTGAGATGATTG-1,3
AGCGCTGCAACTCCCT-1,1
AGCGCTGCAATGGGTG-1,2
AGCGCTGGTCTTAGTG-1,1
AGCGCTGTCGGTTAGT-1,1
AGCGTATAGAATCCCT-1,5
AGCGTATAGAGCCCAA-1,4
AGCGTATAGCACTCCG-1,2
AGCGTATAGCGACATG-1,1
AGCGTATAGGGAGGGT-1,5
AGCGTATGTCATATGC-1,1
AGCGTATTCCGTAGGC-1,1
AGCGTATTCGTTGTAG-1,5
AGCGTATTCGTTGTGA-1,3
AGCGTCGAGGGCCAAT-1,1
AGCGTCGCACTGTCGG-1,3
AGCGTCGGTTCCTACC-1,3
AGCGTCGGTTTACTGG-1,5
AGCTACAAGGTGGGTT-1,3
AGCTACAAGTAACCGG-1,4
AGCTACACACAAGCTT-1,2
AGCTACACAGCAGAAC-1,5
AGCTACAGTATCGATC-1,2
AGCTACATCTCTCAAT-1,2
AGCTCAAGTAAGGCCA-1,2
AGCTCAATCATCAGTG-1,3
AGCTCAATCGTTGCCT-1,4
AGCTCAATCTCCGAGG-1,4
AGCTTCCAGAAATCCA-1,5
AGCTTCCAGGTATTGA-1,3
AGCTTCCGTCGTGCCA-1,5
AGCTTCCGTTGATGTC-1,2
AGCTTCCGTTGTTGAC-1,4
AGCTTCCTCCAGTTCC-1,2
AGCTTCCTCTTAGTTC-1,5
AGGAAATTCAGGTAAA-1,3
AGGAATAAGCTTCATG-1,4
AGGAATAAGTTGTAAG-1,1
AGGAATAAGTTGTAGA-1,1
AGGAATACAAATGAAC-1,3
AGGAATACAACATCGT-1,3
AGGAATACAACTGCCG-1,4
AGGAATACAGGACGAT-1,4
AGGAATACAGTATGAA-1,5
AGGAATACATCTTTCA-1,1
AGGAATACATGTCAGT-1,2
AGGAATAGTATACCTG-1,1
AGGAATAGTGCTGTCG-1,1
AGGAATATCCACACCT-1,2
AGGAATATCGTAACAC-1,3
AGGACGAAGAACCGCA-1,4
AGGACGAAGGTACATA-1,2
AGGACGACACACCTTC-1,2
AGGACGACACGCTGAC-1,3
AGGACGAGTAGATCCT-1,3
AGGACGAGTAGCCCTG-1,2
AGGACTTAGTACAGCG-1,2
AGGACTTCACCCTTGT-1,3
AGGACTTCAGACGGAT-1,1
AGGACTTCAGTTTCAG-1,1
AGGACTTGTCTCAGGC-1,2
AGGACTTTCAAGAGTA-1,3
AGGACTTTCCCAATAG-1,1
AGGACTTTCGAGAGAC-1,5
AGGAGGTAGCCTTCTC-1,1
AGGAGGTAGTCCCAGC-1,2
AGGAGGTCAAGTAGTA-1,2
AGGAGGTCACCTGCGA-1,5
AGGAGGTCACTCCCTA-1,2
AGGAGGTCATTGGGAG-1,4
AGGAGGTGTGTTCGTA-1,1
AGGAGGTGTTTGGAAA-1,1
AGGATAAAGAAACACT-1,4
AGGATAAAGGTAATCA-1,3
AGGATAACAAGACAAT-1,4
AGGATAATCAGACTGT-1,1
AGGATAATCTGGACTA-1,2
AGGATCTAGTTGCCTA-1,3
AGGATCTGTCGTTTCC-1,1
AGGATCTGTTCCCAAA-1,1
AGGATCTGTTGTGCAT-1,1
AGGATCTGTTTCTTAC-1,5
AGGATCTGTTTGAAAG-1,4
AGGATCTTCACCCTTG-1,2
AGGATCTTCCGAGCTG-1,1
AGGCATTAGAGAATCT-1,5
AGGCATTAGTAGGATT-1,5
AGGCATTCAGGCTACC-1,4
AGGCATTCATGATAGA-1,1
AGGCATTGTACTGAGG-1,3
AGGCATTGTAGGGAGG-1,3
AGGCATTGTATGTCCA-1,4
AGGCATTGTTACCTTT-1,3
AGGCATTGTTGCATTG-1,1
AGGCATTTCCAAACCA-1,1
AGGCATTTCGGCATCG-1,1
AGGCCACAGAAGCGCT-1,1
AGGCCACCAAGATGTA-1,1
AGGCCACCAGTATACC-1,2
AGGCCACGTTAAGAAC-1,5
AGGCCACTCCTTATCA-1,5
AGGCTGCAGACGCCAA-1,4
AGGCTGCAGGACTTCT-1,1
AGGCTGCAGTCGCCCA-1,3
AGGCTGCCAAGAAATC-1,2
AGGCTGCGTAGATCGG-1,1
AGGCTGCGTATACCCA-1,1
AGGCTGCGTGGACTGA-1,3
AGGCTGCGTTCTAACG-1,5
AGGCTGCTCAGACTGT-1,4
AGGCTGCTCCCTTGGT-1,5
AGGCTGCTCTCTGGTC-1,2
AGGGAGTTCAGATGCT-1,1
AGGGAGTTCGGCGATC-1,2
AGGGCCTGTATCACCA-1,3
AGGGCCTTCCTTGACC-1,1
AGGGCTCAGCCGTAAG-1,2
AGGGCTCCACCGCTAG-1,3
AGGGCTCGTATCGCTA-1,3
AGGGCTCGTGGTTCTA-1,3
AGGGCTCTCATACGGT-1,2
AGGGCTCTCCGATAAC-1,1
AGGGCTCTCGACGTCG-1,1
AGGGTCCAGTGTAGTA-1,1
AGGGTCCTCATTTCGT-1,2
AGGGTGAAGAATCCCT-1,1
AGGGTGACATGTTCAG-1,2
AGGGTGAGTAACAGGC-1,5
AGGGTGAGTAGAATAC-1,3
AGGGTGAGTTCGCGTG-1,4
AGGGTGATCGATCCCT-1,3
AGGGTTTAGGAACTCG-1,1
AGGGTTTCATTGAAGA-1,4
AGGGTTTTCATGCAGT-1,1
AGGTAGGAGATGAAGG-1,4
AGGTAGGAGGCACCAA-1,1
AGGTAGGAGTGTTGAA-1,1
AGGTAGGCACATACGT-1,1
AGGTAGGCAGTTAGGG-1,1
AGGTAGGGTCTGGTTA-1,4
AGGTAGGGTGGAACCA-1,2
AGGTAGGGTTGTGGAG-1,1
AGGTCATAGCGTCGAA-1,5
AGGTCATAGTCGGCCT-1,1
AGGTCATCAGCAGAAC-1,5
AGGTCATGTATGAGAT-1,1
AGGTCATGTTGTAAAG-1,1
AGGTCTAAGGATGCGT-1,3
AGGTCTAGTCAATGGG-1,5
AGGTCTAGTCTTCGAA-1,2
AGGTCTATCCCTTGTG-1,1
AGGTCTATCGTAGTGT-1,4
AGGTCTATCTTTGCGC-1,4
AGGTGTTAGATGCTTC-1,5
AGGTGTTAGTCTTCGA-1,5
AGGTGTTCACTACACA-1,5
AGGTGTTGTCTTTCTA-1,5
AGGTGTTGTTCTCCTG-1,1
AGGTGTTGTTGGGAAC-1,1
AGGTTACGTAACACCT-1,1
AGGTTACGTACCATAC-1,5
AGGTTACGTAGATCGG-1,3
AGGTTACGTTCAAGGG-1,4
AGGTTACTCATTTGTC-1,3
AGGTTACTCGTGACTA-1,4
AGGTTACTCTGATGGT-1,4
AGGTTGTAGAAGTCCG-1,1
AGGTTGTAGTCTCCTC-1,5
AGGTTGTAGTCTGCGC-1,3
AGGTTGTGTCGTGGTC-1,3
AGGTTGTGTGTTTCTT-1,1
AGGTTGTTCACACCCT-1,1
AGTAACCAGACAACAT-1,3
AGTAACCCAATAGAGT-1,1
AGTAACCCAGCTGCCA-1,1
AGTAACCTCTATTTCG-1,3
AGTAACCTCTTAAGGC-1,1
AGTACCAAGCACCAGA-1,5
AGTACCACAACGACAG-1,5
AGTACCACAAGGTTGG-1,4
AGTACCAGTGCACAAG-1,3
AGTACCAGTGGAATGC-1,1
AGTACTGAGCGAACTG-1,2
AGTACTGAGGTTGAGC-1,4
AGTACTGAGTAGAGTT-1,2
AGTACTGTCATTATCC-1,1
AGTACTGTCTGGGATT-1,1
AGTACTGTCTTCGTAT-1,2
AGTACTGTCTTGGCTC-1,5
AGTAGCTAGCGTACAG-1,4
AGTAGCTAGGTAAGGA-1,4
AGTAGCTCAGAGAATT-1,3
AGTAGCTCATTGAGCT-1,3
AGTAGCTTCAACCCGG-1,5
AGTAGCTTCACCTACC-1,4
AGTAGCTTCCCATTCG-1,1
AGTAGTCAGACTGGGT-1,4
AGTAGTCAGCTAAATG-1,2
AGTAGTCAGCTACTAC-1,2
AGTAGTCAGTTAACAG-1,3
AGTAGTCGTCGACGCT-1,3
AGTAGTCGTGTATACC-1,5
AGTAGTCGTTGCATTG-1,1
AGTCAACAGACATGCG-1,2
AGTCAACAGGCGTTAG-1,1
AGTCAACAGGTACATA-1,5
AGTCAACAGTAATTGG-1,1
AGTCAACGTATAGCTC-1,1
AGTCAACGTTACGGAG-1,3
AGTCAACTCCCTGGTT-1,5
AGTCACAAGAACAAGG-1,1
AGTCACAAGCCATGCC-1,2
AGTCACAGTACCATAC-1,4
AGTCACAGTTCTTGTT-1,2
AGTCACATCGGCTTCT-1,3
AGTCATGAGGAAGTCC-1,1
AGTCATGAGTAGAATC-1,2
AGTCATGGTGAATAAC-1,1
AGTCATGTCTCCGTGT-1,4
AGTCTCCAGCTGTTCA-1,5
AGTCTCCAGGTAACTA-1,5
AGTCTCCCAAGTCCAT-1,5
AGTCTCCGTCCAAATC-1,1
AGTCTCCGTGACTCGC-1,3
AGTCTCCTCGCCCAGA-1,3
AGTGACTAGACCCTTA-1,1
AGTGACTGTTAGGAGC-1,2
AGTGACTTCATGCGGC-1,3
AGTGACTTCTCTTCAA-1,2
AGTGATCAGGTTCATC-1,2
AGTGATCGTCACAGTT-1,2
AGTGATCGTCAGCTTA-1,1
AGTGATCGTCCAATCA-1,5
AGTGATCGTCCAGCAC-1,1
AGTGATCTCTCGCCTA-1,1
AGTGCCGAGGACAGTC-1,2
AGTGCCGCACTTCCTG-1,1
AGTGCCGGTCCGAAAG-1,3
AGTGTTGAGTCGAAGC-1,4
AGTGTTGGTTGAATCC-1,5
AGTGTTGTCATGCGGC-1,4
AGTTAGCCAATTTCCT-1,5
AGTTAGCCACGTACAT-1,1
AGTTAGCCAGGACGAT-1,1
AGTTAGCCAGTATTCG-1,5
AGTTAGCCATCGAGCC-1,1
AGTTAGCTCAACTTTC-1,2
AGTTAGCTCCCATAGA-1,1
AGTTAGCTCGACGCTG-1,3
AGTTCCCGTAGGCAAC-1,1
AGTTCGAGTCCTCCTA-1,1
AGTTCGAGTGCCTATA-1,4
AGTTCGAGTGCCTTCT-1,5
AGTTCGATCCGCAAAT-1,2
AGTTCGATCCTAGCGG-1,2
ATACCGACATCCGGTG-1,1
ATACCGATCGTAGAGG-1,1
ATACCGATCTCCTACG-1,2
ATACCTTAGCTAATCC-1,2
ATACCTTCAAGAAATC-1,3
ATACCTTCAGGACATG-1,1
ATACCTTGTGCCAAGA-1,5
ATACCTTGTTGCGAAG-1,2
ATACCTTTCACCGCTT-1,1
ATACCTTTCGGACCAC-1,2
ATACCTTTCTCCAATT-1,5
ATACTTCAGAGAGTTT-1,3
ATACTTCAGCACCCAC-1,3
ATACTTCAGGCGAAGG-1,1
ATACTTCCAGTAGTGG-1,2
ATACTTCGTACACGCC-1,2
ATACTTCGTACAGCGA-1,3
ATAGACCAGAAACTGT-1,1
ATAGACCGTAGGGTAC-1,1
ATAGACCTCCCAGCGA-1,4
ATAGACCTCCGTACGG-1,1
ATAGAGACAAAGGCGT-1,4
ATAGAGACAGTATTCG-1,5
ATAGAGACATCAACCA-1,1
ATAGAGACATGCCATA-1,4
ATAGGCTCATGACAAA-1,2
ATAGGCTGTGTGAATA-1,3
ATAGGCTGTTGGAGGT-1,3
ATAGGCTTCCTCTTTC-1,2
ATATCCTAGACATACA-1,2
ATATCCTAGCAGCACA-1,2
ATATCCTAGCTCGCAC-1,2
ATATCCTCATGTTCAG-1,2
ATATCCTGTCCTGTTC-1,5
ATATCCTGTCGACTGC-1,4
ATATCCTGTTCCGCAG-1,2
ATATCCTTCATGCATG-1,2
ATATCCTTCATGCTAG-1,2
ATATCCTTCCAACCAA-1,4
ATATCCTTCCACAGCG-1,2
ATATCCTTCCATCTGC-1,3
ATATCCTTCTAGCCAA-1,1
ATCACAGCAAAGAACT-1,2
ATCACAGGTGACTAAA-1,5
ATCACAGGTGACTCTA-1,3
ATCACAGTCCATAAGC-1,2
ATCACAGTCGCTGATA-1,3
ATCACGACAAAGTATG-1,2
ATCACGACAAGTAGTA-1,3
ATCACGAGTCGGAAAC-1,3
ATCACGATCTTCTGGC-1,1
ATCACTTAGAACAAGG-1,1
ATCACTTAGTTCTCTT-1,2
ATCACTTTCGAAGGAC-1,2
ATCACTTTCTGAACGT-1,2
ATCACTTTCTGCTCTG-1,2
ATCAGGTAGCAACTTC-1,1
ATCAGGTAGCCTCAAT-1,4
ATCAGGTCACCCATAA-1,2
ATCATTCAGTTCCGTA-1,4
ATCATTCTCAAGTCTG-1,4
ATCATTCTCCCATTTA-1,5
ATCCACCGTCGAGTGA-1,3
ATCCACCGTGACCGTC-1,2
ATCCACCTCGGAGCAA-1,4
ATCCACCTCTCCAAGA-1,2
ATCCATTAGAAACACT-1,5
ATCCATTAGACAACAT-1,2
ATCCATTCAACATCGT-1,1
ATCCATTGTGGCAACA-1,3
ATCCATTGTTCCGTTC-1,5
ATCCATTGTTCGATTG-1,4
ATCCCTGCACAAGCCC-1,2
ATCCCTGCAGAGACTG-1,1
ATCCCTGGTCATCGGC-1,3
ATCCCTGGTTGCTCAA-1,4
ATCCCTGTCATATGGC-1,4
ATCCGTCAGTCATGGG-1,1
ATCCGTCCAAGGGTCA-1,4
ATCCGTCCACGCTTAA-1,2
ATCCGTCCAGAGCTAG-1,5
ATCCGTCCATCAGTCA-1,4
ATCCGTCCATGGCGCT-1,2
ATCCGTCGTGCCTATA-1,3
ATCCGTCTCACCTTAT-1,5
ATCCGTCTCCGTTTCG-1,2
ATCCTATAGGGAACAA-1,2
ATCCTATGTCTACACA-1,3
ATCCTATTCCGTGGGT-1,2
ATCGATGAGCGACATG-1,1
ATCGATGAGTAATTGG-1,1
ATCGATGCACCGAATT-1,3
ATCGATGCATTGCCTC-1,3
ATCGATGGTCATCTAG-1,4
ATCGATGTCCAAGCTA-1,5
ATCGATGTCCTCTGCA-1,2
ATCGATGTCTAGCCTC-1,2
ATCGCCTCAACAGAGC-1,1
ATCGCCTCACCAGGTC-1,2
ATCGCCTGTGGTCCGT-1,4
ATCGCCTGTGTGTCCG-1,5
ATCGCCTTCAATCAGC-1,5
ATCGGATAGATTCGAA-1,1
ATCGGATAGCCTCTCT-1,5
ATCGGATAGGTCCTGC-1,4
ATCGGATCAACGAGGT-1,3
ATCGGATCAAGTGGGT-1,1
ATCGGATCAATAGTAG-1,5
ATCGGATTCACGTCCT-1,1
ATCGGATTCCTGCCAT-1,5
ATCGGCGCAAGATTGA-1,1
ATCGGCGTCACCTGGG-1,1
ATCGGCGTCATGTCTT-1,1
ATCGGCGTCGCCCAGA-1,2
ATCGTAGAGGTTCTAC-1,2
ATCGTAGAGTCCTACA-1,2
ATCGTAGGTCCAAGAG-1,3
ATCGTAGGTTGTGTAC-1,4
ATCGTCCAGACCTCAT-1,2
ATCGTCCAGCCATATC-1,2
ATCGTCCAGGTCGACA-1,5
ATCGTCCAGTATGAAC-1,1
ATCGTCCCATGCCATA-1,4
ATCGTCCCATGTGGCC-1,2
ATCGTCCGTACAGAGC-1,1
ATCGTCCGTACGGGAT-1,5
ATCGTCCGTAGGAGTC-1,1
ATCGTGAAGAGTCAAT-1,1
ATCGTGACACCTCAGG-1,4
ATCGTGACACCTGCTT-1,3
ATCGTGACATACCACA-1,1
ATCGTGACATCCGTGG-1,2
ATCGTGAGTCGAAACG-1,3
ATCGTGAGTTTCAGAC-1,3
ATCGTGATCTTTGATC-1,2
ATCTCTAAGAGACAAG-1,5
ATCTCTAAGCTAGATA-1,4
ATCTCTAAGGCGTTGA-1,3
ATCTCTACACCGCTAG-1,1
ATCTCTAGTACCGTGC-1,4
ATCTCTAGTTCCTACC-1,4
ATCTCTAGTTCGAAGG-1,2
ATCTCTATCACTGTCC-1,5
ATCTCTATCTGTAACG-1,2
ATCTCTATCTTCGACC-1,3
ATCTTCAAGCACACAG-1,2
ATCTTCAAGCGACTTT-1,3
ATCTTCAAGCTGTTCA-1,3
ATCTTCAAGGTCTTTG-1,2
ATCTTCAGTAGTCGTT-1,1
ATCTTCAGTCAGGTAG-1,2
ATCTTCAGTGGGCTCT-1,2
ATCTTCATCCATGATG-1,4
ATCTTCATCTTGCGCT-1,5
ATGAAAGAGACGCAGT-1,1
ATGAAAGCAACTTGCA-1,5
ATGAAAGGTTGTTGTG-1,3
ATGAAAGTCACTGATG-1,2
ATGAAAGTCCGAGATT-1,2
ATGAAAGTCTTGGCTC-1,1
ATGACCAAGCACGGAT-1,1
ATGACCAAGGTGATAT-1,4
ATGACCACAAGGACAC-1,5
ATGACCACAGAGTTGG-1,5
ATGACCAGTAGTAAGT-1,3
ATGACCAGTAGTCTTG-1,3
ATGACCAGTCCGATCG-1,4
ATGACCAGTCGAGCAA-1,4
ATGACCAGTTACCCTC-1,4
ATGACCAGTTTGGAGG-1,5
ATGACCATCGCTTAAG-1,3
ATGACCATCTGTCGCT-1,2
ATGAGGGAGGGATCTG-1,1
ATGAGGGCAACTTGGT-1,2
ATGAGGGCATCACGGC-1,4
ATGAGTCCAGATCACT-1,2
ATGAGTCGTAGGTAGC-1,1
ATGAGTCGTCGACTGC-1,5
ATGAGTCGTGTGACCC-1,3
ATGAGTCTCACTTGGA-1,1
ATGAGTCTCCTACACC-1,4
ATGATCGAGCACCCAC-1,5
ATGATCGAGTATTGCC-1,2
ATGATCGAGTTGTCGT-1,1
ATGATCGGTCATAAAG-1,1
ATGATCGGTGGTCTCG-1,1
ATGATCGTCAGCAATC-1,3
ATGATCGTCATCTATC-1,5
ATGCATGAGGACAAGA-1,3
ATGCATGCACTCATAG-1,1
ATGCATGGTAGACAAT-1,4
ATGCATGGTAGTCTGT-1,5
ATGCATGGTTTACTGG-1,1
ATGCATGTCGCGTAGC-1,4
ATGCCTCAGAGTCCGA-1,2
ATGCCTCAGGACAACC-1,2
ATGCCTCCACGACGCT-1,1
ATGCCTCCACGTAGTT-1,5
ATGCCTCCACGTATAC-1,4
ATGCCTCGTGAGATTA-1,4
ATGCCTCGTTGTATGC-1,5
ATGCCTCGTTTAGTCG-1,3
ATGCCTCTCACAAGGG-1,4
ATGCGATCAATCGTCA-1,4
ATGCGATGTTTGTGGT-1,3
ATGGAGGAGACCTTTG-1,2
ATGGAGGAGATGACAT-1,1
ATGGAGGCAACCGGAA-1,1
ATGGAGGCACACTGGC-1,4
ATGGAGGCAGTCCCGA-1,3
ATGGAGGGTCCAAATC-1,5
ATGGAGGGTGTACATC-1,1
ATGGAGGTCCTAGCTC-1,3
ATGGAGGTCTCCATAT-1,3
ATGGATCAGATGGCGT-1,1
ATGGATCCACATTCTT-1,5
ATGGATCCAGCTGAAG-1,2
ATGGATCCATGTCTAG-1,1
ATGGATCGTGTGCTTA-1,3
ATGGATCTCCACTTCG-1,2
ATGGATCTCCCTTCCC-1,4
ATGGGAGAGAGTGTTA-1,1
ATGGGAGAGCTCGACC-1,4
ATGGGAGCACCCAAGC-1,3
ATGGGAGGTACGCTAT-1,1
ATGGGAGGTAGTAAGT-1,3
ATGGGAGGTTACGATC-1,4
ATGGGAGTCCTTCTTC-1,3
ATGGGAGTCTACCTTA-1,4
ATGGGTTAGAAGTATC-1,5
ATGGGTTCACTGCGAC-1,3
ATGGGTTCACTGTCGG-1,3
ATGGGTTCATAAGCAA-1,1
ATGGGTTGTGATTAGA-1,1
ATGGGTTTCCTACCAC-1,1
ATGGTTGAGCACCGTC-1,3
ATGGTTGAGGGAGGCA-1,5
ATGGTTGCAAGAGTAT-1,1
ATGGTTGCAGCGAGTA-1,1
ATGGTTGGTAGACGGT-1,4
ATGGTTGGTTCCGTTC-1,2
ATGGTTGTCAAAGCCT-1,3
ATGGTTGTCGAGAAAT-1,4
ATGGTTGTCTCCTGAC-1,2
ATGGTTGTCTCTCTAA-1,1
ATGTCCCCATACATCG-1,1
ATGTCCCGTAGTGCGA-1,4
ATGTCCCGTGGGTCAA-1,2
ATGTCCCGTGTACGCC-1,4
ATGTCCCTCGGTTCAA-1,4
ATGTCCCTCGTCGCTT-1,1
ATGTCCCTCTGGTGCG-1,4
ATGTCTTAGAGGCTGT-1,3
ATGTCTTCAAACTCGT-1,2
ATGTCTTCACTACCCT-1,2
ATGTCTTCAGCGGATA-1,2
ATGTCTTCATACTGTG-1,4
ATGTCTTCATGACTCA-1,5
ATGTCTTCATGTGGTT-1,1
ATGTCTTGTTGCATCA-1,5
ATGTCTTTCACACGAT-1,2
ATGTCTTTCGTCGCTT-1,1
ATTACCTAGCTAGTTC-1,1
ATTACCTCACGGTGAA-1,3
ATTACCTGTCACTTCC-1,5
ATTACCTGTCAGCTTA-1,4
ATTACCTGTTCAATCG-1,2
ATTACTCAGGAGGTTC-1,2
ATTACTCCAGGGAGAG-1,1
ATTACTCCAGGTATGG-1,1
ATTACTCCATATACCG-1,2
ATTACTCTCGCTGACG-1,1
ATTACTCTCTTAGCAG-1,1
ATTATCCAGATGACAT-1,4
ATTATCCCAGCGGATA-1,4
ATTATCCCATAGACTC-1,3
ATTATCCGTGGGTTGA-1,5
ATTATCCTCAGCCCAG-1,3
ATTCACTAGTGAATAC-1,2
ATTCACTCAATAGTGA-1,3
ATTCACTCACGACAGA-1,2
ATTCACTGTCGACTGC-1,2
ATTCACTTCACACCGG-1,5
ATTCACTTCTGCTTTA-1,2
ATTCACTTCTTTCCGG-1,5
ATTCAGGAGGGATCGT-1,4
ATTCAGGGTCCGGATC-1,3
ATTCATCAGTAAACTG-1,2
ATTCATCAGTAGCTCT-1,1
ATTCATCAGTTTGGCT-1,2
ATTCATCGTGGATACG-1,1
ATTCATCTCCTTATGT-1,5
ATTCATCTCGGCATCG-1,5
ATTCCATCAACTTCTT-1,4
ATTCCATCACCAGCCA-1,1
ATTCCATGTGAGGCAT-1,3
ATTCCATGTTCGAACT-1,1
ATTCCATTCACTTGGA-1,2
ATTCCCGAGGCTTTCA-1,2
ATTCCCGAGTTGAATG-1,4
ATTCCCGGTACGCTTA-1,1
ATTCCCGGTGATGGCA-1,3
ATTCCCGGTGTACAGG-1,1
ATTCCCGGTTAAGTCC-1,4
ATTCCTAAGAGTTCGG-1,4
ATTCCTAAGGGTATAT-1,1
ATTCCTACAAAGACTA-1,4
ATTCCTACATAGGAGC-1,5
ATTCCTACATGCCGAC-1,5
ATTCCTACATGTAACC-1,5
ATTCCTATCGCGCCAA-1,5
ATTCGTTAGGAGAATG-1,4
ATTCGTTAGGCGTCCT-1,4
ATTCGTTCACCATATG-1,5
ATTCGTTCACGCAGTC-1,2
ATTCGTTCACTTGAGT-1,1
ATTCGTTGTTTAGAGA-1,1
ATTCGTTTCAAAGACA-1,2
ATTCGTTTCGGCTGGT-1,1
ATTCGTTTCGTCAACA-1,2
ATTCTACAGGGCATGT-1,1
ATTCTACAGGTTCCGC-1,5
ATTCTACCACGTTCGG-1,3
ATTCTACGTCATGACT-1,2
ATTCTACGTCCTCCTA-1,2
ATTCTACGTGAACTAA-1,2
ATTCTTGAGCTCGACC-1,2
ATTCTTGCAAGCAATA-1,3
ATTCTTGGTGAGAGGG-1,2
ATTCTTGTCGTTAGAC-1,2
ATTGGGTAGGCTGGAT-1,1
ATTGGGTAGGTCATCT-1,1
ATTGGGTAGTTACGGG-1,3
ATTGGGTCAGGCTCTG-1,1
ATTGGGTGTCGAACAG-1,4
ATTGGGTTCGGCTGTG-1,2
ATTGTTCCAGTATGAA-1,1
ATTGTTCCATTGACAC-1,2
ATTGTTCGTCGATTTG-1,1
ATTGTTCGTTAGTTCG-1,4
ATTGTTCGTTCGTAAC-1,5
ATTGTTCGTTTGGAAA-1,1
ATTGTTCTCTCGTTTA-1,3
ATTTACCCATCGTTCC-1,5
ATTTACCGTACAGAGC-1,1
ATTTACCGTTATGGTC-1,4
ATTTACCGTTGCATCA-1,2
ATTTACCTCCCGAGGT-1,5
ATTTACCTCCTCTCTT-1,2
ATTTACCTCTGCTCTG-1,5
ATTTCACAGCGTTCAT-1,5
ATTTCACAGTAACCGG-1,1
ATTTCACCAAGTAGTA-1,1
ATTTCACTCTCCGTGT-1,5
ATTTCTGAGAGGGTAA-1,5
ATTTCTGAGGCACCAA-1,4
ATTTCTGAGTAGACAT-1,5
ATTTCTGAGTCCGCCA-1,2
ATTTCTGCATAGTCAC-1,4
ATTTCTGTCTGGTCAA-1,2
CAAAGAAAGGAAACGA-1,4
CAAAGAACACTAGGTT-1,1
CAAAGAACATGTAACC-1,4
CAAAGAAGTCGATTTG-1,4
CAAAGAAGTGACCGAA-1,2
CAAAGAATCCATACAG-1,4
CAAAGAATCTCATTTG-1,2
CAACAACCAGAGGCAT-1,5
CAACAACGTAGGCAAC-1,2
CAACAACGTTGGGCCT-1,4
CAACAACTCCTCCACA-1,2
CAACAACTCGTGCAGC-1,3
CAACAACTCGTTTACT-1,4
CAACAGTAGGAGAATG-1,2
CAACAGTCACTGGATT-1,5
CAACAGTGTCTTGCGG-1,4
CAACCAACACCACATA-1,2
CAACCAACAGACATCT-1,2
CAACCAACAGTCAGTT-1,2
CAACCTCAGACGGTCA-1,3
CAACCTCAGAGCAGTC-1,1
CAACCTCAGCGTACAG-1,2
CAACCTCAGGGAGGTG-1,2
CAACCTCAGTATGATG-1,1
CAACCTCTCATCTACT-1,3
CAACGATAGATAGGGA-1,3
CAACGATAGCTCACTA-1,1
CAACGATGTTAGGCTT-1,3
CAACGATTCCGATGTA-1,5
CAACGATTCTAGGCCG-1,4
CAACGGCAGAGTTGCG-1,1
CAACGGCAGATAGTCA-1,4
CAACGGCAGCACGATG-1,3
CAACGGCGTCATCCGG-1,4
CAACGGCTCGGTGCAC-1,3
CAAGACTAGCAAATGT-1,2
CAAGACTAGGATTTCC-1,4
CAAGACTAGTTAACGA-1,4
CAAGACTGTACTAAGA-1,2
CAAGACTTCCACGAAT-1,5
CAAGAGGAGAACCCGA-1,4
CAAGAGGAGGATACGC-1,4
CAAGAGGAGGCTATCT-1,5
CAAGAGGCAGGTACGA-1,2
CAAGAGGGTCCGGCAT-1,1
CAAGAGGGTTGTATGC-1,1
CAAGAGGTCCGTCCTA-1,2
CAAGAGGTCTAGCCTC-1,1
CAAGCTAAGCGCCCAT-1,2
CAAGCTACAACTCCCT-1,4
CAAGGGACACAAATCC-1,1
CAAGGGACACTACTTT-1,3
CAAGGGAGTCCGCAGT-1,1
CAAGGGAGTGCGGTAA-1,1
CAATACGCAAGAATGT-1,3
CAATACGCAGATTCGT-1,2
CAATACGGTCAAAGCG-1,4
CAATACGTCGAGAACG-1,4
CAATCGAAGACTGGGT-1,4
CAATCGACACGCCACA-1,2
CAATCGAGTTCGATTG-1,2
CAATCGATCAATCCAG-1,2
CAATCGATCCACGGGT-1,4
CAATCGATCTTCGCTG-1,3
CAATGACAGGCACCAA-1,5
CAATGACAGGCGTCCT-1,4
CAATGACAGTGACCTT-1,2
CAATGACCAACTTCTT-1,5
CAATGACCACAACGCC-1,1
CAATGACCACCTGCGA-1,1
CAATGACCATGACCCG-1,2
CAATGACTCACCCATC-1,4
CAATTTCAGCCTGTCG-1,2
CAATTTCCATCCTTGC-1,5
CACACAAAGATGAAGG-1,3
CACACAACAAAGACGC-1,1
CACACAACAGACCTAT-1,2
CACACAACAGACGGAT-1,2
CACACAAGTAGTGCGA-1,1
CACACAAGTGCCTGCA-1,2
CACACAATCCGTGGGT-1,4
CACAGATAGAGTGAAG-1,4
CACAGATAGGGCAAGG-1,3
CACAGATCACGCGGTT-1,3
CACAGGCAGGTCACCC-1,2
CACAGGCCACCCTTGT-1,1
CACAGGCGTATACAGA-1,3
CACAGGCGTCCGAAAG-1,1
CACAGGCTCTCTATAC-1,2
CACATGAAGCTACTGT-1,5
CACATGAAGGAACTAT-1,5
CACATGACAAGCGCAA-1,3
CACATGACATAACGGG-1,2
CACATGAGTTTCGACA-1,5
CACATGATCCAAGCAT-1,5
CACATGATCCTTCTAA-1,4
CACCAAAAGCAACAGC-1,2
CACCAAACACGTCATA-1,4
CACCAAAGTCTGATCA-1,4
CACCAAAGTTGAGTCT-1,1
CACCAAATCCTAGCCT-1,4
CACCAAATCCTGTAGA-1,2
CACCAAATCGCCGATG-1,1
CACCGTTAGCTGGAGT-1,3
CACCGTTCATCCGTGG-1,3
CACCGTTGTACGTTCA-1,2
CACCGTTGTAGAGTTA-1,1
CACCGTTGTCACTTCC-1,2
CACCGTTGTCGTCGGT-1,1
CACCGTTTCACTGGGC-1,2
CACGAATAGGACTAAT-1,1
CACGAATAGTGACACG-1,1
CACGAATCAAGTTCCA-1,5
CACGAATCATGTCGTA-1,2
CACGAATGTTTGGGAG-1,4
CACGGGTAGAGCATAT-1,4
CACGGGTAGATAACGT-1,4
CACGGGTCACACACTA-1,2
CACGGGTGTACCAATC-1,2
CACGGGTGTGCAACAG-1,3
CACGGGTGTTAACCTG-1,2
CACGGGTGTTACACTG-1,2
CACGGGTTCATAGACC-1,2
CACGGGTTCTGGTCAA-1,3
CACGTGGAGAAGAACG-1,1
CACGTGGCACGAGGTA-1,5
CACGTGGGTTTGATCG-1,2
CACGTGGTCTAGACAC-1,3
CACGTGGTCTCGTCGT-1,1
CACGTTCCACGGTGAA-1,2
CACGTTCCATGCCGCA-1,5
CACGTTCGTCAGTCTA-1,3
CACGTTCGTCGGTAAG-1,1
CACTAAGAGGCCTAAG-1,4
CACTAAGCAACCAACT-1,4
CACTAAGGTAGGACCA-1,1
CACTAAGGTGGAGAAA-1,4
CACTAAGTCCATCGTC-1,4
CACTAAGTCGAGGCAA-1,4
CACTGAACAGCTGCCA-1,3
CACTGAACATAGGTTC-1,5
CACTGAAGTAGGACTG-1,3
CACTGAAGTATCACCA-1,2
CACTGAATCAGTGTCA-1,4
CACTGAATCCATCACC-1,4
CACTGAATCTGCATGA-1,4
CACTGGGAGGACATCG-1,1
CACTGGGAGGTGGCTA-1,4
CACTGGGCACCTCGTT-1,2
CACTGGGGTCGCTCGA-1,2
CACTGGGTCGAGATAA-1,1
CACTGTCAGAGTCGAC-1,5
CACTGTCAGGATTTAG-1,1
CACTGTCCAATACCCA-1,2
CACTGTCGTAGCTGAG-1,1
CACTGTCGTTAACCTG-1,5
CACTGTCTCCGCTGTT-1,2
CACTTCGCAAATACGA-1,2
CACTTCGCAATCCAGT-1,2
CACTTCGCACACCTGG-1,1
CACTTCGCAGTCGCTG-1,1
CACTTCGCAGTTGCGC-1,2
CACTTCGGTTGCTAGT-1,2
CAGAGCCAGACTCTTG-1,2
CAGAGCCAGATACCAA-1,3
CAGAGCCAGGTGATCG-1,1
CAGAGCCAGTTAGAAC-1,1
CAGAGCCCAACAGAGC-1,5
CAGAGCCCAATTTCTC-1,3
CAGAGCCCACAACATC-1,1
CAGAGCCCACCCTAAA-1,5
CAGAGCCGTACCCGAC-1,3
CAGAGCCGTGTCTAAC-1,3
CAGAGCCTCTTTCGAT-1,2
CAGATACAGCGGACAT-1,1
CAGATACCACGCGTGT-1,5
CAGATACCATCAGCAT-1,2
CAGATACGTGTCATGT-1,2
CAGATCAAGATTTGCC-1,1
CAGATCAAGGTGCAGT-1,5
CAGATCAGTACGTAGG-1,4
CAGATCATCAAGTCTG-1,4
CAGATTGAGCCATTTG-1,3
CAGATTGAGCTTCTAG-1,4
CAGATTGAGGATACCG-1,4
CAGATTGAGGCCTGCT-1,2
CAGATTGAGTCTAACC-1,2
CAGATTGCAAGCTACT-1,2
CAGATTGCACTGAATC-1,4
CAGATTGTCACGGTCG-1,3
CAGATTGTCCAGTACA-1,2
CAGATTGTCGAAACAA-1,3
CAGCAATGTACATTGC-1,5
CAGCAATGTCGGTACC-1,4
CAGCAATTCGGATACT-1,1
CAGCACGAGAAGTCTA-1,2
CAGCACGAGCATTGTC-1,3
CAGCACGAGGTTATAG-1,2
CAGCACGGTACTCCCT-1,2
CAGCACGGTATGCGGA-1,3
CAGCACGGTTAGGCTT-1,2
CAGCACGGTTTGGAAA-1,5
CAGCAGCAGAGTCAGC-1,2
CAGCAGCAGCAGCCCT-1,1
CAGCAGCAGGGCTAAC-1,2
CAGCAGCCACGCGCAT-1,4
CAGCAGCGTTCCCAAA-1,3
CAGCAGCTCTCTCGAC-1,4
CAGCCAGAGGCATCGA-1,1
CAGCCAGAGTCTGGAG-1,4
CAGCCAGCAGCTATTG-1,2
CAGCCAGGTGCCAAGA-1,5
CAGCCAGGTTCCTACC-1,1
CAGCCAGTCCGCTAGG-1,3
CAGCGTGCAGGCTACC-1,4
CAGCGTGCATGCAGCC-1,3
CAGGCCAAGCTAAATG-1,5
CAGGCCAGTCCTGGTG-1,2
CAGGCCATCACATTGG-1,5
CAGGCCATCAGCATTG-1,3
CAGGCCATCTACGGGC-1,2
CAGGGCTAGGTAAACT-1,3
CAGGGCTCAAAGGCAC-1,5
CAGGGCTCAACTGGTT-1,2
CAGGGCTCAGCGGTCT-1,1
CAGGGCTCATTCACCC-1,2
CAGGGCTGTACCATAC-1,4
CAGGGCTTCGCTACAA-1,3
CAGGGCTTCTGCCCTA-1,2
CAGGTATAGATTGGGC-1,3
CAGGTATAGCAGATAT-1,3
CAGGTATAGGGACCAT-1,4
CAGGTATCAGCTATAC-1,2
CAGGTATGTAGGTAGC-1,1
CAGGTATGTCAACACT-1,4
CAGGTATGTGGCGTAA-1,1
CAGTGCGCAAATTAGG-1,1
CAGTGCGGTTCAAAGA-1,1
CAGTGCGGTTTGTTGG-1,4
CAGTGCGTCCATTGTT-1,5
CAGTTAGAGGCACTAG-1,4
CAGTTAGAGGCTATCT-1,1
CAGTTAGCAAGTCATC-1,3
CAGTTAGCACCTATCC-1,2
CAGTTAGGTAGATTAG-1,1
CAGTTAGGTCGTGGTC-1,4
CAGTTAGTCTCGACGG-1,3
CAGTTCCAGGGAGTTC-1,3
CAGTTCCAGTTGCGCC-1,3
CAGTTCCCAGTCGCTG-1,4
CAGTTCCTCAAGTCGT-1,5
CAGTTCCTCCATCGTC-1,5
CAGTTCCTCTCAGGCG-1,1
CAGTTCCTCTTCTCAA-1,2
CATAAGCAGCTGCCTG-1,5
CATAAGCCACGTAGAG-1,1
CATAAGCCATAATCCG-1,2
CATAAGCGTACGACTT-1,2
CATAAGCGTGTCTTGA-1,3
CATAAGCTCGGCCTTT-1,3
CATAAGCTCTATCCAT-1,2
CATAAGCTCTGGAAGG-1,1
CATACAGAGAGTTGCG-1,3
CATACAGAGATAGCTA-1,1
CATACAGAGGTGGTTG-1,1
CATACAGAGTTCCATG-1,5
CATACAGCAAAGGATT-1,4
CATACCCGTTACCCAA-1,2
CATACCCTCAATCTCT-1,4
CATACCCTCGGTTGTA-1,4
CATACTTCACCCTAAA-1,2
CATACTTCATCAGCTA-1,2
CATACTTGTTTGGGTT-1,4
CATACTTTCCGTATGA-1,2
CATACTTTCGACATCA-1,2
CATAGACGTCGGCACT-1,1
CATAGACGTGCCGGTT-1,4
CATAGACTCATGCATG-1,1
CATAGACTCATTGCTT-1,4
CATAGACTCCTAGCTC-1,2
CATCAAGAGGAAAGGT-1,1
CATCAAGCACAAATCC-1,5
CATCAAGCATACAGCT-1,1
CATCAAGGTTCACCGG-1,4
CATCAAGTCCTTCACG-1,4
CATCAAGTCTATACTC-1,5
CATCCACAGGTTCCAT-1,2
CATCCACCACCGGCTA-1,2
CATCCACGTCAAATCC-1,5
CATCCACGTCAGTCTA-1,1
CATCCACGTCCAGGTC-1,2
CATCCACTCACCTACC-1,2
CATCCACTCGGCTGAC-1,3
CATCCACTCTTGCGCT-1,4
CATCCCAAGCACCGTC-1,5
CATCCCAAGCATAGGC-1,1
CATCCCAGTCGAGTGA-1,3
CATCCCAGTGTTCCTC-1,5
CATCCCATCCGCACTT-1,2
CATCCCATCGAACTCA-1,3
CATCCCATCGACTCCT-1,3
CATCCCATCTACTTCA-1,5
CATCCCATCTCTTCAA-1,2
CATCCGTAGCCTGCCA-1,4
CATCCGTAGGACTGGT-1,3
CATCCGTAGGTAATCA-1,1
CATCCGTCATATAGCC-1,2
CATCCGTGTCAACATC-1,2
CATCCGTGTGTGATGG-1,3
CATCGCTAGTCTTCCC-1,3
CATCGCTTCTTCGCTG-1,5
CATCGGGCAGATACTC-1,4
CATCGGGGTCAGATTC-1,1
CATCGGGTCTTAGCCC-1,2
CATCGTCAGGGAACAA-1,3
CATCGTCGTTAACAGA-1,4
CATCGTCGTTGGTAGG-1,3
CATCGTCTCCGAACGC-1,2
CATGAGTAGACTTAAG-1,1
CATGAGTAGCGAAACC-1,2
CATGAGTCAACTACGT-1,2
CATGAGTCAGCTGTAT-1,1
CATGAGTGTACCTATG-1,3
CATGAGTTCCCGAGAC-1,4
CATGAGTTCGCTAATG-1,1
CATGCAACAGGAACCA-1,3
CATGCAAGTGCCTTCT-1,2
CATGCAAGTGTGAGCA-1,4
CATGCAATCAGCCTCT-1,2
CATGCAATCCAAAGGG-1,2
CATGCAATCGATTGAC-1,2
CATGCAATCTCGCCTA-1,1
CATGCCTAGAATCCCT-1,2
CATGCCTAGACATAAC-1,2
CATGCCTCAAACGTGG-1,2
CATGCCTCACAACATC-1,2
CATGCCTCAGCGATTT-1,2
CATGCCTTCCGACGGT-1,2
CATGCCTTCGTCGATA-1,2
CATGCCTTCTTAGCAG-1,4
CATGCGGAGACCTGGA-1,5
CATGCGGAGCTGACCC-1,2
CATGCGGAGTAGGGTC-1,1
CATGCGGCACTACTTT-1,2
CATGCGGCAGACCAAG-1,1
CATGCGGCAGCTCCTT-1,2
CATGCGGCAGCTGGTC-1,5
CATGCGGCATTGTGCA-1,5
CATGCGGGTAGAATGT-1,4
CATGCGGGTCACTCGG-1,2
CATGCGGGTCGAACAG-1,2
CATGCGGGTCTCTCAC-1,4
CATGCGGGTGCGGCTT-1,5
CATGCTCAGACGTCGA-1,3
CATGCTCAGAGGGTAA-1,5
CATGCTCAGATGTTGA-1,1
CATGCTCAGCAAGTGC-1,1
CATGCTCAGGACATCG-1,5
CATGCTCCAGAGGTTG-1,2
CATGCTCGTGGTCAAG-1,3
CATGCTCGTTCGGGTC-1,1
CATGCTCTCATTTCGT-1,2
CATGCTCTCCCGTGTT-1,1
CATGCTCTCGGCTGGT-1,1
CATGGATAGATGCTAA-1,4
CATGGATAGCTAGATA-1,3
CATGGATCAACTCGTA-1,5
CATGGATCAATGAAAC-1,1
CATGGATCAATTTCTC-1,5
CATGGATCACATATCG-1,3
CATGGATGTGTTAAAG-1,2
CATGGTAAGAGCTGAC-1,2
CATGGTAAGTCCGCGT-1,2
CATGGTAGTTGGAGGT-1,1
CATTCATAGATGTTAG-1,2
CATTCATAGGTAGTAT-1,2
CATTCATTCAGAGCGA-1,5
CATTCATTCGACTCCT-1,5
CATTCATTCTTTGCGC-1,5
CATTCCGAGGTCATCT-1,5
CATTCCGCAAGTCGTT-1,4
CATTCCGCACTAGAGG-1,3
CATTCCGCATAAGCGG-1,4
CATTCCGGTCAGTTTG-1,5
CATTCCGTCATTACGG-1,3
CATTCCGTCGAGTGGA-1,1
CATTCTACACCAATTG-1,2
CATTCTACAGCGAGTA-1,3
CATTCTACAGTCACGC-1,4
CATTCTAGTAGTGTGG-1,3
CATTCTAGTCGTGCCA-1,3
CATTCTATCTTCACGC-1,2
CATTGAGAGATGCAGC-1,2
CATTGAGAGCACGTCC-1,4
CATTGAGAGTAGCAAT-1,4
CATTGAGGTATGGAAT-1,1
CATTGAGGTCCAGGTC-1,3
CATTGAGGTGACAGGT-1,2
CATTGAGTCGCAATTG-1,3
CATTGCCAGAGGCCAT-1,2
CATTGCCCAAGACGGT-1,2
CATTGCCCAGAGATTA-1,4
CATTGCCCAGCAGTGA-1,1
CATTGCCGTATCACCA-1,2
CATTGCCGTTCAGGTT-1,4
CATTGCCGTTCCGTTC-1,2
CATTGCCTCAGAGTTC-1,2
CATTGCCTCTTGGCTC-1,5
CATTGTTCAAGTGCTT-1,1
CATTGTTCAGAGTCAG-1,1
CATTGTTCAGTATTCG-1,4
CATTGTTGTGACTGTT-1,5
CATTGTTGTGTCTTCC-1,5
CATTGTTTCCCTTGTG-1,2
CATTTCAAGAGAGTGA-1,5
CATTTCAGTATCGCTA-1,5
CATTTCAGTATTGGCT-1,2
CATTTCAGTTGCTTGA-1,2
CATTTCATCCGATGCG-1,3
CATTTCATCTCTAGGA-1,3
CCAAGCGCAAACCGGA-1,5
CCAAGCGCAATGAACA-1,1
CCAAGCGCAGAGTTCT-1,3
CCAAGCGGTTGCAAGG-1,4
CCAAGCGGTTGTGTTG-1,2
CCAATGAAGGCAGGGA-1,3
CCAATGACAATGAGCG-1,2
CCAATGACAGAACTCT-1,2
CCAATGAGTATGTCTG-1,4
CCAATGAGTCTCACGG-1,2
CCAATTTCATAATGCC-1,1
CCAATTTGTCGTTTCC-1,3
CCAATTTGTTCGTAAC-1,1
CCACAAAAGTATAACG-1,5
CCACAAACAATTTCTC-1,5
CCACAAACAGGCCCTA-1,1
CCACAAACAGGCCTGT-1,4
CCACAAACAGGGAATC-1,5
CCACAAAGTAACAGGC-1,5
CCACAAAGTATAGGAT-1,4
CCACAAAGTGTTGCCG-1,4
CCACACTAGAGGTTAT-1,5
CCACACTAGATCCCGC-1,4
CCACACTAGGAGTCTG-1,3
CCACACTCAAGCCCAC-1,5
CCACACTGTGCGGATA-1,4
CCACACTTCGTCTCAC-1,2
CCACACTTCTGCACCT-1,4
CCACCATCACCTCTAC-1,2
CCACCATGTCAAGCGA-1,4
CCACCATGTCAGATTC-1,2
CCACCATGTCCTGGGT-1,4
CCACCATTCACTTGTT-1,4
CCACCATTCTTGATTC-1,2
CCACGAGAGACCTTTG-1,2
CCACGAGAGTCCTGCG-1,5
CCACGAGAGTGTTCAC-1,1
CCACGAGCATGGCCCA-1,3
CCACGAGGTATCAGGG-1,3
CCACGAGGTGTCCAAT-1,5
CCACGAGGTGTTAGCT-1,4
CCACGAGTCCCGTGAG-1,4
CCACGTTAGGCTGTAG-1,3
CCACGTTAGGTCACCC-1,3
CCACGTTCACATGGTT-1,5
CCACGTTCAGAACTCT-1,1
CCACGTTGTCTTGCTC-1,5
CCACGTTGTTCCTACC-1,3
CCACGTTGTTGTGTTG-1,5
CCACGTTTCAAACGTC-1,4
CCACTTGCATACATCG-1,4
CCACTTGCATAGACTC-1,2
CCACTTGGTACGGTTT-1,1
CCACTTGGTATCCTTT-1,3
CCACTTGGTGTGTGTT-1,4
CCACTTGTCAGCCTCT-1,5
CCACTTGTCATTATCC-1,3
CCACTTGTCCTAAACG-1,4
CCATAAGAGACAACAT-1,4
CCATAAGGTCTGTGGC-1,1
CCATAAGGTGAGATAT-1,4
CCATAAGTCGAAGCAG-1,3
CCATAAGTCTCTTCAA-1,1
CCATAAGTCTTAGCCC-1,4
CCATCACAGATGGTAT-1,1
CCATCACAGCCGTCGT-1,3
CCATCACAGCGTGAAC-1,1
CCATCACAGTAACGTA-1,3
CCATCACAGTCCCGAC-1,4
CCATCACCAGAACTAA-1,2
CCATCACCAGTTAGAA-1,5
CCATCACCATCGTGGC-1,3
CCATCACCATTACTCT-1,1
CCATCACCATTGCCTC-1,2
CCATCACGTGGTCAAG-1,3
CCCAACTAGGCCTAGA-1,5
CCCAACTTCAGTCATG-1,1
CCCAACTTCCATCTAT-1,2
CCCAACTTCCCTGTTG-1,4
CCCAACTTCGACGCTG-1,2
CCCATTGAGAAACCCG-1,3
CCCATTGAGCTGGTGA-1,1
CCCATTGCAAGACTGG-1,1
CCCATTGCAGTCTTCC-1,2
CCCATTGTCAGTCAGT-1,2
CCCGAAGAGAGTTGCG-1,4
CCCGAAGCAAGAGTAT-1,1
CCCGAAGCATTCATCT-1,2
CCCGAAGGTTAAGAAC-1,5
CCCGAAGGTTGGGTAG-1,3
CCCGAAGTCGACGCTG-1,4
CCCGAAGTCGACTCCT-1,1
CCCGGAAAGAATCGAT-1,1
CCCGGAAAGTAAATGC-1,2
CCCGGAAAGTCTAACC-1,1
CCCGGAACAGCGAGTA-1,3
CCCTAACAGCGGTAGT-1,3
CCCTAACCAGTCTACA-1,4
CCCTAACGTGTCACAT-1,4
CCCTAACTCACATTGG-1,1
CCCTAACTCGACCACG-1,4
CCCTAACTCGTACCTC-1,2
CCCTCAACATGACTCA-1,2
CCCTCAATCCTGGGAC-1,5
CCCTCTCAGCACCCAC-1,1
CCCTCTCGTAGCGTAG-1,4
CCCTCTCGTTAAGGAT-1,2
CCCTCTCGTTTGATCG-1,1
CCCTCTCTCCTCGCAT-1,2
CCCTCTCTCGTGGCGT-1,2
CCCTGATAGACCTTTG-1,1
CCCTGATAGATCCAAA-1,4
CCCTGATAGCAGTCTT-1,5
CCCTGATAGTTGTCAC-1,2
CCCTGATCAAACCATC-1,2
CCCTGATCAGTGTGGA-1,4
CCCTGATGTGTTTACG-1,3
CCCTGATGTTTGACAC-1,2
CCCTGATTCACTCTTA-1,3
CCCTGATTCGCATAGT-1,4
CCCTGATTCGCTACAA-1,2
CCCTTAGAGCATGCAG-1,2
CCCTTAGAGGAGTCTG-1,3
CCCTTAGAGGTTTACC-1,5
CCCTTAGAGTGAATAC-1,4
CCCTTAGCATTCAGCA-1,4
CCCTTAGTCATCACAG-1,2
CCCTTAGTCGATACGT-1,4
CCGAACGAGCTGGCCT-1,3
CCGAACGAGTCACAGG-1,5
CCGAACGCAGTTCTAG-1,2
CCGAACGGTATCTTCT-1,2
CCGAACGGTCAGTCTA-1,1
CCGAACGGTCATGCAT-1,4
CCGAACGGTCTCTCAC-1,2
CCGAACGTCATGAGAA-1,1
CCGATCTAGACATAGT-1,2
CCGATCTAGATTAGCA-1,1
CCGATCTAGCGATGAC-1,4
CCGATCTAGGCAGCTA-1,5
CCGATCTCATCGATGT-1,4
CCGATCTGTCTAGGCC-1,2
CCGATCTGTTTCGTGA-1,5
CCGATCTTCCGCAACG-1,2
CCGATCTTCTCCGATC-1,4
CCGATGGTCCCTATTA-1,1
CCGCAAGAGGATTTAG-1,3
CCGCAAGGTCATTGCA-1,4
CCGCAAGGTCTTCCGT-1,1
CCGGACAAGCTAAATG-1,4
CCGGACAAGGAACGTC-1,3
CCGGACAAGGCATCGA-1,1
CCGGACACAATAGGGC-1,4
CCGGACACAGGAAGTC-1,4
CCGGACATCTCTCAAT-1,4
CCGGACATCTGGACTA-1,2
CCGGGTAAGCGTCGAA-1,1
CCGGGTAGTCAGCGTC-1,3
CCGGGTATCGGAATGG-1,3
CCGGGTATCGTGGTAT-1,2
CCGGTAGCAAAGGCTG-1,5
CCGGTAGCAGCGCGTT-1,1
CCGGTAGGTGCCCAGT-1,1
CCGGTGAAGCTGCCAC-1,2
CCGGTGAAGGTGCAGT-1,1
CCGGTGACAACGTAAA-1,2
CCGGTGAGTCAACACT-1,4
CCGGTGAGTCACCGCA-1,3
CCGGTGATCTGGTTGA-1,1
CCGTAGGAGCTGTTAC-1,2
CCGTAGGCATACCAGT-1,2
CCGTAGGCATCGTGGC-1,2
CCGTAGGGTCCTGTTC-1,5
CCGTAGGGTCTTTCTA-1,4
CCGTAGGGTTATGGTC-1,2
CCGTAGGTCTAGTTCT-1,1
CCGTGAGAGACCATGG-1,3
CCGTGAGTCTTGGATG-1,1
CCGTTCAAGACTACGG-1,4
CCGTTCACACTGGACC-1,2
CCGTTCAGTATACCCA-1,2
CCGTTCAGTGCAGATG-1,1
CCGTTCATCCTCTAAT-1,1
CCGTTCATCGACACTA-1,4
CCTAACCAGCGACTGA-1,2
CCTAACCGTGGTCCGT-1,4
CCTAACCTCCGTTTCG-1,5
CCTAAGAAGCGCCCAT-1,3
CCTAAGAGTATAATGG-1,1
CCTAAGAGTGGATCAG-1,1
CCTAAGATCGAATGCT-1,3
CCTAAGATCTAATTCC-1,1
CCTACGTAGATCACTC-1,1
CCTACGTGTCCTGGTG-1,3
CCTACGTGTCTACACA-1,2
CCTACGTGTGGACAGT-1,3
CCTACGTGTTAGAAGT-1,1
CCTACGTGTTGGACTT-1,3
CCTACGTTCTGACGCG-1,2
CCTATCGAGCCTCATA-1,5
CCTATCGAGTCACTCA-1,2
CCTATCGCAGGACAGT-1,1
CCTATCGGTACGAGTG-1,3
CCTCAACAGAGTCACG-1,5
CCTCAACAGGCACCAA-1,5
CCTCAACCAGAGTAAT-1,4
CCTCAACCATCGGTTA-1,2
CCTCAACCATGACCCG-1,5
CCTCAACGTACCTAAC-1,2
CCTCAACGTGACTGTT-1,2
CCTCAACTCACATCAG-1,4
CCTCAACTCTATCCAT-1,2
CCTCACAAGAAACTGT-1,2
CCTCACAAGATGCTAA-1,2
CCTCACAGTCTTGAGT-1,5
CCTCACATCTATTCGT-1,1
CCTCAGTAGTTCTCTT-1,4
CCTCAGTGTGCTGTCG-1,2
CCTCAGTGTTAAGAAC-1,4
CCTCAGTTCGCGATCG-1,1
CCTCATGAGCCGAATG-1,3
CCTCATGAGTTACGAA-1,2
CCTCATGGTCACGACC-1,2
CCTCATGTCAAGTTGC-1,2
CCTCATGTCCACATAG-1,4
CCTCATGTCGATTCCC-1,1
CCTCATGTCTTCGGTC-1,3
CCTCCAAAGATTAGCA-1,4
CCTCCAAAGGAAGAAC-1,1
CCTCCAACATGCCGAC-1,2
CCTCCAAGTGTTTACG-1,1
CCTCCAATCAGCTGAT-1,1
CCTCCTCAGGTTTGAA-1,4
CCTCCTCAGTCATACC-1,2
CCTCCTCTCCTTTGAT-1,2
CCTCTAGCAGAACTAA-1,2
CCTCTCCAGTAAATGC-1,1
CCTCTCCAGTGTAGTA-1,2
CCTCTCCCACATACGT-1,2
CCTCTCCGTCGGCCTA-1,4
CCTCTCCTCAACCCGG-1,2
CCTCTCCTCGCGTGCA-1,2
CCTGCATAGAGTGTTA-1,1
CCTGCATAGCAGCACA-1,3
CCTGCATCAAACGAGC-1,1
CCTGCATTCCATTTCA-1,2
CCTGCATTCGGCCCAA-1,5
CCTGCATTCTAGATCG-1,3
CCTGTTGAGTAAACTG-1,5
CCTGTTGAGTAGACAT-1,2
CCTGTTGAGTGGTTGG-1,3
CCTGTTGCAGAGATGC-1,2
CCTGTTGGTGCGACAA-1,4
CCTGTTGGTTATCCAG-1,4
CCTGTTGTCAGCTAGT-1,4
CCTGTTGTCCCTCTCC-1,2
CCTTCAGGTTATGTGC-1,4
CCTTCAGTCATCAGTG-1,5
CCTTCAGTCGATGCAT-1,3
CCTTCAGTCTTCTCAA-1,4
CCTTGTGAGAAGTCTA-1,2
CCTTGTGAGGAAACGA-1,1
CCTTGTGAGGCTCAAG-1,4
CCTTGTGAGTGATTCC-1,4
CCTTGTGCAGACGATG-1,1
CCTTGTGCAGTCGCAC-1,1
CCTTGTGCATAATCGC-1,5
CCTTGTGGTTTGTTCT-1,3
CCTTGTGTCAAGTGTC-1,5
CCTTGTGTCTCCTGCA-1,2
CCTTTGGGTATGGAAT-1,5
CCTTTGGGTGACTCTA-1,2
CCTTTGGGTGCTGATT-1,5
CCTTTGGTCAAGTGGG-1,3
CGAAGGAAGGTGATCG-1,3
CGAAGGACAAGGACAC-1,4
CGAAGGACATTCTCTA-1,5
CGAAGGAGTCTCACAA-1,3
CGAAGGATCATTGCTT-1,3
CGAAGGATCCATAGAC-1,4
CGAAGGATCTACGCGG-1,2
CGAAGTTAGGATGGCT-1,4
CGAAGTTTCTCTCAAT-1,2
CGAAGTTTCTGACGCG-1,3
CGAATTGAGACTTCGT-1,4
CGAATTGCAATCACGT-1,5
CGAATTGGTCTAATCG-1,3
CGAATTGTCTTAGCAG-1,2
CGACAGCAGATCACCT-1,2
CGACAGCAGGCATCTT-1,5
CGACAGCAGGGATGTC-1,2
CGACAGCAGGTGATCG-1,3
CGACAGCAGTTACGTC-1,1
CGACAGCCACAGTCCG-1,2
CGACAGCCACCCTAAA-1,5
CGACAGCCACTCAAGT-1,4
CGACAGCCAGCAGTCC-1,5
CGACAGCCATAATGAG-1,2
CGACAGCGTGCCCACA-1,2
CGACAGCTCTTGCAGA-1,3
CGAGAAGAGACCAAAT-1,2
CGAGAAGAGCATCAGG-1,1
CGAGAAGAGTCGCCAC-1,3
CGAGAAGCAATACCCA-1,3
CGAGAAGCAATTGCAC-1,2
CGAGAAGCACAGAGAC-1,4
CGAGAAGCAGCGTTTA-1,4
CGAGAAGGTGACATCT-1,4
CGAGAAGTCCAGGACC-1,1
CGAGGAAAGTTTGTCG-1,4
CGAGGAACACAACGCC-1,2
CGAGGAACACTGAGGA-1,1
CGAGGAAGTAGTTCCA-1,1
CGAGGAAGTCTCACAA-1,5
CGAGGAATCATCTATC-1,3
CGAGGAATCATGGGAG-1,4
CGAGGAATCCGGCAAC-1,5
CGAGGAATCGGAAACG-1,3
CGAGGCTAGAGATCGC-1,1
CGAGGCTCAAGGTCGA-1,1
CGAGGCTCACTTCCTG-1,4
CGAGGCTCAGGGAGAG-1,3
CGAGGCTGTAGACGTG-1,2
CGAGGCTGTGACATCT-1,1
CGAGGCTTCCTGATAG-1,2
CGAGTGCAGATTGGGC-1,3
CGAGTGCAGCTAGAGC-1,3
CGAGTGCAGTAGTCTC-1,4
CGAGTGCCACAGAGCA-1,2
CGAGTGCCAGAGAGGG-1,1
CGAGTGCCATAGATGA-1,5
CGAGTTAAGATGACCG-1,1
CGAGTTAAGCGATGAC-1,5
CGAGTTAAGGGCAGGA-1,2
CGAGTTACATTGTGCA-1,2
CGAGTTATCACATACG-1,3
CGAGTTATCAGTGGGA-1,5
CGAGTTATCTGGTGCG-1,4
CGATCGGAGACAGCTG-1,3
CGATCGGAGCATTGTC-1,2
CGATCGGCAGCAGACA-1,4
CGATCGGCAGCAGGAT-1,2
CGATCGGGTCTCAAGT-1,1
CGATCGGGTGAGCAGT-1,1
CGATCGGTCGTGGCGT-1,3
CGATGCGCATTGGATC-1,2
CGATGCGTCGACACTA-1,3
CGATGGCAGTGCACTT-1,1
CGATGGCCACGGCTAC-1,5
CGATGGCCACTACTTT-1,3
CGATGGCCATAACTCG-1,5
CGATGGCGTGCGGCTT-1,3
CGATGGCGTGTGAATA-1,5
CGATGGCTCCGTTGGG-1,4
CGATGGCTCCTGATAG-1,2
CGCAGGTAGAAAGCGA-1,4
CGCAGGTAGATCACTC-1,5
CGCAGGTCAACCACGC-1,5
CGCAGGTCAATTTCGG-1,4
CGCAGGTTCCATCTCG-1,2
CGCAGGTTCTGTGCGG-1,4
CGCATAAAGCGTGCTC-1,1
CGCATAAAGTCTGGAG-1,3
CGCATAAGTGAGCCAA-1,4
CGCATAAGTGCCCGTA-1,5
CGCATAATCACTGGTA-1,1
CGCATAATCCGACAGC-1,1
CGCATAATCGGAGCAA-1,1
CGCATGGAGCTGTTAC-1,5
CGCATGGCATGACGTT-1,4
CGCATGGGTTGGGCCT-1,1
CGCATGGTCACCGCTT-1,5
CGCCAGAAGTTCAACC-1,5
CGCCAGACACAAGGTG-1,1
CGCCAGAGTGGTTTGT-1,1
CGCCAGAGTTCCTAGA-1,1
CGCCAGATCGTGCACG-1,3
CGCCATTAGGTTGGTG-1,1
CGCCATTCACGTCTCT-1,4
CGCCATTGTAGAATGT-1,3
CGCCATTGTCCCGCAA-1,2
CGCCATTGTTCCGCGA-1,5
CGCCATTTCATTGCTT-1,4
CGCCATTTCGCGGTAC-1,4
CGCCATTTCGTTCATT-1,2
CGCCATTTCTCTCCGA-1,1
CGCCATTTCTGTCAGA-1,2
CGCGTGAAGCTGTACT-1,1
CGCGTGAAGTAAACAC-1,3
CGCGTGAAGTGCGACA-1,3
CGCGTGACAAACTCGT-1,1
CGCGTGACAACTCGAT-1,3
CGCGTGACACGCAGTC-1,3
CGGAACCAGATCGACG-1,1
CGGAACCAGTAGATCA-1,3
CGGAACCGTAGGACTG-1,1
CGGAACCGTCCCGGTA-1,3
CGGAACCTCGCCTAGG-1,2
CGGAATTAGCTCGCAC-1,1
CGGAATTAGGGTTAGC-1,4
CGGAATTAGGTCGTAG-1,1
CGGAATTCATACTGAC-1,5
CGGAATTGTATTGACC-1,1
CGGAATTGTCGCCTAG-1,2
CGGAATTGTGACTCGC-1,1
CGGAATTGTGCATGTT-1,3
CGGAATTGTTCTGACA-1,3
CGGAATTTCCTGGCTT-1,1
CGGACACCAACTGTGT-1,4
CGGACACCACATGACT-1,1
CGGACACGTCCGGTGT-1,3
CGGAGAAAGCCTCATA-1,4
CGGAGAACAAAGGCGT-1,1
CGGAGAACAATAGGGC-1,3
CGGAGAACAGTTCCAA-1,1
CGGAGAAGTGTCCAAT-1,2
CGGAGAATCATCACTT-1,5
CGGAGAATCGCGGTAC-1,1
CGGCAGTAGACGAAGA-1,3
CGGCAGTAGTAGAGTT-1,3
CGGCAGTCAAAGGAGA-1,2
CGGCAGTCATCTCCCA-1,1
CGGCAGTGTAGACTGG-1,3
CGGCAGTGTGTCTTAG-1,1
CGGCAGTGTGTTTACG-1,1
CGGCAGTTCAGACTGT-1,1
CGGGACTCAGATGCGA-1,2
CGGGACTTCTATACGG-1,1
CGGGCATGTCAGGTAG-1,3
CGGGCATGTCTGTCAA-1,1
CGGGCATTCGAATCCA-1,1
CGGGTCACACAATGAA-1,3
CGGGTCAGTCTTTATC-1,2
CGGGTCATCATACGAC-1,3
CGGGTCATCGATCCCT-1,3
CGGGTGTAGCACTAAA-1,1
CGGGTGTAGTATTCCG-1,4
CGGGTGTCACAACGTT-1,3
CGGGTGTGTACCAATC-1,1
CGGGTGTTCATAAGGA-1,3
CGGGTGTTCGGCATTA-1,3
CGGTCAGAGATGCTGG-1,2
CGGTCAGAGGATGAGA-1,2
CGGTCAGCAAGAAACT-1,3
CGGTCAGCAATTGCAC-1,4
CGGTCAGGTCTTGGTA-1,3
CGGTCAGTCGAACGGA-1,5
CGGTCAGTCGCCTATC-1,1
CGTAAGTAGCTCGACC-1,2
CGTAAGTAGGCATCAG-1,1
CGTAAGTCAAGCTCTA-1,5
CGTAAGTGTTTCTTAC-1,3
CGTAATGAGCTACTGT-1,4
CGTAATGAGTGAACAT-1,2
CGTAATGGTAGACAAT-1,5
CGTAGTAAGATGCAGC-1,1
CGTAGTAAGGGAGGTG-1,3
CGTAGTAGTGATACCT-1,5
CGTAGTAGTTTGCCGG-1,1
CGTAGTATCATGGGAG-1,3
CGTAGTATCCGGTTCT-1,1
CGTCAAAAGCAGATAT-1,2
CGTCAAAAGCATATGA-1,4
CGTCAAAAGTCACGAG-1,3
CGTCAAACAGTCTCTC-1,2
CGTCAAAGTCTGTGCG-1,1
CGTCAAAGTTCAAACC-1,4
CGTCCATGTACGTACT-1,3
CGTCCATGTGGATCGA-1,1
CGTCCATTCGGCTGTG-1,2
CGTGAATAGCATCAAA-1,3
CGTGAATAGCTCCACG-1,5
CGTGAATCAATCTCTT-1,4
CGTGAATCAATGCTCA-1,4
CGTGAATCAGGTCTCG-1,1
CGTGAATGTAGCGTAG-1,5
CGTGAATTCATTGAGC-1,5
CGTGATAAGATCACCT-1,3
CGTGATAAGGATACGC-1,1
CGTGATAAGGCTATCT-1,3
CGTGATAAGTCGTTAC-1,3
CGTGATACAACCACAT-1,5
CGTGATACACGTAACT-1,3
CGTGATACATCTGGGC-1,1
CGTGATAGTGATACAA-1,1
CGTGATAGTTAACCTG-1,3
CGTGATAGTTCTCGTC-1,5
CGTGATATCACATTGG-1,3
CGTGATATCGGCACTG-1,4
CGTGATATCGTTGTGA-1,3
CGTGCTTAGGTCATTC-1,3
CGTGCTTAGTCGCCCA-1,5
CGTGCTTCACAAGTTC-1,1
CGTGCTTGTGTGTCCG-1,3
CGTGCTTTCCATAGGT-1,3
CGTGTCTAGTTCCGTA-1,3
CGTGTCTAGTTGCATC-1,2
CGTGTCTCACCCAATA-1,3
CGTGTCTCATCCGTTC-1,5
CGTGTCTTCCGTACGG-1,4
CGTGTCTTCTTGGATG-1,3
CGTTAGAAGCAGCCTC-1,3
CGTTAGAAGTAACGTA-1,3
CGTTCTGAGTCAACAA-1,3
CGTTCTGGTACTAGCT-1,4
CGTTCTGGTAGCGTCC-1,3
CGTTCTGGTTACGATC-1,2
CGTTCTGGTTGCCTAA-1,3
CGTTCTGGTTTACACG-1,4
CGTTCTGTCGAATCCA-1,1
CGTTCTGTCTTAGCTT-1,2
CGTTGGGAGACATCAA-1,1
CGTTGGGCAGTAGAAT-1,1
CGTTGGGCATGTGGCC-1,1
CGTTGGGGTAGACTGG-1,1
CGTTGGGGTCATATGC-1,4
CGTTGGGTCCCTGGTT-1,3
CGTTGGGTCGGCTTCT-1,4
CGTTGGGTCTCATAGG-1,2
CGTTGGGTCTGGGCGT-1,3
CTAACCCAGTGGAAGA-1,5
CTAACCCCATCCGGCA-1,1
CTAACCCGTCCAAAGG-1,4
CTAACCCGTTGGATCT-1,2
CTAACCCTCCACATAG-1,5
CTAACCCTCTGCATGA-1,1
CTAACTTAGCTGAAGC-1,1
CTAACTTAGGCCACCT-1,3
CTAACTTCAGTTCTAG-1,2
CTAACTTGTCGACGCT-1,4
CTAACTTTCAAGGAGC-1,3
CTAACTTTCTAAGCCA-1,3
CTAACTTTCTACGGTA-1,4
CTAAGTGAGCCGCTTG-1,3
CTAAGTGCAGCAAGAC-1,3
CTAAGTGGTATCGATC-1,4
CTAAGTGTCATCGTAG-1,2
CTACAGAAGTTTGGCT-1,1
CTACAGACAGAAGTGC-1,3
CTACAGAGTCAACATC-1,1
CTACAGAGTCGTCAGC-1,3
CTACAGATCCCGTTCA-1,4
CTACATTAGCCACAAG-1,2
CTACATTAGTCCCAGC-1,4
CTACATTAGTTTCGAC-1,3
CTACATTCAATTGCGT-1,4
CTACATTGTTCCTTGC-1,2
CTACATTTCAGCAATC-1,1
CTACATTTCCCTGTTG-1,2
CTACATTTCTTCACAT-1,2
CTACCCAAGACGAAGA-1,3
CTACCCAAGGCCTAAG-1,4
CTACCCAGTACAGAAT-1,3
CTACCCAGTCGCATGC-1,4
CTACCCAGTCGTACTA-1,2
CTACCTGAGCCGATAG-1,5
CTACCTGCATAGAATG-1,4
CTACCTGGTGCACATT-1,5
CTACCTGTCACCATAG-1,5
CTACCTGTCCATTGTT-1,2
CTACGGGTCCCGGTAG-1,2
CTACTATAGCTAAATG-1,1
CTACTATCACGCTGTG-1,2
CTACTATCAGCTTTGA-1,5
CTACTATGTGAGTAGC-1,5
CTACTATGTTGTTGAC-1,4
CTACTATTCACCCATC-1,5
CTACTATTCACTTCTA-1,1
CTACTATTCCTCACCA-1,2
CTAGACAAGTCCCTAA-1,3
CTAGACAGTCACGCTG-1,3
CTAGACATCAGGACGA-1,4
CTAGACATCCGGCAAC-1,5
CTAGGTAAGACCAGAC-1,4
CTAGGTAAGATTCGAA-1,1
CTAGGTAAGTGCTACT-1,1
CTAGGTAGTATCACCA-1,5
CTAGGTATCATAGGCT-1,4
CTATAGGAGGACAAGA-1,1
CTATAGGAGGGCAGTT-1,4
CTATAGGCATCAGCGC-1,1
CTATAGGGTATAGCTC-1,2
CTATAGGGTTAATGAG-1,3
CTATAGGTCAGGAAGC-1,1
CTATCCGAGAGAACCC-1,2
CTATCCGCACATTCTT-1,2
CTATCCGCAGAGAGGG-1,3
CTATCCGTCAGTGATC-1,2
CTATCCGTCGTTCTCG-1,3
CTATCTAAGAAGTATC-1,5
CTATCTAAGCGATGCA-1,2
CTATCTAAGGGTTAAT-1,5
CTATCTACAAATGGAT-1,3
CTATCTAGTCACGCTG-1,2
CTATCTATCTCTTCAA-1,4
CTCAACCAGAACAGGA-1,1
CTCAACCAGAGAATCT-1,1
CTCAACCAGTGCCGAA-1,5
CTCAACCCAAAGGATT-1,3
CTCAACCCACACCGAC-1,5
CTCAACCCAGCGTTTA-1,3
CTCAACCGTTCCGTTC-1,2
CTCAAGAAGCAACAAT-1,3
CTCAAGAAGCCGAATG-1,1
CTCAAGACAAACACGG-1,5
CTCAAGACAATAGTGA-1,1
CTCAAGACACGTCATA-1,4
CTCAAGACATTCATCT-1,5
CTCAAGAGTGCGTGCT-1,3
CTCAAGATCACCCTGT-1,1
CTCAAGATCGCAGTTA-1,3
CTCAAGATCTCCTGCA-1,2
CTCAATTCAAGAAACT-1,4
CTCAATTGTGTTCAGT-1,2
CTCAATTGTTGTGTAC-1,1
CTCAATTTCCACACAA-1,2
CTCAATTTCCCTAGGG-1,2
CTCACTGCACACCAGC-1,5
CTCACTGCACTTCAGA-1,2
CTCACTGCAGGAATCG-1,2
CTCACTGGTATAGCTC-1,3
CTCACTGGTGCCGTTG-1,3
CTCACTGTCACCTTAT-1,4
CTCACTGTCGCCCAGA-1,2
CTCACTGTCTGAGAAA-1,4
CTCAGAAAGCAACCAG-1,3
CTCAGAAAGCATGAAT-1,3
CTCAGAAAGGGACACT-1,1
CTCAGAACATATACCG-1,2
CTCAGAACATGTACGT-1,3
CTCAGAAGTTCAAGGG-1,4
CTCAGGGAGCTGAAGC-1,4
CTCAGGGAGGGCGAAG-1,4
CTCAGGGCAAACTAAG-1,3
CTCAGGGCAACGGCTC-1,1
CTCAGGGGTTACACTG-1,1
CTCAGTCAGAGTTGTA-1,1
CTCAGTCAGGGCAAGG-1,4
CTCAGTCAGGTGAGCT-1,1
CTCAGTCCACACGGAA-1,4
CTCAGTCCACGCTGCA-1,4
CTCAGTCCAGGTGGAT-1,4
CTCATCGGTGAACGGT-1,3
CTCATCGGTGCTTCAA-1,1
CTCATGCCACGCCACA-1,4
CTCATGCGTAACAGTA-1,5
CTCATGCGTAAGTTAG-1,1
CTCATGCGTAGGCAAC-1,1
CTCATGCTCTCGCTCA-1,2
CTCATTAAGGAATTAC-1,4
CTCATTACAACTGAAA-1,3
CTCATTAGTAGCTGTT-1,2
CTCATTAGTATGGAGC-1,3
CTCATTATCTCACCCA-1,5
CTCCAACAGCATATGA-1,2
CTCCAACCACGCCACA-1,2
CTCCAACCATGATAGA-1,5
CTCCAACGTACTGAGG-1,2
CTCCAACGTGGCTACC-1,5
CTCCAACTCCTTCTGG-1,5
CTCCAACTCGGACGTC-1,4
CTCCAACTCTGCCTCA-1,1
CTCCACACAGATCCAT-1,2
CTCCACACATAACTCG-1,4
CTCCACACATGTTACG-1,5
CTCCACAGTACAAGCG-1,3
CTCCACAGTAGTCACT-1,2
CTCCACAGTTCATCTT-1,4
CTCCACAGTTTCACAG-1,2
CTCCACATCGACGCGT-1,3
CTCCATGAGCTCGCAC-1,1
CTCCATGGTCAGCTTA-1,5
CTCCATGGTCGGCCTA-1,5
CTCCATGGTGTCACAT-1,1
CTCCATGGTTACGCCG-1,5
CTCCATGTCTGTGCGG-1,1
CTCCCAACAAGCCTGC-1,2
CTCCCAACATACTGAC-1,4
CTCCCAACATGACACT-1,5
CTCCCAAGTATGTCTG-1,2
CTCCCAATCGGTCGAC-1,1
CTCCCAATCTGCGGGT-1,5
CTCCCTCAGATGCAGC-1,4
CTCCCTCAGCTTCGTA-1,1
CTCCCTCAGGCTATCT-1,5
CTCCCTCCAAGTCGTT-1,3
CTCCCTCCACCAGCGT-1,1
CTCCCTCCACTTGTGA-1,2
CTCCCTCGTCCTGTCT-1,1
CTCCCTCGTGAGGCAT-1,1
CTCCCTCTCCCGGTAG-1,2
CTCCCTCTCCGTGGCA-1,2
CTCCCTCTCGCTAATG-1,2
CTCCGATAGCCGCACT-1,2
CTCCGATAGTTCCAGT-1,2
CTCCGATCAACGGTAG-1,4
CTCCGATCACTTGGCG-1,5
CTCCGATCAGCCTTCT-1,1
CTCCGATGTAGTATAG-1,2
CTCCGATGTGGTAACG-1,4
CTCCGATGTTCCACGG-1,1
CTCCGATTCATGAGAA-1,1
CTCCGATTCCAAGCCG-1,2
CTCCGATTCGTCCTCA-1,2
CTCCTCCAGAATACAC-1,4
CTCCTCCAGCTGGCCT-1,1
CTCCTCCCACTCGATA-1,2
CTCCTTTAGCCACCGT-1,4
CTCCTTTAGGTAAGTT-1,2
CTCCTTTCATAGCACT-1,2
CTCCTTTGTGCAATAA-1,3
CTCCTTTTCCTGGGTG-1,1
CTCCTTTTCCTGTAGA-1,2
CTCGAGGAGGCACGAT-1,1
CTCGAGGAGGTCACCC-1,3
CTCGAGGAGTAACGTA-1,4
CTCGAGGCAGTTGGTT-1,5
CTCGAGGGTTGCATCA-1,3
CTCGAGGTCTTCTTCC-1,1
CTCTCAGAGAGTTGCG-1,4
CTCTCAGAGGAACTAT-1,1
CTCTCAGAGTTGCATC-1,1
CTCTCAGCAGCGGTTC-1,2
CTCTCAGTCCGAAATC-1,2
CTCTCGAAGATGATTG-1,2
CTCTCGACATGATCTG-1,4
CTCTCGAGTCAACATC-1,4
CTCTGGTCATGAGGGT-1,4
CTCTGGTCATTCTCTA-1,2
CTCTGGTTCCCAGGCA-1,2
CTGAATGAGAAGAACG-1,1
CTGAATGCAAGGTCTT-1,3
CTGAATGCACGTACTA-1,2
CTGAGCGCATAAGATG-1,1
CTGAGCGCATCCTCAC-1,4
CTGAGCGGTCTGTGAT-1,3
CTGAGCGGTGCTTATG-1,1
CTGAGCGGTGTGGACA-1,1
CTGAGGCAGAAATTGC-1,3
CTGAGGCAGACATAGT-1,3
CTGAGGCGTATGAAAC-1,3
CTGAGGCGTGCCTACG-1,3
CTGAGGCTCATTTGTC-1,1
CTGAGGCTCTCTCGCA-1,4
CTGAGGCTCTTCGACC-1,2
CTGATCCAGAGTCACG-1,1
CTGATCCCACTACCCT-1,1
CTGATCCGTGCCCACA-1,2
CTGATCCTCAGCTAGT-1,4
CTGCAGGAGTATAGAC-1,2
CTGCAGGGTATGGAGC-1,4
CTGCAGGGTTAGCGGA-1,1
CTGCAGGGTTCTCCCA-1,2
CTGCAGGGTTGTGCCG-1,5
CTGCAGGTCCACGTGG-1,2
CTGCATCAGTTCGGTT-1,2
CTGCATCCAAGACCTT-1,2
CTGCATCGTCTGTTAG-1,1
CTGCATCTCAGATTGC-1,5
CTGCATCTCATGGTAC-1,4
CTGCCATAGTAGAATC-1,5
CTGCCATAGTCGCCCA-1,5
CTGCCATAGTGGCGAT-1,1
CTGCCATCACGGCGTT-1,5
CTGCCATCAGGGATAC-1,5
CTGCCATCATATGCGT-1,1
CTGCCATGTTGGATCT-1,1
CTGCCATTCCATAAGC-1,5
CTGCCTAAGAAATGGG-1,1
CTGCCTAAGCAGAAAG-1,4
CTGCCTAAGGGAGGTG-1,2
CTGCCTAAGTCGGCAA-1,3
CTGCCTAGTAGATTGA-1,3
CTGCCTAGTGGCTTGC-1,2
CTGCCTATCAGATTGC-1,2
CTGCGAGAGGTCACTT-1,1
CTGCGAGCAACTACGT-1,1
CTGCGAGGTTACGATC-1,3
CTGCGAGTCAGGTGTT-1,3
CTGCGAGTCCACGGAC-1,1
CTGCTCAAGCCTTCTC-1,5
CTGCTCAAGGTGTGAC-1,2
CTGCTCAAGGTTCACT-1,4
CTGCTCAAGTGCACTT-1,3
CTGCTCATCGTCAAAC-1,5
CTGCTCATCTCGGTAA-1,2
CTGGACGAGCACGGAT-1,3
CTGGACGAGGATTTCC-1,2
CTGGACGCAAAGGATT-1,4
CTGGACGGTAATGCGG-1,4
CTGGACGGTTGCATTG-1,2
CTGGACGTCCAACACA-1,2
CTGGACGTCCGTAATG-1,2
CTGGACGTCGGTGTTA-1,2
CTGGCAGAGGTCCGAA-1,1
CTGGCAGCAACAGAGC-1,3
CTGGCAGCACGAGGTA-1,5
CTGGCAGGTTTACTGG-1,2
CTGGCAGTCGTAGGAG-1,1
CTGGCAGTCTCAGGCG-1,4
CTGGTCTAGATAGTCA-1,5
CTGGTCTAGCTCCGAC-1,2
CTGGTCTAGTATAACG-1,4
CTGGTCTGTAGCACGA-1,1
CTGTACCAGCGGATCA-1,4
CTGTACCAGCGTGAAC-1,1
CTGTACCCAAACCACT-1,1
CTGTACCCACATATCG-1,2
CTGTACCGTACGCTTA-1,2
CTGTAGACAATCCTAG-1,5
CTGTAGACATATGCGT-1,2
CTGTAGAGTACAAGCG-1,3
CTGTAGATCGAGCACC-1,1
CTGTAGATCGCACTCT-1,3
CTGTATTAGACTCGAG-1,3
CTGTATTCAGGCCCTA-1,3
CTGTATTGTACAGAGC-1,3
CTGTATTGTTAGAAGT-1,4
CTGTATTTCACTTTGT-1,2
CTGTATTTCATCCCGT-1,2
CTGTCGTAGGGACTGT-1,1
CTGTCGTCAATCTGCA-1,1
CTGTCGTGTACGATGG-1,5
CTGTCGTGTCTCGACG-1,1
CTGTCGTTCCCATGGG-1,3
CTGTGAAAGCATGTTC-1,1
CTGTGAAAGCCGCACT-1,1
CTGTGAACAGAGACTG-1,2
CTGTGAATCCAACTGA-1,1
CTGTGGGCAACCCTCT-1,3
CTGTGGGCAGAAACCG-1,2
CTGTGGGGTTGCTCAA-1,4
CTGTGGGGTTTCTTAC-1,5
CTGTGGGTCCAGTGCG-1,1
CTTACCGAGGTCCGAA-1,1
CTTACCGCAATTGCGT-1,5
CTTACCGCACCTGCAG-1,2
CTTACCGCAGAAATCA-1,2
CTTACCGGTCGAGTGA-1,3
CTTACCGGTCTAGGCC-1,1
CTTAGGACACTACGGC-1,4
CTTAGGAGTGTTTCTT-1,3
CTTAGGATCTGTTGGA-1,3
CTTCAATAGGTAGCAC-1,1
CTTCAATCAAAGGATT-1,5
CTTCAATCATCCTTGC-1,3
CTTCAATCATCTCCCA-1,4
CTTCAATGTATGGTTC-1,5
CTTCAATTCCGAGTGC-1,2
CTTCAATTCGATTGGT-1,2
CTTCAATTCGGAAACG-1,4
CTTCAATTCGGCCTTT-1,1
CTTCAATTCTCATGCC-1,4
CTTCCGAAGGTCGTCC-1,4
CTTCCGACAATGGGTG-1,5
CTTCCGAGTCATCCGG-1,2
CTTCCGAGTCCTGTTC-1,5
CTTCCGAGTTACTCAG-1,5
CTTCCGATCCCTCATG-1,2
CTTCCGATCTGCCTGT-1,5
CTTCCTTAGAGAACCC-1,2
CTTCCTTAGTATCCTG-1,2
CTTCCTTCACGTTCGG-1,1
CTTCCTTTCGTGTCAA-1,1
CTTCGGTAGTAGAATC-1,5
CTTCGGTGTACGGTTT-1,1
CTTCGGTGTCCCTAAA-1,1
CTTCTAAAGCAAATCA-1,2
CTTCTAAAGCCTGAAG-1,3
CTTCTAACAATTTCGG-1,1
CTTCTAACAGAGACTG-1,2
CTTCTAACAGTTACCA-1,2
CTTCTAAGTGCCTTCT-1,3
CTTCTAAGTGGCGCTT-1,3
CTTCTAAGTGTCATCA-1,4
CTTCTAAGTTGGTGTT-1,4
CTTCTAAGTTTCGACA-1,2
CTTCTAATCCTGGGAC-1,5
CTTCTAATCGTTAGTG-1,5
CTTCTAATCTCCACTG-1,2
CTTCTCTCACCGTCGA-1,4
CTTCTCTCAGTCACGC-1,5
CTTCTCTTCATGCATG-1,3
CTTCTCTTCGACCTAA-1,1
CTTGAGAAGACCATGG-1,1
CTTGAGAAGATCCAAA-1,1
CTTGAGAAGGCCTTGC-1,4
CTTGAGACATTGGATC-1,2
CTTGAGAGTGACACGA-1,1
CTTGAGAGTTCGTTCC-1,3
CTTGATTAGCTGAAGC-1,1
CTTGATTAGTAGCCAG-1,2
CTTGATTAGTCACTAC-1,2
CTTGATTGTTAGCGGA-1,4
CTTGATTTCAACCTCC-1,2
CTTGATTTCGAAGTGG-1,4
CTTGATTTCTGTGTGA-1,2
CTTTCAAAGAAGCCTG-1,2
CTTTCAAAGACTCTTG-1,2
CTTTCAAAGCCTAACT-1,5
CTTTCAAAGGGCAGGA-1,3
CTTTCAACAAGCCTGC-1,5
CTTTCAACATTGCCGG-1,2
CTTTCAAGTAGCACGA-1,1
CTTTCAAGTCTGTGAT-1,1
CTTTCAAGTTCTAACG-1,2
CTTTCAATCACCCTTG-1,2
CTTTCAATCAGTCAGT-1,3
CTTTCAATCTGTAAGC-1,1
CTTTCGGAGCTCGTGC-1,3
CTTTCGGAGGATACAT-1,5
CTTTCGGAGGTGGCTA-1,2
CTTTCGGAGTACTCGT-1,3
CTTTCGGGTACCTTCC-1,4
CTTTCGGGTCAGTCTA-1,1
CTTTCGGTCAAGGCTT-1,2
GAAACCTAGACTTAAG-1,1
GAAACCTCAATAACGA-1,3
GAAACCTGTACTCCGG-1,4
GAAACCTGTTGGCCGT-1,2
GAAACCTTCGCAGTTA-1,4
GAAACCTTCTTGAACG-1,2
GAAATGAAGCGGACAT-1,2
GAAATGACAAGTTTGC-1,4
GAAATGACAGCTGTAT-1,4
GAAATGAGTAGACACG-1,1
GAAATGATCCAAAGGG-1,1
GAAATGATCTCCACTG-1,5
GAACACTAGATGCTGG-1,4
GAACACTCACCTCTAC-1,2
GAACACTGTCAACACT-1,1
GAACACTGTCAAGCCC-1,2
GAACACTTCCAAGAGG-1,4
GAACACTTCTAAGAAG-1,4
GAACGTTCATCGAACT-1,1
GAACGTTGTCATCTAG-1,1
GAACGTTTCCATGATG-1,5
GAACGTTTCTAGAGCT-1,2
GAACTGTAGTTCCATG-1,5
GAACTGTGTGAACGGT-1,3
GAACTGTTCCGTAGTA-1,4
GAACTGTTCCTTATAC-1,2
GAAGAATAGTCATCCA-1,1
GAAGAATCATATCTCT-1,2
GAAGAATGTCATCAGT-1,4
GAAGAATTCAGTGGGA-1,3
GAAGAATTCTTAGCCC-1,5
GAAGCCCAGCCATCCG-1,1
GAAGCCCCAAGCGCAA-1,5
GAAGCCCCACCCTGAG-1,5
GAAGCCCCAGTGGGTA-1,2
GAAGCCCCATCCTCAC-1,2
GAAGCCCCATCGCTCT-1,3
GAAGCCCGTAGTGCGA-1,4
GAAGCCCGTCGCTTGG-1,1
GAAGCCCTCAAGAGTA-1,3
GAAGCCCTCTACCAGA-1,4
GAAGCGAAGGTTCAGG-1,5
GAAGCGACAACACGAG-1,3
GAAGGACAGCAACTTC-1,2
GAAGGACCAGATACCT-1,5
GAAGGACTCCAAGCTA-1,5
GAAGGACTCCGATAGT-1,1
GAAGGGTAGCATTTGC-1,1
GAAGGGTGTCTTGCGG-1,1
GAAGGGTGTGGGTTGA-1,1
GAAGGGTTCCACCCTA-1,5
GAAGGGTTCCTCCACA-1,5
GAAGTAAAGCGACTAG-1,3
GAAGTAAAGCGTGTTT-1,1
GAAGTAAAGCTGGTGA-1,1
GAAGTAAAGGAGAGTA-1,5
GAAGTAAAGGTCATTC-1,4
GAAGTAAAGGTCCCTG-1,3
GAAGTAAGTTGTTTGG-1,1
GAATAGACAAAGTGTA-1,1
GAATAGACAGTCACGC-1,5
GAATAGATCACATCAG-1,4
GAATCACAGGGACCAT-1,4
GAATCACAGTCGAAAT-1,1
GAATCACTCAAGCGTT-1,4
GAATCACTCACGGTCG-1,1
GAATCGTCAAGCACAG-1,4
GAATCGTCAATCCAGT-1,3
GAATCGTCACGACAAG-1,2
GAATCGTCATGCAGCC-1,2
GAATCGTTCATGCATG-1,2
GAATCGTTCCTCAGGG-1,4
GACACGCAGACGCCAA-1,1
GACACGCAGTTCTACG-1,1
GACACGCTCCATACTT-1,2
GACACGCTCCATTTAC-1,5
GACAGCCAGCGAGTAC-1,1
GACAGCCAGCTTTGTG-1,2
GACAGCCAGTTGCTGT-1,2
GACAGCCCACTGAGGA-1,1
GACAGCCGTAATGATG-1,5
GACAGCCGTCCCTAAA-1,2
GACAGCCTCATTCACT-1,2
GACAGCCTCCTCACTG-1,2
GACATCAAGTCTGCGC-1,5
GACCAATAGCTGCCAC-1,5
GACCAATAGTGATTCC-1,5
GACCAATCAACATCGT-1,2
GACCAATCAATGTGGG-1,5
GACCAATCACAAAGTA-1,2
GACCAATCATTGCCGG-1,2
GACCAATGTATTTCGG-1,5
GACCAATTCGGTAACT-1,3
GACCCAGAGACTTCAC-1,3
GACCCAGAGATGATTG-1,2
GACCCAGGTATGAGAT-1,4
GACCCAGGTGGATGAC-1,3
GACCCAGGTTAGGCTT-1,4
GACCCAGTCAGCTGAT-1,1
GACCCAGTCAGTGGGA-1,3
GACCCAGTCTCACTCG-1,3
GACCCTTAGGCCACCT-1,5
GACCCTTAGTACTCGT-1,5
GACCCTTCACCAACAT-1,5
GACCCTTGTTTGGCTA-1,3
GACCCTTTCAGCTGAT-1,2
GACCCTTTCGACGACC-1,2
GACCGTGCACTATGTG-1,1
GACCGTGGTGGATACG-1,3
GACCGTGTCCCTGGTT-1,3
GACCGTGTCTACGGTA-1,4
GACCGTGTCTAGAGCT-1,4
GACCTTCGTAAGCTCT-1,1
GACCTTCGTCAGGTAG-1,3
GACCTTCTCTTACCGC-1,5
GACGCTGAGTCCGTCG-1,1
GACGCTGCACTCCGGA-1,2
GACGCTGGTACCTATG-1,3
GACGCTGGTACTGAGG-1,3
GACGCTGGTAGCTGAG-1,3
GACGTTAAGCACGGAT-1,1
GACGTTACAGAGCGTA-1,1
GACGTTACATCATTGG-1,3
GACGTTATCATCAGTG-1,3
GACTATGAGCACTCTA-1,2
GACTATGAGCCTGAGA-1,2
GACTATGAGCTGTACT-1,1
GACTATGCAACAAAGT-1,2
GACTATGCAACGTAAA-1,2
GACTATGGTAACTGCT-1,4
GACTATGTCACGTAGT-1,1
GACTATGTCTAGTCAG-1,1
GACTCAAAGTGCTAGG-1,3
GACTCAACATTGTAGC-1,1
GACTCAAGTAGACTGG-1,2
GACTCAATCAGAGTTC-1,5
GACTCAATCATGAAAG-1,1
GACTCAATCCCAGCGA-1,3
GACTCTCAGATAGGGA-1,4
GACTCTCAGTTTGAGA-1,5
GACTCTCCAAGGTCTT-1,3
GACTCTCGTAGACACG-1,1
GACTCTCGTTTCCATT-1,5
GACTCTCTCAAGGAGC-1,1
GACTCTCTCTCCGCAT-1,5
GACTCTCTCTGATGGT-1,1
GACTCTCTCTTGTGCC-1,2
GACTGATCACATACGT-1,1
GACTGATGTTCGTACA-1,4
GACTGATTCCATCTGC-1,5
GACTGATTCGTTGTAG-1,2
GACTTCCAGAGTCAAT-1,3
GACTTCCAGGTCCCGT-1,2
GACTTCCCAATCGCAT-1,2
GACTTCCGTCATCGGC-1,2
GACTTCCGTGACAGCA-1,3
GACTTCCTCCACAGGC-1,2
GACTTCCTCCCGTAAA-1,4
GACTTCCTCGAGTGGA-1,4
GAGAAATAGCTAGTTC-1,5
GAGAAATCAACCGACC-1,4
GAGAAATCAATTGAGA-1,1
GAGAAATCACGCTTAA-1,5
GAGAAATCAGGGCTTC-1,4
GAGAAATGTAGGCTCC-1,4
GAGAAATGTCCATAGT-1,5
GAGAAATGTGACCTGC-1,5
GAGAAATGTTAAACCC-1,2
GAGAAATTCCGTCCTA-1,2
GAGACCCAGCGACTAG-1,3
GAGACCCGTGCAACAG-1,3
GAGACCCTCAAAGCCT-1,3
GAGACCCTCATCGGGC-1,4
GAGACTTAGCGTATAA-1,1
GAGACTTAGGTCCCGT-1,3
GAGACTTCACAATGCT-1,4
GAGACTTCACGTTCGG-1,1
GAGACTTCACTGTCCT-1,4
GAGACTTGTCGCTGCA-1,4
GAGACTTGTGTTCCAA-1,3
GAGACTTTCAGCCCAG-1,4
GAGACTTTCCTCACCA-1,2
GAGACTTTCGCCCAGA-1,2
GAGACTTTCTGAGTCA-1,2
GAGAGGTAGGAACGAA-1,3
GAGAGGTAGGGACCAT-1,3
GAGAGGTCAGGACTAG-1,1
GAGAGGTTCTCTAGGA-1,3
GAGATGGAGAAACACT-1,5
GAGATGGAGGGCAAGG-1,1
GAGATGGAGGTTACAA-1,1
GAGATGGGTAGACAAT-1,1
GAGATGGTCCAAGGGA-1,3
GAGATGGTCCGATCGG-1,5
GAGCCTGCACTTGAAC-1,1
GAGCCTGGTGTATTCG-1,4
GAGCTGCAGAAGCGGG-1,1
GAGCTGCAGTTCAACC-1,5
GAGCTGCCAGCATTGT-1,1
GAGCTGCTCTGACCCT-1,4
GAGGCAAAGAATGTTG-1,3
GAGGCAAAGGAGTCTG-1,1
GAGGCAAAGGGCGAGA-1,4
GAGGCAAGTCGGATTT-1,3
GAGGCAAGTTCTCTAT-1,1
GAGGCAATCTTTGCTA-1,5
GAGGCCTAGACAGCGT-1,3
GAGGCCTAGGTTGACG-1,1
GAGGCCTCAAACTAGA-1,3
GAGGCCTCAGCAAGAC-1,1
GAGGCCTCATACAGCT-1,2
GAGGCCTGTCCACAGC-1,2
GAGGCCTGTGGAACAC-1,4
GAGGCCTTCAGCTAGT-1,5
GAGGGATAGGCTATCT-1,1
GAGGGATGTATCGCAT-1,3
GAGGGATGTATGATCC-1,4
GAGGGATGTCCTCAGG-1,4
GAGGGATGTGATAGTA-1,1
GAGGGATGTGGACTGA-1,1
GAGGGTAAGGACGCTA-1,3
GAGGGTACAAAGAACT-1,1
GAGGGTACAAGAAACT-1,1
GAGTCATAGTGTACAA-1,4
GAGTCATCAAGAGGCT-1,2
GAGTCATCACCATAAC-1,3
GAGTCATCAGTTCACA-1,3
GAGTCATCATTCGATG-1,2
GAGTCATGTACAAGTA-1,1
GAGTCATTCGCAGTGC-1,2
GAGTCTAAGCGGTAGT-1,3
GAGTCTAAGTATCTGC-1,3
GAGTCTAAGTGGATTA-1,1
GAGTCTACAATCAGCT-1,3
GAGTCTAGTAGGACCA-1,3
GAGTCTAGTATCGCTA-1,3
GAGTCTAGTGCATTTG-1,4
GAGTGAGAGTTCTACG-1,1
GAGTGAGCAAACTCTG-1,2
GAGTGAGCACCCTAAA-1,3
GAGTGAGGTTCGCGTG-1,1
GAGTGAGTCAAGAGTA-1,1
GAGTGAGTCGGTCGAC-1,2
GAGTGAGTCTTCTCAA-1,2
GAGTGTTAGAACAGGA-1,1
GAGTGTTAGCATTTCG-1,5
GAGTGTTAGTAAGGGA-1,3
GAGTGTTCAGTGTACT-1,4
GAGTGTTTCATTCATC-1,3
GAGTGTTTCTGTAACG-1,1
GAGTTACAGCGACAGT-1,4
GAGTTACCAGCATGCC-1,2
GAGTTACGTCCCTGAG-1,4
GAGTTACGTGTATTGC-1,3
GAGTTACGTGTTCGAT-1,1
GAGTTACTCCTAACAG-1,3
GAGTTGTAGAAGTCCG-1,3
GAGTTGTAGCATTGTC-1,3
GAGTTGTAGCCGTCGT-1,5
GAGTTGTAGCGTGAGT-1,4
GAGTTGTCAAGGCTTT-1,1
GAGTTGTCACCAGACC-1,1
GAGTTGTCACCTTCGT-1,2
GAGTTGTCACGATTCA-1,2
GAGTTGTGTATTCTCT-1,1
GAGTTGTTCCTGCCAT-1,1
GAGTTGTTCTAGACAC-1,1
GAGTTGTTCTGAGTCA-1,1
GAGTTTGGTCAGTCGC-1,1
GAGTTTGGTCCAAATC-1,2
GAGTTTGTCCCTCTAG-1,2
GAGTTTGTCCGATGCG-1,2
GAGTTTGTCGGCATTA-1,5
GATAGAAAGTAGATCA-1,4
GATAGAACAAAGGCTG-1,1
GATAGAACAGGCAATG-1,1
GATAGAAGTCACTCAA-1,3
GATAGAATCTGCATGA-1,5
GATAGAATCTTACCAT-1,1
GATAGCTCAACTCGAT-1,2
GATAGCTGTCTCAGGC-1,2
GATAGCTGTGAGTTGG-1,4
GATCACAAGGAGTACC-1,3
GATCACACAGAGTGAC-1,3
GATCACACATCCGCGA-1,4
GATCACAGTAGGAGGG-1,3
GATCACAGTATCACCA-1,3
GATCACAGTTCCCACT-1,4
GATCACATCGTTCCCA-1,1
GATCAGTAGGATTCCT-1,1
GATCAGTCAAGTGATA-1,4
GATCAGTGTTCGGCTG-1,3
GATCAGTGTTGCGAAG-1,2
GATCAGTTCAGTCACA-1,5
GATCAGTTCGAGAATA-1,1
GATCAGTTCGCCATAA-1,4
GATCATGCAGCTCTGG-1,3
GATCATGTCAAATGCC-1,5
GATCATGTCAGGAAAT-1,1
GATCCCTAGGTCACCC-1,5
GATCCCTCAAGGCAAC-1,4
GATCCCTCACCAGTTA-1,5
GATCCCTGTCCTCATC-1,5
GATCGTACAACCGGAA-1,2
GATCGTAGTAAGATCA-1,4
GATCGTAGTACAAAGT-1,3
GATCGTAGTCCACGCA-1,5
GATCGTATCAGTCCGG-1,1
GATCGTATCCACGTAA-1,1
GATGACTAGCCGATCC-1,5
GATGACTAGGAATCGC-1,4
GATGACTAGGGTTAGC-1,4
GATGACTAGTGGCAGT-1,1
GATGACTAGTGGTGAC-1,2
GATGACTAGTTCCATG-1,5
GATGACTCAATAAGGT-1,2
GATGACTCAATGCAGG-1,1
GATGACTCACCGGTCA-1,4
GATGACTCATGTCTAG-1,4
GATGACTGTACCGGAA-1,2
GATGACTGTCGCATGC-1,5
GATGACTTCAGCTGTA-1,2
GATGAGGCAGCACAGA-1,2
GATGAGGCATGAAGGC-1,3
GATGAGGGTGCCGTAC-1,1
GATGAGGGTTCGTACA-1,3
GATGAGGTCATGCTAG-1,4
GATGATCCACTCCCTA-1,1
GATGATCCATGACTTG-1,1
GATGATCCATGTACGT-1,1
GATGATCGTCCCTGAG-1,5
GATGCTAAGGTAAACT-1,1
GATGCTAAGTTGAATG-1,2
GATGCTACATGACACT-1,4
GATGCTAGTACTCCCT-1,1
GATGCTATCGCTCTCA-1,2
GATGCTATCGTGTGAT-1,5
GATGGAGAGCTACTAC-1,3
GATGGAGCACAACATC-1,2
GATGGAGCACACGGAA-1,4
GATGGAGGTGGCGCTT-1,1
GATGGAGGTTACCTTT-1,2
GATGGAGTCTCGCTTG-1,5
GATGTTGAGGTACATA-1,3
GATGTTGAGTGATCGG-1,1
GATGTTGAGTGATTCC-1,4
GATGTTGCACCACTGG-1,3
GATGTTGCACCGGAAA-1,2
GATGTTGCACTACCGG-1,5
GATGTTGCAGCGTACC-1,1
GATGTTGGTTACCTTT-1,1
GATGTTGGTTGTTTGG-1,5
GATGTTGTCACCGGTG-1,5
GATGTTGTCCCGTGAG-1,1
GATGTTGTCGATAACC-1,1
GATTCGAAGGTTATAG-1,1
GATTCGAAGTATGAGT-1,1
GATTCGACACGTGAGA-1,4
GATTCGACATGGAAGC-1,1
GATTCGAGTGATAGAT-1,1
GATTCTTGTAAGCGGT-1,2
GATTCTTTCCTCTCTT-1,2
GATTGGTAGAGTACCG-1,4
GATTGGTAGGGAGGCA-1,1
GATTGGTGTTGGACTT-1,5
GATTGGTTCATCACAG-1,4
GATTGGTTCCAATCTT-1,2
GATTGGTTCCTTCACG-1,1
GATTTCTCAATACGCT-1,2
GATTTCTCATACCACA-1,2
GATTTCTGTAACGTTC-1,5
GATTTCTGTTGTTTGG-1,2
GCAACATAGAAAGCGA-1,3
GCAACATCACCCTAGG-1,1
GCAACATCAGACATCT-1,2
GCAACATCAGTTAAAG-1,5
GCAACATGTGAGCAGT-1,4
GCAACATTCATAGGCT-1,3
GCAACCGAGTCATACC-1,2
GCAACCGAGTGTTGTC-1,3
GCAACCGGTAGTGATA-1,4
GCAACCGTCGGAATTC-1,1
GCACATAAGTGGTCAG-1,4
GCACATACATACCACA-1,4
GCACATAGTGGCAGAT-1,3
GCACATAGTTGAGTCT-1,2
GCACATATCAACCTCC-1,4
GCACATATCCTTACCG-1,2
GCACATATCTTCGTGC-1,4
GCACGGTCACTCCTGT-1,2
GCACGGTCATCAACCA-1,1
GCACGGTGTAAGCTCT-1,1
GCACGGTTCGCGCCAA-1,4
GCACGGTTCGTGGCTG-1,3
GCACGGTTCTACGGTA-1,4
GCACGGTTCTATGCCC-1,4
GCACGGTTCTGGTGCG-1,5
GCACGTGAGAGGTGCT-1,1
GCACGTGAGTCCTACA-1,4
GCACGTGCAAAGCTAA-1,3
GCACGTGCACAGCTGC-1,4
GCACGTGCACGGTGAA-1,2
GCACGTGCACTGCGAC-1,5
GCACGTGTCAGTCACA-1,5
GCACTAAAGTGCCCGT-1,1
GCACTAACAGTGACCC-1,1
GCACTAAGTAGTGTGG-1,1
GCAGCCAGTTTCACTT-1,4
GCAGCCATCCACAGCG-1,1
GCAGCTGAGTCATACC-1,2
GCAGCTGCAACTCGTA-1,2
GCAGCTGCACGTATAC-1,3
GCAGCTGCAGACTCTA-1,4
GCAGCTGCATAAGCAA-1,3
GCAGCTGGTAATCAGA-1,2
GCAGCTGGTACTGCGC-1,3
GCAGCTGGTATACCTG-1,1
GCAGCTGGTCTTCCGT-1,2
GCAGCTGTCACTCCGT-1,1
GCAGCTGTCGGTATGT-1,5
GCAGGCTAGACATAAC-1,5
GCAGGCTAGCTCAGAG-1,4
GCAGGCTAGGGTAATT-1,1
GCAGGCTCACGTTGGC-1,2
GCAGGCTGTTGTCTAG-1,2
GCAGGCTTCCACTGGG-1,1
GCAGGCTTCTACTCAT-1,5
GCAGTTATCCCATGGG-1,3
GCATCGGAGCATACTC-1,4
GCATCGGGTCTTCATT-1,4
GCATCGGTCCGTTTCG-1,3
GCATCGGTCGTTGCCT-1,4
GCATCTCCATCACGGC-1,3
GCATCTCTCATGCCAA-1,1
GCATCTCTCTACTGAG-1,4
GCATCTCTCTCGAGTA-1,4
GCATGATAGGAGCTGT-1,1
GCATGATCAGAGATGC-1,1
GCATGATGTATTGACC-1,2
GCATGATGTCTTGTCC-1,2
GCATTAGAGGATCATA-1,2
GCATTAGAGGGAGATA-1,3
GCATTAGAGTACAACA-1,5
GCATTAGCAACCGTAT-1,3
GCATTAGCAGAACCGA-1,4
GCATTAGCAGCAGTCC-1,1
GCATTAGCAGTCTACA-1,2
GCATTAGCATGTTTGG-1,3
GCATTAGGTAGGCTCC-1,3
GCATTAGGTTGTAAAG-1,3
GCATTAGTCAACTACG-1,3
GCATTAGTCGAGATAA-1,3
GCCAACGGTGAGACGT-1,4
GCCAACGGTTTCGTTT-1,3
GCCAACGTCAGGAAGC-1,1
GCCAGCAAGTCGCCCA-1,3
GCCAGCACAACCTATG-1,4
GCCAGCACATGGGCAA-1,2
GCCAGCAGTTGGCTAT-1,1
GCCAGGTAGACAACAT-1,4
GCCAGGTCACAGACGA-1,2
GCCAGGTGTAAGTCAA-1,4
GCCAGGTGTGTCCGGT-1,1
GCCAGGTGTGTGATGG-1,4
GCCAGGTTCAGATTGC-1,4
GCCAGTGAGAAGGGAT-1,4
GCCAGTGAGCCAGAGT-1,4
GCCAGTGCAATACGCT-1,2
GCCAGTGCAGCGTACC-1,2
GCCAGTGGTAAGTAGT-1,3
GCCAGTGGTCCAGCCA-1,4
GCCATGGAGAGGTATT-1,4
GCCATGGAGCTTAGTC-1,5
GCCATGGCATACATCG-1,2
GCCATGGGTGGCTAGA-1,4
GCCATGGGTTAGGCTT-1,1
GCCATGGGTTGCCTAA-1,2
GCCATGGTCCACGGAC-1,1
GCCATTCAGAAGCTGC-1,4
GCCATTCCACCAAATC-1,2
GCCATTCGTACTCGTA-1,1
GCCATTCGTAGCTGTT-1,1
GCCATTCGTCAAACGG-1,1
GCCATTCTCTCGTCAC-1,5
GCCCAGAAGTCTGCAT-1,1
GCCCAGAGTTTACGAC-1,2
GCCCAGATCACCTGGG-1,3
GCCCAGATCACGACTA-1,2
GCCCAGATCCTCACCA-1,2
GCCCGAAAGGGTTAGC-1,2
GCCCGAACATGCGGTC-1,3
GCCCGAAGTAACCAGG-1,1
GCCCGAAGTAAGTCAA-1,3
GCCCGAAGTAGAGACC-1,5
GCCCGAAGTATGAAAC-1,2
GCCCGAATCCACTAGA-1,2
GCCCGAATCTATCGCC-1,2
GCCGATGAGAATGTTG-1,5
GCCGATGAGGAGACCT-1,2
GCCGATGAGTCGGGAT-1,1
GCCGATGCAGTTGGTT-1,2
GCCGATGCATAGTCAC-1,3
GCCGATGGTCGTGGAA-1,1
GCCGATGGTCTCAGAT-1,5
GCCGATGGTTCTAACG-1,3
GCCGATGTCGTGAGAG-1,1
GCCGATGTCTTGCGCT-1,1
GCCGTGAAGAGCATAT-1,1
GCCGTGAAGCTTTGTG-1,4
GCCGTGAGTCAACGCC-1,2
GCCGTGATCTTCACAT-1,1
GCCTGTTAGCCGGATA-1,4
GCCTGTTAGTTCCGTA-1,2
GCCTGTTCAAATGAAC-1,4
GCCTGTTGTACTCGAT-1,5
GCCTGTTGTGCTCCGA-1,5
GCCTGTTGTTCTCTCG-1,4
GCCTGTTTCTGTGTGA-1,5
GCGAGAAAGACCAGAC-1,1
GCGAGAAAGCGTCAAG-1,2
GCGAGAAAGGCTTAAA-1,1
GCGAGAACAAAGAGTT-1,1
GCGAGAACAGAGTCAG-1,3
GCGAGAAGTAGCGCCT-1,3
GCGAGAAGTGGCAGAT-1,2
GCGAGAATCAAACGTC-1,1
GCGAGAATCCCAAGCG-1,1
GCGAGAATCGTGACTA-1,1
GCGATCGAGCAAGGAA-1,2
GCGATCGCACGGTGAA-1,4
GCGATCGGTTTACACG-1,3
GCGATCGTCACGTAGT-1,5
GCGATCGTCATGAAAG-1,3
GCGATCGTCTCGCCTA-1,5
GCGGAAACAGTCGGTC-1,4
GCGGATCAGATCCCAT-1,1
GCGGATCAGCCTCAGC-1,1
GCGGATCCACTGGACC-1,1
GCGGATCTCACGGAGA-1,5
GCGTGCAAGATCCGAG-1,3
GCGTGCAAGTCCTACA-1,4
GCGTGCACACCGGTCA-1,4
GCGTGCAGTAACGCGA-1,1
GCGTTTCCAACCACGC-1,3
GCGTTTCCAATTGTGC-1,1
GCGTTTCCACATTCGA-1,2
GCGTTTCGTCAAATCC-1,3
GCGTTTCGTCACTAGT-1,4
GCTACAAAGACAAGCC-1,5
GCTACAATCCAACACA-1,1
GCTACAATCTTCCAGC-1,5
GCTACCTAGGCTAGCA-1,2
GCTACCTGTCGTCAGC-1,2
GCTACCTTCACTACGA-1,2
GCTACCTTCTTCCAGC-1,1
GCTCAAAAGTAGTGCG-1,4
GCTCAAAGTACCAGAG-1,4
GCTCAAAGTTCTAACG-1,3
GCTGAATAGTCGAAGC-1,1
GCTGAATGTATCGCGC-1,1
GCTGAATTCGGCATCG-1,4
GCTGAATTCTCAGTCC-1,2
GCTGCAGAGAAATCCA-1,3
GCTGCAGCACTATCCC-1,2
GCTGCAGCAGTTAAAG-1,3
GCTGCAGGTCGAAGCA-1,1
GCTGCAGGTGGACTGA-1,1
GCTGCAGTCACCTGTC-1,2
GCTGGGTAGGTATCTC-1,2
GCTGGGTCATTGCCTC-1,4
GCTGGGTGTTGTGTTG-1,1
GCTTCACAGTTGCTCA-1,3
GCTTCACCAGGAGGTT-1,4
GCTTCACGTCGTCAGC-1,1
GCTTCACGTGGTTTAC-1,2
GCTTCACGTTGGCCGT-1,4
GCTTGGGAGCGACTGA-1,1
GCTTGGGAGGAGATAG-1,3
GCTTGGGAGGTCGAGT-1,2
GCTTGGGCAGTCGTTA-1,2
GCTTGGGGTAGGCAAC-1,5
GCTTGGGGTTGCTAGT-1,2
GCTTGGGTCCGAGATT-1,4
GCTTGGGTCGTTCATT-1,4
GCTTGGGTCTAAGAAG-1,1
GCTTGGGTCTTGGAAC-1,2
GCTTTCGAGAACGTGC-1,2
GCTTTCGAGCAGCCCT-1,3
GCTTTCGAGTGCTAGG-1,1
GCTTTCGAGTGGTTAA-1,3
GCTTTCGAGTTTCAGC-1,1
GCTTTCGCAACGCCCA-1,4
GCTTTCGCACTACGGC-1,4
GCTTTCGCATCGATAC-1,2
GCTTTCGCATGAGATA-1,3
GCTTTCGGTCACCGCA-1,4
GCTTTCGGTTAAACCC-1,1
GGAACCCAGAATAACC-1,1
GGAACCCGTCATATGC-1,2
GGAACCCTCAGAGCGA-1,2
GGAACCCTCGGTTCAA-1,3
GGAAGTGAGACTCCGC-1,2
GGAAGTGAGGAGTATT-1,3
GGAAGTGAGGCATCGA-1,1
GGAAGTGAGTCGCCCA-1,3
GGAAGTGCAATTCGTG-1,3
GGAAGTGCAGCTCTGG-1,1
GGAAGTGGTACCGGCT-1,2
GGAAGTGGTACTGAGG-1,3
GGAAGTGGTCTGTTAG-1,3
GGAATCTCACGCCAGT-1,4
GGAATCTCATTGCTTT-1,1
GGAATCTTCATTGGTG-1,3
GGAATGGCATACAGCT-1,1
GGAATGGGTGATTCAC-1,3
GGAATGGTCGGCTCTT-1,2
GGACGTCAGCAACTCT-1,4
GGACGTCCATAGAATG-1,5
GGACGTCCATGGGATG-1,2
GGACGTCGTATCGAGG-1,3
GGACGTCGTCCTGTCT-1,1
GGACGTCTCTTCCAGC-1,4
GGAGAACCAAGGACAC-1,1
GGAGAACCACAAAGCG-1,3
GGAGAACTCAATCCAG-1,2
GGAGAACTCGTCGACG-1,5
GGAGAACTCTTCGTAT-1,1
GGAGATGGTACTGTTG-1,2
GGAGATGGTGTAGGAC-1,1
GGAGATGTCCACTTTA-1,4
GGAGCAAAGACAAGCC-1,3
GGAGCAAAGGTTTGAA-1,4
GGAGCAAGTTTACTTC-1,3
GGAGCAATCCATGCAA-1,2
GGAGCAATCCCAAGCG-1,2
GGAGCAATCGGTCAGC-1,3
GGAGGATCAGCTTCCT-1,1
GGAGGATGTACTGAGG-1,3
GGAGGATGTCGAAACG-1,3
GGAGGTAAGACCCGCT-1,1
GGAGGTAAGCAGATAT-1,5
GGAGGTACAGAAGCGT-1,5
GGAGGTACAGGCTCTG-1,4
GGAGGTACATGACCCG-1,4
GGAGGTAGTTAATCGC-1,1
GGAGGTATCAGCACCG-1,2
GGAGGTATCATTGCTT-1,2
GGATCTACATCACAGT-1,1
GGATCTAGTGTTTACG-1,3
GGATCTATCAGGGATG-1,3
GGATCTATCCAACTAG-1,2
GGATCTATCTAGTCAG-1,3
GGATGTTAGCCATTGT-1,3
GGATGTTAGCCTGAAG-1,2
GGATGTTAGGCCATAG-1,3
GGATGTTGTGGCGCTT-1,1
GGATGTTGTGGGTCAA-1,3
GGCACGTAGGACTAAT-1,4
GGCACGTAGGGTAATT-1,3
GGCACGTAGTGTAGTA-1,3
GGCACGTCAAGATGGC-1,3
GGCACGTTCAAATGCC-1,2
GGCACGTTCACTTTGT-1,2
GGCACGTTCGCAATTG-1,2
GGCACGTTCTTGAGCA-1,1
GGCAGTCAGGTGGTTG-1,4
GGCAGTCGTCAGACGA-1,3
GGCAGTCGTCAGGTGA-1,3
GGCAGTCTCACTTCTA-1,2
GGCGTCAAGAGCATAT-1,3
GGCGTCAAGAGTCAAT-1,1
GGCGTCAAGCATCAGG-1,1
GGCGTCACAGAATTCC-1,5
GGCGTCACAGATCCAT-1,3
GGCGTCAGTATAGCTC-1,4
GGCGTCAGTGGTATGG-1,1
GGCGTCATCCAGCTCT-1,4
GGCGTCATCTGTCGTC-1,4
GGCTGTGAGCGCCCAT-1,3
GGCTGTGCACATTACG-1,2
GGCTGTGTCTTGGGCG-1,1
GGCTTGGAGGCTTTCA-1,4
GGCTTGGGTAGAGTTA-1,3
GGCTTGGGTCTCGGGT-1,5
GGCTTGGTCGAAGTGG-1,5
GGCTTTCAGAGTGAAG-1,4
GGCTTTCAGGTGAGAA-1,1
GGCTTTCCACCAGCGT-1,2
GGCTTTCCACTCACTC-1,1
GGCTTTCGTACGGATG-1,4
GGCTTTCGTGAGCAGT-1,4
GGCTTTCGTTCCTTGC-1,1
GGCTTTCTCTATCGTT-1,2
GGCTTTCTCTGGACTA-1,3
GGGAAGTAGTTCCTGA-1,3
GGGAAGTCAAGCGGAT-1,1
GGGAAGTGTATGGTTC-1,3
GGGAAGTGTCTAACGT-1,1
GGGAAGTTCCTACCGT-1,4
GGGAAGTTCGATTTCT-1,1
GGGACAAAGCATGATA-1,2
GGGACAAAGCTCATAC-1,2
GGGACAAAGGTAAGGA-1,4
GGGACAAGTAGCCCTG-1,3
GGGACAAGTTGGGACA-1,1
GGGACAAGTTTAGTCG-1,1
GGGACAATCAAACTGC-1,1
GGGACAATCGGTCAGC-1,5
GGGACAATCTAGTGAC-1,2
GGGACCTAGTAGGAAG-1,3
GGGACCTCACGGAAGT-1,4
GGGACCTCATAAGCAA-1,5
GGGACCTGTACTCCCT-1,2
GGGACCTGTCGTCATA-1,4
GGGACCTGTTCGGTAT-1,4
GGGACCTGTTGGGCCT-1,1
GGGACCTTCGCTGTTC-1,2
GGGACCTTCGTTTACT-1,3
GGGACTCAGCGGTAAC-1,2
GGGACTCAGTGACCTT-1,3
GGGACTCCACTCTGCT-1,2
GGGACTCGTATTCCGA-1,4
GGGACTCGTCATAGTC-1,1
GGGACTCTCCATTCAT-1,5
GGGACTCTCGGAAGGT-1,1
GGGACTCTCTTGTGCC-1,5
GGGAGATAGATTAGTG-1,3
GGGAGATAGGAATTAC-1,3
GGGAGATGTGGACTAG-1,5
GGGAGATTCGTTGCCT-1,1
GGGAGTAAGCGGGTAT-1,1
GGGAGTACAGTCGAGA-1,1
GGGAGTAGTAGATTGA-1,2
GGGAGTAGTAGTCGGA-1,1
GGGAGTATCACCCTCA-1,5
GGGAGTATCCTCATAT-1,1
GGGAGTATCGCTGCGA-1,2
GGGATCCAGAAGGGAT-1,1
GGGATCCCATGGCCCA-1,4
GGGATCCGTATCTCGA-1,4
GGGATCCGTCATTGCA-1,5
GGGATCCGTCGAGCTC-1,1
GGGATCCTCATGGAGG-1,4
GGGATGAAGTAGGTTA-1,1
GGGATGACAAGTGTCT-1,3
GGGATGACAGCACACC-1,3
GGGATGACATCCCACT-1,4
GGGATGAGTATATGGA-1,1
GGGATGAGTTCGAACT-1,1
GGGATGAGTTGACTAC-1,2
GGGCCATAGGTCACCC-1,2
GGGCCATAGTACGTCT-1,5
GGGCCATGTAACTGCT-1,3
GGGCCATGTACGCTAT-1,3
GGGCCATGTCCGAAGA-1,5
GGGCCATTCAACTGAC-1,4
GGGCGTTAGACATCCT-1,4
GGGCGTTAGGAATGTT-1,4
GGGCGTTCAATTGCTG-1,2
GGGCGTTGTACCGTGC-1,3
GGGCGTTGTCTGTGGC-1,4
GGGCTACAGAATTGCA-1,4
GGGCTACAGATGTAGT-1,1
GGGCTACAGCACTCTA-1,5
GGGCTACAGCAGTAAT-1,1
GGGCTACCACCTCGTT-1,5
GGGCTACTCATAGCAC-1,3
GGGCTCAAGTTTCGAC-1,2
GGGCTCAGTCACGTGC-1,1
GGGCTCATCATCGACA-1,2
GGGCTCATCCCATAGA-1,2
GGGCTCATCCTCAGGG-1,4
GGGCTCATCTTGGTGA-1,3
GGGTAGACAGCTTCCT-1,1
GGGTAGATCATGACAC-1,3
GGGTAGATCCATCTGC-1,1
GGGTATTCACCAGACC-1,5
GGGTATTCACCCTAGG-1,3
GGGTATTCATGACTAC-1,4
GGGTCACAGCTAAACA-1,2
GGGTCACAGGCCCACT-1,1
GGGTCACAGTAAATGC-1,4
GGGTCACGTAATTAGG-1,5
GGGTCACGTCCGGTGT-1,1
GGGTCACGTGAAGCTG-1,1
GGGTCTGAGTAAAGCT-1,3
GGGTCTGCAAGCAATA-1,4
GGGTCTGCACCCTGTT-1,3
GGGTCTGCAGACACAG-1,2
GGGTCTGCAGACACCC-1,3
GGGTCTGCAGTCCCGA-1,1
GGGTCTGGTCGAGTGA-1,1
GGGTCTGTCCATCTCG-1,3
GGGTGAAAGGTGCAGT-1,4
GGGTGAAGTCGACTGC-1,5
GGGTGTCCAGAGTGAC-1,3
GGGTGTCGTTCTATCT-1,1
GGGTTATAGTACAGCG-1,4
GGGTTATCAATGCAGG-1,1
GGGTTATCAGCGAACA-1,4
GGGTTATCAGTTGTCA-1,1
GGGTTATCATGAGAAT-1,5
GGGTTATCATGATCTG-1,3
GGGTTATGTGTCCAAT-1,4
GGGTTATGTGTCTAAC-1,2
GGGTTATGTTGCTTGA-1,5
GGGTTATTCGACACCG-1,1
GGGTTTAGTATGAAGT-1,3
GGGTTTAGTGTCCGTG-1,1
GGGTTTATCCAGGACC-1,5
GGTAACTAGAATTGTG-1,5
GGTAACTAGAGATTCA-1,2
GGTAACTAGCACTCTA-1,1
GGTAACTCAACTCGTA-1,1
GGTAACTCACGTACTA-1,4
GGTAATCAGACCAACG-1,4
GGTAATCCAGAATTCC-1,5
GGTAATCCAGCGAACA-1,1
GGTAATCCAGTCTCTC-1,2
GGTAGAGAGCGATGAC-1,1
GGTAGAGAGGTGCCTC-1,2
GGTAGAGCAATACCTG-1,2
GGTAGAGCATGGTACT-1,1
GGTAGAGGTCGCGTTG-1,4
GGTAGAGGTGACCTGC-1,3
GGTAGAGTCAGATTGC-1,1
GGTAGAGTCATCGACA-1,1
GGTCACGAGCGGTAGT-1,1
GGTCACGAGTCGTTAC-1,1
GGTCACGCATGGGTTT-1,1
GGTCTGGAGGTCACAG-1,1
GGTCTGGAGTGGTCAG-1,1
GGTCTGGCAAAGGATT-1,2
GGTCTGGGTTAGGAGC-1,1
GGTCTGGGTTGCGGAA-1,4
GGTCTGGGTTGGGAAC-1,3
GGTCTGGTCACTTTGT-1,2
GGTCTGGTCCATTCAT-1,2
GGTCTGGTCGTAGAGG-1,5
GGTGAAGAGTACCGGA-1,3
GGTGAAGCAAAGTGTA-1,4
GGTGAAGCAAGGAGTC-1,3
GGTGAAGCACTACGGC-1,2
GGTGAAGGTACCTAGT-1,1
GGTGAAGGTAGCTTTG-1,3
GGTGAAGGTTCGGACC-1,1
GGTGAAGTCATAGACC-1,3
GGTGAAGTCGAGCCAC-1,4
GGTGAAGTCGGTTGTA-1,1
GGTGAAGTCTCTAAGG-1,2
GGTGATTAGCCGTCGT-1,1
GGTGATTAGGTGCAGT-1,5
GGTGATTTCACACCGG-1,2
GGTGATTTCCTGGTCT-1,2
GGTGATTTCGATAACC-1,2
GGTGATTTCTACTCAT-1,5
GGTGATTTCTTGTTAC-1,4
GGTGGCTAGCATGGGT-1,3
GGTGGCTAGCGATGCA-1,3
GGTGGCTCATATAGCC-1,2
GGTGGCTCATGTTCAG-1,5
GGTGGCTGTGCACGCT-1,2
GGTGGCTGTTCAATCG-1,1
GGTGGCTTCCTTATAC-1,3
GGTGGCTTCTGAGTCA-1,5
GGTGTCGAGAACAGGA-1,3
GGTGTCGAGAGCACTG-1,1
GGTGTCGAGCATCAGG-1,1
GGTGTCGCAAATCAAG-1,1
GGTGTCGCAGAGGCTA-1,1
GGTGTCGTCCACAGCG-1,4
GGTGTCGTCTAGTTCT-1,2
GGTGTTACATGGGCAA-1,1
GGTGTTAGTTACGTAC-1,1
GGTGTTATCGCCTAGG-1,3
GGTGTTATCTTCCGTG-1,2
GGTTAACAGCGACTTT-1,1
GGTTAACCAACTCGAT-1,4
GGTTAACCAGACTCTA-1,5
GGTTCTCAGTAGGAAG-1,1
GGTTCTCCAATCTCGA-1,2
GGTTCTCCACTCCCTA-1,1
GGTTCTCCAGGCTACC-1,1
GGTTCTCGTGACTCTA-1,1
GGTTCTCTCCGCTGTT-1,2
GGTTCTCTCGATACTG-1,5
GGTTCTCTCTTCTAAC-1,1
GGTTGTAAGATTGAGT-1,3
GGTTGTAAGCTGTTCA-1,2
GGTTGTAAGGGCAAGG-1,2
GGTTGTAGTAACCAGG-1,1
GGTTGTAGTAACGGTG-1,3
GGTTGTAGTACAGTCT-1,1
GGTTGTAGTACGTACT-1,3
GGTTGTAGTCCCTAAA-1,4
GGTTGTAGTGATTAGA-1,4
GGTTGTATCTGAGTCA-1,4
GGTTGTATCTTGTTAC-1,5
GTAACACAGCTTTGTG-1,4
GTAACACCAATTGCAC-1,4
GTAACACCAGGTCAAG-1,5
GTAACCAAGATGTTAG-1,1
GTAACCAAGCCAGAGT-1,4
GTAACCAAGCCTCTGG-1,4
GTAACCACATGGTGGA-1,2
GTAACCAGTAATCAGA-1,4
GTAACCAGTTGGACCC-1,3
GTAACCATCTGTCGTC-1,4
GTAAGTCAGATTGCGG-1,4
GTAAGTCAGGTGCATG-1,2
GTAAGTCAGGTTACCT-1,4
GTAAGTCAGTTGGACG-1,4
GTAAGTCCAAGAATAC-1,4
GTAAGTCGTACTCGAT-1,3
GTAAGTCGTAGAAACT-1,2
GTAAGTCGTCCAACGC-1,3
GTAAGTCTCATCCTGC-1,5
GTAAGTCTCCTGGGTG-1,4
GTAAGTCTCTCTTAAC-1,5
GTAATCGAGAAGAACG-1,1
GTAATCGAGAGCTGAC-1,3
GTAATCGAGCGTCAGA-1,1
GTAATCGCACGTAGTT-1,4
GTAATCGGTAACTTCG-1,3
GTAATCGGTCACCCTT-1,5
GTAATCGTCATTTGGG-1,1
GTAATCGTCTCCTGTG-1,4
GTAATCGTCTTTACAC-1,5
GTAATGCCACGACAGA-1,5
GTAATGCCACTCCACT-1,1
GTAATGCCAGGTGTTT-1,1
GTAATGCGTCATCGGC-1,3
GTAATGCGTCCCTGTT-1,5
GTAATGCGTCTGTGGC-1,4
GTAATGCGTTCTCTCG-1,2
GTAATGCTCAAGCGTT-1,5
GTACAACAGACCGCCT-1,3
GTACAACAGGTGATCG-1,4
GTACAACCACACGGAA-1,1
GTACAACCAGAACTCT-1,1
GTACAACCAGTGACCC-1,4
GTACAACGTCTGTAGT-1,5
GTACAACGTGAGTTGG-1,1
GTACAACGTGGCTGAA-1,3
GTACAGTCAAGACGAC-1,2
GTACAGTCACACGTGC-1,5
GTACAGTCATAGGTAA-1,1
GTACAGTGTGAATTAG-1,4
GTACAGTGTGTCGCTG-1,1
GTACAGTGTTCCTTGC-1,1
GTACAGTTCACGATCA-1,1
GTACAGTTCGCCTTGT-1,3
GTACAGTTCTCTCGCA-1,2
GTAGAAATCGTAGCTA-1,3
GTAGAAATCTCCCATG-1,4
GTAGAGGAGCGTCTGC-1,3
GTAGAGGCAGCGGATA-1,5
GTAGAGGCATCGATAC-1,1
GTAGAGGCATTAAAGG-1,4
GTAGAGGTCTCCCAAC-1,3
GTAGAGGTCTGAACGT-1,2
GTAGATCCAAGTTGGG-1,1
GTAGATCGTGTTCGAT-1,3
GTAGCTAAGAAACTGT-1,1
GTAGCTAAGATTAGAC-1,1
GTAGCTACAACTCCCT-1,3
GTAGCTACACTGGAAG-1,1
GTAGCTATCAAGCTGT-1,5
GTAGGAGCACCTAAAC-1,4
GTAGGAGCATAGTCGT-1,1
GTAGGAGGTATCGTGT-1,1
GTAGGAGGTGAGACGT-1,3
GTAGGAGTCTCTGAGA-1,3
GTAGGTTAGTGGAAAG-1,1
GTAGGTTCACAAGTTC-1,2
GTAGGTTCAGACGCTC-1,3
GTAGGTTGTGGGACAT-1,3
GTAGGTTGTTGCTCCT-1,2
GTAGTACTCATCTATC-1,4
GTATTGGAGCCACAAG-1,3
GTATTGGCATCACCAA-1,4
GTATTGGGTGCCTGAC-1,4
GTATTGGTCGAAGGAC-1,1
GTATTTCCACTACCGG-1,5
GTATTTCCATCTGTTT-1,5
GTATTTCGTAAGATCA-1,2
GTATTTCGTCTCCTGT-1,2
GTATTTCTCGTCAGAT-1,4
GTCAAACAGCACCTGC-1,2
GTCAAACCATCAGCTA-1,1
GTCAAACCATGCACTA-1,2
GTCAAACGTTCAGGTT-1,2
GTCAAGTCAAAGTGTA-1,2
GTCAAGTCAGTTTGGT-1,1
GTCAAGTTCGCCAATA-1,5
GTCAAGTTCGGAGTAG-1,3
GTCAAGTTCTTGGAAC-1,4
GTCACGGAGCCTAGGA-1,2
GTCACGGAGCGCTGCT-1,2
GTCACGGGTACGCGTC-1,1
GTCACGGGTAGGGTAC-1,4
GTCACGGGTAGTTAGA-1,1
GTCACGGGTCAACCTA-1,2
GTCACGGGTGGATCGA-1,1
GTCACGGTCCACAGCG-1,4
GTCACGGTCCTAGAGT-1,5
GTCACGGTCGGTAGGA-1,4
GTCACTCAGTACAGAT-1,1
GTCACTCAGTCGCCAC-1,5
GTCACTCCACGAGAAC-1,3
GTCACTCGTGGGTATG-1,3
GTCACTCTCGCACTCT-1,3
GTCAGCGAGGATAATC-1,1
GTCAGCGAGTCAGCGA-1,4
GTCAGCGCAACGGCCT-1,4
GTCAGCGCAGGAATAT-1,2
GTCAGCGTCTGAACGT-1,3
GTCATCCAGCAGATAT-1,1
GTCATCCAGCTCCACG-1,1
GTCATCCAGTGGTTAA-1,2
GTCATCCCAACTACGT-1,2
GTCATCCCACGGTGCT-1,1
GTCATCCGTCCGTTTC-1,2
GTCATCCTCATTCCTA-1,2
GTCATGAAGCGAGTCA-1,3
GTCATGAAGTAAATGC-1,4
GTCATGAAGTCTCCTC-1,4
GTCATGACACTTGTCC-1,4
GTCATGACATGCCGCA-1,1
GTCATGAGTAAGTAGT-1,1
GTCATGAGTAGGGAGG-1,1
GTCATGATCAAGTAAG-1,1
GTCATGATCACCGGGT-1,4
GTCATGATCTCATTAC-1,2
GTCATTTAGGTAAAGG-1,1
GTCATTTCAGACACAG-1,4
GTCATTTCAGCGCGTT-1,4
GTCATTTCATCGCTCT-1,1
GTCATTTGTACCCGCA-1,4
GTCATTTGTCACAATC-1,1
GTCATTTGTTTACACG-1,1
GTCATTTTCCAGCAAT-1,1
GTCCACTAGTGCGCTC-1,1
GTCCACTAGTTGCCTA-1,2
GTCCACTGTCGTCAGC-1,5
GTCCACTGTGTTCGAT-1,2
GTCCACTTCAGAGCGA-1,3
GTCCACTTCCTCATAT-1,1
GTCCCATAGAAACCCG-1,4
GTCCCATAGGCAGTCA-1,3
GTCCCATAGGTAAACT-1,5
GTCCCATCACCGTGCA-1,4
GTCCCATCAGGCAATG-1,4
GTCCCATGTATAGGAT-1,1
GTCCCATTCATCCTGC-1,3
GTCCCATTCCGCAACG-1,5
GTCCCATTCGATACGT-1,4
GTCCCATTCTACTCAT-1,1
GTCCCATTCTAGGCCG-1,4
GTCCTCACACTTTATC-1,2
GTCCTCAGTTCTTGTT-1,5
GTCCTCAGTTGGGACA-1,2
GTCGAATAGGCCCGTT-1,1
GTCGAATAGGTCTACT-1,3
GTCGAATCAGGTCAGA-1,4
GTCGAATGTCGTTATG-1,4
GTCGAATTCAAACTGC-1,3
GTCGAATTCGCTTGAA-1,3
GTCGAATTCGGTTAGT-1,5
GTCGAATTCTTCCCAG-1,2
GTCGCGAAGCGCCGTT-1,3
GTCGCGAAGTCTGCAT-1,3
GTCGCGACAAACAGGC-1,4
GTCGCGACACAGTGAG-1,1
GTCGCGAGTCTGCATA-1,1
GTCGCGATCACGACTA-1,2
GTCGTAAAGAGGTATT-1,1
GTCGTAAAGCTATCCA-1,2
GTCGTAACAATCAGCT-1,3
GTCGTAACACCTGCGA-1,3
GTCGTAACAGACGATG-1,1
GTCGTAACATGTAACC-1,1
GTCGTAAGTCATCGGC-1,1
GTCGTTCAGTCATAGA-1,4
GTCGTTCCACTGGCGT-1,3
GTCGTTCCAGGACGAT-1,5
GTCGTTCCAGTTAGGG-1,1
GTCGTTCGTCACTACA-1,2
GTCGTTCGTGAGGATC-1,3
GTCTACCAGAACGTGC-1,3
GTCTACCGTACTCGTA-1,5
GTCTACCTCAGTCCGG-1,1
GTCTACCTCATGAGAA-1,1
GTCTACCTCGTAGAGG-1,4
GTCTACCTCTCCCTAG-1,4
GTCTACCTCTTCCCGA-1,4
GTCTAGAAGTGGATTA-1,2
GTCTAGACAGCGTTGC-1,2
GTCTAGATCAAACTGC-1,4
GTCTCACAGGCATCTT-1,2
GTCTCACCACGCGGTT-1,2
GTCTCACCACTTCATT-1,2
GTCTCACGTACATACC-1,3
GTCTCACGTAGGAGGG-1,3
GTCTCACTCACACCCT-1,5
GTCTCACTCGGAAGGT-1,1
GTCTGTCAGGAAGAAC-1,3
GTCTGTCCATCCAACA-1,2
GTCTGTCGTTAGGGTG-1,3
GTCTGTCTCTGTCGCT-1,5
GTCTTTAAGGTCGACA-1,5
GTCTTTAGTACTGCCG-1,2
GTCTTTATCCTGGCTT-1,2
GTCTTTATCTCAGTCC-1,5
GTGACGCCACTGGCCA-1,3
GTGACGCGTGATATAG-1,5
GTGACGCTCAAGTGTC-1,4
GTGACGCTCCTCACGT-1,4
GTGACGCTCCTTCGAC-1,2
GTGACGCTCGTTCAGA-1,1
GTGAGCCAGACTAGAT-1,4
GTGAGCCAGCGCCGTT-1,3
GTGAGCCAGCTGGCTC-1,3
GTGAGCCAGTGGTCAG-1,3
GTGAGCCCAAACTCTG-1,1
GTGAGCCCAGCTGAAG-1,4
GTGAGCCGTGAGCCAA-1,5
GTGAGCCGTGGTCCGT-1,1
GTGAGCCGTTCTTCAT-1,4
GTGAGCCTCACACCCT-1,3
GTGAGCCTCGATTCCC-1,1
GTGAGCCTCTTTGCGC-1,3
GTGAGGACACCCAATA-1,4
GTGAGGAGTAATGCTC-1,3
GTGAGGAGTCATCCCT-1,1
GTGAGGAGTTGCCAAT-1,3
GTGAGGAGTTGCTCCT-1,1
GTGAGGATCACGACTA-1,2
GTGAGTTAGAAGTGTT-1,1
GTGAGTTGTCCTTGTC-1,5
GTGAGTTTCGCAGAGA-1,4
GTGAGTTTCTGCCTGT-1,3
GTGATGTAGATAGTCA-1,3
GTGATGTCAATTGCTG-1,5
GTGATGTCACCTCTGT-1,4
GTGATGTGTAAGGCCA-1,4
GTGATGTGTCATCCGG-1,2
GTGATGTTCCTCGATC-1,4
GTGCACGAGCTCTATG-1,3
GTGCACGAGGGAGGAC-1,4
GTGCACGCACGAAAGC-1,2
GTGCACGGTTTGGGAG-1,2
GTGCAGCAGGGATCAC-1,3
GTGCAGCCAGGTGTTT-1,1
GTGCAGCCAGTTAAAG-1,1
GTGCAGCTCCAGCTCT-1,4
GTGCAGCTCTACGCAA-1,2
GTGCAGCTCTAGACAC-1,5
GTGCAGCTCTTCCCGA-1,2
GTGCGTGAGGACTATA-1,1
GTGCGTGAGGGAGGTG-1,1
GTGCGTGAGTCGCCAC-1,1
GTGCGTGGTATATGGA-1,3
GTGCGTGGTGGCAGAT-1,5
GTGCGTGTCTGATGGT-1,3
GTGCTGGAGACGACGT-1,3
GTGCTGGAGTGCAACG-1,4
GTGCTGGCAGACACCC-1,4
GTGCTGGTCAGCTCTC-1,2
GTGCTGGTCCTACACC-1,4
GTGCTTCAGAGTCGAC-1,4
GTGCTTCAGGACGCTA-1,2
GTGCTTCCACGTTGGC-1,1
GTGCTTCGTGACTCTA-1,3
GTGCTTCTCTGGTGCG-1,5
GTGCTTCTCTTCTGGC-1,5
GTGGAAGAGTATGTAG-1,3
GTGGAAGGTCTCGGAC-1,4
GTGGAAGGTGACAGCA-1,1
GTGGAAGTCCCAAGTA-1,3
GTGGAGAAGGAATTAC-1,1
GTGGAGACATCCGTTC-1,4
GTGGAGATCAACACCA-1,2
GTGGAGATCAACACGT-1,5
GTGGCGTTCCGTAATG-1,3
GTGGCGTTCGGTCAGC-1,2
GTGGGAAAGGATTACA-1,1
GTGGGAAAGGTGCTAG-1,4
GTGGGAACAACCTATG-1,4
GTGGGAACATACCATG-1,4
GTGGGAAGTTAAGGAT-1,3
GTGGGAATCCATTCAT-1,1
GTGGGAATCGTGAGAG-1,5
GTGGTTAAGTAACGTA-1,1
GTGGTTACACTGGAAG-1,1
GTGGTTACAGGACTTT-1,1
GTGGTTACATCTTAGG-1,1
GTGGTTAGTGGTACAG-1,1
GTGGTTAGTTCTCGCT-1,5
GTGGTTAGTTGCGGAA-1,3
GTGGTTATCAATCAGC-1,2
GTGTAACGTAGCTCGC-1,4
GTGTAACGTTCGCGTG-1,1
GTGTCCTCAACTGTGT-1,2
GTGTCCTCAGCGTTGC-1,4
GTGTCCTGTTGTCAGT-1,2
GTGTCCTTCGTTCTAT-1,5
GTGTGATAGACTCATC-1,2
GTGTGATCAAGGAGTC-1,1
GTGTGATCACAGAGCA-1,2
GTGTGATCAGCTCCTT-1,3
GTGTGATGTAATTAGG-1,1
GTGTGATGTATCGAGG-1,3
GTGTGATGTTCGGTCG-1,1
GTGTGATTCCTCACCA-1,1
GTGTGATTCTTCCAGC-1,1
GTGTGGCCAGTTTCGA-1,3
GTGTGGCGTGACATCT-1,1
GTGTGGCGTGTTTACG-1,3
GTGTGGCTCGGTTAGT-1,4
GTGTGGCTCTACGCAA-1,4
GTGTTAGAGAGCAGTC-1,1
GTGTTAGCAATACAGA-1,5
GTGTTAGCACAGCTGC-1,1
GTGTTAGCAGACGGAT-1,5
GTGTTAGGTCGCCTAG-1,1
GTGTTAGTCCCAAGTA-1,3
GTGTTCCCAGTCTCTC-1,4
GTGTTCCGTCCCGCAA-1,1
GTGTTCCTCGCGAAGA-1,1
GTTACAGCAAGCCTGC-1,4
GTTACAGTCTGACCCT-1,2
GTTACCCAGATGCTTC-1,2
GTTACCCAGTAGTCTC-1,3
GTTACCCCACATGAAA-1,2
GTTACCCCATATCTCT-1,1
GTTACCCCATGACGTT-1,3
GTTACCCGTGTATCCA-1,1
GTTACCCGTTAAGACA-1,1
GTTACCCGTTGCATGT-1,1
GTTACCCTCTTAGCTT-1,3
GTTACGACATGGGCAA-1,2
GTTACGAGTCATCACA-1,4
GTTACGAGTGCACGCT-1,1
GTTACGATCCGGGACT-1,4
GTTAGACAGCTGTTCA-1,2
GTTAGACAGGAGGTTC-1,5
GTTAGACCACCCAATA-1,3
GTTAGACGTCTTTATC-1,4
GTTAGACTCCTGGCTT-1,3
GTTAGACTCGGCGATC-1,1
GTTAGACTCTACCAGA-1,2
GTTAGACTCTCTCTAA-1,2
GTTAGACTCTGTGTGA-1,5
GTTAGTGCACGGTGTC-1,3
GTTAGTGCATGATCTG-1,5
GTTAGTGTCCCTTGGT-1,4
GTTAGTGTCCTGGGTG-1,1
GTTAGTGTCCTGTACC-1,5
GTTATGGAGCGTGCCT-1,1
GTTATGGAGTCAGGGT-1,1
GTTATGGGTACATTGC-1,5
GTTATGGGTCCGAAGA-1,4
GTTATGGGTGACACAG-1,3
GTTCATTAGACCGCCT-1,1
GTTCATTCATTCCTCG-1,1
GTTCATTTCATCGTAG-1,3
GTTCCGTAGAAACCCG-1,1
GTTCCGTAGAGCCGAT-1,1
GTTCCGTAGTATGAGT-1,4
GTTCCGTCACACTGGC-1,5
GTTCCGTCACGTAACT-1,2
GTTCCGTCATTAAGCC-1,5
GTTCCGTTCTTCACAT-1,5
GTTCCGTTCTTGATTC-1,3
GTTCGCTAGAGTTGCG-1,1
GTTCGCTAGCGTTCAT-1,5
GTTCGCTAGTGTTGTC-1,1
GTTCGCTCAGGTATGG-1,1
GTTCGCTGTATCAGGG-1,4
GTTCGCTTCATCGGGC-1,3
GTTCGCTTCCAACCGG-1,4
GTTCGCTTCCCTAGGG-1,2
GTTCTATAGGTAGACC-1,4
GTTCTATCACATATGC-1,3
GTTCTATTCCTAGCGG-1,3
GTTGAACCACGTAGAG-1,4
GTTGAACGTGCCCACA-1,2
GTTGAACGTGTCACAT-1,1
GTTGAACGTTAGGGTG-1,4
GTTGAACTCAGTCAGT-1,2
GTTGAACTCCCATTTA-1,5
GTTGCGGAGCTTAGTC-1,2
GTTGCGGAGGGATCTG-1,1
GTTGCGGAGTCAACAA-1,1
GTTGCGGAGTGCGTCC-1,3
GTTGCGGCACCCATAA-1,1
GTTGCGGGTAGCGAGT-1,3
GTTGCGGGTATTGGCT-1,4
GTTGCGGTCATGCAGT-1,1
GTTGCGGTCTTGAGCA-1,4
GTTGCTCAGAGTCTTC-1,5
GTTGCTCAGCCATTCA-1,2
GTTGCTCCAACCACAT-1,4
GTTGCTCCAATGTGGG-1,1
GTTGCTCGTACAACGG-1,1
GTTGCTCGTCATGCAT-1,1
GTTGTAGAGGGACCAT-1,4
GTTGTAGCACCATATG-1,2
GTTGTAGCAGGGAATC-1,5
GTTGTAGCATCCCGTT-1,5
GTTGTAGGTAGACGTG-1,1
GTTGTAGGTCCACTCT-1,1
GTTGTAGGTCGTGGAA-1,1
GTTGTAGGTTAGCGGA-1,1
GTTGTAGTCATGGTAC-1,1
GTTGTAGTCGACCATA-1,2
GTTGTAGTCGCAGAGA-1,3
GTTGTAGTCTGGTGGC-1,1
GTTGTCCAGTACTGGG-1,4
GTTGTCCCAGAGAAAG-1,4
GTTGTCCTCCATCTGC-1,4
GTTGTCCTCCCTCTAG-1,4
GTTGTGAAGACTTCAC-1,2
GTTGTGACACCCTATC-1,1
GTTGTGACAGCAGTTT-1,1
GTTGTGAGTGCATTAC-1,4
GTTGTGAGTTCGTACA-1,2
GTTGTGATCGTTACCC-1,5
GTTTACTCACCTATCC-1,4
GTTTACTCAGATCCTA-1,2
GTTTACTCAGGTAGTG-1,4
GTTTACTCAGTCAGAG-1,4
GTTTACTGTTATCTTC-1,5
GTTTACTTCACAGAGG-1,3
GTTTGGAAGGTGCGAT-1,3
GTTTGGAAGTTCCATG-1,1
GTTTGGACACTGAGGA-1,3
GTTTGGACAGCATCTA-1,4
GTTTGGAGTTAGGACG-1,1
GTTTGGATCACTTATC-1,4
GTTTGGATCAGAGCGA-1,4
GTTTGGATCAGCTCTC-1,1
TAACACGAGCCGATTT-1,2
TAACACGCAAAGGCAC-1,4
TAACACGCACCACTGG-1,5
TAACACGGTCATGACT-1,5
TAACACGGTGGATTTC-1,2
TAACACGTCATCTACT-1,5
TAACACGTCTCCTGAC-1,2
TAACCAGAGACGGATC-1,1
TAACCAGAGATTGAGT-1,2
TAACCAGAGGTTCAGG-1,5
TAACCAGCAGACCAGA-1,5
TAACCAGGTTCTTAGG-1,2
TAACCAGTCAGCGGAA-1,1
TAACCAGTCTGCTAGA-1,3
TAACGACAGCGAAACC-1,2
TAACGACAGTACAGAT-1,1
TAACGACCAAGCGAAC-1,2
TAACGACCAATAGGAT-1,1
TAACGACGTTCCTAGA-1,2
TAACGACTCACCTACC-1,2
TAACGACTCACTTGGA-1,1
TAACTTCAGAAGGTAG-1,1
TAACTTCAGCTAGTTC-1,5
TAACTTCAGTACGTCT-1,1
TAACTTCCAAACGAGC-1,3
TAACTTCCAACTTGCA-1,5
TAACTTCCAGGACGAT-1,4
TAACTTCCATTAAGCC-1,4
TAACTTCGTAACATCC-1,1
TAACTTCGTTGAGTCT-1,3
TAACTTCTCATTCTTG-1,2
TAACTTCTCCGGGACT-1,4
TAAGCACAGCGAGTAC-1,3
TAAGCACAGGACGCAT-1,1
TAAGCACCAACATACC-1,2
TAAGCACCAACCGACC-1,2
TAAGCACGTAGCACGA-1,3
TAAGCACGTATGTCAC-1,2
TAAGCCAAGGTCTACT-1,5
TAAGCCAAGTAGGAAG-1,4
TAAGCGTCACAGCCAC-1,1
TAAGCGTCATTCCTCG-1,1
TAAGCGTGTAGTAAGT-1,3
TAAGCGTGTTGTGGAG-1,3
TAAGCGTTCACTGATG-1,3
TAAGCGTTCGAAGCAG-1,1
TAAGTCGAGAAGGTAG-1,3
TAAGTCGAGCCACCGT-1,5
TAAGTCGAGGAGGCAG-1,4
TAAGTCGCAGCCTTCT-1,2
TAAGTCGTCGCAATGT-1,1
TAATCTCGTCGACTGC-1,1
TAATCTCGTGATCGTT-1,3
TAATCTCGTGGTCTAT-1,2
TAATCTCGTTAGGCCC-1,5
TAATCTCGTTGGAGGT-1,3
TAATTCCAGGAGCAAA-1,1
TAATTCCAGTACGTCT-1,2
TAATTCCCAACGAGGT-1,2
TAATTCCCAGTTTGGT-1,3
TAATTCCTCCAGTTCC-1,5
TACAACGAGGATGAGA-1,5
TACAACGAGGCGCTTC-1,3
TACAACGAGTACTGGG-1,4
TACAACGGTCCCGCAA-1,5
TACAACGGTTACCCTC-1,4
TACACCCAGATGTTGA-1,2
TACACCCAGCCATTGT-1,1
TACACCCAGCGTCGAA-1,3
TACACCCCAAATCGGG-1,3
TACACCCCAATTGCCA-1,2
TACACCCCATCATTTC-1,1
TACACCCGTCATTGCA-1,4
TACACCCGTTAAGAAC-1,5
TACACCCGTTCGGACC-1,2
TACAGGTAGCCACTCG-1,5
TACAGGTAGCTAGATA-1,5
TACAGGTAGCTTCGTA-1,5
TACAGGTCAAAGGATT-1,4
TACAGGTCAGCGAACA-1,4
TACAGGTGTAGAGGAA-1,3
TACAGGTGTGACAGGT-1,3
TACAGGTGTTGGTGTT-1,1
TACAGGTTCACCTTGC-1,2
TACATTCAGGAGTACC-1,2
TACATTCCAAATTGCC-1,1
TACATTCTCAGACCTA-1,2
TACATTCTCGCTACAA-1,5
TACCCACAGCGTTCCG-1,4
TACCCACAGGCTAAAT-1,4
TACCCACCAGATACTC-1,2
TACCCACGTAGCTGAG-1,2
TACCCACGTCCAAATC-1,1
TACCCACTCGATGCAT-1,5
TACCCACTCGTGGAAG-1,3
TACCCACTCTGAGAGG-1,1
TACCCGTAGAACCCGA-1,2
TACCCGTCAAGTTCCA-1,3
TACCCGTCACGGCACT-1,2
TACCCGTCAGAAGCGT-1,1
TACCCGTCAGACCTGC-1,5
TACCCGTCATAGTCGT-1,5
TACCCGTTCGACCCAG-1,4
TACCGAAAGCCGAACA-1,5
TACCGAACACATAACC-1,2
TACCGAACAGGACATG-1,5
TACCGAACATCCGTGG-1,2
TACCGAACATTGTCGA-1,1
TACCGAAGTAACCAGG-1,2
TACCGAATCCATAAGC-1,4
TACCGAATCTTCTAAC-1,2
TACCGGGGTAGACGGT-1,1
TACCGGGGTCCAGCCA-1,5
TACCGGGTCCCGTTCA-1,1
TACCGGGTCCTGGGTG-1,4
TACCGGGTCGAGCTGC-1,4
TACCGGGTCTTCCACG-1,2
TACCTCGAGCCTGAAG-1,1
TACCTCGCACGTGTGC-1,1
TACCTCGGTCCGAAAG-1,2
TACCTCGTCGACGCTG-1,1
TACCTCGTCTTAAGGC-1,4
TACCTGCAGCGTCTGC-1,5
TACCTGCAGGTCACCC-1,2
TACCTGCAGGTTAGTA-1,2
TACCTGCCAGCGTGAA-1,2
TACCTGCGTTCGAACT-1,5
TACCTGCTCCTGCCAT-1,2
TACCTGCTCGAGAAGC-1,2
TACCTGCTCTCCTACG-1,3
TACGCTCAGGTAAAGG-1,5
TACGCTCGTACAGGTG-1,5
TACGCTCTCGCCGATG-1,2
TACGGGCAGTCGCGAA-1,3
TACGGGCCAACCCGCA-1,2
TACGGGCGTACGGGAT-1,5
TACGGGCGTTAGAGTA-1,1
TACGGGCTCGCCTCTA-1,4
TACGGTAAGATACGAT-1,3
TACGGTAAGCCATTCA-1,3
TACGGTAAGGCCTGAA-1,5
TACGGTAGTGGTCTGC-1,1
TACGGTAGTTGCAAGG-1,3
TACGGTATCCCACAGG-1,1
TACGGTATCCGACATA-1,4
TACGGTATCGGCTGTG-1,1
TACGTCCAGCCGAACA-1,1
TACGTCCAGGGCAACT-1,1
TACGTCCAGGTCCCGT-1,1
TACGTCCCAGCATACT-1,1
TACGTCCGTCCACTTC-1,2
TACGTCCGTCGAGTTT-1,1
TACGTCCGTCGCACGT-1,4
TACGTCCGTGATAGAT-1,1
TACGTCCTCGTGCATA-1,2
TACGTCCTCTCGGTCT-1,5
TACTGCCAGCAGCAGT-1,1
TACTGCCAGGGATGTC-1,2
TACTGCCCAAGTTGGG-1,2
TACTTACCACATAACC-1,2
TACTTACCATGTTCGA-1,2
TACTTACGTCAGTTTG-1,3
TACTTACGTCGCCACA-1,4
TACTTACGTCGTGGAA-1,5
TACTTACGTCTCTCTG-1,3
TACTTACTCCGTGTAA-1,5
TACTTGTAGACATAGT-1,1
TACTTGTAGGAGGTTC-1,4
TACTTGTCACCTTCCA-1,2
TACTTGTCACGGCCAT-1,1
TACTTGTCATGTGGCC-1,2
TACTTGTGTACGAGTG-1,4
TACTTGTGTTTCGTAG-1,4
TACTTGTTCCCTAGGG-1,3
TACTTGTTCTGATGGT-1,2
TAGACCAAGAGGACTC-1,2
TAGACCACAAGGTCAG-1,2
TAGACCACAATCGAAA-1,2
TAGACCACATGTGACT-1,3
TAGACCAGTCCCTAAA-1,2
TAGACCAGTGAGCGAT-1,3
TAGACCATCTGAGTCA-1,2
TAGACTGAGTAGATCA-1,4
TAGACTGAGTGGTGAC-1,2
TAGACTGCAGCGACAA-1,4
TAGACTGGTCTACATG-1,4
TAGACTGGTGTCCGTG-1,1
TAGAGTCCAATGTCTG-1,3
TAGAGTCCACTTTAGG-1,5
TAGAGTCCAGCAGACA-1,2
TAGAGTCCATCAACCA-1,4
TAGAGTCGTACAAGTA-1,1
TAGAGTCGTTAGAGAT-1,3
TAGAGTCTCTCGTGAA-1,4
TAGAGTCTCTGACGCG-1,1
TAGATCGAGCGTATGG-1,5
TAGATCGAGTTGGGAC-1,5
TAGATCGGTGATGAAT-1,1
TAGCACAAGCGAAACC-1,4
TAGCACAAGGTAGTCG-1,5
TAGCACACAGCAGTTT-1,2
TAGCACAGTCCTTAAG-1,2
TAGGAGGAGTCTAGCT-1,3
TAGGAGGCAGTATTCG-1,3
TAGGAGGTCAATGTCG-1,2
TAGGGTTAGCACAAAT-1,3
TAGGGTTAGGTAAAGG-1,5
TAGGGTTCACTTTAGG-1,4
TAGGGTTCAGTTGTTG-1,4
TAGGGTTGTATAGGGC-1,2
TAGGGTTGTCCACTCT-1,1
TAGGGTTGTGTTTGCA-1,1
TAGGGTTTCCATATGG-1,3
TAGGGTTTCCCTTCCC-1,1
TAGGTACCACAGTCGC-1,1
TAGGTACGTATCGAAA-1,1
TAGGTACTCCCGTGAG-1,3
TAGGTTGAGTGTAGAT-1,2
TAGGTTGTCAAATGCC-1,3
TAGGTTGTCCAGGACC-1,5
TAGTGCATCGGTTAGT-1,1
TATACCTAGAGGCGGA-1,2
TATACCTAGGGTACAC-1,1
TATACCTCAGAATTCC-1,4
TATACCTTCATGCGGC-1,1
TATACCTTCGAGTCTA-1,1
TATATCCAGGATTTCC-1,5
TATATCCAGTACTGTC-1,1
TATATCCGTACTTGTG-1,2
TATATCCTCTCCACTG-1,5
TATCAGGAGTGTACCT-1,3
TATCAGGAGTTTCTTC-1,2
TATCAGGTCGGTCAGC-1,1
TATCAGGTCTGTGCAA-1,2
TATCCTAAGGAGTATT-1,4
TATCCTAAGTCACAGG-1,1
TATCCTACAAAGACGC-1,1
TATCCTACAATGAACA-1,2
TATCCTACAGGACGAT-1,1
TATCCTACAGGATGAC-1,4
TATCCTACAGGGATAC-1,1
TATCCTAGTTGCAAGG-1,5
TATCCTATCAGTCTTT-1,3
TATCGCCCATGCGGTC-1,2
TATCGCCGTAATCAGA-1,2
TATCGCCGTCCTCCAT-1,1
TATCGCCGTCGTATTG-1,4
TATCGCCTCACTGCTC-1,2
TATCGCCTCAGGACGA-1,1
TATCTGTAGGATAATC-1,3
TATCTGTAGTGCGTCC-1,4
TATCTGTAGTTATGGA-1,3
TATCTGTTCCTCGCAT-1,2
TATCTGTTCGCATTAG-1,2
TATCTGTTCGTTACCC-1,1
TATCTTGCAACGTATC-1,4
TATCTTGGTCTTTATC-1,4
TATCTTGTCGTCTAAG-1,2
TATCTTGTCTACTCAT-1,1
TATGTTCAGCATACTC-1,2
TATGTTCCAATAGGGC-1,2
TATGTTCGTACGAAAT-1,2
TATGTTCTCCTATTGT-1,4
TATGTTCTCGGAGTAG-1,1
TATTCCACACAATGAA-1,2
TATTCCACACATATGC-1,5
TATTGCTAGCTAAATG-1,5
TATTGCTAGTCGCGAA-1,5
TATTGCTGTAGCACAG-1,2
TATTGCTTCATCACCC-1,5
TATTGCTTCCTACGAA-1,2
TATTGGGAGCGCTGCT-1,1
TATTGGGCACTTGTGA-1,4
TATTGGGCAGATACCT-1,4
TATTGGGCATGAGTAA-1,3
TATTGGGGTGTTAAAG-1,5
TATTGGGGTTGCCAAT-1,1
TATTGGGTCAGCACCG-1,1
TATTGGGTCCTAGCGG-1,1
TATTGGGTCCTCCACA-1,4
TATTGGGTCCTCTAGC-1,4
TATTTCGAGAAGCCTG-1,3
TATTTCGAGACAACTA-1,2
TATTTCGAGACTTGTC-1,5
TATTTCGAGTTAGTAG-1,3
TATTTCGCAATTGGTC-1,2
TATTTCGCAGAGTCTT-1,2
TATTTCGGTAACACCT-1,2
TATTTCGGTTTCTTAC-1,3
TCAAGACGTAGGACTG-1,3
TCAAGACGTCTAGGCC-1,3
TCAAGACTCAAGATAG-1,3
TCAAGCAAGGTCCCTG-1,4
TCAAGCACAAGCTGCC-1,3
TCAAGCACAGGTCTCG-1,4
TCAAGCAGTCCCTGAG-1,2
TCAAGCAGTTGCTCGG-1,3
TCAAGCATCCAATCCC-1,4
TCAAGCATCCTGTACC-1,2
TCAAGCATCTCTCAAT-1,2
TCAAGCATCTTCTGTA-1,2
TCAAGCATCTTGGTCC-1,2
TCAAGTGAGCAGCAGT-1,3
TCAAGTGAGGCTGAAC-1,1
TCAAGTGAGTAGAATC-1,1
TCAAGTGGTATAGGAT-1,2
TCAAGTGGTATGCGGA-1,2
TCAAGTGGTCCCTGAG-1,1
TCAAGTGTCGCCAACG-1,2
TCAAGTGTCTGCTAGA-1,1
TCAATCTAGATGAATC-1,2
TCAATCTAGCAGGCTA-1,2
TCAATCTCACAGCCAC-1,2
TCAATCTCACGGCTAC-1,2
TCAATCTCACGTATAC-1,2
TCAATCTCAGCGTAGA-1,5
TCAATCTCATCGGTTA-1,1
TCAATCTGTATACAGA-1,3
TCAATCTTCGATACAC-1,4
TCAATCTTCGCCGTGA-1,1
TCAATTCAGGTTTACC-1,1
TCAATTCAGTGCCCGT-1,2
TCAATTCAGTTGAATG-1,2
TCAATTCGTGCAAGAC-1,1
TCAATTCTCACGGGAA-1,2
TCAATTCTCTGGGATT-1,4
TCACAAGCAGACGATG-1,2
TCACAAGCAGAGTCTT-1,2
TCACAAGCAGCTTCCT-1,5
TCACAAGTCCGCTAGG-1,2
TCACAAGTCCGGACTG-1,5
TCACAAGTCGTCTCAC-1,4
TCACACCAGTAATTGG-1,3
TCACACCCAGCACAGA-1,2
TCACACCGTGAATGAT-1,2
TCACACCTCAGTCAGT-1,1
TCACACCTCCGATTAG-1,2
TCACACCTCCTGTAGA-1,4
TCACATTAGAAGTCAT-1,2
TCACATTAGCAAGGAA-1,3
TCACATTAGCATGAAT-1,5
TCACATTAGTTGCGCC-1,3
TCACATTGTGACTCGC-1,1
TCACATTTCCATCACC-1,4
TCACGCTCACTGTGAT-1,2
TCACGCTGTATGGTAA-1,1
TCACGCTGTCTTCGAA-1,5
TCACGCTGTTGCAACT-1,4
TCACGCTTCATGGATC-1,3
TCACGCTTCCAAGGGA-1,3
TCACGCTTCCTCCACA-1,4
TCACGCTTCGAGAGCA-1,5
TCACGGGAGACTAAGT-1,1
TCACGGGAGAGATGCC-1,4
TCACGGGAGTCATGGG-1,3
TCACGGGCAGAAACCG-1,2
TCACGGGCATCCTGTC-1,4
TCACGGGGTAATTGGA-1,4
TCACGGGTCAGACCGC-1,3
TCACGGGTCTTAGCCC-1,5
TCACTATAGACACACG-1,2
TCACTATAGACTCATC-1,5
TCACTATAGGGTGGGA-1,2
TCACTATCAACATCGT-1,5
TCACTATCAGTTAGAA-1,3
TCACTATGTCGAGCTC-1,1
TCACTATTCCTTCTGG-1,4
TCACTATTCTATACTC-1,5
TCACTATTCTTCGTGC-1,2
TCACTCGAGACCATAA-1,1
TCACTCGCAATCGTCA-1,1
TCACTCGCACGCGCTA-1,3
TCACTCGGTCTTCTAT-1,1
TCACTCGTCCAATGCA-1,1
TCAGCAAAGAGGTATT-1,2
TCAGCAACAACACAAA-1,3
TCAGCAATCATTCGTT-1,2
TCAGCAATCGACCATA-1,1
TCAGCCTAGAGGTGCT-1,3
TCAGCCTAGTTGCTGT-1,3
TCAGCCTCAAACCACT-1,2
TCAGCCTCACACCTAA-1,5
TCAGCCTCAGGTCAGA-1,2
TCAGCCTGTACGCGTC-1,1
TCAGCCTTCCATAAGC-1,2
TCAGCCTTCCGCACTT-1,2
TCAGGGCAGGCACTCC-1,1
TCAGGGCCACTAACCA-1,4
TCAGGGCCATTAAAGG-1,3
TCAGGGCGTGTGTGGA-1,3
TCAGGGCTCGTGTGAT-1,1
TCAGGTAAGGAAACGA-1,1
TCAGGTAAGGGTACGT-1,4
TCAGGTAAGGTAGACC-1,1
TCAGGTAGTACAAGTA-1,1
TCAGGTAGTAGCTTAC-1,3
TCAGGTAGTATAGGGC-1,4
TCAGGTATCAGCGCAC-1,1
TCAGGTATCGCACGAC-1,2
TCAGTCCCATTACTCT-1,1
TCAGTCCGTACTCAAC-1,2
TCAGTCCGTCGGAAAC-1,1
TCAGTCCGTGGTTCTA-1,5
TCAGTCCTCGAGTCCG-1,5
TCAGTGAAGTGGACGT-1,3
TCAGTGACATCCAACA-1,5
TCAGTGAGTCTAATCG-1,5
TCAGTGATCCAAGCCG-1,2
TCAGTGATCCATGCAA-1,4
TCAGTTTAGCATCCTA-1,5
TCAGTTTCATGAGATA-1,1
TCAGTTTCATGCTGCG-1,4
TCAGTTTGTAGCCCTG-1,2
TCAGTTTGTCTGTAAC-1,4
TCAGTTTGTGCATTTG-1,3
TCAGTTTGTTCTCAGA-1,2
TCAGTTTGTTGTGCCG-1,4
TCAGTTTTCAGGAGAC-1,1
TCATACTCAATTTCTC-1,5
TCATACTGTAGGACCA-1,2
TCATACTTCAATCAGC-1,1
TCATACTTCCTACGAA-1,2
TCATACTTCTTCCACG-1,2
TCATATCAGAGCAGTC-1,1
TCATATCAGTAATACG-1,2
TCATATCCACATTACG-1,2
TCATATCCATGACACT-1,2
TCATATCGTGCATGTT-1,1
TCATATCTCACAGTGT-1,5
TCATATCTCCTTTAGT-1,2
TCATCATAGACGCCCT-1,2
TCATCATAGTCTGCAT-1,2
TCATCATCAAGTTTGC-1,3
TCATCATCAATTGCTG-1,4
TCATCATGTCGACTGC-1,1
TCATCATGTTAGCTAC-1,4
TCATCCGAGCATCCTA-1,3
TCATCCGAGGGCCCTT-1,1
TCATCCGCAGAGAAAG-1,3
TCATCCGTCAATCCAG-1,2
TCATGAGCACACCTGG-1,2
TCATGAGCATGGAGAC-1,1
TCATGAGGTTGGGACA-1,4
TCATGAGGTTTGAACC-1,5
TCATGAGTCTGAACGT-1,2
TCATGCCCAATCACGT-1,5
TCATGCCCACCCTTGT-1,4
TCATGCCCAGACAAAT-1,3
TCATGCCGTCTTCATT-1,5
TCATGCCTCCCTTTGG-1,2
TCATGGAAGCTGCCAC-1,1
TCATGGACACATTCTT-1,2
TCATGGACATAATCGC-1,1
TCATGGAGTAACTGCT-1,5
TCATGGAGTATGGAGC-1,3
TCATGTTAGACCAGAC-1,1
TCATGTTAGAGCGACT-1,4
TCATGTTAGAGTCGAC-1,3
TCATGTTTCATCGGGC-1,5
TCATTACAGCTATCTG-1,4
TCATTACAGTCATCGT-1,2
TCATTACTCTCATTTG-1,3
TCATTCAAGGTCGTCC-1,4
TCATTCAGTCCACACG-1,4
TCATTCATCGTAGCCG-1,1
TCATTGTAGATGCTTC-1,2
TCATTGTAGCACACAG-1,5
TCATTGTAGCGATGGT-1,1
TCATTGTAGTCACGAG-1,2
TCATTGTAGTTGCATC-1,5
TCATTGTCACACCAGC-1,1
TCATTGTGTACGGATG-1,2
TCATTGTGTGATACAA-1,2
TCATTGTGTGTTCGAT-1,2
TCATTGTTCAAACCTG-1,1
TCATTTGAGTGCTCAT-1,1
TCATTTGAGTGTGTTC-1,5
TCATTTGAGTTTGCTG-1,2
TCATTTGCAAGACGGT-1,5
TCATTTGGTGAATGAT-1,5
TCATTTGTCAGAATAG-1,3
TCATTTGTCATCTCTA-1,5
TCATTTGTCCATCCGT-1,2
TCATTTGTCGAACTCA-1,2
TCATTTGTCGACCATA-1,5
TCCACCAAGGAACGTC-1,5
TCCACCACAATTAGGA-1,2
TCCACCAGTCAAACGG-1,4
TCCACCATCACTACTT-1,1
TCCACCATCAGCTGTA-1,3
TCCACCATCGTGGAAG-1,2
TCCACCATCTAACGGT-1,4
TCCACCATCTTCGGTC-1,2
TCCACGTAGGGCAACT-1,1
TCCACGTCAAAGAGTT-1,4
TCCACGTCATACACCA-1,2
TCCACGTGTGAGTAGC-1,4
TCCACGTTCCGAGAAG-1,5
TCCACGTTCCGCGATG-1,4
TCCACGTTCGAACCAT-1,2
TCCACGTTCGTACCTC-1,5
TCCAGAAAGGTAGTAT-1,3
TCCAGAACAAATACGA-1,4
TCCAGAACAGTATACC-1,5
TCCAGAACATGGGAAC-1,2
TCCAGAAGTACGATTC-1,4
TCCAGAAGTTCCGCTT-1,1
TCCAGAATCTTAGCCC-1,2
TCCATCGAGACCCTTA-1,1
TCCATCGAGACGAAGA-1,4
TCCATCGCAGGCGATA-1,2
TCCATCGGTAATTGGA-1,1
TCCATCGTCAGTGGGA-1,4
TCCATCGTCATGTCAG-1,2
TCCATCGTCCCGTAAA-1,2
TCCATGCGTAGCGTTT-1,5
TCCATGCGTTTCCAAG-1,2
TCCATGCTCACTCTTA-1,1
TCCATGCTCGTCCTTG-1,5
TCCATGCTCGTCTCAC-1,4
TCCATGCTCTGCAGCG-1,1
TCCCACACAAACCACT-1,2
TCCCACACAGGCTACC-1,2
TCCCACAGTACCAGAG-1,5
TCCCACAGTGAAGCTG-1,4
TCCCACAGTGTCATTG-1,1
TCCCACATCATGGTAC-1,5
TCCCACATCTCGGGAC-1,5
TCCCAGTAGACGGTCA-1,3
TCCCAGTCAAAGCGTG-1,1
TCCCAGTCACTATGTG-1,2
TCCCAGTGTCTCAAGT-1,3
TCCCAGTTCCATCTGC-1,2
TCCCATGAGTTTGGCT-1,1
TCCCATGCAGATACTC-1,2
TCCCATGGTCCTACGG-1,3
TCCCATGGTGGCCACT-1,4
TCCGAAACAATACCCA-1,4
TCCGAAACAGTTGAAA-1,4
TCCGAAATCCGTTTCG-1,4
TCCGAAATCTAGGCCG-1,4
TCCGATCCAGTAGAGC-1,3
TCCGATCCATCTTTCA-1,5
TCCGATCGTACCTAAC-1,2
TCCGATCGTACGATTC-1,1
TCCGATCGTCTGATAC-1,4
TCCGATCTCGTAGCCG-1,2
TCCGATCTCTGAGTCA-1,5
TCCGGGAAGCGGACAT-1,4
TCCGGGACAAGACAAT-1,4
TCCGGGAGTACTGGGA-1,3
TCCGGGAGTACTTCCC-1,1
TCCGGGAGTTCAAAGA-1,5
TCCGGGATCAAAGCCT-1,5
TCCGGGATCAGGAAAT-1,4
TCCGGGATCCACTAGA-1,1
TCCGGGATCGTGGAAG-1,1
TCCGTGTGTCTCGCGA-1,3
TCCGTGTGTGAACCGA-1,3
TCCGTGTTCGAGCACC-1,5
TCCGTGTTCTGTGCGG-1,1
TCCTAATAGTCGGCCT-1,1
TCCTAATCATAACGGG-1,4
TCCTAATCATACATCG-1,2
TCCTAATGTCTTAGTG-1,3
TCCTAATGTGCCTGCA-1,5
TCCTAATTCAGCTAGT-1,1
TCCTAATTCCTTATGT-1,5
TCCTCCCAGGCGTTGA-1,4
TCCTCCCCAAGGTCTT-1,3
TCCTCCCGTCCGATCG-1,2
TCCTCCCGTTTCCATT-1,5
TCCTCGAAGAGAGCAA-1,3
TCCTCGAAGTGAGTTA-1,1
TCCTCGACAACACAGG-1,2
TCCTCTTAGTAGACCG-1,4
TCCTCTTGTCTGTGGC-1,4
TCCTCTTGTGCGGTAA-1,1
TCCTGCAAGCTCGCAC-1,2
TCCTGCACACAACGAG-1,2
TCCTGCATCAGACCGC-1,5
TCCTGCATCCAGCTCT-1,5
TCCTTCTCAAAGACGC-1,2
TCCTTCTGTAAGGAGA-1,3
TCCTTCTGTGTGAGCA-1,1
TCCTTCTGTTGCATGT-1,5
TCCTTCTGTTGCGGCT-1,2
TCCTTCTTCAAGGAGC-1,4
TCCTTCTTCAGACCTA-1,5
TCCTTCTTCCGCAACG-1,1
TCCTTCTTCGGTCGGT-1,4
TCCTTCTTCTCGGTCT-1,1
TCCTTTCAGGAGATAG-1,5
TCCTTTCCACGGTCTG-1,2
TCCTTTCGTAATACCC-1,1
TCCTTTCTCACCTGGG-1,2
TCCTTTCTCCCATTTA-1,2
TCCTTTCTCTTCACAT-1,2
TCGAACAAGCAGCACA-1,4
TCGAACACATAGATGA-1,3
TCGAACAGTGTGTCCG-1,5
TCGAACATCCCAGCGA-1,4
TCGAACATCGTGCTCT-1,5
TCGAAGTCAATCCTTT-1,2
TCGAAGTGTCGACTTA-1,1
TCGAAGTGTTCTCCCA-1,1
TCGAAGTTCAACTACG-1,5
TCGAAGTTCTTCCCAG-1,1
TCGACCTAGGCCTTCG-1,4
TCGACCTAGGTTATAG-1,2
TCGACCTCATCGCTGG-1,1
TCGACGGAGGGAGTGG-1,1
TCGACGGCAAGAGGCT-1,5
TCGACGGCACTTGAAC-1,2
TCGACGGCATAGATCC-1,4
TCGACGGGTATAGGAT-1,5
TCGACGGTCAAATGAG-1,1
TCGACGGTCGCTAGCG-1,1
TCGATTTAGAATCTAG-1,1
TCGATTTAGACGCAGT-1,5
TCGATTTTCAATCCGA-1,4
TCGCACTAGCGCCATC-1,5
TCGCACTCAGTGGCTC-1,3
TCGCACTTCACTGAAC-1,4
TCGCACTTCCATACTT-1,2
TCGCAGGCACAACCGC-1,1
TCGCAGGGTGCTCTCT-1,4
TCGCAGGGTTGGCTAT-1,2
TCGCAGGGTTTACCTT-1,2
TCGCAGGTCGTGCATA-1,3
TCGCAGGTCTACTCAT-1,4
TCGCTCAAGAATTCAG-1,5
TCGCTCAAGATACGAT-1,5
TCGCTCAAGATGGCGT-1,2
TCGCTCAAGTGCTAGG-1,3
TCGCTCAAGTTTGAGA-1,3
TCGCTCACAATAAGGT-1,3
TCGCTCACAATTGCTG-1,3
TCGCTCAGTCTTGTCC-1,1
TCGCTCAGTTGCCTAA-1,5
TCGCTCATCGATCCAA-1,4
TCGCTCATCGTGCAGC-1,4
TCGCTTGAGAGAAGGT-1,2
TCGCTTGAGAGAATCT-1,5
TCGCTTGAGCAGATAT-1,2
TCGCTTGAGTCTCTGA-1,4
TCGCTTGGTCATCTAG-1,3
TCGCTTGTCAGGAAAT-1,4
TCGCTTGTCTTCGGTC-1,5
TCGGATAAGATTAGAC-1,5
TCGGATACATCGGAGA-1,1
TCGGATAGTCGATTAC-1,1
TCGGATAGTTGATCGT-1,3
TCGGATATCTAACGGT-1,2
TCGGGACAGCCTCACG-1,4
TCGGGACAGGCGCTCT-1,4
TCGGGACCACTACTTT-1,1
TCGGGACTCCCGAGAC-1,3
TCGGGCAAGCAAGGAA-1,4
TCGGGCACACCTATCC-1,1
TCGGGCACATGCAGGA-1,3
TCGGGCAGTACTCAAC-1,2
TCGGGCAGTCGTAATC-1,4
TCGGGCATCAGTCCGG-1,2
TCGGGTGAGACTGGGT-1,5
TCGGGTGCAATTCACG-1,3
TCGGGTGCACCTTCCA-1,3
TCGGTCTAGTAGGCCA-1,5
TCGGTCTCAAGTATAG-1,5
TCGGTCTCAAGTCCCG-1,5
TCGGTCTGTACCTGTA-1,3
TCGGTCTTCCTTGGAA-1,3
TCGGTCTTCGTGCACG-1,1
TCGGTCTTCTTGCAAG-1,3
TCGTAGACAAGAATGT-1,3
TCGTAGACAAGAGCTG-1,3
TCGTAGACAAGAGTAT-1,5
TCGTAGATCAGAGCGA-1,1
TCGTCCAAGCCTGGAA-1,1
TCGTCCAAGTCCCAAT-1,2
TCGTCCACAGAGGCAT-1,2
TCGTCCACATAAGATG-1,5
TCGTCCAGTCGTGTTA-1,5
TCGTCCAGTGGCACTC-1,1
TCGTCCAGTTCGATTG-1,4
TCGTCCATCATCTATC-1,1
TCGTGCTCATGGCTAT-1,3
TCGTGCTGTTTGTTCT-1,4
TCGTGGGCAAAGGTTA-1,3
TCGTGGGTCTAAACGC-1,3
TCTAACTAGGGCCCTT-1,3
TCTAACTCATCCGCGA-1,2
TCTAACTGTCAGGTAG-1,1
TCTAACTGTTCTTGTT-1,2
TCTAACTTCCTACGGG-1,2
TCTACATAGACTTAAG-1,1
TCTACATAGGATAATC-1,4
TCTACATCAGAGTCAG-1,2
TCTACATCATCGTGGC-1,4
TCTACATGTACCGTGC-1,1
TCTACATGTAGGTCAG-1,3
TCTACATGTATCGTTG-1,5
TCTACATGTCCAACGC-1,2
TCTACATGTGCTATTG-1,3
TCTACATTCGGAGTAG-1,3
TCTACCGAGTACTGTC-1,1
TCTACCGAGTTGCTCA-1,1
TCTACCGCACCAGTAT-1,1
TCTACCGCACGAAAGC-1,2
TCTACCGGTGAGTGAC-1,3
TCTACCGTCGTTAGTG-1,4
TCTATACAGGTTAGTA-1,5
TCTATACCAGTTAAAG-1,4
TCTATACGTGGCTGAA-1,5
TCTATACGTGTCTTGA-1,5
TCTATACGTTCTCCAC-1,4
TCTATACTCACGAACT-1,2
TCTATACTCCTCAGAA-1,2
TCTATACTCGCATTAG-1,3
TCTATCAAGATGACAT-1,2
TCTATCAAGGAGCAAA-1,2
TCTATCAAGTCGAATA-1,5
TCTATCACACATTACG-1,5
TCTATCAGTAGACTGG-1,5
TCTATCAGTAGCTAAA-1,5
TCTATCAGTGAAAGTT-1,4
TCTCACGAGGTAAGTT-1,1
TCTCACGCACGGTGAA-1,2
TCTCACGCAGGCATTT-1,2
TCTCACGCAGTTGAAA-1,3
TCTCACGGTAGCGTAG-1,4
TCTCACGGTATTGGCT-1,2
TCTCACGGTCTAGTGT-1,1
TCTCACGGTCTGATCA-1,5
TCTCACGGTTCAAACC-1,3
TCTCACGTCGGTCATA-1,3
TCTCACGTCTCCCTAG-1,2
TCTCAGCAGAAACTCA-1,2
TCTCAGCCACCGCTAG-1,2
TCTCAGCGTCACTCTC-1,2
TCTCAGCGTGCCTATA-1,5
TCTCAGCTCACTGGGC-1,2
TCTCAGCTCTGGACTA-1,4
TCTCCGACATAATCGC-1,1
TCTCCGAGTACTAAGA-1,2
TCTCCGAGTTCCTAGA-1,5
TCTCCGATCGGTCGGT-1,1
TCTCCGATCTTTGCAT-1,1
TCTCTGGAGCATTTCG-1,1
TCTCTGGAGCCTATCA-1,5
TCTCTGGAGCGCGTTC-1,4
TCTCTGGCACAATGCT-1,1
TCTCTGGGTAGCTAAA-1,4
TCTCTGGGTGGCTGAA-1,4
TCTCTGGTCATAAGGA-1,4
TCTGCCAAGGACGCTA-1,2
TCTGCCAGTCATTCCC-1,5
TCTGCCAGTGTTGATC-1,3
TCTGCCATCCGCAGTG-1,2
TCTGCCATCGCGAAGA-1,3
TCTGCCATCTAGATCG-1,3
TCTGGCTCAAGCGGAT-1,1
TCTGGCTGTCTGCCTT-1,2
TCTGGCTTCAGCGCGT-1,2
TCTGGCTTCAGGAAAT-1,1
TCTGTCGGTATGGGAC-1,5
TCTGTCGGTGTTAGCT-1,4
TCTGTCGTCCTAGAGT-1,4
TCTTAGTCAAGAAATC-1,3
TCTTAGTCAATACCCA-1,1
TCTTAGTCATCGGATT-1,4
TCTTAGTGTAAGACCG-1,3
TCTTAGTGTATCGGTT-1,4
TCTTAGTGTATGTCTG-1,2
TCTTAGTGTCGTTCAA-1,4
TCTTAGTTCGAAGTGG-1,4
TCTTAGTTCTGGGTCG-1,3
TCTTAGTTCTGTACAG-1,3
TCTTAGTTCTGTCCGT-1,2
TCTTCCTAGAGGGTGG-1,1
TCTTCCTAGGGCAGTT-1,4
TCTTCCTCACAGCTTA-1,2
TCTTCCTCACCGTGGT-1,2
TCTTCCTTCATGAAAG-1,2
TCTTGCGAGCACGATG-1,5
TCTTGCGAGTGGAATT-1,4
TCTTGCGCAAAGCTCT-1,5
TCTTGCGCATCTTTCA-1,4
TCTTGCGGTAACCCGC-1,2
TCTTGCGGTGCCGAAA-1,1
TCTTGCGTCACACCCT-1,5
TCTTTGACACCAGACC-1,4
TCTTTGAGTCGCATGC-1,2
TCTTTGAGTGTTCCTC-1,3
TCTTTGATCAAACGTC-1,3
TGAACGTAGTACAACA-1,1
TGAACGTCAATTCTTC-1,1
TGAACGTCAGAACATA-1,5
TGAACGTCAGTAACCT-1,4
TGAACGTCATCTGCGG-1,5
TGAACGTTCCATAGGT-1,2
TGAACGTTCCTGCCAT-1,2
TGAACGTTCGGTCATA-1,3
TGAATCGAGACTAAGT-1,2
TGAATCGAGATCACCT-1,4
TGAATCGAGATCCCAT-1,5
TGAATCGAGCATATGA-1,3
TGAATCGAGCCAACCC-1,2
TGAATCGCAATTTCCT-1,5
TGAATCGGTAGAATAC-1,3
TGAATCGGTGAGCCAA-1,1
TGAATCGTCGACCAAT-1,5
TGAATCGTCTCGTTTA-1,3
TGAATGCAGGCAGGGA-1,5
TGACAGTAGGGAACAA-1,2
TGACAGTAGTGCGCTC-1,4
TGACAGTGTACCATAC-1,2
TGACAGTGTAGCTGCC-1,4
TGACCCTAGGCCTGAA-1,4
TGACCCTCAAGCGAGT-1,1
TGACCCTCACAGTGAG-1,4
TGACCCTCACGACAGA-1,1
TGACCCTCACTTGAGT-1,5
TGACCCTCATGTGACT-1,4
TGACCCTGTTAACCTG-1,2
TGACCCTGTTATAGCC-1,5
TGACCCTGTTTCCAAG-1,2
TGACGCGAGACCAGCA-1,5
TGACGCGCATGCGGTC-1,1
TGACGCGGTAGATTGA-1,3
TGACGCGTCCAGCCTT-1,2
TGACTCCAGCTCATAC-1,4
TGACTCCTCAAGAAAC-1,5
TGACTCCTCACATACG-1,2
TGACTCCTCCCTCGAT-1,4
TGAGACTAGTCACTAC-1,4
TGAGACTCACTGAGTT-1,3
TGAGACTGTGACTCGC-1,3
TGAGACTTCATGCGGC-1,1
TGAGACTTCCACATAG-1,4
TGAGCATAGCTCAGAG-1,3
TGAGCATCAAAGCGTG-1,5
TGAGCATGTCAAGGCA-1,5
TGAGCATGTCGCATGC-1,3
TGAGCATTCCGAGCTG-1,1
TGAGCGCAGCCGAATG-1,1
TGAGCGCAGGTCCGAA-1,4
TGAGCGCCAATATCCG-1,3
TGAGCGCCAGGAATAT-1,3
TGAGCGCCATGATCTG-1,1
TGAGCGCGTACCTTCC-1,1
TGAGCGCGTACTGGGA-1,1
TGAGCGCGTGCAACAG-1,3
TGAGCGCGTTGCTCAA-1,4
TGAGCGCTCATACAGC-1,5
TGAGCGCTCCATCACC-1,5
TGAGCGCTCGAGTGGA-1,3
TGAGGGACACGTGAGA-1,2
TGAGGGAGTGTGATGG-1,1
TGAGGGATCAACTGAC-1,4
TGAGGGATCCGTATGA-1,3
TGAGGGATCTGTCCCA-1,5
TGAGGTTAGAAACTGT-1,1
TGAGGTTAGACGCTCC-1,1
TGAGGTTAGTATAGAC-1,4
TGAGGTTCACGCTTAA-1,1
TGAGGTTGTCACTGAT-1,5
TGAGTCAAGAATAGTC-1,4
TGAGTCAAGGAGAATG-1,1
TGAGTCAAGGCCGCTT-1,4
TGAGTCACACGGTAGA-1,3
TGAGTCAGTATAGGGC-1,1
TGAGTCAGTCCAAGAG-1,4
TGAGTCATCCAACTGA-1,1
TGAGTCATCGCTAATG-1,2
TGAGTCATCTGGAAGG-1,4
TGATCAGAGTAATTGG-1,4
TGATCAGAGTAGAATC-1,4
TGATCAGCAAGTTCCA-1,3
TGATCAGGTTGGGCCT-1,1
TGATCAGTCCCTTGGT-1,4
TGATCAGTCTGTCTCG-1,1
TGATCTTAGCAAATCA-1,3
TGATCTTAGCATGCGA-1,3
TGATCTTCACTTGGCG-1,3
TGATCTTGTGCTCGTG-1,5
TGATCTTTCGCTCCTA-1,2
TGATGCAAGACGGTTG-1,1
TGATGCAAGAGTGTGC-1,1
TGATGCAAGCCGGATA-1,1
TGATGCAGTGTGAATA-1,2
TGATGCATCAGACAAA-1,2
TGATGCATCAGTCACA-1,1
TGATGGTAGGAGGCAG-1,1
TGATGGTAGTCCTACA-1,1
TGATGGTCAAATGGCG-1,4
TGATGGTGTTCAAGGG-1,5
TGATGGTTCATTGTTC-1,1
TGATTCTCACTGTCCT-1,2
TGATTCTTCAACACGT-1,5
TGATTCTTCAGTGTTG-1,5
TGATTCTTCCCGAGGT-1,4
TGATTCTTCGCTCCTA-1,2
TGATTTCAGATAGTGT-1,3
TGATTTCAGTACTGTC-1,3
TGATTTCCAATCACGT-1,3
TGATTTCCAATTGCTG-1,4
TGATTTCCACCCAAGC-1,2
TGATTTCGTAGTTACC-1,5
TGATTTCGTGGGCTTC-1,3
TGATTTCTCGAATCCA-1,1
TGCACGGCAAGGGCAT-1,1
TGCACGGGTACTTCCC-1,3
TGCACGGGTTGACGGA-1,1
TGCACGGTCACTCCGT-1,5
TGCAGATAGCGGATCA-1,1
TGCAGATAGTTCCTGA-1,2
TGCAGATTCTATTCGT-1,3
TGCAGGCAGGTGAGAA-1,3
TGCAGGCCAGGTTCAT-1,2
TGCAGGCGTAGCTAAA-1,2
TGCAGGCGTGAGACGT-1,3
TGCAGTAAGAGAGTTT-1,1
TGCAGTACAGTCAGCC-1,2
TGCAGTATCAGAACCT-1,1
TGCAGTATCGACATTG-1,2
TGCAGTATCGAGATGG-1,1
TGCAGTATCTCCGATC-1,4
TGCATCCAGAGCCGTA-1,4
TGCATCCAGCATGATA-1,3
TGCATCCAGCGAGGAG-1,4
TGCATCCAGGAACGTC-1,1
TGCATCCAGGGCTTCC-1,2
TGCATCCCAACGCATT-1,5
TGCATGAAGACTACGG-1,1
TGCATGAAGTCGAATA-1,1
TGCATGAAGTGGTCAG-1,1
TGCATGACAGTACTAC-1,5
TGCATGAGTAGTCCTA-1,4
TGCATGAGTGCTCCGA-1,3
TGCATGAGTGGAACCA-1,1
TGCATGATCGTTCAGA-1,3
TGCCGAGAGCAATTCC-1,4
TGCCGAGAGGTACCTT-1,1
TGCCGAGCAATTCTCT-1,1
TGCCGAGCACTCAAGT-1,4
TGCCGAGGTATATGGA-1,1
TGCCGAGGTCAGCTTA-1,2
TGCCGAGTCCCACAGG-1,2
TGCCGAGTCCGAGCTG-1,3
TGCGACGAGATCCCAT-1,1
TGCGACGAGGTAAGAG-1,1
TGCGACGCAACTTCTT-1,3
TGCGACGCAAGGAGTC-1,2
TGCGACGCATGAGAAT-1,1
TGCGACGTCCACGGAC-1,1
TGCGACGTCCCTCGTA-1,4
TGCGACGTCTCACCCA-1,1
TGCGACGTCTCGCGTT-1,1
TGCGATAAGAGAGGGC-1,1
TGCGATAAGTCAACAA-1,1
TGCGATACAGCGTGCT-1,3
TGCGATAGTTACAGCT-1,4
TGCGATAGTTTGAAAG-1,2
TGCGATATCACTGAAC-1,1
TGCGGCAAGCATACTC-1,3
TGCGGCAAGCGTTACT-1,4
TGCGGCACAAGTTCCA-1,1
TGCGGCACAGCTACAT-1,5
TGCGGCACATTCACCC-1,1
TGCGGCAGTCACTTCC-1,4
TGCGGCAGTCGCCTAG-1,3
TGCGGCAGTGTAGGAC-1,2
TGCGGCATCCTGGTCT-1,5
TGCGGCATCCTTATAC-1,5
TGCGGCATCTCCGTGT-1,2
TGCGGGTGTCATACCA-1,3
TGCGGGTTCAAGCTTG-1,1
TGCGGGTTCTAGACAC-1,4
TGCTCCAAGACTGAGC-1,5
TGCTCCAAGTATGACA-1,4
TGCTCCAAGTGTACCT-1,3
TGCTCCAGTGGATGAC-1,5
TGCTCGTAGCAGGTCA-1,1
TGCTCGTAGGGAGTTC-1,3
TGCTCGTCACCATATG-1,2
TGCTCGTGTCAATCTG-1,1
TGCTCGTGTTCGTGCG-1,1
TGCTGAATCACTCCGT-1,4
TGCTTCGAGTTCTCTT-1,3
TGCTTCGCAACCAACT-1,5
TGCTTCGCAGGCGAAT-1,4
TGCTTCGTCTTAATCC-1,2
TGCTTGCAGAGAAGGT-1,2
TGCTTGCAGCTACGTT-1,1
TGCTTGCCAGTAGAAT-1,5
TGCTTGCCATGTTACG-1,3
TGCTTGCGTAGGTTTC-1,4
TGCTTGCGTCTGGTTA-1,4
TGCTTGCGTGCAGTGA-1,3
TGCTTGCGTTACCCAA-1,4
TGCTTGCTCGACGAGA-1,1
TGCTTGCTCGTCGACG-1,2
TGGAACTAGATGTTAG-1,3
TGGAACTAGCAGTAAT-1,1
TGGAACTGTGCAGATG-1,1
TGGAACTGTTAAGACA-1,1
TGGAACTTCCAAGCTA-1,4
TGGAACTTCCTTCTTC-1,4
TGGAACTTCTGAGCAT-1,1
TGGAGAGAGCATGTTC-1,3
TGGAGAGGTCGTATTG-1,3
TGGAGAGTCATCGCTC-1,3
TGGAGGAAGGCGAAGG-1,4
TGGAGGAAGTCCCAAT-1,3
TGGAGGACAACAACAA-1,1
TGGAGGACACAAGCAG-1,4
TGGAGGACACATACTG-1,1
TGGAGGAGTCGCATGC-1,4
TGGAGGAGTGGTCCGT-1,3
TGGAGGATCACTGGTA-1,1
TGGATCACAATGCAAA-1,3
TGGATCACATGCGTGC-1,4
TGGATCATCCGAGTGC-1,5
TGGATGTCAAGAGTGC-1,1
TGGATGTCAGAGTTGG-1,5
TGGATGTCAGTGCGCT-1,3
TGGATGTCATCGCCTT-1,1
TGGATGTGTATGAAAC-1,3
TGGATGTGTGTCATCA-1,5
TGGCGTGAGATTAGTG-1,1
TGGCGTGAGGAAGTCC-1,5
TGGCGTGCAGGTGAGT-1,1
TGGCGTGGTCATTCCC-1,3
TGGCGTGTCCAGTACA-1,3
TGGCGTGTCGGCTGAC-1,1
TGGGAAGCAAATCAAG-1,1
TGGGAAGCAGGTGGAT-1,1
TGGGAAGGTAGAATGT-1,3
TGGGAAGTCATGAGGG-1,4
TGGGAAGTCGATACGT-1,2
TGGGAGAAGATGAACT-1,4
TGGGAGATCAAGATAG-1,4
TGGGATTAGATCCAAA-1,2
TGGGATTAGGTGCTTT-1,4
TGGGATTCACAGACGA-1,5
TGGGATTCAGCTGTAT-1,2
TGGGATTGTATGTGTC-1,4
TGGGATTGTCAACGCC-1,2
TGGGATTGTTACGTAC-1,3
TGGGATTTCACGAGGA-1,2
TGGGATTTCAGCGTCG-1,3
TGGGATTTCATATGGC-1,4
TGGGATTTCATGGCCG-1,4
TGGGATTTCCCATTTA-1,5
TGGGATTTCTGCGAGC-1,1
TGGGCGTAGCGCCGTT-1,4
TGGGCGTAGTAGATCA-1,5
TGGGCGTGTCTGTGAT-1,3
TGGGCGTTCAGATTGC-1,3
TGGGCTGCAATATCCG-1,5
TGGGCTGGTTCGGTAT-1,2
TGGGCTGTCCAACCGG-1,4
TGGGCTGTCGGTTGTA-1,1
TGGGCTGTCTTGCGCT-1,4
TGGGCTGTCTTTCCAA-1,2
TGGGTTACAAACTCTG-1,1
TGGGTTACACGTCTCT-1,5
TGGGTTACATCGCTGG-1,4
TGGGTTAGTCGGCTAC-1,2
TGGGTTAGTGAGAGGG-1,1
TGGGTTATCATGAAAG-1,5
TGGTACAAGGAGTCTG-1,1
TGGTACACAATCACGT-1,2
TGGTACACAGACAAAT-1,5
TGGTACAGTAGCCCTG-1,2
TGGTACAGTCTTCAAG-1,5
TGGTACAGTTCCGCGA-1,5
TGGTAGTAGATGACCG-1,4
TGGTAGTAGGGATCAC-1,1
TGGTAGTCATCGTGCG-1,2
TGGTGATAGGACACTG-1,1
TGGTGATGTCTCGGAC-1,5
TGGTGATGTGGCTGCT-1,5
TGGTGATTCCCATTTA-1,1
TGGTGATTCCTGGGAC-1,2
TGGTGATTCTTCCTAA-1,4
TGGTTAGAGCCTCTGG-1,3
TGGTTAGAGTGTGTTC-1,1
TGGTTAGCAATACGAA-1,1
TGGTTAGTCAAAGACA-1,5
TGGTTAGTCACCACAA-1,3
TGGTTAGTCGAACGCC-1,4
TGGTTAGTCTGTGCGG-1,5
TGTAACGGTACAGGTG-1,3
TGTAACGTCACTACGA-1,1
TGTAACGTCACTGTTT-1,1
TGTAACGTCATGCCCT-1,5
TGTAACGTCCATTCGC-1,1
TGTAAGCAGAGCAAGA-1,2
TGTAAGCAGGCCCACT-1,5
TGTAAGCAGGTCCTGC-1,4
TGTAAGCGTCAGTTTG-1,3
TGTAAGCTCAATCCAG-1,2
TGTAAGCTCATACGGT-1,3
TGTAAGCTCCGGTTCT-1,4
TGTACAGAGCTGTTAC-1,4
TGTACAGGTAGAGATT-1,1
TGTACAGTCAACTGGT-1,3
TGTACAGTCCAGGACC-1,1
TGTACAGTCGCTTGAA-1,1
TGTAGACCAACCCTCT-1,1
TGTAGACCAGCGACAA-1,4
TGTAGACGTAATGCGG-1,2
TGTAGACGTCCACACG-1,1
TGTAGACGTCTAGTGT-1,1
TGTAGACGTTTGTGGT-1,2
TGTCAGAAGAAACCAT-1,1
TGTCAGAAGAACAGGA-1,4
TGTCAGAAGTAAGCAT-1,5
TGTCAGAAGTGGCGAT-1,1
TGTCAGAAGTTGTCAC-1,5
TGTCAGACACTAGGCC-1,4
TGTCAGACATCTATCT-1,2
TGTCAGAGTACAACGG-1,2
TGTCAGATCCTAGCTC-1,3
TGTCCACAGCCTCTCT-1,3
TGTCCACTCCGCAACG-1,2
TGTCCCAAGACATAAC-1,4
TGTCCCAAGTGGTTGG-1,5
TGTCCCACATAGTCAC-1,5
TGTCCCAGTGACTGTT-1,4
TGTCCTGCACTAGTAC-1,2
TGTCCTGCAGGTGACA-1,1
TGTCCTGCAGTAGTGG-1,1
TGTCCTGGTCATTGCA-1,4
TGTCCTGGTTGGGTAG-1,1
TGTCCTGTCTGCATAG-1,4
TGTGAGTAGTTGTCGT-1,3
TGTGAGTCACGACCTG-1,3
TGTGAGTGTCTAGGCC-1,4
TGTGATGCAAGAGTAT-1,4
TGTGATGCATTCACCC-1,4
TGTGATGTCAGTCACA-1,2
TGTGATGTCCCAAGCG-1,1
TGTGATGTCCGAGCTG-1,3
TGTGCGGAGCACGATG-1,4
TGTGCGGCAGTGGCTC-1,1
TGTGCGGGTCCACACG-1,4
TGTGGCGAGAACCGCA-1,3
TGTGGCGAGCGTATGG-1,5
TGTGGCGAGCTGCGAA-1,3
TGTGGCGAGGTCCCGT-1,5
TGTGGCGAGTTAGTGA-1,3
TGTGGCGGTGGTTTAC-1,1
TGTGGCGTCATCCCGT-1,5
TGTGGCGTCCCGATCT-1,5
TGTGGCGTCCTAAGTG-1,5
TGTGTGAAGTATGAAC-1,3
TGTGTGAAGTGCAACG-1,3
TGTGTGAAGTTAACAG-1,4
TGTGTGAAGTTGGCTT-1,4
TGTGTGACAAGAGGTC-1,4
TGTGTGACACCAGACC-1,1
TGTTACTAGCATATGA-1,5
TGTTACTCAATTGCTG-1,5
TGTTACTCAGCTTTCC-1,2
TGTTACTGTCAAAGTA-1,1
TGTTACTGTTGGACTT-1,3
TGTTACTTCATGCATG-1,1
TGTTACTTCATTTACC-1,1
TGTTACTTCTCACCCA-1,4
TGTTCATAGGAGATAG-1,2
TGTTCATCAACCGGAA-1,1
TGTTCATCATGACGAG-1,4
TGTTCATTCTAGAACC-1,1
TGTTCCGCAAATAGCA-1,1
TGTTCCGCAGCGGTTC-1,1
TGTTCCGCATGAGTAA-1,4
TGTTCCGGTATCATGC-1,1
TGTTCCGGTCGAATGG-1,4
TGTTCCGGTGAAGCGT-1,1
TGTTCTAAGGTCACTT-1,5
TGTTCTACACTGGATT-1,1
TGTTCTAGTACTCCGG-1,4
TGTTCTAGTCGTCTCT-1,3
TGTTCTAGTGCATACT-1,3
TGTTCTATCGATAACC-1,3
TGTTCTATCTCAGGCG-1,4
TGTTGAGAGGTTAAAC-1,1
TGTTGAGCAGCAAGAC-1,1
TGTTGAGGTCTCAGAT-1,2
TGTTGAGGTTCCACAA-1,3
TGTTGAGTCCGAGCTG-1,3
TGTTGAGTCGTTCTCG-1,3
TGTTGAGTCTACGGGC-1,4
TGTTGAGTCTGCATGA-1,1
TGTTGGAAGTTCATGC-1,1
TGTTGGAGTAATCAAG-1,1
TGTTGGAGTCGACTGC-1,3
TGTTGGATCCGAAATC-1,1
TGTTTGTAGGGCAAGG-1,1
TGTTTGTCAATGGCAG-1,3
TGTTTGTGTCGTCAGC-1,4
TGTTTGTTCTCATAGG-1,1
TTAATCCAGCACGGAT-1,5
TTAATCCCAGCTTCGG-1,4
TTAATCCCATCACGGC-1,4
TTAATCCGTGCAGGAT-1,4
TTAATCCTCGCACGGT-1,1
TTACAGGAGACTGGGT-1,4
TTACAGGCAAAGGGTC-1,3
TTACAGGCAACAGAGC-1,2
TTACAGGCAGACGATG-1,1
TTACAGGCAGTAGAAT-1,1
TTACAGGCAGTGTACT-1,3
TTACAGGGTCTCTCTG-1,5
TTACAGGGTCTTTCAT-1,4
TTACAGGGTGGCCCAT-1,5
TTACAGGGTTTACTGG-1,5
TTACAGGTCATGAAAG-1,5
TTACAGGTCGGACGTC-1,2
TTACAGGTCTACTGCC-1,3
TTACCATAGATAACGT-1,2
TTACCATCACTGGCCA-1,1
TTACCATTCTGGAAGG-1,1
TTACCGCAGCAAATCA-1,5
TTACCGCAGGATCACG-1,2
TTACCGCCACACGTGC-1,5
TTACCGCCACGAAAGC-1,1
TTACCGCCACTATGTG-1,4
TTACCGCGTCACTGAT-1,1
TTACCGCTCGTCCATC-1,5
TTACCGCTCTGTACAG-1,3
TTACCGCTCTTGGTGA-1,3
TTACGCCAGACGGATC-1,2
TTACGCCCAAGGTTGG-1,3
TTACGCCCAATCCTTT-1,4
TTACGCCCACCCTATC-1,4
TTACGCCGTATCGTTG-1,1
TTACGTTAGCGAACTG-1,1
TTACTGTAGACTACGG-1,5
TTACTGTAGAGATCGC-1,1
TTACTGTGTAGAATAC-1,5
TTACTGTGTCTCTCAC-1,4
TTACTGTGTGTGAGCA-1,2
TTACTGTGTTCAGTAC-1,2
TTACTGTTCAGCCCAG-1,2
TTACTGTTCTATTTCG-1,5
TTAGGCAAGCGATCGA-1,1
TTAGGCACATCTCCCA-1,3
TTAGGCAGTTAGAGAT-1,3
TTAGGCATCCCTCTTT-1,2
TTAGGGTAGAGCGACT-1,4
TTAGGGTAGGAACGAA-1,3
TTAGGGTAGGCGCTTC-1,3
TTAGGGTGTAGAGATT-1,2
TTAGGGTGTATCACGT-1,3
TTAGGGTGTGGATTTC-1,2
TTAGGGTGTTTAGACC-1,4
TTAGGGTTCTTACCAT-1,5
TTAGTCTCAATACGAA-1,2
TTAGTCTCATGAATAG-1,5
TTAGTCTTCAGGTAAA-1,2
TTATTGCAGGACTAAT-1,4
TTATTGCAGTTCCGTA-1,2
TTATTGCCACCATAAC-1,5
TTATTGCGTCACATTG-1,3
TTATTGCGTGGACCAA-1,1
TTATTGCGTTATTCTC-1,5
TTCAATCAGTCTTCGA-1,2
TTCAATCGTGCAACGA-1,3
TTCAATCGTTTCGTAG-1,1
TTCACCGAGGTAGCCA-1,1
TTCACCGAGTTCCATG-1,1
TTCACCGCAAAGGTTA-1,4
TTCACCGCAGAGCGTA-1,4
TTCACCGGTCCACGCA-1,1
TTCACCGGTCTCAAGT-1,2
TTCACCGGTTTATGCG-1,2
TTCACCGTCAAGCCAT-1,2
TTCACCGTCATGAAAG-1,1
TTCACCGTCTACTGCC-1,5
TTCACGCAGGAAACGA-1,4
TTCACGCCAGGGTTGA-1,2
TTCACGCCAGTCAGTT-1,2
TTCACGCTCAAGTTGC-1,1
TTCACGCTCCGTTTCG-1,4
TTCAGGACAACCTATG-1,5
TTCAGGACAATCTGCA-1,4
TTCAGGACAGAGCGTA-1,1
TTCAGGACAGAGTTGG-1,3
TTCAGGATCACGATCA-1,5
TTCAGGATCGGTCAGC-1,3
TTCATGTAGCGGTATG-1,3
TTCATGTAGGTAGATT-1,4
TTCATGTAGTAGTCCT-1,5
TTCATGTCACAAGCCC-1,2
TTCATGTGTAACTGCT-1,2
TTCATGTGTATGCAAA-1,5
TTCATGTGTCTACGTA-1,3
TTCATGTTCCAATGCA-1,1
TTCATGTTCGAAGGAC-1,2
TTCATTGGTAGACACG-1,5
TTCATTGGTTGAGTCT-1,3
TTCATTGTCCTAACAG-1,5
TTCATTGTCGTGGCTG-1,3
TTCATTGTCTTTGCAT-1,2
TTCCAATAGATCCTAC-1,1
TTCCAATAGCGGTAAC-1,4
TTCCAATCACGGTGCT-1,4
TTCCAATCAGTGAGCA-1,2
TTCCACGAGACTGTTC-1,5
TTCCACGAGAGACAAG-1,2
TTCCACGAGCCTAGGA-1,1
TTCCACGAGGTATAGT-1,1
TTCCACGCATATACCG-1,4
TTCCACGCATTGTCGA-1,4
TTCCACGGTTATCTGG-1,3
TTCCACGTCAAACTGC-1,5
TTCCACGTCTCGTTTA-1,1
TTCCGGTCACTACTTT-1,2
TTCCGGTCAGGCGATA-1,1
TTCCGGTGTCTTGGTA-1,4
TTCCGGTTCACCATCC-1,1
TTCCGGTTCAGCCTCT-1,4
TTCCGGTTCTCGCGTT-1,5
TTCCGTGAGAAGTCCG-1,1
TTCCGTGAGTAGAGTT-1,1
TTCCGTGCACGCAGTC-1,2
TTCCGTGCATTCAGGT-1,2
TTCCGTGGTATCGTAC-1,5
TTCCGTGTCAGAACCT-1,4
TTCCGTGTCGTTCATT-1,5
TTCCTAAAGGTCCGAA-1,4
TTCCTAAAGTGATGGC-1,4
TTCCTAAGTGCCGTTG-1,5
TTCCTAAGTTACCTGA-1,4
TTCCTAATCCCACAGG-1,5
TTCCTCTAGGGAGTGG-1,4
TTCCTCTCAACTACGT-1,5
TTCCTCTCAGCACAGA-1,4
TTCCTCTTCTTAGCCC-1,4
TTCCTTCAGTAAAGCT-1,2
TTCCTTCTCAGCATTG-1,3
TTCGATTCAGACAAAT-1,2
TTCGATTGTGGCCCAT-1,5
TTCGATTTCCCTCTTT-1,2
TTCGATTTCGTCGGGT-1,1
TTCGCTGAGGGCTTCC-1,5
TTCGCTGCACTAGAGG-1,3
TTCGCTGCAGTCGAGA-1,1
TTCGCTGGTAGAGATT-1,3
TTCGCTGGTCGGCTAC-1,1
TTCGCTGTCAACTACG-1,5
TTCGCTGTCCCTGTTG-1,2
TTCGGTCCACTCATAG-1,3
TTCGGTCCAGCATGCC-1,1
TTCGGTCGTCTTCAAG-1,3
TTCGGTCTCTCGTTTA-1,5
TTCTAACAGGCGTTAG-1,4
TTCTAACAGTATAGAC-1,2
TTCTAACAGTCACGAG-1,3
TTCTAACCAAAGGATT-1,3
TTCTAACCACCTTCGT-1,5
TTCTAACCAGGCCTGT-1,1
TTCTAACCATCCTTCG-1,2
TTCTAACGTAGAATAC-1,2
TTCTAACGTAGGTGCA-1,3
TTCTAACTCAAACGTC-1,5
TTCTAGTAGCAGCAGT-1,5
TTCTAGTAGCAGCCCT-1,5
TTCTAGTAGCAGCCTC-1,5
TTCTAGTAGTCATGGG-1,5
TTCTAGTTCGGTTGTA-1,1
TTCTCTCAGAGGTGCT-1,4
TTCTCTCGTACTCGAT-1,2
TTCTCTCTCAAGCCAT-1,2
TTCTCTCTCACTGTTT-1,5
TTCTCTCTCTAGTCAG-1,4
TTCTGTAAGGTGCTAG-1,5
TTCTGTAGTCTACTGA-1,1
TTCTGTAGTGTTTACG-1,1
TTCTTCCAGGTACAAT-1,2
TTCTTCCCAATCAAGA-1,3
TTCTTCCCACGGTGAA-1,2
TTCTTCCGTCACCCTT-1,4
TTCTTCCGTCGCGTTG-1,3
TTCTTCCGTTGAGGAC-1,1
TTCTTGAAGAGGCCAT-1,4
TTCTTGAAGTGACACG-1,1
TTCTTGACAACACGTT-1,2
TTCTTGAGTTAGGCTT-1,1
TTGAACGAGCGTTAGG-1,3
TTGAACGAGTAACAGT-1,5
TTGAACGCAACACAAA-1,3
TTGAACGGTACGCGTC-1,1
TTGAACGGTTCTATCT-1,3
TTGAACGTCGTAGCTA-1,4
TTGAACGTCGTTCCCA-1,1
TTGACCCAGGCCACCT-1,2
TTGACCCTCACTTATC-1,1
TTGACCCTCGCATTAG-1,2
TTGAGTGAGGGATCAC-1,2
TTGAGTGAGTCGGGAT-1,3
TTGAGTGAGTTACGGG-1,5
TTGAGTGCAACTTGGT-1,1
TTGAGTGGTGGGCTTC-1,3
TTGAGTGTCACGAGGA-1,4
TTGAGTGTCGAGTACT-1,2
TTGAGTGTCTGGAGAG-1,3
TTGATGGAGGGCAAGG-1,2
TTGATGGAGTGGTGAC-1,1
TTGATGGCAGAAGTGC-1,1
TTGATGGCAGGCGTTC-1,3
TTGATGGGTCTACGAT-1,3
TTGATGGGTTTAGAGA-1,3
TTGATGGTCTCGTCAC-1,4
TTGATGGTCTCTGCTG-1,5
TTGCATTAGAGGTATT-1,2
TTGCATTAGGCACTAG-1,2
TTGCATTCACTTGGGC-1,3
TTGCATTGTGGCATCC-1,4
TTGCATTTCCCGAAAT-1,4
TTGCCTGAGCAATTAG-1,1
TTGCCTGGTACAGAAT-1,3
TTGCCTGGTAGGTCAG-1,1
TTGCGTCAGGGCAATC-1,2
TTGCGTCAGTAGGGTC-1,3
TTGCGTCCATCGCTCT-1,4
TTGCGTCTCAAGAGGC-1,3
TTGCGTCTCACCTTAT-1,5
TTGCTGCAGACGATAT-1,5
TTGCTGCAGCGTTGTT-1,5
TTGCTGCAGCTAAATG-1,1
TTGCTGCTCTGGGCGT-1,1
TTGGATGGTCAAACGG-1,1
TTGGATGGTCACTCAA-1,1
TTGGATGGTGCGTTTA-1,1
TTGGATGTCCAGTGCG-1,1
TTGGGATAGACGACTG-1,3
TTGGGATAGGTGCGAT-1,5
TTGGGATGTGTTCAGT-1,1
TTGGGATGTTGCATAC-1,1
TTGGGCGCAGCCCAGT-1,1
TTGGGCGCATGAAAGT-1,3
TTGGGCGTCATCAGTG-1,5
TTGGGCGTCCAGTGTA-1,3
TTGGGTATCCTAAGTG-1,4
TTGGGTATCCTGCTAC-1,1
TTGGGTATCTAGACAC-1,5
TTGGGTATCTCTGAGA-1,2
TTGGTTTAGCTAAACA-1,2
TTGGTTTCAAACTAAG-1,1
TTGGTTTGTCTTGCGG-1,2
TTGGTTTTCTGCGAGC-1,2
TTGTGGAAGTTGCATC-1,1
TTGTGGACACCCTAAA-1,4
TTGTGGACACCTGCAG-1,3
TTGTGGACATCATGAC-1,4
TTGTGGACATGCCGGT-1,2
TTGTGGACATGGACAG-1,3
TTGTGGAGTACGTGTT-1,1
TTGTGGATCATCGCCT-1,1
TTGTGGATCCGTGTCT-1,4
TTGTGGATCCTATGGA-1,5
TTGTGTTAGTCACTAC-1,3
TTGTGTTAGTCATGGG-1,3
TTGTGTTCAAATCAGA-1,3
TTGTGTTCAGACAAAT-1,1
TTGTGTTGTAACCCTA-1,3
TTGTGTTGTATCGGTT-1,4
TTGTGTTGTGATTCAC-1,2
TTGTGTTGTGGTAACG-1,1
TTGTGTTTCCCTCTCC-1,1
TTGTTCAAGAGCTGAC-1,1
TTGTTCAAGCATGGGT-1,4
TTGTTCAAGCGACTGA-1,4
TTGTTCAAGGATCATA-1,5
TTGTTCAAGTTCCGGC-1,5
TTGTTCACAACCAATC-1,2
TTGTTCACAGAACTTC-1,2
TTGTTCACATACTGAC-1,4
TTGTTCAGTGCACGCT-1,5
TTGTTCATCACTTATC-1,4
TTGTTGTAGACTGTTC-1,4
TTGTTGTAGATGCTTC-1,5
TTGTTGTAGCACTGGA-1,4
TTGTTGTAGGTGAGCT-1,3
TTGTTGTAGTCGCCAC-1,5
TTGTTGTCACATTCTT-1,2
TTGTTGTCACTGGACC-1,4
TTGTTGTCATGCCATA-1,1
TTGTTGTTCCAATGCA-1,3
TTGTTGTTCCTTGAAG-1,2
TTGTTGTTCGTACCTC-1,2
TTGTTGTTCTTGCGCT-1,4
TTGTTTGAGAGTCCGA-1,1
TTGTTTGAGCAGGCTA-1,1
TTGTTTGAGGATATAC-1,4
TTGTTTGCAGCTAACT-1,1
TTGTTTGTCAAGCCGC-1,1
TTGTTTGTCCAAGCCG-1,5
TTGTTTGTCCTGTTAT-1,2
TTGTTTGTCGACATAC-1,4
TTGTTTGTCGCTGATA-1,3
TTTACCACACGGCACT-1,3
TTTACCACAGTTAGGG-1,4
TTTACCACATCCGTGG-1,1
TTTACCAGTACCTATG-1,2
TTTACCAGTCGGAAAC-1,4
TTTACCATCTATCGCC-1,5
TTTACGTAGCGCCGTT-1,3
TTTACGTAGGGTGAGG-1,4
TTTACGTAGTAGCCAG-1,1
TTTACGTGTCACAATC-1,5
TTTACTGCATTATGCG-1,4
TTTACTGGTACCAGAG-1,3
TTTACTGGTATGAGAT-1,1
TTTACTGTCGTGCACG-1,4
TTTAGTCAGGATGAGA-1,4
TTTAGTCCAATACGCT-1,1
TTTAGTCTCGCAGTCG-1,3
TTTAGTCTCTGCGATA-1,4
TTTAGTCTCTGGTCAA-1,5
TTTATGCAGACAGCTG-1,1
TTTATGCAGCTGGTGA-1,4
TTTATGCAGGCTAGCA-1,1
TTTATGCGTAGGACCA-1,1
TTTATGCTCACACCGG-1,3
TTTATGCTCGTGTTCC-1,1
TTTCACAAGCTAGAAT-1,2
TTTCACAGTACCCACG-1,3
TTTCACAGTGTTGCCG-1,1
TTTCACATCAAGCTGT-1,2
TTTCACATCTACTGAG-1,1
TTTCACATCTCACTCG-1,3
TTTCAGTAGCGAAACC-1,3
TTTCAGTCAAACACGG-1,5
TTTCAGTTCATGAGAA-1,1
TTTCAGTTCCATTCAT-1,2
TTTCATGCAGTTGGTT-1,2
TTTCATGCATGAAAGT-1,3
TTTCATGGTTCCAAAC-1,2
TTTCATGTCTTAAGGC-1,2
TTTCCTCAGGATCACG-1,2
TTTCCTCCAATCGCAT-1,4
TTTCCTCGTAAGACCG-1,1
TTTCCTCGTTGTGCAT-1,5
TTTCCTCTCCATACAG-1,5
TTTCCTCTCGTGTGAT-1,3
TTTCCTCTCTCTCTTC-1,1
TTTCGATAGGTAGTCG-1,4
TTTCGATCAATACCCA-1,1
TTTCGATCACAGCCAC-1,4
TTTCGATGTCGAACAG-1,3
TTTCGATGTCGGCTAC-1,1
TTTCGATTCAACGAGG-1,5
TTTCGATTCATTTGGG-1,5
TTTCGATTCGGAATTC-1,2
TTTGACTGTAAGGCTG-1,1
TTTGACTGTAGCTCGC-1,3
TTTGACTGTCTCCCTA-1,4
TTTGACTGTTGTGCCG-1,5
TTTGATCAGACCATAA-1,4
TTTGATCCAAATGCTC-1,5
TTTGATCCAGGTAGTG-1,3
TTTGATCCATACGCAT-1,2
TTTGATCGTACTCGTA-1,4
TTTGATCGTATCCTTT-1,2
TTTGATCGTGGAGAAA-1,1
TTTGATCTCAAGCCCG-1,2
TTTGGAGAGGGTATAT-1,2
TTTGGAGCAGACAAGC-1,5
TTTGGAGTCCCGAACG-1,2
TTTGGAGTCGTGGTAT-1,1
TTTGGAGTCTGCTTAT-1,5
TTTGGTTAGAACAGGA-1,3
TTTGGTTAGCAGATAT-1,4
TTTGGTTCACTAGGCC-1,2
TTTGGTTCAGCTACCG-1,2
TTTGGTTCAGGACATG-1,2
TTTGGTTGTACAAGCG-1,4
TTTGGTTGTCGCAGTC-1,3
TTTGGTTTCAAAGGAT-1,3
TTTGTTGAGAACGTGC-1,5
TTTGTTGGTAGGAAAG-1,1
TTTGTTGGTGCAATGG-1,1
TTTGTTGTCAAACGTC-1,2
TTTGTTGTCGCGGACT-1,4
TTTGTTGTCGCTGTCT-1,1
TTTGTTGTCGTCCATC-1,2
TTTGTTGTCTGAGATC-1,5
