Barcode,Cluster
AAACCCAAGCTGAGCA-1,2
AAACCCAAGCTGTCCG-1,5
AAACCCACACAAATGA-1,3
AAACCCAGTATCTTCT-1,3
AAACCCAGTCGATTCA-1,4
AAACGAACAGGTTCGC-1,3
AAACGAAGTATTTCCT-1,1
AAACGAAGTCTTGAAC-1,5
AAACGAATCTCTGGTC-1,2
AAACGCTAGAGTGAAG-1,1
AAACGCTAGTCACTGT-1,5
AAAGAACAGAAACTGT-1,2
AAAGAACCAAAGGCGT-1,2
AAAGAACCACAAACGG-1,2
AAAGAACCAGTCAACT-1,3
AAAGAACCATTGTCGA-1,2
AAAGAACGTACCTAAC-1,1
AAAGAACGTCGGCTAC-1,1
AAAGAACGTTCAGCGC-1,5
AAAGAACTCAAACGAA-1,2
AAAGAACTCACATACG-1,4
AAAGAACTCTAGCATG-1,2
AAAGAACTCTGCCCTA-1,3
AAAGGATAGAAACTCA-1,5
AAAGGATCAAGCTACT-1,4
AAAGGATCACGCAAAG-1,1
AAAGGATGTACGGTTT-1,1
AAAGGATTCGGACCAC-1,6
AAAGGGCAGGAACGAA-1,3
AAAGGGCAGGTTACCT-1,1
AAAGGGCCAAACTAGA-1,3
AAAGGGCCAAATCAGA-1,1
AAAGGGCTCAATCTCT-1,6
AAAGGTACACGGTAGA-1,2
AAAGGTATCATACGGT-1,4
AAAGTCCAGTCGCTAT-1,4
AAAGTCCCAGGTCAAG-1,1
AAAGTCCGTAACGGTG-1,3
AAAGTCCGTTCCAAAC-1,2
AAAGTCCTCTGAGAGG-1,3
AAAGTGAAGACCAACG-1,1
AAAGTGAAGAGCCATG-1,2
AAAGTGAAGCTCTTCC-1,2
AAAGTGACAGGAATAT-1,3
AAAGTGAGTACGATGG-1,1
AAAGTGAGTCAGTTTG-1,1
AAAGTGAGTGTCGATT-1,3
AAAGTGATCACTGTTT-1,2
AAATGGACATGAAGCG-1,1
AAATGGAGTGAATGAT-1,1
AAATGGAGTGAGTAGC-1,1
AAATGGAGTTCGCGTG-1,1
AAATGGATCCTCACTG-1,3
AACAAAGAGATTGTGA-1,1
AACAAAGAGTTGCGCC-1,1
AACAAAGCACACCGAC-1,3
AACAAAGGTGGTTTAC-1,5
AACAAAGTCAAGAAAC-1,3
AACAAAGTCACGGAGA-1,1
AACAACCAGGAAGAAC-1,1
AACAACCAGGCTAACG-1,5
AACAACCCAGCAGTGA-1,1
AACAACCGTTTACGAC-1,1
AACAACCGTTTCTATC-1,4
AACAAGAAGAGCAGAA-1,3
AACAAGAAGGCATCAG-1,2
AACAAGAAGTAGAGTT-1,1
AACAAGAAGTTCATGC-1,2
AACAAGACACTGCATA-1,1
AACAAGACAGGAATAT-1,3
AACAAGAGTAATTAGG-1,5
AACAAGAGTGTTACAC-1,1
AACAAGAGTTATGACC-1,2
AACAAGATCGCCTATC-1,1
AACAAGATCGGTGTTA-1,5
AACACACCAGAGCTAG-1,1
AACAGGGAGACTAGAT-1,1
AACAGGGAGCGGATCA-1,5
AACAGGGAGCGTATGG-1,2
AACAGGGAGTTGCCTA-1,4
AACAGGGCAGAAGTTA-1,2
AACAGGGCAGCACAAG-1,2
AACAGGGGTCGACTTA-1,1
AACAGGGGTTAGAGAT-1,6
AACAGGGTCATTCACT-1,5
AACCAACAGCTGGCCT-1,2
AACCAACAGTAAGAGG-1,4
AACCAACGTCAAGGCA-1,3
AACCAACGTGGAAATT-1,3
AACCAACGTTGGCTAT-1,2
AACCAACTCGATGCAT-1,4
AACCACAAGCTCACTA-1,3
AACCACAGTGCGCTCA-1,1
AACCACAGTTGAGTCT-1,2
AACCATGAGGATATAC-1,4
AACCATGCAAACTCTG-1,2
AACCATGCATACTTTC-1,4
AACCATGCATGGGAAC-1,1
AACCATGGTCCGATCG-1,6
AACCATGGTTCAGTAC-1,1
AACCATGTCGGCTGGT-1,2
AACCCAAAGGTTCACT-1,2
AACCCAACAGACGGAT-1,1
AACCCAAGTGGGAGAG-1,1
AACCCAATCACTGATG-1,2
AACCCAATCCCATTCG-1,6
AACCTGAAGACCCTTA-1,6
AACCTGAAGCTAGTTC-1,1
AACCTGAGTACACTCA-1,6
AACCTGATCGTTAGTG-1,1
AACCTTTCACCGTACG-1,3
AACCTTTGTATCGCTA-1,2
AACCTTTGTCAACACT-1,5
AACCTTTGTTCCGCTT-1,1
AACCTTTGTTTCGTGA-1,1
AACGAAAAGATAGGGA-1,1
AACGAAAAGCCATCCG-1,2
AACGAAAAGTGATTCC-1,3
AACGAAACAATGCAAA-1,3
AACGAAACAGCTTCCT-1,2
AACGAAAGTGCGAACA-1,1
AACGAAAGTGTCCCTT-1,1
AACGAAATCAAAGAAC-1,1
AACGGGAAGCACTCAT-1,1
AACGGGAAGGGATCAC-1,6
AACGGGACAGTGTACT-1,1
AACGGGACATTCTCCG-1,1
AACGTCAAGGTCTTTG-1,4
AACGTCAAGTAAGGGA-1,1
AACGTCACAATTTCGG-1,2
AACGTCACACGGCGTT-1,2
AACGTCACACTACGGC-1,2
AACGTCACACTGTCCT-1,4
AACGTCACAGGCATTT-1,1
AACGTCACATTAGGCT-1,3
AACGTCAGTCGATTCA-1,5
AACGTCATCGGACGTC-1,2
AACGTCATCGGTAAGG-1,3
AACGTCATCTGGTTGA-1,1
AACTTCTCAAACGGCA-1,2
AACTTCTCACCGTCTT-1,4
AACTTCTGTACTCGAT-1,1
AACTTCTGTCTTGTCC-1,3
AACTTCTGTGCTGATT-1,2
AACTTCTTCACTCCGT-1,4
AACTTCTTCAGTCCGG-1,2
AACTTCTTCCTCTGCA-1,1
AACTTCTTCTACACTT-1,5
AACTTCTTCTGCCTCA-1,3
AAGAACACAATAACGA-1,6
AAGAACACAGATAAAC-1,2
AAGAACACAGTCAGAG-1,2
AAGAACACATTGCCGG-1,3
AAGAACAGTAAGCGGT-1,1
AAGACAAAGCTGCGAA-1,1
AAGACAAAGGAAACGA-1,1
AAGACAACATCGCTGG-1,4
AAGACAAGTCTCAAGT-1,3
AAGACTCAGATAACGT-1,2
AAGACTCAGCCTCAAT-1,5
AAGACTCAGCTGCCAC-1,1
AAGACTCAGTACGTCT-1,6
AAGACTCAGTTGAAAC-1,1
AAGACTCGTAGCGCCT-1,1
AAGACTCTCGGTCTAA-1,3
AAGATAGCAACATACC-1,6
AAGATAGTCTCCTGAC-1,5
AAGATAGTCTCTTAAC-1,5
AAGCATCAGACATCCT-1,1
AAGCATCAGATTGATG-1,1
AAGCATCAGCATAGGC-1,1
AAGCATCCAAGGCGTA-1,1
AAGCATCCAGATTCGT-1,3
AAGCATCCATACACCA-1,2
AAGCATCGTTAAAGTG-1,1
AAGCATCGTTTCAGAC-1,2
AAGCATCTCAAGCTGT-1,3
AAGCATCTCGGAAACG-1,2
AAGCATCTCGTGCATA-1,3
AAGCATCTCTATGTGG-1,1
AAGCCATAGGCTGAAC-1,5
AAGCCATCAGCGATTT-1,4
AAGCCATGTCAATGGG-1,3
AAGCCATGTGACTATC-1,4
AAGCCATGTTGCATTG-1,2
AAGCGAGAGATAACGT-1,1
AAGCGAGGTAGTTAGA-1,5
AAGCGAGTCAACTACG-1,3
AAGCGAGTCCGGTAAT-1,2
AAGCGAGTCCGTCACT-1,6
AAGCGAGTCTGCGTCT-1,1
AAGCGTTCAATACGCT-1,1
AAGCGTTGTTAGCGGA-1,2
AAGCGTTTCCGTGCGA-1,1
AAGGAATAGTCAGGGT-1,1
AAGGAATAGTGAGGCT-1,2
AAGGAATCAGACTGCC-1,2
AAGGAATCAGGCATTT-1,1
AAGGAATCATTCATCT-1,5
AAGGAATTCCACGGGT-1,3
AAGGAATTCCTTTGAT-1,5
AAGGTAAAGTTGCCTA-1,6
AAGGTAACACGAGGAT-1,1
AAGGTAACAGCGTGCT-1,1
AAGGTAACATATGAAG-1,4
AAGGTAACATTGCCTC-1,1
AAGGTAAGTCGTTTCC-1,3
AAGTACCAGATGATTG-1,2
AAGTACCCACAAATAG-1,5
AAGTACCCAGTTCTAG-1,1
AAGTACCTCATACGAC-1,2
AAGTACCTCCGTAGGC-1,2
AAGTACCTCCTTCGAC-1,3
AAGTCGTTCGTGTGGC-1,6
AAGTCGTTCTCAGGCG-1,1
AAGTCGTTCTTGCAAG-1,3
AAGTGAAAGGGTTAGC-1,4
AAGTGAAAGTACAACA-1,2
AAGTGAAAGTCGAAGC-1,3
AAGTGAACAATCGCGC-1,3
AAGTGAAGTCAAATCC-1,3
AAGTGAAGTTCACCGG-1,4
AAGTTCGAGATAGGGA-1,3
AAGTTCGCAACAGTGG-1,1
AAGTTCGCAAGTGTCT-1,1
AAGTTCGCAATGAGCG-1,1
AAGTTCGCAGAGGAAA-1,3
AAGTTCGCAGCCGTCA-1,1
AAGTTCGCATGACGGA-1,3
AAGTTCGGTCACTTCC-1,1
AAGTTCGTCGTCACCT-1,1
AAGTTCGTCTGTACAG-1,1
AATAGAGAGACTCAAA-1,6
AATAGAGAGGGCAATC-1,6
AATAGAGCAAGTCCCG-1,1
AATAGAGCAGAACTTC-1,3
AATAGAGCAGGAATAT-1,1
AATAGAGGTCAGTCGC-1,1
AATAGAGTCATTACTC-1,5
AATCACGCACAATGCT-1,2
AATCACGCACGACGCT-1,6
AATCACGGTAACATCC-1,2
AATCACGGTTCGAAGG-1,1
AATCACGGTTTCGTAG-1,4
AATCACGTCGAGAATA-1,1
AATCGACAGTCTGTAC-1,1
AATCGACCAGTAGTGG-1,1
AATCGACGTCGAACAG-1,2
AATCGACGTGTCTAAC-1,1
AATCGACTCGAGAGCA-1,1
AATCGTGAGTGTTCAC-1,1
AATCGTGCAAGTCCCG-1,3
AATCGTGCAGAGAGGG-1,2
AATCGTGTCAACACGT-1,5
AATGAAGAGAGGCGGA-1,1
AATGAAGCATGAATCC-1,6
AATGAAGGTCCCAAAT-1,3
AATGAAGGTGCACAAG-1,4
AATGAAGTCGGCTGTG-1,1
AATGACCGTACCTATG-1,3
AATGACCTCGCCTAGG-1,4
AATGACCTCGTAACTG-1,4
AATGCCAAGCGTCAGA-1,1
AATGCCACAAGACGAC-1,4
AATGCCACATGGTGGA-1,1
AATGCCATCAAGTAAG-1,5
AATGGAAAGGACGCTA-1,3
AATGGAAAGGTAAGGA-1,4
AATGGAACAACCGCTG-1,6
AATGGAACAACTCCAA-1,1
AATGGAACAAGAATAC-1,3
AATGGAAGTATCACGT-1,1
AATGGAATCGCTTAAG-1,2
AATGGCTAGAAACTAC-1,3
AATGGCTAGAGGACTC-1,2
AATGGCTAGGAAAGGT-1,4
AATGGCTAGGAACGCT-1,2
AATGGCTCACTGAATC-1,2
AATGGCTGTGTGAATA-1,6
AATGGCTTCGCTGACG-1,6
AATGGCTTCTCGGCTT-1,4
AATTCCTAGGATGCGT-1,1
AATTCCTCAGACTGCC-1,1
AATTCCTCAGTTCACA-1,3
AATTCCTCATTGGGAG-1,3
AATTCCTGTTTGGGAG-1,1
AATTCCTTCGCGCCAA-1,2
AATTCCTTCTGTCAGA-1,3
AATTTCCAGAAACTCA-1,5
AATTTCCAGAGCATTA-1,4
AATTTCCAGCCTATCA-1,2
AATTTCCAGTGTTGTC-1,2
AATTTCCCAACGCATT-1,4
AATTTCCGTATCGTGT-1,1
AATTTCCTCCGTATGA-1,2
AATTTCCTCGTCTCAC-1,1
AATTTCCTCTCTCGAC-1,5
AATTTCCTCTGACCCT-1,2
AATTTCCTCTTAAGGC-1,3
ACAAAGAAGTTATGGA-1,1
ACAAAGACATGACGGA-1,2
ACAAAGATCACTCTTA-1,5
ACAAAGATCATAGAGA-1,5
ACAAAGATCGATACAC-1,2
ACAAAGATCGCAGTGC-1,1
ACAACCAAGAGGCTGT-1,1
ACAACCACAATAGTCC-1,3
ACAACCACACATAACC-1,3
ACAAGCTAGAGGCGGA-1,1
ACAAGCTAGTTGGACG-1,4
ACAAGCTAGTTGGGAC-1,6
ACAAGCTCAATGTGGG-1,5
ACAAGCTTCAAACTGC-1,6
ACAAGCTTCACCATAG-1,4
ACAAGCTTCGGCCTTT-1,1
ACAAGCTTCTCCTGCA-1,3
ACACAGTAGGCGTCCT-1,2
ACACAGTAGGGACACT-1,4
ACACAGTAGGGCTGAT-1,2
ACACAGTAGGTAAGAG-1,2
ACACAGTAGTTCCGGC-1,2
ACACAGTCACTTGACA-1,2
ACACAGTTCCATTGCC-1,2
ACACAGTTCTAGAGCT-1,1
ACACCAAAGGGAGGCA-1,1
ACACCAAGTAGGTACG-1,1
ACACCAATCCCTCAAC-1,3
ACACCAATCGTCCTTG-1,6
ACACGCGAGAGGCTGT-1,1
ACACGCGAGAGTTGCG-1,3
ACACGCGAGGAACTCG-1,2
ACACGCGAGTAACCTC-1,3
ACACGCGCAAGCCATT-1,1
ACACGCGTCGCCACTT-1,6
ACACGCGTCTACTATC-1,1
ACACTGACAACCGACC-1,2
ACACTGACATGTGCTA-1,6
ACACTGAGTCACATTG-1,2
ACACTGATCAAGTGGG-1,2
ACACTGATCGCCACTT-1,2
ACACTGATCGTCAGAT-1,2
ACAGAAAAGATAGCTA-1,1
ACAGAAAAGCGTGAGT-1,1
ACAGAAACACCTCGTT-1,2
ACAGAAAGTATTTCGG-1,4
ACAGAAAGTCCAGGTC-1,2
ACAGAAAGTCGCCACA-1,3
ACAGAAAGTCTTTATC-1,1
ACAGCCGAGCCAACCC-1,4
ACAGCCGAGCTTGTTG-1,6
ACAGCCGAGTGCTCAT-1,3
ACAGCCGTCGCCACTT-1,2
ACAGCCGTCTATGCCC-1,3
ACAGCCGTCTCCTACG-1,2
ACAGGGAAGATAGCTA-1,1
ACAGGGAAGCTAAGTA-1,1
ACAGGGAAGGAAAGGT-1,1
ACAGGGACACTATCCC-1,2
ACAGGGACACTCTGCT-1,6
ACAGGGATCTAACGCA-1,3
ACAGGGATCTCTGCTG-1,1
ACAGGGATCTGTAACG-1,1
ACATCCCAGTGCACTT-1,3
ACATCCCCAAGAGAGA-1,2
ACATCCCCATTGCTGA-1,4
ACATCCCTCACTGCTC-1,5
ACATCGAAGTACTGTC-1,2
ACATCGAGTAAGCGGT-1,3
ACATCGAGTAGTCACT-1,3
ACATCGAGTCAATCTG-1,5
ACATCGAGTTATGGTC-1,2
ACATCGATCAGCGGAA-1,1
ACATCGATCTTGGATG-1,2
ACATGCAAGTTACGAA-1,3
ACATGCACAATTCACG-1,5
ACATGCAGTTCCGCGA-1,3
ACATGCAGTTGACTGT-1,5
ACATGCATCTGTTGGA-1,1
ACATTTCAGGTTAAAC-1,1
ACATTTCTCGCTGTCT-1,2
ACATTTCTCGGAACTT-1,1
ACCAAACCACGAGGTA-1,2
ACCAAACCACTGTGTA-1,6
ACCAAACGTAGTTCCA-1,1
ACCAAACGTCTTACAG-1,1
ACCAAACGTTGGAGAC-1,3
ACCAAACTCGCCTTTG-1,3
ACCAACAAGACAACTA-1,4
ACCAACAAGTCCTGCG-1,1
ACCAACACAGAACTTC-1,4
ACCAACAGTATTGGCT-1,3
ACCACAAAGTTGAATG-1,2
ACCACAACAAGTCGTT-1,1
ACCACAACACCATATG-1,5
ACCACAAGTGTCGCTG-1,2
ACCACAATCTATTGTC-1,5
ACCATTTAGAGGGTGG-1,4
ACCATTTCATTCACAG-1,3
ACCATTTGTATTGACC-1,2
ACCATTTGTCAGACTT-1,3
ACCATTTGTCCTTGTC-1,2
ACCATTTGTGCATTTG-1,4
ACCATTTTCGGTGTAT-1,3
ACCATTTTCTCTAGGA-1,3
ACCCAAAAGCTGTGCC-1,3
ACCCAAACAGTCTTCC-1,3
ACCCAAAGTCTTGTCC-1,1
ACCCAAATCTCCAAGA-1,4
ACCCTCAAGAAGGTAG-1,2
ACCCTCAAGCGTCGAA-1,1
ACCCTCAAGGTTACAA-1,1
ACCCTCAGTATCGCGC-1,2
ACCCTCATCAAGCTGT-1,5
ACCCTTGAGCTCATAC-1,1
ACCCTTGAGTCCCGAC-1,6
ACCGTTCGTAGACAAT-1,1
ACCGTTCGTTACAGCT-1,6
ACCTACCAGCGACTAG-1,3
ACCTACCAGGGTAGCT-1,1
ACCTACCGTCGTTTCC-1,1
ACCTACCGTTGCGGCT-1,1
ACCTACCTCAGCTGTA-1,4
ACCTACCTCCGTGTAA-1,2
ACCTACCTCGTTCATT-1,1
ACCTACCTCTTTCGAT-1,1
ACCTGAAAGCGACATG-1,3
ACCTGAACATGCAGGA-1,1
ACCTGAAGTCGCACAC-1,1
ACCTGAATCCTTTGAT-1,3
ACCTGTCAGCACTGGA-1,3
ACCTGTCAGGATCATA-1,1
ACCTGTCCACTATCGA-1,3
ACCTGTCTCATGCCAA-1,1
ACCTGTCTCCAGTTCC-1,4
ACGATCAAGTACCCTA-1,3
ACGATCACATAGAAAC-1,6
ACGATCATCATCCCGT-1,6
ACGATGTAGTGCTACT-1,2
ACGATGTAGTTTGGCT-1,1
ACGATGTCAGATCATC-1,1
ACGATGTGTATGGTTC-1,3
ACGATGTGTATTAAGG-1,4
ACGATGTGTCGTGGTC-1,3
ACGATGTGTTCCAAAC-1,4
ACGATGTTCTATACTC-1,6
ACGATGTTCTGCTTAT-1,1
ACGCACGCAAGTTGGG-1,2
ACGCACGCACCGTCGA-1,1
ACGCACGCAGAAATTG-1,4
ACGCACGTCGTGCACG-1,3
ACGCACGTCTCGACGG-1,3
ACGGAAGAGTCTAGAA-1,1
ACGGAAGCAGTAACAA-1,6
ACGGAAGTCATCGGGC-1,1
ACGGAAGTCGAATGCT-1,5
ACGGGTCGTATTGAGA-1,1
ACGGGTCGTCAACATC-1,1
ACGGGTCGTGCACATT-1,3
ACGGGTCGTGTTGATC-1,1
ACGGGTCTCATTGAGC-1,3
ACGGTCGAGAGTCAGC-1,2
ACGGTCGAGATAGTCA-1,1
ACGGTCGAGATCACCT-1,1
ACGGTCGCACTCACTC-1,5
ACGGTCGCAGCTCATA-1,1
ACGGTCGGTGGACTAG-1,1
ACGGTCGTCGATACAC-1,1
ACGGTCGTCGGTGCAC-1,2
ACGGTTAAGAGACAAG-1,3
ACGGTTACACTTACAG-1,4
ACGGTTATCACGGACC-1,2
ACGGTTATCAGACATC-1,1
ACGGTTATCAGTGTGT-1,1
ACGGTTATCTGTCGCT-1,1
ACGTAACAGGTCCCTG-1,5
ACGTAACAGTCTGGTT-1,1
ACGTAACCATATGGCT-1,3
ACGTAACCATGTGCTA-1,3
ACGTAACTCACCTTGC-1,2
ACGTAACTCAGACTGT-1,2
ACGTACAAGCAGAAAG-1,4
ACGTACAAGTTACGAA-1,3
ACGTACACACTAAACC-1,6
ACGTACAGTACGACTT-1,1
ACGTACATCAAAGGTA-1,1
ACGTACATCCTACCGT-1,3
ACGTACATCCTCACTG-1,2
ACGTACATCGGCCCAA-1,3
ACGTAGTAGCAGGCTA-1,1
ACGTAGTAGGCCCGTT-1,1
ACGTAGTAGGTCCTGC-1,2
ACGTAGTAGTCATGCT-1,4
ACGTAGTCACTACCGG-1,1
ACGTAGTGTTAATGAG-1,1
ACGTAGTTCTCCGCAT-1,4
ACGTCCTAGTCGAAGC-1,4
ACGTCCTCAATGGCAG-1,1
ACGTCCTCACCTATCC-1,3
ACGTCCTCAGTAGTGG-1,1
ACGTCCTGTACGAGCA-1,4
ACGTCCTGTATCAAGA-1,1
ACGTCCTGTCGTTCAA-1,3
ACGTCCTGTGAGTTGG-1,3
ACGTTCCAGTACTCGT-1,5
ACGTTCCAGTGGATAT-1,1
ACGTTCCGTACGCGTC-1,6
ACGTTCCGTCGCACAC-1,1
ACGTTCCGTGGTTCTA-1,5
ACGTTCCGTGTCGATT-1,3
ACGTTCCTCCTACACC-1,5
ACTACGAAGACTTAAG-1,3
ACTACGAAGAGGACTC-1,2
ACTACGAAGGCTCAAG-1,1
ACTACGAGTCACAGTT-1,6
ACTACGAGTCTGTCCT-1,2
ACTACGAGTTGAGAGC-1,2
ACTACGATCGGCGATC-1,1
ACTATCTAGCAGCCCT-1,5
ACTATCTCACGCTGCA-1,4
ACTATCTGTCAGTCTA-1,6
ACTATCTTCAAGATAG-1,3
ACTATCTTCAATCTCT-1,2
ACTATCTTCCGCACTT-1,2
ACTATGGAGAATTGTG-1,1
ACTATGGCAAGCGATG-1,1
ACTATGGCAAGTGACG-1,3
ACTATGGCAGGGAGAG-1,1
ACTATGGTCCTGATAG-1,6
ACTATGGTCGTGCACG-1,1
ACTATGGTCTGTGTGA-1,1
ACTATTCAGCGAGGAG-1,5
ACTATTCAGTAGTGCG-1,1
ACTATTCCAAACTCTG-1,2
ACTATTCGTAGCTGAG-1,4
ACTATTCGTTCCAGGC-1,2
ACTATTCTCCATCGTC-1,6
ACTATTCTCTTCGTAT-1,5
ACTCCCAAGCGCTGCT-1,2
ACTCCCAAGCTTAAGA-1,1
ACTCCCAAGGTAAAGG-1,1
ACTCCCAAGGTAGTAT-1,4
ACTCCCACAGGAGGTT-1,1
ACTCCCAGTCGGCACT-1,1
ACTCCCAGTTCTTCAT-1,6
ACTCCCATCAGTCTTT-1,5
ACTCTCGAGGTTCACT-1,5
ACTCTCGCACACACTA-1,2
ACTCTCGCAGCAGTGA-1,2
ACTCTCGCAGTCAGTT-1,1
ACTCTCGGTGTGTGGA-1,1
ACTCTCGGTTTGATCG-1,2
ACTCTCGTCACTGATG-1,3
ACTCTCGTCATACAGC-1,3
ACTCTCGTCTGGTGCG-1,2
ACTCTCGTCTTCCCAG-1,5
ACTGATGAGGCTCTAT-1,1
ACTGATGAGTTTGCTG-1,3
ACTGATGCATCCCACT-1,3
ACTGATGGTAATTGGA-1,1
ACTGATGTCCTCACTG-1,5
ACTGATGTCCTCAGAA-1,3
ACTGATGTCGCCGAGT-1,6
ACTGTCCAGAGCAGAA-1,2
ACTGTCCAGGATTTAG-1,1
ACTGTCCCATTGACCA-1,6
ACTGTCCGTAGAGATT-1,2
ACTGTCCGTAGCGTTT-1,3
ACTGTCCGTCTCACAA-1,3
ACTGTCCGTTTCACTT-1,4
ACTGTCCTCCTCAGGG-1,6
ACTGTCCTCTCAACGA-1,5
ACTGTGACAATACGCT-1,4
ACTGTGAGTACTGAGG-1,2
ACTGTGAGTAGGCAGT-1,1
ACTGTGAGTGTTCGTA-1,1
ACTGTGAGTTATCCAG-1,3
ACTGTGATCGCTGACG-1,5
ACTTAGGAGCCTCAAT-1,5
ACTTAGGAGCGGACAT-1,1
ACTTAGGAGTCTTCCC-1,1
ACTTAGGCAGCAGTAG-1,2
ACTTAGGGTATACAGA-1,4
ACTTAGGGTGTCCAAT-1,1
ACTTAGGGTGTGACCC-1,1
ACTTAGGGTTGCGTAT-1,2
ACTTAGGTCTTCCAGC-1,1
ACTTATCAGTGGTGGT-1,3
ACTTATCCACGACGAA-1,1
ACTTATCCACTAACCA-1,2
ACTTATCCATACAGGG-1,3
ACTTATCGTTTGCAGT-1,2
ACTTATCTCGCTCATC-1,2
ACTTATCTCGGACCAC-1,6
ACTTCCGAGATAACAC-1,3
ACTTCCGAGGAGATAG-1,3
ACTTCCGCATCGTGGC-1,1
ACTTCCGGTGCAGGAT-1,3
ACTTCCGTCGAGCCTG-1,4
ACTTCCGTCGCGTTTC-1,3
ACTTCCGTCGCTCCTA-1,4
ACTTCCGTCGGCTGTG-1,1
ACTTCGCAGAACTCCT-1,4
ACTTCGCAGTCTTCCC-1,2
ACTTCGCCACGACGTC-1,2
ACTTCGCCAGAGGACT-1,1
ACTTCGCGTACCAGAG-1,2
ACTTCGCGTACCGGCT-1,2
ACTTCGCGTAGCACGA-1,1
ACTTCGCGTGAACTAA-1,5
ACTTCGCGTGAGTAGC-1,3
ACTTTCAAGAGGTTAT-1,3
ACTTTCACACCTTCCA-1,2
ACTTTCAGTGTACAGG-1,4
ACTTTCAGTTCCGTTC-1,6
ACTTTCATCACAAGGG-1,2
ACTTTGTCAACTTCTT-1,4
ACTTTGTCATGACGAG-1,2
ACTTTGTGTATGTCAC-1,2
ACTTTGTGTGTTACTG-1,2
ACTTTGTTCAATCAGC-1,3
ACTTTGTTCCGCTTAC-1,2
ACTTTGTTCTGCGTCT-1,1
AGAAATGAGATGCGAC-1,2
AGAAATGCAACACAGG-1,1
AGAAATGGTCACTCAA-1,1
AGAAATGGTCCCAAAT-1,5
AGAAATGGTCGACTGC-1,3
AGAAATGGTCTCAGAT-1,2
AGAAATGTCAAATAGG-1,5
AGAAATGTCGTTCGCT-1,1
AGAAATGTCTAGCCTC-1,6
AGAACAAAGAACCGCA-1,1
AGAACAAGTAAGCAAT-1,2
AGAACAAGTATTGAGA-1,2
AGAACAAGTCAGCTTA-1,1
AGAACAAGTTGCATAC-1,3
AGAACAATCCCGTTGT-1,4
AGAACAATCTCCTGAC-1,4
AGAACCTAGAGGACTC-1,4
AGAACCTGTGCATACT-1,1
AGAACCTGTTGTGTTG-1,5
AGAACCTTCTCATGCC-1,3
AGAAGCGAGAAGTGTT-1,1
AGAAGCGAGGCGATAC-1,5
AGAAGCGAGTAAGGGA-1,2
AGAAGCGCATGATAGA-1,1
AGAAGCGGTGAGGAAA-1,1
AGAAGTAAGCAGCACA-1,1
AGAAGTACAAGAAATC-1,3
AGAAGTACACAAGCCC-1,6
AGAAGTACACCTTCCA-1,3
AGAAGTAGTGATCATC-1,3
AGAAGTATCAGACCCG-1,3
AGAAGTATCTGAGCAT-1,1
AGACAAAAGTAATCCC-1,5
AGACAAACAGTTGTTG-1,5
AGACAAAGTACGACAG-1,3
AGACAAAGTGGGTTGA-1,1
AGACAAATCTATGCCC-1,3
AGACACTAGCGACTGA-1,4
AGACACTAGCTCGCAC-1,4
AGACACTCAATAGTAG-1,5
AGACACTGTAACATAG-1,2
AGACACTGTATTCCTT-1,2
AGACACTGTGGCAACA-1,3
AGACACTTCCCTATTA-1,4
AGACAGGGTGGTCTCG-1,4
AGACAGGGTTCCACAA-1,5
AGACCATCATCATTTC-1,2
AGACCATCATTGCAAC-1,6
AGACCATGTATTGACC-1,2
AGACCATTCCTCACCA-1,2
AGACCATTCGCCGTGA-1,1
AGACCCGAGCACTGGA-1,4
AGACCCGAGCGATGCA-1,3
AGACCCGAGTAACGTA-1,4
AGACCCGCACGTTCGG-1,2
AGACCCGGTGCAAGAC-1,5
AGACCCGTCATCTATC-1,2
AGACCCGTCCCTCGAT-1,5
AGACTCAAGACGCCAA-1,6
AGACTCAAGAGAAGGT-1,3
AGACTCAAGCTGTCCG-1,1
AGACTCAGTAGTCTTG-1,2
AGACTCAGTTAATCGC-1,2
AGACTCAGTTACCTGA-1,3
AGACTCAGTTGGGTTT-1,1
AGACTCATCGGTGTTA-1,3
AGAGAATAGAGAATCT-1,1
AGAGAATCATTCAGGT-1,1
AGAGAATTCCGATAAC-1,1
AGAGAGCCACCAGTTA-1,1
AGAGAGCGTAGGGAGG-1,1
AGAGAGCTCATGCGGC-1,5
AGAGCAGAGATTGACA-1,1
AGAGCAGCATCGCTGG-1,1
AGAGCAGGTCGCAACC-1,6
AGAGCAGTCAGTGGGA-1,1
AGAGCCCAGATACTGA-1,1
AGAGCCCCACAGTCCG-1,1
AGAGCCCGTTCAGCTA-1,1
AGAGCCCTCCACTGGG-1,1
AGAGCCCTCGGACGTC-1,2
AGAGCCCTCGTCACCT-1,5
AGAGCCCTCTCATTAC-1,3
AGATAGAAGTATTAGG-1,1
AGATAGACACGTCGGT-1,1
AGATAGACATGCAGGA-1,6
AGATCCACAACCAGAG-1,5
AGATCCACAGGGACTA-1,5
AGATCCAGTTACGATC-1,1
AGATCCAGTTGAAGTA-1,2
AGATCGTCAGGTCTCG-1,2
AGATCGTGTGGGAGAG-1,1
AGATCGTGTTTCCATT-1,1
AGATCGTTCCTTTGAT-1,5
AGATGAAGTGGTCCGT-1,2
AGATGAATCCAACCGG-1,2
AGATGCTAGCAAACAT-1,5
AGATGCTCAAGGGCAT-1,6
AGATGCTCATGATCTG-1,3
AGATGCTGTAGGCTCC-1,3
AGATGCTGTCATAACC-1,4
AGATGCTGTGGTTTGT-1,6
AGATGCTGTTATCCAG-1,1
AGATGCTTCACTTGGA-1,2
AGATGCTTCAGGGTAG-1,1
AGCATCAAGATTGCGG-1,3
AGCATCAGTACGCTAT-1,3
AGCATCATCAAGGTGG-1,2
AGCATCATCCAGTGCG-1,1
AGCCAATAGACTTAAG-1,2
AGCCAATCACTGGAAG-1,1
AGCCAATCAGTGACCC-1,1
AGCCAATTCGCAAGAG-1,5
AGCCACGCACAAATGA-1,5
AGCCACGGTTGTGTAC-1,1
AGCCAGCAGCGAGGAG-1,1
AGCCAGCCAATGCAGG-1,2
AGCCAGCCAGCAATTC-1,4
AGCCAGCCAGCCATTA-1,4
AGCCAGCGTTGCCATA-1,2
AGCCAGCTCCCGTGAG-1,4
AGCCAGCTCTGTACAG-1,6
AGCGATTAGATTGCGG-1,1
AGCGATTAGGTTCTTG-1,2
AGCGATTAGGTTGACG-1,1
AGCGATTCACTGCATA-1,1
AGCGATTCATGGCTAT-1,1
AGCGATTGTCTAGTGT-1,1
AGCGATTGTGTCTTAG-1,1
AGCGATTTCCAGCTCT-1,1
AGCGCCAAGGTCGTAG-1,3
AGCGCCAAGTCATCCA-1,4
AGCGCCACATCCGCGA-1,6
AGCGCCATCGTGCACG-1,4
AGCGCCATCTATTTCG-1,2
AGCGCCATCTCTCGAC-1,4
AGCGCTGAGATGATTG-1,1
AGCGCTGCAACTCCCT-1,4
AGCGCTGCAATGGGTG-1,5
AGCGCTGGTCTTAGTG-1,1
AGCGCTGTCGGTTAGT-1,1
AGCGTATAGAATCCCT-1,6
AGCGTATAGAGCCCAA-1,3
AGCGTATAGCACTCCG-1,3
AGCGTATAGCGACATG-1,1
AGCGTATAGGGAGGGT-1,6
AGCGTATGTCATATGC-1,2
AGCGTATTCCGTAGGC-1,1
AGCGTATTCGTTGTAG-1,5
AGCGTATTCGTTGTGA-1,1
AGCGTCGAGGGCCAAT-1,1
AGCGTCGCACTGTCGG-1,1
AGCGTCGGTTCCTACC-1,1
AGCGTCGGTTTACTGG-1,6
AGCTACAAGGTGGGTT-1,1
AGCTACAAGTAACCGG-1,3
AGCTACACACAAGCTT-1,2
AGCTACACAGCAGAAC-1,6
AGCTACAGTATCGATC-1,2
AGCTACATCTCTCAAT-1,2
AGCTCAAGTAAGGCCA-1,2
AGCTCAATCATCAGTG-1,1
AGCTCAATCGTTGCCT-1,3
AGCTCAATCTCCGAGG-1,3
AGCTTCCAGAAATCCA-1,4
AGCTTCCAGGTATTGA-1,1
AGCTTCCGTCGTGCCA-1,6
AGCTTCCGTTGATGTC-1,2
AGCTTCCGTTGTTGAC-1,3
AGCTTCCTCCAGTTCC-1,4
AGCTTCCTCTTAGTTC-1,6
AGGAAATTCAGGTAAA-1,5
AGGAATAAGCTTCATG-1,3
AGGAATAAGTTGTAAG-1,1
AGGAATAAGTTGTAGA-1,1
AGGAATACAAATGAAC-1,1
AGGAATACAACATCGT-1,5
AGGAATACAACTGCCG-1,3
AGGAATACAGGACGAT-1,3
AGGAATACAGTATGAA-1,6
AGGAATACATCTTTCA-1,2
AGGAATACATGTCAGT-1,2
AGGAATAGTATACCTG-1,2
AGGAATAGTGCTGTCG-1,1
AGGAATATCCACACCT-1,4
AGGAATATCGTAACAC-1,1
AGGACGAAGAACCGCA-1,3
AGGACGAAGGTACATA-1,2
AGGACGACACACCTTC-1,4
AGGACGACACGCTGAC-1,5
AGGACGAGTAGATCCT-1,5
AGGACGAGTAGCCCTG-1,2
AGGACTTAGTACAGCG-1,2
AGGACTTCACCCTTGT-1,5
AGGACTTCAGACGGAT-1,1
AGGACTTCAGTTTCAG-1,1
AGGACTTGTCTCAGGC-1,5
AGGACTTTCAAGAGTA-1,5
AGGACTTTCCCAATAG-1,4
AGGACTTTCGAGAGAC-1,6
AGGAGGTAGCCTTCTC-1,1
AGGAGGTAGTCCCAGC-1,2
AGGAGGTCAAGTAGTA-1,2
AGGAGGTCACCTGCGA-1,6
AGGAGGTCACTCCCTA-1,2
AGGAGGTCATTGGGAG-1,3
AGGAGGTGTGTTCGTA-1,1
AGGAGGTGTTTGGAAA-1,1
AGGATAAAGAAACACT-1,3
AGGATAAAGGTAATCA-1,1
AGGATAACAAGACAAT-1,3
AGGATAATCAGACTGT-1,1
AGGATAATCTGGACTA-1,5
AGGATCTAGTTGCCTA-1,2
AGGATCTGTCGTTTCC-1,1
AGGATCTGTTCCCAAA-1,1
AGGATCTGTTGTGCAT-1,1
AGGATCTGTTTCTTAC-1,5
AGGATCTGTTTGAAAG-1,3
AGGATCTTCACCCTTG-1,2
AGGATCTTCCGAGCTG-1,1
AGGCATTAGAGAATCT-1,6
AGGCATTAGTAGGATT-1,6
AGGCATTCAGGCTACC-1,3
AGGCATTCATGATAGA-1,4
AGGCATTGTACTGAGG-1,1
AGGCATTGTAGGGAGG-1,1
AGGCATTGTATGTCCA-1,3
AGGCATTGTTACCTTT-1,1
AGGCATTGTTGCATTG-1,1
AGGCATTTCCAAACCA-1,2
AGGCATTTCGGCATCG-1,2
AGGCCACAGAAGCGCT-1,1
AGGCCACCAAGATGTA-1,4
AGGCCACCAGTATACC-1,4
AGGCCACGTTAAGAAC-1,6
AGGCCACTCCTTATCA-1,6
AGGCTGCAGACGCCAA-1,3
AGGCTGCAGGACTTCT-1,1
AGGCTGCAGTCGCCCA-1,1
AGGCTGCCAAGAAATC-1,4
AGGCTGCGTAGATCGG-1,1
AGGCTGCGTATACCCA-1,1
AGGCTGCGTGGACTGA-1,1
AGGCTGCGTTCTAACG-1,4
AGGCTGCTCAGACTGT-1,3
AGGCTGCTCCCTTGGT-1,6
AGGCTGCTCTCTGGTC-1,2
AGGGAGTTCAGATGCT-1,1
AGGGAGTTCGGCGATC-1,2
AGGGCCTGTATCACCA-1,1
AGGGCCTTCCTTGACC-1,1
AGGGCTCAGCCGTAAG-1,2
AGGGCTCCACCGCTAG-1,2
AGGGCTCGTATCGCTA-1,1
AGGGCTCGTGGTTCTA-1,5
AGGGCTCTCATACGGT-1,2
AGGGCTCTCCGATAAC-1,1
AGGGCTCTCGACGTCG-1,1
AGGGTCCAGTGTAGTA-1,2
AGGGTCCTCATTTCGT-1,4
AGGGTGAAGAATCCCT-1,1
AGGGTGACATGTTCAG-1,2
AGGGTGAGTAACAGGC-1,6
AGGGTGAGTAGAATAC-1,1
AGGGTGAGTTCGCGTG-1,3
AGGGTGATCGATCCCT-1,5
AGGGTTTAGGAACTCG-1,1
AGGGTTTCATTGAAGA-1,3
AGGGTTTTCATGCAGT-1,4
AGGTAGGAGATGAAGG-1,3
AGGTAGGAGGCACCAA-1,1
AGGTAGGAGTGTTGAA-1,6
AGGTAGGCACATACGT-1,1
AGGTAGGCAGTTAGGG-1,1
AGGTAGGGTCTGGTTA-1,3
AGGTAGGGTGGAACCA-1,2
AGGTAGGGTTGTGGAG-1,1
AGGTCATAGCGTCGAA-1,6
AGGTCATAGTCGGCCT-1,1
AGGTCATCAGCAGAAC-1,5
AGGTCATGTATGAGAT-1,1
AGGTCATGTTGTAAAG-1,1
AGGTCTAAGGATGCGT-1,1
AGGTCTAGTCAATGGG-1,6
AGGTCTAGTCTTCGAA-1,4
AGGTCTATCCCTTGTG-1,1
AGGTCTATCGTAGTGT-1,3
AGGTCTATCTTTGCGC-1,3
AGGTGTTAGATGCTTC-1,5
AGGTGTTAGTCTTCGA-1,4
AGGTGTTCACTACACA-1,6
AGGTGTTGTCTTTCTA-1,4
AGGTGTTGTTCTCCTG-1,1
AGGTGTTGTTGGGAAC-1,4
AGGTTACGTAACACCT-1,2
AGGTTACGTACCATAC-1,6
AGGTTACGTAGATCGG-1,1
AGGTTACGTTCAAGGG-1,3
AGGTTACTCATTTGTC-1,1
AGGTTACTCGTGACTA-1,3
AGGTTACTCTGATGGT-1,3
AGGTTGTAGAAGTCCG-1,1
AGGTTGTAGTCTCCTC-1,6
AGGTTGTAGTCTGCGC-1,5
AGGTTGTGTCGTGGTC-1,1
AGGTTGTGTGTTTCTT-1,1
AGGTTGTTCACACCCT-1,1
AGTAACCAGACAACAT-1,2
AGTAACCCAATAGAGT-1,1
AGTAACCCAGCTGCCA-1,1
AGTAACCTCTATTTCG-1,1
AGTAACCTCTTAAGGC-1,1
AGTACCAAGCACCAGA-1,6
AGTACCACAACGACAG-1,4
AGTACCACAAGGTTGG-1,3
AGTACCAGTGCACAAG-1,2
AGTACCAGTGGAATGC-1,1
AGTACTGAGCGAACTG-1,2
AGTACTGAGGTTGAGC-1,3
AGTACTGAGTAGAGTT-1,2
AGTACTGTCATTATCC-1,1
AGTACTGTCTGGGATT-1,1
AGTACTGTCTTCGTAT-1,5
AGTACTGTCTTGGCTC-1,6
AGTAGCTAGCGTACAG-1,3
AGTAGCTAGGTAAGGA-1,3
AGTAGCTCAGAGAATT-1,1
AGTAGCTCATTGAGCT-1,1
AGTAGCTTCAACCCGG-1,6
AGTAGCTTCACCTACC-1,3
AGTAGCTTCCCATTCG-1,1
AGTAGTCAGACTGGGT-1,3
AGTAGTCAGCTAAATG-1,2
AGTAGTCAGCTACTAC-1,2
AGTAGTCAGTTAACAG-1,1
AGTAGTCGTCGACGCT-1,1
AGTAGTCGTGTATACC-1,6
AGTAGTCGTTGCATTG-1,2
AGTCAACAGACATGCG-1,2
AGTCAACAGGCGTTAG-1,1
AGTCAACAGGTACATA-1,6
AGTCAACAGTAATTGG-1,4
AGTCAACGTATAGCTC-1,1
AGTCAACGTTACGGAG-1,5
AGTCAACTCCCTGGTT-1,6
AGTCACAAGAACAAGG-1,1
AGTCACAAGCCATGCC-1,2
AGTCACAGTACCATAC-1,3
AGTCACAGTTCTTGTT-1,2
AGTCACATCGGCTTCT-1,1
AGTCATGAGGAAGTCC-1,1
AGTCATGAGTAGAATC-1,2
AGTCATGGTGAATAAC-1,1
AGTCATGTCTCCGTGT-1,3
AGTCTCCAGCTGTTCA-1,6
AGTCTCCAGGTAACTA-1,5
AGTCTCCCAAGTCCAT-1,5
AGTCTCCGTCCAAATC-1,1
AGTCTCCGTGACTCGC-1,1
AGTCTCCTCGCCCAGA-1,1
AGTGACTAGACCCTTA-1,1
AGTGACTGTTAGGAGC-1,2
AGTGACTTCATGCGGC-1,1
AGTGACTTCTCTTCAA-1,2
AGTGATCAGGTTCATC-1,2
AGTGATCGTCACAGTT-1,4
AGTGATCGTCAGCTTA-1,2
AGTGATCGTCCAATCA-1,6
AGTGATCGTCCAGCAC-1,1
AGTGATCTCTCGCCTA-1,1
AGTGCCGAGGACAGTC-1,2
AGTGCCGCACTTCCTG-1,1
AGTGCCGGTCCGAAAG-1,1
AGTGTTGAGTCGAAGC-1,3
AGTGTTGGTTGAATCC-1,6
AGTGTTGTCATGCGGC-1,3
AGTTAGCCAATTTCCT-1,6
AGTTAGCCACGTACAT-1,4
AGTTAGCCAGGACGAT-1,1
AGTTAGCCAGTATTCG-1,6
AGTTAGCCATCGAGCC-1,1
AGTTAGCTCAACTTTC-1,2
AGTTAGCTCCCATAGA-1,1
AGTTAGCTCGACGCTG-1,1
AGTTCCCGTAGGCAAC-1,1
AGTTCGAGTCCTCCTA-1,1
AGTTCGAGTGCCTATA-1,3
AGTTCGAGTGCCTTCT-1,6
AGTTCGATCCGCAAAT-1,5
AGTTCGATCCTAGCGG-1,2
ATACCGACATCCGGTG-1,1
ATACCGATCGTAGAGG-1,1
ATACCGATCTCCTACG-1,2
ATACCTTAGCTAATCC-1,2
ATACCTTCAAGAAATC-1,1
ATACCTTCAGGACATG-1,2
ATACCTTGTGCCAAGA-1,5
ATACCTTGTTGCGAAG-1,4
ATACCTTTCACCGCTT-1,1
ATACCTTTCGGACCAC-1,2
ATACCTTTCTCCAATT-1,6
ATACTTCAGAGAGTTT-1,1
ATACTTCAGCACCCAC-1,1
ATACTTCAGGCGAAGG-1,1
ATACTTCCAGTAGTGG-1,2
ATACTTCGTACACGCC-1,2
ATACTTCGTACAGCGA-1,2
ATAGACCAGAAACTGT-1,1
ATAGACCGTAGGGTAC-1,1
ATAGACCTCCCAGCGA-1,3
ATAGACCTCCGTACGG-1,1
ATAGAGACAAAGGCGT-1,3
ATAGAGACAGTATTCG-1,4
ATAGAGACATCAACCA-1,1
ATAGAGACATGCCATA-1,3
ATAGGCTCATGACAAA-1,2
ATAGGCTGTGTGAATA-1,1
ATAGGCTGTTGGAGGT-1,5
ATAGGCTTCCTCTTTC-1,5
ATATCCTAGACATACA-1,2
ATATCCTAGCAGCACA-1,2
ATATCCTAGCTCGCAC-1,4
ATATCCTCATGTTCAG-1,5
ATATCCTGTCCTGTTC-1,4
ATATCCTGTCGACTGC-1,3
ATATCCTGTTCCGCAG-1,2
ATATCCTTCATGCATG-1,4
ATATCCTTCATGCTAG-1,2
ATATCCTTCCAACCAA-1,3
ATATCCTTCCACAGCG-1,5
ATATCCTTCCATCTGC-1,1
ATATCCTTCTAGCCAA-1,1
ATCACAGCAAAGAACT-1,2
ATCACAGGTGACTAAA-1,5
ATCACAGGTGACTCTA-1,1
ATCACAGTCCATAAGC-1,2
ATCACAGTCGCTGATA-1,1
ATCACGACAAAGTATG-1,2
ATCACGACAAGTAGTA-1,1
ATCACGAGTCGGAAAC-1,1
ATCACGATCTTCTGGC-1,1
ATCACTTAGAACAAGG-1,1
ATCACTTAGTTCTCTT-1,2
ATCACTTTCGAAGGAC-1,4
ATCACTTTCTGAACGT-1,2
ATCACTTTCTGCTCTG-1,2
ATCAGGTAGCAACTTC-1,4
ATCAGGTAGCCTCAAT-1,3
ATCAGGTCACCCATAA-1,2
ATCATTCAGTTCCGTA-1,3
ATCATTCTCAAGTCTG-1,3
ATCATTCTCCCATTTA-1,4
ATCCACCGTCGAGTGA-1,1
ATCCACCGTGACCGTC-1,2
ATCCACCTCGGAGCAA-1,3
ATCCACCTCTCCAAGA-1,5
ATCCATTAGAAACACT-1,3
ATCCATTAGACAACAT-1,2
ATCCATTCAACATCGT-1,1
ATCCATTGTGGCAACA-1,2
ATCCATTGTTCCGTTC-1,4
ATCCATTGTTCGATTG-1,3
ATCCCTGCACAAGCCC-1,5
ATCCCTGCAGAGACTG-1,1
ATCCCTGGTCATCGGC-1,2
ATCCCTGGTTGCTCAA-1,3
ATCCCTGTCATATGGC-1,3
ATCCGTCAGTCATGGG-1,1
ATCCGTCCAAGGGTCA-1,3
ATCCGTCCACGCTTAA-1,4
ATCCGTCCAGAGCTAG-1,6
ATCCGTCCATCAGTCA-1,3
ATCCGTCCATGGCGCT-1,2
ATCCGTCGTGCCTATA-1,1
ATCCGTCTCACCTTAT-1,4
ATCCGTCTCCGTTTCG-1,2
ATCCTATAGGGAACAA-1,4
ATCCTATGTCTACACA-1,5
ATCCTATTCCGTGGGT-1,4
ATCGATGAGCGACATG-1,1
ATCGATGAGTAATTGG-1,2
ATCGATGCACCGAATT-1,2
ATCGATGCATTGCCTC-1,1
ATCGATGGTCATCTAG-1,3
ATCGATGTCCAAGCTA-1,6
ATCGATGTCCTCTGCA-1,2
ATCGATGTCTAGCCTC-1,2
ATCGCCTCAACAGAGC-1,1
ATCGCCTCACCAGGTC-1,2
ATCGCCTGTGGTCCGT-1,3
ATCGCCTGTGTGTCCG-1,6
ATCGCCTTCAATCAGC-1,6
ATCGGATAGATTCGAA-1,1
ATCGGATAGCCTCTCT-1,5
ATCGGATAGGTCCTGC-1,3
ATCGGATCAACGAGGT-1,5
ATCGGATCAAGTGGGT-1,1
ATCGGATCAATAGTAG-1,6
ATCGGATTCACGTCCT-1,1
ATCGGATTCCTGCCAT-1,6
ATCGGCGCAAGATTGA-1,2
ATCGGCGTCACCTGGG-1,1
ATCGGCGTCATGTCTT-1,1
ATCGGCGTCGCCCAGA-1,4
ATCGTAGAGGTTCTAC-1,4
ATCGTAGAGTCCTACA-1,4
ATCGTAGGTCCAAGAG-1,5
ATCGTAGGTTGTGTAC-1,3
ATCGTCCAGACCTCAT-1,2
ATCGTCCAGCCATATC-1,2
ATCGTCCAGGTCGACA-1,6
ATCGTCCAGTATGAAC-1,1
ATCGTCCCATGCCATA-1,3
ATCGTCCCATGTGGCC-1,4
ATCGTCCGTACAGAGC-1,1
ATCGTCCGTACGGGAT-1,6
ATCGTCCGTAGGAGTC-1,1
ATCGTGAAGAGTCAAT-1,4
ATCGTGACACCTCAGG-1,3
ATCGTGACACCTGCTT-1,2
ATCGTGACATACCACA-1,1
ATCGTGACATCCGTGG-1,2
ATCGTGAGTCGAAACG-1,5
ATCGTGAGTTTCAGAC-1,1
ATCGTGATCTTTGATC-1,2
ATCTCTAAGAGACAAG-1,5
ATCTCTAAGCTAGATA-1,3
ATCTCTAAGGCGTTGA-1,1
ATCTCTACACCGCTAG-1,2
ATCTCTAGTACCGTGC-1,3
ATCTCTAGTTCCTACC-1,3
ATCTCTAGTTCGAAGG-1,4
ATCTCTATCACTGTCC-1,4
ATCTCTATCTGTAACG-1,2
ATCTCTATCTTCGACC-1,5
ATCTTCAAGCACACAG-1,2
ATCTTCAAGCGACTTT-1,1
ATCTTCAAGCTGTTCA-1,1
ATCTTCAAGGTCTTTG-1,2
ATCTTCAGTAGTCGTT-1,1
ATCTTCAGTCAGGTAG-1,2
ATCTTCAGTGGGCTCT-1,4
ATCTTCATCCATGATG-1,3
ATCTTCATCTTGCGCT-1,4
ATGAAAGAGACGCAGT-1,1
ATGAAAGCAACTTGCA-1,5
ATGAAAGGTTGTTGTG-1,1
ATGAAAGTCACTGATG-1,2
ATGAAAGTCCGAGATT-1,2
ATGAAAGTCTTGGCTC-1,1
ATGACCAAGCACGGAT-1,1
ATGACCAAGGTGATAT-1,3
ATGACCACAAGGACAC-1,4
ATGACCACAGAGTTGG-1,6
ATGACCAGTAGTAAGT-1,1
ATGACCAGTAGTCTTG-1,5
ATGACCAGTCCGATCG-1,3
ATGACCAGTCGAGCAA-1,3
ATGACCAGTTACCCTC-1,3
ATGACCAGTTTGGAGG-1,6
ATGACCATCGCTTAAG-1,1
ATGACCATCTGTCGCT-1,2
ATGAGGGAGGGATCTG-1,1
ATGAGGGCAACTTGGT-1,2
ATGAGGGCATCACGGC-1,3
ATGAGTCCAGATCACT-1,2
ATGAGTCGTAGGTAGC-1,1
ATGAGTCGTCGACTGC-1,6
ATGAGTCGTGTGACCC-1,1
ATGAGTCTCACTTGGA-1,1
ATGAGTCTCCTACACC-1,3
ATGATCGAGCACCCAC-1,4
ATGATCGAGTATTGCC-1,2
ATGATCGAGTTGTCGT-1,1
ATGATCGGTCATAAAG-1,1
ATGATCGGTGGTCTCG-1,1
ATGATCGTCAGCAATC-1,2
ATGATCGTCATCTATC-1,6
ATGCATGAGGACAAGA-1,5
ATGCATGCACTCATAG-1,4
ATGCATGGTAGACAAT-1,3
ATGCATGGTAGTCTGT-1,5
ATGCATGGTTTACTGG-1,2
ATGCATGTCGCGTAGC-1,3
ATGCCTCAGAGTCCGA-1,4
ATGCCTCAGGACAACC-1,2
ATGCCTCCACGACGCT-1,1
ATGCCTCCACGTAGTT-1,5
ATGCCTCCACGTATAC-1,3
ATGCCTCGTGAGATTA-1,3
ATGCCTCGTTGTATGC-1,4
ATGCCTCGTTTAGTCG-1,1
ATGCCTCTCACAAGGG-1,3
ATGCGATCAATCGTCA-1,3
ATGCGATGTTTGTGGT-1,5
ATGGAGGAGACCTTTG-1,2
ATGGAGGAGATGACAT-1,1
ATGGAGGCAACCGGAA-1,1
ATGGAGGCACACTGGC-1,3
ATGGAGGCAGTCCCGA-1,5
ATGGAGGGTCCAAATC-1,6
ATGGAGGGTGTACATC-1,1
ATGGAGGTCCTAGCTC-1,1
ATGGAGGTCTCCATAT-1,5
ATGGATCAGATGGCGT-1,1
ATGGATCCACATTCTT-1,6
ATGGATCCAGCTGAAG-1,2
ATGGATCCATGTCTAG-1,1
ATGGATCGTGTGCTTA-1,5
ATGGATCTCCACTTCG-1,2
ATGGATCTCCCTTCCC-1,3
ATGGGAGAGAGTGTTA-1,1
ATGGGAGAGCTCGACC-1,3
ATGGGAGCACCCAAGC-1,1
ATGGGAGGTACGCTAT-1,1
ATGGGAGGTAGTAAGT-1,1
ATGGGAGGTTACGATC-1,3
ATGGGAGTCCTTCTTC-1,1
ATGGGAGTCTACCTTA-1,3
ATGGGTTAGAAGTATC-1,6
ATGGGTTCACTGCGAC-1,1
ATGGGTTCACTGTCGG-1,2
ATGGGTTCATAAGCAA-1,1
ATGGGTTGTGATTAGA-1,2
ATGGGTTTCCTACCAC-1,1
ATGGTTGAGCACCGTC-1,1
ATGGTTGAGGGAGGCA-1,6
ATGGTTGCAAGAGTAT-1,1
ATGGTTGCAGCGAGTA-1,1
ATGGTTGGTAGACGGT-1,3
ATGGTTGGTTCCGTTC-1,4
ATGGTTGTCAAAGCCT-1,1
ATGGTTGTCGAGAAAT-1,3
ATGGTTGTCTCCTGAC-1,4
ATGGTTGTCTCTCTAA-1,1
ATGTCCCCATACATCG-1,1
ATGTCCCGTAGTGCGA-1,3
ATGTCCCGTGGGTCAA-1,2
ATGTCCCGTGTACGCC-1,3
ATGTCCCTCGGTTCAA-1,3
ATGTCCCTCGTCGCTT-1,4
ATGTCCCTCTGGTGCG-1,3
ATGTCTTAGAGGCTGT-1,1
ATGTCTTCAAACTCGT-1,4
ATGTCTTCACTACCCT-1,2
ATGTCTTCAGCGGATA-1,2
ATGTCTTCATACTGTG-1,3
ATGTCTTCATGACTCA-1,6
ATGTCTTCATGTGGTT-1,1
ATGTCTTGTTGCATCA-1,4
ATGTCTTTCACACGAT-1,5
ATGTCTTTCGTCGCTT-1,1
ATTACCTAGCTAGTTC-1,1
ATTACCTCACGGTGAA-1,5
ATTACCTGTCACTTCC-1,4
ATTACCTGTCAGCTTA-1,3
ATTACCTGTTCAATCG-1,2
ATTACTCAGGAGGTTC-1,2
ATTACTCCAGGGAGAG-1,1
ATTACTCCAGGTATGG-1,1
ATTACTCCATATACCG-1,2
ATTACTCTCGCTGACG-1,2
ATTACTCTCTTAGCAG-1,1
ATTATCCAGATGACAT-1,3
ATTATCCCAGCGGATA-1,3
ATTATCCCATAGACTC-1,1
ATTATCCGTGGGTTGA-1,6
ATTATCCTCAGCCCAG-1,1
ATTCACTAGTGAATAC-1,2
ATTCACTCAATAGTGA-1,1
ATTCACTCACGACAGA-1,2
ATTCACTGTCGACTGC-1,2
ATTCACTTCACACCGG-1,5
ATTCACTTCTGCTTTA-1,2
ATTCACTTCTTTCCGG-1,4
ATTCAGGAGGGATCGT-1,3
ATTCAGGGTCCGGATC-1,1
ATTCATCAGTAAACTG-1,2
ATTCATCAGTAGCTCT-1,1
ATTCATCAGTTTGGCT-1,2
ATTCATCGTGGATACG-1,1
ATTCATCTCCTTATGT-1,4
ATTCATCTCGGCATCG-1,5
ATTCCATCAACTTCTT-1,3
ATTCCATCACCAGCCA-1,1
ATTCCATGTGAGGCAT-1,1
ATTCCATGTTCGAACT-1,4
ATTCCATTCACTTGGA-1,2
ATTCCCGAGGCTTTCA-1,2
ATTCCCGAGTTGAATG-1,3
ATTCCCGGTACGCTTA-1,1
ATTCCCGGTGATGGCA-1,1
ATTCCCGGTGTACAGG-1,1
ATTCCCGGTTAAGTCC-1,3
ATTCCTAAGAGTTCGG-1,3
ATTCCTAAGGGTATAT-1,4
ATTCCTACAAAGACTA-1,3
ATTCCTACATAGGAGC-1,6
ATTCCTACATGCCGAC-1,4
ATTCCTACATGTAACC-1,5
ATTCCTATCGCGCCAA-1,6
ATTCGTTAGGAGAATG-1,3
ATTCGTTAGGCGTCCT-1,3
ATTCGTTCACCATATG-1,5
ATTCGTTCACGCAGTC-1,2
ATTCGTTCACTTGAGT-1,1
ATTCGTTGTTTAGAGA-1,1
ATTCGTTTCAAAGACA-1,2
ATTCGTTTCGGCTGGT-1,1
ATTCGTTTCGTCAACA-1,2
ATTCTACAGGGCATGT-1,1
ATTCTACAGGTTCCGC-1,6
ATTCTACCACGTTCGG-1,1
ATTCTACGTCATGACT-1,2
ATTCTACGTCCTCCTA-1,2
ATTCTACGTGAACTAA-1,2
ATTCTTGAGCTCGACC-1,2
ATTCTTGCAAGCAATA-1,5
ATTCTTGGTGAGAGGG-1,2
ATTCTTGTCGTTAGAC-1,2
ATTGGGTAGGCTGGAT-1,1
ATTGGGTAGGTCATCT-1,2
ATTGGGTAGTTACGGG-1,1
ATTGGGTCAGGCTCTG-1,1
ATTGGGTGTCGAACAG-1,3
ATTGGGTTCGGCTGTG-1,2
ATTGTTCCAGTATGAA-1,4
ATTGTTCCATTGACAC-1,2
ATTGTTCGTCGATTTG-1,4
ATTGTTCGTTAGTTCG-1,3
ATTGTTCGTTCGTAAC-1,6
ATTGTTCGTTTGGAAA-1,1
ATTGTTCTCTCGTTTA-1,5
ATTTACCCATCGTTCC-1,5
ATTTACCGTACAGAGC-1,1
ATTTACCGTTATGGTC-1,3
ATTTACCGTTGCATCA-1,4
ATTTACCTCCCGAGGT-1,5
ATTTACCTCCTCTCTT-1,4
ATTTACCTCTGCTCTG-1,6
ATTTCACAGCGTTCAT-1,6
ATTTCACAGTAACCGG-1,1
ATTTCACCAAGTAGTA-1,2
ATTTCACTCTCCGTGT-1,6
ATTTCTGAGAGGGTAA-1,6
ATTTCTGAGGCACCAA-1,3
ATTTCTGAGTAGACAT-1,5
ATTTCTGAGTCCGCCA-1,2
ATTTCTGCATAGTCAC-1,3
ATTTCTGTCTGGTCAA-1,2
CAAAGAAAGGAAACGA-1,3
CAAAGAACACTAGGTT-1,1
CAAAGAACATGTAACC-1,3
CAAAGAAGTCGATTTG-1,3
CAAAGAAGTGACCGAA-1,2
CAAAGAATCCATACAG-1,3
CAAAGAATCTCATTTG-1,5
CAACAACCAGAGGCAT-1,4
CAACAACGTAGGCAAC-1,4
CAACAACGTTGGGCCT-1,3
CAACAACTCCTCCACA-1,4
CAACAACTCGTGCAGC-1,5
CAACAACTCGTTTACT-1,3
CAACAGTAGGAGAATG-1,2
CAACAGTCACTGGATT-1,5
CAACAGTGTCTTGCGG-1,3
CAACCAACACCACATA-1,2
CAACCAACAGACATCT-1,4
CAACCAACAGTCAGTT-1,2
CAACCTCAGACGGTCA-1,5
CAACCTCAGAGCAGTC-1,1
CAACCTCAGCGTACAG-1,2
CAACCTCAGGGAGGTG-1,2
CAACCTCAGTATGATG-1,1
CAACCTCTCATCTACT-1,1
CAACGATAGATAGGGA-1,5
CAACGATAGCTCACTA-1,1
CAACGATGTTAGGCTT-1,1
CAACGATTCCGATGTA-1,5
CAACGATTCTAGGCCG-1,3
CAACGGCAGAGTTGCG-1,1
CAACGGCAGATAGTCA-1,3
CAACGGCAGCACGATG-1,1
CAACGGCGTCATCCGG-1,3
CAACGGCTCGGTGCAC-1,1
CAAGACTAGCAAATGT-1,2
CAAGACTAGGATTTCC-1,3
CAAGACTAGTTAACGA-1,3
CAAGACTGTACTAAGA-1,4
CAAGACTTCCACGAAT-1,6
CAAGAGGAGAACCCGA-1,3
CAAGAGGAGGATACGC-1,3
CAAGAGGAGGCTATCT-1,6
CAAGAGGCAGGTACGA-1,2
CAAGAGGGTCCGGCAT-1,1
CAAGAGGGTTGTATGC-1,1
CAAGAGGTCCGTCCTA-1,2
CAAGAGGTCTAGCCTC-1,6
CAAGCTAAGCGCCCAT-1,2
CAAGCTACAACTCCCT-1,3
CAAGGGACACAAATCC-1,1
CAAGGGACACTACTTT-1,1
CAAGGGAGTCCGCAGT-1,1
CAAGGGAGTGCGGTAA-1,1
CAATACGCAAGAATGT-1,1
CAATACGCAGATTCGT-1,2
CAATACGGTCAAAGCG-1,3
CAATACGTCGAGAACG-1,3
CAATCGAAGACTGGGT-1,3
CAATCGACACGCCACA-1,5
CAATCGAGTTCGATTG-1,2
CAATCGATCAATCCAG-1,2
CAATCGATCCACGGGT-1,3
CAATCGATCTTCGCTG-1,5
CAATGACAGGCACCAA-1,6
CAATGACAGGCGTCCT-1,3
CAATGACAGTGACCTT-1,2
CAATGACCAACTTCTT-1,6
CAATGACCACAACGCC-1,1
CAATGACCACCTGCGA-1,1
CAATGACCATGACCCG-1,2
CAATGACTCACCCATC-1,3
CAATTTCAGCCTGTCG-1,5
CAATTTCCATCCTTGC-1,6
CACACAAAGATGAAGG-1,1
CACACAACAAAGACGC-1,1
CACACAACAGACCTAT-1,2
CACACAACAGACGGAT-1,4
CACACAAGTAGTGCGA-1,1
CACACAAGTGCCTGCA-1,4
CACACAATCCGTGGGT-1,3
CACAGATAGAGTGAAG-1,3
CACAGATAGGGCAAGG-1,1
CACAGATCACGCGGTT-1,1
CACAGGCAGGTCACCC-1,2
CACAGGCCACCCTTGT-1,4
CACAGGCGTATACAGA-1,1
CACAGGCGTCCGAAAG-1,1
CACAGGCTCTCTATAC-1,2
CACATGAAGCTACTGT-1,6
CACATGAAGGAACTAT-1,4
CACATGACAAGCGCAA-1,2
CACATGACATAACGGG-1,2
CACATGAGTTTCGACA-1,6
CACATGATCCAAGCAT-1,4
CACATGATCCTTCTAA-1,3
CACCAAAAGCAACAGC-1,2
CACCAAACACGTCATA-1,3
CACCAAAGTCTGATCA-1,3
CACCAAAGTTGAGTCT-1,1
CACCAAATCCTAGCCT-1,3
CACCAAATCCTGTAGA-1,2
CACCAAATCGCCGATG-1,1
CACCGTTAGCTGGAGT-1,5
CACCGTTCATCCGTGG-1,5
CACCGTTGTACGTTCA-1,4
CACCGTTGTAGAGTTA-1,1
CACCGTTGTCACTTCC-1,4
CACCGTTGTCGTCGGT-1,1
CACCGTTTCACTGGGC-1,4
CACGAATAGGACTAAT-1,1
CACGAATAGTGACACG-1,1
CACGAATCAAGTTCCA-1,6
CACGAATCATGTCGTA-1,4
CACGAATGTTTGGGAG-1,3
CACGGGTAGAGCATAT-1,3
CACGGGTAGATAACGT-1,3
CACGGGTCACACACTA-1,4
CACGGGTGTACCAATC-1,2
CACGGGTGTGCAACAG-1,1
CACGGGTGTTAACCTG-1,4
CACGGGTGTTACACTG-1,4
CACGGGTTCATAGACC-1,2
CACGGGTTCTGGTCAA-1,6
CACGTGGAGAAGAACG-1,1
CACGTGGCACGAGGTA-1,5
CACGTGGGTTTGATCG-1,2
CACGTGGTCTAGACAC-1,1
CACGTGGTCTCGTCGT-1,4
CACGTTCCACGGTGAA-1,4
CACGTTCCATGCCGCA-1,6
CACGTTCGTCAGTCTA-1,1
CACGTTCGTCGGTAAG-1,1
CACTAAGAGGCCTAAG-1,3
CACTAAGCAACCAACT-1,3
CACTAAGGTAGGACCA-1,1
CACTAAGGTGGAGAAA-1,3
CACTAAGTCCATCGTC-1,3
CACTAAGTCGAGGCAA-1,3
CACTGAACAGCTGCCA-1,5
CACTGAACATAGGTTC-1,4
CACTGAAGTAGGACTG-1,3
CACTGAAGTATCACCA-1,5
CACTGAATCAGTGTCA-1,3
CACTGAATCCATCACC-1,3
CACTGAATCTGCATGA-1,3
CACTGGGAGGACATCG-1,4
CACTGGGAGGTGGCTA-1,3
CACTGGGCACCTCGTT-1,2
CACTGGGGTCGCTCGA-1,4
CACTGGGTCGAGATAA-1,1
CACTGTCAGAGTCGAC-1,6
CACTGTCAGGATTTAG-1,1
CACTGTCCAATACCCA-1,2
CACTGTCGTAGCTGAG-1,1
CACTGTCGTTAACCTG-1,4
CACTGTCTCCGCTGTT-1,4
CACTTCGCAAATACGA-1,2
CACTTCGCAATCCAGT-1,2
CACTTCGCACACCTGG-1,1
CACTTCGCAGTCGCTG-1,1
CACTTCGCAGTTGCGC-1,2
CACTTCGGTTGCTAGT-1,2
CAGAGCCAGACTCTTG-1,2
CAGAGCCAGATACCAA-1,1
CAGAGCCAGGTGATCG-1,1
CAGAGCCAGTTAGAAC-1,2
CAGAGCCCAACAGAGC-1,4
CAGAGCCCAATTTCTC-1,5
CAGAGCCCACAACATC-1,1
CAGAGCCCACCCTAAA-1,6
CAGAGCCGTACCCGAC-1,1
CAGAGCCGTGTCTAAC-1,1
CAGAGCCTCTTTCGAT-1,2
CAGATACAGCGGACAT-1,1
CAGATACCACGCGTGT-1,4
CAGATACCATCAGCAT-1,2
CAGATACGTGTCATGT-1,4
CAGATCAAGATTTGCC-1,1
CAGATCAAGGTGCAGT-1,4
CAGATCAGTACGTAGG-1,3
CAGATCATCAAGTCTG-1,3
CAGATTGAGCCATTTG-1,5
CAGATTGAGCTTCTAG-1,3
CAGATTGAGGATACCG-1,3
CAGATTGAGGCCTGCT-1,2
CAGATTGAGTCTAACC-1,2
CAGATTGCAAGCTACT-1,4
CAGATTGCACTGAATC-1,3
CAGATTGTCACGGTCG-1,1
CAGATTGTCCAGTACA-1,2
CAGATTGTCGAAACAA-1,1
CAGCAATGTACATTGC-1,4
CAGCAATGTCGGTACC-1,3
CAGCAATTCGGATACT-1,1
CAGCACGAGAAGTCTA-1,2
CAGCACGAGCATTGTC-1,1
CAGCACGAGGTTATAG-1,2
CAGCACGGTACTCCCT-1,2
CAGCACGGTATGCGGA-1,1
CAGCACGGTTAGGCTT-1,2
CAGCACGGTTTGGAAA-1,6
CAGCAGCAGAGTCAGC-1,2
CAGCAGCAGCAGCCCT-1,1
CAGCAGCAGGGCTAAC-1,2
CAGCAGCCACGCGCAT-1,3
CAGCAGCGTTCCCAAA-1,1
CAGCAGCTCTCTCGAC-1,3
CAGCCAGAGGCATCGA-1,1
CAGCCAGAGTCTGGAG-1,3
CAGCCAGCAGCTATTG-1,4
CAGCCAGGTGCCAAGA-1,3
CAGCCAGGTTCCTACC-1,1
CAGCCAGTCCGCTAGG-1,5
CAGCGTGCAGGCTACC-1,3
CAGCGTGCATGCAGCC-1,2
CAGGCCAAGCTAAATG-1,5
CAGGCCAGTCCTGGTG-1,2
CAGGCCATCACATTGG-1,5
CAGGCCATCAGCATTG-1,5
CAGGCCATCTACGGGC-1,2
CAGGGCTAGGTAAACT-1,1
CAGGGCTCAAAGGCAC-1,5
CAGGGCTCAACTGGTT-1,2
CAGGGCTCAGCGGTCT-1,1
CAGGGCTCATTCACCC-1,2
CAGGGCTGTACCATAC-1,3
CAGGGCTTCGCTACAA-1,1
CAGGGCTTCTGCCCTA-1,2
CAGGTATAGATTGGGC-1,1
CAGGTATAGCAGATAT-1,1
CAGGTATAGGGACCAT-1,3
CAGGTATCAGCTATAC-1,2
CAGGTATGTAGGTAGC-1,1
CAGGTATGTCAACACT-1,3
CAGGTATGTGGCGTAA-1,1
CAGTGCGCAAATTAGG-1,1
CAGTGCGGTTCAAAGA-1,1
CAGTGCGGTTTGTTGG-1,3
CAGTGCGTCCATTGTT-1,6
CAGTTAGAGGCACTAG-1,3
CAGTTAGAGGCTATCT-1,4
CAGTTAGCAAGTCATC-1,1
CAGTTAGCACCTATCC-1,5
CAGTTAGGTAGATTAG-1,1
CAGTTAGGTCGTGGTC-1,3
CAGTTAGTCTCGACGG-1,5
CAGTTCCAGGGAGTTC-1,5
CAGTTCCAGTTGCGCC-1,1
CAGTTCCCAGTCGCTG-1,3
CAGTTCCTCAAGTCGT-1,6
CAGTTCCTCCATCGTC-1,4
CAGTTCCTCTCAGGCG-1,1
CAGTTCCTCTTCTCAA-1,4
CATAAGCAGCTGCCTG-1,6
CATAAGCCACGTAGAG-1,2
CATAAGCCATAATCCG-1,4
CATAAGCGTACGACTT-1,2
CATAAGCGTGTCTTGA-1,1
CATAAGCTCGGCCTTT-1,1
CATAAGCTCTATCCAT-1,2
CATAAGCTCTGGAAGG-1,1
CATACAGAGAGTTGCG-1,5
CATACAGAGATAGCTA-1,2
CATACAGAGGTGGTTG-1,2
CATACAGAGTTCCATG-1,4
CATACAGCAAAGGATT-1,3
CATACCCGTTACCCAA-1,4
CATACCCTCAATCTCT-1,3
CATACCCTCGGTTGTA-1,3
CATACTTCACCCTAAA-1,2
CATACTTCATCAGCTA-1,4
CATACTTGTTTGGGTT-1,3
CATACTTTCCGTATGA-1,4
CATACTTTCGACATCA-1,5
CATAGACGTCGGCACT-1,2
CATAGACGTGCCGGTT-1,3
CATAGACTCATGCATG-1,1
CATAGACTCATTGCTT-1,3
CATAGACTCCTAGCTC-1,2
CATCAAGAGGAAAGGT-1,1
CATCAAGCACAAATCC-1,5
CATCAAGCATACAGCT-1,4
CATCAAGGTTCACCGG-1,3
CATCAAGTCCTTCACG-1,3
CATCAAGTCTATACTC-1,4
CATCCACAGGTTCCAT-1,4
CATCCACCACCGGCTA-1,2
CATCCACGTCAAATCC-1,4
CATCCACGTCAGTCTA-1,1
CATCCACGTCCAGGTC-1,4
CATCCACTCACCTACC-1,5
CATCCACTCGGCTGAC-1,1
CATCCACTCTTGCGCT-1,3
CATCCCAAGCACCGTC-1,4
CATCCCAAGCATAGGC-1,1
CATCCCAGTCGAGTGA-1,1
CATCCCAGTGTTCCTC-1,6
CATCCCATCCGCACTT-1,2
CATCCCATCGAACTCA-1,1
CATCCCATCGACTCCT-1,1
CATCCCATCTACTTCA-1,6
CATCCCATCTCTTCAA-1,2
CATCCGTAGCCTGCCA-1,3
CATCCGTAGGACTGGT-1,5
CATCCGTAGGTAATCA-1,1
CATCCGTCATATAGCC-1,2
CATCCGTGTCAACATC-1,2
CATCCGTGTGTGATGG-1,1
CATCGCTAGTCTTCCC-1,1
CATCGCTTCTTCGCTG-1,4
CATCGGGCAGATACTC-1,3
CATCGGGGTCAGATTC-1,1
CATCGGGTCTTAGCCC-1,2
CATCGTCAGGGAACAA-1,1
CATCGTCGTTAACAGA-1,3
CATCGTCGTTGGTAGG-1,1
CATCGTCTCCGAACGC-1,2
CATGAGTAGACTTAAG-1,1
CATGAGTAGCGAAACC-1,4
CATGAGTCAACTACGT-1,5
CATGAGTCAGCTGTAT-1,1
CATGAGTGTACCTATG-1,1
CATGAGTTCCCGAGAC-1,3
CATGAGTTCGCTAATG-1,1
CATGCAACAGGAACCA-1,1
CATGCAAGTGCCTTCT-1,4
CATGCAAGTGTGAGCA-1,3
CATGCAATCAGCCTCT-1,2
CATGCAATCCAAAGGG-1,2
CATGCAATCGATTGAC-1,2
CATGCAATCTCGCCTA-1,1
CATGCCTAGAATCCCT-1,5
CATGCCTAGACATAAC-1,2
CATGCCTCAAACGTGG-1,2
CATGCCTCACAACATC-1,2
CATGCCTCAGCGATTT-1,4
CATGCCTTCCGACGGT-1,2
CATGCCTTCGTCGATA-1,4
CATGCCTTCTTAGCAG-1,3
CATGCGGAGACCTGGA-1,6
CATGCGGAGCTGACCC-1,4
CATGCGGAGTAGGGTC-1,1
CATGCGGCACTACTTT-1,2
CATGCGGCAGACCAAG-1,1
CATGCGGCAGCTCCTT-1,4
CATGCGGCAGCTGGTC-1,5
CATGCGGCATTGTGCA-1,6
CATGCGGGTAGAATGT-1,3
CATGCGGGTCACTCGG-1,2
CATGCGGGTCGAACAG-1,2
CATGCGGGTCTCTCAC-1,3
CATGCGGGTGCGGCTT-1,4
CATGCTCAGACGTCGA-1,1
CATGCTCAGAGGGTAA-1,6
CATGCTCAGATGTTGA-1,1
CATGCTCAGCAAGTGC-1,1
CATGCTCAGGACATCG-1,6
CATGCTCCAGAGGTTG-1,4
CATGCTCGTGGTCAAG-1,1
CATGCTCGTTCGGGTC-1,1
CATGCTCTCATTTCGT-1,2
CATGCTCTCCCGTGTT-1,1
CATGCTCTCGGCTGGT-1,1
CATGGATAGATGCTAA-1,3
CATGGATAGCTAGATA-1,1
CATGGATCAACTCGTA-1,6
CATGGATCAATGAAAC-1,1
CATGGATCAATTTCTC-1,6
CATGGATCACATATCG-1,1
CATGGATGTGTTAAAG-1,2
CATGGTAAGAGCTGAC-1,2
CATGGTAAGTCCGCGT-1,2
CATGGTAGTTGGAGGT-1,1
CATTCATAGATGTTAG-1,2
CATTCATAGGTAGTAT-1,2
CATTCATTCAGAGCGA-1,6
CATTCATTCGACTCCT-1,4
CATTCATTCTTTGCGC-1,5
CATTCCGAGGTCATCT-1,4
CATTCCGCAAGTCGTT-1,3
CATTCCGCACTAGAGG-1,5
CATTCCGCATAAGCGG-1,3
CATTCCGGTCAGTTTG-1,6
CATTCCGTCATTACGG-1,1
CATTCCGTCGAGTGGA-1,1
CATTCTACACCAATTG-1,5
CATTCTACAGCGAGTA-1,5
CATTCTACAGTCACGC-1,3
CATTCTAGTAGTGTGG-1,1
CATTCTAGTCGTGCCA-1,1
CATTCTATCTTCACGC-1,2
CATTGAGAGATGCAGC-1,2
CATTGAGAGCACGTCC-1,3
CATTGAGAGTAGCAAT-1,3
CATTGAGGTATGGAAT-1,2
CATTGAGGTCCAGGTC-1,5
CATTGAGGTGACAGGT-1,2
CATTGAGTCGCAATTG-1,1
CATTGCCAGAGGCCAT-1,4
CATTGCCCAAGACGGT-1,4
CATTGCCCAGAGATTA-1,3
CATTGCCCAGCAGTGA-1,1
CATTGCCGTATCACCA-1,2
CATTGCCGTTCAGGTT-1,3
CATTGCCGTTCCGTTC-1,2
CATTGCCTCAGAGTTC-1,4
CATTGCCTCTTGGCTC-1,5
CATTGTTCAAGTGCTT-1,1
CATTGTTCAGAGTCAG-1,1
CATTGTTCAGTATTCG-1,3
CATTGTTGTGACTGTT-1,6
CATTGTTGTGTCTTCC-1,6
CATTGTTTCCCTTGTG-1,2
CATTTCAAGAGAGTGA-1,6
CATTTCAGTATCGCTA-1,6
CATTTCAGTATTGGCT-1,2
CATTTCAGTTGCTTGA-1,4
CATTTCATCCGATGCG-1,5
CATTTCATCTCTAGGA-1,1
CCAAGCGCAAACCGGA-1,6
CCAAGCGCAATGAACA-1,1
CCAAGCGCAGAGTTCT-1,1
CCAAGCGGTTGCAAGG-1,3
CCAAGCGGTTGTGTTG-1,2
CCAATGAAGGCAGGGA-1,1
CCAATGACAATGAGCG-1,2
CCAATGACAGAACTCT-1,4
CCAATGAGTATGTCTG-1,3
CCAATGAGTCTCACGG-1,2
CCAATTTCATAATGCC-1,1
CCAATTTGTCGTTTCC-1,5
CCAATTTGTTCGTAAC-1,1
CCACAAAAGTATAACG-1,6
CCACAAACAATTTCTC-1,6
CCACAAACAGGCCCTA-1,2
CCACAAACAGGCCTGT-1,3
CCACAAACAGGGAATC-1,4
CCACAAAGTAACAGGC-1,6
CCACAAAGTATAGGAT-1,3
CCACAAAGTGTTGCCG-1,3
CCACACTAGAGGTTAT-1,4
CCACACTAGATCCCGC-1,3
CCACACTAGGAGTCTG-1,1
CCACACTCAAGCCCAC-1,6
CCACACTGTGCGGATA-1,3
CCACACTTCGTCTCAC-1,2
CCACACTTCTGCACCT-1,3
CCACCATCACCTCTAC-1,4
CCACCATGTCAAGCGA-1,3
CCACCATGTCAGATTC-1,2
CCACCATGTCCTGGGT-1,3
CCACCATTCACTTGTT-1,3
CCACCATTCTTGATTC-1,5
CCACGAGAGACCTTTG-1,4
CCACGAGAGTCCTGCG-1,5
CCACGAGAGTGTTCAC-1,1
CCACGAGCATGGCCCA-1,2
CCACGAGGTATCAGGG-1,5
CCACGAGGTGTCCAAT-1,6
CCACGAGGTGTTAGCT-1,3
CCACGAGTCCCGTGAG-1,3
CCACGTTAGGCTGTAG-1,1
CCACGTTAGGTCACCC-1,1
CCACGTTCACATGGTT-1,5
CCACGTTCAGAACTCT-1,1
CCACGTTGTCTTGCTC-1,6
CCACGTTGTTCCTACC-1,5
CCACGTTGTTGTGTTG-1,6
CCACGTTTCAAACGTC-1,3
CCACTTGCATACATCG-1,3
CCACTTGCATAGACTC-1,2
CCACTTGGTACGGTTT-1,4
CCACTTGGTATCCTTT-1,1
CCACTTGGTGTGTGTT-1,3
CCACTTGTCAGCCTCT-1,5
CCACTTGTCATTATCC-1,5
CCACTTGTCCTAAACG-1,3
CCATAAGAGACAACAT-1,3
CCATAAGGTCTGTGGC-1,1
CCATAAGGTGAGATAT-1,3
CCATAAGTCGAAGCAG-1,1
CCATAAGTCTCTTCAA-1,1
CCATAAGTCTTAGCCC-1,3
CCATCACAGATGGTAT-1,4
CCATCACAGCCGTCGT-1,1
CCATCACAGCGTGAAC-1,1
CCATCACAGTAACGTA-1,1
CCATCACAGTCCCGAC-1,3
CCATCACCAGAACTAA-1,2
CCATCACCAGTTAGAA-1,6
CCATCACCATCGTGGC-1,2
CCATCACCATTACTCT-1,1
CCATCACCATTGCCTC-1,4
CCATCACGTGGTCAAG-1,5
CCCAACTAGGCCTAGA-1,4
CCCAACTTCAGTCATG-1,4
CCCAACTTCCATCTAT-1,2
CCCAACTTCCCTGTTG-1,3
CCCAACTTCGACGCTG-1,2
CCCATTGAGAAACCCG-1,5
CCCATTGAGCTGGTGA-1,2
CCCATTGCAAGACTGG-1,1
CCCATTGCAGTCTTCC-1,2
CCCATTGTCAGTCAGT-1,4
CCCGAAGAGAGTTGCG-1,3
CCCGAAGCAAGAGTAT-1,1
CCCGAAGCATTCATCT-1,2
CCCGAAGGTTAAGAAC-1,6
CCCGAAGGTTGGGTAG-1,1
CCCGAAGTCGACGCTG-1,3
CCCGAAGTCGACTCCT-1,2
CCCGGAAAGAATCGAT-1,1
CCCGGAAAGTAAATGC-1,2
CCCGGAAAGTCTAACC-1,1
CCCGGAACAGCGAGTA-1,1
CCCTAACAGCGGTAGT-1,5
CCCTAACCAGTCTACA-1,3
CCCTAACGTGTCACAT-1,3
CCCTAACTCACATTGG-1,1
CCCTAACTCGACCACG-1,3
CCCTAACTCGTACCTC-1,2
CCCTCAACATGACTCA-1,4
CCCTCAATCCTGGGAC-1,6
CCCTCTCAGCACCCAC-1,1
CCCTCTCGTAGCGTAG-1,3
CCCTCTCGTTAAGGAT-1,2
CCCTCTCGTTTGATCG-1,1
CCCTCTCTCCTCGCAT-1,4
CCCTCTCTCGTGGCGT-1,2
CCCTGATAGACCTTTG-1,1
CCCTGATAGATCCAAA-1,3
CCCTGATAGCAGTCTT-1,4
CCCTGATAGTTGTCAC-1,2
CCCTGATCAAACCATC-1,2
CCCTGATCAGTGTGGA-1,3
CCCTGATGTGTTTACG-1,1
CCCTGATGTTTGACAC-1,2
CCCTGATTCACTCTTA-1,1
CCCTGATTCGCATAGT-1,3
CCCTGATTCGCTACAA-1,3
CCCTTAGAGCATGCAG-1,2
CCCTTAGAGGAGTCTG-1,1
CCCTTAGAGGTTTACC-1,4
CCCTTAGAGTGAATAC-1,3
CCCTTAGCATTCAGCA-1,3
CCCTTAGTCATCACAG-1,5
CCCTTAGTCGATACGT-1,3
CCGAACGAGCTGGCCT-1,2
CCGAACGAGTCACAGG-1,6
CCGAACGCAGTTCTAG-1,5
CCGAACGGTATCTTCT-1,2
CCGAACGGTCAGTCTA-1,1
CCGAACGGTCATGCAT-1,3
CCGAACGGTCTCTCAC-1,2
CCGAACGTCATGAGAA-1,1
CCGATCTAGACATAGT-1,2
CCGATCTAGATTAGCA-1,1
CCGATCTAGCGATGAC-1,3
CCGATCTAGGCAGCTA-1,4
CCGATCTCATCGATGT-1,3
CCGATCTGTCTAGGCC-1,4
CCGATCTGTTTCGTGA-1,4
CCGATCTTCCGCAACG-1,2
CCGATCTTCTCCGATC-1,3
CCGATGGTCCCTATTA-1,1
CCGCAAGAGGATTTAG-1,1
CCGCAAGGTCATTGCA-1,3
CCGCAAGGTCTTCCGT-1,1
CCGGACAAGCTAAATG-1,3
CCGGACAAGGAACGTC-1,2
CCGGACAAGGCATCGA-1,1
CCGGACACAATAGGGC-1,3
CCGGACACAGGAAGTC-1,3
CCGGACATCTCTCAAT-1,3
CCGGACATCTGGACTA-1,2
CCGGGTAAGCGTCGAA-1,1
CCGGGTAGTCAGCGTC-1,1
CCGGGTATCGGAATGG-1,1
CCGGGTATCGTGGTAT-1,2
CCGGTAGCAAAGGCTG-1,6
CCGGTAGCAGCGCGTT-1,1
CCGGTAGGTGCCCAGT-1,1
CCGGTGAAGCTGCCAC-1,2
CCGGTGAAGGTGCAGT-1,2
CCGGTGACAACGTAAA-1,2
CCGGTGAGTCAACACT-1,3
CCGGTGAGTCACCGCA-1,1
CCGGTGATCTGGTTGA-1,6
CCGTAGGAGCTGTTAC-1,2
CCGTAGGCATACCAGT-1,2
CCGTAGGCATCGTGGC-1,2
CCGTAGGGTCCTGTTC-1,6
CCGTAGGGTCTTTCTA-1,3
CCGTAGGGTTATGGTC-1,2
CCGTAGGTCTAGTTCT-1,1
CCGTGAGAGACCATGG-1,1
CCGTGAGTCTTGGATG-1,1
CCGTTCAAGACTACGG-1,3
CCGTTCACACTGGACC-1,2
CCGTTCAGTATACCCA-1,2
CCGTTCAGTGCAGATG-1,1
CCGTTCATCCTCTAAT-1,2
CCGTTCATCGACACTA-1,3
CCTAACCAGCGACTGA-1,2
CCTAACCGTGGTCCGT-1,3
CCTAACCTCCGTTTCG-1,5
CCTAAGAAGCGCCCAT-1,1
CCTAAGAGTATAATGG-1,1
CCTAAGAGTGGATCAG-1,1
CCTAAGATCGAATGCT-1,1
CCTAAGATCTAATTCC-1,2
CCTACGTAGATCACTC-1,2
CCTACGTGTCCTGGTG-1,1
CCTACGTGTCTACACA-1,5
CCTACGTGTGGACAGT-1,1
CCTACGTGTTAGAAGT-1,1
CCTACGTGTTGGACTT-1,1
CCTACGTTCTGACGCG-1,2
CCTATCGAGCCTCATA-1,5
CCTATCGAGTCACTCA-1,2
CCTATCGCAGGACAGT-1,1
CCTATCGGTACGAGTG-1,1
CCTCAACAGAGTCACG-1,5
CCTCAACAGGCACCAA-1,5
CCTCAACCAGAGTAAT-1,3
CCTCAACCATCGGTTA-1,4
CCTCAACCATGACCCG-1,5
CCTCAACGTACCTAAC-1,2
CCTCAACGTGACTGTT-1,4
CCTCAACTCACATCAG-1,3
CCTCAACTCTATCCAT-1,2
CCTCACAAGAAACTGT-1,2
CCTCACAAGATGCTAA-1,2
CCTCACAGTCTTGAGT-1,6
CCTCACATCTATTCGT-1,4
CCTCAGTAGTTCTCTT-1,3
CCTCAGTGTGCTGTCG-1,2
CCTCAGTGTTAAGAAC-1,3
CCTCAGTTCGCGATCG-1,2
CCTCATGAGCCGAATG-1,5
CCTCATGAGTTACGAA-1,4
CCTCATGGTCACGACC-1,2
CCTCATGTCAAGTTGC-1,2
CCTCATGTCCACATAG-1,3
CCTCATGTCGATTCCC-1,1
CCTCATGTCTTCGGTC-1,1
CCTCCAAAGATTAGCA-1,3
CCTCCAAAGGAAGAAC-1,4
CCTCCAACATGCCGAC-1,2
CCTCCAAGTGTTTACG-1,1
CCTCCAATCAGCTGAT-1,1
CCTCCTCAGGTTTGAA-1,3
CCTCCTCAGTCATACC-1,2
CCTCCTCTCCTTTGAT-1,2
CCTCTAGCAGAACTAA-1,2
CCTCTCCAGTAAATGC-1,1
CCTCTCCAGTGTAGTA-1,2
CCTCTCCCACATACGT-1,2
CCTCTCCGTCGGCCTA-1,3
CCTCTCCTCAACCCGG-1,4
CCTCTCCTCGCGTGCA-1,4
CCTGCATAGAGTGTTA-1,1
CCTGCATAGCAGCACA-1,1
CCTGCATCAAACGAGC-1,1
CCTGCATTCCATTTCA-1,2
CCTGCATTCGGCCCAA-1,4
CCTGCATTCTAGATCG-1,1
CCTGTTGAGTAAACTG-1,6
CCTGTTGAGTAGACAT-1,4
CCTGTTGAGTGGTTGG-1,1
CCTGTTGCAGAGATGC-1,4
CCTGTTGGTGCGACAA-1,3
CCTGTTGGTTATCCAG-1,3
CCTGTTGTCAGCTAGT-1,3
CCTGTTGTCCCTCTCC-1,2
CCTTCAGGTTATGTGC-1,3
CCTTCAGTCATCAGTG-1,5
CCTTCAGTCGATGCAT-1,2
CCTTCAGTCTTCTCAA-1,3
CCTTGTGAGAAGTCTA-1,4
CCTTGTGAGGAAACGA-1,1
CCTTGTGAGGCTCAAG-1,3
CCTTGTGAGTGATTCC-1,3
CCTTGTGCAGACGATG-1,1
CCTTGTGCAGTCGCAC-1,4
CCTTGTGCATAATCGC-1,6
CCTTGTGGTTTGTTCT-1,2
CCTTGTGTCAAGTGTC-1,5
CCTTGTGTCTCCTGCA-1,2
CCTTTGGGTATGGAAT-1,6
CCTTTGGGTGACTCTA-1,2
CCTTTGGGTGCTGATT-1,5
CCTTTGGTCAAGTGGG-1,5
CGAAGGAAGGTGATCG-1,6
CGAAGGACAAGGACAC-1,3
CGAAGGACATTCTCTA-1,4
CGAAGGAGTCTCACAA-1,1
CGAAGGATCATTGCTT-1,5
CGAAGGATCCATAGAC-1,3
CGAAGGATCTACGCGG-1,2
CGAAGTTAGGATGGCT-1,3
CGAAGTTTCTCTCAAT-1,4
CGAAGTTTCTGACGCG-1,5
CGAATTGAGACTTCGT-1,3
CGAATTGCAATCACGT-1,6
CGAATTGGTCTAATCG-1,5
CGAATTGTCTTAGCAG-1,2
CGACAGCAGATCACCT-1,2
CGACAGCAGGCATCTT-1,6
CGACAGCAGGGATGTC-1,5
CGACAGCAGGTGATCG-1,1
CGACAGCAGTTACGTC-1,1
CGACAGCCACAGTCCG-1,2
CGACAGCCACCCTAAA-1,4
CGACAGCCACTCAAGT-1,3
CGACAGCCAGCAGTCC-1,4
CGACAGCCATAATGAG-1,2
CGACAGCGTGCCCACA-1,2
CGACAGCTCTTGCAGA-1,1
CGAGAAGAGACCAAAT-1,2
CGAGAAGAGCATCAGG-1,1
CGAGAAGAGTCGCCAC-1,5
CGAGAAGCAATACCCA-1,2
CGAGAAGCAATTGCAC-1,2
CGAGAAGCACAGAGAC-1,3
CGAGAAGCAGCGTTTA-1,3
CGAGAAGGTGACATCT-1,3
CGAGAAGTCCAGGACC-1,1
CGAGGAAAGTTTGTCG-1,3
CGAGGAACACAACGCC-1,4
CGAGGAACACTGAGGA-1,1
CGAGGAAGTAGTTCCA-1,1
CGAGGAAGTCTCACAA-1,6
CGAGGAATCATCTATC-1,5
CGAGGAATCATGGGAG-1,3
CGAGGAATCCGGCAAC-1,6
CGAGGAATCGGAAACG-1,1
CGAGGCTAGAGATCGC-1,1
CGAGGCTCAAGGTCGA-1,1
CGAGGCTCACTTCCTG-1,3
CGAGGCTCAGGGAGAG-1,1
CGAGGCTGTAGACGTG-1,2
CGAGGCTGTGACATCT-1,1
CGAGGCTTCCTGATAG-1,2
CGAGTGCAGATTGGGC-1,5
CGAGTGCAGCTAGAGC-1,1
CGAGTGCAGTAGTCTC-1,3
CGAGTGCCACAGAGCA-1,2
CGAGTGCCAGAGAGGG-1,1
CGAGTGCCATAGATGA-1,6
CGAGTTAAGATGACCG-1,1
CGAGTTAAGCGATGAC-1,6
CGAGTTAAGGGCAGGA-1,4
CGAGTTACATTGTGCA-1,4
CGAGTTATCACATACG-1,5
CGAGTTATCAGTGGGA-1,6
CGAGTTATCTGGTGCG-1,3
CGATCGGAGACAGCTG-1,1
CGATCGGAGCATTGTC-1,2
CGATCGGCAGCAGACA-1,3
CGATCGGCAGCAGGAT-1,2
CGATCGGGTCTCAAGT-1,1
CGATCGGGTGAGCAGT-1,1
CGATCGGTCGTGGCGT-1,1
CGATGCGCATTGGATC-1,4
CGATGCGTCGACACTA-1,1
CGATGGCAGTGCACTT-1,1
CGATGGCCACGGCTAC-1,5
CGATGGCCACTACTTT-1,5
CGATGGCCATAACTCG-1,4
CGATGGCGTGCGGCTT-1,1
CGATGGCGTGTGAATA-1,4
CGATGGCTCCGTTGGG-1,3
CGATGGCTCCTGATAG-1,2
CGCAGGTAGAAAGCGA-1,3
CGCAGGTAGATCACTC-1,6
CGCAGGTCAACCACGC-1,4
CGCAGGTCAATTTCGG-1,3
CGCAGGTTCCATCTCG-1,2
CGCAGGTTCTGTGCGG-1,3
CGCATAAAGCGTGCTC-1,1
CGCATAAAGTCTGGAG-1,1
CGCATAAGTGAGCCAA-1,3
CGCATAAGTGCCCGTA-1,4
CGCATAATCACTGGTA-1,5
CGCATAATCCGACAGC-1,1
CGCATAATCGGAGCAA-1,1
CGCATGGAGCTGTTAC-1,4
CGCATGGCATGACGTT-1,3
CGCATGGGTTGGGCCT-1,1
CGCATGGTCACCGCTT-1,6
CGCCAGAAGTTCAACC-1,4
CGCCAGACACAAGGTG-1,1
CGCCAGAGTGGTTTGT-1,1
CGCCAGAGTTCCTAGA-1,1
CGCCAGATCGTGCACG-1,2
CGCCATTAGGTTGGTG-1,1
CGCCATTCACGTCTCT-1,3
CGCCATTGTAGAATGT-1,5
CGCCATTGTCCCGCAA-1,2
CGCCATTGTTCCGCGA-1,4
CGCCATTTCATTGCTT-1,3
CGCCATTTCGCGGTAC-1,3
CGCCATTTCGTTCATT-1,2
CGCCATTTCTCTCCGA-1,1
CGCCATTTCTGTCAGA-1,2
CGCGTGAAGCTGTACT-1,1
CGCGTGAAGTAAACAC-1,1
CGCGTGAAGTGCGACA-1,1
CGCGTGACAAACTCGT-1,1
CGCGTGACAACTCGAT-1,5
CGCGTGACACGCAGTC-1,2
CGGAACCAGATCGACG-1,4
CGGAACCAGTAGATCA-1,5
CGGAACCGTAGGACTG-1,1
CGGAACCGTCCCGGTA-1,1
CGGAACCTCGCCTAGG-1,2
CGGAATTAGCTCGCAC-1,1
CGGAATTAGGGTTAGC-1,3
CGGAATTAGGTCGTAG-1,1
CGGAATTCATACTGAC-1,3
CGGAATTGTATTGACC-1,4
CGGAATTGTCGCCTAG-1,2
CGGAATTGTGACTCGC-1,1
CGGAATTGTGCATGTT-1,1
CGGAATTGTTCTGACA-1,5
CGGAATTTCCTGGCTT-1,4
CGGACACCAACTGTGT-1,3
CGGACACCACATGACT-1,4
CGGACACGTCCGGTGT-1,5
CGGAGAAAGCCTCATA-1,3
CGGAGAACAAAGGCGT-1,1
CGGAGAACAATAGGGC-1,1
CGGAGAACAGTTCCAA-1,1
CGGAGAAGTGTCCAAT-1,4
CGGAGAATCATCACTT-1,6
CGGAGAATCGCGGTAC-1,1
CGGCAGTAGACGAAGA-1,1
CGGCAGTAGTAGAGTT-1,3
CGGCAGTCAAAGGAGA-1,4
CGGCAGTCATCTCCCA-1,4
CGGCAGTGTAGACTGG-1,2
CGGCAGTGTGTCTTAG-1,1
CGGCAGTGTGTTTACG-1,1
CGGCAGTTCAGACTGT-1,2
CGGGACTCAGATGCGA-1,2
CGGGACTTCTATACGG-1,1
CGGGCATGTCAGGTAG-1,1
CGGGCATGTCTGTCAA-1,1
CGGGCATTCGAATCCA-1,1
CGGGTCACACAATGAA-1,5
CGGGTCAGTCTTTATC-1,4
CGGGTCATCATACGAC-1,2
CGGGTCATCGATCCCT-1,1
CGGGTGTAGCACTAAA-1,1
CGGGTGTAGTATTCCG-1,3
CGGGTGTCACAACGTT-1,1
CGGGTGTGTACCAATC-1,1
CGGGTGTTCATAAGGA-1,1
CGGGTGTTCGGCATTA-1,2
CGGTCAGAGATGCTGG-1,4
CGGTCAGAGGATGAGA-1,2
CGGTCAGCAAGAAACT-1,5
CGGTCAGCAATTGCAC-1,3
CGGTCAGGTCTTGGTA-1,1
CGGTCAGTCGAACGGA-1,6
CGGTCAGTCGCCTATC-1,1
CGTAAGTAGCTCGACC-1,2
CGTAAGTAGGCATCAG-1,1
CGTAAGTCAAGCTCTA-1,5
CGTAAGTGTTTCTTAC-1,1
CGTAATGAGCTACTGT-1,3
CGTAATGAGTGAACAT-1,2
CGTAATGGTAGACAAT-1,4
CGTAGTAAGATGCAGC-1,1
CGTAGTAAGGGAGGTG-1,1
CGTAGTAGTGATACCT-1,6
CGTAGTAGTTTGCCGG-1,1
CGTAGTATCATGGGAG-1,1
CGTAGTATCCGGTTCT-1,1
CGTCAAAAGCAGATAT-1,2
CGTCAAAAGCATATGA-1,3
CGTCAAAAGTCACGAG-1,1
CGTCAAACAGTCTCTC-1,2
CGTCAAAGTCTGTGCG-1,1
CGTCAAAGTTCAAACC-1,3
CGTCCATGTACGTACT-1,1
CGTCCATGTGGATCGA-1,1
CGTCCATTCGGCTGTG-1,2
CGTGAATAGCATCAAA-1,5
CGTGAATAGCTCCACG-1,6
CGTGAATCAATCTCTT-1,3
CGTGAATCAATGCTCA-1,3
CGTGAATCAGGTCTCG-1,2
CGTGAATGTAGCGTAG-1,6
CGTGAATTCATTGAGC-1,6
CGTGATAAGATCACCT-1,2
CGTGATAAGGATACGC-1,1
CGTGATAAGGCTATCT-1,5
CGTGATAAGTCGTTAC-1,1
CGTGATACAACCACAT-1,6
CGTGATACACGTAACT-1,5
CGTGATACATCTGGGC-1,1
CGTGATAGTGATACAA-1,2
CGTGATAGTTAACCTG-1,5
CGTGATAGTTCTCGTC-1,6
CGTGATATCACATTGG-1,1
CGTGATATCGGCACTG-1,3
CGTGATATCGTTGTGA-1,1
CGTGCTTAGGTCATTC-1,1
CGTGCTTAGTCGCCCA-1,5
CGTGCTTCACAAGTTC-1,1
CGTGCTTGTGTGTCCG-1,1
CGTGCTTTCCATAGGT-1,1
CGTGTCTAGTTCCGTA-1,2
CGTGTCTAGTTGCATC-1,4
CGTGTCTCACCCAATA-1,1
CGTGTCTCATCCGTTC-1,6
CGTGTCTTCCGTACGG-1,3
CGTGTCTTCTTGGATG-1,1
CGTTAGAAGCAGCCTC-1,1
CGTTAGAAGTAACGTA-1,5
CGTTCTGAGTCAACAA-1,1
CGTTCTGGTACTAGCT-1,3
CGTTCTGGTAGCGTCC-1,1
CGTTCTGGTTACGATC-1,4
CGTTCTGGTTGCCTAA-1,5
CGTTCTGGTTTACACG-1,3
CGTTCTGTCGAATCCA-1,1
CGTTCTGTCTTAGCTT-1,2
CGTTGGGAGACATCAA-1,1
CGTTGGGCAGTAGAAT-1,1
CGTTGGGCATGTGGCC-1,1
CGTTGGGGTAGACTGG-1,1
CGTTGGGGTCATATGC-1,3
CGTTGGGTCCCTGGTT-1,1
CGTTGGGTCGGCTTCT-1,3
CGTTGGGTCTCATAGG-1,2
CGTTGGGTCTGGGCGT-1,1
CTAACCCAGTGGAAGA-1,6
CTAACCCCATCCGGCA-1,1
CTAACCCGTCCAAAGG-1,3
CTAACCCGTTGGATCT-1,2
CTAACCCTCCACATAG-1,4
CTAACCCTCTGCATGA-1,1
CTAACTTAGCTGAAGC-1,2
CTAACTTAGGCCACCT-1,5
CTAACTTCAGTTCTAG-1,2
CTAACTTGTCGACGCT-1,3
CTAACTTTCAAGGAGC-1,1
CTAACTTTCTAAGCCA-1,5
CTAACTTTCTACGGTA-1,3
CTAAGTGAGCCGCTTG-1,2
CTAAGTGCAGCAAGAC-1,1
CTAAGTGGTATCGATC-1,3
CTAAGTGTCATCGTAG-1,2
CTACAGAAGTTTGGCT-1,1
CTACAGACAGAAGTGC-1,1
CTACAGAGTCAACATC-1,2
CTACAGAGTCGTCAGC-1,1
CTACAGATCCCGTTCA-1,3
CTACATTAGCCACAAG-1,4
CTACATTAGTCCCAGC-1,3
CTACATTAGTTTCGAC-1,1
CTACATTCAATTGCGT-1,3
CTACATTGTTCCTTGC-1,4
CTACATTTCAGCAATC-1,2
CTACATTTCCCTGTTG-1,2
CTACATTTCTTCACAT-1,4
CTACCCAAGACGAAGA-1,2
CTACCCAAGGCCTAAG-1,3
CTACCCAGTACAGAAT-1,1
CTACCCAGTCGCATGC-1,3
CTACCCAGTCGTACTA-1,2
CTACCTGAGCCGATAG-1,5
CTACCTGCATAGAATG-1,3
CTACCTGGTGCACATT-1,6
CTACCTGTCACCATAG-1,6
CTACCTGTCCATTGTT-1,5
CTACGGGTCCCGGTAG-1,4
CTACTATAGCTAAATG-1,1
CTACTATCACGCTGTG-1,4
CTACTATCAGCTTTGA-1,4
CTACTATGTGAGTAGC-1,6
CTACTATGTTGTTGAC-1,3
CTACTATTCACCCATC-1,4
CTACTATTCACTTCTA-1,1
CTACTATTCCTCACCA-1,2
CTAGACAAGTCCCTAA-1,5
CTAGACAGTCACGCTG-1,1
CTAGACATCAGGACGA-1,3
CTAGACATCCGGCAAC-1,5
CTAGGTAAGACCAGAC-1,3
CTAGGTAAGATTCGAA-1,1
CTAGGTAAGTGCTACT-1,1
CTAGGTAGTATCACCA-1,4
CTAGGTATCATAGGCT-1,3
CTATAGGAGGACAAGA-1,1
CTATAGGAGGGCAGTT-1,3
CTATAGGCATCAGCGC-1,2
CTATAGGGTATAGCTC-1,2
CTATAGGGTTAATGAG-1,1
CTATAGGTCAGGAAGC-1,1
CTATCCGAGAGAACCC-1,4
CTATCCGCACATTCTT-1,5
CTATCCGCAGAGAGGG-1,1
CTATCCGTCAGTGATC-1,2
CTATCCGTCGTTCTCG-1,1
CTATCTAAGAAGTATC-1,4
CTATCTAAGCGATGCA-1,2
CTATCTAAGGGTTAAT-1,6
CTATCTACAAATGGAT-1,1
CTATCTAGTCACGCTG-1,4
CTATCTATCTCTTCAA-1,3
CTCAACCAGAACAGGA-1,1
CTCAACCAGAGAATCT-1,1
CTCAACCAGTGCCGAA-1,4
CTCAACCCAAAGGATT-1,1
CTCAACCCACACCGAC-1,6
CTCAACCCAGCGTTTA-1,5
CTCAACCGTTCCGTTC-1,2
CTCAAGAAGCAACAAT-1,5
CTCAAGAAGCCGAATG-1,1
CTCAAGACAAACACGG-1,4
CTCAAGACAATAGTGA-1,1
CTCAAGACACGTCATA-1,3
CTCAAGACATTCATCT-1,6
CTCAAGAGTGCGTGCT-1,1
CTCAAGATCACCCTGT-1,1
CTCAAGATCGCAGTTA-1,2
CTCAAGATCTCCTGCA-1,2
CTCAATTCAAGAAACT-1,3
CTCAATTGTGTTCAGT-1,2
CTCAATTGTTGTGTAC-1,1
CTCAATTTCCACACAA-1,2
CTCAATTTCCCTAGGG-1,2
CTCACTGCACACCAGC-1,4
CTCACTGCACTTCAGA-1,4
CTCACTGCAGGAATCG-1,2
CTCACTGGTATAGCTC-1,3
CTCACTGGTGCCGTTG-1,5
CTCACTGTCACCTTAT-1,3
CTCACTGTCGCCCAGA-1,2
CTCACTGTCTGAGAAA-1,3
CTCAGAAAGCAACCAG-1,2
CTCAGAAAGCATGAAT-1,1
CTCAGAAAGGGACACT-1,2
CTCAGAACATATACCG-1,2
CTCAGAACATGTACGT-1,1
CTCAGAAGTTCAAGGG-1,3
CTCAGGGAGCTGAAGC-1,3
CTCAGGGAGGGCGAAG-1,3
CTCAGGGCAAACTAAG-1,5
CTCAGGGCAACGGCTC-1,1
CTCAGGGGTTACACTG-1,4
CTCAGTCAGAGTTGTA-1,1
CTCAGTCAGGGCAAGG-1,3
CTCAGTCAGGTGAGCT-1,1
CTCAGTCCACACGGAA-1,3
CTCAGTCCACGCTGCA-1,3
CTCAGTCCAGGTGGAT-1,3
CTCATCGGTGAACGGT-1,5
CTCATCGGTGCTTCAA-1,1
CTCATGCCACGCCACA-1,3
CTCATGCGTAACAGTA-1,4
CTCATGCGTAAGTTAG-1,1
CTCATGCGTAGGCAAC-1,6
CTCATGCTCTCGCTCA-1,2
CTCATTAAGGAATTAC-1,3
CTCATTACAACTGAAA-1,1
CTCATTAGTAGCTGTT-1,2
CTCATTAGTATGGAGC-1,5
CTCATTATCTCACCCA-1,4
CTCCAACAGCATATGA-1,4
CTCCAACCACGCCACA-1,2
CTCCAACCATGATAGA-1,5
CTCCAACGTACTGAGG-1,4
CTCCAACGTGGCTACC-1,6
CTCCAACTCCTTCTGG-1,6
CTCCAACTCGGACGTC-1,3
CTCCAACTCTGCCTCA-1,1
CTCCACACAGATCCAT-1,2
CTCCACACATAACTCG-1,3
CTCCACACATGTTACG-1,6
CTCCACAGTACAAGCG-1,5
CTCCACAGTAGTCACT-1,2
CTCCACAGTTCATCTT-1,3
CTCCACAGTTTCACAG-1,5
CTCCACATCGACGCGT-1,5
CTCCATGAGCTCGCAC-1,1
CTCCATGGTCAGCTTA-1,6
CTCCATGGTCGGCCTA-1,5
CTCCATGGTGTCACAT-1,1
CTCCATGGTTACGCCG-1,6
CTCCATGTCTGTGCGG-1,1
CTCCCAACAAGCCTGC-1,2
CTCCCAACATACTGAC-1,3
CTCCCAACATGACACT-1,6
CTCCCAAGTATGTCTG-1,2
CTCCCAATCGGTCGAC-1,1
CTCCCAATCTGCGGGT-1,6
CTCCCTCAGATGCAGC-1,3
CTCCCTCAGCTTCGTA-1,1
CTCCCTCAGGCTATCT-1,6
CTCCCTCCAAGTCGTT-1,1
CTCCCTCCACCAGCGT-1,1
CTCCCTCCACTTGTGA-1,5
CTCCCTCGTCCTGTCT-1,1
CTCCCTCGTGAGGCAT-1,1
CTCCCTCTCCCGGTAG-1,4
CTCCCTCTCCGTGGCA-1,4
CTCCCTCTCGCTAATG-1,5
CTCCGATAGCCGCACT-1,2
CTCCGATAGTTCCAGT-1,2
CTCCGATCAACGGTAG-1,3
CTCCGATCACTTGGCG-1,4
CTCCGATCAGCCTTCT-1,1
CTCCGATGTAGTATAG-1,4
CTCCGATGTGGTAACG-1,3
CTCCGATGTTCCACGG-1,1
CTCCGATTCATGAGAA-1,1
CTCCGATTCCAAGCCG-1,2
CTCCGATTCGTCCTCA-1,2
CTCCTCCAGAATACAC-1,3
CTCCTCCAGCTGGCCT-1,1
CTCCTCCCACTCGATA-1,2
CTCCTTTAGCCACCGT-1,3
CTCCTTTAGGTAAGTT-1,2
CTCCTTTCATAGCACT-1,4
CTCCTTTGTGCAATAA-1,1
CTCCTTTTCCTGGGTG-1,1
CTCCTTTTCCTGTAGA-1,2
CTCGAGGAGGCACGAT-1,1
CTCGAGGAGGTCACCC-1,1
CTCGAGGAGTAACGTA-1,3
CTCGAGGCAGTTGGTT-1,6
CTCGAGGGTTGCATCA-1,1
CTCGAGGTCTTCTTCC-1,1
CTCTCAGAGAGTTGCG-1,3
CTCTCAGAGGAACTAT-1,1
CTCTCAGAGTTGCATC-1,4
CTCTCAGCAGCGGTTC-1,2
CTCTCAGTCCGAAATC-1,2
CTCTCGAAGATGATTG-1,2
CTCTCGACATGATCTG-1,3
CTCTCGAGTCAACATC-1,3
CTCTGGTCATGAGGGT-1,3
CTCTGGTCATTCTCTA-1,4
CTCTGGTTCCCAGGCA-1,2
CTGAATGAGAAGAACG-1,1
CTGAATGCAAGGTCTT-1,1
CTGAATGCACGTACTA-1,2
CTGAGCGCATAAGATG-1,1
CTGAGCGCATCCTCAC-1,3
CTGAGCGGTCTGTGAT-1,5
CTGAGCGGTGCTTATG-1,1
CTGAGCGGTGTGGACA-1,1
CTGAGGCAGAAATTGC-1,1
CTGAGGCAGACATAGT-1,5
CTGAGGCGTATGAAAC-1,1
CTGAGGCGTGCCTACG-1,1
CTGAGGCTCATTTGTC-1,4
CTGAGGCTCTCTCGCA-1,3
CTGAGGCTCTTCGACC-1,2
CTGATCCAGAGTCACG-1,1
CTGATCCCACTACCCT-1,4
CTGATCCGTGCCCACA-1,4
CTGATCCTCAGCTAGT-1,3
CTGCAGGAGTATAGAC-1,5
CTGCAGGGTATGGAGC-1,3
CTGCAGGGTTAGCGGA-1,1
CTGCAGGGTTCTCCCA-1,5
CTGCAGGGTTGTGCCG-1,4
CTGCAGGTCCACGTGG-1,2
CTGCATCAGTTCGGTT-1,2
CTGCATCCAAGACCTT-1,2
CTGCATCGTCTGTTAG-1,1
CTGCATCTCAGATTGC-1,6
CTGCATCTCATGGTAC-1,3
CTGCCATAGTAGAATC-1,4
CTGCCATAGTCGCCCA-1,6
CTGCCATAGTGGCGAT-1,1
CTGCCATCACGGCGTT-1,5
CTGCCATCAGGGATAC-1,6
CTGCCATCATATGCGT-1,1
CTGCCATGTTGGATCT-1,1
CTGCCATTCCATAAGC-1,5
CTGCCTAAGAAATGGG-1,1
CTGCCTAAGCAGAAAG-1,3
CTGCCTAAGGGAGGTG-1,2
CTGCCTAAGTCGGCAA-1,1
CTGCCTAGTAGATTGA-1,1
CTGCCTAGTGGCTTGC-1,2
CTGCCTATCAGATTGC-1,5
CTGCGAGAGGTCACTT-1,4
CTGCGAGCAACTACGT-1,1
CTGCGAGGTTACGATC-1,1
CTGCGAGTCAGGTGTT-1,1
CTGCGAGTCCACGGAC-1,1
CTGCTCAAGCCTTCTC-1,6
CTGCTCAAGGTGTGAC-1,2
CTGCTCAAGGTTCACT-1,3
CTGCTCAAGTGCACTT-1,5
CTGCTCATCGTCAAAC-1,6
CTGCTCATCTCGGTAA-1,2
CTGGACGAGCACGGAT-1,1
CTGGACGAGGATTTCC-1,2
CTGGACGCAAAGGATT-1,3
CTGGACGGTAATGCGG-1,3
CTGGACGGTTGCATTG-1,2
CTGGACGTCCAACACA-1,2
CTGGACGTCCGTAATG-1,5
CTGGACGTCGGTGTTA-1,4
CTGGCAGAGGTCCGAA-1,4
CTGGCAGCAACAGAGC-1,5
CTGGCAGCACGAGGTA-1,6
CTGGCAGGTTTACTGG-1,2
CTGGCAGTCGTAGGAG-1,1
CTGGCAGTCTCAGGCG-1,3
CTGGTCTAGATAGTCA-1,6
CTGGTCTAGCTCCGAC-1,4
CTGGTCTAGTATAACG-1,3
CTGGTCTGTAGCACGA-1,1
CTGTACCAGCGGATCA-1,3
CTGTACCAGCGTGAAC-1,1
CTGTACCCAAACCACT-1,4
CTGTACCCACATATCG-1,4
CTGTACCGTACGCTTA-1,2
CTGTAGACAATCCTAG-1,6
CTGTAGACATATGCGT-1,2
CTGTAGAGTACAAGCG-1,1
CTGTAGATCGAGCACC-1,1
CTGTAGATCGCACTCT-1,1
CTGTATTAGACTCGAG-1,1
CTGTATTCAGGCCCTA-1,6
CTGTATTGTACAGAGC-1,1
CTGTATTGTTAGAAGT-1,3
CTGTATTTCACTTTGT-1,4
CTGTATTTCATCCCGT-1,4
CTGTCGTAGGGACTGT-1,1
CTGTCGTCAATCTGCA-1,2
CTGTCGTGTACGATGG-1,6
CTGTCGTGTCTCGACG-1,1
CTGTCGTTCCCATGGG-1,5
CTGTGAAAGCATGTTC-1,1
CTGTGAAAGCCGCACT-1,4
CTGTGAACAGAGACTG-1,2
CTGTGAATCCAACTGA-1,1
CTGTGGGCAACCCTCT-1,5
CTGTGGGCAGAAACCG-1,2
CTGTGGGGTTGCTCAA-1,3
CTGTGGGGTTTCTTAC-1,5
CTGTGGGTCCAGTGCG-1,4
CTTACCGAGGTCCGAA-1,1
CTTACCGCAATTGCGT-1,6
CTTACCGCACCTGCAG-1,2
CTTACCGCAGAAATCA-1,2
CTTACCGGTCGAGTGA-1,1
CTTACCGGTCTAGGCC-1,1
CTTAGGACACTACGGC-1,3
CTTAGGAGTGTTTCTT-1,1
CTTAGGATCTGTTGGA-1,5
CTTCAATAGGTAGCAC-1,2
CTTCAATCAAAGGATT-1,4
CTTCAATCATCCTTGC-1,1
CTTCAATCATCTCCCA-1,3
CTTCAATGTATGGTTC-1,6
CTTCAATTCCGAGTGC-1,3
CTTCAATTCGATTGGT-1,2
CTTCAATTCGGAAACG-1,3
CTTCAATTCGGCCTTT-1,1
CTTCAATTCTCATGCC-1,3
CTTCCGAAGGTCGTCC-1,3
CTTCCGACAATGGGTG-1,5
CTTCCGAGTCATCCGG-1,2
CTTCCGAGTCCTGTTC-1,6
CTTCCGAGTTACTCAG-1,4
CTTCCGATCCCTCATG-1,4
CTTCCGATCTGCCTGT-1,4
CTTCCTTAGAGAACCC-1,2
CTTCCTTAGTATCCTG-1,5
CTTCCTTCACGTTCGG-1,1
CTTCCTTTCGTGTCAA-1,1
CTTCGGTAGTAGAATC-1,5
CTTCGGTGTACGGTTT-1,1
CTTCGGTGTCCCTAAA-1,1
CTTCTAAAGCAAATCA-1,2
CTTCTAAAGCCTGAAG-1,1
CTTCTAACAATTTCGG-1,1
CTTCTAACAGAGACTG-1,5
CTTCTAACAGTTACCA-1,2
CTTCTAAGTGCCTTCT-1,1
CTTCTAAGTGGCGCTT-1,1
CTTCTAAGTGTCATCA-1,3
CTTCTAAGTTGGTGTT-1,3
CTTCTAAGTTTCGACA-1,2
CTTCTAATCCTGGGAC-1,5
CTTCTAATCGTTAGTG-1,6
CTTCTAATCTCCACTG-1,2
CTTCTCTCACCGTCGA-1,3
CTTCTCTCAGTCACGC-1,4
CTTCTCTTCATGCATG-1,5
CTTCTCTTCGACCTAA-1,1
CTTGAGAAGACCATGG-1,1
CTTGAGAAGATCCAAA-1,2
CTTGAGAAGGCCTTGC-1,3
CTTGAGACATTGGATC-1,4
CTTGAGAGTGACACGA-1,1
CTTGAGAGTTCGTTCC-1,1
CTTGATTAGCTGAAGC-1,1
CTTGATTAGTAGCCAG-1,4
CTTGATTAGTCACTAC-1,4
CTTGATTGTTAGCGGA-1,3
CTTGATTTCAACCTCC-1,2
CTTGATTTCGAAGTGG-1,3
CTTGATTTCTGTGTGA-1,5
CTTTCAAAGAAGCCTG-1,2
CTTTCAAAGACTCTTG-1,2
CTTTCAAAGCCTAACT-1,6
CTTTCAAAGGGCAGGA-1,5
CTTTCAACAAGCCTGC-1,5
CTTTCAACATTGCCGG-1,2
CTTTCAAGTAGCACGA-1,1
CTTTCAAGTCTGTGAT-1,1
CTTTCAAGTTCTAACG-1,5
CTTTCAATCACCCTTG-1,4
CTTTCAATCAGTCAGT-1,1
CTTTCAATCTGTAAGC-1,2
CTTTCGGAGCTCGTGC-1,5
CTTTCGGAGGATACAT-1,6
CTTTCGGAGGTGGCTA-1,5
CTTTCGGAGTACTCGT-1,1
CTTTCGGGTACCTTCC-1,3
CTTTCGGGTCAGTCTA-1,1
CTTTCGGTCAAGGCTT-1,4
GAAACCTAGACTTAAG-1,1
GAAACCTCAATAACGA-1,3
GAAACCTGTACTCCGG-1,3
GAAACCTGTTGGCCGT-1,2
GAAACCTTCGCAGTTA-1,3
GAAACCTTCTTGAACG-1,2
GAAATGAAGCGGACAT-1,4
GAAATGACAAGTTTGC-1,3
GAAATGACAGCTGTAT-1,3
GAAATGAGTAGACACG-1,1
GAAATGATCCAAAGGG-1,1
GAAATGATCTCCACTG-1,4
GAACACTAGATGCTGG-1,3
GAACACTCACCTCTAC-1,2
GAACACTGTCAACACT-1,1
GAACACTGTCAAGCCC-1,2
GAACACTTCCAAGAGG-1,3
GAACACTTCTAAGAAG-1,3
GAACGTTCATCGAACT-1,4
GAACGTTGTCATCTAG-1,4
GAACGTTTCCATGATG-1,6
GAACGTTTCTAGAGCT-1,2
GAACTGTAGTTCCATG-1,5
GAACTGTGTGAACGGT-1,1
GAACTGTTCCGTAGTA-1,3
GAACTGTTCCTTATAC-1,5
GAAGAATAGTCATCCA-1,1
GAAGAATCATATCTCT-1,4
GAAGAATGTCATCAGT-1,3
GAAGAATTCAGTGGGA-1,1
GAAGAATTCTTAGCCC-1,6
GAAGCCCAGCCATCCG-1,1
GAAGCCCCAAGCGCAA-1,6
GAAGCCCCACCCTGAG-1,5
GAAGCCCCAGTGGGTA-1,4
GAAGCCCCATCCTCAC-1,4
GAAGCCCCATCGCTCT-1,5
GAAGCCCGTAGTGCGA-1,3
GAAGCCCGTCGCTTGG-1,1
GAAGCCCTCAAGAGTA-1,2
GAAGCCCTCTACCAGA-1,3
GAAGCGAAGGTTCAGG-1,6
GAAGCGACAACACGAG-1,1
GAAGGACAGCAACTTC-1,4
GAAGGACCAGATACCT-1,4
GAAGGACTCCAAGCTA-1,4
GAAGGACTCCGATAGT-1,1
GAAGGGTAGCATTTGC-1,4
GAAGGGTGTCTTGCGG-1,1
GAAGGGTGTGGGTTGA-1,1
GAAGGGTTCCACCCTA-1,6
GAAGGGTTCCTCCACA-1,4
GAAGTAAAGCGACTAG-1,1
GAAGTAAAGCGTGTTT-1,1
GAAGTAAAGCTGGTGA-1,1
GAAGTAAAGGAGAGTA-1,6
GAAGTAAAGGTCATTC-1,3
GAAGTAAAGGTCCCTG-1,5
GAAGTAAGTTGTTTGG-1,1
GAATAGACAAAGTGTA-1,1
GAATAGACAGTCACGC-1,6
GAATAGATCACATCAG-1,3
GAATCACAGGGACCAT-1,3
GAATCACAGTCGAAAT-1,1
GAATCACTCAAGCGTT-1,3
GAATCACTCACGGTCG-1,1
GAATCGTCAAGCACAG-1,3
GAATCGTCAATCCAGT-1,6
GAATCGTCACGACAAG-1,2
GAATCGTCATGCAGCC-1,4
GAATCGTTCATGCATG-1,4
GAATCGTTCCTCAGGG-1,3
GACACGCAGACGCCAA-1,2
GACACGCAGTTCTACG-1,1
GACACGCTCCATACTT-1,4
GACACGCTCCATTTAC-1,6
GACAGCCAGCGAGTAC-1,1
GACAGCCAGCTTTGTG-1,2
GACAGCCAGTTGCTGT-1,2
GACAGCCCACTGAGGA-1,1
GACAGCCGTAATGATG-1,4
GACAGCCGTCCCTAAA-1,2
GACAGCCTCATTCACT-1,2
GACAGCCTCCTCACTG-1,2
GACATCAAGTCTGCGC-1,4
GACCAATAGCTGCCAC-1,4
GACCAATAGTGATTCC-1,4
GACCAATCAACATCGT-1,4
GACCAATCAATGTGGG-1,5
GACCAATCACAAAGTA-1,4
GACCAATCATTGCCGG-1,2
GACCAATGTATTTCGG-1,4
GACCAATTCGGTAACT-1,5
GACCCAGAGACTTCAC-1,3
GACCCAGAGATGATTG-1,2
GACCCAGGTATGAGAT-1,3
GACCCAGGTGGATGAC-1,1
GACCCAGGTTAGGCTT-1,3
GACCCAGTCAGCTGAT-1,2
GACCCAGTCAGTGGGA-1,5
GACCCAGTCTCACTCG-1,5
GACCCTTAGGCCACCT-1,6
GACCCTTAGTACTCGT-1,6
GACCCTTCACCAACAT-1,6
GACCCTTGTTTGGCTA-1,5
GACCCTTTCAGCTGAT-1,2
GACCCTTTCGACGACC-1,2
GACCGTGCACTATGTG-1,2
GACCGTGGTGGATACG-1,1
GACCGTGTCCCTGGTT-1,1
GACCGTGTCTACGGTA-1,3
GACCGTGTCTAGAGCT-1,3
GACCTTCGTAAGCTCT-1,1
GACCTTCGTCAGGTAG-1,2
GACCTTCTCTTACCGC-1,4
GACGCTGAGTCCGTCG-1,1
GACGCTGCACTCCGGA-1,2
GACGCTGGTACCTATG-1,1
GACGCTGGTACTGAGG-1,2
GACGCTGGTAGCTGAG-1,5
GACGTTAAGCACGGAT-1,2
GACGTTACAGAGCGTA-1,1
GACGTTACATCATTGG-1,2
GACGTTATCATCAGTG-1,5
GACTATGAGCACTCTA-1,2
GACTATGAGCCTGAGA-1,4
GACTATGAGCTGTACT-1,1
GACTATGCAACAAAGT-1,2
GACTATGCAACGTAAA-1,2
GACTATGGTAACTGCT-1,3
GACTATGTCACGTAGT-1,1
GACTATGTCTAGTCAG-1,2
GACTCAAAGTGCTAGG-1,1
GACTCAACATTGTAGC-1,4
GACTCAAGTAGACTGG-1,2
GACTCAATCAGAGTTC-1,6
GACTCAATCATGAAAG-1,2
GACTCAATCCCAGCGA-1,1
GACTCTCAGATAGGGA-1,3
GACTCTCAGTTTGAGA-1,6
GACTCTCCAAGGTCTT-1,2
GACTCTCGTAGACACG-1,1
GACTCTCGTTTCCATT-1,6
GACTCTCTCAAGGAGC-1,1
GACTCTCTCTCCGCAT-1,4
GACTCTCTCTGATGGT-1,1
GACTCTCTCTTGTGCC-1,2
GACTGATCACATACGT-1,1
GACTGATGTTCGTACA-1,3
GACTGATTCCATCTGC-1,6
GACTGATTCGTTGTAG-1,2
GACTTCCAGAGTCAAT-1,5
GACTTCCAGGTCCCGT-1,2
GACTTCCCAATCGCAT-1,4
GACTTCCGTCATCGGC-1,2
GACTTCCGTGACAGCA-1,1
GACTTCCTCCACAGGC-1,4
GACTTCCTCCCGTAAA-1,3
GACTTCCTCGAGTGGA-1,3
GAGAAATAGCTAGTTC-1,6
GAGAAATCAACCGACC-1,3
GAGAAATCAATTGAGA-1,1
GAGAAATCACGCTTAA-1,5
GAGAAATCAGGGCTTC-1,3
GAGAAATGTAGGCTCC-1,3
GAGAAATGTCCATAGT-1,6
GAGAAATGTGACCTGC-1,4
GAGAAATGTTAAACCC-1,2
GAGAAATTCCGTCCTA-1,2
GAGACCCAGCGACTAG-1,3
GAGACCCGTGCAACAG-1,1
GAGACCCTCAAAGCCT-1,1
GAGACCCTCATCGGGC-1,3
GAGACTTAGCGTATAA-1,2
GAGACTTAGGTCCCGT-1,5
GAGACTTCACAATGCT-1,3
GAGACTTCACGTTCGG-1,1
GAGACTTCACTGTCCT-1,3
GAGACTTGTCGCTGCA-1,3
GAGACTTGTGTTCCAA-1,1
GAGACTTTCAGCCCAG-1,3
GAGACTTTCCTCACCA-1,4
GAGACTTTCGCCCAGA-1,2
GAGACTTTCTGAGTCA-1,2
GAGAGGTAGGAACGAA-1,1
GAGAGGTAGGGACCAT-1,1
GAGAGGTCAGGACTAG-1,1
GAGAGGTTCTCTAGGA-1,2
GAGATGGAGAAACACT-1,4
GAGATGGAGGGCAAGG-1,1
GAGATGGAGGTTACAA-1,2
GAGATGGGTAGACAAT-1,1
GAGATGGTCCAAGGGA-1,1
GAGATGGTCCGATCGG-1,6
GAGCCTGCACTTGAAC-1,1
GAGCCTGGTGTATTCG-1,3
GAGCTGCAGAAGCGGG-1,1
GAGCTGCAGTTCAACC-1,6
GAGCTGCCAGCATTGT-1,1
GAGCTGCTCTGACCCT-1,3
GAGGCAAAGAATGTTG-1,1
GAGGCAAAGGAGTCTG-1,1
GAGGCAAAGGGCGAGA-1,3
GAGGCAAGTCGGATTT-1,1
GAGGCAAGTTCTCTAT-1,1
GAGGCAATCTTTGCTA-1,5
GAGGCCTAGACAGCGT-1,5
GAGGCCTAGGTTGACG-1,1
GAGGCCTCAAACTAGA-1,1
GAGGCCTCAGCAAGAC-1,4
GAGGCCTCATACAGCT-1,5
GAGGCCTGTCCACAGC-1,2
GAGGCCTGTGGAACAC-1,3
GAGGCCTTCAGCTAGT-1,4
GAGGGATAGGCTATCT-1,1
GAGGGATGTATCGCAT-1,1
GAGGGATGTATGATCC-1,3
GAGGGATGTCCTCAGG-1,3
GAGGGATGTGATAGTA-1,1
GAGGGATGTGGACTGA-1,1
GAGGGTAAGGACGCTA-1,1
GAGGGTACAAAGAACT-1,1
GAGGGTACAAGAAACT-1,1
GAGTCATAGTGTACAA-1,3
GAGTCATCAAGAGGCT-1,4
GAGTCATCACCATAAC-1,5
GAGTCATCAGTTCACA-1,5
GAGTCATCATTCGATG-1,2
GAGTCATGTACAAGTA-1,4
GAGTCATTCGCAGTGC-1,2
GAGTCTAAGCGGTAGT-1,5
GAGTCTAAGTATCTGC-1,5
GAGTCTAAGTGGATTA-1,1
GAGTCTACAATCAGCT-1,1
GAGTCTAGTAGGACCA-1,1
GAGTCTAGTATCGCTA-1,6
GAGTCTAGTGCATTTG-1,3
GAGTGAGAGTTCTACG-1,1
GAGTGAGCAAACTCTG-1,2
GAGTGAGCACCCTAAA-1,1
GAGTGAGGTTCGCGTG-1,1
GAGTGAGTCAAGAGTA-1,1
GAGTGAGTCGGTCGAC-1,4
GAGTGAGTCTTCTCAA-1,4
GAGTGTTAGAACAGGA-1,1
GAGTGTTAGCATTTCG-1,4
GAGTGTTAGTAAGGGA-1,1
GAGTGTTCAGTGTACT-1,3
GAGTGTTTCATTCATC-1,1
GAGTGTTTCTGTAACG-1,1
GAGTTACAGCGACAGT-1,3
GAGTTACCAGCATGCC-1,4
GAGTTACGTCCCTGAG-1,3
GAGTTACGTGTATTGC-1,1
GAGTTACGTGTTCGAT-1,2
GAGTTACTCCTAACAG-1,2
GAGTTGTAGAAGTCCG-1,1
GAGTTGTAGCATTGTC-1,5
GAGTTGTAGCCGTCGT-1,6
GAGTTGTAGCGTGAGT-1,3
GAGTTGTCAAGGCTTT-1,1
GAGTTGTCACCAGACC-1,1
GAGTTGTCACCTTCGT-1,4
GAGTTGTCACGATTCA-1,2
GAGTTGTGTATTCTCT-1,1
GAGTTGTTCCTGCCAT-1,1
GAGTTGTTCTAGACAC-1,4
GAGTTGTTCTGAGTCA-1,2
GAGTTTGGTCAGTCGC-1,2
GAGTTTGGTCCAAATC-1,2
GAGTTTGTCCCTCTAG-1,2
GAGTTTGTCCGATGCG-1,2
GAGTTTGTCGGCATTA-1,6
GATAGAAAGTAGATCA-1,3
GATAGAACAAAGGCTG-1,2
GATAGAACAGGCAATG-1,4
GATAGAAGTCACTCAA-1,5
GATAGAATCTGCATGA-1,6
GATAGAATCTTACCAT-1,1
GATAGCTCAACTCGAT-1,5
GATAGCTGTCTCAGGC-1,4
GATAGCTGTGAGTTGG-1,3
GATCACAAGGAGTACC-1,5
GATCACACAGAGTGAC-1,1
GATCACACATCCGCGA-1,3
GATCACAGTAGGAGGG-1,1
GATCACAGTATCACCA-1,5
GATCACAGTTCCCACT-1,3
GATCACATCGTTCCCA-1,5
GATCAGTAGGATTCCT-1,1
GATCAGTCAAGTGATA-1,3
GATCAGTGTTCGGCTG-1,5
GATCAGTGTTGCGAAG-1,2
GATCAGTTCAGTCACA-1,4
GATCAGTTCGAGAATA-1,6
GATCAGTTCGCCATAA-1,3
GATCATGCAGCTCTGG-1,1
GATCATGTCAAATGCC-1,5
GATCATGTCAGGAAAT-1,1
GATCCCTAGGTCACCC-1,4
GATCCCTCAAGGCAAC-1,3
GATCCCTCACCAGTTA-1,4
GATCCCTGTCCTCATC-1,6
GATCGTACAACCGGAA-1,2
GATCGTAGTAAGATCA-1,3
GATCGTAGTACAAAGT-1,1
GATCGTAGTCCACGCA-1,6
GATCGTATCAGTCCGG-1,1
GATCGTATCCACGTAA-1,2
GATGACTAGCCGATCC-1,6
GATGACTAGGAATCGC-1,3
GATGACTAGGGTTAGC-1,3
GATGACTAGTGGCAGT-1,1
GATGACTAGTGGTGAC-1,2
GATGACTAGTTCCATG-1,4
GATGACTCAATAAGGT-1,4
GATGACTCAATGCAGG-1,1
GATGACTCACCGGTCA-1,3
GATGACTCATGTCTAG-1,3
GATGACTGTACCGGAA-1,2
GATGACTGTCGCATGC-1,6
GATGACTTCAGCTGTA-1,2
GATGAGGCAGCACAGA-1,5
GATGAGGCATGAAGGC-1,3
GATGAGGGTGCCGTAC-1,2
GATGAGGGTTCGTACA-1,1
GATGAGGTCATGCTAG-1,3
GATGATCCACTCCCTA-1,1
GATGATCCATGACTTG-1,1
GATGATCCATGTACGT-1,1
GATGATCGTCCCTGAG-1,4
GATGCTAAGGTAAACT-1,1
GATGCTAAGTTGAATG-1,2
GATGCTACATGACACT-1,3
GATGCTAGTACTCCCT-1,1
GATGCTATCGCTCTCA-1,2
GATGCTATCGTGTGAT-1,4
GATGGAGAGCTACTAC-1,1
GATGGAGCACAACATC-1,2
GATGGAGCACACGGAA-1,3
GATGGAGGTGGCGCTT-1,1
GATGGAGGTTACCTTT-1,2
GATGGAGTCTCGCTTG-1,5
GATGTTGAGGTACATA-1,1
GATGTTGAGTGATCGG-1,4
GATGTTGAGTGATTCC-1,3
GATGTTGCACCACTGG-1,5
GATGTTGCACCGGAAA-1,4
GATGTTGCACTACCGG-1,4
GATGTTGCAGCGTACC-1,1
GATGTTGGTTACCTTT-1,1
GATGTTGGTTGTTTGG-1,6
GATGTTGTCACCGGTG-1,6
GATGTTGTCCCGTGAG-1,1
GATGTTGTCGATAACC-1,1
GATTCGAAGGTTATAG-1,1
GATTCGAAGTATGAGT-1,1
GATTCGACACGTGAGA-1,3
GATTCGACATGGAAGC-1,2
GATTCGAGTGATAGAT-1,1
GATTCTTGTAAGCGGT-1,2
GATTCTTTCCTCTCTT-1,2
GATTGGTAGAGTACCG-1,3
GATTGGTAGGGAGGCA-1,1
GATTGGTGTTGGACTT-1,6
GATTGGTTCATCACAG-1,3
GATTGGTTCCAATCTT-1,4
GATTGGTTCCTTCACG-1,2
GATTTCTCAATACGCT-1,2
GATTTCTCATACCACA-1,4
GATTTCTGTAACGTTC-1,6
GATTTCTGTTGTTTGG-1,2
GCAACATAGAAAGCGA-1,1
GCAACATCACCCTAGG-1,1
GCAACATCAGACATCT-1,2
GCAACATCAGTTAAAG-1,4
GCAACATGTGAGCAGT-1,3
GCAACATTCATAGGCT-1,1
GCAACCGAGTCATACC-1,2
GCAACCGAGTGTTGTC-1,1
GCAACCGGTAGTGATA-1,3
GCAACCGTCGGAATTC-1,1
GCACATAAGTGGTCAG-1,3
GCACATACATACCACA-1,3
GCACATAGTGGCAGAT-1,1
GCACATAGTTGAGTCT-1,4
GCACATATCAACCTCC-1,3
GCACATATCCTTACCG-1,2
GCACATATCTTCGTGC-1,3
GCACGGTCACTCCTGT-1,5
GCACGGTCATCAACCA-1,1
GCACGGTGTAAGCTCT-1,1
GCACGGTTCGCGCCAA-1,3
GCACGGTTCGTGGCTG-1,5
GCACGGTTCTACGGTA-1,3
GCACGGTTCTATGCCC-1,3
GCACGGTTCTGGTGCG-1,6
GCACGTGAGAGGTGCT-1,1
GCACGTGAGTCCTACA-1,3
GCACGTGCAAAGCTAA-1,1
GCACGTGCACAGCTGC-1,3
GCACGTGCACGGTGAA-1,2
GCACGTGCACTGCGAC-1,4
GCACGTGTCAGTCACA-1,3
GCACTAAAGTGCCCGT-1,1
GCACTAACAGTGACCC-1,1
GCACTAAGTAGTGTGG-1,1
GCAGCCAGTTTCACTT-1,3
GCAGCCATCCACAGCG-1,1
GCAGCTGAGTCATACC-1,2
GCAGCTGCAACTCGTA-1,2
GCAGCTGCACGTATAC-1,2
GCAGCTGCAGACTCTA-1,3
GCAGCTGCATAAGCAA-1,1
GCAGCTGGTAATCAGA-1,2
GCAGCTGGTACTGCGC-1,1
GCAGCTGGTATACCTG-1,1
GCAGCTGGTCTTCCGT-1,5
GCAGCTGTCACTCCGT-1,2
GCAGCTGTCGGTATGT-1,6
GCAGGCTAGACATAAC-1,4
GCAGGCTAGCTCAGAG-1,3
GCAGGCTAGGGTAATT-1,1
GCAGGCTCACGTTGGC-1,2
GCAGGCTGTTGTCTAG-1,2
GCAGGCTTCCACTGGG-1,1
GCAGGCTTCTACTCAT-1,5
GCAGTTATCCCATGGG-1,1
GCATCGGAGCATACTC-1,3
GCATCGGGTCTTCATT-1,3
GCATCGGTCCGTTTCG-1,1
GCATCGGTCGTTGCCT-1,3
GCATCTCCATCACGGC-1,5
GCATCTCTCATGCCAA-1,2
GCATCTCTCTACTGAG-1,3
GCATCTCTCTCGAGTA-1,3
GCATGATAGGAGCTGT-1,1
GCATGATCAGAGATGC-1,1
GCATGATGTATTGACC-1,4
GCATGATGTCTTGTCC-1,2
GCATTAGAGGATCATA-1,2
GCATTAGAGGGAGATA-1,1
GCATTAGAGTACAACA-1,6
GCATTAGCAACCGTAT-1,1
GCATTAGCAGAACCGA-1,3
GCATTAGCAGCAGTCC-1,4
GCATTAGCAGTCTACA-1,2
GCATTAGCATGTTTGG-1,1
GCATTAGGTAGGCTCC-1,1
GCATTAGGTTGTAAAG-1,5
GCATTAGTCAACTACG-1,1
GCATTAGTCGAGATAA-1,1
GCCAACGGTGAGACGT-1,3
GCCAACGGTTTCGTTT-1,5
GCCAACGTCAGGAAGC-1,1
GCCAGCAAGTCGCCCA-1,5
GCCAGCACAACCTATG-1,3
GCCAGCACATGGGCAA-1,2
GCCAGCAGTTGGCTAT-1,1
GCCAGGTAGACAACAT-1,3
GCCAGGTCACAGACGA-1,4
GCCAGGTGTAAGTCAA-1,3
GCCAGGTGTGTCCGGT-1,1
GCCAGGTGTGTGATGG-1,3
GCCAGGTTCAGATTGC-1,3
GCCAGTGAGAAGGGAT-1,3
GCCAGTGAGCCAGAGT-1,3
GCCAGTGCAATACGCT-1,4
GCCAGTGCAGCGTACC-1,2
GCCAGTGGTAAGTAGT-1,1
GCCAGTGGTCCAGCCA-1,3
GCCATGGAGAGGTATT-1,3
GCCATGGAGCTTAGTC-1,5
GCCATGGCATACATCG-1,2
GCCATGGGTGGCTAGA-1,3
GCCATGGGTTAGGCTT-1,1
GCCATGGGTTGCCTAA-1,2
GCCATGGTCCACGGAC-1,1
GCCATTCAGAAGCTGC-1,3
GCCATTCCACCAAATC-1,2
GCCATTCGTACTCGTA-1,1
GCCATTCGTAGCTGTT-1,2
GCCATTCGTCAAACGG-1,2
GCCATTCTCTCGTCAC-1,5
GCCCAGAAGTCTGCAT-1,1
GCCCAGAGTTTACGAC-1,4
GCCCAGATCACCTGGG-1,1
GCCCAGATCACGACTA-1,2
GCCCAGATCCTCACCA-1,2
GCCCGAAAGGGTTAGC-1,2
GCCCGAACATGCGGTC-1,2
GCCCGAAGTAACCAGG-1,1
GCCCGAAGTAAGTCAA-1,5
GCCCGAAGTAGAGACC-1,6
GCCCGAAGTATGAAAC-1,2
GCCCGAATCCACTAGA-1,5
GCCCGAATCTATCGCC-1,2
GCCGATGAGAATGTTG-1,6
GCCGATGAGGAGACCT-1,2
GCCGATGAGTCGGGAT-1,1
GCCGATGCAGTTGGTT-1,2
GCCGATGCATAGTCAC-1,1
GCCGATGGTCGTGGAA-1,1
GCCGATGGTCTCAGAT-1,6
GCCGATGGTTCTAACG-1,1
GCCGATGTCGTGAGAG-1,1
GCCGATGTCTTGCGCT-1,1
GCCGTGAAGAGCATAT-1,1
GCCGTGAAGCTTTGTG-1,3
GCCGTGAGTCAACGCC-1,2
GCCGTGATCTTCACAT-1,1
GCCTGTTAGCCGGATA-1,3
GCCTGTTAGTTCCGTA-1,4
GCCTGTTCAAATGAAC-1,3
GCCTGTTGTACTCGAT-1,4
GCCTGTTGTGCTCCGA-1,5
GCCTGTTGTTCTCTCG-1,3
GCCTGTTTCTGTGTGA-1,5
GCGAGAAAGACCAGAC-1,2
GCGAGAAAGCGTCAAG-1,4
GCGAGAAAGGCTTAAA-1,1
GCGAGAACAAAGAGTT-1,1
GCGAGAACAGAGTCAG-1,5
GCGAGAAGTAGCGCCT-1,1
GCGAGAAGTGGCAGAT-1,2
GCGAGAATCAAACGTC-1,1
GCGAGAATCCCAAGCG-1,1
GCGAGAATCGTGACTA-1,1
GCGATCGAGCAAGGAA-1,4
GCGATCGCACGGTGAA-1,3
GCGATCGGTTTACACG-1,1
GCGATCGTCACGTAGT-1,4
GCGATCGTCATGAAAG-1,1
GCGATCGTCTCGCCTA-1,4
GCGGAAACAGTCGGTC-1,3
GCGGATCAGATCCCAT-1,1
GCGGATCAGCCTCAGC-1,1
GCGGATCCACTGGACC-1,1
GCGGATCTCACGGAGA-1,6
GCGTGCAAGATCCGAG-1,1
GCGTGCAAGTCCTACA-1,3
GCGTGCACACCGGTCA-1,3
GCGTGCAGTAACGCGA-1,1
GCGTTTCCAACCACGC-1,1
GCGTTTCCAATTGTGC-1,1
GCGTTTCCACATTCGA-1,2
GCGTTTCGTCAAATCC-1,1
GCGTTTCGTCACTAGT-1,3
GCTACAAAGACAAGCC-1,5
GCTACAATCCAACACA-1,1
GCTACAATCTTCCAGC-1,6
GCTACCTAGGCTAGCA-1,2
GCTACCTGTCGTCAGC-1,4
GCTACCTTCACTACGA-1,2
GCTACCTTCTTCCAGC-1,4
GCTCAAAAGTAGTGCG-1,3
GCTCAAAGTACCAGAG-1,3
GCTCAAAGTTCTAACG-1,1
GCTGAATAGTCGAAGC-1,1
GCTGAATGTATCGCGC-1,1
GCTGAATTCGGCATCG-1,3
GCTGAATTCTCAGTCC-1,4
GCTGCAGAGAAATCCA-1,5
GCTGCAGCACTATCCC-1,5
GCTGCAGCAGTTAAAG-1,1
GCTGCAGGTCGAAGCA-1,1
GCTGCAGGTGGACTGA-1,2
GCTGCAGTCACCTGTC-1,2
GCTGGGTAGGTATCTC-1,4
GCTGGGTCATTGCCTC-1,3
GCTGGGTGTTGTGTTG-1,2
GCTTCACAGTTGCTCA-1,5
GCTTCACCAGGAGGTT-1,3
GCTTCACGTCGTCAGC-1,1
GCTTCACGTGGTTTAC-1,4
GCTTCACGTTGGCCGT-1,3
GCTTGGGAGCGACTGA-1,1
GCTTGGGAGGAGATAG-1,1
GCTTGGGAGGTCGAGT-1,5
GCTTGGGCAGTCGTTA-1,2
GCTTGGGGTAGGCAAC-1,6
GCTTGGGGTTGCTAGT-1,2
GCTTGGGTCCGAGATT-1,3
GCTTGGGTCGTTCATT-1,3
GCTTGGGTCTAAGAAG-1,1
GCTTGGGTCTTGGAAC-1,4
GCTTTCGAGAACGTGC-1,2
GCTTTCGAGCAGCCCT-1,1
GCTTTCGAGTGCTAGG-1,1
GCTTTCGAGTGGTTAA-1,2
GCTTTCGAGTTTCAGC-1,1
GCTTTCGCAACGCCCA-1,3
GCTTTCGCACTACGGC-1,3
GCTTTCGCATCGATAC-1,2
GCTTTCGCATGAGATA-1,5
GCTTTCGGTCACCGCA-1,3
GCTTTCGGTTAAACCC-1,1
GGAACCCAGAATAACC-1,1
GGAACCCGTCATATGC-1,2
GGAACCCTCAGAGCGA-1,2
GGAACCCTCGGTTCAA-1,3
GGAAGTGAGACTCCGC-1,2
GGAAGTGAGGAGTATT-1,1
GGAAGTGAGGCATCGA-1,1
GGAAGTGAGTCGCCCA-1,5
GGAAGTGCAATTCGTG-1,1
GGAAGTGCAGCTCTGG-1,1
GGAAGTGGTACCGGCT-1,2
GGAAGTGGTACTGAGG-1,1
GGAAGTGGTCTGTTAG-1,1
GGAATCTCACGCCAGT-1,3
GGAATCTCATTGCTTT-1,1
GGAATCTTCATTGGTG-1,5
GGAATGGCATACAGCT-1,1
GGAATGGGTGATTCAC-1,5
GGAATGGTCGGCTCTT-1,2
GGACGTCAGCAACTCT-1,3
GGACGTCCATAGAATG-1,5
GGACGTCCATGGGATG-1,4
GGACGTCGTATCGAGG-1,6
GGACGTCGTCCTGTCT-1,1
GGACGTCTCTTCCAGC-1,3
GGAGAACCAAGGACAC-1,1
GGAGAACCACAAAGCG-1,1
GGAGAACTCAATCCAG-1,2
GGAGAACTCGTCGACG-1,4
GGAGAACTCTTCGTAT-1,1
GGAGATGGTACTGTTG-1,4
GGAGATGGTGTAGGAC-1,1
GGAGATGTCCACTTTA-1,3
GGAGCAAAGACAAGCC-1,1
GGAGCAAAGGTTTGAA-1,3
GGAGCAAGTTTACTTC-1,1
GGAGCAATCCATGCAA-1,4
GGAGCAATCCCAAGCG-1,2
GGAGCAATCGGTCAGC-1,5
GGAGGATCAGCTTCCT-1,1
GGAGGATGTACTGAGG-1,5
GGAGGATGTCGAAACG-1,1
GGAGGTAAGACCCGCT-1,4
GGAGGTAAGCAGATAT-1,6
GGAGGTACAGAAGCGT-1,6
GGAGGTACAGGCTCTG-1,3
GGAGGTACATGACCCG-1,3
GGAGGTAGTTAATCGC-1,1
GGAGGTATCAGCACCG-1,2
GGAGGTATCATTGCTT-1,4
GGATCTACATCACAGT-1,2
GGATCTAGTGTTTACG-1,1
GGATCTATCAGGGATG-1,3
GGATCTATCCAACTAG-1,2
GGATCTATCTAGTCAG-1,5
GGATGTTAGCCATTGT-1,5
GGATGTTAGCCTGAAG-1,2
GGATGTTAGGCCATAG-1,1
GGATGTTGTGGCGCTT-1,1
GGATGTTGTGGGTCAA-1,1
GGCACGTAGGACTAAT-1,3
GGCACGTAGGGTAATT-1,2
GGCACGTAGTGTAGTA-1,1
GGCACGTCAAGATGGC-1,1
GGCACGTTCAAATGCC-1,2
GGCACGTTCACTTTGT-1,2
GGCACGTTCGCAATTG-1,2
GGCACGTTCTTGAGCA-1,2
GGCAGTCAGGTGGTTG-1,3
GGCAGTCGTCAGACGA-1,2
GGCAGTCGTCAGGTGA-1,1
GGCAGTCTCACTTCTA-1,2
GGCGTCAAGAGCATAT-1,1
GGCGTCAAGAGTCAAT-1,1
GGCGTCAAGCATCAGG-1,1
GGCGTCACAGAATTCC-1,4
GGCGTCACAGATCCAT-1,1
GGCGTCAGTATAGCTC-1,3
GGCGTCAGTGGTATGG-1,1
GGCGTCATCCAGCTCT-1,3
GGCGTCATCTGTCGTC-1,3
GGCTGTGAGCGCCCAT-1,5
GGCTGTGCACATTACG-1,2
GGCTGTGTCTTGGGCG-1,1
GGCTTGGAGGCTTTCA-1,3
GGCTTGGGTAGAGTTA-1,1
GGCTTGGGTCTCGGGT-1,5
GGCTTGGTCGAAGTGG-1,4
GGCTTTCAGAGTGAAG-1,3
GGCTTTCAGGTGAGAA-1,1
GGCTTTCCACCAGCGT-1,2
GGCTTTCCACTCACTC-1,2
GGCTTTCGTACGGATG-1,3
GGCTTTCGTGAGCAGT-1,3
GGCTTTCGTTCCTTGC-1,1
GGCTTTCTCTATCGTT-1,2
GGCTTTCTCTGGACTA-1,1
GGGAAGTAGTTCCTGA-1,1
GGGAAGTCAAGCGGAT-1,1
GGGAAGTGTATGGTTC-1,1
GGGAAGTGTCTAACGT-1,1
GGGAAGTTCCTACCGT-1,3
GGGAAGTTCGATTTCT-1,1
GGGACAAAGCATGATA-1,2
GGGACAAAGCTCATAC-1,2
GGGACAAAGGTAAGGA-1,3
GGGACAAGTAGCCCTG-1,1
GGGACAAGTTGGGACA-1,1
GGGACAAGTTTAGTCG-1,1
GGGACAATCAAACTGC-1,4
GGGACAATCGGTCAGC-1,6
GGGACAATCTAGTGAC-1,2
GGGACCTAGTAGGAAG-1,1
GGGACCTCACGGAAGT-1,3
GGGACCTCATAAGCAA-1,3
GGGACCTGTACTCCCT-1,2
GGGACCTGTCGTCATA-1,3
GGGACCTGTTCGGTAT-1,3
GGGACCTGTTGGGCCT-1,1
GGGACCTTCGCTGTTC-1,2
GGGACCTTCGTTTACT-1,1
GGGACTCAGCGGTAAC-1,2
GGGACTCAGTGACCTT-1,6
GGGACTCCACTCTGCT-1,2
GGGACTCGTATTCCGA-1,3
GGGACTCGTCATAGTC-1,1
GGGACTCTCCATTCAT-1,6
GGGACTCTCGGAAGGT-1,1
GGGACTCTCTTGTGCC-1,4
GGGAGATAGATTAGTG-1,1
GGGAGATAGGAATTAC-1,1
GGGAGATGTGGACTAG-1,6
GGGAGATTCGTTGCCT-1,1
GGGAGTAAGCGGGTAT-1,1
GGGAGTACAGTCGAGA-1,1
GGGAGTAGTAGATTGA-1,4
GGGAGTAGTAGTCGGA-1,1
GGGAGTATCACCCTCA-1,4
GGGAGTATCCTCATAT-1,1
GGGAGTATCGCTGCGA-1,2
GGGATCCAGAAGGGAT-1,1
GGGATCCCATGGCCCA-1,3
GGGATCCGTATCTCGA-1,3
GGGATCCGTCATTGCA-1,4
GGGATCCGTCGAGCTC-1,1
GGGATCCTCATGGAGG-1,3
GGGATGAAGTAGGTTA-1,2
GGGATGACAAGTGTCT-1,1
GGGATGACAGCACACC-1,5
GGGATGACATCCCACT-1,3
GGGATGAGTATATGGA-1,1
GGGATGAGTTCGAACT-1,1
GGGATGAGTTGACTAC-1,2
GGGCCATAGGTCACCC-1,2
GGGCCATAGTACGTCT-1,6
GGGCCATGTAACTGCT-1,1
GGGCCATGTACGCTAT-1,1
GGGCCATGTCCGAAGA-1,6
GGGCCATTCAACTGAC-1,3
GGGCGTTAGACATCCT-1,3
GGGCGTTAGGAATGTT-1,3
GGGCGTTCAATTGCTG-1,2
GGGCGTTGTACCGTGC-1,1
GGGCGTTGTCTGTGGC-1,3
GGGCTACAGAATTGCA-1,3
GGGCTACAGATGTAGT-1,1
GGGCTACAGCACTCTA-1,5
GGGCTACAGCAGTAAT-1,1
GGGCTACCACCTCGTT-1,5
GGGCTACTCATAGCAC-1,1
GGGCTCAAGTTTCGAC-1,2
GGGCTCAGTCACGTGC-1,2
GGGCTCATCATCGACA-1,4
GGGCTCATCCCATAGA-1,2
GGGCTCATCCTCAGGG-1,3
GGGCTCATCTTGGTGA-1,5
GGGTAGACAGCTTCCT-1,1
GGGTAGATCATGACAC-1,5
GGGTAGATCCATCTGC-1,1
GGGTATTCACCAGACC-1,6
GGGTATTCACCCTAGG-1,1
GGGTATTCATGACTAC-1,3
GGGTCACAGCTAAACA-1,2
GGGTCACAGGCCCACT-1,1
GGGTCACAGTAAATGC-1,3
GGGTCACGTAATTAGG-1,6
GGGTCACGTCCGGTGT-1,1
GGGTCACGTGAAGCTG-1,1
GGGTCTGAGTAAAGCT-1,5
GGGTCTGCAAGCAATA-1,3
GGGTCTGCACCCTGTT-1,5
GGGTCTGCAGACACAG-1,4
GGGTCTGCAGACACCC-1,1
GGGTCTGCAGTCCCGA-1,1
GGGTCTGGTCGAGTGA-1,2
GGGTCTGTCCATCTCG-1,2
GGGTGAAAGGTGCAGT-1,3
GGGTGAAGTCGACTGC-1,5
GGGTGTCCAGAGTGAC-1,1
GGGTGTCGTTCTATCT-1,1
GGGTTATAGTACAGCG-1,3
GGGTTATCAATGCAGG-1,2
GGGTTATCAGCGAACA-1,3
GGGTTATCAGTTGTCA-1,2
GGGTTATCATGAGAAT-1,6
GGGTTATCATGATCTG-1,1
GGGTTATGTGTCCAAT-1,3
GGGTTATGTGTCTAAC-1,2
GGGTTATGTTGCTTGA-1,5
GGGTTATTCGACACCG-1,2
GGGTTTAGTATGAAGT-1,1
GGGTTTAGTGTCCGTG-1,1
GGGTTTATCCAGGACC-1,5
GGTAACTAGAATTGTG-1,5
GGTAACTAGAGATTCA-1,2
GGTAACTAGCACTCTA-1,1
GGTAACTCAACTCGTA-1,1
GGTAACTCACGTACTA-1,3
GGTAATCAGACCAACG-1,3
GGTAATCCAGAATTCC-1,6
GGTAATCCAGCGAACA-1,2
GGTAATCCAGTCTCTC-1,2
GGTAGAGAGCGATGAC-1,6
GGTAGAGAGGTGCCTC-1,4
GGTAGAGCAATACCTG-1,4
GGTAGAGCATGGTACT-1,1
GGTAGAGGTCGCGTTG-1,3
GGTAGAGGTGACCTGC-1,5
GGTAGAGTCAGATTGC-1,2
GGTAGAGTCATCGACA-1,1
GGTCACGAGCGGTAGT-1,1
GGTCACGAGTCGTTAC-1,1
GGTCACGCATGGGTTT-1,1
GGTCTGGAGGTCACAG-1,2
GGTCTGGAGTGGTCAG-1,1
GGTCTGGCAAAGGATT-1,2
GGTCTGGGTTAGGAGC-1,1
GGTCTGGGTTGCGGAA-1,3
GGTCTGGGTTGGGAAC-1,1
GGTCTGGTCACTTTGT-1,2
GGTCTGGTCCATTCAT-1,4
GGTCTGGTCGTAGAGG-1,4
GGTGAAGAGTACCGGA-1,1
GGTGAAGCAAAGTGTA-1,3
GGTGAAGCAAGGAGTC-1,1
GGTGAAGCACTACGGC-1,5
GGTGAAGGTACCTAGT-1,1
GGTGAAGGTAGCTTTG-1,1
GGTGAAGGTTCGGACC-1,1
GGTGAAGTCATAGACC-1,1
GGTGAAGTCGAGCCAC-1,3
GGTGAAGTCGGTTGTA-1,4
GGTGAAGTCTCTAAGG-1,5
GGTGATTAGCCGTCGT-1,1
GGTGATTAGGTGCAGT-1,6
GGTGATTTCACACCGG-1,2
GGTGATTTCCTGGTCT-1,2
GGTGATTTCGATAACC-1,2
GGTGATTTCTACTCAT-1,5
GGTGATTTCTTGTTAC-1,3
GGTGGCTAGCATGGGT-1,1
GGTGGCTAGCGATGCA-1,2
GGTGGCTCATATAGCC-1,2
GGTGGCTCATGTTCAG-1,5
GGTGGCTGTGCACGCT-1,5
GGTGGCTGTTCAATCG-1,1
GGTGGCTTCCTTATAC-1,5
GGTGGCTTCTGAGTCA-1,6
GGTGTCGAGAACAGGA-1,1
GGTGTCGAGAGCACTG-1,1
GGTGTCGAGCATCAGG-1,1
GGTGTCGCAAATCAAG-1,1
GGTGTCGCAGAGGCTA-1,2
GGTGTCGTCCACAGCG-1,3
GGTGTCGTCTAGTTCT-1,2
GGTGTTACATGGGCAA-1,1
GGTGTTAGTTACGTAC-1,1
GGTGTTATCGCCTAGG-1,5
GGTGTTATCTTCCGTG-1,2
GGTTAACAGCGACTTT-1,1
GGTTAACCAACTCGAT-1,3
GGTTAACCAGACTCTA-1,4
GGTTCTCAGTAGGAAG-1,2
GGTTCTCCAATCTCGA-1,2
GGTTCTCCACTCCCTA-1,1
GGTTCTCCAGGCTACC-1,4
GGTTCTCGTGACTCTA-1,4
GGTTCTCTCCGCTGTT-1,2
GGTTCTCTCGATACTG-1,5
GGTTCTCTCTTCTAAC-1,4
GGTTGTAAGATTGAGT-1,1
GGTTGTAAGCTGTTCA-1,5
GGTTGTAAGGGCAAGG-1,2
GGTTGTAGTAACCAGG-1,1
GGTTGTAGTAACGGTG-1,5
GGTTGTAGTACAGTCT-1,1
GGTTGTAGTACGTACT-1,1
GGTTGTAGTCCCTAAA-1,3
GGTTGTAGTGATTAGA-1,3
GGTTGTATCTGAGTCA-1,3
GGTTGTATCTTGTTAC-1,6
GTAACACAGCTTTGTG-1,3
GTAACACCAATTGCAC-1,3
GTAACACCAGGTCAAG-1,6
GTAACCAAGATGTTAG-1,4
GTAACCAAGCCAGAGT-1,3
GTAACCAAGCCTCTGG-1,3
GTAACCACATGGTGGA-1,2
GTAACCAGTAATCAGA-1,3
GTAACCAGTTGGACCC-1,1
GTAACCATCTGTCGTC-1,3
GTAAGTCAGATTGCGG-1,3
GTAAGTCAGGTGCATG-1,2
GTAAGTCAGGTTACCT-1,3
GTAAGTCAGTTGGACG-1,3
GTAAGTCCAAGAATAC-1,3
GTAAGTCGTACTCGAT-1,5
GTAAGTCGTAGAAACT-1,2
GTAAGTCGTCCAACGC-1,3
GTAAGTCTCATCCTGC-1,5
GTAAGTCTCCTGGGTG-1,3
GTAAGTCTCTCTTAAC-1,5
GTAATCGAGAAGAACG-1,1
GTAATCGAGAGCTGAC-1,1
GTAATCGAGCGTCAGA-1,1
GTAATCGCACGTAGTT-1,3
GTAATCGGTAACTTCG-1,1
GTAATCGGTCACCCTT-1,5
GTAATCGTCATTTGGG-1,1
GTAATCGTCTCCTGTG-1,3
GTAATCGTCTTTACAC-1,4
GTAATGCCACGACAGA-1,6
GTAATGCCACTCCACT-1,1
GTAATGCCAGGTGTTT-1,4
GTAATGCGTCATCGGC-1,5
GTAATGCGTCCCTGTT-1,6
GTAATGCGTCTGTGGC-1,3
GTAATGCGTTCTCTCG-1,2
GTAATGCTCAAGCGTT-1,6
GTACAACAGACCGCCT-1,1
GTACAACAGGTGATCG-1,3
GTACAACCACACGGAA-1,2
GTACAACCAGAACTCT-1,1
GTACAACCAGTGACCC-1,3
GTACAACGTCTGTAGT-1,6
GTACAACGTGAGTTGG-1,1
GTACAACGTGGCTGAA-1,5
GTACAGTCAAGACGAC-1,2
GTACAGTCACACGTGC-1,4
GTACAGTCATAGGTAA-1,1
GTACAGTGTGAATTAG-1,3
GTACAGTGTGTCGCTG-1,1
GTACAGTGTTCCTTGC-1,1
GTACAGTTCACGATCA-1,1
GTACAGTTCGCCTTGT-1,2
GTACAGTTCTCTCGCA-1,2
GTAGAAATCGTAGCTA-1,1
GTAGAAATCTCCCATG-1,3
GTAGAGGAGCGTCTGC-1,5
GTAGAGGCAGCGGATA-1,6
GTAGAGGCATCGATAC-1,1
GTAGAGGCATTAAAGG-1,3
GTAGAGGTCTCCCAAC-1,1
GTAGAGGTCTGAACGT-1,2
GTAGATCCAAGTTGGG-1,1
GTAGATCGTGTTCGAT-1,1
GTAGCTAAGAAACTGT-1,1
GTAGCTAAGATTAGAC-1,1
GTAGCTACAACTCCCT-1,2
GTAGCTACACTGGAAG-1,1
GTAGCTATCAAGCTGT-1,6
GTAGGAGCACCTAAAC-1,3
GTAGGAGCATAGTCGT-1,1
GTAGGAGGTATCGTGT-1,1
GTAGGAGGTGAGACGT-1,2
GTAGGAGTCTCTGAGA-1,1
GTAGGTTAGTGGAAAG-1,1
GTAGGTTCACAAGTTC-1,2
GTAGGTTCAGACGCTC-1,1
GTAGGTTGTGGGACAT-1,5
GTAGGTTGTTGCTCCT-1,5
GTAGTACTCATCTATC-1,3
GTATTGGAGCCACAAG-1,1
GTATTGGCATCACCAA-1,3
GTATTGGGTGCCTGAC-1,3
GTATTGGTCGAAGGAC-1,1
GTATTTCCACTACCGG-1,6
GTATTTCCATCTGTTT-1,3
GTATTTCGTAAGATCA-1,4
GTATTTCGTCTCCTGT-1,4
GTATTTCTCGTCAGAT-1,3
GTCAAACAGCACCTGC-1,2
GTCAAACCATCAGCTA-1,1
GTCAAACCATGCACTA-1,2
GTCAAACGTTCAGGTT-1,2
GTCAAGTCAAAGTGTA-1,2
GTCAAGTCAGTTTGGT-1,1
GTCAAGTTCGCCAATA-1,4
GTCAAGTTCGGAGTAG-1,1
GTCAAGTTCTTGGAAC-1,3
GTCACGGAGCCTAGGA-1,4
GTCACGGAGCGCTGCT-1,2
GTCACGGGTACGCGTC-1,4
GTCACGGGTAGGGTAC-1,3
GTCACGGGTAGTTAGA-1,1
GTCACGGGTCAACCTA-1,4
GTCACGGGTGGATCGA-1,1
GTCACGGTCCACAGCG-1,3
GTCACGGTCCTAGAGT-1,5
GTCACGGTCGGTAGGA-1,3
GTCACTCAGTACAGAT-1,2
GTCACTCAGTCGCCAC-1,6
GTCACTCCACGAGAAC-1,1
GTCACTCGTGGGTATG-1,1
GTCACTCTCGCACTCT-1,5
GTCAGCGAGGATAATC-1,1
GTCAGCGAGTCAGCGA-1,3
GTCAGCGCAACGGCCT-1,3
GTCAGCGCAGGAATAT-1,2
GTCAGCGTCTGAACGT-1,1
GTCATCCAGCAGATAT-1,1
GTCATCCAGCTCCACG-1,1
GTCATCCAGTGGTTAA-1,2
GTCATCCCAACTACGT-1,2
GTCATCCCACGGTGCT-1,1
GTCATCCGTCCGTTTC-1,2
GTCATCCTCATTCCTA-1,2
GTCATGAAGCGAGTCA-1,1
GTCATGAAGTAAATGC-1,3
GTCATGAAGTCTCCTC-1,3
GTCATGACACTTGTCC-1,3
GTCATGACATGCCGCA-1,1
GTCATGAGTAAGTAGT-1,1
GTCATGAGTAGGGAGG-1,1
GTCATGATCAAGTAAG-1,1
GTCATGATCACCGGGT-1,3
GTCATGATCTCATTAC-1,2
GTCATTTAGGTAAAGG-1,1
GTCATTTCAGACACAG-1,3
GTCATTTCAGCGCGTT-1,3
GTCATTTCATCGCTCT-1,4
GTCATTTGTACCCGCA-1,3
GTCATTTGTCACAATC-1,4
GTCATTTGTTTACACG-1,1
GTCATTTTCCAGCAAT-1,1
GTCCACTAGTGCGCTC-1,1
GTCCACTAGTTGCCTA-1,2
GTCCACTGTCGTCAGC-1,6
GTCCACTGTGTTCGAT-1,2
GTCCACTTCAGAGCGA-1,1
GTCCACTTCCTCATAT-1,1
GTCCCATAGAAACCCG-1,3
GTCCCATAGGCAGTCA-1,1
GTCCCATAGGTAAACT-1,5
GTCCCATCACCGTGCA-1,3
GTCCCATCAGGCAATG-1,3
GTCCCATGTATAGGAT-1,1
GTCCCATTCATCCTGC-1,1
GTCCCATTCCGCAACG-1,6
GTCCCATTCGATACGT-1,3
GTCCCATTCTACTCAT-1,1
GTCCCATTCTAGGCCG-1,3
GTCCTCACACTTTATC-1,2
GTCCTCAGTTCTTGTT-1,5
GTCCTCAGTTGGGACA-1,2
GTCGAATAGGCCCGTT-1,1
GTCGAATAGGTCTACT-1,1
GTCGAATCAGGTCAGA-1,3
GTCGAATGTCGTTATG-1,5
GTCGAATTCAAACTGC-1,5
GTCGAATTCGCTTGAA-1,5
GTCGAATTCGGTTAGT-1,6
GTCGAATTCTTCCCAG-1,5
GTCGCGAAGCGCCGTT-1,5
GTCGCGAAGTCTGCAT-1,1
GTCGCGACAAACAGGC-1,3
GTCGCGACACAGTGAG-1,1
GTCGCGAGTCTGCATA-1,1
GTCGCGATCACGACTA-1,2
GTCGTAAAGAGGTATT-1,1
GTCGTAAAGCTATCCA-1,2
GTCGTAACAATCAGCT-1,1
GTCGTAACACCTGCGA-1,1
GTCGTAACAGACGATG-1,1
GTCGTAACATGTAACC-1,1
GTCGTAAGTCATCGGC-1,1
GTCGTTCAGTCATAGA-1,3
GTCGTTCCACTGGCGT-1,1
GTCGTTCCAGGACGAT-1,6
GTCGTTCCAGTTAGGG-1,1
GTCGTTCGTCACTACA-1,4
GTCGTTCGTGAGGATC-1,1
GTCTACCAGAACGTGC-1,1
GTCTACCGTACTCGTA-1,6
GTCTACCTCAGTCCGG-1,4
GTCTACCTCATGAGAA-1,1
GTCTACCTCGTAGAGG-1,3
GTCTACCTCTCCCTAG-1,3
GTCTACCTCTTCCCGA-1,3
GTCTAGAAGTGGATTA-1,2
GTCTAGACAGCGTTGC-1,2
GTCTAGATCAAACTGC-1,3
GTCTCACAGGCATCTT-1,2
GTCTCACCACGCGGTT-1,4
GTCTCACCACTTCATT-1,2
GTCTCACGTACATACC-1,1
GTCTCACGTAGGAGGG-1,5
GTCTCACTCACACCCT-1,6
GTCTCACTCGGAAGGT-1,2
GTCTGTCAGGAAGAAC-1,1
GTCTGTCCATCCAACA-1,2
GTCTGTCGTTAGGGTG-1,1
GTCTGTCTCTGTCGCT-1,6
GTCTTTAAGGTCGACA-1,6
GTCTTTAGTACTGCCG-1,2
GTCTTTATCCTGGCTT-1,2
GTCTTTATCTCAGTCC-1,6
GTGACGCCACTGGCCA-1,1
GTGACGCGTGATATAG-1,4
GTGACGCTCAAGTGTC-1,3
GTGACGCTCCTCACGT-1,3
GTGACGCTCCTTCGAC-1,2
GTGACGCTCGTTCAGA-1,1
GTGAGCCAGACTAGAT-1,3
GTGAGCCAGCGCCGTT-1,1
GTGAGCCAGCTGGCTC-1,5
GTGAGCCAGTGGTCAG-1,1
GTGAGCCCAAACTCTG-1,1
GTGAGCCCAGCTGAAG-1,3
GTGAGCCGTGAGCCAA-1,6
GTGAGCCGTGGTCCGT-1,1
GTGAGCCGTTCTTCAT-1,3
GTGAGCCTCACACCCT-1,5
GTGAGCCTCGATTCCC-1,1
GTGAGCCTCTTTGCGC-1,5
GTGAGGACACCCAATA-1,3
GTGAGGAGTAATGCTC-1,5
GTGAGGAGTCATCCCT-1,1
GTGAGGAGTTGCCAAT-1,1
GTGAGGAGTTGCTCCT-1,4
GTGAGGATCACGACTA-1,2
GTGAGTTAGAAGTGTT-1,1
GTGAGTTGTCCTTGTC-1,6
GTGAGTTTCGCAGAGA-1,3
GTGAGTTTCTGCCTGT-1,1
GTGATGTAGATAGTCA-1,5
GTGATGTCAATTGCTG-1,6
GTGATGTCACCTCTGT-1,3
GTGATGTGTAAGGCCA-1,3
GTGATGTGTCATCCGG-1,2
GTGATGTTCCTCGATC-1,3
GTGCACGAGCTCTATG-1,5
GTGCACGAGGGAGGAC-1,3
GTGCACGCACGAAAGC-1,2
GTGCACGGTTTGGGAG-1,4
GTGCAGCAGGGATCAC-1,1
GTGCAGCCAGGTGTTT-1,1
GTGCAGCCAGTTAAAG-1,1
GTGCAGCTCCAGCTCT-1,3
GTGCAGCTCTACGCAA-1,2
GTGCAGCTCTAGACAC-1,6
GTGCAGCTCTTCCCGA-1,2
GTGCGTGAGGACTATA-1,1
GTGCGTGAGGGAGGTG-1,1
GTGCGTGAGTCGCCAC-1,1
GTGCGTGGTATATGGA-1,5
GTGCGTGGTGGCAGAT-1,6
GTGCGTGTCTGATGGT-1,1
GTGCTGGAGACGACGT-1,1
GTGCTGGAGTGCAACG-1,3
GTGCTGGCAGACACCC-1,3
GTGCTGGTCAGCTCTC-1,4
GTGCTGGTCCTACACC-1,3
GTGCTTCAGAGTCGAC-1,3
GTGCTTCAGGACGCTA-1,2
GTGCTTCCACGTTGGC-1,2
GTGCTTCGTGACTCTA-1,6
GTGCTTCTCTGGTGCG-1,6
GTGCTTCTCTTCTGGC-1,3
GTGGAAGAGTATGTAG-1,1
GTGGAAGGTCTCGGAC-1,3
GTGGAAGGTGACAGCA-1,4
GTGGAAGTCCCAAGTA-1,1
GTGGAGAAGGAATTAC-1,1
GTGGAGACATCCGTTC-1,3
GTGGAGATCAACACCA-1,5
GTGGAGATCAACACGT-1,5
GTGGCGTTCCGTAATG-1,1
GTGGCGTTCGGTCAGC-1,4
GTGGGAAAGGATTACA-1,1
GTGGGAAAGGTGCTAG-1,3
GTGGGAACAACCTATG-1,3
GTGGGAACATACCATG-1,3
GTGGGAAGTTAAGGAT-1,3
GTGGGAATCCATTCAT-1,1
GTGGGAATCGTGAGAG-1,6
GTGGTTAAGTAACGTA-1,1
GTGGTTACACTGGAAG-1,1
GTGGTTACAGGACTTT-1,1
GTGGTTACATCTTAGG-1,1
GTGGTTAGTGGTACAG-1,1
GTGGTTAGTTCTCGCT-1,5
GTGGTTAGTTGCGGAA-1,1
GTGGTTATCAATCAGC-1,4
GTGTAACGTAGCTCGC-1,3
GTGTAACGTTCGCGTG-1,1
GTGTCCTCAACTGTGT-1,2
GTGTCCTCAGCGTTGC-1,3
GTGTCCTGTTGTCAGT-1,2
GTGTCCTTCGTTCTAT-1,4
GTGTGATAGACTCATC-1,2
GTGTGATCAAGGAGTC-1,1
GTGTGATCACAGAGCA-1,2
GTGTGATCAGCTCCTT-1,5
GTGTGATGTAATTAGG-1,1
GTGTGATGTATCGAGG-1,1
GTGTGATGTTCGGTCG-1,2
GTGTGATTCCTCACCA-1,1
GTGTGATTCTTCCAGC-1,1
GTGTGGCCAGTTTCGA-1,5
GTGTGGCGTGACATCT-1,1
GTGTGGCGTGTTTACG-1,1
GTGTGGCTCGGTTAGT-1,3
GTGTGGCTCTACGCAA-1,3
GTGTTAGAGAGCAGTC-1,1
GTGTTAGCAATACAGA-1,6
GTGTTAGCACAGCTGC-1,1
GTGTTAGCAGACGGAT-1,6
GTGTTAGGTCGCCTAG-1,1
GTGTTAGTCCCAAGTA-1,5
GTGTTCCCAGTCTCTC-1,3
GTGTTCCGTCCCGCAA-1,1
GTGTTCCTCGCGAAGA-1,1
GTTACAGCAAGCCTGC-1,3
GTTACAGTCTGACCCT-1,2
GTTACCCAGATGCTTC-1,2
GTTACCCAGTAGTCTC-1,1
GTTACCCCACATGAAA-1,2
GTTACCCCATATCTCT-1,1
GTTACCCCATGACGTT-1,1
GTTACCCGTGTATCCA-1,1
GTTACCCGTTAAGACA-1,1
GTTACCCGTTGCATGT-1,1
GTTACCCTCTTAGCTT-1,1
GTTACGACATGGGCAA-1,4
GTTACGAGTCATCACA-1,3
GTTACGAGTGCACGCT-1,1
GTTACGATCCGGGACT-1,3
GTTAGACAGCTGTTCA-1,4
GTTAGACAGGAGGTTC-1,6
GTTAGACCACCCAATA-1,1
GTTAGACGTCTTTATC-1,3
GTTAGACTCCTGGCTT-1,5
GTTAGACTCGGCGATC-1,1
GTTAGACTCTACCAGA-1,2
GTTAGACTCTCTCTAA-1,4
GTTAGACTCTGTGTGA-1,6
GTTAGTGCACGGTGTC-1,1
GTTAGTGCATGATCTG-1,4
GTTAGTGTCCCTTGGT-1,3
GTTAGTGTCCTGGGTG-1,1
GTTAGTGTCCTGTACC-1,6
GTTATGGAGCGTGCCT-1,1
GTTATGGAGTCAGGGT-1,2
GTTATGGGTACATTGC-1,4
GTTATGGGTCCGAAGA-1,3
GTTATGGGTGACACAG-1,5
GTTCATTAGACCGCCT-1,1
GTTCATTCATTCCTCG-1,4
GTTCATTTCATCGTAG-1,1
GTTCCGTAGAAACCCG-1,1
GTTCCGTAGAGCCGAT-1,1
GTTCCGTAGTATGAGT-1,3
GTTCCGTCACACTGGC-1,5
GTTCCGTCACGTAACT-1,4
GTTCCGTCATTAAGCC-1,6
GTTCCGTTCTTCACAT-1,5
GTTCCGTTCTTGATTC-1,1
GTTCGCTAGAGTTGCG-1,2
GTTCGCTAGCGTTCAT-1,6
GTTCGCTAGTGTTGTC-1,1
GTTCGCTCAGGTATGG-1,1
GTTCGCTGTATCAGGG-1,3
GTTCGCTTCATCGGGC-1,1
GTTCGCTTCCAACCGG-1,3
GTTCGCTTCCCTAGGG-1,2
GTTCTATAGGTAGACC-1,3
GTTCTATCACATATGC-1,5
GTTCTATTCCTAGCGG-1,2
GTTGAACCACGTAGAG-1,3
GTTGAACGTGCCCACA-1,2
GTTGAACGTGTCACAT-1,1
GTTGAACGTTAGGGTG-1,3
GTTGAACTCAGTCAGT-1,4
GTTGAACTCCCATTTA-1,5
GTTGCGGAGCTTAGTC-1,4
GTTGCGGAGGGATCTG-1,1
GTTGCGGAGTCAACAA-1,1
GTTGCGGAGTGCGTCC-1,1
GTTGCGGCACCCATAA-1,1
GTTGCGGGTAGCGAGT-1,1
GTTGCGGGTATTGGCT-1,3
GTTGCGGTCATGCAGT-1,1
GTTGCGGTCTTGAGCA-1,3
GTTGCTCAGAGTCTTC-1,6
GTTGCTCAGCCATTCA-1,5
GTTGCTCCAACCACAT-1,3
GTTGCTCCAATGTGGG-1,1
GTTGCTCGTACAACGG-1,1
GTTGCTCGTCATGCAT-1,1
GTTGTAGAGGGACCAT-1,3
GTTGTAGCACCATATG-1,2
GTTGTAGCAGGGAATC-1,4
GTTGTAGCATCCCGTT-1,6
GTTGTAGGTAGACGTG-1,1
GTTGTAGGTCCACTCT-1,1
GTTGTAGGTCGTGGAA-1,1
GTTGTAGGTTAGCGGA-1,1
GTTGTAGTCATGGTAC-1,1
GTTGTAGTCGACCATA-1,2
GTTGTAGTCGCAGAGA-1,1
GTTGTAGTCTGGTGGC-1,4
GTTGTCCAGTACTGGG-1,3
GTTGTCCCAGAGAAAG-1,3
GTTGTCCTCCATCTGC-1,3
GTTGTCCTCCCTCTAG-1,3
GTTGTGAAGACTTCAC-1,2
GTTGTGACACCCTATC-1,1
GTTGTGACAGCAGTTT-1,1
GTTGTGAGTGCATTAC-1,3
GTTGTGAGTTCGTACA-1,2
GTTGTGATCGTTACCC-1,6
GTTTACTCACCTATCC-1,3
GTTTACTCAGATCCTA-1,2
GTTTACTCAGGTAGTG-1,3
GTTTACTCAGTCAGAG-1,3
GTTTACTGTTATCTTC-1,6
GTTTACTTCACAGAGG-1,1
GTTTGGAAGGTGCGAT-1,1
GTTTGGAAGTTCCATG-1,1
GTTTGGACACTGAGGA-1,5
GTTTGGACAGCATCTA-1,3
GTTTGGAGTTAGGACG-1,1
GTTTGGATCACTTATC-1,3
GTTTGGATCAGAGCGA-1,3
GTTTGGATCAGCTCTC-1,1
TAACACGAGCCGATTT-1,2
TAACACGCAAAGGCAC-1,3
TAACACGCACCACTGG-1,4
TAACACGGTCATGACT-1,5
TAACACGGTGGATTTC-1,2
TAACACGTCATCTACT-1,6
TAACACGTCTCCTGAC-1,2
TAACCAGAGACGGATC-1,1
TAACCAGAGATTGAGT-1,2
TAACCAGAGGTTCAGG-1,5
TAACCAGCAGACCAGA-1,6
TAACCAGGTTCTTAGG-1,2
TAACCAGTCAGCGGAA-1,1
TAACCAGTCTGCTAGA-1,5
TAACGACAGCGAAACC-1,2
TAACGACAGTACAGAT-1,1
TAACGACCAAGCGAAC-1,5
TAACGACCAATAGGAT-1,1
TAACGACGTTCCTAGA-1,4
TAACGACTCACCTACC-1,4
TAACGACTCACTTGGA-1,2
TAACTTCAGAAGGTAG-1,1
TAACTTCAGCTAGTTC-1,6
TAACTTCAGTACGTCT-1,1
TAACTTCCAAACGAGC-1,1
TAACTTCCAACTTGCA-1,6
TAACTTCCAGGACGAT-1,3
TAACTTCCATTAAGCC-1,3
TAACTTCGTAACATCC-1,1
TAACTTCGTTGAGTCT-1,5
TAACTTCTCATTCTTG-1,2
TAACTTCTCCGGGACT-1,3
TAAGCACAGCGAGTAC-1,1
TAAGCACAGGACGCAT-1,1
TAAGCACCAACATACC-1,4
TAAGCACCAACCGACC-1,4
TAAGCACGTAGCACGA-1,1
TAAGCACGTATGTCAC-1,4
TAAGCCAAGGTCTACT-1,6
TAAGCCAAGTAGGAAG-1,3
TAAGCGTCACAGCCAC-1,1
TAAGCGTCATTCCTCG-1,1
TAAGCGTGTAGTAAGT-1,1
TAAGCGTGTTGTGGAG-1,1
TAAGCGTTCACTGATG-1,1
TAAGCGTTCGAAGCAG-1,1
TAAGTCGAGAAGGTAG-1,1
TAAGTCGAGCCACCGT-1,6
TAAGTCGAGGAGGCAG-1,3
TAAGTCGCAGCCTTCT-1,2
TAAGTCGTCGCAATGT-1,1
TAATCTCGTCGACTGC-1,1
TAATCTCGTGATCGTT-1,1
TAATCTCGTGGTCTAT-1,2
TAATCTCGTTAGGCCC-1,6
TAATCTCGTTGGAGGT-1,5
TAATTCCAGGAGCAAA-1,1
TAATTCCAGTACGTCT-1,5
TAATTCCCAACGAGGT-1,2
TAATTCCCAGTTTGGT-1,1
TAATTCCTCCAGTTCC-1,4
TACAACGAGGATGAGA-1,5
TACAACGAGGCGCTTC-1,5
TACAACGAGTACTGGG-1,3
TACAACGGTCCCGCAA-1,6
TACAACGGTTACCCTC-1,3
TACACCCAGATGTTGA-1,2
TACACCCAGCCATTGT-1,2
TACACCCAGCGTCGAA-1,1
TACACCCCAAATCGGG-1,1
TACACCCCAATTGCCA-1,4
TACACCCCATCATTTC-1,1
TACACCCGTCATTGCA-1,3
TACACCCGTTAAGAAC-1,5
TACACCCGTTCGGACC-1,2
TACAGGTAGCCACTCG-1,6
TACAGGTAGCTAGATA-1,6
TACAGGTAGCTTCGTA-1,4
TACAGGTCAAAGGATT-1,3
TACAGGTCAGCGAACA-1,3
TACAGGTGTAGAGGAA-1,1
TACAGGTGTGACAGGT-1,5
TACAGGTGTTGGTGTT-1,1
TACAGGTTCACCTTGC-1,2
TACATTCAGGAGTACC-1,2
TACATTCCAAATTGCC-1,2
TACATTCTCAGACCTA-1,2
TACATTCTCGCTACAA-1,6
TACCCACAGCGTTCCG-1,3
TACCCACAGGCTAAAT-1,3
TACCCACCAGATACTC-1,4
TACCCACGTAGCTGAG-1,2
TACCCACGTCCAAATC-1,4
TACCCACTCGATGCAT-1,4
TACCCACTCGTGGAAG-1,2
TACCCACTCTGAGAGG-1,1
TACCCGTAGAACCCGA-1,2
TACCCGTCAAGTTCCA-1,2
TACCCGTCACGGCACT-1,2
TACCCGTCAGAAGCGT-1,1
TACCCGTCAGACCTGC-1,6
TACCCGTCATAGTCGT-1,6
TACCCGTTCGACCCAG-1,3
TACCGAAAGCCGAACA-1,6
TACCGAACACATAACC-1,4
TACCGAACAGGACATG-1,6
TACCGAACATCCGTGG-1,2
TACCGAACATTGTCGA-1,1
TACCGAAGTAACCAGG-1,2
TACCGAATCCATAAGC-1,3
TACCGAATCTTCTAAC-1,4
TACCGGGGTAGACGGT-1,1
TACCGGGGTCCAGCCA-1,5
TACCGGGTCCCGTTCA-1,1
TACCGGGTCCTGGGTG-1,3
TACCGGGTCGAGCTGC-1,3
TACCGGGTCTTCCACG-1,4
TACCTCGAGCCTGAAG-1,1
TACCTCGCACGTGTGC-1,1
TACCTCGGTCCGAAAG-1,2
TACCTCGTCGACGCTG-1,1
TACCTCGTCTTAAGGC-1,3
TACCTGCAGCGTCTGC-1,6
TACCTGCAGGTCACCC-1,2
TACCTGCAGGTTAGTA-1,2
TACCTGCCAGCGTGAA-1,2
TACCTGCGTTCGAACT-1,4
TACCTGCTCCTGCCAT-1,2
TACCTGCTCGAGAAGC-1,2
TACCTGCTCTCCTACG-1,2
TACGCTCAGGTAAAGG-1,6
TACGCTCGTACAGGTG-1,4
TACGCTCTCGCCGATG-1,2
TACGGGCAGTCGCGAA-1,1
TACGGGCCAACCCGCA-1,4
TACGGGCGTACGGGAT-1,6
TACGGGCGTTAGAGTA-1,1
TACGGGCTCGCCTCTA-1,3
TACGGTAAGATACGAT-1,1
TACGGTAAGCCATTCA-1,1
TACGGTAAGGCCTGAA-1,6
TACGGTAGTGGTCTGC-1,1
TACGGTAGTTGCAAGG-1,2
TACGGTATCCCACAGG-1,1
TACGGTATCCGACATA-1,3
TACGGTATCGGCTGTG-1,2
TACGTCCAGCCGAACA-1,1
TACGTCCAGGGCAACT-1,2
TACGTCCAGGTCCCGT-1,1
TACGTCCCAGCATACT-1,1
TACGTCCGTCCACTTC-1,4
TACGTCCGTCGAGTTT-1,1
TACGTCCGTCGCACGT-1,3
TACGTCCGTGATAGAT-1,1
TACGTCCTCGTGCATA-1,2
TACGTCCTCTCGGTCT-1,6
TACTGCCAGCAGCAGT-1,1
TACTGCCAGGGATGTC-1,4
TACTGCCCAAGTTGGG-1,2
TACTTACCACATAACC-1,2
TACTTACCATGTTCGA-1,2
TACTTACGTCAGTTTG-1,1
TACTTACGTCGCCACA-1,3
TACTTACGTCGTGGAA-1,6
TACTTACGTCTCTCTG-1,1
TACTTACTCCGTGTAA-1,5
TACTTGTAGACATAGT-1,1
TACTTGTAGGAGGTTC-1,5
TACTTGTCACCTTCCA-1,4
TACTTGTCACGGCCAT-1,1
TACTTGTCATGTGGCC-1,4
TACTTGTGTACGAGTG-1,3
TACTTGTGTTTCGTAG-1,3
TACTTGTTCCCTAGGG-1,5
TACTTGTTCTGATGGT-1,4
TAGACCAAGAGGACTC-1,2
TAGACCACAAGGTCAG-1,4
TAGACCACAATCGAAA-1,2
TAGACCACATGTGACT-1,1
TAGACCAGTCCCTAAA-1,2
TAGACCAGTGAGCGAT-1,1
TAGACCATCTGAGTCA-1,2
TAGACTGAGTAGATCA-1,3
TAGACTGAGTGGTGAC-1,4
TAGACTGCAGCGACAA-1,3
TAGACTGGTCTACATG-1,3
TAGACTGGTGTCCGTG-1,1
TAGAGTCCAATGTCTG-1,5
TAGAGTCCACTTTAGG-1,5
TAGAGTCCAGCAGACA-1,4
TAGAGTCCATCAACCA-1,3
TAGAGTCGTACAAGTA-1,1
TAGAGTCGTTAGAGAT-1,1
TAGAGTCTCTCGTGAA-1,3
TAGAGTCTCTGACGCG-1,1
TAGATCGAGCGTATGG-1,6
TAGATCGAGTTGGGAC-1,6
TAGATCGGTGATGAAT-1,1
TAGCACAAGCGAAACC-1,3
TAGCACAAGGTAGTCG-1,6
TAGCACACAGCAGTTT-1,2
TAGCACAGTCCTTAAG-1,2
TAGGAGGAGTCTAGCT-1,5
TAGGAGGCAGTATTCG-1,1
TAGGAGGTCAATGTCG-1,2
TAGGGTTAGCACAAAT-1,5
TAGGGTTAGGTAAAGG-1,6
TAGGGTTCACTTTAGG-1,3
TAGGGTTCAGTTGTTG-1,3
TAGGGTTGTATAGGGC-1,2
TAGGGTTGTCCACTCT-1,1
TAGGGTTGTGTTTGCA-1,1
TAGGGTTTCCATATGG-1,2
TAGGGTTTCCCTTCCC-1,1
TAGGTACCACAGTCGC-1,1
TAGGTACGTATCGAAA-1,1
TAGGTACTCCCGTGAG-1,5
TAGGTTGAGTGTAGAT-1,2
TAGGTTGTCAAATGCC-1,2
TAGGTTGTCCAGGACC-1,6
TAGTGCATCGGTTAGT-1,2
TATACCTAGAGGCGGA-1,2
TATACCTAGGGTACAC-1,2
TATACCTCAGAATTCC-1,3
TATACCTTCATGCGGC-1,2
TATACCTTCGAGTCTA-1,4
TATATCCAGGATTTCC-1,5
TATATCCAGTACTGTC-1,1
TATATCCGTACTTGTG-1,4
TATATCCTCTCCACTG-1,5
TATCAGGAGTGTACCT-1,1
TATCAGGAGTTTCTTC-1,2
TATCAGGTCGGTCAGC-1,1
TATCAGGTCTGTGCAA-1,4
TATCCTAAGGAGTATT-1,3
TATCCTAAGTCACAGG-1,1
TATCCTACAAAGACGC-1,1
TATCCTACAATGAACA-1,2
TATCCTACAGGACGAT-1,1
TATCCTACAGGATGAC-1,3
TATCCTACAGGGATAC-1,1
TATCCTAGTTGCAAGG-1,4
TATCCTATCAGTCTTT-1,5
TATCGCCCATGCGGTC-1,5
TATCGCCGTAATCAGA-1,2
TATCGCCGTCCTCCAT-1,1
TATCGCCGTCGTATTG-1,3
TATCGCCTCACTGCTC-1,2
TATCGCCTCAGGACGA-1,2
TATCTGTAGGATAATC-1,5
TATCTGTAGTGCGTCC-1,3
TATCTGTAGTTATGGA-1,1
TATCTGTTCCTCGCAT-1,2
TATCTGTTCGCATTAG-1,2
TATCTGTTCGTTACCC-1,1
TATCTTGCAACGTATC-1,3
TATCTTGGTCTTTATC-1,3
TATCTTGTCGTCTAAG-1,3
TATCTTGTCTACTCAT-1,1
TATGTTCAGCATACTC-1,2
TATGTTCCAATAGGGC-1,2
TATGTTCGTACGAAAT-1,2
TATGTTCTCCTATTGT-1,3
TATGTTCTCGGAGTAG-1,1
TATTCCACACAATGAA-1,2
TATTCCACACATATGC-1,6
TATTGCTAGCTAAATG-1,4
TATTGCTAGTCGCGAA-1,6
TATTGCTGTAGCACAG-1,2
TATTGCTTCATCACCC-1,5
TATTGCTTCCTACGAA-1,4
TATTGGGAGCGCTGCT-1,1
TATTGGGCACTTGTGA-1,3
TATTGGGCAGATACCT-1,3
TATTGGGCATGAGTAA-1,1
TATTGGGGTGTTAAAG-1,6
TATTGGGGTTGCCAAT-1,1
TATTGGGTCAGCACCG-1,1
TATTGGGTCCTAGCGG-1,1
TATTGGGTCCTCCACA-1,3
TATTGGGTCCTCTAGC-1,3
TATTTCGAGAAGCCTG-1,1
TATTTCGAGACAACTA-1,2
TATTTCGAGACTTGTC-1,6
TATTTCGAGTTAGTAG-1,1
TATTTCGCAATTGGTC-1,4
TATTTCGCAGAGTCTT-1,2
TATTTCGGTAACACCT-1,2
TATTTCGGTTTCTTAC-1,5
TCAAGACGTAGGACTG-1,1
TCAAGACGTCTAGGCC-1,2
TCAAGACTCAAGATAG-1,1
TCAAGCAAGGTCCCTG-1,3
TCAAGCACAAGCTGCC-1,5
TCAAGCACAGGTCTCG-1,3
TCAAGCAGTCCCTGAG-1,2
TCAAGCAGTTGCTCGG-1,1
TCAAGCATCCAATCCC-1,3
TCAAGCATCCTGTACC-1,2
TCAAGCATCTCTCAAT-1,2
TCAAGCATCTTCTGTA-1,2
TCAAGCATCTTGGTCC-1,4
TCAAGTGAGCAGCAGT-1,6
TCAAGTGAGGCTGAAC-1,1
TCAAGTGAGTAGAATC-1,1
TCAAGTGGTATAGGAT-1,2
TCAAGTGGTATGCGGA-1,2
TCAAGTGGTCCCTGAG-1,1
TCAAGTGTCGCCAACG-1,2
TCAAGTGTCTGCTAGA-1,2
TCAATCTAGATGAATC-1,4
TCAATCTAGCAGGCTA-1,4
TCAATCTCACAGCCAC-1,2
TCAATCTCACGGCTAC-1,2
TCAATCTCACGTATAC-1,4
TCAATCTCAGCGTAGA-1,4
TCAATCTCATCGGTTA-1,1
TCAATCTGTATACAGA-1,1
TCAATCTTCGATACAC-1,3
TCAATCTTCGCCGTGA-1,1
TCAATTCAGGTTTACC-1,1
TCAATTCAGTGCCCGT-1,4
TCAATTCAGTTGAATG-1,2
TCAATTCGTGCAAGAC-1,1
TCAATTCTCACGGGAA-1,2
TCAATTCTCTGGGATT-1,3
TCACAAGCAGACGATG-1,2
TCACAAGCAGAGTCTT-1,3
TCACAAGCAGCTTCCT-1,5
TCACAAGTCCGCTAGG-1,2
TCACAAGTCCGGACTG-1,6
TCACAAGTCGTCTCAC-1,3
TCACACCAGTAATTGG-1,1
TCACACCCAGCACAGA-1,4
TCACACCGTGAATGAT-1,4
TCACACCTCAGTCAGT-1,1
TCACACCTCCGATTAG-1,2
TCACACCTCCTGTAGA-1,3
TCACATTAGAAGTCAT-1,4
TCACATTAGCAAGGAA-1,5
TCACATTAGCATGAAT-1,4
TCACATTAGTTGCGCC-1,5
TCACATTGTGACTCGC-1,1
TCACATTTCCATCACC-1,3
TCACGCTCACTGTGAT-1,4
TCACGCTGTATGGTAA-1,1
TCACGCTGTCTTCGAA-1,5
TCACGCTGTTGCAACT-1,3
TCACGCTTCATGGATC-1,5
TCACGCTTCCAAGGGA-1,5
TCACGCTTCCTCCACA-1,3
TCACGCTTCGAGAGCA-1,6
TCACGGGAGACTAAGT-1,1
TCACGGGAGAGATGCC-1,3
TCACGGGAGTCATGGG-1,2
TCACGGGCAGAAACCG-1,2
TCACGGGCATCCTGTC-1,3
TCACGGGGTAATTGGA-1,3
TCACGGGTCAGACCGC-1,1
TCACGGGTCTTAGCCC-1,6
TCACTATAGACACACG-1,4
TCACTATAGACTCATC-1,6
TCACTATAGGGTGGGA-1,2
TCACTATCAACATCGT-1,5
TCACTATCAGTTAGAA-1,1
TCACTATGTCGAGCTC-1,1
TCACTATTCCTTCTGG-1,3
TCACTATTCTATACTC-1,5
TCACTATTCTTCGTGC-1,2
TCACTCGAGACCATAA-1,1
TCACTCGCAATCGTCA-1,1
TCACTCGCACGCGCTA-1,1
TCACTCGGTCTTCTAT-1,1
TCACTCGTCCAATGCA-1,1
TCAGCAAAGAGGTATT-1,2
TCAGCAACAACACAAA-1,2
TCAGCAATCATTCGTT-1,4
TCAGCAATCGACCATA-1,1
TCAGCCTAGAGGTGCT-1,1
TCAGCCTAGTTGCTGT-1,1
TCAGCCTCAAACCACT-1,2
TCAGCCTCACACCTAA-1,6
TCAGCCTCAGGTCAGA-1,5
TCAGCCTGTACGCGTC-1,1
TCAGCCTTCCATAAGC-1,2
TCAGCCTTCCGCACTT-1,5
TCAGGGCAGGCACTCC-1,1
TCAGGGCCACTAACCA-1,3
TCAGGGCCATTAAAGG-1,3
TCAGGGCGTGTGTGGA-1,1
TCAGGGCTCGTGTGAT-1,2
TCAGGTAAGGAAACGA-1,1
TCAGGTAAGGGTACGT-1,3
TCAGGTAAGGTAGACC-1,4
TCAGGTAGTACAAGTA-1,1
TCAGGTAGTAGCTTAC-1,1
TCAGGTAGTATAGGGC-1,3
TCAGGTATCAGCGCAC-1,1
TCAGGTATCGCACGAC-1,2
TCAGTCCCATTACTCT-1,1
TCAGTCCGTACTCAAC-1,2
TCAGTCCGTCGGAAAC-1,2
TCAGTCCGTGGTTCTA-1,4
TCAGTCCTCGAGTCCG-1,5
TCAGTGAAGTGGACGT-1,1
TCAGTGACATCCAACA-1,4
TCAGTGAGTCTAATCG-1,5
TCAGTGATCCAAGCCG-1,5
TCAGTGATCCATGCAA-1,3
TCAGTTTAGCATCCTA-1,6
TCAGTTTCATGAGATA-1,1
TCAGTTTCATGCTGCG-1,3
TCAGTTTGTAGCCCTG-1,2
TCAGTTTGTCTGTAAC-1,3
TCAGTTTGTGCATTTG-1,5
TCAGTTTGTTCTCAGA-1,4
TCAGTTTGTTGTGCCG-1,3
TCAGTTTTCAGGAGAC-1,1
TCATACTCAATTTCTC-1,6
TCATACTGTAGGACCA-1,2
TCATACTTCAATCAGC-1,1
TCATACTTCCTACGAA-1,4
TCATACTTCTTCCACG-1,5
TCATATCAGAGCAGTC-1,1
TCATATCAGTAATACG-1,2
TCATATCCACATTACG-1,4
TCATATCCATGACACT-1,2
TCATATCGTGCATGTT-1,6
TCATATCTCACAGTGT-1,4
TCATATCTCCTTTAGT-1,2
TCATCATAGACGCCCT-1,4
TCATCATAGTCTGCAT-1,2
TCATCATCAAGTTTGC-1,5
TCATCATCAATTGCTG-1,3
TCATCATGTCGACTGC-1,1
TCATCATGTTAGCTAC-1,3
TCATCCGAGCATCCTA-1,1
TCATCCGAGGGCCCTT-1,1
TCATCCGCAGAGAAAG-1,2
TCATCCGTCAATCCAG-1,4
TCATGAGCACACCTGG-1,5
TCATGAGCATGGAGAC-1,2
TCATGAGGTTGGGACA-1,3
TCATGAGGTTTGAACC-1,6
TCATGAGTCTGAACGT-1,2
TCATGCCCAATCACGT-1,5
TCATGCCCACCCTTGT-1,3
TCATGCCCAGACAAAT-1,5
TCATGCCGTCTTCATT-1,5
TCATGCCTCCCTTTGG-1,2
TCATGGAAGCTGCCAC-1,2
TCATGGACACATTCTT-1,2
TCATGGACATAATCGC-1,1
TCATGGAGTAACTGCT-1,4
TCATGGAGTATGGAGC-1,1
TCATGTTAGACCAGAC-1,1
TCATGTTAGAGCGACT-1,3
TCATGTTAGAGTCGAC-1,1
TCATGTTTCATCGGGC-1,6
TCATTACAGCTATCTG-1,3
TCATTACAGTCATCGT-1,2
TCATTACTCTCATTTG-1,1
TCATTCAAGGTCGTCC-1,3
TCATTCAGTCCACACG-1,3
TCATTCATCGTAGCCG-1,1
TCATTGTAGATGCTTC-1,2
TCATTGTAGCACACAG-1,6
TCATTGTAGCGATGGT-1,1
TCATTGTAGTCACGAG-1,4
TCATTGTAGTTGCATC-1,6
TCATTGTCACACCAGC-1,1
TCATTGTGTACGGATG-1,2
TCATTGTGTGATACAA-1,4
TCATTGTGTGTTCGAT-1,2
TCATTGTTCAAACCTG-1,4
TCATTTGAGTGCTCAT-1,1
TCATTTGAGTGTGTTC-1,6
TCATTTGAGTTTGCTG-1,5
TCATTTGCAAGACGGT-1,6
TCATTTGGTGAATGAT-1,6
TCATTTGTCAGAATAG-1,2
TCATTTGTCATCTCTA-1,5
TCATTTGTCCATCCGT-1,2
TCATTTGTCGAACTCA-1,4
TCATTTGTCGACCATA-1,5
TCCACCAAGGAACGTC-1,5
TCCACCACAATTAGGA-1,2
TCCACCAGTCAAACGG-1,3
TCCACCATCACTACTT-1,1
TCCACCATCAGCTGTA-1,1
TCCACCATCGTGGAAG-1,2
TCCACCATCTAACGGT-1,3
TCCACCATCTTCGGTC-1,2
TCCACGTAGGGCAACT-1,1
TCCACGTCAAAGAGTT-1,3
TCCACGTCATACACCA-1,2
TCCACGTGTGAGTAGC-1,3
TCCACGTTCCGAGAAG-1,6
TCCACGTTCCGCGATG-1,3
TCCACGTTCGAACCAT-1,2
TCCACGTTCGTACCTC-1,6
TCCAGAAAGGTAGTAT-1,1
TCCAGAACAAATACGA-1,3
TCCAGAACAGTATACC-1,4
TCCAGAACATGGGAAC-1,2
TCCAGAAGTACGATTC-1,3
TCCAGAAGTTCCGCTT-1,1
TCCAGAATCTTAGCCC-1,2
TCCATCGAGACCCTTA-1,1
TCCATCGAGACGAAGA-1,3
TCCATCGCAGGCGATA-1,2
TCCATCGGTAATTGGA-1,1
TCCATCGTCAGTGGGA-1,3
TCCATCGTCATGTCAG-1,2
TCCATCGTCCCGTAAA-1,2
TCCATGCGTAGCGTTT-1,6
TCCATGCGTTTCCAAG-1,2
TCCATGCTCACTCTTA-1,2
TCCATGCTCGTCCTTG-1,4
TCCATGCTCGTCTCAC-1,3
TCCATGCTCTGCAGCG-1,1
TCCCACACAAACCACT-1,2
TCCCACACAGGCTACC-1,2
TCCCACAGTACCAGAG-1,6
TCCCACAGTGAAGCTG-1,3
TCCCACAGTGTCATTG-1,2
TCCCACATCATGGTAC-1,6
TCCCACATCTCGGGAC-1,6
TCCCAGTAGACGGTCA-1,2
TCCCAGTCAAAGCGTG-1,1
TCCCAGTCACTATGTG-1,4
TCCCAGTGTCTCAAGT-1,5
TCCCAGTTCCATCTGC-1,2
TCCCATGAGTTTGGCT-1,1
TCCCATGCAGATACTC-1,2
TCCCATGGTCCTACGG-1,1
TCCCATGGTGGCCACT-1,3
TCCGAAACAATACCCA-1,3
TCCGAAACAGTTGAAA-1,3
TCCGAAATCCGTTTCG-1,3
TCCGAAATCTAGGCCG-1,3
TCCGATCCAGTAGAGC-1,1
TCCGATCCATCTTTCA-1,6
TCCGATCGTACCTAAC-1,4
TCCGATCGTACGATTC-1,2
TCCGATCGTCTGATAC-1,3
TCCGATCTCGTAGCCG-1,4
TCCGATCTCTGAGTCA-1,5
TCCGGGAAGCGGACAT-1,3
TCCGGGACAAGACAAT-1,3
TCCGGGAGTACTGGGA-1,1
TCCGGGAGTACTTCCC-1,1
TCCGGGAGTTCAAAGA-1,6
TCCGGGATCAAAGCCT-1,6
TCCGGGATCAGGAAAT-1,3
TCCGGGATCCACTAGA-1,1
TCCGGGATCGTGGAAG-1,1
TCCGTGTGTCTCGCGA-1,5
TCCGTGTGTGAACCGA-1,1
TCCGTGTTCGAGCACC-1,5
TCCGTGTTCTGTGCGG-1,1
TCCTAATAGTCGGCCT-1,1
TCCTAATCATAACGGG-1,3
TCCTAATCATACATCG-1,4
TCCTAATGTCTTAGTG-1,1
TCCTAATGTGCCTGCA-1,6
TCCTAATTCAGCTAGT-1,1
TCCTAATTCCTTATGT-1,6
TCCTCCCAGGCGTTGA-1,3
TCCTCCCCAAGGTCTT-1,5
TCCTCCCGTCCGATCG-1,2
TCCTCCCGTTTCCATT-1,6
TCCTCGAAGAGAGCAA-1,1
TCCTCGAAGTGAGTTA-1,1
TCCTCGACAACACAGG-1,5
TCCTCTTAGTAGACCG-1,3
TCCTCTTGTCTGTGGC-1,3
TCCTCTTGTGCGGTAA-1,1
TCCTGCAAGCTCGCAC-1,4
TCCTGCACACAACGAG-1,4
TCCTGCATCAGACCGC-1,4
TCCTGCATCCAGCTCT-1,6
TCCTTCTCAAAGACGC-1,2
TCCTTCTGTAAGGAGA-1,1
TCCTTCTGTGTGAGCA-1,1
TCCTTCTGTTGCATGT-1,6
TCCTTCTGTTGCGGCT-1,5
TCCTTCTTCAAGGAGC-1,3
TCCTTCTTCAGACCTA-1,6
TCCTTCTTCCGCAACG-1,1
TCCTTCTTCGGTCGGT-1,3
TCCTTCTTCTCGGTCT-1,1
TCCTTTCAGGAGATAG-1,6
TCCTTTCCACGGTCTG-1,2
TCCTTTCGTAATACCC-1,1
TCCTTTCTCACCTGGG-1,2
TCCTTTCTCCCATTTA-1,2
TCCTTTCTCTTCACAT-1,2
TCGAACAAGCAGCACA-1,3
TCGAACACATAGATGA-1,5
TCGAACAGTGTGTCCG-1,6
TCGAACATCCCAGCGA-1,3
TCGAACATCGTGCTCT-1,6
TCGAAGTCAATCCTTT-1,2
TCGAAGTGTCGACTTA-1,1
TCGAAGTGTTCTCCCA-1,1
TCGAAGTTCAACTACG-1,5
TCGAAGTTCTTCCCAG-1,4
TCGACCTAGGCCTTCG-1,3
TCGACCTAGGTTATAG-1,2
TCGACCTCATCGCTGG-1,4
TCGACGGAGGGAGTGG-1,4
TCGACGGCAAGAGGCT-1,6
TCGACGGCACTTGAAC-1,3
TCGACGGCATAGATCC-1,3
TCGACGGGTATAGGAT-1,6
TCGACGGTCAAATGAG-1,1
TCGACGGTCGCTAGCG-1,1
TCGATTTAGAATCTAG-1,1
TCGATTTAGACGCAGT-1,3
TCGATTTTCAATCCGA-1,3
TCGCACTAGCGCCATC-1,4
TCGCACTCAGTGGCTC-1,2
TCGCACTTCACTGAAC-1,3
TCGCACTTCCATACTT-1,2
TCGCAGGCACAACCGC-1,1
TCGCAGGGTGCTCTCT-1,3
TCGCAGGGTTGGCTAT-1,2
TCGCAGGGTTTACCTT-1,2
TCGCAGGTCGTGCATA-1,1
TCGCAGGTCTACTCAT-1,3
TCGCTCAAGAATTCAG-1,5
TCGCTCAAGATACGAT-1,4
TCGCTCAAGATGGCGT-1,2
TCGCTCAAGTGCTAGG-1,5
TCGCTCAAGTTTGAGA-1,1
TCGCTCACAATAAGGT-1,1
TCGCTCACAATTGCTG-1,5
TCGCTCAGTCTTGTCC-1,1
TCGCTCAGTTGCCTAA-1,6
TCGCTCATCGATCCAA-1,3
TCGCTCATCGTGCAGC-1,3
TCGCTTGAGAGAAGGT-1,2
TCGCTTGAGAGAATCT-1,4
TCGCTTGAGCAGATAT-1,2
TCGCTTGAGTCTCTGA-1,3
TCGCTTGGTCATCTAG-1,5
TCGCTTGTCAGGAAAT-1,3
TCGCTTGTCTTCGGTC-1,3
TCGGATAAGATTAGAC-1,6
TCGGATACATCGGAGA-1,1
TCGGATAGTCGATTAC-1,1
TCGGATAGTTGATCGT-1,1
TCGGATATCTAACGGT-1,4
TCGGGACAGCCTCACG-1,3
TCGGGACAGGCGCTCT-1,3
TCGGGACCACTACTTT-1,1
TCGGGACTCCCGAGAC-1,1
TCGGGCAAGCAAGGAA-1,3
TCGGGCACACCTATCC-1,1
TCGGGCACATGCAGGA-1,1
TCGGGCAGTACTCAAC-1,2
TCGGGCAGTCGTAATC-1,3
TCGGGCATCAGTCCGG-1,4
TCGGGTGAGACTGGGT-1,6
TCGGGTGCAATTCACG-1,1
TCGGGTGCACCTTCCA-1,1
TCGGTCTAGTAGGCCA-1,6
TCGGTCTCAAGTATAG-1,6
TCGGTCTCAAGTCCCG-1,4
TCGGTCTGTACCTGTA-1,1
TCGGTCTTCCTTGGAA-1,1
TCGGTCTTCGTGCACG-1,2
TCGGTCTTCTTGCAAG-1,2
TCGTAGACAAGAATGT-1,5
TCGTAGACAAGAGCTG-1,1
TCGTAGACAAGAGTAT-1,5
TCGTAGATCAGAGCGA-1,1
TCGTCCAAGCCTGGAA-1,1
TCGTCCAAGTCCCAAT-1,2
TCGTCCACAGAGGCAT-1,4
TCGTCCACATAAGATG-1,6
TCGTCCAGTCGTGTTA-1,3
TCGTCCAGTGGCACTC-1,2
TCGTCCAGTTCGATTG-1,3
TCGTCCATCATCTATC-1,2
TCGTGCTCATGGCTAT-1,1
TCGTGCTGTTTGTTCT-1,3
TCGTGGGCAAAGGTTA-1,1
TCGTGGGTCTAAACGC-1,1
TCTAACTAGGGCCCTT-1,5
TCTAACTCATCCGCGA-1,4
TCTAACTGTCAGGTAG-1,2
TCTAACTGTTCTTGTT-1,5
TCTAACTTCCTACGGG-1,2
TCTACATAGACTTAAG-1,1
TCTACATAGGATAATC-1,3
TCTACATCAGAGTCAG-1,4
TCTACATCATCGTGGC-1,3
TCTACATGTACCGTGC-1,1
TCTACATGTAGGTCAG-1,5
TCTACATGTATCGTTG-1,4
TCTACATGTCCAACGC-1,5
TCTACATGTGCTATTG-1,5
TCTACATTCGGAGTAG-1,1
TCTACCGAGTACTGTC-1,2
TCTACCGAGTTGCTCA-1,2
TCTACCGCACCAGTAT-1,1
TCTACCGCACGAAAGC-1,2
TCTACCGGTGAGTGAC-1,1
TCTACCGTCGTTAGTG-1,3
TCTATACAGGTTAGTA-1,5
TCTATACCAGTTAAAG-1,3
TCTATACGTGGCTGAA-1,6
TCTATACGTGTCTTGA-1,5
TCTATACGTTCTCCAC-1,3
TCTATACTCACGAACT-1,4
TCTATACTCCTCAGAA-1,2
TCTATACTCGCATTAG-1,5
TCTATCAAGATGACAT-1,2
TCTATCAAGGAGCAAA-1,2
TCTATCAAGTCGAATA-1,6
TCTATCACACATTACG-1,5
TCTATCAGTAGACTGG-1,6
TCTATCAGTAGCTAAA-1,5
TCTATCAGTGAAAGTT-1,3
TCTCACGAGGTAAGTT-1,1
TCTCACGCACGGTGAA-1,2
TCTCACGCAGGCATTT-1,5
TCTCACGCAGTTGAAA-1,5
TCTCACGGTAGCGTAG-1,3
TCTCACGGTATTGGCT-1,2
TCTCACGGTCTAGTGT-1,1
TCTCACGGTCTGATCA-1,4
TCTCACGGTTCAAACC-1,2
TCTCACGTCGGTCATA-1,1
TCTCACGTCTCCCTAG-1,4
TCTCAGCAGAAACTCA-1,4
TCTCAGCCACCGCTAG-1,2
TCTCAGCGTCACTCTC-1,2
TCTCAGCGTGCCTATA-1,6
TCTCAGCTCACTGGGC-1,2
TCTCAGCTCTGGACTA-1,3
TCTCCGACATAATCGC-1,1
TCTCCGAGTACTAAGA-1,2
TCTCCGAGTTCCTAGA-1,5
TCTCCGATCGGTCGGT-1,1
TCTCCGATCTTTGCAT-1,1
TCTCTGGAGCATTTCG-1,1
TCTCTGGAGCCTATCA-1,6
TCTCTGGAGCGCGTTC-1,3
TCTCTGGCACAATGCT-1,1
TCTCTGGGTAGCTAAA-1,3
TCTCTGGGTGGCTGAA-1,3
TCTCTGGTCATAAGGA-1,3
TCTGCCAAGGACGCTA-1,4
TCTGCCAGTCATTCCC-1,5
TCTGCCAGTGTTGATC-1,1
TCTGCCATCCGCAGTG-1,2
TCTGCCATCGCGAAGA-1,1
TCTGCCATCTAGATCG-1,5
TCTGGCTCAAGCGGAT-1,1
TCTGGCTGTCTGCCTT-1,2
TCTGGCTTCAGCGCGT-1,2
TCTGGCTTCAGGAAAT-1,1
TCTGTCGGTATGGGAC-1,6
TCTGTCGGTGTTAGCT-1,3
TCTGTCGTCCTAGAGT-1,3
TCTTAGTCAAGAAATC-1,1
TCTTAGTCAATACCCA-1,1
TCTTAGTCATCGGATT-1,3
TCTTAGTGTAAGACCG-1,5
TCTTAGTGTATCGGTT-1,3
TCTTAGTGTATGTCTG-1,2
TCTTAGTGTCGTTCAA-1,3
TCTTAGTTCGAAGTGG-1,3
TCTTAGTTCTGGGTCG-1,1
TCTTAGTTCTGTACAG-1,1
TCTTAGTTCTGTCCGT-1,2
TCTTCCTAGAGGGTGG-1,1
TCTTCCTAGGGCAGTT-1,3
TCTTCCTCACAGCTTA-1,2
TCTTCCTCACCGTGGT-1,2
TCTTCCTTCATGAAAG-1,4
TCTTGCGAGCACGATG-1,6
TCTTGCGAGTGGAATT-1,3
TCTTGCGCAAAGCTCT-1,5
TCTTGCGCATCTTTCA-1,3
TCTTGCGGTAACCCGC-1,4
TCTTGCGGTGCCGAAA-1,1
TCTTGCGTCACACCCT-1,6
TCTTTGACACCAGACC-1,3
TCTTTGAGTCGCATGC-1,2
TCTTTGAGTGTTCCTC-1,1
TCTTTGATCAAACGTC-1,1
TGAACGTAGTACAACA-1,1
TGAACGTCAATTCTTC-1,2
TGAACGTCAGAACATA-1,4
TGAACGTCAGTAACCT-1,3
TGAACGTCATCTGCGG-1,4
TGAACGTTCCATAGGT-1,2
TGAACGTTCCTGCCAT-1,2
TGAACGTTCGGTCATA-1,1
TGAATCGAGACTAAGT-1,4
TGAATCGAGATCACCT-1,3
TGAATCGAGATCCCAT-1,6
TGAATCGAGCATATGA-1,5
TGAATCGAGCCAACCC-1,2
TGAATCGCAATTTCCT-1,6
TGAATCGGTAGAATAC-1,5
TGAATCGGTGAGCCAA-1,1
TGAATCGTCGACCAAT-1,6
TGAATCGTCTCGTTTA-1,1
TGAATGCAGGCAGGGA-1,5
TGACAGTAGGGAACAA-1,4
TGACAGTAGTGCGCTC-1,3
TGACAGTGTACCATAC-1,2
TGACAGTGTAGCTGCC-1,3
TGACCCTAGGCCTGAA-1,3
TGACCCTCAAGCGAGT-1,1
TGACCCTCACAGTGAG-1,3
TGACCCTCACGACAGA-1,1
TGACCCTCACTTGAGT-1,4
TGACCCTCATGTGACT-1,3
TGACCCTGTTAACCTG-1,2
TGACCCTGTTATAGCC-1,6
TGACCCTGTTTCCAAG-1,4
TGACGCGAGACCAGCA-1,4
TGACGCGCATGCGGTC-1,4
TGACGCGGTAGATTGA-1,5
TGACGCGTCCAGCCTT-1,4
TGACTCCAGCTCATAC-1,3
TGACTCCTCAAGAAAC-1,4
TGACTCCTCACATACG-1,4
TGACTCCTCCCTCGAT-1,3
TGAGACTAGTCACTAC-1,3
TGAGACTCACTGAGTT-1,5
TGAGACTGTGACTCGC-1,5
TGAGACTTCATGCGGC-1,1
TGAGACTTCCACATAG-1,3
TGAGCATAGCTCAGAG-1,1
TGAGCATCAAAGCGTG-1,6
TGAGCATGTCAAGGCA-1,6
TGAGCATGTCGCATGC-1,5
TGAGCATTCCGAGCTG-1,2
TGAGCGCAGCCGAATG-1,1
TGAGCGCAGGTCCGAA-1,3
TGAGCGCCAATATCCG-1,1
TGAGCGCCAGGAATAT-1,6
TGAGCGCCATGATCTG-1,1
TGAGCGCGTACCTTCC-1,1
TGAGCGCGTACTGGGA-1,1
TGAGCGCGTGCAACAG-1,1
TGAGCGCGTTGCTCAA-1,3
TGAGCGCTCATACAGC-1,6
TGAGCGCTCCATCACC-1,4
TGAGCGCTCGAGTGGA-1,1
TGAGGGACACGTGAGA-1,2
TGAGGGAGTGTGATGG-1,1
TGAGGGATCAACTGAC-1,3
TGAGGGATCCGTATGA-1,1
TGAGGGATCTGTCCCA-1,4
TGAGGTTAGAAACTGT-1,1
TGAGGTTAGACGCTCC-1,1
TGAGGTTAGTATAGAC-1,3
TGAGGTTCACGCTTAA-1,5
TGAGGTTGTCACTGAT-1,6
TGAGTCAAGAATAGTC-1,3
TGAGTCAAGGAGAATG-1,2
TGAGTCAAGGCCGCTT-1,3
TGAGTCACACGGTAGA-1,2
TGAGTCAGTATAGGGC-1,4
TGAGTCAGTCCAAGAG-1,3
TGAGTCATCCAACTGA-1,2
TGAGTCATCGCTAATG-1,3
TGAGTCATCTGGAAGG-1,3
TGATCAGAGTAATTGG-1,3
TGATCAGAGTAGAATC-1,3
TGATCAGCAAGTTCCA-1,1
TGATCAGGTTGGGCCT-1,1
TGATCAGTCCCTTGGT-1,3
TGATCAGTCTGTCTCG-1,1
TGATCTTAGCAAATCA-1,5
TGATCTTAGCATGCGA-1,1
TGATCTTCACTTGGCG-1,1
TGATCTTGTGCTCGTG-1,6
TGATCTTTCGCTCCTA-1,2
TGATGCAAGACGGTTG-1,1
TGATGCAAGAGTGTGC-1,1
TGATGCAAGCCGGATA-1,2
TGATGCAGTGTGAATA-1,2
TGATGCATCAGACAAA-1,2
TGATGCATCAGTCACA-1,1
TGATGGTAGGAGGCAG-1,1
TGATGGTAGTCCTACA-1,4
TGATGGTCAAATGGCG-1,3
TGATGGTGTTCAAGGG-1,4
TGATGGTTCATTGTTC-1,1
TGATTCTCACTGTCCT-1,2
TGATTCTTCAACACGT-1,4
TGATTCTTCAGTGTTG-1,5
TGATTCTTCCCGAGGT-1,3
TGATTCTTCGCTCCTA-1,2
TGATTTCAGATAGTGT-1,1
TGATTTCAGTACTGTC-1,3
TGATTTCCAATCACGT-1,5
TGATTTCCAATTGCTG-1,3
TGATTTCCACCCAAGC-1,2
TGATTTCGTAGTTACC-1,6
TGATTTCGTGGGCTTC-1,1
TGATTTCTCGAATCCA-1,1
TGCACGGCAAGGGCAT-1,1
TGCACGGGTACTTCCC-1,1
TGCACGGGTTGACGGA-1,1
TGCACGGTCACTCCGT-1,6
TGCAGATAGCGGATCA-1,1
TGCAGATAGTTCCTGA-1,2
TGCAGATTCTATTCGT-1,2
TGCAGGCAGGTGAGAA-1,1
TGCAGGCCAGGTTCAT-1,2
TGCAGGCGTAGCTAAA-1,4
TGCAGGCGTGAGACGT-1,1
TGCAGTAAGAGAGTTT-1,1
TGCAGTACAGTCAGCC-1,4
TGCAGTATCAGAACCT-1,1
TGCAGTATCGACATTG-1,5
TGCAGTATCGAGATGG-1,1
TGCAGTATCTCCGATC-1,3
TGCATCCAGAGCCGTA-1,3
TGCATCCAGCATGATA-1,5
TGCATCCAGCGAGGAG-1,3
TGCATCCAGGAACGTC-1,2
TGCATCCAGGGCTTCC-1,2
TGCATCCCAACGCATT-1,5
TGCATGAAGACTACGG-1,1
TGCATGAAGTCGAATA-1,1
TGCATGAAGTGGTCAG-1,2
TGCATGACAGTACTAC-1,6
TGCATGAGTAGTCCTA-1,3
TGCATGAGTGCTCCGA-1,1
TGCATGAGTGGAACCA-1,1
TGCATGATCGTTCAGA-1,5
TGCCGAGAGCAATTCC-1,3
TGCCGAGAGGTACCTT-1,2
TGCCGAGCAATTCTCT-1,1
TGCCGAGCACTCAAGT-1,3
TGCCGAGGTATATGGA-1,1
TGCCGAGGTCAGCTTA-1,2
TGCCGAGTCCCACAGG-1,4
TGCCGAGTCCGAGCTG-1,5
TGCGACGAGATCCCAT-1,1
TGCGACGAGGTAAGAG-1,1
TGCGACGCAACTTCTT-1,5
TGCGACGCAAGGAGTC-1,4
TGCGACGCATGAGAAT-1,1
TGCGACGTCCACGGAC-1,1
TGCGACGTCCCTCGTA-1,3
TGCGACGTCTCACCCA-1,1
TGCGACGTCTCGCGTT-1,1
TGCGATAAGAGAGGGC-1,1
TGCGATAAGTCAACAA-1,1
TGCGATACAGCGTGCT-1,1
TGCGATAGTTACAGCT-1,3
TGCGATAGTTTGAAAG-1,2
TGCGATATCACTGAAC-1,1
TGCGGCAAGCATACTC-1,1
TGCGGCAAGCGTTACT-1,3
TGCGGCACAAGTTCCA-1,2
TGCGGCACAGCTACAT-1,6
TGCGGCACATTCACCC-1,1
TGCGGCAGTCACTTCC-1,3
TGCGGCAGTCGCCTAG-1,5
TGCGGCAGTGTAGGAC-1,2
TGCGGCATCCTGGTCT-1,5
TGCGGCATCCTTATAC-1,6
TGCGGCATCTCCGTGT-1,4
TGCGGGTGTCATACCA-1,2
TGCGGGTTCAAGCTTG-1,1
TGCGGGTTCTAGACAC-1,3
TGCTCCAAGACTGAGC-1,6
TGCTCCAAGTATGACA-1,3
TGCTCCAAGTGTACCT-1,5
TGCTCCAGTGGATGAC-1,4
TGCTCGTAGCAGGTCA-1,1
TGCTCGTAGGGAGTTC-1,1
TGCTCGTCACCATATG-1,2
TGCTCGTGTCAATCTG-1,1
TGCTCGTGTTCGTGCG-1,1
TGCTGAATCACTCCGT-1,3
TGCTTCGAGTTCTCTT-1,5
TGCTTCGCAACCAACT-1,6
TGCTTCGCAGGCGAAT-1,3
TGCTTCGTCTTAATCC-1,2
TGCTTGCAGAGAAGGT-1,2
TGCTTGCAGCTACGTT-1,4
TGCTTGCCAGTAGAAT-1,6
TGCTTGCCATGTTACG-1,5
TGCTTGCGTAGGTTTC-1,3
TGCTTGCGTCTGGTTA-1,3
TGCTTGCGTGCAGTGA-1,5
TGCTTGCGTTACCCAA-1,3
TGCTTGCTCGACGAGA-1,1
TGCTTGCTCGTCGACG-1,2
TGGAACTAGATGTTAG-1,5
TGGAACTAGCAGTAAT-1,1
TGGAACTGTGCAGATG-1,1
TGGAACTGTTAAGACA-1,2
TGGAACTTCCAAGCTA-1,3
TGGAACTTCCTTCTTC-1,3
TGGAACTTCTGAGCAT-1,1
TGGAGAGAGCATGTTC-1,1
TGGAGAGGTCGTATTG-1,1
TGGAGAGTCATCGCTC-1,5
TGGAGGAAGGCGAAGG-1,3
TGGAGGAAGTCCCAAT-1,1
TGGAGGACAACAACAA-1,1
TGGAGGACACAAGCAG-1,3
TGGAGGACACATACTG-1,1
TGGAGGAGTCGCATGC-1,3
TGGAGGAGTGGTCCGT-1,1
TGGAGGATCACTGGTA-1,4
TGGATCACAATGCAAA-1,1
TGGATCACATGCGTGC-1,3
TGGATCATCCGAGTGC-1,6
TGGATGTCAAGAGTGC-1,1
TGGATGTCAGAGTTGG-1,6
TGGATGTCAGTGCGCT-1,1
TGGATGTCATCGCCTT-1,1
TGGATGTGTATGAAAC-1,1
TGGATGTGTGTCATCA-1,6
TGGCGTGAGATTAGTG-1,1
TGGCGTGAGGAAGTCC-1,6
TGGCGTGCAGGTGAGT-1,2
TGGCGTGGTCATTCCC-1,1
TGGCGTGTCCAGTACA-1,1
TGGCGTGTCGGCTGAC-1,1
TGGGAAGCAAATCAAG-1,1
TGGGAAGCAGGTGGAT-1,1
TGGGAAGGTAGAATGT-1,5
TGGGAAGTCATGAGGG-1,3
TGGGAAGTCGATACGT-1,2
TGGGAGAAGATGAACT-1,3
TGGGAGATCAAGATAG-1,3
TGGGATTAGATCCAAA-1,2
TGGGATTAGGTGCTTT-1,3
TGGGATTCACAGACGA-1,6
TGGGATTCAGCTGTAT-1,4
TGGGATTGTATGTGTC-1,3
TGGGATTGTCAACGCC-1,4
TGGGATTGTTACGTAC-1,2
TGGGATTTCACGAGGA-1,2
TGGGATTTCAGCGTCG-1,5
TGGGATTTCATATGGC-1,3
TGGGATTTCATGGCCG-1,3
TGGGATTTCCCATTTA-1,4
TGGGATTTCTGCGAGC-1,1
TGGGCGTAGCGCCGTT-1,3
TGGGCGTAGTAGATCA-1,6
TGGGCGTGTCTGTGAT-1,1
TGGGCGTTCAGATTGC-1,1
TGGGCTGCAATATCCG-1,5
TGGGCTGGTTCGGTAT-1,2
TGGGCTGTCCAACCGG-1,3
TGGGCTGTCGGTTGTA-1,1
TGGGCTGTCTTGCGCT-1,3
TGGGCTGTCTTTCCAA-1,2
TGGGTTACAAACTCTG-1,1
TGGGTTACACGTCTCT-1,6
TGGGTTACATCGCTGG-1,3
TGGGTTAGTCGGCTAC-1,3
TGGGTTAGTGAGAGGG-1,1
TGGGTTATCATGAAAG-1,4
TGGTACAAGGAGTCTG-1,1
TGGTACACAATCACGT-1,2
TGGTACACAGACAAAT-1,6
TGGTACAGTAGCCCTG-1,2
TGGTACAGTCTTCAAG-1,4
TGGTACAGTTCCGCGA-1,5
TGGTAGTAGATGACCG-1,3
TGGTAGTAGGGATCAC-1,1
TGGTAGTCATCGTGCG-1,4
TGGTGATAGGACACTG-1,1
TGGTGATGTCTCGGAC-1,6
TGGTGATGTGGCTGCT-1,4
TGGTGATTCCCATTTA-1,1
TGGTGATTCCTGGGAC-1,2
TGGTGATTCTTCCTAA-1,3
TGGTTAGAGCCTCTGG-1,1
TGGTTAGAGTGTGTTC-1,1
TGGTTAGCAATACGAA-1,2
TGGTTAGTCAAAGACA-1,5
TGGTTAGTCACCACAA-1,5
TGGTTAGTCGAACGCC-1,3
TGGTTAGTCTGTGCGG-1,6
TGTAACGGTACAGGTG-1,1
TGTAACGTCACTACGA-1,1
TGTAACGTCACTGTTT-1,1
TGTAACGTCATGCCCT-1,6
TGTAACGTCCATTCGC-1,1
TGTAAGCAGAGCAAGA-1,2
TGTAAGCAGGCCCACT-1,6
TGTAAGCAGGTCCTGC-1,3
TGTAAGCGTCAGTTTG-1,1
TGTAAGCTCAATCCAG-1,2
TGTAAGCTCATACGGT-1,1
TGTAAGCTCCGGTTCT-1,3
TGTACAGAGCTGTTAC-1,3
TGTACAGGTAGAGATT-1,1
TGTACAGTCAACTGGT-1,1
TGTACAGTCCAGGACC-1,1
TGTACAGTCGCTTGAA-1,1
TGTAGACCAACCCTCT-1,1
TGTAGACCAGCGACAA-1,3
TGTAGACGTAATGCGG-1,2
TGTAGACGTCCACACG-1,1
TGTAGACGTCTAGTGT-1,1
TGTAGACGTTTGTGGT-1,2
TGTCAGAAGAAACCAT-1,2
TGTCAGAAGAACAGGA-1,3
TGTCAGAAGTAAGCAT-1,6
TGTCAGAAGTGGCGAT-1,1
TGTCAGAAGTTGTCAC-1,4
TGTCAGACACTAGGCC-1,3
TGTCAGACATCTATCT-1,2
TGTCAGAGTACAACGG-1,2
TGTCAGATCCTAGCTC-1,3
TGTCCACAGCCTCTCT-1,1
TGTCCACTCCGCAACG-1,2
TGTCCCAAGACATAAC-1,3
TGTCCCAAGTGGTTGG-1,4
TGTCCCACATAGTCAC-1,4
TGTCCCAGTGACTGTT-1,3
TGTCCTGCACTAGTAC-1,2
TGTCCTGCAGGTGACA-1,1
TGTCCTGCAGTAGTGG-1,4
TGTCCTGGTCATTGCA-1,3
TGTCCTGGTTGGGTAG-1,4
TGTCCTGTCTGCATAG-1,3
TGTGAGTAGTTGTCGT-1,1
TGTGAGTCACGACCTG-1,2
TGTGAGTGTCTAGGCC-1,5
TGTGATGCAAGAGTAT-1,3
TGTGATGCATTCACCC-1,3
TGTGATGTCAGTCACA-1,2
TGTGATGTCCCAAGCG-1,1
TGTGATGTCCGAGCTG-1,1
TGTGCGGAGCACGATG-1,3
TGTGCGGCAGTGGCTC-1,1
TGTGCGGGTCCACACG-1,3
TGTGGCGAGAACCGCA-1,1
TGTGGCGAGCGTATGG-1,6
TGTGGCGAGCTGCGAA-1,5
TGTGGCGAGGTCCCGT-1,6
TGTGGCGAGTTAGTGA-1,1
TGTGGCGGTGGTTTAC-1,1
TGTGGCGTCATCCCGT-1,6
TGTGGCGTCCCGATCT-1,5
TGTGGCGTCCTAAGTG-1,4
TGTGTGAAGTATGAAC-1,1
TGTGTGAAGTGCAACG-1,5
TGTGTGAAGTTAACAG-1,3
TGTGTGAAGTTGGCTT-1,3
TGTGTGACAAGAGGTC-1,3
TGTGTGACACCAGACC-1,1
TGTTACTAGCATATGA-1,6
TGTTACTCAATTGCTG-1,4
TGTTACTCAGCTTTCC-1,5
TGTTACTGTCAAAGTA-1,1
TGTTACTGTTGGACTT-1,1
TGTTACTTCATGCATG-1,4
TGTTACTTCATTTACC-1,4
TGTTACTTCTCACCCA-1,3
TGTTCATAGGAGATAG-1,4
TGTTCATCAACCGGAA-1,1
TGTTCATCATGACGAG-1,3
TGTTCATTCTAGAACC-1,1
TGTTCCGCAAATAGCA-1,1
TGTTCCGCAGCGGTTC-1,1
TGTTCCGCATGAGTAA-1,3
TGTTCCGGTATCATGC-1,1
TGTTCCGGTCGAATGG-1,3
TGTTCCGGTGAAGCGT-1,4
TGTTCTAAGGTCACTT-1,6
TGTTCTACACTGGATT-1,2
TGTTCTAGTACTCCGG-1,3
TGTTCTAGTCGTCTCT-1,2
TGTTCTAGTGCATACT-1,1
TGTTCTATCGATAACC-1,2
TGTTCTATCTCAGGCG-1,3
TGTTGAGAGGTTAAAC-1,1
TGTTGAGCAGCAAGAC-1,2
TGTTGAGGTCTCAGAT-1,4
TGTTGAGGTTCCACAA-1,1
TGTTGAGTCCGAGCTG-1,1
TGTTGAGTCGTTCTCG-1,1
TGTTGAGTCTACGGGC-1,3
TGTTGAGTCTGCATGA-1,1
TGTTGGAAGTTCATGC-1,1
TGTTGGAGTAATCAAG-1,1
TGTTGGAGTCGACTGC-1,5
TGTTGGATCCGAAATC-1,1
TGTTTGTAGGGCAAGG-1,1
TGTTTGTCAATGGCAG-1,1
TGTTTGTGTCGTCAGC-1,3
TGTTTGTTCTCATAGG-1,1
TTAATCCAGCACGGAT-1,4
TTAATCCCAGCTTCGG-1,3
TTAATCCCATCACGGC-1,3
TTAATCCGTGCAGGAT-1,3
TTAATCCTCGCACGGT-1,1
TTACAGGAGACTGGGT-1,3
TTACAGGCAAAGGGTC-1,1
TTACAGGCAACAGAGC-1,2
TTACAGGCAGACGATG-1,1
TTACAGGCAGTAGAAT-1,1
TTACAGGCAGTGTACT-1,1
TTACAGGGTCTCTCTG-1,6
TTACAGGGTCTTTCAT-1,3
TTACAGGGTGGCCCAT-1,6
TTACAGGGTTTACTGG-1,6
TTACAGGTCATGAAAG-1,4
TTACAGGTCGGACGTC-1,2
TTACAGGTCTACTGCC-1,5
TTACCATAGATAACGT-1,4
TTACCATCACTGGCCA-1,1
TTACCATTCTGGAAGG-1,1
TTACCGCAGCAAATCA-1,6
TTACCGCAGGATCACG-1,2
TTACCGCCACACGTGC-1,4
TTACCGCCACGAAAGC-1,1
TTACCGCCACTATGTG-1,3
TTACCGCGTCACTGAT-1,1
TTACCGCTCGTCCATC-1,6
TTACCGCTCTGTACAG-1,1
TTACCGCTCTTGGTGA-1,5
TTACGCCAGACGGATC-1,2
TTACGCCCAAGGTTGG-1,5
TTACGCCCAATCCTTT-1,3
TTACGCCCACCCTATC-1,3
TTACGCCGTATCGTTG-1,1
TTACGTTAGCGAACTG-1,1
TTACTGTAGACTACGG-1,5
TTACTGTAGAGATCGC-1,1
TTACTGTGTAGAATAC-1,6
TTACTGTGTCTCTCAC-1,3
TTACTGTGTGTGAGCA-1,2
TTACTGTGTTCAGTAC-1,2
TTACTGTTCAGCCCAG-1,2
TTACTGTTCTATTTCG-1,5
TTAGGCAAGCGATCGA-1,1
TTAGGCACATCTCCCA-1,5
TTAGGCAGTTAGAGAT-1,1
TTAGGCATCCCTCTTT-1,2
TTAGGGTAGAGCGACT-1,3
TTAGGGTAGGAACGAA-1,1
TTAGGGTAGGCGCTTC-1,5
TTAGGGTGTAGAGATT-1,4
TTAGGGTGTATCACGT-1,1
TTAGGGTGTGGATTTC-1,2
TTAGGGTGTTTAGACC-1,3
TTAGGGTTCTTACCAT-1,4
TTAGTCTCAATACGAA-1,2
TTAGTCTCATGAATAG-1,6
TTAGTCTTCAGGTAAA-1,2
TTATTGCAGGACTAAT-1,3
TTATTGCAGTTCCGTA-1,2
TTATTGCCACCATAAC-1,4
TTATTGCGTCACATTG-1,1
TTATTGCGTGGACCAA-1,1
TTATTGCGTTATTCTC-1,5
TTCAATCAGTCTTCGA-1,2
TTCAATCGTGCAACGA-1,5
TTCAATCGTTTCGTAG-1,1
TTCACCGAGGTAGCCA-1,1
TTCACCGAGTTCCATG-1,1
TTCACCGCAAAGGTTA-1,3
TTCACCGCAGAGCGTA-1,3
TTCACCGGTCCACGCA-1,1
TTCACCGGTCTCAAGT-1,5
TTCACCGGTTTATGCG-1,2
TTCACCGTCAAGCCAT-1,4
TTCACCGTCATGAAAG-1,1
TTCACCGTCTACTGCC-1,4
TTCACGCAGGAAACGA-1,3
TTCACGCCAGGGTTGA-1,2
TTCACGCCAGTCAGTT-1,4
TTCACGCTCAAGTTGC-1,1
TTCACGCTCCGTTTCG-1,3
TTCAGGACAACCTATG-1,5
TTCAGGACAATCTGCA-1,3
TTCAGGACAGAGCGTA-1,1
TTCAGGACAGAGTTGG-1,5
TTCAGGATCACGATCA-1,4
TTCAGGATCGGTCAGC-1,1
TTCATGTAGCGGTATG-1,1
TTCATGTAGGTAGATT-1,3
TTCATGTAGTAGTCCT-1,5
TTCATGTCACAAGCCC-1,2
TTCATGTGTAACTGCT-1,2
TTCATGTGTATGCAAA-1,6
TTCATGTGTCTACGTA-1,5
TTCATGTTCCAATGCA-1,1
TTCATGTTCGAAGGAC-1,4
TTCATTGGTAGACACG-1,6
TTCATTGGTTGAGTCT-1,1
TTCATTGTCCTAACAG-1,4
TTCATTGTCGTGGCTG-1,1
TTCATTGTCTTTGCAT-1,2
TTCCAATAGATCCTAC-1,1
TTCCAATAGCGGTAAC-1,3
TTCCAATCACGGTGCT-1,3
TTCCAATCAGTGAGCA-1,2
TTCCACGAGACTGTTC-1,4
TTCCACGAGAGACAAG-1,2
TTCCACGAGCCTAGGA-1,4
TTCCACGAGGTATAGT-1,1
TTCCACGCATATACCG-1,3
TTCCACGCATTGTCGA-1,3
TTCCACGGTTATCTGG-1,2
TTCCACGTCAAACTGC-1,4
TTCCACGTCTCGTTTA-1,4
TTCCGGTCACTACTTT-1,2
TTCCGGTCAGGCGATA-1,1
TTCCGGTGTCTTGGTA-1,5
TTCCGGTTCACCATCC-1,1
TTCCGGTTCAGCCTCT-1,3
TTCCGGTTCTCGCGTT-1,4
TTCCGTGAGAAGTCCG-1,1
TTCCGTGAGTAGAGTT-1,1
TTCCGTGCACGCAGTC-1,2
TTCCGTGCATTCAGGT-1,2
TTCCGTGGTATCGTAC-1,6
TTCCGTGTCAGAACCT-1,3
TTCCGTGTCGTTCATT-1,4
TTCCTAAAGGTCCGAA-1,3
TTCCTAAAGTGATGGC-1,3
TTCCTAAGTGCCGTTG-1,4
TTCCTAAGTTACCTGA-1,3
TTCCTAATCCCACAGG-1,4
TTCCTCTAGGGAGTGG-1,3
TTCCTCTCAACTACGT-1,5
TTCCTCTCAGCACAGA-1,3
TTCCTCTTCTTAGCCC-1,3
TTCCTTCAGTAAAGCT-1,2
TTCCTTCTCAGCATTG-1,5
TTCGATTCAGACAAAT-1,3
TTCGATTGTGGCCCAT-1,6
TTCGATTTCCCTCTTT-1,2
TTCGATTTCGTCGGGT-1,1
TTCGCTGAGGGCTTCC-1,4
TTCGCTGCACTAGAGG-1,6
TTCGCTGCAGTCGAGA-1,1
TTCGCTGGTAGAGATT-1,5
TTCGCTGGTCGGCTAC-1,1
TTCGCTGTCAACTACG-1,6
TTCGCTGTCCCTGTTG-1,4
TTCGGTCCACTCATAG-1,1
TTCGGTCCAGCATGCC-1,1
TTCGGTCGTCTTCAAG-1,2
TTCGGTCTCTCGTTTA-1,6
TTCTAACAGGCGTTAG-1,3
TTCTAACAGTATAGAC-1,2
TTCTAACAGTCACGAG-1,5
TTCTAACCAAAGGATT-1,2
TTCTAACCACCTTCGT-1,5
TTCTAACCAGGCCTGT-1,2
TTCTAACCATCCTTCG-1,5
TTCTAACGTAGAATAC-1,2
TTCTAACGTAGGTGCA-1,1
TTCTAACTCAAACGTC-1,5
TTCTAGTAGCAGCAGT-1,5
TTCTAGTAGCAGCCCT-1,6
TTCTAGTAGCAGCCTC-1,6
TTCTAGTAGTCATGGG-1,4
TTCTAGTTCGGTTGTA-1,1
TTCTCTCAGAGGTGCT-1,3
TTCTCTCGTACTCGAT-1,5
TTCTCTCTCAAGCCAT-1,2
TTCTCTCTCACTGTTT-1,4
TTCTCTCTCTAGTCAG-1,3
TTCTGTAAGGTGCTAG-1,4
TTCTGTAGTCTACTGA-1,1
TTCTGTAGTGTTTACG-1,1
TTCTTCCAGGTACAAT-1,2
TTCTTCCCAATCAAGA-1,5
TTCTTCCCACGGTGAA-1,2
TTCTTCCGTCACCCTT-1,3
TTCTTCCGTCGCGTTG-1,5
TTCTTCCGTTGAGGAC-1,1
TTCTTGAAGAGGCCAT-1,3
TTCTTGAAGTGACACG-1,1
TTCTTGACAACACGTT-1,2
TTCTTGAGTTAGGCTT-1,1
TTGAACGAGCGTTAGG-1,1
TTGAACGAGTAACAGT-1,6
TTGAACGCAACACAAA-1,5
TTGAACGGTACGCGTC-1,1
TTGAACGGTTCTATCT-1,2
TTGAACGTCGTAGCTA-1,3
TTGAACGTCGTTCCCA-1,1
TTGACCCAGGCCACCT-1,2
TTGACCCTCACTTATC-1,4
TTGACCCTCGCATTAG-1,2
TTGAGTGAGGGATCAC-1,4
TTGAGTGAGTCGGGAT-1,1
TTGAGTGAGTTACGGG-1,6
TTGAGTGCAACTTGGT-1,1
TTGAGTGGTGGGCTTC-1,1
TTGAGTGTCACGAGGA-1,3
TTGAGTGTCGAGTACT-1,2
TTGAGTGTCTGGAGAG-1,1
TTGATGGAGGGCAAGG-1,4
TTGATGGAGTGGTGAC-1,1
TTGATGGCAGAAGTGC-1,2
TTGATGGCAGGCGTTC-1,1
TTGATGGGTCTACGAT-1,1
TTGATGGGTTTAGAGA-1,1
TTGATGGTCTCGTCAC-1,3
TTGATGGTCTCTGCTG-1,4
TTGCATTAGAGGTATT-1,4
TTGCATTAGGCACTAG-1,2
TTGCATTCACTTGGGC-1,5
TTGCATTGTGGCATCC-1,3
TTGCATTTCCCGAAAT-1,3
TTGCCTGAGCAATTAG-1,1
TTGCCTGGTACAGAAT-1,2
TTGCCTGGTAGGTCAG-1,1
TTGCGTCAGGGCAATC-1,4
TTGCGTCAGTAGGGTC-1,1
TTGCGTCCATCGCTCT-1,3
TTGCGTCTCAAGAGGC-1,5
TTGCGTCTCACCTTAT-1,4
TTGCTGCAGACGATAT-1,5
TTGCTGCAGCGTTGTT-1,1
TTGCTGCAGCTAAATG-1,1
TTGCTGCTCTGGGCGT-1,1
TTGGATGGTCAAACGG-1,1
TTGGATGGTCACTCAA-1,1
TTGGATGGTGCGTTTA-1,1
TTGGATGTCCAGTGCG-1,1
TTGGGATAGACGACTG-1,2
TTGGGATAGGTGCGAT-1,6
TTGGGATGTGTTCAGT-1,1
TTGGGATGTTGCATAC-1,4
TTGGGCGCAGCCCAGT-1,1
TTGGGCGCATGAAAGT-1,1
TTGGGCGTCATCAGTG-1,4
TTGGGCGTCCAGTGTA-1,1
TTGGGTATCCTAAGTG-1,3
TTGGGTATCCTGCTAC-1,1
TTGGGTATCTAGACAC-1,5
TTGGGTATCTCTGAGA-1,5
TTGGTTTAGCTAAACA-1,2
TTGGTTTCAAACTAAG-1,1
TTGGTTTGTCTTGCGG-1,4
TTGGTTTTCTGCGAGC-1,4
TTGTGGAAGTTGCATC-1,1
TTGTGGACACCCTAAA-1,3
TTGTGGACACCTGCAG-1,5
TTGTGGACATCATGAC-1,3
TTGTGGACATGCCGGT-1,4
TTGTGGACATGGACAG-1,5
TTGTGGAGTACGTGTT-1,1
TTGTGGATCATCGCCT-1,4
TTGTGGATCCGTGTCT-1,3
TTGTGGATCCTATGGA-1,6
TTGTGTTAGTCACTAC-1,6
TTGTGTTAGTCATGGG-1,1
TTGTGTTCAAATCAGA-1,5
TTGTGTTCAGACAAAT-1,1
TTGTGTTGTAACCCTA-1,1
TTGTGTTGTATCGGTT-1,3
TTGTGTTGTGATTCAC-1,4
TTGTGTTGTGGTAACG-1,2
TTGTGTTTCCCTCTCC-1,1
TTGTTCAAGAGCTGAC-1,1
TTGTTCAAGCATGGGT-1,3
TTGTTCAAGCGACTGA-1,3
TTGTTCAAGGATCATA-1,6
TTGTTCAAGTTCCGGC-1,5
TTGTTCACAACCAATC-1,2
TTGTTCACAGAACTTC-1,4
TTGTTCACATACTGAC-1,3
TTGTTCAGTGCACGCT-1,6
TTGTTCATCACTTATC-1,3
TTGTTGTAGACTGTTC-1,3
TTGTTGTAGATGCTTC-1,5
TTGTTGTAGCACTGGA-1,3
TTGTTGTAGGTGAGCT-1,1
TTGTTGTAGTCGCCAC-1,6
TTGTTGTCACATTCTT-1,2
TTGTTGTCACTGGACC-1,3
TTGTTGTCATGCCATA-1,1
TTGTTGTTCCAATGCA-1,5
TTGTTGTTCCTTGAAG-1,4
TTGTTGTTCGTACCTC-1,2
TTGTTGTTCTTGCGCT-1,3
TTGTTTGAGAGTCCGA-1,4
TTGTTTGAGCAGGCTA-1,4
TTGTTTGAGGATATAC-1,3
TTGTTTGCAGCTAACT-1,1
TTGTTTGTCAAGCCGC-1,1
TTGTTTGTCCAAGCCG-1,6
TTGTTTGTCCTGTTAT-1,2
TTGTTTGTCGACATAC-1,3
TTGTTTGTCGCTGATA-1,1
TTTACCACACGGCACT-1,5
TTTACCACAGTTAGGG-1,3
TTTACCACATCCGTGG-1,1
TTTACCAGTACCTATG-1,4
TTTACCAGTCGGAAAC-1,3
TTTACCATCTATCGCC-1,6
TTTACGTAGCGCCGTT-1,1
TTTACGTAGGGTGAGG-1,3
TTTACGTAGTAGCCAG-1,1
TTTACGTGTCACAATC-1,6
TTTACTGCATTATGCG-1,3
TTTACTGGTACCAGAG-1,5
TTTACTGGTATGAGAT-1,1
TTTACTGTCGTGCACG-1,3
TTTAGTCAGGATGAGA-1,3
TTTAGTCCAATACGCT-1,1
TTTAGTCTCGCAGTCG-1,5
TTTAGTCTCTGCGATA-1,3
TTTAGTCTCTGGTCAA-1,5
TTTATGCAGACAGCTG-1,1
TTTATGCAGCTGGTGA-1,3
TTTATGCAGGCTAGCA-1,1
TTTATGCGTAGGACCA-1,2
TTTATGCTCACACCGG-1,1
TTTATGCTCGTGTTCC-1,1
TTTCACAAGCTAGAAT-1,2
TTTCACAGTACCCACG-1,1
TTTCACAGTGTTGCCG-1,1
TTTCACATCAAGCTGT-1,4
TTTCACATCTACTGAG-1,1
TTTCACATCTCACTCG-1,5
TTTCAGTAGCGAAACC-1,1
TTTCAGTCAAACACGG-1,6
TTTCAGTTCATGAGAA-1,1
TTTCAGTTCCATTCAT-1,2
TTTCATGCAGTTGGTT-1,2
TTTCATGCATGAAAGT-1,1
TTTCATGGTTCCAAAC-1,4
TTTCATGTCTTAAGGC-1,2
TTTCCTCAGGATCACG-1,4
TTTCCTCCAATCGCAT-1,3
TTTCCTCGTAAGACCG-1,2
TTTCCTCGTTGTGCAT-1,6
TTTCCTCTCCATACAG-1,5
TTTCCTCTCGTGTGAT-1,1
TTTCCTCTCTCTCTTC-1,1
TTTCGATAGGTAGTCG-1,3
TTTCGATCAATACCCA-1,1
TTTCGATCACAGCCAC-1,3
TTTCGATGTCGAACAG-1,1
TTTCGATGTCGGCTAC-1,1
TTTCGATTCAACGAGG-1,4
TTTCGATTCATTTGGG-1,6
TTTCGATTCGGAATTC-1,2
TTTGACTGTAAGGCTG-1,4
TTTGACTGTAGCTCGC-1,1
TTTGACTGTCTCCCTA-1,3
TTTGACTGTTGTGCCG-1,5
TTTGATCAGACCATAA-1,3
TTTGATCCAAATGCTC-1,6
TTTGATCCAGGTAGTG-1,1
TTTGATCCATACGCAT-1,2
TTTGATCGTACTCGTA-1,3
TTTGATCGTATCCTTT-1,2
TTTGATCGTGGAGAAA-1,1
TTTGATCTCAAGCCCG-1,4
TTTGGAGAGGGTATAT-1,4
TTTGGAGCAGACAAGC-1,6
TTTGGAGTCCCGAACG-1,4
TTTGGAGTCGTGGTAT-1,1
TTTGGAGTCTGCTTAT-1,4
TTTGGTTAGAACAGGA-1,2
TTTGGTTAGCAGATAT-1,3
TTTGGTTCACTAGGCC-1,2
TTTGGTTCAGCTACCG-1,4
TTTGGTTCAGGACATG-1,2
TTTGGTTGTACAAGCG-1,3
TTTGGTTGTCGCAGTC-1,1
TTTGGTTTCAAAGGAT-1,5
TTTGTTGAGAACGTGC-1,6
TTTGTTGGTAGGAAAG-1,1
TTTGTTGGTGCAATGG-1,1
TTTGTTGTCAAACGTC-1,2
TTTGTTGTCGCGGACT-1,3
TTTGTTGTCGCTGTCT-1,1
TTTGTTGTCGTCCATC-1,1
TTTGTTGTCTGAGATC-1,6
