Barcode,Cluster
AAACCCAAGCTGAGCA-1,2
AAACCCAAGCTGTCCG-1,2
AAACCCACACAAATGA-1,3
AAACCCAGTATCTTCT-1,3
AAACCCAGTCGATTCA-1,2
AAACGAACAGGTTCGC-1,3
AAACGAAGTATTTCCT-1,1
AAACGAAGTCTTGAAC-1,1
AAACGAATCTCTGGTC-1,2
AAACGCTAGAGTGAAG-1,1
AAACGCTAGTCACTGT-1,2
AAAGAACAGAAACTGT-1,2
AAAGAACCAAAGGCGT-1,1
AAAGAACCACAAACGG-1,2
AAAGAACCAGTCAACT-1,3
AAAGAACCATTGTCGA-1,1
AAAGAACGTACCTAAC-1,1
AAAGAACGTCGGCTAC-1,1
AAAGAACGTTCAGCGC-1,2
AAAGAACTCAAACGAA-1,1
AAAGAACTCACATACG-1,2
AAAGAACTCTAGCATG-1,2
AAAGAACTCTGCCCTA-1,3
AAAGGATAGAAACTCA-1,1
AAAGGATCAAGCTACT-1,2
AAAGGATCACGCAAAG-1,1
AAAGGATGTACGGTTT-1,1
AAAGGATTCGGACCAC-1,2
AAAGGGCAGGAACGAA-1,3
AAAGGGCAGGTTACCT-1,1
AAAGGGCCAAACTAGA-1,3
AAAGGGCCAAATCAGA-1,1
AAAGGGCTCAATCTCT-1,2
AAAGGTACACGGTAGA-1,1
AAAGGTATCATACGGT-1,2
AAAGTCCAGTCGCTAT-1,2
AAAGTCCCAGGTCAAG-1,1
AAAGTCCGTAACGGTG-1,3
AAAGTCCGTTCCAAAC-1,1
AAAGTCCTCTGAGAGG-1,3
AAAGTGAAGACCAACG-1,1
AAAGTGAAGAGCCATG-1,2
AAAGTGAAGCTCTTCC-1,2
AAAGTGACAGGAATAT-1,3
AAAGTGAGTACGATGG-1,1
AAAGTGAGTCAGTTTG-1,1
AAAGTGAGTGTCGATT-1,3
AAAGTGATCACTGTTT-1,2
AAATGGACATGAAGCG-1,1
AAATGGAGTGAATGAT-1,1
AAATGGAGTGAGTAGC-1,1
AAATGGAGTTCGCGTG-1,1
AAATGGATCCTCACTG-1,3
AACAAAGAGATTGTGA-1,1
AACAAAGAGTTGCGCC-1,1
AACAAAGCACACCGAC-1,3
AACAAAGGTGGTTTAC-1,2
AACAAAGTCAAGAAAC-1,3
AACAAAGTCACGGAGA-1,1
AACAACCAGGAAGAAC-1,1
AACAACCAGGCTAACG-1,2
AACAACCCAGCAGTGA-1,1
AACAACCGTTTACGAC-1,1
AACAACCGTTTCTATC-1,2
AACAAGAAGAGCAGAA-1,3
AACAAGAAGGCATCAG-1,1
AACAAGAAGTAGAGTT-1,1
AACAAGAAGTTCATGC-1,1
AACAAGACACTGCATA-1,1
AACAAGACAGGAATAT-1,3
AACAAGAGTAATTAGG-1,2
AACAAGAGTGTTACAC-1,1
AACAAGAGTTATGACC-1,1
AACAAGATCGCCTATC-1,1
AACAAGATCGGTGTTA-1,2
AACACACCAGAGCTAG-1,1
AACAGGGAGACTAGAT-1,1
AACAGGGAGCGGATCA-1,1
AACAGGGAGCGTATGG-1,1
AACAGGGAGTTGCCTA-1,1
AACAGGGCAGAAGTTA-1,1
AACAGGGCAGCACAAG-1,2
AACAGGGGTCGACTTA-1,1
AACAGGGGTTAGAGAT-1,2
AACAGGGTCATTCACT-1,2
AACCAACAGCTGGCCT-1,2
AACCAACAGTAAGAGG-1,2
AACCAACGTCAAGGCA-1,3
AACCAACGTGGAAATT-1,3
AACCAACGTTGGCTAT-1,2
AACCAACTCGATGCAT-1,2
AACCACAAGCTCACTA-1,3
AACCACAGTGCGCTCA-1,1
AACCACAGTTGAGTCT-1,2
AACCATGAGGATATAC-1,2
AACCATGCAAACTCTG-1,1
AACCATGCATACTTTC-1,1
AACCATGCATGGGAAC-1,1
AACCATGGTCCGATCG-1,1
AACCATGGTTCAGTAC-1,1
AACCATGTCGGCTGGT-1,1
AACCCAAAGGTTCACT-1,1
AACCCAACAGACGGAT-1,1
AACCCAAGTGGGAGAG-1,1
AACCCAATCACTGATG-1,2
AACCCAATCCCATTCG-1,2
AACCTGAAGACCCTTA-1,2
AACCTGAAGCTAGTTC-1,1
AACCTGAGTACACTCA-1,2
AACCTGATCGTTAGTG-1,1
AACCTTTCACCGTACG-1,3
AACCTTTGTATCGCTA-1,1
AACCTTTGTCAACACT-1,3
AACCTTTGTTCCGCTT-1,1
AACCTTTGTTTCGTGA-1,1
AACGAAAAGATAGGGA-1,1
AACGAAAAGCCATCCG-1,2
AACGAAAAGTGATTCC-1,3
AACGAAACAATGCAAA-1,3
AACGAAACAGCTTCCT-1,1
AACGAAAGTGCGAACA-1,1
AACGAAAGTGTCCCTT-1,1
AACGAAATCAAAGAAC-1,1
AACGGGAAGCACTCAT-1,1
AACGGGAAGGGATCAC-1,2
AACGGGACAGTGTACT-1,1
AACGGGACATTCTCCG-1,1
AACGTCAAGGTCTTTG-1,2
AACGTCAAGTAAGGGA-1,1
AACGTCACAATTTCGG-1,1
AACGTCACACGGCGTT-1,2
AACGTCACACTACGGC-1,2
AACGTCACACTGTCCT-1,2
AACGTCACAGGCATTT-1,1
AACGTCACATTAGGCT-1,3
AACGTCAGTCGATTCA-1,2
AACGTCATCGGACGTC-1,1
AACGTCATCGGTAAGG-1,3
AACGTCATCTGGTTGA-1,1
AACTTCTCAAACGGCA-1,2
AACTTCTCACCGTCTT-1,2
AACTTCTGTACTCGAT-1,1
AACTTCTGTCTTGTCC-1,3
AACTTCTGTGCTGATT-1,2
AACTTCTTCACTCCGT-1,2
AACTTCTTCAGTCCGG-1,2
AACTTCTTCCTCTGCA-1,1
AACTTCTTCTACACTT-1,2
AACTTCTTCTGCCTCA-1,3
AAGAACACAATAACGA-1,2
AAGAACACAGATAAAC-1,2
AAGAACACAGTCAGAG-1,1
AAGAACACATTGCCGG-1,2
AAGAACAGTAAGCGGT-1,1
AAGACAAAGCTGCGAA-1,1
AAGACAAAGGAAACGA-1,1
AAGACAACATCGCTGG-1,2
AAGACAAGTCTCAAGT-1,3
AAGACTCAGATAACGT-1,2
AAGACTCAGCCTCAAT-1,2
AAGACTCAGCTGCCAC-1,1
AAGACTCAGTACGTCT-1,2
AAGACTCAGTTGAAAC-1,1
AAGACTCGTAGCGCCT-1,1
AAGACTCTCGGTCTAA-1,3
AAGATAGCAACATACC-1,2
AAGATAGTCTCCTGAC-1,2
AAGATAGTCTCTTAAC-1,2
AAGCATCAGACATCCT-1,1
AAGCATCAGATTGATG-1,1
AAGCATCAGCATAGGC-1,1
AAGCATCCAAGGCGTA-1,1
AAGCATCCAGATTCGT-1,3
AAGCATCCATACACCA-1,2
AAGCATCGTTAAAGTG-1,1
AAGCATCGTTTCAGAC-1,1
AAGCATCTCAAGCTGT-1,3
AAGCATCTCGGAAACG-1,1
AAGCATCTCGTGCATA-1,3
AAGCATCTCTATGTGG-1,1
AAGCCATAGGCTGAAC-1,1
AAGCCATCAGCGATTT-1,2
AAGCCATGTCAATGGG-1,3
AAGCCATGTGACTATC-1,2
AAGCCATGTTGCATTG-1,2
AAGCGAGAGATAACGT-1,1
AAGCGAGGTAGTTAGA-1,2
AAGCGAGTCAACTACG-1,3
AAGCGAGTCCGGTAAT-1,1
AAGCGAGTCCGTCACT-1,1
AAGCGAGTCTGCGTCT-1,1
AAGCGTTCAATACGCT-1,1
AAGCGTTGTTAGCGGA-1,1
AAGCGTTTCCGTGCGA-1,1
AAGGAATAGTCAGGGT-1,1
AAGGAATAGTGAGGCT-1,1
AAGGAATCAGACTGCC-1,2
AAGGAATCAGGCATTT-1,1
AAGGAATCATTCATCT-1,2
AAGGAATTCCACGGGT-1,3
AAGGAATTCCTTTGAT-1,2
AAGGTAAAGTTGCCTA-1,1
AAGGTAACACGAGGAT-1,2
AAGGTAACAGCGTGCT-1,1
AAGGTAACATATGAAG-1,1
AAGGTAACATTGCCTC-1,1
AAGGTAAGTCGTTTCC-1,3
AAGTACCAGATGATTG-1,2
AAGTACCCACAAATAG-1,2
AAGTACCCAGTTCTAG-1,1
AAGTACCTCATACGAC-1,2
AAGTACCTCCGTAGGC-1,1
AAGTACCTCCTTCGAC-1,3
AAGTCGTTCGTGTGGC-1,1
AAGTCGTTCTCAGGCG-1,1
AAGTCGTTCTTGCAAG-1,3
AAGTGAAAGGGTTAGC-1,2
AAGTGAAAGTACAACA-1,1
AAGTGAAAGTCGAAGC-1,3
AAGTGAACAATCGCGC-1,3
AAGTGAAGTCAAATCC-1,3
AAGTGAAGTTCACCGG-1,2
AAGTTCGAGATAGGGA-1,3
AAGTTCGCAACAGTGG-1,1
AAGTTCGCAAGTGTCT-1,1
AAGTTCGCAATGAGCG-1,1
AAGTTCGCAGAGGAAA-1,3
AAGTTCGCAGCCGTCA-1,1
AAGTTCGCATGACGGA-1,3
AAGTTCGGTCACTTCC-1,1
AAGTTCGTCGTCACCT-1,1
AAGTTCGTCTGTACAG-1,1
AATAGAGAGACTCAAA-1,2
AATAGAGAGGGCAATC-1,1
AATAGAGCAAGTCCCG-1,1
AATAGAGCAGAACTTC-1,3
AATAGAGCAGGAATAT-1,1
AATAGAGGTCAGTCGC-1,1
AATAGAGTCATTACTC-1,2
AATCACGCACAATGCT-1,2
AATCACGCACGACGCT-1,2
AATCACGGTAACATCC-1,2
AATCACGGTTCGAAGG-1,1
AATCACGGTTTCGTAG-1,1
AATCACGTCGAGAATA-1,1
AATCGACAGTCTGTAC-1,1
AATCGACCAGTAGTGG-1,1
AATCGACGTCGAACAG-1,1
AATCGACGTGTCTAAC-1,1
AATCGACTCGAGAGCA-1,1
AATCGTGAGTGTTCAC-1,1
AATCGTGCAAGTCCCG-1,3
AATCGTGCAGAGAGGG-1,2
AATCGTGTCAACACGT-1,1
AATGAAGAGAGGCGGA-1,1
AATGAAGCATGAATCC-1,2
AATGAAGGTCCCAAAT-1,3
AATGAAGGTGCACAAG-1,2
AATGAAGTCGGCTGTG-1,1
AATGACCGTACCTATG-1,3
AATGACCTCGCCTAGG-1,1
AATGACCTCGTAACTG-1,1
AATGCCAAGCGTCAGA-1,1
AATGCCACAAGACGAC-1,2
AATGCCACATGGTGGA-1,1
AATGCCATCAAGTAAG-1,2
AATGGAAAGGACGCTA-1,3
AATGGAAAGGTAAGGA-1,2
AATGGAACAACCGCTG-1,1
AATGGAACAACTCCAA-1,1
AATGGAACAAGAATAC-1,3
AATGGAAGTATCACGT-1,1
AATGGAATCGCTTAAG-1,1
AATGGCTAGAAACTAC-1,3
AATGGCTAGAGGACTC-1,2
AATGGCTAGGAAAGGT-1,1
AATGGCTAGGAACGCT-1,2
AATGGCTCACTGAATC-1,2
AATGGCTGTGTGAATA-1,2
AATGGCTTCGCTGACG-1,2
AATGGCTTCTCGGCTT-1,2
AATTCCTAGGATGCGT-1,1
AATTCCTCAGACTGCC-1,1
AATTCCTCAGTTCACA-1,3
AATTCCTCATTGGGAG-1,3
AATTCCTGTTTGGGAG-1,1
AATTCCTTCGCGCCAA-1,2
AATTCCTTCTGTCAGA-1,3
AATTTCCAGAAACTCA-1,2
AATTTCCAGAGCATTA-1,1
AATTTCCAGCCTATCA-1,2
AATTTCCAGTGTTGTC-1,1
AATTTCCCAACGCATT-1,2
AATTTCCGTATCGTGT-1,1
AATTTCCTCCGTATGA-1,2
AATTTCCTCGTCTCAC-1,1
AATTTCCTCTCTCGAC-1,1
AATTTCCTCTGACCCT-1,2
AATTTCCTCTTAAGGC-1,3
ACAAAGAAGTTATGGA-1,1
ACAAAGACATGACGGA-1,1
ACAAAGATCACTCTTA-1,2
ACAAAGATCATAGAGA-1,2
ACAAAGATCGATACAC-1,2
ACAAAGATCGCAGTGC-1,1
ACAACCAAGAGGCTGT-1,1
ACAACCACAATAGTCC-1,3
ACAACCACACATAACC-1,3
ACAAGCTAGAGGCGGA-1,1
ACAAGCTAGTTGGACG-1,2
ACAAGCTAGTTGGGAC-1,2
ACAAGCTCAATGTGGG-1,2
ACAAGCTTCAAACTGC-1,1
ACAAGCTTCACCATAG-1,1
ACAAGCTTCGGCCTTT-1,1
ACAAGCTTCTCCTGCA-1,3
ACACAGTAGGCGTCCT-1,2
ACACAGTAGGGACACT-1,2
ACACAGTAGGGCTGAT-1,1
ACACAGTAGGTAAGAG-1,1
ACACAGTAGTTCCGGC-1,1
ACACAGTCACTTGACA-1,1
ACACAGTTCCATTGCC-1,2
ACACAGTTCTAGAGCT-1,1
ACACCAAAGGGAGGCA-1,1
ACACCAAGTAGGTACG-1,1
ACACCAATCCCTCAAC-1,3
ACACCAATCGTCCTTG-1,2
ACACGCGAGAGGCTGT-1,1
ACACGCGAGAGTTGCG-1,3
ACACGCGAGGAACTCG-1,1
ACACGCGAGTAACCTC-1,3
ACACGCGCAAGCCATT-1,1
ACACGCGTCGCCACTT-1,2
ACACGCGTCTACTATC-1,1
ACACTGACAACCGACC-1,2
ACACTGACATGTGCTA-1,2
ACACTGAGTCACATTG-1,2
ACACTGATCAAGTGGG-1,1
ACACTGATCGCCACTT-1,2
ACACTGATCGTCAGAT-1,1
ACAGAAAAGATAGCTA-1,1
ACAGAAAAGCGTGAGT-1,1
ACAGAAACACCTCGTT-1,2
ACAGAAAGTATTTCGG-1,2
ACAGAAAGTCCAGGTC-1,2
ACAGAAAGTCGCCACA-1,3
ACAGAAAGTCTTTATC-1,1
ACAGCCGAGCCAACCC-1,2
ACAGCCGAGCTTGTTG-1,2
ACAGCCGAGTGCTCAT-1,3
ACAGCCGTCGCCACTT-1,2
ACAGCCGTCTATGCCC-1,3
ACAGCCGTCTCCTACG-1,2
ACAGGGAAGATAGCTA-1,1
ACAGGGAAGCTAAGTA-1,1
ACAGGGAAGGAAAGGT-1,1
ACAGGGACACTATCCC-1,1
ACAGGGACACTCTGCT-1,2
ACAGGGATCTAACGCA-1,3
ACAGGGATCTCTGCTG-1,1
ACAGGGATCTGTAACG-1,1
ACATCCCAGTGCACTT-1,2
ACATCCCCAAGAGAGA-1,1
ACATCCCCATTGCTGA-1,2
ACATCCCTCACTGCTC-1,1
ACATCGAAGTACTGTC-1,2
ACATCGAGTAAGCGGT-1,3
ACATCGAGTAGTCACT-1,3
ACATCGAGTCAATCTG-1,2
ACATCGAGTTATGGTC-1,1
ACATCGATCAGCGGAA-1,2
ACATCGATCTTGGATG-1,2
ACATGCAAGTTACGAA-1,3
ACATGCACAATTCACG-1,1
ACATGCAGTTCCGCGA-1,3
ACATGCAGTTGACTGT-1,2
ACATGCATCTGTTGGA-1,1
ACATTTCAGGTTAAAC-1,1
ACATTTCTCGCTGTCT-1,1
ACATTTCTCGGAACTT-1,1
ACCAAACCACGAGGTA-1,2
ACCAAACCACTGTGTA-1,2
ACCAAACGTAGTTCCA-1,1
ACCAAACGTCTTACAG-1,1
ACCAAACGTTGGAGAC-1,3
ACCAAACTCGCCTTTG-1,3
ACCAACAAGACAACTA-1,2
ACCAACAAGTCCTGCG-1,1
ACCAACACAGAACTTC-1,2
ACCAACAGTATTGGCT-1,3
ACCACAAAGTTGAATG-1,2
ACCACAACAAGTCGTT-1,1
ACCACAACACCATATG-1,2
ACCACAAGTGTCGCTG-1,1
ACCACAATCTATTGTC-1,2
ACCATTTAGAGGGTGG-1,1
ACCATTTCATTCACAG-1,3
ACCATTTGTATTGACC-1,2
ACCATTTGTCAGACTT-1,3
ACCATTTGTCCTTGTC-1,2
ACCATTTGTGCATTTG-1,2
ACCATTTTCGGTGTAT-1,3
ACCATTTTCTCTAGGA-1,3
ACCCAAAAGCTGTGCC-1,3
ACCCAAACAGTCTTCC-1,2
ACCCAAAGTCTTGTCC-1,1
ACCCAAATCTCCAAGA-1,1
ACCCTCAAGAAGGTAG-1,1
ACCCTCAAGCGTCGAA-1,1
ACCCTCAAGGTTACAA-1,1
ACCCTCAGTATCGCGC-1,1
ACCCTCATCAAGCTGT-1,2
ACCCTTGAGCTCATAC-1,1
ACCCTTGAGTCCCGAC-1,2
ACCGTTCGTAGACAAT-1,1
ACCGTTCGTTACAGCT-1,2
ACCTACCAGCGACTAG-1,3
ACCTACCAGGGTAGCT-1,1
ACCTACCGTCGTTTCC-1,1
ACCTACCGTTGCGGCT-1,1
ACCTACCTCAGCTGTA-1,2
ACCTACCTCCGTGTAA-1,2
ACCTACCTCGTTCATT-1,1
ACCTACCTCTTTCGAT-1,1
ACCTGAAAGCGACATG-1,3
ACCTGAACATGCAGGA-1,1
ACCTGAAGTCGCACAC-1,1
ACCTGAATCCTTTGAT-1,3
ACCTGTCAGCACTGGA-1,3
ACCTGTCAGGATCATA-1,1
ACCTGTCCACTATCGA-1,3
ACCTGTCTCATGCCAA-1,1
ACCTGTCTCCAGTTCC-1,2
ACGATCAAGTACCCTA-1,3
ACGATCACATAGAAAC-1,2
ACGATCATCATCCCGT-1,1
ACGATGTAGTGCTACT-1,1
ACGATGTAGTTTGGCT-1,1
ACGATGTCAGATCATC-1,1
ACGATGTGTATGGTTC-1,3
ACGATGTGTATTAAGG-1,2
ACGATGTGTCGTGGTC-1,3
ACGATGTGTTCCAAAC-1,2
ACGATGTTCTATACTC-1,2
ACGATGTTCTGCTTAT-1,1
ACGCACGCAAGTTGGG-1,2
ACGCACGCACCGTCGA-1,1
ACGCACGCAGAAATTG-1,2
ACGCACGTCGTGCACG-1,3
ACGCACGTCTCGACGG-1,2
ACGGAAGAGTCTAGAA-1,1
ACGGAAGCAGTAACAA-1,1
ACGGAAGTCATCGGGC-1,1
ACGGAAGTCGAATGCT-1,1
ACGGGTCGTATTGAGA-1,1
ACGGGTCGTCAACATC-1,1
ACGGGTCGTGCACATT-1,3
ACGGGTCGTGTTGATC-1,1
ACGGGTCTCATTGAGC-1,3
ACGGTCGAGAGTCAGC-1,1
ACGGTCGAGATAGTCA-1,1
ACGGTCGAGATCACCT-1,1
ACGGTCGCACTCACTC-1,2
ACGGTCGCAGCTCATA-1,1
ACGGTCGGTGGACTAG-1,1
ACGGTCGTCGATACAC-1,1
ACGGTCGTCGGTGCAC-1,1
ACGGTTAAGAGACAAG-1,3
ACGGTTACACTTACAG-1,2
ACGGTTATCACGGACC-1,2
ACGGTTATCAGACATC-1,1
ACGGTTATCAGTGTGT-1,1
ACGGTTATCTGTCGCT-1,1
ACGTAACAGGTCCCTG-1,2
ACGTAACAGTCTGGTT-1,1
ACGTAACCATATGGCT-1,3
ACGTAACCATGTGCTA-1,3
ACGTAACTCACCTTGC-1,2
ACGTAACTCAGACTGT-1,2
ACGTACAAGCAGAAAG-1,2
ACGTACAAGTTACGAA-1,3
ACGTACACACTAAACC-1,2
ACGTACAGTACGACTT-1,1
ACGTACATCAAAGGTA-1,1
ACGTACATCCTACCGT-1,3
ACGTACATCCTCACTG-1,1
ACGTACATCGGCCCAA-1,3
ACGTAGTAGCAGGCTA-1,1
ACGTAGTAGGCCCGTT-1,1
ACGTAGTAGGTCCTGC-1,2
ACGTAGTAGTCATGCT-1,2
ACGTAGTCACTACCGG-1,1
ACGTAGTGTTAATGAG-1,1
ACGTAGTTCTCCGCAT-1,2
ACGTCCTAGTCGAAGC-1,2
ACGTCCTCAATGGCAG-1,1
ACGTCCTCACCTATCC-1,3
ACGTCCTCAGTAGTGG-1,1
ACGTCCTGTACGAGCA-1,2
ACGTCCTGTATCAAGA-1,1
ACGTCCTGTCGTTCAA-1,3
ACGTCCTGTGAGTTGG-1,3
ACGTTCCAGTACTCGT-1,2
ACGTTCCAGTGGATAT-1,1
ACGTTCCGTACGCGTC-1,2
ACGTTCCGTCGCACAC-1,1
ACGTTCCGTGGTTCTA-1,2
ACGTTCCGTGTCGATT-1,3
ACGTTCCTCCTACACC-1,2
ACTACGAAGACTTAAG-1,3
ACTACGAAGAGGACTC-1,1
ACTACGAAGGCTCAAG-1,1
ACTACGAGTCACAGTT-1,2
ACTACGAGTCTGTCCT-1,2
ACTACGAGTTGAGAGC-1,2
ACTACGATCGGCGATC-1,1
ACTATCTAGCAGCCCT-1,2
ACTATCTCACGCTGCA-1,2
ACTATCTGTCAGTCTA-1,2
ACTATCTTCAAGATAG-1,3
ACTATCTTCAATCTCT-1,2
ACTATCTTCCGCACTT-1,2
ACTATGGAGAATTGTG-1,1
ACTATGGCAAGCGATG-1,1
ACTATGGCAAGTGACG-1,3
ACTATGGCAGGGAGAG-1,1
ACTATGGTCCTGATAG-1,2
ACTATGGTCGTGCACG-1,1
ACTATGGTCTGTGTGA-1,1
ACTATTCAGCGAGGAG-1,2
ACTATTCAGTAGTGCG-1,1
ACTATTCCAAACTCTG-1,1
ACTATTCGTAGCTGAG-1,2
ACTATTCGTTCCAGGC-1,1
ACTATTCTCCATCGTC-1,2
ACTATTCTCTTCGTAT-1,2
ACTCCCAAGCGCTGCT-1,2
ACTCCCAAGCTTAAGA-1,1
ACTCCCAAGGTAAAGG-1,1
ACTCCCAAGGTAGTAT-1,2
ACTCCCACAGGAGGTT-1,1
ACTCCCAGTCGGCACT-1,1
ACTCCCAGTTCTTCAT-1,2
ACTCCCATCAGTCTTT-1,2
ACTCTCGAGGTTCACT-1,2
ACTCTCGCACACACTA-1,2
ACTCTCGCAGCAGTGA-1,2
ACTCTCGCAGTCAGTT-1,1
ACTCTCGGTGTGTGGA-1,1
ACTCTCGGTTTGATCG-1,1
ACTCTCGTCACTGATG-1,3
ACTCTCGTCATACAGC-1,3
ACTCTCGTCTGGTGCG-1,2
ACTCTCGTCTTCCCAG-1,2
ACTGATGAGGCTCTAT-1,1
ACTGATGAGTTTGCTG-1,3
ACTGATGCATCCCACT-1,3
ACTGATGGTAATTGGA-1,3
ACTGATGTCCTCACTG-1,2
ACTGATGTCCTCAGAA-1,3
ACTGATGTCGCCGAGT-1,2
ACTGTCCAGAGCAGAA-1,2
ACTGTCCAGGATTTAG-1,1
ACTGTCCCATTGACCA-1,2
ACTGTCCGTAGAGATT-1,1
ACTGTCCGTAGCGTTT-1,3
ACTGTCCGTCTCACAA-1,3
ACTGTCCGTTTCACTT-1,2
ACTGTCCTCCTCAGGG-1,2
ACTGTCCTCTCAACGA-1,1
ACTGTGACAATACGCT-1,2
ACTGTGAGTACTGAGG-1,1
ACTGTGAGTAGGCAGT-1,1
ACTGTGAGTGTTCGTA-1,1
ACTGTGAGTTATCCAG-1,3
ACTGTGATCGCTGACG-1,2
ACTTAGGAGCCTCAAT-1,2
ACTTAGGAGCGGACAT-1,1
ACTTAGGAGTCTTCCC-1,1
ACTTAGGCAGCAGTAG-1,1
ACTTAGGGTATACAGA-1,2
ACTTAGGGTGTCCAAT-1,1
ACTTAGGGTGTGACCC-1,1
ACTTAGGGTTGCGTAT-1,2
ACTTAGGTCTTCCAGC-1,1
ACTTATCAGTGGTGGT-1,3
ACTTATCCACGACGAA-1,1
ACTTATCCACTAACCA-1,1
ACTTATCCATACAGGG-1,3
ACTTATCGTTTGCAGT-1,1
ACTTATCTCGCTCATC-1,2
ACTTATCTCGGACCAC-1,2
ACTTCCGAGATAACAC-1,3
ACTTCCGAGGAGATAG-1,3
ACTTCCGCATCGTGGC-1,1
ACTTCCGGTGCAGGAT-1,3
ACTTCCGTCGAGCCTG-1,2
ACTTCCGTCGCGTTTC-1,3
ACTTCCGTCGCTCCTA-1,2
ACTTCCGTCGGCTGTG-1,1
ACTTCGCAGAACTCCT-1,2
ACTTCGCAGTCTTCCC-1,2
ACTTCGCCACGACGTC-1,2
ACTTCGCCAGAGGACT-1,1
ACTTCGCGTACCAGAG-1,1
ACTTCGCGTACCGGCT-1,1
ACTTCGCGTAGCACGA-1,1
ACTTCGCGTGAACTAA-1,2
ACTTCGCGTGAGTAGC-1,3
ACTTTCAAGAGGTTAT-1,3
ACTTTCACACCTTCCA-1,2
ACTTTCAGTGTACAGG-1,2
ACTTTCAGTTCCGTTC-1,2
ACTTTCATCACAAGGG-1,1
ACTTTGTCAACTTCTT-1,2
ACTTTGTCATGACGAG-1,2
ACTTTGTGTATGTCAC-1,1
ACTTTGTGTGTTACTG-1,2
ACTTTGTTCAATCAGC-1,3
ACTTTGTTCCGCTTAC-1,2
ACTTTGTTCTGCGTCT-1,1
AGAAATGAGATGCGAC-1,1
AGAAATGCAACACAGG-1,1
AGAAATGGTCACTCAA-1,1
AGAAATGGTCCCAAAT-1,2
AGAAATGGTCGACTGC-1,3
AGAAATGGTCTCAGAT-1,1
AGAAATGTCAAATAGG-1,2
AGAAATGTCGTTCGCT-1,1
AGAAATGTCTAGCCTC-1,2
AGAACAAAGAACCGCA-1,1
AGAACAAGTAAGCAAT-1,1
AGAACAAGTATTGAGA-1,2
AGAACAAGTCAGCTTA-1,1
AGAACAAGTTGCATAC-1,3
AGAACAATCCCGTTGT-1,2
AGAACAATCTCCTGAC-1,2
AGAACCTAGAGGACTC-1,1
AGAACCTGTGCATACT-1,1
AGAACCTGTTGTGTTG-1,2
AGAACCTTCTCATGCC-1,3
AGAAGCGAGAAGTGTT-1,1
AGAAGCGAGGCGATAC-1,2
AGAAGCGAGTAAGGGA-1,1
AGAAGCGCATGATAGA-1,1
AGAAGCGGTGAGGAAA-1,1
AGAAGTAAGCAGCACA-1,1
AGAAGTACAAGAAATC-1,3
AGAAGTACACAAGCCC-1,2
AGAAGTACACCTTCCA-1,3
AGAAGTAGTGATCATC-1,3
AGAAGTATCAGACCCG-1,3
AGAAGTATCTGAGCAT-1,1
AGACAAAAGTAATCCC-1,2
AGACAAACAGTTGTTG-1,2
AGACAAAGTACGACAG-1,3
AGACAAAGTGGGTTGA-1,1
AGACAAATCTATGCCC-1,3
AGACACTAGCGACTGA-1,2
AGACACTAGCTCGCAC-1,2
AGACACTCAATAGTAG-1,1
AGACACTGTAACATAG-1,1
AGACACTGTATTCCTT-1,2
AGACACTGTGGCAACA-1,3
AGACACTTCCCTATTA-1,2
AGACAGGGTGGTCTCG-1,2
AGACAGGGTTCCACAA-1,2
AGACCATCATCATTTC-1,2
AGACCATCATTGCAAC-1,2
AGACCATGTATTGACC-1,2
AGACCATTCCTCACCA-1,2
AGACCATTCGCCGTGA-1,1
AGACCCGAGCACTGGA-1,2
AGACCCGAGCGATGCA-1,3
AGACCCGAGTAACGTA-1,2
AGACCCGCACGTTCGG-1,1
AGACCCGGTGCAAGAC-1,2
AGACCCGTCATCTATC-1,1
AGACCCGTCCCTCGAT-1,2
AGACTCAAGACGCCAA-1,1
AGACTCAAGAGAAGGT-1,3
AGACTCAAGCTGTCCG-1,1
AGACTCAGTAGTCTTG-1,1
AGACTCAGTTAATCGC-1,1
AGACTCAGTTACCTGA-1,3
AGACTCAGTTGGGTTT-1,1
AGACTCATCGGTGTTA-1,3
AGAGAATAGAGAATCT-1,1
AGAGAATCATTCAGGT-1,1
AGAGAATTCCGATAAC-1,1
AGAGAGCCACCAGTTA-1,1
AGAGAGCGTAGGGAGG-1,1
AGAGAGCTCATGCGGC-1,1
AGAGCAGAGATTGACA-1,1
AGAGCAGCATCGCTGG-1,1
AGAGCAGGTCGCAACC-1,1
AGAGCAGTCAGTGGGA-1,1
AGAGCCCAGATACTGA-1,1
AGAGCCCCACAGTCCG-1,1
AGAGCCCGTTCAGCTA-1,1
AGAGCCCTCCACTGGG-1,1
AGAGCCCTCGGACGTC-1,2
AGAGCCCTCGTCACCT-1,2
AGAGCCCTCTCATTAC-1,3
AGATAGAAGTATTAGG-1,1
AGATAGACACGTCGGT-1,1
AGATAGACATGCAGGA-1,2
AGATCCACAACCAGAG-1,2
AGATCCACAGGGACTA-1,2
AGATCCAGTTACGATC-1,1
AGATCCAGTTGAAGTA-1,2
AGATCGTCAGGTCTCG-1,1
AGATCGTGTGGGAGAG-1,1
AGATCGTGTTTCCATT-1,1
AGATCGTTCCTTTGAT-1,2
AGATGAAGTGGTCCGT-1,1
AGATGAATCCAACCGG-1,2
AGATGCTAGCAAACAT-1,2
AGATGCTCAAGGGCAT-1,2
AGATGCTCATGATCTG-1,3
AGATGCTGTAGGCTCC-1,3
AGATGCTGTCATAACC-1,2
AGATGCTGTGGTTTGT-1,2
AGATGCTGTTATCCAG-1,1
AGATGCTTCACTTGGA-1,1
AGATGCTTCAGGGTAG-1,1
AGCATCAAGATTGCGG-1,3
AGCATCAGTACGCTAT-1,3
AGCATCATCAAGGTGG-1,2
AGCATCATCCAGTGCG-1,1
AGCCAATAGACTTAAG-1,2
AGCCAATCACTGGAAG-1,1
AGCCAATCAGTGACCC-1,1
AGCCAATTCGCAAGAG-1,2
AGCCACGCACAAATGA-1,2
AGCCACGGTTGTGTAC-1,1
AGCCAGCAGCGAGGAG-1,1
AGCCAGCCAATGCAGG-1,2
AGCCAGCCAGCAATTC-1,1
AGCCAGCCAGCCATTA-1,2
AGCCAGCGTTGCCATA-1,2
AGCCAGCTCCCGTGAG-1,2
AGCCAGCTCTGTACAG-1,2
AGCGATTAGATTGCGG-1,1
AGCGATTAGGTTCTTG-1,2
AGCGATTAGGTTGACG-1,1
AGCGATTCACTGCATA-1,1
AGCGATTCATGGCTAT-1,1
AGCGATTGTCTAGTGT-1,1
AGCGATTGTGTCTTAG-1,1
AGCGATTTCCAGCTCT-1,1
AGCGCCAAGGTCGTAG-1,3
AGCGCCAAGTCATCCA-1,2
AGCGCCACATCCGCGA-1,2
AGCGCCATCGTGCACG-1,2
AGCGCCATCTATTTCG-1,2
AGCGCCATCTCTCGAC-1,2
AGCGCTGAGATGATTG-1,1
AGCGCTGCAACTCCCT-1,1
AGCGCTGCAATGGGTG-1,2
AGCGCTGGTCTTAGTG-1,1
AGCGCTGTCGGTTAGT-1,1
AGCGTATAGAATCCCT-1,2
AGCGTATAGAGCCCAA-1,3
AGCGTATAGCACTCCG-1,2
AGCGTATAGCGACATG-1,1
AGCGTATAGGGAGGGT-1,2
AGCGTATGTCATATGC-1,1
AGCGTATTCCGTAGGC-1,1
AGCGTATTCGTTGTAG-1,2
AGCGTATTCGTTGTGA-1,1
AGCGTCGAGGGCCAAT-1,1
AGCGTCGCACTGTCGG-1,1
AGCGTCGGTTCCTACC-1,1
AGCGTCGGTTTACTGG-1,2
AGCTACAAGGTGGGTT-1,1
AGCTACAAGTAACCGG-1,3
AGCTACACACAAGCTT-1,2
AGCTACACAGCAGAAC-1,2
AGCTACAGTATCGATC-1,2
AGCTACATCTCTCAAT-1,2
AGCTCAAGTAAGGCCA-1,2
AGCTCAATCATCAGTG-1,1
AGCTCAATCGTTGCCT-1,3
AGCTCAATCTCCGAGG-1,3
AGCTTCCAGAAATCCA-1,2
AGCTTCCAGGTATTGA-1,1
AGCTTCCGTCGTGCCA-1,2
AGCTTCCGTTGATGTC-1,1
AGCTTCCGTTGTTGAC-1,3
AGCTTCCTCCAGTTCC-1,2
AGCTTCCTCTTAGTTC-1,2
AGGAAATTCAGGTAAA-1,2
AGGAATAAGCTTCATG-1,3
AGGAATAAGTTGTAAG-1,1
AGGAATAAGTTGTAGA-1,1
AGGAATACAAATGAAC-1,1
AGGAATACAACATCGT-1,2
AGGAATACAACTGCCG-1,3
AGGAATACAGGACGAT-1,3
AGGAATACAGTATGAA-1,1
AGGAATACATCTTTCA-1,1
AGGAATACATGTCAGT-1,2
AGGAATAGTATACCTG-1,1
AGGAATAGTGCTGTCG-1,1
AGGAATATCCACACCT-1,2
AGGAATATCGTAACAC-1,1
AGGACGAAGAACCGCA-1,3
AGGACGAAGGTACATA-1,2
AGGACGACACACCTTC-1,2
AGGACGACACGCTGAC-1,2
AGGACGAGTAGATCCT-1,2
AGGACGAGTAGCCCTG-1,2
AGGACTTAGTACAGCG-1,1
AGGACTTCACCCTTGT-1,1
AGGACTTCAGACGGAT-1,1
AGGACTTCAGTTTCAG-1,1
AGGACTTGTCTCAGGC-1,2
AGGACTTTCAAGAGTA-1,2
AGGACTTTCCCAATAG-1,1
AGGACTTTCGAGAGAC-1,2
AGGAGGTAGCCTTCTC-1,1
AGGAGGTAGTCCCAGC-1,1
AGGAGGTCAAGTAGTA-1,2
AGGAGGTCACCTGCGA-1,2
AGGAGGTCACTCCCTA-1,1
AGGAGGTCATTGGGAG-1,3
AGGAGGTGTGTTCGTA-1,1
AGGAGGTGTTTGGAAA-1,1
AGGATAAAGAAACACT-1,3
AGGATAAAGGTAATCA-1,1
AGGATAACAAGACAAT-1,3
AGGATAATCAGACTGT-1,1
AGGATAATCTGGACTA-1,2
AGGATCTAGTTGCCTA-1,1
AGGATCTGTCGTTTCC-1,1
AGGATCTGTTCCCAAA-1,1
AGGATCTGTTGTGCAT-1,1
AGGATCTGTTTCTTAC-1,2
AGGATCTGTTTGAAAG-1,3
AGGATCTTCACCCTTG-1,2
AGGATCTTCCGAGCTG-1,1
AGGCATTAGAGAATCT-1,1
AGGCATTAGTAGGATT-1,1
AGGCATTCAGGCTACC-1,3
AGGCATTCATGATAGA-1,2
AGGCATTGTACTGAGG-1,1
AGGCATTGTAGGGAGG-1,1
AGGCATTGTATGTCCA-1,3
AGGCATTGTTACCTTT-1,1
AGGCATTGTTGCATTG-1,1
AGGCATTTCCAAACCA-1,1
AGGCATTTCGGCATCG-1,1
AGGCCACAGAAGCGCT-1,1
AGGCCACCAAGATGTA-1,2
AGGCCACCAGTATACC-1,2
AGGCCACGTTAAGAAC-1,2
AGGCCACTCCTTATCA-1,2
AGGCTGCAGACGCCAA-1,3
AGGCTGCAGGACTTCT-1,1
AGGCTGCAGTCGCCCA-1,1
AGGCTGCCAAGAAATC-1,2
AGGCTGCGTAGATCGG-1,1
AGGCTGCGTATACCCA-1,1
AGGCTGCGTGGACTGA-1,1
AGGCTGCGTTCTAACG-1,2
AGGCTGCTCAGACTGT-1,3
AGGCTGCTCCCTTGGT-1,2
AGGCTGCTCTCTGGTC-1,2
AGGGAGTTCAGATGCT-1,1
AGGGAGTTCGGCGATC-1,1
AGGGCCTGTATCACCA-1,1
AGGGCCTTCCTTGACC-1,1
AGGGCTCAGCCGTAAG-1,1
AGGGCTCCACCGCTAG-1,1
AGGGCTCGTATCGCTA-1,1
AGGGCTCGTGGTTCTA-1,2
AGGGCTCTCATACGGT-1,2
AGGGCTCTCCGATAAC-1,1
AGGGCTCTCGACGTCG-1,1
AGGGTCCAGTGTAGTA-1,1
AGGGTCCTCATTTCGT-1,2
AGGGTGAAGAATCCCT-1,1
AGGGTGACATGTTCAG-1,1
AGGGTGAGTAACAGGC-1,2
AGGGTGAGTAGAATAC-1,1
AGGGTGAGTTCGCGTG-1,3
AGGGTGATCGATCCCT-1,1
AGGGTTTAGGAACTCG-1,1
AGGGTTTCATTGAAGA-1,3
AGGGTTTTCATGCAGT-1,2
AGGTAGGAGATGAAGG-1,3
AGGTAGGAGGCACCAA-1,1
AGGTAGGAGTGTTGAA-1,1
AGGTAGGCACATACGT-1,1
AGGTAGGCAGTTAGGG-1,1
AGGTAGGGTCTGGTTA-1,3
AGGTAGGGTGGAACCA-1,1
AGGTAGGGTTGTGGAG-1,1
AGGTCATAGCGTCGAA-1,2
AGGTCATAGTCGGCCT-1,1
AGGTCATCAGCAGAAC-1,2
AGGTCATGTATGAGAT-1,1
AGGTCATGTTGTAAAG-1,1
AGGTCTAAGGATGCGT-1,1
AGGTCTAGTCAATGGG-1,2
AGGTCTAGTCTTCGAA-1,2
AGGTCTATCCCTTGTG-1,1
AGGTCTATCGTAGTGT-1,3
AGGTCTATCTTTGCGC-1,3
AGGTGTTAGATGCTTC-1,2
AGGTGTTAGTCTTCGA-1,2
AGGTGTTCACTACACA-1,1
AGGTGTTGTCTTTCTA-1,2
AGGTGTTGTTCTCCTG-1,1
AGGTGTTGTTGGGAAC-1,1
AGGTTACGTAACACCT-1,1
AGGTTACGTACCATAC-1,2
AGGTTACGTAGATCGG-1,1
AGGTTACGTTCAAGGG-1,3
AGGTTACTCATTTGTC-1,1
AGGTTACTCGTGACTA-1,3
AGGTTACTCTGATGGT-1,3
AGGTTGTAGAAGTCCG-1,1
AGGTTGTAGTCTCCTC-1,2
AGGTTGTAGTCTGCGC-1,2
AGGTTGTGTCGTGGTC-1,1
AGGTTGTGTGTTTCTT-1,1
AGGTTGTTCACACCCT-1,1
AGTAACCAGACAACAT-1,1
AGTAACCCAATAGAGT-1,1
AGTAACCCAGCTGCCA-1,1
AGTAACCTCTATTTCG-1,1
AGTAACCTCTTAAGGC-1,1
AGTACCAAGCACCAGA-1,2
AGTACCACAACGACAG-1,2
AGTACCACAAGGTTGG-1,3
AGTACCAGTGCACAAG-1,1
AGTACCAGTGGAATGC-1,1
AGTACTGAGCGAACTG-1,1
AGTACTGAGGTTGAGC-1,3
AGTACTGAGTAGAGTT-1,1
AGTACTGTCATTATCC-1,1
AGTACTGTCTGGGATT-1,1
AGTACTGTCTTCGTAT-1,2
AGTACTGTCTTGGCTC-1,2
AGTAGCTAGCGTACAG-1,3
AGTAGCTAGGTAAGGA-1,3
AGTAGCTCAGAGAATT-1,1
AGTAGCTCATTGAGCT-1,1
AGTAGCTTCAACCCGG-1,2
AGTAGCTTCACCTACC-1,3
AGTAGCTTCCCATTCG-1,1
AGTAGTCAGACTGGGT-1,3
AGTAGTCAGCTAAATG-1,1
AGTAGTCAGCTACTAC-1,2
AGTAGTCAGTTAACAG-1,2
AGTAGTCGTCGACGCT-1,1
AGTAGTCGTGTATACC-1,2
AGTAGTCGTTGCATTG-1,1
AGTCAACAGACATGCG-1,2
AGTCAACAGGCGTTAG-1,1
AGTCAACAGGTACATA-1,2
AGTCAACAGTAATTGG-1,1
AGTCAACGTATAGCTC-1,1
AGTCAACGTTACGGAG-1,2
AGTCAACTCCCTGGTT-1,2
AGTCACAAGAACAAGG-1,1
AGTCACAAGCCATGCC-1,1
AGTCACAGTACCATAC-1,3
AGTCACAGTTCTTGTT-1,2
AGTCACATCGGCTTCT-1,1
AGTCATGAGGAAGTCC-1,1
AGTCATGAGTAGAATC-1,2
AGTCATGGTGAATAAC-1,1
AGTCATGTCTCCGTGT-1,3
AGTCTCCAGCTGTTCA-1,2
AGTCTCCAGGTAACTA-1,2
AGTCTCCCAAGTCCAT-1,2
AGTCTCCGTCCAAATC-1,1
AGTCTCCGTGACTCGC-1,1
AGTCTCCTCGCCCAGA-1,1
AGTGACTAGACCCTTA-1,1
AGTGACTGTTAGGAGC-1,1
AGTGACTTCATGCGGC-1,1
AGTGACTTCTCTTCAA-1,2
AGTGATCAGGTTCATC-1,1
AGTGATCGTCACAGTT-1,2
AGTGATCGTCAGCTTA-1,1
AGTGATCGTCCAATCA-1,1
AGTGATCGTCCAGCAC-1,1
AGTGATCTCTCGCCTA-1,1
AGTGCCGAGGACAGTC-1,2
AGTGCCGCACTTCCTG-1,1
AGTGCCGGTCCGAAAG-1,2
AGTGTTGAGTCGAAGC-1,3
AGTGTTGGTTGAATCC-1,2
AGTGTTGTCATGCGGC-1,3
AGTTAGCCAATTTCCT-1,2
AGTTAGCCACGTACAT-1,1
AGTTAGCCAGGACGAT-1,1
AGTTAGCCAGTATTCG-1,3
AGTTAGCCATCGAGCC-1,1
AGTTAGCTCAACTTTC-1,2
AGTTAGCTCCCATAGA-1,1
AGTTAGCTCGACGCTG-1,1
AGTTCCCGTAGGCAAC-1,1
AGTTCGAGTCCTCCTA-1,1
AGTTCGAGTGCCTATA-1,3
AGTTCGAGTGCCTTCT-1,1
AGTTCGATCCGCAAAT-1,2
AGTTCGATCCTAGCGG-1,2
ATACCGACATCCGGTG-1,1
ATACCGATCGTAGAGG-1,1
ATACCGATCTCCTACG-1,2
ATACCTTAGCTAATCC-1,2
ATACCTTCAAGAAATC-1,1
ATACCTTCAGGACATG-1,1
ATACCTTGTGCCAAGA-1,2
ATACCTTGTTGCGAAG-1,2
ATACCTTTCACCGCTT-1,1
ATACCTTTCGGACCAC-1,1
ATACCTTTCTCCAATT-1,2
ATACTTCAGAGAGTTT-1,1
ATACTTCAGCACCCAC-1,1
ATACTTCAGGCGAAGG-1,1
ATACTTCCAGTAGTGG-1,1
ATACTTCGTACACGCC-1,1
ATACTTCGTACAGCGA-1,1
ATAGACCAGAAACTGT-1,1
ATAGACCGTAGGGTAC-1,1
ATAGACCTCCCAGCGA-1,3
ATAGACCTCCGTACGG-1,1
ATAGAGACAAAGGCGT-1,3
ATAGAGACAGTATTCG-1,2
ATAGAGACATCAACCA-1,1
ATAGAGACATGCCATA-1,3
ATAGGCTCATGACAAA-1,2
ATAGGCTGTGTGAATA-1,1
ATAGGCTGTTGGAGGT-1,2
ATAGGCTTCCTCTTTC-1,2
ATATCCTAGACATACA-1,2
ATATCCTAGCAGCACA-1,2
ATATCCTAGCTCGCAC-1,2
ATATCCTCATGTTCAG-1,2
ATATCCTGTCCTGTTC-1,2
ATATCCTGTCGACTGC-1,3
ATATCCTGTTCCGCAG-1,2
ATATCCTTCATGCATG-1,2
ATATCCTTCATGCTAG-1,2
ATATCCTTCCAACCAA-1,3
ATATCCTTCCACAGCG-1,2
ATATCCTTCCATCTGC-1,1
ATATCCTTCTAGCCAA-1,1
ATCACAGCAAAGAACT-1,1
ATCACAGGTGACTAAA-1,2
ATCACAGGTGACTCTA-1,1
ATCACAGTCCATAAGC-1,1
ATCACAGTCGCTGATA-1,1
ATCACGACAAAGTATG-1,2
ATCACGACAAGTAGTA-1,1
ATCACGAGTCGGAAAC-1,1
ATCACGATCTTCTGGC-1,1
ATCACTTAGAACAAGG-1,1
ATCACTTAGTTCTCTT-1,2
ATCACTTTCGAAGGAC-1,2
ATCACTTTCTGAACGT-1,2
ATCACTTTCTGCTCTG-1,2
ATCAGGTAGCAACTTC-1,1
ATCAGGTAGCCTCAAT-1,3
ATCAGGTCACCCATAA-1,2
ATCATTCAGTTCCGTA-1,3
ATCATTCTCAAGTCTG-1,3
ATCATTCTCCCATTTA-1,2
ATCCACCGTCGAGTGA-1,1
ATCCACCGTGACCGTC-1,2
ATCCACCTCGGAGCAA-1,3
ATCCACCTCTCCAAGA-1,2
ATCCATTAGAAACACT-1,3
ATCCATTAGACAACAT-1,2
ATCCATTCAACATCGT-1,1
ATCCATTGTGGCAACA-1,1
ATCCATTGTTCCGTTC-1,2
ATCCATTGTTCGATTG-1,3
ATCCCTGCACAAGCCC-1,2
ATCCCTGCAGAGACTG-1,1
ATCCCTGGTCATCGGC-1,1
ATCCCTGGTTGCTCAA-1,3
ATCCCTGTCATATGGC-1,3
ATCCGTCAGTCATGGG-1,1
ATCCGTCCAAGGGTCA-1,3
ATCCGTCCACGCTTAA-1,2
ATCCGTCCAGAGCTAG-1,1
ATCCGTCCATCAGTCA-1,3
ATCCGTCCATGGCGCT-1,2
ATCCGTCGTGCCTATA-1,1
ATCCGTCTCACCTTAT-1,2
ATCCGTCTCCGTTTCG-1,1
ATCCTATAGGGAACAA-1,2
ATCCTATGTCTACACA-1,2
ATCCTATTCCGTGGGT-1,2
ATCGATGAGCGACATG-1,1
ATCGATGAGTAATTGG-1,1
ATCGATGCACCGAATT-1,1
ATCGATGCATTGCCTC-1,1
ATCGATGGTCATCTAG-1,3
ATCGATGTCCAAGCTA-1,2
ATCGATGTCCTCTGCA-1,2
ATCGATGTCTAGCCTC-1,2
ATCGCCTCAACAGAGC-1,1
ATCGCCTCACCAGGTC-1,1
ATCGCCTGTGGTCCGT-1,3
ATCGCCTGTGTGTCCG-1,1
ATCGCCTTCAATCAGC-1,2
ATCGGATAGATTCGAA-1,1
ATCGGATAGCCTCTCT-1,2
ATCGGATAGGTCCTGC-1,3
ATCGGATCAACGAGGT-1,2
ATCGGATCAAGTGGGT-1,1
ATCGGATCAATAGTAG-1,1
ATCGGATTCACGTCCT-1,1
ATCGGATTCCTGCCAT-1,2
ATCGGCGCAAGATTGA-1,1
ATCGGCGTCACCTGGG-1,1
ATCGGCGTCATGTCTT-1,1
ATCGGCGTCGCCCAGA-1,2
ATCGTAGAGGTTCTAC-1,2
ATCGTAGAGTCCTACA-1,2
ATCGTAGGTCCAAGAG-1,1
ATCGTAGGTTGTGTAC-1,3
ATCGTCCAGACCTCAT-1,2
ATCGTCCAGCCATATC-1,2
ATCGTCCAGGTCGACA-1,2
ATCGTCCAGTATGAAC-1,1
ATCGTCCCATGCCATA-1,3
ATCGTCCCATGTGGCC-1,2
ATCGTCCGTACAGAGC-1,1
ATCGTCCGTACGGGAT-1,2
ATCGTCCGTAGGAGTC-1,1
ATCGTGAAGAGTCAAT-1,1
ATCGTGACACCTCAGG-1,3
ATCGTGACACCTGCTT-1,1
ATCGTGACATACCACA-1,1
ATCGTGACATCCGTGG-1,2
ATCGTGAGTCGAAACG-1,2
ATCGTGAGTTTCAGAC-1,1
ATCGTGATCTTTGATC-1,1
ATCTCTAAGAGACAAG-1,2
ATCTCTAAGCTAGATA-1,3
ATCTCTAAGGCGTTGA-1,1
ATCTCTACACCGCTAG-1,1
ATCTCTAGTACCGTGC-1,3
ATCTCTAGTTCCTACC-1,3
ATCTCTAGTTCGAAGG-1,2
ATCTCTATCACTGTCC-1,2
ATCTCTATCTGTAACG-1,1
ATCTCTATCTTCGACC-1,2
ATCTTCAAGCACACAG-1,2
ATCTTCAAGCGACTTT-1,1
ATCTTCAAGCTGTTCA-1,1
ATCTTCAAGGTCTTTG-1,2
ATCTTCAGTAGTCGTT-1,1
ATCTTCAGTCAGGTAG-1,1
ATCTTCAGTGGGCTCT-1,2
ATCTTCATCCATGATG-1,3
ATCTTCATCTTGCGCT-1,2
ATGAAAGAGACGCAGT-1,1
ATGAAAGCAACTTGCA-1,2
ATGAAAGGTTGTTGTG-1,1
ATGAAAGTCACTGATG-1,2
ATGAAAGTCCGAGATT-1,1
ATGAAAGTCTTGGCTC-1,1
ATGACCAAGCACGGAT-1,1
ATGACCAAGGTGATAT-1,3
ATGACCACAAGGACAC-1,2
ATGACCACAGAGTTGG-1,2
ATGACCAGTAGTAAGT-1,1
ATGACCAGTAGTCTTG-1,2
ATGACCAGTCCGATCG-1,3
ATGACCAGTCGAGCAA-1,3
ATGACCAGTTACCCTC-1,3
ATGACCAGTTTGGAGG-1,2
ATGACCATCGCTTAAG-1,1
ATGACCATCTGTCGCT-1,2
ATGAGGGAGGGATCTG-1,1
ATGAGGGCAACTTGGT-1,2
ATGAGGGCATCACGGC-1,3
ATGAGTCCAGATCACT-1,1
ATGAGTCGTAGGTAGC-1,1
ATGAGTCGTCGACTGC-1,2
ATGAGTCGTGTGACCC-1,1
ATGAGTCTCACTTGGA-1,1
ATGAGTCTCCTACACC-1,3
ATGATCGAGCACCCAC-1,2
ATGATCGAGTATTGCC-1,1
ATGATCGAGTTGTCGT-1,1
ATGATCGGTCATAAAG-1,1
ATGATCGGTGGTCTCG-1,1
ATGATCGTCAGCAATC-1,1
ATGATCGTCATCTATC-1,2
ATGCATGAGGACAAGA-1,1
ATGCATGCACTCATAG-1,1
ATGCATGGTAGACAAT-1,3
ATGCATGGTAGTCTGT-1,2
ATGCATGGTTTACTGG-1,1
ATGCATGTCGCGTAGC-1,3
ATGCCTCAGAGTCCGA-1,2
ATGCCTCAGGACAACC-1,2
ATGCCTCCACGACGCT-1,1
ATGCCTCCACGTAGTT-1,2
ATGCCTCCACGTATAC-1,3
ATGCCTCGTGAGATTA-1,3
ATGCCTCGTTGTATGC-1,2
ATGCCTCGTTTAGTCG-1,1
ATGCCTCTCACAAGGG-1,3
ATGCGATCAATCGTCA-1,3
ATGCGATGTTTGTGGT-1,2
ATGGAGGAGACCTTTG-1,1
ATGGAGGAGATGACAT-1,1
ATGGAGGCAACCGGAA-1,1
ATGGAGGCACACTGGC-1,3
ATGGAGGCAGTCCCGA-1,2
ATGGAGGGTCCAAATC-1,2
ATGGAGGGTGTACATC-1,1
ATGGAGGTCCTAGCTC-1,1
ATGGAGGTCTCCATAT-1,2
ATGGATCAGATGGCGT-1,1
ATGGATCCACATTCTT-1,2
ATGGATCCAGCTGAAG-1,1
ATGGATCCATGTCTAG-1,1
ATGGATCGTGTGCTTA-1,2
ATGGATCTCCACTTCG-1,1
ATGGATCTCCCTTCCC-1,3
ATGGGAGAGAGTGTTA-1,1
ATGGGAGAGCTCGACC-1,3
ATGGGAGCACCCAAGC-1,1
ATGGGAGGTACGCTAT-1,1
ATGGGAGGTAGTAAGT-1,1
ATGGGAGGTTACGATC-1,3
ATGGGAGTCCTTCTTC-1,1
ATGGGAGTCTACCTTA-1,3
ATGGGTTAGAAGTATC-1,2
ATGGGTTCACTGCGAC-1,1
ATGGGTTCACTGTCGG-1,1
ATGGGTTCATAAGCAA-1,1
ATGGGTTGTGATTAGA-1,1
ATGGGTTTCCTACCAC-1,1
ATGGTTGAGCACCGTC-1,1
ATGGTTGAGGGAGGCA-1,2
ATGGTTGCAAGAGTAT-1,1
ATGGTTGCAGCGAGTA-1,1
ATGGTTGGTAGACGGT-1,3
ATGGTTGGTTCCGTTC-1,2
ATGGTTGTCAAAGCCT-1,1
ATGGTTGTCGAGAAAT-1,3
ATGGTTGTCTCCTGAC-1,2
ATGGTTGTCTCTCTAA-1,1
ATGTCCCCATACATCG-1,1
ATGTCCCGTAGTGCGA-1,3
ATGTCCCGTGGGTCAA-1,1
ATGTCCCGTGTACGCC-1,3
ATGTCCCTCGGTTCAA-1,3
ATGTCCCTCGTCGCTT-1,1
ATGTCCCTCTGGTGCG-1,3
ATGTCTTAGAGGCTGT-1,1
ATGTCTTCAAACTCGT-1,2
ATGTCTTCACTACCCT-1,2
ATGTCTTCAGCGGATA-1,2
ATGTCTTCATACTGTG-1,3
ATGTCTTCATGACTCA-1,2
ATGTCTTCATGTGGTT-1,1
ATGTCTTGTTGCATCA-1,2
ATGTCTTTCACACGAT-1,2
ATGTCTTTCGTCGCTT-1,1
ATTACCTAGCTAGTTC-1,1
ATTACCTCACGGTGAA-1,2
ATTACCTGTCACTTCC-1,2
ATTACCTGTCAGCTTA-1,3
ATTACCTGTTCAATCG-1,2
ATTACTCAGGAGGTTC-1,2
ATTACTCCAGGGAGAG-1,1
ATTACTCCAGGTATGG-1,1
ATTACTCCATATACCG-1,2
ATTACTCTCGCTGACG-1,1
ATTACTCTCTTAGCAG-1,1
ATTATCCAGATGACAT-1,3
ATTATCCCAGCGGATA-1,3
ATTATCCCATAGACTC-1,1
ATTATCCGTGGGTTGA-1,1
ATTATCCTCAGCCCAG-1,1
ATTCACTAGTGAATAC-1,1
ATTCACTCAATAGTGA-1,1
ATTCACTCACGACAGA-1,2
ATTCACTGTCGACTGC-1,2
ATTCACTTCACACCGG-1,2
ATTCACTTCTGCTTTA-1,2
ATTCACTTCTTTCCGG-1,2
ATTCAGGAGGGATCGT-1,3
ATTCAGGGTCCGGATC-1,1
ATTCATCAGTAAACTG-1,1
ATTCATCAGTAGCTCT-1,1
ATTCATCAGTTTGGCT-1,2
ATTCATCGTGGATACG-1,1
ATTCATCTCCTTATGT-1,2
ATTCATCTCGGCATCG-1,2
ATTCCATCAACTTCTT-1,3
ATTCCATCACCAGCCA-1,1
ATTCCATGTGAGGCAT-1,1
ATTCCATGTTCGAACT-1,1
ATTCCATTCACTTGGA-1,2
ATTCCCGAGGCTTTCA-1,1
ATTCCCGAGTTGAATG-1,3
ATTCCCGGTACGCTTA-1,1
ATTCCCGGTGATGGCA-1,1
ATTCCCGGTGTACAGG-1,1
ATTCCCGGTTAAGTCC-1,3
ATTCCTAAGAGTTCGG-1,3
ATTCCTAAGGGTATAT-1,1
ATTCCTACAAAGACTA-1,3
ATTCCTACATAGGAGC-1,1
ATTCCTACATGCCGAC-1,2
ATTCCTACATGTAACC-1,2
ATTCCTATCGCGCCAA-1,2
ATTCGTTAGGAGAATG-1,3
ATTCGTTAGGCGTCCT-1,3
ATTCGTTCACCATATG-1,2
ATTCGTTCACGCAGTC-1,1
ATTCGTTCACTTGAGT-1,1
ATTCGTTGTTTAGAGA-1,1
ATTCGTTTCAAAGACA-1,1
ATTCGTTTCGGCTGGT-1,1
ATTCGTTTCGTCAACA-1,2
ATTCTACAGGGCATGT-1,1
ATTCTACAGGTTCCGC-1,1
ATTCTACCACGTTCGG-1,1
ATTCTACGTCATGACT-1,2
ATTCTACGTCCTCCTA-1,2
ATTCTACGTGAACTAA-1,2
ATTCTTGAGCTCGACC-1,1
ATTCTTGCAAGCAATA-1,2
ATTCTTGGTGAGAGGG-1,2
ATTCTTGTCGTTAGAC-1,1
ATTGGGTAGGCTGGAT-1,1
ATTGGGTAGGTCATCT-1,1
ATTGGGTAGTTACGGG-1,1
ATTGGGTCAGGCTCTG-1,1
ATTGGGTGTCGAACAG-1,3
ATTGGGTTCGGCTGTG-1,2
ATTGTTCCAGTATGAA-1,1
ATTGTTCCATTGACAC-1,2
ATTGTTCGTCGATTTG-1,1
ATTGTTCGTTAGTTCG-1,3
ATTGTTCGTTCGTAAC-1,2
ATTGTTCGTTTGGAAA-1,1
ATTGTTCTCTCGTTTA-1,2
ATTTACCCATCGTTCC-1,2
ATTTACCGTACAGAGC-1,1
ATTTACCGTTATGGTC-1,3
ATTTACCGTTGCATCA-1,2
ATTTACCTCCCGAGGT-1,2
ATTTACCTCCTCTCTT-1,2
ATTTACCTCTGCTCTG-1,2
ATTTCACAGCGTTCAT-1,1
ATTTCACAGTAACCGG-1,1
ATTTCACCAAGTAGTA-1,1
ATTTCACTCTCCGTGT-1,2
ATTTCTGAGAGGGTAA-1,2
ATTTCTGAGGCACCAA-1,3
ATTTCTGAGTAGACAT-1,2
ATTTCTGAGTCCGCCA-1,2
ATTTCTGCATAGTCAC-1,3
ATTTCTGTCTGGTCAA-1,2
CAAAGAAAGGAAACGA-1,3
CAAAGAACACTAGGTT-1,1
CAAAGAACATGTAACC-1,3
CAAAGAAGTCGATTTG-1,3
CAAAGAAGTGACCGAA-1,2
CAAAGAATCCATACAG-1,3
CAAAGAATCTCATTTG-1,2
CAACAACCAGAGGCAT-1,2
CAACAACGTAGGCAAC-1,2
CAACAACGTTGGGCCT-1,3
CAACAACTCCTCCACA-1,2
CAACAACTCGTGCAGC-1,2
CAACAACTCGTTTACT-1,3
CAACAGTAGGAGAATG-1,2
CAACAGTCACTGGATT-1,2
CAACAGTGTCTTGCGG-1,3
CAACCAACACCACATA-1,2
CAACCAACAGACATCT-1,2
CAACCAACAGTCAGTT-1,1
CAACCTCAGACGGTCA-1,2
CAACCTCAGAGCAGTC-1,1
CAACCTCAGCGTACAG-1,2
CAACCTCAGGGAGGTG-1,1
CAACCTCAGTATGATG-1,1
CAACCTCTCATCTACT-1,1
CAACGATAGATAGGGA-1,1
CAACGATAGCTCACTA-1,1
CAACGATGTTAGGCTT-1,1
CAACGATTCCGATGTA-1,2
CAACGATTCTAGGCCG-1,3
CAACGGCAGAGTTGCG-1,1
CAACGGCAGATAGTCA-1,3
CAACGGCAGCACGATG-1,1
CAACGGCGTCATCCGG-1,3
CAACGGCTCGGTGCAC-1,1
CAAGACTAGCAAATGT-1,1
CAAGACTAGGATTTCC-1,3
CAAGACTAGTTAACGA-1,3
CAAGACTGTACTAAGA-1,2
CAAGACTTCCACGAAT-1,2
CAAGAGGAGAACCCGA-1,3
CAAGAGGAGGATACGC-1,3
CAAGAGGAGGCTATCT-1,2
CAAGAGGCAGGTACGA-1,2
CAAGAGGGTCCGGCAT-1,1
CAAGAGGGTTGTATGC-1,1
CAAGAGGTCCGTCCTA-1,1
CAAGAGGTCTAGCCTC-1,1
CAAGCTAAGCGCCCAT-1,2
CAAGCTACAACTCCCT-1,3
CAAGGGACACAAATCC-1,1
CAAGGGACACTACTTT-1,1
CAAGGGAGTCCGCAGT-1,1
CAAGGGAGTGCGGTAA-1,1
CAATACGCAAGAATGT-1,1
CAATACGCAGATTCGT-1,2
CAATACGGTCAAAGCG-1,3
CAATACGTCGAGAACG-1,3
CAATCGAAGACTGGGT-1,3
CAATCGACACGCCACA-1,2
CAATCGAGTTCGATTG-1,2
CAATCGATCAATCCAG-1,2
CAATCGATCCACGGGT-1,3
CAATCGATCTTCGCTG-1,2
CAATGACAGGCACCAA-1,2
CAATGACAGGCGTCCT-1,3
CAATGACAGTGACCTT-1,2
CAATGACCAACTTCTT-1,2
CAATGACCACAACGCC-1,1
CAATGACCACCTGCGA-1,1
CAATGACCATGACCCG-1,2
CAATGACTCACCCATC-1,3
CAATTTCAGCCTGTCG-1,2
CAATTTCCATCCTTGC-1,2
CACACAAAGATGAAGG-1,1
CACACAACAAAGACGC-1,1
CACACAACAGACCTAT-1,2
CACACAACAGACGGAT-1,2
CACACAAGTAGTGCGA-1,1
CACACAAGTGCCTGCA-1,2
CACACAATCCGTGGGT-1,3
CACAGATAGAGTGAAG-1,3
CACAGATAGGGCAAGG-1,1
CACAGATCACGCGGTT-1,1
CACAGGCAGGTCACCC-1,2
CACAGGCCACCCTTGT-1,1
CACAGGCGTATACAGA-1,1
CACAGGCGTCCGAAAG-1,1
CACAGGCTCTCTATAC-1,1
CACATGAAGCTACTGT-1,2
CACATGAAGGAACTAT-1,2
CACATGACAAGCGCAA-1,1
CACATGACATAACGGG-1,2
CACATGAGTTTCGACA-1,2
CACATGATCCAAGCAT-1,2
CACATGATCCTTCTAA-1,3
CACCAAAAGCAACAGC-1,2
CACCAAACACGTCATA-1,3
CACCAAAGTCTGATCA-1,3
CACCAAAGTTGAGTCT-1,1
CACCAAATCCTAGCCT-1,3
CACCAAATCCTGTAGA-1,2
CACCAAATCGCCGATG-1,1
CACCGTTAGCTGGAGT-1,2
CACCGTTCATCCGTGG-1,2
CACCGTTGTACGTTCA-1,2
CACCGTTGTAGAGTTA-1,1
CACCGTTGTCACTTCC-1,2
CACCGTTGTCGTCGGT-1,1
CACCGTTTCACTGGGC-1,2
CACGAATAGGACTAAT-1,1
CACGAATAGTGACACG-1,1
CACGAATCAAGTTCCA-1,2
CACGAATCATGTCGTA-1,2
CACGAATGTTTGGGAG-1,3
CACGGGTAGAGCATAT-1,3
CACGGGTAGATAACGT-1,3
CACGGGTCACACACTA-1,2
CACGGGTGTACCAATC-1,1
CACGGGTGTGCAACAG-1,1
CACGGGTGTTAACCTG-1,2
CACGGGTGTTACACTG-1,2
CACGGGTTCATAGACC-1,1
CACGGGTTCTGGTCAA-1,2
CACGTGGAGAAGAACG-1,1
CACGTGGCACGAGGTA-1,2
CACGTGGGTTTGATCG-1,1
CACGTGGTCTAGACAC-1,2
CACGTGGTCTCGTCGT-1,2
CACGTTCCACGGTGAA-1,2
CACGTTCCATGCCGCA-1,2
CACGTTCGTCAGTCTA-1,1
CACGTTCGTCGGTAAG-1,1
CACTAAGAGGCCTAAG-1,3
CACTAAGCAACCAACT-1,3
CACTAAGGTAGGACCA-1,1
CACTAAGGTGGAGAAA-1,3
CACTAAGTCCATCGTC-1,3
CACTAAGTCGAGGCAA-1,3
CACTGAACAGCTGCCA-1,1
CACTGAACATAGGTTC-1,2
CACTGAAGTAGGACTG-1,1
CACTGAAGTATCACCA-1,2
CACTGAATCAGTGTCA-1,3
CACTGAATCCATCACC-1,3
CACTGAATCTGCATGA-1,3
CACTGGGAGGACATCG-1,1
CACTGGGAGGTGGCTA-1,3
CACTGGGCACCTCGTT-1,1
CACTGGGGTCGCTCGA-1,2
CACTGGGTCGAGATAA-1,1
CACTGTCAGAGTCGAC-1,2
CACTGTCAGGATTTAG-1,1
CACTGTCCAATACCCA-1,2
CACTGTCGTAGCTGAG-1,1
CACTGTCGTTAACCTG-1,2
CACTGTCTCCGCTGTT-1,2
CACTTCGCAAATACGA-1,1
CACTTCGCAATCCAGT-1,2
CACTTCGCACACCTGG-1,1
CACTTCGCAGTCGCTG-1,1
CACTTCGCAGTTGCGC-1,2
CACTTCGGTTGCTAGT-1,1
CAGAGCCAGACTCTTG-1,2
CAGAGCCAGATACCAA-1,1
CAGAGCCAGGTGATCG-1,1
CAGAGCCAGTTAGAAC-1,1
CAGAGCCCAACAGAGC-1,2
CAGAGCCCAATTTCTC-1,2
CAGAGCCCACAACATC-1,1
CAGAGCCCACCCTAAA-1,2
CAGAGCCGTACCCGAC-1,1
CAGAGCCGTGTCTAAC-1,1
CAGAGCCTCTTTCGAT-1,2
CAGATACAGCGGACAT-1,1
CAGATACCACGCGTGT-1,2
CAGATACCATCAGCAT-1,2
CAGATACGTGTCATGT-1,1
CAGATCAAGATTTGCC-1,1
CAGATCAAGGTGCAGT-1,2
CAGATCAGTACGTAGG-1,3
CAGATCATCAAGTCTG-1,3
CAGATTGAGCCATTTG-1,2
CAGATTGAGCTTCTAG-1,3
CAGATTGAGGATACCG-1,3
CAGATTGAGGCCTGCT-1,2
CAGATTGAGTCTAACC-1,1
CAGATTGCAAGCTACT-1,2
CAGATTGCACTGAATC-1,3
CAGATTGTCACGGTCG-1,1
CAGATTGTCCAGTACA-1,2
CAGATTGTCGAAACAA-1,1
CAGCAATGTACATTGC-1,2
CAGCAATGTCGGTACC-1,3
CAGCAATTCGGATACT-1,1
CAGCACGAGAAGTCTA-1,2
CAGCACGAGCATTGTC-1,1
CAGCACGAGGTTATAG-1,2
CAGCACGGTACTCCCT-1,2
CAGCACGGTATGCGGA-1,1
CAGCACGGTTAGGCTT-1,2
CAGCACGGTTTGGAAA-1,2
CAGCAGCAGAGTCAGC-1,1
CAGCAGCAGCAGCCCT-1,1
CAGCAGCAGGGCTAAC-1,2
CAGCAGCCACGCGCAT-1,3
CAGCAGCGTTCCCAAA-1,1
CAGCAGCTCTCTCGAC-1,3
CAGCCAGAGGCATCGA-1,1
CAGCCAGAGTCTGGAG-1,3
CAGCCAGCAGCTATTG-1,2
CAGCCAGGTGCCAAGA-1,2
CAGCCAGGTTCCTACC-1,1
CAGCCAGTCCGCTAGG-1,2
CAGCGTGCAGGCTACC-1,3
CAGCGTGCATGCAGCC-1,1
CAGGCCAAGCTAAATG-1,2
CAGGCCAGTCCTGGTG-1,2
CAGGCCATCACATTGG-1,2
CAGGCCATCAGCATTG-1,2
CAGGCCATCTACGGGC-1,2
CAGGGCTAGGTAAACT-1,1
CAGGGCTCAAAGGCAC-1,2
CAGGGCTCAACTGGTT-1,2
CAGGGCTCAGCGGTCT-1,1
CAGGGCTCATTCACCC-1,2
CAGGGCTGTACCATAC-1,3
CAGGGCTTCGCTACAA-1,1
CAGGGCTTCTGCCCTA-1,2
CAGGTATAGATTGGGC-1,1
CAGGTATAGCAGATAT-1,1
CAGGTATAGGGACCAT-1,3
CAGGTATCAGCTATAC-1,2
CAGGTATGTAGGTAGC-1,1
CAGGTATGTCAACACT-1,3
CAGGTATGTGGCGTAA-1,1
CAGTGCGCAAATTAGG-1,1
CAGTGCGGTTCAAAGA-1,1
CAGTGCGGTTTGTTGG-1,3
CAGTGCGTCCATTGTT-1,2
CAGTTAGAGGCACTAG-1,3
CAGTTAGAGGCTATCT-1,1
CAGTTAGCAAGTCATC-1,1
CAGTTAGCACCTATCC-1,2
CAGTTAGGTAGATTAG-1,1
CAGTTAGGTCGTGGTC-1,3
CAGTTAGTCTCGACGG-1,2
CAGTTCCAGGGAGTTC-1,2
CAGTTCCAGTTGCGCC-1,1
CAGTTCCCAGTCGCTG-1,3
CAGTTCCTCAAGTCGT-1,2
CAGTTCCTCCATCGTC-1,2
CAGTTCCTCTCAGGCG-1,1
CAGTTCCTCTTCTCAA-1,2
CATAAGCAGCTGCCTG-1,2
CATAAGCCACGTAGAG-1,1
CATAAGCCATAATCCG-1,1
CATAAGCGTACGACTT-1,2
CATAAGCGTGTCTTGA-1,1
CATAAGCTCGGCCTTT-1,1
CATAAGCTCTATCCAT-1,2
CATAAGCTCTGGAAGG-1,1
CATACAGAGAGTTGCG-1,2
CATACAGAGATAGCTA-1,1
CATACAGAGGTGGTTG-1,1
CATACAGAGTTCCATG-1,2
CATACAGCAAAGGATT-1,3
CATACCCGTTACCCAA-1,2
CATACCCTCAATCTCT-1,3
CATACCCTCGGTTGTA-1,3
CATACTTCACCCTAAA-1,2
CATACTTCATCAGCTA-1,2
CATACTTGTTTGGGTT-1,3
CATACTTTCCGTATGA-1,2
CATACTTTCGACATCA-1,2
CATAGACGTCGGCACT-1,1
CATAGACGTGCCGGTT-1,3
CATAGACTCATGCATG-1,1
CATAGACTCATTGCTT-1,3
CATAGACTCCTAGCTC-1,1
CATCAAGAGGAAAGGT-1,1
CATCAAGCACAAATCC-1,2
CATCAAGCATACAGCT-1,2
CATCAAGGTTCACCGG-1,3
CATCAAGTCCTTCACG-1,3
CATCAAGTCTATACTC-1,2
CATCCACAGGTTCCAT-1,2
CATCCACCACCGGCTA-1,2
CATCCACGTCAAATCC-1,2
CATCCACGTCAGTCTA-1,1
CATCCACGTCCAGGTC-1,2
CATCCACTCACCTACC-1,2
CATCCACTCGGCTGAC-1,1
CATCCACTCTTGCGCT-1,3
CATCCCAAGCACCGTC-1,2
CATCCCAAGCATAGGC-1,1
CATCCCAGTCGAGTGA-1,1
CATCCCAGTGTTCCTC-1,2
CATCCCATCCGCACTT-1,2
CATCCCATCGAACTCA-1,1
CATCCCATCGACTCCT-1,1
CATCCCATCTACTTCA-1,2
CATCCCATCTCTTCAA-1,2
CATCCGTAGCCTGCCA-1,3
CATCCGTAGGACTGGT-1,1
CATCCGTAGGTAATCA-1,1
CATCCGTCATATAGCC-1,2
CATCCGTGTCAACATC-1,2
CATCCGTGTGTGATGG-1,1
CATCGCTAGTCTTCCC-1,1
CATCGCTTCTTCGCTG-1,2
CATCGGGCAGATACTC-1,3
CATCGGGGTCAGATTC-1,1
CATCGGGTCTTAGCCC-1,2
CATCGTCAGGGAACAA-1,1
CATCGTCGTTAACAGA-1,3
CATCGTCGTTGGTAGG-1,1
CATCGTCTCCGAACGC-1,2
CATGAGTAGACTTAAG-1,1
CATGAGTAGCGAAACC-1,2
CATGAGTCAACTACGT-1,2
CATGAGTCAGCTGTAT-1,1
CATGAGTGTACCTATG-1,1
CATGAGTTCCCGAGAC-1,3
CATGAGTTCGCTAATG-1,1
CATGCAACAGGAACCA-1,1
CATGCAAGTGCCTTCT-1,2
CATGCAAGTGTGAGCA-1,3
CATGCAATCAGCCTCT-1,1
CATGCAATCCAAAGGG-1,1
CATGCAATCGATTGAC-1,2
CATGCAATCTCGCCTA-1,1
CATGCCTAGAATCCCT-1,2
CATGCCTAGACATAAC-1,2
CATGCCTCAAACGTGG-1,2
CATGCCTCACAACATC-1,2
CATGCCTCAGCGATTT-1,2
CATGCCTTCCGACGGT-1,2
CATGCCTTCGTCGATA-1,2
CATGCCTTCTTAGCAG-1,3
CATGCGGAGACCTGGA-1,1
CATGCGGAGCTGACCC-1,2
CATGCGGAGTAGGGTC-1,1
CATGCGGCACTACTTT-1,2
CATGCGGCAGACCAAG-1,1
CATGCGGCAGCTCCTT-1,2
CATGCGGCAGCTGGTC-1,2
CATGCGGCATTGTGCA-1,2
CATGCGGGTAGAATGT-1,3
CATGCGGGTCACTCGG-1,1
CATGCGGGTCGAACAG-1,1
CATGCGGGTCTCTCAC-1,3
CATGCGGGTGCGGCTT-1,2
CATGCTCAGACGTCGA-1,1
CATGCTCAGAGGGTAA-1,2
CATGCTCAGATGTTGA-1,1
CATGCTCAGCAAGTGC-1,1
CATGCTCAGGACATCG-1,2
CATGCTCCAGAGGTTG-1,2
CATGCTCGTGGTCAAG-1,1
CATGCTCGTTCGGGTC-1,1
CATGCTCTCATTTCGT-1,2
CATGCTCTCCCGTGTT-1,1
CATGCTCTCGGCTGGT-1,1
CATGGATAGATGCTAA-1,3
CATGGATAGCTAGATA-1,1
CATGGATCAACTCGTA-1,2
CATGGATCAATGAAAC-1,1
CATGGATCAATTTCTC-1,1
CATGGATCACATATCG-1,1
CATGGATGTGTTAAAG-1,1
CATGGTAAGAGCTGAC-1,2
CATGGTAAGTCCGCGT-1,2
CATGGTAGTTGGAGGT-1,1
CATTCATAGATGTTAG-1,1
CATTCATAGGTAGTAT-1,2
CATTCATTCAGAGCGA-1,2
CATTCATTCGACTCCT-1,2
CATTCATTCTTTGCGC-1,2
CATTCCGAGGTCATCT-1,2
CATTCCGCAAGTCGTT-1,3
CATTCCGCACTAGAGG-1,1
CATTCCGCATAAGCGG-1,3
CATTCCGGTCAGTTTG-1,2
CATTCCGTCATTACGG-1,1
CATTCCGTCGAGTGGA-1,1
CATTCTACACCAATTG-1,2
CATTCTACAGCGAGTA-1,2
CATTCTACAGTCACGC-1,3
CATTCTAGTAGTGTGG-1,2
CATTCTAGTCGTGCCA-1,1
CATTCTATCTTCACGC-1,2
CATTGAGAGATGCAGC-1,2
CATTGAGAGCACGTCC-1,3
CATTGAGAGTAGCAAT-1,3
CATTGAGGTATGGAAT-1,1
CATTGAGGTCCAGGTC-1,2
CATTGAGGTGACAGGT-1,2
CATTGAGTCGCAATTG-1,1
CATTGCCAGAGGCCAT-1,2
CATTGCCCAAGACGGT-1,1
CATTGCCCAGAGATTA-1,3
CATTGCCCAGCAGTGA-1,1
CATTGCCGTATCACCA-1,2
CATTGCCGTTCAGGTT-1,3
CATTGCCGTTCCGTTC-1,1
CATTGCCTCAGAGTTC-1,2
CATTGCCTCTTGGCTC-1,2
CATTGTTCAAGTGCTT-1,1
CATTGTTCAGAGTCAG-1,1
CATTGTTCAGTATTCG-1,3
CATTGTTGTGACTGTT-1,2
CATTGTTGTGTCTTCC-1,1
CATTGTTTCCCTTGTG-1,2
CATTTCAAGAGAGTGA-1,2
CATTTCAGTATCGCTA-1,2
CATTTCAGTATTGGCT-1,1
CATTTCAGTTGCTTGA-1,2
CATTTCATCCGATGCG-1,2
CATTTCATCTCTAGGA-1,3
CCAAGCGCAAACCGGA-1,2
CCAAGCGCAATGAACA-1,1
CCAAGCGCAGAGTTCT-1,1
CCAAGCGGTTGCAAGG-1,3
CCAAGCGGTTGTGTTG-1,1
CCAATGAAGGCAGGGA-1,1
CCAATGACAATGAGCG-1,1
CCAATGACAGAACTCT-1,2
CCAATGAGTATGTCTG-1,3
CCAATGAGTCTCACGG-1,2
CCAATTTCATAATGCC-1,1
CCAATTTGTCGTTTCC-1,2
CCAATTTGTTCGTAAC-1,1
CCACAAAAGTATAACG-1,2
CCACAAACAATTTCTC-1,2
CCACAAACAGGCCCTA-1,1
CCACAAACAGGCCTGT-1,3
CCACAAACAGGGAATC-1,2
CCACAAAGTAACAGGC-1,2
CCACAAAGTATAGGAT-1,3
CCACAAAGTGTTGCCG-1,3
CCACACTAGAGGTTAT-1,2
CCACACTAGATCCCGC-1,3
CCACACTAGGAGTCTG-1,1
CCACACTCAAGCCCAC-1,2
CCACACTGTGCGGATA-1,3
CCACACTTCGTCTCAC-1,2
CCACACTTCTGCACCT-1,3
CCACCATCACCTCTAC-1,2
CCACCATGTCAAGCGA-1,3
CCACCATGTCAGATTC-1,2
CCACCATGTCCTGGGT-1,3
CCACCATTCACTTGTT-1,3
CCACCATTCTTGATTC-1,2
CCACGAGAGACCTTTG-1,2
CCACGAGAGTCCTGCG-1,2
CCACGAGAGTGTTCAC-1,1
CCACGAGCATGGCCCA-1,1
CCACGAGGTATCAGGG-1,2
CCACGAGGTGTCCAAT-1,1
CCACGAGGTGTTAGCT-1,3
CCACGAGTCCCGTGAG-1,3
CCACGTTAGGCTGTAG-1,1
CCACGTTAGGTCACCC-1,1
CCACGTTCACATGGTT-1,2
CCACGTTCAGAACTCT-1,1
CCACGTTGTCTTGCTC-1,2
CCACGTTGTTCCTACC-1,2
CCACGTTGTTGTGTTG-1,1
CCACGTTTCAAACGTC-1,3
CCACTTGCATACATCG-1,3
CCACTTGCATAGACTC-1,2
CCACTTGGTACGGTTT-1,1
CCACTTGGTATCCTTT-1,1
CCACTTGGTGTGTGTT-1,3
CCACTTGTCAGCCTCT-1,2
CCACTTGTCATTATCC-1,2
CCACTTGTCCTAAACG-1,3
CCATAAGAGACAACAT-1,3
CCATAAGGTCTGTGGC-1,1
CCATAAGGTGAGATAT-1,3
CCATAAGTCGAAGCAG-1,1
CCATAAGTCTCTTCAA-1,1
CCATAAGTCTTAGCCC-1,3
CCATCACAGATGGTAT-1,2
CCATCACAGCCGTCGT-1,1
CCATCACAGCGTGAAC-1,1
CCATCACAGTAACGTA-1,1
CCATCACAGTCCCGAC-1,3
CCATCACCAGAACTAA-1,2
CCATCACCAGTTAGAA-1,2
CCATCACCATCGTGGC-1,1
CCATCACCATTACTCT-1,1
CCATCACCATTGCCTC-1,2
CCATCACGTGGTCAAG-1,1
CCCAACTAGGCCTAGA-1,2
CCCAACTTCAGTCATG-1,1
CCCAACTTCCATCTAT-1,2
CCCAACTTCCCTGTTG-1,3
CCCAACTTCGACGCTG-1,2
CCCATTGAGAAACCCG-1,2
CCCATTGAGCTGGTGA-1,1
CCCATTGCAAGACTGG-1,1
CCCATTGCAGTCTTCC-1,2
CCCATTGTCAGTCAGT-1,2
CCCGAAGAGAGTTGCG-1,3
CCCGAAGCAAGAGTAT-1,1
CCCGAAGCATTCATCT-1,2
CCCGAAGGTTAAGAAC-1,2
CCCGAAGGTTGGGTAG-1,1
CCCGAAGTCGACGCTG-1,3
CCCGAAGTCGACTCCT-1,1
CCCGGAAAGAATCGAT-1,1
CCCGGAAAGTAAATGC-1,1
CCCGGAAAGTCTAACC-1,1
CCCGGAACAGCGAGTA-1,1
CCCTAACAGCGGTAGT-1,2
CCCTAACCAGTCTACA-1,3
CCCTAACGTGTCACAT-1,3
CCCTAACTCACATTGG-1,1
CCCTAACTCGACCACG-1,3
CCCTAACTCGTACCTC-1,2
CCCTCAACATGACTCA-1,2
CCCTCAATCCTGGGAC-1,2
CCCTCTCAGCACCCAC-1,1
CCCTCTCGTAGCGTAG-1,3
CCCTCTCGTTAAGGAT-1,2
CCCTCTCGTTTGATCG-1,1
CCCTCTCTCCTCGCAT-1,2
CCCTCTCTCGTGGCGT-1,2
CCCTGATAGACCTTTG-1,1
CCCTGATAGATCCAAA-1,3
CCCTGATAGCAGTCTT-1,2
CCCTGATAGTTGTCAC-1,2
CCCTGATCAAACCATC-1,2
CCCTGATCAGTGTGGA-1,3
CCCTGATGTGTTTACG-1,1
CCCTGATGTTTGACAC-1,1
CCCTGATTCACTCTTA-1,1
CCCTGATTCGCATAGT-1,3
CCCTGATTCGCTACAA-1,3
CCCTTAGAGCATGCAG-1,2
CCCTTAGAGGAGTCTG-1,1
CCCTTAGAGGTTTACC-1,2
CCCTTAGAGTGAATAC-1,3
CCCTTAGCATTCAGCA-1,3
CCCTTAGTCATCACAG-1,2
CCCTTAGTCGATACGT-1,3
CCGAACGAGCTGGCCT-1,1
CCGAACGAGTCACAGG-1,1
CCGAACGCAGTTCTAG-1,2
CCGAACGGTATCTTCT-1,2
CCGAACGGTCAGTCTA-1,1
CCGAACGGTCATGCAT-1,3
CCGAACGGTCTCTCAC-1,2
CCGAACGTCATGAGAA-1,1
CCGATCTAGACATAGT-1,2
CCGATCTAGATTAGCA-1,1
CCGATCTAGCGATGAC-1,3
CCGATCTAGGCAGCTA-1,2
CCGATCTCATCGATGT-1,3
CCGATCTGTCTAGGCC-1,2
CCGATCTGTTTCGTGA-1,2
CCGATCTTCCGCAACG-1,1
CCGATCTTCTCCGATC-1,3
CCGATGGTCCCTATTA-1,1
CCGCAAGAGGATTTAG-1,1
CCGCAAGGTCATTGCA-1,3
CCGCAAGGTCTTCCGT-1,1
CCGGACAAGCTAAATG-1,3
CCGGACAAGGAACGTC-1,1
CCGGACAAGGCATCGA-1,1
CCGGACACAATAGGGC-1,3
CCGGACACAGGAAGTC-1,3
CCGGACATCTCTCAAT-1,3
CCGGACATCTGGACTA-1,2
CCGGGTAAGCGTCGAA-1,1
CCGGGTAGTCAGCGTC-1,2
CCGGGTATCGGAATGG-1,1
CCGGGTATCGTGGTAT-1,1
CCGGTAGCAAAGGCTG-1,2
CCGGTAGCAGCGCGTT-1,1
CCGGTAGGTGCCCAGT-1,1
CCGGTGAAGCTGCCAC-1,1
CCGGTGAAGGTGCAGT-1,1
CCGGTGACAACGTAAA-1,2
CCGGTGAGTCAACACT-1,3
CCGGTGAGTCACCGCA-1,1
CCGGTGATCTGGTTGA-1,1
CCGTAGGAGCTGTTAC-1,2
CCGTAGGCATACCAGT-1,2
CCGTAGGCATCGTGGC-1,1
CCGTAGGGTCCTGTTC-1,2
CCGTAGGGTCTTTCTA-1,3
CCGTAGGGTTATGGTC-1,2
CCGTAGGTCTAGTTCT-1,1
CCGTGAGAGACCATGG-1,1
CCGTGAGTCTTGGATG-1,1
CCGTTCAAGACTACGG-1,3
CCGTTCACACTGGACC-1,2
CCGTTCAGTATACCCA-1,1
CCGTTCAGTGCAGATG-1,1
CCGTTCATCCTCTAAT-1,1
CCGTTCATCGACACTA-1,3
CCTAACCAGCGACTGA-1,2
CCTAACCGTGGTCCGT-1,3
CCTAACCTCCGTTTCG-1,2
CCTAAGAAGCGCCCAT-1,1
CCTAAGAGTATAATGG-1,1
CCTAAGAGTGGATCAG-1,1
CCTAAGATCGAATGCT-1,1
CCTAAGATCTAATTCC-1,1
CCTACGTAGATCACTC-1,1
CCTACGTGTCCTGGTG-1,1
CCTACGTGTCTACACA-1,2
CCTACGTGTGGACAGT-1,1
CCTACGTGTTAGAAGT-1,1
CCTACGTGTTGGACTT-1,1
CCTACGTTCTGACGCG-1,2
CCTATCGAGCCTCATA-1,2
CCTATCGAGTCACTCA-1,2
CCTATCGCAGGACAGT-1,1
CCTATCGGTACGAGTG-1,1
CCTCAACAGAGTCACG-1,2
CCTCAACAGGCACCAA-1,2
CCTCAACCAGAGTAAT-1,3
CCTCAACCATCGGTTA-1,2
CCTCAACCATGACCCG-1,2
CCTCAACGTACCTAAC-1,2
CCTCAACGTGACTGTT-1,2
CCTCAACTCACATCAG-1,3
CCTCAACTCTATCCAT-1,2
CCTCACAAGAAACTGT-1,2
CCTCACAAGATGCTAA-1,2
CCTCACAGTCTTGAGT-1,3
CCTCACATCTATTCGT-1,1
CCTCAGTAGTTCTCTT-1,3
CCTCAGTGTGCTGTCG-1,2
CCTCAGTGTTAAGAAC-1,3
CCTCAGTTCGCGATCG-1,1
CCTCATGAGCCGAATG-1,2
CCTCATGAGTTACGAA-1,2
CCTCATGGTCACGACC-1,2
CCTCATGTCAAGTTGC-1,1
CCTCATGTCCACATAG-1,3
CCTCATGTCGATTCCC-1,1
CCTCATGTCTTCGGTC-1,1
CCTCCAAAGATTAGCA-1,3
CCTCCAAAGGAAGAAC-1,1
CCTCCAACATGCCGAC-1,1
CCTCCAAGTGTTTACG-1,1
CCTCCAATCAGCTGAT-1,1
CCTCCTCAGGTTTGAA-1,3
CCTCCTCAGTCATACC-1,2
CCTCCTCTCCTTTGAT-1,2
CCTCTAGCAGAACTAA-1,1
CCTCTCCAGTAAATGC-1,1
CCTCTCCAGTGTAGTA-1,2
CCTCTCCCACATACGT-1,2
CCTCTCCGTCGGCCTA-1,3
CCTCTCCTCAACCCGG-1,2
CCTCTCCTCGCGTGCA-1,2
CCTGCATAGAGTGTTA-1,1
CCTGCATAGCAGCACA-1,1
CCTGCATCAAACGAGC-1,1
CCTGCATTCCATTTCA-1,2
CCTGCATTCGGCCCAA-1,1
CCTGCATTCTAGATCG-1,1
CCTGTTGAGTAAACTG-1,1
CCTGTTGAGTAGACAT-1,2
CCTGTTGAGTGGTTGG-1,1
CCTGTTGCAGAGATGC-1,2
CCTGTTGGTGCGACAA-1,3
CCTGTTGGTTATCCAG-1,3
CCTGTTGTCAGCTAGT-1,3
CCTGTTGTCCCTCTCC-1,2
CCTTCAGGTTATGTGC-1,3
CCTTCAGTCATCAGTG-1,2
CCTTCAGTCGATGCAT-1,2
CCTTCAGTCTTCTCAA-1,3
CCTTGTGAGAAGTCTA-1,2
CCTTGTGAGGAAACGA-1,1
CCTTGTGAGGCTCAAG-1,3
CCTTGTGAGTGATTCC-1,3
CCTTGTGCAGACGATG-1,1
CCTTGTGCAGTCGCAC-1,2
CCTTGTGCATAATCGC-1,2
CCTTGTGGTTTGTTCT-1,1
CCTTGTGTCAAGTGTC-1,2
CCTTGTGTCTCCTGCA-1,2
CCTTTGGGTATGGAAT-1,2
CCTTTGGGTGACTCTA-1,2
CCTTTGGGTGCTGATT-1,2
CCTTTGGTCAAGTGGG-1,2
CGAAGGAAGGTGATCG-1,2
CGAAGGACAAGGACAC-1,3
CGAAGGACATTCTCTA-1,2
CGAAGGAGTCTCACAA-1,1
CGAAGGATCATTGCTT-1,1
CGAAGGATCCATAGAC-1,3
CGAAGGATCTACGCGG-1,2
CGAAGTTAGGATGGCT-1,3
CGAAGTTTCTCTCAAT-1,2
CGAAGTTTCTGACGCG-1,2
CGAATTGAGACTTCGT-1,3
CGAATTGCAATCACGT-1,2
CGAATTGGTCTAATCG-1,2
CGAATTGTCTTAGCAG-1,2
CGACAGCAGATCACCT-1,2
CGACAGCAGGCATCTT-1,2
CGACAGCAGGGATGTC-1,2
CGACAGCAGGTGATCG-1,1
CGACAGCAGTTACGTC-1,1
CGACAGCCACAGTCCG-1,2
CGACAGCCACCCTAAA-1,2
CGACAGCCACTCAAGT-1,3
CGACAGCCAGCAGTCC-1,2
CGACAGCCATAATGAG-1,2
CGACAGCGTGCCCACA-1,1
CGACAGCTCTTGCAGA-1,1
CGAGAAGAGACCAAAT-1,1
CGAGAAGAGCATCAGG-1,1
CGAGAAGAGTCGCCAC-1,2
CGAGAAGCAATACCCA-1,1
CGAGAAGCAATTGCAC-1,2
CGAGAAGCACAGAGAC-1,3
CGAGAAGCAGCGTTTA-1,3
CGAGAAGGTGACATCT-1,3
CGAGAAGTCCAGGACC-1,1
CGAGGAAAGTTTGTCG-1,3
CGAGGAACACAACGCC-1,2
CGAGGAACACTGAGGA-1,1
CGAGGAAGTAGTTCCA-1,1
CGAGGAAGTCTCACAA-1,2
CGAGGAATCATCTATC-1,2
CGAGGAATCATGGGAG-1,3
CGAGGAATCCGGCAAC-1,2
CGAGGAATCGGAAACG-1,1
CGAGGCTAGAGATCGC-1,1
CGAGGCTCAAGGTCGA-1,1
CGAGGCTCACTTCCTG-1,3
CGAGGCTCAGGGAGAG-1,1
CGAGGCTGTAGACGTG-1,2
CGAGGCTGTGACATCT-1,1
CGAGGCTTCCTGATAG-1,2
CGAGTGCAGATTGGGC-1,2
CGAGTGCAGCTAGAGC-1,1
CGAGTGCAGTAGTCTC-1,3
CGAGTGCCACAGAGCA-1,1
CGAGTGCCAGAGAGGG-1,1
CGAGTGCCATAGATGA-1,2
CGAGTTAAGATGACCG-1,1
CGAGTTAAGCGATGAC-1,2
CGAGTTAAGGGCAGGA-1,2
CGAGTTACATTGTGCA-1,1
CGAGTTATCACATACG-1,1
CGAGTTATCAGTGGGA-1,2
CGAGTTATCTGGTGCG-1,3
CGATCGGAGACAGCTG-1,1
CGATCGGAGCATTGTC-1,1
CGATCGGCAGCAGACA-1,3
CGATCGGCAGCAGGAT-1,1
CGATCGGGTCTCAAGT-1,1
CGATCGGGTGAGCAGT-1,1
CGATCGGTCGTGGCGT-1,1
CGATGCGCATTGGATC-1,2
CGATGCGTCGACACTA-1,1
CGATGGCAGTGCACTT-1,1
CGATGGCCACGGCTAC-1,2
CGATGGCCACTACTTT-1,2
CGATGGCCATAACTCG-1,2
CGATGGCGTGCGGCTT-1,1
CGATGGCGTGTGAATA-1,2
CGATGGCTCCGTTGGG-1,3
CGATGGCTCCTGATAG-1,2
CGCAGGTAGAAAGCGA-1,3
CGCAGGTAGATCACTC-1,2
CGCAGGTCAACCACGC-1,2
CGCAGGTCAATTTCGG-1,3
CGCAGGTTCCATCTCG-1,2
CGCAGGTTCTGTGCGG-1,3
CGCATAAAGCGTGCTC-1,1
CGCATAAAGTCTGGAG-1,1
CGCATAAGTGAGCCAA-1,3
CGCATAAGTGCCCGTA-1,2
CGCATAATCACTGGTA-1,1
CGCATAATCCGACAGC-1,1
CGCATAATCGGAGCAA-1,1
CGCATGGAGCTGTTAC-1,2
CGCATGGCATGACGTT-1,3
CGCATGGGTTGGGCCT-1,1
CGCATGGTCACCGCTT-1,2
CGCCAGAAGTTCAACC-1,2
CGCCAGACACAAGGTG-1,1
CGCCAGAGTGGTTTGT-1,1
CGCCAGAGTTCCTAGA-1,1
CGCCAGATCGTGCACG-1,1
CGCCATTAGGTTGGTG-1,1
CGCCATTCACGTCTCT-1,3
CGCCATTGTAGAATGT-1,2
CGCCATTGTCCCGCAA-1,1
CGCCATTGTTCCGCGA-1,2
CGCCATTTCATTGCTT-1,3
CGCCATTTCGCGGTAC-1,3
CGCCATTTCGTTCATT-1,2
CGCCATTTCTCTCCGA-1,1
CGCCATTTCTGTCAGA-1,1
CGCGTGAAGCTGTACT-1,1
CGCGTGAAGTAAACAC-1,1
CGCGTGAAGTGCGACA-1,1
CGCGTGACAAACTCGT-1,1
CGCGTGACAACTCGAT-1,1
CGCGTGACACGCAGTC-1,1
CGGAACCAGATCGACG-1,1
CGGAACCAGTAGATCA-1,2
CGGAACCGTAGGACTG-1,1
CGGAACCGTCCCGGTA-1,1
CGGAACCTCGCCTAGG-1,1
CGGAATTAGCTCGCAC-1,1
CGGAATTAGGGTTAGC-1,3
CGGAATTAGGTCGTAG-1,1
CGGAATTCATACTGAC-1,2
CGGAATTGTATTGACC-1,1
CGGAATTGTCGCCTAG-1,1
CGGAATTGTGACTCGC-1,1
CGGAATTGTGCATGTT-1,1
CGGAATTGTTCTGACA-1,2
CGGAATTTCCTGGCTT-1,1
CGGACACCAACTGTGT-1,3
CGGACACCACATGACT-1,2
CGGACACGTCCGGTGT-1,1
CGGAGAAAGCCTCATA-1,3
CGGAGAACAAAGGCGT-1,1
CGGAGAACAATAGGGC-1,1
CGGAGAACAGTTCCAA-1,1
CGGAGAAGTGTCCAAT-1,1
CGGAGAATCATCACTT-1,2
CGGAGAATCGCGGTAC-1,1
CGGCAGTAGACGAAGA-1,1
CGGCAGTAGTAGAGTT-1,3
CGGCAGTCAAAGGAGA-1,2
CGGCAGTCATCTCCCA-1,1
CGGCAGTGTAGACTGG-1,1
CGGCAGTGTGTCTTAG-1,1
CGGCAGTGTGTTTACG-1,1
CGGCAGTTCAGACTGT-1,1
CGGGACTCAGATGCGA-1,1
CGGGACTTCTATACGG-1,1
CGGGCATGTCAGGTAG-1,1
CGGGCATGTCTGTCAA-1,1
CGGGCATTCGAATCCA-1,1
CGGGTCACACAATGAA-1,1
CGGGTCAGTCTTTATC-1,2
CGGGTCATCATACGAC-1,1
CGGGTCATCGATCCCT-1,1
CGGGTGTAGCACTAAA-1,1
CGGGTGTAGTATTCCG-1,3
CGGGTGTCACAACGTT-1,1
CGGGTGTGTACCAATC-1,1
CGGGTGTTCATAAGGA-1,1
CGGGTGTTCGGCATTA-1,1
CGGTCAGAGATGCTGG-1,2
CGGTCAGAGGATGAGA-1,2
CGGTCAGCAAGAAACT-1,1
CGGTCAGCAATTGCAC-1,3
CGGTCAGGTCTTGGTA-1,1
CGGTCAGTCGAACGGA-1,2
CGGTCAGTCGCCTATC-1,1
CGTAAGTAGCTCGACC-1,1
CGTAAGTAGGCATCAG-1,1
CGTAAGTCAAGCTCTA-1,2
CGTAAGTGTTTCTTAC-1,1
CGTAATGAGCTACTGT-1,3
CGTAATGAGTGAACAT-1,1
CGTAATGGTAGACAAT-1,2
CGTAGTAAGATGCAGC-1,1
CGTAGTAAGGGAGGTG-1,1
CGTAGTAGTGATACCT-1,2
CGTAGTAGTTTGCCGG-1,1
CGTAGTATCATGGGAG-1,1
CGTAGTATCCGGTTCT-1,1
CGTCAAAAGCAGATAT-1,2
CGTCAAAAGCATATGA-1,3
CGTCAAAAGTCACGAG-1,1
CGTCAAACAGTCTCTC-1,1
CGTCAAAGTCTGTGCG-1,1
CGTCAAAGTTCAAACC-1,3
CGTCCATGTACGTACT-1,1
CGTCCATGTGGATCGA-1,1
CGTCCATTCGGCTGTG-1,2
CGTGAATAGCATCAAA-1,2
CGTGAATAGCTCCACG-1,1
CGTGAATCAATCTCTT-1,3
CGTGAATCAATGCTCA-1,3
CGTGAATCAGGTCTCG-1,1
CGTGAATGTAGCGTAG-1,1
CGTGAATTCATTGAGC-1,2
CGTGATAAGATCACCT-1,1
CGTGATAAGGATACGC-1,1
CGTGATAAGGCTATCT-1,2
CGTGATAAGTCGTTAC-1,2
CGTGATACAACCACAT-1,2
CGTGATACACGTAACT-1,1
CGTGATACATCTGGGC-1,1
CGTGATAGTGATACAA-1,1
CGTGATAGTTAACCTG-1,2
CGTGATAGTTCTCGTC-1,1
CGTGATATCACATTGG-1,1
CGTGATATCGGCACTG-1,3
CGTGATATCGTTGTGA-1,1
CGTGCTTAGGTCATTC-1,1
CGTGCTTAGTCGCCCA-1,2
CGTGCTTCACAAGTTC-1,1
CGTGCTTGTGTGTCCG-1,1
CGTGCTTTCCATAGGT-1,1
CGTGTCTAGTTCCGTA-1,1
CGTGTCTAGTTGCATC-1,2
CGTGTCTCACCCAATA-1,1
CGTGTCTCATCCGTTC-1,2
CGTGTCTTCCGTACGG-1,3
CGTGTCTTCTTGGATG-1,1
CGTTAGAAGCAGCCTC-1,1
CGTTAGAAGTAACGTA-1,2
CGTTCTGAGTCAACAA-1,1
CGTTCTGGTACTAGCT-1,3
CGTTCTGGTAGCGTCC-1,1
CGTTCTGGTTACGATC-1,2
CGTTCTGGTTGCCTAA-1,1
CGTTCTGGTTTACACG-1,3
CGTTCTGTCGAATCCA-1,1
CGTTCTGTCTTAGCTT-1,2
CGTTGGGAGACATCAA-1,1
CGTTGGGCAGTAGAAT-1,1
CGTTGGGCATGTGGCC-1,1
CGTTGGGGTAGACTGG-1,1
CGTTGGGGTCATATGC-1,3
CGTTGGGTCCCTGGTT-1,1
CGTTGGGTCGGCTTCT-1,3
CGTTGGGTCTCATAGG-1,1
CGTTGGGTCTGGGCGT-1,1
CTAACCCAGTGGAAGA-1,2
CTAACCCCATCCGGCA-1,1
CTAACCCGTCCAAAGG-1,3
CTAACCCGTTGGATCT-1,2
CTAACCCTCCACATAG-1,2
CTAACCCTCTGCATGA-1,1
CTAACTTAGCTGAAGC-1,1
CTAACTTAGGCCACCT-1,1
CTAACTTCAGTTCTAG-1,2
CTAACTTGTCGACGCT-1,3
CTAACTTTCAAGGAGC-1,1
CTAACTTTCTAAGCCA-1,2
CTAACTTTCTACGGTA-1,3
CTAAGTGAGCCGCTTG-1,1
CTAAGTGCAGCAAGAC-1,1
CTAAGTGGTATCGATC-1,3
CTAAGTGTCATCGTAG-1,2
CTACAGAAGTTTGGCT-1,1
CTACAGACAGAAGTGC-1,1
CTACAGAGTCAACATC-1,1
CTACAGAGTCGTCAGC-1,1
CTACAGATCCCGTTCA-1,3
CTACATTAGCCACAAG-1,2
CTACATTAGTCCCAGC-1,3
CTACATTAGTTTCGAC-1,1
CTACATTCAATTGCGT-1,3
CTACATTGTTCCTTGC-1,2
CTACATTTCAGCAATC-1,1
CTACATTTCCCTGTTG-1,2
CTACATTTCTTCACAT-1,2
CTACCCAAGACGAAGA-1,1
CTACCCAAGGCCTAAG-1,3
CTACCCAGTACAGAAT-1,1
CTACCCAGTCGCATGC-1,3
CTACCCAGTCGTACTA-1,2
CTACCTGAGCCGATAG-1,2
CTACCTGCATAGAATG-1,3
CTACCTGGTGCACATT-1,2
CTACCTGTCACCATAG-1,2
CTACCTGTCCATTGTT-1,2
CTACGGGTCCCGGTAG-1,2
CTACTATAGCTAAATG-1,1
CTACTATCACGCTGTG-1,2
CTACTATCAGCTTTGA-1,2
CTACTATGTGAGTAGC-1,1
CTACTATGTTGTTGAC-1,3
CTACTATTCACCCATC-1,2
CTACTATTCACTTCTA-1,1
CTACTATTCCTCACCA-1,2
CTAGACAAGTCCCTAA-1,2
CTAGACAGTCACGCTG-1,1
CTAGACATCAGGACGA-1,3
CTAGACATCCGGCAAC-1,2
CTAGGTAAGACCAGAC-1,3
CTAGGTAAGATTCGAA-1,1
CTAGGTAAGTGCTACT-1,1
CTAGGTAGTATCACCA-1,2
CTAGGTATCATAGGCT-1,3
CTATAGGAGGACAAGA-1,1
CTATAGGAGGGCAGTT-1,3
CTATAGGCATCAGCGC-1,1
CTATAGGGTATAGCTC-1,1
CTATAGGGTTAATGAG-1,1
CTATAGGTCAGGAAGC-1,1
CTATCCGAGAGAACCC-1,2
CTATCCGCACATTCTT-1,2
CTATCCGCAGAGAGGG-1,1
CTATCCGTCAGTGATC-1,1
CTATCCGTCGTTCTCG-1,1
CTATCTAAGAAGTATC-1,2
CTATCTAAGCGATGCA-1,2
CTATCTAAGGGTTAAT-1,2
CTATCTACAAATGGAT-1,1
CTATCTAGTCACGCTG-1,2
CTATCTATCTCTTCAA-1,3
CTCAACCAGAACAGGA-1,1
CTCAACCAGAGAATCT-1,1
CTCAACCAGTGCCGAA-1,2
CTCAACCCAAAGGATT-1,1
CTCAACCCACACCGAC-1,2
CTCAACCCAGCGTTTA-1,2
CTCAACCGTTCCGTTC-1,1
CTCAAGAAGCAACAAT-1,2
CTCAAGAAGCCGAATG-1,1
CTCAAGACAAACACGG-1,2
CTCAAGACAATAGTGA-1,1
CTCAAGACACGTCATA-1,3
CTCAAGACATTCATCT-1,2
CTCAAGAGTGCGTGCT-1,1
CTCAAGATCACCCTGT-1,1
CTCAAGATCGCAGTTA-1,2
CTCAAGATCTCCTGCA-1,2
CTCAATTCAAGAAACT-1,3
CTCAATTGTGTTCAGT-1,2
CTCAATTGTTGTGTAC-1,1
CTCAATTTCCACACAA-1,2
CTCAATTTCCCTAGGG-1,2
CTCACTGCACACCAGC-1,2
CTCACTGCACTTCAGA-1,2
CTCACTGCAGGAATCG-1,2
CTCACTGGTATAGCTC-1,3
CTCACTGGTGCCGTTG-1,2
CTCACTGTCACCTTAT-1,3
CTCACTGTCGCCCAGA-1,2
CTCACTGTCTGAGAAA-1,3
CTCAGAAAGCAACCAG-1,1
CTCAGAAAGCATGAAT-1,1
CTCAGAAAGGGACACT-1,1
CTCAGAACATATACCG-1,1
CTCAGAACATGTACGT-1,1
CTCAGAAGTTCAAGGG-1,3
CTCAGGGAGCTGAAGC-1,3
CTCAGGGAGGGCGAAG-1,3
CTCAGGGCAAACTAAG-1,2
CTCAGGGCAACGGCTC-1,1
CTCAGGGGTTACACTG-1,1
CTCAGTCAGAGTTGTA-1,1
CTCAGTCAGGGCAAGG-1,3
CTCAGTCAGGTGAGCT-1,1
CTCAGTCCACACGGAA-1,3
CTCAGTCCACGCTGCA-1,3
CTCAGTCCAGGTGGAT-1,3
CTCATCGGTGAACGGT-1,2
CTCATCGGTGCTTCAA-1,1
CTCATGCCACGCCACA-1,3
CTCATGCGTAACAGTA-1,2
CTCATGCGTAAGTTAG-1,1
CTCATGCGTAGGCAAC-1,1
CTCATGCTCTCGCTCA-1,2
CTCATTAAGGAATTAC-1,3
CTCATTACAACTGAAA-1,1
CTCATTAGTAGCTGTT-1,2
CTCATTAGTATGGAGC-1,2
CTCATTATCTCACCCA-1,2
CTCCAACAGCATATGA-1,2
CTCCAACCACGCCACA-1,2
CTCCAACCATGATAGA-1,2
CTCCAACGTACTGAGG-1,2
CTCCAACGTGGCTACC-1,2
CTCCAACTCCTTCTGG-1,2
CTCCAACTCGGACGTC-1,3
CTCCAACTCTGCCTCA-1,1
CTCCACACAGATCCAT-1,2
CTCCACACATAACTCG-1,3
CTCCACACATGTTACG-1,2
CTCCACAGTACAAGCG-1,2
CTCCACAGTAGTCACT-1,2
CTCCACAGTTCATCTT-1,3
CTCCACAGTTTCACAG-1,2
CTCCACATCGACGCGT-1,2
CTCCATGAGCTCGCAC-1,1
CTCCATGGTCAGCTTA-1,2
CTCCATGGTCGGCCTA-1,2
CTCCATGGTGTCACAT-1,1
CTCCATGGTTACGCCG-1,1
CTCCATGTCTGTGCGG-1,1
CTCCCAACAAGCCTGC-1,2
CTCCCAACATACTGAC-1,3
CTCCCAACATGACACT-1,2
CTCCCAAGTATGTCTG-1,1
CTCCCAATCGGTCGAC-1,1
CTCCCAATCTGCGGGT-1,2
CTCCCTCAGATGCAGC-1,3
CTCCCTCAGCTTCGTA-1,1
CTCCCTCAGGCTATCT-1,2
CTCCCTCCAAGTCGTT-1,1
CTCCCTCCACCAGCGT-1,1
CTCCCTCCACTTGTGA-1,2
CTCCCTCGTCCTGTCT-1,1
CTCCCTCGTGAGGCAT-1,1
CTCCCTCTCCCGGTAG-1,2
CTCCCTCTCCGTGGCA-1,2
CTCCCTCTCGCTAATG-1,2
CTCCGATAGCCGCACT-1,2
CTCCGATAGTTCCAGT-1,2
CTCCGATCAACGGTAG-1,3
CTCCGATCACTTGGCG-1,2
CTCCGATCAGCCTTCT-1,1
CTCCGATGTAGTATAG-1,2
CTCCGATGTGGTAACG-1,3
CTCCGATGTTCCACGG-1,1
CTCCGATTCATGAGAA-1,1
CTCCGATTCCAAGCCG-1,2
CTCCGATTCGTCCTCA-1,1
CTCCTCCAGAATACAC-1,3
CTCCTCCAGCTGGCCT-1,1
CTCCTCCCACTCGATA-1,1
CTCCTTTAGCCACCGT-1,3
CTCCTTTAGGTAAGTT-1,1
CTCCTTTCATAGCACT-1,2
CTCCTTTGTGCAATAA-1,1
CTCCTTTTCCTGGGTG-1,1
CTCCTTTTCCTGTAGA-1,2
CTCGAGGAGGCACGAT-1,1
CTCGAGGAGGTCACCC-1,1
CTCGAGGAGTAACGTA-1,3
CTCGAGGCAGTTGGTT-1,2
CTCGAGGGTTGCATCA-1,1
CTCGAGGTCTTCTTCC-1,1
CTCTCAGAGAGTTGCG-1,3
CTCTCAGAGGAACTAT-1,1
CTCTCAGAGTTGCATC-1,1
CTCTCAGCAGCGGTTC-1,2
CTCTCAGTCCGAAATC-1,1
CTCTCGAAGATGATTG-1,1
CTCTCGACATGATCTG-1,3
CTCTCGAGTCAACATC-1,3
CTCTGGTCATGAGGGT-1,3
CTCTGGTCATTCTCTA-1,2
CTCTGGTTCCCAGGCA-1,2
CTGAATGAGAAGAACG-1,1
CTGAATGCAAGGTCTT-1,1
CTGAATGCACGTACTA-1,2
CTGAGCGCATAAGATG-1,1
CTGAGCGCATCCTCAC-1,3
CTGAGCGGTCTGTGAT-1,1
CTGAGCGGTGCTTATG-1,1
CTGAGCGGTGTGGACA-1,1
CTGAGGCAGAAATTGC-1,1
CTGAGGCAGACATAGT-1,1
CTGAGGCGTATGAAAC-1,1
CTGAGGCGTGCCTACG-1,1
CTGAGGCTCATTTGTC-1,2
CTGAGGCTCTCTCGCA-1,3
CTGAGGCTCTTCGACC-1,1
CTGATCCAGAGTCACG-1,1
CTGATCCCACTACCCT-1,1
CTGATCCGTGCCCACA-1,2
CTGATCCTCAGCTAGT-1,3
CTGCAGGAGTATAGAC-1,2
CTGCAGGGTATGGAGC-1,3
CTGCAGGGTTAGCGGA-1,1
CTGCAGGGTTCTCCCA-1,2
CTGCAGGGTTGTGCCG-1,2
CTGCAGGTCCACGTGG-1,2
CTGCATCAGTTCGGTT-1,1
CTGCATCCAAGACCTT-1,2
CTGCATCGTCTGTTAG-1,1
CTGCATCTCAGATTGC-1,2
CTGCATCTCATGGTAC-1,3
CTGCCATAGTAGAATC-1,2
CTGCCATAGTCGCCCA-1,2
CTGCCATAGTGGCGAT-1,1
CTGCCATCACGGCGTT-1,2
CTGCCATCAGGGATAC-1,2
CTGCCATCATATGCGT-1,1
CTGCCATGTTGGATCT-1,1
CTGCCATTCCATAAGC-1,2
CTGCCTAAGAAATGGG-1,1
CTGCCTAAGCAGAAAG-1,3
CTGCCTAAGGGAGGTG-1,2
CTGCCTAAGTCGGCAA-1,1
CTGCCTAGTAGATTGA-1,1
CTGCCTAGTGGCTTGC-1,2
CTGCCTATCAGATTGC-1,2
CTGCGAGAGGTCACTT-1,1
CTGCGAGCAACTACGT-1,1
CTGCGAGGTTACGATC-1,1
CTGCGAGTCAGGTGTT-1,1
CTGCGAGTCCACGGAC-1,1
CTGCTCAAGCCTTCTC-1,2
CTGCTCAAGGTGTGAC-1,2
CTGCTCAAGGTTCACT-1,3
CTGCTCAAGTGCACTT-1,2
CTGCTCATCGTCAAAC-1,2
CTGCTCATCTCGGTAA-1,1
CTGGACGAGCACGGAT-1,1
CTGGACGAGGATTTCC-1,2
CTGGACGCAAAGGATT-1,3
CTGGACGGTAATGCGG-1,3
CTGGACGGTTGCATTG-1,2
CTGGACGTCCAACACA-1,2
CTGGACGTCCGTAATG-1,2
CTGGACGTCGGTGTTA-1,2
CTGGCAGAGGTCCGAA-1,1
CTGGCAGCAACAGAGC-1,1
CTGGCAGCACGAGGTA-1,2
CTGGCAGGTTTACTGG-1,2
CTGGCAGTCGTAGGAG-1,1
CTGGCAGTCTCAGGCG-1,3
CTGGTCTAGATAGTCA-1,2
CTGGTCTAGCTCCGAC-1,2
CTGGTCTAGTATAACG-1,3
CTGGTCTGTAGCACGA-1,1
CTGTACCAGCGGATCA-1,3
CTGTACCAGCGTGAAC-1,1
CTGTACCCAAACCACT-1,1
CTGTACCCACATATCG-1,2
CTGTACCGTACGCTTA-1,2
CTGTAGACAATCCTAG-1,1
CTGTAGACATATGCGT-1,2
CTGTAGAGTACAAGCG-1,1
CTGTAGATCGAGCACC-1,1
CTGTAGATCGCACTCT-1,1
CTGTATTAGACTCGAG-1,1
CTGTATTCAGGCCCTA-1,1
CTGTATTGTACAGAGC-1,1
CTGTATTGTTAGAAGT-1,3
CTGTATTTCACTTTGT-1,2
CTGTATTTCATCCCGT-1,2
CTGTCGTAGGGACTGT-1,1
CTGTCGTCAATCTGCA-1,1
CTGTCGTGTACGATGG-1,1
CTGTCGTGTCTCGACG-1,1
CTGTCGTTCCCATGGG-1,1
CTGTGAAAGCATGTTC-1,1
CTGTGAAAGCCGCACT-1,1
CTGTGAACAGAGACTG-1,1
CTGTGAATCCAACTGA-1,1
CTGTGGGCAACCCTCT-1,2
CTGTGGGCAGAAACCG-1,1
CTGTGGGGTTGCTCAA-1,3
CTGTGGGGTTTCTTAC-1,2
CTGTGGGTCCAGTGCG-1,2
CTTACCGAGGTCCGAA-1,1
CTTACCGCAATTGCGT-1,2
CTTACCGCACCTGCAG-1,2
CTTACCGCAGAAATCA-1,2
CTTACCGGTCGAGTGA-1,1
CTTACCGGTCTAGGCC-1,1
CTTAGGACACTACGGC-1,3
CTTAGGAGTGTTTCTT-1,1
CTTAGGATCTGTTGGA-1,2
CTTCAATAGGTAGCAC-1,1
CTTCAATCAAAGGATT-1,2
CTTCAATCATCCTTGC-1,1
CTTCAATCATCTCCCA-1,3
CTTCAATGTATGGTTC-1,2
CTTCAATTCCGAGTGC-1,2
CTTCAATTCGATTGGT-1,1
CTTCAATTCGGAAACG-1,3
CTTCAATTCGGCCTTT-1,1
CTTCAATTCTCATGCC-1,3
CTTCCGAAGGTCGTCC-1,3
CTTCCGACAATGGGTG-1,2
CTTCCGAGTCATCCGG-1,2
CTTCCGAGTCCTGTTC-1,2
CTTCCGAGTTACTCAG-1,2
CTTCCGATCCCTCATG-1,1
CTTCCGATCTGCCTGT-1,2
CTTCCTTAGAGAACCC-1,2
CTTCCTTAGTATCCTG-1,2
CTTCCTTCACGTTCGG-1,1
CTTCCTTTCGTGTCAA-1,1
CTTCGGTAGTAGAATC-1,2
CTTCGGTGTACGGTTT-1,1
CTTCGGTGTCCCTAAA-1,1
CTTCTAAAGCAAATCA-1,2
CTTCTAAAGCCTGAAG-1,1
CTTCTAACAATTTCGG-1,1
CTTCTAACAGAGACTG-1,2
CTTCTAACAGTTACCA-1,2
CTTCTAAGTGCCTTCT-1,1
CTTCTAAGTGGCGCTT-1,1
CTTCTAAGTGTCATCA-1,3
CTTCTAAGTTGGTGTT-1,3
CTTCTAAGTTTCGACA-1,1
CTTCTAATCCTGGGAC-1,2
CTTCTAATCGTTAGTG-1,2
CTTCTAATCTCCACTG-1,2
CTTCTCTCACCGTCGA-1,3
CTTCTCTCAGTCACGC-1,2
CTTCTCTTCATGCATG-1,2
CTTCTCTTCGACCTAA-1,1
CTTGAGAAGACCATGG-1,1
CTTGAGAAGATCCAAA-1,1
CTTGAGAAGGCCTTGC-1,3
CTTGAGACATTGGATC-1,2
CTTGAGAGTGACACGA-1,1
CTTGAGAGTTCGTTCC-1,1
CTTGATTAGCTGAAGC-1,1
CTTGATTAGTAGCCAG-1,2
CTTGATTAGTCACTAC-1,2
CTTGATTGTTAGCGGA-1,3
CTTGATTTCAACCTCC-1,1
CTTGATTTCGAAGTGG-1,3
CTTGATTTCTGTGTGA-1,2
CTTTCAAAGAAGCCTG-1,2
CTTTCAAAGACTCTTG-1,1
CTTTCAAAGCCTAACT-1,2
CTTTCAAAGGGCAGGA-1,2
CTTTCAACAAGCCTGC-1,2
CTTTCAACATTGCCGG-1,2
CTTTCAAGTAGCACGA-1,1
CTTTCAAGTCTGTGAT-1,1
CTTTCAAGTTCTAACG-1,2
CTTTCAATCACCCTTG-1,2
CTTTCAATCAGTCAGT-1,1
CTTTCAATCTGTAAGC-1,1
CTTTCGGAGCTCGTGC-1,1
CTTTCGGAGGATACAT-1,1
CTTTCGGAGGTGGCTA-1,2
CTTTCGGAGTACTCGT-1,1
CTTTCGGGTACCTTCC-1,3
CTTTCGGGTCAGTCTA-1,1
CTTTCGGTCAAGGCTT-1,1
GAAACCTAGACTTAAG-1,1
GAAACCTCAATAACGA-1,2
GAAACCTGTACTCCGG-1,3
GAAACCTGTTGGCCGT-1,2
GAAACCTTCGCAGTTA-1,3
GAAACCTTCTTGAACG-1,2
GAAATGAAGCGGACAT-1,1
GAAATGACAAGTTTGC-1,3
GAAATGACAGCTGTAT-1,3
GAAATGAGTAGACACG-1,1
GAAATGATCCAAAGGG-1,1
GAAATGATCTCCACTG-1,2
GAACACTAGATGCTGG-1,3
GAACACTCACCTCTAC-1,2
GAACACTGTCAACACT-1,1
GAACACTGTCAAGCCC-1,2
GAACACTTCCAAGAGG-1,3
GAACACTTCTAAGAAG-1,3
GAACGTTCATCGAACT-1,1
GAACGTTGTCATCTAG-1,1
GAACGTTTCCATGATG-1,1
GAACGTTTCTAGAGCT-1,2
GAACTGTAGTTCCATG-1,2
GAACTGTGTGAACGGT-1,1
GAACTGTTCCGTAGTA-1,3
GAACTGTTCCTTATAC-1,2
GAAGAATAGTCATCCA-1,1
GAAGAATCATATCTCT-1,2
GAAGAATGTCATCAGT-1,3
GAAGAATTCAGTGGGA-1,1
GAAGAATTCTTAGCCC-1,2
GAAGCCCAGCCATCCG-1,1
GAAGCCCCAAGCGCAA-1,2
GAAGCCCCACCCTGAG-1,2
GAAGCCCCAGTGGGTA-1,2
GAAGCCCCATCCTCAC-1,2
GAAGCCCCATCGCTCT-1,1
GAAGCCCGTAGTGCGA-1,3
GAAGCCCGTCGCTTGG-1,1
GAAGCCCTCAAGAGTA-1,1
GAAGCCCTCTACCAGA-1,3
GAAGCGAAGGTTCAGG-1,2
GAAGCGACAACACGAG-1,1
GAAGGACAGCAACTTC-1,2
GAAGGACCAGATACCT-1,2
GAAGGACTCCAAGCTA-1,2
GAAGGACTCCGATAGT-1,1
GAAGGGTAGCATTTGC-1,1
GAAGGGTGTCTTGCGG-1,1
GAAGGGTGTGGGTTGA-1,1
GAAGGGTTCCACCCTA-1,2
GAAGGGTTCCTCCACA-1,2
GAAGTAAAGCGACTAG-1,1
GAAGTAAAGCGTGTTT-1,1
GAAGTAAAGCTGGTGA-1,1
GAAGTAAAGGAGAGTA-1,1
GAAGTAAAGGTCATTC-1,3
GAAGTAAAGGTCCCTG-1,1
GAAGTAAGTTGTTTGG-1,1
GAATAGACAAAGTGTA-1,1
GAATAGACAGTCACGC-1,2
GAATAGATCACATCAG-1,3
GAATCACAGGGACCAT-1,3
GAATCACAGTCGAAAT-1,1
GAATCACTCAAGCGTT-1,3
GAATCACTCACGGTCG-1,1
GAATCGTCAAGCACAG-1,3
GAATCGTCAATCCAGT-1,2
GAATCGTCACGACAAG-1,1
GAATCGTCATGCAGCC-1,2
GAATCGTTCATGCATG-1,2
GAATCGTTCCTCAGGG-1,3
GACACGCAGACGCCAA-1,1
GACACGCAGTTCTACG-1,1
GACACGCTCCATACTT-1,2
GACACGCTCCATTTAC-1,2
GACAGCCAGCGAGTAC-1,1
GACAGCCAGCTTTGTG-1,1
GACAGCCAGTTGCTGT-1,1
GACAGCCCACTGAGGA-1,1
GACAGCCGTAATGATG-1,2
GACAGCCGTCCCTAAA-1,2
GACAGCCTCATTCACT-1,2
GACAGCCTCCTCACTG-1,2
GACATCAAGTCTGCGC-1,2
GACCAATAGCTGCCAC-1,2
GACCAATAGTGATTCC-1,2
GACCAATCAACATCGT-1,2
GACCAATCAATGTGGG-1,2
GACCAATCACAAAGTA-1,2
GACCAATCATTGCCGG-1,2
GACCAATGTATTTCGG-1,2
GACCAATTCGGTAACT-1,2
GACCCAGAGACTTCAC-1,2
GACCCAGAGATGATTG-1,2
GACCCAGGTATGAGAT-1,3
GACCCAGGTGGATGAC-1,1
GACCCAGGTTAGGCTT-1,3
GACCCAGTCAGCTGAT-1,1
GACCCAGTCAGTGGGA-1,2
GACCCAGTCTCACTCG-1,2
GACCCTTAGGCCACCT-1,2
GACCCTTAGTACTCGT-1,2
GACCCTTCACCAACAT-1,2
GACCCTTGTTTGGCTA-1,2
GACCCTTTCAGCTGAT-1,2
GACCCTTTCGACGACC-1,1
GACCGTGCACTATGTG-1,1
GACCGTGGTGGATACG-1,1
GACCGTGTCCCTGGTT-1,1
GACCGTGTCTACGGTA-1,3
GACCGTGTCTAGAGCT-1,3
GACCTTCGTAAGCTCT-1,1
GACCTTCGTCAGGTAG-1,1
GACCTTCTCTTACCGC-1,2
GACGCTGAGTCCGTCG-1,1
GACGCTGCACTCCGGA-1,1
GACGCTGGTACCTATG-1,1
GACGCTGGTACTGAGG-1,2
GACGCTGGTAGCTGAG-1,2
GACGTTAAGCACGGAT-1,1
GACGTTACAGAGCGTA-1,1
GACGTTACATCATTGG-1,2
GACGTTATCATCAGTG-1,2
GACTATGAGCACTCTA-1,2
GACTATGAGCCTGAGA-1,2
GACTATGAGCTGTACT-1,1
GACTATGCAACAAAGT-1,2
GACTATGCAACGTAAA-1,2
GACTATGGTAACTGCT-1,3
GACTATGTCACGTAGT-1,1
GACTATGTCTAGTCAG-1,1
GACTCAAAGTGCTAGG-1,1
GACTCAACATTGTAGC-1,1
GACTCAAGTAGACTGG-1,2
GACTCAATCAGAGTTC-1,2
GACTCAATCATGAAAG-1,1
GACTCAATCCCAGCGA-1,1
GACTCTCAGATAGGGA-1,3
GACTCTCAGTTTGAGA-1,2
GACTCTCCAAGGTCTT-1,1
GACTCTCGTAGACACG-1,1
GACTCTCGTTTCCATT-1,2
GACTCTCTCAAGGAGC-1,1
GACTCTCTCTCCGCAT-1,2
GACTCTCTCTGATGGT-1,1
GACTCTCTCTTGTGCC-1,2
GACTGATCACATACGT-1,1
GACTGATGTTCGTACA-1,3
GACTGATTCCATCTGC-1,1
GACTGATTCGTTGTAG-1,1
GACTTCCAGAGTCAAT-1,2
GACTTCCAGGTCCCGT-1,2
GACTTCCCAATCGCAT-1,2
GACTTCCGTCATCGGC-1,2
GACTTCCGTGACAGCA-1,1
GACTTCCTCCACAGGC-1,2
GACTTCCTCCCGTAAA-1,3
GACTTCCTCGAGTGGA-1,3
GAGAAATAGCTAGTTC-1,2
GAGAAATCAACCGACC-1,3
GAGAAATCAATTGAGA-1,1
GAGAAATCACGCTTAA-1,2
GAGAAATCAGGGCTTC-1,3
GAGAAATGTAGGCTCC-1,3
GAGAAATGTCCATAGT-1,2
GAGAAATGTGACCTGC-1,2
GAGAAATGTTAAACCC-1,2
GAGAAATTCCGTCCTA-1,2
GAGACCCAGCGACTAG-1,2
GAGACCCGTGCAACAG-1,1
GAGACCCTCAAAGCCT-1,1
GAGACCCTCATCGGGC-1,3
GAGACTTAGCGTATAA-1,1
GAGACTTAGGTCCCGT-1,2
GAGACTTCACAATGCT-1,3
GAGACTTCACGTTCGG-1,1
GAGACTTCACTGTCCT-1,3
GAGACTTGTCGCTGCA-1,3
GAGACTTGTGTTCCAA-1,1
GAGACTTTCAGCCCAG-1,3
GAGACTTTCCTCACCA-1,2
GAGACTTTCGCCCAGA-1,2
GAGACTTTCTGAGTCA-1,2
GAGAGGTAGGAACGAA-1,1
GAGAGGTAGGGACCAT-1,1
GAGAGGTCAGGACTAG-1,1
GAGAGGTTCTCTAGGA-1,1
GAGATGGAGAAACACT-1,2
GAGATGGAGGGCAAGG-1,1
GAGATGGAGGTTACAA-1,1
GAGATGGGTAGACAAT-1,1
GAGATGGTCCAAGGGA-1,1
GAGATGGTCCGATCGG-1,2
GAGCCTGCACTTGAAC-1,1
GAGCCTGGTGTATTCG-1,3
GAGCTGCAGAAGCGGG-1,1
GAGCTGCAGTTCAACC-1,2
GAGCTGCCAGCATTGT-1,1
GAGCTGCTCTGACCCT-1,3
GAGGCAAAGAATGTTG-1,1
GAGGCAAAGGAGTCTG-1,1
GAGGCAAAGGGCGAGA-1,3
GAGGCAAGTCGGATTT-1,1
GAGGCAAGTTCTCTAT-1,1
GAGGCAATCTTTGCTA-1,2
GAGGCCTAGACAGCGT-1,2
GAGGCCTAGGTTGACG-1,1
GAGGCCTCAAACTAGA-1,1
GAGGCCTCAGCAAGAC-1,1
GAGGCCTCATACAGCT-1,2
GAGGCCTGTCCACAGC-1,2
GAGGCCTGTGGAACAC-1,3
GAGGCCTTCAGCTAGT-1,2
GAGGGATAGGCTATCT-1,1
GAGGGATGTATCGCAT-1,1
GAGGGATGTATGATCC-1,3
GAGGGATGTCCTCAGG-1,3
GAGGGATGTGATAGTA-1,1
GAGGGATGTGGACTGA-1,1
GAGGGTAAGGACGCTA-1,1
GAGGGTACAAAGAACT-1,1
GAGGGTACAAGAAACT-1,1
GAGTCATAGTGTACAA-1,3
GAGTCATCAAGAGGCT-1,2
GAGTCATCACCATAAC-1,1
GAGTCATCAGTTCACA-1,2
GAGTCATCATTCGATG-1,1
GAGTCATGTACAAGTA-1,1
GAGTCATTCGCAGTGC-1,2
GAGTCTAAGCGGTAGT-1,2
GAGTCTAAGTATCTGC-1,2
GAGTCTAAGTGGATTA-1,1
GAGTCTACAATCAGCT-1,1
GAGTCTAGTAGGACCA-1,1
GAGTCTAGTATCGCTA-1,2
GAGTCTAGTGCATTTG-1,3
GAGTGAGAGTTCTACG-1,1
GAGTGAGCAAACTCTG-1,2
GAGTGAGCACCCTAAA-1,1
GAGTGAGGTTCGCGTG-1,1
GAGTGAGTCAAGAGTA-1,1
GAGTGAGTCGGTCGAC-1,2
GAGTGAGTCTTCTCAA-1,2
GAGTGTTAGAACAGGA-1,1
GAGTGTTAGCATTTCG-1,2
GAGTGTTAGTAAGGGA-1,1
GAGTGTTCAGTGTACT-1,3
GAGTGTTTCATTCATC-1,1
GAGTGTTTCTGTAACG-1,1
GAGTTACAGCGACAGT-1,3
GAGTTACCAGCATGCC-1,2
GAGTTACGTCCCTGAG-1,3
GAGTTACGTGTATTGC-1,2
GAGTTACGTGTTCGAT-1,1
GAGTTACTCCTAACAG-1,1
GAGTTGTAGAAGTCCG-1,1
GAGTTGTAGCATTGTC-1,2
GAGTTGTAGCCGTCGT-1,2
GAGTTGTAGCGTGAGT-1,3
GAGTTGTCAAGGCTTT-1,1
GAGTTGTCACCAGACC-1,1
GAGTTGTCACCTTCGT-1,2
GAGTTGTCACGATTCA-1,1
GAGTTGTGTATTCTCT-1,1
GAGTTGTTCCTGCCAT-1,1
GAGTTGTTCTAGACAC-1,1
GAGTTGTTCTGAGTCA-1,1
GAGTTTGGTCAGTCGC-1,1
GAGTTTGGTCCAAATC-1,1
GAGTTTGTCCCTCTAG-1,2
GAGTTTGTCCGATGCG-1,2
GAGTTTGTCGGCATTA-1,1
GATAGAAAGTAGATCA-1,3
GATAGAACAAAGGCTG-1,1
GATAGAACAGGCAATG-1,1
GATAGAAGTCACTCAA-1,2
GATAGAATCTGCATGA-1,2
GATAGAATCTTACCAT-1,1
GATAGCTCAACTCGAT-1,2
GATAGCTGTCTCAGGC-1,2
GATAGCTGTGAGTTGG-1,3
GATCACAAGGAGTACC-1,2
GATCACACAGAGTGAC-1,1
GATCACACATCCGCGA-1,3
GATCACAGTAGGAGGG-1,1
GATCACAGTATCACCA-1,2
GATCACAGTTCCCACT-1,3
GATCACATCGTTCCCA-1,1
GATCAGTAGGATTCCT-1,1
GATCAGTCAAGTGATA-1,3
GATCAGTGTTCGGCTG-1,2
GATCAGTGTTGCGAAG-1,2
GATCAGTTCAGTCACA-1,2
GATCAGTTCGAGAATA-1,1
GATCAGTTCGCCATAA-1,3
GATCATGCAGCTCTGG-1,1
GATCATGTCAAATGCC-1,2
GATCATGTCAGGAAAT-1,1
GATCCCTAGGTCACCC-1,2
GATCCCTCAAGGCAAC-1,3
GATCCCTCACCAGTTA-1,2
GATCCCTGTCCTCATC-1,1
GATCGTACAACCGGAA-1,2
GATCGTAGTAAGATCA-1,3
GATCGTAGTACAAAGT-1,1
GATCGTAGTCCACGCA-1,2
GATCGTATCAGTCCGG-1,1
GATCGTATCCACGTAA-1,1
GATGACTAGCCGATCC-1,2
GATGACTAGGAATCGC-1,3
GATGACTAGGGTTAGC-1,3
GATGACTAGTGGCAGT-1,1
GATGACTAGTGGTGAC-1,2
GATGACTAGTTCCATG-1,2
GATGACTCAATAAGGT-1,2
GATGACTCAATGCAGG-1,1
GATGACTCACCGGTCA-1,3
GATGACTCATGTCTAG-1,3
GATGACTGTACCGGAA-1,2
GATGACTGTCGCATGC-1,1
GATGACTTCAGCTGTA-1,2
GATGAGGCAGCACAGA-1,2
GATGAGGCATGAAGGC-1,3
GATGAGGGTGCCGTAC-1,1
GATGAGGGTTCGTACA-1,1
GATGAGGTCATGCTAG-1,3
GATGATCCACTCCCTA-1,1
GATGATCCATGACTTG-1,1
GATGATCCATGTACGT-1,1
GATGATCGTCCCTGAG-1,2
GATGCTAAGGTAAACT-1,1
GATGCTAAGTTGAATG-1,2
GATGCTACATGACACT-1,3
GATGCTAGTACTCCCT-1,1
GATGCTATCGCTCTCA-1,1
GATGCTATCGTGTGAT-1,2
GATGGAGAGCTACTAC-1,1
GATGGAGCACAACATC-1,2
GATGGAGCACACGGAA-1,3
GATGGAGGTGGCGCTT-1,1
GATGGAGGTTACCTTT-1,1
GATGGAGTCTCGCTTG-1,2
GATGTTGAGGTACATA-1,1
GATGTTGAGTGATCGG-1,1
GATGTTGAGTGATTCC-1,3
GATGTTGCACCACTGG-1,2
GATGTTGCACCGGAAA-1,2
GATGTTGCACTACCGG-1,2
GATGTTGCAGCGTACC-1,1
GATGTTGGTTACCTTT-1,1
GATGTTGGTTGTTTGG-1,2
GATGTTGTCACCGGTG-1,2
GATGTTGTCCCGTGAG-1,1
GATGTTGTCGATAACC-1,1
GATTCGAAGGTTATAG-1,1
GATTCGAAGTATGAGT-1,1
GATTCGACACGTGAGA-1,3
GATTCGACATGGAAGC-1,1
GATTCGAGTGATAGAT-1,1
GATTCTTGTAAGCGGT-1,1
GATTCTTTCCTCTCTT-1,2
GATTGGTAGAGTACCG-1,3
GATTGGTAGGGAGGCA-1,1
GATTGGTGTTGGACTT-1,2
GATTGGTTCATCACAG-1,3
GATTGGTTCCAATCTT-1,2
GATTGGTTCCTTCACG-1,1
GATTTCTCAATACGCT-1,2
GATTTCTCATACCACA-1,2
GATTTCTGTAACGTTC-1,2
GATTTCTGTTGTTTGG-1,1
GCAACATAGAAAGCGA-1,1
GCAACATCACCCTAGG-1,1
GCAACATCAGACATCT-1,2
GCAACATCAGTTAAAG-1,2
GCAACATGTGAGCAGT-1,3
GCAACATTCATAGGCT-1,1
GCAACCGAGTCATACC-1,2
GCAACCGAGTGTTGTC-1,1
GCAACCGGTAGTGATA-1,3
GCAACCGTCGGAATTC-1,1
GCACATAAGTGGTCAG-1,3
GCACATACATACCACA-1,3
GCACATAGTGGCAGAT-1,1
GCACATAGTTGAGTCT-1,2
GCACATATCAACCTCC-1,3
GCACATATCCTTACCG-1,2
GCACATATCTTCGTGC-1,3
GCACGGTCACTCCTGT-1,2
GCACGGTCATCAACCA-1,1
GCACGGTGTAAGCTCT-1,1
GCACGGTTCGCGCCAA-1,3
GCACGGTTCGTGGCTG-1,1
GCACGGTTCTACGGTA-1,3
GCACGGTTCTATGCCC-1,3
GCACGGTTCTGGTGCG-1,1
GCACGTGAGAGGTGCT-1,1
GCACGTGAGTCCTACA-1,3
GCACGTGCAAAGCTAA-1,1
GCACGTGCACAGCTGC-1,3
GCACGTGCACGGTGAA-1,2
GCACGTGCACTGCGAC-1,2
GCACGTGTCAGTCACA-1,2
GCACTAAAGTGCCCGT-1,1
GCACTAACAGTGACCC-1,1
GCACTAAGTAGTGTGG-1,1
GCAGCCAGTTTCACTT-1,3
GCAGCCATCCACAGCG-1,1
GCAGCTGAGTCATACC-1,2
GCAGCTGCAACTCGTA-1,2
GCAGCTGCACGTATAC-1,1
GCAGCTGCAGACTCTA-1,3
GCAGCTGCATAAGCAA-1,1
GCAGCTGGTAATCAGA-1,2
GCAGCTGGTACTGCGC-1,1
GCAGCTGGTATACCTG-1,1
GCAGCTGGTCTTCCGT-1,2
GCAGCTGTCACTCCGT-1,1
GCAGCTGTCGGTATGT-1,2
GCAGGCTAGACATAAC-1,2
GCAGGCTAGCTCAGAG-1,3
GCAGGCTAGGGTAATT-1,1
GCAGGCTCACGTTGGC-1,2
GCAGGCTGTTGTCTAG-1,2
GCAGGCTTCCACTGGG-1,1
GCAGGCTTCTACTCAT-1,2
GCAGTTATCCCATGGG-1,1
GCATCGGAGCATACTC-1,3
GCATCGGGTCTTCATT-1,3
GCATCGGTCCGTTTCG-1,1
GCATCGGTCGTTGCCT-1,3
GCATCTCCATCACGGC-1,1
GCATCTCTCATGCCAA-1,1
GCATCTCTCTACTGAG-1,3
GCATCTCTCTCGAGTA-1,3
GCATGATAGGAGCTGT-1,1
GCATGATCAGAGATGC-1,1
GCATGATGTATTGACC-1,2
GCATGATGTCTTGTCC-1,1
GCATTAGAGGATCATA-1,1
GCATTAGAGGGAGATA-1,1
GCATTAGAGTACAACA-1,2
GCATTAGCAACCGTAT-1,1
GCATTAGCAGAACCGA-1,3
GCATTAGCAGCAGTCC-1,1
GCATTAGCAGTCTACA-1,2
GCATTAGCATGTTTGG-1,1
GCATTAGGTAGGCTCC-1,1
GCATTAGGTTGTAAAG-1,2
GCATTAGTCAACTACG-1,3
GCATTAGTCGAGATAA-1,1
GCCAACGGTGAGACGT-1,3
GCCAACGGTTTCGTTT-1,2
GCCAACGTCAGGAAGC-1,1
GCCAGCAAGTCGCCCA-1,1
GCCAGCACAACCTATG-1,3
GCCAGCACATGGGCAA-1,2
GCCAGCAGTTGGCTAT-1,1
GCCAGGTAGACAACAT-1,3
GCCAGGTCACAGACGA-1,1
GCCAGGTGTAAGTCAA-1,3
GCCAGGTGTGTCCGGT-1,1
GCCAGGTGTGTGATGG-1,3
GCCAGGTTCAGATTGC-1,3
GCCAGTGAGAAGGGAT-1,3
GCCAGTGAGCCAGAGT-1,3
GCCAGTGCAATACGCT-1,2
GCCAGTGCAGCGTACC-1,2
GCCAGTGGTAAGTAGT-1,1
GCCAGTGGTCCAGCCA-1,3
GCCATGGAGAGGTATT-1,3
GCCATGGAGCTTAGTC-1,2
GCCATGGCATACATCG-1,2
GCCATGGGTGGCTAGA-1,3
GCCATGGGTTAGGCTT-1,1
GCCATGGGTTGCCTAA-1,2
GCCATGGTCCACGGAC-1,1
GCCATTCAGAAGCTGC-1,3
GCCATTCCACCAAATC-1,1
GCCATTCGTACTCGTA-1,1
GCCATTCGTAGCTGTT-1,1
GCCATTCGTCAAACGG-1,1
GCCATTCTCTCGTCAC-1,2
GCCCAGAAGTCTGCAT-1,1
GCCCAGAGTTTACGAC-1,2
GCCCAGATCACCTGGG-1,1
GCCCAGATCACGACTA-1,1
GCCCAGATCCTCACCA-1,2
GCCCGAAAGGGTTAGC-1,2
GCCCGAACATGCGGTC-1,2
GCCCGAAGTAACCAGG-1,1
GCCCGAAGTAAGTCAA-1,2
GCCCGAAGTAGAGACC-1,2
GCCCGAAGTATGAAAC-1,1
GCCCGAATCCACTAGA-1,2
GCCCGAATCTATCGCC-1,2
GCCGATGAGAATGTTG-1,2
GCCGATGAGGAGACCT-1,2
GCCGATGAGTCGGGAT-1,1
GCCGATGCAGTTGGTT-1,1
GCCGATGCATAGTCAC-1,1
GCCGATGGTCGTGGAA-1,1
GCCGATGGTCTCAGAT-1,1
GCCGATGGTTCTAACG-1,1
GCCGATGTCGTGAGAG-1,1
GCCGATGTCTTGCGCT-1,1
GCCGTGAAGAGCATAT-1,1
GCCGTGAAGCTTTGTG-1,3
GCCGTGAGTCAACGCC-1,2
GCCGTGATCTTCACAT-1,1
GCCTGTTAGCCGGATA-1,3
GCCTGTTAGTTCCGTA-1,2
GCCTGTTCAAATGAAC-1,3
GCCTGTTGTACTCGAT-1,2
GCCTGTTGTGCTCCGA-1,2
GCCTGTTGTTCTCTCG-1,3
GCCTGTTTCTGTGTGA-1,2
GCGAGAAAGACCAGAC-1,1
GCGAGAAAGCGTCAAG-1,2
GCGAGAAAGGCTTAAA-1,1
GCGAGAACAAAGAGTT-1,1
GCGAGAACAGAGTCAG-1,1
GCGAGAAGTAGCGCCT-1,1
GCGAGAAGTGGCAGAT-1,1
GCGAGAATCAAACGTC-1,1
GCGAGAATCCCAAGCG-1,1
GCGAGAATCGTGACTA-1,1
GCGATCGAGCAAGGAA-1,2
GCGATCGCACGGTGAA-1,3
GCGATCGGTTTACACG-1,1
GCGATCGTCACGTAGT-1,2
GCGATCGTCATGAAAG-1,1
GCGATCGTCTCGCCTA-1,2
GCGGAAACAGTCGGTC-1,3
GCGGATCAGATCCCAT-1,1
GCGGATCAGCCTCAGC-1,1
GCGGATCCACTGGACC-1,1
GCGGATCTCACGGAGA-1,2
GCGTGCAAGATCCGAG-1,1
GCGTGCAAGTCCTACA-1,3
GCGTGCACACCGGTCA-1,3
GCGTGCAGTAACGCGA-1,1
GCGTTTCCAACCACGC-1,1
GCGTTTCCAATTGTGC-1,1
GCGTTTCCACATTCGA-1,2
GCGTTTCGTCAAATCC-1,1
GCGTTTCGTCACTAGT-1,3
GCTACAAAGACAAGCC-1,2
GCTACAATCCAACACA-1,1
GCTACAATCTTCCAGC-1,2
GCTACCTAGGCTAGCA-1,2
GCTACCTGTCGTCAGC-1,2
GCTACCTTCACTACGA-1,2
GCTACCTTCTTCCAGC-1,1
GCTCAAAAGTAGTGCG-1,3
GCTCAAAGTACCAGAG-1,3
GCTCAAAGTTCTAACG-1,1
GCTGAATAGTCGAAGC-1,1
GCTGAATGTATCGCGC-1,1
GCTGAATTCGGCATCG-1,3
GCTGAATTCTCAGTCC-1,2
GCTGCAGAGAAATCCA-1,2
GCTGCAGCACTATCCC-1,2
GCTGCAGCAGTTAAAG-1,1
GCTGCAGGTCGAAGCA-1,1
GCTGCAGGTGGACTGA-1,1
GCTGCAGTCACCTGTC-1,2
GCTGGGTAGGTATCTC-1,2
GCTGGGTCATTGCCTC-1,3
GCTGGGTGTTGTGTTG-1,1
GCTTCACAGTTGCTCA-1,1
GCTTCACCAGGAGGTT-1,3
GCTTCACGTCGTCAGC-1,1
GCTTCACGTGGTTTAC-1,2
GCTTCACGTTGGCCGT-1,3
GCTTGGGAGCGACTGA-1,1
GCTTGGGAGGAGATAG-1,1
GCTTGGGAGGTCGAGT-1,2
GCTTGGGCAGTCGTTA-1,2
GCTTGGGGTAGGCAAC-1,2
GCTTGGGGTTGCTAGT-1,2
GCTTGGGTCCGAGATT-1,3
GCTTGGGTCGTTCATT-1,3
GCTTGGGTCTAAGAAG-1,1
GCTTGGGTCTTGGAAC-1,2
GCTTTCGAGAACGTGC-1,2
GCTTTCGAGCAGCCCT-1,1
GCTTTCGAGTGCTAGG-1,1
GCTTTCGAGTGGTTAA-1,1
GCTTTCGAGTTTCAGC-1,1
GCTTTCGCAACGCCCA-1,3
GCTTTCGCACTACGGC-1,3
GCTTTCGCATCGATAC-1,2
GCTTTCGCATGAGATA-1,2
GCTTTCGGTCACCGCA-1,3
GCTTTCGGTTAAACCC-1,1
GGAACCCAGAATAACC-1,1
GGAACCCGTCATATGC-1,2
GGAACCCTCAGAGCGA-1,1
GGAACCCTCGGTTCAA-1,2
GGAAGTGAGACTCCGC-1,1
GGAAGTGAGGAGTATT-1,1
GGAAGTGAGGCATCGA-1,1
GGAAGTGAGTCGCCCA-1,2
GGAAGTGCAATTCGTG-1,1
GGAAGTGCAGCTCTGG-1,1
GGAAGTGGTACCGGCT-1,2
GGAAGTGGTACTGAGG-1,1
GGAAGTGGTCTGTTAG-1,1
GGAATCTCACGCCAGT-1,3
GGAATCTCATTGCTTT-1,1
GGAATCTTCATTGGTG-1,2
GGAATGGCATACAGCT-1,1
GGAATGGGTGATTCAC-1,1
GGAATGGTCGGCTCTT-1,1
GGACGTCAGCAACTCT-1,3
GGACGTCCATAGAATG-1,2
GGACGTCCATGGGATG-1,2
GGACGTCGTATCGAGG-1,2
GGACGTCGTCCTGTCT-1,1
GGACGTCTCTTCCAGC-1,3
GGAGAACCAAGGACAC-1,1
GGAGAACCACAAAGCG-1,1
GGAGAACTCAATCCAG-1,1
GGAGAACTCGTCGACG-1,2
GGAGAACTCTTCGTAT-1,1
GGAGATGGTACTGTTG-1,2
GGAGATGGTGTAGGAC-1,1
GGAGATGTCCACTTTA-1,3
GGAGCAAAGACAAGCC-1,1
GGAGCAAAGGTTTGAA-1,3
GGAGCAAGTTTACTTC-1,1
GGAGCAATCCATGCAA-1,2
GGAGCAATCCCAAGCG-1,1
GGAGCAATCGGTCAGC-1,1
GGAGGATCAGCTTCCT-1,1
GGAGGATGTACTGAGG-1,1
GGAGGATGTCGAAACG-1,1
GGAGGTAAGACCCGCT-1,2
GGAGGTAAGCAGATAT-1,2
GGAGGTACAGAAGCGT-1,2
GGAGGTACAGGCTCTG-1,3
GGAGGTACATGACCCG-1,3
GGAGGTAGTTAATCGC-1,1
GGAGGTATCAGCACCG-1,2
GGAGGTATCATTGCTT-1,2
GGATCTACATCACAGT-1,1
GGATCTAGTGTTTACG-1,1
GGATCTATCAGGGATG-1,2
GGATCTATCCAACTAG-1,2
GGATCTATCTAGTCAG-1,2
GGATGTTAGCCATTGT-1,2
GGATGTTAGCCTGAAG-1,2
GGATGTTAGGCCATAG-1,1
GGATGTTGTGGCGCTT-1,1
GGATGTTGTGGGTCAA-1,1
GGCACGTAGGACTAAT-1,3
GGCACGTAGGGTAATT-1,1
GGCACGTAGTGTAGTA-1,1
GGCACGTCAAGATGGC-1,1
GGCACGTTCAAATGCC-1,1
GGCACGTTCACTTTGT-1,1
GGCACGTTCGCAATTG-1,2
GGCACGTTCTTGAGCA-1,1
GGCAGTCAGGTGGTTG-1,3
GGCAGTCGTCAGACGA-1,1
GGCAGTCGTCAGGTGA-1,1
GGCAGTCTCACTTCTA-1,2
GGCGTCAAGAGCATAT-1,1
GGCGTCAAGAGTCAAT-1,1
GGCGTCAAGCATCAGG-1,1
GGCGTCACAGAATTCC-1,2
GGCGTCACAGATCCAT-1,1
GGCGTCAGTATAGCTC-1,3
GGCGTCAGTGGTATGG-1,1
GGCGTCATCCAGCTCT-1,3
GGCGTCATCTGTCGTC-1,3
GGCTGTGAGCGCCCAT-1,2
GGCTGTGCACATTACG-1,2
GGCTGTGTCTTGGGCG-1,1
GGCTTGGAGGCTTTCA-1,3
GGCTTGGGTAGAGTTA-1,1
GGCTTGGGTCTCGGGT-1,2
GGCTTGGTCGAAGTGG-1,2
GGCTTTCAGAGTGAAG-1,3
GGCTTTCAGGTGAGAA-1,1
GGCTTTCCACCAGCGT-1,1
GGCTTTCCACTCACTC-1,1
GGCTTTCGTACGGATG-1,3
GGCTTTCGTGAGCAGT-1,3
GGCTTTCGTTCCTTGC-1,1
GGCTTTCTCTATCGTT-1,2
GGCTTTCTCTGGACTA-1,1
GGGAAGTAGTTCCTGA-1,1
GGGAAGTCAAGCGGAT-1,1
GGGAAGTGTATGGTTC-1,1
GGGAAGTGTCTAACGT-1,1
GGGAAGTTCCTACCGT-1,3
GGGAAGTTCGATTTCT-1,1
GGGACAAAGCATGATA-1,2
GGGACAAAGCTCATAC-1,2
GGGACAAAGGTAAGGA-1,3
GGGACAAGTAGCCCTG-1,1
GGGACAAGTTGGGACA-1,1
GGGACAAGTTTAGTCG-1,1
GGGACAATCAAACTGC-1,1
GGGACAATCGGTCAGC-1,2
GGGACAATCTAGTGAC-1,2
GGGACCTAGTAGGAAG-1,1
GGGACCTCACGGAAGT-1,3
GGGACCTCATAAGCAA-1,2
GGGACCTGTACTCCCT-1,1
GGGACCTGTCGTCATA-1,3
GGGACCTGTTCGGTAT-1,3
GGGACCTGTTGGGCCT-1,1
GGGACCTTCGCTGTTC-1,2
GGGACCTTCGTTTACT-1,1
GGGACTCAGCGGTAAC-1,2
GGGACTCAGTGACCTT-1,1
GGGACTCCACTCTGCT-1,2
GGGACTCGTATTCCGA-1,3
GGGACTCGTCATAGTC-1,1
GGGACTCTCCATTCAT-1,2
GGGACTCTCGGAAGGT-1,1
GGGACTCTCTTGTGCC-1,2
GGGAGATAGATTAGTG-1,1
GGGAGATAGGAATTAC-1,1
GGGAGATGTGGACTAG-1,2
GGGAGATTCGTTGCCT-1,1
GGGAGTAAGCGGGTAT-1,1
GGGAGTACAGTCGAGA-1,1
GGGAGTAGTAGATTGA-1,2
GGGAGTAGTAGTCGGA-1,1
GGGAGTATCACCCTCA-1,2
GGGAGTATCCTCATAT-1,1
GGGAGTATCGCTGCGA-1,2
GGGATCCAGAAGGGAT-1,1
GGGATCCCATGGCCCA-1,3
GGGATCCGTATCTCGA-1,3
GGGATCCGTCATTGCA-1,2
GGGATCCGTCGAGCTC-1,1
GGGATCCTCATGGAGG-1,3
GGGATGAAGTAGGTTA-1,1
GGGATGACAAGTGTCT-1,1
GGGATGACAGCACACC-1,1
GGGATGACATCCCACT-1,3
GGGATGAGTATATGGA-1,1
GGGATGAGTTCGAACT-1,1
GGGATGAGTTGACTAC-1,1
GGGCCATAGGTCACCC-1,1
GGGCCATAGTACGTCT-1,2
GGGCCATGTAACTGCT-1,1
GGGCCATGTACGCTAT-1,1
GGGCCATGTCCGAAGA-1,2
GGGCCATTCAACTGAC-1,3
GGGCGTTAGACATCCT-1,3
GGGCGTTAGGAATGTT-1,3
GGGCGTTCAATTGCTG-1,2
GGGCGTTGTACCGTGC-1,1
GGGCGTTGTCTGTGGC-1,3
GGGCTACAGAATTGCA-1,3
GGGCTACAGATGTAGT-1,1
GGGCTACAGCACTCTA-1,2
GGGCTACAGCAGTAAT-1,1
GGGCTACCACCTCGTT-1,2
GGGCTACTCATAGCAC-1,1
GGGCTCAAGTTTCGAC-1,2
GGGCTCAGTCACGTGC-1,1
GGGCTCATCATCGACA-1,2
GGGCTCATCCCATAGA-1,1
GGGCTCATCCTCAGGG-1,3
GGGCTCATCTTGGTGA-1,1
GGGTAGACAGCTTCCT-1,1
GGGTAGATCATGACAC-1,2
GGGTAGATCCATCTGC-1,1
GGGTATTCACCAGACC-1,2
GGGTATTCACCCTAGG-1,1
GGGTATTCATGACTAC-1,3
GGGTCACAGCTAAACA-1,1
GGGTCACAGGCCCACT-1,1
GGGTCACAGTAAATGC-1,3
GGGTCACGTAATTAGG-1,1
GGGTCACGTCCGGTGT-1,1
GGGTCACGTGAAGCTG-1,1
GGGTCTGAGTAAAGCT-1,2
GGGTCTGCAAGCAATA-1,3
GGGTCTGCACCCTGTT-1,2
GGGTCTGCAGACACAG-1,2
GGGTCTGCAGACACCC-1,1
GGGTCTGCAGTCCCGA-1,1
GGGTCTGGTCGAGTGA-1,1
GGGTCTGTCCATCTCG-1,1
GGGTGAAAGGTGCAGT-1,3
GGGTGAAGTCGACTGC-1,2
GGGTGTCCAGAGTGAC-1,1
GGGTGTCGTTCTATCT-1,1
GGGTTATAGTACAGCG-1,3
GGGTTATCAATGCAGG-1,1
GGGTTATCAGCGAACA-1,3
GGGTTATCAGTTGTCA-1,1
GGGTTATCATGAGAAT-1,2
GGGTTATCATGATCTG-1,1
GGGTTATGTGTCCAAT-1,3
GGGTTATGTGTCTAAC-1,2
GGGTTATGTTGCTTGA-1,2
GGGTTATTCGACACCG-1,1
GGGTTTAGTATGAAGT-1,1
GGGTTTAGTGTCCGTG-1,1
GGGTTTATCCAGGACC-1,2
GGTAACTAGAATTGTG-1,2
GGTAACTAGAGATTCA-1,2
GGTAACTAGCACTCTA-1,1
GGTAACTCAACTCGTA-1,1
GGTAACTCACGTACTA-1,3
GGTAATCAGACCAACG-1,3
GGTAATCCAGAATTCC-1,2
GGTAATCCAGCGAACA-1,1
GGTAATCCAGTCTCTC-1,2
GGTAGAGAGCGATGAC-1,1
GGTAGAGAGGTGCCTC-1,2
GGTAGAGCAATACCTG-1,2
GGTAGAGCATGGTACT-1,1
GGTAGAGGTCGCGTTG-1,3
GGTAGAGGTGACCTGC-1,2
GGTAGAGTCAGATTGC-1,1
GGTAGAGTCATCGACA-1,1
GGTCACGAGCGGTAGT-1,1
GGTCACGAGTCGTTAC-1,1
GGTCACGCATGGGTTT-1,1
GGTCTGGAGGTCACAG-1,1
GGTCTGGAGTGGTCAG-1,1
GGTCTGGCAAAGGATT-1,1
GGTCTGGGTTAGGAGC-1,1
GGTCTGGGTTGCGGAA-1,3
GGTCTGGGTTGGGAAC-1,1
GGTCTGGTCACTTTGT-1,1
GGTCTGGTCCATTCAT-1,1
GGTCTGGTCGTAGAGG-1,2
GGTGAAGAGTACCGGA-1,1
GGTGAAGCAAAGTGTA-1,3
GGTGAAGCAAGGAGTC-1,1
GGTGAAGCACTACGGC-1,2
GGTGAAGGTACCTAGT-1,1
GGTGAAGGTAGCTTTG-1,1
GGTGAAGGTTCGGACC-1,1
GGTGAAGTCATAGACC-1,1
GGTGAAGTCGAGCCAC-1,3
GGTGAAGTCGGTTGTA-1,1
GGTGAAGTCTCTAAGG-1,2
GGTGATTAGCCGTCGT-1,1
GGTGATTAGGTGCAGT-1,2
GGTGATTTCACACCGG-1,2
GGTGATTTCCTGGTCT-1,2
GGTGATTTCGATAACC-1,2
GGTGATTTCTACTCAT-1,2
GGTGATTTCTTGTTAC-1,3
GGTGGCTAGCATGGGT-1,1
GGTGGCTAGCGATGCA-1,1
GGTGGCTCATATAGCC-1,1
GGTGGCTCATGTTCAG-1,2
GGTGGCTGTGCACGCT-1,2
GGTGGCTGTTCAATCG-1,1
GGTGGCTTCCTTATAC-1,1
GGTGGCTTCTGAGTCA-1,1
GGTGTCGAGAACAGGA-1,1
GGTGTCGAGAGCACTG-1,1
GGTGTCGAGCATCAGG-1,1
GGTGTCGCAAATCAAG-1,1
GGTGTCGCAGAGGCTA-1,1
GGTGTCGTCCACAGCG-1,3
GGTGTCGTCTAGTTCT-1,1
GGTGTTACATGGGCAA-1,1
GGTGTTAGTTACGTAC-1,1
GGTGTTATCGCCTAGG-1,2
GGTGTTATCTTCCGTG-1,2
GGTTAACAGCGACTTT-1,1
GGTTAACCAACTCGAT-1,3
GGTTAACCAGACTCTA-1,2
GGTTCTCAGTAGGAAG-1,1
GGTTCTCCAATCTCGA-1,2
GGTTCTCCACTCCCTA-1,1
GGTTCTCCAGGCTACC-1,1
GGTTCTCGTGACTCTA-1,2
GGTTCTCTCCGCTGTT-1,2
GGTTCTCTCGATACTG-1,2
GGTTCTCTCTTCTAAC-1,1
GGTTGTAAGATTGAGT-1,1
GGTTGTAAGCTGTTCA-1,2
GGTTGTAAGGGCAAGG-1,2
GGTTGTAGTAACCAGG-1,1
GGTTGTAGTAACGGTG-1,1
GGTTGTAGTACAGTCT-1,1
GGTTGTAGTACGTACT-1,1
GGTTGTAGTCCCTAAA-1,3
GGTTGTAGTGATTAGA-1,3
GGTTGTATCTGAGTCA-1,3
GGTTGTATCTTGTTAC-1,2
GTAACACAGCTTTGTG-1,3
GTAACACCAATTGCAC-1,3
GTAACACCAGGTCAAG-1,2
GTAACCAAGATGTTAG-1,1
GTAACCAAGCCAGAGT-1,3
GTAACCAAGCCTCTGG-1,3
GTAACCACATGGTGGA-1,1
GTAACCAGTAATCAGA-1,3
GTAACCAGTTGGACCC-1,1
GTAACCATCTGTCGTC-1,3
GTAAGTCAGATTGCGG-1,3
GTAAGTCAGGTGCATG-1,1
GTAAGTCAGGTTACCT-1,3
GTAAGTCAGTTGGACG-1,3
GTAAGTCCAAGAATAC-1,3
GTAAGTCGTACTCGAT-1,1
GTAAGTCGTAGAAACT-1,2
GTAAGTCGTCCAACGC-1,3
GTAAGTCTCATCCTGC-1,2
GTAAGTCTCCTGGGTG-1,3
GTAAGTCTCTCTTAAC-1,2
GTAATCGAGAAGAACG-1,1
GTAATCGAGAGCTGAC-1,1
GTAATCGAGCGTCAGA-1,1
GTAATCGCACGTAGTT-1,3
GTAATCGGTAACTTCG-1,1
GTAATCGGTCACCCTT-1,2
GTAATCGTCATTTGGG-1,1
GTAATCGTCTCCTGTG-1,3
GTAATCGTCTTTACAC-1,2
GTAATGCCACGACAGA-1,2
GTAATGCCACTCCACT-1,1
GTAATGCCAGGTGTTT-1,1
GTAATGCGTCATCGGC-1,2
GTAATGCGTCCCTGTT-1,2
GTAATGCGTCTGTGGC-1,3
GTAATGCGTTCTCTCG-1,2
GTAATGCTCAAGCGTT-1,1
GTACAACAGACCGCCT-1,1
GTACAACAGGTGATCG-1,3
GTACAACCACACGGAA-1,1
GTACAACCAGAACTCT-1,1
GTACAACCAGTGACCC-1,3
GTACAACGTCTGTAGT-1,2
GTACAACGTGAGTTGG-1,1
GTACAACGTGGCTGAA-1,1
GTACAGTCAAGACGAC-1,2
GTACAGTCACACGTGC-1,2
GTACAGTCATAGGTAA-1,1
GTACAGTGTGAATTAG-1,3
GTACAGTGTGTCGCTG-1,1
GTACAGTGTTCCTTGC-1,1
GTACAGTTCACGATCA-1,1
GTACAGTTCGCCTTGT-1,1
GTACAGTTCTCTCGCA-1,1
GTAGAAATCGTAGCTA-1,1
GTAGAAATCTCCCATG-1,3
GTAGAGGAGCGTCTGC-1,1
GTAGAGGCAGCGGATA-1,2
GTAGAGGCATCGATAC-1,1
GTAGAGGCATTAAAGG-1,3
GTAGAGGTCTCCCAAC-1,1
GTAGAGGTCTGAACGT-1,2
GTAGATCCAAGTTGGG-1,1
GTAGATCGTGTTCGAT-1,1
GTAGCTAAGAAACTGT-1,1
GTAGCTAAGATTAGAC-1,1
GTAGCTACAACTCCCT-1,2
GTAGCTACACTGGAAG-1,1
GTAGCTATCAAGCTGT-1,2
GTAGGAGCACCTAAAC-1,3
GTAGGAGCATAGTCGT-1,1
GTAGGAGGTATCGTGT-1,1
GTAGGAGGTGAGACGT-1,1
GTAGGAGTCTCTGAGA-1,1
GTAGGTTAGTGGAAAG-1,1
GTAGGTTCACAAGTTC-1,1
GTAGGTTCAGACGCTC-1,1
GTAGGTTGTGGGACAT-1,1
GTAGGTTGTTGCTCCT-1,2
GTAGTACTCATCTATC-1,3
GTATTGGAGCCACAAG-1,1
GTATTGGCATCACCAA-1,3
GTATTGGGTGCCTGAC-1,3
GTATTGGTCGAAGGAC-1,1
GTATTTCCACTACCGG-1,2
GTATTTCCATCTGTTT-1,2
GTATTTCGTAAGATCA-1,2
GTATTTCGTCTCCTGT-1,2
GTATTTCTCGTCAGAT-1,3
GTCAAACAGCACCTGC-1,2
GTCAAACCATCAGCTA-1,1
GTCAAACCATGCACTA-1,2
GTCAAACGTTCAGGTT-1,2
GTCAAGTCAAAGTGTA-1,2
GTCAAGTCAGTTTGGT-1,1
GTCAAGTTCGCCAATA-1,2
GTCAAGTTCGGAGTAG-1,1
GTCAAGTTCTTGGAAC-1,3
GTCACGGAGCCTAGGA-1,2
GTCACGGAGCGCTGCT-1,1
GTCACGGGTACGCGTC-1,1
GTCACGGGTAGGGTAC-1,3
GTCACGGGTAGTTAGA-1,1
GTCACGGGTCAACCTA-1,2
GTCACGGGTGGATCGA-1,1
GTCACGGTCCACAGCG-1,3
GTCACGGTCCTAGAGT-1,2
GTCACGGTCGGTAGGA-1,3
GTCACTCAGTACAGAT-1,1
GTCACTCAGTCGCCAC-1,2
GTCACTCCACGAGAAC-1,1
GTCACTCGTGGGTATG-1,1
GTCACTCTCGCACTCT-1,2
GTCAGCGAGGATAATC-1,1
GTCAGCGAGTCAGCGA-1,3
GTCAGCGCAACGGCCT-1,3
GTCAGCGCAGGAATAT-1,2
GTCAGCGTCTGAACGT-1,1
GTCATCCAGCAGATAT-1,1
GTCATCCAGCTCCACG-1,1
GTCATCCAGTGGTTAA-1,1
GTCATCCCAACTACGT-1,1
GTCATCCCACGGTGCT-1,1
GTCATCCGTCCGTTTC-1,2
GTCATCCTCATTCCTA-1,2
GTCATGAAGCGAGTCA-1,1
GTCATGAAGTAAATGC-1,3
GTCATGAAGTCTCCTC-1,3
GTCATGACACTTGTCC-1,3
GTCATGACATGCCGCA-1,1
GTCATGAGTAAGTAGT-1,1
GTCATGAGTAGGGAGG-1,1
GTCATGATCAAGTAAG-1,1
GTCATGATCACCGGGT-1,3
GTCATGATCTCATTAC-1,2
GTCATTTAGGTAAAGG-1,1
GTCATTTCAGACACAG-1,3
GTCATTTCAGCGCGTT-1,3
GTCATTTCATCGCTCT-1,1
GTCATTTGTACCCGCA-1,3
GTCATTTGTCACAATC-1,1
GTCATTTGTTTACACG-1,1
GTCATTTTCCAGCAAT-1,1
GTCCACTAGTGCGCTC-1,1
GTCCACTAGTTGCCTA-1,2
GTCCACTGTCGTCAGC-1,2
GTCCACTGTGTTCGAT-1,2
GTCCACTTCAGAGCGA-1,1
GTCCACTTCCTCATAT-1,1
GTCCCATAGAAACCCG-1,3
GTCCCATAGGCAGTCA-1,1
GTCCCATAGGTAAACT-1,2
GTCCCATCACCGTGCA-1,3
GTCCCATCAGGCAATG-1,3
GTCCCATGTATAGGAT-1,1
GTCCCATTCATCCTGC-1,1
GTCCCATTCCGCAACG-1,2
GTCCCATTCGATACGT-1,3
GTCCCATTCTACTCAT-1,1
GTCCCATTCTAGGCCG-1,3
GTCCTCACACTTTATC-1,2
GTCCTCAGTTCTTGTT-1,2
GTCCTCAGTTGGGACA-1,2
GTCGAATAGGCCCGTT-1,1
GTCGAATAGGTCTACT-1,1
GTCGAATCAGGTCAGA-1,3
GTCGAATGTCGTTATG-1,3
GTCGAATTCAAACTGC-1,2
GTCGAATTCGCTTGAA-1,2
GTCGAATTCGGTTAGT-1,1
GTCGAATTCTTCCCAG-1,2
GTCGCGAAGCGCCGTT-1,1
GTCGCGAAGTCTGCAT-1,1
GTCGCGACAAACAGGC-1,3
GTCGCGACACAGTGAG-1,1
GTCGCGAGTCTGCATA-1,1
GTCGCGATCACGACTA-1,1
GTCGTAAAGAGGTATT-1,1
GTCGTAAAGCTATCCA-1,2
GTCGTAACAATCAGCT-1,2
GTCGTAACACCTGCGA-1,1
GTCGTAACAGACGATG-1,1
GTCGTAACATGTAACC-1,1
GTCGTAAGTCATCGGC-1,1
GTCGTTCAGTCATAGA-1,3
GTCGTTCCACTGGCGT-1,1
GTCGTTCCAGGACGAT-1,2
GTCGTTCCAGTTAGGG-1,1
GTCGTTCGTCACTACA-1,2
GTCGTTCGTGAGGATC-1,1
GTCTACCAGAACGTGC-1,1
GTCTACCGTACTCGTA-1,2
GTCTACCTCAGTCCGG-1,1
GTCTACCTCATGAGAA-1,1
GTCTACCTCGTAGAGG-1,3
GTCTACCTCTCCCTAG-1,3
GTCTACCTCTTCCCGA-1,3
GTCTAGAAGTGGATTA-1,2
GTCTAGACAGCGTTGC-1,2
GTCTAGATCAAACTGC-1,3
GTCTCACAGGCATCTT-1,2
GTCTCACCACGCGGTT-1,2
GTCTCACCACTTCATT-1,2
GTCTCACGTACATACC-1,1
GTCTCACGTAGGAGGG-1,2
GTCTCACTCACACCCT-1,2
GTCTCACTCGGAAGGT-1,1
GTCTGTCAGGAAGAAC-1,1
GTCTGTCCATCCAACA-1,1
GTCTGTCGTTAGGGTG-1,1
GTCTGTCTCTGTCGCT-1,2
GTCTTTAAGGTCGACA-1,2
GTCTTTAGTACTGCCG-1,1
GTCTTTATCCTGGCTT-1,2
GTCTTTATCTCAGTCC-1,2
GTGACGCCACTGGCCA-1,1
GTGACGCGTGATATAG-1,1
GTGACGCTCAAGTGTC-1,3
GTGACGCTCCTCACGT-1,3
GTGACGCTCCTTCGAC-1,2
GTGACGCTCGTTCAGA-1,1
GTGAGCCAGACTAGAT-1,3
GTGAGCCAGCGCCGTT-1,1
GTGAGCCAGCTGGCTC-1,2
GTGAGCCAGTGGTCAG-1,1
GTGAGCCCAAACTCTG-1,1
GTGAGCCCAGCTGAAG-1,3
GTGAGCCGTGAGCCAA-1,3
GTGAGCCGTGGTCCGT-1,1
GTGAGCCGTTCTTCAT-1,3
GTGAGCCTCACACCCT-1,2
GTGAGCCTCGATTCCC-1,1
GTGAGCCTCTTTGCGC-1,2
GTGAGGACACCCAATA-1,3
GTGAGGAGTAATGCTC-1,2
GTGAGGAGTCATCCCT-1,1
GTGAGGAGTTGCCAAT-1,1
GTGAGGAGTTGCTCCT-1,1
GTGAGGATCACGACTA-1,2
GTGAGTTAGAAGTGTT-1,1
GTGAGTTGTCCTTGTC-1,2
GTGAGTTTCGCAGAGA-1,3
GTGAGTTTCTGCCTGT-1,1
GTGATGTAGATAGTCA-1,2
GTGATGTCAATTGCTG-1,2
GTGATGTCACCTCTGT-1,3
GTGATGTGTAAGGCCA-1,3
GTGATGTGTCATCCGG-1,2
GTGATGTTCCTCGATC-1,3
GTGCACGAGCTCTATG-1,1
GTGCACGAGGGAGGAC-1,3
GTGCACGCACGAAAGC-1,2
GTGCACGGTTTGGGAG-1,2
GTGCAGCAGGGATCAC-1,1
GTGCAGCCAGGTGTTT-1,1
GTGCAGCCAGTTAAAG-1,1
GTGCAGCTCCAGCTCT-1,3
GTGCAGCTCTACGCAA-1,1
GTGCAGCTCTAGACAC-1,2
GTGCAGCTCTTCCCGA-1,2
GTGCGTGAGGACTATA-1,1
GTGCGTGAGGGAGGTG-1,1
GTGCGTGAGTCGCCAC-1,1
GTGCGTGGTATATGGA-1,2
GTGCGTGGTGGCAGAT-1,1
GTGCGTGTCTGATGGT-1,1
GTGCTGGAGACGACGT-1,1
GTGCTGGAGTGCAACG-1,3
GTGCTGGCAGACACCC-1,3
GTGCTGGTCAGCTCTC-1,2
GTGCTGGTCCTACACC-1,3
GTGCTTCAGAGTCGAC-1,3
GTGCTTCAGGACGCTA-1,1
GTGCTTCCACGTTGGC-1,1
GTGCTTCGTGACTCTA-1,1
GTGCTTCTCTGGTGCG-1,2
GTGCTTCTCTTCTGGC-1,2
GTGGAAGAGTATGTAG-1,1
GTGGAAGGTCTCGGAC-1,3
GTGGAAGGTGACAGCA-1,1
GTGGAAGTCCCAAGTA-1,1
GTGGAGAAGGAATTAC-1,1
GTGGAGACATCCGTTC-1,3
GTGGAGATCAACACCA-1,2
GTGGAGATCAACACGT-1,2
GTGGCGTTCCGTAATG-1,1
GTGGCGTTCGGTCAGC-1,2
GTGGGAAAGGATTACA-1,1
GTGGGAAAGGTGCTAG-1,3
GTGGGAACAACCTATG-1,3
GTGGGAACATACCATG-1,3
GTGGGAAGTTAAGGAT-1,3
GTGGGAATCCATTCAT-1,1
GTGGGAATCGTGAGAG-1,2
GTGGTTAAGTAACGTA-1,1
GTGGTTACACTGGAAG-1,1
GTGGTTACAGGACTTT-1,1
GTGGTTACATCTTAGG-1,1
GTGGTTAGTGGTACAG-1,1
GTGGTTAGTTCTCGCT-1,2
GTGGTTAGTTGCGGAA-1,1
GTGGTTATCAATCAGC-1,2
GTGTAACGTAGCTCGC-1,3
GTGTAACGTTCGCGTG-1,1
GTGTCCTCAACTGTGT-1,2
GTGTCCTCAGCGTTGC-1,3
GTGTCCTGTTGTCAGT-1,2
GTGTCCTTCGTTCTAT-1,2
GTGTGATAGACTCATC-1,2
GTGTGATCAAGGAGTC-1,1
GTGTGATCACAGAGCA-1,2
GTGTGATCAGCTCCTT-1,2
GTGTGATGTAATTAGG-1,1
GTGTGATGTATCGAGG-1,1
GTGTGATGTTCGGTCG-1,1
GTGTGATTCCTCACCA-1,1
GTGTGATTCTTCCAGC-1,1
GTGTGGCCAGTTTCGA-1,2
GTGTGGCGTGACATCT-1,1
GTGTGGCGTGTTTACG-1,1
GTGTGGCTCGGTTAGT-1,3
GTGTGGCTCTACGCAA-1,3
GTGTTAGAGAGCAGTC-1,1
GTGTTAGCAATACAGA-1,2
GTGTTAGCACAGCTGC-1,1
GTGTTAGCAGACGGAT-1,2
GTGTTAGGTCGCCTAG-1,1
GTGTTAGTCCCAAGTA-1,3
GTGTTCCCAGTCTCTC-1,3
GTGTTCCGTCCCGCAA-1,1
GTGTTCCTCGCGAAGA-1,1
GTTACAGCAAGCCTGC-1,3
GTTACAGTCTGACCCT-1,2
GTTACCCAGATGCTTC-1,1
GTTACCCAGTAGTCTC-1,1
GTTACCCCACATGAAA-1,2
GTTACCCCATATCTCT-1,1
GTTACCCCATGACGTT-1,1
GTTACCCGTGTATCCA-1,1
GTTACCCGTTAAGACA-1,1
GTTACCCGTTGCATGT-1,1
GTTACCCTCTTAGCTT-1,1
GTTACGACATGGGCAA-1,2
GTTACGAGTCATCACA-1,3
GTTACGAGTGCACGCT-1,1
GTTACGATCCGGGACT-1,3
GTTAGACAGCTGTTCA-1,2
GTTAGACAGGAGGTTC-1,1
GTTAGACCACCCAATA-1,1
GTTAGACGTCTTTATC-1,3
GTTAGACTCCTGGCTT-1,2
GTTAGACTCGGCGATC-1,1
GTTAGACTCTACCAGA-1,2
GTTAGACTCTCTCTAA-1,2
GTTAGACTCTGTGTGA-1,1
GTTAGTGCACGGTGTC-1,1
GTTAGTGCATGATCTG-1,2
GTTAGTGTCCCTTGGT-1,3
GTTAGTGTCCTGGGTG-1,1
GTTAGTGTCCTGTACC-1,2
GTTATGGAGCGTGCCT-1,1
GTTATGGAGTCAGGGT-1,1
GTTATGGGTACATTGC-1,2
GTTATGGGTCCGAAGA-1,3
GTTATGGGTGACACAG-1,2
GTTCATTAGACCGCCT-1,1
GTTCATTCATTCCTCG-1,1
GTTCATTTCATCGTAG-1,1
GTTCCGTAGAAACCCG-1,1
GTTCCGTAGAGCCGAT-1,1
GTTCCGTAGTATGAGT-1,3
GTTCCGTCACACTGGC-1,2
GTTCCGTCACGTAACT-1,2
GTTCCGTCATTAAGCC-1,2
GTTCCGTTCTTCACAT-1,2
GTTCCGTTCTTGATTC-1,1
GTTCGCTAGAGTTGCG-1,1
GTTCGCTAGCGTTCAT-1,2
GTTCGCTAGTGTTGTC-1,1
GTTCGCTCAGGTATGG-1,1
GTTCGCTGTATCAGGG-1,3
GTTCGCTTCATCGGGC-1,1
GTTCGCTTCCAACCGG-1,3
GTTCGCTTCCCTAGGG-1,2
GTTCTATAGGTAGACC-1,3
GTTCTATCACATATGC-1,2
GTTCTATTCCTAGCGG-1,1
GTTGAACCACGTAGAG-1,3
GTTGAACGTGCCCACA-1,2
GTTGAACGTGTCACAT-1,1
GTTGAACGTTAGGGTG-1,3
GTTGAACTCAGTCAGT-1,2
GTTGAACTCCCATTTA-1,2
GTTGCGGAGCTTAGTC-1,2
GTTGCGGAGGGATCTG-1,1
GTTGCGGAGTCAACAA-1,1
GTTGCGGAGTGCGTCC-1,1
GTTGCGGCACCCATAA-1,1
GTTGCGGGTAGCGAGT-1,1
GTTGCGGGTATTGGCT-1,3
GTTGCGGTCATGCAGT-1,1
GTTGCGGTCTTGAGCA-1,3
GTTGCTCAGAGTCTTC-1,2
GTTGCTCAGCCATTCA-1,2
GTTGCTCCAACCACAT-1,3
GTTGCTCCAATGTGGG-1,1
GTTGCTCGTACAACGG-1,1
GTTGCTCGTCATGCAT-1,1
GTTGTAGAGGGACCAT-1,3
GTTGTAGCACCATATG-1,1
GTTGTAGCAGGGAATC-1,2
GTTGTAGCATCCCGTT-1,2
GTTGTAGGTAGACGTG-1,1
GTTGTAGGTCCACTCT-1,1
GTTGTAGGTCGTGGAA-1,1
GTTGTAGGTTAGCGGA-1,1
GTTGTAGTCATGGTAC-1,1
GTTGTAGTCGACCATA-1,2
GTTGTAGTCGCAGAGA-1,1
GTTGTAGTCTGGTGGC-1,2
GTTGTCCAGTACTGGG-1,3
GTTGTCCCAGAGAAAG-1,3
GTTGTCCTCCATCTGC-1,3
GTTGTCCTCCCTCTAG-1,3
GTTGTGAAGACTTCAC-1,1
GTTGTGACACCCTATC-1,1
GTTGTGACAGCAGTTT-1,1
GTTGTGAGTGCATTAC-1,3
GTTGTGAGTTCGTACA-1,2
GTTGTGATCGTTACCC-1,2
GTTTACTCACCTATCC-1,3
GTTTACTCAGATCCTA-1,2
GTTTACTCAGGTAGTG-1,3
GTTTACTCAGTCAGAG-1,3
GTTTACTGTTATCTTC-1,2
GTTTACTTCACAGAGG-1,1
GTTTGGAAGGTGCGAT-1,1
GTTTGGAAGTTCCATG-1,1
GTTTGGACACTGAGGA-1,2
GTTTGGACAGCATCTA-1,3
GTTTGGAGTTAGGACG-1,1
GTTTGGATCACTTATC-1,3
GTTTGGATCAGAGCGA-1,3
GTTTGGATCAGCTCTC-1,1
TAACACGAGCCGATTT-1,2
TAACACGCAAAGGCAC-1,3
TAACACGCACCACTGG-1,2
TAACACGGTCATGACT-1,2
TAACACGGTGGATTTC-1,2
TAACACGTCATCTACT-1,2
TAACACGTCTCCTGAC-1,2
TAACCAGAGACGGATC-1,1
TAACCAGAGATTGAGT-1,1
TAACCAGAGGTTCAGG-1,2
TAACCAGCAGACCAGA-1,2
TAACCAGGTTCTTAGG-1,2
TAACCAGTCAGCGGAA-1,1
TAACCAGTCTGCTAGA-1,2
TAACGACAGCGAAACC-1,1
TAACGACAGTACAGAT-1,1
TAACGACCAAGCGAAC-1,2
TAACGACCAATAGGAT-1,1
TAACGACGTTCCTAGA-1,2
TAACGACTCACCTACC-1,2
TAACGACTCACTTGGA-1,1
TAACTTCAGAAGGTAG-1,1
TAACTTCAGCTAGTTC-1,2
TAACTTCAGTACGTCT-1,1
TAACTTCCAAACGAGC-1,1
TAACTTCCAACTTGCA-1,2
TAACTTCCAGGACGAT-1,3
TAACTTCCATTAAGCC-1,2
TAACTTCGTAACATCC-1,1
TAACTTCGTTGAGTCT-1,2
TAACTTCTCATTCTTG-1,2
TAACTTCTCCGGGACT-1,3
TAAGCACAGCGAGTAC-1,1
TAAGCACAGGACGCAT-1,1
TAAGCACCAACATACC-1,2
TAAGCACCAACCGACC-1,2
TAAGCACGTAGCACGA-1,1
TAAGCACGTATGTCAC-1,2
TAAGCCAAGGTCTACT-1,1
TAAGCCAAGTAGGAAG-1,3
TAAGCGTCACAGCCAC-1,1
TAAGCGTCATTCCTCG-1,1
TAAGCGTGTAGTAAGT-1,1
TAAGCGTGTTGTGGAG-1,1
TAAGCGTTCACTGATG-1,1
TAAGCGTTCGAAGCAG-1,1
TAAGTCGAGAAGGTAG-1,1
TAAGTCGAGCCACCGT-1,2
TAAGTCGAGGAGGCAG-1,3
TAAGTCGCAGCCTTCT-1,1
TAAGTCGTCGCAATGT-1,1
TAATCTCGTCGACTGC-1,1
TAATCTCGTGATCGTT-1,1
TAATCTCGTGGTCTAT-1,2
TAATCTCGTTAGGCCC-1,2
TAATCTCGTTGGAGGT-1,2
TAATTCCAGGAGCAAA-1,1
TAATTCCAGTACGTCT-1,2
TAATTCCCAACGAGGT-1,2
TAATTCCCAGTTTGGT-1,1
TAATTCCTCCAGTTCC-1,2
TACAACGAGGATGAGA-1,2
TACAACGAGGCGCTTC-1,1
TACAACGAGTACTGGG-1,3
TACAACGGTCCCGCAA-1,2
TACAACGGTTACCCTC-1,3
TACACCCAGATGTTGA-1,2
TACACCCAGCCATTGT-1,1
TACACCCAGCGTCGAA-1,1
TACACCCCAAATCGGG-1,1
TACACCCCAATTGCCA-1,2
TACACCCCATCATTTC-1,1
TACACCCGTCATTGCA-1,3
TACACCCGTTAAGAAC-1,2
TACACCCGTTCGGACC-1,2
TACAGGTAGCCACTCG-1,2
TACAGGTAGCTAGATA-1,2
TACAGGTAGCTTCGTA-1,2
TACAGGTCAAAGGATT-1,3
TACAGGTCAGCGAACA-1,3
TACAGGTGTAGAGGAA-1,1
TACAGGTGTGACAGGT-1,2
TACAGGTGTTGGTGTT-1,1
TACAGGTTCACCTTGC-1,1
TACATTCAGGAGTACC-1,2
TACATTCCAAATTGCC-1,1
TACATTCTCAGACCTA-1,2
TACATTCTCGCTACAA-1,2
TACCCACAGCGTTCCG-1,3
TACCCACAGGCTAAAT-1,3
TACCCACCAGATACTC-1,2
TACCCACGTAGCTGAG-1,2
TACCCACGTCCAAATC-1,1
TACCCACTCGATGCAT-1,2
TACCCACTCGTGGAAG-1,1
TACCCACTCTGAGAGG-1,1
TACCCGTAGAACCCGA-1,2
TACCCGTCAAGTTCCA-1,1
TACCCGTCACGGCACT-1,1
TACCCGTCAGAAGCGT-1,1
TACCCGTCAGACCTGC-1,2
TACCCGTCATAGTCGT-1,1
TACCCGTTCGACCCAG-1,3
TACCGAAAGCCGAACA-1,2
TACCGAACACATAACC-1,2
TACCGAACAGGACATG-1,2
TACCGAACATCCGTGG-1,2
TACCGAACATTGTCGA-1,1
TACCGAAGTAACCAGG-1,2
TACCGAATCCATAAGC-1,3
TACCGAATCTTCTAAC-1,2
TACCGGGGTAGACGGT-1,1
TACCGGGGTCCAGCCA-1,2
TACCGGGTCCCGTTCA-1,1
TACCGGGTCCTGGGTG-1,3
TACCGGGTCGAGCTGC-1,3
TACCGGGTCTTCCACG-1,2
TACCTCGAGCCTGAAG-1,1
TACCTCGCACGTGTGC-1,1
TACCTCGGTCCGAAAG-1,2
TACCTCGTCGACGCTG-1,1
TACCTCGTCTTAAGGC-1,3
TACCTGCAGCGTCTGC-1,2
TACCTGCAGGTCACCC-1,2
TACCTGCAGGTTAGTA-1,2
TACCTGCCAGCGTGAA-1,2
TACCTGCGTTCGAACT-1,2
TACCTGCTCCTGCCAT-1,2
TACCTGCTCGAGAAGC-1,1
TACCTGCTCTCCTACG-1,1
TACGCTCAGGTAAAGG-1,2
TACGCTCGTACAGGTG-1,2
TACGCTCTCGCCGATG-1,2
TACGGGCAGTCGCGAA-1,1
TACGGGCCAACCCGCA-1,2
TACGGGCGTACGGGAT-1,2
TACGGGCGTTAGAGTA-1,1
TACGGGCTCGCCTCTA-1,3
TACGGTAAGATACGAT-1,1
TACGGTAAGCCATTCA-1,1
TACGGTAAGGCCTGAA-1,2
TACGGTAGTGGTCTGC-1,1
TACGGTAGTTGCAAGG-1,1
TACGGTATCCCACAGG-1,1
TACGGTATCCGACATA-1,3
TACGGTATCGGCTGTG-1,1
TACGTCCAGCCGAACA-1,1
TACGTCCAGGGCAACT-1,1
TACGTCCAGGTCCCGT-1,1
TACGTCCCAGCATACT-1,1
TACGTCCGTCCACTTC-1,2
TACGTCCGTCGAGTTT-1,1
TACGTCCGTCGCACGT-1,3
TACGTCCGTGATAGAT-1,1
TACGTCCTCGTGCATA-1,1
TACGTCCTCTCGGTCT-1,2
TACTGCCAGCAGCAGT-1,1
TACTGCCAGGGATGTC-1,2
TACTGCCCAAGTTGGG-1,2
TACTTACCACATAACC-1,2
TACTTACCATGTTCGA-1,2
TACTTACGTCAGTTTG-1,1
TACTTACGTCGCCACA-1,3
TACTTACGTCGTGGAA-1,2
TACTTACGTCTCTCTG-1,1
TACTTACTCCGTGTAA-1,2
TACTTGTAGACATAGT-1,1
TACTTGTAGGAGGTTC-1,2
TACTTGTCACCTTCCA-1,2
TACTTGTCACGGCCAT-1,1
TACTTGTCATGTGGCC-1,2
TACTTGTGTACGAGTG-1,3
TACTTGTGTTTCGTAG-1,3
TACTTGTTCCCTAGGG-1,2
TACTTGTTCTGATGGT-1,2
TAGACCAAGAGGACTC-1,1
TAGACCACAAGGTCAG-1,2
TAGACCACAATCGAAA-1,1
TAGACCACATGTGACT-1,1
TAGACCAGTCCCTAAA-1,2
TAGACCAGTGAGCGAT-1,1
TAGACCATCTGAGTCA-1,2
TAGACTGAGTAGATCA-1,3
TAGACTGAGTGGTGAC-1,1
TAGACTGCAGCGACAA-1,3
TAGACTGGTCTACATG-1,3
TAGACTGGTGTCCGTG-1,1
TAGAGTCCAATGTCTG-1,1
TAGAGTCCACTTTAGG-1,2
TAGAGTCCAGCAGACA-1,2
TAGAGTCCATCAACCA-1,3
TAGAGTCGTACAAGTA-1,1
TAGAGTCGTTAGAGAT-1,1
TAGAGTCTCTCGTGAA-1,3
TAGAGTCTCTGACGCG-1,1
TAGATCGAGCGTATGG-1,2
TAGATCGAGTTGGGAC-1,2
TAGATCGGTGATGAAT-1,1
TAGCACAAGCGAAACC-1,3
TAGCACAAGGTAGTCG-1,2
TAGCACACAGCAGTTT-1,2
TAGCACAGTCCTTAAG-1,2
TAGGAGGAGTCTAGCT-1,1
TAGGAGGCAGTATTCG-1,1
TAGGAGGTCAATGTCG-1,2
TAGGGTTAGCACAAAT-1,2
TAGGGTTAGGTAAAGG-1,2
TAGGGTTCACTTTAGG-1,3
TAGGGTTCAGTTGTTG-1,3
TAGGGTTGTATAGGGC-1,1
TAGGGTTGTCCACTCT-1,1
TAGGGTTGTGTTTGCA-1,1
TAGGGTTTCCATATGG-1,1
TAGGGTTTCCCTTCCC-1,1
TAGGTACCACAGTCGC-1,1
TAGGTACGTATCGAAA-1,1
TAGGTACTCCCGTGAG-1,2
TAGGTTGAGTGTAGAT-1,1
TAGGTTGTCAAATGCC-1,1
TAGGTTGTCCAGGACC-1,2
TAGTGCATCGGTTAGT-1,1
TATACCTAGAGGCGGA-1,1
TATACCTAGGGTACAC-1,1
TATACCTCAGAATTCC-1,3
TATACCTTCATGCGGC-1,1
TATACCTTCGAGTCTA-1,2
TATATCCAGGATTTCC-1,2
TATATCCAGTACTGTC-1,1
TATATCCGTACTTGTG-1,2
TATATCCTCTCCACTG-1,2
TATCAGGAGTGTACCT-1,1
TATCAGGAGTTTCTTC-1,1
TATCAGGTCGGTCAGC-1,1
TATCAGGTCTGTGCAA-1,2
TATCCTAAGGAGTATT-1,3
TATCCTAAGTCACAGG-1,1
TATCCTACAAAGACGC-1,1
TATCCTACAATGAACA-1,2
TATCCTACAGGACGAT-1,1
TATCCTACAGGATGAC-1,3
TATCCTACAGGGATAC-1,1
TATCCTAGTTGCAAGG-1,2
TATCCTATCAGTCTTT-1,2
TATCGCCCATGCGGTC-1,2
TATCGCCGTAATCAGA-1,1
TATCGCCGTCCTCCAT-1,1
TATCGCCGTCGTATTG-1,3
TATCGCCTCACTGCTC-1,1
TATCGCCTCAGGACGA-1,1
TATCTGTAGGATAATC-1,2
TATCTGTAGTGCGTCC-1,3
TATCTGTAGTTATGGA-1,1
TATCTGTTCCTCGCAT-1,2
TATCTGTTCGCATTAG-1,2
TATCTGTTCGTTACCC-1,1
TATCTTGCAACGTATC-1,3
TATCTTGGTCTTTATC-1,3
TATCTTGTCGTCTAAG-1,2
TATCTTGTCTACTCAT-1,1
TATGTTCAGCATACTC-1,2
TATGTTCCAATAGGGC-1,1
TATGTTCGTACGAAAT-1,2
TATGTTCTCCTATTGT-1,3
TATGTTCTCGGAGTAG-1,1
TATTCCACACAATGAA-1,1
TATTCCACACATATGC-1,2
TATTGCTAGCTAAATG-1,2
TATTGCTAGTCGCGAA-1,2
TATTGCTGTAGCACAG-1,1
TATTGCTTCATCACCC-1,2
TATTGCTTCCTACGAA-1,2
TATTGGGAGCGCTGCT-1,1
TATTGGGCACTTGTGA-1,3
TATTGGGCAGATACCT-1,3
TATTGGGCATGAGTAA-1,1
TATTGGGGTGTTAAAG-1,2
TATTGGGGTTGCCAAT-1,1
TATTGGGTCAGCACCG-1,1
TATTGGGTCCTAGCGG-1,1
TATTGGGTCCTCCACA-1,3
TATTGGGTCCTCTAGC-1,3
TATTTCGAGAAGCCTG-1,1
TATTTCGAGACAACTA-1,2
TATTTCGAGACTTGTC-1,2
TATTTCGAGTTAGTAG-1,1
TATTTCGCAATTGGTC-1,2
TATTTCGCAGAGTCTT-1,1
TATTTCGGTAACACCT-1,2
TATTTCGGTTTCTTAC-1,2
TCAAGACGTAGGACTG-1,1
TCAAGACGTCTAGGCC-1,1
TCAAGACTCAAGATAG-1,1
TCAAGCAAGGTCCCTG-1,3
TCAAGCACAAGCTGCC-1,2
TCAAGCACAGGTCTCG-1,3
TCAAGCAGTCCCTGAG-1,2
TCAAGCAGTTGCTCGG-1,1
TCAAGCATCCAATCCC-1,3
TCAAGCATCCTGTACC-1,1
TCAAGCATCTCTCAAT-1,2
TCAAGCATCTTCTGTA-1,2
TCAAGCATCTTGGTCC-1,2
TCAAGTGAGCAGCAGT-1,1
TCAAGTGAGGCTGAAC-1,1
TCAAGTGAGTAGAATC-1,1
TCAAGTGGTATAGGAT-1,1
TCAAGTGGTATGCGGA-1,1
TCAAGTGGTCCCTGAG-1,1
TCAAGTGTCGCCAACG-1,2
TCAAGTGTCTGCTAGA-1,1
TCAATCTAGATGAATC-1,2
TCAATCTAGCAGGCTA-1,2
TCAATCTCACAGCCAC-1,2
TCAATCTCACGGCTAC-1,1
TCAATCTCACGTATAC-1,2
TCAATCTCAGCGTAGA-1,2
TCAATCTCATCGGTTA-1,1
TCAATCTGTATACAGA-1,1
TCAATCTTCGATACAC-1,3
TCAATCTTCGCCGTGA-1,1
TCAATTCAGGTTTACC-1,1
TCAATTCAGTGCCCGT-1,2
TCAATTCAGTTGAATG-1,2
TCAATTCGTGCAAGAC-1,1
TCAATTCTCACGGGAA-1,1
TCAATTCTCTGGGATT-1,3
TCACAAGCAGACGATG-1,2
TCACAAGCAGAGTCTT-1,3
TCACAAGCAGCTTCCT-1,2
TCACAAGTCCGCTAGG-1,2
TCACAAGTCCGGACTG-1,2
TCACAAGTCGTCTCAC-1,3
TCACACCAGTAATTGG-1,1
TCACACCCAGCACAGA-1,2
TCACACCGTGAATGAT-1,1
TCACACCTCAGTCAGT-1,1
TCACACCTCCGATTAG-1,1
TCACACCTCCTGTAGA-1,3
TCACATTAGAAGTCAT-1,2
TCACATTAGCAAGGAA-1,2
TCACATTAGCATGAAT-1,2
TCACATTAGTTGCGCC-1,2
TCACATTGTGACTCGC-1,1
TCACATTTCCATCACC-1,3
TCACGCTCACTGTGAT-1,2
TCACGCTGTATGGTAA-1,1
TCACGCTGTCTTCGAA-1,2
TCACGCTGTTGCAACT-1,3
TCACGCTTCATGGATC-1,2
TCACGCTTCCAAGGGA-1,1
TCACGCTTCCTCCACA-1,3
TCACGCTTCGAGAGCA-1,2
TCACGGGAGACTAAGT-1,1
TCACGGGAGAGATGCC-1,3
TCACGGGAGTCATGGG-1,1
TCACGGGCAGAAACCG-1,2
TCACGGGCATCCTGTC-1,3
TCACGGGGTAATTGGA-1,3
TCACGGGTCAGACCGC-1,1
TCACGGGTCTTAGCCC-1,2
TCACTATAGACACACG-1,2
TCACTATAGACTCATC-1,2
TCACTATAGGGTGGGA-1,2
TCACTATCAACATCGT-1,2
TCACTATCAGTTAGAA-1,1
TCACTATGTCGAGCTC-1,1
TCACTATTCCTTCTGG-1,3
TCACTATTCTATACTC-1,2
TCACTATTCTTCGTGC-1,2
TCACTCGAGACCATAA-1,1
TCACTCGCAATCGTCA-1,1
TCACTCGCACGCGCTA-1,1
TCACTCGGTCTTCTAT-1,1
TCACTCGTCCAATGCA-1,1
TCAGCAAAGAGGTATT-1,2
TCAGCAACAACACAAA-1,1
TCAGCAATCATTCGTT-1,2
TCAGCAATCGACCATA-1,1
TCAGCCTAGAGGTGCT-1,1
TCAGCCTAGTTGCTGT-1,1
TCAGCCTCAAACCACT-1,2
TCAGCCTCACACCTAA-1,2
TCAGCCTCAGGTCAGA-1,2
TCAGCCTGTACGCGTC-1,1
TCAGCCTTCCATAAGC-1,2
TCAGCCTTCCGCACTT-1,2
TCAGGGCAGGCACTCC-1,1
TCAGGGCCACTAACCA-1,3
TCAGGGCCATTAAAGG-1,2
TCAGGGCGTGTGTGGA-1,1
TCAGGGCTCGTGTGAT-1,1
TCAGGTAAGGAAACGA-1,1
TCAGGTAAGGGTACGT-1,3
TCAGGTAAGGTAGACC-1,1
TCAGGTAGTACAAGTA-1,1
TCAGGTAGTAGCTTAC-1,1
TCAGGTAGTATAGGGC-1,3
TCAGGTATCAGCGCAC-1,1
TCAGGTATCGCACGAC-1,2
TCAGTCCCATTACTCT-1,1
TCAGTCCGTACTCAAC-1,1
TCAGTCCGTCGGAAAC-1,1
TCAGTCCGTGGTTCTA-1,2
TCAGTCCTCGAGTCCG-1,2
TCAGTGAAGTGGACGT-1,1
TCAGTGACATCCAACA-1,2
TCAGTGAGTCTAATCG-1,2
TCAGTGATCCAAGCCG-1,2
TCAGTGATCCATGCAA-1,3
TCAGTTTAGCATCCTA-1,2
TCAGTTTCATGAGATA-1,1
TCAGTTTCATGCTGCG-1,3
TCAGTTTGTAGCCCTG-1,1
TCAGTTTGTCTGTAAC-1,3
TCAGTTTGTGCATTTG-1,2
TCAGTTTGTTCTCAGA-1,2
TCAGTTTGTTGTGCCG-1,3
TCAGTTTTCAGGAGAC-1,1
TCATACTCAATTTCTC-1,2
TCATACTGTAGGACCA-1,2
TCATACTTCAATCAGC-1,1
TCATACTTCCTACGAA-1,2
TCATACTTCTTCCACG-1,2
TCATATCAGAGCAGTC-1,1
TCATATCAGTAATACG-1,2
TCATATCCACATTACG-1,2
TCATATCCATGACACT-1,2
TCATATCGTGCATGTT-1,1
TCATATCTCACAGTGT-1,2
TCATATCTCCTTTAGT-1,2
TCATCATAGACGCCCT-1,2
TCATCATAGTCTGCAT-1,2
TCATCATCAAGTTTGC-1,2
TCATCATCAATTGCTG-1,3
TCATCATGTCGACTGC-1,1
TCATCATGTTAGCTAC-1,3
TCATCCGAGCATCCTA-1,1
TCATCCGAGGGCCCTT-1,1
TCATCCGCAGAGAAAG-1,1
TCATCCGTCAATCCAG-1,2
TCATGAGCACACCTGG-1,2
TCATGAGCATGGAGAC-1,1
TCATGAGGTTGGGACA-1,3
TCATGAGGTTTGAACC-1,2
TCATGAGTCTGAACGT-1,2
TCATGCCCAATCACGT-1,2
TCATGCCCACCCTTGT-1,3
TCATGCCCAGACAAAT-1,2
TCATGCCGTCTTCATT-1,2
TCATGCCTCCCTTTGG-1,2
TCATGGAAGCTGCCAC-1,1
TCATGGACACATTCTT-1,2
TCATGGACATAATCGC-1,1
TCATGGAGTAACTGCT-1,2
TCATGGAGTATGGAGC-1,1
TCATGTTAGACCAGAC-1,1
TCATGTTAGAGCGACT-1,3
TCATGTTAGAGTCGAC-1,1
TCATGTTTCATCGGGC-1,1
TCATTACAGCTATCTG-1,3
TCATTACAGTCATCGT-1,1
TCATTACTCTCATTTG-1,1
TCATTCAAGGTCGTCC-1,3
TCATTCAGTCCACACG-1,3
TCATTCATCGTAGCCG-1,1
TCATTGTAGATGCTTC-1,1
TCATTGTAGCACACAG-1,2
TCATTGTAGCGATGGT-1,1
TCATTGTAGTCACGAG-1,2
TCATTGTAGTTGCATC-1,2
TCATTGTCACACCAGC-1,1
TCATTGTGTACGGATG-1,2
TCATTGTGTGATACAA-1,2
TCATTGTGTGTTCGAT-1,2
TCATTGTTCAAACCTG-1,2
TCATTTGAGTGCTCAT-1,1
TCATTTGAGTGTGTTC-1,2
TCATTTGAGTTTGCTG-1,2
TCATTTGCAAGACGGT-1,2
TCATTTGGTGAATGAT-1,2
TCATTTGTCAGAATAG-1,1
TCATTTGTCATCTCTA-1,2
TCATTTGTCCATCCGT-1,1
TCATTTGTCGAACTCA-1,2
TCATTTGTCGACCATA-1,2
TCCACCAAGGAACGTC-1,2
TCCACCACAATTAGGA-1,2
TCCACCAGTCAAACGG-1,3
TCCACCATCACTACTT-1,1
TCCACCATCAGCTGTA-1,1
TCCACCATCGTGGAAG-1,1
TCCACCATCTAACGGT-1,3
TCCACCATCTTCGGTC-1,2
TCCACGTAGGGCAACT-1,1
TCCACGTCAAAGAGTT-1,3
TCCACGTCATACACCA-1,2
TCCACGTGTGAGTAGC-1,3
TCCACGTTCCGAGAAG-1,2
TCCACGTTCCGCGATG-1,3
TCCACGTTCGAACCAT-1,2
TCCACGTTCGTACCTC-1,2
TCCAGAAAGGTAGTAT-1,1
TCCAGAACAAATACGA-1,3
TCCAGAACAGTATACC-1,2
TCCAGAACATGGGAAC-1,2
TCCAGAAGTACGATTC-1,3
TCCAGAAGTTCCGCTT-1,1
TCCAGAATCTTAGCCC-1,2
TCCATCGAGACCCTTA-1,1
TCCATCGAGACGAAGA-1,3
TCCATCGCAGGCGATA-1,2
TCCATCGGTAATTGGA-1,1
TCCATCGTCAGTGGGA-1,3
TCCATCGTCATGTCAG-1,2
TCCATCGTCCCGTAAA-1,1
TCCATGCGTAGCGTTT-1,2
TCCATGCGTTTCCAAG-1,1
TCCATGCTCACTCTTA-1,1
TCCATGCTCGTCCTTG-1,2
TCCATGCTCGTCTCAC-1,3
TCCATGCTCTGCAGCG-1,1
TCCCACACAAACCACT-1,2
TCCCACACAGGCTACC-1,1
TCCCACAGTACCAGAG-1,2
TCCCACAGTGAAGCTG-1,3
TCCCACAGTGTCATTG-1,1
TCCCACATCATGGTAC-1,2
TCCCACATCTCGGGAC-1,2
TCCCAGTAGACGGTCA-1,1
TCCCAGTCAAAGCGTG-1,1
TCCCAGTCACTATGTG-1,2
TCCCAGTGTCTCAAGT-1,2
TCCCAGTTCCATCTGC-1,2
TCCCATGAGTTTGGCT-1,1
TCCCATGCAGATACTC-1,2
TCCCATGGTCCTACGG-1,1
TCCCATGGTGGCCACT-1,3
TCCGAAACAATACCCA-1,3
TCCGAAACAGTTGAAA-1,3
TCCGAAATCCGTTTCG-1,3
TCCGAAATCTAGGCCG-1,3
TCCGATCCAGTAGAGC-1,1
TCCGATCCATCTTTCA-1,2
TCCGATCGTACCTAAC-1,2
TCCGATCGTACGATTC-1,1
TCCGATCGTCTGATAC-1,3
TCCGATCTCGTAGCCG-1,2
TCCGATCTCTGAGTCA-1,2
TCCGGGAAGCGGACAT-1,3
TCCGGGACAAGACAAT-1,3
TCCGGGAGTACTGGGA-1,1
TCCGGGAGTACTTCCC-1,1
TCCGGGAGTTCAAAGA-1,1
TCCGGGATCAAAGCCT-1,2
TCCGGGATCAGGAAAT-1,3
TCCGGGATCCACTAGA-1,1
TCCGGGATCGTGGAAG-1,1
TCCGTGTGTCTCGCGA-1,1
TCCGTGTGTGAACCGA-1,1
TCCGTGTTCGAGCACC-1,2
TCCGTGTTCTGTGCGG-1,1
TCCTAATAGTCGGCCT-1,1
TCCTAATCATAACGGG-1,3
TCCTAATCATACATCG-1,2
TCCTAATGTCTTAGTG-1,1
TCCTAATGTGCCTGCA-1,2
TCCTAATTCAGCTAGT-1,1
TCCTAATTCCTTATGT-1,2
TCCTCCCAGGCGTTGA-1,3
TCCTCCCCAAGGTCTT-1,2
TCCTCCCGTCCGATCG-1,1
TCCTCCCGTTTCCATT-1,2
TCCTCGAAGAGAGCAA-1,1
TCCTCGAAGTGAGTTA-1,1
TCCTCGACAACACAGG-1,2
TCCTCTTAGTAGACCG-1,3
TCCTCTTGTCTGTGGC-1,3
TCCTCTTGTGCGGTAA-1,1
TCCTGCAAGCTCGCAC-1,1
TCCTGCACACAACGAG-1,2
TCCTGCATCAGACCGC-1,2
TCCTGCATCCAGCTCT-1,2
TCCTTCTCAAAGACGC-1,2
TCCTTCTGTAAGGAGA-1,1
TCCTTCTGTGTGAGCA-1,1
TCCTTCTGTTGCATGT-1,2
TCCTTCTGTTGCGGCT-1,2
TCCTTCTTCAAGGAGC-1,3
TCCTTCTTCAGACCTA-1,1
TCCTTCTTCCGCAACG-1,1
TCCTTCTTCGGTCGGT-1,3
TCCTTCTTCTCGGTCT-1,1
TCCTTTCAGGAGATAG-1,2
TCCTTTCCACGGTCTG-1,2
TCCTTTCGTAATACCC-1,1
TCCTTTCTCACCTGGG-1,2
TCCTTTCTCCCATTTA-1,2
TCCTTTCTCTTCACAT-1,2
TCGAACAAGCAGCACA-1,3
TCGAACACATAGATGA-1,2
TCGAACAGTGTGTCCG-1,2
TCGAACATCCCAGCGA-1,3
TCGAACATCGTGCTCT-1,2
TCGAAGTCAATCCTTT-1,2
TCGAAGTGTCGACTTA-1,1
TCGAAGTGTTCTCCCA-1,1
TCGAAGTTCAACTACG-1,2
TCGAAGTTCTTCCCAG-1,1
TCGACCTAGGCCTTCG-1,3
TCGACCTAGGTTATAG-1,2
TCGACCTCATCGCTGG-1,2
TCGACGGAGGGAGTGG-1,1
TCGACGGCAAGAGGCT-1,2
TCGACGGCACTTGAAC-1,2
TCGACGGCATAGATCC-1,3
TCGACGGGTATAGGAT-1,2
TCGACGGTCAAATGAG-1,1
TCGACGGTCGCTAGCG-1,1
TCGATTTAGAATCTAG-1,1
TCGATTTAGACGCAGT-1,2
TCGATTTTCAATCCGA-1,3
TCGCACTAGCGCCATC-1,2
TCGCACTCAGTGGCTC-1,1
TCGCACTTCACTGAAC-1,3
TCGCACTTCCATACTT-1,1
TCGCAGGCACAACCGC-1,1
TCGCAGGGTGCTCTCT-1,3
TCGCAGGGTTGGCTAT-1,2
TCGCAGGGTTTACCTT-1,2
TCGCAGGTCGTGCATA-1,1
TCGCAGGTCTACTCAT-1,3
TCGCTCAAGAATTCAG-1,2
TCGCTCAAGATACGAT-1,2
TCGCTCAAGATGGCGT-1,1
TCGCTCAAGTGCTAGG-1,1
TCGCTCAAGTTTGAGA-1,1
TCGCTCACAATAAGGT-1,1
TCGCTCACAATTGCTG-1,2
TCGCTCAGTCTTGTCC-1,1
TCGCTCAGTTGCCTAA-1,2
TCGCTCATCGATCCAA-1,3
TCGCTCATCGTGCAGC-1,3
TCGCTTGAGAGAAGGT-1,2
TCGCTTGAGAGAATCT-1,2
TCGCTTGAGCAGATAT-1,1
TCGCTTGAGTCTCTGA-1,3
TCGCTTGGTCATCTAG-1,2
TCGCTTGTCAGGAAAT-1,3
TCGCTTGTCTTCGGTC-1,2
TCGGATAAGATTAGAC-1,2
TCGGATACATCGGAGA-1,1
TCGGATAGTCGATTAC-1,1
TCGGATAGTTGATCGT-1,1
TCGGATATCTAACGGT-1,2
TCGGGACAGCCTCACG-1,3
TCGGGACAGGCGCTCT-1,3
TCGGGACCACTACTTT-1,1
TCGGGACTCCCGAGAC-1,1
TCGGGCAAGCAAGGAA-1,3
TCGGGCACACCTATCC-1,1
TCGGGCACATGCAGGA-1,1
TCGGGCAGTACTCAAC-1,1
TCGGGCAGTCGTAATC-1,3
TCGGGCATCAGTCCGG-1,2
TCGGGTGAGACTGGGT-1,2
TCGGGTGCAATTCACG-1,1
TCGGGTGCACCTTCCA-1,1
TCGGTCTAGTAGGCCA-1,2
TCGGTCTCAAGTATAG-1,1
TCGGTCTCAAGTCCCG-1,2
TCGGTCTGTACCTGTA-1,1
TCGGTCTTCCTTGGAA-1,1
TCGGTCTTCGTGCACG-1,1
TCGGTCTTCTTGCAAG-1,1
TCGTAGACAAGAATGT-1,1
TCGTAGACAAGAGCTG-1,1
TCGTAGACAAGAGTAT-1,2
TCGTAGATCAGAGCGA-1,1
TCGTCCAAGCCTGGAA-1,1
TCGTCCAAGTCCCAAT-1,2
TCGTCCACAGAGGCAT-1,2
TCGTCCACATAAGATG-1,1
TCGTCCAGTCGTGTTA-1,3
TCGTCCAGTGGCACTC-1,1
TCGTCCAGTTCGATTG-1,3
TCGTCCATCATCTATC-1,1
TCGTGCTCATGGCTAT-1,1
TCGTGCTGTTTGTTCT-1,3
TCGTGGGCAAAGGTTA-1,1
TCGTGGGTCTAAACGC-1,1
TCTAACTAGGGCCCTT-1,2
TCTAACTCATCCGCGA-1,2
TCTAACTGTCAGGTAG-1,1
TCTAACTGTTCTTGTT-1,2
TCTAACTTCCTACGGG-1,2
TCTACATAGACTTAAG-1,1
TCTACATAGGATAATC-1,3
TCTACATCAGAGTCAG-1,2
TCTACATCATCGTGGC-1,3
TCTACATGTACCGTGC-1,1
TCTACATGTAGGTCAG-1,2
TCTACATGTATCGTTG-1,2
TCTACATGTCCAACGC-1,2
TCTACATGTGCTATTG-1,2
TCTACATTCGGAGTAG-1,1
TCTACCGAGTACTGTC-1,1
TCTACCGAGTTGCTCA-1,1
TCTACCGCACCAGTAT-1,1
TCTACCGCACGAAAGC-1,1
TCTACCGGTGAGTGAC-1,1
TCTACCGTCGTTAGTG-1,3
TCTATACAGGTTAGTA-1,2
TCTATACCAGTTAAAG-1,3
TCTATACGTGGCTGAA-1,2
TCTATACGTGTCTTGA-1,2
TCTATACGTTCTCCAC-1,3
TCTATACTCACGAACT-1,2
TCTATACTCCTCAGAA-1,2
TCTATACTCGCATTAG-1,1
TCTATCAAGATGACAT-1,1
TCTATCAAGGAGCAAA-1,1
TCTATCAAGTCGAATA-1,2
TCTATCACACATTACG-1,2
TCTATCAGTAGACTGG-1,3
TCTATCAGTAGCTAAA-1,2
TCTATCAGTGAAAGTT-1,3
TCTCACGAGGTAAGTT-1,1
TCTCACGCACGGTGAA-1,2
TCTCACGCAGGCATTT-1,2
TCTCACGCAGTTGAAA-1,2
TCTCACGGTAGCGTAG-1,3
TCTCACGGTATTGGCT-1,1
TCTCACGGTCTAGTGT-1,1
TCTCACGGTCTGATCA-1,2
TCTCACGGTTCAAACC-1,1
TCTCACGTCGGTCATA-1,1
TCTCACGTCTCCCTAG-1,2
TCTCAGCAGAAACTCA-1,2
TCTCAGCCACCGCTAG-1,1
TCTCAGCGTCACTCTC-1,2
TCTCAGCGTGCCTATA-1,2
TCTCAGCTCACTGGGC-1,2
TCTCAGCTCTGGACTA-1,3
TCTCCGACATAATCGC-1,1
TCTCCGAGTACTAAGA-1,1
TCTCCGAGTTCCTAGA-1,2
TCTCCGATCGGTCGGT-1,1
TCTCCGATCTTTGCAT-1,1
TCTCTGGAGCATTTCG-1,1
TCTCTGGAGCCTATCA-1,2
TCTCTGGAGCGCGTTC-1,3
TCTCTGGCACAATGCT-1,1
TCTCTGGGTAGCTAAA-1,3
TCTCTGGGTGGCTGAA-1,3
TCTCTGGTCATAAGGA-1,3
TCTGCCAAGGACGCTA-1,2
TCTGCCAGTCATTCCC-1,2
TCTGCCAGTGTTGATC-1,1
TCTGCCATCCGCAGTG-1,2
TCTGCCATCGCGAAGA-1,2
TCTGCCATCTAGATCG-1,2
TCTGGCTCAAGCGGAT-1,1
TCTGGCTGTCTGCCTT-1,2
TCTGGCTTCAGCGCGT-1,1
TCTGGCTTCAGGAAAT-1,1
TCTGTCGGTATGGGAC-1,1
TCTGTCGGTGTTAGCT-1,3
TCTGTCGTCCTAGAGT-1,3
TCTTAGTCAAGAAATC-1,1
TCTTAGTCAATACCCA-1,1
TCTTAGTCATCGGATT-1,3
TCTTAGTGTAAGACCG-1,1
TCTTAGTGTATCGGTT-1,3
TCTTAGTGTATGTCTG-1,1
TCTTAGTGTCGTTCAA-1,3
TCTTAGTTCGAAGTGG-1,3
TCTTAGTTCTGGGTCG-1,1
TCTTAGTTCTGTACAG-1,1
TCTTAGTTCTGTCCGT-1,2
TCTTCCTAGAGGGTGG-1,1
TCTTCCTAGGGCAGTT-1,3
TCTTCCTCACAGCTTA-1,2
TCTTCCTCACCGTGGT-1,2
TCTTCCTTCATGAAAG-1,2
TCTTGCGAGCACGATG-1,2
TCTTGCGAGTGGAATT-1,3
TCTTGCGCAAAGCTCT-1,2
TCTTGCGCATCTTTCA-1,3
TCTTGCGGTAACCCGC-1,2
TCTTGCGGTGCCGAAA-1,1
TCTTGCGTCACACCCT-1,2
TCTTTGACACCAGACC-1,3
TCTTTGAGTCGCATGC-1,2
TCTTTGAGTGTTCCTC-1,1
TCTTTGATCAAACGTC-1,1
TGAACGTAGTACAACA-1,1
TGAACGTCAATTCTTC-1,1
TGAACGTCAGAACATA-1,2
TGAACGTCAGTAACCT-1,3
TGAACGTCATCTGCGG-1,2
TGAACGTTCCATAGGT-1,1
TGAACGTTCCTGCCAT-1,2
TGAACGTTCGGTCATA-1,1
TGAATCGAGACTAAGT-1,2
TGAATCGAGATCACCT-1,3
TGAATCGAGATCCCAT-1,2
TGAATCGAGCATATGA-1,2
TGAATCGAGCCAACCC-1,2
TGAATCGCAATTTCCT-1,2
TGAATCGGTAGAATAC-1,2
TGAATCGGTGAGCCAA-1,1
TGAATCGTCGACCAAT-1,1
TGAATCGTCTCGTTTA-1,1
TGAATGCAGGCAGGGA-1,2
TGACAGTAGGGAACAA-1,2
TGACAGTAGTGCGCTC-1,3
TGACAGTGTACCATAC-1,2
TGACAGTGTAGCTGCC-1,3
TGACCCTAGGCCTGAA-1,3
TGACCCTCAAGCGAGT-1,1
TGACCCTCACAGTGAG-1,3
TGACCCTCACGACAGA-1,1
TGACCCTCACTTGAGT-1,2
TGACCCTCATGTGACT-1,3
TGACCCTGTTAACCTG-1,2
TGACCCTGTTATAGCC-1,2
TGACCCTGTTTCCAAG-1,2
TGACGCGAGACCAGCA-1,2
TGACGCGCATGCGGTC-1,1
TGACGCGGTAGATTGA-1,2
TGACGCGTCCAGCCTT-1,2
TGACTCCAGCTCATAC-1,3
TGACTCCTCAAGAAAC-1,2
TGACTCCTCACATACG-1,2
TGACTCCTCCCTCGAT-1,3
TGAGACTAGTCACTAC-1,3
TGAGACTCACTGAGTT-1,2
TGAGACTGTGACTCGC-1,2
TGAGACTTCATGCGGC-1,1
TGAGACTTCCACATAG-1,3
TGAGCATAGCTCAGAG-1,1
TGAGCATCAAAGCGTG-1,2
TGAGCATGTCAAGGCA-1,2
TGAGCATGTCGCATGC-1,2
TGAGCATTCCGAGCTG-1,1
TGAGCGCAGCCGAATG-1,1
TGAGCGCAGGTCCGAA-1,3
TGAGCGCCAATATCCG-1,3
TGAGCGCCAGGAATAT-1,1
TGAGCGCCATGATCTG-1,1
TGAGCGCGTACCTTCC-1,1
TGAGCGCGTACTGGGA-1,1
TGAGCGCGTGCAACAG-1,1
TGAGCGCGTTGCTCAA-1,3
TGAGCGCTCATACAGC-1,1
TGAGCGCTCCATCACC-1,2
TGAGCGCTCGAGTGGA-1,1
TGAGGGACACGTGAGA-1,1
TGAGGGAGTGTGATGG-1,1
TGAGGGATCAACTGAC-1,3
TGAGGGATCCGTATGA-1,1
TGAGGGATCTGTCCCA-1,2
TGAGGTTAGAAACTGT-1,1
TGAGGTTAGACGCTCC-1,1
TGAGGTTAGTATAGAC-1,3
TGAGGTTCACGCTTAA-1,1
TGAGGTTGTCACTGAT-1,1
TGAGTCAAGAATAGTC-1,3
TGAGTCAAGGAGAATG-1,1
TGAGTCAAGGCCGCTT-1,3
TGAGTCACACGGTAGA-1,2
TGAGTCAGTATAGGGC-1,1
TGAGTCAGTCCAAGAG-1,3
TGAGTCATCCAACTGA-1,1
TGAGTCATCGCTAATG-1,2
TGAGTCATCTGGAAGG-1,3
TGATCAGAGTAATTGG-1,3
TGATCAGAGTAGAATC-1,3
TGATCAGCAAGTTCCA-1,1
TGATCAGGTTGGGCCT-1,1
TGATCAGTCCCTTGGT-1,3
TGATCAGTCTGTCTCG-1,1
TGATCTTAGCAAATCA-1,1
TGATCTTAGCATGCGA-1,1
TGATCTTCACTTGGCG-1,1
TGATCTTGTGCTCGTG-1,1
TGATCTTTCGCTCCTA-1,2
TGATGCAAGACGGTTG-1,1
TGATGCAAGAGTGTGC-1,1
TGATGCAAGCCGGATA-1,1
TGATGCAGTGTGAATA-1,1
TGATGCATCAGACAAA-1,2
TGATGCATCAGTCACA-1,1
TGATGGTAGGAGGCAG-1,1
TGATGGTAGTCCTACA-1,1
TGATGGTCAAATGGCG-1,3
TGATGGTGTTCAAGGG-1,1
TGATGGTTCATTGTTC-1,1
TGATTCTCACTGTCCT-1,2
TGATTCTTCAACACGT-1,2
TGATTCTTCAGTGTTG-1,2
TGATTCTTCCCGAGGT-1,3
TGATTCTTCGCTCCTA-1,2
TGATTTCAGATAGTGT-1,1
TGATTTCAGTACTGTC-1,3
TGATTTCCAATCACGT-1,2
TGATTTCCAATTGCTG-1,3
TGATTTCCACCCAAGC-1,1
TGATTTCGTAGTTACC-1,2
TGATTTCGTGGGCTTC-1,1
TGATTTCTCGAATCCA-1,1
TGCACGGCAAGGGCAT-1,1
TGCACGGGTACTTCCC-1,1
TGCACGGGTTGACGGA-1,1
TGCACGGTCACTCCGT-1,2
TGCAGATAGCGGATCA-1,1
TGCAGATAGTTCCTGA-1,1
TGCAGATTCTATTCGT-1,1
TGCAGGCAGGTGAGAA-1,1
TGCAGGCCAGGTTCAT-1,2
TGCAGGCGTAGCTAAA-1,2
TGCAGGCGTGAGACGT-1,1
TGCAGTAAGAGAGTTT-1,1
TGCAGTACAGTCAGCC-1,2
TGCAGTATCAGAACCT-1,1
TGCAGTATCGACATTG-1,2
TGCAGTATCGAGATGG-1,1
TGCAGTATCTCCGATC-1,3
TGCATCCAGAGCCGTA-1,3
TGCATCCAGCATGATA-1,2
TGCATCCAGCGAGGAG-1,3
TGCATCCAGGAACGTC-1,1
TGCATCCAGGGCTTCC-1,2
TGCATCCCAACGCATT-1,2
TGCATGAAGACTACGG-1,1
TGCATGAAGTCGAATA-1,1
TGCATGAAGTGGTCAG-1,1
TGCATGACAGTACTAC-1,2
TGCATGAGTAGTCCTA-1,3
TGCATGAGTGCTCCGA-1,1
TGCATGAGTGGAACCA-1,1
TGCATGATCGTTCAGA-1,2
TGCCGAGAGCAATTCC-1,3
TGCCGAGAGGTACCTT-1,1
TGCCGAGCAATTCTCT-1,1
TGCCGAGCACTCAAGT-1,3
TGCCGAGGTATATGGA-1,1
TGCCGAGGTCAGCTTA-1,1
TGCCGAGTCCCACAGG-1,2
TGCCGAGTCCGAGCTG-1,2
TGCGACGAGATCCCAT-1,1
TGCGACGAGGTAAGAG-1,1
TGCGACGCAACTTCTT-1,1
TGCGACGCAAGGAGTC-1,2
TGCGACGCATGAGAAT-1,1
TGCGACGTCCACGGAC-1,1
TGCGACGTCCCTCGTA-1,3
TGCGACGTCTCACCCA-1,1
TGCGACGTCTCGCGTT-1,1
TGCGATAAGAGAGGGC-1,1
TGCGATAAGTCAACAA-1,1
TGCGATACAGCGTGCT-1,1
TGCGATAGTTACAGCT-1,3
TGCGATAGTTTGAAAG-1,1
TGCGATATCACTGAAC-1,1
TGCGGCAAGCATACTC-1,1
TGCGGCAAGCGTTACT-1,3
TGCGGCACAAGTTCCA-1,1
TGCGGCACAGCTACAT-1,1
TGCGGCACATTCACCC-1,1
TGCGGCAGTCACTTCC-1,3
TGCGGCAGTCGCCTAG-1,2
TGCGGCAGTGTAGGAC-1,1
TGCGGCATCCTGGTCT-1,2
TGCGGCATCCTTATAC-1,2
TGCGGCATCTCCGTGT-1,2
TGCGGGTGTCATACCA-1,1
TGCGGGTTCAAGCTTG-1,1
TGCGGGTTCTAGACAC-1,3
TGCTCCAAGACTGAGC-1,1
TGCTCCAAGTATGACA-1,3
TGCTCCAAGTGTACCT-1,1
TGCTCCAGTGGATGAC-1,2
TGCTCGTAGCAGGTCA-1,1
TGCTCGTAGGGAGTTC-1,1
TGCTCGTCACCATATG-1,1
TGCTCGTGTCAATCTG-1,1
TGCTCGTGTTCGTGCG-1,1
TGCTGAATCACTCCGT-1,3
TGCTTCGAGTTCTCTT-1,1
TGCTTCGCAACCAACT-1,2
TGCTTCGCAGGCGAAT-1,3
TGCTTCGTCTTAATCC-1,2
TGCTTGCAGAGAAGGT-1,1
TGCTTGCAGCTACGTT-1,2
TGCTTGCCAGTAGAAT-1,2
TGCTTGCCATGTTACG-1,2
TGCTTGCGTAGGTTTC-1,3
TGCTTGCGTCTGGTTA-1,3
TGCTTGCGTGCAGTGA-1,2
TGCTTGCGTTACCCAA-1,3
TGCTTGCTCGACGAGA-1,1
TGCTTGCTCGTCGACG-1,2
TGGAACTAGATGTTAG-1,2
TGGAACTAGCAGTAAT-1,1
TGGAACTGTGCAGATG-1,1
TGGAACTGTTAAGACA-1,1
TGGAACTTCCAAGCTA-1,3
TGGAACTTCCTTCTTC-1,3
TGGAACTTCTGAGCAT-1,1
TGGAGAGAGCATGTTC-1,1
TGGAGAGGTCGTATTG-1,1
TGGAGAGTCATCGCTC-1,2
TGGAGGAAGGCGAAGG-1,3
TGGAGGAAGTCCCAAT-1,1
TGGAGGACAACAACAA-1,1
TGGAGGACACAAGCAG-1,3
TGGAGGACACATACTG-1,1
TGGAGGAGTCGCATGC-1,3
TGGAGGAGTGGTCCGT-1,1
TGGAGGATCACTGGTA-1,1
TGGATCACAATGCAAA-1,1
TGGATCACATGCGTGC-1,3
TGGATCATCCGAGTGC-1,2
TGGATGTCAAGAGTGC-1,1
TGGATGTCAGAGTTGG-1,2
TGGATGTCAGTGCGCT-1,1
TGGATGTCATCGCCTT-1,1
TGGATGTGTATGAAAC-1,1
TGGATGTGTGTCATCA-1,2
TGGCGTGAGATTAGTG-1,1
TGGCGTGAGGAAGTCC-1,1
TGGCGTGCAGGTGAGT-1,1
TGGCGTGGTCATTCCC-1,1
TGGCGTGTCCAGTACA-1,1
TGGCGTGTCGGCTGAC-1,1
TGGGAAGCAAATCAAG-1,1
TGGGAAGCAGGTGGAT-1,1
TGGGAAGGTAGAATGT-1,2
TGGGAAGTCATGAGGG-1,3
TGGGAAGTCGATACGT-1,1
TGGGAGAAGATGAACT-1,3
TGGGAGATCAAGATAG-1,3
TGGGATTAGATCCAAA-1,2
TGGGATTAGGTGCTTT-1,3
TGGGATTCACAGACGA-1,2
TGGGATTCAGCTGTAT-1,2
TGGGATTGTATGTGTC-1,3
TGGGATTGTCAACGCC-1,2
TGGGATTGTTACGTAC-1,2
TGGGATTTCACGAGGA-1,1
TGGGATTTCAGCGTCG-1,2
TGGGATTTCATATGGC-1,3
TGGGATTTCATGGCCG-1,3
TGGGATTTCCCATTTA-1,2
TGGGATTTCTGCGAGC-1,1
TGGGCGTAGCGCCGTT-1,3
TGGGCGTAGTAGATCA-1,2
TGGGCGTGTCTGTGAT-1,1
TGGGCGTTCAGATTGC-1,1
TGGGCTGCAATATCCG-1,2
TGGGCTGGTTCGGTAT-1,2
TGGGCTGTCCAACCGG-1,3
TGGGCTGTCGGTTGTA-1,1
TGGGCTGTCTTGCGCT-1,3
TGGGCTGTCTTTCCAA-1,2
TGGGTTACAAACTCTG-1,1
TGGGTTACACGTCTCT-1,2
TGGGTTACATCGCTGG-1,3
TGGGTTAGTCGGCTAC-1,2
TGGGTTAGTGAGAGGG-1,1
TGGGTTATCATGAAAG-1,2
TGGTACAAGGAGTCTG-1,1
TGGTACACAATCACGT-1,2
TGGTACACAGACAAAT-1,2
TGGTACAGTAGCCCTG-1,2
TGGTACAGTCTTCAAG-1,2
TGGTACAGTTCCGCGA-1,2
TGGTAGTAGATGACCG-1,3
TGGTAGTAGGGATCAC-1,1
TGGTAGTCATCGTGCG-1,2
TGGTGATAGGACACTG-1,1
TGGTGATGTCTCGGAC-1,2
TGGTGATGTGGCTGCT-1,2
TGGTGATTCCCATTTA-1,1
TGGTGATTCCTGGGAC-1,2
TGGTGATTCTTCCTAA-1,3
TGGTTAGAGCCTCTGG-1,1
TGGTTAGAGTGTGTTC-1,1
TGGTTAGCAATACGAA-1,1
TGGTTAGTCAAAGACA-1,2
TGGTTAGTCACCACAA-1,2
TGGTTAGTCGAACGCC-1,3
TGGTTAGTCTGTGCGG-1,2
TGTAACGGTACAGGTG-1,1
TGTAACGTCACTACGA-1,1
TGTAACGTCACTGTTT-1,1
TGTAACGTCATGCCCT-1,1
TGTAACGTCCATTCGC-1,1
TGTAAGCAGAGCAAGA-1,2
TGTAAGCAGGCCCACT-1,2
TGTAAGCAGGTCCTGC-1,3
TGTAAGCGTCAGTTTG-1,1
TGTAAGCTCAATCCAG-1,1
TGTAAGCTCATACGGT-1,1
TGTAAGCTCCGGTTCT-1,3
TGTACAGAGCTGTTAC-1,3
TGTACAGGTAGAGATT-1,1
TGTACAGTCAACTGGT-1,1
TGTACAGTCCAGGACC-1,1
TGTACAGTCGCTTGAA-1,1
TGTAGACCAACCCTCT-1,1
TGTAGACCAGCGACAA-1,3
TGTAGACGTAATGCGG-1,1
TGTAGACGTCCACACG-1,1
TGTAGACGTCTAGTGT-1,1
TGTAGACGTTTGTGGT-1,1
TGTCAGAAGAAACCAT-1,1
TGTCAGAAGAACAGGA-1,3
TGTCAGAAGTAAGCAT-1,2
TGTCAGAAGTGGCGAT-1,1
TGTCAGAAGTTGTCAC-1,2
TGTCAGACACTAGGCC-1,3
TGTCAGACATCTATCT-1,1
TGTCAGAGTACAACGG-1,1
TGTCAGATCCTAGCTC-1,3
TGTCCACAGCCTCTCT-1,1
TGTCCACTCCGCAACG-1,1
TGTCCCAAGACATAAC-1,3
TGTCCCAAGTGGTTGG-1,2
TGTCCCACATAGTCAC-1,2
TGTCCCAGTGACTGTT-1,3
TGTCCTGCACTAGTAC-1,2
TGTCCTGCAGGTGACA-1,1
TGTCCTGCAGTAGTGG-1,1
TGTCCTGGTCATTGCA-1,3
TGTCCTGGTTGGGTAG-1,2
TGTCCTGTCTGCATAG-1,3
TGTGAGTAGTTGTCGT-1,1
TGTGAGTCACGACCTG-1,1
TGTGAGTGTCTAGGCC-1,3
TGTGATGCAAGAGTAT-1,3
TGTGATGCATTCACCC-1,3
TGTGATGTCAGTCACA-1,2
TGTGATGTCCCAAGCG-1,1
TGTGATGTCCGAGCTG-1,1
TGTGCGGAGCACGATG-1,3
TGTGCGGCAGTGGCTC-1,1
TGTGCGGGTCCACACG-1,3
TGTGGCGAGAACCGCA-1,1
TGTGGCGAGCGTATGG-1,1
TGTGGCGAGCTGCGAA-1,1
TGTGGCGAGGTCCCGT-1,2
TGTGGCGAGTTAGTGA-1,1
TGTGGCGGTGGTTTAC-1,1
TGTGGCGTCATCCCGT-1,2
TGTGGCGTCCCGATCT-1,2
TGTGGCGTCCTAAGTG-1,2
TGTGTGAAGTATGAAC-1,1
TGTGTGAAGTGCAACG-1,2
TGTGTGAAGTTAACAG-1,3
TGTGTGAAGTTGGCTT-1,3
TGTGTGACAAGAGGTC-1,3
TGTGTGACACCAGACC-1,1
TGTTACTAGCATATGA-1,2
TGTTACTCAATTGCTG-1,2
TGTTACTCAGCTTTCC-1,2
TGTTACTGTCAAAGTA-1,1
TGTTACTGTTGGACTT-1,1
TGTTACTTCATGCATG-1,1
TGTTACTTCATTTACC-1,1
TGTTACTTCTCACCCA-1,3
TGTTCATAGGAGATAG-1,2
TGTTCATCAACCGGAA-1,1
TGTTCATCATGACGAG-1,3
TGTTCATTCTAGAACC-1,1
TGTTCCGCAAATAGCA-1,1
TGTTCCGCAGCGGTTC-1,1
TGTTCCGCATGAGTAA-1,3
TGTTCCGGTATCATGC-1,1
TGTTCCGGTCGAATGG-1,3
TGTTCCGGTGAAGCGT-1,1
TGTTCTAAGGTCACTT-1,2
TGTTCTACACTGGATT-1,1
TGTTCTAGTACTCCGG-1,3
TGTTCTAGTCGTCTCT-1,1
TGTTCTAGTGCATACT-1,1
TGTTCTATCGATAACC-1,1
TGTTCTATCTCAGGCG-1,3
TGTTGAGAGGTTAAAC-1,1
TGTTGAGCAGCAAGAC-1,1
TGTTGAGGTCTCAGAT-1,2
TGTTGAGGTTCCACAA-1,1
TGTTGAGTCCGAGCTG-1,1
TGTTGAGTCGTTCTCG-1,1
TGTTGAGTCTACGGGC-1,3
TGTTGAGTCTGCATGA-1,1
TGTTGGAAGTTCATGC-1,1
TGTTGGAGTAATCAAG-1,1
TGTTGGAGTCGACTGC-1,2
TGTTGGATCCGAAATC-1,1
TGTTTGTAGGGCAAGG-1,1
TGTTTGTCAATGGCAG-1,1
TGTTTGTGTCGTCAGC-1,3
TGTTTGTTCTCATAGG-1,1
TTAATCCAGCACGGAT-1,2
TTAATCCCAGCTTCGG-1,3
TTAATCCCATCACGGC-1,3
TTAATCCGTGCAGGAT-1,3
TTAATCCTCGCACGGT-1,1
TTACAGGAGACTGGGT-1,3
TTACAGGCAAAGGGTC-1,1
TTACAGGCAACAGAGC-1,1
TTACAGGCAGACGATG-1,1
TTACAGGCAGTAGAAT-1,1
TTACAGGCAGTGTACT-1,1
TTACAGGGTCTCTCTG-1,2
TTACAGGGTCTTTCAT-1,3
TTACAGGGTGGCCCAT-1,2
TTACAGGGTTTACTGG-1,1
TTACAGGTCATGAAAG-1,2
TTACAGGTCGGACGTC-1,1
TTACAGGTCTACTGCC-1,1
TTACCATAGATAACGT-1,2
TTACCATCACTGGCCA-1,1
TTACCATTCTGGAAGG-1,1
TTACCGCAGCAAATCA-1,2
TTACCGCAGGATCACG-1,2
TTACCGCCACACGTGC-1,2
TTACCGCCACGAAAGC-1,1
TTACCGCCACTATGTG-1,3
TTACCGCGTCACTGAT-1,1
TTACCGCTCGTCCATC-1,1
TTACCGCTCTGTACAG-1,1
TTACCGCTCTTGGTGA-1,2
TTACGCCAGACGGATC-1,2
TTACGCCCAAGGTTGG-1,2
TTACGCCCAATCCTTT-1,3
TTACGCCCACCCTATC-1,3
TTACGCCGTATCGTTG-1,1
TTACGTTAGCGAACTG-1,1
TTACTGTAGACTACGG-1,2
TTACTGTAGAGATCGC-1,1
TTACTGTGTAGAATAC-1,1
TTACTGTGTCTCTCAC-1,3
TTACTGTGTGTGAGCA-1,1
TTACTGTGTTCAGTAC-1,2
TTACTGTTCAGCCCAG-1,2
TTACTGTTCTATTTCG-1,2
TTAGGCAAGCGATCGA-1,1
TTAGGCACATCTCCCA-1,2
TTAGGCAGTTAGAGAT-1,1
TTAGGCATCCCTCTTT-1,2
TTAGGGTAGAGCGACT-1,3
TTAGGGTAGGAACGAA-1,1
TTAGGGTAGGCGCTTC-1,2
TTAGGGTGTAGAGATT-1,2
TTAGGGTGTATCACGT-1,1
TTAGGGTGTGGATTTC-1,2
TTAGGGTGTTTAGACC-1,3
TTAGGGTTCTTACCAT-1,2
TTAGTCTCAATACGAA-1,2
TTAGTCTCATGAATAG-1,2
TTAGTCTTCAGGTAAA-1,2
TTATTGCAGGACTAAT-1,3
TTATTGCAGTTCCGTA-1,1
TTATTGCCACCATAAC-1,2
TTATTGCGTCACATTG-1,1
TTATTGCGTGGACCAA-1,1
TTATTGCGTTATTCTC-1,2
TTCAATCAGTCTTCGA-1,2
TTCAATCGTGCAACGA-1,2
TTCAATCGTTTCGTAG-1,1
TTCACCGAGGTAGCCA-1,1
TTCACCGAGTTCCATG-1,1
TTCACCGCAAAGGTTA-1,3
TTCACCGCAGAGCGTA-1,3
TTCACCGGTCCACGCA-1,1
TTCACCGGTCTCAAGT-1,2
TTCACCGGTTTATGCG-1,2
TTCACCGTCAAGCCAT-1,2
TTCACCGTCATGAAAG-1,1
TTCACCGTCTACTGCC-1,2
TTCACGCAGGAAACGA-1,3
TTCACGCCAGGGTTGA-1,2
TTCACGCCAGTCAGTT-1,2
TTCACGCTCAAGTTGC-1,1
TTCACGCTCCGTTTCG-1,3
TTCAGGACAACCTATG-1,2
TTCAGGACAATCTGCA-1,3
TTCAGGACAGAGCGTA-1,1
TTCAGGACAGAGTTGG-1,2
TTCAGGATCACGATCA-1,2
TTCAGGATCGGTCAGC-1,1
TTCATGTAGCGGTATG-1,1
TTCATGTAGGTAGATT-1,3
TTCATGTAGTAGTCCT-1,2
TTCATGTCACAAGCCC-1,2
TTCATGTGTAACTGCT-1,2
TTCATGTGTATGCAAA-1,2
TTCATGTGTCTACGTA-1,1
TTCATGTTCCAATGCA-1,1
TTCATGTTCGAAGGAC-1,2
TTCATTGGTAGACACG-1,2
TTCATTGGTTGAGTCT-1,1
TTCATTGTCCTAACAG-1,2
TTCATTGTCGTGGCTG-1,1
TTCATTGTCTTTGCAT-1,2
TTCCAATAGATCCTAC-1,1
TTCCAATAGCGGTAAC-1,3
TTCCAATCACGGTGCT-1,3
TTCCAATCAGTGAGCA-1,2
TTCCACGAGACTGTTC-1,2
TTCCACGAGAGACAAG-1,2
TTCCACGAGCCTAGGA-1,1
TTCCACGAGGTATAGT-1,1
TTCCACGCATATACCG-1,3
TTCCACGCATTGTCGA-1,3
TTCCACGGTTATCTGG-1,1
TTCCACGTCAAACTGC-1,2
TTCCACGTCTCGTTTA-1,1
TTCCGGTCACTACTTT-1,2
TTCCGGTCAGGCGATA-1,1
TTCCGGTGTCTTGGTA-1,3
TTCCGGTTCACCATCC-1,1
TTCCGGTTCAGCCTCT-1,3
TTCCGGTTCTCGCGTT-1,2
TTCCGTGAGAAGTCCG-1,1
TTCCGTGAGTAGAGTT-1,1
TTCCGTGCACGCAGTC-1,2
TTCCGTGCATTCAGGT-1,2
TTCCGTGGTATCGTAC-1,2
TTCCGTGTCAGAACCT-1,3
TTCCGTGTCGTTCATT-1,2
TTCCTAAAGGTCCGAA-1,3
TTCCTAAAGTGATGGC-1,3
TTCCTAAGTGCCGTTG-1,2
TTCCTAAGTTACCTGA-1,3
TTCCTAATCCCACAGG-1,2
TTCCTCTAGGGAGTGG-1,3
TTCCTCTCAACTACGT-1,2
TTCCTCTCAGCACAGA-1,3
TTCCTCTTCTTAGCCC-1,3
TTCCTTCAGTAAAGCT-1,2
TTCCTTCTCAGCATTG-1,2
TTCGATTCAGACAAAT-1,2
TTCGATTGTGGCCCAT-1,2
TTCGATTTCCCTCTTT-1,2
TTCGATTTCGTCGGGT-1,1
TTCGCTGAGGGCTTCC-1,2
TTCGCTGCACTAGAGG-1,1
TTCGCTGCAGTCGAGA-1,1
TTCGCTGGTAGAGATT-1,1
TTCGCTGGTCGGCTAC-1,1
TTCGCTGTCAACTACG-1,2
TTCGCTGTCCCTGTTG-1,2
TTCGGTCCACTCATAG-1,1
TTCGGTCCAGCATGCC-1,1
TTCGGTCGTCTTCAAG-1,1
TTCGGTCTCTCGTTTA-1,2
TTCTAACAGGCGTTAG-1,3
TTCTAACAGTATAGAC-1,2
TTCTAACAGTCACGAG-1,2
TTCTAACCAAAGGATT-1,1
TTCTAACCACCTTCGT-1,2
TTCTAACCAGGCCTGT-1,1
TTCTAACCATCCTTCG-1,2
TTCTAACGTAGAATAC-1,2
TTCTAACGTAGGTGCA-1,1
TTCTAACTCAAACGTC-1,2
TTCTAGTAGCAGCAGT-1,2
TTCTAGTAGCAGCCCT-1,2
TTCTAGTAGCAGCCTC-1,3
TTCTAGTAGTCATGGG-1,2
TTCTAGTTCGGTTGTA-1,1
TTCTCTCAGAGGTGCT-1,3
TTCTCTCGTACTCGAT-1,2
TTCTCTCTCAAGCCAT-1,1
TTCTCTCTCACTGTTT-1,2
TTCTCTCTCTAGTCAG-1,3
TTCTGTAAGGTGCTAG-1,2
TTCTGTAGTCTACTGA-1,1
TTCTGTAGTGTTTACG-1,1
TTCTTCCAGGTACAAT-1,1
TTCTTCCCAATCAAGA-1,2
TTCTTCCCACGGTGAA-1,2
TTCTTCCGTCACCCTT-1,3
TTCTTCCGTCGCGTTG-1,2
TTCTTCCGTTGAGGAC-1,1
TTCTTGAAGAGGCCAT-1,3
TTCTTGAAGTGACACG-1,1
TTCTTGACAACACGTT-1,2
TTCTTGAGTTAGGCTT-1,1
TTGAACGAGCGTTAGG-1,3
TTGAACGAGTAACAGT-1,2
TTGAACGCAACACAAA-1,2
TTGAACGGTACGCGTC-1,1
TTGAACGGTTCTATCT-1,1
TTGAACGTCGTAGCTA-1,3
TTGAACGTCGTTCCCA-1,1
TTGACCCAGGCCACCT-1,2
TTGACCCTCACTTATC-1,1
TTGACCCTCGCATTAG-1,2
TTGAGTGAGGGATCAC-1,2
TTGAGTGAGTCGGGAT-1,1
TTGAGTGAGTTACGGG-1,2
TTGAGTGCAACTTGGT-1,1
TTGAGTGGTGGGCTTC-1,1
TTGAGTGTCACGAGGA-1,3
TTGAGTGTCGAGTACT-1,1
TTGAGTGTCTGGAGAG-1,1
TTGATGGAGGGCAAGG-1,2
TTGATGGAGTGGTGAC-1,1
TTGATGGCAGAAGTGC-1,1
TTGATGGCAGGCGTTC-1,1
TTGATGGGTCTACGAT-1,1
TTGATGGGTTTAGAGA-1,1
TTGATGGTCTCGTCAC-1,3
TTGATGGTCTCTGCTG-1,2
TTGCATTAGAGGTATT-1,2
TTGCATTAGGCACTAG-1,2
TTGCATTCACTTGGGC-1,2
TTGCATTGTGGCATCC-1,3
TTGCATTTCCCGAAAT-1,3
TTGCCTGAGCAATTAG-1,1
TTGCCTGGTACAGAAT-1,1
TTGCCTGGTAGGTCAG-1,1
TTGCGTCAGGGCAATC-1,2
TTGCGTCAGTAGGGTC-1,1
TTGCGTCCATCGCTCT-1,3
TTGCGTCTCAAGAGGC-1,1
TTGCGTCTCACCTTAT-1,2
TTGCTGCAGACGATAT-1,2
TTGCTGCAGCGTTGTT-1,1
TTGCTGCAGCTAAATG-1,1
TTGCTGCTCTGGGCGT-1,1
TTGGATGGTCAAACGG-1,1
TTGGATGGTCACTCAA-1,1
TTGGATGGTGCGTTTA-1,1
TTGGATGTCCAGTGCG-1,1
TTGGGATAGACGACTG-1,2
TTGGGATAGGTGCGAT-1,2
TTGGGATGTGTTCAGT-1,1
TTGGGATGTTGCATAC-1,2
TTGGGCGCAGCCCAGT-1,1
TTGGGCGCATGAAAGT-1,1
TTGGGCGTCATCAGTG-1,2
TTGGGCGTCCAGTGTA-1,1
TTGGGTATCCTAAGTG-1,3
TTGGGTATCCTGCTAC-1,1
TTGGGTATCTAGACAC-1,2
TTGGGTATCTCTGAGA-1,2
TTGGTTTAGCTAAACA-1,1
TTGGTTTCAAACTAAG-1,1
TTGGTTTGTCTTGCGG-1,2
TTGGTTTTCTGCGAGC-1,2
TTGTGGAAGTTGCATC-1,1
TTGTGGACACCCTAAA-1,3
TTGTGGACACCTGCAG-1,1
TTGTGGACATCATGAC-1,3
TTGTGGACATGCCGGT-1,2
TTGTGGACATGGACAG-1,2
TTGTGGAGTACGTGTT-1,1
TTGTGGATCATCGCCT-1,2
TTGTGGATCCGTGTCT-1,3
TTGTGGATCCTATGGA-1,2
TTGTGTTAGTCACTAC-1,1
TTGTGTTAGTCATGGG-1,1
TTGTGTTCAAATCAGA-1,2
TTGTGTTCAGACAAAT-1,1
TTGTGTTGTAACCCTA-1,1
TTGTGTTGTATCGGTT-1,3
TTGTGTTGTGATTCAC-1,2
TTGTGTTGTGGTAACG-1,1
TTGTGTTTCCCTCTCC-1,1
TTGTTCAAGAGCTGAC-1,1
TTGTTCAAGCATGGGT-1,3
TTGTTCAAGCGACTGA-1,3
TTGTTCAAGGATCATA-1,2
TTGTTCAAGTTCCGGC-1,3
TTGTTCACAACCAATC-1,2
TTGTTCACAGAACTTC-1,2
TTGTTCACATACTGAC-1,3
TTGTTCAGTGCACGCT-1,1
TTGTTCATCACTTATC-1,3
TTGTTGTAGACTGTTC-1,3
TTGTTGTAGATGCTTC-1,2
TTGTTGTAGCACTGGA-1,3
TTGTTGTAGGTGAGCT-1,1
TTGTTGTAGTCGCCAC-1,2
TTGTTGTCACATTCTT-1,2
TTGTTGTCACTGGACC-1,3
TTGTTGTCATGCCATA-1,1
TTGTTGTTCCAATGCA-1,2
TTGTTGTTCCTTGAAG-1,2
TTGTTGTTCGTACCTC-1,1
TTGTTGTTCTTGCGCT-1,3
TTGTTTGAGAGTCCGA-1,1
TTGTTTGAGCAGGCTA-1,1
TTGTTTGAGGATATAC-1,3
TTGTTTGCAGCTAACT-1,1
TTGTTTGTCAAGCCGC-1,1
TTGTTTGTCCAAGCCG-1,2
TTGTTTGTCCTGTTAT-1,2
TTGTTTGTCGACATAC-1,3
TTGTTTGTCGCTGATA-1,1
TTTACCACACGGCACT-1,2
TTTACCACAGTTAGGG-1,3
TTTACCACATCCGTGG-1,1
TTTACCAGTACCTATG-1,2
TTTACCAGTCGGAAAC-1,3
TTTACCATCTATCGCC-1,2
TTTACGTAGCGCCGTT-1,1
TTTACGTAGGGTGAGG-1,3
TTTACGTAGTAGCCAG-1,1
TTTACGTGTCACAATC-1,2
TTTACTGCATTATGCG-1,3
TTTACTGGTACCAGAG-1,2
TTTACTGGTATGAGAT-1,1
TTTACTGTCGTGCACG-1,3
TTTAGTCAGGATGAGA-1,3
TTTAGTCCAATACGCT-1,1
TTTAGTCTCGCAGTCG-1,2
TTTAGTCTCTGCGATA-1,3
TTTAGTCTCTGGTCAA-1,2
TTTATGCAGACAGCTG-1,1
TTTATGCAGCTGGTGA-1,3
TTTATGCAGGCTAGCA-1,1
TTTATGCGTAGGACCA-1,1
TTTATGCTCACACCGG-1,1
TTTATGCTCGTGTTCC-1,1
TTTCACAAGCTAGAAT-1,2
TTTCACAGTACCCACG-1,1
TTTCACAGTGTTGCCG-1,1
TTTCACATCAAGCTGT-1,2
TTTCACATCTACTGAG-1,1
TTTCACATCTCACTCG-1,2
TTTCAGTAGCGAAACC-1,1
TTTCAGTCAAACACGG-1,2
TTTCAGTTCATGAGAA-1,1
TTTCAGTTCCATTCAT-1,1
TTTCATGCAGTTGGTT-1,2
TTTCATGCATGAAAGT-1,1
TTTCATGGTTCCAAAC-1,2
TTTCATGTCTTAAGGC-1,2
TTTCCTCAGGATCACG-1,2
TTTCCTCCAATCGCAT-1,3
TTTCCTCGTAAGACCG-1,1
TTTCCTCGTTGTGCAT-1,2
TTTCCTCTCCATACAG-1,2
TTTCCTCTCGTGTGAT-1,1
TTTCCTCTCTCTCTTC-1,1
TTTCGATAGGTAGTCG-1,3
TTTCGATCAATACCCA-1,1
TTTCGATCACAGCCAC-1,3
TTTCGATGTCGAACAG-1,1
TTTCGATGTCGGCTAC-1,1
TTTCGATTCAACGAGG-1,2
TTTCGATTCATTTGGG-1,1
TTTCGATTCGGAATTC-1,2
TTTGACTGTAAGGCTG-1,1
TTTGACTGTAGCTCGC-1,1
TTTGACTGTCTCCCTA-1,3
TTTGACTGTTGTGCCG-1,2
TTTGATCAGACCATAA-1,3
TTTGATCCAAATGCTC-1,2
TTTGATCCAGGTAGTG-1,1
TTTGATCCATACGCAT-1,2
TTTGATCGTACTCGTA-1,3
TTTGATCGTATCCTTT-1,2
TTTGATCGTGGAGAAA-1,1
TTTGATCTCAAGCCCG-1,2
TTTGGAGAGGGTATAT-1,2
TTTGGAGCAGACAAGC-1,1
TTTGGAGTCCCGAACG-1,2
TTTGGAGTCGTGGTAT-1,1
TTTGGAGTCTGCTTAT-1,2
TTTGGTTAGAACAGGA-1,1
TTTGGTTAGCAGATAT-1,3
TTTGGTTCACTAGGCC-1,2
TTTGGTTCAGCTACCG-1,2
TTTGGTTCAGGACATG-1,1
TTTGGTTGTACAAGCG-1,3
TTTGGTTGTCGCAGTC-1,1
TTTGGTTTCAAAGGAT-1,2
TTTGTTGAGAACGTGC-1,2
TTTGTTGGTAGGAAAG-1,1
TTTGTTGGTGCAATGG-1,1
TTTGTTGTCAAACGTC-1,1
TTTGTTGTCGCGGACT-1,3
TTTGTTGTCGCTGTCT-1,1
TTTGTTGTCGTCCATC-1,2
TTTGTTGTCTGAGATC-1,2
