Barcode,Cluster
AAACCCAAGCTGAGCA-1,1
AAACCCAAGCTGTCCG-1,6
AAACCCACACAAATGA-1,7
AAACCCAGTATCTTCT-1,7
AAACCCAGTCGATTCA-1,4
AAACGAACAGGTTCGC-1,5
AAACGAAGTATTTCCT-1,2
AAACGAAGTCTTGAAC-1,3
AAACGAATCTCTGGTC-1,1
AAACGCTAGAGTGAAG-1,2
AAACGCTAGTCACTGT-1,6
AAAGAACAGAAACTGT-1,1
AAAGAACCAAAGGCGT-1,1
AAAGAACCACAAACGG-1,1
AAAGAACCAGTCAACT-1,7
AAAGAACCATTGTCGA-1,1
AAAGAACGTACCTAAC-1,2
AAAGAACGTCGGCTAC-1,3
AAAGAACGTTCAGCGC-1,6
AAAGAACTCAAACGAA-1,1
AAAGAACTCACATACG-1,4
AAAGAACTCTAGCATG-1,1
AAAGAACTCTGCCCTA-1,5
AAAGGATAGAAACTCA-1,6
AAAGGATCAAGCTACT-1,4
AAAGGATCACGCAAAG-1,2
AAAGGATGTACGGTTT-1,2
AAAGGATTCGGACCAC-1,4
AAAGGGCAGGAACGAA-1,5
AAAGGGCAGGTTACCT-1,3
AAAGGGCCAAACTAGA-1,7
AAAGGGCCAAATCAGA-1,3
AAAGGGCTCAATCTCT-1,4
AAAGGTACACGGTAGA-1,2
AAAGGTATCATACGGT-1,1
AAAGTCCAGTCGCTAT-1,4
AAAGTCCCAGGTCAAG-1,2
AAAGTCCGTAACGGTG-1,5
AAAGTCCGTTCCAAAC-1,1
AAAGTCCTCTGAGAGG-1,7
AAAGTGAAGACCAACG-1,2
AAAGTGAAGAGCCATG-1,1
AAAGTGAAGCTCTTCC-1,1
AAAGTGACAGGAATAT-1,5
AAAGTGAGTACGATGG-1,3
AAAGTGAGTCAGTTTG-1,2
AAAGTGAGTGTCGATT-1,5
AAAGTGATCACTGTTT-1,1
AAATGGACATGAAGCG-1,2
AAATGGAGTGAATGAT-1,2
AAATGGAGTGAGTAGC-1,3
AAATGGAGTTCGCGTG-1,3
AAATGGATCCTCACTG-1,7
AACAAAGAGATTGTGA-1,3
AACAAAGAGTTGCGCC-1,2
AACAAAGCACACCGAC-1,7
AACAAAGGTGGTTTAC-1,6
AACAAAGTCAAGAAAC-1,5
AACAAAGTCACGGAGA-1,2
AACAACCAGGAAGAAC-1,2
AACAACCAGGCTAACG-1,6
AACAACCCAGCAGTGA-1,2
AACAACCGTTTACGAC-1,2
AACAACCGTTTCTATC-1,1
AACAAGAAGAGCAGAA-1,7
AACAAGAAGGCATCAG-1,1
AACAAGAAGTAGAGTT-1,3
AACAAGAAGTTCATGC-1,2
AACAAGACACTGCATA-1,2
AACAAGACAGGAATAT-1,7
AACAAGAGTAATTAGG-1,6
AACAAGAGTGTTACAC-1,2
AACAAGAGTTATGACC-1,2
AACAAGATCGCCTATC-1,3
AACAAGATCGGTGTTA-1,3
AACACACCAGAGCTAG-1,2
AACAGGGAGACTAGAT-1,3
AACAGGGAGCGGATCA-1,3
AACAGGGAGCGTATGG-1,1
AACAGGGAGTTGCCTA-1,2
AACAGGGCAGAAGTTA-1,1
AACAGGGCAGCACAAG-1,1
AACAGGGGTCGACTTA-1,2
AACAGGGGTTAGAGAT-1,4
AACAGGGTCATTCACT-1,6
AACCAACAGCTGGCCT-1,1
AACCAACAGTAAGAGG-1,4
AACCAACGTCAAGGCA-1,5
AACCAACGTGGAAATT-1,5
AACCAACGTTGGCTAT-1,1
AACCAACTCGATGCAT-1,4
AACCACAAGCTCACTA-1,7
AACCACAGTGCGCTCA-1,3
AACCACAGTTGAGTCT-1,1
AACCATGAGGATATAC-1,1
AACCATGCAAACTCTG-1,3
AACCATGCATACTTTC-1,2
AACCATGCATGGGAAC-1,3
AACCATGGTCCGATCG-1,3
AACCATGGTTCAGTAC-1,2
AACCATGTCGGCTGGT-1,1
AACCCAAAGGTTCACT-1,1
AACCCAACAGACGGAT-1,3
AACCCAAGTGGGAGAG-1,2
AACCCAATCACTGATG-1,1
AACCCAATCCCATTCG-1,4
AACCTGAAGACCCTTA-1,4
AACCTGAAGCTAGTTC-1,3
AACCTGAGTACACTCA-1,4
AACCTGATCGTTAGTG-1,2
AACCTTTCACCGTACG-1,7
AACCTTTGTATCGCTA-1,1
AACCTTTGTCAACACT-1,6
AACCTTTGTTCCGCTT-1,2
AACCTTTGTTTCGTGA-1,2
AACGAAAAGATAGGGA-1,2
AACGAAAAGCCATCCG-1,1
AACGAAAAGTGATTCC-1,5
AACGAAACAATGCAAA-1,7
AACGAAACAGCTTCCT-1,1
AACGAAAGTGCGAACA-1,2
AACGAAAGTGTCCCTT-1,2
AACGAAATCAAAGAAC-1,3
AACGGGAAGCACTCAT-1,2
AACGGGAAGGGATCAC-1,4
AACGGGACAGTGTACT-1,3
AACGGGACATTCTCCG-1,2
AACGTCAAGGTCTTTG-1,1
AACGTCAAGTAAGGGA-1,2
AACGTCACAATTTCGG-1,1
AACGTCACACGGCGTT-1,1
AACGTCACACTACGGC-1,1
AACGTCACACTGTCCT-1,1
AACGTCACAGGCATTT-1,4
AACGTCACATTAGGCT-1,7
AACGTCAGTCGATTCA-1,6
AACGTCATCGGACGTC-1,2
AACGTCATCGGTAAGG-1,7
AACGTCATCTGGTTGA-1,2
AACTTCTCAAACGGCA-1,1
AACTTCTCACCGTCTT-1,1
AACTTCTGTACTCGAT-1,2
AACTTCTGTCTTGTCC-1,5
AACTTCTGTGCTGATT-1,1
AACTTCTTCACTCCGT-1,4
AACTTCTTCAGTCCGG-1,1
AACTTCTTCCTCTGCA-1,3
AACTTCTTCTACACTT-1,4
AACTTCTTCTGCCTCA-1,7
AAGAACACAATAACGA-1,4
AAGAACACAGATAAAC-1,1
AAGAACACAGTCAGAG-1,3
AAGAACACATTGCCGG-1,1
AAGAACAGTAAGCGGT-1,2
AAGACAAAGCTGCGAA-1,3
AAGACAAAGGAAACGA-1,3
AAGACAACATCGCTGG-1,1
AAGACAAGTCTCAAGT-1,5
AAGACTCAGATAACGT-1,1
AAGACTCAGCCTCAAT-1,6
AAGACTCAGCTGCCAC-1,2
AAGACTCAGTACGTCT-1,4
AAGACTCAGTTGAAAC-1,2
AAGACTCGTAGCGCCT-1,3
AAGACTCTCGGTCTAA-1,6
AAGATAGCAACATACC-1,4
AAGATAGTCTCCTGAC-1,6
AAGATAGTCTCTTAAC-1,6
AAGCATCAGACATCCT-1,2
AAGCATCAGATTGATG-1,3
AAGCATCAGCATAGGC-1,2
AAGCATCCAAGGCGTA-1,3
AAGCATCCAGATTCGT-1,7
AAGCATCCATACACCA-1,1
AAGCATCGTTAAAGTG-1,2
AAGCATCGTTTCAGAC-1,3
AAGCATCTCAAGCTGT-1,7
AAGCATCTCGGAAACG-1,3
AAGCATCTCGTGCATA-1,5
AAGCATCTCTATGTGG-1,3
AAGCCATAGGCTGAAC-1,3
AAGCCATCAGCGATTT-1,4
AAGCCATGTCAATGGG-1,7
AAGCCATGTGACTATC-1,1
AAGCCATGTTGCATTG-1,1
AAGCGAGAGATAACGT-1,3
AAGCGAGGTAGTTAGA-1,6
AAGCGAGTCAACTACG-1,6
AAGCGAGTCCGGTAAT-1,3
AAGCGAGTCCGTCACT-1,4
AAGCGAGTCTGCGTCT-1,3
AAGCGTTCAATACGCT-1,3
AAGCGTTGTTAGCGGA-1,2
AAGCGTTTCCGTGCGA-1,2
AAGGAATAGTCAGGGT-1,2
AAGGAATAGTGAGGCT-1,2
AAGGAATCAGACTGCC-1,1
AAGGAATCAGGCATTT-1,3
AAGGAATCATTCATCT-1,6
AAGGAATTCCACGGGT-1,5
AAGGAATTCCTTTGAT-1,3
AAGGTAAAGTTGCCTA-1,4
AAGGTAACACGAGGAT-1,3
AAGGTAACAGCGTGCT-1,2
AAGGTAACATATGAAG-1,2
AAGGTAACATTGCCTC-1,2
AAGGTAAGTCGTTTCC-1,5
AAGTACCAGATGATTG-1,1
AAGTACCCACAAATAG-1,6
AAGTACCCAGTTCTAG-1,2
AAGTACCTCATACGAC-1,1
AAGTACCTCCGTAGGC-1,2
AAGTACCTCCTTCGAC-1,7
AAGTCGTTCGTGTGGC-1,4
AAGTCGTTCTCAGGCG-1,3
AAGTCGTTCTTGCAAG-1,5
AAGTGAAAGGGTTAGC-1,1
AAGTGAAAGTACAACA-1,1
AAGTGAAAGTCGAAGC-1,5
AAGTGAACAATCGCGC-1,5
AAGTGAAGTCAAATCC-1,5
AAGTGAAGTTCACCGG-1,1
AAGTTCGAGATAGGGA-1,5
AAGTTCGCAACAGTGG-1,2
AAGTTCGCAAGTGTCT-1,3
AAGTTCGCAATGAGCG-1,3
AAGTTCGCAGAGGAAA-1,5
AAGTTCGCAGCCGTCA-1,2
AAGTTCGCATGACGGA-1,7
AAGTTCGGTCACTTCC-1,2
AAGTTCGTCGTCACCT-1,2
AAGTTCGTCTGTACAG-1,2
AATAGAGAGACTCAAA-1,4
AATAGAGAGGGCAATC-1,4
AATAGAGCAAGTCCCG-1,3
AATAGAGCAGAACTTC-1,5
AATAGAGCAGGAATAT-1,2
AATAGAGGTCAGTCGC-1,2
AATAGAGTCATTACTC-1,6
AATCACGCACAATGCT-1,1
AATCACGCACGACGCT-1,4
AATCACGGTAACATCC-1,1
AATCACGGTTCGAAGG-1,3
AATCACGGTTTCGTAG-1,2
AATCACGTCGAGAATA-1,3
AATCGACAGTCTGTAC-1,2
AATCGACCAGTAGTGG-1,2
AATCGACGTCGAACAG-1,2
AATCGACGTGTCTAAC-1,3
AATCGACTCGAGAGCA-1,2
AATCGTGAGTGTTCAC-1,3
AATCGTGCAAGTCCCG-1,5
AATCGTGCAGAGAGGG-1,1
AATCGTGTCAACACGT-1,3
AATGAAGAGAGGCGGA-1,3
AATGAAGCATGAATCC-1,4
AATGAAGGTCCCAAAT-1,5
AATGAAGGTGCACAAG-1,4
AATGAAGTCGGCTGTG-1,2
AATGACCGTACCTATG-1,5
AATGACCTCGCCTAGG-1,2
AATGACCTCGTAACTG-1,2
AATGCCAAGCGTCAGA-1,2
AATGCCACAAGACGAC-1,1
AATGCCACATGGTGGA-1,2
AATGCCATCAAGTAAG-1,6
AATGGAAAGGACGCTA-1,5
AATGGAAAGGTAAGGA-1,1
AATGGAACAACCGCTG-1,4
AATGGAACAACTCCAA-1,2
AATGGAACAAGAATAC-1,7
AATGGAAGTATCACGT-1,2
AATGGAATCGCTTAAG-1,1
AATGGCTAGAAACTAC-1,7
AATGGCTAGAGGACTC-1,1
AATGGCTAGGAAAGGT-1,2
AATGGCTAGGAACGCT-1,1
AATGGCTCACTGAATC-1,1
AATGGCTGTGTGAATA-1,4
AATGGCTTCGCTGACG-1,4
AATGGCTTCTCGGCTT-1,4
AATTCCTAGGATGCGT-1,3
AATTCCTCAGACTGCC-1,3
AATTCCTCAGTTCACA-1,7
AATTCCTCATTGGGAG-1,5
AATTCCTGTTTGGGAG-1,2
AATTCCTTCGCGCCAA-1,1
AATTCCTTCTGTCAGA-1,7
AATTTCCAGAAACTCA-1,6
AATTTCCAGAGCATTA-1,4
AATTTCCAGCCTATCA-1,1
AATTTCCAGTGTTGTC-1,3
AATTTCCCAACGCATT-1,1
AATTTCCGTATCGTGT-1,2
AATTTCCTCCGTATGA-1,1
AATTTCCTCGTCTCAC-1,3
AATTTCCTCTCTCGAC-1,3
AATTTCCTCTGACCCT-1,1
AATTTCCTCTTAAGGC-1,5
ACAAAGAAGTTATGGA-1,3
ACAAAGACATGACGGA-1,2
ACAAAGATCACTCTTA-1,6
ACAAAGATCATAGAGA-1,6
ACAAAGATCGATACAC-1,1
ACAAAGATCGCAGTGC-1,2
ACAACCAAGAGGCTGT-1,3
ACAACCACAATAGTCC-1,7
ACAACCACACATAACC-1,5
ACAAGCTAGAGGCGGA-1,3
ACAAGCTAGTTGGACG-1,1
ACAAGCTAGTTGGGAC-1,4
ACAAGCTCAATGTGGG-1,6
ACAAGCTTCAAACTGC-1,4
ACAAGCTTCACCATAG-1,2
ACAAGCTTCGGCCTTT-1,3
ACAAGCTTCTCCTGCA-1,7
ACACAGTAGGCGTCCT-1,1
ACACAGTAGGGACACT-1,1
ACACAGTAGGGCTGAT-1,3
ACACAGTAGGTAAGAG-1,1
ACACAGTAGTTCCGGC-1,1
ACACAGTCACTTGACA-1,2
ACACAGTTCCATTGCC-1,1
ACACAGTTCTAGAGCT-1,3
ACACCAAAGGGAGGCA-1,3
ACACCAAGTAGGTACG-1,3
ACACCAATCCCTCAAC-1,7
ACACCAATCGTCCTTG-1,4
ACACGCGAGAGGCTGT-1,2
ACACGCGAGAGTTGCG-1,5
ACACGCGAGGAACTCG-1,2
ACACGCGAGTAACCTC-1,7
ACACGCGCAAGCCATT-1,3
ACACGCGTCGCCACTT-1,4
ACACGCGTCTACTATC-1,2
ACACTGACAACCGACC-1,1
ACACTGACATGTGCTA-1,4
ACACTGAGTCACATTG-1,1
ACACTGATCAAGTGGG-1,3
ACACTGATCGCCACTT-1,1
ACACTGATCGTCAGAT-1,1
ACAGAAAAGATAGCTA-1,2
ACAGAAAAGCGTGAGT-1,2
ACAGAAACACCTCGTT-1,1
ACAGAAAGTATTTCGG-1,1
ACAGAAAGTCCAGGTC-1,1
ACAGAAAGTCGCCACA-1,5
ACAGAAAGTCTTTATC-1,3
ACAGCCGAGCCAACCC-1,4
ACAGCCGAGCTTGTTG-1,4
ACAGCCGAGTGCTCAT-1,5
ACAGCCGTCGCCACTT-1,1
ACAGCCGTCTATGCCC-1,7
ACAGCCGTCTCCTACG-1,1
ACAGGGAAGATAGCTA-1,3
ACAGGGAAGCTAAGTA-1,3
ACAGGGAAGGAAAGGT-1,3
ACAGGGACACTATCCC-1,1
ACAGGGACACTCTGCT-1,4
ACAGGGATCTAACGCA-1,5
ACAGGGATCTCTGCTG-1,3
ACAGGGATCTGTAACG-1,2
ACATCCCAGTGCACTT-1,6
ACATCCCCAAGAGAGA-1,2
ACATCCCCATTGCTGA-1,1
ACATCCCTCACTGCTC-1,3
ACATCGAAGTACTGTC-1,1
ACATCGAGTAAGCGGT-1,5
ACATCGAGTAGTCACT-1,5
ACATCGAGTCAATCTG-1,1
ACATCGAGTTATGGTC-1,2
ACATCGATCAGCGGAA-1,3
ACATCGATCTTGGATG-1,1
ACATGCAAGTTACGAA-1,5
ACATGCACAATTCACG-1,6
ACATGCAGTTCCGCGA-1,5
ACATGCAGTTGACTGT-1,6
ACATGCATCTGTTGGA-1,2
ACATTTCAGGTTAAAC-1,3
ACATTTCTCGCTGTCT-1,1
ACATTTCTCGGAACTT-1,3
ACCAAACCACGAGGTA-1,1
ACCAAACCACTGTGTA-1,4
ACCAAACGTAGTTCCA-1,2
ACCAAACGTCTTACAG-1,2
ACCAAACGTTGGAGAC-1,7
ACCAAACTCGCCTTTG-1,5
ACCAACAAGACAACTA-1,1
ACCAACAAGTCCTGCG-1,2
ACCAACACAGAACTTC-1,1
ACCAACAGTATTGGCT-1,7
ACCACAAAGTTGAATG-1,1
ACCACAACAAGTCGTT-1,2
ACCACAACACCATATG-1,6
ACCACAAGTGTCGCTG-1,2
ACCACAATCTATTGTC-1,6
ACCATTTAGAGGGTGG-1,4
ACCATTTCATTCACAG-1,5
ACCATTTGTATTGACC-1,1
ACCATTTGTCAGACTT-1,5
ACCATTTGTCCTTGTC-1,1
ACCATTTGTGCATTTG-1,4
ACCATTTTCGGTGTAT-1,5
ACCATTTTCTCTAGGA-1,5
ACCCAAAAGCTGTGCC-1,7
ACCCAAACAGTCTTCC-1,1
ACCCAAAGTCTTGTCC-1,2
ACCCAAATCTCCAAGA-1,2
ACCCTCAAGAAGGTAG-1,3
ACCCTCAAGCGTCGAA-1,3
ACCCTCAAGGTTACAA-1,2
ACCCTCAGTATCGCGC-1,1
ACCCTCATCAAGCTGT-1,6
ACCCTTGAGCTCATAC-1,2
ACCCTTGAGTCCCGAC-1,4
ACCGTTCGTAGACAAT-1,2
ACCGTTCGTTACAGCT-1,4
ACCTACCAGCGACTAG-1,5
ACCTACCAGGGTAGCT-1,2
ACCTACCGTCGTTTCC-1,3
ACCTACCGTTGCGGCT-1,2
ACCTACCTCAGCTGTA-1,4
ACCTACCTCCGTGTAA-1,6
ACCTACCTCGTTCATT-1,2
ACCTACCTCTTTCGAT-1,2
ACCTGAAAGCGACATG-1,5
ACCTGAACATGCAGGA-1,2
ACCTGAAGTCGCACAC-1,3
ACCTGAATCCTTTGAT-1,5
ACCTGTCAGCACTGGA-1,5
ACCTGTCAGGATCATA-1,2
ACCTGTCCACTATCGA-1,7
ACCTGTCTCATGCCAA-1,3
ACCTGTCTCCAGTTCC-1,6
ACGATCAAGTACCCTA-1,5
ACGATCACATAGAAAC-1,4
ACGATCATCATCCCGT-1,4
ACGATGTAGTGCTACT-1,2
ACGATGTAGTTTGGCT-1,3
ACGATGTCAGATCATC-1,3
ACGATGTGTATGGTTC-1,5
ACGATGTGTATTAAGG-1,1
ACGATGTGTCGTGGTC-1,5
ACGATGTGTTCCAAAC-1,4
ACGATGTTCTATACTC-1,4
ACGATGTTCTGCTTAT-1,2
ACGCACGCAAGTTGGG-1,1
ACGCACGCACCGTCGA-1,3
ACGCACGCAGAAATTG-1,1
ACGCACGTCGTGCACG-1,5
ACGCACGTCTCGACGG-1,6
ACGGAAGAGTCTAGAA-1,3
ACGGAAGCAGTAACAA-1,4
ACGGAAGTCATCGGGC-1,2
ACGGAAGTCGAATGCT-1,3
ACGGGTCGTATTGAGA-1,3
ACGGGTCGTCAACATC-1,2
ACGGGTCGTGCACATT-1,5
ACGGGTCGTGTTGATC-1,3
ACGGGTCTCATTGAGC-1,5
ACGGTCGAGAGTCAGC-1,2
ACGGTCGAGATAGTCA-1,2
ACGGTCGAGATCACCT-1,2
ACGGTCGCACTCACTC-1,6
ACGGTCGCAGCTCATA-1,3
ACGGTCGGTGGACTAG-1,3
ACGGTCGTCGATACAC-1,2
ACGGTCGTCGGTGCAC-1,1
ACGGTTAAGAGACAAG-1,5
ACGGTTACACTTACAG-1,4
ACGGTTATCACGGACC-1,1
ACGGTTATCAGACATC-1,2
ACGGTTATCAGTGTGT-1,2
ACGGTTATCTGTCGCT-1,2
ACGTAACAGGTCCCTG-1,6
ACGTAACAGTCTGGTT-1,2
ACGTAACCATATGGCT-1,7
ACGTAACCATGTGCTA-1,5
ACGTAACTCACCTTGC-1,1
ACGTAACTCAGACTGT-1,1
ACGTACAAGCAGAAAG-1,1
ACGTACAAGTTACGAA-1,5
ACGTACACACTAAACC-1,4
ACGTACAGTACGACTT-1,3
ACGTACATCAAAGGTA-1,2
ACGTACATCCTACCGT-1,7
ACGTACATCCTCACTG-1,3
ACGTACATCGGCCCAA-1,5
ACGTAGTAGCAGGCTA-1,3
ACGTAGTAGGCCCGTT-1,3
ACGTAGTAGGTCCTGC-1,1
ACGTAGTAGTCATGCT-1,4
ACGTAGTCACTACCGG-1,3
ACGTAGTGTTAATGAG-1,2
ACGTAGTTCTCCGCAT-1,1
ACGTCCTAGTCGAAGC-1,1
ACGTCCTCAATGGCAG-1,2
ACGTCCTCACCTATCC-1,7
ACGTCCTCAGTAGTGG-1,2
ACGTCCTGTACGAGCA-1,1
ACGTCCTGTATCAAGA-1,3
ACGTCCTGTCGTTCAA-1,5
ACGTCCTGTGAGTTGG-1,5
ACGTTCCAGTACTCGT-1,6
ACGTTCCAGTGGATAT-1,2
ACGTTCCGTACGCGTC-1,4
ACGTTCCGTCGCACAC-1,3
ACGTTCCGTGGTTCTA-1,3
ACGTTCCGTGTCGATT-1,5
ACGTTCCTCCTACACC-1,6
ACTACGAAGACTTAAG-1,5
ACTACGAAGAGGACTC-1,2
ACTACGAAGGCTCAAG-1,3
ACTACGAGTCACAGTT-1,6
ACTACGAGTCTGTCCT-1,1
ACTACGAGTTGAGAGC-1,1
ACTACGATCGGCGATC-1,3
ACTATCTAGCAGCCCT-1,6
ACTATCTCACGCTGCA-1,4
ACTATCTGTCAGTCTA-1,4
ACTATCTTCAAGATAG-1,7
ACTATCTTCAATCTCT-1,1
ACTATCTTCCGCACTT-1,1
ACTATGGAGAATTGTG-1,3
ACTATGGCAAGCGATG-1,2
ACTATGGCAAGTGACG-1,5
ACTATGGCAGGGAGAG-1,3
ACTATGGTCCTGATAG-1,6
ACTATGGTCGTGCACG-1,3
ACTATGGTCTGTGTGA-1,2
ACTATTCAGCGAGGAG-1,6
ACTATTCAGTAGTGCG-1,3
ACTATTCCAAACTCTG-1,1
ACTATTCGTAGCTGAG-1,1
ACTATTCGTTCCAGGC-1,1
ACTATTCTCCATCGTC-1,4
ACTATTCTCTTCGTAT-1,6
ACTCCCAAGCGCTGCT-1,1
ACTCCCAAGCTTAAGA-1,3
ACTCCCAAGGTAAAGG-1,2
ACTCCCAAGGTAGTAT-1,4
ACTCCCACAGGAGGTT-1,3
ACTCCCAGTCGGCACT-1,3
ACTCCCAGTTCTTCAT-1,4
ACTCCCATCAGTCTTT-1,6
ACTCTCGAGGTTCACT-1,3
ACTCTCGCACACACTA-1,1
ACTCTCGCAGCAGTGA-1,1
ACTCTCGCAGTCAGTT-1,2
ACTCTCGGTGTGTGGA-1,2
ACTCTCGGTTTGATCG-1,3
ACTCTCGTCACTGATG-1,5
ACTCTCGTCATACAGC-1,5
ACTCTCGTCTGGTGCG-1,1
ACTCTCGTCTTCCCAG-1,6
ACTGATGAGGCTCTAT-1,2
ACTGATGAGTTTGCTG-1,7
ACTGATGCATCCCACT-1,5
ACTGATGGTAATTGGA-1,3
ACTGATGTCCTCACTG-1,6
ACTGATGTCCTCAGAA-1,7
ACTGATGTCGCCGAGT-1,4
ACTGTCCAGAGCAGAA-1,1
ACTGTCCAGGATTTAG-1,3
ACTGTCCCATTGACCA-1,4
ACTGTCCGTAGAGATT-1,1
ACTGTCCGTAGCGTTT-1,5
ACTGTCCGTCTCACAA-1,7
ACTGTCCGTTTCACTT-1,1
ACTGTCCTCCTCAGGG-1,4
ACTGTCCTCTCAACGA-1,3
ACTGTGACAATACGCT-1,1
ACTGTGAGTACTGAGG-1,1
ACTGTGAGTAGGCAGT-1,3
ACTGTGAGTGTTCGTA-1,4
ACTGTGAGTTATCCAG-1,6
ACTGTGATCGCTGACG-1,6
ACTTAGGAGCCTCAAT-1,6
ACTTAGGAGCGGACAT-1,3
ACTTAGGAGTCTTCCC-1,3
ACTTAGGCAGCAGTAG-1,1
ACTTAGGGTATACAGA-1,1
ACTTAGGGTGTCCAAT-1,2
ACTTAGGGTGTGACCC-1,3
ACTTAGGGTTGCGTAT-1,1
ACTTAGGTCTTCCAGC-1,2
ACTTATCAGTGGTGGT-1,7
ACTTATCCACGACGAA-1,2
ACTTATCCACTAACCA-1,1
ACTTATCCATACAGGG-1,5
ACTTATCGTTTGCAGT-1,3
ACTTATCTCGCTCATC-1,1
ACTTATCTCGGACCAC-1,4
ACTTCCGAGATAACAC-1,5
ACTTCCGAGGAGATAG-1,5
ACTTCCGCATCGTGGC-1,3
ACTTCCGGTGCAGGAT-1,5
ACTTCCGTCGAGCCTG-1,1
ACTTCCGTCGCGTTTC-1,5
ACTTCCGTCGCTCCTA-1,4
ACTTCCGTCGGCTGTG-1,2
ACTTCGCAGAACTCCT-1,4
ACTTCGCAGTCTTCCC-1,1
ACTTCGCCACGACGTC-1,1
ACTTCGCCAGAGGACT-1,3
ACTTCGCGTACCAGAG-1,1
ACTTCGCGTACCGGCT-1,1
ACTTCGCGTAGCACGA-1,2
ACTTCGCGTGAACTAA-1,3
ACTTCGCGTGAGTAGC-1,5
ACTTTCAAGAGGTTAT-1,5
ACTTTCACACCTTCCA-1,1
ACTTTCAGTGTACAGG-1,4
ACTTTCAGTTCCGTTC-1,4
ACTTTCATCACAAGGG-1,1
ACTTTGTCAACTTCTT-1,4
ACTTTGTCATGACGAG-1,1
ACTTTGTGTATGTCAC-1,2
ACTTTGTGTGTTACTG-1,1
ACTTTGTTCAATCAGC-1,7
ACTTTGTTCCGCTTAC-1,1
ACTTTGTTCTGCGTCT-1,2
AGAAATGAGATGCGAC-1,3
AGAAATGCAACACAGG-1,2
AGAAATGGTCACTCAA-1,2
AGAAATGGTCCCAAAT-1,6
AGAAATGGTCGACTGC-1,5
AGAAATGGTCTCAGAT-1,1
AGAAATGTCAAATAGG-1,6
AGAAATGTCGTTCGCT-1,2
AGAAATGTCTAGCCTC-1,4
AGAACAAAGAACCGCA-1,2
AGAACAAGTAAGCAAT-1,1
AGAACAAGTATTGAGA-1,1
AGAACAAGTCAGCTTA-1,3
AGAACAAGTTGCATAC-1,5
AGAACAATCCCGTTGT-1,4
AGAACAATCTCCTGAC-1,4
AGAACCTAGAGGACTC-1,1
AGAACCTGTGCATACT-1,3
AGAACCTGTTGTGTTG-1,6
AGAACCTTCTCATGCC-1,7
AGAAGCGAGAAGTGTT-1,3
AGAAGCGAGGCGATAC-1,6
AGAAGCGAGTAAGGGA-1,2
AGAAGCGCATGATAGA-1,2
AGAAGCGGTGAGGAAA-1,3
AGAAGTAAGCAGCACA-1,2
AGAAGTACAAGAAATC-1,5
AGAAGTACACAAGCCC-1,4
AGAAGTACACCTTCCA-1,5
AGAAGTAGTGATCATC-1,5
AGAAGTATCAGACCCG-1,5
AGAAGTATCTGAGCAT-1,2
AGACAAAAGTAATCCC-1,3
AGACAAACAGTTGTTG-1,6
AGACAAAGTACGACAG-1,7
AGACAAAGTGGGTTGA-1,3
AGACAAATCTATGCCC-1,7
AGACACTAGCGACTGA-1,4
AGACACTAGCTCGCAC-1,4
AGACACTCAATAGTAG-1,3
AGACACTGTAACATAG-1,1
AGACACTGTATTCCTT-1,1
AGACACTGTGGCAACA-1,5
AGACACTTCCCTATTA-1,4
AGACAGGGTGGTCTCG-1,1
AGACAGGGTTCCACAA-1,6
AGACCATCATCATTTC-1,1
AGACCATCATTGCAAC-1,6
AGACCATGTATTGACC-1,1
AGACCATTCCTCACCA-1,1
AGACCATTCGCCGTGA-1,2
AGACCCGAGCACTGGA-1,4
AGACCCGAGCGATGCA-1,5
AGACCCGAGTAACGTA-1,4
AGACCCGCACGTTCGG-1,2
AGACCCGGTGCAAGAC-1,6
AGACCCGTCATCTATC-1,3
AGACCCGTCCCTCGAT-1,6
AGACTCAAGACGCCAA-1,4
AGACTCAAGAGAAGGT-1,5
AGACTCAAGCTGTCCG-1,2
AGACTCAGTAGTCTTG-1,3
AGACTCAGTTAATCGC-1,1
AGACTCAGTTACCTGA-1,5
AGACTCAGTTGGGTTT-1,2
AGACTCATCGGTGTTA-1,5
AGAGAATAGAGAATCT-1,2
AGAGAATCATTCAGGT-1,3
AGAGAATTCCGATAAC-1,2
AGAGAGCCACCAGTTA-1,3
AGAGAGCGTAGGGAGG-1,3
AGAGAGCTCATGCGGC-1,6
AGAGCAGAGATTGACA-1,2
AGAGCAGCATCGCTGG-1,3
AGAGCAGGTCGCAACC-1,3
AGAGCAGTCAGTGGGA-1,3
AGAGCCCAGATACTGA-1,2
AGAGCCCCACAGTCCG-1,2
AGAGCCCGTTCAGCTA-1,3
AGAGCCCTCCACTGGG-1,3
AGAGCCCTCGGACGTC-1,1
AGAGCCCTCGTCACCT-1,6
AGAGCCCTCTCATTAC-1,5
AGATAGAAGTATTAGG-1,3
AGATAGACACGTCGGT-1,4
AGATAGACATGCAGGA-1,4
AGATCCACAACCAGAG-1,3
AGATCCACAGGGACTA-1,6
AGATCCAGTTACGATC-1,2
AGATCCAGTTGAAGTA-1,1
AGATCGTCAGGTCTCG-1,2
AGATCGTGTGGGAGAG-1,3
AGATCGTGTTTCCATT-1,2
AGATCGTTCCTTTGAT-1,6
AGATGAAGTGGTCCGT-1,2
AGATGAATCCAACCGG-1,1
AGATGCTAGCAAACAT-1,6
AGATGCTCAAGGGCAT-1,3
AGATGCTCATGATCTG-1,5
AGATGCTGTAGGCTCC-1,7
AGATGCTGTCATAACC-1,4
AGATGCTGTGGTTTGT-1,4
AGATGCTGTTATCCAG-1,3
AGATGCTTCACTTGGA-1,3
AGATGCTTCAGGGTAG-1,2
AGCATCAAGATTGCGG-1,5
AGCATCAGTACGCTAT-1,5
AGCATCATCAAGGTGG-1,1
AGCATCATCCAGTGCG-1,2
AGCCAATAGACTTAAG-1,1
AGCCAATCACTGGAAG-1,3
AGCCAATCAGTGACCC-1,2
AGCCAATTCGCAAGAG-1,4
AGCCACGCACAAATGA-1,6
AGCCACGGTTGTGTAC-1,3
AGCCAGCAGCGAGGAG-1,3
AGCCAGCCAATGCAGG-1,1
AGCCAGCCAGCAATTC-1,2
AGCCAGCCAGCCATTA-1,1
AGCCAGCGTTGCCATA-1,1
AGCCAGCTCCCGTGAG-1,1
AGCCAGCTCTGTACAG-1,4
AGCGATTAGATTGCGG-1,3
AGCGATTAGGTTCTTG-1,3
AGCGATTAGGTTGACG-1,3
AGCGATTCACTGCATA-1,3
AGCGATTCATGGCTAT-1,3
AGCGATTGTCTAGTGT-1,3
AGCGATTGTGTCTTAG-1,3
AGCGATTTCCAGCTCT-1,3
AGCGCCAAGGTCGTAG-1,5
AGCGCCAAGTCATCCA-1,1
AGCGCCACATCCGCGA-1,4
AGCGCCATCGTGCACG-1,4
AGCGCCATCTATTTCG-1,1
AGCGCCATCTCTCGAC-1,4
AGCGCTGAGATGATTG-1,3
AGCGCTGCAACTCCCT-1,2
AGCGCTGCAATGGGTG-1,6
AGCGCTGGTCTTAGTG-1,2
AGCGCTGTCGGTTAGT-1,2
AGCGTATAGAATCCCT-1,4
AGCGTATAGAGCCCAA-1,7
AGCGTATAGCACTCCG-1,5
AGCGTATAGCGACATG-1,2
AGCGTATAGGGAGGGT-1,4
AGCGTATGTCATATGC-1,1
AGCGTATTCCGTAGGC-1,2
AGCGTATTCGTTGTAG-1,6
AGCGTATTCGTTGTGA-1,3
AGCGTCGAGGGCCAAT-1,3
AGCGTCGCACTGTCGG-1,3
AGCGTCGGTTCCTACC-1,3
AGCGTCGGTTTACTGG-1,4
AGCTACAAGGTGGGTT-1,3
AGCTACAAGTAACCGG-1,5
AGCTACACACAAGCTT-1,1
AGCTACACAGCAGAAC-1,4
AGCTACAGTATCGATC-1,1
AGCTACATCTCTCAAT-1,1
AGCTCAAGTAAGGCCA-1,1
AGCTCAATCATCAGTG-1,3
AGCTCAATCGTTGCCT-1,5
AGCTCAATCTCCGAGG-1,7
AGCTTCCAGAAATCCA-1,4
AGCTTCCAGGTATTGA-1,3
AGCTTCCGTCGTGCCA-1,4
AGCTTCCGTTGATGTC-1,1
AGCTTCCGTTGTTGAC-1,5
AGCTTCCTCCAGTTCC-1,1
AGCTTCCTCTTAGTTC-1,4
AGGAAATTCAGGTAAA-1,6
AGGAATAAGCTTCATG-1,7
AGGAATAAGTTGTAAG-1,2
AGGAATAAGTTGTAGA-1,3
AGGAATACAAATGAAC-1,3
AGGAATACAACATCGT-1,6
AGGAATACAACTGCCG-1,5
AGGAATACAGGACGAT-1,5
AGGAATACAGTATGAA-1,4
AGGAATACATCTTTCA-1,2
AGGAATACATGTCAGT-1,1
AGGAATAGTATACCTG-1,2
AGGAATAGTGCTGTCG-1,2
AGGAATATCCACACCT-1,1
AGGAATATCGTAACAC-1,3
AGGACGAAGAACCGCA-1,5
AGGACGAAGGTACATA-1,1
AGGACGACACACCTTC-1,1
AGGACGACACGCTGAC-1,6
AGGACGAGTAGATCCT-1,6
AGGACGAGTAGCCCTG-1,1
AGGACTTAGTACAGCG-1,1
AGGACTTCACCCTTGT-1,3
AGGACTTCAGACGGAT-1,2
AGGACTTCAGTTTCAG-1,3
AGGACTTGTCTCAGGC-1,6
AGGACTTTCAAGAGTA-1,3
AGGACTTTCCCAATAG-1,2
AGGACTTTCGAGAGAC-1,4
AGGAGGTAGCCTTCTC-1,2
AGGAGGTAGTCCCAGC-1,1
AGGAGGTCAAGTAGTA-1,1
AGGAGGTCACCTGCGA-1,4
AGGAGGTCACTCCCTA-1,1
AGGAGGTCATTGGGAG-1,5
AGGAGGTGTGTTCGTA-1,3
AGGAGGTGTTTGGAAA-1,2
AGGATAAAGAAACACT-1,5
AGGATAAAGGTAATCA-1,3
AGGATAACAAGACAAT-1,5
AGGATAATCAGACTGT-1,2
AGGATAATCTGGACTA-1,1
AGGATCTAGTTGCCTA-1,3
AGGATCTGTCGTTTCC-1,2
AGGATCTGTTCCCAAA-1,2
AGGATCTGTTGTGCAT-1,2
AGGATCTGTTTCTTAC-1,6
AGGATCTGTTTGAAAG-1,5
AGGATCTTCACCCTTG-1,1
AGGATCTTCCGAGCTG-1,2
AGGCATTAGAGAATCT-1,4
AGGCATTAGTAGGATT-1,4
AGGCATTCAGGCTACC-1,7
AGGCATTCATGATAGA-1,2
AGGCATTGTACTGAGG-1,3
AGGCATTGTAGGGAGG-1,3
AGGCATTGTATGTCCA-1,5
AGGCATTGTTACCTTT-1,3
AGGCATTGTTGCATTG-1,2
AGGCATTTCCAAACCA-1,2
AGGCATTTCGGCATCG-1,3
AGGCCACAGAAGCGCT-1,2
AGGCCACCAAGATGTA-1,4
AGGCCACCAGTATACC-1,1
AGGCCACGTTAAGAAC-1,4
AGGCCACTCCTTATCA-1,6
AGGCTGCAGACGCCAA-1,5
AGGCTGCAGGACTTCT-1,2
AGGCTGCAGTCGCCCA-1,3
AGGCTGCCAAGAAATC-1,1
AGGCTGCGTAGATCGG-1,3
AGGCTGCGTATACCCA-1,2
AGGCTGCGTGGACTGA-1,3
AGGCTGCGTTCTAACG-1,4
AGGCTGCTCAGACTGT-1,5
AGGCTGCTCCCTTGGT-1,4
AGGCTGCTCTCTGGTC-1,1
AGGGAGTTCAGATGCT-1,2
AGGGAGTTCGGCGATC-1,1
AGGGCCTGTATCACCA-1,3
AGGGCCTTCCTTGACC-1,2
AGGGCTCAGCCGTAAG-1,1
AGGGCTCCACCGCTAG-1,3
AGGGCTCGTATCGCTA-1,3
AGGGCTCGTGGTTCTA-1,3
AGGGCTCTCATACGGT-1,1
AGGGCTCTCCGATAAC-1,2
AGGGCTCTCGACGTCG-1,2
AGGGTCCAGTGTAGTA-1,2
AGGGTCCTCATTTCGT-1,4
AGGGTGAAGAATCCCT-1,2
AGGGTGACATGTTCAG-1,1
AGGGTGAGTAACAGGC-1,4
AGGGTGAGTAGAATAC-1,3
AGGGTGAGTTCGCGTG-1,5
AGGGTGATCGATCCCT-1,3
AGGGTTTAGGAACTCG-1,2
AGGGTTTCATTGAAGA-1,5
AGGGTTTTCATGCAGT-1,4
AGGTAGGAGATGAAGG-1,5
AGGTAGGAGGCACCAA-1,2
AGGTAGGAGTGTTGAA-1,4
AGGTAGGCACATACGT-1,2
AGGTAGGCAGTTAGGG-1,3
AGGTAGGGTCTGGTTA-1,5
AGGTAGGGTGGAACCA-1,1
AGGTAGGGTTGTGGAG-1,2
AGGTCATAGCGTCGAA-1,4
AGGTCATAGTCGGCCT-1,2
AGGTCATCAGCAGAAC-1,6
AGGTCATGTATGAGAT-1,2
AGGTCATGTTGTAAAG-1,2
AGGTCTAAGGATGCGT-1,3
AGGTCTAGTCAATGGG-1,4
AGGTCTAGTCTTCGAA-1,1
AGGTCTATCCCTTGTG-1,2
AGGTCTATCGTAGTGT-1,5
AGGTCTATCTTTGCGC-1,5
AGGTGTTAGATGCTTC-1,6
AGGTGTTAGTCTTCGA-1,4
AGGTGTTCACTACACA-1,4
AGGTGTTGTCTTTCTA-1,4
AGGTGTTGTTCTCCTG-1,2
AGGTGTTGTTGGGAAC-1,2
AGGTTACGTAACACCT-1,1
AGGTTACGTACCATAC-1,4
AGGTTACGTAGATCGG-1,3
AGGTTACGTTCAAGGG-1,5
AGGTTACTCATTTGTC-1,3
AGGTTACTCGTGACTA-1,7
AGGTTACTCTGATGGT-1,5
AGGTTGTAGAAGTCCG-1,2
AGGTTGTAGTCTCCTC-1,4
AGGTTGTAGTCTGCGC-1,6
AGGTTGTGTCGTGGTC-1,3
AGGTTGTGTGTTTCTT-1,4
AGGTTGTTCACACCCT-1,2
AGTAACCAGACAACAT-1,3
AGTAACCCAATAGAGT-1,2
AGTAACCCAGCTGCCA-1,3
AGTAACCTCTATTTCG-1,3
AGTAACCTCTTAAGGC-1,2
AGTACCAAGCACCAGA-1,4
AGTACCACAACGACAG-1,4
AGTACCACAAGGTTGG-1,5
AGTACCAGTGCACAAG-1,3
AGTACCAGTGGAATGC-1,2
AGTACTGAGCGAACTG-1,1
AGTACTGAGGTTGAGC-1,5
AGTACTGAGTAGAGTT-1,1
AGTACTGTCATTATCC-1,2
AGTACTGTCTGGGATT-1,3
AGTACTGTCTTCGTAT-1,6
AGTACTGTCTTGGCTC-1,4
AGTAGCTAGCGTACAG-1,5
AGTAGCTAGGTAAGGA-1,5
AGTAGCTCAGAGAATT-1,3
AGTAGCTCATTGAGCT-1,3
AGTAGCTTCAACCCGG-1,4
AGTAGCTTCACCTACC-1,5
AGTAGCTTCCCATTCG-1,2
AGTAGTCAGACTGGGT-1,5
AGTAGTCAGCTAAATG-1,1
AGTAGTCAGCTACTAC-1,1
AGTAGTCAGTTAACAG-1,3
AGTAGTCGTCGACGCT-1,3
AGTAGTCGTGTATACC-1,4
AGTAGTCGTTGCATTG-1,2
AGTCAACAGACATGCG-1,1
AGTCAACAGGCGTTAG-1,2
AGTCAACAGGTACATA-1,4
AGTCAACAGTAATTGG-1,2
AGTCAACGTATAGCTC-1,2
AGTCAACGTTACGGAG-1,6
AGTCAACTCCCTGGTT-1,4
AGTCACAAGAACAAGG-1,2
AGTCACAAGCCATGCC-1,1
AGTCACAGTACCATAC-1,5
AGTCACAGTTCTTGTT-1,1
AGTCACATCGGCTTCT-1,3
AGTCATGAGGAAGTCC-1,2
AGTCATGAGTAGAATC-1,1
AGTCATGGTGAATAAC-1,2
AGTCATGTCTCCGTGT-1,5
AGTCTCCAGCTGTTCA-1,6
AGTCTCCAGGTAACTA-1,6
AGTCTCCCAAGTCCAT-1,6
AGTCTCCGTCCAAATC-1,2
AGTCTCCGTGACTCGC-1,3
AGTCTCCTCGCCCAGA-1,3
AGTGACTAGACCCTTA-1,2
AGTGACTGTTAGGAGC-1,1
AGTGACTTCATGCGGC-1,3
AGTGACTTCTCTTCAA-1,1
AGTGATCAGGTTCATC-1,1
AGTGATCGTCACAGTT-1,1
AGTGATCGTCAGCTTA-1,3
AGTGATCGTCCAATCA-1,4
AGTGATCGTCCAGCAC-1,2
AGTGATCTCTCGCCTA-1,2
AGTGCCGAGGACAGTC-1,6
AGTGCCGCACTTCCTG-1,4
AGTGCCGGTCCGAAAG-1,3
AGTGTTGAGTCGAAGC-1,7
AGTGTTGGTTGAATCC-1,4
AGTGTTGTCATGCGGC-1,7
AGTTAGCCAATTTCCT-1,4
AGTTAGCCACGTACAT-1,2
AGTTAGCCAGGACGAT-1,2
AGTTAGCCAGTATTCG-1,6
AGTTAGCCATCGAGCC-1,2
AGTTAGCTCAACTTTC-1,6
AGTTAGCTCCCATAGA-1,2
AGTTAGCTCGACGCTG-1,3
AGTTCCCGTAGGCAAC-1,2
AGTTCGAGTCCTCCTA-1,2
AGTTCGAGTGCCTATA-1,5
AGTTCGAGTGCCTTCT-1,4
AGTTCGATCCGCAAAT-1,1
AGTTCGATCCTAGCGG-1,1
ATACCGACATCCGGTG-1,2
ATACCGATCGTAGAGG-1,2
ATACCGATCTCCTACG-1,1
ATACCTTAGCTAATCC-1,1
ATACCTTCAAGAAATC-1,3
ATACCTTCAGGACATG-1,2
ATACCTTGTGCCAAGA-1,6
ATACCTTGTTGCGAAG-1,1
ATACCTTTCACCGCTT-1,2
ATACCTTTCGGACCAC-1,1
ATACCTTTCTCCAATT-1,4
ATACTTCAGAGAGTTT-1,3
ATACTTCAGCACCCAC-1,3
ATACTTCAGGCGAAGG-1,2
ATACTTCCAGTAGTGG-1,1
ATACTTCGTACACGCC-1,1
ATACTTCGTACAGCGA-1,3
ATAGACCAGAAACTGT-1,2
ATAGACCGTAGGGTAC-1,3
ATAGACCTCCCAGCGA-1,7
ATAGACCTCCGTACGG-1,2
ATAGAGACAAAGGCGT-1,5
ATAGAGACAGTATTCG-1,4
ATAGAGACATCAACCA-1,2
ATAGAGACATGCCATA-1,5
ATAGGCTCATGACAAA-1,1
ATAGGCTGTGTGAATA-1,3
ATAGGCTGTTGGAGGT-1,6
ATAGGCTTCCTCTTTC-1,6
ATATCCTAGACATACA-1,1
ATATCCTAGCAGCACA-1,1
ATATCCTAGCTCGCAC-1,1
ATATCCTCATGTTCAG-1,6
ATATCCTGTCCTGTTC-1,4
ATATCCTGTCGACTGC-1,5
ATATCCTGTTCCGCAG-1,1
ATATCCTTCATGCATG-1,1
ATATCCTTCATGCTAG-1,1
ATATCCTTCCAACCAA-1,5
ATATCCTTCCACAGCG-1,6
ATATCCTTCCATCTGC-1,3
ATATCCTTCTAGCCAA-1,2
ATCACAGCAAAGAACT-1,1
ATCACAGGTGACTAAA-1,6
ATCACAGGTGACTCTA-1,3
ATCACAGTCCATAAGC-1,1
ATCACAGTCGCTGATA-1,3
ATCACGACAAAGTATG-1,1
ATCACGACAAGTAGTA-1,3
ATCACGAGTCGGAAAC-1,3
ATCACGATCTTCTGGC-1,2
ATCACTTAGAACAAGG-1,2
ATCACTTAGTTCTCTT-1,1
ATCACTTTCGAAGGAC-1,1
ATCACTTTCTGAACGT-1,1
ATCACTTTCTGCTCTG-1,1
ATCAGGTAGCAACTTC-1,2
ATCAGGTAGCCTCAAT-1,7
ATCAGGTCACCCATAA-1,1
ATCATTCAGTTCCGTA-1,7
ATCATTCTCAAGTCTG-1,7
ATCATTCTCCCATTTA-1,4
ATCCACCGTCGAGTGA-1,3
ATCCACCGTGACCGTC-1,1
ATCCACCTCGGAGCAA-1,5
ATCCACCTCTCCAAGA-1,6
ATCCATTAGAAACACT-1,7
ATCCATTAGACAACAT-1,1
ATCCATTCAACATCGT-1,2
ATCCATTGTGGCAACA-1,3
ATCCATTGTTCCGTTC-1,4
ATCCATTGTTCGATTG-1,5
ATCCCTGCACAAGCCC-1,1
ATCCCTGCAGAGACTG-1,2
ATCCCTGGTCATCGGC-1,3
ATCCCTGGTTGCTCAA-1,5
ATCCCTGTCATATGGC-1,5
ATCCGTCAGTCATGGG-1,2
ATCCGTCCAAGGGTCA-1,7
ATCCGTCCACGCTTAA-1,1
ATCCGTCCAGAGCTAG-1,4
ATCCGTCCATCAGTCA-1,5
ATCCGTCCATGGCGCT-1,1
ATCCGTCGTGCCTATA-1,3
ATCCGTCTCACCTTAT-1,4
ATCCGTCTCCGTTTCG-1,1
ATCCTATAGGGAACAA-1,1
ATCCTATGTCTACACA-1,3
ATCCTATTCCGTGGGT-1,4
ATCGATGAGCGACATG-1,2
ATCGATGAGTAATTGG-1,2
ATCGATGCACCGAATT-1,1
ATCGATGCATTGCCTC-1,3
ATCGATGGTCATCTAG-1,5
ATCGATGTCCAAGCTA-1,4
ATCGATGTCCTCTGCA-1,1
ATCGATGTCTAGCCTC-1,1
ATCGCCTCAACAGAGC-1,2
ATCGCCTCACCAGGTC-1,1
ATCGCCTGTGGTCCGT-1,7
ATCGCCTGTGTGTCCG-1,4
ATCGCCTTCAATCAGC-1,4
ATCGGATAGATTCGAA-1,2
ATCGGATAGCCTCTCT-1,6
ATCGGATAGGTCCTGC-1,5
ATCGGATCAACGAGGT-1,6
ATCGGATCAAGTGGGT-1,2
ATCGGATCAATAGTAG-1,4
ATCGGATTCACGTCCT-1,2
ATCGGATTCCTGCCAT-1,4
ATCGGCGCAAGATTGA-1,2
ATCGGCGTCACCTGGG-1,4
ATCGGCGTCATGTCTT-1,3
ATCGGCGTCGCCCAGA-1,1
ATCGTAGAGGTTCTAC-1,1
ATCGTAGAGTCCTACA-1,1
ATCGTAGGTCCAAGAG-1,6
ATCGTAGGTTGTGTAC-1,7
ATCGTCCAGACCTCAT-1,1
ATCGTCCAGCCATATC-1,1
ATCGTCCAGGTCGACA-1,4
ATCGTCCAGTATGAAC-1,2
ATCGTCCCATGCCATA-1,5
ATCGTCCCATGTGGCC-1,1
ATCGTCCGTACAGAGC-1,2
ATCGTCCGTACGGGAT-1,4
ATCGTCCGTAGGAGTC-1,2
ATCGTGAAGAGTCAAT-1,4
ATCGTGACACCTCAGG-1,7
ATCGTGACACCTGCTT-1,3
ATCGTGACATACCACA-1,3
ATCGTGACATCCGTGG-1,1
ATCGTGAGTCGAAACG-1,6
ATCGTGAGTTTCAGAC-1,3
ATCGTGATCTTTGATC-1,1
ATCTCTAAGAGACAAG-1,6
ATCTCTAAGCTAGATA-1,5
ATCTCTAAGGCGTTGA-1,3
ATCTCTACACCGCTAG-1,2
ATCTCTAGTACCGTGC-1,7
ATCTCTAGTTCCTACC-1,7
ATCTCTAGTTCGAAGG-1,4
ATCTCTATCACTGTCC-1,4
ATCTCTATCTGTAACG-1,1
ATCTCTATCTTCGACC-1,6
ATCTTCAAGCACACAG-1,1
ATCTTCAAGCGACTTT-1,3
ATCTTCAAGCTGTTCA-1,3
ATCTTCAAGGTCTTTG-1,1
ATCTTCAGTAGTCGTT-1,2
ATCTTCAGTCAGGTAG-1,1
ATCTTCAGTGGGCTCT-1,1
ATCTTCATCCATGATG-1,7
ATCTTCATCTTGCGCT-1,4
ATGAAAGAGACGCAGT-1,2
ATGAAAGCAACTTGCA-1,6
ATGAAAGGTTGTTGTG-1,3
ATGAAAGTCACTGATG-1,1
ATGAAAGTCCGAGATT-1,1
ATGAAAGTCTTGGCTC-1,2
ATGACCAAGCACGGAT-1,3
ATGACCAAGGTGATAT-1,5
ATGACCACAAGGACAC-1,4
ATGACCACAGAGTTGG-1,4
ATGACCAGTAGTAAGT-1,3
ATGACCAGTAGTCTTG-1,6
ATGACCAGTCCGATCG-1,7
ATGACCAGTCGAGCAA-1,5
ATGACCAGTTACCCTC-1,5
ATGACCAGTTTGGAGG-1,4
ATGACCATCGCTTAAG-1,3
ATGACCATCTGTCGCT-1,1
ATGAGGGAGGGATCTG-1,2
ATGAGGGCAACTTGGT-1,1
ATGAGGGCATCACGGC-1,7
ATGAGTCCAGATCACT-1,1
ATGAGTCGTAGGTAGC-1,2
ATGAGTCGTCGACTGC-1,4
ATGAGTCGTGTGACCC-1,3
ATGAGTCTCACTTGGA-1,2
ATGAGTCTCCTACACC-1,7
ATGATCGAGCACCCAC-1,4
ATGATCGAGTATTGCC-1,1
ATGATCGAGTTGTCGT-1,2
ATGATCGGTCATAAAG-1,2
ATGATCGGTGGTCTCG-1,3
ATGATCGTCAGCAATC-1,3
ATGATCGTCATCTATC-1,4
ATGCATGAGGACAAGA-1,3
ATGCATGCACTCATAG-1,4
ATGCATGGTAGACAAT-1,7
ATGCATGGTAGTCTGT-1,6
ATGCATGGTTTACTGG-1,2
ATGCATGTCGCGTAGC-1,5
ATGCCTCAGAGTCCGA-1,1
ATGCCTCAGGACAACC-1,1
ATGCCTCCACGACGCT-1,2
ATGCCTCCACGTAGTT-1,6
ATGCCTCCACGTATAC-1,7
ATGCCTCGTGAGATTA-1,5
ATGCCTCGTTGTATGC-1,4
ATGCCTCGTTTAGTCG-1,3
ATGCCTCTCACAAGGG-1,5
ATGCGATCAATCGTCA-1,7
ATGCGATGTTTGTGGT-1,6
ATGGAGGAGACCTTTG-1,1
ATGGAGGAGATGACAT-1,2
ATGGAGGCAACCGGAA-1,2
ATGGAGGCACACTGGC-1,7
ATGGAGGCAGTCCCGA-1,3
ATGGAGGGTCCAAATC-1,4
ATGGAGGGTGTACATC-1,2
ATGGAGGTCCTAGCTC-1,3
ATGGAGGTCTCCATAT-1,6
ATGGATCAGATGGCGT-1,2
ATGGATCCACATTCTT-1,4
ATGGATCCAGCTGAAG-1,1
ATGGATCCATGTCTAG-1,2
ATGGATCGTGTGCTTA-1,3
ATGGATCTCCACTTCG-1,1
ATGGATCTCCCTTCCC-1,7
ATGGGAGAGAGTGTTA-1,2
ATGGGAGAGCTCGACC-1,5
ATGGGAGCACCCAAGC-1,3
ATGGGAGGTACGCTAT-1,2
ATGGGAGGTAGTAAGT-1,3
ATGGGAGGTTACGATC-1,7
ATGGGAGTCCTTCTTC-1,3
ATGGGAGTCTACCTTA-1,5
ATGGGTTAGAAGTATC-1,4
ATGGGTTCACTGCGAC-1,3
ATGGGTTCACTGTCGG-1,3
ATGGGTTCATAAGCAA-1,2
ATGGGTTGTGATTAGA-1,2
ATGGGTTTCCTACCAC-1,2
ATGGTTGAGCACCGTC-1,3
ATGGTTGAGGGAGGCA-1,4
ATGGTTGCAAGAGTAT-1,2
ATGGTTGCAGCGAGTA-1,2
ATGGTTGGTAGACGGT-1,7
ATGGTTGGTTCCGTTC-1,1
ATGGTTGTCAAAGCCT-1,3
ATGGTTGTCGAGAAAT-1,5
ATGGTTGTCTCCTGAC-1,1
ATGGTTGTCTCTCTAA-1,2
ATGTCCCCATACATCG-1,2
ATGTCCCGTAGTGCGA-1,5
ATGTCCCGTGGGTCAA-1,1
ATGTCCCGTGTACGCC-1,5
ATGTCCCTCGGTTCAA-1,7
ATGTCCCTCGTCGCTT-1,2
ATGTCCCTCTGGTGCG-1,7
ATGTCTTAGAGGCTGT-1,3
ATGTCTTCAAACTCGT-1,1
ATGTCTTCACTACCCT-1,1
ATGTCTTCAGCGGATA-1,1
ATGTCTTCATACTGTG-1,5
ATGTCTTCATGACTCA-1,4
ATGTCTTCATGTGGTT-1,2
ATGTCTTGTTGCATCA-1,4
ATGTCTTTCACACGAT-1,6
ATGTCTTTCGTCGCTT-1,2
ATTACCTAGCTAGTTC-1,2
ATTACCTCACGGTGAA-1,1
ATTACCTGTCACTTCC-1,4
ATTACCTGTCAGCTTA-1,5
ATTACCTGTTCAATCG-1,1
ATTACTCAGGAGGTTC-1,6
ATTACTCCAGGGAGAG-1,2
ATTACTCCAGGTATGG-1,2
ATTACTCCATATACCG-1,1
ATTACTCTCGCTGACG-1,3
ATTACTCTCTTAGCAG-1,2
ATTATCCAGATGACAT-1,5
ATTATCCCAGCGGATA-1,5
ATTATCCCATAGACTC-1,3
ATTATCCGTGGGTTGA-1,4
ATTATCCTCAGCCCAG-1,3
ATTCACTAGTGAATAC-1,1
ATTCACTCAATAGTGA-1,3
ATTCACTCACGACAGA-1,1
ATTCACTGTCGACTGC-1,1
ATTCACTTCACACCGG-1,6
ATTCACTTCTGCTTTA-1,1
ATTCACTTCTTTCCGG-1,4
ATTCAGGAGGGATCGT-1,5
ATTCAGGGTCCGGATC-1,3
ATTCATCAGTAAACTG-1,1
ATTCATCAGTAGCTCT-1,2
ATTCATCAGTTTGGCT-1,1
ATTCATCGTGGATACG-1,3
ATTCATCTCCTTATGT-1,4
ATTCATCTCGGCATCG-1,4
ATTCCATCAACTTCTT-1,5
ATTCCATCACCAGCCA-1,2
ATTCCATGTGAGGCAT-1,3
ATTCCATGTTCGAACT-1,2
ATTCCATTCACTTGGA-1,1
ATTCCCGAGGCTTTCA-1,1
ATTCCCGAGTTGAATG-1,5
ATTCCCGGTACGCTTA-1,3
ATTCCCGGTGATGGCA-1,3
ATTCCCGGTGTACAGG-1,2
ATTCCCGGTTAAGTCC-1,7
ATTCCTAAGAGTTCGG-1,5
ATTCCTAAGGGTATAT-1,2
ATTCCTACAAAGACTA-1,7
ATTCCTACATAGGAGC-1,4
ATTCCTACATGCCGAC-1,4
ATTCCTACATGTAACC-1,6
ATTCCTATCGCGCCAA-1,4
ATTCGTTAGGAGAATG-1,5
ATTCGTTAGGCGTCCT-1,5
ATTCGTTCACCATATG-1,6
ATTCGTTCACGCAGTC-1,1
ATTCGTTCACTTGAGT-1,4
ATTCGTTGTTTAGAGA-1,3
ATTCGTTTCAAAGACA-1,1
ATTCGTTTCGGCTGGT-1,2
ATTCGTTTCGTCAACA-1,1
ATTCTACAGGGCATGT-1,2
ATTCTACAGGTTCCGC-1,4
ATTCTACCACGTTCGG-1,3
ATTCTACGTCATGACT-1,6
ATTCTACGTCCTCCTA-1,6
ATTCTACGTGAACTAA-1,1
ATTCTTGAGCTCGACC-1,1
ATTCTTGCAAGCAATA-1,6
ATTCTTGGTGAGAGGG-1,1
ATTCTTGTCGTTAGAC-1,1
ATTGGGTAGGCTGGAT-1,2
ATTGGGTAGGTCATCT-1,2
ATTGGGTAGTTACGGG-1,3
ATTGGGTCAGGCTCTG-1,2
ATTGGGTGTCGAACAG-1,5
ATTGGGTTCGGCTGTG-1,1
ATTGTTCCAGTATGAA-1,2
ATTGTTCCATTGACAC-1,1
ATTGTTCGTCGATTTG-1,4
ATTGTTCGTTAGTTCG-1,5
ATTGTTCGTTCGTAAC-1,4
ATTGTTCGTTTGGAAA-1,2
ATTGTTCTCTCGTTTA-1,6
ATTTACCCATCGTTCC-1,4
ATTTACCGTACAGAGC-1,2
ATTTACCGTTATGGTC-1,5
ATTTACCGTTGCATCA-1,1
ATTTACCTCCCGAGGT-1,6
ATTTACCTCCTCTCTT-1,1
ATTTACCTCTGCTCTG-1,6
ATTTCACAGCGTTCAT-1,4
ATTTCACAGTAACCGG-1,2
ATTTCACCAAGTAGTA-1,2
ATTTCACTCTCCGTGT-1,4
ATTTCTGAGAGGGTAA-1,4
ATTTCTGAGGCACCAA-1,5
ATTTCTGAGTAGACAT-1,6
ATTTCTGAGTCCGCCA-1,6
ATTTCTGCATAGTCAC-1,7
ATTTCTGTCTGGTCAA-1,1
CAAAGAAAGGAAACGA-1,5
CAAAGAACACTAGGTT-1,2
CAAAGAACATGTAACC-1,5
CAAAGAAGTCGATTTG-1,5
CAAAGAAGTGACCGAA-1,1
CAAAGAATCCATACAG-1,7
CAAAGAATCTCATTTG-1,6
CAACAACCAGAGGCAT-1,1
CAACAACGTAGGCAAC-1,1
CAACAACGTTGGGCCT-1,5
CAACAACTCCTCCACA-1,1
CAACAACTCGTGCAGC-1,6
CAACAACTCGTTTACT-1,5
CAACAGTAGGAGAATG-1,1
CAACAGTCACTGGATT-1,6
CAACAGTGTCTTGCGG-1,5
CAACCAACACCACATA-1,1
CAACCAACAGACATCT-1,1
CAACCAACAGTCAGTT-1,1
CAACCTCAGACGGTCA-1,6
CAACCTCAGAGCAGTC-1,4
CAACCTCAGCGTACAG-1,1
CAACCTCAGGGAGGTG-1,1
CAACCTCAGTATGATG-1,2
CAACCTCTCATCTACT-1,3
CAACGATAGATAGGGA-1,3
CAACGATAGCTCACTA-1,2
CAACGATGTTAGGCTT-1,3
CAACGATTCCGATGTA-1,6
CAACGATTCTAGGCCG-1,5
CAACGGCAGAGTTGCG-1,2
CAACGGCAGATAGTCA-1,5
CAACGGCAGCACGATG-1,3
CAACGGCGTCATCCGG-1,5
CAACGGCTCGGTGCAC-1,3
CAAGACTAGCAAATGT-1,1
CAAGACTAGGATTTCC-1,5
CAAGACTAGTTAACGA-1,5
CAAGACTGTACTAAGA-1,1
CAAGACTTCCACGAAT-1,4
CAAGAGGAGAACCCGA-1,5
CAAGAGGAGGATACGC-1,5
CAAGAGGAGGCTATCT-1,4
CAAGAGGCAGGTACGA-1,1
CAAGAGGGTCCGGCAT-1,2
CAAGAGGGTTGTATGC-1,2
CAAGAGGTCCGTCCTA-1,1
CAAGAGGTCTAGCCTC-1,4
CAAGCTAAGCGCCCAT-1,1
CAAGCTACAACTCCCT-1,5
CAAGGGACACAAATCC-1,2
CAAGGGACACTACTTT-1,3
CAAGGGAGTCCGCAGT-1,2
CAAGGGAGTGCGGTAA-1,2
CAATACGCAAGAATGT-1,3
CAATACGCAGATTCGT-1,1
CAATACGGTCAAAGCG-1,5
CAATACGTCGAGAACG-1,5
CAATCGAAGACTGGGT-1,5
CAATCGACACGCCACA-1,6
CAATCGAGTTCGATTG-1,1
CAATCGATCAATCCAG-1,1
CAATCGATCCACGGGT-1,5
CAATCGATCTTCGCTG-1,6
CAATGACAGGCACCAA-1,6
CAATGACAGGCGTCCT-1,5
CAATGACAGTGACCTT-1,1
CAATGACCAACTTCTT-1,4
CAATGACCACAACGCC-1,2
CAATGACCACCTGCGA-1,2
CAATGACCATGACCCG-1,1
CAATGACTCACCCATC-1,5
CAATTTCAGCCTGTCG-1,6
CAATTTCCATCCTTGC-1,4
CACACAAAGATGAAGG-1,3
CACACAACAAAGACGC-1,2
CACACAACAGACCTAT-1,1
CACACAACAGACGGAT-1,1
CACACAAGTAGTGCGA-1,3
CACACAAGTGCCTGCA-1,1
CACACAATCCGTGGGT-1,7
CACAGATAGAGTGAAG-1,7
CACAGATAGGGCAAGG-1,3
CACAGATCACGCGGTT-1,3
CACAGGCAGGTCACCC-1,1
CACAGGCCACCCTTGT-1,2
CACAGGCGTATACAGA-1,3
CACAGGCGTCCGAAAG-1,2
CACAGGCTCTCTATAC-1,1
CACATGAAGCTACTGT-1,4
CACATGAAGGAACTAT-1,4
CACATGACAAGCGCAA-1,3
CACATGACATAACGGG-1,1
CACATGAGTTTCGACA-1,4
CACATGATCCAAGCAT-1,4
CACATGATCCTTCTAA-1,5
CACCAAAAGCAACAGC-1,1
CACCAAACACGTCATA-1,5
CACCAAAGTCTGATCA-1,7
CACCAAAGTTGAGTCT-1,2
CACCAAATCCTAGCCT-1,7
CACCAAATCCTGTAGA-1,1
CACCAAATCGCCGATG-1,2
CACCGTTAGCTGGAGT-1,6
CACCGTTCATCCGTGG-1,6
CACCGTTGTACGTTCA-1,1
CACCGTTGTAGAGTTA-1,2
CACCGTTGTCACTTCC-1,1
CACCGTTGTCGTCGGT-1,2
CACCGTTTCACTGGGC-1,1
CACGAATAGGACTAAT-1,2
CACGAATAGTGACACG-1,2
CACGAATCAAGTTCCA-1,4
CACGAATCATGTCGTA-1,1
CACGAATGTTTGGGAG-1,7
CACGGGTAGAGCATAT-1,7
CACGGGTAGATAACGT-1,5
CACGGGTCACACACTA-1,4
CACGGGTGTACCAATC-1,1
CACGGGTGTGCAACAG-1,3
CACGGGTGTTAACCTG-1,4
CACGGGTGTTACACTG-1,1
CACGGGTTCATAGACC-1,1
CACGGGTTCTGGTCAA-1,6
CACGTGGAGAAGAACG-1,2
CACGTGGCACGAGGTA-1,6
CACGTGGGTTTGATCG-1,1
CACGTGGTCTAGACAC-1,3
CACGTGGTCTCGTCGT-1,1
CACGTTCCACGGTGAA-1,1
CACGTTCCATGCCGCA-1,4
CACGTTCGTCAGTCTA-1,3
CACGTTCGTCGGTAAG-1,2
CACTAAGAGGCCTAAG-1,5
CACTAAGCAACCAACT-1,5
CACTAAGGTAGGACCA-1,2
CACTAAGGTGGAGAAA-1,5
CACTAAGTCCATCGTC-1,7
CACTAAGTCGAGGCAA-1,5
CACTGAACAGCTGCCA-1,3
CACTGAACATAGGTTC-1,4
CACTGAAGTAGGACTG-1,5
CACTGAAGTATCACCA-1,6
CACTGAATCAGTGTCA-1,5
CACTGAATCCATCACC-1,5
CACTGAATCTGCATGA-1,5
CACTGGGAGGACATCG-1,2
CACTGGGAGGTGGCTA-1,5
CACTGGGCACCTCGTT-1,1
CACTGGGGTCGCTCGA-1,1
CACTGGGTCGAGATAA-1,3
CACTGTCAGAGTCGAC-1,4
CACTGTCAGGATTTAG-1,2
CACTGTCCAATACCCA-1,1
CACTGTCGTAGCTGAG-1,2
CACTGTCGTTAACCTG-1,4
CACTGTCTCCGCTGTT-1,1
CACTTCGCAAATACGA-1,1
CACTTCGCAATCCAGT-1,1
CACTTCGCACACCTGG-1,2
CACTTCGCAGTCGCTG-1,3
CACTTCGCAGTTGCGC-1,1
CACTTCGGTTGCTAGT-1,1
CAGAGCCAGACTCTTG-1,1
CAGAGCCAGATACCAA-1,3
CAGAGCCAGGTGATCG-1,2
CAGAGCCAGTTAGAAC-1,2
CAGAGCCCAACAGAGC-1,4
CAGAGCCCAATTTCTC-1,3
CAGAGCCCACAACATC-1,2
CAGAGCCCACCCTAAA-1,4
CAGAGCCGTACCCGAC-1,3
CAGAGCCGTGTCTAAC-1,3
CAGAGCCTCTTTCGAT-1,1
CAGATACAGCGGACAT-1,3
CAGATACCACGCGTGT-1,4
CAGATACCATCAGCAT-1,1
CAGATACGTGTCATGT-1,1
CAGATCAAGATTTGCC-1,2
CAGATCAAGGTGCAGT-1,4
CAGATCAGTACGTAGG-1,5
CAGATCATCAAGTCTG-1,5
CAGATTGAGCCATTTG-1,6
CAGATTGAGCTTCTAG-1,5
CAGATTGAGGATACCG-1,5
CAGATTGAGGCCTGCT-1,1
CAGATTGAGTCTAACC-1,1
CAGATTGCAAGCTACT-1,1
CAGATTGCACTGAATC-1,5
CAGATTGTCACGGTCG-1,3
CAGATTGTCCAGTACA-1,1
CAGATTGTCGAAACAA-1,3
CAGCAATGTACATTGC-1,4
CAGCAATGTCGGTACC-1,7
CAGCAATTCGGATACT-1,2
CAGCACGAGAAGTCTA-1,1
CAGCACGAGCATTGTC-1,3
CAGCACGAGGTTATAG-1,1
CAGCACGGTACTCCCT-1,1
CAGCACGGTATGCGGA-1,5
CAGCACGGTTAGGCTT-1,1
CAGCACGGTTTGGAAA-1,4
CAGCAGCAGAGTCAGC-1,1
CAGCAGCAGCAGCCCT-1,2
CAGCAGCAGGGCTAAC-1,1
CAGCAGCCACGCGCAT-1,5
CAGCAGCGTTCCCAAA-1,3
CAGCAGCTCTCTCGAC-1,7
CAGCCAGAGGCATCGA-1,2
CAGCCAGAGTCTGGAG-1,5
CAGCCAGCAGCTATTG-1,1
CAGCCAGGTGCCAAGA-1,6
CAGCCAGGTTCCTACC-1,2
CAGCCAGTCCGCTAGG-1,6
CAGCGTGCAGGCTACC-1,7
CAGCGTGCATGCAGCC-1,3
CAGGCCAAGCTAAATG-1,4
CAGGCCAGTCCTGGTG-1,1
CAGGCCATCACATTGG-1,6
CAGGCCATCAGCATTG-1,6
CAGGCCATCTACGGGC-1,1
CAGGGCTAGGTAAACT-1,3
CAGGGCTCAAAGGCAC-1,6
CAGGGCTCAACTGGTT-1,1
CAGGGCTCAGCGGTCT-1,2
CAGGGCTCATTCACCC-1,1
CAGGGCTGTACCATAC-1,7
CAGGGCTTCGCTACAA-1,3
CAGGGCTTCTGCCCTA-1,1
CAGGTATAGATTGGGC-1,3
CAGGTATAGCAGATAT-1,3
CAGGTATAGGGACCAT-1,7
CAGGTATCAGCTATAC-1,6
CAGGTATGTAGGTAGC-1,2
CAGGTATGTCAACACT-1,5
CAGGTATGTGGCGTAA-1,2
CAGTGCGCAAATTAGG-1,3
CAGTGCGGTTCAAAGA-1,3
CAGTGCGGTTTGTTGG-1,5
CAGTGCGTCCATTGTT-1,4
CAGTTAGAGGCACTAG-1,7
CAGTTAGAGGCTATCT-1,2
CAGTTAGCAAGTCATC-1,3
CAGTTAGCACCTATCC-1,6
CAGTTAGGTAGATTAG-1,1
CAGTTAGGTCGTGGTC-1,5
CAGTTAGTCTCGACGG-1,6
CAGTTCCAGGGAGTTC-1,6
CAGTTCCAGTTGCGCC-1,3
CAGTTCCCAGTCGCTG-1,5
CAGTTCCTCAAGTCGT-1,4
CAGTTCCTCCATCGTC-1,4
CAGTTCCTCTCAGGCG-1,2
CAGTTCCTCTTCTCAA-1,1
CATAAGCAGCTGCCTG-1,4
CATAAGCCACGTAGAG-1,2
CATAAGCCATAATCCG-1,1
CATAAGCGTACGACTT-1,1
CATAAGCGTGTCTTGA-1,3
CATAAGCTCGGCCTTT-1,3
CATAAGCTCTATCCAT-1,1
CATAAGCTCTGGAAGG-1,2
CATACAGAGAGTTGCG-1,6
CATACAGAGATAGCTA-1,3
CATACAGAGGTGGTTG-1,2
CATACAGAGTTCCATG-1,4
CATACAGCAAAGGATT-1,7
CATACCCGTTACCCAA-1,4
CATACCCTCAATCTCT-1,5
CATACCCTCGGTTGTA-1,7
CATACTTCACCCTAAA-1,1
CATACTTCATCAGCTA-1,1
CATACTTGTTTGGGTT-1,7
CATACTTTCCGTATGA-1,1
CATACTTTCGACATCA-1,6
CATAGACGTCGGCACT-1,2
CATAGACGTGCCGGTT-1,5
CATAGACTCATGCATG-1,2
CATAGACTCATTGCTT-1,7
CATAGACTCCTAGCTC-1,1
CATCAAGAGGAAAGGT-1,2
CATCAAGCACAAATCC-1,6
CATCAAGCATACAGCT-1,4
CATCAAGGTTCACCGG-1,7
CATCAAGTCCTTCACG-1,7
CATCAAGTCTATACTC-1,4
CATCCACAGGTTCCAT-1,1
CATCCACCACCGGCTA-1,1
CATCCACGTCAAATCC-1,4
CATCCACGTCAGTCTA-1,2
CATCCACGTCCAGGTC-1,1
CATCCACTCACCTACC-1,6
CATCCACTCGGCTGAC-1,3
CATCCACTCTTGCGCT-1,5
CATCCCAAGCACCGTC-1,4
CATCCCAAGCATAGGC-1,2
CATCCCAGTCGAGTGA-1,3
CATCCCAGTGTTCCTC-1,4
CATCCCATCCGCACTT-1,1
CATCCCATCGAACTCA-1,3
CATCCCATCGACTCCT-1,3
CATCCCATCTACTTCA-1,4
CATCCCATCTCTTCAA-1,1
CATCCGTAGCCTGCCA-1,7
CATCCGTAGGACTGGT-1,3
CATCCGTAGGTAATCA-1,2
CATCCGTCATATAGCC-1,1
CATCCGTGTCAACATC-1,1
CATCCGTGTGTGATGG-1,3
CATCGCTAGTCTTCCC-1,3
CATCGCTTCTTCGCTG-1,4
CATCGGGCAGATACTC-1,5
CATCGGGGTCAGATTC-1,2
CATCGGGTCTTAGCCC-1,1
CATCGTCAGGGAACAA-1,3
CATCGTCGTTAACAGA-1,5
CATCGTCGTTGGTAGG-1,3
CATCGTCTCCGAACGC-1,1
CATGAGTAGACTTAAG-1,2
CATGAGTAGCGAAACC-1,1
CATGAGTCAACTACGT-1,6
CATGAGTCAGCTGTAT-1,2
CATGAGTGTACCTATG-1,3
CATGAGTTCCCGAGAC-1,7
CATGAGTTCGCTAATG-1,2
CATGCAACAGGAACCA-1,3
CATGCAAGTGCCTTCT-1,1
CATGCAAGTGTGAGCA-1,5
CATGCAATCAGCCTCT-1,1
CATGCAATCCAAAGGG-1,1
CATGCAATCGATTGAC-1,1
CATGCAATCTCGCCTA-1,2
CATGCCTAGAATCCCT-1,1
CATGCCTAGACATAAC-1,1
CATGCCTCAAACGTGG-1,1
CATGCCTCACAACATC-1,1
CATGCCTCAGCGATTT-1,1
CATGCCTTCCGACGGT-1,1
CATGCCTTCGTCGATA-1,1
CATGCCTTCTTAGCAG-1,7
CATGCGGAGACCTGGA-1,4
CATGCGGAGCTGACCC-1,4
CATGCGGAGTAGGGTC-1,2
CATGCGGCACTACTTT-1,1
CATGCGGCAGACCAAG-1,2
CATGCGGCAGCTCCTT-1,1
CATGCGGCAGCTGGTC-1,6
CATGCGGCATTGTGCA-1,4
CATGCGGGTAGAATGT-1,5
CATGCGGGTCACTCGG-1,1
CATGCGGGTCGAACAG-1,1
CATGCGGGTCTCTCAC-1,5
CATGCGGGTGCGGCTT-1,4
CATGCTCAGACGTCGA-1,3
CATGCTCAGAGGGTAA-1,4
CATGCTCAGATGTTGA-1,2
CATGCTCAGCAAGTGC-1,3
CATGCTCAGGACATCG-1,4
CATGCTCCAGAGGTTG-1,1
CATGCTCGTGGTCAAG-1,3
CATGCTCGTTCGGGTC-1,2
CATGCTCTCATTTCGT-1,1
CATGCTCTCCCGTGTT-1,2
CATGCTCTCGGCTGGT-1,2
CATGGATAGATGCTAA-1,5
CATGGATAGCTAGATA-1,3
CATGGATCAACTCGTA-1,4
CATGGATCAATGAAAC-1,2
CATGGATCAATTTCTC-1,4
CATGGATCACATATCG-1,3
CATGGATGTGTTAAAG-1,1
CATGGTAAGAGCTGAC-1,1
CATGGTAAGTCCGCGT-1,1
CATGGTAGTTGGAGGT-1,2
CATTCATAGATGTTAG-1,1
CATTCATAGGTAGTAT-1,6
CATTCATTCAGAGCGA-1,4
CATTCATTCGACTCCT-1,4
CATTCATTCTTTGCGC-1,6
CATTCCGAGGTCATCT-1,4
CATTCCGCAAGTCGTT-1,5
CATTCCGCACTAGAGG-1,3
CATTCCGCATAAGCGG-1,7
CATTCCGGTCAGTTTG-1,6
CATTCCGTCATTACGG-1,3
CATTCCGTCGAGTGGA-1,2
CATTCTACACCAATTG-1,6
CATTCTACAGCGAGTA-1,6
CATTCTACAGTCACGC-1,5
CATTCTAGTAGTGTGG-1,3
CATTCTAGTCGTGCCA-1,3
CATTCTATCTTCACGC-1,1
CATTGAGAGATGCAGC-1,1
CATTGAGAGCACGTCC-1,5
CATTGAGAGTAGCAAT-1,5
CATTGAGGTATGGAAT-1,3
CATTGAGGTCCAGGTC-1,6
CATTGAGGTGACAGGT-1,1
CATTGAGTCGCAATTG-1,3
CATTGCCAGAGGCCAT-1,1
CATTGCCCAAGACGGT-1,1
CATTGCCCAGAGATTA-1,7
CATTGCCCAGCAGTGA-1,2
CATTGCCGTATCACCA-1,1
CATTGCCGTTCAGGTT-1,7
CATTGCCGTTCCGTTC-1,1
CATTGCCTCAGAGTTC-1,1
CATTGCCTCTTGGCTC-1,6
CATTGTTCAAGTGCTT-1,2
CATTGTTCAGAGTCAG-1,2
CATTGTTCAGTATTCG-1,5
CATTGTTGTGACTGTT-1,4
CATTGTTGTGTCTTCC-1,4
CATTGTTTCCCTTGTG-1,1
CATTTCAAGAGAGTGA-1,4
CATTTCAGTATCGCTA-1,4
CATTTCAGTATTGGCT-1,1
CATTTCAGTTGCTTGA-1,1
CATTTCATCCGATGCG-1,3
CATTTCATCTCTAGGA-1,3
CCAAGCGCAAACCGGA-1,4
CCAAGCGCAATGAACA-1,2
CCAAGCGCAGAGTTCT-1,3
CCAAGCGGTTGCAAGG-1,5
CCAAGCGGTTGTGTTG-1,1
CCAATGAAGGCAGGGA-1,3
CCAATGACAATGAGCG-1,1
CCAATGACAGAACTCT-1,1
CCAATGAGTATGTCTG-1,5
CCAATGAGTCTCACGG-1,1
CCAATTTCATAATGCC-1,2
CCAATTTGTCGTTTCC-1,3
CCAATTTGTTCGTAAC-1,2
CCACAAAAGTATAACG-1,4
CCACAAACAATTTCTC-1,4
CCACAAACAGGCCCTA-1,2
CCACAAACAGGCCTGT-1,7
CCACAAACAGGGAATC-1,4
CCACAAAGTAACAGGC-1,4
CCACAAAGTATAGGAT-1,7
CCACAAAGTGTTGCCG-1,7
CCACACTAGAGGTTAT-1,4
CCACACTAGATCCCGC-1,7
CCACACTAGGAGTCTG-1,3
CCACACTCAAGCCCAC-1,6
CCACACTGTGCGGATA-1,5
CCACACTTCGTCTCAC-1,1
CCACACTTCTGCACCT-1,5
CCACCATCACCTCTAC-1,1
CCACCATGTCAAGCGA-1,7
CCACCATGTCAGATTC-1,6
CCACCATGTCCTGGGT-1,5
CCACCATTCACTTGTT-1,7
CCACCATTCTTGATTC-1,6
CCACGAGAGACCTTTG-1,1
CCACGAGAGTCCTGCG-1,6
CCACGAGAGTGTTCAC-1,2
CCACGAGCATGGCCCA-1,3
CCACGAGGTATCAGGG-1,3
CCACGAGGTGTCCAAT-1,4
CCACGAGGTGTTAGCT-1,5
CCACGAGTCCCGTGAG-1,5
CCACGTTAGGCTGTAG-1,3
CCACGTTAGGTCACCC-1,3
CCACGTTCACATGGTT-1,6
CCACGTTCAGAACTCT-1,4
CCACGTTGTCTTGCTC-1,6
CCACGTTGTTCCTACC-1,6
CCACGTTGTTGTGTTG-1,4
CCACGTTTCAAACGTC-1,7
CCACTTGCATACATCG-1,5
CCACTTGCATAGACTC-1,1
CCACTTGGTACGGTTT-1,2
CCACTTGGTATCCTTT-1,3
CCACTTGGTGTGTGTT-1,5
CCACTTGTCAGCCTCT-1,6
CCACTTGTCATTATCC-1,3
CCACTTGTCCTAAACG-1,5
CCATAAGAGACAACAT-1,7
CCATAAGGTCTGTGGC-1,2
CCATAAGGTGAGATAT-1,5
CCATAAGTCGAAGCAG-1,3
CCATAAGTCTCTTCAA-1,2
CCATAAGTCTTAGCCC-1,7
CCATCACAGATGGTAT-1,2
CCATCACAGCCGTCGT-1,3
CCATCACAGCGTGAAC-1,2
CCATCACAGTAACGTA-1,3
CCATCACAGTCCCGAC-1,7
CCATCACCAGAACTAA-1,1
CCATCACCAGTTAGAA-1,4
CCATCACCATCGTGGC-1,1
CCATCACCATTACTCT-1,2
CCATCACCATTGCCTC-1,1
CCATCACGTGGTCAAG-1,3
CCCAACTAGGCCTAGA-1,6
CCCAACTTCAGTCATG-1,2
CCCAACTTCCATCTAT-1,1
CCCAACTTCCCTGTTG-1,5
CCCAACTTCGACGCTG-1,1
CCCATTGAGAAACCCG-1,6
CCCATTGAGCTGGTGA-1,2
CCCATTGCAAGACTGG-1,3
CCCATTGCAGTCTTCC-1,1
CCCATTGTCAGTCAGT-1,1
CCCGAAGAGAGTTGCG-1,5
CCCGAAGCAAGAGTAT-1,2
CCCGAAGCATTCATCT-1,1
CCCGAAGGTTAAGAAC-1,4
CCCGAAGGTTGGGTAG-1,3
CCCGAAGTCGACGCTG-1,5
CCCGAAGTCGACTCCT-1,2
CCCGGAAAGAATCGAT-1,2
CCCGGAAAGTAAATGC-1,1
CCCGGAAAGTCTAACC-1,2
CCCGGAACAGCGAGTA-1,3
CCCTAACAGCGGTAGT-1,6
CCCTAACCAGTCTACA-1,7
CCCTAACGTGTCACAT-1,7
CCCTAACTCACATTGG-1,2
CCCTAACTCGACCACG-1,7
CCCTAACTCGTACCTC-1,1
CCCTCAACATGACTCA-1,1
CCCTCAATCCTGGGAC-1,4
CCCTCTCAGCACCCAC-1,2
CCCTCTCGTAGCGTAG-1,5
CCCTCTCGTTAAGGAT-1,1
CCCTCTCGTTTGATCG-1,3
CCCTCTCTCCTCGCAT-1,1
CCCTCTCTCGTGGCGT-1,1
CCCTGATAGACCTTTG-1,2
CCCTGATAGATCCAAA-1,5
CCCTGATAGCAGTCTT-1,4
CCCTGATAGTTGTCAC-1,1
CCCTGATCAAACCATC-1,1
CCCTGATCAGTGTGGA-1,7
CCCTGATGTGTTTACG-1,3
CCCTGATGTTTGACAC-1,1
CCCTGATTCACTCTTA-1,3
CCCTGATTCGCATAGT-1,5
CCCTGATTCGCTACAA-1,5
CCCTTAGAGCATGCAG-1,1
CCCTTAGAGGAGTCTG-1,3
CCCTTAGAGGTTTACC-1,4
CCCTTAGAGTGAATAC-1,7
CCCTTAGCATTCAGCA-1,7
CCCTTAGTCATCACAG-1,6
CCCTTAGTCGATACGT-1,5
CCGAACGAGCTGGCCT-1,3
CCGAACGAGTCACAGG-1,4
CCGAACGCAGTTCTAG-1,6
CCGAACGGTATCTTCT-1,1
CCGAACGGTCAGTCTA-1,2
CCGAACGGTCATGCAT-1,5
CCGAACGGTCTCTCAC-1,1
CCGAACGTCATGAGAA-1,2
CCGATCTAGACATAGT-1,1
CCGATCTAGATTAGCA-1,2
CCGATCTAGCGATGAC-1,5
CCGATCTAGGCAGCTA-1,4
CCGATCTCATCGATGT-1,7
CCGATCTGTCTAGGCC-1,1
CCGATCTGTTTCGTGA-1,4
CCGATCTTCCGCAACG-1,1
CCGATCTTCTCCGATC-1,7
CCGATGGTCCCTATTA-1,2
CCGCAAGAGGATTTAG-1,3
CCGCAAGGTCATTGCA-1,7
CCGCAAGGTCTTCCGT-1,2
CCGGACAAGCTAAATG-1,5
CCGGACAAGGAACGTC-1,3
CCGGACAAGGCATCGA-1,2
CCGGACACAATAGGGC-1,5
CCGGACACAGGAAGTC-1,5
CCGGACATCTCTCAAT-1,5
CCGGACATCTGGACTA-1,1
CCGGGTAAGCGTCGAA-1,2
CCGGGTAGTCAGCGTC-1,3
CCGGGTATCGGAATGG-1,3
CCGGGTATCGTGGTAT-1,1
CCGGTAGCAAAGGCTG-1,4
CCGGTAGCAGCGCGTT-1,2
CCGGTAGGTGCCCAGT-1,2
CCGGTGAAGCTGCCAC-1,1
CCGGTGAAGGTGCAGT-1,2
CCGGTGACAACGTAAA-1,1
CCGGTGAGTCAACACT-1,7
CCGGTGAGTCACCGCA-1,3
CCGGTGATCTGGTTGA-1,4
CCGTAGGAGCTGTTAC-1,1
CCGTAGGCATACCAGT-1,1
CCGTAGGCATCGTGGC-1,1
CCGTAGGGTCCTGTTC-1,4
CCGTAGGGTCTTTCTA-1,5
CCGTAGGGTTATGGTC-1,1
CCGTAGGTCTAGTTCT-1,2
CCGTGAGAGACCATGG-1,3
CCGTGAGTCTTGGATG-1,2
CCGTTCAAGACTACGG-1,5
CCGTTCACACTGGACC-1,1
CCGTTCAGTATACCCA-1,1
CCGTTCAGTGCAGATG-1,2
CCGTTCATCCTCTAAT-1,2
CCGTTCATCGACACTA-1,5
CCTAACCAGCGACTGA-1,1
CCTAACCGTGGTCCGT-1,5
CCTAACCTCCGTTTCG-1,6
CCTAAGAAGCGCCCAT-1,3
CCTAAGAGTATAATGG-1,2
CCTAAGAGTGGATCAG-1,4
CCTAAGATCGAATGCT-1,3
CCTAAGATCTAATTCC-1,2
CCTACGTAGATCACTC-1,2
CCTACGTGTCCTGGTG-1,3
CCTACGTGTCTACACA-1,1
CCTACGTGTGGACAGT-1,3
CCTACGTGTTAGAAGT-1,2
CCTACGTGTTGGACTT-1,3
CCTACGTTCTGACGCG-1,1
CCTATCGAGCCTCATA-1,6
CCTATCGAGTCACTCA-1,1
CCTATCGCAGGACAGT-1,2
CCTATCGGTACGAGTG-1,3
CCTCAACAGAGTCACG-1,6
CCTCAACAGGCACCAA-1,6
CCTCAACCAGAGTAAT-1,5
CCTCAACCATCGGTTA-1,1
CCTCAACCATGACCCG-1,6
CCTCAACGTACCTAAC-1,1
CCTCAACGTGACTGTT-1,1
CCTCAACTCACATCAG-1,7
CCTCAACTCTATCCAT-1,1
CCTCACAAGAAACTGT-1,1
CCTCACAAGATGCTAA-1,1
CCTCACAGTCTTGAGT-1,4
CCTCACATCTATTCGT-1,2
CCTCAGTAGTTCTCTT-1,7
CCTCAGTGTGCTGTCG-1,1
CCTCAGTGTTAAGAAC-1,7
CCTCAGTTCGCGATCG-1,1
CCTCATGAGCCGAATG-1,6
CCTCATGAGTTACGAA-1,1
CCTCATGGTCACGACC-1,1
CCTCATGTCAAGTTGC-1,1
CCTCATGTCCACATAG-1,5
CCTCATGTCGATTCCC-1,2
CCTCATGTCTTCGGTC-1,3
CCTCCAAAGATTAGCA-1,7
CCTCCAAAGGAAGAAC-1,1
CCTCCAACATGCCGAC-1,1
CCTCCAAGTGTTTACG-1,2
CCTCCAATCAGCTGAT-1,3
CCTCCTCAGGTTTGAA-1,5
CCTCCTCAGTCATACC-1,6
CCTCCTCTCCTTTGAT-1,1
CCTCTAGCAGAACTAA-1,1
CCTCTCCAGTAAATGC-1,2
CCTCTCCAGTGTAGTA-1,1
CCTCTCCCACATACGT-1,1
CCTCTCCGTCGGCCTA-1,5
CCTCTCCTCAACCCGG-1,1
CCTCTCCTCGCGTGCA-1,1
CCTGCATAGAGTGTTA-1,2
CCTGCATAGCAGCACA-1,3
CCTGCATCAAACGAGC-1,2
CCTGCATTCCATTTCA-1,1
CCTGCATTCGGCCCAA-1,4
CCTGCATTCTAGATCG-1,3
CCTGTTGAGTAAACTG-1,4
CCTGTTGAGTAGACAT-1,1
CCTGTTGAGTGGTTGG-1,3
CCTGTTGCAGAGATGC-1,1
CCTGTTGGTGCGACAA-1,7
CCTGTTGGTTATCCAG-1,7
CCTGTTGTCAGCTAGT-1,5
CCTGTTGTCCCTCTCC-1,1
CCTTCAGGTTATGTGC-1,7
CCTTCAGTCATCAGTG-1,6
CCTTCAGTCGATGCAT-1,6
CCTTCAGTCTTCTCAA-1,5
CCTTGTGAGAAGTCTA-1,1
CCTTGTGAGGAAACGA-1,3
CCTTGTGAGGCTCAAG-1,5
CCTTGTGAGTGATTCC-1,7
CCTTGTGCAGACGATG-1,4
CCTTGTGCAGTCGCAC-1,2
CCTTGTGCATAATCGC-1,4
CCTTGTGGTTTGTTCT-1,3
CCTTGTGTCAAGTGTC-1,4
CCTTGTGTCTCCTGCA-1,1
CCTTTGGGTATGGAAT-1,4
CCTTTGGGTGACTCTA-1,1
CCTTTGGGTGCTGATT-1,6
CCTTTGGTCAAGTGGG-1,6
CGAAGGAAGGTGATCG-1,3
CGAAGGACAAGGACAC-1,5
CGAAGGACATTCTCTA-1,4
CGAAGGAGTCTCACAA-1,3
CGAAGGATCATTGCTT-1,3
CGAAGGATCCATAGAC-1,7
CGAAGGATCTACGCGG-1,1
CGAAGTTAGGATGGCT-1,5
CGAAGTTTCTCTCAAT-1,1
CGAAGTTTCTGACGCG-1,1
CGAATTGAGACTTCGT-1,5
CGAATTGCAATCACGT-1,4
CGAATTGGTCTAATCG-1,6
CGAATTGTCTTAGCAG-1,1
CGACAGCAGATCACCT-1,1
CGACAGCAGGCATCTT-1,4
CGACAGCAGGGATGTC-1,1
CGACAGCAGGTGATCG-1,3
CGACAGCAGTTACGTC-1,2
CGACAGCCACAGTCCG-1,1
CGACAGCCACCCTAAA-1,4
CGACAGCCACTCAAGT-1,7
CGACAGCCAGCAGTCC-1,4
CGACAGCCATAATGAG-1,1
CGACAGCGTGCCCACA-1,1
CGACAGCTCTTGCAGA-1,3
CGAGAAGAGACCAAAT-1,1
CGAGAAGAGCATCAGG-1,2
CGAGAAGAGTCGCCAC-1,3
CGAGAAGCAATACCCA-1,3
CGAGAAGCAATTGCAC-1,1
CGAGAAGCACAGAGAC-1,5
CGAGAAGCAGCGTTTA-1,5
CGAGAAGGTGACATCT-1,7
CGAGAAGTCCAGGACC-1,2
CGAGGAAAGTTTGTCG-1,5
CGAGGAACACAACGCC-1,1
CGAGGAACACTGAGGA-1,2
CGAGGAAGTAGTTCCA-1,2
CGAGGAAGTCTCACAA-1,4
CGAGGAATCATCTATC-1,6
CGAGGAATCATGGGAG-1,5
CGAGGAATCCGGCAAC-1,4
CGAGGAATCGGAAACG-1,3
CGAGGCTAGAGATCGC-1,2
CGAGGCTCAAGGTCGA-1,4
CGAGGCTCACTTCCTG-1,7
CGAGGCTCAGGGAGAG-1,3
CGAGGCTGTAGACGTG-1,6
CGAGGCTGTGACATCT-1,2
CGAGGCTTCCTGATAG-1,1
CGAGTGCAGATTGGGC-1,6
CGAGTGCAGCTAGAGC-1,3
CGAGTGCAGTAGTCTC-1,7
CGAGTGCCACAGAGCA-1,1
CGAGTGCCAGAGAGGG-1,2
CGAGTGCCATAGATGA-1,4
CGAGTTAAGATGACCG-1,2
CGAGTTAAGCGATGAC-1,4
CGAGTTAAGGGCAGGA-1,1
CGAGTTACATTGTGCA-1,1
CGAGTTATCACATACG-1,3
CGAGTTATCAGTGGGA-1,4
CGAGTTATCTGGTGCG-1,5
CGATCGGAGACAGCTG-1,3
CGATCGGAGCATTGTC-1,1
CGATCGGCAGCAGACA-1,5
CGATCGGCAGCAGGAT-1,1
CGATCGGGTCTCAAGT-1,2
CGATCGGGTGAGCAGT-1,3
CGATCGGTCGTGGCGT-1,3
CGATGCGCATTGGATC-1,1
CGATGCGTCGACACTA-1,3
CGATGGCAGTGCACTT-1,2
CGATGGCCACGGCTAC-1,6
CGATGGCCACTACTTT-1,6
CGATGGCCATAACTCG-1,4
CGATGGCGTGCGGCTT-1,3
CGATGGCGTGTGAATA-1,4
CGATGGCTCCGTTGGG-1,5
CGATGGCTCCTGATAG-1,1
CGCAGGTAGAAAGCGA-1,5
CGCAGGTAGATCACTC-1,4
CGCAGGTCAACCACGC-1,4
CGCAGGTCAATTTCGG-1,7
CGCAGGTTCCATCTCG-1,1
CGCAGGTTCTGTGCGG-1,5
CGCATAAAGCGTGCTC-1,3
CGCATAAAGTCTGGAG-1,3
CGCATAAGTGAGCCAA-1,7
CGCATAAGTGCCCGTA-1,4
CGCATAATCACTGGTA-1,2
CGCATAATCCGACAGC-1,3
CGCATAATCGGAGCAA-1,3
CGCATGGAGCTGTTAC-1,4
CGCATGGCATGACGTT-1,5
CGCATGGGTTGGGCCT-1,2
CGCATGGTCACCGCTT-1,4
CGCCAGAAGTTCAACC-1,4
CGCCAGACACAAGGTG-1,2
CGCCAGAGTGGTTTGT-1,2
CGCCAGAGTTCCTAGA-1,2
CGCCAGATCGTGCACG-1,3
CGCCATTAGGTTGGTG-1,2
CGCCATTCACGTCTCT-1,7
CGCCATTGTAGAATGT-1,6
CGCCATTGTCCCGCAA-1,1
CGCCATTGTTCCGCGA-1,4
CGCCATTTCATTGCTT-1,7
CGCCATTTCGCGGTAC-1,7
CGCCATTTCGTTCATT-1,1
CGCCATTTCTCTCCGA-1,2
CGCCATTTCTGTCAGA-1,1
CGCGTGAAGCTGTACT-1,2
CGCGTGAAGTAAACAC-1,3
CGCGTGAAGTGCGACA-1,3
CGCGTGACAAACTCGT-1,2
CGCGTGACAACTCGAT-1,3
CGCGTGACACGCAGTC-1,3
CGGAACCAGATCGACG-1,2
CGGAACCAGTAGATCA-1,3
CGGAACCGTAGGACTG-1,2
CGGAACCGTCCCGGTA-1,3
CGGAACCTCGCCTAGG-1,1
CGGAATTAGCTCGCAC-1,2
CGGAATTAGGGTTAGC-1,5
CGGAATTAGGTCGTAG-1,2
CGGAATTCATACTGAC-1,6
CGGAATTGTATTGACC-1,4
CGGAATTGTCGCCTAG-1,1
CGGAATTGTGACTCGC-1,2
CGGAATTGTGCATGTT-1,3
CGGAATTGTTCTGACA-1,3
CGGAATTTCCTGGCTT-1,4
CGGACACCAACTGTGT-1,5
CGGACACCACATGACT-1,2
CGGACACGTCCGGTGT-1,3
CGGAGAAAGCCTCATA-1,5
CGGAGAACAAAGGCGT-1,2
CGGAGAACAATAGGGC-1,3
CGGAGAACAGTTCCAA-1,3
CGGAGAAGTGTCCAAT-1,1
CGGAGAATCATCACTT-1,4
CGGAGAATCGCGGTAC-1,2
CGGCAGTAGACGAAGA-1,3
CGGCAGTAGTAGAGTT-1,5
CGGCAGTCAAAGGAGA-1,1
CGGCAGTCATCTCCCA-1,2
CGGCAGTGTAGACTGG-1,3
CGGCAGTGTGTCTTAG-1,2
CGGCAGTGTGTTTACG-1,2
CGGCAGTTCAGACTGT-1,2
CGGGACTCAGATGCGA-1,1
CGGGACTTCTATACGG-1,2
CGGGCATGTCAGGTAG-1,3
CGGGCATGTCTGTCAA-1,2
CGGGCATTCGAATCCA-1,2
CGGGTCACACAATGAA-1,3
CGGGTCAGTCTTTATC-1,4
CGGGTCATCATACGAC-1,3
CGGGTCATCGATCCCT-1,3
CGGGTGTAGCACTAAA-1,2
CGGGTGTAGTATTCCG-1,5
CGGGTGTCACAACGTT-1,3
CGGGTGTGTACCAATC-1,3
CGGGTGTTCATAAGGA-1,3
CGGGTGTTCGGCATTA-1,3
CGGTCAGAGATGCTGG-1,1
CGGTCAGAGGATGAGA-1,1
CGGTCAGCAAGAAACT-1,3
CGGTCAGCAATTGCAC-1,5
CGGTCAGGTCTTGGTA-1,3
CGGTCAGTCGAACGGA-1,4
CGGTCAGTCGCCTATC-1,2
CGTAAGTAGCTCGACC-1,1
CGTAAGTAGGCATCAG-1,3
CGTAAGTCAAGCTCTA-1,6
CGTAAGTGTTTCTTAC-1,3
CGTAATGAGCTACTGT-1,5
CGTAATGAGTGAACAT-1,1
CGTAATGGTAGACAAT-1,4
CGTAGTAAGATGCAGC-1,2
CGTAGTAAGGGAGGTG-1,3
CGTAGTAGTGATACCT-1,4
CGTAGTAGTTTGCCGG-1,3
CGTAGTATCATGGGAG-1,3
CGTAGTATCCGGTTCT-1,3
CGTCAAAAGCAGATAT-1,1
CGTCAAAAGCATATGA-1,5
CGTCAAAAGTCACGAG-1,3
CGTCAAACAGTCTCTC-1,1
CGTCAAAGTCTGTGCG-1,2
CGTCAAAGTTCAAACC-1,7
CGTCCATGTACGTACT-1,3
CGTCCATGTGGATCGA-1,2
CGTCCATTCGGCTGTG-1,1
CGTGAATAGCATCAAA-1,3
CGTGAATAGCTCCACG-1,4
CGTGAATCAATCTCTT-1,5
CGTGAATCAATGCTCA-1,7
CGTGAATCAGGTCTCG-1,2
CGTGAATGTAGCGTAG-1,4
CGTGAATTCATTGAGC-1,4
CGTGATAAGATCACCT-1,3
CGTGATAAGGATACGC-1,2
CGTGATAAGGCTATCT-1,3
CGTGATAAGTCGTTAC-1,3
CGTGATACAACCACAT-1,4
CGTGATACACGTAACT-1,6
CGTGATACATCTGGGC-1,2
CGTGATAGTGATACAA-1,2
CGTGATAGTTAACCTG-1,6
CGTGATAGTTCTCGTC-1,4
CGTGATATCACATTGG-1,3
CGTGATATCGGCACTG-1,5
CGTGATATCGTTGTGA-1,3
CGTGCTTAGGTCATTC-1,3
CGTGCTTAGTCGCCCA-1,6
CGTGCTTCACAAGTTC-1,2
CGTGCTTGTGTGTCCG-1,3
CGTGCTTTCCATAGGT-1,3
CGTGTCTAGTTCCGTA-1,3
CGTGTCTAGTTGCATC-1,4
CGTGTCTCACCCAATA-1,3
CGTGTCTCATCCGTTC-1,4
CGTGTCTTCCGTACGG-1,5
CGTGTCTTCTTGGATG-1,3
CGTTAGAAGCAGCCTC-1,3
CGTTAGAAGTAACGTA-1,3
CGTTCTGAGTCAACAA-1,3
CGTTCTGGTACTAGCT-1,7
CGTTCTGGTAGCGTCC-1,3
CGTTCTGGTTACGATC-1,1
CGTTCTGGTTGCCTAA-1,3
CGTTCTGGTTTACACG-1,5
CGTTCTGTCGAATCCA-1,2
CGTTCTGTCTTAGCTT-1,1
CGTTGGGAGACATCAA-1,2
CGTTGGGCAGTAGAAT-1,2
CGTTGGGCATGTGGCC-1,2
CGTTGGGGTAGACTGG-1,2
CGTTGGGGTCATATGC-1,7
CGTTGGGTCCCTGGTT-1,3
CGTTGGGTCGGCTTCT-1,7
CGTTGGGTCTCATAGG-1,1
CGTTGGGTCTGGGCGT-1,3
CTAACCCAGTGGAAGA-1,4
CTAACCCCATCCGGCA-1,2
CTAACCCGTCCAAAGG-1,5
CTAACCCGTTGGATCT-1,1
CTAACCCTCCACATAG-1,4
CTAACCCTCTGCATGA-1,2
CTAACTTAGCTGAAGC-1,2
CTAACTTAGGCCACCT-1,3
CTAACTTCAGTTCTAG-1,1
CTAACTTGTCGACGCT-1,7
CTAACTTTCAAGGAGC-1,3
CTAACTTTCTAAGCCA-1,6
CTAACTTTCTACGGTA-1,7
CTAAGTGAGCCGCTTG-1,3
CTAAGTGCAGCAAGAC-1,3
CTAAGTGGTATCGATC-1,5
CTAAGTGTCATCGTAG-1,1
CTACAGAAGTTTGGCT-1,2
CTACAGACAGAAGTGC-1,3
CTACAGAGTCAACATC-1,2
CTACAGAGTCGTCAGC-1,3
CTACAGATCCCGTTCA-1,5
CTACATTAGCCACAAG-1,6
CTACATTAGTCCCAGC-1,7
CTACATTAGTTTCGAC-1,3
CTACATTCAATTGCGT-1,7
CTACATTGTTCCTTGC-1,1
CTACATTTCAGCAATC-1,2
CTACATTTCCCTGTTG-1,1
CTACATTTCTTCACAT-1,1
CTACCCAAGACGAAGA-1,3
CTACCCAAGGCCTAAG-1,7
CTACCCAGTACAGAAT-1,3
CTACCCAGTCGCATGC-1,7
CTACCCAGTCGTACTA-1,1
CTACCTGAGCCGATAG-1,6
CTACCTGCATAGAATG-1,5
CTACCTGGTGCACATT-1,4
CTACCTGTCACCATAG-1,4
CTACCTGTCCATTGTT-1,6
CTACGGGTCCCGGTAG-1,1
CTACTATAGCTAAATG-1,3
CTACTATCACGCTGTG-1,1
CTACTATCAGCTTTGA-1,4
CTACTATGTGAGTAGC-1,4
CTACTATGTTGTTGAC-1,5
CTACTATTCACCCATC-1,4
CTACTATTCACTTCTA-1,2
CTACTATTCCTCACCA-1,1
CTAGACAAGTCCCTAA-1,6
CTAGACAGTCACGCTG-1,3
CTAGACATCAGGACGA-1,7
CTAGACATCCGGCAAC-1,6
CTAGGTAAGACCAGAC-1,5
CTAGGTAAGATTCGAA-1,2
CTAGGTAAGTGCTACT-1,2
CTAGGTAGTATCACCA-1,4
CTAGGTATCATAGGCT-1,7
CTATAGGAGGACAAGA-1,2
CTATAGGAGGGCAGTT-1,5
CTATAGGCATCAGCGC-1,2
CTATAGGGTATAGCTC-1,1
CTATAGGGTTAATGAG-1,3
CTATAGGTCAGGAAGC-1,2
CTATCCGAGAGAACCC-1,1
CTATCCGCACATTCTT-1,6
CTATCCGCAGAGAGGG-1,3
CTATCCGTCAGTGATC-1,1
CTATCCGTCGTTCTCG-1,3
CTATCTAAGAAGTATC-1,4
CTATCTAAGCGATGCA-1,1
CTATCTAAGGGTTAAT-1,4
CTATCTACAAATGGAT-1,3
CTATCTAGTCACGCTG-1,1
CTATCTATCTCTTCAA-1,7
CTCAACCAGAACAGGA-1,3
CTCAACCAGAGAATCT-1,2
CTCAACCAGTGCCGAA-1,4
CTCAACCCAAAGGATT-1,3
CTCAACCCACACCGAC-1,6
CTCAACCCAGCGTTTA-1,6
CTCAACCGTTCCGTTC-1,1
CTCAAGAAGCAACAAT-1,6
CTCAAGAAGCCGAATG-1,2
CTCAAGACAAACACGG-1,4
CTCAAGACAATAGTGA-1,2
CTCAAGACACGTCATA-1,7
CTCAAGACATTCATCT-1,4
CTCAAGAGTGCGTGCT-1,3
CTCAAGATCACCCTGT-1,3
CTCAAGATCGCAGTTA-1,6
CTCAAGATCTCCTGCA-1,1
CTCAATTCAAGAAACT-1,7
CTCAATTGTGTTCAGT-1,6
CTCAATTGTTGTGTAC-1,2
CTCAATTTCCACACAA-1,1
CTCAATTTCCCTAGGG-1,1
CTCACTGCACACCAGC-1,4
CTCACTGCACTTCAGA-1,1
CTCACTGCAGGAATCG-1,1
CTCACTGGTATAGCTC-1,5
CTCACTGGTGCCGTTG-1,1
CTCACTGTCACCTTAT-1,7
CTCACTGTCGCCCAGA-1,1
CTCACTGTCTGAGAAA-1,5
CTCAGAAAGCAACCAG-1,3
CTCAGAAAGCATGAAT-1,3
CTCAGAAAGGGACACT-1,2
CTCAGAACATATACCG-1,1
CTCAGAACATGTACGT-1,3
CTCAGAAGTTCAAGGG-1,5
CTCAGGGAGCTGAAGC-1,5
CTCAGGGAGGGCGAAG-1,5
CTCAGGGCAAACTAAG-1,6
CTCAGGGCAACGGCTC-1,2
CTCAGGGGTTACACTG-1,2
CTCAGTCAGAGTTGTA-1,2
CTCAGTCAGGGCAAGG-1,5
CTCAGTCAGGTGAGCT-1,2
CTCAGTCCACACGGAA-1,7
CTCAGTCCACGCTGCA-1,5
CTCAGTCCAGGTGGAT-1,5
CTCATCGGTGAACGGT-1,6
CTCATCGGTGCTTCAA-1,2
CTCATGCCACGCCACA-1,7
CTCATGCGTAACAGTA-1,4
CTCATGCGTAAGTTAG-1,2
CTCATGCGTAGGCAAC-1,3
CTCATGCTCTCGCTCA-1,1
CTCATTAAGGAATTAC-1,5
CTCATTACAACTGAAA-1,3
CTCATTAGTAGCTGTT-1,1
CTCATTAGTATGGAGC-1,3
CTCATTATCTCACCCA-1,4
CTCCAACAGCATATGA-1,1
CTCCAACCACGCCACA-1,1
CTCCAACCATGATAGA-1,6
CTCCAACGTACTGAGG-1,1
CTCCAACGTGGCTACC-1,4
CTCCAACTCCTTCTGG-1,4
CTCCAACTCGGACGTC-1,7
CTCCAACTCTGCCTCA-1,2
CTCCACACAGATCCAT-1,1
CTCCACACATAACTCG-1,7
CTCCACACATGTTACG-1,4
CTCCACAGTACAAGCG-1,6
CTCCACAGTAGTCACT-1,1
CTCCACAGTTCATCTT-1,7
CTCCACAGTTTCACAG-1,6
CTCCACATCGACGCGT-1,6
CTCCATGAGCTCGCAC-1,3
CTCCATGGTCAGCTTA-1,4
CTCCATGGTCGGCCTA-1,6
CTCCATGGTGTCACAT-1,2
CTCCATGGTTACGCCG-1,4
CTCCATGTCTGTGCGG-1,2
CTCCCAACAAGCCTGC-1,1
CTCCCAACATACTGAC-1,7
CTCCCAACATGACACT-1,4
CTCCCAAGTATGTCTG-1,1
CTCCCAATCGGTCGAC-1,2
CTCCCAATCTGCGGGT-1,4
CTCCCTCAGATGCAGC-1,7
CTCCCTCAGCTTCGTA-1,2
CTCCCTCAGGCTATCT-1,4
CTCCCTCCAAGTCGTT-1,3
CTCCCTCCACCAGCGT-1,2
CTCCCTCCACTTGTGA-1,6
CTCCCTCGTCCTGTCT-1,2
CTCCCTCGTGAGGCAT-1,2
CTCCCTCTCCCGGTAG-1,1
CTCCCTCTCCGTGGCA-1,1
CTCCCTCTCGCTAATG-1,6
CTCCGATAGCCGCACT-1,6
CTCCGATAGTTCCAGT-1,1
CTCCGATCAACGGTAG-1,5
CTCCGATCACTTGGCG-1,4
CTCCGATCAGCCTTCT-1,2
CTCCGATGTAGTATAG-1,1
CTCCGATGTGGTAACG-1,7
CTCCGATGTTCCACGG-1,2
CTCCGATTCATGAGAA-1,2
CTCCGATTCCAAGCCG-1,1
CTCCGATTCGTCCTCA-1,1
CTCCTCCAGAATACAC-1,7
CTCCTCCAGCTGGCCT-1,2
CTCCTCCCACTCGATA-1,1
CTCCTTTAGCCACCGT-1,5
CTCCTTTAGGTAAGTT-1,1
CTCCTTTCATAGCACT-1,1
CTCCTTTGTGCAATAA-1,3
CTCCTTTTCCTGGGTG-1,2
CTCCTTTTCCTGTAGA-1,1
CTCGAGGAGGCACGAT-1,2
CTCGAGGAGGTCACCC-1,3
CTCGAGGAGTAACGTA-1,5
CTCGAGGCAGTTGGTT-1,4
CTCGAGGGTTGCATCA-1,3
CTCGAGGTCTTCTTCC-1,2
CTCTCAGAGAGTTGCG-1,5
CTCTCAGAGGAACTAT-1,2
CTCTCAGAGTTGCATC-1,4
CTCTCAGCAGCGGTTC-1,1
CTCTCAGTCCGAAATC-1,1
CTCTCGAAGATGATTG-1,1
CTCTCGACATGATCTG-1,7
CTCTCGAGTCAACATC-1,5
CTCTGGTCATGAGGGT-1,5
CTCTGGTCATTCTCTA-1,1
CTCTGGTTCCCAGGCA-1,6
CTGAATGAGAAGAACG-1,2
CTGAATGCAAGGTCTT-1,3
CTGAATGCACGTACTA-1,1
CTGAGCGCATAAGATG-1,3
CTGAGCGCATCCTCAC-1,7
CTGAGCGGTCTGTGAT-1,3
CTGAGCGGTGCTTATG-1,2
CTGAGCGGTGTGGACA-1,2
CTGAGGCAGAAATTGC-1,3
CTGAGGCAGACATAGT-1,3
CTGAGGCGTATGAAAC-1,3
CTGAGGCGTGCCTACG-1,3
CTGAGGCTCATTTGTC-1,2
CTGAGGCTCTCTCGCA-1,5
CTGAGGCTCTTCGACC-1,1
CTGATCCAGAGTCACG-1,3
CTGATCCCACTACCCT-1,2
CTGATCCGTGCCCACA-1,1
CTGATCCTCAGCTAGT-1,5
CTGCAGGAGTATAGAC-1,1
CTGCAGGGTATGGAGC-1,5
CTGCAGGGTTAGCGGA-1,2
CTGCAGGGTTCTCCCA-1,6
CTGCAGGGTTGTGCCG-1,4
CTGCAGGTCCACGTGG-1,1
CTGCATCAGTTCGGTT-1,1
CTGCATCCAAGACCTT-1,1
CTGCATCGTCTGTTAG-1,2
CTGCATCTCAGATTGC-1,4
CTGCATCTCATGGTAC-1,5
CTGCCATAGTAGAATC-1,4
CTGCCATAGTCGCCCA-1,4
CTGCCATAGTGGCGAT-1,2
CTGCCATCACGGCGTT-1,6
CTGCCATCAGGGATAC-1,4
CTGCCATCATATGCGT-1,2
CTGCCATGTTGGATCT-1,2
CTGCCATTCCATAAGC-1,6
CTGCCTAAGAAATGGG-1,3
CTGCCTAAGCAGAAAG-1,7
CTGCCTAAGGGAGGTG-1,6
CTGCCTAAGTCGGCAA-1,3
CTGCCTAGTAGATTGA-1,3
CTGCCTAGTGGCTTGC-1,1
CTGCCTATCAGATTGC-1,6
CTGCGAGAGGTCACTT-1,2
CTGCGAGCAACTACGT-1,2
CTGCGAGGTTACGATC-1,3
CTGCGAGTCAGGTGTT-1,3
CTGCGAGTCCACGGAC-1,2
CTGCTCAAGCCTTCTC-1,4
CTGCTCAAGGTGTGAC-1,6
CTGCTCAAGGTTCACT-1,7
CTGCTCAAGTGCACTT-1,6
CTGCTCATCGTCAAAC-1,4
CTGCTCATCTCGGTAA-1,1
CTGGACGAGCACGGAT-1,3
CTGGACGAGGATTTCC-1,1
CTGGACGCAAAGGATT-1,5
CTGGACGGTAATGCGG-1,5
CTGGACGGTTGCATTG-1,1
CTGGACGTCCAACACA-1,6
CTGGACGTCCGTAATG-1,6
CTGGACGTCGGTGTTA-1,1
CTGGCAGAGGTCCGAA-1,2
CTGGCAGCAACAGAGC-1,3
CTGGCAGCACGAGGTA-1,4
CTGGCAGGTTTACTGG-1,1
CTGGCAGTCGTAGGAG-1,2
CTGGCAGTCTCAGGCG-1,5
CTGGTCTAGATAGTCA-1,4
CTGGTCTAGCTCCGAC-1,1
CTGGTCTAGTATAACG-1,5
CTGGTCTGTAGCACGA-1,2
CTGTACCAGCGGATCA-1,5
CTGTACCAGCGTGAAC-1,2
CTGTACCCAAACCACT-1,2
CTGTACCCACATATCG-1,1
CTGTACCGTACGCTTA-1,1
CTGTAGACAATCCTAG-1,4
CTGTAGACATATGCGT-1,1
CTGTAGAGTACAAGCG-1,3
CTGTAGATCGAGCACC-1,2
CTGTAGATCGCACTCT-1,3
CTGTATTAGACTCGAG-1,3
CTGTATTCAGGCCCTA-1,3
CTGTATTGTACAGAGC-1,3
CTGTATTGTTAGAAGT-1,7
CTGTATTTCACTTTGT-1,1
CTGTATTTCATCCCGT-1,1
CTGTCGTAGGGACTGT-1,2
CTGTCGTCAATCTGCA-1,2
CTGTCGTGTACGATGG-1,4
CTGTCGTGTCTCGACG-1,2
CTGTCGTTCCCATGGG-1,3
CTGTGAAAGCATGTTC-1,2
CTGTGAAAGCCGCACT-1,2
CTGTGAACAGAGACTG-1,1
CTGTGAATCCAACTGA-1,2
CTGTGGGCAACCCTCT-1,6
CTGTGGGCAGAAACCG-1,1
CTGTGGGGTTGCTCAA-1,5
CTGTGGGGTTTCTTAC-1,6
CTGTGGGTCCAGTGCG-1,4
CTTACCGAGGTCCGAA-1,2
CTTACCGCAATTGCGT-1,4
CTTACCGCACCTGCAG-1,1
CTTACCGCAGAAATCA-1,1
CTTACCGGTCGAGTGA-1,3
CTTACCGGTCTAGGCC-1,2
CTTAGGACACTACGGC-1,5
CTTAGGAGTGTTTCTT-1,3
CTTAGGATCTGTTGGA-1,3
CTTCAATAGGTAGCAC-1,2
CTTCAATCAAAGGATT-1,4
CTTCAATCATCCTTGC-1,3
CTTCAATCATCTCCCA-1,7
CTTCAATGTATGGTTC-1,4
CTTCAATTCCGAGTGC-1,1
CTTCAATTCGATTGGT-1,1
CTTCAATTCGGAAACG-1,5
CTTCAATTCGGCCTTT-1,2
CTTCAATTCTCATGCC-1,5
CTTCCGAAGGTCGTCC-1,5
CTTCCGACAATGGGTG-1,6
CTTCCGAGTCATCCGG-1,1
CTTCCGAGTCCTGTTC-1,4
CTTCCGAGTTACTCAG-1,4
CTTCCGATCCCTCATG-1,1
CTTCCGATCTGCCTGT-1,4
CTTCCTTAGAGAACCC-1,1
CTTCCTTAGTATCCTG-1,6
CTTCCTTCACGTTCGG-1,2
CTTCCTTTCGTGTCAA-1,2
CTTCGGTAGTAGAATC-1,6
CTTCGGTGTACGGTTT-1,2
CTTCGGTGTCCCTAAA-1,2
CTTCTAAAGCAAATCA-1,1
CTTCTAAAGCCTGAAG-1,3
CTTCTAACAATTTCGG-1,3
CTTCTAACAGAGACTG-1,6
CTTCTAACAGTTACCA-1,1
CTTCTAAGTGCCTTCT-1,3
CTTCTAAGTGGCGCTT-1,3
CTTCTAAGTGTCATCA-1,5
CTTCTAAGTTGGTGTT-1,7
CTTCTAAGTTTCGACA-1,1
CTTCTAATCCTGGGAC-1,6
CTTCTAATCGTTAGTG-1,4
CTTCTAATCTCCACTG-1,1
CTTCTCTCACCGTCGA-1,7
CTTCTCTCAGTCACGC-1,4
CTTCTCTTCATGCATG-1,6
CTTCTCTTCGACCTAA-1,2
CTTGAGAAGACCATGG-1,3
CTTGAGAAGATCCAAA-1,1
CTTGAGAAGGCCTTGC-1,5
CTTGAGACATTGGATC-1,1
CTTGAGAGTGACACGA-1,2
CTTGAGAGTTCGTTCC-1,3
CTTGATTAGCTGAAGC-1,2
CTTGATTAGTAGCCAG-1,1
CTTGATTAGTCACTAC-1,1
CTTGATTGTTAGCGGA-1,7
CTTGATTTCAACCTCC-1,1
CTTGATTTCGAAGTGG-1,5
CTTGATTTCTGTGTGA-1,1
CTTTCAAAGAAGCCTG-1,1
CTTTCAAAGACTCTTG-1,1
CTTTCAAAGCCTAACT-1,4
CTTTCAAAGGGCAGGA-1,3
CTTTCAACAAGCCTGC-1,4
CTTTCAACATTGCCGG-1,6
CTTTCAAGTAGCACGA-1,2
CTTTCAAGTCTGTGAT-1,2
CTTTCAAGTTCTAACG-1,1
CTTTCAATCACCCTTG-1,1
CTTTCAATCAGTCAGT-1,3
CTTTCAATCTGTAAGC-1,2
CTTTCGGAGCTCGTGC-1,3
CTTTCGGAGGATACAT-1,4
CTTTCGGAGGTGGCTA-1,6
CTTTCGGAGTACTCGT-1,3
CTTTCGGGTACCTTCC-1,5
CTTTCGGGTCAGTCTA-1,2
CTTTCGGTCAAGGCTT-1,1
GAAACCTAGACTTAAG-1,3
GAAACCTCAATAACGA-1,6
GAAACCTGTACTCCGG-1,5
GAAACCTGTTGGCCGT-1,1
GAAACCTTCGCAGTTA-1,7
GAAACCTTCTTGAACG-1,1
GAAATGAAGCGGACAT-1,1
GAAATGACAAGTTTGC-1,5
GAAATGACAGCTGTAT-1,7
GAAATGAGTAGACACG-1,2
GAAATGATCCAAAGGG-1,2
GAAATGATCTCCACTG-1,6
GAACACTAGATGCTGG-1,5
GAACACTCACCTCTAC-1,6
GAACACTGTCAACACT-1,3
GAACACTGTCAAGCCC-1,1
GAACACTTCCAAGAGG-1,7
GAACACTTCTAAGAAG-1,5
GAACGTTCATCGAACT-1,4
GAACGTTGTCATCTAG-1,2
GAACGTTTCCATGATG-1,4
GAACGTTTCTAGAGCT-1,1
GAACTGTAGTTCCATG-1,6
GAACTGTGTGAACGGT-1,3
GAACTGTTCCGTAGTA-1,5
GAACTGTTCCTTATAC-1,6
GAAGAATAGTCATCCA-1,2
GAAGAATCATATCTCT-1,1
GAAGAATGTCATCAGT-1,5
GAAGAATTCAGTGGGA-1,3
GAAGAATTCTTAGCCC-1,4
GAAGCCCAGCCATCCG-1,2
GAAGCCCCAAGCGCAA-1,4
GAAGCCCCACCCTGAG-1,6
GAAGCCCCAGTGGGTA-1,1
GAAGCCCCATCCTCAC-1,1
GAAGCCCCATCGCTCT-1,3
GAAGCCCGTAGTGCGA-1,7
GAAGCCCGTCGCTTGG-1,2
GAAGCCCTCAAGAGTA-1,3
GAAGCCCTCTACCAGA-1,7
GAAGCGAAGGTTCAGG-1,4
GAAGCGACAACACGAG-1,3
GAAGGACAGCAACTTC-1,1
GAAGGACCAGATACCT-1,4
GAAGGACTCCAAGCTA-1,4
GAAGGACTCCGATAGT-1,2
GAAGGGTAGCATTTGC-1,2
GAAGGGTGTCTTGCGG-1,2
GAAGGGTGTGGGTTGA-1,2
GAAGGGTTCCACCCTA-1,4
GAAGGGTTCCTCCACA-1,4
GAAGTAAAGCGACTAG-1,3
GAAGTAAAGCGTGTTT-1,2
GAAGTAAAGCTGGTGA-1,2
GAAGTAAAGGAGAGTA-1,4
GAAGTAAAGGTCATTC-1,7
GAAGTAAAGGTCCCTG-1,3
GAAGTAAGTTGTTTGG-1,2
GAATAGACAAAGTGTA-1,2
GAATAGACAGTCACGC-1,4
GAATAGATCACATCAG-1,7
GAATCACAGGGACCAT-1,5
GAATCACAGTCGAAAT-1,2
GAATCACTCAAGCGTT-1,5
GAATCACTCACGGTCG-1,2
GAATCGTCAAGCACAG-1,5
GAATCGTCAATCCAGT-1,3
GAATCGTCACGACAAG-1,1
GAATCGTCATGCAGCC-1,1
GAATCGTTCATGCATG-1,1
GAATCGTTCCTCAGGG-1,5
GACACGCAGACGCCAA-1,2
GACACGCAGTTCTACG-1,2
GACACGCTCCATACTT-1,1
GACACGCTCCATTTAC-1,7
GACAGCCAGCGAGTAC-1,2
GACAGCCAGCTTTGTG-1,1
GACAGCCAGTTGCTGT-1,1
GACAGCCCACTGAGGA-1,2
GACAGCCGTAATGATG-1,4
GACAGCCGTCCCTAAA-1,1
GACAGCCTCATTCACT-1,1
GACAGCCTCCTCACTG-1,1
GACATCAAGTCTGCGC-1,4
GACCAATAGCTGCCAC-1,4
GACCAATAGTGATTCC-1,4
GACCAATCAACATCGT-1,4
GACCAATCAATGTGGG-1,6
GACCAATCACAAAGTA-1,1
GACCAATCATTGCCGG-1,1
GACCAATGTATTTCGG-1,4
GACCAATTCGGTAACT-1,6
GACCCAGAGACTTCAC-1,6
GACCCAGAGATGATTG-1,1
GACCCAGGTATGAGAT-1,5
GACCCAGGTGGATGAC-1,3
GACCCAGGTTAGGCTT-1,5
GACCCAGTCAGCTGAT-1,2
GACCCAGTCAGTGGGA-1,6
GACCCAGTCTCACTCG-1,6
GACCCTTAGGCCACCT-1,4
GACCCTTAGTACTCGT-1,4
GACCCTTCACCAACAT-1,6
GACCCTTGTTTGGCTA-1,6
GACCCTTTCAGCTGAT-1,1
GACCCTTTCGACGACC-1,1
GACCGTGCACTATGTG-1,3
GACCGTGGTGGATACG-1,3
GACCGTGTCCCTGGTT-1,3
GACCGTGTCTACGGTA-1,7
GACCGTGTCTAGAGCT-1,5
GACCTTCGTAAGCTCT-1,2
GACCTTCGTCAGGTAG-1,3
GACCTTCTCTTACCGC-1,4
GACGCTGAGTCCGTCG-1,2
GACGCTGCACTCCGGA-1,1
GACGCTGGTACCTATG-1,3
GACGCTGGTACTGAGG-1,3
GACGCTGGTAGCTGAG-1,6
GACGTTAAGCACGGAT-1,2
GACGTTACAGAGCGTA-1,2
GACGTTACATCATTGG-1,6
GACGTTATCATCAGTG-1,3
GACTATGAGCACTCTA-1,1
GACTATGAGCCTGAGA-1,1
GACTATGAGCTGTACT-1,2
GACTATGCAACAAAGT-1,1
GACTATGCAACGTAAA-1,1
GACTATGGTAACTGCT-1,5
GACTATGTCACGTAGT-1,3
GACTATGTCTAGTCAG-1,2
GACTCAAAGTGCTAGG-1,3
GACTCAACATTGTAGC-1,1
GACTCAAGTAGACTGG-1,1
GACTCAATCAGAGTTC-1,4
GACTCAATCATGAAAG-1,2
GACTCAATCCCAGCGA-1,3
GACTCTCAGATAGGGA-1,5
GACTCTCAGTTTGAGA-1,4
GACTCTCCAAGGTCTT-1,3
GACTCTCGTAGACACG-1,3
GACTCTCGTTTCCATT-1,4
GACTCTCTCAAGGAGC-1,2
GACTCTCTCTCCGCAT-1,4
GACTCTCTCTGATGGT-1,2
GACTCTCTCTTGTGCC-1,1
GACTGATCACATACGT-1,2
GACTGATGTTCGTACA-1,5
GACTGATTCCATCTGC-1,4
GACTGATTCGTTGTAG-1,1
GACTTCCAGAGTCAAT-1,3
GACTTCCAGGTCCCGT-1,1
GACTTCCCAATCGCAT-1,6
GACTTCCGTCATCGGC-1,1
GACTTCCGTGACAGCA-1,3
GACTTCCTCCACAGGC-1,1
GACTTCCTCCCGTAAA-1,7
GACTTCCTCGAGTGGA-1,5
GAGAAATAGCTAGTTC-1,4
GAGAAATCAACCGACC-1,7
GAGAAATCAATTGAGA-1,2
GAGAAATCACGCTTAA-1,4
GAGAAATCAGGGCTTC-1,7
GAGAAATGTAGGCTCC-1,7
GAGAAATGTCCATAGT-1,4
GAGAAATGTGACCTGC-1,4
GAGAAATGTTAAACCC-1,1
GAGAAATTCCGTCCTA-1,1
GAGACCCAGCGACTAG-1,5
GAGACCCGTGCAACAG-1,3
GAGACCCTCAAAGCCT-1,3
GAGACCCTCATCGGGC-1,7
GAGACTTAGCGTATAA-1,2
GAGACTTAGGTCCCGT-1,6
GAGACTTCACAATGCT-1,7
GAGACTTCACGTTCGG-1,2
GAGACTTCACTGTCCT-1,7
GAGACTTGTCGCTGCA-1,7
GAGACTTGTGTTCCAA-1,3
GAGACTTTCAGCCCAG-1,7
GAGACTTTCCTCACCA-1,1
GAGACTTTCGCCCAGA-1,1
GAGACTTTCTGAGTCA-1,1
GAGAGGTAGGAACGAA-1,3
GAGAGGTAGGGACCAT-1,3
GAGAGGTCAGGACTAG-1,2
GAGAGGTTCTCTAGGA-1,3
GAGATGGAGAAACACT-1,4
GAGATGGAGGGCAAGG-1,2
GAGATGGAGGTTACAA-1,3
GAGATGGGTAGACAAT-1,2
GAGATGGTCCAAGGGA-1,3
GAGATGGTCCGATCGG-1,6
GAGCCTGCACTTGAAC-1,2
GAGCCTGGTGTATTCG-1,5
GAGCTGCAGAAGCGGG-1,3
GAGCTGCAGTTCAACC-1,4
GAGCTGCCAGCATTGT-1,2
GAGCTGCTCTGACCCT-1,5
GAGGCAAAGAATGTTG-1,3
GAGGCAAAGGAGTCTG-1,2
GAGGCAAAGGGCGAGA-1,5
GAGGCAAGTCGGATTT-1,3
GAGGCAAGTTCTCTAT-1,2
GAGGCAATCTTTGCTA-1,6
GAGGCCTAGACAGCGT-1,6
GAGGCCTAGGTTGACG-1,2
GAGGCCTCAAACTAGA-1,3
GAGGCCTCAGCAAGAC-1,2
GAGGCCTCATACAGCT-1,6
GAGGCCTGTCCACAGC-1,1
GAGGCCTGTGGAACAC-1,5
GAGGCCTTCAGCTAGT-1,4
GAGGGATAGGCTATCT-1,3
GAGGGATGTATCGCAT-1,3
GAGGGATGTATGATCC-1,7
GAGGGATGTCCTCAGG-1,5
GAGGGATGTGATAGTA-1,2
GAGGGATGTGGACTGA-1,2
GAGGGTAAGGACGCTA-1,3
GAGGGTACAAAGAACT-1,2
GAGGGTACAAGAAACT-1,2
GAGTCATAGTGTACAA-1,7
GAGTCATCAAGAGGCT-1,1
GAGTCATCACCATAAC-1,3
GAGTCATCAGTTCACA-1,6
GAGTCATCATTCGATG-1,1
GAGTCATGTACAAGTA-1,2
GAGTCATTCGCAGTGC-1,1
GAGTCTAAGCGGTAGT-1,6
GAGTCTAAGTATCTGC-1,6
GAGTCTAAGTGGATTA-1,2
GAGTCTACAATCAGCT-1,3
GAGTCTAGTAGGACCA-1,3
GAGTCTAGTATCGCTA-1,3
GAGTCTAGTGCATTTG-1,7
GAGTGAGAGTTCTACG-1,2
GAGTGAGCAAACTCTG-1,1
GAGTGAGCACCCTAAA-1,3
GAGTGAGGTTCGCGTG-1,2
GAGTGAGTCAAGAGTA-1,2
GAGTGAGTCGGTCGAC-1,1
GAGTGAGTCTTCTCAA-1,1
GAGTGTTAGAACAGGA-1,3
GAGTGTTAGCATTTCG-1,4
GAGTGTTAGTAAGGGA-1,3
GAGTGTTCAGTGTACT-1,5
GAGTGTTTCATTCATC-1,3
GAGTGTTTCTGTAACG-1,2
GAGTTACAGCGACAGT-1,5
GAGTTACCAGCATGCC-1,1
GAGTTACGTCCCTGAG-1,7
GAGTTACGTGTATTGC-1,3
GAGTTACGTGTTCGAT-1,2
GAGTTACTCCTAACAG-1,3
GAGTTGTAGAAGTCCG-1,3
GAGTTGTAGCATTGTC-1,6
GAGTTGTAGCCGTCGT-1,4
GAGTTGTAGCGTGAGT-1,5
GAGTTGTCAAGGCTTT-1,2
GAGTTGTCACCAGACC-1,2
GAGTTGTCACCTTCGT-1,1
GAGTTGTCACGATTCA-1,1
GAGTTGTGTATTCTCT-1,2
GAGTTGTTCCTGCCAT-1,2
GAGTTGTTCTAGACAC-1,4
GAGTTGTTCTGAGTCA-1,3
GAGTTTGGTCAGTCGC-1,2
GAGTTTGGTCCAAATC-1,1
GAGTTTGTCCCTCTAG-1,1
GAGTTTGTCCGATGCG-1,1
GAGTTTGTCGGCATTA-1,4
GATAGAAAGTAGATCA-1,5
GATAGAACAAAGGCTG-1,2
GATAGAACAGGCAATG-1,2
GATAGAAGTCACTCAA-1,6
GATAGAATCTGCATGA-1,4
GATAGAATCTTACCAT-1,3
GATAGCTCAACTCGAT-1,1
GATAGCTGTCTCAGGC-1,1
GATAGCTGTGAGTTGG-1,5
GATCACAAGGAGTACC-1,6
GATCACACAGAGTGAC-1,3
GATCACACATCCGCGA-1,7
GATCACAGTAGGAGGG-1,3
GATCACAGTATCACCA-1,6
GATCACAGTTCCCACT-1,7
GATCACATCGTTCCCA-1,3
GATCAGTAGGATTCCT-1,2
GATCAGTCAAGTGATA-1,5
GATCAGTGTTCGGCTG-1,6
GATCAGTGTTGCGAAG-1,1
GATCAGTTCAGTCACA-1,4
GATCAGTTCGAGAATA-1,4
GATCAGTTCGCCATAA-1,5
GATCATGCAGCTCTGG-1,3
GATCATGTCAAATGCC-1,6
GATCATGTCAGGAAAT-1,2
GATCCCTAGGTCACCC-1,4
GATCCCTCAAGGCAAC-1,7
GATCCCTCACCAGTTA-1,4
GATCCCTGTCCTCATC-1,4
GATCGTACAACCGGAA-1,1
GATCGTAGTAAGATCA-1,7
GATCGTAGTACAAAGT-1,3
GATCGTAGTCCACGCA-1,4
GATCGTATCAGTCCGG-1,2
GATCGTATCCACGTAA-1,2
GATGACTAGCCGATCC-1,4
GATGACTAGGAATCGC-1,5
GATGACTAGGGTTAGC-1,5
GATGACTAGTGGCAGT-1,2
GATGACTAGTGGTGAC-1,1
GATGACTAGTTCCATG-1,4
GATGACTCAATAAGGT-1,1
GATGACTCAATGCAGG-1,2
GATGACTCACCGGTCA-1,7
GATGACTCATGTCTAG-1,5
GATGACTGTACCGGAA-1,1
GATGACTGTCGCATGC-1,4
GATGACTTCAGCTGTA-1,1
GATGAGGCAGCACAGA-1,1
GATGAGGCATGAAGGC-1,5
GATGAGGGTGCCGTAC-1,2
GATGAGGGTTCGTACA-1,3
GATGAGGTCATGCTAG-1,5
GATGATCCACTCCCTA-1,2
GATGATCCATGACTTG-1,2
GATGATCCATGTACGT-1,2
GATGATCGTCCCTGAG-1,4
GATGCTAAGGTAAACT-1,2
GATGCTAAGTTGAATG-1,1
GATGCTACATGACACT-1,5
GATGCTAGTACTCCCT-1,2
GATGCTATCGCTCTCA-1,1
GATGCTATCGTGTGAT-1,4
GATGGAGAGCTACTAC-1,3
GATGGAGCACAACATC-1,1
GATGGAGCACACGGAA-1,5
GATGGAGGTGGCGCTT-1,2
GATGGAGGTTACCTTT-1,1
GATGGAGTCTCGCTTG-1,4
GATGTTGAGGTACATA-1,3
GATGTTGAGTGATCGG-1,2
GATGTTGAGTGATTCC-1,7
GATGTTGCACCACTGG-1,6
GATGTTGCACCGGAAA-1,4
GATGTTGCACTACCGG-1,4
GATGTTGCAGCGTACC-1,2
GATGTTGGTTACCTTT-1,2
GATGTTGGTTGTTTGG-1,4
GATGTTGTCACCGGTG-1,4
GATGTTGTCCCGTGAG-1,2
GATGTTGTCGATAACC-1,2
GATTCGAAGGTTATAG-1,2
GATTCGAAGTATGAGT-1,2
GATTCGACACGTGAGA-1,5
GATTCGACATGGAAGC-1,2
GATTCGAGTGATAGAT-1,3
GATTCTTGTAAGCGGT-1,1
GATTCTTTCCTCTCTT-1,1
GATTGGTAGAGTACCG-1,5
GATTGGTAGGGAGGCA-1,3
GATTGGTGTTGGACTT-1,4
GATTGGTTCATCACAG-1,5
GATTGGTTCCAATCTT-1,1
GATTGGTTCCTTCACG-1,2
GATTTCTCAATACGCT-1,1
GATTTCTCATACCACA-1,1
GATTTCTGTAACGTTC-1,4
GATTTCTGTTGTTTGG-1,1
GCAACATAGAAAGCGA-1,3
GCAACATCACCCTAGG-1,2
GCAACATCAGACATCT-1,1
GCAACATCAGTTAAAG-1,4
GCAACATGTGAGCAGT-1,7
GCAACATTCATAGGCT-1,3
GCAACCGAGTCATACC-1,1
GCAACCGAGTGTTGTC-1,3
GCAACCGGTAGTGATA-1,7
GCAACCGTCGGAATTC-1,2
GCACATAAGTGGTCAG-1,5
GCACATACATACCACA-1,7
GCACATAGTGGCAGAT-1,3
GCACATAGTTGAGTCT-1,1
GCACATATCAACCTCC-1,7
GCACATATCCTTACCG-1,1
GCACATATCTTCGTGC-1,5
GCACGGTCACTCCTGT-1,6
GCACGGTCATCAACCA-1,2
GCACGGTGTAAGCTCT-1,2
GCACGGTTCGCGCCAA-1,5
GCACGGTTCGTGGCTG-1,3
GCACGGTTCTACGGTA-1,7
GCACGGTTCTATGCCC-1,7
GCACGGTTCTGGTGCG-1,4
GCACGTGAGAGGTGCT-1,2
GCACGTGAGTCCTACA-1,5
GCACGTGCAAAGCTAA-1,3
GCACGTGCACAGCTGC-1,7
GCACGTGCACGGTGAA-1,1
GCACGTGCACTGCGAC-1,4
GCACGTGTCAGTCACA-1,5
GCACTAAAGTGCCCGT-1,2
GCACTAACAGTGACCC-1,2
GCACTAAGTAGTGTGG-1,2
GCAGCCAGTTTCACTT-1,7
GCAGCCATCCACAGCG-1,2
GCAGCTGAGTCATACC-1,1
GCAGCTGCAACTCGTA-1,1
GCAGCTGCACGTATAC-1,3
GCAGCTGCAGACTCTA-1,5
GCAGCTGCATAAGCAA-1,3
GCAGCTGGTAATCAGA-1,1
GCAGCTGGTACTGCGC-1,3
GCAGCTGGTATACCTG-1,3
GCAGCTGGTCTTCCGT-1,6
GCAGCTGTCACTCCGT-1,2
GCAGCTGTCGGTATGT-1,4
GCAGGCTAGACATAAC-1,4
GCAGGCTAGCTCAGAG-1,5
GCAGGCTAGGGTAATT-1,2
GCAGGCTCACGTTGGC-1,1
GCAGGCTGTTGTCTAG-1,1
GCAGGCTTCCACTGGG-1,2
GCAGGCTTCTACTCAT-1,6
GCAGTTATCCCATGGG-1,3
GCATCGGAGCATACTC-1,5
GCATCGGGTCTTCATT-1,7
GCATCGGTCCGTTTCG-1,3
GCATCGGTCGTTGCCT-1,5
GCATCTCCATCACGGC-1,3
GCATCTCTCATGCCAA-1,2
GCATCTCTCTACTGAG-1,7
GCATCTCTCTCGAGTA-1,7
GCATGATAGGAGCTGT-1,2
GCATGATCAGAGATGC-1,2
GCATGATGTATTGACC-1,1
GCATGATGTCTTGTCC-1,1
GCATTAGAGGATCATA-1,1
GCATTAGAGGGAGATA-1,3
GCATTAGAGTACAACA-1,4
GCATTAGCAACCGTAT-1,3
GCATTAGCAGAACCGA-1,5
GCATTAGCAGCAGTCC-1,2
GCATTAGCAGTCTACA-1,1
GCATTAGCATGTTTGG-1,3
GCATTAGGTAGGCTCC-1,3
GCATTAGGTTGTAAAG-1,6
GCATTAGTCAACTACG-1,3
GCATTAGTCGAGATAA-1,3
GCCAACGGTGAGACGT-1,5
GCCAACGGTTTCGTTT-1,3
GCCAACGTCAGGAAGC-1,2
GCCAGCAAGTCGCCCA-1,3
GCCAGCACAACCTATG-1,7
GCCAGCACATGGGCAA-1,1
GCCAGCAGTTGGCTAT-1,3
GCCAGGTAGACAACAT-1,7
GCCAGGTCACAGACGA-1,1
GCCAGGTGTAAGTCAA-1,7
GCCAGGTGTGTCCGGT-1,2
GCCAGGTGTGTGATGG-1,7
GCCAGGTTCAGATTGC-1,7
GCCAGTGAGAAGGGAT-1,5
GCCAGTGAGCCAGAGT-1,5
GCCAGTGCAATACGCT-1,1
GCCAGTGCAGCGTACC-1,1
GCCAGTGGTAAGTAGT-1,3
GCCAGTGGTCCAGCCA-1,5
GCCATGGAGAGGTATT-1,7
GCCATGGAGCTTAGTC-1,6
GCCATGGCATACATCG-1,6
GCCATGGGTGGCTAGA-1,6
GCCATGGGTTAGGCTT-1,2
GCCATGGGTTGCCTAA-1,1
GCCATGGTCCACGGAC-1,4
GCCATTCAGAAGCTGC-1,6
GCCATTCCACCAAATC-1,1
GCCATTCGTACTCGTA-1,2
GCCATTCGTAGCTGTT-1,2
GCCATTCGTCAAACGG-1,2
GCCATTCTCTCGTCAC-1,6
GCCCAGAAGTCTGCAT-1,2
GCCCAGAGTTTACGAC-1,1
GCCCAGATCACCTGGG-1,3
GCCCAGATCACGACTA-1,1
GCCCAGATCCTCACCA-1,1
GCCCGAAAGGGTTAGC-1,1
GCCCGAACATGCGGTC-1,6
GCCCGAAGTAACCAGG-1,2
GCCCGAAGTAAGTCAA-1,6
GCCCGAAGTAGAGACC-1,4
GCCCGAAGTATGAAAC-1,1
GCCCGAATCCACTAGA-1,6
GCCCGAATCTATCGCC-1,1
GCCGATGAGAATGTTG-1,4
GCCGATGAGGAGACCT-1,1
GCCGATGAGTCGGGAT-1,3
GCCGATGCAGTTGGTT-1,1
GCCGATGCATAGTCAC-1,3
GCCGATGGTCGTGGAA-1,2
GCCGATGGTCTCAGAT-1,4
GCCGATGGTTCTAACG-1,3
GCCGATGTCGTGAGAG-1,3
GCCGATGTCTTGCGCT-1,2
GCCGTGAAGAGCATAT-1,2
GCCGTGAAGCTTTGTG-1,5
GCCGTGAGTCAACGCC-1,1
GCCGTGATCTTCACAT-1,3
GCCTGTTAGCCGGATA-1,7
GCCTGTTAGTTCCGTA-1,1
GCCTGTTCAAATGAAC-1,7
GCCTGTTGTACTCGAT-1,4
GCCTGTTGTGCTCCGA-1,6
GCCTGTTGTTCTCTCG-1,7
GCCTGTTTCTGTGTGA-1,6
GCGAGAAAGACCAGAC-1,2
GCGAGAAAGCGTCAAG-1,4
GCGAGAAAGGCTTAAA-1,2
GCGAGAACAAAGAGTT-1,2
GCGAGAACAGAGTCAG-1,3
GCGAGAAGTAGCGCCT-1,3
GCGAGAAGTGGCAGAT-1,1
GCGAGAATCAAACGTC-1,2
GCGAGAATCCCAAGCG-1,2
GCGAGAATCGTGACTA-1,2
GCGATCGAGCAAGGAA-1,1
GCGATCGCACGGTGAA-1,5
GCGATCGGTTTACACG-1,3
GCGATCGTCACGTAGT-1,4
GCGATCGTCATGAAAG-1,3
GCGATCGTCTCGCCTA-1,4
GCGGAAACAGTCGGTC-1,5
GCGGATCAGATCCCAT-1,2
GCGGATCAGCCTCAGC-1,2
GCGGATCCACTGGACC-1,2
GCGGATCTCACGGAGA-1,4
GCGTGCAAGATCCGAG-1,3
GCGTGCAAGTCCTACA-1,7
GCGTGCACACCGGTCA-1,5
GCGTGCAGTAACGCGA-1,2
GCGTTTCCAACCACGC-1,3
GCGTTTCCAATTGTGC-1,2
GCGTTTCCACATTCGA-1,1
GCGTTTCGTCAAATCC-1,3
GCGTTTCGTCACTAGT-1,7
GCTACAAAGACAAGCC-1,6
GCTACAATCCAACACA-1,2
GCTACAATCTTCCAGC-1,4
GCTACCTAGGCTAGCA-1,1
GCTACCTGTCGTCAGC-1,1
GCTACCTTCACTACGA-1,1
GCTACCTTCTTCCAGC-1,1
GCTCAAAAGTAGTGCG-1,5
GCTCAAAGTACCAGAG-1,5
GCTCAAAGTTCTAACG-1,3
GCTGAATAGTCGAAGC-1,2
GCTGAATGTATCGCGC-1,2
GCTGAATTCGGCATCG-1,5
GCTGAATTCTCAGTCC-1,1
GCTGCAGAGAAATCCA-1,6
GCTGCAGCACTATCCC-1,6
GCTGCAGCAGTTAAAG-1,3
GCTGCAGGTCGAAGCA-1,2
GCTGCAGGTGGACTGA-1,2
GCTGCAGTCACCTGTC-1,1
GCTGGGTAGGTATCTC-1,1
GCTGGGTCATTGCCTC-1,5
GCTGGGTGTTGTGTTG-1,2
GCTTCACAGTTGCTCA-1,3
GCTTCACCAGGAGGTT-1,6
GCTTCACGTCGTCAGC-1,2
GCTTCACGTGGTTTAC-1,1
GCTTCACGTTGGCCGT-1,5
GCTTGGGAGCGACTGA-1,2
GCTTGGGAGGAGATAG-1,3
GCTTGGGAGGTCGAGT-1,6
GCTTGGGCAGTCGTTA-1,1
GCTTGGGGTAGGCAAC-1,4
GCTTGGGGTTGCTAGT-1,1
GCTTGGGTCCGAGATT-1,5
GCTTGGGTCGTTCATT-1,5
GCTTGGGTCTAAGAAG-1,2
GCTTGGGTCTTGGAAC-1,1
GCTTTCGAGAACGTGC-1,1
GCTTTCGAGCAGCCCT-1,3
GCTTTCGAGTGCTAGG-1,2
GCTTTCGAGTGGTTAA-1,3
GCTTTCGAGTTTCAGC-1,2
GCTTTCGCAACGCCCA-1,7
GCTTTCGCACTACGGC-1,5
GCTTTCGCATCGATAC-1,1
GCTTTCGCATGAGATA-1,3
GCTTTCGGTCACCGCA-1,5
GCTTTCGGTTAAACCC-1,2
GGAACCCAGAATAACC-1,2
GGAACCCGTCATATGC-1,1
GGAACCCTCAGAGCGA-1,1
GGAACCCTCGGTTCAA-1,6
GGAAGTGAGACTCCGC-1,1
GGAAGTGAGGAGTATT-1,3
GGAAGTGAGGCATCGA-1,3
GGAAGTGAGTCGCCCA-1,6
GGAAGTGCAATTCGTG-1,3
GGAAGTGCAGCTCTGG-1,2
GGAAGTGGTACCGGCT-1,1
GGAAGTGGTACTGAGG-1,3
GGAAGTGGTCTGTTAG-1,3
GGAATCTCACGCCAGT-1,7
GGAATCTCATTGCTTT-1,2
GGAATCTTCATTGGTG-1,6
GGAATGGCATACAGCT-1,2
GGAATGGGTGATTCAC-1,3
GGAATGGTCGGCTCTT-1,1
GGACGTCAGCAACTCT-1,7
GGACGTCCATAGAATG-1,4
GGACGTCCATGGGATG-1,1
GGACGTCGTATCGAGG-1,3
GGACGTCGTCCTGTCT-1,2
GGACGTCTCTTCCAGC-1,5
GGAGAACCAAGGACAC-1,2
GGAGAACCACAAAGCG-1,3
GGAGAACTCAATCCAG-1,1
GGAGAACTCGTCGACG-1,4
GGAGAACTCTTCGTAT-1,2
GGAGATGGTACTGTTG-1,1
GGAGATGGTGTAGGAC-1,2
GGAGATGTCCACTTTA-1,5
GGAGCAAAGACAAGCC-1,3
GGAGCAAAGGTTTGAA-1,5
GGAGCAAGTTTACTTC-1,3
GGAGCAATCCATGCAA-1,1
GGAGCAATCCCAAGCG-1,1
GGAGCAATCGGTCAGC-1,3
GGAGGATCAGCTTCCT-1,3
GGAGGATGTACTGAGG-1,3
GGAGGATGTCGAAACG-1,3
GGAGGTAAGACCCGCT-1,4
GGAGGTAAGCAGATAT-1,4
GGAGGTACAGAAGCGT-1,6
GGAGGTACAGGCTCTG-1,7
GGAGGTACATGACCCG-1,5
GGAGGTAGTTAATCGC-1,2
GGAGGTATCAGCACCG-1,1
GGAGGTATCATTGCTT-1,1
GGATCTACATCACAGT-1,2
GGATCTAGTGTTTACG-1,3
GGATCTATCAGGGATG-1,5
GGATCTATCCAACTAG-1,1
GGATCTATCTAGTCAG-1,6
GGATGTTAGCCATTGT-1,6
GGATGTTAGCCTGAAG-1,1
GGATGTTAGGCCATAG-1,3
GGATGTTGTGGCGCTT-1,3
GGATGTTGTGGGTCAA-1,3
GGCACGTAGGACTAAT-1,5
GGCACGTAGGGTAATT-1,3
GGCACGTAGTGTAGTA-1,3
GGCACGTCAAGATGGC-1,3
GGCACGTTCAAATGCC-1,1
GGCACGTTCACTTTGT-1,1
GGCACGTTCGCAATTG-1,1
GGCACGTTCTTGAGCA-1,2
GGCAGTCAGGTGGTTG-1,5
GGCAGTCGTCAGACGA-1,3
GGCAGTCGTCAGGTGA-1,3
GGCAGTCTCACTTCTA-1,1
GGCGTCAAGAGCATAT-1,3
GGCGTCAAGAGTCAAT-1,2
GGCGTCAAGCATCAGG-1,2
GGCGTCACAGAATTCC-1,4
GGCGTCACAGATCCAT-1,3
GGCGTCAGTATAGCTC-1,5
GGCGTCAGTGGTATGG-1,2
GGCGTCATCCAGCTCT-1,5
GGCGTCATCTGTCGTC-1,5
GGCTGTGAGCGCCCAT-1,6
GGCTGTGCACATTACG-1,1
GGCTGTGTCTTGGGCG-1,2
GGCTTGGAGGCTTTCA-1,6
GGCTTGGGTAGAGTTA-1,3
GGCTTGGGTCTCGGGT-1,6
GGCTTGGTCGAAGTGG-1,4
GGCTTTCAGAGTGAAG-1,5
GGCTTTCAGGTGAGAA-1,3
GGCTTTCCACCAGCGT-1,1
GGCTTTCCACTCACTC-1,2
GGCTTTCGTACGGATG-1,5
GGCTTTCGTGAGCAGT-1,5
GGCTTTCGTTCCTTGC-1,2
GGCTTTCTCTATCGTT-1,1
GGCTTTCTCTGGACTA-1,3
GGGAAGTAGTTCCTGA-1,3
GGGAAGTCAAGCGGAT-1,2
GGGAAGTGTATGGTTC-1,3
GGGAAGTGTCTAACGT-1,2
GGGAAGTTCCTACCGT-1,5
GGGAAGTTCGATTTCT-1,2
GGGACAAAGCATGATA-1,1
GGGACAAAGCTCATAC-1,1
GGGACAAAGGTAAGGA-1,5
GGGACAAGTAGCCCTG-1,3
GGGACAAGTTGGGACA-1,2
GGGACAAGTTTAGTCG-1,2
GGGACAATCAAACTGC-1,2
GGGACAATCGGTCAGC-1,4
GGGACAATCTAGTGAC-1,1
GGGACCTAGTAGGAAG-1,3
GGGACCTCACGGAAGT-1,7
GGGACCTCATAAGCAA-1,6
GGGACCTGTACTCCCT-1,1
GGGACCTGTCGTCATA-1,5
GGGACCTGTTCGGTAT-1,5
GGGACCTGTTGGGCCT-1,2
GGGACCTTCGCTGTTC-1,1
GGGACCTTCGTTTACT-1,3
GGGACTCAGCGGTAAC-1,1
GGGACTCAGTGACCTT-1,3
GGGACTCCACTCTGCT-1,1
GGGACTCGTATTCCGA-1,7
GGGACTCGTCATAGTC-1,2
GGGACTCTCCATTCAT-1,4
GGGACTCTCGGAAGGT-1,2
GGGACTCTCTTGTGCC-1,4
GGGAGATAGATTAGTG-1,3
GGGAGATAGGAATTAC-1,3
GGGAGATGTGGACTAG-1,4
GGGAGATTCGTTGCCT-1,2
GGGAGTAAGCGGGTAT-1,2
GGGAGTACAGTCGAGA-1,2
GGGAGTAGTAGATTGA-1,1
GGGAGTAGTAGTCGGA-1,2
GGGAGTATCACCCTCA-1,4
GGGAGTATCCTCATAT-1,3
GGGAGTATCGCTGCGA-1,1
GGGATCCAGAAGGGAT-1,2
GGGATCCCATGGCCCA-1,5
GGGATCCGTATCTCGA-1,5
GGGATCCGTCATTGCA-1,4
GGGATCCGTCGAGCTC-1,3
GGGATCCTCATGGAGG-1,7
GGGATGAAGTAGGTTA-1,2
GGGATGACAAGTGTCT-1,3
GGGATGACAGCACACC-1,3
GGGATGACATCCCACT-1,7
GGGATGAGTATATGGA-1,2
GGGATGAGTTCGAACT-1,2
GGGATGAGTTGACTAC-1,1
GGGCCATAGGTCACCC-1,1
GGGCCATAGTACGTCT-1,4
GGGCCATGTAACTGCT-1,3
GGGCCATGTACGCTAT-1,3
GGGCCATGTCCGAAGA-1,4
GGGCCATTCAACTGAC-1,7
GGGCGTTAGACATCCT-1,5
GGGCGTTAGGAATGTT-1,7
GGGCGTTCAATTGCTG-1,1
GGGCGTTGTACCGTGC-1,3
GGGCGTTGTCTGTGGC-1,5
GGGCTACAGAATTGCA-1,5
GGGCTACAGATGTAGT-1,3
GGGCTACAGCACTCTA-1,6
GGGCTACAGCAGTAAT-1,3
GGGCTACCACCTCGTT-1,4
GGGCTACTCATAGCAC-1,3
GGGCTCAAGTTTCGAC-1,1
GGGCTCAGTCACGTGC-1,2
GGGCTCATCATCGACA-1,1
GGGCTCATCCCATAGA-1,1
GGGCTCATCCTCAGGG-1,7
GGGCTCATCTTGGTGA-1,6
GGGTAGACAGCTTCCT-1,2
GGGTAGATCATGACAC-1,6
GGGTAGATCCATCTGC-1,3
GGGTATTCACCAGACC-1,4
GGGTATTCACCCTAGG-1,3
GGGTATTCATGACTAC-1,5
GGGTCACAGCTAAACA-1,1
GGGTCACAGGCCCACT-1,2
GGGTCACAGTAAATGC-1,5
GGGTCACGTAATTAGG-1,4
GGGTCACGTCCGGTGT-1,2
GGGTCACGTGAAGCTG-1,2
GGGTCTGAGTAAAGCT-1,3
GGGTCTGCAAGCAATA-1,7
GGGTCTGCACCCTGTT-1,6
GGGTCTGCAGACACAG-1,1
GGGTCTGCAGACACCC-1,3
GGGTCTGCAGTCCCGA-1,2
GGGTCTGGTCGAGTGA-1,2
GGGTCTGTCCATCTCG-1,3
GGGTGAAAGGTGCAGT-1,5
GGGTGAAGTCGACTGC-1,6
GGGTGTCCAGAGTGAC-1,3
GGGTGTCGTTCTATCT-1,3
GGGTTATAGTACAGCG-1,7
GGGTTATCAATGCAGG-1,2
GGGTTATCAGCGAACA-1,5
GGGTTATCAGTTGTCA-1,2
GGGTTATCATGAGAAT-1,4
GGGTTATCATGATCTG-1,3
GGGTTATGTGTCCAAT-1,5
GGGTTATGTGTCTAAC-1,1
GGGTTATGTTGCTTGA-1,6
GGGTTATTCGACACCG-1,2
GGGTTTAGTATGAAGT-1,3
GGGTTTAGTGTCCGTG-1,2
GGGTTTATCCAGGACC-1,6
GGTAACTAGAATTGTG-1,6
GGTAACTAGAGATTCA-1,6
GGTAACTAGCACTCTA-1,2
GGTAACTCAACTCGTA-1,2
GGTAACTCACGTACTA-1,7
GGTAATCAGACCAACG-1,5
GGTAATCCAGAATTCC-1,4
GGTAATCCAGCGAACA-1,2
GGTAATCCAGTCTCTC-1,1
GGTAGAGAGCGATGAC-1,4
GGTAGAGAGGTGCCTC-1,1
GGTAGAGCAATACCTG-1,1
GGTAGAGCATGGTACT-1,2
GGTAGAGGTCGCGTTG-1,7
GGTAGAGGTGACCTGC-1,6
GGTAGAGTCAGATTGC-1,2
GGTAGAGTCATCGACA-1,2
GGTCACGAGCGGTAGT-1,2
GGTCACGAGTCGTTAC-1,3
GGTCACGCATGGGTTT-1,2
GGTCTGGAGGTCACAG-1,2
GGTCTGGAGTGGTCAG-1,2
GGTCTGGCAAAGGATT-1,1
GGTCTGGGTTAGGAGC-1,2
GGTCTGGGTTGCGGAA-1,5
GGTCTGGGTTGGGAAC-1,3
GGTCTGGTCACTTTGT-1,1
GGTCTGGTCCATTCAT-1,1
GGTCTGGTCGTAGAGG-1,4
GGTGAAGAGTACCGGA-1,3
GGTGAAGCAAAGTGTA-1,5
GGTGAAGCAAGGAGTC-1,3
GGTGAAGCACTACGGC-1,1
GGTGAAGGTACCTAGT-1,2
GGTGAAGGTAGCTTTG-1,3
GGTGAAGGTTCGGACC-1,2
GGTGAAGTCATAGACC-1,3
GGTGAAGTCGAGCCAC-1,7
GGTGAAGTCGGTTGTA-1,2
GGTGAAGTCTCTAAGG-1,6
GGTGATTAGCCGTCGT-1,2
GGTGATTAGGTGCAGT-1,4
GGTGATTTCACACCGG-1,1
GGTGATTTCCTGGTCT-1,1
GGTGATTTCGATAACC-1,1
GGTGATTTCTACTCAT-1,4
GGTGATTTCTTGTTAC-1,7
GGTGGCTAGCATGGGT-1,3
GGTGGCTAGCGATGCA-1,3
GGTGGCTCATATAGCC-1,1
GGTGGCTCATGTTCAG-1,4
GGTGGCTGTGCACGCT-1,6
GGTGGCTGTTCAATCG-1,2
GGTGGCTTCCTTATAC-1,3
GGTGGCTTCTGAGTCA-1,4
GGTGTCGAGAACAGGA-1,3
GGTGTCGAGAGCACTG-1,2
GGTGTCGAGCATCAGG-1,2
GGTGTCGCAAATCAAG-1,2
GGTGTCGCAGAGGCTA-1,2
GGTGTCGTCCACAGCG-1,5
GGTGTCGTCTAGTTCT-1,1
GGTGTTACATGGGCAA-1,2
GGTGTTAGTTACGTAC-1,2
GGTGTTATCGCCTAGG-1,3
GGTGTTATCTTCCGTG-1,1
GGTTAACAGCGACTTT-1,2
GGTTAACCAACTCGAT-1,5
GGTTAACCAGACTCTA-1,4
GGTTCTCAGTAGGAAG-1,2
GGTTCTCCAATCTCGA-1,1
GGTTCTCCACTCCCTA-1,2
GGTTCTCCAGGCTACC-1,2
GGTTCTCGTGACTCTA-1,4
GGTTCTCTCCGCTGTT-1,1
GGTTCTCTCGATACTG-1,6
GGTTCTCTCTTCTAAC-1,2
GGTTGTAAGATTGAGT-1,3
GGTTGTAAGCTGTTCA-1,6
GGTTGTAAGGGCAAGG-1,1
GGTTGTAGTAACCAGG-1,2
GGTTGTAGTAACGGTG-1,3
GGTTGTAGTACAGTCT-1,2
GGTTGTAGTACGTACT-1,3
GGTTGTAGTCCCTAAA-1,5
GGTTGTAGTGATTAGA-1,5
GGTTGTATCTGAGTCA-1,7
GGTTGTATCTTGTTAC-1,4
GTAACACAGCTTTGTG-1,5
GTAACACCAATTGCAC-1,7
GTAACACCAGGTCAAG-1,4
GTAACCAAGATGTTAG-1,2
GTAACCAAGCCAGAGT-1,7
GTAACCAAGCCTCTGG-1,5
GTAACCACATGGTGGA-1,1
GTAACCAGTAATCAGA-1,5
GTAACCAGTTGGACCC-1,3
GTAACCATCTGTCGTC-1,5
GTAAGTCAGATTGCGG-1,5
GTAAGTCAGGTGCATG-1,1
GTAAGTCAGGTTACCT-1,5
GTAAGTCAGTTGGACG-1,5
GTAAGTCCAAGAATAC-1,7
GTAAGTCGTACTCGAT-1,3
GTAAGTCGTAGAAACT-1,1
GTAAGTCGTCCAACGC-1,5
GTAAGTCTCATCCTGC-1,6
GTAAGTCTCCTGGGTG-1,5
GTAAGTCTCTCTTAAC-1,6
GTAATCGAGAAGAACG-1,2
GTAATCGAGAGCTGAC-1,3
GTAATCGAGCGTCAGA-1,2
GTAATCGCACGTAGTT-1,5
GTAATCGGTAACTTCG-1,3
GTAATCGGTCACCCTT-1,6
GTAATCGTCATTTGGG-1,2
GTAATCGTCTCCTGTG-1,5
GTAATCGTCTTTACAC-1,4
GTAATGCCACGACAGA-1,4
GTAATGCCACTCCACT-1,2
GTAATGCCAGGTGTTT-1,2
GTAATGCGTCATCGGC-1,6
GTAATGCGTCCCTGTT-1,4
GTAATGCGTCTGTGGC-1,5
GTAATGCGTTCTCTCG-1,1
GTAATGCTCAAGCGTT-1,4
GTACAACAGACCGCCT-1,3
GTACAACAGGTGATCG-1,5
GTACAACCACACGGAA-1,2
GTACAACCAGAACTCT-1,3
GTACAACCAGTGACCC-1,7
GTACAACGTCTGTAGT-1,4
GTACAACGTGAGTTGG-1,2
GTACAACGTGGCTGAA-1,3
GTACAGTCAAGACGAC-1,1
GTACAGTCACACGTGC-1,4
GTACAGTCATAGGTAA-1,2
GTACAGTGTGAATTAG-1,6
GTACAGTGTGTCGCTG-1,2
GTACAGTGTTCCTTGC-1,2
GTACAGTTCACGATCA-1,2
GTACAGTTCGCCTTGT-1,6
GTACAGTTCTCTCGCA-1,1
GTAGAAATCGTAGCTA-1,3
GTAGAAATCTCCCATG-1,5
GTAGAGGAGCGTCTGC-1,3
GTAGAGGCAGCGGATA-1,4
GTAGAGGCATCGATAC-1,2
GTAGAGGCATTAAAGG-1,5
GTAGAGGTCTCCCAAC-1,3
GTAGAGGTCTGAACGT-1,1
GTAGATCCAAGTTGGG-1,2
GTAGATCGTGTTCGAT-1,3
GTAGCTAAGAAACTGT-1,2
GTAGCTAAGATTAGAC-1,2
GTAGCTACAACTCCCT-1,3
GTAGCTACACTGGAAG-1,3
GTAGCTATCAAGCTGT-1,4
GTAGGAGCACCTAAAC-1,5
GTAGGAGCATAGTCGT-1,2
GTAGGAGGTATCGTGT-1,2
GTAGGAGGTGAGACGT-1,3
GTAGGAGTCTCTGAGA-1,3
GTAGGTTAGTGGAAAG-1,3
GTAGGTTCACAAGTTC-1,1
GTAGGTTCAGACGCTC-1,3
GTAGGTTGTGGGACAT-1,3
GTAGGTTGTTGCTCCT-1,1
GTAGTACTCATCTATC-1,5
GTATTGGAGCCACAAG-1,3
GTATTGGCATCACCAA-1,7
GTATTGGGTGCCTGAC-1,5
GTATTGGTCGAAGGAC-1,2
GTATTTCCACTACCGG-1,6
GTATTTCCATCTGTTT-1,6
GTATTTCGTAAGATCA-1,1
GTATTTCGTCTCCTGT-1,1
GTATTTCTCGTCAGAT-1,7
GTCAAACAGCACCTGC-1,1
GTCAAACCATCAGCTA-1,2
GTCAAACCATGCACTA-1,1
GTCAAACGTTCAGGTT-1,1
GTCAAGTCAAAGTGTA-1,1
GTCAAGTCAGTTTGGT-1,2
GTCAAGTTCGCCAATA-1,4
GTCAAGTTCGGAGTAG-1,3
GTCAAGTTCTTGGAAC-1,5
GTCACGGAGCCTAGGA-1,1
GTCACGGAGCGCTGCT-1,1
GTCACGGGTACGCGTC-1,2
GTCACGGGTAGGGTAC-1,5
GTCACGGGTAGTTAGA-1,2
GTCACGGGTCAACCTA-1,1
GTCACGGGTGGATCGA-1,2
GTCACGGTCCACAGCG-1,5
GTCACGGTCCTAGAGT-1,6
GTCACGGTCGGTAGGA-1,7
GTCACTCAGTACAGAT-1,2
GTCACTCAGTCGCCAC-1,4
GTCACTCCACGAGAAC-1,3
GTCACTCGTGGGTATG-1,3
GTCACTCTCGCACTCT-1,6
GTCAGCGAGGATAATC-1,2
GTCAGCGAGTCAGCGA-1,5
GTCAGCGCAACGGCCT-1,7
GTCAGCGCAGGAATAT-1,1
GTCAGCGTCTGAACGT-1,3
GTCATCCAGCAGATAT-1,2
GTCATCCAGCTCCACG-1,2
GTCATCCAGTGGTTAA-1,1
GTCATCCCAACTACGT-1,1
GTCATCCCACGGTGCT-1,2
GTCATCCGTCCGTTTC-1,1
GTCATCCTCATTCCTA-1,1
GTCATGAAGCGAGTCA-1,3
GTCATGAAGTAAATGC-1,5
GTCATGAAGTCTCCTC-1,5
GTCATGACACTTGTCC-1,5
GTCATGACATGCCGCA-1,2
GTCATGAGTAAGTAGT-1,2
GTCATGAGTAGGGAGG-1,2
GTCATGATCAAGTAAG-1,2
GTCATGATCACCGGGT-1,7
GTCATGATCTCATTAC-1,1
GTCATTTAGGTAAAGG-1,2
GTCATTTCAGACACAG-1,5
GTCATTTCAGCGCGTT-1,5
GTCATTTCATCGCTCT-1,2
GTCATTTGTACCCGCA-1,7
GTCATTTGTCACAATC-1,2
GTCATTTGTTTACACG-1,3
GTCATTTTCCAGCAAT-1,2
GTCCACTAGTGCGCTC-1,2
GTCCACTAGTTGCCTA-1,1
GTCCACTGTCGTCAGC-1,4
GTCCACTGTGTTCGAT-1,1
GTCCACTTCAGAGCGA-1,3
GTCCACTTCCTCATAT-1,2
GTCCCATAGAAACCCG-1,5
GTCCCATAGGCAGTCA-1,3
GTCCCATAGGTAAACT-1,6
GTCCCATCACCGTGCA-1,7
GTCCCATCAGGCAATG-1,5
GTCCCATGTATAGGAT-1,3
GTCCCATTCATCCTGC-1,3
GTCCCATTCCGCAACG-1,4
GTCCCATTCGATACGT-1,5
GTCCCATTCTACTCAT-1,3
GTCCCATTCTAGGCCG-1,7
GTCCTCACACTTTATC-1,1
GTCCTCAGTTCTTGTT-1,4
GTCCTCAGTTGGGACA-1,1
GTCGAATAGGCCCGTT-1,2
GTCGAATAGGTCTACT-1,3
GTCGAATCAGGTCAGA-1,5
GTCGAATGTCGTTATG-1,6
GTCGAATTCAAACTGC-1,6
GTCGAATTCGCTTGAA-1,3
GTCGAATTCGGTTAGT-1,4
GTCGAATTCTTCCCAG-1,6
GTCGCGAAGCGCCGTT-1,3
GTCGCGAAGTCTGCAT-1,3
GTCGCGACAAACAGGC-1,5
GTCGCGACACAGTGAG-1,2
GTCGCGAGTCTGCATA-1,2
GTCGCGATCACGACTA-1,1
GTCGTAAAGAGGTATT-1,2
GTCGTAAAGCTATCCA-1,1
GTCGTAACAATCAGCT-1,3
GTCGTAACACCTGCGA-1,3
GTCGTAACAGACGATG-1,2
GTCGTAACATGTAACC-1,2
GTCGTAAGTCATCGGC-1,2
GTCGTTCAGTCATAGA-1,5
GTCGTTCCACTGGCGT-1,3
GTCGTTCCAGGACGAT-1,4
GTCGTTCCAGTTAGGG-1,3
GTCGTTCGTCACTACA-1,4
GTCGTTCGTGAGGATC-1,3
GTCTACCAGAACGTGC-1,3
GTCTACCGTACTCGTA-1,4
GTCTACCTCAGTCCGG-1,2
GTCTACCTCATGAGAA-1,2
GTCTACCTCGTAGAGG-1,5
GTCTACCTCTCCCTAG-1,7
GTCTACCTCTTCCCGA-1,7
GTCTAGAAGTGGATTA-1,1
GTCTAGACAGCGTTGC-1,6
GTCTAGATCAAACTGC-1,5
GTCTCACAGGCATCTT-1,1
GTCTCACCACGCGGTT-1,1
GTCTCACCACTTCATT-1,1
GTCTCACGTACATACC-1,3
GTCTCACGTAGGAGGG-1,6
GTCTCACTCACACCCT-1,4
GTCTCACTCGGAAGGT-1,2
GTCTGTCAGGAAGAAC-1,3
GTCTGTCCATCCAACA-1,1
GTCTGTCGTTAGGGTG-1,3
GTCTGTCTCTGTCGCT-1,4
GTCTTTAAGGTCGACA-1,4
GTCTTTAGTACTGCCG-1,1
GTCTTTATCCTGGCTT-1,1
GTCTTTATCTCAGTCC-1,4
GTGACGCCACTGGCCA-1,3
GTGACGCGTGATATAG-1,4
GTGACGCTCAAGTGTC-1,6
GTGACGCTCCTCACGT-1,7
GTGACGCTCCTTCGAC-1,1
GTGACGCTCGTTCAGA-1,3
GTGAGCCAGACTAGAT-1,7
GTGAGCCAGCGCCGTT-1,3
GTGAGCCAGCTGGCTC-1,3
GTGAGCCAGTGGTCAG-1,3
GTGAGCCCAAACTCTG-1,2
GTGAGCCCAGCTGAAG-1,5
GTGAGCCGTGAGCCAA-1,6
GTGAGCCGTGGTCCGT-1,2
GTGAGCCGTTCTTCAT-1,5
GTGAGCCTCACACCCT-1,3
GTGAGCCTCGATTCCC-1,2
GTGAGCCTCTTTGCGC-1,6
GTGAGGACACCCAATA-1,5
GTGAGGAGTAATGCTC-1,6
GTGAGGAGTCATCCCT-1,2
GTGAGGAGTTGCCAAT-1,3
GTGAGGAGTTGCTCCT-1,4
GTGAGGATCACGACTA-1,1
GTGAGTTAGAAGTGTT-1,2
GTGAGTTGTCCTTGTC-1,4
GTGAGTTTCGCAGAGA-1,5
GTGAGTTTCTGCCTGT-1,3
GTGATGTAGATAGTCA-1,6
GTGATGTCAATTGCTG-1,4
GTGATGTCACCTCTGT-1,5
GTGATGTGTAAGGCCA-1,5
GTGATGTGTCATCCGG-1,1
GTGATGTTCCTCGATC-1,7
GTGCACGAGCTCTATG-1,3
GTGCACGAGGGAGGAC-1,5
GTGCACGCACGAAAGC-1,1
GTGCACGGTTTGGGAG-1,1
GTGCAGCAGGGATCAC-1,3
GTGCAGCCAGGTGTTT-1,2
GTGCAGCCAGTTAAAG-1,3
GTGCAGCTCCAGCTCT-1,7
GTGCAGCTCTACGCAA-1,1
GTGCAGCTCTAGACAC-1,4
GTGCAGCTCTTCCCGA-1,1
GTGCGTGAGGACTATA-1,2
GTGCGTGAGGGAGGTG-1,2
GTGCGTGAGTCGCCAC-1,2
GTGCGTGGTATATGGA-1,3
GTGCGTGGTGGCAGAT-1,4
GTGCGTGTCTGATGGT-1,3
GTGCTGGAGACGACGT-1,3
GTGCTGGAGTGCAACG-1,5
GTGCTGGCAGACACCC-1,7
GTGCTGGTCAGCTCTC-1,1
GTGCTGGTCCTACACC-1,5
GTGCTTCAGAGTCGAC-1,5
GTGCTTCAGGACGCTA-1,1
GTGCTTCCACGTTGGC-1,3
GTGCTTCGTGACTCTA-1,3
GTGCTTCTCTGGTGCG-1,4
GTGCTTCTCTTCTGGC-1,5
GTGGAAGAGTATGTAG-1,3
GTGGAAGGTCTCGGAC-1,5
GTGGAAGGTGACAGCA-1,2
GTGGAAGTCCCAAGTA-1,3
GTGGAGAAGGAATTAC-1,2
GTGGAGACATCCGTTC-1,5
GTGGAGATCAACACCA-1,1
GTGGAGATCAACACGT-1,6
GTGGCGTTCCGTAATG-1,3
GTGGCGTTCGGTCAGC-1,1
GTGGGAAAGGATTACA-1,2
GTGGGAAAGGTGCTAG-1,5
GTGGGAACAACCTATG-1,5
GTGGGAACATACCATG-1,7
GTGGGAAGTTAAGGAT-1,3
GTGGGAATCCATTCAT-1,2
GTGGGAATCGTGAGAG-1,4
GTGGTTAAGTAACGTA-1,3
GTGGTTACACTGGAAG-1,3
GTGGTTACAGGACTTT-1,2
GTGGTTACATCTTAGG-1,3
GTGGTTAGTGGTACAG-1,2
GTGGTTAGTTCTCGCT-1,6
GTGGTTAGTTGCGGAA-1,3
GTGGTTATCAATCAGC-1,1
GTGTAACGTAGCTCGC-1,7
GTGTAACGTTCGCGTG-1,2
GTGTCCTCAACTGTGT-1,1
GTGTCCTCAGCGTTGC-1,7
GTGTCCTGTTGTCAGT-1,1
GTGTCCTTCGTTCTAT-1,4
GTGTGATAGACTCATC-1,6
GTGTGATCAAGGAGTC-1,2
GTGTGATCACAGAGCA-1,1
GTGTGATCAGCTCCTT-1,6
GTGTGATGTAATTAGG-1,3
GTGTGATGTATCGAGG-1,3
GTGTGATGTTCGGTCG-1,2
GTGTGATTCCTCACCA-1,3
GTGTGATTCTTCCAGC-1,3
GTGTGGCCAGTTTCGA-1,6
GTGTGGCGTGACATCT-1,2
GTGTGGCGTGTTTACG-1,3
GTGTGGCTCGGTTAGT-1,7
GTGTGGCTCTACGCAA-1,7
GTGTTAGAGAGCAGTC-1,3
GTGTTAGCAATACAGA-1,4
GTGTTAGCACAGCTGC-1,2
GTGTTAGCAGACGGAT-1,4
GTGTTAGGTCGCCTAG-1,2
GTGTTAGTCCCAAGTA-1,6
GTGTTCCCAGTCTCTC-1,5
GTGTTCCGTCCCGCAA-1,3
GTGTTCCTCGCGAAGA-1,3
GTTACAGCAAGCCTGC-1,5
GTTACAGTCTGACCCT-1,1
GTTACCCAGATGCTTC-1,1
GTTACCCAGTAGTCTC-1,3
GTTACCCCACATGAAA-1,1
GTTACCCCATATCTCT-1,2
GTTACCCCATGACGTT-1,3
GTTACCCGTGTATCCA-1,2
GTTACCCGTTAAGACA-1,2
GTTACCCGTTGCATGT-1,2
GTTACCCTCTTAGCTT-1,3
GTTACGACATGGGCAA-1,1
GTTACGAGTCATCACA-1,5
GTTACGAGTGCACGCT-1,2
GTTACGATCCGGGACT-1,5
GTTAGACAGCTGTTCA-1,4
GTTAGACAGGAGGTTC-1,4
GTTAGACCACCCAATA-1,3
GTTAGACGTCTTTATC-1,5
GTTAGACTCCTGGCTT-1,6
GTTAGACTCGGCGATC-1,2
GTTAGACTCTACCAGA-1,1
GTTAGACTCTCTCTAA-1,1
GTTAGACTCTGTGTGA-1,4
GTTAGTGCACGGTGTC-1,3
GTTAGTGCATGATCTG-1,4
GTTAGTGTCCCTTGGT-1,7
GTTAGTGTCCTGGGTG-1,2
GTTAGTGTCCTGTACC-1,4
GTTATGGAGCGTGCCT-1,3
GTTATGGAGTCAGGGT-1,3
GTTATGGGTACATTGC-1,4
GTTATGGGTCCGAAGA-1,5
GTTATGGGTGACACAG-1,6
GTTCATTAGACCGCCT-1,2
GTTCATTCATTCCTCG-1,4
GTTCATTTCATCGTAG-1,3
GTTCCGTAGAAACCCG-1,2
GTTCCGTAGAGCCGAT-1,3
GTTCCGTAGTATGAGT-1,5
GTTCCGTCACACTGGC-1,6
GTTCCGTCACGTAACT-1,1
GTTCCGTCATTAAGCC-1,4
GTTCCGTTCTTCACAT-1,6
GTTCCGTTCTTGATTC-1,3
GTTCGCTAGAGTTGCG-1,2
GTTCGCTAGCGTTCAT-1,4
GTTCGCTAGTGTTGTC-1,2
GTTCGCTCAGGTATGG-1,2
GTTCGCTGTATCAGGG-1,5
GTTCGCTTCATCGGGC-1,3
GTTCGCTTCCAACCGG-1,5
GTTCGCTTCCCTAGGG-1,1
GTTCTATAGGTAGACC-1,5
GTTCTATCACATATGC-1,6
GTTCTATTCCTAGCGG-1,3
GTTGAACCACGTAGAG-1,5
GTTGAACGTGCCCACA-1,1
GTTGAACGTGTCACAT-1,2
GTTGAACGTTAGGGTG-1,5
GTTGAACTCAGTCAGT-1,1
GTTGAACTCCCATTTA-1,4
GTTGCGGAGCTTAGTC-1,1
GTTGCGGAGGGATCTG-1,2
GTTGCGGAGTCAACAA-1,2
GTTGCGGAGTGCGTCC-1,3
GTTGCGGCACCCATAA-1,2
GTTGCGGGTAGCGAGT-1,3
GTTGCGGGTATTGGCT-1,5
GTTGCGGTCATGCAGT-1,2
GTTGCGGTCTTGAGCA-1,5
GTTGCTCAGAGTCTTC-1,4
GTTGCTCAGCCATTCA-1,6
GTTGCTCCAACCACAT-1,7
GTTGCTCCAATGTGGG-1,2
GTTGCTCGTACAACGG-1,2
GTTGCTCGTCATGCAT-1,2
GTTGTAGAGGGACCAT-1,5
GTTGTAGCACCATATG-1,1
GTTGTAGCAGGGAATC-1,4
GTTGTAGCATCCCGTT-1,4
GTTGTAGGTAGACGTG-1,2
GTTGTAGGTCCACTCT-1,2
GTTGTAGGTCGTGGAA-1,2
GTTGTAGGTTAGCGGA-1,2
GTTGTAGTCATGGTAC-1,2
GTTGTAGTCGACCATA-1,1
GTTGTAGTCGCAGAGA-1,3
GTTGTAGTCTGGTGGC-1,4
GTTGTCCAGTACTGGG-1,7
GTTGTCCCAGAGAAAG-1,7
GTTGTCCTCCATCTGC-1,7
GTTGTCCTCCCTCTAG-1,5
GTTGTGAAGACTTCAC-1,1
GTTGTGACACCCTATC-1,2
GTTGTGACAGCAGTTT-1,2
GTTGTGAGTGCATTAC-1,7
GTTGTGAGTTCGTACA-1,1
GTTGTGATCGTTACCC-1,4
GTTTACTCACCTATCC-1,7
GTTTACTCAGATCCTA-1,1
GTTTACTCAGGTAGTG-1,7
GTTTACTCAGTCAGAG-1,5
GTTTACTGTTATCTTC-1,4
GTTTACTTCACAGAGG-1,3
GTTTGGAAGGTGCGAT-1,3
GTTTGGAAGTTCCATG-1,2
GTTTGGACACTGAGGA-1,6
GTTTGGACAGCATCTA-1,5
GTTTGGAGTTAGGACG-1,3
GTTTGGATCACTTATC-1,7
GTTTGGATCAGAGCGA-1,5
GTTTGGATCAGCTCTC-1,2
TAACACGAGCCGATTT-1,1
TAACACGCAAAGGCAC-1,5
TAACACGCACCACTGG-1,4
TAACACGGTCATGACT-1,6
TAACACGGTGGATTTC-1,1
TAACACGTCATCTACT-1,4
TAACACGTCTCCTGAC-1,1
TAACCAGAGACGGATC-1,2
TAACCAGAGATTGAGT-1,1
TAACCAGAGGTTCAGG-1,6
TAACCAGCAGACCAGA-1,4
TAACCAGGTTCTTAGG-1,1
TAACCAGTCAGCGGAA-1,2
TAACCAGTCTGCTAGA-1,6
TAACGACAGCGAAACC-1,1
TAACGACAGTACAGAT-1,2
TAACGACCAAGCGAAC-1,6
TAACGACCAATAGGAT-1,2
TAACGACGTTCCTAGA-1,1
TAACGACTCACCTACC-1,1
TAACGACTCACTTGGA-1,1
TAACTTCAGAAGGTAG-1,2
TAACTTCAGCTAGTTC-1,4
TAACTTCAGTACGTCT-1,2
TAACTTCCAAACGAGC-1,3
TAACTTCCAACTTGCA-1,4
TAACTTCCAGGACGAT-1,5
TAACTTCCATTAAGCC-1,6
TAACTTCGTAACATCC-1,3
TAACTTCGTTGAGTCT-1,3
TAACTTCTCATTCTTG-1,1
TAACTTCTCCGGGACT-1,7
TAAGCACAGCGAGTAC-1,3
TAAGCACAGGACGCAT-1,2
TAAGCACCAACATACC-1,1
TAAGCACCAACCGACC-1,1
TAAGCACGTAGCACGA-1,3
TAAGCACGTATGTCAC-1,4
TAAGCCAAGGTCTACT-1,4
TAAGCCAAGTAGGAAG-1,5
TAAGCGTCACAGCCAC-1,2
TAAGCGTCATTCCTCG-1,2
TAAGCGTGTAGTAAGT-1,3
TAAGCGTGTTGTGGAG-1,3
TAAGCGTTCACTGATG-1,3
TAAGCGTTCGAAGCAG-1,3
TAAGTCGAGAAGGTAG-1,3
TAAGTCGAGCCACCGT-1,6
TAAGTCGAGGAGGCAG-1,5
TAAGTCGCAGCCTTCT-1,1
TAAGTCGTCGCAATGT-1,2
TAATCTCGTCGACTGC-1,2
TAATCTCGTGATCGTT-1,3
TAATCTCGTGGTCTAT-1,1
TAATCTCGTTAGGCCC-1,4
TAATCTCGTTGGAGGT-1,3
TAATTCCAGGAGCAAA-1,2
TAATTCCAGTACGTCT-1,6
TAATTCCCAACGAGGT-1,1
TAATTCCCAGTTTGGT-1,3
TAATTCCTCCAGTTCC-1,4
TACAACGAGGATGAGA-1,6
TACAACGAGGCGCTTC-1,3
TACAACGAGTACTGGG-1,7
TACAACGGTCCCGCAA-1,4
TACAACGGTTACCCTC-1,5
TACACCCAGATGTTGA-1,1
TACACCCAGCCATTGT-1,2
TACACCCAGCGTCGAA-1,3
TACACCCCAAATCGGG-1,3
TACACCCCAATTGCCA-1,1
TACACCCCATCATTTC-1,2
TACACCCGTCATTGCA-1,7
TACACCCGTTAAGAAC-1,6
TACACCCGTTCGGACC-1,1
TACAGGTAGCCACTCG-1,4
TACAGGTAGCTAGATA-1,4
TACAGGTAGCTTCGTA-1,4
TACAGGTCAAAGGATT-1,7
TACAGGTCAGCGAACA-1,7
TACAGGTGTAGAGGAA-1,3
TACAGGTGTGACAGGT-1,3
TACAGGTGTTGGTGTT-1,2
TACAGGTTCACCTTGC-1,1
TACATTCAGGAGTACC-1,1
TACATTCCAAATTGCC-1,2
TACATTCTCAGACCTA-1,1
TACATTCTCGCTACAA-1,4
TACCCACAGCGTTCCG-1,5
TACCCACAGGCTAAAT-1,7
TACCCACCAGATACTC-1,1
TACCCACGTAGCTGAG-1,1
TACCCACGTCCAAATC-1,1
TACCCACTCGATGCAT-1,4
TACCCACTCGTGGAAG-1,3
TACCCACTCTGAGAGG-1,2
TACCCGTAGAACCCGA-1,1
TACCCGTCAAGTTCCA-1,3
TACCCGTCACGGCACT-1,1
TACCCGTCAGAAGCGT-1,2
TACCCGTCAGACCTGC-1,4
TACCCGTCATAGTCGT-1,4
TACCCGTTCGACCCAG-1,5
TACCGAAAGCCGAACA-1,4
TACCGAACACATAACC-1,4
TACCGAACAGGACATG-1,6
TACCGAACATCCGTGG-1,1
TACCGAACATTGTCGA-1,2
TACCGAAGTAACCAGG-1,1
TACCGAATCCATAAGC-1,7
TACCGAATCTTCTAAC-1,1
TACCGGGGTAGACGGT-1,3
TACCGGGGTCCAGCCA-1,6
TACCGGGTCCCGTTCA-1,2
TACCGGGTCCTGGGTG-1,5
TACCGGGTCGAGCTGC-1,5
TACCGGGTCTTCCACG-1,1
TACCTCGAGCCTGAAG-1,2
TACCTCGCACGTGTGC-1,2
TACCTCGGTCCGAAAG-1,1
TACCTCGTCGACGCTG-1,2
TACCTCGTCTTAAGGC-1,7
TACCTGCAGCGTCTGC-1,6
TACCTGCAGGTCACCC-1,1
TACCTGCAGGTTAGTA-1,1
TACCTGCCAGCGTGAA-1,1
TACCTGCGTTCGAACT-1,4
TACCTGCTCCTGCCAT-1,1
TACCTGCTCGAGAAGC-1,1
TACCTGCTCTCCTACG-1,3
TACGCTCAGGTAAAGG-1,4
TACGCTCGTACAGGTG-1,4
TACGCTCTCGCCGATG-1,1
TACGGGCAGTCGCGAA-1,3
TACGGGCCAACCCGCA-1,1
TACGGGCGTACGGGAT-1,4
TACGGGCGTTAGAGTA-1,2
TACGGGCTCGCCTCTA-1,5
TACGGTAAGATACGAT-1,3
TACGGTAAGCCATTCA-1,3
TACGGTAAGGCCTGAA-1,4
TACGGTAGTGGTCTGC-1,2
TACGGTAGTTGCAAGG-1,3
TACGGTATCCCACAGG-1,2
TACGGTATCCGACATA-1,7
TACGGTATCGGCTGTG-1,2
TACGTCCAGCCGAACA-1,2
TACGTCCAGGGCAACT-1,2
TACGTCCAGGTCCCGT-1,2
TACGTCCCAGCATACT-1,3
TACGTCCGTCCACTTC-1,1
TACGTCCGTCGAGTTT-1,2
TACGTCCGTCGCACGT-1,5
TACGTCCGTGATAGAT-1,2
TACGTCCTCGTGCATA-1,1
TACGTCCTCTCGGTCT-1,4
TACTGCCAGCAGCAGT-1,2
TACTGCCAGGGATGTC-1,1
TACTGCCCAAGTTGGG-1,1
TACTTACCACATAACC-1,1
TACTTACCATGTTCGA-1,1
TACTTACGTCAGTTTG-1,3
TACTTACGTCGCCACA-1,5
TACTTACGTCGTGGAA-1,4
TACTTACGTCTCTCTG-1,3
TACTTACTCCGTGTAA-1,6
TACTTGTAGACATAGT-1,3
TACTTGTAGGAGGTTC-1,6
TACTTGTCACCTTCCA-1,1
TACTTGTCACGGCCAT-1,4
TACTTGTCATGTGGCC-1,1
TACTTGTGTACGAGTG-1,5
TACTTGTGTTTCGTAG-1,7
TACTTGTTCCCTAGGG-1,6
TACTTGTTCTGATGGT-1,4
TAGACCAAGAGGACTC-1,1
TAGACCACAAGGTCAG-1,1
TAGACCACAATCGAAA-1,1
TAGACCACATGTGACT-1,3
TAGACCAGTCCCTAAA-1,1
TAGACCAGTGAGCGAT-1,3
TAGACCATCTGAGTCA-1,1
TAGACTGAGTAGATCA-1,5
TAGACTGAGTGGTGAC-1,1
TAGACTGCAGCGACAA-1,5
TAGACTGGTCTACATG-1,5
TAGACTGGTGTCCGTG-1,2
TAGAGTCCAATGTCTG-1,3
TAGAGTCCACTTTAGG-1,6
TAGAGTCCAGCAGACA-1,1
TAGAGTCCATCAACCA-1,5
TAGAGTCGTACAAGTA-1,2
TAGAGTCGTTAGAGAT-1,3
TAGAGTCTCTCGTGAA-1,5
TAGAGTCTCTGACGCG-1,2
TAGATCGAGCGTATGG-1,4
TAGATCGAGTTGGGAC-1,6
TAGATCGGTGATGAAT-1,2
TAGCACAAGCGAAACC-1,5
TAGCACAAGGTAGTCG-1,4
TAGCACACAGCAGTTT-1,1
TAGCACAGTCCTTAAG-1,1
TAGGAGGAGTCTAGCT-1,3
TAGGAGGCAGTATTCG-1,3
TAGGAGGTCAATGTCG-1,1
TAGGGTTAGCACAAAT-1,6
TAGGGTTAGGTAAAGG-1,6
TAGGGTTCACTTTAGG-1,5
TAGGGTTCAGTTGTTG-1,5
TAGGGTTGTATAGGGC-1,1
TAGGGTTGTCCACTCT-1,2
TAGGGTTGTGTTTGCA-1,2
TAGGGTTTCCATATGG-1,3
TAGGGTTTCCCTTCCC-1,2
TAGGTACCACAGTCGC-1,2
TAGGTACGTATCGAAA-1,2
TAGGTACTCCCGTGAG-1,6
TAGGTTGAGTGTAGAT-1,1
TAGGTTGTCAAATGCC-1,3
TAGGTTGTCCAGGACC-1,4
TAGTGCATCGGTTAGT-1,2
TATACCTAGAGGCGGA-1,1
TATACCTAGGGTACAC-1,2
TATACCTCAGAATTCC-1,7
TATACCTTCATGCGGC-1,2
TATACCTTCGAGTCTA-1,4
TATATCCAGGATTTCC-1,6
TATATCCAGTACTGTC-1,2
TATATCCGTACTTGTG-1,1
TATATCCTCTCCACTG-1,6
TATCAGGAGTGTACCT-1,3
TATCAGGAGTTTCTTC-1,1
TATCAGGTCGGTCAGC-1,3
TATCAGGTCTGTGCAA-1,1
TATCCTAAGGAGTATT-1,5
TATCCTAAGTCACAGG-1,2
TATCCTACAAAGACGC-1,2
TATCCTACAATGAACA-1,1
TATCCTACAGGACGAT-1,3
TATCCTACAGGATGAC-1,7
TATCCTACAGGGATAC-1,2
TATCCTAGTTGCAAGG-1,4
TATCCTATCAGTCTTT-1,6
TATCGCCCATGCGGTC-1,6
TATCGCCGTAATCAGA-1,1
TATCGCCGTCCTCCAT-1,3
TATCGCCGTCGTATTG-1,5
TATCGCCTCACTGCTC-1,1
TATCGCCTCAGGACGA-1,2
TATCTGTAGGATAATC-1,3
TATCTGTAGTGCGTCC-1,5
TATCTGTAGTTATGGA-1,3
TATCTGTTCCTCGCAT-1,1
TATCTGTTCGCATTAG-1,1
TATCTGTTCGTTACCC-1,2
TATCTTGCAACGTATC-1,5
TATCTTGGTCTTTATC-1,7
TATCTTGTCGTCTAAG-1,6
TATCTTGTCTACTCAT-1,2
TATGTTCAGCATACTC-1,1
TATGTTCCAATAGGGC-1,1
TATGTTCGTACGAAAT-1,1
TATGTTCTCCTATTGT-1,7
TATGTTCTCGGAGTAG-1,2
TATTCCACACAATGAA-1,1
TATTCCACACATATGC-1,4
TATTGCTAGCTAAATG-1,4
TATTGCTAGTCGCGAA-1,4
TATTGCTGTAGCACAG-1,1
TATTGCTTCATCACCC-1,6
TATTGCTTCCTACGAA-1,1
TATTGGGAGCGCTGCT-1,2
TATTGGGCACTTGTGA-1,7
TATTGGGCAGATACCT-1,5
TATTGGGCATGAGTAA-1,3
TATTGGGGTGTTAAAG-1,4
TATTGGGGTTGCCAAT-1,2
TATTGGGTCAGCACCG-1,2
TATTGGGTCCTAGCGG-1,2
TATTGGGTCCTCCACA-1,7
TATTGGGTCCTCTAGC-1,5
TATTTCGAGAAGCCTG-1,3
TATTTCGAGACAACTA-1,1
TATTTCGAGACTTGTC-1,4
TATTTCGAGTTAGTAG-1,3
TATTTCGCAATTGGTC-1,1
TATTTCGCAGAGTCTT-1,1
TATTTCGGTAACACCT-1,1
TATTTCGGTTTCTTAC-1,6
TCAAGACGTAGGACTG-1,3
TCAAGACGTCTAGGCC-1,3
TCAAGACTCAAGATAG-1,3
TCAAGCAAGGTCCCTG-1,7
TCAAGCACAAGCTGCC-1,6
TCAAGCACAGGTCTCG-1,5
TCAAGCAGTCCCTGAG-1,1
TCAAGCAGTTGCTCGG-1,3
TCAAGCATCCAATCCC-1,5
TCAAGCATCCTGTACC-1,1
TCAAGCATCTCTCAAT-1,1
TCAAGCATCTTCTGTA-1,1
TCAAGCATCTTGGTCC-1,1
TCAAGTGAGCAGCAGT-1,3
TCAAGTGAGGCTGAAC-1,2
TCAAGTGAGTAGAATC-1,2
TCAAGTGGTATAGGAT-1,1
TCAAGTGGTATGCGGA-1,1
TCAAGTGGTCCCTGAG-1,2
TCAAGTGTCGCCAACG-1,1
TCAAGTGTCTGCTAGA-1,2
TCAATCTAGATGAATC-1,1
TCAATCTAGCAGGCTA-1,1
TCAATCTCACAGCCAC-1,1
TCAATCTCACGGCTAC-1,1
TCAATCTCACGTATAC-1,1
TCAATCTCAGCGTAGA-1,4
TCAATCTCATCGGTTA-1,2
TCAATCTGTATACAGA-1,4
TCAATCTTCGATACAC-1,7
TCAATCTTCGCCGTGA-1,2
TCAATTCAGGTTTACC-1,3
TCAATTCAGTGCCCGT-1,1
TCAATTCAGTTGAATG-1,1
TCAATTCGTGCAAGAC-1,4
TCAATTCTCACGGGAA-1,1
TCAATTCTCTGGGATT-1,7
TCACAAGCAGACGATG-1,1
TCACAAGCAGAGTCTT-1,7
TCACAAGCAGCTTCCT-1,6
TCACAAGTCCGCTAGG-1,1
TCACAAGTCCGGACTG-1,4
TCACAAGTCGTCTCAC-1,5
TCACACCAGTAATTGG-1,3
TCACACCCAGCACAGA-1,1
TCACACCGTGAATGAT-1,1
TCACACCTCAGTCAGT-1,2
TCACACCTCCGATTAG-1,1
TCACACCTCCTGTAGA-1,7
TCACATTAGAAGTCAT-1,1
TCACATTAGCAAGGAA-1,6
TCACATTAGCATGAAT-1,4
TCACATTAGTTGCGCC-1,6
TCACATTGTGACTCGC-1,2
TCACATTTCCATCACC-1,5
TCACGCTCACTGTGAT-1,1
TCACGCTGTATGGTAA-1,2
TCACGCTGTCTTCGAA-1,4
TCACGCTGTTGCAACT-1,7
TCACGCTTCATGGATC-1,6
TCACGCTTCCAAGGGA-1,3
TCACGCTTCCTCCACA-1,7
TCACGCTTCGAGAGCA-1,4
TCACGGGAGACTAAGT-1,2
TCACGGGAGAGATGCC-1,5
TCACGGGAGTCATGGG-1,3
TCACGGGCAGAAACCG-1,1
TCACGGGCATCCTGTC-1,5
TCACGGGGTAATTGGA-1,7
TCACGGGTCAGACCGC-1,3
TCACGGGTCTTAGCCC-1,4
TCACTATAGACACACG-1,4
TCACTATAGACTCATC-1,4
TCACTATAGGGTGGGA-1,1
TCACTATCAACATCGT-1,6
TCACTATCAGTTAGAA-1,3
TCACTATGTCGAGCTC-1,2
TCACTATTCCTTCTGG-1,5
TCACTATTCTATACTC-1,6
TCACTATTCTTCGTGC-1,1
TCACTCGAGACCATAA-1,2
TCACTCGCAATCGTCA-1,2
TCACTCGCACGCGCTA-1,3
TCACTCGGTCTTCTAT-1,2
TCACTCGTCCAATGCA-1,2
TCAGCAAAGAGGTATT-1,1
TCAGCAACAACACAAA-1,1
TCAGCAATCATTCGTT-1,1
TCAGCAATCGACCATA-1,2
TCAGCCTAGAGGTGCT-1,3
TCAGCCTAGTTGCTGT-1,3
TCAGCCTCAAACCACT-1,1
TCAGCCTCACACCTAA-1,4
TCAGCCTCAGGTCAGA-1,1
TCAGCCTGTACGCGTC-1,2
TCAGCCTTCCATAAGC-1,1
TCAGCCTTCCGCACTT-1,6
TCAGGGCAGGCACTCC-1,2
TCAGGGCCACTAACCA-1,5
TCAGGGCCATTAAAGG-1,3
TCAGGGCGTGTGTGGA-1,3
TCAGGGCTCGTGTGAT-1,2
TCAGGTAAGGAAACGA-1,2
TCAGGTAAGGGTACGT-1,5
TCAGGTAAGGTAGACC-1,2
TCAGGTAGTACAAGTA-1,2
TCAGGTAGTAGCTTAC-1,3
TCAGGTAGTATAGGGC-1,5
TCAGGTATCAGCGCAC-1,2
TCAGGTATCGCACGAC-1,1
TCAGTCCCATTACTCT-1,2
TCAGTCCGTACTCAAC-1,1
TCAGTCCGTCGGAAAC-1,2
TCAGTCCGTGGTTCTA-1,4
TCAGTCCTCGAGTCCG-1,6
TCAGTGAAGTGGACGT-1,3
TCAGTGACATCCAACA-1,4
TCAGTGAGTCTAATCG-1,6
TCAGTGATCCAAGCCG-1,1
TCAGTGATCCATGCAA-1,7
TCAGTTTAGCATCCTA-1,4
TCAGTTTCATGAGATA-1,2
TCAGTTTCATGCTGCG-1,7
TCAGTTTGTAGCCCTG-1,1
TCAGTTTGTCTGTAAC-1,5
TCAGTTTGTGCATTTG-1,6
TCAGTTTGTTCTCAGA-1,4
TCAGTTTGTTGTGCCG-1,5
TCAGTTTTCAGGAGAC-1,2
TCATACTCAATTTCTC-1,4
TCATACTGTAGGACCA-1,1
TCATACTTCAATCAGC-1,2
TCATACTTCCTACGAA-1,1
TCATACTTCTTCCACG-1,6
TCATATCAGAGCAGTC-1,3
TCATATCAGTAATACG-1,1
TCATATCCACATTACG-1,1
TCATATCCATGACACT-1,1
TCATATCGTGCATGTT-1,4
TCATATCTCACAGTGT-1,4
TCATATCTCCTTTAGT-1,1
TCATCATAGACGCCCT-1,1
TCATCATAGTCTGCAT-1,1
TCATCATCAAGTTTGC-1,6
TCATCATCAATTGCTG-1,5
TCATCATGTCGACTGC-1,2
TCATCATGTTAGCTAC-1,5
TCATCCGAGCATCCTA-1,3
TCATCCGAGGGCCCTT-1,2
TCATCCGCAGAGAAAG-1,3
TCATCCGTCAATCCAG-1,1
TCATGAGCACACCTGG-1,6
TCATGAGCATGGAGAC-1,2
TCATGAGGTTGGGACA-1,5
TCATGAGGTTTGAACC-1,4
TCATGAGTCTGAACGT-1,1
TCATGCCCAATCACGT-1,6
TCATGCCCACCCTTGT-1,7
TCATGCCCAGACAAAT-1,6
TCATGCCGTCTTCATT-1,6
TCATGCCTCCCTTTGG-1,1
TCATGGAAGCTGCCAC-1,3
TCATGGACACATTCTT-1,1
TCATGGACATAATCGC-1,2
TCATGGAGTAACTGCT-1,4
TCATGGAGTATGGAGC-1,3
TCATGTTAGACCAGAC-1,2
TCATGTTAGAGCGACT-1,5
TCATGTTAGAGTCGAC-1,3
TCATGTTTCATCGGGC-1,4
TCATTACAGCTATCTG-1,5
TCATTACAGTCATCGT-1,1
TCATTACTCTCATTTG-1,3
TCATTCAAGGTCGTCC-1,5
TCATTCAGTCCACACG-1,7
TCATTCATCGTAGCCG-1,2
TCATTGTAGATGCTTC-1,1
TCATTGTAGCACACAG-1,4
TCATTGTAGCGATGGT-1,2
TCATTGTAGTCACGAG-1,1
TCATTGTAGTTGCATC-1,4
TCATTGTCACACCAGC-1,2
TCATTGTGTACGGATG-1,1
TCATTGTGTGATACAA-1,1
TCATTGTGTGTTCGAT-1,1
TCATTGTTCAAACCTG-1,4
TCATTTGAGTGCTCAT-1,2
TCATTTGAGTGTGTTC-1,4
TCATTTGAGTTTGCTG-1,1
TCATTTGCAAGACGGT-1,4
TCATTTGGTGAATGAT-1,6
TCATTTGTCAGAATAG-1,3
TCATTTGTCATCTCTA-1,6
TCATTTGTCCATCCGT-1,1
TCATTTGTCGAACTCA-1,1
TCATTTGTCGACCATA-1,4
TCCACCAAGGAACGTC-1,6
TCCACCACAATTAGGA-1,1
TCCACCAGTCAAACGG-1,7
TCCACCATCACTACTT-1,2
TCCACCATCAGCTGTA-1,3
TCCACCATCGTGGAAG-1,1
TCCACCATCTAACGGT-1,5
TCCACCATCTTCGGTC-1,1
TCCACGTAGGGCAACT-1,2
TCCACGTCAAAGAGTT-1,5
TCCACGTCATACACCA-1,1
TCCACGTGTGAGTAGC-1,7
TCCACGTTCCGAGAAG-1,4
TCCACGTTCCGCGATG-1,5
TCCACGTTCGAACCAT-1,1
TCCACGTTCGTACCTC-1,4
TCCAGAAAGGTAGTAT-1,3
TCCAGAACAAATACGA-1,7
TCCAGAACAGTATACC-1,4
TCCAGAACATGGGAAC-1,1
TCCAGAAGTACGATTC-1,7
TCCAGAAGTTCCGCTT-1,2
TCCAGAATCTTAGCCC-1,6
TCCATCGAGACCCTTA-1,2
TCCATCGAGACGAAGA-1,5
TCCATCGCAGGCGATA-1,1
TCCATCGGTAATTGGA-1,2
TCCATCGTCAGTGGGA-1,7
TCCATCGTCATGTCAG-1,1
TCCATCGTCCCGTAAA-1,1
TCCATGCGTAGCGTTT-1,6
TCCATGCGTTTCCAAG-1,1
TCCATGCTCACTCTTA-1,2
TCCATGCTCGTCCTTG-1,4
TCCATGCTCGTCTCAC-1,7
TCCATGCTCTGCAGCG-1,2
TCCCACACAAACCACT-1,1
TCCCACACAGGCTACC-1,1
TCCCACAGTACCAGAG-1,4
TCCCACAGTGAAGCTG-1,5
TCCCACAGTGTCATTG-1,2
TCCCACATCATGGTAC-1,4
TCCCACATCTCGGGAC-1,4
TCCCAGTAGACGGTCA-1,3
TCCCAGTCAAAGCGTG-1,2
TCCCAGTCACTATGTG-1,1
TCCCAGTGTCTCAAGT-1,6
TCCCAGTTCCATCTGC-1,1
TCCCATGAGTTTGGCT-1,2
TCCCATGCAGATACTC-1,1
TCCCATGGTCCTACGG-1,3
TCCCATGGTGGCCACT-1,7
TCCGAAACAATACCCA-1,7
TCCGAAACAGTTGAAA-1,7
TCCGAAATCCGTTTCG-1,7
TCCGAAATCTAGGCCG-1,7
TCCGATCCAGTAGAGC-1,3
TCCGATCCATCTTTCA-1,4
TCCGATCGTACCTAAC-1,1
TCCGATCGTACGATTC-1,2
TCCGATCGTCTGATAC-1,5
TCCGATCTCGTAGCCG-1,1
TCCGATCTCTGAGTCA-1,6
TCCGGGAAGCGGACAT-1,5
TCCGGGACAAGACAAT-1,7
TCCGGGAGTACTGGGA-1,3
TCCGGGAGTACTTCCC-1,3
TCCGGGAGTTCAAAGA-1,4
TCCGGGATCAAAGCCT-1,4
TCCGGGATCAGGAAAT-1,5
TCCGGGATCCACTAGA-1,3
TCCGGGATCGTGGAAG-1,2
TCCGTGTGTCTCGCGA-1,6
TCCGTGTGTGAACCGA-1,3
TCCGTGTTCGAGCACC-1,6
TCCGTGTTCTGTGCGG-1,2
TCCTAATAGTCGGCCT-1,2
TCCTAATCATAACGGG-1,5
TCCTAATCATACATCG-1,1
TCCTAATGTCTTAGTG-1,3
TCCTAATGTGCCTGCA-1,4
TCCTAATTCAGCTAGT-1,2
TCCTAATTCCTTATGT-1,4
TCCTCCCAGGCGTTGA-1,5
TCCTCCCCAAGGTCTT-1,6
TCCTCCCGTCCGATCG-1,1
TCCTCCCGTTTCCATT-1,4
TCCTCGAAGAGAGCAA-1,3
TCCTCGAAGTGAGTTA-1,2
TCCTCGACAACACAGG-1,6
TCCTCTTAGTAGACCG-1,5
TCCTCTTGTCTGTGGC-1,7
TCCTCTTGTGCGGTAA-1,2
TCCTGCAAGCTCGCAC-1,1
TCCTGCACACAACGAG-1,1
TCCTGCATCAGACCGC-1,4
TCCTGCATCCAGCTCT-1,4
TCCTTCTCAAAGACGC-1,1
TCCTTCTGTAAGGAGA-1,3
TCCTTCTGTGTGAGCA-1,2
TCCTTCTGTTGCATGT-1,6
TCCTTCTGTTGCGGCT-1,6
TCCTTCTTCAAGGAGC-1,5
TCCTTCTTCAGACCTA-1,4
TCCTTCTTCCGCAACG-1,2
TCCTTCTTCGGTCGGT-1,5
TCCTTCTTCTCGGTCT-1,3
TCCTTTCAGGAGATAG-1,4
TCCTTTCCACGGTCTG-1,1
TCCTTTCGTAATACCC-1,2
TCCTTTCTCACCTGGG-1,1
TCCTTTCTCCCATTTA-1,1
TCCTTTCTCTTCACAT-1,1
TCGAACAAGCAGCACA-1,7
TCGAACACATAGATGA-1,6
TCGAACAGTGTGTCCG-1,4
TCGAACATCCCAGCGA-1,5
TCGAACATCGTGCTCT-1,4
TCGAAGTCAATCCTTT-1,1
TCGAAGTGTCGACTTA-1,2
TCGAAGTGTTCTCCCA-1,3
TCGAAGTTCAACTACG-1,6
TCGAAGTTCTTCCCAG-1,4
TCGACCTAGGCCTTCG-1,7
TCGACCTAGGTTATAG-1,1
TCGACCTCATCGCTGG-1,4
TCGACGGAGGGAGTGG-1,4
TCGACGGCAAGAGGCT-1,4
TCGACGGCACTTGAAC-1,1
TCGACGGCATAGATCC-1,7
TCGACGGGTATAGGAT-1,4
TCGACGGTCAAATGAG-1,3
TCGACGGTCGCTAGCG-1,2
TCGATTTAGAATCTAG-1,2
TCGATTTAGACGCAGT-1,4
TCGATTTTCAATCCGA-1,5
TCGCACTAGCGCCATC-1,4
TCGCACTCAGTGGCTC-1,3
TCGCACTTCACTGAAC-1,7
TCGCACTTCCATACTT-1,1
TCGCAGGCACAACCGC-1,2
TCGCAGGGTGCTCTCT-1,7
TCGCAGGGTTGGCTAT-1,1
TCGCAGGGTTTACCTT-1,1
TCGCAGGTCGTGCATA-1,3
TCGCAGGTCTACTCAT-1,7
TCGCTCAAGAATTCAG-1,6
TCGCTCAAGATACGAT-1,4
TCGCTCAAGATGGCGT-1,1
TCGCTCAAGTGCTAGG-1,3
TCGCTCAAGTTTGAGA-1,3
TCGCTCACAATAAGGT-1,3
TCGCTCACAATTGCTG-1,6
TCGCTCAGTCTTGTCC-1,2
TCGCTCAGTTGCCTAA-1,4
TCGCTCATCGATCCAA-1,5
TCGCTCATCGTGCAGC-1,5
TCGCTTGAGAGAAGGT-1,1
TCGCTTGAGAGAATCT-1,4
TCGCTTGAGCAGATAT-1,1
TCGCTTGAGTCTCTGA-1,5
TCGCTTGGTCATCTAG-1,6
TCGCTTGTCAGGAAAT-1,7
TCGCTTGTCTTCGGTC-1,4
TCGGATAAGATTAGAC-1,6
TCGGATACATCGGAGA-1,2
TCGGATAGTCGATTAC-1,2
TCGGATAGTTGATCGT-1,3
TCGGATATCTAACGGT-1,4
TCGGGACAGCCTCACG-1,5
TCGGGACAGGCGCTCT-1,5
TCGGGACCACTACTTT-1,2
TCGGGACTCCCGAGAC-1,3
TCGGGCAAGCAAGGAA-1,6
TCGGGCACACCTATCC-1,2
TCGGGCACATGCAGGA-1,3
TCGGGCAGTACTCAAC-1,1
TCGGGCAGTCGTAATC-1,5
TCGGGCATCAGTCCGG-1,1
TCGGGTGAGACTGGGT-1,4
TCGGGTGCAATTCACG-1,3
TCGGGTGCACCTTCCA-1,3
TCGGTCTAGTAGGCCA-1,4
TCGGTCTCAAGTATAG-1,4
TCGGTCTCAAGTCCCG-1,4
TCGGTCTGTACCTGTA-1,3
TCGGTCTTCCTTGGAA-1,3
TCGGTCTTCGTGCACG-1,2
TCGGTCTTCTTGCAAG-1,3
TCGTAGACAAGAATGT-1,3
TCGTAGACAAGAGCTG-1,3
TCGTAGACAAGAGTAT-1,6
TCGTAGATCAGAGCGA-1,2
TCGTCCAAGCCTGGAA-1,2
TCGTCCAAGTCCCAAT-1,1
TCGTCCACAGAGGCAT-1,1
TCGTCCACATAAGATG-1,4
TCGTCCAGTCGTGTTA-1,6
TCGTCCAGTGGCACTC-1,2
TCGTCCAGTTCGATTG-1,5
TCGTCCATCATCTATC-1,2
TCGTGCTCATGGCTAT-1,3
TCGTGCTGTTTGTTCT-1,7
TCGTGGGCAAAGGTTA-1,3
TCGTGGGTCTAAACGC-1,3
TCTAACTAGGGCCCTT-1,6
TCTAACTCATCCGCGA-1,1
TCTAACTGTCAGGTAG-1,2
TCTAACTGTTCTTGTT-1,6
TCTAACTTCCTACGGG-1,1
TCTACATAGACTTAAG-1,2
TCTACATAGGATAATC-1,5
TCTACATCAGAGTCAG-1,1
TCTACATCATCGTGGC-1,5
TCTACATGTACCGTGC-1,2
TCTACATGTAGGTCAG-1,3
TCTACATGTATCGTTG-1,4
TCTACATGTCCAACGC-1,6
TCTACATGTGCTATTG-1,6
TCTACATTCGGAGTAG-1,3
TCTACCGAGTACTGTC-1,2
TCTACCGAGTTGCTCA-1,2
TCTACCGCACCAGTAT-1,2
TCTACCGCACGAAAGC-1,1
TCTACCGGTGAGTGAC-1,3
TCTACCGTCGTTAGTG-1,5
TCTATACAGGTTAGTA-1,6
TCTATACCAGTTAAAG-1,7
TCTATACGTGGCTGAA-1,4
TCTATACGTGTCTTGA-1,6
TCTATACGTTCTCCAC-1,7
TCTATACTCACGAACT-1,1
TCTATACTCCTCAGAA-1,1
TCTATACTCGCATTAG-1,3
TCTATCAAGATGACAT-1,1
TCTATCAAGGAGCAAA-1,1
TCTATCAAGTCGAATA-1,4
TCTATCACACATTACG-1,6
TCTATCAGTAGACTGG-1,4
TCTATCAGTAGCTAAA-1,6
TCTATCAGTGAAAGTT-1,5
TCTCACGAGGTAAGTT-1,3
TCTCACGCACGGTGAA-1,1
TCTCACGCAGGCATTT-1,6
TCTCACGCAGTTGAAA-1,6
TCTCACGGTAGCGTAG-1,5
TCTCACGGTATTGGCT-1,1
TCTCACGGTCTAGTGT-1,2
TCTCACGGTCTGATCA-1,4
TCTCACGGTTCAAACC-1,3
TCTCACGTCGGTCATA-1,3
TCTCACGTCTCCCTAG-1,1
TCTCAGCAGAAACTCA-1,1
TCTCAGCCACCGCTAG-1,1
TCTCAGCGTCACTCTC-1,1
TCTCAGCGTGCCTATA-1,4
TCTCAGCTCACTGGGC-1,1
TCTCAGCTCTGGACTA-1,7
TCTCCGACATAATCGC-1,2
TCTCCGAGTACTAAGA-1,1
TCTCCGAGTTCCTAGA-1,6
TCTCCGATCGGTCGGT-1,2
TCTCCGATCTTTGCAT-1,2
TCTCTGGAGCATTTCG-1,2
TCTCTGGAGCCTATCA-1,6
TCTCTGGAGCGCGTTC-1,5
TCTCTGGCACAATGCT-1,2
TCTCTGGGTAGCTAAA-1,5
TCTCTGGGTGGCTGAA-1,7
TCTCTGGTCATAAGGA-1,7
TCTGCCAAGGACGCTA-1,1
TCTGCCAGTCATTCCC-1,4
TCTGCCAGTGTTGATC-1,3
TCTGCCATCCGCAGTG-1,1
TCTGCCATCGCGAAGA-1,3
TCTGCCATCTAGATCG-1,6
TCTGGCTCAAGCGGAT-1,2
TCTGGCTGTCTGCCTT-1,1
TCTGGCTTCAGCGCGT-1,1
TCTGGCTTCAGGAAAT-1,2
TCTGTCGGTATGGGAC-1,4
TCTGTCGGTGTTAGCT-1,7
TCTGTCGTCCTAGAGT-1,5
TCTTAGTCAAGAAATC-1,3
TCTTAGTCAATACCCA-1,3
TCTTAGTCATCGGATT-1,5
TCTTAGTGTAAGACCG-1,3
TCTTAGTGTATCGGTT-1,5
TCTTAGTGTATGTCTG-1,3
TCTTAGTGTCGTTCAA-1,5
TCTTAGTTCGAAGTGG-1,5
TCTTAGTTCTGGGTCG-1,3
TCTTAGTTCTGTACAG-1,3
TCTTAGTTCTGTCCGT-1,1
TCTTCCTAGAGGGTGG-1,2
TCTTCCTAGGGCAGTT-1,7
TCTTCCTCACAGCTTA-1,1
TCTTCCTCACCGTGGT-1,1
TCTTCCTTCATGAAAG-1,4
TCTTGCGAGCACGATG-1,4
TCTTGCGAGTGGAATT-1,5
TCTTGCGCAAAGCTCT-1,6
TCTTGCGCATCTTTCA-1,5
TCTTGCGGTAACCCGC-1,4
TCTTGCGGTGCCGAAA-1,2
TCTTGCGTCACACCCT-1,4
TCTTTGACACCAGACC-1,5
TCTTTGAGTCGCATGC-1,1
TCTTTGAGTGTTCCTC-1,3
TCTTTGATCAAACGTC-1,3
TGAACGTAGTACAACA-1,2
TGAACGTCAATTCTTC-1,2
TGAACGTCAGAACATA-1,4
TGAACGTCAGTAACCT-1,7
TGAACGTCATCTGCGG-1,4
TGAACGTTCCATAGGT-1,1
TGAACGTTCCTGCCAT-1,1
TGAACGTTCGGTCATA-1,3
TGAATCGAGACTAAGT-1,1
TGAATCGAGATCACCT-1,7
TGAATCGAGATCCCAT-1,4
TGAATCGAGCATATGA-1,6
TGAATCGAGCCAACCC-1,1
TGAATCGCAATTTCCT-1,4
TGAATCGGTAGAATAC-1,3
TGAATCGGTGAGCCAA-1,2
TGAATCGTCGACCAAT-1,4
TGAATCGTCTCGTTTA-1,3
TGAATGCAGGCAGGGA-1,6
TGACAGTAGGGAACAA-1,1
TGACAGTAGTGCGCTC-1,7
TGACAGTGTACCATAC-1,6
TGACAGTGTAGCTGCC-1,5
TGACCCTAGGCCTGAA-1,7
TGACCCTCAAGCGAGT-1,2
TGACCCTCACAGTGAG-1,7
TGACCCTCACGACAGA-1,3
TGACCCTCACTTGAGT-1,4
TGACCCTCATGTGACT-1,5
TGACCCTGTTAACCTG-1,1
TGACCCTGTTATAGCC-1,4
TGACCCTGTTTCCAAG-1,4
TGACGCGAGACCAGCA-1,4
TGACGCGCATGCGGTC-1,2
TGACGCGGTAGATTGA-1,6
TGACGCGTCCAGCCTT-1,1
TGACTCCAGCTCATAC-1,7
TGACTCCTCAAGAAAC-1,4
TGACTCCTCACATACG-1,4
TGACTCCTCCCTCGAT-1,5
TGAGACTAGTCACTAC-1,7
TGAGACTCACTGAGTT-1,6
TGAGACTGTGACTCGC-1,6
TGAGACTTCATGCGGC-1,2
TGAGACTTCCACATAG-1,5
TGAGCATAGCTCAGAG-1,3
TGAGCATCAAAGCGTG-1,4
TGAGCATGTCAAGGCA-1,4
TGAGCATGTCGCATGC-1,6
TGAGCATTCCGAGCTG-1,2
TGAGCGCAGCCGAATG-1,2
TGAGCGCAGGTCCGAA-1,5
TGAGCGCCAATATCCG-1,5
TGAGCGCCAGGAATAT-1,3
TGAGCGCCATGATCTG-1,2
TGAGCGCGTACCTTCC-1,3
TGAGCGCGTACTGGGA-1,2
TGAGCGCGTGCAACAG-1,3
TGAGCGCGTTGCTCAA-1,5
TGAGCGCTCATACAGC-1,4
TGAGCGCTCCATCACC-1,4
TGAGCGCTCGAGTGGA-1,3
TGAGGGACACGTGAGA-1,1
TGAGGGAGTGTGATGG-1,2
TGAGGGATCAACTGAC-1,7
TGAGGGATCCGTATGA-1,3
TGAGGGATCTGTCCCA-1,4
TGAGGTTAGAAACTGT-1,2
TGAGGTTAGACGCTCC-1,2
TGAGGTTAGTATAGAC-1,7
TGAGGTTCACGCTTAA-1,3
TGAGGTTGTCACTGAT-1,4
TGAGTCAAGAATAGTC-1,7
TGAGTCAAGGAGAATG-1,2
TGAGTCAAGGCCGCTT-1,7
TGAGTCACACGGTAGA-1,1
TGAGTCAGTATAGGGC-1,1
TGAGTCAGTCCAAGAG-1,7
TGAGTCATCCAACTGA-1,2
TGAGTCATCGCTAATG-1,6
TGAGTCATCTGGAAGG-1,5
TGATCAGAGTAATTGG-1,5
TGATCAGAGTAGAATC-1,7
TGATCAGCAAGTTCCA-1,3
TGATCAGGTTGGGCCT-1,3
TGATCAGTCCCTTGGT-1,5
TGATCAGTCTGTCTCG-1,3
TGATCTTAGCAAATCA-1,3
TGATCTTAGCATGCGA-1,3
TGATCTTCACTTGGCG-1,3
TGATCTTGTGCTCGTG-1,4
TGATCTTTCGCTCCTA-1,6
TGATGCAAGACGGTTG-1,2
TGATGCAAGAGTGTGC-1,3
TGATGCAAGCCGGATA-1,2
TGATGCAGTGTGAATA-1,1
TGATGCATCAGACAAA-1,1
TGATGCATCAGTCACA-1,2
TGATGGTAGGAGGCAG-1,2
TGATGGTAGTCCTACA-1,2
TGATGGTCAAATGGCG-1,5
TGATGGTGTTCAAGGG-1,4
TGATGGTTCATTGTTC-1,2
TGATTCTCACTGTCCT-1,1
TGATTCTTCAACACGT-1,4
TGATTCTTCAGTGTTG-1,6
TGATTCTTCCCGAGGT-1,7
TGATTCTTCGCTCCTA-1,1
TGATTTCAGATAGTGT-1,3
TGATTTCAGTACTGTC-1,6
TGATTTCCAATCACGT-1,6
TGATTTCCAATTGCTG-1,5
TGATTTCCACCCAAGC-1,1
TGATTTCGTAGTTACC-1,4
TGATTTCGTGGGCTTC-1,3
TGATTTCTCGAATCCA-1,2
TGCACGGCAAGGGCAT-1,2
TGCACGGGTACTTCCC-1,3
TGCACGGGTTGACGGA-1,2
TGCACGGTCACTCCGT-1,4
TGCAGATAGCGGATCA-1,2
TGCAGATAGTTCCTGA-1,1
TGCAGATTCTATTCGT-1,3
TGCAGGCAGGTGAGAA-1,3
TGCAGGCCAGGTTCAT-1,1
TGCAGGCGTAGCTAAA-1,4
TGCAGGCGTGAGACGT-1,3
TGCAGTAAGAGAGTTT-1,3
TGCAGTACAGTCAGCC-1,1
TGCAGTATCAGAACCT-1,2
TGCAGTATCGACATTG-1,6
TGCAGTATCGAGATGG-1,2
TGCAGTATCTCCGATC-1,7
TGCATCCAGAGCCGTA-1,7
TGCATCCAGCATGATA-1,3
TGCATCCAGCGAGGAG-1,5
TGCATCCAGGAACGTC-1,2
TGCATCCAGGGCTTCC-1,1
TGCATCCCAACGCATT-1,6
TGCATGAAGACTACGG-1,2
TGCATGAAGTCGAATA-1,2
TGCATGAAGTGGTCAG-1,2
TGCATGACAGTACTAC-1,4
TGCATGAGTAGTCCTA-1,7
TGCATGAGTGCTCCGA-1,3
TGCATGAGTGGAACCA-1,2
TGCATGATCGTTCAGA-1,3
TGCCGAGAGCAATTCC-1,5
TGCCGAGAGGTACCTT-1,1
TGCCGAGCAATTCTCT-1,2
TGCCGAGCACTCAAGT-1,5
TGCCGAGGTATATGGA-1,2
TGCCGAGGTCAGCTTA-1,1
TGCCGAGTCCCACAGG-1,1
TGCCGAGTCCGAGCTG-1,6
TGCGACGAGATCCCAT-1,2
TGCGACGAGGTAAGAG-1,3
TGCGACGCAACTTCTT-1,3
TGCGACGCAAGGAGTC-1,1
TGCGACGCATGAGAAT-1,2
TGCGACGTCCACGGAC-1,3
TGCGACGTCCCTCGTA-1,5
TGCGACGTCTCACCCA-1,2
TGCGACGTCTCGCGTT-1,2
TGCGATAAGAGAGGGC-1,2
TGCGATAAGTCAACAA-1,2
TGCGATACAGCGTGCT-1,3
TGCGATAGTTACAGCT-1,7
TGCGATAGTTTGAAAG-1,1
TGCGATATCACTGAAC-1,2
TGCGGCAAGCATACTC-1,3
TGCGGCAAGCGTTACT-1,6
TGCGGCACAAGTTCCA-1,2
TGCGGCACAGCTACAT-1,4
TGCGGCACATTCACCC-1,3
TGCGGCAGTCACTTCC-1,5
TGCGGCAGTCGCCTAG-1,6
TGCGGCAGTGTAGGAC-1,1
TGCGGCATCCTGGTCT-1,6
TGCGGCATCCTTATAC-1,4
TGCGGCATCTCCGTGT-1,1
TGCGGGTGTCATACCA-1,1
TGCGGGTTCAAGCTTG-1,2
TGCGGGTTCTAGACAC-1,5
TGCTCCAAGACTGAGC-1,4
TGCTCCAAGTATGACA-1,7
TGCTCCAAGTGTACCT-1,3
TGCTCCAGTGGATGAC-1,4
TGCTCGTAGCAGGTCA-1,2
TGCTCGTAGGGAGTTC-1,3
TGCTCGTCACCATATG-1,1
TGCTCGTGTCAATCTG-1,2
TGCTCGTGTTCGTGCG-1,2
TGCTGAATCACTCCGT-1,5
TGCTTCGAGTTCTCTT-1,3
TGCTTCGCAACCAACT-1,4
TGCTTCGCAGGCGAAT-1,7
TGCTTCGTCTTAATCC-1,1
TGCTTGCAGAGAAGGT-1,1
TGCTTGCAGCTACGTT-1,4
TGCTTGCCAGTAGAAT-1,4
TGCTTGCCATGTTACG-1,6
TGCTTGCGTAGGTTTC-1,5
TGCTTGCGTCTGGTTA-1,5
TGCTTGCGTGCAGTGA-1,3
TGCTTGCGTTACCCAA-1,5
TGCTTGCTCGACGAGA-1,2
TGCTTGCTCGTCGACG-1,1
TGGAACTAGATGTTAG-1,6
TGGAACTAGCAGTAAT-1,3
TGGAACTGTGCAGATG-1,2
TGGAACTGTTAAGACA-1,2
TGGAACTTCCAAGCTA-1,5
TGGAACTTCCTTCTTC-1,7
TGGAACTTCTGAGCAT-1,3
TGGAGAGAGCATGTTC-1,3
TGGAGAGGTCGTATTG-1,3
TGGAGAGTCATCGCTC-1,6
TGGAGGAAGGCGAAGG-1,7
TGGAGGAAGTCCCAAT-1,3
TGGAGGACAACAACAA-1,2
TGGAGGACACAAGCAG-1,5
TGGAGGACACATACTG-1,2
TGGAGGAGTCGCATGC-1,5
TGGAGGAGTGGTCCGT-1,3
TGGAGGATCACTGGTA-1,1
TGGATCACAATGCAAA-1,3
TGGATCACATGCGTGC-1,5
TGGATCATCCGAGTGC-1,4
TGGATGTCAAGAGTGC-1,2
TGGATGTCAGAGTTGG-1,4
TGGATGTCAGTGCGCT-1,3
TGGATGTCATCGCCTT-1,2
TGGATGTGTATGAAAC-1,3
TGGATGTGTGTCATCA-1,4
TGGCGTGAGATTAGTG-1,3
TGGCGTGAGGAAGTCC-1,4
TGGCGTGCAGGTGAGT-1,2
TGGCGTGGTCATTCCC-1,3
TGGCGTGTCCAGTACA-1,3
TGGCGTGTCGGCTGAC-1,2
TGGGAAGCAAATCAAG-1,2
TGGGAAGCAGGTGGAT-1,2
TGGGAAGGTAGAATGT-1,6
TGGGAAGTCATGAGGG-1,7
TGGGAAGTCGATACGT-1,1
TGGGAGAAGATGAACT-1,5
TGGGAGATCAAGATAG-1,5
TGGGATTAGATCCAAA-1,1
TGGGATTAGGTGCTTT-1,5
TGGGATTCACAGACGA-1,4
TGGGATTCAGCTGTAT-1,1
TGGGATTGTATGTGTC-1,5
TGGGATTGTCAACGCC-1,1
TGGGATTGTTACGTAC-1,1
TGGGATTTCACGAGGA-1,1
TGGGATTTCAGCGTCG-1,3
TGGGATTTCATATGGC-1,7
TGGGATTTCATGGCCG-1,5
TGGGATTTCCCATTTA-1,4
TGGGATTTCTGCGAGC-1,2
TGGGCGTAGCGCCGTT-1,8
TGGGCGTAGTAGATCA-1,4
TGGGCGTGTCTGTGAT-1,3
TGGGCGTTCAGATTGC-1,3
TGGGCTGCAATATCCG-1,6
TGGGCTGGTTCGGTAT-1,1
TGGGCTGTCCAACCGG-1,5
TGGGCTGTCGGTTGTA-1,2
TGGGCTGTCTTGCGCT-1,5
TGGGCTGTCTTTCCAA-1,1
TGGGTTACAAACTCTG-1,2
TGGGTTACACGTCTCT-1,4
TGGGTTACATCGCTGG-1,7
TGGGTTAGTCGGCTAC-1,1
TGGGTTAGTGAGAGGG-1,2
TGGGTTATCATGAAAG-1,4
TGGTACAAGGAGTCTG-1,3
TGGTACACAATCACGT-1,1
TGGTACACAGACAAAT-1,4
TGGTACAGTAGCCCTG-1,1
TGGTACAGTCTTCAAG-1,4
TGGTACAGTTCCGCGA-1,6
TGGTAGTAGATGACCG-1,7
TGGTAGTAGGGATCAC-1,2
TGGTAGTCATCGTGCG-1,1
TGGTGATAGGACACTG-1,2
TGGTGATGTCTCGGAC-1,4
TGGTGATGTGGCTGCT-1,4
TGGTGATTCCCATTTA-1,2
TGGTGATTCCTGGGAC-1,1
TGGTGATTCTTCCTAA-1,5
TGGTTAGAGCCTCTGG-1,3
TGGTTAGAGTGTGTTC-1,3
TGGTTAGCAATACGAA-1,2
TGGTTAGTCAAAGACA-1,4
TGGTTAGTCACCACAA-1,6
TGGTTAGTCGAACGCC-1,7
TGGTTAGTCTGTGCGG-1,4
TGTAACGGTACAGGTG-1,3
TGTAACGTCACTACGA-1,2
TGTAACGTCACTGTTT-1,2
TGTAACGTCATGCCCT-1,4
TGTAACGTCCATTCGC-1,3
TGTAAGCAGAGCAAGA-1,1
TGTAAGCAGGCCCACT-1,4
TGTAAGCAGGTCCTGC-1,7
TGTAAGCGTCAGTTTG-1,3
TGTAAGCTCAATCCAG-1,1
TGTAAGCTCATACGGT-1,3
TGTAAGCTCCGGTTCT-1,5
TGTACAGAGCTGTTAC-1,5
TGTACAGGTAGAGATT-1,4
TGTACAGTCAACTGGT-1,3
TGTACAGTCCAGGACC-1,2
TGTACAGTCGCTTGAA-1,3
TGTAGACCAACCCTCT-1,2
TGTAGACCAGCGACAA-1,5
TGTAGACGTAATGCGG-1,1
TGTAGACGTCCACACG-1,2
TGTAGACGTCTAGTGT-1,3
TGTAGACGTTTGTGGT-1,1
TGTCAGAAGAAACCAT-1,2
TGTCAGAAGAACAGGA-1,5
TGTCAGAAGTAAGCAT-1,4
TGTCAGAAGTGGCGAT-1,2
TGTCAGAAGTTGTCAC-1,4
TGTCAGACACTAGGCC-1,5
TGTCAGACATCTATCT-1,1
TGTCAGAGTACAACGG-1,1
TGTCAGATCCTAGCTC-1,3
TGTCCACAGCCTCTCT-1,3
TGTCCACTCCGCAACG-1,1
TGTCCCAAGACATAAC-1,5
TGTCCCAAGTGGTTGG-1,4
TGTCCCACATAGTCAC-1,4
TGTCCCAGTGACTGTT-1,5
TGTCCTGCACTAGTAC-1,1
TGTCCTGCAGGTGACA-1,2
TGTCCTGCAGTAGTGG-1,2
TGTCCTGGTCATTGCA-1,6
TGTCCTGGTTGGGTAG-1,2
TGTCCTGTCTGCATAG-1,5
TGTGAGTAGTTGTCGT-1,3
TGTGAGTCACGACCTG-1,1
TGTGAGTGTCTAGGCC-1,6
TGTGATGCAAGAGTAT-1,5
TGTGATGCATTCACCC-1,5
TGTGATGTCAGTCACA-1,1
TGTGATGTCCCAAGCG-1,2
TGTGATGTCCGAGCTG-1,3
TGTGCGGAGCACGATG-1,5
TGTGCGGCAGTGGCTC-1,3
TGTGCGGGTCCACACG-1,5
TGTGGCGAGAACCGCA-1,3
TGTGGCGAGCGTATGG-1,4
TGTGGCGAGCTGCGAA-1,3
TGTGGCGAGGTCCCGT-1,4
TGTGGCGAGTTAGTGA-1,3
TGTGGCGGTGGTTTAC-1,3
TGTGGCGTCATCCCGT-1,4
TGTGGCGTCCCGATCT-1,6
TGTGGCGTCCTAAGTG-1,4
TGTGTGAAGTATGAAC-1,3
TGTGTGAAGTGCAACG-1,6
TGTGTGAAGTTAACAG-1,7
TGTGTGAAGTTGGCTT-1,5
TGTGTGACAAGAGGTC-1,7
TGTGTGACACCAGACC-1,2
TGTTACTAGCATATGA-1,4
TGTTACTCAATTGCTG-1,4
TGTTACTCAGCTTTCC-1,6
TGTTACTGTCAAAGTA-1,2
TGTTACTGTTGGACTT-1,3
TGTTACTTCATGCATG-1,4
TGTTACTTCATTTACC-1,2
TGTTACTTCTCACCCA-1,5
TGTTCATAGGAGATAG-1,1
TGTTCATCAACCGGAA-1,2
TGTTCATCATGACGAG-1,5
TGTTCATTCTAGAACC-1,2
TGTTCCGCAAATAGCA-1,2
TGTTCCGCAGCGGTTC-1,2
TGTTCCGCATGAGTAA-1,5
TGTTCCGGTATCATGC-1,2
TGTTCCGGTCGAATGG-1,5
TGTTCCGGTGAAGCGT-1,4
TGTTCTAAGGTCACTT-1,4
TGTTCTACACTGGATT-1,3
TGTTCTAGTACTCCGG-1,7
TGTTCTAGTCGTCTCT-1,3
TGTTCTAGTGCATACT-1,3
TGTTCTATCGATAACC-1,3
TGTTCTATCTCAGGCG-1,5
TGTTGAGAGGTTAAAC-1,3
TGTTGAGCAGCAAGAC-1,2
TGTTGAGGTCTCAGAT-1,1
TGTTGAGGTTCCACAA-1,3
TGTTGAGTCCGAGCTG-1,3
TGTTGAGTCGTTCTCG-1,3
TGTTGAGTCTACGGGC-1,7
TGTTGAGTCTGCATGA-1,2
TGTTGGAAGTTCATGC-1,2
TGTTGGAGTAATCAAG-1,2
TGTTGGAGTCGACTGC-1,6
TGTTGGATCCGAAATC-1,2
TGTTTGTAGGGCAAGG-1,3
TGTTTGTCAATGGCAG-1,3
TGTTTGTGTCGTCAGC-1,5
TGTTTGTTCTCATAGG-1,2
TTAATCCAGCACGGAT-1,4
TTAATCCCAGCTTCGG-1,5
TTAATCCCATCACGGC-1,7
TTAATCCGTGCAGGAT-1,7
TTAATCCTCGCACGGT-1,2
TTACAGGAGACTGGGT-1,7
TTACAGGCAAAGGGTC-1,3
TTACAGGCAACAGAGC-1,1
TTACAGGCAGACGATG-1,2
TTACAGGCAGTAGAAT-1,2
TTACAGGCAGTGTACT-1,3
TTACAGGGTCTCTCTG-1,4
TTACAGGGTCTTTCAT-1,7
TTACAGGGTGGCCCAT-1,4
TTACAGGGTTTACTGG-1,4
TTACAGGTCATGAAAG-1,4
TTACAGGTCGGACGTC-1,1
TTACAGGTCTACTGCC-1,3
TTACCATAGATAACGT-1,1
TTACCATCACTGGCCA-1,2
TTACCATTCTGGAAGG-1,2
TTACCGCAGCAAATCA-1,4
TTACCGCAGGATCACG-1,1
TTACCGCCACACGTGC-1,4
TTACCGCCACGAAAGC-1,2
TTACCGCCACTATGTG-1,5
TTACCGCGTCACTGAT-1,2
TTACCGCTCGTCCATC-1,4
TTACCGCTCTGTACAG-1,3
TTACCGCTCTTGGTGA-1,3
TTACGCCAGACGGATC-1,1
TTACGCCCAAGGTTGG-1,6
TTACGCCCAATCCTTT-1,7
TTACGCCCACCCTATC-1,5
TTACGCCGTATCGTTG-1,3
TTACGTTAGCGAACTG-1,2
TTACTGTAGACTACGG-1,6
TTACTGTAGAGATCGC-1,4
TTACTGTGTAGAATAC-1,5
TTACTGTGTCTCTCAC-1,7
TTACTGTGTGTGAGCA-1,1
TTACTGTGTTCAGTAC-1,1
TTACTGTTCAGCCCAG-1,1
TTACTGTTCTATTTCG-1,4
TTAGGCAAGCGATCGA-1,2
TTAGGCACATCTCCCA-1,6
TTAGGCAGTTAGAGAT-1,3
TTAGGCATCCCTCTTT-1,1
TTAGGGTAGAGCGACT-1,5
TTAGGGTAGGAACGAA-1,3
TTAGGGTAGGCGCTTC-1,3
TTAGGGTGTAGAGATT-1,1
TTAGGGTGTATCACGT-1,3
TTAGGGTGTGGATTTC-1,1
TTAGGGTGTTTAGACC-1,5
TTAGGGTTCTTACCAT-1,4
TTAGTCTCAATACGAA-1,1
TTAGTCTCATGAATAG-1,4
TTAGTCTTCAGGTAAA-1,1
TTATTGCAGGACTAAT-1,7
TTATTGCAGTTCCGTA-1,1
TTATTGCCACCATAAC-1,4
TTATTGCGTCACATTG-1,3
TTATTGCGTGGACCAA-1,2
TTATTGCGTTATTCTC-1,6
TTCAATCAGTCTTCGA-1,1
TTCAATCGTGCAACGA-1,3
TTCAATCGTTTCGTAG-1,2
TTCACCGAGGTAGCCA-1,2
TTCACCGAGTTCCATG-1,2
TTCACCGCAAAGGTTA-1,7
TTCACCGCAGAGCGTA-1,5
TTCACCGGTCCACGCA-1,2
TTCACCGGTCTCAAGT-1,6
TTCACCGGTTTATGCG-1,1
TTCACCGTCAAGCCAT-1,1
TTCACCGTCATGAAAG-1,2
TTCACCGTCTACTGCC-1,4
TTCACGCAGGAAACGA-1,7
TTCACGCCAGGGTTGA-1,1
TTCACGCCAGTCAGTT-1,1
TTCACGCTCAAGTTGC-1,3
TTCACGCTCCGTTTCG-1,7
TTCAGGACAACCTATG-1,6
TTCAGGACAATCTGCA-1,7
TTCAGGACAGAGCGTA-1,3
TTCAGGACAGAGTTGG-1,3
TTCAGGATCACGATCA-1,4
TTCAGGATCGGTCAGC-1,3
TTCATGTAGCGGTATG-1,3
TTCATGTAGGTAGATT-1,5
TTCATGTAGTAGTCCT-1,6
TTCATGTCACAAGCCC-1,1
TTCATGTGTAACTGCT-1,1
TTCATGTGTATGCAAA-1,4
TTCATGTGTCTACGTA-1,3
TTCATGTTCCAATGCA-1,2
TTCATGTTCGAAGGAC-1,1
TTCATTGGTAGACACG-1,4
TTCATTGGTTGAGTCT-1,3
TTCATTGTCCTAACAG-1,4
TTCATTGTCGTGGCTG-1,3
TTCATTGTCTTTGCAT-1,1
TTCCAATAGATCCTAC-1,2
TTCCAATAGCGGTAAC-1,5
TTCCAATCACGGTGCT-1,5
TTCCAATCAGTGAGCA-1,1
TTCCACGAGACTGTTC-1,4
TTCCACGAGAGACAAG-1,1
TTCCACGAGCCTAGGA-1,2
TTCCACGAGGTATAGT-1,2
TTCCACGCATATACCG-1,7
TTCCACGCATTGTCGA-1,7
TTCCACGGTTATCTGG-1,3
TTCCACGTCAAACTGC-1,1
TTCCACGTCTCGTTTA-1,1
TTCCGGTCACTACTTT-1,1
TTCCGGTCAGGCGATA-1,2
TTCCGGTGTCTTGGTA-1,6
TTCCGGTTCACCATCC-1,2
TTCCGGTTCAGCCTCT-1,7
TTCCGGTTCTCGCGTT-1,4
TTCCGTGAGAAGTCCG-1,2
TTCCGTGAGTAGAGTT-1,3
TTCCGTGCACGCAGTC-1,1
TTCCGTGCATTCAGGT-1,1
TTCCGTGGTATCGTAC-1,4
TTCCGTGTCAGAACCT-1,5
TTCCGTGTCGTTCATT-1,4
TTCCTAAAGGTCCGAA-1,5
TTCCTAAAGTGATGGC-1,5
TTCCTAAGTGCCGTTG-1,4
TTCCTAAGTTACCTGA-1,5
TTCCTAATCCCACAGG-1,4
TTCCTCTAGGGAGTGG-1,5
TTCCTCTCAACTACGT-1,6
TTCCTCTCAGCACAGA-1,7
TTCCTCTTCTTAGCCC-1,5
TTCCTTCAGTAAAGCT-1,1
TTCCTTCTCAGCATTG-1,6
TTCGATTCAGACAAAT-1,1
TTCGATTGTGGCCCAT-1,4
TTCGATTTCCCTCTTT-1,6
TTCGATTTCGTCGGGT-1,2
TTCGCTGAGGGCTTCC-1,4
TTCGCTGCACTAGAGG-1,4
TTCGCTGCAGTCGAGA-1,2
TTCGCTGGTAGAGATT-1,3
TTCGCTGGTCGGCTAC-1,2
TTCGCTGTCAACTACG-1,3
TTCGCTGTCCCTGTTG-1,1
TTCGGTCCACTCATAG-1,3
TTCGGTCCAGCATGCC-1,2
TTCGGTCGTCTTCAAG-1,3
TTCGGTCTCTCGTTTA-1,4
TTCTAACAGGCGTTAG-1,5
TTCTAACAGTATAGAC-1,1
TTCTAACAGTCACGAG-1,6
TTCTAACCAAAGGATT-1,3
TTCTAACCACCTTCGT-1,6
TTCTAACCAGGCCTGT-1,3
TTCTAACCATCCTTCG-1,6
TTCTAACGTAGAATAC-1,1
TTCTAACGTAGGTGCA-1,3
TTCTAACTCAAACGTC-1,6
TTCTAGTAGCAGCAGT-1,6
TTCTAGTAGCAGCCCT-1,4
TTCTAGTAGCAGCCTC-1,7
TTCTAGTAGTCATGGG-1,4
TTCTAGTTCGGTTGTA-1,2
TTCTCTCAGAGGTGCT-1,5
TTCTCTCGTACTCGAT-1,6
TTCTCTCTCAAGCCAT-1,1
TTCTCTCTCACTGTTT-1,4
TTCTCTCTCTAGTCAG-1,5
TTCTGTAAGGTGCTAG-1,4
TTCTGTAGTCTACTGA-1,2
TTCTGTAGTGTTTACG-1,2
TTCTTCCAGGTACAAT-1,1
TTCTTCCCAATCAAGA-1,3
TTCTTCCCACGGTGAA-1,1
TTCTTCCGTCACCCTT-1,7
TTCTTCCGTCGCGTTG-1,6
TTCTTCCGTTGAGGAC-1,2
TTCTTGAAGAGGCCAT-1,5
TTCTTGAAGTGACACG-1,2
TTCTTGACAACACGTT-1,1
TTCTTGAGTTAGGCTT-1,2
TTGAACGAGCGTTAGG-1,5
TTGAACGAGTAACAGT-1,4
TTGAACGCAACACAAA-1,6
TTGAACGGTACGCGTC-1,2
TTGAACGGTTCTATCT-1,3
TTGAACGTCGTAGCTA-1,5
TTGAACGTCGTTCCCA-1,3
TTGACCCAGGCCACCT-1,1
TTGACCCTCACTTATC-1,2
TTGACCCTCGCATTAG-1,1
TTGAGTGAGGGATCAC-1,1
TTGAGTGAGTCGGGAT-1,3
TTGAGTGAGTTACGGG-1,4
TTGAGTGCAACTTGGT-1,3
TTGAGTGGTGGGCTTC-1,3
TTGAGTGTCACGAGGA-1,5
TTGAGTGTCGAGTACT-1,1
TTGAGTGTCTGGAGAG-1,3
TTGATGGAGGGCAAGG-1,4
TTGATGGAGTGGTGAC-1,2
TTGATGGCAGAAGTGC-1,2
TTGATGGCAGGCGTTC-1,3
TTGATGGGTCTACGAT-1,3
TTGATGGGTTTAGAGA-1,3
TTGATGGTCTCGTCAC-1,5
TTGATGGTCTCTGCTG-1,4
TTGCATTAGAGGTATT-1,1
TTGCATTAGGCACTAG-1,1
TTGCATTCACTTGGGC-1,6
TTGCATTGTGGCATCC-1,7
TTGCATTTCCCGAAAT-1,5
TTGCCTGAGCAATTAG-1,2
TTGCCTGGTACAGAAT-1,3
TTGCCTGGTAGGTCAG-1,2
TTGCGTCAGGGCAATC-1,1
TTGCGTCAGTAGGGTC-1,3
TTGCGTCCATCGCTCT-1,5
TTGCGTCTCAAGAGGC-1,3
TTGCGTCTCACCTTAT-1,4
TTGCTGCAGACGATAT-1,6
TTGCTGCAGCGTTGTT-1,4
TTGCTGCAGCTAAATG-1,2
TTGCTGCTCTGGGCGT-1,2
TTGGATGGTCAAACGG-1,2
TTGGATGGTCACTCAA-1,2
TTGGATGGTGCGTTTA-1,3
TTGGATGTCCAGTGCG-1,4
TTGGGATAGACGACTG-1,6
TTGGGATAGGTGCGAT-1,4
TTGGGATGTGTTCAGT-1,2
TTGGGATGTTGCATAC-1,4
TTGGGCGCAGCCCAGT-1,2
TTGGGCGCATGAAAGT-1,3
TTGGGCGTCATCAGTG-1,4
TTGGGCGTCCAGTGTA-1,3
TTGGGTATCCTAAGTG-1,5
TTGGGTATCCTGCTAC-1,2
TTGGGTATCTAGACAC-1,6
TTGGGTATCTCTGAGA-1,6
TTGGTTTAGCTAAACA-1,1
TTGGTTTCAAACTAAG-1,2
TTGGTTTGTCTTGCGG-1,4
TTGGTTTTCTGCGAGC-1,1
TTGTGGAAGTTGCATC-1,4
TTGTGGACACCCTAAA-1,7
TTGTGGACACCTGCAG-1,3
TTGTGGACATCATGAC-1,5
TTGTGGACATGCCGGT-1,1
TTGTGGACATGGACAG-1,6
TTGTGGAGTACGTGTT-1,2
TTGTGGATCATCGCCT-1,1
TTGTGGATCCGTGTCT-1,5
TTGTGGATCCTATGGA-1,4
TTGTGTTAGTCACTAC-1,3
TTGTGTTAGTCATGGG-1,3
TTGTGTTCAAATCAGA-1,3
TTGTGTTCAGACAAAT-1,3
TTGTGTTGTAACCCTA-1,3
TTGTGTTGTATCGGTT-1,5
TTGTGTTGTGATTCAC-1,1
TTGTGTTGTGGTAACG-1,2
TTGTGTTTCCCTCTCC-1,3
TTGTTCAAGAGCTGAC-1,2
TTGTTCAAGCATGGGT-1,5
TTGTTCAAGCGACTGA-1,5
TTGTTCAAGGATCATA-1,4
TTGTTCAAGTTCCGGC-1,6
TTGTTCACAACCAATC-1,1
TTGTTCACAGAACTTC-1,6
TTGTTCACATACTGAC-1,5
TTGTTCAGTGCACGCT-1,4
TTGTTCATCACTTATC-1,7
TTGTTGTAGACTGTTC-1,5
TTGTTGTAGATGCTTC-1,6
TTGTTGTAGCACTGGA-1,7
TTGTTGTAGGTGAGCT-1,3
TTGTTGTAGTCGCCAC-1,6
TTGTTGTCACATTCTT-1,6
TTGTTGTCACTGGACC-1,5
TTGTTGTCATGCCATA-1,2
TTGTTGTTCCAATGCA-1,6
TTGTTGTTCCTTGAAG-1,1
TTGTTGTTCGTACCTC-1,1
TTGTTGTTCTTGCGCT-1,7
TTGTTTGAGAGTCCGA-1,2
TTGTTTGAGCAGGCTA-1,2
TTGTTTGAGGATATAC-1,5
TTGTTTGCAGCTAACT-1,2
TTGTTTGTCAAGCCGC-1,4
TTGTTTGTCCAAGCCG-1,4
TTGTTTGTCCTGTTAT-1,1
TTGTTTGTCGACATAC-1,7
TTGTTTGTCGCTGATA-1,3
TTTACCACACGGCACT-1,6
TTTACCACAGTTAGGG-1,7
TTTACCACATCCGTGG-1,2
TTTACCAGTACCTATG-1,1
TTTACCAGTCGGAAAC-1,5
TTTACCATCTATCGCC-1,4
TTTACGTAGCGCCGTT-1,3
TTTACGTAGGGTGAGG-1,5
TTTACGTAGTAGCCAG-1,2
TTTACGTGTCACAATC-1,4
TTTACTGCATTATGCG-1,7
TTTACTGGTACCAGAG-1,3
TTTACTGGTATGAGAT-1,2
TTTACTGTCGTGCACG-1,5
TTTAGTCAGGATGAGA-1,5
TTTAGTCCAATACGCT-1,2
TTTAGTCTCGCAGTCG-1,6
TTTAGTCTCTGCGATA-1,7
TTTAGTCTCTGGTCAA-1,6
TTTATGCAGACAGCTG-1,2
TTTATGCAGCTGGTGA-1,7
TTTATGCAGGCTAGCA-1,2
TTTATGCGTAGGACCA-1,2
TTTATGCTCACACCGG-1,3
TTTATGCTCGTGTTCC-1,2
TTTCACAAGCTAGAAT-1,1
TTTCACAGTACCCACG-1,3
TTTCACAGTGTTGCCG-1,2
TTTCACATCAAGCTGT-1,1
TTTCACATCTACTGAG-1,2
TTTCACATCTCACTCG-1,6
TTTCAGTAGCGAAACC-1,3
TTTCAGTCAAACACGG-1,4
TTTCAGTTCATGAGAA-1,2
TTTCAGTTCCATTCAT-1,1
TTTCATGCAGTTGGTT-1,1
TTTCATGCATGAAAGT-1,3
TTTCATGGTTCCAAAC-1,1
TTTCATGTCTTAAGGC-1,1
TTTCCTCAGGATCACG-1,1
TTTCCTCCAATCGCAT-1,7
TTTCCTCGTAAGACCG-1,1
TTTCCTCGTTGTGCAT-1,4
TTTCCTCTCCATACAG-1,4
TTTCCTCTCGTGTGAT-1,3
TTTCCTCTCTCTCTTC-1,2
TTTCGATAGGTAGTCG-1,5
TTTCGATCAATACCCA-1,2
TTTCGATCACAGCCAC-1,7
TTTCGATGTCGAACAG-1,3
TTTCGATGTCGGCTAC-1,2
TTTCGATTCAACGAGG-1,4
TTTCGATTCATTTGGG-1,4
TTTCGATTCGGAATTC-1,1
TTTGACTGTAAGGCTG-1,2
TTTGACTGTAGCTCGC-1,3
TTTGACTGTCTCCCTA-1,7
TTTGACTGTTGTGCCG-1,6
TTTGATCAGACCATAA-1,5
TTTGATCCAAATGCTC-1,4
TTTGATCCAGGTAGTG-1,3
TTTGATCCATACGCAT-1,1
TTTGATCGTACTCGTA-1,7
TTTGATCGTATCCTTT-1,1
TTTGATCGTGGAGAAA-1,2
TTTGATCTCAAGCCCG-1,4
TTTGGAGAGGGTATAT-1,1
TTTGGAGCAGACAAGC-1,4
TTTGGAGTCCCGAACG-1,1
TTTGGAGTCGTGGTAT-1,2
TTTGGAGTCTGCTTAT-1,4
TTTGGTTAGAACAGGA-1,3
TTTGGTTAGCAGATAT-1,7
TTTGGTTCACTAGGCC-1,1
TTTGGTTCAGCTACCG-1,1
TTTGGTTCAGGACATG-1,1
TTTGGTTGTACAAGCG-1,7
TTTGGTTGTCGCAGTC-1,3
TTTGGTTTCAAAGGAT-1,6
TTTGTTGAGAACGTGC-1,4
TTTGTTGGTAGGAAAG-1,3
TTTGTTGGTGCAATGG-1,2
TTTGTTGTCAAACGTC-1,1
TTTGTTGTCGCGGACT-1,5
TTTGTTGTCGCTGTCT-1,2
TTTGTTGTCGTCCATC-1,1
TTTGTTGTCTGAGATC-1,4
