cell_barcode,num_features,feature_call,num_umis
AACCCAATCCCATTCG-1,1,ACE2-1,354
AAGACAAGTCTCAAGT-1,1,ACE2-1,447
AATCACGCACAATGCT-1,1,ACE2-1,124
AATGGAAAGGTAAGGA-1,2,ACE2-1|RAB1A-2,172|364
ACCAAACGTTGGAGAC-1,2,ACE2-1|GSK3A-1,36|53
ACGTAACTCACCTTGC-1,2,ACE2-1|CSNK2A1-2,131|18
ACTATCTTCAATCTCT-1,2,ACE2-1|H2AFY-2,100|293
AGACCCGCACGTTCGG-1,1,ACE2-1,126
AGAGAATTCCGATAAC-1,2,ACE2-1|SRRT-2,424|6
AGAGCCCTCGTCACCT-1,1,ACE2-1,188
AGATCCAGTTGAAGTA-1,1,ACE2-1,89
AGCGATTGTGTCTTAG-1,6,ACE2-1|DPP4-1|ELOF1-2|Non-Targeting-7|PPIB-1|TRA2B-1,90|792|85|296|1476|21
AGGACTTTCAAGAGTA-1,3,ACE2-1|PPIB-1|RBM25-2,1035|1203|120
AGGGCTCAGCCGTAAG-1,1,ACE2-1,96
ATATCCTCATGTTCAG-1,1,ACE2-1,253
ATCATTCTCCCATTTA-1,1,ACE2-1,152
ATCGGCGCAAGATTGA-1,2,ACE2-1|ELOF1-1,397|1316
ATTCACTTCTTTCCGG-1,1,ACE2-1,291
ATTTCACCAAGTAGTA-1,1,ACE2-1,302
ATTTCTGAGGCACCAA-1,2,ACE2-1|EIF4EBP1-2,41|16
CAACCTCAGCGTACAG-1,2,ACE2-1|ATF4-2,108|168
CAACGATAGCTCACTA-1,2,ACE2-1|CAMLG-2,273|351
CACTGGGCACCTCGTT-1,1,ACE2-1,149
CAGCAATGTACATTGC-1,4,ACE2-1|EZR-1|PPIB-1|RBBP4-1,435|264|992|464
CATACAGAGTTCCATG-1,1,ACE2-1,213
CATCCGTAGGACTGGT-1,2,ACE2-1|ELOF1-2,125|27
CATCCGTCATATAGCC-1,1,ACE2-1,104
CATCGGGTCTTAGCCC-1,3,ACE2-1|GSK3A-1|SMARCD1-1,181|367|53
CATGCGGAGTAGGGTC-1,3,ACE2-1|GRB2-2|Non-Targeting-7,1108|765|271
CCCATTGAGCTGGTGA-1,3,ACE2-1|ACE2-2|SMARCD1-2,444|1096|196
CCGGGTATCGGAATGG-1,1,ACE2-1,302
CCTCCAACATGCCGAC-1,1,ACE2-1,166
CGAATTGGTCTAATCG-1,1,ACE2-1,143
CGCATGGAGCTGTTAC-1,2,ACE2-1|ELOF1-1,90|1905
CGGAGAAAGCCTCATA-1,1,ACE2-1,343
CGGAGAACAAAGGCGT-1,2,ACE2-1|ATF4-1,127|109
CGTGCTTAGTCGCCCA-1,2,ACE2-1|Non-Targeting-5,273|246
CGTGTCTCACCCAATA-1,3,ACE2-1|CSNK2A1-1|DPP4-1,160|45|105
CGTTCTGGTTACGATC-1,2,ACE2-1|MORF4L1-2,598|120
CTACCCAGTCGCATGC-1,1,ACE2-1,452
CTAGGTATCATAGGCT-1,2,ACE2-1|TMPRSS2-1,346|334
CTGCAGGGTTGTGCCG-1,1,ACE2-1,420
CTGCTCATCGTCAAAC-1,2,ACE2-1|RBBP4-2,305|19
CTTCTAATCCTGGGAC-1,1,ACE2-1,166
CTTGATTGTTAGCGGA-1,1,ACE2-1,151
GAACACTTCTAAGAAG-1,1,ACE2-1,1075
GAAGTAAAGCGTGTTT-1,9,ACE2-1|EZR-2|GRB2-1|GSK3A-1|KDM1A-1|MBNL1-2|MORF4L1-1|Non-Targeting-8|RBBP4-1,179|456|319|86|52|37|167|228|126
GAATCGTCAATCCAGT-1,1,ACE2-1,539
GACAGCCAGCTTTGTG-1,1,ACE2-1,93
GACCAATCACAAAGTA-1,1,ACE2-1,33
GACGCTGGTAGCTGAG-1,1,ACE2-1,29
GACTATGTCACGTAGT-1,1,ACE2-1,94
GAGTCTAAGCGGTAGT-1,1,ACE2-1,149
GAGTGAGTCGGTCGAC-1,1,ACE2-1,23
GAGTTACCAGCATGCC-1,1,ACE2-1,510
GATGTTGTCGATAACC-1,4,ACE2-1|CTNNB1-2|MBNL1-1|MORF4L1-1,348|8|35|113
GCCAGTGAGAAGGGAT-1,1,ACE2-1,15
GCCATGGGTGGCTAGA-1,1,ACE2-1,713
GCCATGGTCCACGGAC-1,2,ACE2-1|CTNNB1-1,411|928
GGAGGATGTACTGAGG-1,3,ACE2-1|EIF4EBP1-1|LMNA-1,158|141|222
GGCTTTCTCTATCGTT-1,2,ACE2-1|BRD4-1,194|56
GGGCCATAGTACGTCT-1,1,ACE2-1,505
GGGCCATGTCCGAAGA-1,1,ACE2-1,327
GGGTTATCATGAGAAT-1,1,ACE2-1,152
GGTCTGGAGTGGTCAG-1,2,ACE2-1|SNRNP40-1,136|155
GTACAGTCAAGACGAC-1,1,ACE2-1,279
GTAGCTACAACTCCCT-1,1,ACE2-1,117
GTCACGGTCCTAGAGT-1,3,ACE2-1|EZR-1|JUN-1,193|436|259
GTCTTTAAGGTCGACA-1,3,ACE2-1|SET-2|SNRNP40-1,90|105|279
GTGCACGGTTTGGGAG-1,1,ACE2-1,224
GTGGTTACAGGACTTT-1,5,ACE2-1|EIF4EBP1-1|GSK3A-1|H2AFY-1|Non-Targeting-7,306|157|277|972|83
GTTACCCAGTAGTCTC-1,2,ACE2-1|DPP4-1,91|444
GTTACCCGTGTATCCA-1,2,ACE2-1|EIF4EBP1-2,271|332
GTTGTGACAGCAGTTT-1,1,ACE2-1,39
GTTTGGAAGTTCCATG-1,3,ACE2-1|SET-2|SNRNP40-1,117|139|439
TAACGACCAATAGGAT-1,4,ACE2-1|CDKN3-1|H2AFY-2|MBNL1-2,17|202|147|124
TAACGACTCACTTGGA-1,2,ACE2-1|EIF4EBP1-2,661|1000
TACCGAAAGCCGAACA-1,2,ACE2-1|MBNL1-2,374|131
TACGGTATCCGACATA-1,1,ACE2-1,138
TAGGGTTGTCCACTCT-1,2,ACE2-1|GSK3A-2,121|119
TAGGTTGTCCAGGACC-1,1,ACE2-1,463
TATACCTAGGGTACAC-1,4,ACE2-1|ELOF1-1|EZR-2|JUN-2,146|540|376|103
TATATCCGTACTTGTG-1,2,ACE2-1|RBBP4-1,405|75
TATCCTAAGTCACAGG-1,1,ACE2-1,67
TATGTTCTCGGAGTAG-1,1,ACE2-1,405
TCACGGGTCAGACCGC-1,1,ACE2-1,483
TCAGCCTCAGGTCAGA-1,2,ACE2-1|Non-Targeting-7,168|174
TCATCATAGTCTGCAT-1,2,ACE2-1|SUZ12-2,174|35
TCCTCGAAGTGAGTTA-1,2,ACE2-1|RBBP4-1,232|53
TCCTTCTGTTGCGGCT-1,1,ACE2-1,28
TCTATCAGTAGACTGG-1,2,ACE2-1|SRRT-2,595|84
TCTCACGCAGTTGAAA-1,1,ACE2-1,18
TGAACGTAGTACAACA-1,1,ACE2-1,378
TGAACGTCAGTAACCT-1,3,ACE2-1|BAZ1B-2|MBNL1-1,402|58|358
TGACGCGAGACCAGCA-1,1,ACE2-1,476
TGAGCATTCCGAGCTG-1,1,ACE2-1,401
TGCTCGTCACCATATG-1,1,ACE2-1,51
TGGAACTGTTAAGACA-1,1,ACE2-1,402
TGGTTAGTCACCACAA-1,1,ACE2-1,515
TGTGGCGTCCCGATCT-1,1,ACE2-1,434
TGTTACTAGCATATGA-1,2,ACE2-1|TRA2B-1,646|276
TGTTTGTGTCGTCAGC-1,1,ACE2-1,329
TTACAGGGTCTTTCAT-1,2,ACE2-1|DPP4-2,22|17
TTACGCCAGACGGATC-1,1,ACE2-1,259
TTATTGCGTGGACCAA-1,1,ACE2-1,838
TTATTGCGTTATTCTC-1,1,ACE2-1,191
TTCATGTGTAACTGCT-1,2,ACE2-1|TMPRSS2-2,741|133
TTCCACGTCTCGTTTA-1,1,ACE2-1,296
TTCGCTGCAGTCGAGA-1,2,ACE2-1|CTNNB1-1,680|938
TTCGGTCCAGCATGCC-1,1,ACE2-1,523
TTGCGTCAGGGCAATC-1,4,ACE2-1|CDKN3-1|DPP4-2|Non-Targeting-5,114|569|59|359
TTTAGTCTCGCAGTCG-1,2,ACE2-1|SUZ12-1,452|387
TTTGATCAGACCATAA-1,1,ACE2-1,18
TTTGATCGTATCCTTT-1,1,ACE2-1,193
TTTGATCTCAAGCCCG-1,1,ACE2-1,138
AAAGAACCATTGTCGA-1,1,ACE2-2,1285
AAAGTGATCACTGTTT-1,1,ACE2-2,1336
AACAGGGCAGCACAAG-1,2,ACE2-2|MBNL1-1,645|312
AAGGTAAAGTTGCCTA-1,4,ACE2-2|CAMLG-2|CDKN3-1|MBNL1-2,251|82|206|39
AAGTGAAGTTCACCGG-1,2,ACE2-2|MBNL1-1,1361|152
AATGACCGTACCTATG-1,1,ACE2-2,58
ACAAAGATCGCAGTGC-1,2,ACE2-2|RAB1A-3,2327|962
ACATCGAGTAAGCGGT-1,1,ACE2-2,1454
ACATTTCTCGGAACTT-1,1,ACE2-2,946
ACCAAACGTCTTACAG-1,6,ACE2-2|APH1A-1|CDKN3-2|EIF4EBP1-2|MORF4L1-2|RBM25-2,692|235|677|275|16|9
ACCCTCAAGCGTCGAA-1,2,ACE2-2|MORF4L1-2,1439|172
ACCTACCGTCGTTTCC-1,5,ACE2-2|CDKN3-2|MORF4L1-2|SET-2|UBE2N-1,196|155|30|73|223
ACGTAACAGTCTGGTT-1,5,ACE2-2|ATF4-1|CAMLG-2|CDKN3-2|PAIP2-1,45|75|30|72|33
ACGTACATCCTCACTG-1,1,ACE2-2,40
ACTGTCCAGGATTTAG-1,1,ACE2-2,912
ACTGTGAGTTATCCAG-1,2,ACE2-2|MORF4L1-2,123|13
ACTTAGGAGTCTTCCC-1,1,ACE2-2,807
ACTTATCCACGACGAA-1,3,ACE2-2|EIF4EBP1-1|H2AFY-2,79|64|404
AGACACTAGCTCGCAC-1,1,ACE2-2,216
AGCCAGCCAGCAATTC-1,1,ACE2-2,1060
AGGATAATCAGACTGT-1,1,ACE2-2,1366
AGGCATTAGAGAATCT-1,1,ACE2-2,234
AGGGTGACATGTTCAG-1,2,ACE2-2|SET-1,134|409
AGTCAACAGACATGCG-1,1,ACE2-2,1692
AGTCAACAGGTACATA-1,1,ACE2-2,101
AGTCACATCGGCTTCT-1,4,ACE2-2|CSNK2A1-2|EIF4EBP1-1|KDM1A-1,1043|21|339|429
AGTCATGAGTAGAATC-1,1,ACE2-2,1116
AGTGACTAGACCCTTA-1,2,ACE2-2|Non-Targeting-5,836|124
AGTTCGATCCTAGCGG-1,1,ACE2-2,443
ATCGGCGTCACCTGGG-1,1,ACE2-2,342
ATGAAAGCAACTTGCA-1,4,ACE2-2|BAZ1B-2|EIF4EBP1-2|PAIP2-1,306|48|97|765
ATGTCTTCATGTGGTT-1,3,ACE2-2|LMNA-1|Non-Targeting-5,151|61|61
ATGTCTTTCGTCGCTT-1,1,ACE2-2,517
ATTCTACGTGAACTAA-1,1,ACE2-2,574
ATTTCTGAGTAGACAT-1,1,ACE2-2,415
CAAGACTAGTTAACGA-1,1,ACE2-2,27
CACTGTCAGAGTCGAC-1,1,ACE2-2,983
CAGATACCATCAGCAT-1,4,ACE2-2|EIF4EBP1-2|GRB2-1|KDM1A-1,344|103|69|103
CAGGGCTAGGTAAACT-1,1,ACE2-2,45
CAGGGCTCATTCACCC-1,1,ACE2-2,196
CAGGGCTTCGCTACAA-1,2,ACE2-2|UBXN1-2,609|452
CAGGTATGTAGGTAGC-1,1,ACE2-2,1471
CAGGTATGTGGCGTAA-1,3,ACE2-2|GRB2-2|SET-2,909|964|167
CATACTTCACCCTAAA-1,2,ACE2-2|HDAC1-2,65|231
CATACTTTCGACATCA-1,1,ACE2-2,662
CATCGTCAGGGAACAA-1,1,ACE2-2,713
CATGAGTCAGCTGTAT-1,1,ACE2-2,1266
CATGCGGCAGCTGGTC-1,1,ACE2-2,232
CATTCATTCTTTGCGC-1,2,ACE2-2|SRRT-1,249|16
CATTCCGGTCAGTTTG-1,2,ACE2-2|BRD4-2,777|744
CCAAGCGGTTGCAAGG-1,2,ACE2-2|JUN-2,1892|1113
CCACAAACAATTTCTC-1,2,ACE2-2|Non-Targeting-5,498|208
CCACCATTCTTGATTC-1,1,ACE2-2,1422
CCATAAGGTCTGTGGC-1,1,ACE2-2,468
CCCGAAGCAAGAGTAT-1,2,ACE2-2|CSNK2A1-2,1497|57
CCTAAGAGTGGATCAG-1,1,ACE2-2,928
CCTACGTGTTGGACTT-1,4,ACE2-2|CDKN3-2|GSK3A-2|RBBP4-1,53|25|12|18
CCTTGTGCAGACGATG-1,1,ACE2-2,1384
CCTTGTGTCTCCTGCA-1,1,ACE2-2,312
CGAGTGCCAGAGAGGG-1,1,ACE2-2,1445
CGGCAGTCATCTCCCA-1,1,ACE2-2,1231
CGTGAATCAGGTCTCG-1,2,ACE2-2|GSK3A-1,1330|360
CGTTGGGGTAGACTGG-1,1,ACE2-2,781
CTACCTGGTGCACATT-1,1,ACE2-2,1322
CTCAAGAAGCAACAAT-1,2,ACE2-2|Non-Targeting-5,343|91
CTGCCTATCAGATTGC-1,1,ACE2-2,580
CTGTCGTCAATCTGCA-1,1,ACE2-2,364
CTTCGGTAGTAGAATC-1,3,ACE2-2|CDKN3-1|Non-Targeting-8,806|553|357
CTTTCAATCACCCTTG-1,1,ACE2-2,633
CTTTCGGAGGTGGCTA-1,1,ACE2-2,287
GAAATGATCTCCACTG-1,2,ACE2-2|Non-Targeting-5,610|78
GAACTGTAGTTCCATG-1,1,ACE2-2,381
GAAGGGTGTGGGTTGA-1,3,ACE2-2|MORF4L1-2|SUZ12-2,1639|243|91
GACCCAGTCAGCTGAT-1,4,ACE2-2|ATF4-1|Non-Targeting-7|TMPRSS2-1,83|145|447|283
GACGTTAAGCACGGAT-1,1,ACE2-2,1323
GAGAAATCAACCGACC-1,1,ACE2-2,42
GAGGCCTGTCCACAGC-1,1,ACE2-2,714
GAGTTGTAGCCGTCGT-1,1,ACE2-2,653
GAGTTGTTCTGAGTCA-1,1,ACE2-2,871
GAGTTTGTCCGATGCG-1,1,ACE2-2,1439
GCAACCGAGTCATACC-1,1,ACE2-2,1415
GCAACCGTCGGAATTC-1,2,ACE2-2|CDKN3-1,741|216
GCACGGTTCTACGGTA-1,1,ACE2-2,110
GCCGATGTCTTGCGCT-1,1,ACE2-2,631
GCTTGGGAGCGACTGA-1,1,ACE2-2,75
GGGACAAGTAGCCCTG-1,1,ACE2-2,281
GGGACTCTCTTGTGCC-1,1,ACE2-2,1079
GGTGATTTCCTGGTCT-1,1,ACE2-2,939
GGTGATTTCTTGTTAC-1,1,ACE2-2,68
GTAACCATCTGTCGTC-1,1,ACE2-2,555
GTATTTCCACTACCGG-1,1,ACE2-2,868
GTATTTCGTCTCCTGT-1,2,ACE2-2|HDAC1-1,164|6
GTCAAACCATGCACTA-1,5,ACE2-2|CDKN3-2|MORF4L1-2|SET-2|UBE2N-1,167|153|29|76|210
GTCAAACGTTCAGGTT-1,3,ACE2-2|BRD4-1|HDAC1-2,541|53|420
GTCATCCAGTGGTTAA-1,1,ACE2-2,938
GTCGAATTCAAACTGC-1,1,ACE2-2,1761
GTGCACGCACGAAAGC-1,1,ACE2-2,786
GTGCTTCCACGTTGGC-1,1,ACE2-2,577
GTGGAAGTCCCAAGTA-1,5,ACE2-2|APH1A-2|Non-Targeting-8|PAIP2-1|SNRNP70-2,290|17|106|272|8
GTGGGAAGTTAAGGAT-1,2,ACE2-2|Non-Targeting-5,262|65
GTTCGCTTCCAACCGG-1,1,ACE2-2,78
GTTTGGACACTGAGGA-1,2,ACE2-2|SET-2,44|16
TAACACGCACCACTGG-1,2,ACE2-2|UBE2N-2,210|23
TACAACGGTCCCGCAA-1,1,ACE2-2,1638
TACACCCAGATGTTGA-1,1,ACE2-2,495
TACGTCCCAGCATACT-1,1,ACE2-2,1740
TACTTACTCCGTGTAA-1,1,ACE2-2,1069
TATACCTAGAGGCGGA-1,1,ACE2-2,858
TCATCATAGACGCCCT-1,2,ACE2-2|TMPRSS2-2,200|30
TCATTTGGTGAATGAT-1,2,ACE2-2|PPP2CA-1,460|114
TCCGATCTCTGAGTCA-1,1,ACE2-2,2183
TCCTGCAAGCTCGCAC-1,1,ACE2-2,389
TCCTGCACACAACGAG-1,4,ACE2-2|CSNK2A1-2|HDAC1-1|Non-Targeting-8,901|87|11|423
TCGGATACATCGGAGA-1,2,ACE2-2|GRB2-1,860|564
TCGGGACCACTACTTT-1,1,ACE2-2,1578
TCGTAGATCAGAGCGA-1,4,ACE2-2|BRD4-1|GSK3A-2|RBBP4-1,699|40|195|378
TGATCAGGTTGGGCCT-1,1,ACE2-2,937
TGATTCTTCGCTCCTA-1,1,ACE2-2,454
TGCAGATAGTTCCTGA-1,2,ACE2-2|TMPRSS2-1,150|426
TGCGACGTCCCTCGTA-1,1,ACE2-2,1073
TGCGGCAAGCATACTC-1,1,ACE2-2,268
TGCTGAATCACTCCGT-1,1,ACE2-2,40
TGGGTTACAAACTCTG-1,2,ACE2-2|UBXN1-1,1208|106
TGGTAGTAGGGATCAC-1,13,ACE2-2|CAMLG-1|DHX9-2|EIF4EBP1-2|ELOF1-1|ELOF1-2|H2AFY-1|HDAC1-2|MORF4L1-2|NOC2L-2|Non-Targeting-5|SRPK1-1|TPR-1,649|38|81|316|235|86|386|120|19|33|180|3|277
TGGTTAGAGTGTGTTC-1,3,ACE2-2|ATF4-2|GSK3A-1,167|79|277
TGTTGAGTCCGAGCTG-1,1,ACE2-2,790
TTCTTCCGTTGAGGAC-1,1,ACE2-2,853
TTGGATGGTCAAACGG-1,1,ACE2-2,603
TTGTTGTTCTTGCGCT-1,1,ACE2-2,41
TTTGATCCAGGTAGTG-1,2,ACE2-2|Non-Targeting-8,1297|664
AAACGAAGTCTTGAAC-1,1,APH1A-1,586
AACAAGATCGGTGTTA-1,1,APH1A-1,1048
AAGCATCGTTAAAGTG-1,2,APH1A-1|JUN-1,42|190
AAGCGTTTCCGTGCGA-1,3,APH1A-1|CAMLG-2|JUN-1,276|200|125
AAGGAATCAGACTGCC-1,1,APH1A-1,1360
AAGTCGTTCTCAGGCG-1,1,APH1A-1,452
AAGTTCGCAATGAGCG-1,1,APH1A-1,283
AAGTTCGCAGCCGTCA-1,4,APH1A-1|CSNK2A1-2|Non-Targeting-5|SUZ12-2,350|59|524|101
ACATTTCTCGCTGTCT-1,1,APH1A-1,402
ACCGTTCGTAGACAAT-1,1,APH1A-1,69
ACTCCCATCAGTCTTT-1,1,APH1A-1,173
ACTCTCGCACACACTA-1,1,APH1A-1,784
AGACCCGAGCGATGCA-1,1,APH1A-1,382
AGGACTTCACCCTTGT-1,1,APH1A-1,531
ATGCATGAGGACAAGA-1,1,APH1A-1,985
ATTCGTTTCGTCAACA-1,1,APH1A-1,934
ATTCTTGAGCTCGACC-1,1,APH1A-1,132
CAAAGAAGTCGATTTG-1,1,APH1A-1,106
CACTGTCTCCGCTGTT-1,1,APH1A-1,514
CACTTCGGTTGCTAGT-1,5,APH1A-1|H2AFY-2|Non-Targeting-8|PPIB-1|SUZ12-2,39|646|112|774|221
CAGCACGGTACTCCCT-1,1,APH1A-1,482
CAGGGCTGTACCATAC-1,1,APH1A-1,87
CAGTTAGTCTCGACGG-1,4,APH1A-1|ATF4-2|GSK3A-2|Non-Targeting-8,392|72|197|267
CATCAAGCACAAATCC-1,2,APH1A-1|HRAS-2,784|57
CATGCAACAGGAACCA-1,3,APH1A-1|ATF4-1|PPIB-2,2548|595|606
CATTGAGTCGCAATTG-1,1,APH1A-1,590
CATTGCCTCAGAGTTC-1,1,APH1A-1,756
CCCTGATGTTTGACAC-1,2,APH1A-1|GSK3A-1,866|666
CCTCACAAGAAACTGT-1,1,APH1A-1,945
CGACAGCAGGTGATCG-1,3,APH1A-1|MORF4L1-1|TMPRSS2-1,760|76|353
CGAGGAAGTCTCACAA-1,2,APH1A-1|BRD4-2,734|169
CGATCGGAGACAGCTG-1,1,APH1A-1,1139
CGGACACCAACTGTGT-1,1,APH1A-1,63
CGTTAGAAGCAGCCTC-1,4,APH1A-1|ATF4-2|GSK3A-2|Non-Targeting-8,323|66|121|173
CTAACTTTCAAGGAGC-1,4,APH1A-1|Non-Targeting-5|SRPK1-2|TMPRSS2-1,439|279|272|852
CTCATCGGTGCTTCAA-1,1,APH1A-1,119
CTCCACATCGACGCGT-1,1,APH1A-1,259
CTCCATGTCTGTGCGG-1,1,APH1A-1,1259
CTCCCTCGTGAGGCAT-1,5,APH1A-1|DPP4-1|ELOF1-2|GSK3A-1|RBM25-2,135|29|34|20|7
CTCTCGACATGATCTG-1,1,APH1A-1,98
CTGCCATTCCATAAGC-1,1,APH1A-1,1013
CTTCTAATCTCCACTG-1,1,APH1A-1,130
GAGGCCTCATACAGCT-1,1,APH1A-1,661
GAGTCATGTACAAGTA-1,1,APH1A-1,545
GAGTCATTCGCAGTGC-1,1,APH1A-1,473
GAGTCTAGTAGGACCA-1,3,APH1A-1|CTNNB1-1|GRB2-1,603|608|197
GAGTTGTAGAAGTCCG-1,1,APH1A-1,885
GAGTTTGGTCCAAATC-1,3,APH1A-1|BRD4-1|RBBP4-2,65|62|65
GATTCGACATGGAAGC-1,1,APH1A-1,265
GCAACATCACCCTAGG-1,2,APH1A-1|Non-Targeting-8,541|517
GCCCAGATCACCTGGG-1,2,APH1A-1|MBNL1-2,330|86
GCGTTTCCAACCACGC-1,2,APH1A-1|MBNL1-2,212|67
GGAATCTCACGCCAGT-1,1,APH1A-1,143
GGAGAACTCAATCCAG-1,1,APH1A-1,373
GGCTTGGAGGCTTTCA-1,1,APH1A-1,114
GGGACAAGTTGGGACA-1,1,APH1A-1,537
GGGACCTTCGCTGTTC-1,1,APH1A-1,396
GGTAGAGGTGACCTGC-1,1,APH1A-1,524
GGTCTGGTCCATTCAT-1,1,APH1A-1,145
GGTGAAGTCGGTTGTA-1,2,APH1A-1|Non-Targeting-5,1252|285
GTAGAGGTCTCCCAAC-1,1,APH1A-1,1124
GTCAAGTCAGTTTGGT-1,1,APH1A-1,251
GTCATGATCACCGGGT-1,1,APH1A-1,94
GTCTAGATCAAACTGC-1,3,APH1A-1|GSK3A-2|Non-Targeting-8,951|244|547
GTCTCACAGGCATCTT-1,1,APH1A-1,1086
GTTGCTCGTACAACGG-1,3,APH1A-1|PAIP2-2|SNRNP40-1,226|47|648
GTTGTAGGTCCACTCT-1,2,APH1A-1|GSK3A-1,197|333
TAATTCCCAACGAGGT-1,2,APH1A-1|ELOF1-2,1047|118
TACAGGTGTAGAGGAA-1,2,APH1A-1|SET-1,317|387
TACCGAATCTTCTAAC-1,3,APH1A-1|BRD4-2|CDKN3-2,198|39|413
TACCGGGTCTTCCACG-1,1,APH1A-1,325
TACGGTAAGATACGAT-1,1,APH1A-1,886
TACGTCCGTGATAGAT-1,1,APH1A-1,1710
TACTTGTAGACATAGT-1,3,APH1A-1|MBNL1-1|TMPRSS2-2,56|72|21
TAGGGTTGTGTTTGCA-1,1,APH1A-1,235
TCAGCCTTCCATAAGC-1,1,APH1A-1,532
TCATGGACACATTCTT-1,1,APH1A-1,548
TCCAGAACAAATACGA-1,1,APH1A-1,148
TCCAGAAGTACGATTC-1,1,APH1A-1,1082
TCGGATAGTTGATCGT-1,1,APH1A-1,579
TCTATCACACATTACG-1,2,APH1A-1|TMPRSS2-1,46|32
TGCATCCAGCATGATA-1,3,APH1A-1|CTNNB1-1|GRB2-1,585|649|270
TGGGAAGTCGATACGT-1,1,APH1A-1,871
TGTAACGTCCATTCGC-1,2,APH1A-1|GRB2-2,427|156
TGTAGACCAACCCTCT-1,1,APH1A-1,310
TGTAGACGTCCACACG-1,1,APH1A-1,548
TTACTGTGTAGAATAC-1,1,APH1A-1,224
TTCTCTCTCAAGCCAT-1,1,APH1A-1,949
TTGGGTATCTCTGAGA-1,2,APH1A-1|CSNK2A1-1,935|130
TTTCAGTTCCATTCAT-1,1,APH1A-1,550
AACCAACAGCTGGCCT-1,1,APH1A-2,161
AACGTCATCTGGTTGA-1,1,APH1A-2,22
AATTTCCAGAAACTCA-1,1,APH1A-2,131
AATTTCCTCCGTATGA-1,1,APH1A-2,60
AATTTCCTCGTCTCAC-1,5,APH1A-2|CDKN3-1|CDKN3-2|EZH2-1|PPIB-1,22|71|46|98|36
ACAGAAACACCTCGTT-1,1,APH1A-2,17
ACAGCCGAGTGCTCAT-1,2,APH1A-2|RBBP4-1,22|76
ACAGCCGTCGCCACTT-1,2,APH1A-2|DPP4-1,44|181
ACCCTCAAGGTTACAA-1,1,APH1A-2,8
ACCTGTCAGGATCATA-1,1,APH1A-2,72
ACGCACGCAAGTTGGG-1,1,APH1A-2,113
ACGCACGTCTCGACGG-1,3,APH1A-2|MBNL1-1|SMARCD1-2,104|193|97
ACGGTCGCAGCTCATA-1,1,APH1A-2,27
ACTATTCGTTCCAGGC-1,3,APH1A-2|H2AFY-1|SMARCD1-1,35|734|17
ACTTTCACACCTTCCA-1,2,APH1A-2|PPIB-2,62|336
AGAAATGAGATGCGAC-1,1,APH1A-2,51
AGACACTGTAACATAG-1,2,APH1A-2|Non-Targeting-5,122|91
AGATCGTCAGGTCTCG-1,1,APH1A-2,118
AGATGAATCCAACCGG-1,2,APH1A-2|GSK3A-1,25|216
AGCCACGCACAAATGA-1,1,APH1A-2,134
AGCGCTGAGATGATTG-1,1,APH1A-2,25
AGCTACACACAAGCTT-1,1,APH1A-2,37
AGGTAGGCACATACGT-1,3,APH1A-2|ELOF1-1|SNRNP40-1,18|828|199
AGGTCTATCCCTTGTG-1,2,APH1A-2|CSNK2A1-2,22|27
AGGTTACTCATTTGTC-1,1,APH1A-2,55
AGTACTGAGTAGAGTT-1,2,APH1A-2|MBNL1-1,60|227
ATACCTTTCGGACCAC-1,1,APH1A-2,47
ATCGATGGTCATCTAG-1,1,APH1A-2,107
ATGGATCCATGTCTAG-1,3,APH1A-2|HRAS-2|PPIB-1,110|191|922
ATGGTTGCAAGAGTAT-1,3,APH1A-2|CSNK2A1-2|SNRNP70-1,17|33|13
ATTTCTGAGTCCGCCA-1,1,APH1A-2,28
CAACGGCAGAGTTGCG-1,1,APH1A-2,41
CAAGACTAGCAAATGT-1,1,APH1A-2,23
CAATACGCAAGAATGT-1,2,APH1A-2|JUN-1,129|46
CATAGACTCATGCATG-1,2,APH1A-2|PPIB-2,66|372
CATGCCTTCCGACGGT-1,2,APH1A-2|BAZ1B-2,75|40
CATTGCCGTATCACCA-1,2,APH1A-2|SUZ12-2,9|25
CCACGAGCATGGCCCA-1,1,APH1A-2,192
CCATCACGTGGTCAAG-1,1,APH1A-2,110
CCCTAACTCGTACCTC-1,1,APH1A-2,34
CCCTCTCTCGTGGCGT-1,3,APH1A-2|EIF4EBP1-2|MORF4L1-2,20|145|58
CCGTGAGTCTTGGATG-1,1,APH1A-2,92
CCTCATGGTCACGACC-1,1,APH1A-2,281
CGATGGCGTGCGGCTT-1,1,APH1A-2,92
CGCGTGAAGCTGTACT-1,1,APH1A-2,22
CGGAACCAGATCGACG-1,1,APH1A-2,21
CGTGATACACGTAACT-1,1,APH1A-2,29
CTACATTAGCCACAAG-1,1,APH1A-2,88
CTCCAACTCTGCCTCA-1,2,APH1A-2|SUZ12-2,117|617
CTCTCGAAGATGATTG-1,1,APH1A-2,57
CTGCCTAAGTCGGCAA-1,1,APH1A-2,20
CTGGCAGGTTTACTGG-1,1,APH1A-2,33
CTTTCGGTCAAGGCTT-1,2,APH1A-2|PPIB-2,48|270
GAAATGACAAGTTTGC-1,2,APH1A-2|CAMLG-1,34|23
GAACGTTCATCGAACT-1,3,APH1A-2|BAZ1B-1|SMARCD1-2,26|17|143
GAAGCCCCAGTGGGTA-1,2,APH1A-2|H2AFY-2,50|59
GACTCTCTCTCCGCAT-1,1,APH1A-2,22
GATCACAAGGAGTACC-1,1,APH1A-2,130
GATCAGTTCAGTCACA-1,2,APH1A-2|SRRT-2,54|34
GATGAGGGTGCCGTAC-1,1,APH1A-2,126
GATGGAGAGCTACTAC-1,2,APH1A-2|PPIB-1,40|768
GCACATAGTTGAGTCT-1,1,APH1A-2,124
GCAGGCTAGACATAAC-1,2,APH1A-2|HDAC1-2,41|585
GCCCGAAGTAGAGACC-1,1,APH1A-2,24
GCGAGAATCCCAAGCG-1,4,APH1A-2|CSNK2A1-2|DHX9-2|TRA2B-2,116|63|672|392
GGAAGTGAGTCGCCCA-1,1,APH1A-2,73
GGAGAACCAAGGACAC-1,4,APH1A-2|EZR-1|SUZ12-2|TMPRSS2-2,88|61|35|134
GGCACGTTCACTTTGT-1,2,APH1A-2|UBXN1-1,28|135
GGGAAGTCAAGCGGAT-1,5,APH1A-2|ELOF1-2|EZR-2|KDM1A-1|SRPK1-2,28|210|553|608|136
GGGATCCGTATCTCGA-1,1,APH1A-2,22
GTATTGGCATCACCAA-1,1,APH1A-2,30
GTCATGATCTCATTAC-1,1,APH1A-2,18
GTCTTTATCTCAGTCC-1,1,APH1A-2,56
GTGCTTCTCTGGTGCG-1,1,APH1A-2,35
GTTGCGGTCATGCAGT-1,1,APH1A-2,200
TAATCTCGTTGGAGGT-1,1,APH1A-2,34
TACCTGCAGGTTAGTA-1,1,APH1A-2,19
TACGGTATCCCACAGG-1,2,APH1A-2|EZH2-1,115|147
TAGGTACCACAGTCGC-1,1,APH1A-2,16
TCAGGGCGTGTGTGGA-1,1,APH1A-2,38
TCAGTGATCCAAGCCG-1,2,APH1A-2|Non-Targeting-5,148|692
TCATGAGTCTGAACGT-1,1,APH1A-2,65
TCTATACTCCTCAGAA-1,1,APH1A-2,44
TGATTTCCAATCACGT-1,1,APH1A-2,56
TGCCGAGAGGTACCTT-1,1,APH1A-2,89
TGGATGTGTGTCATCA-1,1,APH1A-2,36
TGTAACGTCACTACGA-1,1,APH1A-2,83
TGTTACTGTCAAAGTA-1,2,APH1A-2|PAIP2-1,35|352
TGTTACTGTTGGACTT-1,5,APH1A-2|CDKN3-1|CDKN3-2|EZH2-1|PPIB-1,31|183|104|206|97
TTACAGGCAGACGATG-1,1,APH1A-2,58
TTACCATCACTGGCCA-1,1,APH1A-2,88
TTCCTTCAGTAAAGCT-1,2,APH1A-2|BRD4-2,18|114
TTCTAGTTCGGTTGTA-1,3,APH1A-2|Non-Targeting-7|Non-Targeting-8,36|99|171
TTGCCTGGTAGGTCAG-1,3,APH1A-2|BRD4-1|SMARCD1-1,18|354|25
TTGGATGGTCACTCAA-1,1,APH1A-2,78
TTGTTTGCAGCTAACT-1,1,APH1A-2,10
TTTCACAAGCTAGAAT-1,2,APH1A-2|Non-Targeting-5,33|488
AACCATGCATACTTTC-1,1,ATF4-1,177
AACCTGAAGACCCTTA-1,1,ATF4-1,15
AATCGACGTCGAACAG-1,1,ATF4-1,491
AATTTCCAGAGCATTA-1,2,ATF4-1|BAZ1B-1,243|325
ACAAGCTCAATGTGGG-1,1,ATF4-1,168
ACCACAATCTATTGTC-1,1,ATF4-1,285
ACGATGTAGTGCTACT-1,5,ATF4-1|CDKN3-2|ELOF1-1|Non-Targeting-8|SUZ12-2,58|55|57|148|66
ACTATCTTCAAGATAG-1,2,ATF4-1|UBE2N-2,12|12
AGAGCAGAGATTGACA-1,2,ATF4-1|SUZ12-2,112|176
AGCCAGCTCTGTACAG-1,1,ATF4-1,425
AGGACGAAGGTACATA-1,2,ATF4-1|PAIP2-1,74|104
AGTCACAAGCCATGCC-1,1,ATF4-1,237
AGTCACAGTACCATAC-1,1,ATF4-1,469
ATCTTCAGTAGTCGTT-1,1,ATF4-1,1021
ATGACCAAGGTGATAT-1,1,ATF4-1,226
ATGGTTGTCTCCTGAC-1,1,ATF4-1,110
ATTCTTGTCGTTAGAC-1,3,ATF4-1|JUN-1|SNRNP70-1,33|76|85
CACGGGTGTTAACCTG-1,2,ATF4-1|Non-Targeting-5,504|482
CATCCGTGTCAACATC-1,1,ATF4-1,288
CATGCTCGTGGTCAAG-1,1,ATF4-1,207
CATGCTCGTTCGGGTC-1,1,ATF4-1,649
CCTAAGAGTATAATGG-1,1,ATF4-1,364
CGATCGGGTCTCAAGT-1,5,ATF4-1|CDKN3-2|ELOF1-1|Non-Targeting-8|SUZ12-2,60|45|38|91|51
CGGAATTGTCGCCTAG-1,2,ATF4-1|Non-Targeting-8,509|232
CGGAGAAGTGTCCAAT-1,1,ATF4-1,81
CTAGGTAAGATTCGAA-1,1,ATF4-1,19
CTCATGCGTAGGCAAC-1,2,ATF4-1|ATF4-2,113|38
CTCATTATCTCACCCA-1,1,ATF4-1,210
GAACGTTGTCATCTAG-1,1,ATF4-1,384
GAAGGACAGCAACTTC-1,1,ATF4-1,369
GACCAATCAACATCGT-1,2,ATF4-1|EZH2-2,149|1038
GACCCTTAGGCCACCT-1,1,ATF4-1,31
GATGCTATCGCTCTCA-1,2,ATF4-1|Non-Targeting-7,278|164
GCGAGAAGTGGCAGAT-1,2,ATF4-1|Non-Targeting-5,1050|717
GGATCTACATCACAGT-1,1,ATF4-1,241
GGGACAAGTTTAGTCG-1,1,ATF4-1,222
GGGTTATAGTACAGCG-1,2,ATF4-1|DPP4-2,37|63
GTAAGTCAGATTGCGG-1,1,ATF4-1,370
GTACAGTCATAGGTAA-1,1,ATF4-1,338
GTCCACTTCAGAGCGA-1,3,ATF4-1|CAMLG-2|CDKN3-2,43|19|35
GTCCTCAGTTCTTGTT-1,1,ATF4-1,12
GTGTGGCTCTACGCAA-1,2,ATF4-1|GSK3A-1,54|124
GTTGCTCGTCATGCAT-1,1,ATF4-1,54
GTTGTGAAGACTTCAC-1,1,ATF4-1,145
TAAGTCGTCGCAATGT-1,1,ATF4-1,87
TACGCTCAGGTAAAGG-1,1,ATF4-1,20
TACGTCCAGGGCAACT-1,1,ATF4-1,130
TAGGTACGTATCGAAA-1,2,ATF4-1|KDM1A-1,34|926
TATCCTACAATGAACA-1,1,ATF4-1,14
TCATTGTAGCACACAG-1,1,ATF4-1,230
TCCTAATTCAGCTAGT-1,2,ATF4-1|HRAS-2,144|174
TCCTTTCAGGAGATAG-1,1,ATF4-1,129
TCTAACTCATCCGCGA-1,1,ATF4-1,323
TGAGTCATCTGGAAGG-1,1,ATF4-1,35
TGATTTCGTAGTTACC-1,3,ATF4-1|RBBP4-1|TMPRSS2-1,133|223|129
TGCACGGCAAGGGCAT-1,1,ATF4-1,82
TGGAACTGTGCAGATG-1,5,ATF4-1|CSNK2A1-2|DPP4-1|Non-Targeting-8|SUZ12-2,791|141|515|858|140
TGGGCTGTCCAACCGG-1,2,ATF4-1|JUN-1,828|703
TGGTGATGTGGCTGCT-1,2,ATF4-1|Non-Targeting-8,47|193
TGTCAGACATCTATCT-1,1,ATF4-1,390
TTCATGTGTATGCAAA-1,1,ATF4-1,707
TTCTAACAGGCGTTAG-1,3,ATF4-1|CTNNB1-1|Non-Targeting-8,46|193|94
TTGACCCTCACTTATC-1,1,ATF4-1,366
TTGTGTTCAAATCAGA-1,1,ATF4-1,124
TTTCCTCTCTCTCTTC-1,1,ATF4-1,24
AACGGGAAGCACTCAT-1,1,ATF4-2,124
AAGCCATGTTGCATTG-1,6,ATF4-2|BRD4-1|BRD4-2|CAMLG-1|PPIB-1|TMPRSS2-1,96|19|118|32|104|56
AAGTACCCACAAATAG-1,3,ATF4-2|DHX9-2|PPP2CA-1,231|130|29
AATGAAGGTGCACAAG-1,1,ATF4-2,16
ACCATTTTCTCTAGGA-1,1,ATF4-2,79
ACGGAAGAGTCTAGAA-1,2,ATF4-2|SUZ12-2,103|389
ACTTAGGGTGTCCAAT-1,1,ATF4-2,164
AGAAATGGTCACTCAA-1,1,ATF4-2,381
AGAAATGTCTAGCCTC-1,1,ATF4-2,123
AGACTCAAGCTGTCCG-1,1,ATF4-2,194
AGATAGACACGTCGGT-1,1,ATF4-2,69
AGGAATAAGTTGTAAG-1,4,ATF4-2|CDKN3-2|HRAS-1|JUN-2,242|1147|32|169
AGTACTGTCATTATCC-1,3,ATF4-2|CAMLG-1|RBM25-2,244|50|46
AGTGTTGGTTGAATCC-1,3,ATF4-2|BRD4-1|Non-Targeting-7,52|41|481
ATACCTTTCACCGCTT-1,2,ATF4-2|H2AFY-1,99|996
ATATCCTGTCGACTGC-1,1,ATF4-2,14
ATCGCCTTCAATCAGC-1,1,ATF4-2,129
ATGAAAGGTTGTTGTG-1,3,ATF4-2|BAZ1B-2|JUN-1,46|36|288
ATGGTTGAGCACCGTC-1,3,ATF4-2|BRD4-1|Non-Targeting-7,121|98|255
ATTCCCGAGGCTTTCA-1,2,ATF4-2|EZH2-1,74|273
ATTTACCGTTATGGTC-1,1,ATF4-2,19
CAATTTCCATCCTTGC-1,1,ATF4-2,24
CACCAAAGTTGAGTCT-1,4,ATF4-2|H2AFY-2|HDAC1-1|Non-Targeting-8,141|698|3|390
CAGGGCTCAACTGGTT-1,1,ATF4-2,166
CAGTGCGGTTCAAAGA-1,6,ATF4-2|BRD4-1|BRD4-2|CAMLG-1|PPIB-1|TMPRSS2-1,169|18|207|51|162|121
CATGCCTCAAACGTGG-1,3,ATF4-2|HDAC1-1|MORF4L1-2,81|22|79
CATTCATAGATGTTAG-1,3,ATF4-2|ELOF1-2|UBE2N-2,111|142|50
CATTGCCGTTCCGTTC-1,3,ATF4-2|BAZ1B-2|JUN-2,209|22|311
CCCGGAAAGTAAATGC-1,2,ATF4-2|Non-Targeting-5,576|1391
CCGCAAGGTCTTCCGT-1,2,ATF4-2|Non-Targeting-5,233|432
CGAGGCTGTAGACGTG-1,3,ATF4-2|CSNK2A1-2|Non-Targeting-7,24|10|442
CGAGTGCAGCTAGAGC-1,1,ATF4-2,163
CGAGTTAAGATGACCG-1,2,ATF4-2|Non-Targeting-5,285|143
CGGAGAATCATCACTT-1,1,ATF4-2,20
CTCTCAGCAGCGGTTC-1,1,ATF4-2,20
CTGTGAAAGCCGCACT-1,1,ATF4-2,118
CTTCCTTCACGTTCGG-1,1,ATF4-2,44
GAAGCCCGTCGCTTGG-1,4,ATF4-2|ELOF1-1|H2AFY-1|Non-Targeting-8,103|390|1469|315
GAATAGACAAAGTGTA-1,1,ATF4-2,341
GACAGCCCACTGAGGA-1,1,ATF4-2,43
GACCAATCAATGTGGG-1,1,ATF4-2,168
GACGCTGAGTCCGTCG-1,2,ATF4-2|GRB2-1,147|767
GACTCTCTCAAGGAGC-1,1,ATF4-2,253
GCATTAGGTAGGCTCC-1,1,ATF4-2,234
GCCAGTGAGCCAGAGT-1,1,ATF4-2,76
GCCCGAATCCACTAGA-1,3,ATF4-2|BAZ1B-2|JUN-2,223|60|480
GCGATCGAGCAAGGAA-1,1,ATF4-2,527
GCGGATCTCACGGAGA-1,1,ATF4-2,373
GCGTTTCGTCAAATCC-1,1,ATF4-2,58
GGCTGTGTCTTGGGCG-1,2,ATF4-2|HDAC1-2,33|166
GGGATGAGTATATGGA-1,1,ATF4-2,51
GGGCTCATCTTGGTGA-1,1,ATF4-2,109
GGTAGAGAGGTGCCTC-1,1,ATF4-2,60
GGTCTGGGTTGGGAAC-1,1,ATF4-2,188
GTAGAGGCAGCGGATA-1,2,ATF4-2|SRPK1-2,23|38
GTAGCTATCAAGCTGT-1,2,ATF4-2|Non-Targeting-5,231|403
GTAGGTTCACAAGTTC-1,2,ATF4-2|BRD4-2,63|186
GTGAGTTAGAAGTGTT-1,2,ATF4-2|PPIB-1,282|821
GTGTAACGTTCGCGTG-1,1,ATF4-2,89
GTTAGTGCATGATCTG-1,1,ATF4-2,112
GTTCCGTCACGTAACT-1,4,ATF4-2|BAZ1B-1|GSK3A-2|RAB1A-2,39|238|165|138
GTTGCGGGTATTGGCT-1,3,ATF4-2|BAZ1B-2|GSK3A-1,79|20|106
TAACTTCAGAAGGTAG-1,2,ATF4-2|CAMLG-1,50|66
TACCGAAGTAACCAGG-1,1,ATF4-2,196
TACGTCCGTCCACTTC-1,1,ATF4-2,103
TATCGCCGTAATCAGA-1,1,ATF4-2,33
TCTCAGCGTCACTCTC-1,3,ATF4-2|BAZ1B-2|JUN-1,63|37|414
TCTTAGTTCTGTACAG-1,2,ATF4-2|PPIB-1,144|732
TGAGGTTGTCACTGAT-1,1,ATF4-2,150
TGATCTTAGCAAATCA-1,2,ATF4-2|SNRNP40-1,466|62
TGCCGAGTCCGAGCTG-1,2,ATF4-2|Non-Targeting-5,38|80
TTACCGCGTCACTGAT-1,1,ATF4-2,226
TTCAGGATCACGATCA-1,2,ATF4-2|GSK3A-1,179|128
TTCCAATCAGTGAGCA-1,1,ATF4-2,488
TTCTAACCACCTTCGT-1,1,ATF4-2,66
TTGTTTGTCGCTGATA-1,1,ATF4-2,226
TTTGGAGAGGGTATAT-1,2,ATF4-2|EIF4EBP1-2,39|299
TTTGGAGTCGTGGTAT-1,2,ATF4-2|CDKN3-2,208|476
AAAGAACCAGTCAACT-1,1,BAZ1B-1,18
AAGCATCAGACATCCT-1,5,BAZ1B-1|CSNK2A1-2|Non-Targeting-5|SET-2|SRPK1-2,91|14|34|52|44
ACAGAAAGTCTTTATC-1,1,BAZ1B-1,150
ACGTCCTGTACGAGCA-1,1,BAZ1B-1,498
ACGTTCCAGTACTCGT-1,1,BAZ1B-1,346
ACTCCCAAGGTAAAGG-1,1,BAZ1B-1,283
AGAACAATCCCGTTGT-1,1,BAZ1B-1,317
AGAGCAGTCAGTGGGA-1,1,BAZ1B-1,403
AGCCAATCACTGGAAG-1,2,BAZ1B-1|H2AFY-2,39|266
AGCGTATTCGTTGTGA-1,2,BAZ1B-1|GSK3A-2,151|189
AGGCATTGTACTGAGG-1,4,BAZ1B-1|MBNL1-2|Non-Targeting-5|Non-Targeting-7,64|30|43|70
AGTCACAGTTCTTGTT-1,2,BAZ1B-1|NOC2L-1,366|7
ATGGAGGCACACTGGC-1,1,BAZ1B-1,17
ATGTCTTCATGACTCA-1,1,BAZ1B-1,224
ATTGGGTCAGGCTCTG-1,3,BAZ1B-1|CAMLG-1|MBNL1-1,94|43|111
CACAGATAGGGCAAGG-1,1,BAZ1B-1,180
CACAGGCTCTCTATAC-1,1,BAZ1B-1,628
CATAAGCTCTATCCAT-1,1,BAZ1B-1,636
CATCGTCGTTGGTAGG-1,4,BAZ1B-1|EZH2-1|Non-Targeting-8|PAIP2-2,35|274|29|34
CATGCCTCACAACATC-1,1,BAZ1B-1,315
CGCATGGGTTGGGCCT-1,1,BAZ1B-1,742
CTCGAGGAGTAACGTA-1,1,BAZ1B-1,432
CTGGACGTCCAACACA-1,2,BAZ1B-1|EZR-2,365|702
CTGGACGTCCGTAATG-1,1,BAZ1B-1,627
CTGTCGTTCCCATGGG-1,1,BAZ1B-1,458
CTTCCTTAGAGAACCC-1,1,BAZ1B-1,289
CTTTCAAAGACTCTTG-1,1,BAZ1B-1,151
GACTCAAAGTGCTAGG-1,1,BAZ1B-1,339
GAGTCTAAGTGGATTA-1,3,BAZ1B-1|CDKN3-1|GSK3A-1,210|140|242
GCACTAACAGTGACCC-1,1,BAZ1B-1,243
GCCGATGAGAATGTTG-1,2,BAZ1B-1|GSK3A-2,403|12
GGAGCAAAGGTTTGAA-1,1,BAZ1B-1,41
GGTTCTCAGTAGGAAG-1,1,BAZ1B-1,177
GTAACACAGCTTTGTG-1,2,BAZ1B-1|GRB2-2,230|368
GTCGAATGTCGTTATG-1,1,BAZ1B-1,119
GTCGTTCAGTCATAGA-1,1,BAZ1B-1,372
GTGACGCTCAAGTGTC-1,1,BAZ1B-1,943
GTTACCCTCTTAGCTT-1,3,BAZ1B-1|GRB2-1|KDM1A-1,85|154|82
GTTCGCTTCATCGGGC-1,1,BAZ1B-1,333
TACGTCCTCGTGCATA-1,1,BAZ1B-1,441
TAGGAGGCAGTATTCG-1,1,BAZ1B-1,577
TATACCTTCGAGTCTA-1,5,BAZ1B-1|CSNK2A1-2|Non-Targeting-5|SET-2|SRPK1-2,58|17|46|51|34
TCAATTCAGTTGAATG-1,2,BAZ1B-1|CAMLG-1,109|68
TCACTCGCACGCGCTA-1,1,BAZ1B-1,396
TCATATCCACATTACG-1,1,BAZ1B-1,145
TCATGTTAGAGTCGAC-1,4,BAZ1B-1|EZH2-1|Non-Targeting-8|PAIP2-2,20|181|34|20
TCCTAATCATAACGGG-1,1,BAZ1B-1,836
TCGGGCACATGCAGGA-1,2,BAZ1B-1|CSNK2A1-2,374|34
TCGGTCTTCCTTGGAA-1,3,BAZ1B-1|LMNA-2|Non-Targeting-8,215|252|649
TGAGCGCTCCATCACC-1,1,BAZ1B-1,21
TGCTTGCAGCTACGTT-1,3,BAZ1B-1|Non-Targeting-7|TMPRSS2-1,207|150|96
TGGAGAGTCATCGCTC-1,4,BAZ1B-1|CAMLG-2|JUN-2|SUZ12-2,211|427|403|73
TTGGATGGTGCGTTTA-1,2,BAZ1B-1|EIF4EBP1-2,243|250
TTGTTGTCACATTCTT-1,4,BAZ1B-1|MBNL1-2|Non-Targeting-5|Non-Targeting-7,36|17|50|54
TTTGATCGTGGAGAAA-1,6,BAZ1B-1|MBNL1-1|MORF4L1-2|Non-Targeting-5|Non-Targeting-8|SUZ12-2,248|182|61|350|948|128
AAAGGGCAGGTTACCT-1,1,BAZ1B-2,44
AACTTCTGTACTCGAT-1,1,BAZ1B-2,65
AAGACAAAGGAAACGA-1,2,BAZ1B-2|Non-Targeting-8,63|348
ACACGCGAGGAACTCG-1,1,BAZ1B-2,17
ACAGGGATCTCTGCTG-1,1,BAZ1B-2,13
ACGTTCCGTCGCACAC-1,1,BAZ1B-2,20
ACTATGGCAAGCGATG-1,1,BAZ1B-2,24
AGACACTGTGGCAACA-1,1,BAZ1B-2,6
AGTAGCTTCAACCCGG-1,2,BAZ1B-2|SUZ12-1,26|50
ATCCGTCAGTCATGGG-1,1,BAZ1B-2,14
ATCGGCGTCGCCCAGA-1,1,BAZ1B-2,137
ATCTCTAAGCTAGATA-1,2,BAZ1B-2|UBE2N-1,6|58
ATTCCTAAGGGTATAT-1,1,BAZ1B-2,25
ATTCGTTCACGCAGTC-1,1,BAZ1B-2,13
ATTCTACGTCCTCCTA-1,1,BAZ1B-2,7
ATTCTTGGTGAGAGGG-1,1,BAZ1B-2,21
ATTGTTCGTTTGGAAA-1,1,BAZ1B-2,36
CAACCAACAGACATCT-1,1,BAZ1B-2,26
CATAAGCTCTGGAAGG-1,1,BAZ1B-2,31
CCGATCTGTCTAGGCC-1,1,BAZ1B-2,13
CCGTAGGGTCCTGTTC-1,4,BAZ1B-2|PAIP2-2|PPIB-2|SRPK1-2,42|99|227|117
CCTCCAAAGGAAGAAC-1,2,BAZ1B-2|CSNK2A1-1,21|103
CGACAGCCAGCAGTCC-1,1,BAZ1B-2,63
CGAGTTAAGGGCAGGA-1,1,BAZ1B-2,42
CGGAGAATCGCGGTAC-1,8,BAZ1B-2|EZR-1|GSK3A-2|H2AFY-1|HRAS-2|Non-Targeting-7|RAB1A-2|SMARCD1-1,8|270|75|258|88|335|52|31
CGTGATAGTGATACAA-1,2,BAZ1B-2|EZR-2,48|743
CTAACCCGTCCAAAGG-1,2,BAZ1B-2|RBM25-2,110|73
CTAAGTGAGCCGCTTG-1,1,BAZ1B-2,25
CTGAATGCAAGGTCTT-1,1,BAZ1B-2,21
CTGCCATCACGGCGTT-1,1,BAZ1B-2,8
CTGGCAGAGGTCCGAA-1,1,BAZ1B-2,32
CTTTCAACATTGCCGG-1,3,BAZ1B-2|GSK3A-1|TMPRSS2-2,8|29|15
GAAGCCCTCAAGAGTA-1,1,BAZ1B-2,34
GCAGCTGCACGTATAC-1,1,BAZ1B-2,5
GGCTTTCGTACGGATG-1,1,BAZ1B-2,39
GGGATGAGTTCGAACT-1,1,BAZ1B-2,331
GGTTGTAGTAACCAGG-1,2,BAZ1B-2|TMPRSS2-2,18|36
GTAGGAGGTGAGACGT-1,2,BAZ1B-2|Non-Targeting-8,32|902
GTGAGGACACCCAATA-1,1,BAZ1B-2,154
GTGGTTAGTGGTACAG-1,2,BAZ1B-2|CDKN3-2,19|261
GTGTCCTTCGTTCTAT-1,1,BAZ1B-2,11
GTTCCGTCATTAAGCC-1,1,BAZ1B-2,9
TACAACGAGGATGAGA-1,1,BAZ1B-2,48
TACAGGTAGCCACTCG-1,1,BAZ1B-2,24
TACCCGTCATAGTCGT-1,1,BAZ1B-2,49
TACTTGTAGGAGGTTC-1,1,BAZ1B-2,30
TAGAGTCGTACAAGTA-1,1,BAZ1B-2,56
TATTGCTTCATCACCC-1,1,BAZ1B-2,18
TCAGGTAAGGTAGACC-1,1,BAZ1B-2,38
TCGGTCTCAAGTCCCG-1,2,BAZ1B-2|RBM25-2,77|38
TCTGCCAGTGTTGATC-1,1,BAZ1B-2,19
TGGGAAGCAGGTGGAT-1,1,BAZ1B-2,58
TGTCCCAAGTGGTTGG-1,2,BAZ1B-2|GRB2-2,43|118
TGTTCATAGGAGATAG-1,1,BAZ1B-2,26
TTAGTCTCATGAATAG-1,2,BAZ1B-2|KDM1A-2,18|560
TTCGATTGTGGCCCAT-1,1,BAZ1B-2,11
TTTACCACAGTTAGGG-1,2,BAZ1B-2|DPP4-1,5|62
TTTACGTAGGGTGAGG-1,1,BAZ1B-2,21
AAAGTCCCAGGTCAAG-1,2,BRD4-1|Non-Targeting-7,84|49
AAAGTGAAGCTCTTCC-1,1,BRD4-1,100
AACAACCAGGCTAACG-1,1,BRD4-1,82
AACAACCGTTTACGAC-1,2,BRD4-1|MBNL1-1,394|582
AACCCAATCACTGATG-1,2,BRD4-1|RBM25-2,38|14
AACCTGATCGTTAGTG-1,1,BRD4-1,378
AACTTCTTCCTCTGCA-1,3,BRD4-1|EZH2-1|TRA2B-2,159|481|78
AAGACAACATCGCTGG-1,1,BRD4-1,24
AAGCGAGTCAACTACG-1,2,BRD4-1|Non-Targeting-7,215|486
AAGGAATAGTGAGGCT-1,1,BRD4-1,223
ACCACAAAGTTGAATG-1,1,BRD4-1,127
ACCACAACAAGTCGTT-1,2,BRD4-1|JUN-1,55|246
ACTATGGTCGTGCACG-1,2,BRD4-1|PPP2CA-1,137|189
ACTGATGCATCCCACT-1,1,BRD4-1,144
ACTGTCCGTTTCACTT-1,4,BRD4-1|DPP4-1|MBNL1-2|SUZ12-1,202|857|270|856
ACTTTGTGTATGTCAC-1,1,BRD4-1,71
AGAAGCGAGTAAGGGA-1,4,BRD4-1|CAMLG-2|CSNK2A1-2|EIF4EBP1-2,166|86|265|463
AGGAGGTCACTCCCTA-1,1,BRD4-1,122
AGGCATTGTAGGGAGG-1,2,BRD4-1|SET-2,35|600
AGGTGTTAGATGCTTC-1,1,BRD4-1,107
ATAGGCTTCCTCTTTC-1,1,BRD4-1,39
ATGCATGGTAGTCTGT-1,1,BRD4-1,37
ATGGGAGTCCTTCTTC-1,1,BRD4-1,18
ATGGGTTGTGATTAGA-1,1,BRD4-1,89
ATGTCTTTCACACGAT-1,1,BRD4-1,11
ATTATCCTCAGCCCAG-1,2,BRD4-1|CSNK2A1-1,20|60
ATTCCCGGTGTACAGG-1,1,BRD4-1,51
CACACAAAGATGAAGG-1,1,BRD4-1,19
CAGTTAGGTAGATTAG-1,3,BRD4-1|EZR-2|SET-1,132|605|757
CATCAAGTCTATACTC-1,1,BRD4-1,23
CATCCACTCGGCTGAC-1,1,BRD4-1,36
CATGAGTCAACTACGT-1,1,BRD4-1,52
CATTCCGAGGTCATCT-1,1,BRD4-1,155
CATTCTATCTTCACGC-1,1,BRD4-1,76
CATTTCAGTATCGCTA-1,1,BRD4-1,48
CCACAAAGTAACAGGC-1,1,BRD4-1,167
CCTCTCCTCGCGTGCA-1,2,BRD4-1|SRRT-1,113|38
CCTGTTGAGTAAACTG-1,1,BRD4-1,67
CGGAATTAGGTCGTAG-1,1,BRD4-1,411
CGGGTCAGTCTTTATC-1,1,BRD4-1,12
CGGTCAGAGGATGAGA-1,2,BRD4-1|H2AFY-1,115|1300
CGTAATGGTAGACAAT-1,1,BRD4-1,89
CGTGATAAGATCACCT-1,1,BRD4-1,281
CTACTATCACGCTGTG-1,1,BRD4-1,140
CTATCTAAGCGATGCA-1,1,BRD4-1,150
CTCAGGGGTTACACTG-1,2,BRD4-1|DPP4-1,295|1217
CTCCCTCAGGCTATCT-1,1,BRD4-1,19
CTCCCTCGTCCTGTCT-1,1,BRD4-1,63
CTGTAGAGTACAAGCG-1,1,BRD4-1,144
CTTTCAACAAGCCTGC-1,1,BRD4-1,18
CTTTCAAGTAGCACGA-1,1,BRD4-1,40
GAAATGATCCAAAGGG-1,2,BRD4-1|PAIP2-2,31|97
GAATAGATCACATCAG-1,1,BRD4-1,89
GACCAATTCGGTAACT-1,4,BRD4-1|EZR-1|PPP2CA-1|UBE2N-1,163|140|375|425
GAGTTGTAGCGTGAGT-1,1,BRD4-1,24
GATAGAACAGGCAATG-1,2,BRD4-1|EZH2-2,181|1617
GATGACTAGTGGCAGT-1,6,BRD4-1|CDKN3-2|EZH2-1|HRAS-1|LMNA-1|MBNL1-1,35|233|256|5|127|130
GATGCTAAGTTGAATG-1,2,BRD4-1|CSNK2A1-2,37|33
GATGGAGGTGGCGCTT-1,3,BRD4-1|RBM25-1|TRA2B-2,71|148|31
GATTCGAAGTATGAGT-1,1,BRD4-1,58
GCAACATCAGACATCT-1,1,BRD4-1,54
GCACGTGAGAGGTGCT-1,1,BRD4-1,136
GCAGCTGGTAATCAGA-1,2,BRD4-1|CAMLG-1,141|104
GCAGGCTTCTACTCAT-1,1,BRD4-1,35
GCTGGGTAGGTATCTC-1,2,BRD4-1|CAMLG-1,152|33
GGAAGTGAGGCATCGA-1,1,BRD4-1,53
GGGAAGTTCGATTTCT-1,2,BRD4-1|UBE2N-1,171|172
GGGACCTAGTAGGAAG-1,3,BRD4-1|MBNL1-1|SMARCD1-1,71|48|44
GGGTATTCACCAGACC-1,1,BRD4-1,150
GGGTCTGAGTAAAGCT-1,2,BRD4-1|PPIB-1,140|638
GGTCTGGTCGTAGAGG-1,2,BRD4-1|H2AFY-2,91|96
GGTGAAGTCGAGCCAC-1,1,BRD4-1,446
GTCAAGTTCGGAGTAG-1,3,BRD4-1|MBNL1-1|SMARCD1-1,123|115|105
GTGAGCCGTGAGCCAA-1,1,BRD4-1,90
GTGTCCTCAACTGTGT-1,2,BRD4-1|DPP4-1,116|406
TAAGCACAGCGAGTAC-1,5,BRD4-1|Non-Targeting-7|PPIB-1|SNRNP40-1|TMPRSS2-1,15|29|66|193|14
TACAGGTTCACCTTGC-1,3,BRD4-1|CDKN3-2|JUN-1,43|607|20
TACCGAACATTGTCGA-1,1,BRD4-1,188
TACGGGCTCGCCTCTA-1,1,BRD4-1,82
TAGGTTGTCAAATGCC-1,5,BRD4-1|ELOF1-2|HDAC1-1|PAIP2-2|PPIB-2,27|89|7|35|124
TATCGCCCATGCGGTC-1,2,BRD4-1|EZR-1,110|109
TCAAGACGTAGGACTG-1,1,BRD4-1,130
TCAAGTGGTATAGGAT-1,2,BRD4-1|ELOF1-2,205|514
TCAATCTCACGTATAC-1,1,BRD4-1,51
TCACAAGCAGAGTCTT-1,2,BRD4-1|PPIB-1,14|266
TCATTGTAGCGATGGT-1,1,BRD4-1,81
TCCTCCCGTCCGATCG-1,1,BRD4-1,69
TCCTGCATCAGACCGC-1,1,BRD4-1,62
TCGACGGTCGCTAGCG-1,1,BRD4-1,116
TCGATTTAGAATCTAG-1,1,BRD4-1,74
TCGCACTCAGTGGCTC-1,1,BRD4-1,8
TCGCTTGGTCATCTAG-1,2,BRD4-1|PPP2CA-1,19|29
TCGGGTGCAATTCACG-1,1,BRD4-1,154
TCTTGCGGTGCCGAAA-1,1,BRD4-1,106
TGCATCCAGGAACGTC-1,3,BRD4-1|CTNNB1-2|MBNL1-2,14|52|49
TGCTTGCCATGTTACG-1,1,BRD4-1,58
TGGAGGAGTGGTCCGT-1,5,BRD4-1|Non-Targeting-7|PPIB-1|SNRNP40-1|TMPRSS2-1,28|50|81|245|18
TGGATGTCAAGAGTGC-1,2,BRD4-1|SMARCD1-1,78|54
TGTCCTGCACTAGTAC-1,1,BRD4-1,79
TTAATCCAGCACGGAT-1,1,BRD4-1,74
TTGAACGGTACGCGTC-1,3,BRD4-1|TMPRSS2-1|UBE2N-2,37|233|139
TTGTTTGAGAGTCCGA-1,1,BRD4-1,103
TTTACCATCTATCGCC-1,1,BRD4-1,37
AAACGCTAGTCACTGT-1,1,BRD4-2,336
AACTTCTCAAACGGCA-1,1,BRD4-2,283
AAGTTCGTCTGTACAG-1,2,BRD4-2|TMPRSS2-1,803|74
AATTCCTAGGATGCGT-1,3,BRD4-2|Non-Targeting-5|PPIB-1,295|92|50
ACACTGACAACCGACC-1,1,BRD4-2,67
ACATCCCCATTGCTGA-1,1,BRD4-2,703
ACTATGGTCCTGATAG-1,1,BRD4-2,278
AGGATCTGTTTCTTAC-1,1,BRD4-2,293
AGGATCTTCACCCTTG-1,3,BRD4-2|RBM25-2|SMARCD1-1,252|17|30
AGGTCATGTATGAGAT-1,4,BRD4-2|CAMLG-1|Non-Targeting-7|PAIP2-2,200|44|48|28
ATCCGTCTCCGTTTCG-1,1,BRD4-2,395
ATGGTTGAGGGAGGCA-1,1,BRD4-2,356
CAACCAACACCACATA-1,1,BRD4-2,1131
CACACAATCCGTGGGT-1,3,BRD4-2|GRB2-2|RBBP4-2,72|78|29
CACGTGGTCTAGACAC-1,1,BRD4-2,242
CAGTTCCAGTTGCGCC-1,1,BRD4-2,306
CCACCATTCACTTGTT-1,2,BRD4-2|CSNK2A1-2,20|9
CCCATTGCAAGACTGG-1,1,BRD4-2,665
CGGCAGTGTGTCTTAG-1,1,BRD4-2,282
CGTGTCTTCTTGGATG-1,4,BRD4-2|EZH2-1|PPIB-1|RAB1A-2,235|288|660|259
CTAACTTGTCGACGCT-1,3,BRD4-2|PAIP2-2|PPP2CA-2,30|16|22
CTATAGGGTATAGCTC-1,1,BRD4-2,371
CTCACTGTCACCTTAT-1,1,BRD4-2,53
CTCATTACAACTGAAA-1,2,BRD4-2|SUZ12-2,100|96
CTCCGATTCGTCCTCA-1,1,BRD4-2,642
CTTTCAAAGGGCAGGA-1,1,BRD4-2,215
GACTATGCAACGTAAA-1,1,BRD4-2,949
GATGACTTCAGCTGTA-1,1,BRD4-2,584
GATTGGTAGGGAGGCA-1,1,BRD4-2,236
GCATGATCAGAGATGC-1,1,BRD4-2,564
GCTTTCGAGTGGTTAA-1,1,BRD4-2,323
GGGACAAAGCTCATAC-1,4,BRD4-2|MBNL1-2|SMARCD1-2|SNRNP40-1,58|81|33|273
GGGCTACAGCACTCTA-1,1,BRD4-2,556
GTCTACCAGAACGTGC-1,2,BRD4-2|Non-Targeting-8,95|190
GTGGTTAGTTCTCGCT-1,1,BRD4-2,545
GTTACGAGTGCACGCT-1,1,BRD4-2,354
GTTAGTGCACGGTGTC-1,1,BRD4-2,527
GTTCTATTCCTAGCGG-1,1,BRD4-2,21
TAATTCCTCCAGTTCC-1,2,BRD4-2|SRPK1-2,280|18
TACCGAATCCATAAGC-1,2,BRD4-2|UBE2N-2,280|119
TACGGTAGTGGTCTGC-1,2,BRD4-2|Non-Targeting-8,177|289
TATCCTAAGGAGTATT-1,3,BRD4-2|CSNK2A1-2|TMPRSS2-1,25|11|21
TCATTTGAGTGTGTTC-1,1,BRD4-2,275
TCCAGAATCTTAGCCC-1,3,BRD4-2|JUN-2|KDM1A-1,351|160|47
TCCCAGTCAAAGCGTG-1,1,BRD4-2,463
TCCGTGTTCTGTGCGG-1,1,BRD4-2,844
TCCTTCTGTGTGAGCA-1,4,BRD4-2|Non-Targeting-5|RBM25-2|SMARCD1-1,349|162|46|11
TGAATCGAGACTAAGT-1,2,BRD4-2|RBM25-2,717|53
TGAGCATAGCTCAGAG-1,3,BRD4-2|Non-Targeting-5|PPIB-1,396|113|75
TGGGTTATCATGAAAG-1,1,BRD4-2,916
TGTCAGACACTAGGCC-1,1,BRD4-2,160
TTCCGGTCACTACTTT-1,1,BRD4-2,366
TTCCGTGGTATCGTAC-1,3,BRD4-2|CTNNB1-2|KDM1A-2,379|90|738
TTCCTCTCAACTACGT-1,1,BRD4-2,212
AAAGGATTCGGACCAC-1,2,CAMLG-1|SRPK1-2,42|210
AAAGGGCTCAATCTCT-1,1,CAMLG-1,16
AAAGTCCTCTGAGAGG-1,2,CAMLG-1|UBE2N-2,129|157
AACAAGAGTGTTACAC-1,2,CAMLG-1|MBNL1-2,112|25
AACGAAAAGCCATCCG-1,2,CAMLG-1|CDKN3-2,135|535
AAGCGAGGTAGTTAGA-1,1,CAMLG-1,177
AATCACGGTAACATCC-1,1,CAMLG-1,39
AATGACCTCGCCTAGG-1,3,CAMLG-1|DPP4-2|SRPK1-2,103|265|134
ACAGCCGTCTCCTACG-1,1,CAMLG-1,74
ACGTCCTCAATGGCAG-1,1,CAMLG-1,107
ACTGATGAGGCTCTAT-1,1,CAMLG-1,15
ACTTCCGCATCGTGGC-1,2,CAMLG-1|CDKN3-2,32|222
AGCTACAGTATCGATC-1,2,CAMLG-1|KDM1A-1,83|564
AGGAATAGTATACCTG-1,1,CAMLG-1,223
AGGCCACCAGTATACC-1,2,CAMLG-1|CSNK2A1-1,266|55
AGGCTGCAGTCGCCCA-1,1,CAMLG-1,8
ATCGTCCAGACCTCAT-1,3,CAMLG-1|EZH2-1|JUN-1,115|545|502
ATCGTCCGTACAGAGC-1,1,CAMLG-1,169
ATGACCAAGCACGGAT-1,1,CAMLG-1,28
ATGGAGGCAGTCCCGA-1,1,CAMLG-1,157
CAACAACGTAGGCAAC-1,3,CAMLG-1|Non-Targeting-5|TPR-2,311|902|13
CAAGCTAAGCGCCCAT-1,1,CAMLG-1,12
CACTAAGTCGAGGCAA-1,1,CAMLG-1,64
CAGCCAGAGGCATCGA-1,1,CAMLG-1,41
CATGGATAGATGCTAA-1,1,CAMLG-1,44
CCAATTTGTCGTTTCC-1,1,CAMLG-1,152
CCACGAGAGTCCTGCG-1,1,CAMLG-1,46
CCACTTGTCATTATCC-1,1,CAMLG-1,22
CCCTAACTCGACCACG-1,2,CAMLG-1|ELOF1-1,35|1487
CCCTCTCGTTTGATCG-1,4,CAMLG-1|ELOF1-2|JUN-2|PAIP2-2,37|42|66|22
CGACAGCGTGCCCACA-1,1,CAMLG-1,20
CGGAATTGTTCTGACA-1,1,CAMLG-1,18
CGGGTCATCGATCCCT-1,2,CAMLG-1|CTNNB1-1,150|134
CGTGAATCAATCTCTT-1,1,CAMLG-1,12
CTCATGCTCTCGCTCA-1,1,CAMLG-1,10
CTCCACAGTTTCACAG-1,1,CAMLG-1,8
CTGTACCAGCGGATCA-1,2,CAMLG-1|UBE2N-1,41|150
CTTGAGAGTGACACGA-1,1,CAMLG-1,424
GACAGCCAGTTGCTGT-1,1,CAMLG-1,144
GAGAGGTTCTCTAGGA-1,2,CAMLG-1|JUN-2,35|116
GAGTTGTTCCTGCCAT-1,1,CAMLG-1,139
GATCAGTGTTCGGCTG-1,1,CAMLG-1,70
GATGTTGAGTGATCGG-1,1,CAMLG-1,30
GATTGGTTCCAATCTT-1,2,CAMLG-1|CSNK2A1-2,83|24
GCAGCTGGTACTGCGC-1,2,CAMLG-1|UBE2N-2,78|247
GCATTAGGTTGTAAAG-1,2,CAMLG-1|SMARCD1-1,9|39
GCATTAGTCAACTACG-1,1,CAMLG-1,21
GCGAGAACAAAGAGTT-1,1,CAMLG-1,76
GGATGTTGTGGGTCAA-1,3,CAMLG-1|ELOF1-2|SMARCD1-1,107|282|80
GTAATGCCAGGTGTTT-1,4,CAMLG-1|GRB2-2|GSK3A-1|MBNL1-1,149|383|310|64
GTCACGGAGCCTAGGA-1,1,CAMLG-1,134
GTGAGCCAGCGCCGTT-1,3,CAMLG-1|JUN-1|SNRNP40-1,41|34|232
GTGAGCCCAAACTCTG-1,5,CAMLG-1|CDKN3-1|ELOF1-2|JUN-2|PAIP2-2,43|50|72|96|26
GTGATGTCAATTGCTG-1,1,CAMLG-1,46
GTGGGAATCCATTCAT-1,3,CAMLG-1|CAMLG-2|RBBP4-1,118|120|126
GTGTTAGAGAGCAGTC-1,1,CAMLG-1,7
GTTACCCCATATCTCT-1,4,CAMLG-1|CTNNB1-1|RBM25-2|TPR-1,8|994|12|217
TACGTCCGTCGAGTTT-1,1,CAMLG-1,149
TAGCACACAGCAGTTT-1,1,CAMLG-1,25
TATCCTACAAAGACGC-1,2,CAMLG-1|ELOF1-2,120|368
TATGTTCGTACGAAAT-1,2,CAMLG-1|CDKN3-2,42|54
TCAGCCTCAAACCACT-1,3,CAMLG-1|ELOF1-1|UBXN1-2,25|550|431
TCAGTGATCCATGCAA-1,1,CAMLG-1,50
TCATGCCCAATCACGT-1,1,CAMLG-1,52
TCGTCCAGTCGTGTTA-1,2,CAMLG-1|GRB2-1,60|255
TCTATACGTGTCTTGA-1,1,CAMLG-1,39
TGAATCGCAATTTCCT-1,1,CAMLG-1,90
TGCTCGTAGGGAGTTC-1,4,CAMLG-1|GRB2-2|Non-Targeting-7|SNRNP40-2,32|142|40|301
TGGTTAGCAATACGAA-1,1,CAMLG-1,104
TGTGGCGAGCGTATGG-1,1,CAMLG-1,108
TGTGGCGAGCTGCGAA-1,2,CAMLG-1|CDKN3-2,64|252
TTACAGGGTGGCCCAT-1,1,CAMLG-1,186
TTCACGCCAGGGTTGA-1,1,CAMLG-1,27
TTCATGTTCCAATGCA-1,3,CAMLG-1|DPP4-1|Non-Targeting-7,40|541|361
TTGAACGAGCGTTAGG-1,1,CAMLG-1,60
TTTATGCGTAGGACCA-1,1,CAMLG-1,60
AACCATGCAAACTCTG-1,1,CAMLG-2,762
AACGTCACACGGCGTT-1,1,CAMLG-2,63
AAGCATCCAGATTCGT-1,1,CAMLG-2,534
AATTTCCGTATCGTGT-1,1,CAMLG-2,888
ACCCTTGAGTCCCGAC-1,1,CAMLG-2,348
ACGTTCCTCCTACACC-1,2,CAMLG-2|MBNL1-1,63|74
ATCCATTCAACATCGT-1,2,CAMLG-2|EIF4EBP1-1,135|707
ATCCCTGCAGAGACTG-1,6,CAMLG-2|CSNK2A1-2|JUN-1|SET-2|SNRNP70-1|SUZ12-2,141|42|114|55|420|119
ATGAGGGAGGGATCTG-1,3,CAMLG-2|SRPK1-2|SUZ12-2,269|101|203
CAGATACAGCGGACAT-1,6,CAMLG-2|CSNK2A1-2|JUN-1|Non-Targeting-8|PAIP2-1|PAIP2-2,81|6|14|74|360|47
CATGAGTAGCGAAACC-1,4,CAMLG-2|Non-Targeting-5|RAB1A-3|UBE2N-1,32|275|139|179
CATGCCTAGAATCCCT-1,1,CAMLG-2,20
CATGCGGGTGCGGCTT-1,1,CAMLG-2,421
CATTCTAGTCGTGCCA-1,2,CAMLG-2|Non-Targeting-8,129|229
CCATCACCATTGCCTC-1,1,CAMLG-2,180
CCGATCTGTTTCGTGA-1,1,CAMLG-2,266
CCTCATGTCTTCGGTC-1,1,CAMLG-2,589
CTCCAACAGCATATGA-1,1,CAMLG-2,483
CTCCACAGTACAAGCG-1,2,CAMLG-2|TPR-1,60|71
CTCCCTCCAAGTCGTT-1,2,CAMLG-2|GRB2-1,73|43
CTCCTCCAGAATACAC-1,2,CAMLG-2|PPIB-2,85|104
CTGCCATAGTGGCGAT-1,3,CAMLG-2|EZR-1|JUN-1,457|453|441
GAGAAATCAATTGAGA-1,2,CAMLG-2|Non-Targeting-8,83|822
GAGACTTCACGTTCGG-1,4,CAMLG-2|GSK3A-1|JUN-1|SET-1,124|75|69|43
GAGTGAGCAAACTCTG-1,1,CAMLG-2,653
GCAACCGAGTGTTGTC-1,1,CAMLG-2,308
GCATGATGTCTTGTCC-1,1,CAMLG-2,218
GGGACTCAGTGACCTT-1,1,CAMLG-2,305
GTGCTGGAGTGCAACG-1,1,CAMLG-2,51
GTGTGATTCTTCCAGC-1,1,CAMLG-2,163
GTTACCCCATGACGTT-1,2,CAMLG-2|RBBP4-2,112|89
TACGGGCCAACCCGCA-1,2,CAMLG-2|HDAC1-1,90|29
TAGAGTCTCTGACGCG-1,1,CAMLG-2,640
TCACAAGTCCGCTAGG-1,1,CAMLG-2,429
TCTCCGACATAATCGC-1,2,CAMLG-2|GRB2-2,69|97
TCTCTGGGTAGCTAAA-1,1,CAMLG-2,162
TGAGTCATCCAACTGA-1,1,CAMLG-2,740
TGGTTAGTCGAACGCC-1,5,CAMLG-2|CTNNB1-1|Non-Targeting-7|PAIP2-1|SUZ12-2,357|1375|447|533|194
TGTGATGTCCGAGCTG-1,1,CAMLG-2,273
AAGATAGTCTCCTGAC-1,2,CDKN3-1|JUN-1,497|63
ACGGGTCGTGCACATT-1,4,CDKN3-1|HDAC1-2|Non-Targeting-5|RBM25-2,283|129|101|18
AGTAACCCAGCTGCCA-1,1,CDKN3-1,1019
AGTGATCGTCCAGCAC-1,1,CDKN3-1,697
ATACCGATCTCCTACG-1,1,CDKN3-1,201
ATCACTTAGAACAAGG-1,1,CDKN3-1,365
ATCACTTTCTGCTCTG-1,1,CDKN3-1,200
ATCGCCTCAACAGAGC-1,2,CDKN3-1|GSK3A-2,685|322
ATGCCTCTCACAAGGG-1,1,CDKN3-1,54
ATTCGTTGTTTAGAGA-1,1,CDKN3-1,635
CAACAACTCCTCCACA-1,2,CDKN3-1|Non-Targeting-8,993|146
CACCAAAAGCAACAGC-1,1,CDKN3-1,351
CACTAAGCAACCAACT-1,1,CDKN3-1,31
CAGGCCATCAGCATTG-1,1,CDKN3-1,1557
CATCCGTAGCCTGCCA-1,2,CDKN3-1|CDKN3-2,23|25
CATGCCTTCGTCGATA-1,1,CDKN3-1,1794
CCAATGACAATGAGCG-1,1,CDKN3-1,902
CCACTTGCATAGACTC-1,2,CDKN3-1|EZH2-1,1172|1015
CCATCACCATCGTGGC-1,1,CDKN3-1,393
CCGGACATCTGGACTA-1,2,CDKN3-1|EZR-1,1051|29
CCTCTCCTCAACCCGG-1,1,CDKN3-1,832
CGCATAATCGGAGCAA-1,1,CDKN3-1,1022
CGCCATTGTCCCGCAA-1,2,CDKN3-1|H2AFY-2,660|368
CGTTGGGCAGTAGAAT-1,1,CDKN3-1,529
CTGTACCGTACGCTTA-1,2,CDKN3-1|Non-Targeting-7,534|205
GAGGCAAAGAATGTTG-1,2,CDKN3-1|TRA2B-2,389|310
GCACTAAGTAGTGTGG-1,1,CDKN3-1,966
GCCATTCGTACTCGTA-1,1,CDKN3-1,1000
GCTGAATGTATCGCGC-1,1,CDKN3-1,583
GGAGGTAGTTAATCGC-1,1,CDKN3-1,535
GGGAGTAAGCGGGTAT-1,1,CDKN3-1,474
GGTAGAGCAATACCTG-1,1,CDKN3-1,804
GTCATGACATGCCGCA-1,3,CDKN3-1|DPP4-1|EZR-1,822|772|91
GTCGCGAAGCGCCGTT-1,1,CDKN3-1,712
GTGTGGCTCGGTTAGT-1,1,CDKN3-1,133
GTTGTAGCACCATATG-1,1,CDKN3-1,287
TAGACTGGTCTACATG-1,1,CDKN3-1,635
TATCTGTAGGATAATC-1,1,CDKN3-1,547
TCAAGCATCTCTCAAT-1,1,CDKN3-1,649
TCGCACTTCACTGAAC-1,1,CDKN3-1,1890
TCGCTCATCGTGCAGC-1,1,CDKN3-1,138
TCGTGCTGTTTGTTCT-1,1,CDKN3-1,244
TCTACCGCACCAGTAT-1,2,CDKN3-1|CTNNB1-1,727|933
TGAGGGATCTGTCCCA-1,1,CDKN3-1,600
TGATTTCGTGGGCTTC-1,1,CDKN3-1,212
TGCACGGGTTGACGGA-1,1,CDKN3-1,1176
TGCTTGCTCGACGAGA-1,3,CDKN3-1|Non-Targeting-7|Non-Targeting-8,399|419|98
TGGGATTAGATCCAAA-1,1,CDKN3-1,336
TGTAACGTCATGCCCT-1,1,CDKN3-1,617
TTGGGCGTCCAGTGTA-1,2,CDKN3-1|EIF4EBP1-1,207|175
AACAAAGGTGGTTTAC-1,1,CDKN3-2,1389
AACAAGAAGTTCATGC-1,2,CDKN3-2|RBBP4-2,899|258
AACCTGAAGCTAGTTC-1,3,CDKN3-2|CTNNB1-1|JUN-2,154|509|82
AAGCATCAGCATAGGC-1,3,CDKN3-2|JUN-2|Non-Targeting-7,500|124|508
AAGCCATAGGCTGAAC-1,1,CDKN3-2,192
AATCACGGTTCGAAGG-1,1,CDKN3-2,289
AATCACGGTTTCGTAG-1,2,CDKN3-2|H2AFY-2,861|263
AATGGAAGTATCACGT-1,1,CDKN3-2,327
AATTTCCTCTCTCGAC-1,3,CDKN3-2|EZR-1|PPP2CA-1,117|12|120
ACCACAACACCATATG-1,1,CDKN3-2,658
ACCTACCTCCGTGTAA-1,2,CDKN3-2|MORF4L1-2,128|97
ACTATTCTCCATCGTC-1,1,CDKN3-2,323
ACTCTCGTCTGGTGCG-1,2,CDKN3-2|EZR-2,462|107
AGATAGAAGTATTAGG-1,1,CDKN3-2,809
AGCGATTAGATTGCGG-1,3,CDKN3-2|Non-Targeting-5|TMPRSS2-1,91|183|174
AGCTCAATCTCCGAGG-1,2,CDKN3-2|GRB2-2,215|164
AGGATCTGTTGTGCAT-1,2,CDKN3-2|SET-2,163|991
AGTAGTCGTTGCATTG-1,2,CDKN3-2|UBXN1-1,72|248
ATACCTTAGCTAATCC-1,1,CDKN3-2,261
ATCTTCAAGGTCTTTG-1,1,CDKN3-2,142
ATGACCAGTCGAGCAA-1,1,CDKN3-2,83
CAGCACGGTTTGGAAA-1,1,CDKN3-2,1319
CAGCCAGTCCGCTAGG-1,1,CDKN3-2,208
CAGGCCAAGCTAAATG-1,2,CDKN3-2|NOC2L-2,244|6
CAGTTCCCAGTCGCTG-1,1,CDKN3-2,84
CATAGACTCCTAGCTC-1,1,CDKN3-2,269
CCACCATCACCTCTAC-1,1,CDKN3-2,1651
CCCGGAACAGCGAGTA-1,2,CDKN3-2|SRPK1-2,422|157
CCCTTAGTCATCACAG-1,1,CDKN3-2,406
CCGAACGGTCTCTCAC-1,1,CDKN3-2,284
CCGTAGGCATCGTGGC-1,1,CDKN3-2,1001
CGGCAGTGTAGACTGG-1,1,CDKN3-2,485
CTCAAGAGTGCGTGCT-1,1,CDKN3-2,51
CTCATGCGTAACAGTA-1,1,CDKN3-2,225
CTCCTCCCACTCGATA-1,1,CDKN3-2,122
GACATCAAGTCTGCGC-1,2,CDKN3-2|JUN-2,40|14
GAGTGAGGTTCGCGTG-1,2,CDKN3-2|SET-2,1137|470
GATGTTGGTTACCTTT-1,3,CDKN3-2|CTNNB1-1|JUN-2,253|589|80
GCACGTGCAAAGCTAA-1,1,CDKN3-2,1306
GCGTTTCCACATTCGA-1,2,CDKN3-2|EZR-1,521|69
GCTGCAGGTCGAAGCA-1,1,CDKN3-2,183
GCTTGGGTCTAAGAAG-1,1,CDKN3-2,747
GGAATGGCATACAGCT-1,2,CDKN3-2|LMNA-1,434|245
GGACGTCTCTTCCAGC-1,3,CDKN3-2|CTNNB1-2|RBM25-1,455|74|13
GGCGTCACAGATCCAT-1,1,CDKN3-2,260
GGCTTTCTCTGGACTA-1,1,CDKN3-2,248
GGGACTCTCCATTCAT-1,1,CDKN3-2,362
GGGCGTTAGGAATGTT-1,2,CDKN3-2|JUN-2,52|78
GGGTTATTCGACACCG-1,1,CDKN3-2,391
GTAACCAGTTGGACCC-1,2,CDKN3-2|CSNK2A1-1,550|78
GTAAGTCGTAGAAACT-1,1,CDKN3-2,540
GTACAGTCACACGTGC-1,2,CDKN3-2|EZH2-2,650|714
GTAGAAATCTCCCATG-1,2,CDKN3-2|CSNK2A1-1,340|94
GTGCAGCAGGGATCAC-1,1,CDKN3-2,522
GTGCAGCTCTAGACAC-1,1,CDKN3-2,738
GTGTCCTGTTGTCAGT-1,1,CDKN3-2,397
GTGTGATCAGCTCCTT-1,1,CDKN3-2,159
GTTAGACAGCTGTTCA-1,3,CDKN3-2|EZR-1|Non-Targeting-5,287|476|740
GTTAGACTCTCTCTAA-1,1,CDKN3-2,748
GTTCATTAGACCGCCT-1,1,CDKN3-2,243
GTTGAACGTGTCACAT-1,1,CDKN3-2,464
GTTGTAGTCGCAGAGA-1,4,CDKN3-2|CSNK2A1-1|EZR-1|PPP2CA-1,175|11|21|189
GTTTGGAGTTAGGACG-1,2,CDKN3-2|DPP4-1,250|630
TAACTTCCAAACGAGC-1,2,CDKN3-2|UBE2N-2,477|58
TAACTTCCATTAAGCC-1,1,CDKN3-2,151
TACAGGTAGCTAGATA-1,2,CDKN3-2|Non-Targeting-5,610|231
TCAAGACTCAAGATAG-1,2,CDKN3-2|GSK3A-2,1032|92
TCAGTCCGTACTCAAC-1,2,CDKN3-2|Non-Targeting-5,626|115
TCCCATGCAGATACTC-1,1,CDKN3-2,888
TCCGATCGTACCTAAC-1,1,CDKN3-2,1561
TCCTTCTCAAAGACGC-1,1,CDKN3-2,120
TCGCACTTCCATACTT-1,1,CDKN3-2,259
TCGCTTGAGAGAATCT-1,1,CDKN3-2,18
TGAATCGAGATCCCAT-1,1,CDKN3-2,120
TGATTCTTCAGTGTTG-1,1,CDKN3-2,384
TGATTTCAGTACTGTC-1,1,CDKN3-2,107
TGTACAGTCCAGGACC-1,1,CDKN3-2,350
TGTCCTGCAGTAGTGG-1,1,CDKN3-2,161
TTACAGGTCTACTGCC-1,2,CDKN3-2|NOC2L-2,387|7
TTAGGGTGTGGATTTC-1,1,CDKN3-2,354
TTATTGCCACCATAAC-1,2,CDKN3-2|Non-Targeting-5,343|223
TTGCATTAGGCACTAG-1,1,CDKN3-2,401
TTGTGTTCAGACAAAT-1,2,CDKN3-2|RBBP4-1,251|217
TTTCCTCTCGTGTGAT-1,1,CDKN3-2,257
AAAGGATAGAAACTCA-1,1,CSNK2A1-1,142
AACCCAACAGACGGAT-1,1,CSNK2A1-1,28
ACTGTCCGTAGAGATT-1,1,CSNK2A1-1,98
AGGTAGGAGGCACCAA-1,1,CSNK2A1-1,104
AGTAACCCAATAGAGT-1,1,CSNK2A1-1,82
ATTTACCGTACAGAGC-1,3,CSNK2A1-1|GSK3A-1|TPR-1,99|657|395
CAACAACTCGTGCAGC-1,1,CSNK2A1-1,230
CACCGTTGTCACTTCC-1,1,CSNK2A1-1,73
CACTAAGGTAGGACCA-1,1,CSNK2A1-1,40
CAGGCCAGTCCTGGTG-1,2,CSNK2A1-1|EZH2-1,148|289
CATGCGGGTCACTCGG-1,1,CSNK2A1-1,115
CATTGAGGTATGGAAT-1,2,CSNK2A1-1|HRAS-1,80|39
CGTTAGAAGTAACGTA-1,1,CSNK2A1-1,68
CTTGATTTCAACCTCC-1,2,CSNK2A1-1|H2AFY-1,49|1086
GAACGTTTCTAGAGCT-1,1,CSNK2A1-1,82
GAAGGGTTCCACCCTA-1,1,CSNK2A1-1,64
GAATCGTCATGCAGCC-1,1,CSNK2A1-1,41
GAGAAATCAGGGCTTC-1,1,CSNK2A1-1,34
GGCTTTCGTTCCTTGC-1,1,CSNK2A1-1,26
GGGTATTCACCCTAGG-1,1,CSNK2A1-1,52
GGGTCACAGCTAAACA-1,1,CSNK2A1-1,25
GGTGAAGTCATAGACC-1,3,CSNK2A1-1|H2AFY-1|PPIB-1,237|1606|1385
TAACCAGTCTGCTAGA-1,1,CSNK2A1-1,44
TATCGCCTCAGGACGA-1,1,CSNK2A1-1,206
TCCATGCTCGTCTCAC-1,2,CSNK2A1-1|HRAS-1,9|49
TCCGTGTGTGAACCGA-1,2,CSNK2A1-1|EZR-2,313|2290
TCGACCTAGGTTATAG-1,1,CSNK2A1-1,88
TCTACATGTCCAACGC-1,2,CSNK2A1-1|Non-Targeting-7,50|184
TGCTCCAAGTATGACA-1,1,CSNK2A1-1,70
TGTCAGAAGTAAGCAT-1,1,CSNK2A1-1,72
TGTGTGAAGTGCAACG-1,1,CSNK2A1-1,40
TTCTTGAAGTGACACG-1,4,CSNK2A1-1|EZR-1|GSK3A-2|TMPRSS2-2,13|28|122|14
TTTCCTCGTAAGACCG-1,1,CSNK2A1-1,67
AACAAAGAGTTGCGCC-1,2,CSNK2A1-2|GRB2-1,58|366
AACGAAAAGTGATTCC-1,1,CSNK2A1-2,13
AAGCATCTCGGAAACG-1,1,CSNK2A1-2,180
AATCGTGCAGAGAGGG-1,2,CSNK2A1-2|GSK3A-1,89|249
AATGGAATCGCTTAAG-1,1,CSNK2A1-2,9
ACAAGCTTCTCCTGCA-1,3,CSNK2A1-2|HRAS-1|TRA2B-2,75|9|25
ACCACAAGTGTCGCTG-1,1,CSNK2A1-2,21
ACCCTTGAGCTCATAC-1,4,CSNK2A1-2|Non-Targeting-5|SUZ12-1|TRA2B-1,8|358|390|58
ACTATTCAGCGAGGAG-1,1,CSNK2A1-2,216
ACTTAGGGTTGCGTAT-1,1,CSNK2A1-2,23
AGAAGCGAGGCGATAC-1,1,CSNK2A1-2,93
AGATGCTTCACTTGGA-1,2,CSNK2A1-2|TRA2B-2,16|72
AGCTTCCAGGTATTGA-1,1,CSNK2A1-2,20
AGGACTTAGTACAGCG-1,1,CSNK2A1-2,25
AGGCATTGTTACCTTT-1,1,CSNK2A1-2,26
AGGCCACCAAGATGTA-1,1,CSNK2A1-2,85
AGTGATCGTCCAATCA-1,1,CSNK2A1-2,12
ATGGATCGTGTGCTTA-1,1,CSNK2A1-2,26
ATTACTCCAGGTATGG-1,1,CSNK2A1-2,14
ATTGTTCCATTGACAC-1,1,CSNK2A1-2,74
CACCGTTGTAGAGTTA-1,5,CSNK2A1-2|MBNL1-2|Non-Targeting-5|SET-1|UBE2N-2,83|162|393|981|87
CAGCACGGTATGCGGA-1,4,CSNK2A1-2|EIF4EBP1-1|EZH2-2|SMARCD1-1,14|210|174|52
CATCCCAGTGTTCCTC-1,1,CSNK2A1-2,84
CATCGCTAGTCTTCCC-1,1,CSNK2A1-2,12
CCAAGCGCAAACCGGA-1,3,CSNK2A1-2|HDAC1-2|TMPRSS2-2,100|2014|102
CCAAGCGGTTGTGTTG-1,1,CSNK2A1-2,144
CCACGAGAGACCTTTG-1,1,CSNK2A1-2,44
CCCTCTCGTAGCGTAG-1,1,CSNK2A1-2,7
CCGGTGAGTCACCGCA-1,1,CSNK2A1-2,43
CCTCTCCAGTAAATGC-1,1,CSNK2A1-2,31
CCTTTGGGTGACTCTA-1,1,CSNK2A1-2,19
CGAGAAGGTGACATCT-1,1,CSNK2A1-2,102
CGGCAGTAGTAGAGTT-1,2,CSNK2A1-2|SMARCD1-1,120|96
CGGTCAGTCGCCTATC-1,3,CSNK2A1-2|JUN-2|Non-Targeting-5,39|18|456
CTAAGTGCAGCAAGAC-1,1,CSNK2A1-2,20
CTACTATAGCTAAATG-1,1,CSNK2A1-2,26
CTCAATTTCCACACAA-1,1,CSNK2A1-2,40
CTGAGCGGTCTGTGAT-1,1,CSNK2A1-2,31
CTGCATCGTCTGTTAG-1,2,CSNK2A1-2|PPP2CA-1,23|460
CTGTACCAGCGTGAAC-1,1,CSNK2A1-2,98
CTGTATTTCATCCCGT-1,1,CSNK2A1-2,80
GAACACTGTCAAGCCC-1,1,CSNK2A1-2,39
GAACGTTTCCATGATG-1,1,CSNK2A1-2,24
GACCGTGTCCCTGGTT-1,1,CSNK2A1-2,16
GAGAAATGTCCATAGT-1,1,CSNK2A1-2,47
GAGATGGAGAAACACT-1,2,CSNK2A1-2|Non-Targeting-5,128|144
GAGTTACGTCCCTGAG-1,1,CSNK2A1-2,13
GATCACAGTATCACCA-1,1,CSNK2A1-2,38
GATCAGTTCGAGAATA-1,1,CSNK2A1-2,43
GCATCTCCATCACGGC-1,2,CSNK2A1-2|Non-Targeting-5,49|288
GCCATGGCATACATCG-1,1,CSNK2A1-2,151
GCTTTCGAGCAGCCCT-1,4,CSNK2A1-2|Non-Targeting-5|SMARCD1-2|UBE2N-2,6|56|46|21
GGAGGTATCATTGCTT-1,1,CSNK2A1-2,96
GGATGTTAGCCATTGT-1,2,CSNK2A1-2|MORF4L1-1,6|39
GGCAGTCGTCAGACGA-1,2,CSNK2A1-2|MORF4L1-2,45|96
GGGTAGATCCATCTGC-1,1,CSNK2A1-2,67
GGGTCTGCAGTCCCGA-1,2,CSNK2A1-2|JUN-2,18|196
GGGTTTAGTATGAAGT-1,2,CSNK2A1-2|ELOF1-1,103|334
GGTGAAGGTAGCTTTG-1,2,CSNK2A1-2|SRPK1-2,28|151
GTAAGTCTCATCCTGC-1,2,CSNK2A1-2|EIF4EBP1-1,26|269
GTAATGCGTCATCGGC-1,1,CSNK2A1-2,46
GTGATGTAGATAGTCA-1,1,CSNK2A1-2,52
GTGCGTGAGGACTATA-1,1,CSNK2A1-2,76
GTTACAGCAAGCCTGC-1,1,CSNK2A1-2,45
GTTACGACATGGGCAA-1,1,CSNK2A1-2,18
GTTGCGGAGTGCGTCC-1,1,CSNK2A1-2,7
GTTGTGACACCCTATC-1,1,CSNK2A1-2,23
TAACGACTCACCTACC-1,1,CSNK2A1-2,103
TACGGTAAGGCCTGAA-1,1,CSNK2A1-2,47
TATCTTGTCGTCTAAG-1,1,CSNK2A1-2,15
TCATATCTCACAGTGT-1,2,CSNK2A1-2|HDAC1-1,53|5
TCATCCGTCAATCCAG-1,1,CSNK2A1-2,43
TCCAGAAGTTCCGCTT-1,2,CSNK2A1-2|NOC2L-2,129|25
TCCGGGATCGTGGAAG-1,1,CSNK2A1-2,27
TCGACCTCATCGCTGG-1,1,CSNK2A1-2,37
TCGCAGGGTGCTCTCT-1,1,CSNK2A1-2,19
TCGGGACTCCCGAGAC-1,1,CSNK2A1-2,63
TCGTAGACAAGAGCTG-1,1,CSNK2A1-2,26
TCTGGCTCAAGCGGAT-1,2,CSNK2A1-2|PAIP2-2,88|354
TCTGGCTTCAGGAAAT-1,2,CSNK2A1-2|SMARCD1-1,37|61
TGAGACTCACTGAGTT-1,1,CSNK2A1-2,21
TGAGCGCCAGGAATAT-1,1,CSNK2A1-2,44
TGCGGCAGTCGCCTAG-1,2,CSNK2A1-2|Non-Targeting-7,45|645
TGCTCGTGTTCGTGCG-1,1,CSNK2A1-2,8
TGCTTGCAGAGAAGGT-1,1,CSNK2A1-2,73
TGCTTGCGTTACCCAA-1,1,CSNK2A1-2,140
TGGGAGAAGATGAACT-1,2,CSNK2A1-2|SMARCD1-1,9|35
TGGGCTGTCTTGCGCT-1,1,CSNK2A1-2,17
TGTTGGAGTCGACTGC-1,1,CSNK2A1-2,36
TTAGGGTGTTTAGACC-1,1,CSNK2A1-2,65
TTCGGTCGTCTTCAAG-1,2,CSNK2A1-2|MORF4L1-2,18|43
TTGTTCAAGCGACTGA-1,1,CSNK2A1-2,26
CGCCATTCACGTCTCT-1,1,CTCF-1,4
AAGGAATCAGGCATTT-1,1,CTCF-2,22
AATCGACTCGAGAGCA-1,2,CTCF-2|SMARCD1-2,76|264
ATCCATTGTGGCAACA-1,1,CTCF-2,9
ATGGAGGTCTCCATAT-1,1,CTCF-2,33
CATGCAATCAGCCTCT-1,1,CTCF-2,27
CCGTAGGCATACCAGT-1,1,CTCF-2,19
CGCCATTTCTCTCCGA-1,2,CTCF-2|HDAC1-1,31|3
GCCGATGCATAGTCAC-1,2,CTCF-2|PPIB-2,23|206
GGAAGTGGTCTGTTAG-1,1,CTCF-2,25
GTCATTTTCCAGCAAT-1,3,CTCF-2|EZR-1|Non-Targeting-8,5|22|163
GTGGCGTTCCGTAATG-1,1,CTCF-2,35
TCAGGTAGTATAGGGC-1,2,CTCF-2|JUN-2,64|442
TCATGGAAGCTGCCAC-1,1,CTCF-2,29
TCCACCATCGTGGAAG-1,1,CTCF-2,39
TCTAACTAGGGCCCTT-1,1,CTCF-2,16
TCTTGCGCAAAGCTCT-1,1,CTCF-2,19
TGATCAGTCTGTCTCG-1,1,CTCF-2,91
TTAATCCTCGCACGGT-1,1,CTCF-2,29
TTACTGTGTGTGAGCA-1,2,CTCF-2|NOC2L-2,14|6
AACAGGGAGTTGCCTA-1,2,CTNNB1-1|KDM1A-1,1045|859
AAGCATCTCAAGCTGT-1,1,CTNNB1-1,1843
AAGTCGTTCTTGCAAG-1,1,CTNNB1-1,115
ACACAGTCACTTGACA-1,1,CTNNB1-1,526
ACATGCAGTTGACTGT-1,1,CTNNB1-1,542
ACGATGTAGTTTGGCT-1,1,CTNNB1-1,34
AGGATAACAAGACAAT-1,1,CTNNB1-1,42
AGGCTGCCAAGAAATC-1,1,CTNNB1-1,631
AGTAACCTCTTAAGGC-1,2,CTNNB1-1|DPP4-1,445|626
AGTTCGAGTGCCTTCT-1,1,CTNNB1-1,556
CAAAGAACATGTAACC-1,1,CTNNB1-1,1993
CACTGTCGTTAACCTG-1,1,CTNNB1-1,1270
CCTTGTGCAGTCGCAC-1,4,CTNNB1-1|EIF4EBP1-2|EZH2-1|MBNL1-1,833|95|862|372
CGCCATTGTTCCGCGA-1,2,CTNNB1-1|H2AFY-1,255|141
CGGAATTGTGCATGTT-1,1,CTNNB1-1,519
CTTTCGGGTCAGTCTA-1,4,CTNNB1-1|EIF4EBP1-1|ELOF1-1|SET-2,655|116|426|153
GCTCAAAGTACCAGAG-1,1,CTNNB1-1,80
GGGATCCGTCATTGCA-1,1,CTNNB1-1,935
GTTATGGAGCGTGCCT-1,3,CTNNB1-1|Non-Targeting-5|TPR-2,673|178|5
GTTGTGAGTTCGTACA-1,3,CTNNB1-1|DPP4-1|Non-Targeting-7,1626|162|517
TACGGTATCGGCTGTG-1,1,CTNNB1-1,1832
TATCCTACAGGGATAC-1,3,CTNNB1-1|GRB2-2|HDAC1-2,343|120|237
TCACACCCAGCACAGA-1,1,CTNNB1-1,1419
TCCGTGTTCGAGCACC-1,1,CTNNB1-1,367
TCCTGCATCCAGCTCT-1,1,CTNNB1-1,1178
TCGAAGTTCTTCCCAG-1,1,CTNNB1-1,650
TCTTCCTAGAGGGTGG-1,1,CTNNB1-1,178
TGAGCATGTCGCATGC-1,1,CTNNB1-1,255
TGATGGTAGGAGGCAG-1,2,CTNNB1-1|Non-Targeting-7,1431|425
TGTCCCACATAGTCAC-1,2,CTNNB1-1|GSK3A-1,800|594
TTCAATCGTTTCGTAG-1,2,CTNNB1-1|EZR-2,920|453
TTGTGGACATGGACAG-1,3,CTNNB1-1|EZH2-2|PAIP2-2,300|128|76
TTTCCTCCAATCGCAT-1,1,CTNNB1-1,95
AAAGGGCCAAACTAGA-1,1,CTNNB1-2,63
ACACAGTAGTTCCGGC-1,2,CTNNB1-2|ELOF1-2,76|268
AGGCATTGTTGCATTG-1,2,CTNNB1-2|SUZ12-2,23|27
ATCGTAGAGGTTCTAC-1,1,CTNNB1-2,29
ATGAGTCTCACTTGGA-1,1,CTNNB1-2,184
CACATGAAGCTACTGT-1,1,CTNNB1-2,158
CGGGCATGTCAGGTAG-1,2,CTNNB1-2|PPIB-2,145|169
GACTCTCTCTGATGGT-1,2,CTNNB1-2|LMNA-2,111|236
GCGGATCCACTGGACC-1,2,CTNNB1-2|SUZ12-2,17|35
GCTGGGTGTTGTGTTG-1,1,CTNNB1-2,137
TACCCACAGGCTAAAT-1,1,CTNNB1-2,201
ACAGGGAAGATAGCTA-1,1,DHX9-1,21
ACAGGGATCTGTAACG-1,2,DHX9-1|HDAC1-2,209|952
ATCTTCAGTCAGGTAG-1,2,DHX9-1|RBBP4-1,9|346
CCACGTTGTTGTGTTG-1,1,DHX9-1,124
CTGAATGAGAAGAACG-1,1,DHX9-1,226
GAGTTGTCAAGGCTTT-1,2,DHX9-1|Non-Targeting-7,40|69
GATCATGTCAAATGCC-1,1,DHX9-1,13
GGGACTCTCGGAAGGT-1,1,DHX9-1,61
GGGTCTGCAGACACCC-1,2,DHX9-1|H2AFY-1,91|653
GTCACTCAGTACAGAT-1,1,DHX9-1,145
TCGACGGGTATAGGAT-1,1,DHX9-1,766
TGTAGACGTCTAGTGT-1,1,DHX9-1,85
TGTTGGAGTAATCAAG-1,3,DHX9-1|EIF4EBP1-1|SNRNP40-1,188|248|746
TTCCACGAGAGACAAG-1,1,DHX9-1,41
TTCGGTCTCTCGTTTA-1,2,DHX9-1|Non-Targeting-8,12|32
TTTATGCTCGTGTTCC-1,1,DHX9-1,121
ACGGTCGTCGGTGCAC-1,3,DHX9-2|RBBP4-1|TPR-1,14|12|19
AGAGCCCTCGGACGTC-1,2,DHX9-2|MBNL1-2,42|106
ATGGGTTCATAAGCAA-1,1,DHX9-2,154
CAGCAGCAGCAGCCCT-1,1,DHX9-2,262
CGGCAGTGTGTTTACG-1,2,DHX9-2|Non-Targeting-8,205|404
GAGTTGTGTATTCTCT-1,4,DHX9-2|GRB2-2|HDAC1-1|RBBP4-1,195|153|3|188
GCTTGGGTCGTTCATT-1,1,DHX9-2,157
GGAGAACTCTTCGTAT-1,3,DHX9-2|Non-Targeting-5|PPIB-1,73|65|335
GTTGCGGGTAGCGAGT-1,1,DHX9-2,409
TCAGGGCCACTAACCA-1,2,DHX9-2|MBNL1-1,69|104
TCCTTCTTCCGCAACG-1,1,DHX9-2,273
TTGTTGTAGACTGTTC-1,2,DHX9-2|Non-Targeting-8,28|80
AAATGGAGTTCGCGTG-1,1,DPP4-1,1121
AACCATGGTTCAGTAC-1,1,DPP4-1,777
AATGGAACAACCGCTG-1,2,DPP4-1|SNRNP70-1,940|574
AATTCCTTCGCGCCAA-1,2,DPP4-1|RBBP4-2,675|100
ACAGCCGAGCTTGTTG-1,1,DPP4-1,433
ACGATGTCAGATCATC-1,1,DPP4-1,373
ACGTCCTCAGTAGTGG-1,1,DPP4-1,333
ACTACGAAGAGGACTC-1,1,DPP4-1,78
ACTACGAGTTGAGAGC-1,3,DPP4-1|RBBP4-1|UBE2N-2,540|168|16
ACTCTCGCAGCAGTGA-1,4,DPP4-1|EIF4EBP1-1|Non-Targeting-7|RAB1A-2,298|157|226|167
ACTTCGCCACGACGTC-1,1,DPP4-1,292
ACTTTGTTCTGCGTCT-1,3,DPP4-1|PAIP2-2|PPIB-1,270|154|124
AGACAAACAGTTGTTG-1,1,DPP4-1,306
AGACAGGGTTCCACAA-1,2,DPP4-1|UBE2N-1,674|14
AGACCCGTCATCTATC-1,1,DPP4-1,493
AGAGAATAGAGAATCT-1,1,DPP4-1,249
AGAGCAGCATCGCTGG-1,1,DPP4-1,705
AGCGCCATCTATTTCG-1,2,DPP4-1|GRB2-2,118|67
AGCGCTGCAATGGGTG-1,2,DPP4-1|GRB2-2,72|164
AGGGCCTGTATCACCA-1,1,DPP4-1,60
AGGGCCTTCCTTGACC-1,3,DPP4-1|ELOF1-1|HDAC1-2,803|222|580
ATACTTCAGCACCCAC-1,2,DPP4-1|H2AFY-1,268|1015
ATCAGGTAGCAACTTC-1,1,DPP4-1,498
ATCCACCTCGGAGCAA-1,1,DPP4-1,112
ATCGGATTCACGTCCT-1,4,DPP4-1|ELOF1-2|EZR-1|Non-Targeting-5,248|190|96|645
ATCTCTAAGAGACAAG-1,1,DPP4-1,368
ATGACCACAGAGTTGG-1,2,DPP4-1|GSK3A-1,1320|549
ATGACCAGTAGTCTTG-1,1,DPP4-1,549
ATGGAGGGTGTACATC-1,1,DPP4-1,118
ATGGGTTAGAAGTATC-1,1,DPP4-1,616
ATTCACTTCTGCTTTA-1,2,DPP4-1|PAIP2-2,86|166
ATTTCTGTCTGGTCAA-1,1,DPP4-1,47
CAAGAGGCAGGTACGA-1,1,DPP4-1,1417
CACGAATAGTGACACG-1,2,DPP4-1|GRB2-1,209|37
CACTGAACAGCTGCCA-1,4,DPP4-1|ELOF1-2|H2AFY-1|LMNA-2,443|176|658|708
CACTGAAGTAGGACTG-1,1,DPP4-1,2038
CAGCACGGTTAGGCTT-1,2,DPP4-1|GSK3A-2,1064|484
CATCAAGAGGAAAGGT-1,2,DPP4-1|Non-Targeting-8,740|198
CATGCTCAGGACATCG-1,2,DPP4-1|TMPRSS2-1,279|125
CATGGATCACATATCG-1,1,DPP4-1,371
CATTGCCAGAGGCCAT-1,1,DPP4-1,82
CCACTTGTCAGCCTCT-1,1,DPP4-1,836
CCCAACTTCGACGCTG-1,1,DPP4-1,196
CCCGGAAAGTCTAACC-1,1,DPP4-1,252
CCGATCTAGATTAGCA-1,1,DPP4-1,661
CCTATCGAGTCACTCA-1,1,DPP4-1,381
CCTCACAAGATGCTAA-1,3,DPP4-1|EZR-1|UBE2N-1,47|35|47
CCTTGTGCATAATCGC-1,1,DPP4-1,698
CGAGTGCCACAGAGCA-1,3,DPP4-1|EIF4EBP1-2|RBM25-2,620|12|17
CGATGGCAGTGCACTT-1,3,DPP4-1|GSK3A-2|SMARCD1-2,224|25|48
CGCCAGAGTGGTTTGT-1,1,DPP4-1,345
CGCCAGAGTTCCTAGA-1,1,DPP4-1,551
CGGCAGTCAAAGGAGA-1,1,DPP4-1,309
CGGGTGTTCATAAGGA-1,1,DPP4-1,107
CTAACCCAGTGGAAGA-1,1,DPP4-1,1000
CTAGGTAGTATCACCA-1,1,DPP4-1,1104
CTCAACCAGAACAGGA-1,1,DPP4-1,500
CTCAACCGTTCCGTTC-1,2,DPP4-1|MBNL1-1,98|97
CTCAGAAGTTCAAGGG-1,1,DPP4-1,179
CTCCCTCAGATGCAGC-1,1,DPP4-1,164
CTCCCTCCACTTGTGA-1,1,DPP4-1,77
CTCCGATAGTTCCAGT-1,1,DPP4-1,423
CTGTATTAGACTCGAG-1,2,DPP4-1|JUN-2,293|93
CTTCTAAGTTTCGACA-1,1,DPP4-1,113
CTTCTCTTCATGCATG-1,1,DPP4-1,92
CTTGATTTCGAAGTGG-1,1,DPP4-1,514
GAAACCTAGACTTAAG-1,2,DPP4-1|Non-Targeting-7,1097|939
GAGTGAGCACCCTAAA-1,1,DPP4-1,377
GATGTTGAGGTACATA-1,1,DPP4-1,998
GATTGGTTCCTTCACG-1,2,DPP4-1|SUZ12-2,166|141
GCACATAGTGGCAGAT-1,1,DPP4-1,303
GCCATTCCACCAAATC-1,2,DPP4-1|SUZ12-2,70|227
GCCGTGAGTCAACGCC-1,1,DPP4-1,401
GGGAGATGTGGACTAG-1,1,DPP4-1,363
GGTTGTAAGGGCAAGG-1,1,DPP4-1,284
GTGTGATAGACTCATC-1,1,DPP4-1,198
GTTACGATCCGGGACT-1,1,DPP4-1,288
GTTCCGTCACACTGGC-1,1,DPP4-1,47
TAAGCCAAGGTCTACT-1,1,DPP4-1,89
TAAGCGTGTAGTAAGT-1,1,DPP4-1,127
TACCTCGTCGACGCTG-1,1,DPP4-1,306
TAGAGTCCAATGTCTG-1,1,DPP4-1,509
TCATATCTCCTTTAGT-1,2,DPP4-1|SRRT-1,559|33
TCATTGTGTGTTCGAT-1,1,DPP4-1,335
TCATTTGTCCATCCGT-1,1,DPP4-1,321
TCCACGTTCCGAGAAG-1,1,DPP4-1,933
TCTTTGAGTGTTCCTC-1,1,DPP4-1,125
TGATGCAAGCCGGATA-1,2,DPP4-1|LMNA-2,719|1250
TGCAGTAAGAGAGTTT-1,1,DPP4-1,375
TGCATGAGTAGTCCTA-1,1,DPP4-1,122
TGCGATATCACTGAAC-1,1,DPP4-1,758
TGGATGTCATCGCCTT-1,1,DPP4-1,200
TGTAGACGTTTGTGGT-1,1,DPP4-1,1183
TGTCAGAAGTGGCGAT-1,1,DPP4-1,88
TGTCCACTCCGCAACG-1,1,DPP4-1,373
TGTGGCGTCATCCCGT-1,1,DPP4-1,593
TGTTACTTCATGCATG-1,1,DPP4-1,234
TGTTGAGCAGCAAGAC-1,4,DPP4-1|ELOF1-2|H2AFY-1|LMNA-2,1082|446|1578|1961
TGTTTGTTCTCATAGG-1,1,DPP4-1,299
TTCCGTGTCAGAACCT-1,1,DPP4-1,62
TTCGGTCCACTCATAG-1,1,DPP4-1,330
TTCTAACAGTATAGAC-1,2,DPP4-1|LMNA-1,320|141
TTGAGTGTCTGGAGAG-1,1,DPP4-1,573
TTGCATTCACTTGGGC-1,1,DPP4-1,280
TTGCTGCAGCTAAATG-1,1,DPP4-1,142
TTGTGTTAGTCATGGG-1,1,DPP4-1,207
AAAGTCCAGTCGCTAT-1,1,DPP4-2,296
ACGCACGCACCGTCGA-1,1,DPP4-2,116
AGAGCCCGTTCAGCTA-1,2,DPP4-2|HRAS-1,119|14
AGCCAATTCGCAAGAG-1,1,DPP4-2,354
AGCGTCGGTTCCTACC-1,2,DPP4-2|H2AFY-1,227|602
AGGTGTTGTTGGGAAC-1,1,DPP4-2,276
AGTACCACAACGACAG-1,2,DPP4-2|PPIB-1,417|762
ATGCATGCACTCATAG-1,2,DPP4-2|MBNL1-1,177|136
CAATCGATCTTCGCTG-1,1,DPP4-2,178
CACTGAATCTGCATGA-1,1,DPP4-2,384
CACTGTCAGGATTTAG-1,1,DPP4-2,24
CATAAGCGTACGACTT-1,1,DPP4-2,153
CCGAACGGTCAGTCTA-1,1,DPP4-2,141
CCGATCTAGGCAGCTA-1,1,DPP4-2,345
CCGGACACAATAGGGC-1,1,DPP4-2,78
CCGTTCACACTGGACC-1,1,DPP4-2,246
CCTGTTGGTTATCCAG-1,1,DPP4-2,447
CTATAGGTCAGGAAGC-1,3,DPP4-2|ELOF1-1|ELOF1-2,696|1666|242
CTTCGGTGTCCCTAAA-1,1,DPP4-2,68
GAAATGAGTAGACACG-1,2,DPP4-2|GSK3A-1,677|910
GAGACTTTCTGAGTCA-1,1,DPP4-2,543
GATTTCTGTAACGTTC-1,2,DPP4-2|SUZ12-2,146|69
GCAGCTGGTCTTCCGT-1,1,DPP4-2,279
GGGATCCAGAAGGGAT-1,1,DPP4-2,46
GTACAACGTGAGTTGG-1,2,DPP4-2|HRAS-1,157|23
GTCACGGGTAGTTAGA-1,2,DPP4-2|MBNL1-1,342|226
GTCATTTGTCACAATC-1,1,DPP4-2,367
GTTCATTCATTCCTCG-1,2,DPP4-2|EZR-2,151|460
GTTCCGTAGAGCCGAT-1,2,DPP4-2|Non-Targeting-5,35|33
TAACGACAGCGAAACC-1,1,DPP4-2,368
TAGAGTCCACTTTAGG-1,2,DPP4-2|TMPRSS2-1,105|28
TATCCTATCAGTCTTT-1,2,DPP4-2|GRB2-2,112|252
TCACAAGCAGACGATG-1,1,DPP4-2,222
TCGAAGTGTTCTCCCA-1,2,DPP4-2|Non-Targeting-5,56|73
TCTCTGGAGCATTTCG-1,2,DPP4-2|GRB2-2,172|196
TGAGACTGTGACTCGC-1,2,DPP4-2|SET-2,15|277
TGGTACACAATCACGT-1,3,DPP4-2|EIF4EBP1-1|MBNL1-1,97|137|190
TTCTAGTAGCAGCAGT-1,1,DPP4-2,209
ACACGCGTCTACTATC-1,1,EIF4EBP1-1,542
ACGGAAGTCGAATGCT-1,2,EIF4EBP1-1|H2AFY-1,125|740
AGAACAAGTAAGCAAT-1,1,EIF4EBP1-1,597
AGCATCATCCAGTGCG-1,1,EIF4EBP1-1,365
AGCCAATAGACTTAAG-1,1,EIF4EBP1-1,411
AGTACCAGTGGAATGC-1,2,EIF4EBP1-1|MORF4L1-2,442|139
ATCGATGTCCAAGCTA-1,1,EIF4EBP1-1,273
CACTGGGTCGAGATAA-1,2,EIF4EBP1-1|SRRT-2,282|20
CATGCGGCATTGTGCA-1,1,EIF4EBP1-1,352
CCTATCGAGCCTCATA-1,1,EIF4EBP1-1,217
CGAGTTATCAGTGGGA-1,1,EIF4EBP1-1,220
CGTTGGGGTCATATGC-1,1,EIF4EBP1-1,159
CTACTATTCACTTCTA-1,4,EIF4EBP1-1|Non-Targeting-5|Non-Targeting-7|PPIB-1,77|93|161|377
CTCCACACATAACTCG-1,1,EIF4EBP1-1,165
CTCCTTTAGGTAAGTT-1,1,EIF4EBP1-1,163
CTGCATCAGTTCGGTT-1,1,EIF4EBP1-1,323
GAATCACAGTCGAAAT-1,3,EIF4EBP1-1|GSK3A-1|SUZ12-2,468|1069|70
GAGACTTCACTGTCCT-1,1,EIF4EBP1-1,21
GATCAGTGTTGCGAAG-1,2,EIF4EBP1-1|UBE2N-2,392|245
GCATGATAGGAGCTGT-1,1,EIF4EBP1-1,161
GGGAAGTGTCTAACGT-1,1,EIF4EBP1-1,240
GGGTTATGTGTCCAAT-1,1,EIF4EBP1-1,16
GGTAGAGAGCGATGAC-1,1,EIF4EBP1-1,226
GTACAACCAGAACTCT-1,2,EIF4EBP1-1|Non-Targeting-7,70|115
GTGACGCTCCTTCGAC-1,2,EIF4EBP1-1|SET-1,146|473
GTTGAACGTGCCCACA-1,2,EIF4EBP1-1|ELOF1-2,134|226
TCATCCGAGCATCCTA-1,1,EIF4EBP1-1,308
TCGGTCTTCGTGCACG-1,2,EIF4EBP1-1|GRB2-1,510|270
TGAACGTTCCTGCCAT-1,1,EIF4EBP1-1,504
TGACGCGGTAGATTGA-1,2,EIF4EBP1-1|ELOF1-1,695|39
TGAGTCAAGGAGAATG-1,3,EIF4EBP1-1|Non-Targeting-7|RAB1A-2,451|520|442
TGGGCGTAGTAGATCA-1,2,EIF4EBP1-1|SRPK1-2,200|324
TGTGTGACACCAGACC-1,1,EIF4EBP1-1,176
TTCTAACGTAGGTGCA-1,1,EIF4EBP1-1,531
TTGTTTGTCAAGCCGC-1,1,EIF4EBP1-1,317
TTTGTTGAGAACGTGC-1,1,EIF4EBP1-1,221
AAAGAACCAAAGGCGT-1,1,EIF4EBP1-2,599
AACAGGGTCATTCACT-1,2,EIF4EBP1-2|GRB2-2,334|470
AACGAAAGTGTCCCTT-1,2,EIF4EBP1-2|PAIP2-1,322|643
AAGTTCGCAACAGTGG-1,2,EIF4EBP1-2|GSK3A-2,43|74
ACATCCCTCACTGCTC-1,2,EIF4EBP1-2|GSK3A-1,14|588
ACGTCCTAGTCGAAGC-1,1,EIF4EBP1-2,268
ACTTATCGTTTGCAGT-1,1,EIF4EBP1-2,375
AGAACCTAGAGGACTC-1,1,EIF4EBP1-2,616
AGATAGACATGCAGGA-1,2,EIF4EBP1-2|SNRNP40-1,280|544
AGCTACATCTCTCAAT-1,1,EIF4EBP1-2,298
AGTGCCGGTCCGAAAG-1,1,EIF4EBP1-2,188
ATACCTTTCTCCAATT-1,3,EIF4EBP1-2|PPIB-1|RBBP4-2,33|135|10
ATAGACCTCCGTACGG-1,1,EIF4EBP1-2,275
ATCGATGAGTAATTGG-1,1,EIF4EBP1-2,633
ATCTCTAGTACCGTGC-1,1,EIF4EBP1-2,15
ATCTTCAAGCGACTTT-1,2,EIF4EBP1-2|JUN-2,29|20
ATGGTTGTCAAAGCCT-1,1,EIF4EBP1-2,28
ATTCGTTCACCATATG-1,1,EIF4EBP1-2,139
CACATGAAGGAACTAT-1,1,EIF4EBP1-2,671
CAGTGCGGTTTGTTGG-1,1,EIF4EBP1-2,649
CATGGATGTGTTAAAG-1,2,EIF4EBP1-2|EZH2-2,12|110
CATTTCAGTTGCTTGA-1,1,EIF4EBP1-2,572
CCACACTCAAGCCCAC-1,1,EIF4EBP1-2,425
CCCTGATAGACCTTTG-1,4,EIF4EBP1-2|Non-Targeting-5|TMPRSS2-1|UBE2N-2,24|65|56|35
CCCTGATCAAACCATC-1,2,EIF4EBP1-2|EZH2-2,36|212
CCGAACGTCATGAGAA-1,1,EIF4EBP1-2,234
CCGTAGGTCTAGTTCT-1,2,EIF4EBP1-2|GSK3A-2,46|73
CCTCTCCAGTGTAGTA-1,1,EIF4EBP1-2,119
CCTTCAGTCATCAGTG-1,1,EIF4EBP1-2,126
CGAAGTTTCTGACGCG-1,1,EIF4EBP1-2,226
CGACAGCCACAGTCCG-1,1,EIF4EBP1-2,60
CGTGAATAGCTCCACG-1,1,EIF4EBP1-2,325
CTAGGTAAGTGCTACT-1,1,EIF4EBP1-2,535
CTTCAATCATCTCCCA-1,1,EIF4EBP1-2,49
CTTTCAAAGAAGCCTG-1,1,EIF4EBP1-2,151
GAGTGAGTCTTCTCAA-1,1,EIF4EBP1-2,920
GCAGCTGTCGGTATGT-1,1,EIF4EBP1-2,103
GCCGTGATCTTCACAT-1,2,EIF4EBP1-2|JUN-2,23|25
GGGACAATCGGTCAGC-1,1,EIF4EBP1-2,359
GGTTGTAAGATTGAGT-1,1,EIF4EBP1-2,72
GTCGCGATCACGACTA-1,1,EIF4EBP1-2,31
GTCTACCTCTTCCCGA-1,1,EIF4EBP1-2,26
GTGCAGCCAGTTAAAG-1,2,EIF4EBP1-2|RBBP4-1,245|160
GTGGTTAAGTAACGTA-1,1,EIF4EBP1-2,122
GTGTGGCGTGACATCT-1,2,EIF4EBP1-2|NOC2L-2,134|58
GTTAGACTCGGCGATC-1,2,EIF4EBP1-2|PPIB-1,189|449
TAACTTCTCATTCTTG-1,1,EIF4EBP1-2,34
TACAGGTAGCTTCGTA-1,1,EIF4EBP1-2,232
TACCCGTAGAACCCGA-1,3,EIF4EBP1-2|EZH2-2|MORF4L1-2,593|1415|118
TACCTGCAGGTCACCC-1,1,EIF4EBP1-2,316
TACCTGCTCGAGAAGC-1,2,EIF4EBP1-2|Non-Targeting-8,278|428
TATTGGGTCCTCTAGC-1,1,EIF4EBP1-2,13
TATTTCGAGACAACTA-1,1,EIF4EBP1-2,137
TATTTCGCAATTGGTC-1,3,EIF4EBP1-2|H2AFY-1|RBM25-2,37|226|8
TCAGTTTGTCTGTAAC-1,1,EIF4EBP1-2,13
TCATGGAGTATGGAGC-1,1,EIF4EBP1-2,624
TCCTAATTCCTTATGT-1,2,EIF4EBP1-2|HDAC1-1,322|7
TCCTTCTTCAGACCTA-1,1,EIF4EBP1-2,25
TCGCTTGAGCAGATAT-1,1,EIF4EBP1-2,53
TGAGCGCTCATACAGC-1,1,EIF4EBP1-2,546
TGGATCACATGCGTGC-1,1,EIF4EBP1-2,165
TGGCGTGGTCATTCCC-1,1,EIF4EBP1-2,328
TGGGCTGGTTCGGTAT-1,1,EIF4EBP1-2,705
TTACCGCAGCAAATCA-1,1,EIF4EBP1-2,155
TTCTAACAGTCACGAG-1,1,EIF4EBP1-2,85
TTTCACATCAAGCTGT-1,3,EIF4EBP1-2|Non-Targeting-7|Non-Targeting-8,277|559|418
TTTCCTCTCCATACAG-1,1,EIF4EBP1-2,150
AAAGGATCACGCAAAG-1,1,ELOF1-1,735
AAATGGAGTGAGTAGC-1,1,ELOF1-1,1257
AAGTTCGTCGTCACCT-1,1,ELOF1-1,1062
ACAAAGATCGATACAC-1,2,ELOF1-1|HRAS-2,1136|28
ACACTGATCAAGTGGG-1,2,ELOF1-1|Non-Targeting-8,2283|473
ACATGCAGTTCCGCGA-1,1,ELOF1-1,2112
ACTCCCACAGGAGGTT-1,2,ELOF1-1|SRPK1-2,285|13
ACTCTCGAGGTTCACT-1,1,ELOF1-1,150
ACTGTGACAATACGCT-1,1,ELOF1-1,1016
AGAGCCCTCCACTGGG-1,2,ELOF1-1|KDM1A-1,988|453
AGATCGTTCCTTTGAT-1,2,ELOF1-1|GSK3A-2,195|32
AGCGATTCACTGCATA-1,1,ELOF1-1,897
AGCTACAAGGTGGGTT-1,1,ELOF1-1,835
AGGACGAAGAACCGCA-1,1,ELOF1-1,395
AGGATCTTCCGAGCTG-1,4,ELOF1-1|H2AFY-2|HRAS-2|MORF4L1-1,129|44|28|43
AGTAGTCAGCTACTAC-1,1,ELOF1-1,772
AGTCATGAGGAAGTCC-1,1,ELOF1-1,1385
ATATCCTAGCTCGCAC-1,2,ELOF1-1|SRPK1-2,185|139
ATCTTCAAGCACACAG-1,1,ELOF1-1,1467
ATGGTTGTCTCTCTAA-1,1,ELOF1-1,554
ATGTCCCGTGGGTCAA-1,1,ELOF1-1,1501
ATTCACTAGTGAATAC-1,1,ELOF1-1,1587
CACCGTTCATCCGTGG-1,1,ELOF1-1,750
CAGATTGCACTGAATC-1,2,ELOF1-1|KDM1A-1,917|396
CATAGACTCATTGCTT-1,1,ELOF1-1,1377
CATCCGTGTGTGATGG-1,1,ELOF1-1,1245
CCTAAGAAGCGCCCAT-1,3,ELOF1-1|MBNL1-1|Non-Targeting-7,232|16|108
CCTGCATAGCAGCACA-1,1,ELOF1-1,100
CGAGAAGCAATACCCA-1,1,ELOF1-1,1392
CGAGAAGTCCAGGACC-1,2,ELOF1-1|Non-Targeting-7,945|329
CGGAATTAGCTCGCAC-1,3,ELOF1-1|RAB1A-2|RAB1A-3,755|322|165
CGGACACCACATGACT-1,1,ELOF1-1,425
CGGTCAGGTCTTGGTA-1,1,ELOF1-1,37
CGTGATAAGGATACGC-1,2,ELOF1-1|MORF4L1-1,772|354
CGTGCTTCACAAGTTC-1,1,ELOF1-1,532
CTCCAACCACGCCACA-1,1,ELOF1-1,267
CTCCTCCAGCTGGCCT-1,1,ELOF1-1,287
CTCCTTTGTGCAATAA-1,1,ELOF1-1,125
CTGAATGCACGTACTA-1,2,ELOF1-1|Non-Targeting-7,1272|587
CTGCAGGAGTATAGAC-1,1,ELOF1-1,788
CTGCGAGCAACTACGT-1,1,ELOF1-1,935
CTGCGAGGTTACGATC-1,1,ELOF1-1,1119
CTTCGGTGTACGGTTT-1,2,ELOF1-1|JUN-1,500|70
CTTCTAACAATTTCGG-1,1,ELOF1-1,97
GACTTCCCAATCGCAT-1,2,ELOF1-1|PAIP2-2,760|86
GAGACTTTCCTCACCA-1,2,ELOF1-1|PAIP2-1,78|48
GAGAGGTAGGAACGAA-1,2,ELOF1-1|SET-1,766|1921
GAGATGGGTAGACAAT-1,1,ELOF1-1,2047
GAGCCTGCACTTGAAC-1,1,ELOF1-1,535
GAGTGTTTCATTCATC-1,2,ELOF1-1|SMARCD1-1,1288|53
GATGAGGGTTCGTACA-1,1,ELOF1-1,1115
GCATCTCTCTACTGAG-1,2,ELOF1-1|KDM1A-1,702|200
GCCGATGGTTCTAACG-1,1,ELOF1-1,1356
GCCGTGAAGCTTTGTG-1,1,ELOF1-1,356
GCTGAATAGTCGAAGC-1,1,ELOF1-1,1032
GGATGTTAGGCCATAG-1,1,ELOF1-1,1221
GTAACCAGTAATCAGA-1,1,ELOF1-1,56
GTAATGCGTTCTCTCG-1,1,ELOF1-1,240
GTCATGAAGTCTCCTC-1,2,ELOF1-1|GSK3A-1,368|36
GTCATTTGTACCCGCA-1,2,ELOF1-1|Non-Targeting-7,591|220
GTCGTAAGTCATCGGC-1,3,ELOF1-1|Non-Targeting-8|TMPRSS2-2,555|134|78
GTCTGTCAGGAAGAAC-1,1,ELOF1-1,750
GTTAGTGTCCTGGGTG-1,2,ELOF1-1|Non-Targeting-7,227|98
GTTATGGGTGACACAG-1,2,ELOF1-1|MBNL1-1,907|430
GTTCTATCACATATGC-1,2,ELOF1-1|PPIB-2,146|22
GTTGTCCAGTACTGGG-1,1,ELOF1-1,59
TACCCGTCAAGTTCCA-1,1,ELOF1-1,956
TAGACCACAAGGTCAG-1,1,ELOF1-1,1942
TATATCCAGGATTTCC-1,2,ELOF1-1|PAIP2-2,1789|575
TATATCCTCTCCACTG-1,1,ELOF1-1,957
TATTGGGTCAGCACCG-1,1,ELOF1-1,918
TCAGTTTGTTGTGCCG-1,1,ELOF1-1,29
TCATCATCAAGTTTGC-1,1,ELOF1-1,869
TCATGTTAGAGCGACT-1,2,ELOF1-1|MBNL1-1,1974|991
TCATTACTCTCATTTG-1,1,ELOF1-1,209
TCCATGCGTTTCCAAG-1,1,ELOF1-1,956
TCCTCCCGTTTCCATT-1,1,ELOF1-1,900
TCGGGACAGCCTCACG-1,3,ELOF1-1|LMNA-2|Non-Targeting-8,711|80|140
TCTACCGAGTTGCTCA-1,2,ELOF1-1|Non-Targeting-5,187|59
TCTATACTCGCATTAG-1,1,ELOF1-1,682
TCTCCGAGTACTAAGA-1,1,ELOF1-1,312
TCTGGCTTCAGCGCGT-1,2,ELOF1-1|Non-Targeting-7,683|234
TCTTAGTGTATGTCTG-1,1,ELOF1-1,843
TGAATCGAGCATATGA-1,1,ELOF1-1,1617
TGACCCTCACGACAGA-1,1,ELOF1-1,1667
TGAGCGCGTGCAACAG-1,4,ELOF1-1|H2AFY-2|HRAS-2|MORF4L1-1,381|110|89|125
TGATCAGAGTAATTGG-1,1,ELOF1-1,907
TGTAAGCTCAATCCAG-1,2,ELOF1-1|SRPK1-1,1715|3
TGTCAGAAGAACAGGA-1,1,ELOF1-1,960
TGTCCTGTCTGCATAG-1,1,ELOF1-1,176
TGTGTGAAGTATGAAC-1,1,ELOF1-1,1219
TGTTCATTCTAGAACC-1,1,ELOF1-1,1052
TTAATCCGTGCAGGAT-1,1,ELOF1-1,452
TTAGGCAAGCGATCGA-1,1,ELOF1-1,1779
TTCAATCGTGCAACGA-1,1,ELOF1-1,774
TTTACCACATCCGTGG-1,1,ELOF1-1,808
TTTACGTAGTAGCCAG-1,4,ELOF1-1|Non-Targeting-5|PPP2CA-2|TMPRSS2-1,644|467|26|452
AACAACCAGGAAGAAC-1,1,ELOF1-2,212
AACAAGAGTTATGACC-1,2,ELOF1-2|MBNL1-1,120|146
AACGTCACACTACGGC-1,1,ELOF1-2,848
AAGACTCAGCTGCCAC-1,1,ELOF1-2,149
AAGTGAAAGTACAACA-1,1,ELOF1-2,488
AATCGTGTCAACACGT-1,1,ELOF1-2,442
ACAAGCTTCAAACTGC-1,1,ELOF1-2,385
ACACGCGAGAGTTGCG-1,2,ELOF1-2|SUZ12-2,68|80
ACCTACCTCTTTCGAT-1,2,ELOF1-2|GSK3A-2,112|200
ACCTGTCTCATGCCAA-1,1,ELOF1-2,402
ACTCCCAAGCTTAAGA-1,1,ELOF1-2,143
ACTGATGGTAATTGGA-1,1,ELOF1-2,292
AGACAAAGTGGGTTGA-1,2,ELOF1-2|KDM1A-1,202|570
AGCCAGCCAATGCAGG-1,1,ELOF1-2,139
AGCGTATAGCACTCCG-1,1,ELOF1-2,305
AGTAACCTCTATTTCG-1,3,ELOF1-2|EZH2-1|GSK3A-1,61|215|20
AGTACTGTCTGGGATT-1,2,ELOF1-2|MBNL1-2,319|109
AGTTAGCCAGGACGAT-1,1,ELOF1-2,213
ATCTCTAAGGCGTTGA-1,1,ELOF1-2,69
ATGGGTTCACTGTCGG-1,1,ELOF1-2,81
ATGTCCCTCGGTTCAA-1,2,ELOF1-2|SMARCD1-2,147|63
ATTACTCAGGAGGTTC-1,1,ELOF1-2,241
ATTCATCAGTAGCTCT-1,1,ELOF1-2,54
CAAGAGGGTTGTATGC-1,3,ELOF1-2|Non-Targeting-5|PPIB-2,333|193|291
CACATGACAAGCGCAA-1,1,ELOF1-2,123
CAGAGCCCACAACATC-1,1,ELOF1-2,250
CAGATTGCAAGCTACT-1,3,ELOF1-2|HDAC1-2|TRA2B-2,94|777|343
CAGCAATGTCGGTACC-1,2,ELOF1-2|SUZ12-2,133|133
CCAATTTCATAATGCC-1,5,ELOF1-2|GSK3A-1|JUN-1|PPIB-1|TMPRSS2-1,67|326|23|73|196
CCCGAAGCATTCATCT-1,1,ELOF1-2,135
CCGGTGAGTCAACACT-1,1,ELOF1-2,42
CGAGGAATCATGGGAG-1,1,ELOF1-2,393
CGGGACTTCTATACGG-1,1,ELOF1-2,150
CGTTGGGCATGTGGCC-1,1,ELOF1-2,152
CTACATTTCAGCAATC-1,1,ELOF1-2,296
CTCAATTTCCCTAGGG-1,1,ELOF1-2,31
CTGATCCAGAGTCACG-1,1,ELOF1-2,267
CTGTATTGTACAGAGC-1,2,ELOF1-2|HDAC1-2,273|915
CTGTGGGCAACCCTCT-1,1,ELOF1-2,65
CTTCAATTCTCATGCC-1,2,ELOF1-2|SMARCD1-1,49|8
CTTCTAAGTGCCTTCT-1,1,ELOF1-2,85
GAAACCTTCTTGAACG-1,1,ELOF1-2,325
GATAGAAGTCACTCAA-1,1,ELOF1-2,548
GCATTAGCAGCAGTCC-1,1,ELOF1-2,125
GCCAGTGCAGCGTACC-1,4,ELOF1-2|H2AFY-2|RAB1A-3|SRPK1-2,100|173|29|29
GCTTCACGTCGTCAGC-1,1,ELOF1-2,46
GGATCTATCTAGTCAG-1,1,ELOF1-2,176
GGGACCTGTACTCCCT-1,1,ELOF1-2,229
GGGTTATCAATGCAGG-1,1,ELOF1-2,275
GGTGAAGCACTACGGC-1,1,ELOF1-2,287
GTACAGTTCGCCTTGT-1,1,ELOF1-2,154
GTAGAGGTCTGAACGT-1,1,ELOF1-2,275
GTAGGTTGTGGGACAT-1,1,ELOF1-2,291
GTCATGAAGCGAGTCA-1,1,ELOF1-2,266
GTTGCGGAGTCAACAA-1,1,ELOF1-2,497
GTTTGGATCAGAGCGA-1,1,ELOF1-2,101
TAACTTCCAGGACGAT-1,1,ELOF1-2,109
TAAGCACCAACATACC-1,1,ELOF1-2,77
TAGACCACAATCGAAA-1,2,ELOF1-2|SET-1,153|1650
TAGATCGGTGATGAAT-1,2,ELOF1-2|HDAC1-1,69|5
TATTGCTGTAGCACAG-1,1,ELOF1-2,222
TCAAGTGAGTAGAATC-1,3,ELOF1-2|RBM25-2|SUZ12-2,60|34|139
TCACACCTCAGTCAGT-1,2,ELOF1-2|SMARCD1-1,321|90
TCACTATCAGTTAGAA-1,2,ELOF1-2|GSK3A-2,68|115
TCAGGTAGTACAAGTA-1,1,ELOF1-2,165
TCAGGTATCAGCGCAC-1,1,ELOF1-2,496
TCCATCGGTAATTGGA-1,2,ELOF1-2|H2AFY-1,123|1211
TCCATGCTCACTCTTA-1,1,ELOF1-2,385
TCCCACAGTGTCATTG-1,1,ELOF1-2,169
TCCTAATGTCTTAGTG-1,2,ELOF1-2|PPIB-1,40|104
TCCTCCCCAAGGTCTT-1,2,ELOF1-2|SET-1,311|1477
TCCTTCTTCTCGGTCT-1,1,ELOF1-2,90
TCTACATCATCGTGGC-1,1,ELOF1-2,28
TCTTAGTCAAGAAATC-1,1,ELOF1-2,329
TGCAGGCGTAGCTAAA-1,2,ELOF1-2|GSK3A-2,223|714
TGCATGAAGTCGAATA-1,1,ELOF1-2,185
TGCGGCACATTCACCC-1,1,ELOF1-2,198
TGCGGGTGTCATACCA-1,1,ELOF1-2,298
TGGAACTAGCAGTAAT-1,1,ELOF1-2,835
TGGGAAGGTAGAATGT-1,1,ELOF1-2,58
TGTTCATCATGACGAG-1,1,ELOF1-2,120
TGTTTGTCAATGGCAG-1,1,ELOF1-2,98
TTACCGCTCTTGGTGA-1,2,ELOF1-2|TRA2B-1,335|128
TTAGGCAGTTAGAGAT-1,1,ELOF1-2,454
TTCACGCTCAAGTTGC-1,3,ELOF1-2|EZH2-1|GSK3A-1,56|122|17
TTCTTCCAGGTACAAT-1,2,ELOF1-2|Non-Targeting-8,161|268
TTGACCCTCGCATTAG-1,1,ELOF1-2,489
TTTAGTCCAATACGCT-1,1,ELOF1-2,329
TTTGGTTGTCGCAGTC-1,1,ELOF1-2,75
AAAGGATCAAGCTACT-1,1,EZH2-1,252
AAAGTGACAGGAATAT-1,1,EZH2-1,340
AACAAGATCGCCTATC-1,1,EZH2-1,465
AAGAACACAGTCAGAG-1,1,EZH2-1,305
AAGTTCGCAGAGGAAA-1,1,EZH2-1,202
AAGTTCGGTCACTTCC-1,3,EZH2-1|Non-Targeting-8|SUZ12-1,392|342|192
AATGCCATCAAGTAAG-1,1,EZH2-1,922
ACAAAGATCATAGAGA-1,3,EZH2-1|GRB2-2|HDAC1-1,1344|841|26
ACAAGCTAGAGGCGGA-1,3,EZH2-1|HDAC1-1|HDAC1-2,554|17|1173
ACCCAAATCTCCAAGA-1,2,EZH2-1|SMARCD1-1,642|12
ACCCTCATCAAGCTGT-1,1,EZH2-1,482
ACGGTTATCTGTCGCT-1,1,EZH2-1,357
ACTCTCGTCTTCCCAG-1,1,EZH2-1,333
ACTTCGCCAGAGGACT-1,1,EZH2-1,861
AGAGAGCTCATGCGGC-1,1,EZH2-1,832
AGATCCACAACCAGAG-1,1,EZH2-1,280
AGCGCTGGTCTTAGTG-1,1,EZH2-1,107
AGGCTGCGTATACCCA-1,2,EZH2-1|Non-Targeting-5,301|75
AGGCTGCTCTCTGGTC-1,1,EZH2-1,142
AGGTCTAGTCAATGGG-1,1,EZH2-1,124
AGTCTCCGTCCAAATC-1,2,EZH2-1|KDM1A-1,661|565
ATCTCTAGTTCGAAGG-1,2,EZH2-1|LMNA-2,1524|1306
ATGACCAGTCCGATCG-1,2,EZH2-1|JUN-2,111|373
ATGCCTCCACGTAGTT-1,1,EZH2-1,368
CAACGGCTCGGTGCAC-1,1,EZH2-1,1215
CAAGAGGTCCGTCCTA-1,1,EZH2-1,538
CAAGCTACAACTCCCT-1,1,EZH2-1,29
CACTGTCCAATACCCA-1,1,EZH2-1,682
CATGCTCAGACGTCGA-1,1,EZH2-1,203
CATTCTACAGTCACGC-1,1,EZH2-1,124
CATTTCATCTCTAGGA-1,1,EZH2-1,129
CCACGTTCACATGGTT-1,1,EZH2-1,449
CCACTTGGTGTGTGTT-1,1,EZH2-1,283
CCATCACAGTCCCGAC-1,1,EZH2-1,846
CCCTTAGTCGATACGT-1,1,EZH2-1,215
CCTCAACCATCGGTTA-1,1,EZH2-1,1339
CCTTGTGAGAAGTCTA-1,2,EZH2-1|Non-Targeting-8,71|128
CGAGAAGCAGCGTTTA-1,1,EZH2-1,303
CGAGGAATCGGAAACG-1,1,EZH2-1,359
CTACCTGCATAGAATG-1,1,EZH2-1,400
CTACCTGTCACCATAG-1,1,EZH2-1,276
CTACTATCAGCTTTGA-1,1,EZH2-1,270
CTAGACAGTCACGCTG-1,1,EZH2-1,597
CTATAGGAGGACAAGA-1,3,EZH2-1|HDAC1-1|HDAC1-2,597|18|377
CTCCGATGTAGTATAG-1,3,EZH2-1|JUN-2|TRA2B-2,800|780|94
CTTCAATGTATGGTTC-1,1,EZH2-1,640
CTTCCGAGTTACTCAG-1,1,EZH2-1,534
GAACACTCACCTCTAC-1,1,EZH2-1,512
GAAGGGTTCCTCCACA-1,1,EZH2-1,574
GACTATGAGCTGTACT-1,1,EZH2-1,803
GCACGTGCACGGTGAA-1,1,EZH2-1,700
GCCAGCAGTTGGCTAT-1,1,EZH2-1,318
GCCAGGTGTGTGATGG-1,1,EZH2-1,185
GGAAGTGCAATTCGTG-1,2,EZH2-1|PAIP2-1,343|44
GGAAGTGGTACCGGCT-1,1,EZH2-1,1045
GGCACGTCAAGATGGC-1,1,EZH2-1,93
GGGTCACGTCCGGTGT-1,1,EZH2-1,599
GGTGTCGAGAACAGGA-1,2,EZH2-1|SET-1,52|49
GTACAGTGTGTCGCTG-1,1,EZH2-1,41
GTCATGATCAAGTAAG-1,2,EZH2-1|GSK3A-1,1285|742
GTCCACTTCCTCATAT-1,1,EZH2-1,543
GTCGAATAGGCCCGTT-1,1,EZH2-1,286
GTGAGCCTCTTTGCGC-1,1,EZH2-1,407
GTGAGGAGTAATGCTC-1,1,EZH2-1,797
GTGCGTGAGTCGCCAC-1,1,EZH2-1,1254
GTTGTAGTCATGGTAC-1,2,EZH2-1|Non-Targeting-8,501|434
TAACCAGAGACGGATC-1,1,EZH2-1,933
TAACGACGTTCCTAGA-1,1,EZH2-1,761
TAAGCGTGTTGTGGAG-1,2,EZH2-1|H2AFY-1,213|30
TAATCTCGTCGACTGC-1,1,EZH2-1,660
TACAGGTGTTGGTGTT-1,1,EZH2-1,1742
TACCCGTCAGAAGCGT-1,1,EZH2-1,394
TACCGAACACATAACC-1,1,EZH2-1,675
TAGACTGGTGTCCGTG-1,1,EZH2-1,344
TATCTGTTCCTCGCAT-1,1,EZH2-1,112
TATTGGGTCCTAGCGG-1,1,EZH2-1,763
TCAAGTGGTCCCTGAG-1,3,EZH2-1|RAB1A-2|SNRNP40-1,1188|628|827
TCAATCTCACGGCTAC-1,1,EZH2-1,653
TCACTATGTCGAGCTC-1,1,EZH2-1,31
TCAGCAAAGAGGTATT-1,1,EZH2-1,51
TCAGTGAAGTGGACGT-1,1,EZH2-1,367
TCATGCCTCCCTTTGG-1,1,EZH2-1,465
TCCGGGATCAAAGCCT-1,1,EZH2-1,330
TCGACCTAGGCCTTCG-1,2,EZH2-1|JUN-2,45|23
TCTACATGTGCTATTG-1,1,EZH2-1,524
TCTATCAAGGAGCAAA-1,1,EZH2-1,776
TCTTAGTTCTGGGTCG-1,2,EZH2-1|Non-Targeting-5,334|100
TGATTCTCACTGTCCT-1,1,EZH2-1,312
TGCAGGCAGGTGAGAA-1,1,EZH2-1,237
TGCTTCGTCTTAATCC-1,1,EZH2-1,808
TGTGAGTCACGACCTG-1,2,EZH2-1|Non-Targeting-7,1047|914
AACGAAAGTGCGAACA-1,1,EZH2-2,995
AACGGGAAGGGATCAC-1,1,EZH2-2,326
AAGACTCGTAGCGCCT-1,1,EZH2-2,404
AAGACTCTCGGTCTAA-1,1,EZH2-2,316
AAGTACCAGATGATTG-1,1,EZH2-2,279
ACACAGTAGGCGTCCT-1,2,EZH2-2|Non-Targeting-5,578|41
ACCAACAAGTCCTGCG-1,1,EZH2-2,448
ACCTGTCTCCAGTTCC-1,1,EZH2-2,1195
ACGGGTCGTGTTGATC-1,1,EZH2-2,156
ACGTAGTTCTCCGCAT-1,1,EZH2-2,363
ACGTCCTGTATCAAGA-1,1,EZH2-2,195
AGCCAGCTCCCGTGAG-1,2,EZH2-2|PPIB-1,718|238
AGTCAACGTATAGCTC-1,1,EZH2-2,392
ATCACTTTCTGAACGT-1,1,EZH2-2,863
ATTCACTCAATAGTGA-1,1,EZH2-2,215
ATTGGGTAGGTCATCT-1,1,EZH2-2,258
ATTTACCGTTGCATCA-1,1,EZH2-2,136
CAACAACCAGAGGCAT-1,2,EZH2-2|GRB2-1,954|468
CAACGGCAGCACGATG-1,1,EZH2-2,225
CACTGGGAGGTGGCTA-1,1,EZH2-2,625
CACTGTCGTAGCTGAG-1,1,EZH2-2,814
CAGCACGAGGTTATAG-1,1,EZH2-2,879
CAGGTATAGCAGATAT-1,1,EZH2-2,253
CATGCGGCAGACCAAG-1,1,EZH2-2,1220
CATGGTAAGAGCTGAC-1,1,EZH2-2,691
CATTCATAGGTAGTAT-1,1,EZH2-2,279
CTACAGACAGAAGTGC-1,1,EZH2-2,431
CTACCTGTCCATTGTT-1,2,EZH2-2|TMPRSS2-2,455|38
CTCCAACTCCTTCTGG-1,1,EZH2-2,576
CTCGAGGGTTGCATCA-1,1,EZH2-2,93
CTCTCAGAGTTGCATC-1,1,EZH2-2,329
CTGAGGCAGAAATTGC-1,1,EZH2-2,115
GAACACTGTCAACACT-1,2,EZH2-2|SNRNP40-1,212|146
GAGACCCAGCGACTAG-1,1,EZH2-2,27
GAGGCCTAGACAGCGT-1,1,EZH2-2,418
GCCAGGTGTGTCCGGT-1,2,EZH2-2|Non-Targeting-5,631|389
GCCATGGGTTGCCTAA-1,2,EZH2-2|PPIB-1,915|207
GCTTGGGAGGAGATAG-1,3,EZH2-2|H2AFY-1|PPIB-2,117|693|23
GGAATGGGTGATTCAC-1,1,EZH2-2,50
GTTCCGTTCTTGATTC-1,2,EZH2-2|SNRNP40-1,83|38
TACCTGCTCTCCTACG-1,1,EZH2-2,374
TCAAGACGTCTAGGCC-1,3,EZH2-2|Non-Targeting-8|UBXN1-2,1081|635|387
TCAATTCAGGTTTACC-1,1,EZH2-2,547
TCACTATAGGGTGGGA-1,1,EZH2-2,266
TCACTCGCAATCGTCA-1,3,EZH2-2|MORF4L1-1|UBXN1-2,373|90|208
TCAGGTAGTAGCTTAC-1,1,EZH2-2,560
TCGGGCAAGCAAGGAA-1,1,EZH2-2,981
TGAGCGCCATGATCTG-1,1,EZH2-2,1268
TGCGACGCAACTTCTT-1,2,EZH2-2|Non-Targeting-5,677|156
TGCTCCAAGTGTACCT-1,1,EZH2-2,517
TGTTCCGCAAATAGCA-1,2,EZH2-2|Non-Targeting-5,131|516
TGTTCCGCAGCGGTTC-1,2,EZH2-2|GSK3A-1,40|1012
TGTTCTACACTGGATT-1,1,EZH2-2,528
TTCCTAAGTGCCGTTG-1,1,EZH2-2,200
TTCGATTCAGACAAAT-1,1,EZH2-2,364
TTGTGGATCCTATGGA-1,1,EZH2-2,213
TTGTTTGAGCAGGCTA-1,2,EZH2-2|GSK3A-1,389|83
TTTCCTCAGGATCACG-1,2,EZH2-2|PPIB-1,125|419
ACGGTCGCACTCACTC-1,1,EZR-1,46
ACGTACACACTAAACC-1,1,EZR-1,13
ACTTCGCGTAGCACGA-1,2,EZR-1|Non-Targeting-5,277|243
ACTTCGCGTGAACTAA-1,1,EZR-1,34
AGGGCTCGTATCGCTA-1,1,EZR-1,33
AGGTCATAGTCGGCCT-1,1,EZR-1,343
AGTGTTGAGTCGAAGC-1,2,EZR-1|UBE2N-2,690|371
AGTTAGCCACGTACAT-1,1,EZR-1,225
ATCGTCCGTAGGAGTC-1,2,EZR-1|SMARCD1-1,213|51
ATGATCGGTCATAAAG-1,2,EZR-1|JUN-1,653|921
ATGGATCAGATGGCGT-1,1,EZR-1,442
ATTCACTCACGACAGA-1,2,EZR-1|GRB2-1,19|208
ATTCCTACATAGGAGC-1,2,EZR-1|HRAS-2,40|60
CACTAAGAGGCCTAAG-1,1,EZR-1,18
CAGCAGCCACGCGCAT-1,2,EZR-1|Non-Targeting-8,257|22
CATGCGGGTCGAACAG-1,1,EZR-1,213
CCTGTTGAGTAGACAT-1,1,EZR-1,297
CGCCATTAGGTTGGTG-1,1,EZR-1,108
CGGAACCGTAGGACTG-1,1,EZR-1,334
CGTAGTATCATGGGAG-1,2,EZR-1|GSK3A-1,222|330
CTATAGGAGGGCAGTT-1,2,EZR-1|SMARCD1-2,60|32
CTATCCGTCAGTGATC-1,1,EZR-1,116
CTCAAGATCTCCTGCA-1,1,EZR-1,557
CTCACTGTCTGAGAAA-1,1,EZR-1,43
CTCTCAGAGGAACTAT-1,1,EZR-1,264
GACAGCCTCATTCACT-1,1,EZR-1,295
GATCGTATCAGTCCGG-1,1,EZR-1,951
GCAACATAGAAAGCGA-1,2,EZR-1|SRPK1-2,45|144
GCATCGGTCCGTTTCG-1,1,EZR-1,161
GCTTGGGGTTGCTAGT-1,2,EZR-1|SMARCD1-1,74|24
GGCGTCAGTGGTATGG-1,1,EZR-1,784
GGGCGTTGTCTGTGGC-1,1,EZR-1,44
GGTAACTAGCACTCTA-1,1,EZR-1,668
GTGATGTGTAAGGCCA-1,1,EZR-1,108
GTGGAAGGTGACAGCA-1,2,EZR-1|HDAC1-1,182|10
GTGTGATCAAGGAGTC-1,1,EZR-1,112
GTTGTAGAGGGACCAT-1,3,EZR-1|SRPK1-2|SUZ12-2,311|24|24
TAAGCACGTATGTCAC-1,1,EZR-1,474
TAAGCGTTCGAAGCAG-1,1,EZR-1,47
TAGCACAGTCCTTAAG-1,1,EZR-1,212
TATCCTACAGGATGAC-1,2,EZR-1|RBBP4-1,47|19
TATTTCGAGACTTGTC-1,1,EZR-1,308
TCAATTCTCTGGGATT-1,1,EZR-1,183
TCACACCGTGAATGAT-1,1,EZR-1,71
TCACGGGAGAGATGCC-1,1,EZR-1,427
TCTAACTGTTCTTGTT-1,1,EZR-1,69
TCTTAGTGTCGTTCAA-1,4,EZR-1|KDM1A-1|KDM1A-2|Non-Targeting-7,12|107|171|51
TGGGAAGTCATGAGGG-1,1,EZR-1,19
TGGTGATTCCCATTTA-1,1,EZR-1,746
TGTCCACAGCCTCTCT-1,1,EZR-1,394
TGTGGCGTCCTAAGTG-1,1,EZR-1,124
TTACCGCCACACGTGC-1,1,EZR-1,74
TTCAGGACAGAGCGTA-1,1,EZR-1,20
AACTTCTTCACTCCGT-1,1,EZR-2,224
ACCTACCGTTGCGGCT-1,1,EZR-2,382
ACGTACAAGCAGAAAG-1,2,EZR-2|TRA2B-2,301|226
ACGTAGTAGTCATGCT-1,1,EZR-2,529
ACTACGATCGGCGATC-1,2,EZR-2|TMPRSS2-1,241|205
ACTGTCCCATTGACCA-1,2,EZR-2|GRB2-1,374|354
AGATCGTGTGGGAGAG-1,1,EZR-2,1067
AGGCCACAGAAGCGCT-1,1,EZR-2,224
AGTGCCGCACTTCCTG-1,2,EZR-2|UBE2N-2,186|10
ATTCCTACAAAGACTA-1,1,EZR-2,274
CACGTGGAGAAGAACG-1,2,EZR-2|RBBP4-2,604|58
CACTTCGCAAATACGA-1,1,EZR-2,1272
CAGCAGCAGGGCTAAC-1,2,EZR-2|PPIB-1,146|141
CATTGTTTCCCTTGTG-1,1,EZR-2,165
CCACGAGTCCCGTGAG-1,1,EZR-2,28
CCCTGATTCACTCTTA-1,1,EZR-2,343
CCTTTGGTCAAGTGGG-1,1,EZR-2,1283
CGAAGGATCCATAGAC-1,1,EZR-2,194
CTCAACCCAAAGGATT-1,1,EZR-2,219
CTCAATTGTTGTGTAC-1,2,EZR-2|SRPK1-1,30|3
CTCATTAGTAGCTGTT-1,1,EZR-2,608
CTGCCATAGTAGAATC-1,1,EZR-2,1213
CTGTAGATCGAGCACC-1,1,EZR-2,821
CTTCCGACAATGGGTG-1,1,EZR-2,166
GAAGCCCTCTACCAGA-1,1,EZR-2,1930
GACCAATCATTGCCGG-1,1,EZR-2,359
GAGACCCTCAAAGCCT-1,1,EZR-2,386
GAGTCATCACCATAAC-1,1,EZR-2,414
GCAACCGGTAGTGATA-1,1,EZR-2,129
GCGATCGCACGGTGAA-1,1,EZR-2,264
GCGTGCAGTAACGCGA-1,2,EZR-2|SNRNP40-1,1099|728
GGTGATTTCTACTCAT-1,1,EZR-2,31
GGTGTTAGTTACGTAC-1,1,EZR-2,408
GTGAGCCGTTCTTCAT-1,1,EZR-2,94
GTTGTAGCAGGGAATC-1,3,EZR-2|JUN-1|UBE2N-2,829|51|23
TAACACGGTCATGACT-1,1,EZR-2,536
TAACCAGCAGACCAGA-1,3,EZR-2|PPIB-2|TMPRSS2-2,123|49|45
TACAGGTCAAAGGATT-1,1,EZR-2,76
TACTTACGTCGTGGAA-1,3,EZR-2|GSK3A-1|SRRT-1,25|286|33
TAGAGTCTCTCGTGAA-1,1,EZR-2,83
TCATATCGTGCATGTT-1,1,EZR-2,508
TCATGAGGTTTGAACC-1,1,EZR-2,665
TGCGACGCAAGGAGTC-1,1,EZR-2,1172
TGCGATAAGAGAGGGC-1,1,EZR-2,567
TGCGGCACAGCTACAT-1,4,EZR-2|GRB2-1|Non-Targeting-5|SNRNP40-1,448|394|228|22
TGGATCACAATGCAAA-1,2,EZR-2|PAIP2-2,117|103
TGGGATTTCATATGGC-1,2,EZR-2|RBBP4-1,1009|65
TGGTACACAGACAAAT-1,2,EZR-2|UBE2N-2,856|250
TGTCCTGGTTGGGTAG-1,3,EZR-2|GRB2-2|TMPRSS2-2,44|730|112
TTGAGTGAGTCGGGAT-1,3,EZR-2|KDM1A-1|MBNL1-2,777|565|199
TTGTGGACATCATGAC-1,4,EZR-2|RAB1A-2|TRA2B-1|UBE2N-2,325|50|125|44
TTTGTTGTCGTCCATC-1,2,EZR-2|PAIP2-2,149|97
AAAGAACCACAAACGG-1,2,GRB2-1|SNRNP40-1,142|840
AACCAACTCGATGCAT-1,1,GRB2-1,150
AAGTCGTTCGTGTGGC-1,2,GRB2-1|GSK3A-2,249|216
AATCGACAGTCTGTAC-1,4,GRB2-1|SMARCD1-1|SRPK1-1|SUZ12-2,25|15|5|141
ACACCAATCGTCCTTG-1,1,GRB2-1,23
ACCAAACCACGAGGTA-1,2,GRB2-1|SNRNP40-1,205|340
ACGATCACATAGAAAC-1,1,GRB2-1,353
ACTCTCGTCATACAGC-1,1,GRB2-1,16
ACTGTGAGTGTTCGTA-1,1,GRB2-1,300
ACTTTCAGTTCCGTTC-1,1,GRB2-1,224
AGACCATCATCATTTC-1,1,GRB2-1,109
AGGGTTTTCATGCAGT-1,1,GRB2-1,72
AGGTAGGGTTGTGGAG-1,1,GRB2-1,481
ATTCGTTTCGGCTGGT-1,2,GRB2-1|Non-Targeting-7,200|510
ATTGTTCGTTAGTTCG-1,1,GRB2-1,70
CACGAATCAAGTTCCA-1,1,GRB2-1,436
CAGAGCCGTACCCGAC-1,1,GRB2-1,155
CATGCGGAGCTGACCC-1,1,GRB2-1,119
CATGGATCAATTTCTC-1,1,GRB2-1,81
CCCTGATGTGTTTACG-1,4,GRB2-1|GRB2-2|H2AFY-2|TMPRSS2-2,23|60|22|9
CCCTTAGAGCATGCAG-1,2,GRB2-1|PPIB-2,272|183
CCTCAACGTACCTAAC-1,2,GRB2-1|PPIB-2,56|45
CGATGGCCACGGCTAC-1,1,GRB2-1,816
CGTCCATTCGGCTGTG-1,1,GRB2-1,62
CTGCGAGTCAGGTGTT-1,1,GRB2-1,400
GACCCTTGTTTGGCTA-1,1,GRB2-1,319
GAGGCAATCTTTGCTA-1,1,GRB2-1,341
GATGTTGGTTGTTTGG-1,1,GRB2-1,187
GCACGGTTCTGGTGCG-1,1,GRB2-1,368
GCCTGTTGTACTCGAT-1,1,GRB2-1,310
GGGCGTTGTACCGTGC-1,2,GRB2-1|SNRNP40-1,157|255
GGGCTCATCCTCAGGG-1,1,GRB2-1,43
GGTAGAGGTCGCGTTG-1,1,GRB2-1,212
GGTGTCGAGCATCAGG-1,2,GRB2-1|H2AFY-1,48|217
GTAATCGGTAACTTCG-1,1,GRB2-1,537
GTACAACAGACCGCCT-1,1,GRB2-1,122
GTCAGCGCAGGAATAT-1,3,GRB2-1|SMARCD1-1|SNRNP40-1,94|31|71
GTCGTTCCAGGACGAT-1,1,GRB2-1,369
GTTACCCGTTAAGACA-1,1,GRB2-1,276
GTTAGACAGGAGGTTC-1,1,GRB2-1,678
TACTGCCAGCAGCAGT-1,1,GRB2-1,320
TCACAAGTCCGGACTG-1,1,GRB2-1,159
TCACTCGAGACCATAA-1,1,GRB2-1,526
TCCCAGTTCCATCTGC-1,1,GRB2-1,485
TCCGGGACAAGACAAT-1,1,GRB2-1,964
TCCTCGACAACACAGG-1,1,GRB2-1,119
TCGACGGCAAGAGGCT-1,1,GRB2-1,273
TCGGATAAGATTAGAC-1,1,GRB2-1,163
TCTAACTGTCAGGTAG-1,2,GRB2-1|HDAC1-2,73|299
TGTAAGCAGGTCCTGC-1,1,GRB2-1,73
TTCCAATAGATCCTAC-1,2,GRB2-1|MBNL1-2,212|154
TTGAGTGGTGGGCTTC-1,1,GRB2-1,411
TTGATGGGTCTACGAT-1,1,GRB2-1,68
TTGTGGACATGCCGGT-1,1,GRB2-1,240
TTTGGTTCACTAGGCC-1,1,GRB2-1,119
AATGACCTCGTAACTG-1,1,GRB2-2,402
AATGGAACAAGAATAC-1,1,GRB2-2,252
ATCGCCTCACCAGGTC-1,1,GRB2-2,583
CACGTGGCACGAGGTA-1,1,GRB2-2,409
CACGTGGTCTCGTCGT-1,1,GRB2-2,372
CAGATTGAGCTTCTAG-1,1,GRB2-2,110
CCGGTAGCAGCGCGTT-1,1,GRB2-2,241
CCTTGTGTCAAGTGTC-1,1,GRB2-2,436
CTAGACATCAGGACGA-1,2,GRB2-2|SNRNP40-1,19|43
CTGCCATCAGGGATAC-1,1,GRB2-2,350
GAAGTAAAGGTCATTC-1,2,GRB2-2|SNRNP40-1,163|352
GACGCTGCACTCCGGA-1,1,GRB2-2,633
GAGTTGTAGCATTGTC-1,1,GRB2-2,30
GATGCTAGTACTCCCT-1,2,GRB2-2|PPP2CA-2,423|308
GCCGATGGTCGTGGAA-1,1,GRB2-2,922
GGGATGACAGCACACC-1,1,GRB2-2,317
GGTAACTAGAGATTCA-1,1,GRB2-2,129
GGTTAACCAGACTCTA-1,1,GRB2-2,621
GTCGTTCGTCACTACA-1,1,GRB2-2,470
TCAATCTAGATGAATC-1,2,GRB2-2|PAIP2-2,178|402
TCTCACGGTCTAGTGT-1,1,GRB2-2,179
TGAGCGCGTACTGGGA-1,2,GRB2-2|RBM25-2,27|11
TGATGCATCAGTCACA-1,1,GRB2-2,807
TGTGATGTCAGTCACA-1,2,GRB2-2|JUN-2,474|37
TTACAGGGTCTCTCTG-1,1,GRB2-2,290
TTACGCCGTATCGTTG-1,1,GRB2-2,117
TTCCGGTTCTCGCGTT-1,1,GRB2-2,100
TTCCTAAGTTACCTGA-1,1,GRB2-2,19
TTGATGGCAGAAGTGC-1,1,GRB2-2,157
TTGGGATGTGTTCAGT-1,1,GRB2-2,388
TTTGACTGTTGTGCCG-1,1,GRB2-2,172
AAACCCAAGCTGTCCG-1,2,GSK3A-1|TPR-1,382|191
AACAAGACACTGCATA-1,1,GSK3A-1,669
AACAGGGAGCGTATGG-1,2,GSK3A-1|JUN-2,231|911
AACCACAAGCTCACTA-1,1,GSK3A-1,86
AACGTCAAGTAAGGGA-1,1,GSK3A-1,125
AAGACTCAGATAACGT-1,1,GSK3A-1,116
ACAAGCTAGTTGGACG-1,2,GSK3A-1|Non-Targeting-8,686|433
ACACAGTAGGTAAGAG-1,1,GSK3A-1,780
ACACTGATCGTCAGAT-1,1,GSK3A-1,425
ACGATGTGTCGTGGTC-1,1,GSK3A-1,29
ACTCTCGGTTTGATCG-1,1,GSK3A-1,47
AGAACCTGTTGTGTTG-1,1,GSK3A-1,168
AGCATCAAGATTGCGG-1,1,GSK3A-1,26
AGCTTCCTCTTAGTTC-1,1,GSK3A-1,152
AGGCTGCGTGGACTGA-1,1,GSK3A-1,151
AGGCTGCTCAGACTGT-1,1,GSK3A-1,560
AGGGTGAAGAATCCCT-1,3,GSK3A-1|HDAC1-2|Non-Targeting-8,64|298|208
AGGTCTAGTCTTCGAA-1,1,GSK3A-1,458
AGTAACCAGACAACAT-1,1,GSK3A-1,401
AGTAGTCGTGTATACC-1,1,GSK3A-1,122
AGTGACTTCATGCGGC-1,1,GSK3A-1,325
ATATCCTAGCAGCACA-1,1,GSK3A-1,313
ATCACGACAAAGTATG-1,1,GSK3A-1,119
ATCATTCTCAAGTCTG-1,1,GSK3A-1,629
ATCCACCGTGACCGTC-1,2,GSK3A-1|HRAS-2,229|215
ATCGTCCCATGTGGCC-1,1,GSK3A-1,686
ATCGTGACACCTGCTT-1,1,GSK3A-1,349
ATGAAAGTCCGAGATT-1,1,GSK3A-1,259
ATGAGTCGTAGGTAGC-1,1,GSK3A-1,191
ATGGGAGAGAGTGTTA-1,2,GSK3A-1|GSK3A-2,700|405
CACAGGCGTATACAGA-1,2,GSK3A-1|JUN-2,711|454
CACCGTTAGCTGGAGT-1,1,GSK3A-1,125
CACGTTCCATGCCGCA-1,1,GSK3A-1,497
CAGAGCCAGGTGATCG-1,1,GSK3A-1,943
CAGATTGTCCAGTACA-1,1,GSK3A-1,65
CATACCCGTTACCCAA-1,1,GSK3A-1,323
CCACAAACAGGCCCTA-1,1,GSK3A-1,429
CCACTTGGTATCCTTT-1,1,GSK3A-1,473
CCCTCAATCCTGGGAC-1,1,GSK3A-1,336
CGTCAAAGTTCAAACC-1,1,GSK3A-1,407
CTAAGTGTCATCGTAG-1,2,GSK3A-1|PPIB-2,501|100
CTACCCAGTCGTACTA-1,1,GSK3A-1,955
CTCCAACGTACTGAGG-1,1,GSK3A-1,642
CTCCGATTCATGAGAA-1,2,GSK3A-1|Non-Targeting-8,330|622
CTGTGGGTCCAGTGCG-1,1,GSK3A-1,624
CTTGAGACATTGGATC-1,1,GSK3A-1,183
GAACTGTTCCTTATAC-1,2,GSK3A-1|UBXN1-1,718|298
GAAGCCCCAAGCGCAA-1,1,GSK3A-1,171
GAAGGACTCCGATAGT-1,1,GSK3A-1,215
GACCCTTCACCAACAT-1,1,GSK3A-1,664
GACTTCCAGAGTCAAT-1,2,GSK3A-1|PPP2CA-2,986|316
GAGAAATGTAGGCTCC-1,1,GSK3A-1,25
GAGATGGTCCAAGGGA-1,1,GSK3A-1,374
GATAGAACAAAGGCTG-1,1,GSK3A-1,668
GATGATCCACTCCCTA-1,2,GSK3A-1|H2AFY-2,218|148
GCACGGTTCGCGCCAA-1,1,GSK3A-1,92
GCAGGCTCACGTTGGC-1,1,GSK3A-1,537
GCAGGCTTCCACTGGG-1,1,GSK3A-1,573
GCGTGCAAGATCCGAG-1,2,GSK3A-1|PPIB-2,323|240
GGAGCAATCCCAAGCG-1,1,GSK3A-1,465
GGGACTCCACTCTGCT-1,1,GSK3A-1,336
GGGAGTAGTAGTCGGA-1,1,GSK3A-1,867
GGGCCATGTAACTGCT-1,2,GSK3A-1|JUN-2,186|126
GGGTAGACAGCTTCCT-1,1,GSK3A-1,170
GGTGATTTCGATAACC-1,1,GSK3A-1,211
GGTTCTCTCGATACTG-1,2,GSK3A-1|JUN-2,154|118
GGTTCTCTCTTCTAAC-1,2,GSK3A-1|SMARCD1-1,476|21
GTAACCAAGATGTTAG-1,1,GSK3A-1,557
GTAATCGAGCGTCAGA-1,1,GSK3A-1,697
GTAGGTTGTTGCTCCT-1,2,GSK3A-1|MBNL1-1,91|118
GTCGAATTCGCTTGAA-1,2,GSK3A-1|PAIP2-1,405|946
GTTACGAGTCATCACA-1,1,GSK3A-1,1081
GTTCATTTCATCGTAG-1,2,GSK3A-1|TMPRSS2-1,39|68
GTTGCGGTCTTGAGCA-1,2,GSK3A-1|TPR-1,140|39
TAAGCGTCACAGCCAC-1,1,GSK3A-1,1051
TACATTCTCGCTACAA-1,5,GSK3A-1|H2AFY-2|Non-Targeting-5|Non-Targeting-8|RBM25-2,117|213|304|236|6
TAGATCGAGTTGGGAC-1,2,GSK3A-1|RAB1A-2,18|345
TATTGGGCAGATACCT-1,1,GSK3A-1,56
TATTTCGCAGAGTCTT-1,1,GSK3A-1,133
TCACATTGTGACTCGC-1,1,GSK3A-1,713
TCACTCGTCCAATGCA-1,3,GSK3A-1|PAIP2-1|SNRNP40-1,295|1088|266
TCAGGGCAGGCACTCC-1,1,GSK3A-1,117
TCCCATGAGTTTGGCT-1,1,GSK3A-1,392
TCCTTTCTCACCTGGG-1,1,GSK3A-1,298
TCGGGCAGTCGTAATC-1,1,GSK3A-1,109
TCTATACTCACGAACT-1,1,GSK3A-1,1448
TCTCACGAGGTAAGTT-1,2,GSK3A-1|TMPRSS2-1,30|60
TCTCAGCTCTGGACTA-1,1,GSK3A-1,83
TGATCTTCACTTGGCG-1,1,GSK3A-1,437
TGCCGAGGTCAGCTTA-1,1,GSK3A-1,366
TGCGACGTCTCGCGTT-1,1,GSK3A-1,937
TGCGATAGTTTGAAAG-1,1,GSK3A-1,499
TGGATGTCAGAGTTGG-1,1,GSK3A-1,489
TGTTACTTCATTTACC-1,1,GSK3A-1,321
TTACCGCAGGATCACG-1,1,GSK3A-1,441
TTACGTTAGCGAACTG-1,2,GSK3A-1|UBE2N-1,472|649
TTAGTCTCAATACGAA-1,1,GSK3A-1,915
TTGTTGTTCGTACCTC-1,1,GSK3A-1,70
TTTCGATGTCGAACAG-1,1,GSK3A-1,178
AACTTCTCACCGTCTT-1,2,GSK3A-2|TMPRSS2-2,239|134
AATAGAGAGACTCAAA-1,2,GSK3A-2|Non-Targeting-8,34|304
AATCGTGAGTGTTCAC-1,1,GSK3A-2,25
ACACCAAAGGGAGGCA-1,2,GSK3A-2|UBXN1-2,279|441
ACACTGACATGTGCTA-1,2,GSK3A-2|PPIB-2,53|18
ACGGTTATCAGTGTGT-1,2,GSK3A-2|UBE2N-2,53|257
ACGTACATCGGCCCAA-1,1,GSK3A-2,19
ACGTTCCGTGGTTCTA-1,1,GSK3A-2,177
ACTGTGAGTAGGCAGT-1,1,GSK3A-2,355
ACTTAGGAGCCTCAAT-1,2,GSK3A-2|Non-Targeting-5,128|190
AGACCATGTATTGACC-1,1,GSK3A-2,461
AGGAATACAACTGCCG-1,1,GSK3A-2,19
AGGAATACATGTCAGT-1,1,GSK3A-2,329
AGGATCTGTTCCCAAA-1,1,GSK3A-2,229
AGTTCGATCCGCAAAT-1,1,GSK3A-2,47
ATAGAGACAAAGGCGT-1,1,GSK3A-2,17
ATCGGATCAATAGTAG-1,1,GSK3A-2,69
ATCTCTATCTTCGACC-1,1,GSK3A-2,13
ATGATCGTCATCTATC-1,2,GSK3A-2|Non-Targeting-8,40|345
ATGCATGGTTTACTGG-1,1,GSK3A-2,285
ATGGAGGAGACCTTTG-1,1,GSK3A-2,45
ATGTCCCGTAGTGCGA-1,1,GSK3A-2,80
ATTACCTAGCTAGTTC-1,1,GSK3A-2,481
ATTCTACAGGGCATGT-1,3,GSK3A-2|Non-Targeting-7|RBBP4-1,91|122|103
ATTTACCTCCTCTCTT-1,1,GSK3A-2,166
CAACCTCAGGGAGGTG-1,1,GSK3A-2,147
CAGTTCCTCTCAGGCG-1,1,GSK3A-2,309
CATACCCTCGGTTGTA-1,1,GSK3A-2,19
CCCATTGCAGTCTTCC-1,2,GSK3A-2|SMARCD1-2,122|66
CCTCAACCATGACCCG-1,1,GSK3A-2,46
CCTCATGTCGATTCCC-1,2,GSK3A-2|SUZ12-2,22|174
CCTTTGGGTATGGAAT-1,1,GSK3A-2,13
CGCATAATCCGACAGC-1,2,GSK3A-2|KDM1A-1,127|24
CGGCAGTTCAGACTGT-1,1,GSK3A-2,386
CGGTCAGCAATTGCAC-1,1,GSK3A-2,22
CGTGATAAGGCTATCT-1,1,GSK3A-2,90
CTCCACAGTAGTCACT-1,1,GSK3A-2,305
CTGATCCCACTACCCT-1,1,GSK3A-2,156
CTGCATCCAAGACCTT-1,1,GSK3A-2,348
CTTCTAAGTGTCATCA-1,1,GSK3A-2,119
CTTGATTAGCTGAAGC-1,1,GSK3A-2,521
GAGGCCTCAGCAAGAC-1,2,GSK3A-2|SET-1,409|3033
GATGACTCAATGCAGG-1,1,GSK3A-2,357
GCACGGTCATCAACCA-1,1,GSK3A-2,119
GCCAGCACATGGGCAA-1,1,GSK3A-2,150
GCCAGGTCACAGACGA-1,1,GSK3A-2,147
GCCAGTGGTCCAGCCA-1,1,GSK3A-2,1176
GGACGTCCATGGGATG-1,1,GSK3A-2,129
GGCAGTCTCACTTCTA-1,1,GSK3A-2,261
GGGACCTCATAAGCAA-1,2,GSK3A-2|SMARCD1-1,100|26
GGGAGTATCGCTGCGA-1,1,GSK3A-2,316
GGTAGAGTCATCGACA-1,1,GSK3A-2,12
GGTGAAGCAAGGAGTC-1,2,GSK3A-2|JUN-2,109|99
GGTGTCGAGAGCACTG-1,1,GSK3A-2,281
GGTGTCGCAGAGGCTA-1,1,GSK3A-2,177
GGTGTTATCTTCCGTG-1,1,GSK3A-2,204
GTACAACCACACGGAA-1,1,GSK3A-2,469
GTACAACGTGGCTGAA-1,1,GSK3A-2,293
GTCAGCGTCTGAACGT-1,1,GSK3A-2,122
GTCATCCCACGGTGCT-1,1,GSK3A-2,87
GTCATTTGTTTACACG-1,1,GSK3A-2,184
GTGAGTTGTCCTTGTC-1,2,GSK3A-2|PPIB-2,57|16
GTGGGAACATACCATG-1,1,GSK3A-2,92
GTTAGTGTCCTGTACC-1,1,GSK3A-2,102
GTTATGGAGTCAGGGT-1,1,GSK3A-2,48
TACACCCGTTAAGAAC-1,1,GSK3A-2,25
TACCCGTTCGACCCAG-1,1,GSK3A-2,51
TACTTGTCATGTGGCC-1,1,GSK3A-2,134
TAGGGTTCACTTTAGG-1,1,GSK3A-2,11
TATGTTCTCCTATTGT-1,1,GSK3A-2,17
TATTTCGAGTTAGTAG-1,2,GSK3A-2|JUN-2,52|99
TCAGCAATCGACCATA-1,1,GSK3A-2,553
TCCACCATCACTACTT-1,2,GSK3A-2|Non-Targeting-5,208|397
TCGAAGTTCAACTACG-1,1,GSK3A-2,336
TGACAGTAGTGCGCTC-1,2,GSK3A-2|RAB1A-2,22|29
TGAGGTTAGAAACTGT-1,1,GSK3A-2,12
TGCAGATAGCGGATCA-1,2,GSK3A-2|TMPRSS2-1,169|167
TGCGGGTTCAAGCTTG-1,2,GSK3A-2|PPIB-1,71|258
TGTTCTATCGATAACC-1,1,GSK3A-2,246
TTACAGGTCGGACGTC-1,1,GSK3A-2,708
TTACCGCCACGAAAGC-1,2,GSK3A-2|HDAC1-2,499|657
TTCACCGAGTTCCATG-1,2,GSK3A-2|SNRNP40-1,87|312
TTCACCGGTTTATGCG-1,1,GSK3A-2,20
TTTGGAGCAGACAAGC-1,2,GSK3A-2|SNRNP40-1,214|676
AACCATGTCGGCTGGT-1,2,H2AFY-1|Non-Targeting-7,1146|1144
AATGGCTTCTCGGCTT-1,1,H2AFY-1,963
ACAAAGACATGACGGA-1,2,H2AFY-1|SET-1,194|1574
ACCTGAAAGCGACATG-1,1,H2AFY-1,97
ACTATTCAGTAGTGCG-1,1,H2AFY-1,1112
ACTATTCGTAGCTGAG-1,1,H2AFY-1,1629
ATCCCTGGTCATCGGC-1,1,H2AFY-1,727
ATTTCTGAGAGGGTAA-1,1,H2AFY-1,1568
CAAAGAAGTGACCGAA-1,1,H2AFY-1,973
CATGGATCAACTCGTA-1,1,H2AFY-1,880
CCCTCTCAGCACCCAC-1,3,H2AFY-1|JUN-2|MBNL1-1,1653|234|50
CCTCCTCAGTCATACC-1,1,H2AFY-1,296
CGAAGGATCATTGCTT-1,1,H2AFY-1,511
CGTAAGTCAAGCTCTA-1,1,H2AFY-1,1878
CTATCCGAGAGAACCC-1,1,H2AFY-1,130
CTCAGGGAGCTGAAGC-1,1,H2AFY-1,35
CTCCCAACATGACACT-1,1,H2AFY-1,1415
CTCCCAATCGGTCGAC-1,1,H2AFY-1,1245
CTGTCGTGTCTCGACG-1,1,H2AFY-1,1247
CTGTGGGGTTGCTCAA-1,1,H2AFY-1,115
CTTTCAATCAGTCAGT-1,1,H2AFY-1,545
GACCGTGTCTACGGTA-1,1,H2AFY-1,997
GACTCTCGTTTCCATT-1,1,H2AFY-1,874
GAGAAATTCCGTCCTA-1,1,H2AFY-1,694
GCATGATGTATTGACC-1,1,H2AFY-1,797
GCCCAGATCACGACTA-1,1,H2AFY-1,1673
GCGTGCACACCGGTCA-1,1,H2AFY-1,34
GCTACCTAGGCTAGCA-1,2,H2AFY-1|SMARCD1-1,457|19
GGAGCAATCGGTCAGC-1,1,H2AFY-1,1127
GGCTTGGTCGAAGTGG-1,1,H2AFY-1,816
GGTCACGAGTCGTTAC-1,1,H2AFY-1,604
GTAGAGGAGCGTCTGC-1,1,H2AFY-1,1053
GTCTACCGTACTCGTA-1,1,H2AFY-1,1291
GTGGAAGGTCTCGGAC-1,1,H2AFY-1,308
TACGGTAGTTGCAAGG-1,1,H2AFY-1,677
TCAATCTAGCAGGCTA-1,1,H2AFY-1,875
TCCATGCTCTGCAGCG-1,1,H2AFY-1,566
TGAGTCAGTATAGGGC-1,2,H2AFY-1|RBBP4-1,177|220
TGCATGATCGTTCAGA-1,2,H2AFY-1|MORF4L1-1,991|59
TGCGATAAGTCAACAA-1,1,H2AFY-1,2132
TGCTTGCTCGTCGACG-1,1,H2AFY-1,1556
TGGGATTCAGCTGTAT-1,1,H2AFY-1,923
TTCATGTTCGAAGGAC-1,2,H2AFY-1|MORF4L1-1,329|45
TTCGATTTCGTCGGGT-1,2,H2AFY-1|TMPRSS2-1,853|92
TTGCATTAGAGGTATT-1,2,H2AFY-1|HRAS-1,670|60
TTTGTTGGTGCAATGG-1,1,H2AFY-1,349
AAGACTCAGCCTCAAT-1,1,H2AFY-2,39
AAGATAGCAACATACC-1,1,H2AFY-2,51
AAGTACCCAGTTCTAG-1,1,H2AFY-2,413
AATGGCTAGAGGACTC-1,1,H2AFY-2,580
ACTGTGATCGCTGACG-1,1,H2AFY-2,349
ACTTATCCACTAACCA-1,1,H2AFY-2,100
ACTTATCTCGCTCATC-1,1,H2AFY-2,36
AGTTCGAGTCCTCCTA-1,1,H2AFY-2,68
ATACCTTCAGGACATG-1,1,H2AFY-2,239
ATGTCTTCATACTGTG-1,1,H2AFY-2,67
CAAAGAATCTCATTTG-1,1,H2AFY-2,522
CCACTTGGTACGGTTT-1,1,H2AFY-2,253
CGTGATAAGTCGTTAC-1,1,H2AFY-2,122
CGTGTCTAGTTCCGTA-1,1,H2AFY-2,276
CTAACCCGTTGGATCT-1,1,H2AFY-2,293
CTACATTTCCCTGTTG-1,1,H2AFY-2,268
CTGAGCGGTGTGGACA-1,1,H2AFY-2,46
CTGAGGCTCTTCGACC-1,1,H2AFY-2,207
CTTACCGCAGAAATCA-1,1,H2AFY-2,50
CTTCCGATCTGCCTGT-1,1,H2AFY-2,19
GACAGCCAGCGAGTAC-1,1,H2AFY-2,355
GACTCAAGTAGACTGG-1,1,H2AFY-2,431
GCACGGTTCGTGGCTG-1,1,H2AFY-2,110
GCCGATGAGTCGGGAT-1,1,H2AFY-2,438
GCCTGTTAGTTCCGTA-1,2,H2AFY-2|MBNL1-2,461|240
GTAGGTTAGTGGAAAG-1,1,H2AFY-2,112
GTAGGTTCAGACGCTC-1,3,H2AFY-2|SMARCD1-1|UBE2N-2,1047|61|184
GTCTACCTCGTAGAGG-1,1,H2AFY-2,19
GTGGGAAAGGATTACA-1,1,H2AFY-2,92
GTGTAACGTAGCTCGC-1,2,H2AFY-2|TRA2B-1,353|75
GTGTTAGCAGACGGAT-1,1,H2AFY-2,366
GTTACCCAGATGCTTC-1,1,H2AFY-2,251
TACTTGTCACGGCCAT-1,1,H2AFY-2,496
TATTGGGGTGTTAAAG-1,2,H2AFY-2|MORF4L1-2,496|15
TCCACGTCATACACCA-1,1,H2AFY-2,203
TCCATCGAGACGAAGA-1,1,H2AFY-2,30
TCCGAAACAATACCCA-1,1,H2AFY-2,818
TCCTTCTGTAAGGAGA-1,1,H2AFY-2,171
TGACCCTCACTTGAGT-1,1,H2AFY-2,191
TGAGACTTCATGCGGC-1,1,H2AFY-2,270
TGAGCGCTCGAGTGGA-1,1,H2AFY-2,586
TGGAGGAAGGCGAAGG-1,1,H2AFY-2,299
TGGGATTGTCAACGCC-1,2,H2AFY-2|RBBP4-1,191|323
TTGAGTGAGGGATCAC-1,1,H2AFY-2,358
TTGGGCGCAGCCCAGT-1,1,H2AFY-2,443
AACCTTTGTCAACACT-1,1,HDAC1-1,6
AATGGCTTCGCTGACG-1,1,HDAC1-1,11
ACGATGTGTATGGTTC-1,1,HDAC1-1,8
ACTTCGCGTACCAGAG-1,1,HDAC1-1,4
AGGGTGAGTAGAATAC-1,1,HDAC1-1,19
AGTGATCGTCACAGTT-1,1,HDAC1-1,68
ATCGATGCACCGAATT-1,2,HDAC1-1|SNRNP40-2,6|227
ATCGTCCAGTATGAAC-1,1,HDAC1-1,8
CACGAATCATGTCGTA-1,1,HDAC1-1,46
CATGCGGCAGCTCCTT-1,3,HDAC1-1|SUZ12-1|TMPRSS2-2,16|618|49
CCGGTGAAGCTGCCAC-1,2,HDAC1-1|MBNL1-1,5|422
CCGTTCAAGACTACGG-1,1,HDAC1-1,3
CGCAGGTCAATTTCGG-1,1,HDAC1-1,20
CGGAATTGTATTGACC-1,1,HDAC1-1,4
CTACCCAAGACGAAGA-1,1,HDAC1-1,20
CTCAAGAAGCCGAATG-1,2,HDAC1-1|Non-Targeting-5,25|558
CTCAATTCAAGAAACT-1,1,HDAC1-1,7
CTGAGGCGTGCCTACG-1,1,HDAC1-1,8
GAGACCCTCATCGGGC-1,1,HDAC1-1,5
GATCGTAGTACAAAGT-1,1,HDAC1-1,13
GCATTAGCAACCGTAT-1,1,HDAC1-1,5
GCCCGAAGTAACCAGG-1,1,HDAC1-1,5
GTGAGCCTCACACCCT-1,1,HDAC1-1,3
GTGCGTGAGGGAGGTG-1,1,HDAC1-1,5
GTGCGTGGTATATGGA-1,2,HDAC1-1|KDM1A-1,7|260
GTGTTAGTCCCAAGTA-1,1,HDAC1-1,6
TACACCCGTTCGGACC-1,1,HDAC1-1,17
TACGTCCAGGTCCCGT-1,2,HDAC1-1|Non-Targeting-7,14|335
TAGGTTGAGTGTAGAT-1,2,HDAC1-1|JUN-1,9|73
TCAAGCAGTTGCTCGG-1,3,HDAC1-1|MORF4L1-2|Non-Targeting-5,4|106|329
TCACGCTTCATGGATC-1,1,HDAC1-1,11
TCGCAGGGTTGGCTAT-1,2,HDAC1-1|SET-2,5|177
TTTCACATCTACTGAG-1,1,HDAC1-1,5
AAAGTGAGTGTCGATT-1,1,HDAC1-2,67
AAGCATCTCGTGCATA-1,1,HDAC1-2,3233
AAGGTAACACGAGGAT-1,1,HDAC1-2,31
ACATCGAGTCAATCTG-1,2,HDAC1-2|JUN-2,493|142
ACCAAACTCGCCTTTG-1,1,HDAC1-2,158
ACCTACCTCAGCTGTA-1,2,HDAC1-2|SRPK1-2,532|200
ACCTACCTCGTTCATT-1,1,HDAC1-2,354
ATCGTAGAGTCCTACA-1,1,HDAC1-2,442
ATGAAAGTCACTGATG-1,1,HDAC1-2,543
ATTTCACAGTAACCGG-1,3,HDAC1-2|Non-Targeting-5|UBE2N-2,485|155|102
CAATACGTCGAGAACG-1,1,HDAC1-2,45
CACCGTTTCACTGGGC-1,2,HDAC1-2|UBXN1-2,47|435
CAGGGCTTCTGCCCTA-1,1,HDAC1-2,451
CATAAGCGTGTCTTGA-1,1,HDAC1-2,233
CATACAGAGGTGGTTG-1,1,HDAC1-2,394
CATGCTCAGAGGGTAA-1,2,HDAC1-2|TRA2B-2,766|99
CATTCCGCACTAGAGG-1,1,HDAC1-2,475
CCATCACAGCGTGAAC-1,1,HDAC1-2,1872
CCCATTGAGAAACCCG-1,1,HDAC1-2,969
CCTGTTGGTGCGACAA-1,2,HDAC1-2|TMPRSS2-1,1618|552
CGTTCTGAGTCAACAA-1,1,HDAC1-2,400
CTAACTTAGCTGAAGC-1,2,HDAC1-2|RAB1A-3,940|49
CTAGGTAAGACCAGAC-1,1,HDAC1-2,643
CTGCCATAGTCGCCCA-1,1,HDAC1-2,330
CTGTATTCAGGCCCTA-1,1,HDAC1-2,230
GAGGGATGTATGATCC-1,1,HDAC1-2,1079
GAGGGTACAAGAAACT-1,2,HDAC1-2|Non-Targeting-5,559|242
GATGATCCATGTACGT-1,1,HDAC1-2,460
GCAACATGTGAGCAGT-1,1,HDAC1-2,214
GCGGATCAGCCTCAGC-1,2,HDAC1-2|PPIB-1,1052|515
GTAGGAGCATAGTCGT-1,1,HDAC1-2,958
GTCACTCTCGCACTCT-1,1,HDAC1-2,743
GTCGTAACACCTGCGA-1,1,HDAC1-2,214
GTGGTTATCAATCAGC-1,1,HDAC1-2,166
GTGTGATCACAGAGCA-1,1,HDAC1-2,1329
GTTGTGATCGTTACCC-1,2,HDAC1-2|MORF4L1-2,27|28
TGAATCGAGATCACCT-1,1,HDAC1-2,26
TGAGGGATCAACTGAC-1,2,HDAC1-2|MORF4L1-2,1692|257
TGCATCCCAACGCATT-1,1,HDAC1-2,980
TGGGTTACACGTCTCT-1,1,HDAC1-2,281
TGTGCGGCAGTGGCTC-1,1,HDAC1-2,511
TGTGGCGAGAACCGCA-1,1,HDAC1-2,567
TTGCGTCTCACCTTAT-1,1,HDAC1-2,300
TTGGGTATCCTGCTAC-1,1,HDAC1-2,1007
AAGTTCGCAAGTGTCT-1,1,HRAS-1,4
ACAGAAAAGATAGCTA-1,1,HRAS-1,26
ACATCGATCTTGGATG-1,1,HRAS-1,131
ACCCTCAGTATCGCGC-1,1,HRAS-1,4
ATCGATGAGCGACATG-1,1,HRAS-1,21
ATCGGCGTCATGTCTT-1,1,HRAS-1,19
CAAGGGACACTACTTT-1,1,HRAS-1,41
CACCAAAGTCTGATCA-1,1,HRAS-1,23
CACCAAATCCTAGCCT-1,1,HRAS-1,15
CATCGGGGTCAGATTC-1,2,HRAS-1|Non-Targeting-7,42|249
CGAGGAATCATCTATC-1,2,HRAS-1|SNRNP40-1,10|741
CGCAGGTTCCATCTCG-1,1,HRAS-1,9
CGTTCTGTCGAATCCA-1,1,HRAS-1,11
CTCCGATCAGCCTTCT-1,1,HRAS-1,11
GCGTGCAAGTCCTACA-1,1,HRAS-1,8
GCTGAATTCTCAGTCC-1,1,HRAS-1,19
GGAGCAAGTTTACTTC-1,1,HRAS-1,11
GGGTCTGGTCGAGTGA-1,1,HRAS-1,27
GGTTGTAGTACAGTCT-1,2,HRAS-1|SUZ12-2,13|140
GTAAGTCAGGTGCATG-1,2,HRAS-1|HRAS-2,6|182
GTCAAGTCAAAGTGTA-1,1,HRAS-1,6
TACACCCCAAATCGGG-1,2,HRAS-1|PPIB-1,29|700
TATTGCTAGTCGCGAA-1,1,HRAS-1,5
TCAATCTCAGCGTAGA-1,1,HRAS-1,16
TCACACCTCCGATTAG-1,1,HRAS-1,13
TCAGTTTCATGAGATA-1,1,HRAS-1,38
TCATTTGAGTGCTCAT-1,1,HRAS-1,22
TCATTTGTCGAACTCA-1,1,HRAS-1,35
TGGCGTGAGGAAGTCC-1,1,HRAS-1,31
TGGTTAGTCAAAGACA-1,1,HRAS-1,35
TTCAGGACAACCTATG-1,1,HRAS-1,11
TTTCACATCTCACTCG-1,3,HRAS-1|SUZ12-2|TMPRSS2-2,25|349|70
AAACGAAGTATTTCCT-1,1,HRAS-2,422
AAAGGATGTACGGTTT-1,1,HRAS-2,183
AAGTACCTCCGTAGGC-1,1,HRAS-2,33
ACAGAAAGTCCAGGTC-1,1,HRAS-2,293
ACCAAACGTAGTTCCA-1,1,HRAS-2,32
ACGGAAGCAGTAACAA-1,1,HRAS-2,349
AGGAATACAGTATGAA-1,1,HRAS-2,192
ATATCCTAGACATACA-1,1,HRAS-2,224
ATATCCTTCCACAGCG-1,1,HRAS-2,297
ATGAGTCCAGATCACT-1,1,HRAS-2,134
ATGATCGTCAGCAATC-1,1,HRAS-2,623
ATTCCATGTTCGAACT-1,1,HRAS-2,85
ATTCTTGCAAGCAATA-1,1,HRAS-2,147
ATTGTTCCAGTATGAA-1,1,HRAS-2,78
CCATAAGTCTCTTCAA-1,2,HRAS-2|Non-Targeting-8,252|187
CCGATGGTCCCTATTA-1,1,HRAS-2,457
CCTGTTGCAGAGATGC-1,1,HRAS-2,159
CGAGAAGAGACCAAAT-1,1,HRAS-2,303
CGCGTGACAAACTCGT-1,1,HRAS-2,438
CGGGACTCAGATGCGA-1,2,HRAS-2|PPIB-1,310|378
CGTAAGTAGGCATCAG-1,1,HRAS-2,195
GACTCTCGTAGACACG-1,2,HRAS-2|PAIP2-2,14|444
GAGGCAAGTCGGATTT-1,1,HRAS-2,46
GAGTTGTCACGATTCA-1,1,HRAS-2,476
GATCGTACAACCGGAA-1,2,HRAS-2|PPIB-1,664|790
GCCATGGAGCTTAGTC-1,1,HRAS-2,60
GGGCTACAGCAGTAAT-1,1,HRAS-2,203
GGTGTCGCAAATCAAG-1,1,HRAS-2,30
GTAATCGTCTTTACAC-1,1,HRAS-2,250
GTCATCCAGCTCCACG-1,1,HRAS-2,239
GTCATGAGTAGGGAGG-1,1,HRAS-2,202
GTGAGCCCAGCTGAAG-1,1,HRAS-2,34
TACCCACTCGTGGAAG-1,1,HRAS-2,123
TCAATTCGTGCAAGAC-1,4,HRAS-2|JUN-2|Non-Targeting-5|PAIP2-1,302|243|120|743
TCATTGTGTGATACAA-1,1,HRAS-2,576
TCCGAAATCTAGGCCG-1,1,HRAS-2,11
TGCAGATTCTATTCGT-1,1,HRAS-2,200
TGGCGTGTCGGCTGAC-1,1,HRAS-2,11
TGTTCCGGTGAAGCGT-1,2,HRAS-2|MBNL1-1,103|141
TTCTAACGTAGAATAC-1,2,HRAS-2|MBNL1-2,44|37
TTCTGTAGTCTACTGA-1,1,HRAS-2,25
AAAGAACAGAAACTGT-1,1,JUN-1,321
AACCTGAGTACACTCA-1,1,JUN-1,454
AATTTCCAGCCTATCA-1,1,JUN-1,224
ACATGCATCTGTTGGA-1,2,JUN-1|Non-Targeting-8,112|353
ACGTAGTCACTACCGG-1,2,JUN-1|SET-1,540|1217
ACTATGGCAGGGAGAG-1,1,JUN-1,76
ACTCCCAGTTCTTCAT-1,1,JUN-1,23
ACTGTCCAGAGCAGAA-1,1,JUN-1,207
ACTTCGCAGTCTTCCC-1,1,JUN-1,163
AGCGTATAGGGAGGGT-1,1,JUN-1,347
AGGAATAGTGCTGTCG-1,1,JUN-1,349
AGGTCATCAGCAGAAC-1,2,JUN-1|TMPRSS2-2,22|25
AGGTTACGTAACACCT-1,1,JUN-1,47
AGTAGTCGTCGACGCT-1,1,JUN-1,301
AGTCTCCTCGCCCAGA-1,1,JUN-1,137
ATATCCTTCCATCTGC-1,1,JUN-1,115
ATCCACCTCTCCAAGA-1,1,JUN-1,272
ATCGTGAGTCGAAACG-1,1,JUN-1,252
ATGTCTTGTTGCATCA-1,1,JUN-1,117
ATTCAGGAGGGATCGT-1,1,JUN-1,185
CAACAGTCACTGGATT-1,1,JUN-1,246
CAAGGGAGTGCGGTAA-1,1,JUN-1,286
CAGCACGAGAAGTCTA-1,1,JUN-1,272
CAGGCCATCTACGGGC-1,1,JUN-1,56
CATTGAGAGATGCAGC-1,1,JUN-1,93
CCATCACAGCCGTCGT-1,1,JUN-1,197
CCGATCTAGCGATGAC-1,1,JUN-1,47
CGAAGGACAAGGACAC-1,1,JUN-1,139
CGAAGGAGTCTCACAA-1,1,JUN-1,259
CGATCGGTCGTGGCGT-1,1,JUN-1,144
CGGGTCACACAATGAA-1,1,JUN-1,903
CGTGATACAACCACAT-1,1,JUN-1,154
CGTTGGGTCTGGGCGT-1,1,JUN-1,527
CTCAGAACATGTACGT-1,2,JUN-1|TRA2B-2,359|371
CTCCCAAGTATGTCTG-1,1,JUN-1,472
CTGCCATCATATGCGT-1,1,JUN-1,446
CTTCAATAGGTAGCAC-1,1,JUN-1,162
GAAGAATTCAGTGGGA-1,1,JUN-1,598
GACTTCCGTGACAGCA-1,1,JUN-1,641
GAGACTTGTGTTCCAA-1,1,JUN-1,78
GAGCTGCAGAAGCGGG-1,1,JUN-1,185
GATCATGTCAGGAAAT-1,2,JUN-1|RAB1A-2,360|595
GATGAGGCATGAAGGC-1,1,JUN-1,61
GATGAGGTCATGCTAG-1,1,JUN-1,57
GATTGGTTCATCACAG-1,2,JUN-1|RAB1A-3,38|41
GCAGCTGTCACTCCGT-1,1,JUN-1,264
GCGAGAAAGGCTTAAA-1,1,JUN-1,853
GCTTGGGTCCGAGATT-1,1,JUN-1,432
GCTTTCGGTTAAACCC-1,1,JUN-1,67
GGATGTTAGCCTGAAG-1,1,JUN-1,78
GTATTTCTCGTCAGAT-1,2,JUN-1|PPIB-1,56|223
GTGCTGGAGACGACGT-1,1,JUN-1,327
GTGGAGATCAACACGT-1,1,JUN-1,226
GTGTGGCGTGTTTACG-1,2,JUN-1|TMPRSS2-2,31|17
GTTACCCGTTGCATGT-1,2,JUN-1|PAIP2-2,285|28
GTTGTAGTCGACCATA-1,1,JUN-1,179
TAGACCATCTGAGTCA-1,3,JUN-1|Non-Targeting-5|Non-Targeting-7,80|129|75
TATCTTGTCTACTCAT-1,3,JUN-1|PAIP2-2|SNRNP40-1,81|87|183
TCAAGCAGTCCCTGAG-1,1,JUN-1,31
TCAGGGCCATTAAAGG-1,1,JUN-1,171
TCAGTCCGTCGGAAAC-1,1,JUN-1,378
TCATGCCCAGACAAAT-1,1,JUN-1,290
TCCAGAAAGGTAGTAT-1,2,JUN-1|SRPK1-2,195|145
TCGTCCATCATCTATC-1,1,JUN-1,366
TCTACCGAGTACTGTC-1,1,JUN-1,196
TCTTCCTAGGGCAGTT-1,2,JUN-1|Non-Targeting-8,89|26
TGAACGTCAATTCTTC-1,3,JUN-1|JUN-2|LMNA-1,284|179|113
TGAGTCACACGGTAGA-1,1,JUN-1,505
TGCACGGTCACTCCGT-1,1,JUN-1,51
TGTCAGATCCTAGCTC-1,1,JUN-1,311
TTCTAACCAAAGGATT-1,1,JUN-1,20
TTTACTGGTACCAGAG-1,1,JUN-1,180
TTTCATGGTTCCAAAC-1,1,JUN-1,30
AACAAGAAGTAGAGTT-1,5,JUN-2|MORF4L1-2|SMARCD1-1|SRPK1-2|TMPRSS2-1,314|65|9|66|121
AACGTCACATTAGGCT-1,2,JUN-2|UBE2N-1,89|22
AATGCCACATGGTGGA-1,1,JUN-2,1011
AATTCCTCAGACTGCC-1,1,JUN-2,186
ACCATTTAGAGGGTGG-1,1,JUN-2,679
ACGTACAAGTTACGAA-1,1,JUN-2,16
ACTACGAGTCTGTCCT-1,2,JUN-2|Non-Targeting-5,383|133
ACTGTCCTCTCAACGA-1,1,JUN-2,487
AGAACAATCTCCTGAC-1,2,JUN-2|Non-Targeting-7,162|520
AGAAGCGCATGATAGA-1,1,JUN-2,407
AGCGATTAGGTTCTTG-1,1,JUN-2,49
AGCGATTTCCAGCTCT-1,1,JUN-2,219
AGCGTATTCGTTGTAG-1,1,JUN-2,175
ATCCGTCTCACCTTAT-1,2,JUN-2|SMARCD1-1,285|85
ATGAGGGCAACTTGGT-1,2,JUN-2|MORF4L1-2,292|79
ATGTCTTCAGCGGATA-1,1,JUN-2,363
CAACCTCAGACGGTCA-1,1,JUN-2,403
CACCGTTGTACGTTCA-1,2,JUN-2|PPIB-1,190|434
CACTGAAGTATCACCA-1,1,JUN-2,260
CAGAGCCAGTTAGAAC-1,1,JUN-2,324
CAGCGTGCATGCAGCC-1,1,JUN-2,125
CATCCACAGGTTCCAT-1,1,JUN-2,240
CATGCTCTCCCGTGTT-1,2,JUN-2|PPIB-1,66|221
CCACAAAGTGTTGCCG-1,1,JUN-2,40
CCATCACCAGAACTAA-1,1,JUN-2,499
CCGATCTTCTCCGATC-1,1,JUN-2,427
CCGTAGGGTTATGGTC-1,1,JUN-2,40
CGCAGGTTCTGTGCGG-1,1,JUN-2,61
CGGGTGTAGCACTAAA-1,1,JUN-2,682
CGTGATAGTTCTCGTC-1,1,JUN-2,770
CGTGCTTAGGTCATTC-1,1,JUN-2,233
CTGCCATGTTGGATCT-1,1,JUN-2,245
CTGCTCAAGTGCACTT-1,1,JUN-2,97
CTGGTCTAGCTCCGAC-1,2,JUN-2|Non-Targeting-7,37|22
CTGTGGGCAGAAACCG-1,1,JUN-2,268
CTGTGGGGTTTCTTAC-1,1,JUN-2,512
CTTTCAATCTGTAAGC-1,4,JUN-2|MORF4L1-2|SRPK1-2|TMPRSS2-1,211|42|44|82
GAAGTAAAGGTCCCTG-1,2,JUN-2|TRA2B-2,1181|613
GACCCAGAGATGATTG-1,1,JUN-2,281
GACTTCCTCCACAGGC-1,1,JUN-2,773
GAGAAATCACGCTTAA-1,2,JUN-2|PAIP2-1,368|144
GAGACTTAGCGTATAA-1,1,JUN-2,284
GAGGCAAGTTCTCTAT-1,1,JUN-2,169
GATCACAGTAGGAGGG-1,1,JUN-2,497
GATCGTATCCACGTAA-1,1,JUN-2,315
GATTCTTGTAAGCGGT-1,1,JUN-2,328
GCGAGAAGTAGCGCCT-1,1,JUN-2,419
GGAACCCTCGGTTCAA-1,1,JUN-2,334
GGAGGATGTCGAAACG-1,1,JUN-2,147
GGCACGTTCGCAATTG-1,1,JUN-2,370
GGCAGTCGTCAGGTGA-1,3,JUN-2|MBNL1-2|PAIP2-2,379|296|490
GGCGTCATCTGTCGTC-1,1,JUN-2,248
GGGATCCGTCGAGCTC-1,1,JUN-2,258
GGTGTCGTCTAGTTCT-1,1,JUN-2,171
GTAAGTCTCTCTTAAC-1,1,JUN-2,232
GTAGATCCAAGTTGGG-1,2,JUN-2|UBE2N-1,490|147
GTAGGAGTCTCTGAGA-1,1,JUN-2,39
GTGACGCTCCTCACGT-1,1,JUN-2,21
GTGAGCCAGACTAGAT-1,1,JUN-2,51
GTGTTCCTCGCGAAGA-1,1,JUN-2,112
GTTGCTCCAATGTGGG-1,1,JUN-2,117
TAACACGTCTCCTGAC-1,1,JUN-2,80
TAACCAGAGATTGAGT-1,1,JUN-2,168
TACTTGTTCCCTAGGG-1,1,JUN-2,336
TATTTCGGTTTCTTAC-1,2,JUN-2|MBNL1-1,81|42
TCAAGCAAGGTCCCTG-1,1,JUN-2,108
TCACGCTGTATGGTAA-1,1,JUN-2,74
TCGATTTAGACGCAGT-1,1,JUN-2,15
TCGCAGGTCTACTCAT-1,1,JUN-2,41
TCTGCCAGTCATTCCC-1,1,JUN-2,512
TCTTAGTTCTGTCCGT-1,1,JUN-2,262
TCTTCCTCACAGCTTA-1,1,JUN-2,292
TGAATCGAGCCAACCC-1,1,JUN-2,147
TGCGGCAGTCACTTCC-1,1,JUN-2,56
TGTTCTAGTACTCCGG-1,1,JUN-2,148
TGTTCTAGTGCATACT-1,1,JUN-2,31
TTGACCCAGGCCACCT-1,1,JUN-2,113
TTGATGGAGTGGTGAC-1,2,JUN-2|Non-Targeting-7,253|299
TTGTTCAAGTTCCGGC-1,1,JUN-2,44
TTGTTTGTCCAAGCCG-1,2,JUN-2|Non-Targeting-7,14|40
TTTCACAGTACCCACG-1,1,JUN-2,174
TTTGGTTCAGGACATG-1,1,JUN-2,332
AAAGAACTCTGCCCTA-1,2,KDM1A-1|TMPRSS2-1,28|83
AAGCCATGTCAATGGG-1,1,KDM1A-1,71
ACTTAGGGTATACAGA-1,1,KDM1A-1,1249
AGACCCGTCCCTCGAT-1,2,KDM1A-1|TMPRSS2-2,380|19
AGAGAATCATTCAGGT-1,1,KDM1A-1,592
ATCACTTTCGAAGGAC-1,1,KDM1A-1,1133
ATCGGATTCCTGCCAT-1,1,KDM1A-1,494
ATTCACTTCACACCGG-1,3,KDM1A-1|PPP2CA-1|RBM25-2,54|76|52
ATTCTACGTCATGACT-1,1,KDM1A-1,793
CAACGATGTTAGGCTT-1,1,KDM1A-1,806
CACCAAATCCTGTAGA-1,1,KDM1A-1,1785
CATACTTCATCAGCTA-1,1,KDM1A-1,245
CCGGACAAGGCATCGA-1,1,KDM1A-1,185
CCGGTGACAACGTAAA-1,1,KDM1A-1,846
CGAGGCTCAAGGTCGA-1,1,KDM1A-1,601
CGATGGCCATAACTCG-1,2,KDM1A-1|Non-Targeting-8,1008|164
GAAGTAAAGCGACTAG-1,1,KDM1A-1,223
GACTCTCTCTTGTGCC-1,4,KDM1A-1|MBNL1-1|RAB1A-3|SUZ12-1,240|66|15|134
GAGAAATGTTAAACCC-1,1,KDM1A-1,794
GCATTAGAGGATCATA-1,1,KDM1A-1,20
GCGAGAATCAAACGTC-1,1,KDM1A-1,262
GGGTGTCGTTCTATCT-1,1,KDM1A-1,753
GTCCACTGTCGTCAGC-1,1,KDM1A-1,452
GTCTGTCTCTGTCGCT-1,1,KDM1A-1,331
TACCGGGTCCCGTTCA-1,1,KDM1A-1,1535
TATACCTTCATGCGGC-1,1,KDM1A-1,602
TCTCACGGTTCAAACC-1,1,KDM1A-1,554
TGAACGTCAGAACATA-1,1,KDM1A-1,546
TGATCTTTCGCTCCTA-1,3,KDM1A-1|SMARCD1-2|TMPRSS2-1,68|16|267
TTCATTGGTTGAGTCT-1,4,KDM1A-1|MBNL1-1|RAB1A-3|SUZ12-1,199|63|16|110
TTGTGTTTCCCTCTCC-1,1,KDM1A-1,360
ATCCATTAGACAACAT-1,2,KDM1A-2|Non-Targeting-8,686|585
ATCGTCCAGGTCGACA-1,1,KDM1A-2,542
ATCGTCCGTACGGGAT-1,2,KDM1A-2|SNRNP70-1,676|504
ATGAGTCGTGTGACCC-1,1,KDM1A-2,670
CCCTGATAGCAGTCTT-1,1,KDM1A-2,1152
GCAACATCAGTTAAAG-1,1,KDM1A-2,1348
GGGACCTGTTGGGCCT-1,1,KDM1A-2,2768
GGGCGTTCAATTGCTG-1,2,KDM1A-2|Non-Targeting-7,892|184
GTTGCGGAGGGATCTG-1,1,KDM1A-2,445
TACCTGCGTTCGAACT-1,2,KDM1A-2|RBM25-2,419|18
TGGAACTAGATGTTAG-1,1,KDM1A-2,471
ACGGTCGGTGGACTAG-1,1,LMNA-1,307
ACTTTGTGTGTTACTG-1,1,LMNA-1,83
AGGAATAAGCTTCATG-1,1,LMNA-1,16
ATAGACCAGAAACTGT-1,1,LMNA-1,160
CACGAATGTTTGGGAG-1,1,LMNA-1,46
CCAAGCGCAATGAACA-1,2,LMNA-1|TMPRSS2-1,255|969
CCTAACCAGCGACTGA-1,1,LMNA-1,141
CCTCAGTTCGCGATCG-1,1,LMNA-1,242
CGCATAATCACTGGTA-1,1,LMNA-1,328
CGTGAATAGCATCAAA-1,1,LMNA-1,42
CGTTGGGTCGGCTTCT-1,2,LMNA-1|Non-Targeting-5,19|50
CTAGACAAGTCCCTAA-1,1,LMNA-1,433
CTCATCGGTGAACGGT-1,1,LMNA-1,12
GAGGCCTCAAACTAGA-1,1,LMNA-1,141
GAGGGATGTGATAGTA-1,1,LMNA-1,508
GCAGCTGGTATACCTG-1,1,LMNA-1,43
GCCGTGAAGAGCATAT-1,1,LMNA-1,421
GGGTTATCATGATCTG-1,1,LMNA-1,83
GTAATGCCACTCCACT-1,1,LMNA-1,164
GTGAGGATCACGACTA-1,1,LMNA-1,221
TAACTTCAGCTAGTTC-1,1,LMNA-1,512
TCAGTCCCATTACTCT-1,1,LMNA-1,402
TGAATCGTCGACCAAT-1,1,LMNA-1,340
TGTTGAGTCTGCATGA-1,1,LMNA-1,89
TTGTTCAAGAGCTGAC-1,1,LMNA-1,236
AGACCCGAGCACTGGA-1,1,LMNA-2,338
AGGAATACAAATGAAC-1,1,LMNA-2,77
AGTAGCTCATTGAGCT-1,2,LMNA-2|Non-Targeting-8,1014|558
ATCGTAGGTCCAAGAG-1,1,LMNA-2,1339
ATCGTCCCATGCCATA-1,1,LMNA-2,121
CAATACGCAGATTCGT-1,1,LMNA-2,1061
CAATCGACACGCCACA-1,1,LMNA-2,870
CAGGCCATCACATTGG-1,2,LMNA-2|Non-Targeting-7,45|60
CATTCTACAGCGAGTA-1,1,LMNA-2,195
CCCAACTTCCATCTAT-1,1,LMNA-2,1608
CGCCATTTCGTTCATT-1,1,LMNA-2,439
GTCATCCTCATTCCTA-1,1,LMNA-2,505
GTGACGCTCGTTCAGA-1,1,LMNA-2,433
TAAGTCGCAGCCTTCT-1,1,LMNA-2,825
TATTGGGCATGAGTAA-1,1,LMNA-2,495
TCAAGCATCTTGGTCC-1,1,LMNA-2,509
TCAGCCTCACACCTAA-1,1,LMNA-2,493
TGAATCGTCTCGTTTA-1,1,LMNA-2,267
TGACTCCTCCCTCGAT-1,1,LMNA-2,48
TGATTCTTCAACACGT-1,1,LMNA-2,129
TGTAAGCGTCAGTTTG-1,1,LMNA-2,1004
TTTAGTCTCTGGTCAA-1,1,LMNA-2,215
AAATGGAGTGAATGAT-1,2,MBNL1-1|Non-Targeting-7,74|133
AACAGGGCAGAAGTTA-1,1,MBNL1-1,140
AAGAACACAATAACGA-1,2,MBNL1-1|MORF4L1-1,584|195
AAGGTAACATTGCCTC-1,3,MBNL1-1|Non-Targeting-7|SRPK1-2,22|195|26
ACAGGGACACTATCCC-1,1,MBNL1-1,147
ACGATGTGTTCCAAAC-1,2,MBNL1-1|SUZ12-2,263|97
ACGGTTATCAGACATC-1,1,MBNL1-1,107
ACGTACAGTACGACTT-1,1,MBNL1-1,711
ACTATGGAGAATTGTG-1,1,MBNL1-1,53
AGACTCAGTTGGGTTT-1,1,MBNL1-1,115
AGGAGGTGTTTGGAAA-1,1,MBNL1-1,221
ATCCCTGCACAAGCCC-1,2,MBNL1-1|PPIB-2,201|182
ATCCGTCCATGGCGCT-1,1,MBNL1-1,83
ATCGCCTGTGTGTCCG-1,1,MBNL1-1,39
ATCGTCCAGCCATATC-1,1,MBNL1-1,396
ATGGGTTCACTGCGAC-1,1,MBNL1-1,110
ATGGTTGCAGCGAGTA-1,1,MBNL1-1,164
ATGTCCCCATACATCG-1,1,MBNL1-1,166
ATTACTCTCTTAGCAG-1,1,MBNL1-1,197
ATTCATCAGTTTGGCT-1,1,MBNL1-1,14
CACAGGCCACCCTTGT-1,1,MBNL1-1,250
CACATGACATAACGGG-1,1,MBNL1-1,85
CACTGGGAGGACATCG-1,1,MBNL1-1,174
CAGCAGCAGAGTCAGC-1,2,MBNL1-1|SET-1,44|226
CATACAGAGATAGCTA-1,1,MBNL1-1,183
CATGAGTTCGCTAATG-1,1,MBNL1-1,413
CCCTTAGAGGAGTCTG-1,1,MBNL1-1,154
CCTGTTGTCCCTCTCC-1,1,MBNL1-1,395
CGACAGCAGGGATGTC-1,1,MBNL1-1,589
CGACAGCCACTCAAGT-1,2,MBNL1-1|Non-Targeting-8,22|57
CGCCATTTCGCGGTAC-1,1,MBNL1-1,112
CGTGAATGTAGCGTAG-1,1,MBNL1-1,270
CGTGTCTAGTTGCATC-1,2,MBNL1-1|SNRNP70-1,23|56
CTACTATTCACCCATC-1,2,MBNL1-1|TMPRSS2-2,370|69
CTATCTAAGAAGTATC-1,2,MBNL1-1|Non-Targeting-7,116|890
CTCAACCAGTGCCGAA-1,1,MBNL1-1,310
CTCAACCCAGCGTTTA-1,1,MBNL1-1,47
CTCAGGGCAAACTAAG-1,1,MBNL1-1,13
CTCAGTCAGAGTTGTA-1,1,MBNL1-1,273
CTCGAGGTCTTCTTCC-1,3,MBNL1-1|Non-Targeting-7|SRPK1-2,34|279|34
CTCTGGTTCCCAGGCA-1,1,MBNL1-1,210
CTGAGGCTCATTTGTC-1,1,MBNL1-1,430
CTGGACGAGGATTTCC-1,1,MBNL1-1,361
CTGGACGTCGGTGTTA-1,2,MBNL1-1|PAIP2-2,181|176
GAAGAATTCTTAGCCC-1,1,MBNL1-1,127
GACTCAATCCCAGCGA-1,1,MBNL1-1,86
GACTGATCACATACGT-1,1,MBNL1-1,299
GATCCCTAGGTCACCC-1,1,MBNL1-1,29
GATTGGTGTTGGACTT-1,1,MBNL1-1,250
GCCAGGTGTAAGTCAA-1,1,MBNL1-1,134
GCCCGAAGTATGAAAC-1,1,MBNL1-1,57
GCCGATGCAGTTGGTT-1,1,MBNL1-1,275
GCGAGAAAGACCAGAC-1,1,MBNL1-1,142
GCGAGAAAGCGTCAAG-1,1,MBNL1-1,383
GGAACCCGTCATATGC-1,2,MBNL1-1|SNRNP70-1,435|20
GGTAACTAGAATTGTG-1,2,MBNL1-1|PPIB-1,84|545
GGTGATTTCACACCGG-1,1,MBNL1-1,423
GTAATCGAGAAGAACG-1,1,MBNL1-1,449
GTCAAACCATCAGCTA-1,1,MBNL1-1,151
GTCACTCGTGGGTATG-1,1,MBNL1-1,108
GTCATTTAGGTAAAGG-1,1,MBNL1-1,445
GTCCTCAGTTGGGACA-1,1,MBNL1-1,46
GTCTTTAGTACTGCCG-1,1,MBNL1-1,230
GTGGTTACACTGGAAG-1,1,MBNL1-1,26
TAATCTCGTGATCGTT-1,1,MBNL1-1,61
TACTTACCACATAACC-1,1,MBNL1-1,78
TAGACCAAGAGGACTC-1,1,MBNL1-1,380
TCAATCTTCGCCGTGA-1,3,MBNL1-1|MORF4L1-2|Non-Targeting-5,432|40|338
TCACGCTTCGAGAGCA-1,2,MBNL1-1|MBNL1-2,264|229
TCACTATTCTTCGTGC-1,1,MBNL1-1,438
TCACTCGGTCTTCTAT-1,1,MBNL1-1,111
TCCCACAGTACCAGAG-1,2,MBNL1-1|SET-1,599|1828
TCCTTCTTCAAGGAGC-1,1,MBNL1-1,236
TCTCAGCGTGCCTATA-1,1,MBNL1-1,113
TGATGGTAGTCCTACA-1,1,MBNL1-1,630
TGCATGAGTGCTCCGA-1,1,MBNL1-1,200
TGCGACGAGATCCCAT-1,1,MBNL1-1,57
TGCGACGCATGAGAAT-1,1,MBNL1-1,231
TGTTGGATCCGAAATC-1,2,MBNL1-1|TMPRSS2-2,213|43
TTACTGTTCTATTTCG-1,1,MBNL1-1,143
TTCCGGTCAGGCGATA-1,1,MBNL1-1,469
TTCCTAAAGTGATGGC-1,1,MBNL1-1,41
TTGCGTCAGTAGGGTC-1,1,MBNL1-1,263
TTGTTCAGTGCACGCT-1,1,MBNL1-1,272
TTTGTTGGTAGGAAAG-1,1,MBNL1-1,95
AAGACTCAGTTGAAAC-1,1,MBNL1-2,107
ACATCCCAGTGCACTT-1,1,MBNL1-2,164
ACCATTTGTCCTTGTC-1,1,MBNL1-2,108
ACGTTCCAGTGGATAT-1,1,MBNL1-2,97
ACTGTCCGTCTCACAA-1,1,MBNL1-2,35
AGCTTCCTCCAGTTCC-1,1,MBNL1-2,386
AGTAGCTTCCCATTCG-1,1,MBNL1-2,86
ATAGAGACATCAACCA-1,2,MBNL1-2|PPIB-2,163|110
ATCGATGTCTAGCCTC-1,1,MBNL1-2,67
ATTACCTGTTCAATCG-1,1,MBNL1-2,148
ATTCCATCACCAGCCA-1,1,MBNL1-2,106
CACACAAGTGCCTGCA-1,1,MBNL1-2,29
CAGATCAAGGTGCAGT-1,1,MBNL1-2,101
CATCCCATCGAACTCA-1,1,MBNL1-2,1478
CCGAACGCAGTTCTAG-1,2,MBNL1-2|Non-Targeting-8,89|154
CCGGTGATCTGGTTGA-1,1,MBNL1-2,151
CCGTTCATCCTCTAAT-1,1,MBNL1-2,42
CGAGGCTCAGGGAGAG-1,1,MBNL1-2,141
CGCATGGTCACCGCTT-1,2,MBNL1-2|Non-Targeting-5,209|476
CGGAATTGTGACTCGC-1,1,MBNL1-2,122
CTATCTATCTCTTCAA-1,1,MBNL1-2,69
CTGCTCATCTCGGTAA-1,1,MBNL1-2,354
CTTCTCTCACCGTCGA-1,1,MBNL1-2,22
GAACACTAGATGCTGG-1,1,MBNL1-2,50
GACTTCCTCCCGTAAA-1,2,MBNL1-2|TMPRSS2-1,47|78
GATGACTAGGGTTAGC-1,1,MBNL1-2,23
GCACATACATACCACA-1,1,MBNL1-2,29
GGAACCCAGAATAACC-1,3,MBNL1-2|SMARCD1-2|UBXN1-2,150|35|795
GGCGTCACAGAATTCC-1,1,MBNL1-2,82
GTAAGTCGTCCAACGC-1,1,MBNL1-2,23
GTAGAGGCATTAAAGG-1,1,MBNL1-2,12
GTAGTACTCATCTATC-1,2,MBNL1-2|Non-Targeting-5,191|87
GTATTTCCATCTGTTT-1,1,MBNL1-2,16
GTCGTAAAGCTATCCA-1,1,MBNL1-2,45
GTCTACCTCTCCCTAG-1,1,MBNL1-2,33
GTGCTTCAGAGTCGAC-1,1,MBNL1-2,11
GTGGTTACATCTTAGG-1,1,MBNL1-2,105
GTTGTAGGTCGTGGAA-1,1,MBNL1-2,213
TAACACGGTGGATTTC-1,2,MBNL1-2|Non-Targeting-5,80|30
TAAGCACAGGACGCAT-1,1,MBNL1-2,131
TAATTCCAGGAGCAAA-1,2,MBNL1-2|Non-Targeting-8,148|298
TATCAGGAGTTTCTTC-1,1,MBNL1-2,17
TCAATCTTCGATACAC-1,1,MBNL1-2,31
TCAGTCCGTGGTTCTA-1,1,MBNL1-2,317
TCATGAGCATGGAGAC-1,1,MBNL1-2,46
TCCGATCCAGTAGAGC-1,1,MBNL1-2,166
TCGTCCAAGTCCCAAT-1,1,MBNL1-2,116
TCTACATGTATCGTTG-1,1,MBNL1-2,80
TCTATCAAGTCGAATA-1,2,MBNL1-2|UBXN1-2,29|326
TCTTGCGGTAACCCGC-1,1,MBNL1-2,99
TGCGGCATCCTGGTCT-1,1,MBNL1-2,239
TGTTCCGCATGAGTAA-1,1,MBNL1-2,142
TTCCGGTTCACCATCC-1,1,MBNL1-2,185
TTCGCTGTCAACTACG-1,1,MBNL1-2,151
TTGAACGCAACACAAA-1,1,MBNL1-2,183
TTGGTTTCAAACTAAG-1,1,MBNL1-2,244
TTGTGTTGTAACCCTA-1,1,MBNL1-2,18
AACGTCAGTCGATTCA-1,1,MORF4L1-1,107
ACTTCGCGTACCGGCT-1,1,MORF4L1-1,107
AGATGCTGTTATCCAG-1,1,MORF4L1-1,56
AGATGCTTCAGGGTAG-1,2,MORF4L1-1|SUZ12-1,73|514
AGGATCTAGTTGCCTA-1,2,MORF4L1-1|UBXN1-2,124|64
AGGGCTCTCGACGTCG-1,1,MORF4L1-1,307
AGGGTTTAGGAACTCG-1,2,MORF4L1-1|PAIP2-2,99|53
ATCACGACAAGTAGTA-1,1,MORF4L1-1,160
ATGACCACAAGGACAC-1,1,MORF4L1-1,149
CAGATTGAGGCCTGCT-1,1,MORF4L1-1,151
CATACAGAGAGTTGCG-1,1,MORF4L1-1,102
CATTGCCCAAGACGGT-1,1,MORF4L1-1,237
CCTCAACAGAGTCACG-1,1,MORF4L1-1,217
CCTCATGAGTTACGAA-1,1,MORF4L1-1,188
CGAGGAACACAACGCC-1,1,MORF4L1-1,373
CGGAATTCATACTGAC-1,2,MORF4L1-1|PPIB-1,174|571
CGTGATATCACATTGG-1,1,MORF4L1-1,172
CGTTCTGTCTTAGCTT-1,1,MORF4L1-1,83
CTCCAACGTGGCTACC-1,1,MORF4L1-1,29
CTGCCTAAGGGAGGTG-1,1,MORF4L1-1,10
CTTTCAAGTCTGTGAT-1,2,MORF4L1-1|Non-Targeting-5,107|306
GACCCAGGTGGATGAC-1,1,MORF4L1-1,168
GACCCAGTCTCACTCG-1,1,MORF4L1-1,213
GACGTTACAGAGCGTA-1,1,MORF4L1-1,74
GAGTTTGTCCCTCTAG-1,1,MORF4L1-1,153
GGGACAATCTAGTGAC-1,1,MORF4L1-1,120
GTGCACGAGCTCTATG-1,1,MORF4L1-1,209
GTGCACGAGGGAGGAC-1,1,MORF4L1-1,13
TAACTTCGTAACATCC-1,1,MORF4L1-1,204
TACCCGTCAGACCTGC-1,1,MORF4L1-1,98
TACCGGGTCCTGGGTG-1,1,MORF4L1-1,159
TCAATCTCACAGCCAC-1,1,MORF4L1-1,211
TCTCTGGCACAATGCT-1,1,MORF4L1-1,21
TGAGCGCGTACCTTCC-1,1,MORF4L1-1,214
TGCTCCAAGACTGAGC-1,2,MORF4L1-1|RBM25-2,54|5
TGTTGAGGTTCCACAA-1,1,MORF4L1-1,391
TTCCGGTGTCTTGGTA-1,1,MORF4L1-1,35
TTCCTCTAGGGAGTGG-1,1,MORF4L1-1,112
TTGCCTGGTACAGAAT-1,1,MORF4L1-1,301
AAAGAACTCACATACG-1,1,MORF4L1-2,217
AACAGGGAGACTAGAT-1,2,MORF4L1-2|Non-Targeting-5,180|217
AATTTCCAGTGTTGTC-1,1,MORF4L1-2,84
ACATCCCCAAGAGAGA-1,1,MORF4L1-2,106
AGACACTAGCGACTGA-1,1,MORF4L1-2,40
ATCTCTATCACTGTCC-1,1,MORF4L1-2,180
ATGCCTCAGAGTCCGA-1,1,MORF4L1-2,105
CATGCAATCTCGCCTA-1,1,MORF4L1-2,24
CATGCGGGTCTCTCAC-1,1,MORF4L1-2,33
CCGGACAAGGAACGTC-1,1,MORF4L1-2,139
CCTCTCCCACATACGT-1,1,MORF4L1-2,38
CTGCAGGGTTCTCCCA-1,1,MORF4L1-2,53
GAATCACTCAAGCGTT-1,1,MORF4L1-2,18
GAGCCTGGTGTATTCG-1,1,MORF4L1-2,210
GATGATCCATGACTTG-1,1,MORF4L1-2,35
GCCGATGAGGAGACCT-1,1,MORF4L1-2,98
GGCGTCAAGCATCAGG-1,1,MORF4L1-2,176
GGGACCTTCGTTTACT-1,1,MORF4L1-2,13
GGGTGAAAGGTGCAGT-1,1,MORF4L1-2,29
GTAATCGAGAGCTGAC-1,1,MORF4L1-2,94
GTCGAATAGGTCTACT-1,1,MORF4L1-2,114
GTCGAATTCTTCCCAG-1,1,MORF4L1-2,129
TACACCCAGCCATTGT-1,3,MORF4L1-2|Non-Targeting-8|RAB1A-2,16|157|144
TCACAAGCAGCTTCCT-1,1,MORF4L1-2,104
TGATTCTTCCCGAGGT-1,3,MORF4L1-2|PPIB-1|PPP2CA-1,11|93|165
TGATTTCCACCCAAGC-1,1,MORF4L1-2,49
TGGAGGACACAAGCAG-1,2,MORF4L1-2|Non-Targeting-8,97|1172
TGTTCTAGTCGTCTCT-1,1,MORF4L1-2,171
TTTACCAGTCGGAAAC-1,2,MORF4L1-2|TMPRSS2-1,33|33
AACCAACAGTAAGAGG-1,2,NOC2L-1|Non-Targeting-7,274|255
AGGTTGTAGTCTGCGC-1,1,NOC2L-1,36
AGTTAGCCAGTATTCG-1,1,NOC2L-1,14
CGCAGGTAGATCACTC-1,3,NOC2L-1|RBBP4-1|TRA2B-1,51|80|61
GTAACACCAGGTCAAG-1,3,NOC2L-1|RBBP4-1|TRA2B-1,106|141|139
TCTCACGGTATTGGCT-1,1,NOC2L-1,84
TTTATGCAGGCTAGCA-1,1,NOC2L-1,59
ACACGCGTCGCCACTT-1,1,NOC2L-2,62
AGATCCACAGGGACTA-1,1,NOC2L-2,5
ATCGATGCATTGCCTC-1,1,NOC2L-2,13
CATTGCCTCTTGGCTC-1,1,NOC2L-2,31
GAGCTGCTCTGACCCT-1,1,NOC2L-2,18
GGGTTATCAGCGAACA-1,2,NOC2L-2|TPR-2,70|3
TGGAGGACACATACTG-1,1,NOC2L-2,146
TGTGGCGGTGGTTTAC-1,1,NOC2L-2,144
AAACCCAGTCGATTCA-1,1,Non-Targeting-5,613
AACCACAGTTGAGTCT-1,2,Non-Targeting-5|SMARCD1-1,119|67
AACCATGGTCCGATCG-1,1,Non-Targeting-5,260
AAGCGAGTCTGCGTCT-1,1,Non-Targeting-5,27
AAGCGTTGTTAGCGGA-1,1,Non-Targeting-5,566
AATGAAGTCGGCTGTG-1,2,Non-Targeting-5|PAIP2-1,75|546
ACAAGCTTCACCATAG-1,1,Non-Targeting-5,368
ACACAGTAGGGACACT-1,1,Non-Targeting-5,54
ACACAGTTCCATTGCC-1,1,Non-Targeting-5,207
ACACAGTTCTAGAGCT-1,3,Non-Targeting-5|Non-Targeting-7|TMPRSS2-1,31|415|728
ACACCAATCCCTCAAC-1,1,Non-Targeting-5,157
ACACGCGCAAGCCATT-1,1,Non-Targeting-5,203
ACCAACACAGAACTTC-1,1,Non-Targeting-5,669
ACGATGTTCTGCTTAT-1,1,Non-Targeting-5,213
ACGTCCTGTCGTTCAA-1,1,Non-Targeting-5,47
ACTATGGCAAGTGACG-1,1,Non-Targeting-5,70
ACTCCCAAGGTAGTAT-1,1,Non-Targeting-5,383
ACTTTGTTCCGCTTAC-1,1,Non-Targeting-5,46
AGAAATGCAACACAGG-1,2,Non-Targeting-5|PAIP2-2,100|12
AGAAATGTCAAATAGG-1,1,Non-Targeting-5,88
AGACACTCAATAGTAG-1,1,Non-Targeting-5,99
AGACCATTCGCCGTGA-1,1,Non-Targeting-5,532
AGATGCTAGCAAACAT-1,1,Non-Targeting-5,164
AGCCAGCCAGCCATTA-1,1,Non-Targeting-5,248
AGCTTCCGTCGTGCCA-1,1,Non-Targeting-5,407
AGGAATACATCTTTCA-1,1,Non-Targeting-5,113
AGGATCTGTCGTTTCC-1,1,Non-Targeting-5,230
AGGTCATAGCGTCGAA-1,1,Non-Targeting-5,72
AGGTTGTGTGTTTCTT-1,2,Non-Targeting-5|Non-Targeting-7,73|142
AGTACCAAGCACCAGA-1,1,Non-Targeting-5,61
AGTCAACAGTAATTGG-1,2,Non-Targeting-5|SNRNP40-1,298|1070
AGTCTCCCAAGTCCAT-1,1,Non-Targeting-5,190
AGTGATCGTCAGCTTA-1,1,Non-Targeting-5,47
ATACCTTCAAGAAATC-1,1,Non-Targeting-5,477
ATCACAGGTGACTAAA-1,1,Non-Targeting-5,296
ATCACTTAGTTCTCTT-1,2,Non-Targeting-5|Non-Targeting-7,48|271
ATCCTATAGGGAACAA-1,1,Non-Targeting-5,593
ATCGTGATCTTTGATC-1,1,Non-Targeting-5,502
ATCTTCAAGCTGTTCA-1,1,Non-Targeting-5,58
ATGCCTCAGGACAACC-1,1,Non-Targeting-5,38
ATGGAGGTCCTAGCTC-1,1,Non-Targeting-5,86
CACATGATCCAAGCAT-1,1,Non-Targeting-5,624
CACGGGTGTGCAACAG-1,2,Non-Targeting-5|Non-Targeting-7,40|181
CACGGGTTCATAGACC-1,1,Non-Targeting-5,726
CACTGAACATAGGTTC-1,1,Non-Targeting-5,169
CAGAGCCAGATACCAA-1,1,Non-Targeting-5,111
CAGATACCACGCGTGT-1,1,Non-Targeting-5,224
CAGATCAAGATTTGCC-1,4,Non-Targeting-5|SMARCD1-1|SRPK1-2|UBXN1-2,25|52|32|137
CAGATTGAGTCTAACC-1,1,Non-Targeting-5,236
CAGCAATTCGGATACT-1,2,Non-Targeting-5|PPIB-1,61|208
CATCAAGTCCTTCACG-1,2,Non-Targeting-5|SRPK1-2,54|92
CATCCCAAGCATAGGC-1,2,Non-Targeting-5|PPIB-2,365|96
CATCCCAGTCGAGTGA-1,2,Non-Targeting-5|TMPRSS2-2,525|141
CATGCTCAGATGTTGA-1,2,Non-Targeting-5|SET-2,41|58
CATGCTCTCGGCTGGT-1,1,Non-Targeting-5,104
CATTGCCCAGCAGTGA-1,1,Non-Targeting-5,484
CCAATGACAGAACTCT-1,1,Non-Targeting-5,721
CCACGAGGTATCAGGG-1,2,Non-Targeting-5|Non-Targeting-7,24|51
CCACGTTGTTCCTACC-1,1,Non-Targeting-5,34
CCACGTTTCAAACGTC-1,1,Non-Targeting-5,562
CCCGAAGGTTAAGAAC-1,1,Non-Targeting-5,157
CCGATCTAGACATAGT-1,1,Non-Targeting-5,204
CCTCAGTAGTTCTCTT-1,2,Non-Targeting-5|Non-Targeting-8,118|118
CCTGCATCAAACGAGC-1,1,Non-Targeting-5,402
CGACAGCCACCCTAAA-1,1,Non-Targeting-5,353
CGATCGGGTGAGCAGT-1,1,Non-Targeting-5,209
CTACAGAGTCAACATC-1,2,Non-Targeting-5|Non-Targeting-7,43|421
CTATCTACAAATGGAT-1,1,Non-Targeting-5,136
CTCAGTCAGGTGAGCT-1,1,Non-Targeting-5,190
CTCCATGGTCAGCTTA-1,1,Non-Targeting-5,135
CTCCGATGTGGTAACG-1,1,Non-Targeting-5,212
CTCTCAGTCCGAAATC-1,1,Non-Targeting-5,108
CTTCAATTCGGAAACG-1,2,Non-Targeting-5|SMARCD1-2,46|60
CTTCCTTTCGTGTCAA-1,1,Non-Targeting-5,59
CTTCTAAGTGGCGCTT-1,1,Non-Targeting-5,96
CTTGAGAAGATCCAAA-1,1,Non-Targeting-5,216
CTTGATTTCTGTGTGA-1,1,Non-Targeting-5,211
GAAACCTGTTGGCCGT-1,1,Non-Targeting-5,268
GAAGCCCCATCGCTCT-1,1,Non-Targeting-5,342
GAAGCCCGTAGTGCGA-1,2,Non-Targeting-5|PPIB-1,359|754
GACCGTGTCTAGAGCT-1,2,Non-Targeting-5|TMPRSS2-1,370|529
GACTCAATCAGAGTTC-1,3,Non-Targeting-5|RBM25-2|SUZ12-2,154|44|579
GAGAGGTAGGGACCAT-1,1,Non-Targeting-5,171
GAGGGATGTGGACTGA-1,1,Non-Targeting-5,173
GAGTGTTAGAACAGGA-1,4,Non-Targeting-5|Non-Targeting-7|SMARCD1-1|TMPRSS2-1,71|235|28|225
GATCGTAGTAAGATCA-1,1,Non-Targeting-5,52
GATGGAGCACACGGAA-1,1,Non-Targeting-5,42
GATTCGAAGGTTATAG-1,1,Non-Targeting-5,105
GCACGTGTCAGTCACA-1,1,Non-Targeting-5,350
GCAGGCTGTTGTCTAG-1,1,Non-Targeting-5,54
GCAGTTATCCCATGGG-1,1,Non-Targeting-5,254
GCCCGAAAGGGTTAGC-1,1,Non-Targeting-5,84
GCCCGAAGTAAGTCAA-1,1,Non-Targeting-5,353
GCCTGTTAGCCGGATA-1,1,Non-Targeting-5,54
GCCTGTTCAAATGAAC-1,1,Non-Targeting-5,123
GCTACAATCCAACACA-1,1,Non-Targeting-5,492
GCTTGGGAGGTCGAGT-1,1,Non-Targeting-5,189
GGCTTTCCACTCACTC-1,1,Non-Targeting-5,490
GGGAGTAGTAGATTGA-1,1,Non-Targeting-5,82
GGTCACGCATGGGTTT-1,1,Non-Targeting-5,298
GGTGGCTAGCATGGGT-1,1,Non-Targeting-5,90
GGTTAACAGCGACTTT-1,2,Non-Targeting-5|PPIB-1,74|63
GGTTGTAAGCTGTTCA-1,1,Non-Targeting-5,96
GTAGCTAAGATTAGAC-1,1,Non-Targeting-5,316
GTCAGCGAGTCAGCGA-1,1,Non-Targeting-5,474
GTCATTTCAGCGCGTT-1,1,Non-Targeting-5,276
GTCCACTGTGTTCGAT-1,1,Non-Targeting-5,191
GTGAGCCAGTGGTCAG-1,1,Non-Targeting-5,33
GTGCTTCTCTTCTGGC-1,1,Non-Targeting-5,32
GTGTCCTCAGCGTTGC-1,1,Non-Targeting-5,336
GTTAGACCACCCAATA-1,1,Non-Targeting-5,587
GTTGCTCAGCCATTCA-1,3,Non-Targeting-5|Non-Targeting-8|TMPRSS2-1,46|39|74
TAACCAGTCAGCGGAA-1,1,Non-Targeting-5,286
TAAGTCGAGAAGGTAG-1,1,Non-Targeting-5,324
TACACCCAGCGTCGAA-1,1,Non-Targeting-5,219
TACACCCCAATTGCCA-1,1,Non-Targeting-5,220
TACATTCTCAGACCTA-1,1,Non-Targeting-5,560
TACCGGGGTAGACGGT-1,1,Non-Targeting-5,461
TACCGGGTCGAGCTGC-1,1,Non-Targeting-5,29
TACGGGCGTTAGAGTA-1,2,Non-Targeting-5|RAB1A-2,374|163
TAGACCAGTGAGCGAT-1,1,Non-Targeting-5,347
TATGTTCAGCATACTC-1,1,Non-Targeting-5,329
TATTCCACACATATGC-1,1,Non-Targeting-5,585
TATTGCTTCCTACGAA-1,1,Non-Targeting-5,63
TATTTCGAGAAGCCTG-1,1,Non-Targeting-5,643
TCACATTTCCATCACC-1,1,Non-Targeting-5,157
TCACGGGAGACTAAGT-1,1,Non-Targeting-5,294
TCAGTTTGTTCTCAGA-1,1,Non-Targeting-5,241
TCATACTCAATTTCTC-1,1,Non-Targeting-5,253
TCATTTGTCATCTCTA-1,1,Non-Targeting-5,261
TCCACGTTCGAACCAT-1,1,Non-Targeting-5,212
TCCCAGTCACTATGTG-1,1,Non-Targeting-5,68
TCCTTTCGTAATACCC-1,1,Non-Targeting-5,95
TCGACGGCATAGATCC-1,1,Non-Targeting-5,31
TCGTCCACAGAGGCAT-1,1,Non-Targeting-5,170
TCTACATCAGAGTCAG-1,1,Non-Targeting-5,162
TCTCAGCAGAAACTCA-1,2,Non-Targeting-5|PPIB-1,280|371
TCTTTGAGTCGCATGC-1,1,Non-Targeting-5,167
TGACAGTAGGGAACAA-1,1,Non-Targeting-5,477
TGACCCTGTTAACCTG-1,1,Non-Targeting-5,63
TGAGGGACACGTGAGA-1,1,Non-Targeting-5,236
TGATCTTGTGCTCGTG-1,1,Non-Targeting-5,127
TGATGCATCAGACAAA-1,3,Non-Targeting-5|Non-Targeting-8|RAB1A-2,300|579|364
TGATGGTTCATTGTTC-1,1,Non-Targeting-5,678
TGCAGGCGTGAGACGT-1,4,Non-Targeting-5|Non-Targeting-7|PPIB-1|SRPK1-2,507|570|1072|378
TGCATGAAGTGGTCAG-1,1,Non-Targeting-5,533
TGCCGAGGTATATGGA-1,1,Non-Targeting-5,219
TGCGGCATCCTTATAC-1,1,Non-Targeting-5,671
TGGAGAGAGCATGTTC-1,1,Non-Targeting-5,57
TGGAGAGGTCGTATTG-1,3,Non-Targeting-5|Non-Targeting-8|SNRNP70-1,71|191|38
TGGGTTAGTCGGCTAC-1,1,Non-Targeting-5,41
TGGTAGTCATCGTGCG-1,1,Non-Targeting-5,253
TGTACAGGTAGAGATT-1,1,Non-Targeting-5,577
TGTGTGACAAGAGGTC-1,1,Non-Targeting-5,335
TTACGCCCAAGGTTGG-1,1,Non-Targeting-5,313
TTAGGCACATCTCCCA-1,1,Non-Targeting-5,32
TTAGGGTGTATCACGT-1,1,Non-Targeting-5,117
TTAGGGTTCTTACCAT-1,2,Non-Targeting-5|SMARCD1-2,183|75
TTAGTCTTCAGGTAAA-1,1,Non-Targeting-5,139
TTCATTGTCGTGGCTG-1,1,Non-Targeting-5,431
TTCATTGTCTTTGCAT-1,1,Non-Targeting-5,192
TTCGCTGAGGGCTTCC-1,1,Non-Targeting-5,360
TTCTCTCTCACTGTTT-1,1,Non-Targeting-5,346
TTCTGTAGTGTTTACG-1,1,Non-Targeting-5,42
TTGGGCGCATGAAAGT-1,1,Non-Targeting-5,41
TTGTTCACAACCAATC-1,2,Non-Targeting-5|TPR-1,216|173
TTTACGTGTCACAATC-1,1,Non-Targeting-5,16
TTTCATGCATGAAAGT-1,1,Non-Targeting-5,23
TTTCGATTCAACGAGG-1,1,Non-Targeting-5,172
AACCATGAGGATATAC-1,1,Non-Targeting-7,490
AACCCAAAGGTTCACT-1,1,Non-Targeting-7,146
AACCCAAGTGGGAGAG-1,2,Non-Targeting-7|Non-Targeting-8,143|412
AACGAAAAGATAGGGA-1,1,Non-Targeting-7,359
AACGAAATCAAAGAAC-1,1,Non-Targeting-7,676
AACGGGACATTCTCCG-1,1,Non-Targeting-7,686
AACTTCTTCAGTCCGG-1,1,Non-Targeting-7,254
AAGAACACATTGCCGG-1,1,Non-Targeting-7,23
AAGACTCAGTACGTCT-1,1,Non-Targeting-7,451
AAGCATCCAAGGCGTA-1,1,Non-Targeting-7,400
AATCGACCAGTAGTGG-1,2,Non-Targeting-7|PPIB-2,237|99
AATTCCTGTTTGGGAG-1,2,Non-Targeting-7|SUZ12-2,358|243
ACAGGGAAGCTAAGTA-1,1,Non-Targeting-7,17
ACATTTCAGGTTAAAC-1,1,Non-Targeting-7,332
ACGGTCGTCGATACAC-1,2,Non-Targeting-7|PAIP2-1,221|435
ACGTAACTCAGACTGT-1,1,Non-Targeting-7,933
ACTTCCGTCGCTCCTA-1,1,Non-Targeting-7,74
ACTTCGCGTGAGTAGC-1,1,Non-Targeting-7,81
ACTTTCAGTGTACAGG-1,1,Non-Targeting-7,138
AGAGCAGGTCGCAACC-1,1,Non-Targeting-7,241
AGATGAAGTGGTCCGT-1,3,Non-Targeting-7|PAIP2-1|SMARCD1-1,602|107|195
AGGAAATTCAGGTAAA-1,1,Non-Targeting-7,121
AGGACTTTCCCAATAG-1,1,Non-Targeting-7,464
AGGCATTAGTAGGATT-1,1,Non-Targeting-7,404
AGGTCATGTTGTAAAG-1,2,Non-Targeting-7|PPIB-2,518|23
AGTACTGAGCGAACTG-1,1,Non-Targeting-7,360
AGTACTGTCTTGGCTC-1,1,Non-Targeting-7,536
AGTCAACTCCCTGGTT-1,1,Non-Targeting-7,434
ATACTTCAGGCGAAGG-1,1,Non-Targeting-7,81
ATAGAGACAGTATTCG-1,1,Non-Targeting-7,375
ATAGGCTGTTGGAGGT-1,1,Non-Targeting-7,75
ATGGAGGCAACCGGAA-1,1,Non-Targeting-7,588
ATGGGAGGTAGTAAGT-1,1,Non-Targeting-7,145
ATGTCTTCAAACTCGT-1,1,Non-Targeting-7,109
ATTCCCGGTACGCTTA-1,1,Non-Targeting-7,194
ATTCTACAGGTTCCGC-1,3,Non-Targeting-7|Non-Targeting-8|UBE2N-1,150|209|95
CAACAACTCGTTTACT-1,1,Non-Targeting-7,113
CAACCAACAGTCAGTT-1,1,Non-Targeting-7,224
CAGATTGTCGAAACAA-1,1,Non-Targeting-7,31
CAGTTAGAGGCACTAG-1,1,Non-Targeting-7,61
CAGTTCCTCCATCGTC-1,1,Non-Targeting-7,496
CATGCCTCAGCGATTT-1,1,Non-Targeting-7,204
CATTCTACACCAATTG-1,1,Non-Targeting-7,190
CCAATGAGTCTCACGG-1,1,Non-Targeting-7,150
CCCTTAGAGGTTTACC-1,1,Non-Targeting-7,319
CCTTCAGGTTATGTGC-1,1,Non-Targeting-7,27
CGACAGCCATAATGAG-1,1,Non-Targeting-7,825
CGAGTTAAGCGATGAC-1,1,Non-Targeting-7,94
CGCGTGACAACTCGAT-1,1,Non-Targeting-7,408
CGGGTGTTCGGCATTA-1,1,Non-Targeting-7,158
CGTCAAACAGTCTCTC-1,1,Non-Targeting-7,106
CTAACTTAGGCCACCT-1,1,Non-Targeting-7,43
CTCAGGGCAACGGCTC-1,1,Non-Targeting-7,17
CTCCCTCAGCTTCGTA-1,1,Non-Targeting-7,112
CTCCCTCTCCCGGTAG-1,1,Non-Targeting-7,55
CTGGCAGCACGAGGTA-1,1,Non-Targeting-7,561
CTGTAGATCGCACTCT-1,1,Non-Targeting-7,170
CTTCCGAGTCATCCGG-1,1,Non-Targeting-7,278
GAAGCGACAACACGAG-1,1,Non-Targeting-7,102
GAAGTAAAGCTGGTGA-1,1,Non-Targeting-7,179
GAATAGACAGTCACGC-1,1,Non-Targeting-7,569
GAATCGTCACGACAAG-1,1,Non-Targeting-7,313
GACCCTTTCAGCTGAT-1,1,Non-Targeting-7,77
GAGTTTGTCGGCATTA-1,1,Non-Targeting-7,205
GATCACACAGAGTGAC-1,1,Non-Targeting-7,390
GCACGGTCACTCCTGT-1,1,Non-Targeting-7,123
GCCCGAACATGCGGTC-1,2,Non-Targeting-7|Non-Targeting-8,323|372
GCTGCAGCACTATCCC-1,1,Non-Targeting-7,79
GCTTGGGTCTTGGAAC-1,1,Non-Targeting-7,605
GGAGAACTCGTCGACG-1,1,Non-Targeting-7,248
GGAGGTAAGACCCGCT-1,1,Non-Targeting-7,174
GGCTGTGAGCGCCCAT-1,1,Non-Targeting-7,274
GGGATGAAGTAGGTTA-1,1,Non-Targeting-7,1045
GGGTCTGCAGACACAG-1,1,Non-Targeting-7,398
GGTTGTAGTACGTACT-1,1,Non-Targeting-7,73
GTAAGTCGTACTCGAT-1,2,Non-Targeting-7|PAIP2-1,51|208
GTAATCGTCATTTGGG-1,1,Non-Targeting-7,413
GTATTGGTCGAAGGAC-1,1,Non-Targeting-7,282
GTCACTCAGTCGCCAC-1,1,Non-Targeting-7,535
GTCCACTAGTGCGCTC-1,2,Non-Targeting-7|SMARCD1-1,142|35
GTCCCATAGGTAAACT-1,1,Non-Targeting-7,280
GTCCCATCAGGCAATG-1,1,Non-Targeting-7,106
GTCGCGACAAACAGGC-1,1,Non-Targeting-7,55
GTCGCGAGTCTGCATA-1,1,Non-Targeting-7,108
GTCTACCTCATGAGAA-1,1,Non-Targeting-7,796
GTGTTAGCACAGCTGC-1,1,Non-Targeting-7,603
GTTTACTCACCTATCC-1,1,Non-Targeting-7,33
TAACTTCAGTACGTCT-1,1,Non-Targeting-7,764
TAAGCGTCATTCCTCG-1,1,Non-Targeting-7,463
TACAGGTGTGACAGGT-1,1,Non-Targeting-7,133
TAGAGTCCAGCAGACA-1,2,Non-Targeting-7|SRPK1-2,532|322
TAGCACAAGGTAGTCG-1,1,Non-Targeting-7,107
TAGGGTTGTATAGGGC-1,1,Non-Targeting-7,264
TATGTTCCAATAGGGC-1,1,Non-Targeting-7,61
TCACGCTGTTGCAACT-1,1,Non-Targeting-7,22
TCACGGGTCTTAGCCC-1,1,Non-Targeting-7,264
TCACTATCAACATCGT-1,1,Non-Targeting-7,435
TCAGCAACAACACAAA-1,1,Non-Targeting-7,413
TCAGTCCTCGAGTCCG-1,1,Non-Targeting-7,563
TCAGTGAGTCTAATCG-1,1,Non-Targeting-7,48
TCAGTTTGTGCATTTG-1,1,Non-Targeting-7,217
TCATTTGTCAGAATAG-1,1,Non-Targeting-7,415
TCCGGGATCCACTAGA-1,1,Non-Targeting-7,636
TCCTAATGTGCCTGCA-1,1,Non-Targeting-7,811
TCCTCTTGTGCGGTAA-1,2,Non-Targeting-7|PAIP2-2,372|179
TCGGGCACACCTATCC-1,1,Non-Targeting-7,253
TCGGGCATCAGTCCGG-1,1,Non-Targeting-7,420
TCGGGTGCACCTTCCA-1,1,Non-Targeting-7,297
TCTACATGTACCGTGC-1,2,Non-Targeting-7|PPP2CA-1,433|124
TCTCACGTCTCCCTAG-1,1,Non-Targeting-7,289
TCTTCCTTCATGAAAG-1,1,Non-Targeting-7,175
TCTTGCGTCACACCCT-1,1,Non-Targeting-7,577
TGAGCATCAAAGCGTG-1,1,Non-Targeting-7,327
TGATTTCAGATAGTGT-1,1,Non-Targeting-7,214
TGCAGTATCAGAACCT-1,2,Non-Targeting-7|RAB1A-2,38|233
TGCATCCAGGGCTTCC-1,1,Non-Targeting-7,482
TGCGGCAGTGTAGGAC-1,1,Non-Targeting-7,476
TGCGGGTTCTAGACAC-1,1,Non-Targeting-7,237
TGGGATTGTATGTGTC-1,1,Non-Targeting-7,32
TGTTCTAAGGTCACTT-1,1,Non-Targeting-7,293
TGTTGAGTCTACGGGC-1,1,Non-Targeting-7,466
TTACAGGGTTTACTGG-1,1,Non-Targeting-7,469
TTACCGCTCTGTACAG-1,1,Non-Targeting-7,161
TTAGGGTGTAGAGATT-1,1,Non-Targeting-7,531
TTCACCGGTCCACGCA-1,1,Non-Targeting-7,19
TTCATGTCACAAGCCC-1,2,Non-Targeting-7|PAIP2-2,35|296
TTCCACGCATTGTCGA-1,1,Non-Targeting-7,187
TTCCACGTCAAACTGC-1,1,Non-Targeting-7,570
TTCTAACTCAAACGTC-1,1,Non-Targeting-7,164
TTGGGATAGACGACTG-1,1,Non-Targeting-7,315
TTGGGCGTCATCAGTG-1,1,Non-Targeting-7,306
TTGTTGTAGATGCTTC-1,2,Non-Targeting-7|Non-Targeting-8,64|154
TTTCGATGTCGGCTAC-1,1,Non-Targeting-7,549
TTTGTTGTCAAACGTC-1,3,Non-Targeting-7|PAIP2-1|SUZ12-1,144|308|186
AAAGGTATCATACGGT-1,1,Non-Targeting-8,883
AAAGTGAGTACGATGG-1,1,Non-Targeting-8,594
AAATGGACATGAAGCG-1,1,Non-Targeting-8,270
AACACACCAGAGCTAG-1,1,Non-Targeting-8,41
AAGAACACAGATAAAC-1,1,Non-Targeting-8,452
AAGCCATGTGACTATC-1,1,Non-Targeting-8,1174
AAGCGAGAGATAACGT-1,1,Non-Targeting-8,399
AAGGAATAGTCAGGGT-1,1,Non-Targeting-8,229
AAGGAATCATTCATCT-1,1,Non-Targeting-8,92
AATGAAGGTCCCAAAT-1,1,Non-Targeting-8,239
AATGCCAAGCGTCAGA-1,1,Non-Targeting-8,915
ACACTGATCGCCACTT-1,1,Non-Targeting-8,432
ACAGCCGTCTATGCCC-1,1,Non-Targeting-8,319
ACCAACAAGACAACTA-1,1,Non-Targeting-8,808
ACTATGGTCTGTGTGA-1,1,Non-Targeting-8,239
ACTATTCTCTTCGTAT-1,1,Non-Targeting-8,738
ACTCCCAAGCGCTGCT-1,1,Non-Targeting-8,45
AGATCCAGTTACGATC-1,1,Non-Targeting-8,308
AGCGCCACATCCGCGA-1,1,Non-Targeting-8,114
AGGAATACAACATCGT-1,1,Non-Targeting-8,318
AGGACGAGTAGCCCTG-1,1,Non-Targeting-8,706
AGGACTTGTCTCAGGC-1,1,Non-Targeting-8,51
AGGACTTTCGAGAGAC-1,1,Non-Targeting-8,543
AGGATAAAGAAACACT-1,2,Non-Targeting-8|PAIP2-2,542|486
AGGGCTCCACCGCTAG-1,1,Non-Targeting-8,268
AGGTTACGTAGATCGG-1,1,Non-Targeting-8,223
ATAGACCTCCCAGCGA-1,1,Non-Targeting-8,69
ATCCGTCCATCAGTCA-1,1,Non-Targeting-8,304
ATCGTGACATACCACA-1,2,Non-Targeting-8|PAIP2-2,25|477
ATGCGATGTTTGTGGT-1,1,Non-Targeting-8,240
ATGGGAGAGCTCGACC-1,1,Non-Targeting-8,76
ATGTCCCTCTGGTGCG-1,1,Non-Targeting-8,1014
ATTACTCCATATACCG-1,1,Non-Targeting-8,221
ATTATCCCATAGACTC-1,1,Non-Targeting-8,150
ATTCCATTCACTTGGA-1,1,Non-Targeting-8,111
ATTCCTACATGCCGAC-1,1,Non-Targeting-8,826
CAAAGAAAGGAAACGA-1,1,Non-Targeting-8,32
CAAGAGGGTCCGGCAT-1,1,Non-Targeting-8,36
CACAGGCGTCCGAAAG-1,1,Non-Targeting-8,104
CACGGGTGTACCAATC-1,1,Non-Targeting-8,266
CACTTCGCAATCCAGT-1,2,Non-Targeting-8|TMPRSS2-1,240|238
CAGAGCCCAACAGAGC-1,1,Non-Targeting-8,650
CATGAGTGTACCTATG-1,1,Non-Targeting-8,637
CATTCATTCAGAGCGA-1,1,Non-Targeting-8,181
CATTCCGCATAAGCGG-1,1,Non-Targeting-8,22
CATTCCGTCATTACGG-1,1,Non-Targeting-8,205
CCACAAAGTATAGGAT-1,2,Non-Targeting-8|RBBP4-1,76|35
CCACACTAGATCCCGC-1,1,Non-Targeting-8,391
CCACACTTCTGCACCT-1,2,Non-Targeting-8|RAB1A-2,154|155
CCATCACAGATGGTAT-1,1,Non-Targeting-8,122
CCCAACTAGGCCTAGA-1,2,Non-Targeting-8|SRPK1-2,459|27
CCGAACGGTATCTTCT-1,1,Non-Targeting-8,1135
CCGTTCAGTATACCCA-1,2,Non-Targeting-8|RBM25-1,19|17
CCTACGTGTGGACAGT-1,1,Non-Targeting-8,214
CCTCATGTCAAGTTGC-1,1,Non-Targeting-8,490
CCTCCAAGTGTTTACG-1,1,Non-Targeting-8,804
CCTTTGGGTGCTGATT-1,1,Non-Targeting-8,295
CGAATTGTCTTAGCAG-1,1,Non-Targeting-8,548
CGACAGCTCTTGCAGA-1,1,Non-Targeting-8,737
CGAGGAAGTAGTTCCA-1,2,Non-Targeting-8|PAIP2-1,136|740
CGATCGGAGCATTGTC-1,1,Non-Targeting-8,305
CGCATAAAGTCTGGAG-1,1,Non-Targeting-8,407
CGCCAGATCGTGCACG-1,2,Non-Targeting-8|SNRNP40-1,137|227
CGCGTGAAGTAAACAC-1,1,Non-Targeting-8,253
CGGCAGTAGACGAAGA-1,1,Non-Targeting-8,142
CGTAATGAGCTACTGT-1,1,Non-Targeting-8,96
CGTAATGAGTGAACAT-1,1,Non-Targeting-8,80
CGTAGTAAGATGCAGC-1,1,Non-Targeting-8,284
CGTGAATTCATTGAGC-1,2,Non-Targeting-8|SRPK1-2,272|102
CGTTCTGGTAGCGTCC-1,1,Non-Targeting-8,380
CTAACCCTCTGCATGA-1,1,Non-Targeting-8,225
CTCAAGACAAACACGG-1,2,Non-Targeting-8|TMPRSS2-2,786|115
CTCAAGACACGTCATA-1,1,Non-Targeting-8,759
CTCCAACCATGATAGA-1,1,Non-Targeting-8,512
CTCCACACATGTTACG-1,1,Non-Targeting-8,156
CTCCCAACAAGCCTGC-1,1,Non-Targeting-8,177
CTCCCAACATACTGAC-1,1,Non-Targeting-8,38
CTCCTTTCATAGCACT-1,1,Non-Targeting-8,36
CTCCTTTTCCTGGGTG-1,1,Non-Targeting-8,53
CTGTCGTGTACGATGG-1,1,Non-Targeting-8,95
CTGTGAACAGAGACTG-1,1,Non-Targeting-8,870
CTTCTAAAGCAAATCA-1,2,Non-Targeting-8|SMARCD1-1,246|56
CTTCTCTCAGTCACGC-1,1,Non-Targeting-8,84
CTTTCAAGTTCTAACG-1,1,Non-Targeting-8,545
GAAACCTTCGCAGTTA-1,1,Non-Targeting-8,165
GAAGTAAAGGAGAGTA-1,1,Non-Targeting-8,491
GAGACTTAGGTCCCGT-1,2,Non-Targeting-8|SRPK1-2,283|96
GAGGGATGTATCGCAT-1,1,Non-Targeting-8,227
GATCAGTCAAGTGATA-1,1,Non-Targeting-8,476
GATGACTAGTGGTGAC-1,2,Non-Targeting-8|PAIP2-2,285|21
GATGTTGCAGCGTACC-1,1,Non-Targeting-8,331
GCAGCTGCAACTCGTA-1,1,Non-Targeting-8,627
GCAGCTGCAGACTCTA-1,1,Non-Targeting-8,119
GCATTAGAGTACAACA-1,1,Non-Targeting-8,115
GCCAACGTCAGGAAGC-1,1,Non-Targeting-8,715
GCGAGAACAGAGTCAG-1,1,Non-Targeting-8,493
GCGATCGTCACGTAGT-1,1,Non-Targeting-8,332
GCGGAAACAGTCGGTC-1,1,Non-Targeting-8,199
GCTACCTGTCGTCAGC-1,1,Non-Targeting-8,178
GCTTGGGCAGTCGTTA-1,1,Non-Targeting-8,378
GCTTTCGAGTGCTAGG-1,1,Non-Targeting-8,144
GCTTTCGCATCGATAC-1,1,Non-Targeting-8,369
GGAGATGGTACTGTTG-1,1,Non-Targeting-8,432
GGAGGTACAGGCTCTG-1,1,Non-Targeting-8,246
GGAGGTATCAGCACCG-1,1,Non-Targeting-8,177
GGGTCACGTAATTAGG-1,1,Non-Targeting-8,65
GGTAATCCAGTCTCTC-1,1,Non-Targeting-8,228
GGTGAAGCAAAGTGTA-1,1,Non-Targeting-8,160
GGTGTTACATGGGCAA-1,1,Non-Targeting-8,223
GGTTCTCCAATCTCGA-1,1,Non-Targeting-8,303
GTAGCTAAGAAACTGT-1,1,Non-Targeting-8,473
GTATTGGGTGCCTGAC-1,1,Non-Targeting-8,27
GTCATCCAGCAGATAT-1,1,Non-Targeting-8,518
GTCATCCGTCCGTTTC-1,1,Non-Targeting-8,85
GTCGAATTCGGTTAGT-1,1,Non-Targeting-8,361
GTCGCGAAGTCTGCAT-1,1,Non-Targeting-8,112
GTCGTAACAATCAGCT-1,1,Non-Targeting-8,462
GTCGTTCCACTGGCGT-1,1,Non-Targeting-8,92
GTCTAGAAGTGGATTA-1,2,Non-Targeting-8|SET-2,287|51
GTCTAGACAGCGTTGC-1,1,Non-Targeting-8,498
GTGACGCCACTGGCCA-1,1,Non-Targeting-8,136
GTGACGCGTGATATAG-1,1,Non-Targeting-8,358
GTGAGCCAGCTGGCTC-1,1,Non-Targeting-8,480
GTGCAGCTCTTCCCGA-1,2,Non-Targeting-8|SRPK1-2,270|112
GTGCTGGTCAGCTCTC-1,1,Non-Targeting-8,445
GTTCCGTAGAAACCCG-1,1,Non-Targeting-8,29
GTTCGCTAGTGTTGTC-1,1,Non-Targeting-8,373
GTTGCGGAGCTTAGTC-1,1,Non-Targeting-8,727
GTTGTAGGTAGACGTG-1,2,Non-Targeting-8|SRRT-1,279|88
GTTTACTTCACAGAGG-1,1,Non-Targeting-8,377
TAAGCACGTAGCACGA-1,2,Non-Targeting-8|PAIP2-2,488|458
TACAACGGTTACCCTC-1,2,Non-Targeting-8|UBXN1-2,32|49
TACGGGCAGTCGCGAA-1,1,Non-Targeting-8,1152
TACGTCCTCTCGGTCT-1,2,Non-Targeting-8|PPIB-2,49|88
TACTTGTCACCTTCCA-1,2,Non-Targeting-8|PPP2CA-2,76|86
TAGGGTTTCCATATGG-1,1,Non-Targeting-8,302
TATCCTAGTTGCAAGG-1,1,Non-Targeting-8,340
TCAATCTCATCGGTTA-1,2,Non-Targeting-8|SUZ12-2,90|115
TCAATTCAGTGCCCGT-1,2,Non-Targeting-8|PPIB-1,192|107
TCACGGGAGTCATGGG-1,1,Non-Targeting-8,559
TCATCCGAGGGCCCTT-1,1,Non-Targeting-8,380
TCATGCCGTCTTCATT-1,1,Non-Targeting-8,144
TCATTGTAGTTGCATC-1,1,Non-Targeting-8,61
TCCACCATCTTCGGTC-1,1,Non-Targeting-8,176
TCCCAGTAGACGGTCA-1,1,Non-Targeting-8,383
TCCTTCTGTTGCATGT-1,1,Non-Targeting-8,366
TCGCTTGTCAGGAAAT-1,1,Non-Targeting-8,52
TCGCTTGTCTTCGGTC-1,1,Non-Targeting-8,108
TCGGGCAGTACTCAAC-1,1,Non-Targeting-8,501
TCTACATGTAGGTCAG-1,1,Non-Targeting-8,1120
TCTCCGATCTTTGCAT-1,1,Non-Targeting-8,84
TCTTAGTCAATACCCA-1,1,Non-Targeting-8,32
TCTTGCGAGTGGAATT-1,1,Non-Targeting-8,21
TGAATGCAGGCAGGGA-1,1,Non-Targeting-8,647
TGAGGGAGTGTGATGG-1,1,Non-Targeting-8,337
TGCACGGGTACTTCCC-1,1,Non-Targeting-8,31
TGCAGTATCGAGATGG-1,2,Non-Targeting-8|RBM25-2,564|50
TGCCGAGCAATTCTCT-1,1,Non-Targeting-8,319
TGCCGAGTCCCACAGG-1,2,Non-Targeting-8|PPIB-2,394|306
TGCGGCATCTCCGTGT-1,1,Non-Targeting-8,351
TGGGATTGTTACGTAC-1,1,Non-Targeting-8,238
TGGTACAGTAGCCCTG-1,1,Non-Targeting-8,336
TGGTACAGTTCCGCGA-1,2,Non-Targeting-8|TMPRSS2-2,120|37
TGGTGATGTCTCGGAC-1,1,Non-Targeting-8,444
TGTAACGGTACAGGTG-1,1,Non-Targeting-8,402
TGTCAGAAGAAACCAT-1,1,Non-Targeting-8,971
TGTCCTGGTCATTGCA-1,1,Non-Targeting-8,344
TTACCATTCTGGAAGG-1,1,Non-Targeting-8,300
TTCACCGTCATGAAAG-1,1,Non-Targeting-8,106
TTCATGTAGTAGTCCT-1,3,Non-Targeting-8|RBBP4-2|TMPRSS2-1,588|232|523
TTCCGTGCATTCAGGT-1,1,Non-Targeting-8,239
TTCTAGTAGCAGCCCT-1,1,Non-Targeting-8,482
TTGAGTGAGTTACGGG-1,1,Non-Targeting-8,631
TTTCAGTAGCGAAACC-1,1,Non-Targeting-8,206
AAACCCAGTATCTTCT-1,1,PAIP2-1,23
AAAGAACTCAAACGAA-1,2,PAIP2-1|PPIB-1,510|869
AACAAGACAGGAATAT-1,1,PAIP2-1,844
AAGGTAACAGCGTGCT-1,1,PAIP2-1,1453
AATCGACGTGTCTAAC-1,1,PAIP2-1,327
ACACAGTAGGGCTGAT-1,1,PAIP2-1,61
AGGACGAGTAGATCCT-1,1,PAIP2-1,458
AGGAGGTCAAGTAGTA-1,1,PAIP2-1,58
AGTCTCCAGCTGTTCA-1,1,PAIP2-1,175
ATCACGATCTTCTGGC-1,1,PAIP2-1,424
ATGAGTCGTCGACTGC-1,1,PAIP2-1,502
ATTCATCAGTAAACTG-1,1,PAIP2-1,114
CATCCGTAGGTAATCA-1,2,PAIP2-1|SET-2,378|188
CATTGTTCAGAGTCAG-1,1,PAIP2-1,605
CCCGAAGAGAGTTGCG-1,2,PAIP2-1|SMARCD1-2,46|10
CCCGAAGTCGACTCCT-1,1,PAIP2-1,1828
CCCTCAACATGACTCA-1,1,PAIP2-1,626
CCTCCTCAGGTTTGAA-1,1,PAIP2-1,32
CCTTGTGGTTTGTTCT-1,1,PAIP2-1,413
CTATCCGTCGTTCTCG-1,1,PAIP2-1,374
CTCAGAAAGGGACACT-1,1,PAIP2-1,1190
CTGCCTAAGCAGAAAG-1,1,PAIP2-1,839
CTGGCAGCAACAGAGC-1,1,PAIP2-1,345
GAACACTTCCAAGAGG-1,1,PAIP2-1,1082
GAAGCCCCACCCTGAG-1,1,PAIP2-1,4000
GAAGCCCCATCCTCAC-1,1,PAIP2-1,805
GACTCAACATTGTAGC-1,1,PAIP2-1,825
GATGACTGTACCGGAA-1,1,PAIP2-1,19
GATGTTGCACCACTGG-1,1,PAIP2-1,340
GCTTCACGTGGTTTAC-1,1,PAIP2-1,62
GGACGTCGTATCGAGG-1,1,PAIP2-1,766
GGAGATGGTGTAGGAC-1,1,PAIP2-1,823
GGCTTGGGTAGAGTTA-1,1,PAIP2-1,266
GTCGTTCGTGAGGATC-1,1,PAIP2-1,1615
GTGAGCCTCGATTCCC-1,1,PAIP2-1,31
GTTCCGTAGTATGAGT-1,1,PAIP2-1,160
TATTGGGCACTTGTGA-1,2,PAIP2-1|SNRNP40-2,39|77
TCACTATAGACACACG-1,1,PAIP2-1,147
TCATTTGCAAGACGGT-1,1,PAIP2-1,44
TCCATGCTCGTCCTTG-1,2,PAIP2-1|TMPRSS2-2,327|117
TCGTAGACAAGAATGT-1,2,PAIP2-1|PPIB-1,181|530
TCTATACGTGGCTGAA-1,2,PAIP2-1|UBXN1-2,117|618
TGAGCGCAGGTCCGAA-1,1,PAIP2-1,262
TGATCAGCAAGTTCCA-1,1,PAIP2-1,306
TGCTTGCCAGTAGAAT-1,1,PAIP2-1,365
TGGTACAGTCTTCAAG-1,1,PAIP2-1,840
TGTAAGCAGAGCAAGA-1,2,PAIP2-1|PAIP2-2,91|14
TTCATTGTCCTAACAG-1,1,PAIP2-1,569
TTCTTCCCAATCAAGA-1,1,PAIP2-1,267
TTGCTGCAGACGATAT-1,1,PAIP2-1,22
TTTATGCAGACAGCTG-1,1,PAIP2-1,31
AACGGGACAGTGTACT-1,1,PAIP2-2,171
ACAAGCTAGTTGGGAC-1,1,PAIP2-2,126
ACAGAAAAGCGTGAGT-1,1,PAIP2-2,84
ACTTTCATCACAAGGG-1,1,PAIP2-2,74
ACTTTGTCAACTTCTT-1,1,PAIP2-2,21
AGAACAAGTCAGCTTA-1,1,PAIP2-2,283
AGACTCAGTTACCTGA-1,1,PAIP2-2,24
AGAGCCCCACAGTCCG-1,1,PAIP2-2,181
AGCGATTCATGGCTAT-1,1,PAIP2-2,61
AGGGTCCTCATTTCGT-1,1,PAIP2-2,54
AGTACCAGTGCACAAG-1,2,PAIP2-2|PPIB-1,704|1104
ATCCATTGTTCCGTTC-1,1,PAIP2-2,147
ATTACCTCACGGTGAA-1,1,PAIP2-2,180
ATTGGGTAGGCTGGAT-1,2,PAIP2-2|UBE2N-2,132|58
CATGAGTTCCCGAGAC-1,2,PAIP2-2|PPIB-1,66|21
CATGGATCAATGAAAC-1,2,PAIP2-2|SMARCD1-1,386|37
CCAATTTGTTCGTAAC-1,1,PAIP2-2,124
CCACGTTAGGCTGTAG-1,2,PAIP2-2|PPIB-2,38|93
CCCTCTCTCCTCGCAT-1,1,PAIP2-2,108
CCGGGTAAGCGTCGAA-1,1,PAIP2-2,464
CGGGCATTCGAATCCA-1,2,PAIP2-2|TPR-1,682|46
CTAACTTCAGTTCTAG-1,1,PAIP2-2,186
CTACTATGTGAGTAGC-1,1,PAIP2-2,183
CTCAACCCACACCGAC-1,1,PAIP2-2,459
CTCAGTCCACGCTGCA-1,1,PAIP2-2,12
CTGGACGAGCACGGAT-1,1,PAIP2-2,110
GAATCACTCACGGTCG-1,2,PAIP2-2|UBXN1-2,144|757
GAATCGTTCCTCAGGG-1,1,PAIP2-2,38
GACCCAGTCAGTGGGA-1,2,PAIP2-2|UBE2N-1,465|458
GATAGAATCTGCATGA-1,2,PAIP2-2|UBXN1-1,600|199
GATGACTAGCCGATCC-1,1,PAIP2-2,749
GATGCTAAGGTAAACT-1,1,PAIP2-2,119
GATGGAGTCTCGCTTG-1,3,PAIP2-2|PPIB-1|RBM25-2,289|511|19
GGTGGCTAGCGATGCA-1,1,PAIP2-2,140
GTCATCCCAACTACGT-1,1,PAIP2-2,54
GTCCCATTCATCCTGC-1,1,PAIP2-2,155
GTCTCACGTACATACC-1,1,PAIP2-2,123
GTGAGGAGTCATCCCT-1,1,PAIP2-2,556
GTGGTTAGTTGCGGAA-1,1,PAIP2-2,45
GTTGAACTCAGTCAGT-1,1,PAIP2-2,119
GTTTACTGTTATCTTC-1,1,PAIP2-2,116
TAACTTCTCCGGGACT-1,1,PAIP2-2,29
TACCCACTCGATGCAT-1,1,PAIP2-2,268
TCCACCATCAGCTGTA-1,1,PAIP2-2,292
TCCCACATCTCGGGAC-1,1,PAIP2-2,443
TCCGGGATCAGGAAAT-1,2,PAIP2-2|RBM25-2,81|19
TCCTTTCTCTTCACAT-1,1,PAIP2-2,52
TCGGTCTCAAGTATAG-1,1,PAIP2-2,146
TCGGTCTTCTTGCAAG-1,1,PAIP2-2,319
TCTCAGCCACCGCTAG-1,1,PAIP2-2,16
TGAATCGGTAGAATAC-1,1,PAIP2-2,614
TGACTCCTCACATACG-1,1,PAIP2-2,17
TGATGCAGTGTGAATA-1,1,PAIP2-2,332
TGGGATTTCAGCGTCG-1,1,PAIP2-2,199
TGTAGACGTAATGCGG-1,1,PAIP2-2,232
TTAATCCCATCACGGC-1,1,PAIP2-2,131
TTCAGGATCGGTCAGC-1,1,PAIP2-2,288
TTGATGGCAGGCGTTC-1,1,PAIP2-2,16
TTGGGATGTTGCATAC-1,1,PAIP2-2,91
TTTACCAGTACCTATG-1,1,PAIP2-2,165
TTTGACTGTAGCTCGC-1,1,PAIP2-2,92
TTTGGTTCAGCTACCG-1,1,PAIP2-2,177
AAAGGTACACGGTAGA-1,1,PPIB-1,370
AGAAGCGAGAAGTGTT-1,1,PPIB-1,783
AGAGCCCAGATACTGA-1,1,PPIB-1,451
AGGCTGCGTAGATCGG-1,1,PPIB-1,47
AGTTAGCTCAACTTTC-1,1,PPIB-1,611
ATAGGCTGTGTGAATA-1,1,PPIB-1,400
ATGGGAGGTTACGATC-1,2,PPIB-1|RBBP4-1,160|98
CATCCCATCGACTCCT-1,1,PPIB-1,684
CATGCTCTCATTTCGT-1,1,PPIB-1,219
CATGGTAAGTCCGCGT-1,1,PPIB-1,533
CCACAAACAGGGAATC-1,1,PPIB-1,734
CCCGGAAAGAATCGAT-1,1,PPIB-1,2465
CCGAACGAGCTGGCCT-1,1,PPIB-1,343
CCTCCTCTCCTTTGAT-1,1,PPIB-1,60
CCTGCATTCGGCCCAA-1,3,PPIB-1|RBBP4-1|TMPRSS2-1,336|237|274
CCTGTTGAGTGGTTGG-1,1,PPIB-1,1141
CCTTGTGAGTGATTCC-1,2,PPIB-1|RBBP4-1,943|283
CGATCGGCAGCAGGAT-1,1,PPIB-1,248
CGATGGCTCCTGATAG-1,2,PPIB-1|SRPK1-2,839|561
CGGAACCTCGCCTAGG-1,1,PPIB-1,832
CGTCAAAGTCTGTGCG-1,1,PPIB-1,279
CTCAGAAAGCAACCAG-1,1,PPIB-1,571
CTCATGCGTAAGTTAG-1,1,PPIB-1,66
GACTGATTCGTTGTAG-1,1,PPIB-1,564
GAGGCAAAGGAGTCTG-1,1,PPIB-1,436
GAGTCATCAAGAGGCT-1,1,PPIB-1,515
GATTTCTGTTGTTTGG-1,1,PPIB-1,142
GCATTAGAGGGAGATA-1,1,PPIB-1,587
GCTACAAAGACAAGCC-1,1,PPIB-1,730
GCTACCTTCTTCCAGC-1,1,PPIB-1,198
GCTTCACCAGGAGGTT-1,1,PPIB-1,383
GGAGCAATCCATGCAA-1,1,PPIB-1,284
GGCGTCAAGAGCATAT-1,1,PPIB-1,477
GGCTTTCAGGTGAGAA-1,1,PPIB-1,468
GGGCTACTCATAGCAC-1,1,PPIB-1,757
GGTCTGGCAAAGGATT-1,1,PPIB-1,830
GGTCTGGTCACTTTGT-1,1,PPIB-1,493
GTCAGCGAGGATAATC-1,1,PPIB-1,1788
GTCCCATTCTAGGCCG-1,1,PPIB-1,1442
GTTCGCTGTATCAGGG-1,1,PPIB-1,28
TACCTCGAGCCTGAAG-1,1,PPIB-1,1168
TAGATCGAGCGTATGG-1,2,PPIB-1|SRPK1-2,561|126
TCAATTCTCACGGGAA-1,1,PPIB-1,954
TCACGCTTCCAAGGGA-1,1,PPIB-1,633
TCATACTGTAGGACCA-1,1,PPIB-1,760
TCGCACTAGCGCCATC-1,2,PPIB-1|SUZ12-2,334|55
TGACCCTCAAGCGAGT-1,1,PPIB-1,230
TGCATGACAGTACTAC-1,1,PPIB-1,503
TGCGACGTCTCACCCA-1,1,PPIB-1,266
TGTTGGAAGTTCATGC-1,1,PPIB-1,518
TTATTGCAGTTCCGTA-1,1,PPIB-1,490
TTCATGTAGCGGTATG-1,1,PPIB-1,630
TTCGCTGGTAGAGATT-1,1,PPIB-1,283
TTCTTGAGTTAGGCTT-1,1,PPIB-1,278
TTGAACGGTTCTATCT-1,1,PPIB-1,984
TTGCCTGAGCAATTAG-1,1,PPIB-1,143
TTGTTCACATACTGAC-1,1,PPIB-1,54
AACCAACGTTGGCTAT-1,1,PPIB-2,44
AACGTCAAGGTCTTTG-1,1,PPIB-2,155
AACGTCACAATTTCGG-1,1,PPIB-2,746
AATAGAGAGGGCAATC-1,1,PPIB-2,13
ACATCGAAGTACTGTC-1,1,PPIB-2,63
ACCTGAACATGCAGGA-1,1,PPIB-2,166
ACGCACGCAGAAATTG-1,1,PPIB-2,208
AGGTTGTTCACACCCT-1,1,PPIB-2,215
AGTTAGCTCGACGCTG-1,2,PPIB-2|RAB1A-3,46|91
ATCCGTCCACGCTTAA-1,1,PPIB-2,511
ATCGGATCAACGAGGT-1,1,PPIB-2,104
ATGACCATCTGTCGCT-1,1,PPIB-2,910
CAATCGATCAATCCAG-1,1,PPIB-2,157
CACGGGTTCTGGTCAA-1,1,PPIB-2,188
CAGTTAGAGGCTATCT-1,1,PPIB-2,100
CAGTTAGGTCGTGGTC-1,1,PPIB-2,62
CAGTTCCTCAAGTCGT-1,1,PPIB-2,205
CATGCGGCACTACTTT-1,1,PPIB-2,148
CCCTGATAGTTGTCAC-1,1,PPIB-2,81
CGAAGTTTCTCTCAAT-1,1,PPIB-2,493
CGAGAAGAGTCGCCAC-1,1,PPIB-2,161
CGATGGCGTGTGAATA-1,1,PPIB-2,228
CGTGATACATCTGGGC-1,1,PPIB-2,204
CTATCCGCACATTCTT-1,2,PPIB-2|SRPK1-2,109|237
CTCCGATAGCCGCACT-1,1,PPIB-2,339
CTGAGGCGTATGAAAC-1,1,PPIB-2,263
CTGTAGACATATGCGT-1,1,PPIB-2,63
GAAGAATAGTCATCCA-1,1,PPIB-2,390
GAAGCCCAGCCATCCG-1,2,PPIB-2|TMPRSS2-2,400|134
GCCATTCTCTCGTCAC-1,1,PPIB-2,71
GGGATGACAAGTGTCT-1,1,PPIB-2,72
GGGCTCAGTCACGTGC-1,1,PPIB-2,15
GGGCTCATCCCATAGA-1,1,PPIB-2,353
GGGTCTGCACCCTGTT-1,1,PPIB-2,157
GGTGAAGGTACCTAGT-1,1,PPIB-2,48
GGTTCTCCACTCCCTA-1,1,PPIB-2,179
GTCATTTCATCGCTCT-1,1,PPIB-2,17
GTCGTAAAGAGGTATT-1,1,PPIB-2,229
GTCTGTCGTTAGGGTG-1,2,PPIB-2|SNRNP40-2,650|55
GTGTGATGTTCGGTCG-1,1,PPIB-2,233
GTGTTCCGTCCCGCAA-1,1,PPIB-2,132
TAACCAGGTTCTTAGG-1,1,PPIB-2,271
TAATCTCGTGGTCTAT-1,1,PPIB-2,53
TCACATTAGCAAGGAA-1,1,PPIB-2,436
TCATATCAGTAATACG-1,1,PPIB-2,92
TCATGGACATAATCGC-1,1,PPIB-2,135
TCATGTTAGACCAGAC-1,1,PPIB-2,327
TCATTGTCACACCAGC-1,1,PPIB-2,194
TCATTTGTCGACCATA-1,1,PPIB-2,201
TCCCATGGTCCTACGG-1,2,PPIB-2|RAB1A-3,15|42
TCTCCGAGTTCCTAGA-1,1,PPIB-2,243
TGGGCGTTCAGATTGC-1,2,PPIB-2|TMPRSS2-1,259|150
TGTTCCGGTATCATGC-1,2,PPIB-2|SET-2,121|177
TGTTGAGAGGTTAAAC-1,1,PPIB-2,27
TTCACGCCAGTCAGTT-1,1,PPIB-2,194
TTGTTCAAGGATCATA-1,2,PPIB-2|PPP2CA-1,111|43
TTTGGTTAGAACAGGA-1,2,PPIB-2|RAB1A-3,293|254
ACCCAAACAGTCTTCC-1,1,PPP2CA-1,456
AGAAGCGGTGAGGAAA-1,1,PPP2CA-1,574
AGGACGACACACCTTC-1,1,PPP2CA-1,356
ATCACAGTCGCTGATA-1,1,PPP2CA-1,320
ATTTCACAGCGTTCAT-1,1,PPP2CA-1,241
CCCTCTCGTTAAGGAT-1,2,PPP2CA-1|SET-2,276|427
CGAGGAACACTGAGGA-1,1,PPP2CA-1,45
CTACATTCAATTGCGT-1,1,PPP2CA-1,185
CTATAGGGTTAATGAG-1,1,PPP2CA-1,215
GATCGTAGTCCACGCA-1,1,PPP2CA-1,631
GGGTTTATCCAGGACC-1,1,PPP2CA-1,147
GTCTCACTCACACCCT-1,1,PPP2CA-1,642
TAGGGTTAGGTAAAGG-1,1,PPP2CA-1,736
TCAGCAATCATTCGTT-1,1,PPP2CA-1,586
TCATACTTCAATCAGC-1,1,PPP2CA-1,57
TGCTTGCGTGCAGTGA-1,2,PPP2CA-1|SET-2,214|159
AATAGAGCAGAACTTC-1,1,PPP2CA-2,659
AATGAAGCATGAATCC-1,2,PPP2CA-2|RBBP4-2,21|13
AATGCCACAAGACGAC-1,1,PPP2CA-2,419
ACATCGATCAGCGGAA-1,1,PPP2CA-2,720
ACCTGAAGTCGCACAC-1,1,PPP2CA-2,87
CATTGAGGTCCAGGTC-1,1,PPP2CA-2,327
CGTGTCTCATCCGTTC-1,1,PPP2CA-2,121
CTCAGTCCACACGGAA-1,1,PPP2CA-2,99
GATAGCTCAACTCGAT-1,1,PPP2CA-2,250
GCCAGCACAACCTATG-1,2,PPP2CA-2|RAB1A-2,21|17
GCCCAGATCCTCACCA-1,1,PPP2CA-2,31
GGACGTCAGCAACTCT-1,1,PPP2CA-2,828
TCATTGTAGATGCTTC-1,1,PPP2CA-2,77
TCGCAGGTCGTGCATA-1,1,PPP2CA-2,225
TTCCTTCTCAGCATTG-1,1,PPP2CA-2,146
AAAGTGAGTCAGTTTG-1,2,RAB1A-2|UBXN1-1,603|155
ACTTCCGAGGAGATAG-1,1,RAB1A-2,15
AGACCCGAGTAACGTA-1,1,RAB1A-2,472
AGACTCAAGACGCCAA-1,1,RAB1A-2,447
AGGAGGTGTGTTCGTA-1,1,RAB1A-2,82
AGGTGTTGTTCTCCTG-1,1,RAB1A-2,161
AGGTTGTGTCGTGGTC-1,1,RAB1A-2,251
ATGAAAGAGACGCAGT-1,1,RAB1A-2,284
CACGAATAGGACTAAT-1,1,RAB1A-2,255
CACGTTCGTCAGTCTA-1,1,RAB1A-2,253
CATTGTTGTGTCTTCC-1,1,RAB1A-2,457
CATTTCATCCGATGCG-1,1,RAB1A-2,175
CCTACGTGTCTACACA-1,3,RAB1A-2|SUZ12-2|UBE2N-1,479|80|111
CCTGCATAGAGTGTTA-1,1,RAB1A-2,419
CGTAAGTAGCTCGACC-1,1,RAB1A-2,416
CTCCATGGTGTCACAT-1,1,RAB1A-2,327
CTGATCCGTGCCCACA-1,1,RAB1A-2,197
GATCACACATCCGCGA-1,1,RAB1A-2,25
GGAGCAAAGACAAGCC-1,1,RAB1A-2,445
GGGAAGTTCCTACCGT-1,1,RAB1A-2,75
GGGACCTGTTCGGTAT-1,1,RAB1A-2,29
GGGACTCGTATTCCGA-1,1,RAB1A-2,319
GGTGATTAGCCGTCGT-1,1,RAB1A-2,68
TAACGACCAAGCGAAC-1,1,RAB1A-2,335
TCACACCAGTAATTGG-1,1,RAB1A-2,114
TCACGGGGTAATTGGA-1,1,RAB1A-2,98
TCAGGTATCGCACGAC-1,1,RAB1A-2,551
TCTGCCAAGGACGCTA-1,1,RAB1A-2,223
TGATGGTGTTCAAGGG-1,1,RAB1A-2,407
TGGGCTGTCTTTCCAA-1,1,RAB1A-2,141
ACGGGTCGTATTGAGA-1,1,RAB1A-3,87
ACTCTCGCAGTCAGTT-1,1,RAB1A-3,163
AGCCAGCGTTGCCATA-1,1,RAB1A-3,106
ATCGCCTGTGGTCCGT-1,2,RAB1A-3|RBBP4-1,644|409
ATGACCATCGCTTAAG-1,1,RAB1A-3,41
CATCCCATCTACTTCA-1,1,RAB1A-3,104
CCACGTTAGGTCACCC-1,1,RAB1A-3,36
CGAGTTATCACATACG-1,1,RAB1A-3,180
CGGGTGTGTACCAATC-1,1,RAB1A-3,113
CGTCAAAAGCAGATAT-1,1,RAB1A-3,278
CTGTATTTCACTTTGT-1,1,RAB1A-3,109
GACACGCTCCATTTAC-1,1,RAB1A-3,331
GAGTCTACAATCAGCT-1,1,RAB1A-3,157
GTCACGGGTGGATCGA-1,1,RAB1A-3,483
GTTAGACTCTACCAGA-1,1,RAB1A-3,406
TACAACGAGTACTGGG-1,1,RAB1A-3,52
TACCCGTCACGGCACT-1,2,RAB1A-3|SMARCD1-1,277|167
TACGGTAAGCCATTCA-1,1,RAB1A-3,433
TCAGTTTTCAGGAGAC-1,1,RAB1A-3,296
TCCGTGTGTCTCGCGA-1,1,RAB1A-3,363
TTGCTGCTCTGGGCGT-1,2,RAB1A-3|SNRNP40-1,57|1349
AACAAAGAGATTGTGA-1,1,RBBP4-1,264
AATTTCCCAACGCATT-1,1,RBBP4-1,89
AGCGTATAGAATCCCT-1,1,RBBP4-1,137
AGGCATTTCCAAACCA-1,1,RBBP4-1,371
AGGGAGTTCAGATGCT-1,1,RBBP4-1,160
AGTGATCAGGTTCATC-1,1,RBBP4-1,74
ATACCTTGTGCCAAGA-1,1,RBBP4-1,84
ATCCGTCGTGCCTATA-1,1,RBBP4-1,418
ATTCATCTCCTTATGT-1,1,RBBP4-1,247
CAGAGCCCACCCTAAA-1,1,RBBP4-1,354
CGGGTGTCACAACGTT-1,1,RBBP4-1,62
GAAGGACCAGATACCT-1,1,RBBP4-1,167
GGTTCTCGTGACTCTA-1,1,RBBP4-1,269
GTAGAAATCGTAGCTA-1,1,RBBP4-1,13
GTGCTTCAGGACGCTA-1,1,RBBP4-1,57
GTTTACTCAGATCCTA-1,1,RBBP4-1,25
GTTTACTCAGGTAGTG-1,1,RBBP4-1,13
TCATCATCAATTGCTG-1,2,RBBP4-1|SRPK1-2,79|121
TCCACCAAGGAACGTC-1,1,RBBP4-1,55
TCTCACGGTCTGATCA-1,2,RBBP4-1|SMARCD1-1,431|31
TCTGCCATCTAGATCG-1,1,RBBP4-1,68
TGACGCGTCCAGCCTT-1,2,RBBP4-1|SMARCD1-1,205|10
TGCTCGTGTCAATCTG-1,1,RBBP4-1,393
TTTACTGGTATGAGAT-1,1,RBBP4-1,710
AGGCATTCATGATAGA-1,1,RBBP4-2,139
CCAATGAAGGCAGGGA-1,1,RBBP4-2,40
CGAAGTTAGGATGGCT-1,1,RBBP4-2,277
GATCCCTCACCAGTTA-1,1,RBBP4-2,37
GTAGATCGTGTTCGAT-1,1,RBBP4-2,32
GTGAGTTTCTGCCTGT-1,1,RBBP4-2,104
TAAGCACCAACCGACC-1,1,RBBP4-2,20
TCCCATGGTGGCCACT-1,1,RBBP4-2,139
TGGAACTTCCTTCTTC-1,1,RBBP4-2,468
TTCGCTGCACTAGAGG-1,1,RBBP4-2,73
CTCCATGGTCGGCCTA-1,1,RBM25-1,53
TCATGTTTCATCGGGC-1,1,RBM25-1,6
AAACGCTAGAGTGAAG-1,1,RBM25-2,15
AAAGTCCGTTCCAAAC-1,2,RBM25-2|SMARCD1-2,195|230
AACAGGGAGCGGATCA-1,1,RBM25-2,28
AACCTTTGTTTCGTGA-1,1,RBM25-2,8
ACACGCGAGAGGCTGT-1,1,RBM25-2,109
AGAAGTAAGCAGCACA-1,1,RBM25-2,28
AGCGTATGTCATATGC-1,1,RBM25-2,6
AGGGAGTTCGGCGATC-1,1,RBM25-2,25
AGGGTGATCGATCCCT-1,1,RBM25-2,25
ATCCGTCCAGAGCTAG-1,1,RBM25-2,53
ATTCATCGTGGATACG-1,1,RBM25-2,10
ATTGGGTAGTTACGGG-1,1,RBM25-2,30
CAATGACTCACCCATC-1,1,RBM25-2,5
CACGGGTAGATAACGT-1,1,RBM25-2,9
CACGTTCGTCGGTAAG-1,1,RBM25-2,113
CACTTCGCAGTTGCGC-1,1,RBM25-2,10
CATGCAATCCAAAGGG-1,1,RBM25-2,52
CATGCTCCAGAGGTTG-1,1,RBM25-2,30
CCACGAGAGTGTTCAC-1,1,RBM25-2,26
CCACGTTCAGAACTCT-1,1,RBM25-2,18
CCATCACCAGTTAGAA-1,1,RBM25-2,11
CTAACCCTCCACATAG-1,1,RBM25-2,100
CTCTGGTCATTCTCTA-1,1,RBM25-2,27
CTTCAATTCGATTGGT-1,1,RBM25-2,23
GAAATGAAGCGGACAT-1,1,RBM25-2,123
GACTTCCGTCATCGGC-1,1,RBM25-2,48
GAGTCATCATTCGATG-1,1,RBM25-2,13
GAGTTGTCACCAGACC-1,1,RBM25-2,68
GCAGCTGCATAAGCAA-1,1,RBM25-2,93
GCATTAGCAGTCTACA-1,1,RBM25-2,27
GCCATTCGTCAAACGG-1,1,RBM25-2,202
GCGAGAATCGTGACTA-1,2,RBM25-2|UBE2N-2,78|264
GGAACCCTCAGAGCGA-1,1,RBM25-2,26
GGGTTTAGTGTCCGTG-1,1,RBM25-2,97
GGTGGCTTCTGAGTCA-1,1,RBM25-2,68
GTATTGGAGCCACAAG-1,1,RBM25-2,18
GTCACGGTCCACAGCG-1,1,RBM25-2,20
GTCTCACGTAGGAGGG-1,1,RBM25-2,7
GTTAGACTCCTGGCTT-1,1,RBM25-2,10
TCATTGTAGTCACGAG-1,1,RBM25-2,23
TCGCAGGGTTTACCTT-1,1,RBM25-2,20
TGAGCATGTCAAGGCA-1,1,RBM25-2,31
TGGGAGATCAAGATAG-1,1,RBM25-2,194
TGTTACTCAGCTTTCC-1,1,RBM25-2,11
TTACTGTAGACTACGG-1,1,RBM25-2,21
TTCAGGACAATCTGCA-1,1,RBM25-2,12
TTCCACGAGACTGTTC-1,1,RBM25-2,33
TTGCATTTCCCGAAAT-1,1,RBM25-2,25
TTTCAGTTCATGAGAA-1,1,RBM25-2,16
AAACCCAAGCTGAGCA-1,1,SET-1,805
AAGAACAGTAAGCGGT-1,1,SET-1,1701
ACAGAAAGTATTTCGG-1,1,SET-1,228
ACAGGGAAGGAAAGGT-1,1,SET-1,393
AGCGCTGCAACTCCCT-1,1,SET-1,25
CAACAGTAGGAGAATG-1,1,SET-1,2262
CAACGATTCTAGGCCG-1,1,SET-1,104
CAATGACCAACTTCTT-1,2,SET-1|SNRNP70-1,931|319
CACTGGGGTCGCTCGA-1,1,SET-1,256
CACTTCGCACACCTGG-1,1,SET-1,121
CAGCGTGCAGGCTACC-1,1,SET-1,118
CCGGACACAGGAAGTC-1,1,SET-1,2110
CGACAGCAGGCATCTT-1,2,SET-1|SNRNP40-1,812|835
CGTTGGGTCCCTGGTT-1,1,SET-1,663
CTCCCTCTCGCTAATG-1,1,SET-1,24
GAACTGTGTGAACGGT-1,1,SET-1,1935
GACCAATAGCTGCCAC-1,1,SET-1,688
GACCCAGAGACTTCAC-1,1,SET-1,907
GATGTTGTCACCGGTG-1,1,SET-1,31
GGACGTCCATAGAATG-1,1,SET-1,481
GGGCTACCACCTCGTT-1,2,SET-1|SRPK1-2,277|32
GTCTCACCACGCGGTT-1,1,SET-1,45
TAAGCCAAGTAGGAAG-1,1,SET-1,1552
TACGTCCAGCCGAACA-1,1,SET-1,122
TACTGCCCAAGTTGGG-1,1,SET-1,354
TAGGGTTAGCACAAAT-1,1,SET-1,908
TCAAGTGAGGCTGAAC-1,1,SET-1,1831
TCATCCGCAGAGAAAG-1,1,SET-1,186
TCATTTGAGTTTGCTG-1,1,SET-1,559
TCCAGAACATGGGAAC-1,1,SET-1,693
TCGTCCAAGCCTGGAA-1,1,SET-1,1044
TCTGTCGTCCTAGAGT-1,1,SET-1,72
TGCGACGAGGTAAGAG-1,1,SET-1,1190
TGTCAGAGTACAACGG-1,1,SET-1,1706
TGTTTGTAGGGCAAGG-1,1,SET-1,197
TTACCATAGATAACGT-1,2,SET-1|UBXN1-2,779|43
TTATTGCGTCACATTG-1,1,SET-1,646
ACCATTTGTATTGACC-1,1,SET-2,366
ACTCCCAGTCGGCACT-1,1,SET-2,104
AGTTAGCTCCCATAGA-1,1,SET-2,749
ATTGTTCTCTCGTTTA-1,1,SET-2,298
CACAGGCAGGTCACCC-1,1,SET-2,127
CCAAGCGCAGAGTTCT-1,1,SET-2,1310
CGAAGGATCTACGCGG-1,1,SET-2,519
CGCATAAGTGCCCGTA-1,1,SET-2,455
CTACAGAGTCGTCAGC-1,1,SET-2,332
CTGTCGTAGGGACTGT-1,1,SET-2,467
GAAGTAAGTTGTTTGG-1,1,SET-2,529
GATGACTCAATAAGGT-1,1,SET-2,31
GCCGATGTCGTGAGAG-1,1,SET-2,340
GCTTTCGAGTTTCAGC-1,2,SET-2|TMPRSS2-1,65|60
GGTGAAGGTTCGGACC-1,1,SET-2,417
GTCACGGAGCGCTGCT-1,1,SET-2,107
GTCCACTAGTTGCCTA-1,1,SET-2,20
GTTCGCTAGAGTTGCG-1,1,SET-2,120
TCAGCCTTCCGCACTT-1,1,SET-2,847
TGAGGTTAGACGCTCC-1,1,SET-2,72
TGGTGATAGGACACTG-1,2,SET-2|UBE2N-2,212|401
TGTAACGTCACTGTTT-1,1,SET-2,203
TGTGTGAAGTTAACAG-1,1,SET-2,175
AACAACCCAGCAGTGA-1,1,SMARCD1-1,57
AACCTTTGTTCCGCTT-1,1,SMARCD1-1,45
AAGGTAACATATGAAG-1,1,SMARCD1-1,63
AATGAAGAGAGGCGGA-1,1,SMARCD1-1,38
ACTATTCCAAACTCTG-1,1,SMARCD1-1,27
ACTTCCGTCGGCTGTG-1,1,SMARCD1-1,118
AGACTCAGTTAATCGC-1,1,SMARCD1-1,49
AGCATCATCAAGGTGG-1,1,SMARCD1-1,122
AGCTTCCAGAAATCCA-1,1,SMARCD1-1,134
AGGAATACAGGACGAT-1,1,SMARCD1-1,48
AGGGCTCTCATACGGT-1,1,SMARCD1-1,28
AGTACTGTCTTCGTAT-1,1,SMARCD1-1,71
AGTTCGAGTGCCTATA-1,1,SMARCD1-1,17
ATACTTCGTACACGCC-1,1,SMARCD1-1,89
ATATCCTTCATGCATG-1,1,SMARCD1-1,71
ATCATTCAGTTCCGTA-1,1,SMARCD1-1,79
ATGATCGAGTTGTCGT-1,1,SMARCD1-1,64
ATGTCTTAGAGGCTGT-1,1,SMARCD1-1,26
ATTACTCTCGCTGACG-1,1,SMARCD1-1,20
CAGATCATCAAGTCTG-1,1,SMARCD1-1,27
CAGCCAGCAGCTATTG-1,1,SMARCD1-1,52
CATCCCATCCGCACTT-1,1,SMARCD1-1,106
CATCGCTTCTTCGCTG-1,1,SMARCD1-1,100
CATGGTAGTTGGAGGT-1,1,SMARCD1-1,72
CCCTAACAGCGGTAGT-1,1,SMARCD1-1,75
CGAGTGCCATAGATGA-1,2,SMARCD1-1|SUZ12-2,84|198
CGGAATTAGGGTTAGC-1,1,SMARCD1-1,62
CGTTGGGAGACATCAA-1,1,SMARCD1-1,231
CTACAGAAGTTTGGCT-1,1,SMARCD1-1,25
CTGGACGGTTGCATTG-1,1,SMARCD1-1,198
CTGGTCTAGATAGTCA-1,1,SMARCD1-1,39
GAAACCTCAATAACGA-1,1,SMARCD1-1,48
GAGACTTGTCGCTGCA-1,1,SMARCD1-1,23
GAGCTGCCAGCATTGT-1,2,SMARCD1-1|SNRNP70-1,143|874
GAGTGTTCAGTGTACT-1,1,SMARCD1-1,14
GAGTTGTCACCTTCGT-1,1,SMARCD1-1,71
GATCACATCGTTCCCA-1,1,SMARCD1-1,48
GATGTTGAGTGATTCC-1,1,SMARCD1-1,144
GATTCGAGTGATAGAT-1,2,SMARCD1-1|SRPK1-2,97|80
GATTCTTTCCTCTCTT-1,1,SMARCD1-1,73
GATTTCTCAATACGCT-1,1,SMARCD1-1,16
GATTTCTCATACCACA-1,1,SMARCD1-1,21
GGAGGATCAGCTTCCT-1,1,SMARCD1-1,140
GGCACGTAGTGTAGTA-1,2,SMARCD1-1|SRPK1-2,113|93
GGCGTCATCCAGCTCT-1,1,SMARCD1-1,13
GGGCCATTCAACTGAC-1,1,SMARCD1-1,200
GTAATGCGTCCCTGTT-1,1,SMARCD1-1,34
GTCGTAACATGTAACC-1,1,SMARCD1-1,109
GTGATGTGTCATCCGG-1,1,SMARCD1-1,112
GTGTGATGTATCGAGG-1,1,SMARCD1-1,57
GTTACCCCACATGAAA-1,1,SMARCD1-1,110
TAACCAGAGGTTCAGG-1,2,SMARCD1-1|SNRNP70-1,80|99
TAATTCCAGTACGTCT-1,1,SMARCD1-1,8
TACCCACTCTGAGAGG-1,1,SMARCD1-1,225
TACTTACGTCTCTCTG-1,1,SMARCD1-1,188
TAGGAGGTCAATGTCG-1,1,SMARCD1-1,250
TCGAAGTCAATCCTTT-1,1,SMARCD1-1,104
TCGGTCTGTACCTGTA-1,1,SMARCD1-1,136
TCTATCAGTAGCTAAA-1,1,SMARCD1-1,108
TGAATCGGTGAGCCAA-1,1,SMARCD1-1,118
TGCAGTATCGACATTG-1,1,SMARCD1-1,34
TGTAAGCAGGCCCACT-1,1,SMARCD1-1,25
TTACAGGCAAAGGGTC-1,1,SMARCD1-1,87
TTCTAACCATCCTTCG-1,1,SMARCD1-1,60
TTGATGGTCTCGTCAC-1,1,SMARCD1-1,8
TTGGTTTAGCTAAACA-1,1,SMARCD1-1,15
TTTAGTCAGGATGAGA-1,2,SMARCD1-1|SNRNP40-1,7|40
TTTCGATCAATACCCA-1,1,SMARCD1-1,61
ACTTCGCAGAACTCCT-1,1,SMARCD1-2,24
ATATCCTGTCCTGTTC-1,1,SMARCD1-2,68
ATGGATCCACATTCTT-1,1,SMARCD1-2,54
ATGTCCCTCGTCGCTT-1,1,SMARCD1-2,94
CAAGAGGTCTAGCCTC-1,1,SMARCD1-2,179
CACGGGTCACACACTA-1,1,SMARCD1-2,167
CCACACTAGAGGTTAT-1,1,SMARCD1-2,126
CCTACGTGTCCTGGTG-1,1,SMARCD1-2,37
CTCCGATGTTCCACGG-1,1,SMARCD1-2,229
GACCAATAGTGATTCC-1,1,SMARCD1-2,261
GCTTTCGAGAACGTGC-1,1,SMARCD1-2,126
GGAGAACCACAAAGCG-1,2,SMARCD1-2|TMPRSS2-1,158|182
GGCACGTAGGGTAATT-1,1,SMARCD1-2,175
GGCACGTTCTTGAGCA-1,1,SMARCD1-2,313
GGTGGCTCATGTTCAG-1,1,SMARCD1-2,215
GTTTGGATCAGCTCTC-1,1,SMARCD1-2,16
TAAGTCGAGCCACCGT-1,1,SMARCD1-2,55
TACATTCCAAATTGCC-1,1,SMARCD1-2,89
TCGTCCAGTGGCACTC-1,1,SMARCD1-2,29
TGCATGAAGACTACGG-1,1,SMARCD1-2,137
TGGGCGTGTCTGTGAT-1,2,SMARCD1-2|TMPRSS2-1,89|113
TGTTACTTCTCACCCA-1,1,SMARCD1-2,183
TTACCGCTCGTCCATC-1,1,SMARCD1-2,104
TTCCGTGCACGCAGTC-1,1,SMARCD1-2,216
AACAAAGTCACGGAGA-1,1,SNRNP40-1,826
AATGGCTGTGTGAATA-1,1,SNRNP40-1,696
ACAAAGATCACTCTTA-1,1,SNRNP40-1,765
ACCCAAAGTCTTGTCC-1,1,SNRNP40-1,204
ACGTAGTAGCAGGCTA-1,1,SNRNP40-1,86
ACTATCTTCCGCACTT-1,1,SNRNP40-1,69
ACTGATGTCCTCAGAA-1,1,SNRNP40-1,383
ACTGATGTCGCCGAGT-1,1,SNRNP40-1,1237
AGCCAATCAGTGACCC-1,1,SNRNP40-1,1445
AGCGCCAAGTCATCCA-1,1,SNRNP40-1,34
AGGGTGAGTAACAGGC-1,1,SNRNP40-1,114
ATGATCGAGCACCCAC-1,1,SNRNP40-1,299
ATTACTCCAGGGAGAG-1,1,SNRNP40-1,24
ATTCGTTCACTTGAGT-1,2,SNRNP40-1|UBXN1-1,196|37
ATTCTACCACGTTCGG-1,1,SNRNP40-1,295
CAAAGAACACTAGGTT-1,1,SNRNP40-1,466
CAAGGGAGTCCGCAGT-1,1,SNRNP40-1,324
CAGCAGCTCTCTCGAC-1,1,SNRNP40-1,2577
CATAGACGTCGGCACT-1,1,SNRNP40-1,863
CATTGCCCAGAGATTA-1,1,SNRNP40-1,98
CCACGTTGTCTTGCTC-1,1,SNRNP40-1,303
CTCCACACAGATCCAT-1,1,SNRNP40-1,383
CTGTACCCAAACCACT-1,1,SNRNP40-1,973
CTTAGGATCTGTTGGA-1,1,SNRNP40-1,698
CTTTCAAAGCCTAACT-1,1,SNRNP40-1,323
GAATCGTCAAGCACAG-1,1,SNRNP40-1,147
GCACATAAGTGGTCAG-1,1,SNRNP40-1,33
GCCCAGAGTTTACGAC-1,1,SNRNP40-1,28
GGGTATTCATGACTAC-1,1,SNRNP40-1,344
GTGGGAAAGGTGCTAG-1,1,SNRNP40-1,302
TCCTTTCTCCCATTTA-1,1,SNRNP40-1,503
TCGTGGGTCTAAACGC-1,1,SNRNP40-1,218
TCTGTCGGTGTTAGCT-1,1,SNRNP40-1,43
TGACCCTGTTTCCAAG-1,1,SNRNP40-1,924
TGCAGTACAGTCAGCC-1,1,SNRNP40-1,942
TGCAGTATCTCCGATC-1,1,SNRNP40-1,1483
TTACAGGCAACAGAGC-1,1,SNRNP40-1,1017
TTCCGTGAGAAGTCCG-1,2,SNRNP40-1|TMPRSS2-1,1139|384
TTCCGTGAGTAGAGTT-1,1,SNRNP40-1,738
TTGTGGAAGTTGCATC-1,1,SNRNP40-1,217
TTGTTGTAGTCGCCAC-1,1,SNRNP40-1,608
TTTCACAGTGTTGCCG-1,1,SNRNP40-1,311
AAAGAACGTACCTAAC-1,1,SNRNP40-2,761
AGATCGTGTTTCCATT-1,1,SNRNP40-2,224
ATTCCTATCGCGCCAA-1,1,SNRNP40-2,322
CAAGAGGAGGATACGC-1,1,SNRNP40-2,826
CATTCATTCGACTCCT-1,2,SNRNP40-2|TMPRSS2-2,2039|172
CGATGGCCACTACTTT-1,1,SNRNP40-2,1391
TAGAGTCGTTAGAGAT-1,1,SNRNP40-2,21
TGGGCTGTCGGTTGTA-1,1,SNRNP40-2,1089
TTTACGTAGCGCCGTT-1,1,SNRNP40-2,110
GGGACCTCACGGAAGT-1,1,SNRNP70-1,99
GGGACTCGTCATAGTC-1,1,SNRNP70-1,144
TCAAGTGTCGCCAACG-1,2,SNRNP70-1|TPR-1,35|35
TCCCACAGTGAAGCTG-1,1,SNRNP70-1,88
AGAGAGCGTAGGGAGG-1,1,SNRNP70-2,7
GTCCCATGTATAGGAT-1,1,SNRNP70-2,4
TAATTCCCAGTTTGGT-1,1,SNRNP70-2,3
TCAATCTGTATACAGA-1,1,SNRNP70-2,36
TCCTCGAAGAGAGCAA-1,1,SNRNP70-2,10
CGCCAGACACAAGGTG-1,1,SRPK1-1,4
CTAACTTTCTAAGCCA-1,1,SRPK1-1,6
GACTATGAGCCTGAGA-1,1,SRPK1-1,5
GGGTGTCCAGAGTGAC-1,1,SRPK1-1,4
TCCATCGCAGGCGATA-1,1,SRPK1-1,5
TTCTGTAAGGTGCTAG-1,1,SRPK1-1,5
AAACGAATCTCTGGTC-1,1,SRPK1-2,257
AAAGTGAAGAGCCATG-1,1,SRPK1-2,607
AACAAGAAGAGCAGAA-1,1,SRPK1-2,392
ACAACCAAGAGGCTGT-1,1,SRPK1-2,296
ACCTGAATCCTTTGAT-1,1,SRPK1-2,32
ACGGTCGAGAGTCAGC-1,2,SRPK1-2|UBXN1-2,208|254
ACTTAGGCAGCAGTAG-1,1,SRPK1-2,311
AGGATAAAGGTAATCA-1,1,SRPK1-2,194
AGTGATCTCTCGCCTA-1,2,SRPK1-2|TMPRSS2-1,50|418
AGTGCCGAGGACAGTC-1,1,SRPK1-2,105
ATTCGTTTCAAAGACA-1,1,SRPK1-2,97
CAACGATAGATAGGGA-1,1,SRPK1-2,100
CAACGATTCCGATGTA-1,2,SRPK1-2|UBXN1-1,278|81
CAGGGCTCAAAGGCAC-1,1,SRPK1-2,16
CAGTTAGCACCTATCC-1,1,SRPK1-2,131
CATAAGCCATAATCCG-1,1,SRPK1-2,245
CCACACTTCGTCTCAC-1,1,SRPK1-2,362
CCACCATGTCAGATTC-1,1,SRPK1-2,13
CCGCAAGGTCATTGCA-1,1,SRPK1-2,182
CCTCAACAGGCACCAA-1,1,SRPK1-2,516
CGGACACGTCCGGTGT-1,1,SRPK1-2,79
CGGGTCATCATACGAC-1,1,SRPK1-2,541
CGTTGGGTCTCATAGG-1,1,SRPK1-2,200
CTTCTAATCGTTAGTG-1,1,SRPK1-2,89
GAAGCGAAGGTTCAGG-1,1,SRPK1-2,858
GACCGTGCACTATGTG-1,1,SRPK1-2,68
GAGACTTTCGCCCAGA-1,1,SRPK1-2,189
GAGTCATAGTGTACAA-1,1,SRPK1-2,23
GATGACTGTCGCATGC-1,1,SRPK1-2,160
GCGATCGTCTCGCCTA-1,1,SRPK1-2,237
GCTGCAGCAGTTAAAG-1,1,SRPK1-2,150
GGAGGTACAGAAGCGT-1,1,SRPK1-2,250
GGCTTTCAGAGTGAAG-1,1,SRPK1-2,164
GGGACAAAGCATGATA-1,1,SRPK1-2,53
GTAAGTCCAAGAATAC-1,1,SRPK1-2,63
GTAGAGGCATCGATAC-1,1,SRPK1-2,73
GTCGTAACAGACGATG-1,1,SRPK1-2,396
GTTATGGGTACATTGC-1,1,SRPK1-2,55
GTTGTAGGTTAGCGGA-1,1,SRPK1-2,419
GTTGTAGTCTGGTGGC-1,1,SRPK1-2,133
TAGACCAGTCCCTAAA-1,1,SRPK1-2,40
TATTGGGAGCGCTGCT-1,1,SRPK1-2,101
TCACTATAGACTCATC-1,1,SRPK1-2,70
TCAGGGCTCGTGTGAT-1,1,SRPK1-2,202
TCATACTTCTTCCACG-1,1,SRPK1-2,202
TCATCATGTCGACTGC-1,1,SRPK1-2,189
TCGCAGGCACAACCGC-1,1,SRPK1-2,659
TCGGGTGAGACTGGGT-1,1,SRPK1-2,53
TGACTCCTCAAGAAAC-1,1,SRPK1-2,308
TGAGACTAGTCACTAC-1,1,SRPK1-2,251
TGAGGTTCACGCTTAA-1,1,SRPK1-2,105
TGAGTCATCGCTAATG-1,1,SRPK1-2,47
TGGAGGACAACAACAA-1,1,SRPK1-2,569
TGTGAGTGTCTAGGCC-1,1,SRPK1-2,201
TTCTAACCAGGCCTGT-1,1,SRPK1-2,214
TTGAACGTCGTTCCCA-1,1,SRPK1-2,319
AGCGTATTCCGTAGGC-1,1,SRRT-1,237
AGGCTGCGTTCTAACG-1,1,SRRT-1,88
CCGTGAGAGACCATGG-1,1,SRRT-1,238
GCATCTCTCTCGAGTA-1,1,SRRT-1,12
GGGAAGTGTATGGTTC-1,1,SRRT-1,126
GGTAATCCAGCGAACA-1,1,SRRT-1,23
GTTATGGGTCCGAAGA-1,1,SRRT-1,11
TGACAGTGTACCATAC-1,1,SRRT-1,174
TGGGATTCACAGACGA-1,1,SRRT-1,143
ACGGTCGAGATCACCT-1,1,SRRT-2,30
ACGGTTATCACGGACC-1,2,SRRT-2|TMPRSS2-1,140|100
ATGCGATCAATCGTCA-1,1,SRRT-2,8
TACCTCGGTCCGAAAG-1,2,SRRT-2|UBXN1-2,5|125
TCATACTTCCTACGAA-1,1,SRRT-2,81
TGTGGCGAGTTAGTGA-1,1,SRRT-2,43
TTGTTGTAGGTGAGCT-1,1,SRRT-2,12
ACACTGAGTCACATTG-1,1,SUZ12-1,1204
AGGAGGTAGTCCCAGC-1,1,SUZ12-1,804
CAACGGCGTCATCCGG-1,2,SUZ12-1|TMPRSS2-2,389|12
CAGGGCTCAGCGGTCT-1,1,SUZ12-1,229
CCGCAAGAGGATTTAG-1,1,SUZ12-1,481
CGGAGAACAGTTCCAA-1,1,SUZ12-1,321
TACCCACGTAGCTGAG-1,1,SUZ12-1,888
TACGCTCGTACAGGTG-1,1,SUZ12-1,382
TGGAGGAAGTCCCAAT-1,1,SUZ12-1,122
TTACGCCCAATCCTTT-1,1,SUZ12-1,554
TTCCGGTTCAGCCTCT-1,1,SUZ12-1,102
AACGTCACACTGTCCT-1,1,SUZ12-2,360
AACTTCTTCTACACTT-1,1,SUZ12-2,337
AAGCATCGTTTCAGAC-1,1,SUZ12-2,91
AATCACGTCGAGAATA-1,1,SUZ12-2,34
ACAACCACAATAGTCC-1,1,SUZ12-2,69
ACGTAACCATGTGCTA-1,1,SUZ12-2,96
AGAAATGGTCCCAAAT-1,1,SUZ12-2,43
AGACCATCATTGCAAC-1,1,SUZ12-2,58
AGGACTTCAGACGGAT-1,1,SUZ12-2,585
AGTCAACGTTACGGAG-1,1,SUZ12-2,175
AGTCATGGTGAATAAC-1,1,SUZ12-2,371
ATCGTGAAGAGTCAAT-1,1,SUZ12-2,493
ATGACCAGTTTGGAGG-1,1,SUZ12-2,316
ATGGAGGAGATGACAT-1,1,SUZ12-2,128
CAAGACTGTACTAAGA-1,1,SUZ12-2,565
CACATGAGTTTCGACA-1,1,SUZ12-2,475
CAGAGCCTCTTTCGAT-1,1,SUZ12-2,14
CAGATCAGTACGTAGG-1,1,SUZ12-2,30
CAGTGCGTCCATTGTT-1,1,SUZ12-2,99
CATTTCAAGAGAGTGA-1,1,SUZ12-2,326
CCCAACTTCAGTCATG-1,1,SUZ12-2,345
CCTAAGATCGAATGCT-1,1,SUZ12-2,193
CCTAAGATCTAATTCC-1,1,SUZ12-2,264
CCTATCGGTACGAGTG-1,1,SUZ12-2,91
CGAGGCTGTGACATCT-1,2,SUZ12-2|UBXN1-2,12|195
CGTAAGTGTTTCTTAC-1,1,SUZ12-2,138
CGTAGTATCCGGTTCT-1,1,SUZ12-2,136
CGTGCTTTCCATAGGT-1,1,SUZ12-2,46
CTCCTTTTCCTGTAGA-1,1,SUZ12-2,169
CTTAGGACACTACGGC-1,1,SUZ12-2,49
GACACGCTCCATACTT-1,1,SUZ12-2,300
GACAGCCGTAATGATG-1,1,SUZ12-2,250
GAGAAATAGCTAGTTC-1,1,SUZ12-2,659
GCATCGGAGCATACTC-1,1,SUZ12-2,24
GCCCAGAAGTCTGCAT-1,1,SUZ12-2,424
GCTGCAGTCACCTGTC-1,1,SUZ12-2,39
GGCACGTTCAAATGCC-1,1,SUZ12-2,244
GGGAGTACAGTCGAGA-1,1,SUZ12-2,71
GGTTGTATCTTGTTAC-1,1,SUZ12-2,121
GTCACTCCACGAGAAC-1,1,SUZ12-2,589
GTGGAAGAGTATGTAG-1,1,SUZ12-2,156
GTTCGCTCAGGTATGG-1,1,SUZ12-2,205
GTTCGCTTCCCTAGGG-1,1,SUZ12-2,283
TACAACGAGGCGCTTC-1,1,SUZ12-2,115
TACCGGGGTCCAGCCA-1,1,SUZ12-2,460
TACTTACGTCAGTTTG-1,1,SUZ12-2,114
TAGGGTTTCCCTTCCC-1,1,SUZ12-2,206
TATCTGTAGTTATGGA-1,1,SUZ12-2,14
TCACATTAGCATGAAT-1,1,SUZ12-2,157
TCAGCCTAGAGGTGCT-1,1,SUZ12-2,282
TCAGTTTCATGCTGCG-1,1,SUZ12-2,76
TCATTGTTCAAACCTG-1,1,SUZ12-2,13
TCTATCAGTGAAAGTT-1,1,SUZ12-2,26
TCTCACGCACGGTGAA-1,1,SUZ12-2,593
TCTGCCATCCGCAGTG-1,1,SUZ12-2,85
TGAACGTCATCTGCGG-1,1,SUZ12-2,236
TGACCCTAGGCCTGAA-1,1,SUZ12-2,169
TGATCTTAGCATGCGA-1,1,SUZ12-2,399
TGGGATTTCACGAGGA-1,1,SUZ12-2,22
TTACAGGCAGTAGAAT-1,1,SUZ12-2,404
TTACTGTAGAGATCGC-1,1,SUZ12-2,113
TTAGGGTAGGAACGAA-1,1,SUZ12-2,328
TTCATGTGTCTACGTA-1,1,SUZ12-2,76
TTGGATGTCCAGTGCG-1,1,SUZ12-2,564
TTGTGTTAGTCACTAC-1,1,SUZ12-2,210
TTTCAGTCAAACACGG-1,1,SUZ12-2,251
TTTGGAGTCCCGAACG-1,1,SUZ12-2,273
TTTGTTGTCTGAGATC-1,1,SUZ12-2,427
AACGAAACAGCTTCCT-1,1,TMPRSS2-1,497
AAGACAAAGCTGCGAA-1,1,TMPRSS2-1,638
AAGATAGTCTCTTAAC-1,1,TMPRSS2-1,137
AATGGCTAGGAAAGGT-1,1,TMPRSS2-1,452
ACCAAACCACTGTGTA-1,1,TMPRSS2-1,372
ACGGTTACACTTACAG-1,1,TMPRSS2-1,52
ACTTAGGAGCGGACAT-1,1,TMPRSS2-1,245
AGACAGGGTGGTCTCG-1,1,TMPRSS2-1,388
AGATGCTCAAGGGCAT-1,1,TMPRSS2-1,376
AGCGTCGCACTGTCGG-1,1,TMPRSS2-1,219
AGGCCACTCCTTATCA-1,1,TMPRSS2-1,102
AGGTTACGTACCATAC-1,1,TMPRSS2-1,112
ATCGGATAGATTCGAA-1,2,TMPRSS2-1|TRA2B-2,157|103
ATCGTGACATCCGTGG-1,1,TMPRSS2-1,262
ATCTTCAGTGGGCTCT-1,1,TMPRSS2-1,104
ATGCCTCCACGTATAC-1,1,TMPRSS2-1,51
ATGGATCCAGCTGAAG-1,1,TMPRSS2-1,336
ATTCACTGTCGACTGC-1,1,TMPRSS2-1,502
CAGTTCCAGGGAGTTC-1,1,TMPRSS2-1,388
CATAAGCTCGGCCTTT-1,1,TMPRSS2-1,51
CCATCACCATTACTCT-1,1,TMPRSS2-1,51
CCGGGTAGTCAGCGTC-1,1,TMPRSS2-1,319
CCGGTGAAGGTGCAGT-1,1,TMPRSS2-1,511
CCTGCATTCCATTTCA-1,1,TMPRSS2-1,97
CGAGAAGCACAGAGAC-1,1,TMPRSS2-1,664
CGTCAAAAGTCACGAG-1,1,TMPRSS2-1,27
CGTTCTGGTTGCCTAA-1,1,TMPRSS2-1,512
CTACTATGTTGTTGAC-1,1,TMPRSS2-1,41
CTAGACATCCGGCAAC-1,1,TMPRSS2-1,361
CTCATTAAGGAATTAC-1,1,TMPRSS2-1,14
CTGCAGGTCCACGTGG-1,1,TMPRSS2-1,300
CTGCCTAGTGGCTTGC-1,1,TMPRSS2-1,327
CTTCCTTAGTATCCTG-1,1,TMPRSS2-1,76
GACCCTTAGTACTCGT-1,1,TMPRSS2-1,451
GACTATGAGCACTCTA-1,1,TMPRSS2-1,629
GAGAGGTCAGGACTAG-1,1,TMPRSS2-1,464
GAGGGTACAAAGAACT-1,1,TMPRSS2-1,286
GATAGAATCTTACCAT-1,1,TMPRSS2-1,449
GATCAGTAGGATTCCT-1,1,TMPRSS2-1,319
GCCATTCGTAGCTGTT-1,1,TMPRSS2-1,469
GCCTGTTGTGCTCCGA-1,2,TMPRSS2-1|UBE2N-2,53|76
GCTACAATCTTCCAGC-1,1,TMPRSS2-1,116
GGGCCATGTACGCTAT-1,1,TMPRSS2-1,394
GTCAAGTTCGCCAATA-1,1,TMPRSS2-1,247
GTCATGAAGTAAATGC-1,1,TMPRSS2-1,682
GTCATTTCAGACACAG-1,1,TMPRSS2-1,29
GTCCTCACACTTTATC-1,1,TMPRSS2-1,30
GTCGCGACACAGTGAG-1,1,TMPRSS2-1,429
GTCTGTCCATCCAACA-1,1,TMPRSS2-1,295
GTGCAGCTCTACGCAA-1,1,TMPRSS2-1,529
TAAGCGTTCACTGATG-1,1,TMPRSS2-1,131
TACGGGCGTACGGGAT-1,1,TMPRSS2-1,254
TACTTACGTCGCCACA-1,1,TMPRSS2-1,33
TACTTGTGTTTCGTAG-1,1,TMPRSS2-1,53
TATCTGTTCGCATTAG-1,1,TMPRSS2-1,186
TATTGGGGTTGCCAAT-1,1,TMPRSS2-1,25
TCTATACAGGTTAGTA-1,1,TMPRSS2-1,72
TCTCACGCAGGCATTT-1,1,TMPRSS2-1,183
TGAACGTTCCATAGGT-1,1,TMPRSS2-1,125
TGCGATAGTTACAGCT-1,1,TMPRSS2-1,96
TTAGGCATCCCTCTTT-1,1,TMPRSS2-1,379
TTCTCTCGTACTCGAT-1,1,TMPRSS2-1,160
TTGAACGTCGTAGCTA-1,1,TMPRSS2-1,20
TTGGGTATCTAGACAC-1,1,TMPRSS2-1,276
TTGTTCACAGAACTTC-1,1,TMPRSS2-1,137
TTGTTGTCATGCCATA-1,1,TMPRSS2-1,114
TTTCGATCACAGCCAC-1,1,TMPRSS2-1,55
AACCAACGTGGAAATT-1,1,TMPRSS2-2,8
AAGCGAGTCCGTCACT-1,1,TMPRSS2-2,37
ACGATGTGTATTAAGG-1,1,TMPRSS2-2,21
ACGGGTCTCATTGAGC-1,1,TMPRSS2-2,111
AGACACTGTATTCCTT-1,1,TMPRSS2-2,90
AGCGCCAAGGTCGTAG-1,1,TMPRSS2-2,10
AGCTACAAGTAACCGG-1,1,TMPRSS2-2,10
AGGAGGTAGCCTTCTC-1,1,TMPRSS2-2,9
AGGCATTGTATGTCCA-1,2,TMPRSS2-2|TRA2B-2,15|19
AGGCTGCAGGACTTCT-1,1,TMPRSS2-2,19
AGGGCTCGTGGTTCTA-1,1,TMPRSS2-2,32
AGTTAGCCATCGAGCC-1,1,TMPRSS2-2,82
ATACCTTGTTGCGAAG-1,1,TMPRSS2-2,23
ATAGGCTCATGACAAA-1,1,TMPRSS2-2,181
ATGAGTCTCCTACACC-1,1,TMPRSS2-2,6
ATTCATCTCGGCATCG-1,1,TMPRSS2-2,42
CAACCTCTCATCTACT-1,1,TMPRSS2-2,10
CATCCCAAGCACCGTC-1,1,TMPRSS2-2,56
CATTGTTCAAGTGCTT-1,1,TMPRSS2-2,38
CCTCAACGTGACTGTT-1,1,TMPRSS2-2,12
CGCCAGAAGTTCAACC-1,1,TMPRSS2-2,79
CGCGTGAAGTGCGACA-1,1,TMPRSS2-2,24
CGGGCATGTCTGTCAA-1,1,TMPRSS2-2,133
CGTAGTAAGGGAGGTG-1,1,TMPRSS2-2,94
CTCCGATCACTTGGCG-1,1,TMPRSS2-2,45
CTGCGAGAGGTCACTT-1,1,TMPRSS2-2,67
CTGGTCTGTAGCACGA-1,1,TMPRSS2-2,107
GACTGATTCCATCTGC-1,1,TMPRSS2-2,181
GGCTGTGCACATTACG-1,1,TMPRSS2-2,130
GGGATGAGTTGACTAC-1,1,TMPRSS2-2,16
GGGCTACAGATGTAGT-1,1,TMPRSS2-2,43
GGGTCACAGGCCCACT-1,1,TMPRSS2-2,115
GGGTTATGTGTCTAAC-1,1,TMPRSS2-2,11
GTAACCACATGGTGGA-1,1,TMPRSS2-2,70
GTAATGCTCAAGCGTT-1,1,TMPRSS2-2,53
GTACAGTGTTCCTTGC-1,1,TMPRSS2-2,124
GTGATGTTCCTCGATC-1,1,TMPRSS2-2,9
GTGCTTCGTGACTCTA-1,1,TMPRSS2-2,37
GTGTGATGTAATTAGG-1,1,TMPRSS2-2,83
TAATCTCGTTAGGCCC-1,1,TMPRSS2-2,37
TCACGGGCAGAAACCG-1,1,TMPRSS2-2,100
TCAGTTTAGCATCCTA-1,1,TMPRSS2-2,65
TGACGCGCATGCGGTC-1,1,TMPRSS2-2,34
TGATGCAAGAGTGTGC-1,1,TMPRSS2-2,37
TGCAGGCCAGGTTCAT-1,1,TMPRSS2-2,173
TGCTCCAGTGGATGAC-1,1,TMPRSS2-2,52
TGTAAGCTCATACGGT-1,1,TMPRSS2-2,33
TGTCCTGCAGGTGACA-1,1,TMPRSS2-2,111
TTACAGGTCATGAAAG-1,1,TMPRSS2-2,256
TTCACCGGTCTCAAGT-1,1,TMPRSS2-2,8
TTGATGGAGGGCAAGG-1,1,TMPRSS2-2,31
TTTGGTTTCAAAGGAT-1,1,TMPRSS2-2,46
AGAGAGCCACCAGTTA-1,1,TPR-1,175
GAGTTACGTGTTCGAT-1,1,TPR-1,374
GATGCTATCGTGTGAT-1,1,TPR-1,654
GCCAGCAAGTCGCCCA-1,1,TPR-1,62
GGAAGTGAGGAGTATT-1,1,TPR-1,215
GGGAGATAGATTAGTG-1,1,TPR-1,280
GGGCTCATCATCGACA-1,1,TPR-1,80
TCATGAGCACACCTGG-1,1,TPR-1,170
TTCACGCTCCGTTTCG-1,1,TPR-1,54
ACAAGCTTCGGCCTTT-1,1,TPR-2,7
ACGGAAGTCATCGGGC-1,1,TPR-2,3
ACGTAGTGTTAATGAG-1,1,TPR-2,3
ATGGGTTTCCTACCAC-1,1,TPR-2,4
CAACCTCAGTATGATG-1,1,TPR-2,4
CGAGAAGAGCATCAGG-1,1,TPR-2,8
CTCAAGACAATAGTGA-1,1,TPR-2,3
CTCAGAAAGCATGAAT-1,1,TPR-2,3
GTCATGAGTAAGTAGT-1,1,TPR-2,3
TTGATGGGTTTAGAGA-1,1,TPR-2,6
AATCACGCACGACGCT-1,1,TRA2B-1,47
ACTTATCAGTGGTGGT-1,1,TRA2B-1,42
ATACTTCAGAGAGTTT-1,1,TRA2B-1,24
ATACTTCCAGTAGTGG-1,1,TRA2B-1,84
ATTGTTCGTCGATTTG-1,1,TRA2B-1,205
CGTGATATCGTTGTGA-1,1,TRA2B-1,93
CTACATTGTTCCTTGC-1,1,TRA2B-1,86
GACTATGCAACAAAGT-1,1,TRA2B-1,184
GAGATGGAGGGCAAGG-1,1,TRA2B-1,14
GTGGGAATCGTGAGAG-1,1,TRA2B-1,265
TAACACGTCATCTACT-1,1,TRA2B-1,60
TCACTATTCTATACTC-1,1,TRA2B-1,140
TCCATCGTCATGTCAG-1,1,TRA2B-1,44
TGACTCCAGCTCATAC-1,1,TRA2B-1,8
AACAGGGGTTAGAGAT-1,1,TRA2B-2,405
ACGATCATCATCCCGT-1,1,TRA2B-2,44
AGCTACACAGCAGAAC-1,1,TRA2B-2,491
ATATCCTTCTAGCCAA-1,1,TRA2B-2,318
ATGATCGGTGGTCTCG-1,1,TRA2B-2,98
CATCCACGTCAGTCTA-1,1,TRA2B-2,410
CATGCAAGTGCCTTCT-1,1,TRA2B-2,940
GCACGTGAGTCCTACA-1,1,TRA2B-2,38
TCACATTAGAAGTCAT-1,1,TRA2B-2,502
TCTCCGATCGGTCGGT-1,1,TRA2B-2,53
TCTCTGGAGCCTATCA-1,1,TRA2B-2,457
TGACCCTGTTATAGCC-1,1,TRA2B-2,499
TTCTAGTAGCAGCCTC-1,1,TRA2B-2,59
TTCTAGTAGTCATGGG-1,1,TRA2B-2,217
ACTTCCGGTGCAGGAT-1,1,UBE2N-1,12
AGATGCTGTCATAACC-1,1,UBE2N-1,53
AGGTGTTGTCTTTCTA-1,1,UBE2N-1,397
AGTCTCCAGGTAACTA-1,1,UBE2N-1,258
CATTGAGGTGACAGGT-1,1,UBE2N-1,205
CGTAGTAGTTTGCCGG-1,1,UBE2N-1,24
CTCGAGGAGGCACGAT-1,1,UBE2N-1,272
CTTCTAAAGCCTGAAG-1,1,UBE2N-1,361
CTTCTAACAGAGACTG-1,1,UBE2N-1,69
GAAGGACTCCAAGCTA-1,1,UBE2N-1,877
GGTTAACCAACTCGAT-1,1,UBE2N-1,455
GTCTACCTCAGTCCGG-1,1,UBE2N-1,512
TCAGCCTGTACGCGTC-1,1,UBE2N-1,32
TCATTACAGTCATCGT-1,1,UBE2N-1,226
TCCGGGAGTACTTCCC-1,1,UBE2N-1,16
TCTTAGTGTAAGACCG-1,1,UBE2N-1,234
TGCTTCGCAACCAACT-1,1,UBE2N-1,509
TGGTGATTCCTGGGAC-1,1,UBE2N-1,247
TTTGACTGTAAGGCTG-1,1,UBE2N-1,90
AACAGGGGTCGACTTA-1,1,UBE2N-2,99
ACAAAGAAGTTATGGA-1,1,UBE2N-2,351
ACCATTTGTGCATTTG-1,1,UBE2N-2,71
ACGGTCGAGATAGTCA-1,1,UBE2N-2,204
ACGTAGTAGGTCCTGC-1,1,UBE2N-2,15
ACTTAGGTCTTCCAGC-1,1,UBE2N-2,142
AGAACCTGTGCATACT-1,1,UBE2N-2,359
AGGAATATCGTAACAC-1,1,UBE2N-2,94
ATCCACCGTCGAGTGA-1,1,UBE2N-2,303
ATGGATCTCCCTTCCC-1,1,UBE2N-2,9
CACGTTCCACGGTGAA-1,1,UBE2N-2,165
CATTCCGTCGAGTGGA-1,1,UBE2N-2,78
CCTATCGCAGGACAGT-1,1,UBE2N-2,18
CGCATAAGTGAGCCAA-1,1,UBE2N-2,1114
CTCCGATTCCAAGCCG-1,1,UBE2N-2,70
CTGCGAGTCCACGGAC-1,1,UBE2N-2,319
CTGGCAGTCGTAGGAG-1,2,UBE2N-2|UBXN1-2,317|107
GACCTTCGTCAGGTAG-1,1,UBE2N-2,108
GCCATGGGTTAGGCTT-1,1,UBE2N-2,16
GCTCAAAGTTCTAACG-1,1,UBE2N-2,67
GCTGCAGAGAAATCCA-1,1,UBE2N-2,193
GGTGGCTTCCTTATAC-1,1,UBE2N-2,236
GTGTTAGGTCGCCTAG-1,1,UBE2N-2,9
TATTGCTAGCTAAATG-1,1,UBE2N-2,49
TCAGTTTGTAGCCCTG-1,1,UBE2N-2,141
TCATTGTGTACGGATG-1,1,UBE2N-2,118
TCCTAATCATACATCG-1,1,UBE2N-2,273
TCTACCGCACGAAAGC-1,1,UBE2N-2,42
TGCATCCAGAGCCGTA-1,1,UBE2N-2,10
TGGAGGATCACTGGTA-1,1,UBE2N-2,72
TTCCACGAGCCTAGGA-1,1,UBE2N-2,123
TTGCATTGTGGCATCC-1,1,UBE2N-2,11
TTTATGCAGCTGGTGA-1,1,UBE2N-2,13
CCACAAAAGTATAACG-1,1,UBXN1-1,159
CGTCCATGTACGTACT-1,1,UBXN1-1,51
CTTCCGATCCCTCATG-1,1,UBXN1-1,219
GGACGTCGTCCTGTCT-1,1,UBXN1-1,190
GGATCTAGTGTTTACG-1,1,UBXN1-1,151
TCCGGGAGTTCAAAGA-1,1,UBXN1-1,54
TGATGCAAGACGGTTG-1,1,UBXN1-1,529
TTGAGTGCAACTTGGT-1,1,UBXN1-1,202
AACGTCACAGGCATTT-1,1,UBXN1-2,188
AATGGAACAACTCCAA-1,1,UBXN1-2,594
AATGGCTAGGAACGCT-1,1,UBXN1-2,148
ACGATGTTCTATACTC-1,1,UBXN1-2,333
AGAAATGGTCTCAGAT-1,1,UBXN1-2,385
AGAACAAAGAACCGCA-1,1,UBXN1-2,514
AGATGCTGTGGTTTGT-1,1,UBXN1-2,437
AGCGTCGAGGGCCAAT-1,1,UBXN1-2,90
AGCGTCGGTTTACTGG-1,1,UBXN1-2,452
AGGATAATCTGGACTA-1,1,UBXN1-2,514
AGGTTGTAGAAGTCCG-1,1,UBXN1-2,1342
AGTCTCCGTGACTCGC-1,1,UBXN1-2,406
AGTGACTGTTAGGAGC-1,1,UBXN1-2,513
AGTTAGCCAATTTCCT-1,1,UBXN1-2,275
ATGGATCTCCACTTCG-1,1,UBXN1-2,53
CACACAAGTAGTGCGA-1,1,UBXN1-2,815
CCGAACGAGTCACAGG-1,1,UBXN1-2,803
CGTGAATCAATGCTCA-1,1,UBXN1-2,212
CTGAGCGGTGCTTATG-1,1,UBXN1-2,331
GAGTTGTTCTAGACAC-1,1,UBXN1-2,360
GATGTTGCACTACCGG-1,1,UBXN1-2,575
GCACGGTGTAAGCTCT-1,1,UBXN1-2,949
GCATCTCTCATGCCAA-1,1,UBXN1-2,726
GCGGATCAGATCCCAT-1,1,UBXN1-2,665
GGTTCTCTCCGCTGTT-1,1,UBXN1-2,536
GTCGAATCAGGTCAGA-1,1,UBXN1-2,196
GTTGCTCAGAGTCTTC-1,1,UBXN1-2,172
TACTTGTTCTGATGGT-1,1,UBXN1-2,275
TCCGAAACAGTTGAAA-1,1,UBXN1-2,625
TCGAACAAGCAGCACA-1,1,UBXN1-2,32
TCGAACATCGTGCTCT-1,1,UBXN1-2,264
TCTACATTCGGAGTAG-1,1,UBXN1-2,260
TCTTAGTCATCGGATT-1,1,UBXN1-2,145
TGCATCCAGCGAGGAG-1,1,UBXN1-2,140
TGCTCGTAGCAGGTCA-1,1,UBXN1-2,579
TGGCGTGCAGGTGAGT-1,1,UBXN1-2,556
TGTTCATCAACCGGAA-1,1,UBXN1-2,1370
TTGTGGAGTACGTGTT-1,1,UBXN1-2,312
TTTCATGTCTTAAGGC-1,1,UBXN1-2,144
