Barcode,TSNE-1,TSNE-2
AAACCCAAGCTGAGCA-1,-22.99098886558448,3.0438377962552563
AAACCCAAGCTGTCCG-1,-16.59872173560953,-20.520388443461208
AAACCCACACAAATGA-1,-8.41627757798322,9.300343748738422
AAACCCAGTATCTTCT-1,-12.150550475522301,-0.8401612027897721
AAACCCAGTCGATTCA-1,32.92743581038753,11.812145183812536
AAACGAACAGGTTCGC-1,4.262748652218192,12.561508297584954
AAACGAAGTATTTCCT-1,-42.45613240809224,14.098321197979828
AAACGAAGTCTTGAAC-1,-12.494925533854909,-10.738298850777031
AAACGAATCTCTGGTC-1,-35.1066564653102,10.928688224317165
AAACGCTAGAGTGAAG-1,24.73915405544255,-1.1293682317401574
AAACGCTAGTCACTGT-1,14.43441120243694,-1.5814670229275323
AAAGAACAGAAACTGT-1,-34.09256894619624,18.892540170395915
AAAGAACCAAAGGCGT-1,37.5803056913016,-14.642715280983701
AAAGAACCACAAACGG-1,4.669606289224821,-0.07600682632000319
AAAGAACCAGTCAACT-1,-22.57922459183942,-23.45462081902423
AAAGAACCATTGTCGA-1,20.128140282233147,14.496508127796293
AAAGAACGTACCTAAC-1,-1.2776176321607453,9.654072968999587
AAAGAACGTCGGCTAC-1,-1.8432454811186958,13.961981500197057
AAAGAACGTTCAGCGC-1,-29.262084306666775,12.826305200948926
AAAGAACTCAAACGAA-1,-8.406470835292561,1.93622172437276
AAAGAACTCACATACG-1,34.7562236897692,0.9332868715330186
AAAGAACTCTAGCATG-1,18.142576175716517,3.5187968733738066
AAAGAACTCTGCCCTA-1,-7.703574483655136,34.92888208452359
AAAGGATAGAAACTCA-1,16.641916599182924,-36.27714642828626
AAAGGATCAAGCTACT-1,-15.707213949861575,-6.309271937900979
AAAGGATCACGCAAAG-1,-25.757341546953334,19.252867224169012
AAAGGATGTACGGTTT-1,-42.18541898746864,14.182910946426075
AAAGGATTCGGACCAC-1,-31.486875695129406,-12.082701391828767
AAAGGGCAGGAACGAA-1,5.03222207945041,22.709828642059488
AAAGGGCAGGTTACCT-1,1.3022837276725012,7.394323915167224
AAAGGGCCAAACTAGA-1,15.207338835861888,30.626697375455198
AAAGGGCCAAATCAGA-1,-1.8457482137172763,7.782950530022854
AAAGGGCTCAATCTCT-1,11.069773130641568,-2.478964961817456
AAAGGTACACGGTAGA-1,23.338078635593437,24.608896101765172
AAAGGTATCATACGGT-1,-27.979417085265524,-15.733147752855707
AAAGTCCAGTCGCTAT-1,1.365898434143842,-30.519154790707336
AAAGTCCCAGGTCAAG-1,9.419567385306292,18.17606190526168
AAAGTCCGTAACGGTG-1,-10.522404226291671,-4.001760912627726
AAAGTCCGTTCCAAAC-1,26.85581948282943,-1.093152499424765
AAAGTCCTCTGAGAGG-1,21.69217622588848,-3.574963838124189
AAAGTGAAGACCAACG-1,-4.91739609044934,12.651888745452835
AAAGTGAAGAGCCATG-1,-35.41432976785242,10.507758949258276
AAAGTGAAGCTCTTCC-1,15.197420938643916,-12.880201062912723
AAAGTGACAGGAATAT-1,-15.785961813068697,-3.812183826702028
AAAGTGAGTACGATGG-1,-27.298400395143258,-15.495689929105279
AAAGTGAGTCAGTTTG-1,-24.899918090909186,-31.835612637845564
AAAGTGAGTGTCGATT-1,17.882600644645535,3.5808327275438296
AAAGTGATCACTGTTT-1,20.056171526172136,14.023630595046523
AAATGGACATGAAGCG-1,-25.785671050963163,-16.249846507833944
AAATGGAGTGAATGAT-1,4.817729865532932,30.03611689006778
AAATGGAGTGAGTAGC-1,-25.760408410046235,18.623768883901665
AAATGGAGTTCGCGTG-1,8.417003168879788,-15.008501474033379
AAATGGATCCTCACTG-1,-8.18619979502864,-9.096089281507062
AACAAAGAGATTGTGA-1,-4.060661580022899,-29.805895507329605
AACAAAGAGTTGCGCC-1,1.3283128638449997,-5.334851880302517
AACAAAGCACACCGAC-1,-23.73002626563566,-12.55095923413526
AACAAAGGTGGTTTAC-1,22.05736674709191,-20.681443059262573
AACAAAGTCAAGAAAC-1,-22.918428559414682,-3.8088566021166694
AACAAAGTCACGGAGA-1,6.928311963176862,0.3575337878536487
AACAACCAGGAAGAAC-1,-6.905012226051498,-26.185564594643306
AACAACCAGGCTAACG-1,16.24360696901049,-14.60170915174734
AACAACCCAGCAGTGA-1,-11.212007333094041,5.283554602048845
AACAACCGTTTACGAC-1,16.80932778946166,-13.945283895087883
AACAACCGTTTCTATC-1,3.861822047842461,37.93649476144746
AACAAGAAGAGCAGAA-1,-34.837151801156274,11.414954821501771
AACAAGAAGGCATCAG-1,4.066252984710576,38.15887546452524
AACAAGAAGTAGAGTT-1,16.166962005101137,-32.69997756712189
AACAAGAAGTTCATGC-1,3.7769343104483477,11.204353942535674
AACAAGACACTGCATA-1,-11.717724705572943,-35.28587529409759
AACAAGACAGGAATAT-1,-10.294784507837635,1.2693597197346214
AACAAGAGTAATTAGG-1,-6.331234088770209,15.370299710177816
AACAAGAGTGTTACAC-1,7.580508330515948,-6.43224910166967
AACAAGAGTTATGACC-1,7.783349389694385,-37.873261962207174
AACAAGATCGCCTATC-1,-17.393649271394008,-6.802515166805726
AACAAGATCGGTGTTA-1,-12.826376359544566,-12.355620957893294
AACACACCAGAGCTAG-1,-9.329356486228031,-1.735661766574669
AACAGGGAGACTAGAT-1,33.72002382531782,1.643569585473552
AACAGGGAGCGGATCA-1,23.5924977053302,-0.5297770885546832
AACAGGGAGCGTATGG-1,12.726550137101635,-32.51902220745725
AACAGGGAGTTGCCTA-1,26.446955017030085,5.553100657571625
AACAGGGCAGAAGTTA-1,10.407285128216428,9.00998831617221
AACAGGGCAGCACAAG-1,20.316146115091712,15.883823275138163
AACAGGGGTCGACTTA-1,22.715817135026832,-3.6357959347571236
AACAGGGGTTAGAGAT-1,6.992933392547322,-48.53535348018795
AACAGGGTCATTCACT-1,-1.1210673204140231,-41.93726990323432
AACCAACAGCTGGCCT-1,-3.386896217158469,27.507407812260084
AACCAACAGTAAGAGG-1,0.9795408285987847,-34.584739451132336
AACCAACGTCAAGGCA-1,-12.801120709847522,6.80840490389556
AACCAACGTGGAAATT-1,-6.537973185004697,-6.340125607692682
AACCAACGTTGGCTAT-1,1.446930053724805,9.197618225578681
AACCAACTCGATGCAT-1,1.9876060860372045,-3.625137447351108
AACCACAAGCTCACTA-1,-12.00902835167392,-33.198224627236826
AACCACAGTGCGCTCA-1,22.852283284423063,2.528023622689664
AACCACAGTTGAGTCT-1,25.248468997639993,27.195390524711605
AACCATGAGGATATAC-1,6.709482124745033,27.696358125217532
AACCATGCAAACTCTG-1,-14.228609280230206,-20.74557634509031
AACCATGCATACTTTC-1,2.8692100579266064,44.65914534518088
AACCATGCATGGGAAC-1,-10.364875360217223,5.33698689340798
AACCATGGTCCGATCG-1,29.409478559697384,10.023928345320499
AACCATGGTTCAGTAC-1,7.4567784655255,-15.825635590479257
AACCATGTCGGCTGGT-1,-12.664274073032605,30.55994843836047
AACCCAAAGGTTCACT-1,4.476382616210214,29.59315898393155
AACCCAACAGACGGAT-1,3.7221072827305823,-7.399297217842502
AACCCAAGTGGGAGAG-1,-22.63597261185984,-15.7449965774812
AACCCAATCACTGATG-1,27.064660390583985,-14.126654103570516
AACCCAATCCCATTCG-1,42.0927856946343,-3.368806493982885
AACCTGAAGACCCTTA-1,-13.423591548429556,16.74937865227528
AACCTGAAGCTAGTTC-1,24.329709602201664,-6.437835249558178
AACCTGAGTACACTCA-1,-33.24736295497731,19.154901747412747
AACCTGATCGTTAGTG-1,15.929059578813515,-13.654139296395568
AACCTTTCACCGTACG-1,-14.585607764302852,12.604043550993417
AACCTTTGTATCGCTA-1,28.208144378001293,0.7019624418262502
AACCTTTGTCAACACT-1,-17.765420199154274,17.352888468654587
AACCTTTGTTCCGCTT-1,-6.535877052767096,23.76379192615118
AACCTTTGTTTCGTGA-1,-1.5075221948004447,7.407248334136107
AACGAAAAGATAGGGA-1,6.47812563417476,24.981589875427066
AACGAAAAGCCATCCG-1,7.202912215370154,-8.653213439817964
AACGAAAAGTGATTCC-1,6.702026872083064,-7.022702901769349
AACGAAACAATGCAAA-1,26.16924685205535,5.484373821853427
AACGAAACAGCTTCCT-1,6.004803325255457,-25.42347409159512
AACGAAAGTGCGAACA-1,31.06079640266198,-26.440942926251648
AACGAAAGTGTCCCTT-1,6.711791844009135,5.215411655061981
AACGAAATCAAAGAAC-1,6.465904656943222,27.547945519902427
AACGGGAAGCACTCAT-1,16.094365936632013,-6.471222263905261
AACGGGAAGGGATCAC-1,31.269741594220104,-26.55965494143477
AACGGGACAGTGTACT-1,-32.624372993084464,-5.8502627348116185
AACGGGACATTCTCCG-1,5.6270188808075385,25.326868131392672
AACGTCAAGGTCTTTG-1,12.34491947970859,18.51584022233649
AACGTCAAGTAAGGGA-1,-12.805112137130456,-34.0537611968325
AACGTCACAATTTCGG-1,12.380015086607104,18.631251399141714
AACGTCACACGGCGTT-1,-14.313147707166143,-20.781687663837452
AACGTCACACTACGGC-1,7.810004535503907,-40.0294885784224
AACGTCACACTGTCCT-1,14.676528241616383,37.75982594971828
AACGTCACAGGCATTT-1,-0.9532348687093664,-7.860839391201508
AACGTCACATTAGGCT-1,17.921181849346205,-30.048153642319384
AACGTCAGTCGATTCA-1,28.883727594805773,32.51048662636733
AACGTCATCGGACGTC-1,-13.311209721564815,5.045121548760549
AACGTCATCGGTAAGG-1,15.137191525036679,-4.911685700581211
AACGTCATCTGGTTGA-1,-4.583128085360591,24.284061560201895
AACTTCTCAAACGGCA-1,14.349493962483132,-1.5946560995014594
AACTTCTCACCGTCTT-1,10.655258313839676,-19.86662675266909
AACTTCTGTACTCGAT-1,29.85278287355223,-13.73902604156559
AACTTCTGTCTTGTCC-1,-29.64520644506912,16.288786884952753
AACTTCTGTGCTGATT-1,8.78446747267208,-47.9981763260296
AACTTCTTCACTCCGT-1,30.55958447200044,-4.8991997077991
AACTTCTTCAGTCCGG-1,7.612435137875933,27.987315052160092
AACTTCTTCCTCTGCA-1,7.3576555962999075,-46.73267469583126
AACTTCTTCTACACTT-1,14.230966232574046,37.63355021544352
AACTTCTTCTGCCTCA-1,-25.28790752189779,-5.826452080531875
AAGAACACAATAACGA-1,28.347782741639467,31.460865947357835
AAGAACACAGATAAAC-1,-25.526594940794922,-16.555744051367128
AAGAACACAGTCAGAG-1,-14.322470246242137,-4.493841308262242
AAGAACACATTGCCGG-1,-9.415115122913997,30.811936488309716
AAGAACAGTAAGCGGT-1,-22.997866094074713,3.0442754756412946
AAGACAAAGCTGCGAA-1,5.225843802848637,-25.462195236627778
AAGACAAAGGAAACGA-1,-25.878759793505818,-18.752733285203195
AAGACAACATCGCTGG-1,14.71303411831144,-14.03661851549212
AAGACAAGTCTCAAGT-1,41.93958695163886,-4.753081096201214
AAGACTCAGATAACGT-1,1.3493992436431839,-5.3862716772648405
AAGACTCAGCCTCAAT-1,-0.03068237567393609,-13.628293738533031
AAGACTCAGCTGCCAC-1,8.066139933341645,-40.47667342839678
AAGACTCAGTACGTCT-1,6.018993627931308,29.33006261369269
AAGACTCAGTTGAAAC-1,-19.28490213653875,24.704799201863388
AAGACTCGTAGCGCCT-1,30.803618164817472,-26.034961029127174
AAGACTCTCGGTCTAA-1,30.579228952791496,-26.415157682453085
AAGATAGCAACATACC-1,0.5246422650756011,-17.182180139055966
AAGATAGTCTCCTGAC-1,-17.622015036273453,12.950034699857888
AAGATAGTCTCTTAAC-1,5.173788634343508,-24.633680237477805
AAGCATCAGACATCCT-1,-31.984411273913377,0.5887460841551626
AAGCATCAGATTGATG-1,3.811202825299069,44.92395625530106
AAGCATCAGCATAGGC-1,19.49957765569929,-18.092207854575342
AAGCATCCAAGGCGTA-1,4.406831697090521,27.324342534394116
AAGCATCCAGATTCGT-1,-14.403142686353991,-20.873857525256795
AAGCATCCATACACCA-1,-0.1406767245914059,-9.897398013201617
AAGCATCGTTAAAGTG-1,-27.206411127805268,0.9428611450260966
AAGCATCGTTTCAGAC-1,13.786704763540406,36.04887256066938
AAGCATCTCAAGCTGT-1,28.999365148949114,3.5812741175846154
AAGCATCTCGGAAACG-1,-9.350275161540958,-26.172122027436398
AAGCATCTCGTGCATA-1,16.858831925401304,5.558658355110948
AAGCATCTCTATGTGG-1,-4.903164414194148,7.734483242746479
AAGCCATAGGCTGAAC-1,22.84401240862204,-21.425182629842578
AAGCCATCAGCGATTT-1,-24.78528769120758,-4.794373925701556
AAGCCATGTCAATGGG-1,-9.592134449392928,32.99899982067039
AAGCCATGTGACTATC-1,-27.273950181132083,-15.580843294501753
AAGCCATGTTGCATTG-1,13.928633024614692,-3.320394422887833
AAGCGAGAGATAACGT-1,-23.600195233374833,-16.860857937571346
AAGCGAGGTAGTTAGA-1,9.134356289877896,-7.812349324210344
AAGCGAGTCAACTACG-1,7.959913733464014,25.863513615492554
AAGCGAGTCCGGTAAT-1,24.798979843668548,-7.889015093049156
AAGCGAGTCCGTCACT-1,-0.5788372655277365,-43.036855119466566
AAGCGAGTCTGCGTCT-1,27.85703848712416,10.51447363995911
AAGCGTTCAATACGCT-1,2.7446902639918256,-34.15481685942581
AAGCGTTGTTAGCGGA-1,33.87078135689841,11.343323991185432
AAGCGTTTCCGTGCGA-1,-30.354704470915745,-0.42894001976584417
AAGGAATAGTCAGGGT-1,-23.175130554920916,-13.880838609067371
AAGGAATAGTGAGGCT-1,15.995417150889468,-13.773221479152184
AAGGAATCAGACTGCC-1,-12.984981477438339,-12.435392834613436
AAGGAATCAGGCATTT-1,-22.31731084220087,-3.966880272835479
AAGGAATCATTCATCT-1,-30.902939304315915,-12.752612767785273
AAGGAATTCCACGGGT-1,-19.786826227232407,20.722182133118302
AAGGAATTCCTTTGAT-1,-24.97939897061948,-4.824550559195534
AAGGTAAAGTTGCCTA-1,-15.381166052412803,9.495501914289356
AAGGTAACACGAGGAT-1,16.994234155971707,3.248185107790276
AAGGTAACAGCGTGCT-1,-10.257885836740169,1.3311110597816045
AAGGTAACATATGAAG-1,-7.949230194838515,24.422818350433374
AAGGTAACATTGCCTC-1,3.0276378118418044,27.806263217637767
AAGGTAAGTCGTTTCC-1,-5.939304749290171,-5.319801257118209
AAGTACCAGATGATTG-1,31.56156437599433,-26.927082607932082
AAGTACCCACAAATAG-1,-23.136743695699046,-23.856957449394994
AAGTACCCAGTTCTAG-1,0.16735655237691965,-16.846537906799515
AAGTACCTCATACGAC-1,4.044075700026182,0.34870477507902187
AAGTACCTCCGTAGGC-1,-41.917487791200976,14.455383529961955
AAGTACCTCCTTCGAC-1,-4.3159785551477095,3.185507806289897
AAGTCGTTCGTGTGGC-1,-1.863072980401027,-16.47169896721175
AAGTCGTTCTCAGGCG-1,-13.806257653847453,-12.773622235378298
AAGTCGTTCTTGCAAG-1,28.74876358315682,4.126339315792733
AAGTGAAAGGGTTAGC-1,-31.985761409286198,-24.58390253950749
AAGTGAAAGTACAACA-1,8.039072606174948,-40.44829819559311
AAGTGAAAGTCGAAGC-1,-6.3476679007057735,-6.39202329740127
AAGTGAACAATCGCGC-1,-3.3355508944745553,-6.582800181078362
AAGTGAAGTCAAATCC-1,-9.213807848322165,5.783391629596157
AAGTGAAGTTCACCGG-1,20.323180415083517,15.872361031993243
AAGTTCGAGATAGGGA-1,-2.7943974013153605,4.293485667523338
AAGTTCGCAACAGTGG-1,39.59236620235402,-15.846108489288424
AAGTTCGCAAGTGTCT-1,-2.3547435930803187,-0.6701119387405448
AAGTTCGCAATGAGCG-1,-12.50539560903339,-11.546840749969771
AAGTTCGCAGAGGAAA-1,-16.968044641312655,-2.640013107210648
AAGTTCGCAGCCGTCA-1,33.445426892109715,7.671623762394062
AAGTTCGCATGACGGA-1,-7.917879154930377,7.13479026445562
AAGTTCGGTCACTTCC-1,-11.098853612714903,31.25811529027681
AAGTTCGTCGTCACCT-1,-26.40347564740042,18.71548942288679
AAGTTCGTCTGTACAG-1,13.757252975995469,-1.8509643437097179
AATAGAGAGACTCAAA-1,-22.335239556527014,-13.139270381030622
AATAGAGAGGGCAATC-1,10.300276063707777,15.281647364532102
AATAGAGCAAGTCCCG-1,-14.049391654718299,6.070608645050727
AATAGAGCAGAACTTC-1,-26.669674441213814,-5.424847637554634
AATAGAGCAGGAATAT-1,30.92751637652993,15.536078444846984
AATAGAGGTCAGTCGC-1,29.553892179860483,12.720668026793726
AATAGAGTCATTACTC-1,-14.078585755900981,0.5101724368338045
AATCACGCACAATGCT-1,41.11818934318971,-4.683632569706432
AATCACGCACGACGCT-1,3.7923315819145356,-32.94176177427911
AATCACGGTAACATCC-1,-5.007565039043627,1.1188139045439969
AATCACGGTTCGAAGG-1,21.36038896558852,-19.6972910705385
AATCACGGTTTCGTAG-1,21.069159457503915,-22.23963973133363
AATCACGTCGAGAATA-1,11.7937195475776,35.26901851982245
AATCGACAGTCTGTAC-1,11.67734833160931,37.30405750996383
AATCGACCAGTAGTGG-1,6.520789992094814,22.475618948118697
AATCGACGTCGAACAG-1,3.8034423542323768,44.89595359406447
AATCGACGTGTCTAAC-1,-10.25045269707042,1.590886381312187
AATCGACTCGAGAGCA-1,1.0627473859758299,-18.132252493222328
AATCGTGAGTGTTCAC-1,-1.7057172675839556,-18.46337194488638
AATCGTGCAAGTCCCG-1,2.187652853659775,12.755369019633331
AATCGTGCAGAGAGGG-1,-9.42833106435608,-35.9683960947048
AATCGTGTCAACACGT-1,7.533901564431124,-39.867909516242996
AATGAAGAGAGGCGGA-1,-12.667569849397072,7.857875386436893
AATGAAGCATGAATCC-1,-25.286476372046664,-5.1578588019766825
AATGAAGGTCCCAAAT-1,-24.809247552005022,-14.793070115352217
AATGAAGGTGCACAAG-1,12.98857514120381,-6.009811571856125
AATGAAGTCGGCTGTG-1,-10.615816281336715,2.1214680334855736
AATGACCGTACCTATG-1,-7.060594285299472,7.556593518958665
AATGACCTCGCCTAGG-1,-0.5249767505468466,-30.089117263020725
AATGACCTCGTAACTG-1,-2.070219647309318,-41.63572252838045
AATGCCAAGCGTCAGA-1,-24.549057958970483,-14.1966530509205
AATGCCACAAGACGAC-1,-26.65313590796766,-5.466071134344317
AATGCCACATGGTGGA-1,14.953119855288255,-29.9749259412598
AATGCCATCAAGTAAG-1,-15.804429940280732,-5.5336435768425964
AATGGAAAGGACGCTA-1,-7.368809857356266,11.812887380740657
AATGGAAAGGTAAGGA-1,-25.414422805185623,-34.510693448754374
AATGGAACAACCGCTG-1,-13.700689718902796,37.61505914389685
AATGGAACAACTCCAA-1,-1.1845350952234077,-9.032790739048567
AATGGAACAAGAATAC-1,-2.061903578147445,-41.46093116253241
AATGGAAGTATCACGT-1,21.41583348997787,-21.7593572435099
AATGGAATCGCTTAAG-1,-9.351987429835223,-26.141316519353737
AATGGCTAGAAACTAC-1,14.59228668676031,3.6217478052930567
AATGGCTAGAGGACTC-1,0.5179996850271753,-17.234050108702515
AATGGCTAGGAAAGGT-1,5.344210931263701,-25.407876169101076
AATGGCTAGGAACGCT-1,-1.3175855051241696,-10.662953358916289
AATGGCTCACTGAATC-1,6.804328564257536,19.93866583850797
AATGGCTGTGTGAATA-1,7.599657574771852,-0.2736241710253751
AATGGCTTCGCTGACG-1,-15.148393101554003,19.448579124859556
AATGGCTTCTCGGCTT-1,-24.476970952724766,9.419039991523302
AATTCCTAGGATGCGT-1,16.400126615738717,-1.2601084195721832
AATTCCTCAGACTGCC-1,15.2924803673779,-30.453282537012512
AATTCCTCAGTTCACA-1,-14.688749869200983,1.9453817949004641
AATTCCTCATTGGGAG-1,-3.426120305312943,-40.98721135879887
AATTCCTGTTTGGGAG-1,14.587690127532216,34.191542093196325
AATTCCTTCGCGCCAA-1,3.0952532903364833,10.732010387267763
AATTCCTTCTGTCAGA-1,-11.06971062013047,-2.8299582283294495
AATTTCCAGAAACTCA-1,-3.8399700974215425,27.226215477929134
AATTTCCAGAGCATTA-1,-32.30955724771338,-11.306923365080488
AATTTCCAGCCTATCA-1,-33.17480286359206,17.893275564895152
AATTTCCAGTGTTGTC-1,35.12007889386748,0.915146367371511
AATTTCCCAACGCATT-1,-4.176684464861782,-29.815039040245296
AATTTCCGTATCGTGT-1,-14.346819245611778,-20.770628675919085
AATTTCCTCCGTATGA-1,-3.4169174549630696,27.797023640481182
AATTTCCTCGTCTCAC-1,-9.652125828993102,6.596430813092546
AATTTCCTCTCTCGAC-1,-46.551282845597626,1.895419268770044
AATTTCCTCTGACCCT-1,52.737473185438255,11.002928306165764
AATTTCCTCTTAAGGC-1,-21.443656424963525,-0.8075274583869277
ACAAAGAAGTTATGGA-1,23.058747528326144,-3.9764171987755628
ACAAAGACATGACGGA-1,-21.72223845895315,2.2193461211419487
ACAAAGATCACTCTTA-1,7.635950741335607,-0.31493842474878
ACAAAGATCATAGAGA-1,-3.4557558586222363,-40.21367592323344
ACAAAGATCGATACAC-1,-27.466628103170642,18.04962520144388
ACAAAGATCGCAGTGC-1,0.5867538434883725,18.175517750894418
ACAACCAAGAGGCTGT-1,-33.44039484766282,11.396010318231934
ACAACCACAATAGTCC-1,15.76239854946677,38.260411476603714
ACAACCACACATAACC-1,-3.543146969333056,9.92832751212463
ACAAGCTAGAGGCGGA-1,19.403228418854333,3.9849370209535477
ACAAGCTAGTTGGACG-1,-14.350538041390836,-30.483148231293782
ACAAGCTAGTTGGGAC-1,-33.26762633770084,-6.012483007834337
ACAAGCTCAATGTGGG-1,3.6879193786635764,44.81491150199469
ACAAGCTTCAAACTGC-1,6.483594246044712,-40.79593614768814
ACAAGCTTCACCATAG-1,30.322069647542666,10.248096453285171
ACAAGCTTCGGCCTTT-1,-1.7106100386697531,-0.20134439112105276
ACAAGCTTCTCCTGCA-1,6.13504491417052,-48.671127288777576
ACACAGTAGGCGTCCT-1,32.298839245965574,-25.44877938027454
ACACAGTAGGGACACT-1,30.642030397247034,9.808991128472302
ACACAGTAGGGCTGAT-1,-10.118159070873531,2.5163474580434353
ACACAGTAGGTAAGAG-1,-12.35836018896335,-36.23034704237748
ACACAGTAGTTCCGGC-1,15.346743869048975,30.465588335540627
ACACAGTCACTTGACA-1,28.94960676063185,3.602039624164279
ACACAGTTCCATTGCC-1,33.450457144538746,13.827959136421807
ACACAGTTCTAGAGCT-1,3.286261922726578,22.084618323016933
ACACCAAAGGGAGGCA-1,-2.646688321859412,-10.61674720088401
ACACCAAGTAGGTACG-1,1.9132092133127316,-9.136922444868961
ACACCAATCCCTCAAC-1,19.434137948197684,-0.593375516274303
ACACCAATCGTCCTTG-1,-13.281649566060597,30.574922219172002
ACACGCGAGAGGCTGT-1,24.973761335530735,0.2265533645067039
ACACGCGAGAGTTGCG-1,12.174019927629544,35.5129644369344
ACACGCGAGGAACTCG-1,26.580135187438554,-11.69422303928391
ACACGCGAGTAACCTC-1,-42.61858134636368,3.045347655381979
ACACGCGCAAGCCATT-1,30.528906533704237,11.504696491438935
ACACGCGTCGCCACTT-1,-2.2299674739719637,15.50383041157368
ACACGCGTCTACTATC-1,-19.51599723473084,30.724900369436142
ACACTGACAACCGACC-1,14.547575256605734,-4.493369133130509
ACACTGACATGTGCTA-1,6.626808881214258,-17.261901118973075
ACACTGAGTCACATTG-1,-3.8420023144269457,34.518283684008665
ACACTGATCAAGTGGG-1,-23.248953210435673,15.605827959291394
ACACTGATCGCCACTT-1,-27.541972573970646,-14.30202751865778
ACACTGATCGTCAGAT-1,-12.26287222774124,-36.2596721360879
ACAGAAAAGATAGCTA-1,-16.08954171268531,-18.961735962305784
ACAGAAAAGCGTGAGT-1,-30.208719385223787,-4.46067870183508
ACAGAAACACCTCGTT-1,8.35138314797231,17.83498856427748
ACAGAAAGTATTTCGG-1,-22.64880861768067,3.2381035623032117
ACAGAAAGTCCAGGTC-1,-42.549499241637264,14.101061218995753
ACAGAAAGTCGCCACA-1,1.0632808808814591,0.6949955451408273
ACAGAAAGTCTTTATC-1,-33.737683612874875,-25.572565714747242
ACAGCCGAGCCAACCC-1,34.816311713062376,-0.020862814804358816
ACAGCCGAGCTTGTTG-1,9.94057437709915,-16.210354745945423
ACAGCCGAGTGCTCAT-1,-3.7588904885940613,-27.66029728788152
ACAGCCGTCGCCACTT-1,-4.426172432944123,22.080166849159898
ACAGCCGTCTATGCCC-1,-28.109723319239187,-14.496681816844262
ACAGCCGTCTCCTACG-1,29.195677761004376,8.642805797386739
ACAGGGAAGATAGCTA-1,-23.524291097400344,-23.791069228696607
ACAGGGAAGCTAAGTA-1,6.3523823372315835,28.41892106839719
ACAGGGAAGGAAAGGT-1,-22.499853898111787,2.595564925521221
ACAGGGACACTATCCC-1,10.14343168908052,8.941286029634147
ACAGGGACACTCTGCT-1,-21.997185750748823,-11.528192292051958
ACAGGGATCTAACGCA-1,12.478009917395868,3.9850561420593613
ACAGGGATCTCTGCTG-1,1.961521325265037,7.525549542266801
ACAGGGATCTGTAACG-1,15.50715505377035,5.268739543257566
ACATCCCAGTGCACTT-1,-19.001919910868136,25.62932376391719
ACATCCCCAAGAGAGA-1,34.48541967594529,1.1711382294754376
ACATCCCCATTGCTGA-1,14.206714273675072,-1.603246417630302
ACATCCCTCACTGCTC-1,-13.822124306649203,-36.393019542235166
ACATCGAAGTACTGTC-1,11.03092429758664,16.57031622681363
ACATCGAGTAAGCGGT-1,18.920358535711966,13.57048212666166
ACATCGAGTAGTCACT-1,-6.310387861019055,-6.369785064367673
ACATCGAGTCAATCTG-1,17.2511387133902,6.566159701969334
ACATCGAGTTATGGTC-1,-6.1373283677897,8.956942991747896
ACATCGATCAGCGGAA-1,-26.688307153510912,-5.422539764360164
ACATCGATCTTGGATG-1,-14.113065465929651,-23.434233354826514
ACATGCAAGTTACGAA-1,-11.399238370300507,6.896686771436125
ACATGCACAATTCACG-1,-10.75728859376027,7.634788789445793
ACATGCAGTTCCGCGA-1,-25.936660283900395,18.931329422590863
ACATGCAGTTGACTGT-1,28.981140922001636,3.5446801838906357
ACATGCATCTGTTGGA-1,-29.574505732937862,-8.957347428954257
ACATTTCAGGTTAAAC-1,5.257341220663308,27.994358130563732
ACATTTCTCGCTGTCT-1,-11.307109830394033,-11.083177386513649
ACATTTCTCGGAACTT-1,20.523845412601673,13.199482294493105
ACCAAACCACGAGGTA-1,4.467898522175066,-0.03895617328979008
ACCAAACCACTGTGTA-1,5.081295000138735,-25.894932691388863
ACCAAACGTAGTTCCA-1,-15.59087419666825,5.349538869272568
ACCAAACGTCTTACAG-1,31.651834996752733,-21.804806475264677
ACCAAACGTTGGAGAC-1,-0.5191210725672477,-13.179662675623184
ACCAAACTCGCCTTTG-1,16.927429337532622,3.3406599614832615
ACCAACAAGACAACTA-1,-26.88976223281022,-16.719487730145676
ACCAACAAGTCCTGCG-1,31.55224597916752,-25.825227874220893
ACCAACACAGAACTTC-1,34.48627648101573,11.114693708655516
ACCAACAGTATTGGCT-1,-30.91690880342311,11.068648468340577
ACCACAAAGTTGAATG-1,-4.453519797201016,21.913640687054077
ACCACAACAAGTCGTT-1,-36.085326675008375,19.975068929327637
ACCACAACACCATATG-1,22.152439502876387,-20.207290441681735
ACCACAAGTGTCGCTG-1,5.148297394323339,-40.11378941630007
ACCACAATCTATTGTC-1,3.534434316818776,44.87163232397059
ACCATTTAGAGGGTGG-1,15.300094882298472,-30.686473744031872
ACCATTTCATTCACAG-1,-20.767081783268267,20.305017115959785
ACCATTTGTATTGACC-1,-33.25718429532903,2.6767536915094676
ACCATTTGTCAGACTT-1,29.52967660717634,2.786542228347851
ACCATTTGTCCTTGTC-1,-20.280891770102876,24.44137781548109
ACCATTTGTGCATTTG-1,23.150176568281818,-3.505568464987714
ACCATTTTCGGTGTAT-1,-14.302073715532906,9.066408092610542
ACCATTTTCTCTAGGA-1,14.649874243987366,-5.842099378841707
ACCCAAAAGCTGTGCC-1,-4.953626526737096,1.0619474992213962
ACCCAAACAGTCTTCC-1,-46.37297167346712,1.5800660511634603
ACCCAAAGTCTTGTCC-1,6.928929834981643,0.3321152991717465
ACCCAAATCTCCAAGA-1,-15.33191196713979,-6.693764984593218
ACCCTCAAGAAGGTAG-1,15.116353661759097,-7.139131033012857
ACCCTCAAGCGTCGAA-1,34.66283116462307,1.9606075595551806
ACCCTCAAGGTTACAA-1,-13.003977368490924,30.729587541826323
ACCCTCAGTATCGCGC-1,-14.266629644695259,-24.108552201246827
ACCCTCATCAAGCTGT-1,-14.57336032233318,-4.552956066668055
ACCCTTGAGCTCATAC-1,30.456515025325974,-7.073022869659214
ACCCTTGAGTCCCGAC-1,-14.277884018887617,-20.772053558494385
ACCGTTCGTAGACAAT-1,-26.262746985829516,0.43472530349690397
ACCGTTCGTTACAGCT-1,-1.4826980866492354,-0.940911956138415
ACCTACCAGCGACTAG-1,36.556357358255845,20.748742840559583
ACCTACCAGGGTAGCT-1,-25.46411248238496,21.758510396039327
ACCTACCGTCGTTTCC-1,-2.2553171130982794,17.41855323438377
ACCTACCGTTGCGGCT-1,30.293336815635755,-5.014168588766944
ACCTACCTCAGCTGTA-1,-18.548243717256938,-4.419922044615191
ACCTACCTCCGTGTAA-1,34.9580131960628,0.05628319182992901
ACCTACCTCGTTCATT-1,16.543645106778094,3.870602469415894
ACCTACCTCTTTCGAT-1,-5.157510188387428,-20.821780205208597
ACCTGAAAGCGACATG-1,-23.493446177139536,8.793851193718535
ACCTGAACATGCAGGA-1,12.217524220126881,18.70797051629882
ACCTGAAGTCGCACAC-1,-26.66442001195813,-5.61057313709434
ACCTGAATCCTTTGAT-1,-30.388911995393013,-0.347711628210522
ACCTGTCAGCACTGGA-1,5.096733817798921,4.876409250036869
ACCTGTCAGGATCATA-1,-3.3684492463274722,25.8900572657872
ACCTGTCCACTATCGA-1,3.693447074345277,1.924824015545044
ACCTGTCTCATGCCAA-1,7.914143764653626,-40.36416156332996
ACCTGTCTCCAGTTCC-1,31.12423575555251,-26.551739281028333
ACGATCAAGTACCCTA-1,-7.247371664771352,21.014406689614475
ACGATCACATAGAAAC-1,2.0665389283861577,-2.6493327885227513
ACGATCATCATCCCGT-1,6.41108758440747,-47.45906392927902
ACGATGTAGTGCTACT-1,1.594280583029274,43.06047736658309
ACGATGTAGTTTGGCT-1,21.024762070106235,-3.1038421332299175
ACGATGTCAGATCATC-1,9.144793708753365,-16.136547083376133
ACGATGTGTATGGTTC-1,-37.90769574654976,2.978567069806688
ACGATGTGTATTAAGG-1,22.780010597841528,-12.11997590162548
ACGATGTGTCGTGGTC-1,13.2086360771358,-8.124981509739424
ACGATGTGTTCCAAAC-1,15.148334119224376,35.744986670855816
ACGATGTTCTATACTC-1,-1.5803628214185361,-10.582887003927793
ACGATGTTCTGCTTAT-1,28.500600469259474,10.393803524134547
ACGCACGCAAGTTGGG-1,-2.758521245451587,28.409577239705502
ACGCACGCACCGTCGA-1,0.8091573094246638,-30.773992384046636
ACGCACGCAGAAATTG-1,11.680794495036242,18.303570326638212
ACGCACGTCGTGCACG-1,-12.442594744716558,-3.324581511809331
ACGCACGTCTCGACGG-1,-2.797647597970791,28.747298133166936
ACGGAAGAGTCTAGAA-1,15.761581349207285,37.46709105311824
ACGGAAGCAGTAACAA-1,-42.298399456206305,14.0976925671999
ACGGAAGTCATCGGGC-1,-1.9249821679383614,0.2946528963781673
ACGGAAGTCGAATGCT-1,-15.525736687702556,30.562005821796312
ACGGGTCGTATTGAGA-1,0.371878162969242,18.19418416094157
ACGGGTCGTCAACATC-1,27.382309586646056,-5.5033732711676295
ACGGGTCGTGCACATT-1,22.584687687124596,2.729139574306873
ACGGGTCGTGTTGATC-1,31.267004620174895,-26.376642650181452
ACGGGTCTCATTGAGC-1,21.88058641260043,-12.079525574231747
ACGGTCGAGAGTCAGC-1,-32.93576240275056,11.935632969078952
ACGGTCGAGATAGTCA-1,23.303145443954282,-3.9528102597693016
ACGGTCGAGATCACCT-1,-9.258750925450604,40.44124529166475
ACGGTCGCACTCACTC-1,13.36000310808925,23.247717987699648
ACGGTCGCAGCTCATA-1,-1.8802948240355615,28.535157254861517
ACGGTCGGTGGACTAG-1,37.51462892130407,21.835010823238118
ACGGTCGTCGATACAC-1,-7.607353894831023,2.5382747992614827
ACGGTCGTCGGTGCAC-1,-21.503503221134093,-24.051159618267675
ACGGTTAAGAGACAAG-1,8.519362169408017,8.084778415217205
ACGGTTACACTTACAG-1,5.099712674808433,-22.830871786382264
ACGGTTATCACGGACC-1,-9.367699628121425,40.583668473194514
ACGGTTATCAGACATC-1,7.693126439532438,11.986234874045184
ACGGTTATCAGTGTGT-1,22.779226302491466,-4.309023758733493
ACGGTTATCTGTCGCT-1,-15.993771378406684,-5.3883527025322735
ACGTAACAGGTCCCTG-1,-19.817676288984973,32.47964978784037
ACGTAACAGTCTGGTT-1,-7.379129772191562,4.88844222030793
ACGTAACCATATGGCT-1,4.917336055460577,10.540263477427324
ACGTAACCATGTGCTA-1,14.155587052854107,37.98153450629953
ACGTAACTCACCTTGC-1,39.834649759079795,-3.7612599090835483
ACGTAACTCAGACTGT-1,6.30792760237475,28.51312318519731
ACGTACAAGCAGAAAG-1,7.648200324701433,-48.41316212131577
ACGTACAAGTTACGAA-1,-13.079876037975307,-2.4355826628824624
ACGTACACACTAAACC-1,39.4037684503759,-3.9488376378750405
ACGTACAGTACGACTT-1,10.985843571758712,9.821727396098686
ACGTACATCAAAGGTA-1,-9.834927873791534,41.357118436704646
ACGTACATCCTACCGT-1,37.40885618583662,-12.036671311625025
ACGTACATCCTCACTG-1,20.87307635465465,14.06825988717128
ACGTACATCGGCCCAA-1,-9.88224071723363,-1.9187958075428102
ACGTAGTAGCAGGCTA-1,6.673798140044631,1.1338028726897076
ACGTAGTAGGCCCGTT-1,-7.848218729976415,9.061022651942162
ACGTAGTAGGTCCTGC-1,26.59392143660557,3.7303733434961965
ACGTAGTAGTCATGCT-1,30.354780785937738,-4.950943940997902
ACGTAGTCACTACCGG-1,-30.402479130191626,17.062151897736058
ACGTAGTGTTAATGAG-1,-1.7005270703686648,-0.1445567989555399
ACGTAGTTCTCCGCAT-1,31.193503202529477,-25.849530502875258
ACGTCCTAGTCGAAGC-1,37.47539282614314,-13.505841241187204
ACGTCCTCAATGGCAG-1,6.2509815298198985,-9.603716233711491
ACGTCCTCACCTATCC-1,-28.298142223122422,0.032515143015983405
ACGTCCTCAGTAGTGG-1,7.707551812717387,-14.938811486725003
ACGTCCTGTACGAGCA-1,-33.74599485828749,-25.59741194378021
ACGTCCTGTATCAAGA-1,30.634185493674078,-25.27223129149473
ACGTCCTGTCGTTCAA-1,24.73213739290854,10.695711918626701
ACGTCCTGTGAGTTGG-1,-33.6796952937962,-5.672069093521279
ACGTTCCAGTACTCGT-1,-33.771794612942976,-25.59206161074605
ACGTTCCAGTGGATAT-1,-18.1523384403767,23.772661057476142
ACGTTCCGTACGCGTC-1,11.446274202862627,9.718628350962943
ACGTTCCGTCGCACAC-1,1.4011920034596141,7.256043971047988
ACGTTCCGTGGTTCTA-1,-5.215167480541516,-19.29724345048734
ACGTTCCGTGTCGATT-1,-0.9772383058022253,0.12747295107514178
ACGTTCCTCCTACACC-1,-11.086332416771375,-24.41314408121524
ACTACGAAGACTTAAG-1,-2.5882346075283182,-16.972585158360292
ACTACGAAGAGGACTC-1,8.321729733885832,-16.220988452302763
ACTACGAAGGCTCAAG-1,-26.87573586525087,-6.456290346687316
ACTACGAGTCACAGTT-1,-7.288438188318239,-5.149865802925042
ACTACGAGTCTGTCCT-1,16.505678389985096,-30.65519607789785
ACTACGAGTTGAGAGC-1,-3.707182471888473,-30.891754370289913
ACTACGATCGGCGATC-1,29.36351884877091,-7.161553411551776
ACTATCTAGCAGCCCT-1,-9.159149568101684,-1.5928238640300334
ACTATCTCACGCTGCA-1,29.012135374218353,3.599599065570598
ACTATCTGTCAGTCTA-1,-26.81657118939944,15.013360815944665
ACTATCTTCAAGATAG-1,33.436270563840694,6.658774150562583
ACTATCTTCAATCTCT-1,-0.43550448817854026,-12.304947972156285
ACTATCTTCCGCACTT-1,9.112225617531964,-1.2764463513131776
ACTATGGAGAATTGTG-1,9.290623637107348,8.452463324625842
ACTATGGCAAGCGATG-1,1.4668371515521017,7.258996478186513
ACTATGGCAAGTGACG-1,33.00283524413033,13.06137893494017
ACTATGGCAGGGAGAG-1,-31.881127460990484,17.764878804414657
ACTATGGTCCTGATAG-1,14.506785371659426,-1.6370258801099573
ACTATGGTCGTGCACG-1,-46.69226848304496,1.8111243961674472
ACTATGGTCTGTGTGA-1,-28.365447854612665,-14.152516295508653
ACTATTCAGCGAGGAG-1,-9.214437502486241,-25.927024978203026
ACTATTCAGTAGTGCG-1,-24.527276307309254,9.488689264304787
ACTATTCCAAACTCTG-1,-8.116329881733272,23.344741158946146
ACTATTCGTAGCTGAG-1,-24.445778520843643,9.430368609151797
ACTATTCGTTCCAGGC-1,-10.842743112794048,29.825522719435973
ACTATTCTCCATCGTC-1,22.325571378466314,-20.56363178483761
ACTATTCTCTTCGTAT-1,-27.231804539692266,-15.889972711050968
ACTCCCAAGCGCTGCT-1,-24.574132271819344,-17.26256222994563
ACTCCCAAGCTTAAGA-1,6.047130882334788,-39.76783056077355
ACTCCCAAGGTAAAGG-1,-32.980937624273274,-25.443165263706874
ACTCCCAAGGTAGTAT-1,34.31309026603898,11.299581167096337
ACTCCCACAGGAGGTT-1,-25.959932040444205,16.484427417021493
ACTCCCAGTCGGCACT-1,-33.18570581208952,2.5634783886241217
ACTCCCAGTTCTTCAT-1,-33.52580919389828,19.352550445646603
ACTCCCATCAGTCTTT-1,-13.07862584351959,-13.434238721172994
ACTCTCGAGGTTCACT-1,-26.921170752224267,17.335444323948423
ACTCTCGCACACACTA-1,-13.152283038990406,-12.412047604353482
ACTCTCGCAGCAGTGA-1,-22.109633242423378,31.553351061566588
ACTCTCGCAGTCAGTT-1,0.5344912803406731,18.426808790771553
ACTCTCGGTGTGTGGA-1,-10.296363059548847,-11.71975685754938
ACTCTCGGTTTGATCG-1,-11.351840366567435,-34.71542679319718
ACTCTCGTCACTGATG-1,15.693427173696033,-8.248377867295309
ACTCTCGTCATACAGC-1,2.140582402353179,-2.5246982754037814
ACTCTCGTCTGGTGCG-1,23.74089771957747,-19.108292523093933
ACTCTCGTCTTCCCAG-1,-15.056167609603296,-5.110895591628848
ACTGATGAGGCTCTAT-1,-26.588377012630467,-8.339012346156464
ACTGATGAGTTTGCTG-1,-1.8989163050530589,5.656211943641801
ACTGATGCATCCCACT-1,-7.13485464457861,23.98477635780688
ACTGATGGTAATTGGA-1,6.73352623108123,-39.58619897963321
ACTGATGTCCTCACTG-1,31.201768179784384,-26.560382735866746
ACTGATGTCCTCAGAA-1,7.419912332993985,-0.33266086138512624
ACTGATGTCGCCGAGT-1,7.593490272136603,-0.26439716841508343
ACTGTCCAGAGCAGAA-1,-27.58680748273511,18.263567215010866
ACTGTCCAGGATTTAG-1,18.880668918194022,11.962717718935377
ACTGTCCCATTGACCA-1,28.314625845630996,0.6983832004600434
ACTGTCCGTAGAGATT-1,16.287247996586025,-36.60386094269167
ACTGTCCGTAGCGTTT-1,-5.9438005580737086,24.56263441951713
ACTGTCCGTCTCACAA-1,-20.532097612480666,26.74731127699303
ACTGTCCGTTTCACTT-1,5.609195075864969,7.250355242396942
ACTGTCCTCCTCAGGG-1,6.591559370210868,0.5768212007627007
ACTGTCCTCTCAACGA-1,15.235738825719208,-30.07490862514072
ACTGTGACAATACGCT-1,-25.82361170280317,19.214099627544638
ACTGTGAGTACTGAGG-1,-23.912711866295957,1.879954808841595
ACTGTGAGTAGGCAGT-1,-4.791166257029757,-18.706625992670265
ACTGTGAGTGTTCGTA-1,1.9433825490330705,-3.8221383706922576
ACTGTGAGTTATCCAG-1,34.35009534852193,1.7613214406283308
ACTGTGATCGCTGACG-1,0.4912931692150947,-17.20939513430573
ACTTAGGAGCCTCAAT-1,30.834579268867273,15.42259092829316
ACTTAGGAGCGGACAT-1,6.072169432617629,-24.171312907960907
ACTTAGGAGTCTTCCC-1,19.707727476410447,12.857259745538972
ACTTAGGCAGCAGTAG-1,-36.11632473827467,10.133617425596864
ACTTAGGGTATACAGA-1,-9.635937631938749,33.71127489899459
ACTTAGGGTGTCCAAT-1,13.868553354337251,-6.641401840422356
ACTTAGGGTGTGACCC-1,4.6716035091403985,-20.561974144147516
ACTTAGGGTTGCGTAT-1,-8.9556196844237,-26.12174775322031
ACTTAGGTCTTCCAGC-1,23.42621552409177,-3.699366101654577
ACTTATCAGTGGTGGT-1,4.216903318616813,-33.04374135474907
ACTTATCCACGACGAA-1,-14.880455935341066,30.605325676671683
ACTTATCCACTAACCA-1,-0.6554445021065105,-5.108869930695447
ACTTATCCATACAGGG-1,21.4636568423787,-1.5691996844118716
ACTTATCGTTTGCAGT-1,38.121859233936185,-13.501579024626375
ACTTATCTCGCTCATC-1,0.5489213632828881,-16.661242363755935
ACTTATCTCGGACCAC-1,-31.08880349615927,-16.501338195050142
ACTTCCGAGATAACAC-1,-14.34108311151871,10.534544694963067
ACTTCCGAGGAGATAG-1,-22.84840875584017,-32.75303138677458
ACTTCCGCATCGTGGC-1,20.28713044057565,-19.151973402569446
ACTTCCGGTGCAGGAT-1,10.35840912018301,4.231179028002502
ACTTCCGTCGAGCCTG-1,-32.60805342423411,2.473646474518281
ACTTCCGTCGCGTTTC-1,7.786677307380635,-30.782138919096585
ACTTCCGTCGCTCCTA-1,4.0136099964332885,24.321202814223906
ACTTCCGTCGGCTGTG-1,-9.176146089785151,26.83474750094396
ACTTCGCAGAACTCCT-1,-0.21914349304226452,-21.838676071536625
ACTTCGCAGTCTTCCC-1,-33.57932939231467,20.071706619069076
ACTTCGCCACGACGTC-1,10.11742835777736,-16.248276137959355
ACTTCGCCAGAGGACT-1,-16.380432323016457,-5.64477617921596
ACTTCGCGTACCAGAG-1,19.80004833867545,3.6951895087142925
ACTTCGCGTACCGGCT-1,27.615382768083414,32.21616355227869
ACTTCGCGTAGCACGA-1,17.592015795523587,23.664304806680025
ACTTCGCGTGAACTAA-1,-1.1319528707263475,11.3626750560882
ACTTCGCGTGAGTAGC-1,4.095490223565005,25.072288463453788
ACTTTCAAGAGGTTAT-1,1.11813703504913,17.24062061068755
ACTTTCACACCTTCCA-1,9.223137571275062,20.588979617019177
ACTTTCAGTGTACAGG-1,4.4008377851058365,27.92666599370713
ACTTTCAGTTCCGTTC-1,1.9313269354323075,-4.026288910190703
ACTTTCATCACAAGGG-1,-33.79638345240819,-5.6118267891063764
ACTTTGTCAACTTCTT-1,-16.771236738369485,-7.658498925790666
ACTTTGTCATGACGAG-1,52.73746274881341,11.002951631613396
ACTTTGTGTATGTCAC-1,15.312356550950618,-13.933547784844608
ACTTTGTGTGTTACTG-1,37.91414614256293,21.797772515438773
ACTTTGTTCAATCAGC-1,-41.93808903925832,12.921696516764541
ACTTTGTTCCGCTTAC-1,34.01586016923637,11.414022385823918
ACTTTGTTCTGCGTCT-1,1.948343895461191,-8.7577939696211
AGAAATGAGATGCGAC-1,-4.160513550853874,26.976769152395327
AGAAATGCAACACAGG-1,-12.78872035949497,-7.453591203018757
AGAAATGGTCACTCAA-1,15.841742001056462,-6.519138846273249
AGAAATGGTCCCAAAT-1,15.662410710376326,36.57278483131731
AGAAATGGTCGACTGC-1,-4.261545483753194,11.488569541585338
AGAAATGGTCTCAGAT-1,-1.520997733921953,-10.439949724309646
AGAAATGTCAAATAGG-1,29.598059770151792,11.877149181815112
AGAAATGTCGTTCGCT-1,-16.869151047597374,29.116973348365224
AGAAATGTCTAGCCTC-1,15.515979532376495,-6.329630046885679
AGAACAAAGAACCGCA-1,-1.479589710257151,-9.64744346769658
AGAACAAGTAAGCAAT-1,-19.60009674698166,31.158199036816185
AGAACAAGTATTGAGA-1,9.441602477596842,-0.004158354691592274
AGAACAAGTCAGCTTA-1,-32.42817823365284,-5.961528283886542
AGAACAAGTTGCATAC-1,12.17999433619225,3.8200496208805386
AGAACAATCCCGTTGT-1,-33.68317957148617,-25.61378547614799
AGAACAATCTCCTGAC-1,16.83506706858049,-26.492071315325227
AGAACCTAGAGGACTC-1,37.63649236627794,-14.50535452798823
AGAACCTGTGCATACT-1,23.275297192641407,-3.961396577445966
AGAACCTGTTGTGTTG-1,-11.751269467025859,-37.87343667441145
AGAACCTTCTCATGCC-1,-3.8989663386374165,8.304346187341011
AGAAGCGAGAAGTGTT-1,24.308268170418515,23.655339616128764
AGAAGCGAGGCGATAC-1,-9.182925779054896,-26.35201822436679
AGAAGCGAGTAAGGGA-1,-8.261060201569588,-25.757831607442046
AGAAGCGCATGATAGA-1,14.156786157793924,-30.07711028245702
AGAAGCGGTGAGGAAA-1,-46.02508617235698,2.07468324201853
AGAAGTAAGCAGCACA-1,22.51482843829994,0.6227235671614593
AGAAGTACAAGAAATC-1,-30.24487994748813,-2.3775642770069343
AGAAGTACACAAGCCC-1,-4.172271012951032,-36.383510069181824
AGAAGTACACCTTCCA-1,30.254087530091397,-23.33214130622069
AGAAGTAGTGATCATC-1,-3.9969083285515747,11.002280971208613
AGAAGTATCAGACCCG-1,-8.32149648008011,8.44416868113389
AGAAGTATCTGAGCAT-1,6.829762290883326,-49.5417968713015
AGACAAAAGTAATCCC-1,-0.42038568521480163,-7.679316563174187
AGACAAACAGTTGTTG-1,10.418168445904355,-15.61141730404688
AGACAAAGTACGACAG-1,36.07200795247781,19.738604626275734
AGACAAAGTGGGTTGA-1,-9.603767108986542,34.44105754131202
AGACAAATCTATGCCC-1,28.349841060544783,-12.505645226154932
AGACACTAGCGACTGA-1,35.16556844486388,1.1513608668754438
AGACACTAGCTCGCAC-1,19.37364041684821,11.421524461633629
AGACACTCAATAGTAG-1,30.129912649556893,12.668165491944322
AGACACTGTAACATAG-1,24.731774422372393,27.047834431261226
AGACACTGTATTCCTT-1,21.234253094263593,-12.32301402621924
AGACACTGTGGCAACA-1,29.819739239902002,-12.367637975779296
AGACACTTCCCTATTA-1,17.475754228429356,17.80270746008129
AGACAGGGTGGTCTCG-1,5.938748933264933,-24.837420344936703
AGACAGGGTTCCACAA-1,10.867330457603902,-14.541167474914868
AGACCATCATCATTTC-1,2.2954801055413414,-4.342835770057205
AGACCATCATTGCAAC-1,12.671435433403424,37.64587550104367
AGACCATGTATTGACC-1,-4.961381106920128,-19.092442263163598
AGACCATTCCTCACCA-1,52.737340161590495,11.002890014995018
AGACCATTCGCCGTGA-1,32.55796541588592,11.032119887887491
AGACCCGAGCACTGGA-1,-7.9687851876706155,-8.756458723130551
AGACCCGAGCGATGCA-1,-12.889442845412434,-11.531975234239198
AGACCCGAGTAACGTA-1,-24.81985786461985,-33.72187461107827
AGACCCGCACGTTCGG-1,42.537861696087745,-4.512813543333437
AGACCCGGTGCAAGAC-1,-20.49570748351083,20.30596041624298
AGACCCGTCATCTATC-1,8.326801899692311,-16.195839004571873
AGACCCGTCCCTCGAT-1,-9.205074645839955,33.908327731034944
AGACTCAAGACGCCAA-1,-24.729539201707777,-33.75774084628153
AGACTCAAGAGAAGGT-1,-6.790451329400846,14.357391539434486
AGACTCAAGCTGTCCG-1,16.24562115912763,-6.50986848074657
AGACTCAGTAGTCTTG-1,-6.653417777585115,17.291548655604206
AGACTCAGTTAATCGC-1,-7.233710832830939,26.57194375458787
AGACTCAGTTACCTGA-1,-30.670904309277773,0.9546617392030684
AGACTCAGTTGGGTTT-1,9.853986165406932,10.981985193962341
AGACTCATCGGTGTTA-1,-5.851783347155175,11.943433749440109
AGAGAATAGAGAATCT-1,7.166264948408404,-15.540343958656331
AGAGAATCATTCAGGT-1,-9.691412341536068,33.70456813550867
AGAGAATTCCGATAAC-1,41.949968208255655,-2.5665185999808333
AGAGAGCCACCAGTTA-1,-17.498637040309355,-19.736163857537885
AGAGAGCGTAGGGAGG-1,-38.45229449526899,2.5677166212959537
AGAGAGCTCATGCGGC-1,-16.53148223925392,-5.924271698877469
AGAGCAGAGATTGACA-1,2.8570265937237114,43.47424045741562
AGAGCAGCATCGCTGG-1,8.566731001228474,-15.479996497184802
AGAGCAGGTCGCAACC-1,5.7658227404391,23.4206970468262
AGAGCAGTCAGTGGGA-1,-33.9054294072238,-25.568054795848724
AGAGCCCAGATACTGA-1,23.600636585021718,22.529432274975406
AGAGCCCCACAGTCCG-1,-32.14172346494472,-5.469882577354305
AGAGCCCGTTCAGCTA-1,1.5211593719102896,-31.83077498068894
AGAGCCCTCCACTGGG-1,-9.637549413059135,31.023971803418704
AGAGCCCTCGGACGTC-1,-22.854430920734334,-23.980007065750048
AGAGCCCTCGTCACCT-1,42.358096463055674,-4.053912242389004
AGAGCCCTCTCATTAC-1,-14.709005706538361,9.61093521383086
AGATAGAAGTATTAGG-1,21.731867669869338,-20.27019645129013
AGATAGACACGTCGGT-1,15.00443288897809,-6.9291195568990664
AGATAGACATGCAGGA-1,6.611779306587662,-1.2340170194049593
AGATCCACAACCAGAG-1,-15.308303751488209,-6.350891143215209
AGATCCACAGGGACTA-1,-2.338925073327651,15.503455387978953
AGATCCAGTTACGATC-1,-26.04984531921975,-13.841938221074098
AGATCCAGTTGAAGTA-1,41.84041421960541,-4.591381783604297
AGATCGTCAGGTCTCG-1,-3.6985123329618546,27.824325098716475
AGATCGTGTGGGAGAG-1,30.342030203898016,-4.934998288001778
AGATCGTGTTTCCATT-1,-1.1606675398201791,9.642349514600555
AGATCGTTCCTTTGAT-1,-29.593808327045185,-3.9040291207062587
AGATGAAGTGGTCCGT-1,-4.416256899003077,24.320888448019403
AGATGAATCCAACCGG-1,-10.216726266353223,-34.074247139105026
AGATGCTAGCAAACAT-1,31.27821035151798,12.816700073240451
AGATGCTCAAGGGCAT-1,5.089912524330789,-24.585139445742687
AGATGCTCATGATCTG-1,-31.767921382666707,-23.396370607333317
AGATGCTGTAGGCTCC-1,17.0322958076445,12.804316322296758
AGATGCTGTCATAACC-1,3.7625592786078115,16.670256280420123
AGATGCTGTGGTTTGT-1,-1.3896432730911954,-10.118816579485472
AGATGCTGTTATCCAG-1,28.268949585841987,33.19085535418215
AGATGCTTCACTTGGA-1,6.975675573295484,-48.56054329666838
AGATGCTTCAGGGTAG-1,-3.684274307061821,34.58795898987775
AGCATCAAGATTGCGG-1,-12.266241024872272,-36.31749858668708
AGCATCAGTACGCTAT-1,24.042289091518573,-20.611218446168653
AGCATCATCAAGGTGG-1,-8.219832631338996,25.598261125828177
AGCATCATCCAGTGCG-1,-19.53811503465811,31.139966001261715
AGCCAATAGACTTAAG-1,-19.543215125078387,31.20381541674878
AGCCAATCACTGGAAG-1,-2.9822630060027526,-17.865748501318492
AGCCAATCAGTGACCC-1,7.524092909303254,-0.2827727094661282
AGCCAATTCGCAAGAG-1,1.3233790100103189,-30.556879669166236
AGCCACGCACAAATGA-1,-2.967270951051299,27.02308882141944
AGCCACGGTTGTGTAC-1,-8.41964720570027,9.257922651759563
AGCCAGCAGCGAGGAG-1,-4.563963293066312,9.476475011542929
AGCCAGCCAATGCAGG-1,8.207127217387912,-40.95636189551762
AGCCAGCCAGCAATTC-1,19.17560887977885,13.64713180305309
AGCCAGCCAGCCATTA-1,32.18955078140214,11.487136775800126
AGCCAGCGTTGCCATA-1,0.6427931035504052,18.377364897874518
AGCCAGCTCCCGTGAG-1,29.4639155163527,-25.8019021178804
AGCCAGCTCTGTACAG-1,3.7478124860463558,44.922442123670365
AGCGATTAGATTGCGG-1,22.940336777914926,-18.142492780256667
AGCGATTAGGTTCTTG-1,15.387601196876973,-27.6932923890128
AGCGATTAGGTTGACG-1,-7.165710757000327,7.537105165037771
AGCGATTCACTGCATA-1,-24.991670028277817,17.99675193230722
AGCGATTCATGGCTAT-1,-33.367349943136546,-5.3405306450323184
AGCGATTGTCTAGTGT-1,27.94745851570114,32.31314365344784
AGCGATTGTGTCTTAG-1,2.872952295831935,6.260904274559332
AGCGATTTCCAGCTCT-1,14.284932998058377,-29.854722200973598
AGCGCCAAGGTCGTAG-1,5.523408596193265,7.200678814889056
AGCGCCAAGTCATCCA-1,8.652011629050575,0.1352026350974629
AGCGCCACATCCGCGA-1,-28.809551759330887,-17.30917921871609
AGCGCCATCGTGCACG-1,14.221285828096807,-3.6246091121901887
AGCGCCATCTATTTCG-1,-1.9567154748507276,-40.593253652721685
AGCGCCATCTCTCGAC-1,-11.263988772944073,7.545304816459776
AGCGCTGAGATGATTG-1,-3.4997449692108646,25.15344557298816
AGCGCTGCAACTCCCT-1,-23.780394442844543,4.238211804491294
AGCGCTGCAATGGGTG-1,-1.7214758754907384,-40.75459012083951
AGCGCTGGTCTTAGTG-1,-16.800959956051276,-6.325179360304743
AGCGCTGTCGGTTAGT-1,-32.535121274052564,3.8470658850366326
AGCGTATAGAATCCCT-1,-4.0420323073497135,-30.015008547561433
AGCGTATAGAGCCCAA-1,29.109757819724617,14.832137048859042
AGCGTATAGCACTCCG-1,7.854521546745447,-40.19908214177202
AGCGTATAGCGACATG-1,2.3516746754757945,17.109754693119687
AGCGTATAGGGAGGGT-1,-33.07084476453379,19.219333446412946
AGCGTATGTCATATGC-1,25.67338642355801,-1.3790728101617462
AGCGTATTCCGTAGGC-1,15.434627380089328,-21.860190904592454
AGCGTATTCGTTGTAG-1,15.158457063208413,-29.80735944880196
AGCGTATTCGTTGTGA-1,-33.35028377562211,-24.791344354948958
AGCGTCGAGGGCCAAT-1,-2.442265778896393,-8.119554520940396
AGCGTCGCACTGTCGG-1,4.243500545048485,-24.830560581373174
AGCGTCGGTTCCTACC-1,-30.249421681504607,10.665637053952086
AGCGTCGGTTTACTGG-1,-1.6410618610003636,-10.807356397866723
AGCTACAAGGTGGGTT-1,-26.29370110637928,18.860262554764933
AGCTACAAGTAACCGG-1,15.394060458638823,-26.60988141308223
AGCTACACACAAGCTT-1,21.651606274007886,17.4575498674944
AGCTACACAGCAGAAC-1,7.125392400317132,-48.54362093967207
AGCTACAGTATCGATC-1,-9.977627405824864,34.39836413945893
AGCTACATCTCTCAAT-1,37.78657374060126,-14.62849718125442
AGCTCAAGTAAGGCCA-1,-24.61946280522901,9.515760339895325
AGCTCAATCATCAGTG-1,-11.087460242496704,19.63275825915982
AGCTCAATCGTTGCCT-1,-10.55906634037855,34.31543373067517
AGCTCAATCTCCGAGG-1,-1.636809339132525,-40.26515509632136
AGCTTCCAGAAATCCA-1,-8.786441936168735,25.4484608056356
AGCTTCCAGGTATTGA-1,-9.34252884392986,-26.277325294804314
AGCTTCCGTCGTGCCA-1,32.90226343164433,12.438045931389421
AGCTTCCGTTGATGTC-1,-4.814932679354264,10.072845711938273
AGCTTCCGTTGTTGAC-1,-15.831515111490248,2.2922789044151846
AGCTTCCTCCAGTTCC-1,-20.22822584146426,24.455324358833284
AGCTTCCTCTTAGTTC-1,-12.868205239395326,-35.959119798761094
AGGAAATTCAGGTAAA-1,3.6200173048689184,27.05709913276026
AGGAATAAGCTTCATG-1,37.48487253951538,23.20783012559339
AGGAATAAGTTGTAAG-1,21.423886809365182,-17.627689463812242
AGGAATAAGTTGTAGA-1,-23.667047184531715,-34.18172439946724
AGGAATACAAATGAAC-1,-2.1175906776877893,8.433930513572333
AGGAATACAACATCGT-1,-24.323387344381835,-15.836279138244503
AGGAATACAACTGCCG-1,-15.40389177237346,-2.967532964051075
AGGAATACAGGACGAT-1,-7.8585296468511725,26.341465877131743
AGGAATACAGTATGAA-1,-42.145005686933715,13.825430546240332
AGGAATACATCTTTCA-1,32.09482728037751,12.900417775597235
AGGAATACATGTCAGT-1,-5.022521196708468,-18.966488186449734
AGGAATAGTATACCTG-1,9.205041884791122,-7.707256031879301
AGGAATAGTGCTGTCG-1,-33.504259271946026,19.16075651773755
AGGAATATCCACACCT-1,-14.486571282642632,-1.2749761228650567
AGGAATATCGTAACAC-1,20.86576876321287,0.6745675336063583
AGGACGAAGAACCGCA-1,-25.59755544602199,16.70955668115716
AGGACGAAGGTACATA-1,1.7086960226430878,44.074730660396526
AGGACGACACACCTTC-1,-46.10085914793757,1.901823150542213
AGGACGACACGCTGAC-1,29.976791765098177,-13.975708804240488
AGGACGAGTAGATCCT-1,-9.970745975126002,1.4555790373482551
AGGACGAGTAGCCCTG-1,-26.986743847726885,-14.947803951985543
AGGACTTAGTACAGCG-1,-10.6521703712122,-26.259823215567376
AGGACTTCACCCTTGT-1,-12.297137430966005,-13.088697121593766
AGGACTTCAGACGGAT-1,13.897935847819845,37.17309702925557
AGGACTTCAGTTTCAG-1,-22.1955392791419,-3.7619049410009646
AGGACTTGTCTCAGGC-1,-28.9191321592618,-11.88338133393985
AGGACTTTCAAGAGTA-1,44.135601084533114,-4.043636339764851
AGGACTTTCCCAATAG-1,5.651270118817943,28.946776430622982
AGGACTTTCGAGAGAC-1,-26.757153088233924,-16.836030313533627
AGGAGGTAGCCTTCTC-1,37.30578654381759,-5.498087595157036
AGGAGGTAGTCCCAGC-1,-3.8408088585249507,34.51706489385408
AGGAGGTCAAGTAGTA-1,-9.714119858005697,1.107117423618469
AGGAGGTCACCTGCGA-1,-7.181992468878472,0.3961629410799115
AGGAGGTCACTCCCTA-1,14.762403576955812,-13.398884108781495
AGGAGGTCATTGGGAG-1,-6.480507054993854,-1.333590820482931
AGGAGGTGTGTTCGTA-1,-24.996782127188187,-33.482359634826814
AGGAGGTGTTTGGAAA-1,6.41435347269831,11.78534961216288
AGGATAAAGAAACACT-1,-31.886314283165934,-7.676458613309369
AGGATAAAGGTAATCA-1,-34.65095600379887,10.921855542447336
AGGATAACAAGACAAT-1,23.646745712206126,2.6091086769581233
AGGATAATCAGACTGT-1,20.189572915545597,13.703877249146318
AGGATAATCTGGACTA-1,-1.6863123543638923,-10.715552449943052
AGGATCTAGTTGCCTA-1,25.32387608493115,27.385157619945645
AGGATCTGTCGTTTCC-1,30.333467642196126,11.236057806695323
AGGATCTGTTCCCAAA-1,-4.902851842842826,-17.859708208123923
AGGATCTGTTGTGCAT-1,-33.33226855699496,3.013473370943954
AGGATCTGTTTCTTAC-1,14.53432986724398,-1.335538022755674
AGGATCTGTTTGAAAG-1,-9.322496899131767,16.027366390799692
AGGATCTTCACCCTTG-1,14.507292762846756,-0.5394442112448475
AGGATCTTCCGAGCTG-1,-41.6042012201014,16.294321105611132
AGGCATTAGAGAATCT-1,19.650736101045144,11.464147336007928
AGGCATTAGTAGGATT-1,6.002694436686644,26.378034512794777
AGGCATTCAGGCTACC-1,3.7348868548645466,-7.371800411209451
AGGCATTCATGATAGA-1,4.688182704662737,11.601235879745097
AGGCATTGTACTGAGG-1,-18.087167767955904,-0.9356896658752895
AGGCATTGTAGGGAGG-1,-33.228127960788015,2.682783193184331
AGGCATTGTATGTCCA-1,7.095617207752888,-49.09786879990954
AGGCATTGTTACCTTT-1,-3.788562308350473,3.5118114297687892
AGGCATTGTTGCATTG-1,15.02770930911412,31.144800045317677
AGGCATTTCCAAACCA-1,-4.204844578528939,-29.73267739430462
AGGCATTTCGGCATCG-1,30.87217511506094,-3.1974894537746223
AGGCCACAGAAGCGCT-1,29.534606802449538,-5.825270225270811
AGGCCACCAAGATGTA-1,-9.400433261102888,-25.371855190856625
AGGCCACCAGTATACC-1,9.883267465290077,-9.548952536488086
AGGCCACGTTAAGAAC-1,-1.5648627655735259,-0.24209365497109742
AGGCCACTCCTTATCA-1,4.962637366324067,-23.383074694578056
AGGCTGCAGACGCCAA-1,52.737407380717244,11.002918561408949
AGGCTGCAGGACTTCT-1,5.552936786682536,7.198696730090479
AGGCTGCAGTCGCCCA-1,-3.5576593884244687,8.458295673780592
AGGCTGCCAAGAAATC-1,28.98534035538448,3.5745327879099005
AGGCTGCGTAGATCGG-1,17.473410490543884,11.144670786264804
AGGCTGCGTATACCCA-1,-13.567058073080625,-3.746103816861771
AGGCTGCGTGGACTGA-1,-10.031284170221559,-35.77091766646037
AGGCTGCGTTCTAACG-1,15.656237052901515,-22.016425250737438
AGGCTGCTCAGACTGT-1,-11.504649910131093,-35.70735927360198
AGGCTGCTCCCTTGGT-1,-3.487196384375502,15.52875898374523
AGGCTGCTCTCTGGTC-1,-17.718700705596724,-7.433562749128473
AGGGAGTTCAGATGCT-1,-4.2604698923141635,-29.266617267516814
AGGGAGTTCGGCGATC-1,25.31930180200068,-0.2245670729737276
AGGGCCTGTATCACCA-1,4.69570496119421,8.036465388960147
AGGGCCTTCCTTGACC-1,7.115709852011523,10.79586294181486
AGGGCTCAGCCGTAAG-1,42.34985285060715,-5.097952733842863
AGGGCTCCACCGCTAG-1,-25.31718536026398,-16.41745587978416
AGGGCTCGTATCGCTA-1,-7.6100835185636875,17.546323238389668
AGGGCTCGTGGTTCTA-1,29.52062721584221,-7.147182779993381
AGGGCTCTCATACGGT-1,-8.92059126124522,26.37809243321183
AGGGCTCTCCGATAAC-1,52.73752707881403,11.002948801155693
AGGGCTCTCGACGTCG-1,13.976123272714151,22.079455304679787
AGGGTCCAGTGTAGTA-1,2.9096377237642064,-16.26956663781634
AGGGTCCTCATTTCGT-1,-33.375211900501164,-5.611095402003774
AGGGTGAAGAATCCCT-1,9.604645394098043,0.5637199827296576
AGGGTGACATGTTCAG-1,-21.7542047073943,2.26751502402157
AGGGTGAGTAACAGGC-1,8.134493651396964,1.5427828106500958
AGGGTGAGTAGAATAC-1,-17.790466077178223,17.329027025167743
AGGGTGAGTTCGCGTG-1,4.6346428044298085,20.48311437160116
AGGGTGATCGATCCCT-1,25.147417774984994,-0.3169039625389691
AGGGTTTAGGAACTCG-1,6.428141360896687,43.77633146458335
AGGGTTTCATTGAAGA-1,37.611013282258206,22.639108210882604
AGGGTTTTCATGCAGT-1,1.5684594595431676,-3.793011219046955
AGGTAGGAGATGAAGG-1,-7.258519670161981,13.908282659081351
AGGTAGGAGGCACCAA-1,16.649428904102265,-36.48240153079072
AGGTAGGAGTGTTGAA-1,22.378762342431656,-7.001539861119965
AGGTAGGCACATACGT-1,-11.33877532734053,20.301956381943114
AGGTAGGCAGTTAGGG-1,40.93565768722328,-2.2002736180544655
AGGTAGGGTCTGGTTA-1,-21.141596330465223,-21.34485487727963
AGGTAGGGTGGAACCA-1,15.027213591795402,30.290017289665276
AGGTAGGGTTGTGGAG-1,1.8324935323817853,-3.962328615478454
AGGTCATAGCGTCGAA-1,29.343731624968836,7.862782061533338
AGGTCATAGTCGGCCT-1,15.623373617534048,22.66725002467184
AGGTCATCAGCAGAAC-1,12.980643645199594,16.04334986162999
AGGTCATGTATGAGAT-1,11.20847910045002,-1.6395215934113074
AGGTCATGTTGTAAAG-1,5.587775272155841,23.215842563358404
AGGTCTAAGGATGCGT-1,40.151275320549296,1.0481352405727418
AGGTCTAGTCAATGGG-1,-15.262007453959875,-5.858692290158722
AGGTCTAGTCTTCGAA-1,-12.37281766499778,-35.611918480121204
AGGTCTATCCCTTGTG-1,-14.33508340514939,38.45105668978039
AGGTCTATCGTAGTGT-1,-9.078099381697028,-3.9381253091985178
AGGTCTATCTTTGCGC-1,16.40575032214605,-31.723343468239406
AGGTGTTAGATGCTTC-1,15.86837104242868,-13.876582334920872
AGGTGTTAGTCTTCGA-1,-20.126552243589902,-11.584457733912325
AGGTGTTCACTACACA-1,36.37994655648716,21.122609863407586
AGGTGTTGTCTTTCTA-1,3.7528864825427273,16.661715187794808
AGGTGTTGTTCTCCTG-1,-23.707688942741132,-33.93689427280461
AGGTGTTGTTGGGAAC-1,1.291161227236065,-30.4898189776967
AGGTTACGTAACACCT-1,-29.595166856662505,16.626431878187468
AGGTTACGTACCATAC-1,3.0045047621632484,-25.813494216228534
AGGTTACGTAGATCGG-1,-25.963031741359593,-15.814172678945539
AGGTTACGTTCAAGGG-1,-7.102262410147452,3.813665842277729
AGGTTACTCATTTGTC-1,-4.707337521786199,27.80852701254945
AGGTTACTCGTGACTA-1,-14.68700884368809,37.205842154242596
AGGTTACTCTGATGGT-1,22.64601990053795,1.620479687437912
AGGTTGTAGAAGTCCG-1,-1.5123177052515149,-10.628719755200393
AGGTTGTAGTCTCCTC-1,-4.3895441299963665,7.417074117702169
AGGTTGTAGTCTGCGC-1,0.9991249530202302,-34.610353225317446
AGGTTGTGTCGTGGTC-1,-23.961569806216417,-33.5625755628483
AGGTTGTGTGTTTCTT-1,2.8285577556259947,22.32434766883313
AGGTTGTTCACACCCT-1,11.797191494851305,17.4976282795783
AGTAACCAGACAACAT-1,-12.921358996950694,-37.002510935019664
AGTAACCCAATAGAGT-1,-5.264108822217732,-8.183523718510651
AGTAACCCAGCTGCCA-1,-16.28088413412707,11.723113386691114
AGTAACCTCTATTTCG-1,-9.616805078196617,-16.124075911452465
AGTAACCTCTTAAGGC-1,29.652029822759083,-1.256631316607679
AGTACCAAGCACCAGA-1,33.74286163760822,8.619508378849973
AGTACCACAACGACAG-1,1.1058504048428033,-29.775805893965085
AGTACCACAAGGTTGG-1,-26.375608696535906,-7.979113762224619
AGTACCAGTGCACAAG-1,-31.45604139036462,-5.652573881077465
AGTACCAGTGGAATGC-1,25.05502674491772,2.2760265372180193
AGTACTGAGCGAACTG-1,6.929089567468836,25.815308429529118
AGTACTGAGGTTGAGC-1,5.423950830416162,10.851354274771825
AGTACTGAGTAGAGTT-1,-3.749488950376521,28.220160672002063
AGTACTGTCATTATCC-1,16.75007717952314,-3.0039891208801013
AGTACTGTCTGGGATT-1,-21.418138249034573,24.61852211802615
AGTACTGTCTTCGTAT-1,-8.432973259144225,25.91218183968693
AGTACTGTCTTGGCTC-1,6.193426465534471,28.298204529159673
AGTAGCTAGCGTACAG-1,26.44878606493993,-0.2728221120883227
AGTAGCTAGGTAAGGA-1,-9.871954270183803,-10.159075429018449
AGTAGCTCAGAGAATT-1,-8.52017737266387,6.23335852905893
AGTAGCTCATTGAGCT-1,-21.476816744390977,-14.153843581816425
AGTAGCTTCAACCCGG-1,-3.206056348602619,34.36516989585117
AGTAGCTTCACCTACC-1,-10.668199457903208,13.526071507423968
AGTAGCTTCCCATTCG-1,-18.613147107744343,23.346572030919408
AGTAGTCAGACTGGGT-1,28.701740520087498,14.154547049224766
AGTAGTCAGCTAAATG-1,0.9739547539158977,-34.634320278833506
AGTAGTCAGCTACTAC-1,-26.127054724161113,19.219819861043387
AGTAGTCAGTTAACAG-1,-17.579150540125582,-0.6228708184093016
AGTAGTCGTCGACGCT-1,-34.07337142194732,19.202891765425363
AGTAGTCGTGTATACC-1,-11.499627223576509,-34.05505486363012
AGTAGTCGTTGCATTG-1,-25.022616521205986,-30.36212465095499
AGTCAACAGACATGCG-1,21.04081146950475,13.551581951765513
AGTCAACAGGCGTTAG-1,22.419319197394504,1.6675494394225534
AGTCAACAGGTACATA-1,21.332479581896063,11.558174183182878
AGTCAACAGTAATTGG-1,8.21063514216294,-1.2987845676573804
AGTCAACGTATAGCTC-1,31.16928575007357,-26.234024001959494
AGTCAACGTTACGGAG-1,13.753152463678617,36.9600992188833
AGTCAACTCCCTGGTT-1,5.333878633008857,28.243856379103754
AGTCACAAGAACAAGG-1,-0.2173455786522759,8.513219989707613
AGTCACAAGCCATGCC-1,3.287349597045469,44.73475982940876
AGTCACAGTACCATAC-1,2.6102324730980944,44.634208822952466
AGTCACAGTTCTTGTT-1,-33.21661775813841,-26.6097189967373
AGTCACATCGGCTTCT-1,-12.128054354973319,32.873899840054335
AGTCATGAGGAAGTCC-1,-26.314356158717437,19.69077783146078
AGTCATGAGTAGAATC-1,21.018360573353867,14.197072135734155
AGTCATGGTGAATAAC-1,14.116906454328111,37.70317432544109
AGTCATGTCTCCGTGT-1,-6.071727637846346,8.708553713193064
AGTCTCCAGCTGTTCA-1,-10.258087641098433,1.2761002456153927
AGTCTCCAGGTAACTA-1,3.7107445030331094,16.595950999305632
AGTCTCCCAAGTCCAT-1,33.68413730799691,12.212809475396831
AGTCTCCGTCCAAATC-1,-11.006465200465628,31.624083835665832
AGTCTCCGTGACTCGC-1,-1.2005839716818314,-8.598531895805372
AGTCTCCTCGCCCAGA-1,-32.55122907902147,19.127818949391393
AGTGACTAGACCCTTA-1,23.470353956757926,11.07368154076665
AGTGACTGTTAGGAGC-1,-1.3957690376684142,-10.44143860097165
AGTGACTTCATGCGGC-1,-13.127557966007945,-35.29135512895882
AGTGACTTCTCTTCAA-1,-17.718419504645837,3.0705078082763935
AGTGATCAGGTTCATC-1,-4.433236506748865,-30.282411816038934
AGTGATCGTCACAGTT-1,-16.816056649334723,18.936384562829677
AGTGATCGTCAGCTTA-1,17.986919281671724,18.365415643825816
AGTGATCGTCCAATCA-1,-10.801888073785797,-22.977296363918512
AGTGATCGTCCAGCAC-1,-16.33212071432391,13.171660486403661
AGTGATCTCTCGCCTA-1,3.4725743556993276,-23.661310527237543
AGTGCCGAGGACAGTC-1,-34.43057168195151,11.038905632673918
AGTGCCGCACTTCCTG-1,29.127668903545302,-3.8576991731715506
AGTGCCGGTCCGAAAG-1,38.428488055400294,-13.630679393173683
AGTGTTGAGTCGAAGC-1,35.38907865308536,10.154530347733289
AGTGTTGGTTGAATCC-1,12.15033891426089,7.282148513569178
AGTGTTGTCATGCGGC-1,6.133888553131224,-10.044636616505493
AGTTAGCCAATTTCCT-1,-1.7056058027447711,-10.47419924386724
AGTTAGCCACGTACAT-1,15.28984584940081,22.09633606720875
AGTTAGCCAGGACGAT-1,6.99185132493832,-39.352723403497905
AGTTAGCCAGTATTCG-1,0.9884849008050549,-34.59018367542439
AGTTAGCCATCGAGCC-1,22.393968885757847,-12.422800464439776
AGTTAGCTCAACTTTC-1,23.556612117196465,23.587042336642842
AGTTAGCTCCCATAGA-1,-33.20183137206175,2.6388119625503346
AGTTAGCTCGACGCTG-1,-0.011393363235084024,16.775044277743156
AGTTCCCGTAGGCAAC-1,-22.887269447590917,-6.714967729800242
AGTTCGAGTCCTCCTA-1,-0.49087170044898787,-16.47630858108716
AGTTCGAGTGCCTATA-1,-3.592156539368178,-27.5176943182887
AGTTCGAGTGCCTTCT-1,28.932471884110395,3.6272128961919883
AGTTCGATCCGCAAAT-1,-5.31693980444438,-17.772653672877382
AGTTCGATCCTAGCGG-1,20.199497049578365,11.7341604638377
ATACCGACATCCGGTG-1,4.714828477284776,20.53717194281378
ATACCGATCGTAGAGG-1,-28.446393569327814,2.438593028092842
ATACCGATCTCCTACG-1,-16.645215825561788,11.970418617888448
ATACCTTAGCTAATCC-1,21.62785796964126,-21.5371475813349
ATACCTTCAAGAAATC-1,30.916718481466233,10.837309075283574
ATACCTTCAGGACATG-1,-0.6845291862480521,-5.074808472114291
ATACCTTGTGCCAAGA-1,-4.218804402809451,-29.8571943080395
ATACCTTGTTGCGAAG-1,7.893954906727355,12.19977517003367
ATACCTTTCACCGCTT-1,-23.11383799306951,10.232323970138644
ATACCTTTCGGACCAC-1,-3.678473042222899,27.242397838557785
ATACCTTTCTCCAATT-1,4.766312075752395,20.292039716748832
ATACTTCAGAGAGTTT-1,3.8676747763822896,-33.03463098031924
ATACTTCAGCACCCAC-1,-22.650991524220444,9.804238754016163
ATACTTCAGGCGAAGG-1,5.921106402656099,25.466211099787564
ATACTTCCAGTAGTGG-1,3.8825957840887413,-32.976577372884634
ATACTTCGTACACGCC-1,-8.922662095834243,26.03869947776461
ATACTTCGTACAGCGA-1,5.629197180623053,-16.19440217814173
ATAGACCAGAAACTGT-1,37.38681342269143,21.574386634567038
ATAGACCGTAGGGTAC-1,-14.372322623901557,7.219054345253337
ATAGACCTCCCAGCGA-1,-24.400313086354778,-17.463210306133874
ATAGACCTCCGTACGG-1,37.31730333690194,-12.188453913232232
ATAGAGACAAAGGCGT-1,-6.869475393934016,-13.181904697024402
ATAGAGACAGTATTCG-1,5.70263824916139,27.80412427893655
ATAGAGACATCAACCA-1,-17.558782191799967,23.318508888827903
ATAGAGACATGCCATA-1,4.01198110580848,0.796651854144073
ATAGGCTCATGACAAA-1,23.016945164241964,-12.499649968490777
ATAGGCTGTGTGAATA-1,23.056048385206832,23.67643697783703
ATAGGCTGTTGGAGGT-1,6.910080702783844,27.413508459732828
ATAGGCTTCCTCTTTC-1,-7.841074456222034,-23.75471064312502
ATATCCTAGACATACA-1,-42.429660675623566,13.987357589049209
ATATCCTAGCAGCACA-1,-11.043620136789645,-35.645867271939174
ATATCCTAGCTCGCAC-1,-36.26728648040168,12.05706754690741
ATATCCTCATGTTCAG-1,42.54328961045395,-4.930773226280284
ATATCCTGTCCTGTTC-1,-0.19593551348680566,-21.761333491696778
ATATCCTGTCGACTGC-1,9.605999781210457,-0.7301813311718033
ATATCCTGTTCCGCAG-1,-3.652384708845887,-34.81252460509512
ATATCCTTCATGCATG-1,-8.82765162463608,26.258169166734223
ATATCCTTCATGCTAG-1,9.50572787575404,4.441440350935732
ATATCCTTCCAACCAA-1,-5.103052259899303,5.0520549986855645
ATATCCTTCCACAGCG-1,-42.43264021801502,14.095272522537934
ATATCCTTCCATCTGC-1,-30.180374131875542,17.30137377803783
ATATCCTTCTAGCCAA-1,7.0591196979779465,-48.55888130805986
ATCACAGCAAAGAACT-1,-10.813336260133374,13.288847836172991
ATCACAGGTGACTAAA-1,29.98795227391993,9.854513279784669
ATCACAGGTGACTCTA-1,22.395857122528803,-7.1978797928067655
ATCACAGTCCATAAGC-1,-11.771674910783196,9.14845374068327
ATCACAGTCGCTGATA-1,-46.151194436588746,1.9420131376775802
ATCACGACAAAGTATG-1,-10.67332684102303,-36.379805947625584
ATCACGACAAGTAGTA-1,27.921477431208245,32.223049720576356
ATCACGAGTCGGAAAC-1,-10.704202913675742,13.556069253661265
ATCACGATCTTCTGGC-1,-8.824207721034997,2.8497396248356877
ATCACTTAGAACAAGG-1,-16.15384158907187,12.48990531689404
ATCACTTAGTTCTCTT-1,9.204689703585894,27.745181449094158
ATCACTTTCGAAGGAC-1,-9.6502006762551,33.70421183767349
ATCACTTTCTGAACGT-1,31.132662738646733,-26.459045089601368
ATCACTTTCTGCTCTG-1,-16.57946724033123,11.677456008871225
ATCAGGTAGCAACTTC-1,9.775073293154867,-16.52389543605302
ATCAGGTAGCCTCAAT-1,-1.8982098078511789,-40.21886274728383
ATCAGGTCACCCATAA-1,15.836280424165563,-21.382680981595954
ATCATTCAGTTCCGTA-1,-8.113201136693743,25.046921389385368
ATCATTCTCAAGTCTG-1,-12.495053746183185,-36.4003383334852
ATCATTCTCCCATTTA-1,42.694011895199715,-3.558444950009902
ATCCACCGTCGAGTGA-1,23.24876103028344,-3.8693322355734217
ATCCACCGTGACCGTC-1,-43.288838932886726,13.837921904689486
ATCCACCTCGGAGCAA-1,6.410947573870968,-16.79935092086631
ATCCACCTCTCCAAGA-1,-33.374044324857636,18.449561126712272
ATCCATTAGAAACACT-1,-7.590164494889867,-6.445517485076112
ATCCATTAGACAACAT-1,-7.183649925103977,37.1152377235931
ATCCATTCAACATCGT-1,-17.664858252260025,31.116584647210857
ATCCATTGTGGCAACA-1,-16.234114574845027,17.935000664023992
ATCCATTGTTCCGTTC-1,-31.374923641692586,-4.730261219042338
ATCCATTGTTCGATTG-1,20.87307635998494,14.068259885914696
ATCCCTGCACAAGCCC-1,10.15081980096449,18.44824008785491
ATCCCTGCAGAGACTG-1,-15.205598462232105,38.17419736614146
ATCCCTGGTCATCGGC-1,-24.313806985383327,9.718166066483565
ATCCCTGGTTGCTCAA-1,5.387513944939349,17.532411966740295
ATCCCTGTCATATGGC-1,25.504200374192777,4.105754939972919
ATCCGTCAGTCATGGG-1,29.348238443315008,-11.947629806835181
ATCCGTCCAAGGGTCA-1,-1.7581063174500178,5.19179901215421
ATCCGTCCACGCTTAA-1,12.234970769532934,18.53558422087073
ATCCGTCCAGAGCTAG-1,25.395856333252425,0.1895190576388355
ATCCGTCCATCAGTCA-1,-26.30952106946676,-14.440126377804575
ATCCGTCCATGGCGCT-1,10.053880103912567,10.089655248104723
ATCCGTCGTGCCTATA-1,-4.16031979533937,-29.98677452211337
ATCCGTCTCACCTTAT-1,14.343921365181034,-12.711642887227853
ATCCGTCTCCGTTTCG-1,14.486142602842754,-1.421527261284679
ATCCTATAGGGAACAA-1,33.453525334544835,11.064374072632543
ATCCTATGTCTACACA-1,-4.185082839561076,10.27022275770987
ATCCTATTCCGTGGGT-1,-1.7462523232854612,-0.39193011339932915
ATCGATGAGCGACATG-1,2.1263118766676765,-32.7708276994134
ATCGATGAGTAATTGG-1,37.57746468848495,-14.642104079155907
ATCGATGCACCGAATT-1,-1.4536977242024527,10.043933726191213
ATCGATGCATTGCCTC-1,-2.396536079042046,15.726055251733627
ATCGATGGTCATCTAG-1,-3.8272743888968446,27.284911271405022
ATCGATGTCCAAGCTA-1,-19.46696899882295,31.092273406311328
ATCGATGTCCTCTGCA-1,-15.14143762886626,38.20235766846528
ATCGATGTCTAGCCTC-1,-19.917284585358626,23.141088955720363
ATCGCCTCAACAGAGC-1,-15.189173021099501,11.528709482092626
ATCGCCTCACCAGGTC-1,-1.9233762294972843,-41.36141919850459
ATCGCCTGTGGTCCGT-1,-0.8037724911597277,17.667966352477304
ATCGCCTGTGTGTCCG-1,9.375615569525731,10.143675168235044
ATCGCCTTCAATCAGC-1,15.782246377344915,-6.996583853539002
ATCGGATAGATTCGAA-1,7.005776100313274,-48.612805884877886
ATCGGATAGCCTCTCT-1,1.255314322122003,3.518017738194479
ATCGGATAGGTCCTGC-1,-23.793602866989282,-6.233635480398295
ATCGGATCAACGAGGT-1,11.190794984052205,17.89302516237324
ATCGGATCAAGTGGGT-1,20.84988998362273,-2.9461719721178223
ATCGGATCAATAGTAG-1,-5.006049197212728,-1.4191591203370544
ATCGGATTCACGTCCT-1,24.042865570200785,-20.617153772321927
ATCGGATTCCTGCCAT-1,-9.616208281631295,33.72803264371718
ATCGGCGCAAGATTGA-1,22.107927843966007,26.44162923901029
ATCGGCGTCACCTGGG-1,6.739508305977409,5.2520776420833375
ATCGGCGTCATGTCTT-1,-13.083346902025264,-21.308650804414995
ATCGGCGTCGCCCAGA-1,29.472753468602445,-13.573379084324046
ATCGTAGAGGTTCTAC-1,15.084056545648957,30.547126733939443
ATCGTAGAGTCCTACA-1,16.82552410719604,5.516833571492838
ATCGTAGGTCCAAGAG-1,-8.170551281827395,-9.037381133585162
ATCGTAGGTTGTGTAC-1,-18.449438483374475,1.8689766077618932
ATCGTCCAGACCTCAT-1,-19.013391643193806,-4.676887949306777
ATCGTCCAGCCATATC-1,11.813960352590728,10.130896332623507
ATCGTCCAGGTCGACA-1,-6.450142993096156,36.15855485702432
ATCGTCCAGTATGAAC-1,-16.750325373146545,18.285289195751663
ATCGTCCCATGCCATA-1,-8.046783247838157,-8.700451477359625
ATCGTCCCATGTGGCC-1,-12.510264393281682,-35.728592701077964
ATCGTCCGTACAGAGC-1,8.085553709320664,-7.69492260732966
ATCGTCCGTACGGGAT-1,-14.40707408981554,38.4249661447698
ATCGTCCGTAGGAGTC-1,14.936863470949309,23.999539167655282
ATCGTGAAGAGTCAAT-1,14.33343759851627,37.45920436195864
ATCGTGACACCTCAGG-1,11.024172685461204,-5.684264613191546
ATCGTGACACCTGCTT-1,-12.195026166794158,-36.91789566648049
ATCGTGACATACCACA-1,-32.3993434850461,-6.520376273001463
ATCGTGACATCCGTGG-1,5.49026288033034,-25.35699933508636
ATCGTGAGTCGAAACG-1,-34.36571166783104,19.28073714230176
ATCGTGAGTTTCAGAC-1,-4.890048156923555,9.973213222917801
ATCGTGATCTTTGATC-1,31.778241931291607,10.754944769907924
ATCTCTAAGAGACAAG-1,8.628069206395743,-14.54993266895486
ATCTCTAAGCTAGATA-1,4.374286022677659,16.447507568499454
ATCTCTAAGGCGTTGA-1,8.64821755326945,-39.465619370270964
ATCTCTACACCGCTAG-1,24.52796602886463,3.493365839051167
ATCTCTAGTACCGTGC-1,-5.4619759098930025,-9.889929769633365
ATCTCTAGTTCCTACC-1,-7.5994967843023735,12.903553407289213
ATCTCTAGTTCGAAGG-1,-7.839827423412458,-8.15042700480075
ATCTCTATCACTGTCC-1,34.85225782657198,0.7501755310518743
ATCTCTATCTGTAACG-1,-5.278656555042375,5.347599483454654
ATCTCTATCTTCGACC-1,3.2445693793672765,-23.230403119835312
ATCTTCAAGCACACAG-1,-26.240753640200836,19.134922399698507
ATCTTCAAGCGACTTT-1,-37.494479078630384,2.7948990635712243
ATCTTCAAGCTGTTCA-1,31.998974398409516,11.17457961833174
ATCTTCAAGGTCTTTG-1,20.938598394756163,-18.775688205437657
ATCTTCAGTAGTCGTT-1,3.7747558058782382,44.88964368095127
ATCTTCAGTCAGGTAG-1,-4.358684824295072,-30.057235613831413
ATCTTCAGTGGGCTCT-1,5.427184491861194,-23.999205757230612
ATCTTCATCCATGATG-1,0.14305306661878844,4.689157746321185
ATCTTCATCTTGCGCT-1,-17.12240184115437,10.240335157886973
ATGAAAGAGACGCAGT-1,-24.695141212958184,-33.703069715643515
ATGAAAGCAACTTGCA-1,16.716026167961576,12.716416638931804
ATGAAAGGTTGTTGTG-1,6.935961336956824,-2.808518550840703
ATGAAAGTCACTGATG-1,16.86672418366999,5.57950783918345
ATGAAAGTCCGAGATT-1,-13.032744250021462,-36.361762216421546
ATGAAAGTCTTGGCTC-1,-13.277294842668296,22.1714655192352
ATGACCAAGCACGGAT-1,7.5563611506164925,-7.376037705225561
ATGACCAAGGTGATAT-1,3.978135650209504,44.85914572919278
ATGACCACAAGGACAC-1,27.676739167873023,32.62489616654077
ATGACCACAGAGTTGG-1,8.257408754210932,-14.124304604452286
ATGACCAGTAGTAAGT-1,-8.484417066412092,9.417473005982346
ATGACCAGTAGTCTTG-1,8.933272769308651,-15.474085023999063
ATGACCAGTCCGATCG-1,12.863796556952444,-29.751881585489574
ATGACCAGTCGAGCAA-1,5.6759415571883425,-15.331027861914686
ATGACCAGTTACCCTC-1,-16.552300643641647,-17.166311013692592
ATGACCAGTTTGGAGG-1,14.119939924305319,37.15405333442131
ATGACCATCGCTTAAG-1,0.2422670558782038,17.4197303510973
ATGACCATCTGTCGCT-1,12.33379279246094,18.594835347149928
ATGAGGGAGGGATCTG-1,-14.506639271644284,-21.983881461145312
ATGAGGGCAACTTGGT-1,34.59549291454612,-0.051820296627298486
ATGAGGGCATCACGGC-1,34.53560030770516,2.3865927563950673
ATGAGTCCAGATCACT-1,-42.512850797316375,14.366529041209322
ATGAGTCGTAGGTAGC-1,-13.263684525620537,-34.68620878470211
ATGAGTCGTCGACTGC-1,-9.719490541499322,1.6162806863225943
ATGAGTCGTGTGACCC-1,-6.470716267297159,36.13242969375566
ATGAGTCTCACTTGGA-1,15.119710216648368,30.531089584479883
ATGAGTCTCCTACACC-1,22.57324837304651,-12.914592827593918
ATGATCGAGCACCCAC-1,8.95341734957973,-0.23780413398965092
ATGATCGAGTATTGCC-1,-1.7719894719672928,0.6175288358269022
ATGATCGAGTTGTCGT-1,-8.05137610254127,22.68715904587484
ATGATCGGTCATAAAG-1,-27.7979239287044,18.31055258586452
ATGATCGGTGGTCTCG-1,7.145621894803652,-48.39124641303868
ATGATCGTCAGCAATC-1,-42.47525308714284,14.144334997810741
ATGATCGTCATCTATC-1,-22.281448683147325,-13.005839607933009
ATGCATGAGGACAAGA-1,-12.616226807511106,-12.330493234425898
ATGCATGCACTCATAG-1,2.122632034851759,-29.98580084876275
ATGCATGGTAGACAAT-1,-13.04123105838394,-18.95258165380574
ATGCATGGTAGTCTGT-1,14.386061536532912,-16.129659294849635
ATGCATGGTTTACTGG-1,-3.8933611462987976,-18.1415703333621
ATGCATGTCGCGTAGC-1,-7.8333677718603685,8.939782611948516
ATGCCTCAGAGTCCGA-1,34.84162266411422,0.8204894012763562
ATGCCTCAGGACAACC-1,33.356874758632465,7.616682389482833
ATGCCTCCACGACGCT-1,-2.296415308414149,13.09307356751752
ATGCCTCCACGTAGTT-1,-16.59302714511359,-4.528120108573169
ATGCCTCCACGTATAC-1,4.445466372814674,-23.357547561072174
ATGCCTCGTGAGATTA-1,-26.360679955968454,-4.156322389710604
ATGCCTCGTTGTATGC-1,-14.311652891419277,21.117195130405438
ATGCCTCGTTTAGTCG-1,3.8109376036748417,44.92494003616317
ATGCCTCTCACAAGGG-1,-16.777379153349298,10.02828769341399
ATGCGATCAATCGTCA-1,-9.24597622426674,40.24459489393504
ATGCGATGTTTGTGGT-1,-25.256737085770332,-15.353617664327814
ATGGAGGAGACCTTTG-1,-4.964246369168751,-19.188365301093185
ATGGAGGAGATGACAT-1,13.70862878237532,36.78898778220742
ATGGAGGCAACCGGAA-1,4.882023467413293,27.094597790494678
ATGGAGGCACACTGGC-1,-33.13096936934753,-25.505324815073994
ATGGAGGCAGTCCCGA-1,9.099576591441213,-7.7445004362494565
ATGGAGGGTCCAAATC-1,15.981897104960808,-21.308646811088998
ATGGAGGGTGTACATC-1,0.9800348769875648,8.225909367410775
ATGGAGGTCCTAGCTC-1,19.425053142967304,-0.6059822021804033
ATGGAGGTCTCCATAT-1,-22.558835948476922,-4.162921691791635
ATGGATCAGATGGCGT-1,15.546569091155728,22.75435515082017
ATGGATCCACATTCTT-1,-0.26852929604069137,-21.927782163901178
ATGGATCCAGCTGAAG-1,5.552042285330708,-25.04082688835034
ATGGATCCATGTCTAG-1,-9.713455112078442,27.905674953721018
ATGGATCGTGTGCTTA-1,-10.333455422995495,-26.88343415609597
ATGGATCTCCACTTCG-1,-4.62704031326357,-11.737886551077006
ATGGATCTCCCTTCCC-1,20.39516819683119,3.4394462845046485
ATGGGAGAGAGTGTTA-1,-11.346627154723732,-32.2336161233298
ATGGGAGAGCTCGACC-1,-27.73653210278394,-12.78570908164282
ATGGGAGCACCCAAGC-1,-14.109167160606432,2.1187760023789304
ATGGGAGGTACGCTAT-1,-5.230728064392604,8.141003021611484
ATGGGAGGTAGTAAGT-1,4.1081941716860895,25.128283139125138
ATGGGAGGTTACGATC-1,-3.3730301662184834,-28.386522904551438
ATGGGAGTCCTTCTTC-1,-25.45507974740887,-7.035264706448987
ATGGGAGTCTACCTTA-1,-20.615033954578905,-1.1290814016600295
ATGGGTTAGAAGTATC-1,9.526917766159222,-16.122968792949735
ATGGGTTCACTGCGAC-1,52.286469325638585,11.600355611597996
ATGGGTTCACTGTCGG-1,7.062249424533088,-39.41719386653408
ATGGGTTCATAAGCAA-1,-22.373792667833374,-23.981752471336165
ATGGGTTGTGATTAGA-1,15.288273073816715,-13.978337070542043
ATGGGTTTCCTACCAC-1,-1.423795060109814,-0.5938899710134443
ATGGTTGAGCACCGTC-1,12.171394295780372,7.2344115567120575
ATGGTTGAGGGAGGCA-1,14.210259876083958,-1.6144228099144864
ATGGTTGCAAGAGTAT-1,-14.366244915691478,38.435585618021804
ATGGTTGCAGCGAGTA-1,6.387034558502578,11.647716346853615
ATGGTTGGTAGACGGT-1,-3.2504029895149524,5.382833882056073
ATGGTTGGTTCCGTTC-1,-7.255756521275061,0.7423078244991556
ATGGTTGTCAAAGCCT-1,-2.416774589456944,4.786566820347201
ATGGTTGTCGAGAAAT-1,-20.822739377252127,-0.993755506915155
ATGGTTGTCTCCTGAC-1,2.905772512926669,44.16471081791301
ATGGTTGTCTCTCTAA-1,-26.654337807830817,19.633081823923597
ATGTCCCCATACATCG-1,6.069931755054011,11.516313120287474
ATGTCCCGTAGTGCGA-1,-3.5854499174949,-18.63371513338076
ATGTCCCGTGGGTCAA-1,-26.229251959032577,19.365190957545746
ATGTCCCGTGTACGCC-1,-23.313453356414655,-3.235284208150581
ATGTCCCTCGGTTCAA-1,0.053112481939315004,-22.459506908970518
ATGTCCCTCGTCGCTT-1,2.205602068477573,-22.524383354574415
ATGTCCCTCTGGTGCG-1,-27.882000381852187,-15.439709297122967
ATGTCTTAGAGGCTGT-1,-9.687934350840345,27.894583290126217
ATGTCTTCAAACTCGT-1,5.825017387341251,25.939087696532567
ATGTCTTCACTACCCT-1,20.872883952899983,14.068790157855071
ATGTCTTCAGCGGATA-1,15.454245249717758,-30.308039709310176
ATGTCTTCATACTGTG-1,0.7599093492818858,-17.609707585522816
ATGTCTTCATGACTCA-1,-33.58078827152265,-25.517621105010832
ATGTCTTCATGTGGTT-1,36.67237713140095,20.808022628460513
ATGTCTTGTTGCATCA-1,-33.37371877146565,18.727823736752473
ATGTCTTTCACACGAT-1,15.620488769721153,-12.830489265796666
ATGTCTTTCGTCGCTT-1,19.813452418875126,11.972333425132716
ATTACCTAGCTAGTTC-1,-4.692914729549963,-18.78804507413087
ATTACCTCACGGTGAA-1,-33.65502272196913,-5.5763427439497
ATTACCTGTCACTTCC-1,-45.05585992367417,2.2837221263399896
ATTACCTGTCAGCTTA-1,-6.17669772330744,15.58314956690072
ATTACCTGTTCAATCG-1,-19.8619344819082,24.29266981642427
ATTACTCAGGAGGTTC-1,7.238574974912891,-41.35349338168602
ATTACTCCAGGGAGAG-1,-17.7907838033329,21.457498724709552
ATTACTCCAGGTATGG-1,-12.314170901294014,10.211614500308752
ATTACTCCATATACCG-1,-27.758358187292952,-13.26575372485916
ATTACTCTCGCTGACG-1,8.484614754695528,25.17438431045419
ATTACTCTCTTAGCAG-1,11.425344450576333,9.864229705301495
ATTATCCAGATGACAT-1,-22.29063990349931,-24.077808153898932
ATTATCCCAGCGGATA-1,13.121774521623601,-32.17891110307146
ATTATCCCATAGACTC-1,-25.39194978729748,-16.90480628014009
ATTATCCGTGGGTTGA-1,-9.43389303511211,15.892119972471734
ATTATCCTCAGCCCAG-1,12.801851233320061,-26.665756842370758
ATTCACTAGTGAATAC-1,-26.170406437011348,19.03198012496813
ATTCACTCAATAGTGA-1,28.393630314292658,-24.76078005301626
ATTCACTCACGACAGA-1,2.8105151971912123,-3.7875488155208634
ATTCACTGTCGACTGC-1,5.637650160606692,-24.937840803467648
ATTCACTTCACACCGG-1,-45.60711046647524,3.3971857530934644
ATTCACTTCTGCTTTA-1,-31.332209870515122,-4.391887242978826
ATTCACTTCTTTCCGG-1,42.34312512274737,-4.979185275199776
ATTCAGGAGGGATCGT-1,-33.73093177478074,19.275664314814875
ATTCAGGGTCCGGATC-1,-39.860105165856886,12.62095511896457
ATTCATCAGTAAACTG-1,-9.527853613280874,0.9827358887354631
ATTCATCAGTAGCTCT-1,5.949655313050756,-40.487692166928575
ATTCATCAGTTTGGCT-1,9.79062057113356,9.882139816362834
ATTCATCGTGGATACG-1,21.347552747844855,9.636936636378163
ATTCATCTCCTTATGT-1,-4.120865124636466,-29.83692599650332
ATTCATCTCGGCATCG-1,22.56579195252167,-11.721903515896704
ATTCCATCAACTTCTT-1,24.702979953619096,2.2985933459880443
ATTCCATCACCAGCCA-1,-21.04805669560461,24.71809373363106
ATTCCATGTGAGGCAT-1,-0.036216211316281395,15.321055488534537
ATTCCATGTTCGAACT-1,-42.37834410665395,14.123293875551964
ATTCCATTCACTTGGA-1,-25.332930935460148,-12.467600683934581
ATTCCCGAGGCTTTCA-1,8.547619737793793,-3.000642550396027
ATTCCCGAGTTGAATG-1,-11.666744542004247,33.05482069188755
ATTCCCGGTACGCTTA-1,4.245515689582652,27.218051395002462
ATTCCCGGTGATGGCA-1,-7.393704915513086,12.314956425524928
ATTCCCGGTGTACAGG-1,14.785514137709832,-13.686603939782902
ATTCCCGGTTAAGTCC-1,-28.842895889705193,-19.616708505138433
ATTCCTAAGAGTTCGG-1,36.55221994595316,20.759186603891408
ATTCCTAAGGGTATAT-1,29.508859689922694,-12.619774376617173
ATTCCTACAAAGACTA-1,30.388756529455637,-4.888776124797198
ATTCCTACATAGGAGC-1,-41.425491800838806,15.992193364561796
ATTCCTACATGCCGAC-1,-27.134478542297874,-15.678021455965638
ATTCCTACATGTAACC-1,-22.680612494860753,-24.351884050915974
ATTCCTATCGCGCCAA-1,-1.218509109258137,9.616592139756994
ATTCGTTAGGAGAATG-1,-9.985059975325886,8.578834059066104
ATTCGTTAGGCGTCCT-1,5.142558125206203,-15.023107788178857
ATTCGTTCACCATATG-1,38.0100306797927,-14.933822909321528
ATTCGTTCACGCAGTC-1,29.609218795481834,-12.51150008478029
ATTCGTTCACTTGAGT-1,-22.42462410097461,-32.17486713413502
ATTCGTTGTTTAGAGA-1,-16.5250998147365,11.898459559404142
ATTCGTTTCAAAGACA-1,-34.9474397052456,12.201988449317641
ATTCGTTTCGGCTGGT-1,4.446948428980097,24.190070949380527
ATTCGTTTCGTCAACA-1,-12.872440648330029,-12.385317193055977
ATTCTACAGGGCATGT-1,-3.2877327011716964,-28.43385803743985
ATTCTACAGGTTCCGC-1,3.5124122388291568,15.720791679817998
ATTCTACCACGTTCGG-1,7.6093698769045455,0.8302873948178928
ATTCTACGTCATGACT-1,-9.586285819448836,33.64841046869212
ATTCTACGTCCTCCTA-1,29.52112399523825,-13.681615971883273
ATTCTACGTGAACTAA-1,18.839665425977405,13.596696483852105
ATTCTTGAGCTCGACC-1,-13.175218655602793,-11.369219541857708
ATTCTTGCAAGCAATA-1,-42.443470963406675,13.94885491402776
ATTCTTGGTGAGAGGG-1,29.1973706774923,-12.948635015173394
ATTCTTGTCGTTAGAC-1,-15.079601587786648,38.21796850575831
ATTGGGTAGGCTGGAT-1,-33.12600339450571,-3.952346960657514
ATTGGGTAGGTCATCT-1,31.119487539182813,-27.04733472192833
ATTGGGTAGTTACGGG-1,24.10497792341615,2.248712925491046
ATTGGGTCAGGCTCTG-1,-34.0914909845348,-23.80520846261599
ATTGGGTGTCGAACAG-1,5.202317076300537,9.43956420954231
ATTGGGTTCGGCTGTG-1,-28.71938051742585,-0.2903709682141378
ATTGTTCCAGTATGAA-1,-41.887376063044464,14.44432590437927
ATTGTTCCATTGACAC-1,-9.352033575376991,-26.14131795972024
ATTGTTCGTCGATTTG-1,3.8794743419616333,-33.01860641186117
ATTGTTCGTTAGTTCG-1,-8.632129186915963,6.675530696632262
ATTGTTCGTTCGTAAC-1,-11.866201258048081,10.293357111620347
ATTGTTCGTTTGGAAA-1,28.535851553499874,-13.347150015856771
ATTGTTCTCTCGTTTA-1,-33.23493985149535,2.702889648808354
ATTTACCCATCGTTCC-1,-12.402084723674943,-3.435870582953609
ATTTACCGTACAGAGC-1,-15.649488989420774,-20.875330358032485
ATTTACCGTTATGGTC-1,13.860770691617894,-7.022295292719791
ATTTACCGTTGCATCA-1,30.364551609664478,-27.06270605975274
ATTTACCTCCCGAGGT-1,-15.2734458489337,-19.062913279366537
ATTTACCTCCTCTCTT-1,-5.158453021165711,-18.824877052895808
ATTTACCTCTGCTCTG-1,14.523846740253079,-36.54785175870844
ATTTCACAGCGTTCAT-1,-46.032491292608576,2.0031588184431217
ATTTCACAGTAACCGG-1,23.661747973768584,-2.4408471110641092
ATTTCACCAAGTAGTA-1,43.19131035576382,-4.36700678269638
ATTTCACTCTCCGTGT-1,-26.907942148348692,-4.295523243385375
ATTTCTGAGAGGGTAA-1,-24.582116718717305,9.510777282788817
ATTTCTGAGGCACCAA-1,41.92604125986578,-7.8024745807917855
ATTTCTGAGTAGACAT-1,21.335418955490685,14.832781823559825
ATTTCTGAGTCCGCCA-1,-3.6823369799617085,27.944083127085623
ATTTCTGCATAGTCAC-1,-31.75700459435697,-6.688257200915416
ATTTCTGTCTGGTCAA-1,6.29863861975418,-15.875322868620492
CAAAGAAAGGAAACGA-1,-7.980355693417535,4.267567377368132
CAAAGAACACTAGGTT-1,7.290693684413544,-0.37399035608441944
CAAAGAACATGTAACC-1,29.000404848557537,3.6113635242603825
CAAAGAAGTCGATTTG-1,-11.976312587268675,-11.128750839113662
CAAAGAAGTGACCGAA-1,-24.49240401504864,9.488815753851549
CAAAGAATCCATACAG-1,-2.658443336933497,-5.182208636362117
CAAAGAATCTCATTTG-1,0.3598162342284485,-17.14483096785187
CAACAACCAGAGGCAT-1,29.758689769813376,-27.21539705085555
CAACAACGTAGGCAAC-1,9.24186078239618,-6.645480806163384
CAACAACGTTGGGCCT-1,17.953617087499,24.28376661925892
CAACAACTCCTCCACA-1,-17.10622104677701,10.267222134338622
CAACAACTCGTGCAGC-1,16.257154687716927,-37.09509034500834
CAACAACTCGTTTACT-1,4.279779494927246,22.444066400721038
CAACAGTAGGAGAATG-1,-23.011464347743658,3.003292748375811
CAACAGTCACTGGATT-1,-33.44864287069819,19.438604213290265
CAACAGTGTCTTGCGG-1,-3.1615114151304273,4.230281440556022
CAACCAACACCACATA-1,14.382997543087892,-1.5615519733315009
CAACCAACAGACATCT-1,29.4872288824049,-14.101105985154813
CAACCAACAGTCAGTT-1,7.247254259191674,28.475692251498344
CAACCTCAGACGGTCA-1,15.039810927200696,-30.134782084924705
CAACCTCAGAGCAGTC-1,-7.563334824459286,17.691928999386963
CAACCTCAGCGTACAG-1,12.981487699373389,-7.030952566164765
CAACCTCAGGGAGGTG-1,-3.812617264483309,-17.215809565898635
CAACCTCAGTATGATG-1,-1.1039750254746075,1.1190114273509226
CAACCTCTCATCTACT-1,-2.231852697267056,10.484640897368045
CAACGATAGATAGGGA-1,-35.41604446536173,10.400795961536202
CAACGATAGCTCACTA-1,-13.471427712935101,-20.04060796746575
CAACGATGTTAGGCTT-1,-9.732305883305466,33.64084418216699
CAACGATTCCGATGTA-1,-34.34885463573857,9.038499839148452
CAACGATTCTAGGCCG-1,-23.981985064980627,2.2210015070589004
CAACGGCAGAGTTGCG-1,-3.620619811303788,26.083753658591643
CAACGGCAGATAGTCA-1,13.936044375685132,3.6494988775677
CAACGGCAGCACGATG-1,30.85084852933689,-26.4686669293394
CAACGGCGTCATCCGG-1,-3.752046230780136,34.4643256553067
CAACGGCTCGGTGCAC-1,-16.46367282512531,-5.540019161879892
CAAGACTAGCAAATGT-1,-4.346894564362656,25.183853120256185
CAAGACTAGGATTTCC-1,28.38835665419106,-24.638460115616024
CAAGACTAGTTAACGA-1,22.597516771763836,4.115814900426957
CAAGACTGTACTAAGA-1,14.163999904613384,37.707256837236386
CAAGACTTCCACGAAT-1,-2.7505054993288254,-0.6016940464398783
CAAGAGGAGAACCCGA-1,23.35300693999034,10.646149554181825
CAAGAGGAGGATACGC-1,-1.2458325337252778,9.652918087002085
CAAGAGGAGGCTATCT-1,-1.5222234461168116,-10.646930376787708
CAAGAGGCAGGTACGA-1,9.649366077420149,-16.038197082458236
CAAGAGGGTCCGGCAT-1,-19.846194915544743,-12.790859403206511
CAAGAGGGTTGTATGC-1,24.120874023602372,-20.559567982791627
CAAGAGGTCCGTCCTA-1,-16.344538944924878,-5.75510710119447
CAAGAGGTCTAGCCTC-1,0.25500761932398724,-21.877478229102895
CAAGCTAAGCGCCCAT-1,27.416434484035253,-5.557867574075927
CAAGCTACAACTCCCT-1,-8.703764885754449,-3.431455337014236
CAAGGGACACAAATCC-1,-15.238863377135333,1.4140101540442422
CAAGGGACACTACTTT-1,-13.086189442754304,-23.576113376512502
CAAGGGAGTCCGCAGT-1,7.636828297073577,-0.21797668185206348
CAAGGGAGTGCGGTAA-1,-32.67605195885865,17.682874305589273
CAATACGCAAGAATGT-1,-9.289391817648482,30.751817727632876
CAATACGCAGATTCGT-1,-8.187248456973283,-9.091067648116288
CAATACGGTCAAAGCG-1,4.540547571426974,-8.645405494199887
CAATACGTCGAGAACG-1,16.428575133166447,3.650894203490908
CAATCGAAGACTGGGT-1,4.681997828887976,2.1082103688640275
CAATCGACACGCCACA-1,-8.165597031583196,-9.063377740898698
CAATCGAGTTCGATTG-1,-41.337332206996635,12.900154058210383
CAATCGATCAATCCAG-1,12.009465579787063,18.466356945224412
CAATCGATCCACGGGT-1,20.524212824981223,1.8207802510677527
CAATCGATCTTCGCTG-1,1.353551108813279,-30.506354908796343
CAATGACAGGCACCAA-1,16.09344973683876,-13.830297539886628
CAATGACAGGCGTCCT-1,-31.8972568521371,-24.08124930040749
CAATGACAGTGACCTT-1,-2.379124124473656,11.344932795601384
CAATGACCAACTTCTT-1,-14.688321127387542,37.54778458910929
CAATGACCACAACGCC-1,-46.23932783068555,1.2314655345194465
CAATGACCACCTGCGA-1,-3.8300855502621105,9.695211338516856
CAATGACCATGACCCG-1,-21.01177191614413,23.791229554376695
CAATGACTCACCCATC-1,-21.2765961365846,-21.592369114443486
CAATTTCAGCCTGTCG-1,-5.507062415032379,-8.09103070425239
CAATTTCCATCCTTGC-1,-23.898582506000594,-21.902971471293863
CACACAAAGATGAAGG-1,-4.0019240163632706,5.565163227078456
CACACAACAAAGACGC-1,-9.820034894249394,34.929356942461325
CACACAACAGACCTAT-1,-5.290707435976026,-9.969352669989643
CACACAACAGACGGAT-1,-27.61571783699992,-0.010425668851766321
CACACAAGTAGTGCGA-1,-1.3841857796161785,-10.70479777420134
CACACAAGTGCCTGCA-1,-19.46716534881164,24.23380346859918
CACACAATCCGTGGGT-1,8.030048097876323,3.539268294113351
CACAGATAGAGTGAAG-1,-4.850367274921405,-11.536228919430018
CACAGATAGGGCAAGG-1,-33.577581212018025,-24.991400092311416
CACAGATCACGCGGTT-1,36.59874502264589,20.423226600972363
CACAGGCAGGTCACCC-1,-32.851574856628496,3.077073424222904
CACAGGCCACCCTTGT-1,11.107475688361237,9.721488663732295
CACAGGCGTATACAGA-1,12.60135295114877,-32.609321724495715
CACAGGCGTCCGAAAG-1,-23.96408199967487,-16.45268338624911
CACAGGCTCTCTATAC-1,-33.675105377083995,-25.41184275521685
CACATGAAGCTACTGT-1,15.10414311004501,30.527455825388444
CACATGAAGGAACTAT-1,37.839850601943716,-14.512764088858594
CACATGACAAGCGCAA-1,8.222032818861642,-40.66076181547602
CACATGACATAACGGG-1,13.512574112692638,9.269244766442046
CACATGAGTTTCGACA-1,14.251521214177908,37.89485363419525
CACATGATCCAAGCAT-1,31.903939378636252,11.411657658573528
CACATGATCCTTCTAA-1,-24.3353485097078,-5.7744543758438605
CACCAAAAGCAACAGC-1,-16.820928102340734,12.410211802149126
CACCAAACACGTCATA-1,-10.005373641985067,14.69061460499437
CACCAAAGTCTGATCA-1,-14.434695190335066,-23.1408402370284
CACCAAAGTTGAGTCT-1,-21.918136255556018,-8.378685437320629
CACCAAATCCTAGCCT-1,-14.64752236363375,-23.37450347240992
CACCAAATCCTGTAGA-1,-9.718969961952297,33.694539289114125
CACCAAATCGCCGATG-1,-3.816011925425291,10.976024246756626
CACCGTTAGCTGGAGT-1,-10.099700143968562,-36.18187174349394
CACCGTTCATCCGTGG-1,-24.89953795182733,18.129668196607174
CACCGTTGTACGTTCA-1,17.154157757634703,-27.76017293888023
CACCGTTGTAGAGTTA-1,-19.40149451171732,5.6638545894055685
CACCGTTGTCACTTCC-1,16.611152961574998,-36.54484000045358
CACCGTTGTCGTCGGT-1,10.294172623118452,-8.112533063608975
CACCGTTTCACTGGGC-1,17.052342910162942,13.286601873966815
CACGAATAGGACTAAT-1,-23.50989285148399,-33.64141728291103
CACGAATAGTGACACG-1,1.0896802908307135,8.115611586148134
CACGAATCAAGTTCCA-1,2.0279077540589068,-3.9366661782053525
CACGAATCATGTCGTA-1,-16.84896322188163,18.872256785169792
CACGAATGTTTGGGAG-1,36.580546894080896,21.387188003768923
CACGGGTAGAGCATAT-1,-26.78240381865172,-5.431087811008665
CACGGGTAGATAACGT-1,19.585379618489714,2.462318919079614
CACGGGTCACACACTA-1,-0.09321692172801362,-21.664943561753088
CACGGGTGTACCAATC-1,-26.62442125675153,-14.581329566786188
CACGGGTGTGCAACAG-1,2.6493262596963465,22.418809981247282
CACGGGTGTTAACCTG-1,4.9478580800219065,44.07910018633188
CACGGGTGTTACACTG-1,14.106501354021274,-27.174389205741733
CACGGGTTCATAGACC-1,31.7525400184375,11.871512956716423
CACGGGTTCTGGTCAA-1,11.705933732291768,18.329624839115944
CACGTGGAGAAGAACG-1,16.224000526110995,3.3856803111062055
CACGTGGCACGAGGTA-1,-1.9395060174614882,-41.71095919949786
CACGTGGGTTTGATCG-1,3.6775367476731122,-7.496052443304001
CACGTGGTCTAGACAC-1,12.873985973685294,-1.929335304940768
CACGTGGTCTCGTCGT-1,-1.9654817382743637,-41.642849580217224
CACGTTCCACGGTGAA-1,23.152450059026567,-3.8002536196156176
CACGTTCCATGCCGCA-1,-11.235981169865159,-37.46363032671505
CACGTTCGTCAGTCTA-1,-24.78477622848991,-33.62217551689212
CACGTTCGTCGGTAAG-1,25.4210744958792,0.40520531441246493
CACTAAGAGGCCTAAG-1,26.767576186754933,16.171110601090096
CACTAAGCAACCAACT-1,-14.739137499419135,10.310427704053676
CACTAAGGTAGGACCA-1,4.0537676189333665,-20.46086500083251
CACTAAGGTGGAGAAA-1,-0.5862793947296862,19.744864699103662
CACTAAGTCCATCGTC-1,-31.519104266532228,3.2058565741961953
CACTAAGTCGAGGCAA-1,-21.22420040777403,-21.350563358726777
CACTGAACAGCTGCCA-1,-5.562550081339201,-8.142490680800725
CACTGAACATAGGTTC-1,30.85833074871828,10.820383918596152
CACTGAAGTAGGACTG-1,9.76033088550773,-16.081091279589113
CACTGAAGTATCACCA-1,13.351937822944917,-30.69087034734437
CACTGAATCAGTGTCA-1,24.114075113607843,-30.615238347431568
CACTGAATCCATCACC-1,-0.0679014956836719,-14.855742917273973
CACTGAATCTGCATGA-1,1.332457928693801,-30.61617389850369
CACTGGGAGGACATCG-1,11.175652904261224,9.355226097493423
CACTGGGAGGTGGCTA-1,31.019898257836743,-26.41032480207266
CACTGGGCACCTCGTT-1,41.38346515917051,-5.019071203048786
CACTGGGGTCGCTCGA-1,-22.853380869354353,3.0080944177066864
CACTGGGTCGAGATAA-1,-15.607478852024773,30.807718119915872
CACTGTCAGAGTCGAC-1,21.64122893221776,12.678337587474353
CACTGTCAGGATTTAG-1,-0.13306545087012514,-30.856372834385443
CACTGTCCAATACCCA-1,-16.584626715787394,-6.16567677830693
CACTGTCGTAGCTGAG-1,30.98846302620301,-26.288172893666715
CACTGTCGTTAACCTG-1,29.006297295926178,3.587680326653251
CACTGTCTCCGCTGTT-1,-12.744356683788912,-10.753204377366576
CACTTCGCAAATACGA-1,30.36114923711185,-4.908268902839169
CACTTCGCAATCCAGT-1,-23.714743804873475,-16.092870886539156
CACTTCGCACACCTGG-1,-23.35811892883878,3.7248416098287183
CACTTCGCAGTCGCTG-1,12.891189968372299,-1.7114334785787506
CACTTCGCAGTTGCGC-1,24.44682564576141,0.11086101818360944
CACTTCGGTTGCTAGT-1,1.7597547139970342,-16.121264422834717
CAGAGCCAGACTCTTG-1,4.522494012932023,-0.1624866850017463
CAGAGCCAGATACCAA-1,32.5888740241301,13.013869269617164
CAGAGCCAGGTGATCG-1,-12.29638329230934,-34.80228806093478
CAGAGCCAGTTAGAAC-1,15.10372602205265,-30.07847831578518
CAGAGCCCAACAGAGC-1,-28.27563297381182,-14.569225444180862
CAGAGCCCAATTTCTC-1,-28.116568463157687,-15.347560189395006
CAGAGCCCACAACATC-1,7.467554116358803,-39.926452780323835
CAGAGCCCACCCTAAA-1,-4.195987637822403,-29.741049349459583
CAGAGCCGTACCCGAC-1,-7.893461174087029,6.212742028582624
CAGAGCCGTGTCTAAC-1,-15.550364671303639,-1.0307013985485902
CAGAGCCTCTTTCGAT-1,-24.13906036451956,-11.580548718792205
CAGATACAGCGGACAT-1,-13.655234617769617,-17.352686997262737
CAGATACCACGCGTGT-1,32.86399314381459,9.143238851420877
CAGATACCATCAGCAT-1,-12.166729940088711,32.91288807208628
CAGATACGTGTCATGT-1,-2.645664874679184,15.95593130002999
CAGATCAAGATTTGCC-1,-15.260873149686292,4.902879363357986
CAGATCAAGGTGCAGT-1,-19.7033901423657,24.286113206113367
CAGATCAGTACGTAGG-1,14.87430946351847,31.957030773966434
CAGATCATCAAGTCTG-1,-6.1823276171749155,15.612801139326187
CAGATTGAGCCATTTG-1,-16.674316319332597,-12.698501817426315
CAGATTGAGCTTCTAG-1,-2.370268556256213,-42.04885472735938
CAGATTGAGGATACCG-1,-6.236814102113092,5.9707299487810985
CAGATTGAGGCCTGCT-1,27.657852907212742,32.357315322421705
CAGATTGAGTCTAACC-1,33.90454338600146,12.043871438982276
CAGATTGCAAGCTACT-1,7.974800373796314,-48.20216328040685
CAGATTGCACTGAATC-1,-9.60704843972447,31.0157576186281
CAGATTGTCACGGTCG-1,-26.541063945215274,-4.3053182667515575
CAGATTGTCCAGTACA-1,-13.362293170561463,-35.88361235022317
CAGATTGTCGAAACAA-1,3.9137060465406637,24.79798984047908
CAGCAATGTACATTGC-1,-3.0374036327583207,-27.79799942983617
CAGCAATGTCGGTACC-1,15.997888804650398,37.38955130050369
CAGCAATTCGGATACT-1,28.787797965330768,14.281143691867896
CAGCACGAGAAGTCTA-1,-33.08805640720541,19.306993715498688
CAGCACGAGCATTGTC-1,-5.137094679477588,11.339179762420667
CAGCACGAGGTTATAG-1,31.196119985872183,-26.533064984433576
CAGCACGGTACTCCCT-1,-12.904399867322688,-12.247830607805346
CAGCACGGTATGCGGA-1,35.3826557277377,20.715668293121045
CAGCACGGTTAGGCTT-1,8.987888683012702,-19.364070462777686
CAGCACGGTTTGGAAA-1,22.3559832327272,-20.686823853597
CAGCAGCAGAGTCAGC-1,-23.797756455587212,4.288806071111411
CAGCAGCAGCAGCCCT-1,-22.299604561170078,-24.091377810001596
CAGCAGCAGGGCTAAC-1,29.80072364684475,-5.617437125765035
CAGCAGCCACGCGCAT-1,15.302492583972128,23.65720954784261
CAGCAGCGTTCCCAAA-1,-9.35531897492588,41.75287313954883
CAGCAGCTCTCTCGAC-1,7.606381795681319,-0.31942211975794615
CAGCCAGAGGCATCGA-1,9.283415690492939,-6.990549358315558
CAGCCAGAGTCTGGAG-1,-10.232233081484555,13.860244069736142
CAGCCAGCAGCTATTG-1,-9.045478538051588,26.398361098228516
CAGCCAGGTGCCAAGA-1,-15.046428491793733,9.515908412214564
CAGCCAGGTTCCTACC-1,-29.004345592880558,2.0161384270364793
CAGCCAGTCCGCTAGG-1,21.16978742187893,-20.82136474431055
CAGCGTGCAGGCTACC-1,-22.92697675611842,2.5887572933345937
CAGCGTGCATGCAGCC-1,12.737830199467584,-30.986321330507902
CAGGCCAAGCTAAATG-1,19.51008538653932,-20.240231230295695
CAGGCCAGTCCTGGTG-1,16.89783073450738,-36.179560977547986
CAGGCCATCACATTGG-1,-4.528856803806162,2.410460735952559
CAGGCCATCAGCATTG-1,-16.556705433122126,12.003812418980639
CAGGCCATCTACGGGC-1,-31.863202747105746,19.277822154582623
CAGGGCTAGGTAAACT-1,-2.626617230324236,-6.953711619157431
CAGGGCTCAAAGGCAC-1,-32.91063950112102,9.86817139132585
CAGGGCTCAACTGGTT-1,16.94654221002734,-5.974802256041524
CAGGGCTCAGCGGTCT-1,-3.8181552781450128,34.49357041053141
CAGGGCTCATTCACCC-1,18.595617379443663,13.730394593193012
CAGGGCTGTACCATAC-1,-12.446256931525971,-10.674907565533232
CAGGGCTTCGCTACAA-1,-1.5059554640772475,-8.968425258210996
CAGGGCTTCTGCCCTA-1,16.80530467050286,5.455101115838399
CAGGTATAGATTGGGC-1,15.409292936134054,30.141450221032073
CAGGTATAGCAGATAT-1,28.574577016650125,-24.77505945275494
CAGGTATAGGGACCAT-1,-5.833621343456236,-5.378462933077645
CAGGTATCAGCTATAC-1,8.189418738882425,2.9054422547039733
CAGGTATGTAGGTAGC-1,19.333320166834714,13.44200170967021
CAGGTATGTCAACACT-1,-7.993368851643789,-5.445723487846037
CAGGTATGTGGCGTAA-1,11.9178335469772,-28.164701272622093
CAGTGCGCAAATTAGG-1,-1.8116177198382866,0.36320199309158424
CAGTGCGGTTCAAAGA-1,13.89413205137353,-3.338557001720529
CAGTGCGGTTTGTTGG-1,37.976007218578914,-14.023565167058537
CAGTGCGTCCATTGTT-1,12.874348941287412,38.718318768559826
CAGTTAGAGGCACTAG-1,4.304932624241583,29.911887820171394
CAGTTAGAGGCTATCT-1,13.098066472893153,17.595355038763635
CAGTTAGCAAGTCATC-1,-45.062360859487164,3.7073208986959227
CAGTTAGCACCTATCC-1,-34.950588320805224,10.96167435256787
CAGTTAGGTAGATTAG-1,18.091149291900244,6.056992013053381
CAGTTAGGTCGTGGTC-1,2.8083654189589966,8.070107423415655
CAGTTAGTCTCGACGG-1,-30.32814408237303,-20.37767047374233
CAGTTCCAGGGAGTTC-1,5.381056786613915,-24.930345240248773
CAGTTCCAGTTGCGCC-1,13.132620267167084,-1.8148142479570655
CAGTTCCCAGTCGCTG-1,21.1033468066292,-18.537029295630944
CAGTTCCTCAAGTCGT-1,12.546205272935211,18.432164874186867
CAGTTCCTCCATCGTC-1,5.341632869007032,27.10626776493869
CAGTTCCTCTCAGGCG-1,-4.9722548112988,-19.13826602751837
CAGTTCCTCTTCTCAA-1,19.977936175571937,10.165718544899084
CATAAGCAGCTGCCTG-1,5.725475120230712,-8.036121813628611
CATAAGCCACGTAGAG-1,0.8036903471304976,23.004722857622163
CATAAGCCATAATCCG-1,-35.67872855661164,11.151314276231487
CATAAGCGTACGACTT-1,1.207866241488636,-30.557261525121227
CATAAGCGTGTCTTGA-1,17.422178654489468,5.917124527131989
CATAAGCTCGGCCTTT-1,6.460284788812105,-22.795103419884853
CATAAGCTCTATCCAT-1,-33.65404402650708,-25.480356860996526
CATAAGCTCTGGAAGG-1,28.658765976640357,-14.229054359767733
CATACAGAGAGTTGCG-1,28.247940713971005,31.49814316247109
CATACAGAGATAGCTA-1,10.325969820688893,10.074964767191842
CATACAGAGGTGGTTG-1,17.010043516453962,5.259698760870795
CATACAGAGTTCCATG-1,42.285889177291295,-4.267883250521939
CATACAGCAAAGGATT-1,-4.422486585278513,7.392186294332501
CATACCCGTTACCCAA-1,-12.880353803918469,-35.04964855635356
CATACCCTCAATCTCT-1,-37.91817058970271,2.8644733632063994
CATACCCTCGGTTGTA-1,-9.397260797877566,-16.34995687454543
CATACTTCACCCTAAA-1,17.61355442944041,4.0793698838536585
CATACTTCATCAGCTA-1,-9.62588267912867,33.80298814375319
CATACTTGTTTGGGTT-1,29.58102754648811,-13.562598327611072
CATACTTTCCGTATGA-1,-14.32399929495765,-13.64505999555856
CATACTTTCGACATCA-1,19.787227076395908,12.993492603382775
CATAGACGTCGGCACT-1,7.87892320428598,-0.28941325566892584
CATAGACGTGCCGGTT-1,-13.861123459516014,-18.269665151299694
CATAGACTCATGCATG-1,9.183949202605241,20.560988213293175
CATAGACTCATTGCTT-1,-26.579367362908016,19.120366544749274
CATAGACTCCTAGCTC-1,21.617766219804874,-19.664579725467437
CATCAAGAGGAAAGGT-1,6.20685025578945,-15.432638891263405
CATCAAGCACAAATCC-1,-35.066157616267915,8.04763483721568
CATCAAGCATACAGCT-1,11.014144304090523,-18.52331213319863
CATCAAGGTTCACCGG-1,52.737456986578245,11.002933492314448
CATCAAGTCCTTCACG-1,-33.031041907887314,12.85233885485209
CATCAAGTCTATACTC-1,16.225124473200143,-13.790782583140075
CATCCACAGGTTCCAT-1,15.532480403058813,-29.729118099273684
CATCCACCACCGGCTA-1,-9.62633653571916,-7.582520866300146
CATCCACGTCAAATCC-1,-15.034954496481278,1.8527461921831057
CATCCACGTCAGTCTA-1,6.916378618285361,-48.6164000570231
CATCCACGTCCAGGTC-1,2.5267787207656505,46.02875308142526
CATCCACTCACCTACC-1,7.401927584933435,-8.56249554697127
CATCCACTCGGCTGAC-1,16.91738449370716,-13.40754262204266
CATCCACTCTTGCGCT-1,-16.111036723944007,6.991873323210115
CATCCCAAGCACCGTC-1,7.289746486971619,-26.456574765142726
CATCCCAAGCATAGGC-1,17.526101747689385,17.960462636903497
CATCCCAGTCGAGTGA-1,29.780478706174026,-1.2357122484635108
CATCCCAGTGTTCCTC-1,-10.04046745475816,-25.33294838859799
CATCCCATCCGCACTT-1,-8.143855784639339,25.470711712196167
CATCCCATCGAACTCA-1,-20.073692369411287,24.423841635040226
CATCCCATCGACTCCT-1,23.909437553163933,23.76014196766192
CATCCCATCTACTTCA-1,0.42248144526155457,17.665982366301638
CATCCCATCTCTTCAA-1,-45.24187950482645,2.013259699977831
CATCCGTAGCCTGCCA-1,-14.612988233212166,11.273088734755978
CATCCGTAGGACTGGT-1,40.325102447905195,-5.011253877531307
CATCCGTAGGTAATCA-1,-32.808282978111365,3.5289401590994958
CATCCGTCATATAGCC-1,40.71356612363693,-2.8575314627062434
CATCCGTGTCAACATC-1,3.973719987280261,44.71758436657517
CATCCGTGTGTGATGG-1,-24.487145857345315,18.71227428305749
CATCGCTAGTCTTCCC-1,10.66466952878875,-9.440457614212637
CATCGCTTCTTCGCTG-1,-8.309096480235766,25.842335857256213
CATCGGGCAGATACTC-1,-7.487820994240831,13.539593749442542
CATCGGGGTCAGATTC-1,2.3279657457617944,22.5539081510775
CATCGGGTCTTAGCCC-1,-0.9927419057112855,-12.804187472598805
CATCGTCAGGGAACAA-1,18.733389248320606,13.568274598238965
CATCGTCGTTAACAGA-1,-8.036420031774162,11.404999418932444
CATCGTCGTTGGTAGG-1,-32.55765098678597,-22.8383994797662
CATCGTCTCCGAACGC-1,-38.42787537230645,2.5617397979531407
CATGAGTAGACTTAAG-1,-3.6197237073417963,9.757841638713575
CATGAGTAGCGAAACC-1,1.4626566985738085,18.22090509312051
CATGAGTCAACTACGT-1,16.018995190777268,-13.510700830055583
CATGAGTCAGCTGTAT-1,19.435319148131935,12.295951508299385
CATGAGTGTACCTATG-1,-24.462999454778032,-13.931924590712878
CATGAGTTCCCGAGAC-1,-31.386326420526515,-4.638788690136709
CATGAGTTCGCTAATG-1,11.185708106169752,9.50989611448308
CATGCAACAGGAACCA-1,-27.005149676078595,16.765271880656805
CATGCAAGTGCCTTCT-1,7.116559387606501,-48.53163378502221
CATGCAAGTGTGAGCA-1,-11.23607500329484,5.319514437121742
CATGCAATCAGCCTCT-1,-13.697507914668465,3.02984059770655
CATGCAATCCAAAGGG-1,25.287220222956268,0.994599400650544
CATGCAATCGATTGAC-1,-44.4102031378932,1.5514946370233227
CATGCAATCTCGCCTA-1,34.72772640156656,0.7627941900826024
CATGCCTAGAATCCCT-1,-14.47963690542601,-18.615438730134382
CATGCCTAGACATAAC-1,30.146945654315203,4.463831081542341
CATGCCTCAAACGTGG-1,17.00696059387447,-3.4812600157425257
CATGCCTCACAACATC-1,-33.87116793995368,-25.59275500994058
CATGCCTCAGCGATTT-1,5.97477305071382,28.053835897647243
CATGCCTTCCGACGGT-1,-3.188753008538223,29.137862296832953
CATGCCTTCGTCGATA-1,-16.663618773281353,12.10836803612655
CATGCCTTCTTAGCAG-1,-20.202489244748342,24.475009624270523
CATGCGGAGACCTGGA-1,20.873068808912336,14.06826723384976
CATGCGGAGCTGACCC-1,1.4776750671218994,-3.9121814123636542
CATGCGGAGTAGGGTC-1,9.859740712128856,-20.69983340778722
CATGCGGCACTACTTT-1,11.58339207761788,18.287008282850433
CATGCGGCAGACCAAG-1,31.0342856798192,-26.196950246155637
CATGCGGCAGCTCCTT-1,-3.678091187597238,34.515248331633366
CATGCGGCAGCTGGTC-1,19.810225417398357,11.595939989568455
CATGCGGCATTGTGCA-1,-19.327502321209636,31.09251074996087
CATGCGGGTAGAATGT-1,-27.00250303998455,2.24469661792859
CATGCGGGTCACTCGG-1,10.115290978235222,-10.35441217993476
CATGCGGGTCGAACAG-1,15.338602457439308,22.126412188659597
CATGCGGGTCTCTCAC-1,35.0056872806337,1.1078277499147051
CATGCGGGTGCGGCTT-1,-14.345707930657284,-20.83415977185002
CATGCTCAGACGTCGA-1,-15.127428498650675,-2.089547912969489
CATGCTCAGAGGGTAA-1,8.330902715103642,-47.99954989490138
CATGCTCAGATGTTGA-1,-33.560355594876754,2.3422739882996435
CATGCTCAGCAAGTGC-1,0.9721301095795108,-34.643961996342966
CATGCTCAGGACATCG-1,8.105934997264024,-17.0498645601652
CATGCTCCAGAGGTTG-1,25.385423972411203,0.24187987450341752
CATGCTCGTGGTCAAG-1,3.7802701157416396,45.05030489009802
CATGCTCGTTCGGGTC-1,3.7805450475627924,44.815028631576055
CATGCTCTCATTTCGT-1,24.03960548109072,23.191035431835644
CATGCTCTCCCGTGTT-1,19.540147760276227,-18.071015209412398
CATGCTCTCGGCTGGT-1,32.04642339352901,9.17500074394978
CATGGATAGATGCTAA-1,9.712305595224182,-8.934741389038935
CATGGATAGCTAGATA-1,-8.332084626799888,6.50329702233458
CATGGATCAACTCGTA-1,-24.177642551195095,10.17317530543677
CATGGATCAATGAAAC-1,-34.69871783303333,-5.6704590504262296
CATGGATCAATTTCTC-1,1.814516459643331,-4.741490316932334
CATGGATCACATATCG-1,7.189325383937559,-17.133467076144804
CATGGATGTGTTAAAG-1,30.68096717039313,-24.796532477213944
CATGGTAAGAGCTGAC-1,31.232681166760745,-26.486987137946162
CATGGTAAGTCCGCGT-1,24.15841293047374,23.627454208747118
CATGGTAGTTGGAGGT-1,-8.343684779874227,25.937318083938447
CATTCATAGATGTTAG-1,16.603273902726674,-3.4815962824267603
CATTCATAGGTAGTAT-1,31.13980843205392,-26.302356256115477
CATTCATTCAGAGCGA-1,-24.764223007748296,-13.133150424231864
CATTCATTCGACTCCT-1,-1.0973476551274133,9.676463662371765
CATTCATTCTTTGCGC-1,0.3533326749133519,-0.47055717392356156
CATTCCGAGGTCATCT-1,15.84284383822909,-13.651073868278452
CATTCCGCAAGTCGTT-1,-1.812505278155134,1.1111391436662765
CATTCCGCACTAGAGG-1,17.02255470155641,5.082187295042818
CATTCCGCATAAGCGG-1,-22.52552656487227,-15.229185141942368
CATTCCGGTCAGTTTG-1,14.447141421582959,-0.1987215459952977
CATTCCGTCATTACGG-1,-27.592736596831557,-17.649775615543884
CATTCCGTCGAGTGGA-1,23.12863079096185,-4.016969882024241
CATTCTACACCAATTG-1,5.183693938222423,28.15445678729215
CATTCTACAGCGAGTA-1,-8.656463433619574,-9.155495957249023
CATTCTACAGTCACGC-1,-15.695149220070363,-4.033110075381438
CATTCTAGTAGTGTGG-1,-19.60210049010743,31.161181591196314
CATTCTAGTCGTGCCA-1,-14.139550445961921,-19.903710739088424
CATTCTATCTTCACGC-1,14.62585453408107,-12.655567169551347
CATTGAGAGATGCAGC-1,-32.024669969542536,16.6832290642232
CATTGAGAGCACGTCC-1,-3.0049554950761315,6.8605786093428955
CATTGAGAGTAGCAAT-1,-12.936924163567664,11.730294670925694
CATTGAGGTATGGAAT-1,-13.403836032224591,-22.987559346501488
CATTGAGGTCCAGGTC-1,-26.658870252899188,-5.4569611633060955
CATTGAGGTGACAGGT-1,3.7547357279998943,16.635790014464988
CATTGAGTCGCAATTG-1,-11.73091424171516,-11.555802186588615
CATTGCCAGAGGCCAT-1,9.020648352937194,-19.373002240337925
CATTGCCCAAGACGGT-1,27.855890802302692,32.28935450782357
CATTGCCCAGAGATTA-1,6.94085724813621,0.5909561478665589
CATTGCCCAGCAGTGA-1,33.45045117310164,11.369071477225143
CATTGCCGTATCACCA-1,12.771734172970204,23.794821127815595
CATTGCCGTTCAGGTT-1,-21.843844271476467,-20.921942614996357
CATTGCCGTTCCGTTC-1,28.05323709710342,-12.063298413052644
CATTGCCTCAGAGTTC-1,-13.111828679133552,-12.230221615981145
CATTGCCTCTTGGCTC-1,-2.2059195545183767,15.546092051326093
CATTGTTCAAGTGCTT-1,-0.37259921130994333,7.704801721116786
CATTGTTCAGAGTCAG-1,-10.216157759800751,1.2280464006139582
CATTGTTCAGTATTCG-1,-14.762801260251242,7.5615696217390775
CATTGTTGTGACTGTT-1,-45.85952835655115,2.478606785650045
CATTGTTGTGTCTTCC-1,-24.815505725143574,-33.6947646865684
CATTGTTTCCCTTGTG-1,30.227908025470782,-5.135522635240349
CATTTCAAGAGAGTGA-1,14.177227873090803,37.658926072840124
CATTTCAGTATCGCTA-1,15.10921611692779,-15.099284200388718
CATTTCAGTATTGGCT-1,28.867536637244296,4.614710993682191
CATTTCAGTTGCTTGA-1,37.60880115457072,-14.719779940404576
CATTTCATCCGATGCG-1,-24.813185831167214,-33.70682598070955
CATTTCATCTCTAGGA-1,-16.879655812699735,-3.7613286407242112
CCAAGCGCAAACCGGA-1,17.497429071324284,5.820985149024747
CCAAGCGCAATGAACA-1,38.1070069876883,21.353129666112245
CCAAGCGCAGAGTTCT-1,-33.17990293461419,2.700534466007262
CCAAGCGGTTGCAAGG-1,17.098685752583854,-28.160332026553448
CCAAGCGGTTGTGTTG-1,-9.669388656283353,-26.135246457844335
CCAATGAAGGCAGGGA-1,-3.831573937646691,9.594298996036793
CCAATGACAATGAGCG-1,-16.770776599896873,12.268405879174663
CCAATGACAGAACTCT-1,34.334077165211916,11.20364355918673
CCAATGAGTATGTCTG-1,-9.596580865676898,9.570514896608204
CCAATGAGTCTCACGG-1,4.039042475211528,27.39558497871238
CCAATTTCATAATGCC-1,-9.552922382333577,-37.05614957432641
CCAATTTGTCGTTTCC-1,9.778638509435277,-7.48974513049268
CCAATTTGTTCGTAAC-1,-10.262539446576042,-3.792167652723665
CCACAAAAGTATAACG-1,-24.9380647081164,-30.37018405457157
CCACAAACAATTTCTC-1,23.5185940388544,11.032301433055867
CCACAAACAGGCCCTA-1,-10.652344838041673,-36.22391192958182
CCACAAACAGGCCTGT-1,-7.033607327242005,10.814763666218267
CCACAAACAGGGAATC-1,22.402614057332357,22.322433078285066
CCACAAAGTAACAGGC-1,14.514089874191995,-14.063361356466455
CCACAAAGTATAGGAT-1,-20.322726553520745,-17.987499133690523
CCACAAAGTGTTGCCG-1,14.740173797119768,-31.478709288050723
CCACACTAGAGGTTAT-1,-0.2509384316206157,-21.841500085828848
CCACACTAGATCCCGC-1,-28.01541868790574,-15.56820686295095
CCACACTAGGAGTCTG-1,38.34172668772709,21.018352230722904
CCACACTCAAGCCCAC-1,37.624175754472844,-14.66506205666753
CCACACTGTGCGGATA-1,-26.691252330369416,20.340917190736892
CCACACTTCGTCTCAC-1,-35.24924679944824,11.371145834856026
CCACACTTCTGCACCT-1,-23.618671316395538,-21.540288594771376
CCACCATCACCTCTAC-1,22.04226343853148,-20.722638035765776
CCACCATGTCAAGCGA-1,-0.1715156631261797,10.753977685199562
CCACCATGTCAGATTC-1,-15.158920404334548,4.541014116258529
CCACCATGTCCTGGGT-1,-8.765006492306018,10.005623559394502
CCACCATTCACTTGTT-1,10.610884571622675,-4.357360864958127
CCACCATTCTTGATTC-1,20.640616472868654,13.988525047784227
CCACGAGAGACCTTTG-1,-8.973423249180557,-24.85916812459964
CCACGAGAGTCCTGCG-1,15.419578703804692,-2.615251277273841
CCACGAGAGTGTTCAC-1,23.3359470408687,2.1738987924584525
CCACGAGCATGGCCCA-1,-3.5666520550862923,26.522677158992543
CCACGAGGTATCAGGG-1,27.721929706374528,11.357366552383251
CCACGAGGTGTCCAAT-1,-5.5242255461929535,10.01744592365342
CCACGAGGTGTTAGCT-1,-30.480843124201645,-5.5744929245059875
CCACGAGTCCCGTGAG-1,-13.989332859988572,-3.4774427678999373
CCACGTTAGGCTGTAG-1,3.0717654609708442,4.250285117386489
CCACGTTAGGTCACCC-1,0.6028152570433449,17.838539980730275
CCACGTTCACATGGTT-1,-15.690466590327189,-5.240461424827714
CCACGTTCAGAACTCT-1,25.485761263462194,1.0669866213217618
CCACGTTGTCTTGCTC-1,7.5052000059832675,-0.42053585571349467
CCACGTTGTTCCTACC-1,27.85966895078485,-3.297658731726022
CCACGTTGTTGTGTTG-1,-11.280803578509524,16.67971474600497
CCACGTTTCAAACGTC-1,33.51942687255842,11.98599429108148
CCACTTGCATACATCG-1,26.001678027594586,24.377776284379475
CCACTTGCATAGACTC-1,-15.724149507776643,10.49638392507206
CCACTTGGTACGGTTT-1,0.14457341306252872,-17.035191027686626
CCACTTGGTATCCTTT-1,-12.09512008092533,-36.248502558121366
CCACTTGGTGTGTGTT-1,-17.918515688675335,-5.271927331873239
CCACTTGTCAGCCTCT-1,10.064594939416473,-15.926343469109925
CCACTTGTCATTATCC-1,9.153249664031433,-7.8216934260847415
CCACTTGTCCTAAACG-1,-15.876729937389987,8.456967645629277
CCATAAGAGACAACAT-1,4.775689246396183,-32.70663433114337
CCATAAGGTCTGTGGC-1,19.442600771329058,11.784641283509377
CCATAAGGTGAGATAT-1,-10.110794492311037,-3.4766099082317017
CCATAAGTCGAAGCAG-1,-12.696885539045981,11.852233112919903
CCATAAGTCTCTTCAA-1,-35.38453328492672,12.069423739646528
CCATAAGTCTTAGCCC-1,-6.923998535370108,-4.074307130869163
CCATCACAGATGGTAT-1,-25.04556698389255,-14.528654470839161
CCATCACAGCCGTCGT-1,-33.48934319533639,19.22153040213595
CCATCACAGCGTGAAC-1,16.887056601518612,5.549412484047509
CCATCACAGTAACGTA-1,-38.2361337959889,2.66723568610518
CCATCACAGTCCCGAC-1,-16.64330098930575,-5.210523620494747
CCATCACCAGAACTAA-1,14.686869222935988,-30.596821359149907
CCATCACCAGTTAGAA-1,24.409817848992585,1.6985469318272908
CCATCACCATCGTGGC-1,-16.550182374324084,12.333911997919921
CCATCACCATTACTCT-1,10.461801204495206,-25.910573118857243
CCATCACCATTGCCTC-1,-14.349512557808236,-20.856572566315787
CCATCACGTGGTCAAG-1,-3.2367021675930383,25.168958754675195
CCCAACTAGGCCTAGA-1,-31.1557526845367,-12.440355503508835
CCCAACTTCAGTCATG-1,14.23921849586047,37.35246850338064
CCCAACTTCCATCTAT-1,-8.185862167576166,-9.088909906226704
CCCAACTTCCCTGTTG-1,-6.558447737161611,-1.2517038549687254
CCCAACTTCGACGCTG-1,10.004108202713873,-16.081686803990316
CCCATTGAGAAACCCG-1,16.835693493900713,5.560524248054537
CCCATTGAGCTGGTGA-1,41.94709726248749,-2.6743225526357697
CCCATTGCAAGACTGG-1,13.71860598805647,-1.609730683116645
CCCATTGCAGTCTTCC-1,-1.6277396486544833,-20.965809421966643
CCCATTGTCAGTCAGT-1,-9.286758505043375,40.482780527028
CCCGAAGAGAGTTGCG-1,-10.98556591782343,5.7700676641126725
CCCGAAGCAAGAGTAT-1,21.84649287751115,12.619738570305172
CCCGAAGCATTCATCT-1,7.969041084178506,-41.56365958218002
CCCGAAGGTTAAGAAC-1,35.33615073043176,11.259724020172241
CCCGAAGGTTGGGTAG-1,16.741003675380508,-0.8558121397734352
CCCGAAGTCGACGCTG-1,-11.086333109805452,7.550916211602858
CCCGAAGTCGACTCCT-1,-10.227960230891862,1.2718052998405358
CCCGGAAAGAATCGAT-1,24.019779790591024,23.832427757561994
CCCGGAAAGTAAATGC-1,17.5247878155605,-5.89919881373712
CCCGGAAAGTCTAACC-1,9.427352347374315,-16.711957460064543
CCCGGAACAGCGAGTA-1,-32.71755191807681,10.018250737848723
CCCTAACAGCGGTAGT-1,-9.01512776240424,25.08663170900256
CCCTAACCAGTCTACA-1,-3.806376982268039,-35.77308167934467
CCCTAACGTGTCACAT-1,23.637007097528564,10.757961069428271
CCCTAACTCACATTGG-1,-13.542621996583565,5.4623896028824115
CCCTAACTCGACCACG-1,-24.185551667798283,18.924809113284955
CCCTAACTCGTACCTC-1,-3.780616414814611,26.5808556200982
CCCTCAACATGACTCA-1,-10.140926332648307,1.4208065790424989
CCCTCAATCCTGGGAC-1,-12.388489861699716,-36.9446446796956
CCCTCTCAGCACCCAC-1,-17.398885885158787,-3.912112007775038
CCCTCTCGTAGCGTAG-1,-11.139061489243563,14.193155092517996
CCCTCTCGTTAAGGAT-1,-44.89977112967404,0.33165994991827996
CCCTCTCGTTTGATCG-1,8.062816200910108,-9.79671572696799
CCCTCTCTCCTCGCAT-1,-33.67969322898192,-5.672177819143014
CCCTCTCTCGTGGCGT-1,35.32712690559124,2.1076442372140836
CCCTGATAGACCTTTG-1,26.972264129339045,-3.427502736467573
CCCTGATAGATCCAAA-1,-0.6434157717378258,5.081742924522563
CCCTGATAGCAGTCTT-1,-6.453721631468967,36.16912374416654
CCCTGATAGTTGTCAC-1,11.187943165595993,16.855663686694932
CCCTGATCAAACCATC-1,30.864925489499953,-24.40206774324371
CCCTGATCAGTGTGGA-1,-17.831598190917518,28.495777748018966
CCCTGATGTGTTTACG-1,0.027379828130740223,7.752507073195557
CCCTGATGTTTGACAC-1,3.0441835562428676,-13.365412809670797
CCCTGATTCACTCTTA-1,30.727282880064966,-4.712486775336304
CCCTGATTCGCATAGT-1,-5.052970228900991,-8.21062208335163
CCCTGATTCGCTACAA-1,21.315729524840386,9.69180973120735
CCCTTAGAGCATGCAG-1,10.238763591671757,15.496510042502978
CCCTTAGAGGAGTCTG-1,11.19541359121895,8.25698868740543
CCCTTAGAGGTTTACC-1,5.87865519531129,28.630669984513514
CCCTTAGAGTGAATAC-1,-3.328503758280654,-2.361345131517099
CCCTTAGCATTCAGCA-1,-17.377602301898516,9.792838703256685
CCCTTAGTCATCACAG-1,22.107655491973443,-20.69145947900489
CCCTTAGTCGATACGT-1,-17.91652343208785,-6.107120066701721
CCGAACGAGCTGGCCT-1,24.486760096548295,22.50450748146843
CCGAACGAGTCACAGG-1,-1.4548049175038549,-9.904543839831781
CCGAACGCAGTTCTAG-1,-19.871699287778615,15.229671309455213
CCGAACGGTATCTTCT-1,-28.099776081419822,-15.121616886988319
CCGAACGGTCAGTCTA-1,-0.28503710401275234,-30.84052327933248
CCGAACGGTCATGCAT-1,23.138320069668843,3.931621224424183
CCGAACGGTCTCTCAC-1,22.125235217493746,-20.871439836820734
CCGAACGTCATGAGAA-1,38.48667623841112,-13.653158406034377
CCGATCTAGACATAGT-1,32.585285374045455,13.13393735685821
CCGATCTAGATTAGCA-1,10.122694184850404,-15.940786131949825
CCGATCTAGCGATGAC-1,-15.759950407420316,5.090036803319433
CCGATCTAGGCAGCTA-1,1.3552364899980551,-30.60184002761993
CCGATCTCATCGATGT-1,3.353484156145288,-19.63630914737246
CCGATCTGTCTAGGCC-1,28.422811282755255,-14.463887170400058
CCGATCTGTTTCGTGA-1,-14.332151714406331,-20.78202394308282
CCGATCTTCCGCAACG-1,0.824790303412064,-33.35609353121188
CCGATCTTCTCCGATC-1,15.350212651815035,-30.523887248920005
CCGATGGTCCCTATTA-1,-42.5365942240032,14.1230172943895
CCGCAAGAGGATTTAG-1,-3.9324332170286396,34.524362227392395
CCGCAAGGTCATTGCA-1,-33.29229254517517,11.264917947669584
CCGCAAGGTCTTCCGT-1,17.595057106087317,-5.885020143383325
CCGGACAAGCTAAATG-1,-6.025589538913624,5.976609928238433
CCGGACAAGGAACGTC-1,34.60123982765229,0.7468147340832711
CCGGACAAGGCATCGA-1,-10.948505815469087,33.0425134219238
CCGGACACAATAGGGC-1,1.358466379620025,-30.51874124890855
CCGGACACAGGAAGTC-1,-22.97000892986971,3.001828114046128
CCGGACATCTCTCAAT-1,-9.267751850466569,40.37753463420927
CCGGACATCTGGACTA-1,-17.298375526390966,11.83735546234881
CCGGGTAAGCGTCGAA-1,-33.67335719151882,-5.616435200082042
CCGGGTAGTCAGCGTC-1,4.887627625375247,-25.69358533212742
CCGGGTATCGGAATGG-1,42.56308195527237,-4.909312634872998
CCGGGTATCGTGGTAT-1,-22.607060214980716,8.064480795286363
CCGGTAGCAAAGGCTG-1,-8.375623128433878,-3.2877501714468305
CCGGTAGCAGCGCGTT-1,-2.3781482227929764,-40.718556601708926
CCGGTAGGTGCCCAGT-1,-10.2451255016041,28.742755538202292
CCGGTGAAGCTGCCAC-1,12.211471916132895,9.224434537763692
CCGGTGAAGGTGCAGT-1,5.441913560698617,-25.088639216968424
CCGGTGACAACGTAAA-1,-9.647931720011902,33.723434576245864
CCGGTGAGTCAACACT-1,-42.7422587015919,3.060169253638042
CCGGTGAGTCACCGCA-1,-6.511720942758564,4.365208262274874
CCGGTGATCTGGTTGA-1,-20.131198896035833,24.53984997437012
CCGTAGGAGCTGTTAC-1,12.01651762247434,-3.10652916857532
CCGTAGGCATACCAGT-1,-22.330585086465423,-4.117153024685536
CCGTAGGCATCGTGGC-1,22.123337211168494,-20.79883699119925
CCGTAGGGTCCTGTTC-1,-14.484612902852835,-10.009058506065816
CCGTAGGGTCTTTCTA-1,-15.50566803980814,22.935224842380784
CCGTAGGGTTATGGTC-1,13.867646220685481,-29.131374256398814
CCGTAGGTCTAGTTCT-1,39.55731005672063,-15.805187602888473
CCGTGAGAGACCATGG-1,15.675989687289526,-21.992981324702257
CCGTGAGTCTTGGATG-1,-3.5295003672853262,26.185554012459402
CCGTTCAAGACTACGG-1,-17.10650298724336,18.811061973339374
CCGTTCACACTGGACC-1,1.3134179872955165,-30.47251640852717
CCGTTCAGTATACCCA-1,-47.51479223436227,-0.5413353207006018
CCGTTCAGTGCAGATG-1,-21.131606220643217,1.0655509432130894
CCGTTCATCCTCTAAT-1,-20.112985297221517,24.693129187423178
CCGTTCATCGACACTA-1,-3.0190766181159185,-6.7641806547090315
CCTAACCAGCGACTGA-1,37.74647741113608,21.903773484280848
CCTAACCGTGGTCCGT-1,-16.497864005132328,2.266003802501309
CCTAACCTCCGTTTCG-1,8.471838504342058,1.2901778246902609
CCTAAGAAGCGCCCAT-1,-11.971680622316477,20.744664500422747
CCTAAGAGTATAATGG-1,3.6792323537651876,44.857255815865216
CCTAAGAGTGGATCAG-1,20.282540248636483,12.515855204583755
CCTAAGATCGAATGCT-1,13.882876241713712,38.74177179864452
CCTAAGATCTAATTCC-1,14.587423830361175,37.602862951002045
CCTACGTAGATCACTC-1,-14.730478040654454,37.355081234592824
CCTACGTGTCCTGGTG-1,9.299043356959235,-19.896606995430457
CCTACGTGTCTACACA-1,17.503295750131763,-9.080682714959615
CCTACGTGTGGACAGT-1,-21.562979150846264,-12.428634691659811
CCTACGTGTTAGAAGT-1,-16.360253685135454,4.919034207801765
CCTACGTGTTGGACTT-1,-2.5068546683193453,-6.988843921673286
CCTACGTTCTGACGCG-1,13.341248587123268,39.514845158191164
CCTATCGAGCCTCATA-1,-19.561770490047856,31.101966680859146
CCTATCGAGTCACTCA-1,9.052139899186663,-16.899278901614732
CCTATCGCAGGACAGT-1,-6.971843530524734,-3.846924867222086
CCTATCGGTACGAGTG-1,8.27769790273851,15.552022798378077
CCTCAACAGAGTCACG-1,27.70626985671698,32.57757861061656
CCTCAACAGGCACCAA-1,-35.20361363987385,10.857063561887065
CCTCAACCAGAGTAAT-1,5.403958953127671,-25.361247608820758
CCTCAACCATCGGTTA-1,-16.787948759650245,-6.186274594916401
CCTCAACCATGACCCG-1,-2.436399191159437,-14.665157162762641
CCTCAACGTACCTAAC-1,10.256976945353815,15.476843673731636
CCTCAACGTGACTGTT-1,21.661649487514495,-13.224894921662187
CCTCAACTCACATCAG-1,-8.023906403392903,12.233431362849286
CCTCAACTCTATCCAT-1,-38.44853260879584,2.574844801777865
CCTCACAAGAAACTGT-1,-13.399363816325678,-12.305552187617817
CCTCACAAGATGCTAA-1,5.146559464920898,17.42154639456555
CCTCACAGTCTTGAGT-1,-0.9712766091995998,-41.446456280011574
CCTCACATCTATTCGT-1,-6.788691243528057,7.5448559856046575
CCTCAGTAGTTCTCTT-1,-31.096459195178742,-16.506091942063733
CCTCAGTGTGCTGTCG-1,-20.201175636490927,-16.499416207595687
CCTCAGTGTTAAGAAC-1,-15.619732713615667,0.6363916021154392
CCTCAGTTCGCGATCG-1,37.82841393493811,21.79622591277995
CCTCATGAGCCGAATG-1,11.33050144264943,1.700343095162689
CCTCATGAGTTACGAA-1,27.93264029094646,32.37122230454131
CCTCATGGTCACGACC-1,-3.739131904298182,28.046137004231216
CCTCATGTCAAGTTGC-1,-27.91848969213291,-15.35055890068507
CCTCATGTCCACATAG-1,-3.8780944788844676,7.377757785432331
CCTCATGTCGATTCCC-1,22.663563573334024,-22.003028142308693
CCTCATGTCTTCGGTC-1,-14.306784549598378,-20.875455539437837
CCTCCAAAGATTAGCA-1,-10.201362190424824,28.487526055304798
CCTCCAAAGGAAGAAC-1,16.89420374642625,-35.36037315564518
CCTCCAACATGCCGAC-1,41.933827091362126,-3.281946479771037
CCTCCAAGTGTTTACG-1,-25.84106576969567,-15.977807365897677
CCTCCAATCAGCTGAT-1,-2.723587777148414,8.265357144429915
CCTCCTCAGGTTTGAA-1,-8.725638605854598,5.127717519912227
CCTCCTCAGTCATACC-1,-24.61934721453837,9.515623249000765
CCTCCTCTCCTTTGAT-1,22.90810398087616,24.730775279888203
CCTCTAGCAGAACTAA-1,0.09145628553460868,-31.673648148794378
CCTCTCCAGTAAATGC-1,-19.590062150675596,-1.4004123347997561
CCTCTCCAGTGTAGTA-1,37.534525306909934,-14.323231004208463
CCTCTCCCACATACGT-1,34.77076159532314,0.9825686555951267
CCTCTCCGTCGGCCTA-1,-9.85007453782217,9.33455960074079
CCTCTCCTCAACCCGG-1,-15.879196125158415,11.57196691209801
CCTCTCCTCGCGTGCA-1,15.869996693154523,-22.06604931265639
CCTGCATAGAGTGTTA-1,-24.434202466712957,-33.63481987077323
CCTGCATAGCAGCACA-1,-5.370895574792456,3.7621177703847084
CCTGCATCAAACGAGC-1,31.356618130135324,11.780617141169047
CCTGCATTCCATTTCA-1,4.831007587798979,-23.29010263246085
CCTGCATTCGGCCCAA-1,-3.0585127637281,-28.652383600214815
CCTGCATTCTAGATCG-1,-8.950767543763352,40.591656749374906
CCTGTTGAGTAAACTG-1,10.874302638942066,-14.571214817880414
CCTGTTGAGTAGACAT-1,15.546674180941165,22.62741225787017
CCTGTTGAGTGGTTGG-1,23.902095254339276,23.729285419884235
CCTGTTGCAGAGATGC-1,-42.62637064303217,14.081829553425845
CCTGTTGGTGCGACAA-1,17.803822563559123,5.689051589171504
CCTGTTGGTTATCCAG-1,1.2584796934301294,-30.456875180379246
CCTGTTGTCAGCTAGT-1,-41.072800955089704,14.444850444061263
CCTGTTGTCCCTCTCC-1,11.11911157526818,9.803314064745388
CCTTCAGGTTATGTGC-1,4.343540622037418,24.9362686719426
CCTTCAGTCATCAGTG-1,37.851706636574384,-14.240115048193541
CCTTCAGTCGATGCAT-1,8.616541048979661,-19.271662081728483
CCTTCAGTCTTCTCAA-1,-18.191031763838147,31.943229435084827
CCTTGTGAGAAGTCTA-1,-20.74965624123055,-15.935506642241485
CCTTGTGAGGAAACGA-1,4.8294024585062205,-12.5896472008745
CCTTGTGAGGCTCAAG-1,12.8794475414992,-29.91101379940685
CCTTGTGAGTGATTCC-1,-3.3431692689613595,-28.361560062044013
CCTTGTGCAGACGATG-1,19.0270331550445,12.351189332388824
CCTTGTGCAGTCGCAC-1,25.683234922774236,4.00364480757318
CCTTGTGCATAATCGC-1,8.29298194034768,-14.695648820061523
CCTTGTGGTTTGTTCT-1,-9.727515558670426,1.2570930235128543
CCTTGTGTCAAGTGTC-1,-2.128261811992174,-41.67829970636281
CCTTGTGTCTCCTGCA-1,21.510981745403065,14.300206028324407
CCTTTGGGTATGGAAT-1,-0.7622643364507995,-15.746410579875743
CCTTTGGGTGACTCTA-1,-10.163029724282248,-24.704467384463474
CCTTTGGGTGCTGATT-1,-25.84964480878211,-14.765624114985622
CCTTTGGTCAAGTGGG-1,30.369890715043386,-4.912825385514422
CGAAGGAAGGTGATCG-1,-12.482849672654753,-1.466897134434651
CGAAGGACAAGGACAC-1,-24.656050462500705,2.443027103723357
CGAAGGACATTCTCTA-1,22.12046590796785,-20.73974197925782
CGAAGGAGTCTCACAA-1,-33.630528748517214,19.613379417209526
CGAAGGATCATTGCTT-1,-23.668000697792905,9.410982339503342
CGAAGGATCCATAGAC-1,30.142899280157195,-4.477065701419584
CGAAGGATCTACGCGG-1,-33.19042855867325,2.642650032486612
CGAAGTTAGGATGGCT-1,4.94774668640075,11.322420561151734
CGAAGTTTCTCTCAAT-1,12.408710214961802,18.64204565458968
CGAAGTTTCTGACGCG-1,37.66254231690139,-14.63120284411086
CGAATTGAGACTTCGT-1,-4.530928089735352,1.6239943362234432
CGAATTGCAATCACGT-1,-14.095609364536575,-22.40332216162064
CGAATTGGTCTAATCG-1,42.50430022911805,-5.1536623040552785
CGAATTGTCTTAGCAG-1,-27.843137491971085,-15.06109149783304
CGACAGCAGATCACCT-1,11.923128279583784,-28.10097688882773
CGACAGCAGGCATCTT-1,6.680028884745364,1.307598856705251
CGACAGCAGGGATGTC-1,11.639222086362611,9.996622148753703
CGACAGCAGGTGATCG-1,-10.968902219210644,-13.884815748124488
CGACAGCAGTTACGTC-1,-2.1336416449193885,16.054073472985376
CGACAGCCACAGTCCG-1,37.13018067489499,-14.363919567232928
CGACAGCCACCCTAAA-1,30.60208707324632,12.109778363879043
CGACAGCCACTCAAGT-1,2.672111256182222,16.23344531062034
CGACAGCCAGCAGTCC-1,28.926978180221482,-13.272979481259396
CGACAGCCATAATGAG-1,6.356810524031861,28.82426173686561
CGACAGCGTGCCCACA-1,12.675244213466451,-0.2244449753516472
CGACAGCTCTTGCAGA-1,-27.21680357825654,-15.370778539595996
CGAGAAGAGACCAAAT-1,-42.4236291830448,14.230988558562993
CGAGAAGAGCATCAGG-1,-1.0566618438386184,0.11686454322567834
CGAGAAGAGTCGCCAC-1,12.602563882918435,16.559818678556343
CGAGAAGCAATACCCA-1,-26.416984819777618,19.189678795586797
CGAGAAGCAATTGCAC-1,13.931392844073306,-29.258727847486043
CGAGAAGCACAGAGAC-1,5.274447627535282,-25.231570265897282
CGAGAAGCAGCGTTTA-1,-15.967770195981302,-6.963761540670082
CGAGAAGGTGACATCT-1,-9.063699807045026,-25.36730350039805
CGAGAAGTCCAGGACC-1,-12.06741505149338,20.793038508673057
CGAGGAAAGTTTGTCG-1,-6.8858018966722945,7.645341533676196
CGAGGAACACAACGCC-1,27.943899325228028,32.43338451139832
CGAGGAACACTGAGGA-1,-46.17088758742375,1.9219583971101595
CGAGGAAGTAGTTCCA-1,-9.468814245947874,0.047449677616097835
CGAGGAAGTCTCACAA-1,-13.19820749672844,-13.978702703234422
CGAGGAATCATCTATC-1,7.906978707553009,-1.4800054385696237
CGAGGAATCATGGGAG-1,7.293902160187999,-39.571730337755234
CGAGGAATCCGGCAAC-1,20.84143091466432,0.535967131905108
CGAGGAATCGGAAACG-1,-16.869820625116287,-6.107081524801677
CGAGGCTAGAGATCGC-1,-1.9825192305030404,14.020404167036718
CGAGGCTCAAGGTCGA-1,-9.63007968249687,33.72045802667147
CGAGGCTCACTTCCTG-1,-21.56482495320467,26.25828873437396
CGAGGCTCAGGGAGAG-1,-19.138996937119533,23.783846348242893
CGAGGCTGTAGACGTG-1,6.079315886407416,31.229084332562145
CGAGGCTGTGACATCT-1,-0.5637059021094037,-10.936785100077234
CGAGGCTTCCTGATAG-1,3.0260653705570815,8.109191588837845
CGAGTGCAGATTGGGC-1,-14.48837308331778,-5.615225961156001
CGAGTGCAGCTAGAGC-1,13.84636338948682,-5.803791608568885
CGAGTGCAGTAGTCTC-1,-7.9253771654454725,-5.862843733640483
CGAGTGCCACAGAGCA-1,10.4351056559757,-17.94344205079139
CGAGTGCCAGAGAGGG-1,20.903647214286554,13.82757246657513
CGAGTGCCATAGATGA-1,14.890766580405284,35.136865293529915
CGAGTTAAGATGACCG-1,17.434223325087636,-5.851329085355796
CGAGTTAAGCGATGAC-1,5.016428270812811,23.163326255002218
CGAGTTAAGGGCAGGA-1,29.35888956502751,-14.651881220351534
CGAGTTACATTGTGCA-1,-13.786369991233494,-18.02219256572499
CGAGTTATCACATACG-1,0.10326560825540662,17.308206243058823
CGAGTTATCAGTGGGA-1,-19.216059675903537,30.96306564652268
CGAGTTATCTGGTGCG-1,-30.1214266873029,0.106264578403677
CGATCGGAGACAGCTG-1,-12.739667507183743,-11.32305596256555
CGATCGGAGCATTGTC-1,-26.248501191523623,-14.533056280088877
CGATCGGCAGCAGACA-1,-11.704855400209622,7.610552420289745
CGATCGGCAGCAGGAT-1,24.610609195902235,23.856014925566416
CGATCGGGTCTCAAGT-1,1.591647546604624,43.06943892738655
CGATCGGGTGAGCAGT-1,26.095226542504633,11.0097310003621
CGATCGGTCGTGGCGT-1,-33.01952778503019,19.4480913871484
CGATGCGCATTGGATC-1,-10.444196392184908,-5.690339056272961
CGATGCGTCGACACTA-1,-13.886493217079563,-19.040297389213997
CGATGGCAGTGCACTT-1,9.165977295453192,-19.71591890464226
CGATGGCCACGGCTAC-1,1.9211313970291297,-3.9925981036294873
CGATGGCCACTACTTT-1,-1.1898636415165993,9.64239674627331
CGATGGCCATAACTCG-1,-10.313767276791964,33.23953701261783
CGATGGCGTGCGGCTT-1,-3.2877362284582428,28.48385798220851
CGATGGCGTGTGAATA-1,12.186766046026026,18.582230797004005
CGATGGCTCCGTTGGG-1,-10.060919568598052,40.962512441179314
CGATGGCTCCTGATAG-1,-33.50935917747152,12.266916310872826
CGCAGGTAGAAAGCGA-1,-24.753761316395657,-4.624871387275845
CGCAGGTAGATCACTC-1,1.197819563172833,-34.7889204974608
CGCAGGTCAACCACGC-1,2.8771698593276818,-0.8034115122508191
CGCAGGTCAATTTCGG-1,-17.238893884867554,17.731337663692145
CGCAGGTTCCATCTCG-1,-15.747410765439247,-23.228481122750843
CGCAGGTTCTGTGCGG-1,16.09103713337369,-32.66428889556854
CGCATAAAGCGTGCTC-1,-12.388694190522195,-5.051304996568321
CGCATAAAGTCTGGAG-1,-25.710325568419957,-16.33156390393644
CGCATAAGTGAGCCAA-1,23.064544489489816,-3.8645279522134124
CGCATAAGTGCCCGTA-1,-33.207813369380176,2.678963090960528
CGCATAATCACTGGTA-1,37.64392435439737,21.961712379348285
CGCATAATCCGACAGC-1,16.315952303421106,13.902711289767778
CGCATAATCGGAGCAA-1,-16.06221492386742,11.698581953566922
CGCATGGAGCTGTTAC-1,-24.520184034560934,20.297104689758488
CGCATGGCATGACGTT-1,-5.761414904872371,10.338033799545634
CGCATGGGTTGGGCCT-1,-33.4056073873752,-25.565101039402347
CGCATGGTCACCGCTT-1,-20.503268502262575,25.917481944360706
CGCCAGAAGTTCAACC-1,22.810661974111248,-13.045164523023217
CGCCAGACACAAGGTG-1,3.845401511143928,37.990679973214775
CGCCAGAGTGGTTTGT-1,8.135520401840392,-15.559861132936447
CGCCAGAGTTCCTAGA-1,9.715754782551283,-15.234879718825217
CGCCAGATCGTGCACG-1,8.796856015383035,-1.3872581683557732
CGCCATTAGGTTGGTG-1,14.673722538398962,22.51975363104065
CGCCATTCACGTCTCT-1,-46.716520002649155,0.315303017283948
CGCCATTGTAGAATGT-1,-5.839472642986452,11.034817475725825
CGCCATTGTCCCGCAA-1,-15.64052407606786,12.932417906522327
CGCCATTGTTCCGCGA-1,26.13925037135402,4.847429290436055
CGCCATTTCATTGCTT-1,-32.24227263080166,11.856921517508551
CGCCATTTCGCGGTAC-1,10.011882823547714,10.391652857313797
CGCCATTTCGTTCATT-1,-8.186680092653628,-9.095170184677453
CGCCATTTCTCTCCGA-1,-23.518016116055357,-3.4772325487765103
CGCCATTTCTGTCAGA-1,-16.20211370497075,18.000716967577194
CGCGTGAAGCTGTACT-1,-3.5521688949088692,24.91059431061178
CGCGTGAAGTAAACAC-1,-23.632878262216483,-13.78998600230841
CGCGTGAAGTGCGACA-1,-0.1736832448648797,7.75228346412045
CGCGTGACAAACTCGT-1,-42.52186750886959,14.178447533560462
CGCGTGACAACTCGAT-1,6.88813740479813,26.1188025399215
CGCGTGACACGCAGTC-1,-31.96585796248009,-23.92862895995129
CGGAACCAGATCGACG-1,-4.38064220834159,23.95630460486588
CGGAACCAGTAGATCA-1,-5.392516571273777,-10.036804356309071
CGGAACCGTAGGACTG-1,15.687577301620923,22.48000634291115
CGGAACCGTCCCGGTA-1,-1.632048829651847,5.155774889589856
CGGAACCTCGCCTAGG-1,24.380132425639957,23.99430118319555
CGGAATTAGCTCGCAC-1,5.5138058715839176,12.019486669548067
CGGAATTAGGGTTAGC-1,-6.731851863172096,24.77410665025566
CGGAATTAGGTCGTAG-1,16.07835928126424,-13.83868551032821
CGGAATTCATACTGAC-1,27.249939610981414,31.028761893659066
CGGAATTGTATTGACC-1,-17.531227482944782,17.476547027962784
CGGAATTGTCGCCTAG-1,2.1727136071418753,43.332254548290784
CGGAATTGTGACTCGC-1,-19.938979180443113,24.289336698227217
CGGAATTGTGCATGTT-1,28.826290370633284,3.569570012290097
CGGAATTGTTCTGACA-1,8.844723316698479,-8.731166225632748
CGGAATTTCCTGGCTT-1,15.508926355286642,-22.026491856885247
CGGACACCAACTGTGT-1,-27.23465205090337,0.740247494937625
CGGACACCACATGACT-1,-25.50025861399802,17.55142498111352
CGGACACGTCCGGTGT-1,-33.44581870151019,10.291745642831977
CGGAGAAAGCCTCATA-1,41.82379957817097,-4.322537032146111
CGGAGAACAAAGGCGT-1,9.812903207254026,38.130064681549975
CGGAGAACAATAGGGC-1,-14.356342745595983,-2.0616643008960653
CGGAGAACAGTTCCAA-1,-3.82061242736117,34.466804106259005
CGGAGAAGTGTCCAAT-1,1.9323000935342405,44.029246692177935
CGGAGAATCATCACTT-1,4.7500395269142714,2.5083813428181156
CGGAGAATCGCGGTAC-1,-12.849434255126559,29.710178421061606
CGGCAGTAGACGAAGA-1,-23.347667589185086,-17.1984749321835
CGGCAGTAGTAGAGTT-1,-7.44708095821763,37.26002890225484
CGGCAGTCAAAGGAGA-1,9.012468182128625,-16.120171437701867
CGGCAGTCATCTCCCA-1,20.79152045830448,13.978961156386642
CGGCAGTGTAGACTGG-1,21.842826379589102,-20.611503510984345
CGGCAGTGTGTCTTAG-1,11.228230850711157,-1.17747291542805
CGGCAGTGTGTTTACG-1,-22.286350932849228,-24.016594060658402
CGGCAGTTCAGACTGT-1,-4.327447409513327,-17.918966903625588
CGGGACTCAGATGCGA-1,-41.40052523651081,14.4183085559369
CGGGACTTCTATACGG-1,7.781558683101156,-38.21764851954212
CGGGCATGTCAGGTAG-1,14.93091192706524,30.145165026620873
CGGGCATGTCTGTCAA-1,1.7539584871775822,9.21350671292864
CGGGCATTCGAATCCA-1,-33.27601625858649,-7.551292105639382
CGGGTCACACAATGAA-1,-33.47462221141836,19.18854660836078
CGGGTCAGTCTTTATC-1,16.093449733480416,-13.830297538856664
CGGGTCATCATACGAC-1,-35.229406358176,10.5905024838834
CGGGTCATCGATCCCT-1,27.800344217620154,2.3685051036950258
CGGGTGTAGCACTAAA-1,15.446622405258225,-30.38984717243302
CGGGTGTAGTATTCCG-1,-9.10225864545522,-3.2755402387881496
CGGGTGTCACAACGTT-1,-4.4461668081242935,-29.177030087553362
CGGGTGTGTACCAATC-1,-0.252702844630846,19.155418080409106
CGGGTGTTCATAAGGA-1,10.004098159588954,-16.08169837982002
CGGGTGTTCGGCATTA-1,5.717140155058734,23.877859370447077
CGGTCAGAGATGCTGG-1,-19.997770108138564,-11.709448684008597
CGGTCAGAGGATGAGA-1,-23.395478399083498,10.071468349425743
CGGTCAGCAAGAAACT-1,-0.5435762211860903,3.7961310711092526
CGGTCAGCAATTGCAC-1,-24.38806397746032,-6.806594672893792
CGGTCAGGTCTTGGTA-1,-26.20746762911178,0.4786813621140396
CGGTCAGTCGAACGGA-1,12.55460375115529,-6.828916302411308
CGGTCAGTCGCCTATC-1,29.258819198827922,9.50486581154818
CGTAAGTAGCTCGACC-1,-24.74662330368836,-33.700549683323956
CGTAAGTAGGCATCAG-1,-42.37662639231223,13.917941725714075
CGTAAGTCAAGCTCTA-1,-24.514920729348088,9.527818533560259
CGTAAGTGTTTCTTAC-1,13.015320010705999,36.068881931721016
CGTAATGAGCTACTGT-1,-24.05010937487543,-14.103865073510658
CGTAATGAGTGAACAT-1,-25.268546605346966,-20.700726503662494
CGTAATGGTAGACAAT-1,15.522789450714207,-15.093099027598415
CGTAGTAAGATGCAGC-1,-24.463804113879437,-14.549094706434587
CGTAGTAAGGGAGGTG-1,2.4411416340888223,9.247940128064267
CGTAGTAGTGATACCT-1,23.552717345115404,3.8480891601113534
CGTAGTAGTTTGCCGG-1,3.6380951293379282,16.00883594720426
CGTAGTATCATGGGAG-1,-9.949119811197923,-33.21071947037408
CGTAGTATCCGGTTCT-1,13.053949244457268,36.25980027466213
CGTCAAAAGCAGATAT-1,0.5269327429916953,18.35594389416464
CGTCAAAAGCATATGA-1,-9.127420597375915,-0.22459191511186755
CGTCAAAAGTCACGAG-1,2.728417100495232,-25.983373961602798
CGTCAAACAGTCTCTC-1,4.004383968989257,27.903838172160643
CGTCAAAGTCTGTGCG-1,23.58397877412353,24.42035003986302
CGTCAAAGTTCAAACC-1,-11.236017760019326,-34.4047087575115
CGTCCATGTACGTACT-1,-25.151327526977003,-30.152461326393702
CGTCCATGTGGATCGA-1,4.0034033748863775,25.982468719567663
CGTCCATTCGGCTGTG-1,0.6632657224120608,-3.826273568419921
CGTGAATAGCATCAAA-1,37.77015368807941,21.89794668887293
CGTGAATAGCTCCACG-1,37.78885160062072,-14.502032399059457
CGTGAATCAATCTCTT-1,8.23878484656106,-4.566133547730019
CGTGAATCAATGCTCA-1,-1.5838718783705277,-10.6694569729535
CGTGAATCAGGTCTCG-1,18.640751051444028,10.322745028122059
CGTGAATGTAGCGTAG-1,11.63506804824408,9.106464230862958
CGTGAATTCATTGAGC-1,-31.37625651526905,-12.231814303545987
CGTGATAAGATCACCT-1,14.903779763894262,-13.705054298634668
CGTGATAAGGATACGC-1,26.643187829020462,32.514832846829385
CGTGATAAGGCTATCT-1,-4.753903581713172,-17.35326254427684
CGTGATAAGTCGTTAC-1,1.0049423302994491,-17.301806852718986
CGTGATACAACCACAT-1,-33.83911890871208,18.205297080033795
CGTGATACACGTAACT-1,-3.779778570041235,25.39810247115207
CGTGATACATCTGGGC-1,12.093988661339669,18.550260192234912
CGTGATAGTGATACAA-1,30.893073424984458,-4.17144587065444
CGTGATAGTTAACCTG-1,9.738539081281083,4.392823637192091
CGTGATAGTTCTCGTC-1,15.28384092280008,-30.391864955479633
CGTGATATCACATTGG-1,28.194516563375878,32.41552803714695
CGTGATATCGGCACTG-1,-10.61164683653107,32.097813166940256
CGTGATATCGTTGTGA-1,3.8654802247465576,-33.003935816649886
CGTGCTTAGGTCATTC-1,14.846186042538834,-28.909424745762436
CGTGCTTAGTCGCCCA-1,44.167622553250425,-5.116275683229827
CGTGCTTCACAAGTTC-1,-25.29541008578579,20.00868915587515
CGTGCTTGTGTGTCCG-1,17.602919148080236,3.003280981984342
CGTGCTTTCCATAGGT-1,13.148387391256117,35.37543247152357
CGTGTCTAGTTCCGTA-1,0.4488551347526205,-17.28726116020401
CGTGTCTAGTTGCATC-1,-14.47143142216361,38.30662155986431
CGTGTCTCACCCAATA-1,39.12591565210189,-6.3878182289218115
CGTGTCTCATCCGTTC-1,-26.614914704313534,-5.471825279849048
CGTGTCTTCCGTACGG-1,-2.6408808112093682,16.174828500309317
CGTGTCTTCTTGGATG-1,-22.511640680316184,-32.61316519019237
CGTTAGAAGCAGCCTC-1,-30.33798437222062,-20.388089358639238
CGTTAGAAGTAACGTA-1,16.75973525267258,-36.52280950505061
CGTTCTGAGTCAACAA-1,16.31905838673466,5.369571838379139
CGTTCTGGTACTAGCT-1,7.768499962855492,-30.77074120111495
CGTTCTGGTAGCGTCC-1,-24.02659516646239,-12.801026436745213
CGTTCTGGTTACGATC-1,35.209107972069795,1.9637611687752414
CGTTCTGGTTGCCTAA-1,5.624029667163557,-24.950849135377243
CGTTCTGGTTTACACG-1,-8.1918704419422,-5.451119891082426
CGTTCTGTCGAATCCA-1,-6.239850215516605,4.48825104470419
CGTTCTGTCTTAGCTT-1,27.12785685399968,32.63012017279607
CGTTGGGAGACATCAA-1,-7.093919087217367,23.713043595749653
CGTTGGGCAGTAGAAT-1,-16.65050707874004,12.024490866199702
CGTTGGGCATGTGGCC-1,6.846982126846228,-38.513581577952934
CGTTGGGGTAGACTGG-1,19.38526601859243,11.996905927781922
CGTTGGGGTCATATGC-1,-18.95777308491714,30.849631440181884
CGTTGGGTCCCTGGTT-1,-22.990177498363188,3.0516267103115067
CGTTGGGTCGGCTTCT-1,37.47298682259239,22.06859162296396
CGTTGGGTCTCATAGG-1,-35.01938250933807,10.870332984905438
CGTTGGGTCTGGGCGT-1,-33.531245700319445,19.12423043003513
CTAACCCAGTGGAAGA-1,9.767423200783877,-16.413425957577456
CTAACCCCATCCGGCA-1,9.799746500785208,-20.566501182952795
CTAACCCGTCCAAAGG-1,29.16430505688543,-11.149498758934
CTAACCCGTTGGATCT-1,0.5693763250261304,-17.360325043596426
CTAACCCTCCACATAG-1,24.384614716184405,0.602731290565911
CTAACCCTCTGCATGA-1,-21.641652348528574,-12.853091451467604
CTAACTTAGCTGAAGC-1,15.727297741425676,5.763665003695975
CTAACTTAGGCCACCT-1,6.610772151658303,28.9622236887686
CTAACTTCAGTTCTAG-1,-33.718967638329374,-5.597171732872272
CTAACTTGTCGACGCT-1,-26.54901346496391,-5.694868226648021
CTAACTTTCAAGGAGC-1,-10.528052837277702,-11.783825390072185
CTAACTTTCTAAGCCA-1,3.7806038678671734,38.024686161436044
CTAACTTTCTACGGTA-1,10.00410756867288,-16.0816876861406
CTAAGTGAGCCGCTTG-1,29.254517158343557,-14.33493737045235
CTAAGTGCAGCAAGAC-1,-8.1550294085705,4.162976344676228
CTAAGTGGTATCGATC-1,-13.681618863521047,3.0150756667590675
CTAAGTGTCATCGTAG-1,7.550261992571016,-13.030646698828395
CTACAGAAGTTTGGCT-1,-9.434331024798384,27.382026989778964
CTACAGACAGAAGTGC-1,29.845098502094796,-26.31244833448553
CTACAGAGTCAACATC-1,8.923583169291502,27.769688459463644
CTACAGAGTCGTCAGC-1,-33.20625105546799,2.6273405598694963
CTACAGATCCCGTTCA-1,-3.130165957289626,-6.384716284502681
CTACATTAGCCACAAG-1,-4.106200059519029,27.892569204233947
CTACATTAGTCCCAGC-1,-7.914783179117876,32.514662014500686
CTACATTAGTTTCGAC-1,-6.792110736368664,-12.371346895285473
CTACATTCAATTGCGT-1,-46.15567871828172,1.969874565329218
CTACATTGTTCCTTGC-1,3.884729499909261,-33.00838718626695
CTACATTTCAGCAATC-1,7.291730959477854,-39.30533163318502
CTACATTTCCCTGTTG-1,0.4919749709396753,-17.176387499085035
CTACATTTCTTCACAT-1,-0.3157059234667777,-13.36885558768483
CTACCCAAGACGAAGA-1,-16.442540947698916,19.28609890407145
CTACCCAAGGCCTAAG-1,-33.99407475246868,3.4628432256068424
CTACCCAGTACAGAAT-1,-9.422069405683093,8.981761499047396
CTACCCAGTCGCATGC-1,42.433149257126615,-5.229085062464211
CTACCCAGTCGTACTA-1,-11.746239796229638,-35.813075886454044
CTACCTGAGCCGATAG-1,-16.076328177206747,8.118290311462719
CTACCTGCATAGAATG-1,-15.094070974498418,-5.057551198539283
CTACCTGGTGCACATT-1,20.59394387347793,13.250317269171179
CTACCTGTCACCATAG-1,-15.657288650908091,-4.446819393318404
CTACCTGTCCATTGTT-1,31.262857926124326,-24.90933335664814
CTACGGGTCCCGGTAG-1,-18.059100505879666,-19.636779957416348
CTACTATAGCTAAATG-1,-10.559955085297414,-25.055006816973783
CTACTATCACGCTGTG-1,15.268826346848243,-14.01063415247193
CTACTATCAGCTTTGA-1,-16.960876286216724,-5.446331789147994
CTACTATGTGAGTAGC-1,-32.86235607324871,-5.6851411776353755
CTACTATGTTGTTGAC-1,4.727548604089869,-9.54228015381442
CTACTATTCACCCATC-1,11.288765585189042,11.830504963308215
CTACTATTCACTTCTA-1,1.6977092914468306,23.403711529771975
CTACTATTCCTCACCA-1,22.573345530155397,-12.914561829135371
CTAGACAAGTCCCTAA-1,37.734082255359354,21.926814868531036
CTAGACAGTCACGCTG-1,-16.95043880174466,-4.675826205628462
CTAGACATCAGGACGA-1,8.17811785284108,3.290440235007241
CTAGACATCCGGCAAC-1,4.849904645503452,-24.79326430794322
CTAGGTAAGACCAGAC-1,16.887754497767347,5.439329476941549
CTAGGTAAGATTCGAA-1,2.5979638537508594,43.76159479816767
CTAGGTAAGTGCTACT-1,37.89962227062737,-13.78152793040272
CTAGGTAGTATCACCA-1,9.820457252784392,-15.827956476813211
CTAGGTATCATAGGCT-1,40.316807956195305,-4.387241475896999
CTATAGGAGGACAAGA-1,19.47030385118143,3.9578509246488665
CTATAGGAGGGCAGTT-1,4.103913861706685,-17.055903218085096
CTATAGGCATCAGCGC-1,-22.267952100013524,-24.05761902586861
CTATAGGGTATAGCTC-1,14.254879780999786,-1.5424106196911263
CTATAGGGTTAATGAG-1,-46.004111116986415,2.018197823504973
CTATAGGTCAGGAAGC-1,0.5741240973902995,-31.2678695471736
CTATCCGAGAGAACCC-1,-24.6186019810187,9.515802539878457
CTATCCGCACATTCTT-1,-34.032159750609885,12.64287738914609
CTATCCGCAGAGAGGG-1,-20.012863610236614,30.35566439672988
CTATCCGTCAGTGATC-1,15.590860352552157,22.840150810849305
CTATCCGTCGTTCTCG-1,-9.32983612805832,1.039831472758823
CTATCTAAGAAGTATC-1,5.339422444079302,29.704171169361
CTATCTAAGCGATGCA-1,15.19102022386413,-14.644608322263279
CTATCTAAGGGTTAAT-1,31.229676078173153,-23.68769435202007
CTATCTACAAATGGAT-1,29.543371843049336,10.753875005620056
CTATCTAGTCACGCTG-1,-13.736905332198866,-17.296189904684198
CTATCTATCTCTTCAA-1,-20.295652534625084,24.39493344152188
CTCAACCAGAACAGGA-1,7.832132373721712,-15.633894173852532
CTCAACCAGAGAATCT-1,-15.787759794295956,19.38624166696203
CTCAACCAGTGCCGAA-1,11.365563980933901,9.793928334958792
CTCAACCCAAAGGATT-1,30.325379967495287,-4.9438620712819095
CTCAACCCACACCGAC-1,-32.858466160615265,-5.7872503564395785
CTCAACCCAGCGTTTA-1,10.829487994087241,9.638078280699531
CTCAACCGTTCCGTTC-1,9.280600307385711,11.170000242391671
CTCAAGAAGCAACAAT-1,23.633849837857873,11.046211785454945
CTCAAGAAGCCGAATG-1,29.13507379177274,10.718808320064388
CTCAAGACAAACACGG-1,-25.947285255696666,-18.381401599843255
CTCAAGACAATAGTGA-1,-2.3601354029636856,-0.5912907636953908
CTCAAGACACGTCATA-1,-27.110882777739654,-15.46575360101243
CTCAAGACATTCATCT-1,21.85495016500797,14.913168733403538
CTCAAGAGTGCGTGCT-1,20.948051280313653,-18.913284670379376
CTCAAGATCACCCTGT-1,-22.431809008921245,-23.14177736658056
CTCAAGATCGCAGTTA-1,-29.129120941633868,9.755932699914622
CTCAAGATCTCCTGCA-1,15.710910621992289,22.653987375106986
CTCAATTCAAGAAACT-1,-17.301047906383666,17.590173065949045
CTCAATTGTGTTCAGT-1,0.38118298797093936,15.246121420211173
CTCAATTGTTGTGTAC-1,3.941242047821725,37.924308250886504
CTCAATTTCCACACAA-1,-9.393294630440085,-26.20631399982882
CTCAATTTCCCTAGGG-1,-20.976711927633108,1.3039396069024016
CTCACTGCACACCAGC-1,-24.632521228402652,-33.76297816031722
CTCACTGCACTTCAGA-1,-17.518218602052634,-19.87301788529796
CTCACTGCAGGAATCG-1,34.01586224131918,11.414021658601841
CTCACTGGTATAGCTC-1,7.924255448186114,-40.541308807381576
CTCACTGGTGCCGTTG-1,52.737351695199514,11.002916309463028
CTCACTGTCACCTTAT-1,14.363218630273272,-1.5721405297838058
CTCACTGTCGCCCAGA-1,29.668512498058547,-1.2535500478794028
CTCACTGTCTGAGAAA-1,15.744731575839985,22.713668753089436
CTCAGAAAGCAACCAG-1,23.41843144350987,24.445558842111087
CTCAGAAAGCATGAAT-1,-1.5733182306412055,0.2245504998281729
CTCAGAAAGGGACACT-1,-10.210879776450415,1.3613653044449332
CTCAGAACATATACCG-1,-24.324139001525662,-32.92649652497954
CTCAGAACATGTACGT-1,7.320022146620299,-48.0279732922552
CTCAGAAGTTCAAGGG-1,8.840336048415672,-15.726689914191631
CTCAGGGAGCTGAAGC-1,-22.56189688611397,8.041123204790338
CTCAGGGAGGGCGAAG-1,26.321217369084057,5.382513878605057
CTCAGGGCAAACTAAG-1,12.06170527197012,6.812248615972032
CTCAGGGCAACGGCTC-1,6.945498610682255,21.10942849654545
CTCAGGGGTTACACTG-1,12.428784183234665,-14.549778420102855
CTCAGTCAGAGTTGTA-1,11.202742636880082,10.327847407530907
CTCAGTCAGGGCAAGG-1,11.118142013346727,-12.223072095508492
CTCAGTCAGGTGAGCT-1,30.724742333782753,11.154011029829723
CTCAGTCCACACGGAA-1,-26.519570585234213,-5.477386458030633
CTCAGTCCACGCTGCA-1,-29.75522792567398,-3.6755116490443873
CTCAGTCCAGGTGGAT-1,38.38832983371001,-3.0270145594045963
CTCATCGGTGAACGGT-1,37.9721284240717,21.912724487115042
CTCATCGGTGCTTCAA-1,-11.212631607109861,-9.57318801076974
CTCATGCCACGCCACA-1,0.6532710797299373,8.401518414174337
CTCATGCGTAACAGTA-1,21.56119540941181,-20.48190955800211
CTCATGCGTAAGTTAG-1,24.67807885264767,22.49626077849966
CTCATGCGTAGGCAAC-1,4.021378641092838,43.479795224937305
CTCATGCTCTCGCTCA-1,4.627032143102432,-9.351563933016774
CTCATTAAGGAATTAC-1,-10.391894102908038,10.640048574214688
CTCATTACAACTGAAA-1,16.61417076449498,36.79695410992941
CTCATTAGTAGCTGTT-1,30.37223199795315,-4.795450530047863
CTCATTAGTATGGAGC-1,2.0437006101994553,45.144801546958746
CTCATTATCTCACCCA-1,4.011226886451027,44.496801327176186
CTCCAACAGCATATGA-1,-14.324289115894999,-20.8217997001412
CTCCAACCACGCCACA-1,-24.791768210663115,19.839939954071536
CTCCAACCATGATAGA-1,-26.47264020033675,-15.226069993392118
CTCCAACGTACTGAGG-1,-12.318282895545122,-36.296223632322594
CTCCAACGTGGCTACC-1,27.94754676789022,32.313147739436076
CTCCAACTCCTTCTGG-1,31.17560162625419,-26.468120240521966
CTCCAACTCGGACGTC-1,2.196525409869533,12.760769833229675
CTCCAACTCTGCCTCA-1,14.93499941871714,35.02398859540637
CTCCACACAGATCCAT-1,7.688916032571587,-0.22821312839458538
CTCCACACATAACTCG-1,-19.538697101320757,31.17731062446023
CTCCACACATGTTACG-1,-27.595150528773722,-14.485698439087928
CTCCACAGTACAAGCG-1,-17.094230444281195,-19.45377502940656
CTCCACAGTAGTCACT-1,-4.957726218844996,-19.272036208441683
CTCCACAGTTCATCTT-1,-3.6863117620067922,-34.864538934426385
CTCCACAGTTTCACAG-1,10.85130437490036,-3.44459698990364
CTCCACATCGACGCGT-1,-12.739677816125702,-12.689113451181743
CTCCATGAGCTCGCAC-1,-7.650286845520943,17.876327215183345
CTCCATGGTCAGCTTA-1,31.283782535952817,10.20463016430742
CTCCATGGTCGGCCTA-1,-47.47806343218107,-0.4732123702854029
CTCCATGGTGTCACAT-1,-24.54034669113617,-33.77993368321596
CTCCATGGTTACGCCG-1,-32.02639296248838,9.173335604809544
CTCCATGTCTGTGCGG-1,-12.83459804889945,-12.417938465985426
CTCCCAACAAGCCTGC-1,-25.29793413899583,-13.040993134486975
CTCCCAACATACTGAC-1,-25.488564530761924,-11.175183895188168
CTCCCAACATGACACT-1,-24.691926337896824,9.552045366781336
CTCCCAAGTATGTCTG-1,-32.43901103639802,18.925170802570538
CTCCCAATCGGTCGAC-1,-24.31603970837994,9.514644260020628
CTCCCAATCTGCGGGT-1,23.515863023697854,-2.7097995714876557
CTCCCTCAGATGCAGC-1,9.15879102051539,-16.243057587103092
CTCCCTCAGCTTCGTA-1,5.395481700478922,22.965696642201635
CTCCCTCAGGCTATCT-1,16.045937326321134,-14.254948047545815
CTCCCTCCAAGTCGTT-1,-18.41764099015797,2.101156777873525
CTCCCTCCACCAGCGT-1,-15.857356794244303,8.771175279552685
CTCCCTCCACTTGTGA-1,10.705676793039808,-15.011086159569267
CTCCCTCGTCCTGTCT-1,10.176440130916154,-13.715367177399058
CTCCCTCGTGAGGCAT-1,2.147369532696552,-11.32492509653145
CTCCCTCTCCCGGTAG-1,4.516467501720518,29.865209619670498
CTCCCTCTCCGTGGCA-1,52.73740586567063,11.002897960920956
CTCCCTCTCGCTAATG-1,-23.03032034099799,3.013074628906498
CTCCGATAGCCGCACT-1,12.310837735191765,18.58651017391805
CTCCGATAGTTCCAGT-1,9.834248784990185,-16.110013300771932
CTCCGATCAACGGTAG-1,-6.893695598097543,-3.8486828387411403
CTCCGATCACTTGGCG-1,23.571449783487544,-12.384337374801063
CTCCGATCAGCCTTCT-1,-14.187363370880696,-23.38329179958507
CTCCGATGTAGTATAG-1,7.610183089489963,-46.598703057032374
CTCCGATGTGGTAACG-1,31.08252021375198,8.397467958719721
CTCCGATGTTCCACGG-1,-0.14525247174233225,-21.794924083963515
CTCCGATTCATGAGAA-1,-14.385712100906316,-30.419064248861226
CTCCGATTCCAAGCCG-1,23.011770360918128,-3.731981281494369
CTCCGATTCGTCCTCA-1,14.462857725864794,-1.387124107613683
CTCCTCCAGAATACAC-1,-12.391284000204188,-18.7084987258652
CTCCTCCAGCTGGCCT-1,-27.06370796140941,19.513377603507497
CTCCTCCCACTCGATA-1,22.55232184984992,-20.099950113194076
CTCCTTTAGCCACCGT-1,28.958351884461422,-5.717681327632687
CTCCTTTAGGTAAGTT-1,-19.52520728470079,31.075741582106698
CTCCTTTCATAGCACT-1,-28.11643460408603,-15.346998726646914
CTCCTTTGTGCAATAA-1,-25.64354741025399,17.06650816955744
CTCCTTTTCCTGGGTG-1,-28.116128370646468,-15.347109173621844
CTCCTTTTCCTGTAGA-1,13.384867203480509,35.897824928067166
CTCGAGGAGGCACGAT-1,3.71479607118767,16.627008458101646
CTCGAGGAGGTCACCC-1,-1.6994415899229967,-31.69269179167926
CTCGAGGAGTAACGTA-1,-33.711256570697934,-25.538517993095123
CTCGAGGCAGTTGGTT-1,4.904491628009921,2.9693853761894218
CTCGAGGGTTGCATCA-1,30.33842534623612,-27.72786592354319
CTCGAGGTCTTCTTCC-1,3.266345214749791,27.759398281722458
CTCTCAGAGAGTTGCG-1,-4.294016893381302,20.18680368912285
CTCTCAGAGGAACTAT-1,15.665248770294685,22.64343791836488
CTCTCAGAGTTGCATC-1,31.209012215840165,-25.85026372977305
CTCTCAGCAGCGGTTC-1,-13.604111555560504,31.64720997699048
CTCTCAGTCCGAAATC-1,31.697073858794827,11.002393549230618
CTCTCGAAGATGATTG-1,-3.881578629839029,27.954331973448777
CTCTCGACATGATCTG-1,-13.690458728904405,-10.541021467611124
CTCTCGAGTCAACATC-1,-11.445032007168075,-8.663573798818867
CTCTGGTCATGAGGGT-1,-16.024924666791172,7.769541566686065
CTCTGGTCATTCTCTA-1,25.181496555003832,0.7845867478356254
CTCTGGTTCCCAGGCA-1,10.537780577121223,10.797110950115744
CTGAATGAGAAGAACG-1,-10.802960281603967,15.871987873712236
CTGAATGCAAGGTCTT-1,29.47110221372676,-13.551262873082168
CTGAATGCACGTACTA-1,-12.101655199530997,20.82278586467252
CTGAGCGCATAAGATG-1,-6.595288728098422,3.8649618138704707
CTGAGCGCATCCTCAC-1,-15.683916161414095,22.926602657888363
CTGAGCGGTCTGTGAT-1,-8.833414861153742,-24.686678940591673
CTGAGCGGTGCTTATG-1,-1.4609157388144833,-10.79786179122666
CTGAGCGGTGTGGACA-1,-8.45180680742334,8.132420694336925
CTGAGGCAGAAATTGC-1,31.545942488019016,-26.129763507669004
CTGAGGCAGACATAGT-1,16.09344973782177,-13.830297541231332
CTGAGGCGTATGAAAC-1,12.257978356891984,18.323447545288786
CTGAGGCGTGCCTACG-1,-16.836253021696436,19.252451333643307
CTGAGGCTCATTTGTC-1,7.522283943753706,24.20616824470756
CTGAGGCTCTCTCGCA-1,-2.1228680293425395,-6.981543367077771
CTGAGGCTCTTCGACC-1,0.37544447015839827,-17.382385420348143
CTGATCCAGAGTCACG-1,8.027578424654276,-38.51052274756517
CTGATCCCACTACCCT-1,-4.44339898243786,-18.197012286593758
CTGATCCGTGCCCACA-1,-24.7678925981003,-33.65768456625025
CTGATCCTCAGCTAGT-1,-3.0775962724740897,-6.6736355175911255
CTGCAGGAGTATAGAC-1,-26.10221100473298,18.690469588984996
CTGCAGGGTATGGAGC-1,5.208496592753275,-33.53014188746919
CTGCAGGGTTAGCGGA-1,-10.813142724701214,13.29603392004832
CTGCAGGGTTCTCCCA-1,35.05016239248355,1.1188996007444318
CTGCAGGGTTGTGCCG-1,41.83025883441647,-5.087930302583547
CTGCAGGTCCACGTGG-1,3.917035723259282,-24.461346740199236
CTGCATCAGTTCGGTT-1,-19.595675447744544,31.129818151310626
CTGCATCCAAGACCTT-1,-4.979865755236463,-19.161908938705007
CTGCATCGTCTGTTAG-1,-46.017917822888364,1.99736961821299
CTGCATCTCAGATTGC-1,2.045981836114769,22.424764657775377
CTGCATCTCATGGTAC-1,-20.120315271170718,28.832751424492265
CTGCCATAGTAGAATC-1,30.34308563395691,-4.912235589460822
CTGCCATAGTCGCCCA-1,16.921218063095967,5.450723006308329
CTGCCATAGTGGCGAT-1,-36.6167714884604,9.196369260010677
CTGCCATCACGGCGTT-1,29.527045248316945,-14.354161935836347
CTGCCATCAGGGATAC-1,-2.0564641228922778,-41.70815824028869
CTGCCATCATATGCGT-1,-33.22547060155418,19.248345495475778
CTGCCATGTTGGATCT-1,14.427408163748572,-30.549878922290418
CTGCCATTCCATAAGC-1,-13.058924290729149,-12.314402874783916
CTGCCTAAGAAATGGG-1,-13.216079146362283,5.246551827230959
CTGCCTAAGCAGAAAG-1,-10.315233392942805,1.2777091002712002
CTGCCTAAGGGAGGTG-1,24.96823625265462,-7.956027764304595
CTGCCTAAGTCGGCAA-1,12.824478109287725,23.50878161903983
CTGCCTAGTAGATTGA-1,-2.216936743613291,10.793632530676225
CTGCCTAGTGGCTTGC-1,6.381230359601695,-25.61611863109062
CTGCCTATCAGATTGC-1,20.929555587491254,11.800219613434896
CTGCGAGAGGTCACTT-1,5.47380785063909,7.164179007237525
CTGCGAGCAACTACGT-1,-25.92137459869707,18.81198485418717
CTGCGAGGTTACGATC-1,-24.981821147752004,17.965507289201796
CTGCGAGTCAGGTGTT-1,1.8800386687874826,-4.030990971574968
CTGCGAGTCCACGGAC-1,23.189473876393475,-3.931771271220902
CTGCTCAAGCCTTCTC-1,3.9592171112332024,1.5993929306547183
CTGCTCAAGGTGTGAC-1,-14.134215492871093,-22.50703655022345
CTGCTCAAGGTTCACT-1,52.737496449322904,11.00291129187315
CTGCTCAAGTGCACTT-1,12.721899353140266,-30.91146164364225
CTGCTCATCGTCAAAC-1,16.187518068835608,12.669177222323073
CTGCTCATCTCGGTAA-1,-20.223883618394854,24.51829387569457
CTGGACGAGCACGGAT-1,-30.67395430958539,-5.499411352144627
CTGGACGAGGATTTCC-1,11.424433490012152,9.751332135328536
CTGGACGCAAAGGATT-1,-28.42715878966033,2.389213191343557
CTGGACGGTAATGCGG-1,-12.747438329220293,5.626244119871892
CTGGACGGTTGCATTG-1,-8.30294478660411,25.814137086046372
CTGGACGTCCAACACA-1,-16.64475152368649,-12.695686783316765
CTGGACGTCCGTAATG-1,-33.68445703844247,-25.363691629123746
CTGGACGTCGGTGTTA-1,-34.04544794627612,-4.556214346065623
CTGGCAGAGGTCCGAA-1,28.35091732369475,-14.785405106211508
CTGGCAGCAACAGAGC-1,-10.50065607772745,1.2374779076578117
CTGGCAGCACGAGGTA-1,6.914448485850705,27.888034779943148
CTGGCAGGTTTACTGG-1,-5.776395253955741,27.93407823257366
CTGGCAGTCGTAGGAG-1,-3.9909779320158725,-5.207385875954652
CTGGCAGTCTCAGGCG-1,-14.485350092943696,8.146907164836504
CTGGTCTAGATAGTCA-1,-9.082269957692697,24.803959507245434
CTGGTCTAGCTCCGAC-1,12.65496857728581,-29.22459886012868
CTGGTCTAGTATAACG-1,-12.924681622160119,30.5460510056367
CTGGTCTGTAGCACGA-1,22.849329711253528,-12.475363693773218
CTGTACCAGCGGATCA-1,3.7381781014624713,16.219671417980283
CTGTACCAGCGTGAAC-1,-10.112499365486817,-25.007505972804786
CTGTACCCAAACCACT-1,7.806436913654501,-0.3801536747271609
CTGTACCCACATATCG-1,9.184805522613145,1.43938639978734
CTGTACCGTACGCTTA-1,-17.40170914344528,10.873592107629028
CTGTAGACAATCCTAG-1,29.857694099024446,-23.986501677608
CTGTAGACATATGCGT-1,12.470745630001048,18.62476019877131
CTGTAGAGTACAAGCG-1,15.432267427164867,-15.016178133824576
CTGTAGATCGAGCACC-1,30.094391653932146,-4.95995741167063
CTGTAGATCGCACTCT-1,4.284491664927473,25.517701187692094
CTGTATTAGACTCGAG-1,14.06643674835328,-26.98052189028632
CTGTATTCAGGCCCTA-1,16.98818185833008,5.183004781585299
CTGTATTGTACAGAGC-1,17.099280845813304,6.126779521184202
CTGTATTGTTAGAAGT-1,3.0440089721261883,-0.5861886178661895
CTGTATTTCACTTTGT-1,0.4396164487632153,18.06399456077405
CTGTATTTCATCCCGT-1,-9.749787560032047,-25.860527704361143
CTGTCGTAGGGACTGT-1,-33.224298668155456,2.704726507194889
CTGTCGTCAATCTGCA-1,21.37271956831755,14.275645508451563
CTGTCGTGTACGATGG-1,-22.807281433701196,-14.367011856873145
CTGTCGTGTCTCGACG-1,-24.514940768035846,9.501612901311061
CTGTCGTTCCCATGGG-1,-33.72051515432508,-25.47066560307719
CTGTGAAAGCATGTTC-1,-1.894611489851283,14.01626013551236
CTGTGAAAGCCGCACT-1,16.163764346887213,-5.782491652889466
CTGTGAACAGAGACTG-1,-27.442206100348418,-16.164340069056326
CTGTGAATCCAACTGA-1,8.111807911651404,16.27784748163496
CTGTGGGCAACCCTCT-1,19.40420320462335,-28.0388283949721
CTGTGGGCAGAAACCG-1,15.332236053863138,-30.618680998155696
CTGTGGGGTTGCTCAA-1,-23.004117507931078,9.697517701691407
CTGTGGGGTTTCTTAC-1,15.103094977705975,-30.40165228092307
CTGTGGGTCCAGTGCG-1,-12.793915245651222,-35.924399948861875
CTTACCGAGGTCCGAA-1,-7.66118404543509,22.017603815969107
CTTACCGCAATTGCGT-1,-12.266241024817344,-36.31749858541149
CTTACCGCACCTGCAG-1,-11.293330043701918,-26.13508945048221
CTTACCGCAGAAATCA-1,0.5310705531463474,-17.272762166736182
CTTACCGGTCGAGTGA-1,1.9506580522002452,-3.9818683389348624
CTTACCGGTCTAGGCC-1,-16.71349831896053,12.117382722011435
CTTAGGACACTACGGC-1,11.726833174049407,38.43886864247275
CTTAGGAGTGTTTCTT-1,-16.72504916911503,18.496900043609113
CTTAGGATCTGTTGGA-1,7.586579579826244,-0.3000275911532554
CTTCAATAGGTAGCAC-1,-32.41645140968304,18.855223672826067
CTTCAATCAAAGGATT-1,16.398075897119057,37.18666846220306
CTTCAATCATCCTTGC-1,-13.137685525398723,21.850179605064913
CTTCAATCATCTCCCA-1,28.938929693178082,-7.077144647040179
CTTCAATGTATGGTTC-1,-17.302079738222787,-4.76376526251232
CTTCAATTCCGAGTGC-1,-13.746782355265049,-19.32033627198878
CTTCAATTCGATTGGT-1,25.58854051002967,1.2057802011558827
CTTCAATTCGGAAACG-1,3.1973078225126486,-19.433571669015056
CTTCAATTCGGCCTTT-1,21.41489251290829,-17.705236554004532
CTTCAATTCTCATGCC-1,15.796680625318846,-11.741383518733965
CTTCCGAAGGTCGTCC-1,10.224535096497709,0.06618616075651003
CTTCCGACAATGGGTG-1,30.312149646011907,-4.810369517896534
CTTCCGAGTCATCCGG-1,4.3966470300761955,25.885473781997923
CTTCCGAGTCCTGTTC-1,-24.61886683758267,9.516013821606139
CTTCCGAGTTACTCAG-1,-16.918339367988825,-6.2530388651011055
CTTCCGATCCCTCATG-1,-24.950789240697166,-30.40466523041008
CTTCCGATCTGCCTGT-1,0.9469240844051893,-16.850754298539545
CTTCCTTAGAGAACCC-1,-33.79953913607009,-25.47918242279106
CTTCCTTAGTATCCTG-1,5.95606872227811,-26.116945767911655
CTTCCTTCACGTTCGG-1,4.658128693847813,3.513889327971408
CTTCCTTTCGTGTCAA-1,32.60407390110797,13.945909221475764
CTTCGGTAGTAGAATC-1,-15.041736715048243,9.902628866252813
CTTCGGTGTACGGTTT-1,-27.5452332968735,17.767674588870367
CTTCGGTGTCCCTAAA-1,1.6969664660020611,-30.32200971205351
CTTCTAAAGCAAATCA-1,-28.110398627642127,-13.132441833382556
CTTCTAAAGCCTGAAG-1,3.7113612990433302,16.609420965224587
CTTCTAACAATTTCGG-1,-26.05374203901259,16.437056264091357
CTTCTAACAGAGACTG-1,3.6265082411641862,16.386186622811014
CTTCTAACAGTTACCA-1,-1.9950332507017061,-41.699935458830474
CTTCTAAGTGCCTTCT-1,5.284479735682264,-38.79489631282718
CTTCTAAGTGGCGCTT-1,32.61911703053587,10.348325784355398
CTTCTAAGTGTCATCA-1,-4.964910934918839,-19.188243800950907
CTTCTAAGTTGGTGTT-1,-20.955029122294093,6.506869685111978
CTTCTAAGTTTCGACA-1,8.302773755963056,-17.070200673430715
CTTCTAATCCTGGGAC-1,43.77910596432811,-4.446442948999965
CTTCTAATCGTTAGTG-1,-35.10782097240521,10.887252249566068
CTTCTAATCTCCACTG-1,-11.10212399067028,-11.972545408629808
CTTCTCTCACCGTCGA-1,-20.337903103117743,24.046141514517018
CTTCTCTCAGTCACGC-1,-23.654682642634242,-14.313129192949447
CTTCTCTTCATGCATG-1,9.755543696036842,-17.735323562943375
CTTCTCTTCGACCTAA-1,-4.254822427485646,4.159216805440449
CTTGAGAAGACCATGG-1,-5.835101903353828,3.0200033347542314
CTTGAGAAGATCCAAA-1,33.467414790748364,9.010077921724841
CTTGAGAAGGCCTTGC-1,-21.419124392981665,-14.060408922982717
CTTGAGACATTGGATC-1,-12.268455799853708,-34.528442835008796
CTTGAGAGTGACACGA-1,9.298720406706632,-7.852884652202305
CTTGAGAGTTCGTTCC-1,1.3791936950822425,-21.746378168680284
CTTGATTAGCTGAAGC-1,-4.974800527061413,-18.62971157913293
CTTGATTAGTAGCCAG-1,3.8703933332276703,37.9365924154391
CTTGATTAGTCACTAC-1,-16.781516544280823,18.912589457236628
CTTGATTGTTAGCGGA-1,43.16696726300577,-5.46715030639795
CTTGATTTCAACCTCC-1,-24.70366172053344,8.018805767489468
CTTGATTTCGAAGTGG-1,9.88240168416034,-15.967953155565517
CTTGATTTCTGTGTGA-1,34.52466599055773,12.799126361879377
CTTTCAAAGAAGCCTG-1,37.852253052808095,-14.654097492591946
CTTTCAAAGACTCTTG-1,-34.02264345417697,-25.538667604289262
CTTTCAAAGCCTAACT-1,7.826923223530778,-0.2634529158191751
CTTTCAAAGGGCAGGA-1,14.290781594331595,-1.6492559464875773
CTTTCAACAAGCCTGC-1,11.843100048179744,-16.203364702998353
CTTTCAACATTGCCGG-1,26.75064166383433,-14.15441223291366
CTTTCAAGTAGCACGA-1,7.5274323648702,13.469713177746597
CTTTCAAGTCTGTGAT-1,27.65542265708947,33.115658839214504
CTTTCAAGTTCTAACG-1,-27.351637410461553,-15.265640982918747
CTTTCAATCACCCTTG-1,21.06050247792039,13.983332948098102
CTTTCAATCAGTCAGT-1,-23.930327236938922,8.225768434526508
CTTTCAATCTGTAAGC-1,16.161052312243118,-32.7427384443453
CTTTCGGAGCTCGTGC-1,40.60803443992884,-3.5106268814615778
CTTTCGGAGGATACAT-1,-31.26414849349534,2.567250139197121
CTTTCGGAGGTGGCTA-1,21.446420331430442,12.570725590329017
CTTTCGGAGTACTCGT-1,7.931143774857081,6.700814695867213
CTTTCGGGTACCTTCC-1,-12.29607301728656,10.542246419295484
CTTTCGGGTCAGTCTA-1,-20.914948155250013,6.541015394797116
CTTTCGGTCAAGGCTT-1,9.168525172410714,20.59713729508526
GAAACCTAGACTTAAG-1,11.071888814417756,16.564607147124043
GAAACCTCAATAACGA-1,8.320070743111689,17.816473948307586
GAAACCTGTACTCCGG-1,0.8984159549427235,3.858574735057184
GAAACCTGTTGGCCGT-1,33.555854041863824,11.24956287137117
GAAACCTTCGCAGTTA-1,-25.767272501230696,-13.300345664598455
GAAACCTTCTTGAACG-1,7.967174333853858,-40.282336464561304
GAAATGAAGCGGACAT-1,25.34017219722365,0.007728810380062795
GAAATGACAAGTTTGC-1,-13.81616285592696,-26.773683070959468
GAAATGACAGCTGTAT-1,-5.567043640204148,-9.86510952839818
GAAATGAGTAGACACG-1,1.0972061627133558,-29.839757171695037
GAAATGATCCAAAGGG-1,-31.944497016198675,-4.055698644209779
GAAATGATCTCCACTG-1,23.44266365180803,11.125610461280107
GAACACTAGATGCTGG-1,-19.061895692980645,25.500627610047363
GAACACTCACCTCTAC-1,-15.532608473827475,-3.454591938379072
GAACACTGTCAACACT-1,16.961010789544538,-20.60551216141889
GAACACTGTCAAGCCC-1,-6.049364036186087,-27.41700266184291
GAACACTTCCAAGAGG-1,-10.19863211221374,1.327219758686758
GAACACTTCTAAGAAG-1,42.67714329214867,-4.95629436010244
GAACGTTCATCGAACT-1,-1.2599675277623483,-21.767251562582693
GAACGTTGTCATCTAG-1,3.3356276287865456,44.89272613681066
GAACGTTTCCATGATG-1,-17.488894219302267,-20.036639655520887
GAACGTTTCTAGAGCT-1,16.684916336657384,-36.38300323573448
GAACTGTAGTTCCATG-1,20.485603744447356,11.624999237850036
GAACTGTGTGAACGGT-1,-22.981884454493773,2.9840749820396444
GAACTGTTCCGTAGTA-1,29.454694970655453,8.519232724924528
GAACTGTTCCTTATAC-1,-25.081891108311197,-30.27346440273668
GAAGAATAGTCATCCA-1,12.213526147282069,18.527320780421
GAAGAATCATATCTCT-1,41.95386703326456,-7.46706436520825
GAAGAATGTCATCAGT-1,-18.33695344471012,13.8167634236658
GAAGAATTCAGTGGGA-1,-33.50318228312541,19.28829853408919
GAAGAATTCTTAGCCC-1,10.32041143318699,10.688382182085668
GAAGCCCAGCCATCCG-1,12.644001668624638,17.24769747504905
GAAGCCCCAAGCGCAA-1,-11.757535093177657,-36.193917519499635
GAAGCCCCACCCTGAG-1,-10.239430726265448,1.2629593916012962
GAAGCCCCAGTGGGTA-1,-5.223525054318433,26.8176740588001
GAAGCCCCATCCTCAC-1,-10.303597009940704,1.2977888422029153
GAAGCCCCATCGCTCT-1,33.645052692156106,11.110459923737043
GAAGCCCGTAGTGCGA-1,29.696678411686182,14.156358853839132
GAAGCCCGTCGCTTGG-1,-16.08374062949842,1.487549505884038
GAAGCCCTCAAGAGTA-1,29.457832950808584,-11.835037265262565
GAAGCCCTCTACCAGA-1,30.36449496889369,-4.898220392685054
GAAGCGAAGGTTCAGG-1,-35.24071896799175,10.759910446019216
GAAGCGACAACACGAG-1,4.327293013895483,23.260826300106864
GAAGGACAGCAACTTC-1,3.4015661727922017,44.824063978359014
GAAGGACCAGATACCT-1,-4.0501575269049885,-29.38302745687243
GAAGGACTCCAAGCTA-1,3.7445269288923804,16.65161447207156
GAAGGACTCCGATAGT-1,-11.786393953695033,-37.783012721122766
GAAGGGTAGCATTTGC-1,-14.525105287136633,38.28637027852132
GAAGGGTGTCTTGCGG-1,-13.738771832120278,31.155277552583144
GAAGGGTGTGGGTTGA-1,34.577054983213436,2.092651074176955
GAAGGGTTCCACCCTA-1,17.00277789497671,-36.17985949501866
GAAGGGTTCCTCCACA-1,-17.00023561503295,-6.382322985427056
GAAGTAAAGCGACTAG-1,-9.263312602101466,33.89316654119452
GAAGTAAAGCGTGTTT-1,23.00914953393794,8.798521291263924
GAAGTAAAGCTGGTGA-1,5.819509874046953,23.183518118291452
GAAGTAAAGGAGAGTA-1,-26.475848135928405,-16.05243551940324
GAAGTAAAGGTCATTC-1,-3.3545508058481692,-42.57192833900169
GAAGTAAAGGTCCCTG-1,7.423953818383393,-47.55602545116373
GAAGTAAGTTGTTTGG-1,-33.20140959882162,2.6454994744638314
GAATAGACAAAGTGTA-1,16.03893081191925,-6.450988550845236
GAATAGACAGTCACGC-1,6.602485430821489,27.976545489613123
GAATAGATCACATCAG-1,15.680306999881553,-11.919087975654833
GAATCACAGGGACCAT-1,12.08816650406218,-2.769722499537585
GAATCACAGTCGAAAT-1,-19.86800636848369,25.683842791262492
GAATCACTCAAGCGTT-1,-3.9080295206301274,5.590174027714646
GAATCACTCACGGTCG-1,-2.663981749950575,-9.896496554000583
GAATCGTCAAGCACAG-1,7.040966973840873,-0.468404336661603
GAATCGTCAATCCAGT-1,42.18404034238322,-4.766815012593447
GAATCGTCACGACAAG-1,5.849856870853422,27.149805282776967
GAATCGTCATGCAGCC-1,16.136981148457725,-36.976438495954426
GAATCGTTCATGCATG-1,4.5467252512632665,-0.13208044423147577
GAATCGTTCCTCAGGG-1,-33.67977483461566,-5.672193947204702
GACACGCAGACGCCAA-1,12.321881986504852,8.001570640662706
GACACGCAGTTCTACG-1,-4.6812579350789365,2.089084965875578
GACACGCTCCATACTT-1,14.81184591049207,37.99610052326452
GACACGCTCCATTTAC-1,0.5391674873729114,18.448747547495092
GACAGCCAGCGAGTAC-1,0.4026141079064722,-17.078992288866207
GACAGCCAGCTTTGTG-1,43.53823498337006,-4.306648801254123
GACAGCCAGTTGCTGT-1,9.29089966389244,-8.437871214549117
GACAGCCCACTGAGGA-1,15.825023708792378,-7.4892897612971625
GACAGCCGTAATGATG-1,14.459140756592863,37.152363295472455
GACAGCCGTCCCTAAA-1,-44.49487734545157,2.917945342614265
GACAGCCTCATTCACT-1,15.58298247065135,22.676207124439447
GACAGCCTCCTCACTG-1,37.6534097423058,-14.714347485453677
GACATCAAGTCTGCGC-1,12.87870275545286,-30.644948010478334
GACCAATAGCTGCCAC-1,-23.01637074644449,2.9232918938977823
GACCAATAGTGATTCC-1,-0.07296578339858747,-21.806699354795224
GACCAATCAACATCGT-1,33.40085385028261,14.313391642721339
GACCAATCAATGTGGG-1,15.861440334272318,-6.545917340752744
GACCAATCACAAAGTA-1,-1.5455237051633823,-13.101341568467914
GACCAATCATTGCCGG-1,30.368335228823867,-4.941834646436471
GACCAATGTATTTCGG-1,-16.61848693350977,17.202236128599914
GACCAATTCGGTAACT-1,-47.382081593495556,2.2529747310462382
GACCCAGAGACTTCAC-1,-22.94802196131353,3.0477871760597166
GACCCAGAGATGATTG-1,15.512806346242638,-30.481962215136203
GACCCAGGTATGAGAT-1,-21.011985504233557,-0.8996687917819163
GACCCAGGTGGATGAC-1,27.965742921396767,32.29570085772898
GACCCAGGTTAGGCTT-1,10.564413316519076,-0.03256348195194949
GACCCAGTCAGCTGAT-1,2.4650316956850107,24.35816931068153
GACCCAGTCAGTGGGA-1,3.8304003162971503,16.230990755573522
GACCCAGTCTCACTCG-1,28.968446218180784,32.56074796710338
GACCCTTAGGCCACCT-1,3.4106146439170253,44.88774283110349
GACCCTTAGTACTCGT-1,5.218897458136671,-25.454636342669783
GACCCTTCACCAACAT-1,-12.262866738505657,-36.08203487738313
GACCCTTGTTTGGCTA-1,1.9410816787261866,-3.9271778308083785
GACCCTTTCAGCTGAT-1,6.352243433787259,28.418827486465315
GACCCTTTCGACGACC-1,19.432444669950705,2.7577555285318756
GACCGTGCACTATGTG-1,-34.240166102594245,11.572467526069122
GACCGTGGTGGATACG-1,-16.701118387177655,3.989069913933763
GACCGTGTCCCTGGTT-1,-15.710476703382934,22.947748719865558
GACCGTGTCTACGGTA-1,-23.912325367614628,9.380393339178891
GACCGTGTCTAGAGCT-1,29.567693100567002,-1.1834194322952238
GACCTTCGTAAGCTCT-1,8.412684960953502,15.48802369393558
GACCTTCGTCAGGTAG-1,22.82488811705868,-4.438224779288382
GACCTTCTCTTACCGC-1,-1.7627136192595498,-0.22813742320667796
GACGCTGAGTCCGTCG-1,4.274288459493009,-3.0593663644941
GACGCTGCACTCCGGA-1,-2.0086248802858426,-41.69345460594018
GACGCTGGTACCTATG-1,15.440683886995773,-30.461898849910124
GACGCTGGTACTGAGG-1,7.924226952143515,-40.541240236496805
GACGCTGGTAGCTGAG-1,42.50409844190502,-5.1536704478590805
GACGTTAAGCACGGAT-1,20.0766529175032,13.029418390929733
GACGTTACAGAGCGTA-1,27.080233823170982,33.02032805550017
GACGTTACATCATTGG-1,5.101097013714153,30.719386522728737
GACGTTATCATCAGTG-1,15.606752922145441,3.6338154600828365
GACTATGAGCACTCTA-1,5.3711872358244594,-25.808504623430586
GACTATGAGCCTGAGA-1,3.2845865714247897,37.7543580969225
GACTATGAGCTGTACT-1,-16.764099865098217,-5.991501814171016
GACTATGCAACAAAGT-1,3.864931883159618,-32.96853716094237
GACTATGCAACGTAAA-1,14.429466083120493,-1.6181143739008497
GACTATGGTAACTGCT-1,-18.636040565048752,0.7112145442806905
GACTATGTCACGTAGT-1,40.66674926928272,-2.766817890091544
GACTATGTCTAGTCAG-1,-4.065307549183328,29.5509829208394
GACTCAAAGTGCTAGG-1,-33.440752932113114,-25.585683862531038
GACTCAACATTGTAGC-1,-9.766499067849358,1.5654926474988704
GACTCAAGTAGACTGG-1,2.1503464520895323,-17.17679184228392
GACTCAATCAGAGTTC-1,12.315571457888783,39.146845008617916
GACTCAATCATGAAAG-1,-22.020895124424943,-32.360628033487444
GACTCAATCCCAGCGA-1,5.868008383865939,11.276412764438133
GACTCTCAGATAGGGA-1,-28.530870143930944,9.509257855805597
GACTCTCAGTTTGAGA-1,-2.2198378087906523,-0.29320625986003807
GACTCTCCAAGGTCTT-1,-44.996071418577145,1.7448492399543523
GACTCTCGTAGACACG-1,-34.55986980601908,-5.990483884666491
GACTCTCGTTTCCATT-1,-24.50199739182092,9.599971952072547
GACTCTCTCAAGGAGC-1,16.665132636779216,-6.2963647996309575
GACTCTCTCTCCGCAT-1,-2.2357633846194718,26.517137440413233
GACTCTCTCTGATGGT-1,11.164678637625364,21.854476184499074
GACTCTCTCTTGTGCC-1,-6.102456457398621,32.8192338153793
GACTGATCACATACGT-1,10.680935683935319,10.564959103541463
GACTGATGTTCGTACA-1,-22.11685772138159,-6.91748649417421
GACTGATTCCATCTGC-1,22.46466468361329,-12.930249817713367
GACTGATTCGTTGTAG-1,23.921566810173623,23.829003923742714
GACTTCCAGAGTCAAT-1,-26.763292224493288,-5.071943101685997
GACTTCCAGGTCCCGT-1,34.0161006241248,11.413665876467464
GACTTCCCAATCGCAT-1,-28.315504885071345,4.794736389019185
GACTTCCGTCATCGGC-1,25.91955905201704,-0.4805536444964633
GACTTCCGTGACAGCA-1,-33.43405355094311,19.460107418898748
GACTTCCTCCACAGGC-1,15.266712785901868,-30.613590731396098
GACTTCCTCCCGTAAA-1,-18.64082496438253,25.229842848377142
GACTTCCTCGAGTGGA-1,37.376309734854345,23.569180558660637
GAGAAATAGCTAGTTC-1,14.13174207487352,37.62583303491248
GAGAAATCAACCGACC-1,17.34325559605745,11.02756191984739
GAGAAATCAATTGAGA-1,-20.14879511880798,-18.257751041743834
GAGAAATCACGCTTAA-1,12.331668099378524,-28.386068075694176
GAGAAATCAGGGCTTC-1,10.036751996415106,-9.848912694250757
GAGAAATGTAGGCTCC-1,-0.4994365505653393,-2.944156722970245
GAGAAATGTCCATAGT-1,-10.401799394448089,-26.15747975875599
GAGAAATGTGACCTGC-1,-4.764289828661018,26.230559023240108
GAGAAATGTTAAACCC-1,-9.63044931352567,33.71747075875248
GAGAAATTCCGTCCTA-1,-24.543879952388757,9.365698362824409
GAGACCCAGCGACTAG-1,29.16074345454882,-21.876577301476434
GAGACCCGTGCAACAG-1,-37.924562935946525,2.8238524902136106
GAGACCCTCAAAGCCT-1,30.506381524365057,-4.964271810830231
GAGACCCTCATCGGGC-1,-17.073049113452793,17.689830738048464
GAGACTTAGCGTATAA-1,15.45304044749414,-30.553500242183247
GAGACTTAGGTCCCGT-1,-31.393683941704598,-12.20047228267052
GAGACTTCACAATGCT-1,-29.77060706489282,16.528072555244233
GAGACTTCACGTTCGG-1,-20.36526059435721,1.196639443304401
GAGACTTCACTGTCCT-1,-18.61459700617592,30.596143099740537
GAGACTTGTCGCTGCA-1,-7.782699523684869,23.400760239596647
GAGACTTGTGTTCCAA-1,-33.62137686459951,20.779430205864198
GAGACTTTCAGCCCAG-1,-13.180503006404647,3.709216823774847
GAGACTTTCCTCACCA-1,-24.154160723868095,16.81727795660907
GAGACTTTCGCCCAGA-1,-34.940156164081365,12.117349843307233
GAGACTTTCTGAGTCA-1,1.3013647171283707,-30.465996240370337
GAGAGGTAGGAACGAA-1,-28.04088572766868,15.858697689737246
GAGAGGTAGGGACCAT-1,32.53937088557417,9.761154609300572
GAGAGGTCAGGACTAG-1,5.391675115523523,-25.24403826793669
GAGAGGTTCTCTAGGA-1,15.908577214871379,-28.507176327168075
GAGATGGAGAAACACT-1,27.69918276606299,8.168544036042272
GAGATGGAGGGCAAGG-1,2.423790309724546,-32.81423158677809
GAGATGGAGGTTACAA-1,-18.329794344479808,2.3208219976671702
GAGATGGGTAGACAAT-1,-25.650267965558196,19.053321212807017
GAGATGGTCCAAGGGA-1,-12.002996770600006,-36.29243376651605
GAGATGGTCCGATCGG-1,25.920961401297475,1.327905302931105
GAGCCTGCACTTGAAC-1,-26.37020321748851,19.495484063216878
GAGCCTGGTGTATTCG-1,34.853776870865765,1.1493801838970792
GAGCTGCAGAAGCGGG-1,-33.30006430750506,18.549784507575236
GAGCTGCAGTTCAACC-1,-11.23436973964976,20.218366695885994
GAGCTGCCAGCATTGT-1,-14.443470272716372,38.367246979638416
GAGCTGCTCTGACCCT-1,-2.1683536221636883,15.67553606496599
GAGGCAAAGAATGTTG-1,6.6247196129092565,-49.00068923994374
GAGGCAAAGGAGTCTG-1,23.053156402273046,24.10615638555861
GAGGCAAAGGGCGAGA-1,22.16917565225242,-1.3871369645548237
GAGGCAAGTCGGATTT-1,-40.74765221616585,15.533946283170655
GAGGCAAGTTCTCTAT-1,14.811621215780743,-30.497518973504672
GAGGCAATCTTTGCTA-1,1.8384773758011899,-3.933559165995649
GAGGCCTAGACAGCGT-1,31.086539768589123,-26.560540968082904
GAGGCCTAGGTTGACG-1,-1.3495241164545704,-0.28543968092238226
GAGGCCTCAAACTAGA-1,37.84506368347704,21.798553626507886
GAGGCCTCAGCAAGAC-1,-18.49495256195121,-2.4332046147006485
GAGGCCTCATACAGCT-1,-12.57973663667706,-12.276393358570665
GAGGCCTGTCCACAGC-1,19.95829417997201,14.678733619593691
GAGGCCTGTGGAACAC-1,-1.7587383179551535,5.117709663632687
GAGGCCTTCAGCTAGT-1,-15.75120266754262,1.3401934595995877
GAGGGATAGGCTATCT-1,-11.084604468364393,31.16197967173613
GAGGGATGTATCGCAT-1,-26.285323599521256,-12.2088774750486
GAGGGATGTATGATCC-1,16.859103888614946,5.505932797532484
GAGGGATGTCCTCAGG-1,30.35248047216966,-24.138004367316768
GAGGGATGTGATAGTA-1,37.84658215104014,21.829338953547374
GAGGGATGTGGACTGA-1,30.599824445630503,13.25563845956357
GAGGGTAAGGACGCTA-1,-5.016782803360059,-1.4803951403007174
GAGGGTACAAAGAACT-1,5.466244984604061,-25.25413028351073
GAGGGTACAAGAAACT-1,16.65420260221944,3.1179786219578633
GAGTCATAGTGTACAA-1,-35.65682882533387,11.368009664127221
GAGTCATCAAGAGGCT-1,24.172759539743012,23.816120763705364
GAGTCATCACCATAAC-1,30.25047708672673,-4.977656541617159
GAGTCATCAGTTCACA-1,5.177809833638819,4.8936865050924006
GAGTCATCATTCGATG-1,32.913454273559246,1.009300430699351
GAGTCATGTACAAGTA-1,-11.34505073836283,-13.05680415445199
GAGTCATTCGCAGTGC-1,-12.825193909359406,-12.336775486739805
GAGTCTAAGCGGTAGT-1,42.89891811192228,-3.743290738695488
GAGTCTAAGTATCTGC-1,-8.68495267963534,-18.90441170115247
GAGTCTAAGTGGATTA-1,-8.570756756013344,-18.84784688798296
GAGTCTACAATCAGCT-1,0.5973988824772457,18.375721272794447
GAGTCTAGTAGGACCA-1,22.939020100893536,-6.959438818092028
GAGTCTAGTATCGCTA-1,-1.5046613850259454,-0.39856393836715975
GAGTCTAGTGCATTTG-1,17.796743576598313,18.331550380774505
GAGTGAGAGTTCTACG-1,-3.6410887871691298,5.291446920762106
GAGTGAGCAAACTCTG-1,-14.321071473693275,-20.821641947021373
GAGTGAGCACCCTAAA-1,8.989389987625445,-15.885287310925694
GAGTGAGGTTCGCGTG-1,-33.522197568454985,3.16246995753562
GAGTGAGTCAAGAGTA-1,-10.519694019071691,7.410991000872306
GAGTGAGTCGGTCGAC-1,44.131568773238584,-5.005592149450697
GAGTGAGTCTTCTCAA-1,37.674998659051546,-14.903493288548226
GAGTGTTAGAACAGGA-1,3.2367510530625423,24.519292556832966
GAGTGTTAGCATTTCG-1,15.90586125238958,-6.559106749762184
GAGTGTTAGTAAGGGA-1,16.38283861071153,-7.6545194115870645
GAGTGTTCAGTGTACT-1,-8.240252990554511,22.526467377836827
GAGTGTTTCATTCATC-1,-24.555440360554236,19.380706942190184
GAGTGTTTCTGTAACG-1,-1.2638118823019817,-0.7707072727823708
GAGTTACAGCGACAGT-1,-6.411763026812066,19.125726698738077
GAGTTACCAGCATGCC-1,42.55662555679947,-5.091877823610134
GAGTTACGTCCCTGAG-1,-18.69588139525297,0.7417610655239703
GAGTTACGTGTATTGC-1,11.68536279947161,15.9145275605585
GAGTTACGTGTTCGAT-1,-17.490938276914108,-19.88646804422111
GAGTTACTCCTAACAG-1,-14.092659472691503,0.5630393548977887
GAGTTGTAGAAGTCCG-1,-12.994316515361506,-12.284276187459927
GAGTTGTAGCATTGTC-1,-1.7848620221776421,-41.15451952877431
GAGTTGTAGCCGTCGT-1,20.572664747896905,12.462477871773947
GAGTTGTAGCGTGAGT-1,-7.126632514379576,-15.696436163918174
GAGTTGTCAAGGCTTT-1,-10.958889938952183,16.405449059197146
GAGTTGTCACCAGACC-1,25.51200695249403,0.2660146269158862
GAGTTGTCACCTTCGT-1,-8.417301409065038,25.834008665370906
GAGTTGTCACGATTCA-1,-42.571251041537884,14.172400733800112
GAGTTGTGTATTCTCT-1,-22.11805292338394,-24.31055853503424
GAGTTGTTCCTGCCAT-1,8.849756334251063,-7.929340766933645
GAGTTGTTCTAGACAC-1,-1.7123868035953398,-10.465318754574376
GAGTTGTTCTGAGTCA-1,20.400984720114884,13.80321298585353
GAGTTTGGTCAGTCGC-1,-8.395292661831625,2.2093121301017766
GAGTTTGGTCCAAATC-1,4.5249434309221375,12.39553183550008
GAGTTTGTCCCTCTAG-1,27.817395592337988,32.25575022710044
GAGTTTGTCCGATGCG-1,20.962402474386042,13.355973086149959
GAGTTTGTCGGCATTA-1,7.42354081165751,25.798846559797553
GATAGAAAGTAGATCA-1,-28.07723986656622,15.892082132694853
GATAGAACAAAGGCTG-1,-12.166542236655523,-36.326712207988145
GATAGAACAGGCAATG-1,31.612805241491436,-27.473868429930864
GATAGAAGTCACTCAA-1,7.9156911123663365,-40.43643995874857
GATAGAATCTGCATGA-1,-34.466981445098014,-6.904140527388615
GATAGAATCTTACCAT-1,6.300648130925757,-24.321819948121377
GATAGCTCAACTCGAT-1,-26.64823411167773,-5.448600938940731
GATAGCTGTCTCAGGC-1,-32.06117598355027,-11.693002152810228
GATAGCTGTGAGTTGG-1,6.352278525932874,28.41897242249287
GATCACAAGGAGTACC-1,-3.4391211686579677,28.15884199160457
GATCACACAGAGTGAC-1,5.917509621877224,27.49587275639548
GATCACACATCCGCGA-1,-23.799674257183955,-34.20276447738668
GATCACAGTAGGAGGG-1,14.530338102619798,-28.131152124156557
GATCACAGTATCACCA-1,-6.9411518433300765,-25.85800005704296
GATCACAGTTCCCACT-1,-13.440926786029229,16.75682491107641
GATCACATCGTTCCCA-1,-6.94044384389988,22.866054943762514
GATCAGTAGGATTCCT-1,5.744158212746721,-25.197332803254618
GATCAGTCAAGTGATA-1,-27.9205502649803,-15.521266724416117
GATCAGTGTTCGGCTG-1,8.341064732183346,-7.753055437236395
GATCAGTGTTGCGAAG-1,-18.7220944570701,31.697413359337986
GATCAGTTCAGTCACA-1,-9.13312204943222,40.39392444959659
GATCAGTTCGAGAATA-1,-26.15701276763762,6.272954909179117
GATCAGTTCGCCATAA-1,-19.076933376546673,5.770763713503642
GATCATGCAGCTCTGG-1,-16.147721912836904,-1.9369781870129525
GATCATGTCAAATGCC-1,-45.666532934364895,1.0341470657323024
GATCATGTCAGGAAAT-1,-24.399942862404174,-34.98590967242958
GATCCCTAGGTCACCC-1,12.229075324313229,7.629940651478441
GATCCCTCAAGGCAAC-1,7.126164958984943,-47.051897655200875
GATCCCTCACCAGTTA-1,4.6197951189204165,10.905265270786497
GATCCCTGTCCTCATC-1,-0.723969921263264,7.566156293303229
GATCGTACAACCGGAA-1,-41.42580316772311,14.396111885344078
GATCGTAGTAAGATCA-1,29.4739089491699,13.42438438613647
GATCGTAGTACAAAGT-1,-16.300061416046578,20.051554381671043
GATCGTAGTCCACGCA-1,-46.12452711384154,1.993692058184501
GATCGTATCAGTCCGG-1,15.688198778801631,22.685405391442014
GATCGTATCCACGTAA-1,13.835488002122132,-30.733410410930297
GATGACTAGCCGATCC-1,-33.626226617000434,-5.649742321376002
GATGACTAGGAATCGC-1,-6.243547558148608,12.902629443111326
GATGACTAGGGTTAGC-1,-20.541153321508382,26.50568824786695
GATGACTAGTGGCAGT-1,22.574291967400274,-17.95651892392671
GATGACTAGTGGTGAC-1,-28.01330948302701,-18.048279198338637
GATGACTAGTTCCATG-1,-6.930638850719535,-13.505190073131883
GATGACTCAATAAGGT-1,-33.179297186788475,2.584463947253135
GATGACTCAATGCAGG-1,-4.428454326882914,-18.60076615181588
GATGACTCACCGGTCA-1,5.403128494194619,-48.675322408914084
GATGACTCATGTCTAG-1,28.54653300674015,12.028279142113666
GATGACTGTACCGGAA-1,-4.925594673496387,3.8144555986335495
GATGACTGTCGCATGC-1,-35.12154951530483,10.899383958554596
GATGACTTCAGCTGTA-1,14.267718524650727,-1.5880195834391035
GATGAGGCAGCACAGA-1,9.493094290554867,4.419822581763792
GATGAGGCATGAAGGC-1,-31.98037108375751,17.22803670356839
GATGAGGGTGCCGTAC-1,-3.6833919242780766,28.034281454673412
GATGAGGGTTCGTACA-1,-24.58077427991874,17.97963318896414
GATGAGGTCATGCTAG-1,-32.38136321253032,19.982159307438813
GATGATCCACTCCCTA-1,-14.572051911210199,-34.66725827046403
GATGATCCATGACTTG-1,34.59217327535036,0.6895040909458979
GATGATCCATGTACGT-1,16.899774063865454,5.1339689520984395
GATGATCGTCCCTGAG-1,-5.712313118950906,2.915468749147614
GATGCTAAGGTAAACT-1,-33.25666440316827,-6.043315610109541
GATGCTAAGTTGAATG-1,-8.92842967489589,-27.33609614187207
GATGCTACATGACACT-1,33.578840967736454,-1.1236316401519029
GATGCTAGTACTCCCT-1,-27.149351315326562,-5.951490433676476
GATGCTATCGCTCTCA-1,2.2592331575843367,45.47763605847523
GATGCTATCGTGTGAT-1,-17.49610149218855,-19.859270400849322
GATGGAGAGCTACTAC-1,21.330122371247096,24.817153766897437
GATGGAGCACAACATC-1,4.0851008407691465,16.95809992118559
GATGGAGCACACGGAA-1,28.736297778029762,10.180963410703901
GATGGAGGTGGCGCTT-1,-47.49211494915282,-0.49656829576074873
GATGGAGGTTACCTTT-1,-12.584897771650827,-32.87510852544436
GATGGAGTCTCGCTTG-1,-12.751673627495297,-7.496857674877556
GATGTTGAGGTACATA-1,9.819876067278056,-16.114482070767416
GATGTTGAGTGATCGG-1,9.725278058383427,-7.369437650418734
GATGTTGAGTGATTCC-1,-8.419184069873033,26.661139870264197
GATGTTGCACCACTGG-1,-9.659617027576898,1.8570590567169536
GATGTTGCACCGGAAA-1,-27.089646286136084,-4.738698695287726
GATGTTGCACTACCGG-1,-1.507659711024697,-10.620401435124334
GATGTTGCAGCGTACC-1,-29.118632971669363,-14.148879850828575
GATGTTGGTTACCTTT-1,24.305095712315367,-6.466782925952129
GATGTTGGTTGTTTGG-1,1.827363804658973,-3.408259554359429
GATGTTGTCACCGGTG-1,-27.176448954227492,2.100558918364724
GATGTTGTCCCGTGAG-1,-6.510167938660432,9.696691026854399
GATGTTGTCGATAACC-1,12.919605031360488,22.28081888584618
GATTCGAAGGTTATAG-1,32.4638651140385,12.9645844237718
GATTCGAAGTATGAGT-1,-9.509713489360761,-34.387907663095916
GATTCGACACGTGAGA-1,2.302003851171329,45.7817608786563
GATTCGACATGGAAGC-1,-13.077522281338828,-12.692444522022322
GATTCGAGTGATAGAT-1,-35.87163742042757,13.484812597952283
GATTCTTGTAAGCGGT-1,14.073374498331933,-30.79467851234803
GATTCTTTCCTCTCTT-1,-8.370520964110232,25.727896979771064
GATTGGTAGAGTACCG-1,-31.8430021023728,-25.289347624909833
GATTGGTAGGGAGGCA-1,12.36609770441169,-2.3288991620239656
GATTGGTGTTGGACTT-1,11.020627531481956,9.683054100803297
GATTGGTTCATCACAG-1,0.5428165470097812,18.776888963510675
GATTGGTTCCAATCTT-1,9.206875882671026,-8.485243729528012
GATTGGTTCCTTCACG-1,13.127803200828566,35.02413605225654
GATTTCTCAATACGCT-1,-9.068867514141047,26.520645854552168
GATTTCTCATACCACA-1,-7.212229865076033,26.20512022878594
GATTTCTGTAACGTTC-1,1.4225734771558058,-31.16259456874297
GATTTCTGTTGTTTGG-1,-7.650494163752724,30.680019650061098
GCAACATAGAAAGCGA-1,-34.23899652679254,12.348138463542433
GCAACATCACCCTAGG-1,-21.603463595702493,-14.144788852518372
GCAACATCAGACATCT-1,14.973816060050863,-13.77997170129959
GCAACATCAGTTAAAG-1,-6.465106368844521,36.17542782749248
GCAACATGTGAGCAGT-1,17.195031284468364,5.985301436825795
GCAACATTCATAGGCT-1,14.867638893859274,-2.277314103842691
GCAACCGAGTCATACC-1,20.492240984098302,13.992574560217902
GCAACCGAGTGTTGTC-1,-14.353302289636584,-20.779504923297466
GCAACCGGTAGTGATA-1,30.505617806341235,-5.401462147184811
GCAACCGTCGGAATTC-1,-14.475170983169109,10.374076891075019
GCACATAAGTGGTCAG-1,5.035621151365856,-1.713469055195756
GCACATACATACCACA-1,-17.15465037284605,24.20414026397265
GCACATAGTGGCAGAT-1,6.4699057610872615,-16.77489012907212
GCACATAGTTGAGTCT-1,-2.0013251574764572,26.555791289471923
GCACATATCAACCTCC-1,-24.593791684272894,3.704173001469046
GCACATATCCTTACCG-1,3.895088346588096,23.434699379729338
GCACATATCTTCGTGC-1,-24.440104433743663,-5.620816639614254
GCACGGTCACTCCTGT-1,6.3429931257546555,24.561524170649196
GCACGGTCATCAACCA-1,-2.8714224175525107,-11.900436899878404
GCACGGTGTAAGCTCT-1,-1.5619208258716333,-9.46405175390703
GCACGGTTCGCGCCAA-1,6.039619829699577,-16.910886724314516
GCACGGTTCGTGGCTG-1,-9.056879226759385,6.684385091069811
GCACGGTTCTACGGTA-1,17.582599490126317,12.88772673394508
GCACGGTTCTATGCCC-1,23.66643468095979,3.8680848420141865
GCACGGTTCTGGTGCG-1,1.6158964430836036,-4.453263366422841
GCACGTGAGAGGTGCT-1,12.962467029739031,-14.428948909114217
GCACGTGAGTCCTACA-1,7.0171154547441885,-49.09049583873099
GCACGTGCAAAGCTAA-1,21.757982185485698,-20.44106811793254
GCACGTGCACAGCTGC-1,-11.350781619824472,7.515343759553022
GCACGTGCACGGTGAA-1,-16.253726314336713,-6.220207996728356
GCACGTGCACTGCGAC-1,31.602529653930784,-22.06311989145899
GCACGTGTCAGTCACA-1,30.842845579876332,10.219390099642172
GCACTAAAGTGCCCGT-1,29.13921452298331,-13.043099507195775
GCACTAACAGTGACCC-1,-32.45343196233321,-25.331537536367815
GCACTAAGTAGTGTGG-1,-16.63924742346703,12.032781366938321
GCAGCCAGTTTCACTT-1,-5.919160117255435,-5.505183432861106
GCAGCCATCCACAGCG-1,-4.584805467693532,7.468119440083143
GCAGCTGAGTCATACC-1,-22.470828366825014,-32.60437725232995
GCAGCTGCAACTCGTA-1,-28.473770958398305,-15.08028437702826
GCAGCTGCACGTATAC-1,29.076215177271255,-12.737098935217102
GCAGCTGCAGACTCTA-1,-28.442038363627642,-18.316663378618177
GCAGCTGCATAAGCAA-1,22.854363735305235,1.3662867297633212
GCAGCTGGTAATCAGA-1,-17.81776546785603,-27.239073897494002
GCAGCTGGTACTGCGC-1,21.752058830119594,-3.4668508390144077
GCAGCTGGTATACCTG-1,38.00220646452507,21.93896929418914
GCAGCTGGTCTTCCGT-1,1.23935619660116,-30.196345240782872
GCAGCTGTCACTCCGT-1,-32.48169569789456,18.86244140590435
GCAGCTGTCGGTATGT-1,37.780116703694496,-14.894009092695194
GCAGGCTAGACATAAC-1,15.83222509001687,5.69690067635889
GCAGGCTAGCTCAGAG-1,-10.75452548866876,13.081779486593854
GCAGGCTAGGGTAATT-1,-9.721699997003192,-5.001961883642785
GCAGGCTCACGTTGGC-1,-11.80331933095385,-35.81309933874608
GCAGGCTGTTGTCTAG-1,30.61150223524766,13.736437444254792
GCAGGCTTCCACTGGG-1,-12.881273511939112,-35.63542968668257
GCAGGCTTCTACTCAT-1,14.98180481655875,-14.55301047478765
GCAGTTATCCCATGGG-1,33.4522203115321,11.411860223073067
GCATCGGAGCATACTC-1,11.69079219291071,38.17392337229304
GCATCGGGTCTTCATT-1,-24.62657860479685,-5.275740225045041
GCATCGGTCCGTTTCG-1,15.078792952295432,22.580998990293374
GCATCGGTCGTTGCCT-1,28.123844930844236,-3.2104568168711056
GCATCTCCATCACGGC-1,27.925478223051424,8.270898133044266
GCATCTCTCATGCCAA-1,-1.5453696235319583,-10.424694231505232
GCATCTCTCTACTGAG-1,-9.623631027300165,30.994333399404805
GCATCTCTCTCGAGTA-1,15.575917287829807,-22.082488500602228
GCATGATAGGAGCTGT-1,-19.610925368847457,31.164794033588148
GCATGATCAGAGATGC-1,15.82775195207704,-1.3447284757398918
GCATGATGTATTGACC-1,-24.748754087576224,8.941678374344015
GCATGATGTCTTGTCC-1,-14.391765032453527,-20.46090650918792
GCATTAGAGGATCATA-1,-10.521976201705744,33.16009860323777
GCATTAGAGGGAGATA-1,24.099048966302576,23.595694067424763
GCATTAGAGTACAACA-1,-26.450138536900827,-17.273573502425226
GCATTAGCAACCGTAT-1,-16.782545780860612,19.088092017173736
GCATTAGCAGAACCGA-1,13.52657524576168,35.37685630113954
GCATTAGCAGCAGTCC-1,8.220204136133276,-40.50946122727926
GCATTAGCAGTCTACA-1,25.53931683514576,0.17946786554708985
GCATTAGCATGTTTGG-1,-18.02115967891252,17.241006830277584
GCATTAGGTAGGCTCC-1,15.69617699238885,-6.546530619779979
GCATTAGGTTGTAAAG-1,-28.979355696164887,-11.675790883448737
GCATTAGTCAACTACG-1,8.229401404334503,-8.542968035283995
GCATTAGTCGAGATAA-1,-1.2473720431252897,-7.518651318507711
GCCAACGGTGAGACGT-1,5.920487884205081,1.7524953439582365
GCCAACGGTTTCGTTT-1,-27.218742504803068,-0.5017517134852905
GCCAACGTCAGGAAGC-1,-24.344375389649077,-14.4271249686405
GCCAGCAAGTCGCCCA-1,-17.654205522210447,-19.59061024604881
GCCAGCACAACCTATG-1,-27.301159032047785,-5.883741254951189
GCCAGCACATGGGCAA-1,-4.9519791339812596,-18.52894620428059
GCCAGCAGTTGGCTAT-1,-15.082361285965707,-4.363167796420805
GCCAGGTAGACAACAT-1,-19.351932457372016,5.7162724667556395
GCCAGGTCACAGACGA-1,-3.8020554463741516,-16.307969458808046
GCCAGGTGTAAGTCAA-1,9.492842863007047,10.534818691318595
GCCAGGTGTGTCCGGT-1,32.42028811199661,-25.388216380199374
GCCAGGTGTGTGATGG-1,-14.453057777436017,-4.821775360207864
GCCAGGTTCAGATTGC-1,-29.438182171612343,2.3239342809532713
GCCAGTGAGAAGGGAT-1,1.5347687538815673,5.82970174566348
GCCAGTGAGCCAGAGT-1,15.075335566730907,-5.6478459844720375
GCCAGTGCAATACGCT-1,-2.6815575013366493,9.557623089738351
GCCAGTGCAGCGTACC-1,-30.14514549523481,7.897808314884242
GCCAGTGGTAAGTAGT-1,-0.7734140889235815,6.975055031116829
GCCAGTGGTCCAGCCA-1,-4.8406169458170165,-18.965770352868496
GCCATGGAGAGGTATT-1,-15.630402408955312,-17.27091776771545
GCCATGGAGCTTAGTC-1,-41.60584104238785,14.800792896863808
GCCATGGCATACATCG-1,-8.722370854561847,-25.80932628018715
GCCATGGGTGGCTAGA-1,42.6144314863152,-5.114968627477871
GCCATGGGTTAGGCTT-1,1.1219374808921083,0.7315402781199047
GCCATGGGTTGCCTAA-1,29.455384184105764,-25.83298630542713
GCCATGGTCCACGGAC-1,24.05331002087954,5.336668207663927
GCCATTCAGAAGCTGC-1,-1.129230247721699,-0.2185909943041648
GCCATTCCACCAAATC-1,13.134219130491935,35.101597861868456
GCCATTCGTACTCGTA-1,-16.668271072205933,12.108628997755261
GCCATTCGTAGCTGTT-1,5.598036499779285,-24.47367296410476
GCCATTCGTCAAACGG-1,25.354147835851396,0.2872391512261836
GCCATTCTCTCGTCAC-1,13.161610577725725,19.195921787305473
GCCCAGAAGTCTGCAT-1,14.174071370252815,37.81659939956364
GCCCAGAGTTTACGAC-1,6.674554228640375,-0.3014814228370631
GCCCAGATCACCTGGG-1,4.879972078787429,-12.641506421271808
GCCCAGATCACGACTA-1,-24.53840192838698,9.463162573990688
GCCCAGATCCTCACCA-1,-26.69315103637811,-5.504814820028699
GCCCGAAAGGGTTAGC-1,31.16815473720897,12.233005378209688
GCCCGAACATGCGGTC-1,-22.580123730017643,-15.747908326269364
GCCCGAAGTAACCAGG-1,-5.874020049383459,12.169799022349016
GCCCGAAGTAAGTCAA-1,34.13826805964583,10.023798087144685
GCCCGAAGTAGAGACC-1,-4.170313144170867,28.088842063530954
GCCCGAAGTATGAAAC-1,9.939132855585491,10.598616113017574
GCCCGAATCCACTAGA-1,28.111436574554517,-12.082527480883535
GCCCGAATCTATCGCC-1,-3.361091768798871,-41.725854897333704
GCCGATGAGAATGTTG-1,-33.80270870124611,-25.3132178736191
GCCGATGAGGAGACCT-1,34.29912332239217,0.5699882608876005
GCCGATGAGTCGGGAT-1,0.5972095652482627,-16.549830034399005
GCCGATGCAGTTGGTT-1,9.84385101907038,10.342551086195245
GCCGATGCATAGTCAC-1,-21.473819323590444,-4.344449330868399
GCCGATGGTCGTGGAA-1,-2.027083279489947,-41.5206205515351
GCCGATGGTCTCAGAT-1,0.42073611356783136,4.305532906699133
GCCGATGGTTCTAACG-1,-24.925583519867242,17.256279576202513
GCCGATGTCGTGAGAG-1,-33.26781842890635,2.644262774913975
GCCGATGTCTTGCGCT-1,19.332780872577334,13.975736625002991
GCCGTGAAGAGCATAT-1,37.815075499382125,21.841584182000727
GCCGTGAAGCTTTGTG-1,-26.129970028279015,19.16384076499357
GCCGTGAGTCAACGCC-1,9.929661296965735,-15.212309246131687
GCCGTGATCTTCACAT-1,16.853834837776105,-34.3443337638389
GCCTGTTAGCCGGATA-1,29.597775551766727,14.667088325048052
GCCTGTTAGTTCCGTA-1,-18.729216020311313,24.554145245552498
GCCTGTTCAAATGAAC-1,33.83298599414485,9.867681147423442
GCCTGTTGTACTCGAT-1,1.3924685172611362,-2.826327806524367
GCCTGTTGTGCTCCGA-1,24.103922719942503,-3.9815865255040817
GCCTGTTGTTCTCTCG-1,-32.426080592829116,11.335498689624124
GCCTGTTTCTGTGTGA-1,-4.9821000140288625,-8.267583514498703
GCGAGAAAGACCAGAC-1,12.370899362681183,9.914859370143011
GCGAGAAAGCGTCAAG-1,11.357714571973991,9.73556086966689
GCGAGAAAGGCTTAAA-1,-33.167364997879254,19.200115315090926
GCGAGAACAAAGAGTT-1,9.475088767313894,-7.822516523142829
GCGAGAACAGAGTCAG-1,-26.240580731333658,-12.18899289280591
GCGAGAAGTAGCGCCT-1,14.217015136290708,-29.283620593704285
GCGAGAAGTGGCAGAT-1,4.900586825248754,44.08078188532678
GCGAGAATCAAACGTC-1,-9.198732220478153,33.732907974988265
GCGAGAATCCCAAGCG-1,-22.032409113481364,-24.652746298716227
GCGAGAATCGTGACTA-1,23.62439820807122,-0.664080803828638
GCGATCGAGCAAGGAA-1,15.804220853550202,-6.587596616595513
GCGATCGCACGGTGAA-1,30.196069113927884,-4.930056025836925
GCGATCGGTTTACACG-1,52.73746115580541,11.00293638191725
GCGATCGTCACGTAGT-1,-24.415417722854677,-12.908433150509149
GCGATCGTCATGAAAG-1,0.03328805383511399,9.179956787784974
GCGATCGTCTCGCCTA-1,-35.48219445550069,10.466817101797139
GCGGAAACAGTCGGTC-1,-25.379830062937067,-17.028637465961964
GCGGATCAGATCCCAT-1,-1.5080575916784742,-10.595057660160156
GCGGATCAGCCTCAGC-1,16.73907767117025,3.9071784221069494
GCGGATCCACTGGACC-1,15.01298715784331,31.289875327818912
GCGGATCTCACGGAGA-1,14.86851680550555,-6.108237702392204
GCGTGCAAGATCCGAG-1,7.568847991982747,-13.035097710658018
GCGTGCAAGTCCTACA-1,-13.664347895314956,-22.507940081986167
GCGTGCACACCGGTCA-1,-15.407044842106114,-1.430297745471063
GCGTGCAGTAACGCGA-1,16.018396032594058,2.5307634286321146
GCGTTTCCAACCACGC-1,4.882785009421194,-12.649566645311141
GCGTTTCCAATTGTGC-1,52.73748999456413,11.002925826927349
GCGTTTCCACATTCGA-1,23.050277314845886,-21.10262333426412
GCGTTTCGTCAAATCC-1,15.4040102618504,-6.1290767202271486
GCGTTTCGTCACTAGT-1,44.063440729490125,-4.199050968110424
GCTACAAAGACAAGCC-1,24.02851117227307,23.72919132707182
GCTACAATCCAACACA-1,33.25865331521313,10.483366131577746
GCTACAATCTTCCAGC-1,5.824948151321386,-24.36311637951885
GCTACCTAGGCTAGCA-1,-23.66010142544802,10.597869262782766
GCTACCTGTCGTCAGC-1,-28.02615655875233,-13.243489120013091
GCTACCTTCACTACGA-1,7.625963674628649,-0.3303235659314164
GCTACCTTCTTCCAGC-1,23.898983861093715,23.893512697914264
GCTCAAAAGTAGTGCG-1,-4.964246366638899,-19.18836528461662
GCTCAAAGTACCAGAG-1,28.243181537270225,2.806839018929596
GCTCAAAGTTCTAACG-1,23.77487565756325,-3.907796202567495
GCTGAATAGTCGAAGC-1,-26.42242874620494,18.67073219404602
GCTGAATGTATCGCGC-1,-15.237780918215758,11.482391608789102
GCTGAATTCGGCATCG-1,-8.128996539988956,11.100584381007792
GCTGAATTCTCAGTCC-1,-13.908172694402632,-23.045829465886438
GCTGCAGAGAAATCCA-1,22.063797018725552,-3.6534084008581997
GCTGCAGCACTATCCC-1,7.562540026486147,27.166568959090487
GCTGCAGCAGTTAAAG-1,-7.515769074461081,18.10068550861241
GCTGCAGGTCGAAGCA-1,21.593217015426564,-20.26534489241251
GCTGCAGGTGGACTGA-1,-7.632825463442193,21.737645240994098
GCTGCAGTCACCTGTC-1,12.373675678458662,38.71338878171007
GCTGGGTAGGTATCTC-1,-17.82523197222464,-27.22867553581503
GCTGGGTCATTGCCTC-1,-5.344846294672218,-7.671541978779088
GCTGGGTGTTGTGTTG-1,15.100182946433156,30.556763885355302
GCTTCACAGTTGCTCA-1,-21.976928837458836,-4.647453521113273
GCTTCACCAGGAGGTT-1,23.775034295384454,24.05029747506493
GCTTCACGTCGTCAGC-1,7.727065005795356,-41.04483349330102
GCTTCACGTGGTTTAC-1,-9.266354232360792,0.8147562859218183
GCTTCACGTTGGCCGT-1,52.7373935918332,11.002907355278909
GCTTGGGAGCGACTGA-1,18.415837311790565,12.675403807704786
GCTTGGGAGGAGATAG-1,-1.021808676208339,-12.064576710979853
GCTTGGGAGGTCGAGT-1,31.235494484112778,12.89683335038025
GCTTGGGCAGTCGTTA-1,-27.158324382356387,-14.806319408966989
GCTTGGGGTAGGCAAC-1,23.841656930269526,-0.3368009780804028
GCTTGGGGTTGCTAGT-1,-6.945800590475719,25.502193062621476
GCTTGGGTCCGAGATT-1,-33.14364052391221,19.093430370403368
GCTTGGGTCGTTCATT-1,-22.313271295373355,-24.07322572676193
GCTTGGGTCTAAGAAG-1,21.99903840182816,-20.137336065689645
GCTTGGGTCTTGGAAC-1,6.483457766789425,27.77535579289016
GCTTTCGAGAACGTGC-1,-0.2525741711149902,-21.705370445967997
GCTTTCGAGCAGCCCT-1,24.482834980437875,-4.126652360865316
GCTTTCGAGTGCTAGG-1,-24.217965907270795,-14.65913561409523
GCTTTCGAGTGGTTAA-1,14.164770086719704,-1.6419420380640153
GCTTTCGAGTTTCAGC-1,-34.34621519211695,2.498212922097657
GCTTTCGCAACGCCCA-1,-7.69735818378706,-5.283887283594976
GCTTTCGCACTACGGC-1,-17.38256934053465,29.7345068748516
GCTTTCGCATCGATAC-1,-27.747258464201085,-13.86215889776259
GCTTTCGCATGAGATA-1,52.73735072290345,11.002894168306291
GCTTTCGGTCACCGCA-1,-4.964246366350638,-19.18836528286383
GCTTTCGGTTAAACCC-1,-33.525808982161244,19.352550445301787
GGAACCCAGAATAACC-1,0.6570479025071533,-15.42125121968456
GGAACCCGTCATATGC-1,-13.426106998419188,37.515533966210434
GGAACCCTCAGAGCGA-1,-12.30774144622437,11.873892890939036
GGAACCCTCGGTTCAA-1,15.344280939150007,-29.660891357580052
GGAAGTGAGACTCCGC-1,24.167345677442178,23.80317721509309
GGAAGTGAGGAGTATT-1,-17.47642046444232,-19.80183535131906
GGAAGTGAGGCATCGA-1,-11.880823535737115,2.868253116539309
GGAAGTGAGTCGCCCA-1,-2.545318225870992,27.284967186620978
GGAAGTGCAATTCGTG-1,-14.061613532467932,-2.856844668646743
GGAAGTGCAGCTCTGG-1,11.3015836315322,-31.60406787640822
GGAAGTGGTACCGGCT-1,-16.731037005522378,-6.1737570499178345
GGAAGTGGTACTGAGG-1,-1.3231582269358335,9.507835986707995
GGAAGTGGTCTGTTAG-1,-22.207125536269707,-3.6617478531567658
GGAATCTCACGCCAGT-1,-12.055409626460733,-13.146822433852325
GGAATCTCATTGCTTT-1,-2.5152081721010813,8.193878217363746
GGAATCTTCATTGGTG-1,-0.6602511700061741,10.267261167086254
GGAATGGCATACAGCT-1,38.24619575387277,21.849622488525306
GGAATGGGTGATTCAC-1,32.02622789486679,-26.990438009863777
GGAATGGTCGGCTCTT-1,19.73527091340764,3.3444311334951555
GGACGTCAGCAACTCT-1,-26.68969310409577,-5.449162349997051
GGACGTCCATAGAATG-1,-23.00495554989394,3.09936165147835
GGACGTCCATGGGATG-1,-4.921188643081212,-18.889196170866555
GGACGTCGTATCGAGG-1,-10.131918085101983,1.4194372401733593
GGACGTCGTCCTGTCT-1,-24.914077869381217,-30.375211390607976
GGACGTCTCTTCCAGC-1,15.577210891536359,30.625916481285255
GGAGAACCAAGGACAC-1,9.36773121643343,20.737973258601773
GGAGAACCACAAAGCG-1,2.7356830897825826,-24.200528622001567
GGAGAACTCAATCCAG-1,-11.786186033610461,-12.046753459594052
GGAGAACTCGTCGACG-1,6.131099334726805,31.112491296900085
GGAGAACTCTTCGTAT-1,-23.15886070774646,-21.762349661522787
GGAGATGGTACTGTTG-1,-28.117038319090977,-15.346893377857795
GGAGATGGTGTAGGAC-1,-10.198723205112675,1.2745799720452766
GGAGATGTCCACTTTA-1,40.03633778301221,-2.6440597556949634
GGAGCAAAGACAAGCC-1,-24.715927082506248,-33.765943652801795
GGAGCAAAGGTTTGAA-1,-32.82128825421096,-23.89934557539319
GGAGCAAGTTTACTTC-1,-6.961989608399003,-29.38310046795193
GGAGCAATCCATGCAA-1,23.966872142800323,23.573524031908317
GGAGCAATCCCAAGCG-1,-11.213127395348371,-35.99647974245331
GGAGCAATCGGTCAGC-1,-23.884403465107873,9.539894111800551
GGAGGATCAGCTTCCT-1,-7.8104876878914595,25.1403274546071
GGAGGATGTACTGAGG-1,37.078368309213545,21.001813961414282
GGAGGATGTCGAAACG-1,13.11876252935542,-27.349725681129417
GGAGGTAAGACCCGCT-1,4.439430261747652,25.750368795759783
GGAGGTAAGCAGATAT-1,-23.971805344683123,-5.831937691563701
GGAGGTACAGAAGCGT-1,-35.27216646910609,10.724279246116259
GGAGGTACAGGCTCTG-1,-29.749002885824172,-15.447643014369204
GGAGGTACATGACCCG-1,10.95869568910402,17.99526550715157
GGAGGTAGTTAATCGC-1,-16.072809724533496,11.648561213340214
GGAGGTATCAGCACCG-1,-27.17004568248966,-15.067381255300413
GGAGGTATCATTGCTT-1,-9.23828512045485,-25.589997230029965
GGATCTACATCACAGT-1,3.551871647487034,44.68185930868457
GGATCTAGTGTTTACG-1,-24.952733302188456,-30.370121204258904
GGATCTATCAGGGATG-1,4.125595437787969,-17.024543484373527
GGATCTATCCAACTAG-1,-11.653774055264577,7.577700202974933
GGATCTATCTAGTCAG-1,6.444066825073645,-40.70438728566517
GGATGTTAGCCATTGT-1,29.13945085457372,3.3527253408160504
GGATGTTAGCCTGAAG-1,-33.655447519164504,20.808856888697058
GGATGTTAGGCCATAG-1,-25.269898403544712,17.600833074927397
GGATGTTGTGGCGCTT-1,-1.7043196933366065,-0.03895511107580049
GGATGTTGTGGGTCAA-1,-17.837041713274935,-27.20775548292298
GGCACGTAGGACTAAT-1,-2.276437422853355,13.030277809450931
GGCACGTAGGGTAATT-1,-0.1263961531071619,-21.85521315796779
GGCACGTAGTGTAGTA-1,-35.85077036926772,13.437698585030997
GGCACGTCAAGATGGC-1,-16.76312404546532,-4.229067139033572
GGCACGTTCAAATGCC-1,12.97735430715508,37.071870048498944
GGCACGTTCACTTTGT-1,-24.748612246451515,-30.176934002152525
GGCACGTTCGCAATTG-1,15.723692434548207,-29.39533043044458
GGCACGTTCTTGAGCA-1,0.8435834077811583,-20.320409531885797
GGCAGTCAGGTGGTTG-1,-4.305125017362993,-4.676996085695195
GGCAGTCGTCAGACGA-1,35.20612208944141,0.5381003268498605
GGCAGTCGTCAGGTGA-1,11.574812568193149,-31.452100086415694
GGCAGTCTCACTTCTA-1,-4.742612971539441,-17.888950053852003
GGCGTCAAGAGCATAT-1,22.887184525156123,23.73670970558946
GGCGTCAAGAGTCAAT-1,-2.2469381691987205,13.000789841188796
GGCGTCAAGCATCAGG-1,34.70889448169438,0.8041259798849147
GGCGTCACAGAATTCC-1,-20.421336905440175,24.549050139040183
GGCGTCACAGATCCAT-1,21.6699545340384,-19.10484323411996
GGCGTCAGTATAGCTC-1,-30.54160127783723,10.785019329797652
GGCGTCAGTGGTATGG-1,15.690056914862707,22.687503964023776
GGCGTCATCCAGCTCT-1,-8.73655812246112,23.004041104658146
GGCGTCATCTGTCGTC-1,13.955458826795228,-30.12726420457465
GGCTGTGAGCGCCCAT-1,7.523747236539349,27.111097964430606
GGCTGTGCACATTACG-1,22.698023547667866,-12.561516588048601
GGCTGTGTCTTGGGCG-1,15.26736414483472,3.513945632195371
GGCTTGGAGGCTTTCA-1,-11.115860509546614,-11.295081397922445
GGCTTGGGTAGAGTTA-1,-9.639281075101815,2.2400854528018668
GGCTTGGGTCTCGGGT-1,-8.053441302214289,-6.674398972292714
GGCTTGGTCGAAGTGG-1,-24.594324059614298,9.539010186941898
GGCTTTCAGAGTGAAG-1,-34.929995160122296,10.022197387796972
GGCTTTCAGGTGAGAA-1,23.730423106121236,23.576185979826363
GGCTTTCCACCAGCGT-1,-8.18618084295199,-9.095990897208265
GGCTTTCCACTCACTC-1,33.765148126535436,10.857042192569375
GGCTTTCGTACGGATG-1,29.730767142359678,-13.862707383853802
GGCTTTCGTGAGCAGT-1,-19.565873726522213,1.755785205183302
GGCTTTCGTTCCTTGC-1,16.26572802571352,-35.55301840567785
GGCTTTCTCTATCGTT-1,41.62994532635226,-6.521933662174852
GGCTTTCTCTGGACTA-1,20.579539879034144,-20.34953531082562
GGGAAGTAGTTCCTGA-1,-2.574619417714175,3.045975785183628
GGGAAGTCAAGCGGAT-1,-8.675932920600705,34.06240964855501
GGGAAGTGTATGGTTC-1,15.640313361381434,-21.94896439536974
GGGAAGTGTCTAACGT-1,-19.600575990762287,31.154972121272262
GGGAAGTTCCTACCGT-1,-24.82299296966985,-33.71312662530197
GGGAAGTTCGATTTCT-1,3.9939430296773315,16.873529025019867
GGGACAAAGCATGATA-1,-33.24899057422353,9.238274355160845
GGGACAAAGCTCATAC-1,14.837272946007438,-4.857214252072579
GGGACAAAGGTAAGGA-1,-2.2213627084727254,-40.569988498926485
GGGACAAGTAGCCCTG-1,18.97502444212847,12.474069786956553
GGGACAAGTTGGGACA-1,-13.81595308314421,-11.360798687806748
GGGACAAGTTTAGTCG-1,2.688776807253388,44.57677891581652
GGGACAATCAAACTGC-1,-3.796949756046391,7.364325467849991
GGGACAATCGGTCAGC-1,37.60718680659201,-14.483966879458885
GGGACAATCTAGTGAC-1,27.85127173833661,32.227050094613205
GGGACCTAGTAGGAAG-1,-5.783501376370515,22.050221818582727
GGGACCTCACGGAAGT-1,-14.514769468081555,38.23951184694472
GGGACCTCATAAGCAA-1,-6.812376506958023,-17.08709581240763
GGGACCTGTACTCCCT-1,7.905803221367774,-40.45745706063063
GGGACCTGTCGTCATA-1,-11.477118031262789,9.127035553842203
GGGACCTGTTCGGTAT-1,-23.779456703455335,-34.14756922957627
GGGACCTGTTGGGCCT-1,-6.4496062353661125,36.16802472577738
GGGACCTTCGCTGTTC-1,-12.366427773236971,-12.348408324643994
GGGACCTTCGTTTACT-1,32.33611478179945,0.6470971298968823
GGGACTCAGCGGTAAC-1,-33.54826052584336,3.965222275957602
GGGACTCAGTGACCTT-1,-14.21815084321055,-20.449820736668777
GGGACTCCACTCTGCT-1,-13.330616529802677,-36.00264971422547
GGGACTCGTATTCCGA-1,-24.159602166277985,-33.802687162163224
GGGACTCGTCATAGTC-1,-14.536565359342374,38.101713037833406
GGGACTCTCCATTCAT-1,22.20136180874665,-20.47021516815609
GGGACTCTCGGAAGGT-1,-10.044285845876935,15.155320048948706
GGGACTCTCTTGTGCC-1,20.6452809168662,13.870609409663825
GGGAGATAGATTAGTG-1,-17.48818177165311,-19.821343160777275
GGGAGATAGGAATTAC-1,-4.103628716453361,29.30427641581924
GGGAGATGTGGACTAG-1,8.873216797836976,-17.236677989980624
GGGAGATTCGTTGCCT-1,-1.311625259402068,-0.7446314136490847
GGGAGTAAGCGGGTAT-1,-16.597130468034628,11.978958616968999
GGGAGTACAGTCGAGA-1,13.125426073612822,38.732496865078176
GGGAGTAGTAGATTGA-1,28.377414199643194,11.89728910147859
GGGAGTAGTAGTCGGA-1,-11.7348451814753,-35.78806141522831
GGGAGTATCACCCTCA-1,-9.310818434649205,40.4155647845028
GGGAGTATCCTCATAT-1,52.737378307831804,11.002893108574726
GGGAGTATCGCTGCGA-1,-4.4933376146708035,-19.19571399407843
GGGATCCAGAAGGGAT-1,1.893018769535348,-31.240996888581023
GGGATCCCATGGCCCA-1,11.650574093947561,-8.62318516729586
GGGATCCGTATCTCGA-1,-2.9566033310696223,24.986450314059713
GGGATCCGTCATTGCA-1,29.009677739527675,3.6045950413754113
GGGATCCGTCGAGCTC-1,14.319324447250155,-28.143152508599538
GGGATCCTCATGGAGG-1,29.252360164595405,-22.06082031649376
GGGATGAAGTAGGTTA-1,6.887387195041213,26.405518838095436
GGGATGACAAGTGTCT-1,13.192575766227348,17.92044271665857
GGGATGACAGCACACC-1,-1.9207247220912862,-41.71769070796627
GGGATGACATCCCACT-1,-20.743530687777323,-11.186535784410877
GGGATGAGTATATGGA-1,15.671698862642327,-6.636071594183284
GGGATGAGTTCGAACT-1,29.406140841932643,-13.632760695309484
GGGATGAGTTGACTAC-1,23.598078481117476,-11.458307345484954
GGGCCATAGGTCACCC-1,9.432648964350431,-19.51260686723525
GGGCCATAGTACGTCT-1,42.56530834430799,-3.8333248738014882
GGGCCATGTAACTGCT-1,12.35764243226714,-32.789955671513596
GGGCCATGTACGCTAT-1,5.253362062664456,-24.483882723971263
GGGCCATGTCCGAAGA-1,42.49893247545041,-5.228069024255499
GGGCCATTCAACTGAC-1,-8.391471018877365,24.451265854929353
GGGCGTTAGACATCCT-1,-7.155144175074465,3.9268717136781914
GGGCGTTAGGAATGTT-1,13.466386685908269,-30.709010103042207
GGGCGTTCAATTGCTG-1,-6.400370612145692,36.264537425982404
GGGCGTTGTACCGTGC-1,4.456743485779522,0.023048202811491607
GGGCGTTGTCTGTGGC-1,14.279894177894226,22.15210625672404
GGGCTACAGAATTGCA-1,-26.33634889783711,19.169004720930186
GGGCTACAGATGTAGT-1,23.055708162190474,-12.532270116678728
GGGCTACAGCACTCTA-1,14.14682129150643,-1.4112243650366574
GGGCTACAGCAGTAAT-1,-42.3641938638305,14.25958652911334
GGGCTACCACCTCGTT-1,-31.8001893203611,16.15339938298157
GGGCTACTCATAGCAC-1,22.913293732198877,22.69824684497941
GGGCTCAAGTTTCGAC-1,52.737477668637766,11.002952450086328
GGGCTCAGTCACGTGC-1,12.388706914836233,18.64665835354453
GGGCTCATCATCGACA-1,-17.51066181240959,-19.8561862960101
GGGCTCATCCCATAGA-1,12.456826702996985,18.444669789767556
GGGCTCATCCTCAGGG-1,5.473366306770712,0.49986546298537926
GGGCTCATCTTGGTGA-1,16.02241761092202,-6.197220323932961
GGGTAGACAGCTTCCT-1,-13.82956015398175,-35.473272239402576
GGGTAGATCATGACAC-1,-7.497434967096272,30.61824968652845
GGGTAGATCCATCTGC-1,2.731393736510107,-26.088654475817595
GGGTATTCACCAGACC-1,16.565088327059016,-13.159467223662306
GGGTATTCACCCTAGG-1,16.826801678150378,-35.41441630564793
GGGTATTCATGACTAC-1,7.666853981882135,-0.5402439643576034
GGGTCACAGCTAAACA-1,-8.48649602466595,7.819868737450244
GGGTCACAGGCCCACT-1,22.56507054284647,-12.96688020679848
GGGTCACAGTAAATGC-1,-17.33126993582271,28.696558948648597
GGGTCACGTAATTAGG-1,-28.11600869435848,-15.347389008500853
GGGTCACGTCCGGTGT-1,-16.417685534833375,-5.423898816806409
GGGTCACGTGAAGCTG-1,12.830792656461222,-14.458382216074328
GGGTCTGAGTAAAGCT-1,25.76153722833375,24.261021159846777
GGGTCTGCAAGCAATA-1,-14.546316297612151,2.0402126715548525
GGGTCTGCACCCTGTT-1,12.569301783260737,18.363499928850434
GGGTCTGCAGACACAG-1,6.375872679326183,27.44399305078188
GGGTCTGCAGACACCC-1,-26.10660188791628,6.369539628531154
GGGTCTGCAGTCCCGA-1,12.695062368138837,-28.63963567901049
GGGTCTGGTCGAGTGA-1,-13.749404388727326,-22.431372974657187
GGGTCTGTCCATCTCG-1,24.660276956699526,3.214435998224578
GGGTGAAAGGTGCAGT-1,36.279993375558234,2.6298511614110556
GGGTGAAGTCGACTGC-1,-31.42871624889302,-2.590361982929965
GGGTGTCCAGAGTGAC-1,3.818139761960166,37.81941232026285
GGGTGTCGTTCTATCT-1,-9.578555465873567,33.63787356474248
GGGTTATAGTACAGCG-1,0.453770160068507,-31.717267633653
GGGTTATCAATGCAGG-1,8.140018769925744,-40.67028620337832
GGGTTATCAGCGAACA-1,-2.3620762923559844,15.478597312028981
GGGTTATCAGTTGTCA-1,27.68614234496177,-6.965338021607718
GGGTTATCATGAGAAT-1,42.46556497093819,-5.416117074851638
GGGTTATCATGATCTG-1,37.58718147411052,21.982011730371454
GGGTTATGTGTCCAAT-1,-5.788595012826043,12.75511705259577
GGGTTATGTGTCTAAC-1,-3.53676045006857,5.112139520386265
GGGTTATGTTGCTTGA-1,-6.884546321705629,-11.908338181031294
GGGTTATTCGACACCG-1,21.94253562500155,-21.07468564665385
GGGTTTAGTATGAAGT-1,-24.662100145353104,16.214525893974468
GGGTTTAGTGTCCGTG-1,25.245940260753667,0.39274711014655006
GGGTTTATCCAGGACC-1,-46.06307576022128,1.9917270111256011
GGTAACTAGAATTGTG-1,24.807480628807806,22.25033647628337
GGTAACTAGAGATTCA-1,-1.9864228428980246,-41.74015892570547
GGTAACTAGCACTCTA-1,14.413185696573075,21.17302894862738
GGTAACTCAACTCGTA-1,1.9111441577387007,-11.09881726587742
GGTAACTCACGTACTA-1,-14.758265353753366,-19.836913451530716
GGTAATCAGACCAACG-1,-13.559981119855463,5.469805191094959
GGTAATCCAGAATTCC-1,-16.437276685230962,3.728491677661353
GGTAATCCAGCGAACA-1,15.707578550022303,-21.788595045954093
GGTAATCCAGTCTCTC-1,-25.77189501485306,-14.671110654715942
GGTAGAGAGCGATGAC-1,-19.60422167216667,31.049470020394097
GGTAGAGAGGTGCCTC-1,15.2361452412221,-6.639803680025454
GGTAGAGCAATACCTG-1,-16.72438074291702,12.126675512356922
GGTAGAGCATGGTACT-1,-27.441685067626143,1.6483426375388697
GGTAGAGGTCGCGTTG-1,1.6942252357215692,-3.5561193291518167
GGTAGAGGTGACCTGC-1,-12.63463628708031,-12.291727317009963
GGTAGAGTCAGATTGC-1,16.784499458186573,-36.29532829165906
GGTAGAGTCATCGACA-1,-6.261582491802211,-17.954812516128534
GGTCACGAGCGGTAGT-1,-7.130086932769646,9.98133850295834
GGTCACGAGTCGTTAC-1,-24.80285115738955,9.625986327372104
GGTCACGCATGGGTTT-1,28.396523084787127,10.993446350749025
GGTCTGGAGGTCACAG-1,13.002542115001322,34.56473459265691
GGTCTGGAGTGGTCAG-1,19.98378268792975,10.164084987399614
GGTCTGGCAAAGGATT-1,24.08862013697559,23.753127092807844
GGTCTGGGTTAGGAGC-1,-26.57273525935066,-6.861451909918149
GGTCTGGGTTGCGGAA-1,-8.026823918306963,23.48764277726529
GGTCTGGGTTGGGAAC-1,15.944280997037291,-6.532086442960054
GGTCTGGTCACTTTGT-1,23.691012550564547,23.641308189106404
GGTCTGGTCCATTCAT-1,-13.107472450992624,-12.007616423395115
GGTCTGGTCGTAGAGG-1,0.987313489527942,-18.23884040639357
GGTGAAGAGTACCGGA-1,3.211973861192416,37.76517696589551
GGTGAAGCAAAGTGTA-1,-29.99052797318693,-15.5453511020862
GGTGAAGCAAGGAGTC-1,14.807734648665452,-32.563519681307085
GGTGAAGCACTACGGC-1,7.532853028461954,-40.82378868141301
GGTGAAGGTACCTAGT-1,-1.6098355920246434,9.35648498974601
GGTGAAGGTAGCTTTG-1,-35.92278086043869,9.66592795456409
GGTGAAGGTTCGGACC-1,-33.268830264504686,2.6956115314040754
GGTGAAGTCATAGACC-1,-24.41293696749722,7.615422029569618
GGTGAAGTCGAGCCAC-1,16.291638372786956,-13.736017309079427
GGTGAAGTCGGTTGTA-1,-10.955878639850155,-12.094109778821203
GGTGAAGTCTCTAAGG-1,3.718348498315627,37.48191817703122
GGTGATTAGCCGTCGT-1,-24.054240963208212,-33.89092939466436
GGTGATTAGGTGCAGT-1,1.0321741974321303,-20.006264007139784
GGTGATTTCACACCGG-1,11.456965045296961,9.593712501055604
GGTGATTTCCTGGTCT-1,21.461644044618208,13.390788162434589
GGTGATTTCGATAACC-1,-11.788762542420079,-36.26689431753368
GGTGATTTCTACTCAT-1,30.226276384072747,-4.676751729114871
GGTGATTTCTTGTTAC-1,22.88637654164246,11.879920254767976
GGTGGCTAGCATGGGT-1,33.71714528072724,13.025537317269345
GGTGGCTAGCGATGCA-1,-33.451114340030145,-6.669256222817442
GGTGGCTCATATAGCC-1,29.647467154030522,4.062924147087909
GGTGGCTCATGTTCAG-1,-0.353417248982007,-21.832013353054343
GGTGGCTGTGCACGCT-1,-23.55495676172451,7.964628192520896
GGTGGCTGTTCAATCG-1,20.8730445399854,14.068290127806373
GGTGGCTTCCTTATAC-1,23.11532266188483,-3.9679501315371044
GGTGGCTTCTGAGTCA-1,24.394562519225445,0.6918189995014584
GGTGTCGAGAACAGGA-1,-15.145961064526979,-1.6967167646305137
GGTGTCGAGAGCACTG-1,-3.8787674003193215,-18.715728964622226
GGTGTCGAGCATCAGG-1,-16.37444045425176,5.860541856215372
GGTGTCGCAAATCAAG-1,-40.35366249199109,13.53808305457971
GGTGTCGCAGAGGCTA-1,-4.755804978489164,-17.86427880400591
GGTGTCGTCCACAGCG-1,8.256605506640854,-48.2387192693728
GGTGTCGTCTAGTTCT-1,15.226366115267506,-31.021476126099312
GGTGTTACATGGGCAA-1,-28.720782364898255,-15.920777763964661
GGTGTTAGTTACGTAC-1,29.931978457366217,-5.240993265036411
GGTGTTATCGCCTAGG-1,9.566871283321124,-0.9838667950258175
GGTGTTATCTTCCGTG-1,-5.090721660747248,-18.60380759809315
GGTTAACAGCGACTTT-1,29.170704147307752,14.570878743249056
GGTTAACCAACTCGAT-1,3.647705938703749,16.766154200578566
GGTTAACCAGACTCTA-1,-1.9979107188895993,-41.68029582905318
GGTTCTCAGTAGGAAG-1,-33.29490486343028,-25.56920132023954
GGTTCTCCAATCTCGA-1,-24.26400490878022,-15.030266210011986
GGTTCTCCACTCCCTA-1,9.931763470724071,16.285037978722972
GGTTCTCCAGGCTACC-1,-36.12947113069577,19.991574841295513
GGTTCTCGTGACTCTA-1,-4.108847916820022,-29.835577256130247
GGTTCTCTCCGCTGTT-1,-1.554455771442167,-10.415896946100071
GGTTCTCTCGATACTG-1,12.620241678692812,-32.58062629834825
GGTTCTCTCTTCTAAC-1,-10.713469406251367,-34.301367909991114
GGTTGTAAGATTGAGT-1,38.129605241281624,-15.060611781055325
GGTTGTAAGCTGTTCA-1,34.87805187364473,10.234333157446002
GGTTGTAAGGGCAAGG-1,9.628856108649932,-16.25476924943226
GGTTGTAGTAACCAGG-1,2.310914835726561,7.648674369544435
GGTTGTAGTAACGGTG-1,-3.591372928380354,-6.0032063170135554
GGTTGTAGTACAGTCT-1,13.87781148310502,39.03840166536337
GGTTGTAGTACGTACT-1,5.985898774317465,24.139584478524156
GGTTGTAGTCCCTAAA-1,-6.949691585227379,-4.051837306156765
GGTTGTAGTGATTAGA-1,-23.944342291594708,-10.168788561703046
GGTTGTATCTGAGTCA-1,-17.689928288048662,31.027548005063537
GGTTGTATCTTGTTAC-1,12.715084579769433,35.76317314366609
GTAACACAGCTTTGTG-1,-31.965653840261034,-25.700602275689604
GTAACACCAATTGCAC-1,-6.881127031514813,-16.90435356677105
GTAACACCAGGTCAAG-1,1.1903933381705658,-34.79292204923564
GTAACCAAGATGTTAG-1,-12.116784789612336,-36.05609918218164
GTAACCAAGCCAGAGT-1,-5.0265912358897165,-1.556068443398191
GTAACCAAGCCTCTGG-1,-25.569769762837094,9.896874355927604
GTAACCACATGGTGGA-1,7.302654095805546,-26.404567101855147
GTAACCAGTAATCAGA-1,-25.978909406858488,16.55309692729915
GTAACCAGTTGGACCC-1,19.394564000211435,-28.099776053365584
GTAACCATCTGTCGTC-1,19.57288551540372,11.928495269379784
GTAAGTCAGATTGCGG-1,3.834783391893839,44.729558701098625
GTAAGTCAGGTGCATG-1,-42.961519863614,14.622679149178062
GTAAGTCAGGTTACCT-1,1.0770452955859757,2.2422559388681353
GTAAGTCAGTTGGACG-1,52.737415934745734,11.002921024645454
GTAAGTCCAAGAATAC-1,-33.001488694239626,11.563528795989281
GTAAGTCGTACTCGAT-1,-8.109809610231165,2.3084477326302717
GTAAGTCGTAGAAACT-1,22.39601177287243,-20.49382630441247
GTAAGTCGTCCAACGC-1,-5.1043447792056,12.610926884632677
GTAAGTCTCATCCTGC-1,-19.010869067926482,31.37070275630149
GTAAGTCTCCTGGGTG-1,-12.015327152011,31.0553192812303
GTAAGTCTCTCTTAAC-1,14.4956596462352,-27.91692053498639
GTAATCGAGAAGAACG-1,11.602659446740617,9.84685240655992
GTAATCGAGAGCTGAC-1,34.67302503919727,1.02102964129838
GTAATCGAGCGTCAGA-1,-11.548322810821684,-37.17890257227456
GTAATCGCACGTAGTT-1,-3.9235707970638383,-2.3346981875684825
GTAATCGGTAACTTCG-1,1.4744243719792287,-3.6767293018994374
GTAATCGGTCACCCTT-1,11.213044496652772,21.40546268498157
GTAATCGTCATTTGGG-1,5.185254273998179,23.93406877932006
GTAATCGTCTCCTGTG-1,15.516027737605663,38.221959956723836
GTAATCGTCTTTACAC-1,-42.47390935225837,14.077022203813462
GTAATGCCACGACAGA-1,15.738789128969177,-21.740792229350276
GTAATGCCACTCCACT-1,37.58064900215737,21.887185249266125
GTAATGCCAGGTGTTT-1,-3.2254011587553033,-42.57566317116553
GTAATGCGTCATCGGC-1,-9.090627707733297,-25.978541209990777
GTAATGCGTCCCTGTT-1,-8.887789873112373,25.470039254425778
GTAATGCGTCTGTGGC-1,7.673763919110232,-46.836147505475964
GTAATGCGTTCTCTCG-1,-26.87938244838038,18.56478379119237
GTAATGCTCAAGCGTT-1,2.596700924183347,8.946353678217996
GTACAACAGACCGCCT-1,2.030776233806465,-1.6417497934259202
GTACAACAGGTGATCG-1,-9.541804154801119,6.803464642556103
GTACAACCACACGGAA-1,-5.023007663170687,-18.638177512765196
GTACAACCAGAACTCT-1,-20.11678284552029,31.42588913159648
GTACAACCAGTGACCC-1,33.53107475943627,1.8539238988175994
GTACAACGTCTGTAGT-1,-22.38555382162776,17.317246107112066
GTACAACGTGAGTTGG-1,1.6202349964805982,-31.981777734296912
GTACAACGTGGCTGAA-1,-4.165699671156018,-18.82346665928026
GTACAGTCAAGACGAC-1,41.62993768934602,-5.1844862238678635
GTACAGTCACACGTGC-1,29.91992516245016,-24.97399776968281
GTACAGTCATAGGTAA-1,2.137869382937949,44.54702427757943
GTACAGTGTGAATTAG-1,35.31797686110315,-1.3406875696409741
GTACAGTGTGTCGCTG-1,-14.223371842845413,-3.0304169805040457
GTACAGTGTTCCTTGC-1,22.375159097383406,-13.253854432087165
GTACAGTTCACGATCA-1,-4.526700419985777,3.8123838930379113
GTACAGTTCGCCTTGT-1,7.760686908896684,-38.6253802613808
GTACAGTTCTCTCGCA-1,-8.747508055047817,-3.8591050947647303
GTAGAAATCGTAGCTA-1,2.276873914689263,-26.528395640306808
GTAGAAATCTCCCATG-1,19.38203921247049,-28.140545986248704
GTAGAGGAGCGTCTGC-1,-23.24629018689511,9.269863952175433
GTAGAGGCAGCGGATA-1,-34.520887735326035,17.526238827580027
GTAGAGGCATCGATAC-1,-35.51543464351095,10.851603998167871
GTAGAGGCATTAAAGG-1,-17.599296560174423,28.529477869619328
GTAGAGGTCTCCCAAC-1,-12.50757420879827,-12.420763875466053
GTAGAGGTCTGAACGT-1,7.931215664045225,-40.36983400905419
GTAGATCCAAGTTGGG-1,17.93724660174504,-30.04185026018596
GTAGATCGTGTTCGAT-1,-7.272264378726497,13.787895260920651
GTAGCTAAGAAACTGT-1,-28.316270801071305,-16.360837086935312
GTAGCTAAGATTAGAC-1,29.05139774488453,11.550923539549887
GTAGCTACAACTCCCT-1,41.80199748281905,-2.8230759172345268
GTAGCTACACTGGAAG-1,-8.53452192493141,-3.5866725630718674
GTAGCTATCAAGCTGT-1,17.543423484442076,-5.89457697564155
GTAGGAGCACCTAAAC-1,-14.281723702253366,21.137369913474664
GTAGGAGCATAGTCGT-1,16.978020492911135,5.5816767656580915
GTAGGAGGTATCGTGT-1,-21.18084231046537,-11.208043277575525
GTAGGAGGTGAGACGT-1,-25.90810437674449,-18.46829427279377
GTAGGAGTCTCTGAGA-1,12.098707320840498,-28.296655171253647
GTAGGTTAGTGGAAAG-1,-0.224670894355692,-15.908824152959907
GTAGGTTCACAAGTTC-1,14.200079687432288,-3.4314945854231196
GTAGGTTCAGACGCTC-1,-0.8983351574248051,-16.993762773767607
GTAGGTTGTGGGACAT-1,7.132864935285388,-40.07443378383639
GTAGGTTGTTGCTCCT-1,-9.65036711494028,-34.60652588956451
GTAGTACTCATCTATC-1,-20.407920455790617,25.69587289700526
GTATTGGAGCCACAAG-1,-4.884636968352911,9.823715369706274
GTATTGGCATCACCAA-1,-3.6068218396558542,28.071986981380896
GTATTGGGTGCCTGAC-1,-28.116663811115803,-15.346999832373625
GTATTGGTCGAAGGAC-1,4.743297663552707,24.477944411366025
GTATTTCCACTACCGG-1,20.83893497717898,13.669126968390618
GTATTTCCATCTGTTT-1,-4.94550602070362,12.678531918154276
GTATTTCGTAAGATCA-1,-42.52261950928835,3.032535017856148
GTATTTCGTCTCCTGT-1,-22.295921644668947,3.786419430986543
GTATTTCTCGTCAGAT-1,-24.39919432315235,20.518015903818043
GTCAAACAGCACCTGC-1,52.73735072141332,11.002866257085936
GTCAAACCATCAGCTA-1,9.185867366401293,8.410162735959748
GTCAAACCATGCACTA-1,-2.2686172194704417,17.386108355401916
GTCAAACGTTCAGGTT-1,17.522831617270896,4.247501358081287
GTCAAGTCAAAGTGTA-1,37.51053852996486,23.15305966394807
GTCAAGTCAGTTTGGT-1,-11.44199837283206,-11.218792913054987
GTCAAGTTCGCCAATA-1,5.017413251698722,-25.501346378021577
GTCAAGTTCGGAGTAG-1,-5.868214672974622,22.1686466265035
GTCAAGTTCTTGGAAC-1,11.42053343496731,21.653386376652794
GTCACGGAGCCTAGGA-1,9.268640029107843,-7.359691807260554
GTCACGGAGCGCTGCT-1,-33.250305526959096,2.6953471609234203
GTCACGGGTACGCGTC-1,-12.368714258207332,-20.022191938555636
GTCACGGGTAGGGTAC-1,-23.478205525020236,-17.144021914567105
GTCACGGGTAGTTAGA-1,1.9997416673765664,-30.10099110496497
GTCACGGGTCAACCTA-1,-3.7822798830134587,-35.64508778093876
GTCACGGGTGGATCGA-1,0.5431277055635239,18.38901504031017
GTCACGGTCCACAGCG-1,20.1420504900068,1.9217682240316094
GTCACGGTCCTAGAGT-1,14.433891430640305,21.952254398281433
GTCACGGTCGGTAGGA-1,-18.831521575310436,25.95403418455374
GTCACTCAGTACAGAT-1,-11.226111294086754,16.62971876899632
GTCACTCAGTCGCCAC-1,6.250266078151575,27.960455660744692
GTCACTCCACGAGAAC-1,12.860159295288696,36.83550892771964
GTCACTCGTGGGTATG-1,5.272363156424436,11.28263162535387
GTCACTCTCGCACTCT-1,16.907948203744812,5.537188754419922
GTCAGCGAGGATAATC-1,23.96244553900451,23.683484810204224
GTCAGCGAGTCAGCGA-1,31.757413844635824,11.608811909259433
GTCAGCGCAACGGCCT-1,21.36308688874614,-3.0655656464942536
GTCAGCGCAGGAATAT-1,4.147130431383439,-0.4619485009820458
GTCAGCGTCTGAACGT-1,-4.950349069325495,-16.89148326020873
GTCATCCAGCAGATAT-1,-28.006691015998,-15.986400983191846
GTCATCCAGCTCCACG-1,-42.54276476135955,14.03042160686682
GTCATCCAGTGGTTAA-1,21.095797203739895,14.307991811962228
GTCATCCCAACTACGT-1,-34.37094619473758,-5.568610775248744
GTCATCCCACGGTGCT-1,-3.6775662257726687,-17.693522516645526
GTCATCCGTCCGTTTC-1,-3.6145338314586692,3.1734055967051016
GTCATCCTCATTCCTA-1,-8.044198866027367,-8.740656613027504
GTCATGAAGCGAGTCA-1,7.690513133777321,-40.44126048845606
GTCATGAAGTAAATGC-1,5.877111874343754,-24.05480630228721
GTCATGAAGTCTCCTC-1,-24.308231289338774,17.849424121590076
GTCATGACACTTGTCC-1,-1.3637465383583849,5.081725468800585
GTCATGACATGCCGCA-1,-15.039255430177493,11.952357756546661
GTCATGAGTAAGTAGT-1,-1.7086410253185873,-0.5980749558574481
GTCATGAGTAGGGAGG-1,-42.80563748290205,14.165934303703526
GTCATGATCAAGTAAG-1,-9.575418917619883,-16.206179124798357
GTCATGATCACCGGGT-1,-11.34989164980243,-10.163316679884344
GTCATGATCTCATTAC-1,-3.387059507434744,26.64419872374843
GTCATTTAGGTAAAGG-1,11.314643143929183,9.739816563718078
GTCATTTCAGACACAG-1,21.71395353580358,-3.2429952714969814
GTCATTTCAGCGCGTT-1,32.993657117615534,12.207495302529372
GTCATTTCATCGCTCT-1,3.045513454117087,4.4023781184082855
GTCATTTGTACCCGCA-1,-12.124014685428806,20.835093208051234
GTCATTTGTCACAATC-1,1.373350961877788,-30.510664463147965
GTCATTTGTTTACACG-1,-5.785965433226668,-17.906305991048143
GTCATTTTCCAGCAAT-1,-23.092528060437182,-11.509820861532473
GTCCACTAGTGCGCTC-1,-4.217479192231123,24.41666117120837
GTCCACTAGTTGCCTA-1,-34.69252618125386,2.6712610437920143
GTCCACTGTCGTCAGC-1,-9.697855355687002,33.69363115898911
GTCCACTGTGTTCGAT-1,34.050389945247424,9.114345771140448
GTCCACTTCAGAGCGA-1,-7.337007226004818,4.917282050938949
GTCCACTTCCTCATAT-1,-16.447596729098205,-6.518261026176402
GTCCCATAGAAACCCG-1,-1.3851698375777084,9.647665341069649
GTCCCATAGGCAGTCA-1,-10.467535441003148,-1.8199815030131976
GTCCCATAGGTAAACT-1,5.021416041193179,28.87700406866476
GTCCCATCACCGTGCA-1,-0.21085106342651055,-38.188807845018815
GTCCCATCAGGCAATG-1,7.569586249472717,23.65052086186568
GTCCCATGTATAGGAT-1,-38.49604433182807,2.534869296562039
GTCCCATTCATCCTGC-1,-32.075428469560684,-5.847561650779044
GTCCCATTCCGCAACG-1,-9.597171724110979,35.041420331702156
GTCCCATTCGATACGT-1,10.462682953716767,17.061456731804565
GTCCCATTCTACTCAT-1,-18.823664360798592,25.204790825330875
GTCCCATTCTAGGCCG-1,24.07981232246806,23.780261385907668
GTCCTCACACTTTATC-1,7.320623214028888,-26.572202196378864
GTCCTCAGTTCTTGTT-1,2.412856187096747,44.675433440598574
GTCCTCAGTTGGGACA-1,11.446280032841734,9.7186072619851
GTCGAATAGGCCCGTT-1,-17.20563047156125,-5.791697508756797
GTCGAATAGGTCTACT-1,34.813069158017825,0.9071445132379986
GTCGAATCAGGTCAGA-1,-1.5885593178813977,-10.372586906179794
GTCGAATGTCGTTATG-1,-33.92759720946679,-24.078072766986228
GTCGAATTCAAACTGC-1,20.792026000363766,13.991147021770875
GTCGAATTCGCTTGAA-1,-7.951452406946839,0.0295038579061412
GTCGAATTCGGTTAGT-1,-27.032499776096998,-14.947456436021133
GTCGAATTCTTCCCAG-1,34.83699019234652,0.8868135602985857
GTCGCGAAGCGCCGTT-1,-16.787451649549414,12.096631268099017
GTCGCGAAGTCTGCAT-1,-26.343400921819427,-11.96675546760175
GTCGCGACAAACAGGC-1,3.690514260284158,23.096320196535725
GTCGCGACACAGTGAG-1,5.84987817661758,-24.823512943962474
GTCGCGAGTCTGCATA-1,-7.160300654725272,2.6613313548108195
GTCGCGATCACGACTA-1,36.48079712446975,-13.942337140852839
GTCGTAAAGAGGTATT-1,12.28990409094658,18.562430694955403
GTCGTAAAGCTATCCA-1,-20.080599796180255,24.843172680322578
GTCGTAACAATCAGCT-1,-26.530185868404107,-15.210814163647289
GTCGTAACACCTGCGA-1,16.962919500446677,5.5798192165369045
GTCGTAACAGACGATG-1,-35.22918807425064,10.777550168789402
GTCGTAACATGTAACC-1,-8.071449438139048,24.938387828664936
GTCGTAAGTCATCGGC-1,-22.54500890783704,15.230583716727164
GTCGTTCAGTCATAGA-1,-33.62188994895448,-25.544887323517393
GTCGTTCCACTGGCGT-1,-27.001991059690948,-12.529592728340278
GTCGTTCCAGGACGAT-1,1.9029777782504032,-3.8901831808244576
GTCGTTCCAGTTAGGG-1,8.836186078491055,2.493291094453925
GTCGTTCGTCACTACA-1,-1.9955580806188213,-41.67176058450248
GTCGTTCGTGAGGATC-1,-10.015929025304928,1.403701805473381
GTCTACCAGAACGTGC-1,-25.306911984356407,-20.717638058527132
GTCTACCGTACTCGTA-1,-24.43190769243446,9.40937657070847
GTCTACCTCAGTCCGG-1,3.728471947165073,16.683454859951635
GTCTACCTCATGAGAA-1,6.116110959143381,27.827403103086997
GTCTACCTCGTAGAGG-1,4.769111867272485,20.582707918209888
GTCTACCTCTCCCTAG-1,-19.173000809404154,23.34957592824565
GTCTACCTCTTCCCGA-1,36.17065372296014,-11.847529589009277
GTCTAGAAGTGGATTA-1,-25.59053940595202,-10.795520463392972
GTCTAGACAGCGTTGC-1,-26.061820387491966,-16.28776927011714
GTCTAGATCAAACTGC-1,-30.238427928402185,-20.30249336438699
GTCTCACAGGCATCTT-1,-12.482607491791633,-12.375929692440506
GTCTCACCACGCGGTT-1,-23.434613012039904,3.6009096440689308
GTCTCACCACTTCATT-1,15.91466105373276,35.16134975285815
GTCTCACGTACATACC-1,-32.004197974879474,-7.599716876796268
GTCTCACGTAGGAGGG-1,25.40727283339502,0.2575017812288352
GTCTCACTCACACCCT-1,-46.10349387585981,1.978114047427534
GTCTCACTCGGAAGGT-1,-10.662606371402056,-7.176710524764889
GTCTGTCAGGAAGAAC-1,-25.040937243464896,17.954734896139566
GTCTGTCCATCCAACA-1,6.140555525879047,-25.08317410776119
GTCTGTCGTTAGGGTG-1,-0.6972236303557289,9.761810799000548
GTCTGTCTCTGTCGCT-1,-9.49031781483774,33.721846710173956
GTCTTTAAGGTCGACA-1,-29.86696339334532,1.5011399801367211
GTCTTTAGTACTGCCG-1,11.453751988416984,9.627418549685473
GTCTTTATCCTGGCTT-1,17.77439963650822,-5.674099389204954
GTCTTTATCTCAGTCC-1,-6.229327967576045,25.510587188199963
GTGACGCCACTGGCCA-1,-5.449260388996819,0.7346820346576479
GTGACGCGTGATATAG-1,-26.95381352099745,-14.055716988070808
GTGACGCTCAAGTGTC-1,-33.759874648250914,-25.474708092895916
GTGACGCTCCTCACGT-1,15.604918447076178,-31.359294035325732
GTGACGCTCCTTCGAC-1,-18.60400995649408,31.06011477464895
GTGACGCTCGTTCAGA-1,-8.149898927116793,-9.033580477206156
GTGAGCCAGACTAGAT-1,15.928739087165795,-29.45160893392452
GTGAGCCAGCGCCGTT-1,9.426705652206039,-0.35948498792963757
GTGAGCCAGCTGGCTC-1,-25.147415092051574,-14.777825253105963
GTGAGCCAGTGGTCAG-1,31.91629315589574,9.989997686079509
GTGAGCCCAAACTCTG-1,8.036502929818932,-9.854121374844695
GTGAGCCCAGCTGAAG-1,-41.49879086142357,13.176411916077901
GTGAGCCGTGAGCCAA-1,14.658948077564961,-14.02040160488322
GTGAGCCGTGGTCCGT-1,-8.395348435135714,5.670004115005738
GTGAGCCGTTCTTCAT-1,29.58373176432107,-5.964579154479416
GTGAGCCTCACACCCT-1,-16.737396530533317,18.943934556016224
GTGAGCCTCGATTCCC-1,-10.564012884163622,5.602019587977368
GTGAGCCTCTTTGCGC-1,-16.56089515793023,-6.192446586782501
GTGAGGACACCCAATA-1,29.41488133741671,-13.576066737085203
GTGAGGAGTAATGCTC-1,-17.338385098514884,-5.5519758131762185
GTGAGGAGTCATCCCT-1,-33.305893098749706,-5.680098459637214
GTGAGGAGTTGCCAAT-1,-43.578850909219824,12.496387801884964
GTGAGGAGTTGCTCCT-1,-39.036279846668336,12.509600479597864
GTGAGGATCACGACTA-1,37.69148160077663,21.80991562942575
GTGAGTTAGAAGTGTT-1,12.797301741879197,-5.678564862840149
GTGAGTTGTCCTTGTC-1,2.0061313218044616,-8.944577432490867
GTGAGTTTCGCAGAGA-1,21.40727842006446,2.6206776711649478
GTGAGTTTCTGCCTGT-1,4.7766361679937726,11.492255318929494
GTGATGTAGATAGTCA-1,-8.594754312434803,-26.61033324880386
GTGATGTCAATTGCTG-1,9.482260190542226,-8.339310419069333
GTGATGTCACCTCTGT-1,3.3832968519731144,0.6827576656784208
GTGATGTGTAAGGCCA-1,13.879516256918745,20.800361001353558
GTGATGTGTCATCCGG-1,-7.8594174357564786,26.093554607724744
GTGATGTTCCTCGATC-1,40.70810602035915,-6.220792453598778
GTGCACGAGCTCTATG-1,27.905535885526415,32.31630445178336
GTGCACGAGGGAGGAC-1,-13.336232762467015,22.468395632205084
GTGCACGCACGAAAGC-1,20.862021626932986,12.513504475184904
GTGCACGGTTTGGGAG-1,41.93289533875574,-3.326422926704574
GTGCAGCAGGGATCAC-1,21.281219609792995,-20.202205521116568
GTGCAGCCAGGTGTTT-1,-7.320122942265242,8.254983220904462
GTGCAGCCAGTTAAAG-1,0.12588192852411903,-28.04316551490231
GTGCAGCTCCAGCTCT-1,-8.86236655386889,12.333726616399872
GTGCAGCTCTACGCAA-1,5.451673087061255,-25.302458648392797
GTGCAGCTCTAGACAC-1,21.46537764149381,-21.428916081892517
GTGCAGCTCTTCCCGA-1,-31.444042089816655,-12.169813871551492
GTGCGTGAGGACTATA-1,-8.93931193195191,-25.97972871812562
GTGCGTGAGGGAGGTG-1,-16.316820242460462,19.17120425309944
GTGCGTGAGTCGCCAC-1,-16.83686096515506,-6.229263107746679
GTGCGTGGTATATGGA-1,-9.252135959300782,32.77910697153953
GTGCGTGGTGGCAGAT-1,16.216483602503622,-32.61995168199345
GTGCGTGTCTGATGGT-1,6.766753874948959,19.828792755336043
GTGCTGGAGACGACGT-1,-33.182203769269584,19.848586244817852
GTGCTGGAGTGCAACG-1,-14.103293868557708,-21.911829653036687
GTGCTGGCAGACACCC-1,6.8740262490682555,19.774181385600485
GTGCTGGTCAGCTCTC-1,-23.609174843753564,-12.443450194996082
GTGCTGGTCCTACACC-1,-18.830270051666503,-11.374877782743082
GTGCTTCAGAGTCGAC-1,-5.044080199652252,12.600145102178805
GTGCTTCAGGACGCTA-1,-4.165920037773479,-29.813882496418405
GTGCTTCCACGTTGGC-1,17.988268918734946,12.901258382535273
GTGCTTCGTGACTCTA-1,21.256303597189156,-12.331299246414567
GTGCTTCTCTGGTGCG-1,-3.206868715938755,27.002182764807262
GTGCTTCTCTTCTGGC-1,28.807850944841192,12.077089204352736
GTGGAAGAGTATGTAG-1,14.203704733482194,36.8131964686628
GTGGAAGGTCTCGGAC-1,-23.419540849969277,9.556783763383166
GTGGAAGGTGACAGCA-1,14.546334517141235,33.791667199545934
GTGGAAGTCCCAAGTA-1,-11.901009664604187,2.8902700017566545
GTGGAGAAGGAATTAC-1,-23.65031150312464,-12.210908905417297
GTGGAGACATCCGTTC-1,-8.264637641248665,10.981926647125318
GTGGAGATCAACACCA-1,-13.423983838347553,7.7693329334742485
GTGGAGATCAACACGT-1,-32.76613216636675,19.71393828059167
GTGGCGTTCCGTAATG-1,-21.840577112083924,-4.576012352810034
GTGGCGTTCGGTCAGC-1,3.3239750868291504,15.78378801417056
GTGGGAAAGGATTACA-1,-13.556772826139689,-4.902392408436648
GTGGGAAAGGTGCTAG-1,6.850901186930956,0.754716814952239
GTGGGAACAACCTATG-1,12.997225278985217,-32.93507821588885
GTGGGAACATACCATG-1,-14.279060702124552,-5.378240972063701
GTGGGAAGTTAAGGAT-1,23.751344783829566,10.96315994442384
GTGGGAATCCATTCAT-1,-13.974552990807739,-18.13444737160542
GTGGGAATCGTGAGAG-1,3.8807983356224303,-32.9889069457184
GTGGTTAAGTAACGTA-1,37.540248460703744,-13.099559679167854
GTGGTTACACTGGAAG-1,16.0926789784671,4.000625931358693
GTGGTTACAGGACTTT-1,-15.11671711199582,30.56213662242894
GTGGTTACATCTTAGG-1,-17.683570311804846,23.64252995407782
GTGGTTAGTGGTACAG-1,1.3257340471282686,9.344875520723154
GTGGTTAGTTCTCGCT-1,14.317429826217662,-1.5837619471525193
GTGGTTAGTTGCGGAA-1,-15.933673594723972,3.773112422218963
GTGGTTATCAATCAGC-1,17.07246705150886,5.473958361745534
GTGTAACGTAGCTCGC-1,1.103075082267101,-29.305255450815647
GTGTAACGTTCGCGTG-1,14.444262466484261,-5.755127781840222
GTGTCCTCAACTGTGT-1,12.4863335746809,-14.547846048080185
GTGTCCTCAGCGTTGC-1,32.20561789088998,12.136262449474813
GTGTCCTGTTGTCAGT-1,22.593672643151734,-20.207528527719386
GTGTCCTTCGTTCTAT-1,29.91932516247462,-12.185101155788445
GTGTGATAGACTCATC-1,10.63665585382018,-14.87553738625317
GTGTGATCAAGGAGTC-1,15.711167394773403,22.645241907881204
GTGTGATCACAGAGCA-1,16.82997782689315,5.517934643226595
GTGTGATCAGCTCCTT-1,20.879040041546478,-21.453571268356527
GTGTGATGTAATTAGG-1,21.76401359832921,-11.41030400556616
GTGTGATGTATCGAGG-1,-7.710219430414999,23.287253848978878
GTGTGATGTTCGGTCG-1,11.949897213159783,18.97337584427093
GTGTGATTCCTCACCA-1,-21.917565441453796,-8.286076134750086
GTGTGATTCTTCCAGC-1,-15.136832204662058,-20.841272779324278
GTGTGGCCAGTTTCGA-1,-10.601351974759451,33.492701916045
GTGTGGCGTGACATCT-1,-1.2321097643641925,13.009444492585947
GTGTGGCGTGTTTACG-1,0.06159766604622013,5.044723820671636
GTGTGGCTCGGTTAGT-1,-15.49454997683635,10.785962604051777
GTGTGGCTCTACGCAA-1,11.868756915411373,36.83531570230071
GTGTTAGAGAGCAGTC-1,-16.3553784125288,1.743069277960337
GTGTTAGCAATACAGA-1,2.8649334122606196,16.85644262614676
GTGTTAGCACAGCTGC-1,6.582182675754396,28.164133267204615
GTGTTAGCAGACGGAT-1,0.35012502930358946,-17.139778266662496
GTGTTAGGTCGCCTAG-1,23.47816251033581,-2.8304706601528737
GTGTTAGTCCCAAGTA-1,-16.70879756839153,18.749682358146
GTGTTCCCAGTCTCTC-1,10.687574746567915,-3.563666675224496
GTGTTCCGTCCCGCAA-1,12.747697184420081,16.61734683237766
GTGTTCCTCGCGAAGA-1,15.23790595720015,-28.9261928124463
GTTACAGCAAGCCTGC-1,-9.729476009759406,-26.47785777331354
GTTACAGTCTGACCCT-1,-0.5995783313142532,-30.659514197229875
GTTACCCAGATGCTTC-1,-0.5933385268028047,-16.78505736317207
GTTACCCAGTAGTCTC-1,9.569057746572238,-17.891427443325007
GTTACCCCACATGAAA-1,-8.503672566131016,25.89440583406145
GTTACCCCATATCTCT-1,20.700361437131285,-2.6022476207371423
GTTACCCCATGACGTT-1,-9.44622984957824,-1.6767307610501838
GTTACCCGTGTATCCA-1,43.26068009048723,-7.466132049753869
GTTACCCGTTAAGACA-1,1.5152159604428321,-3.8456919508168936
GTTACCCGTTGCATGT-1,-28.33316351368379,4.068002447925476
GTTACCCTCTTAGCTT-1,-27.35281077213452,7.244162089047347
GTTACGACATGGGCAA-1,10.671461425888197,-3.547893141923834
GTTACGAGTCATCACA-1,-11.931373130032394,-35.80094525680511
GTTACGAGTGCACGCT-1,13.218938414201208,-1.8317871582210028
GTTACGATCCGGGACT-1,8.446920611754546,-14.514100425818762
GTTAGACAGCTGTTCA-1,26.53855770666054,16.46004950439754
GTTAGACAGGAGGTTC-1,1.9010542181297,-3.975545753575356
GTTAGACCACCCAATA-1,33.93241922848639,10.25354882737866
GTTAGACGTCTTTATC-1,21.52670324656167,11.394605038403926
GTTAGACTCCTGGCTT-1,24.303960981427817,-0.3990887421109461
GTTAGACTCGGCGATC-1,38.099879711888576,-12.846282879314186
GTTAGACTCTACCAGA-1,0.5960031880559101,18.397609721582036
GTTAGACTCTCTCTAA-1,21.928536916556567,-20.592786523289774
GTTAGACTCTGTGTGA-1,5.542278307069238,22.05794726956096
GTTAGTGCACGGTGTC-1,14.13508958696949,-1.6044572779763457
GTTAGTGCATGATCTG-1,15.348681977548544,-6.565839400765988
GTTAGTGTCCCTTGGT-1,6.037983936778498,-48.66659864327686
GTTAGTGTCCTGGGTG-1,-11.473278024298466,20.37059782510506
GTTAGTGTCCTGTACC-1,-6.061688010919123,-19.227209501740262
GTTATGGAGCGTGCCT-1,30.029131701848378,4.355777702509948
GTTATGGAGTCAGGGT-1,12.601863554232892,-16.09645942115817
GTTATGGGTACATTGC-1,-33.68801110434509,11.10575338249429
GTTATGGGTCCGAAGA-1,15.614010616390399,-21.97538609287142
GTTATGGGTGACACAG-1,-25.46912072106218,21.735127229029974
GTTCATTAGACCGCCT-1,21.561273877864355,-20.21334269726369
GTTCATTCATTCCTCG-1,3.474986718770929,-31.85265903008993
GTTCATTTCATCGTAG-1,27.3523357043786,-1.5008522877519612
GTTCCGTAGAAACCCG-1,-9.662798502516795,-1.9099905793768752
GTTCCGTAGAGCCGAT-1,0.41282624824598263,-30.239267364655824
GTTCCGTAGTATGAGT-1,-10.160933252867775,1.2721796184691485
GTTCCGTCACACTGGC-1,-2.398418078460335,-14.666882855353943
GTTCCGTCACGTAACT-1,-26.499993531536386,-32.0594797523092
GTTCCGTCATTAAGCC-1,29.583396996059815,-13.56280687731258
GTTCCGTTCTTCACAT-1,27.83114819139027,-14.666586194341685
GTTCCGTTCTTGATTC-1,16.92692514266504,-20.654264160807287
GTTCGCTAGAGTTGCG-1,-33.18879794968605,2.677787173254976
GTTCGCTAGCGTTCAT-1,-8.186295046966285,-9.095845437458326
GTTCGCTAGTGTTGTC-1,-29.074796683324404,-14.07757485750092
GTTCGCTCAGGTATGG-1,14.252690978489785,37.73454216319796
GTTCGCTGTATCAGGG-1,27.35578403055926,31.256731792783103
GTTCGCTTCATCGGGC-1,-33.74957931698048,-25.55462643085092
GTTCGCTTCCAACCGG-1,7.953192303505005,6.710169992839489
GTTCGCTTCCCTAGGG-1,14.242641602566849,37.63016993623557
GTTCTATAGGTAGACC-1,-31.059638114642556,14.380600051544523
GTTCTATCACATATGC-1,11.163963727613407,21.456269835238622
GTTCTATTCCTAGCGG-1,15.339285142627736,-1.8320247744411282
GTTGAACCACGTAGAG-1,-2.0330089990536813,8.47843531663544
GTTGAACGTGCCCACA-1,-19.24188139196002,31.856805397083672
GTTGAACGTGTCACAT-1,21.160489487848036,-20.483453623272037
GTTGAACGTTAGGGTG-1,-31.915315102808666,-22.59178478829558
GTTGAACTCAGTCAGT-1,-33.69482360745446,-6.02167517016661
GTTGAACTCCCATTTA-1,28.24101609385249,0.7195170517644702
GTTGCGGAGCTTAGTC-1,-27.892363572194153,-14.724576845572921
GTTGCGGAGGGATCTG-1,-6.467041256861932,36.129912772200356
GTTGCGGAGTCAACAA-1,7.876755858990851,-39.772337377374214
GTTGCGGAGTGCGTCC-1,0.8537386762987782,-33.59496966630691
GTTGCGGCACCCATAA-1,-13.99770083148655,-17.537319515974644
GTTGCGGGTAGCGAGT-1,-22.358306207062924,-24.041680692103856
GTTGCGGGTATTGGCT-1,15.732093855258555,-8.056701021736922
GTTGCGGTCATGCAGT-1,-3.5215680109867025,26.146779575636288
GTTGCGGTCTTGAGCA-1,-17.75487622147299,2.9277411884034246
GTTGCTCAGAGTCTTC-1,-1.6917194097423032,-9.875041394731413
GTTGCTCAGCCATTCA-1,5.704037630144793,-8.01931653676803
GTTGCTCCAACCACAT-1,15.306946326519562,3.3961128646176304
GTTGCTCCAATGTGGG-1,14.936191448467778,-29.149234662343144
GTTGCTCGTACAACGG-1,-31.09248057403416,-3.317872061763735
GTTGCTCGTCATGCAT-1,3.8062811654080853,45.46396183898966
GTTGTAGAGGGACCAT-1,15.852321940010944,23.51689777827617
GTTGTAGCACCATATG-1,-17.66673622945684,11.80293647998642
GTTGTAGCAGGGAATC-1,29.887373357995315,-4.037332070136383
GTTGTAGCATCCCGTT-1,-9.729721850568277,11.09950996308905
GTTGTAGGTAGACGTG-1,15.67935897422071,-21.893882330107843
GTTGTAGGTCCACTCT-1,3.077203052400104,-13.343891220666775
GTTGTAGGTCGTGGAA-1,-19.825828782819254,24.40818145476756
GTTGTAGGTTAGCGGA-1,-35.22530165184537,10.8377473690452
GTTGTAGTCATGGTAC-1,-20.699172043209757,-15.89886726702114
GTTGTAGTCGACCATA-1,-34.317938272600124,19.085656984606242
GTTGTAGTCGCAGAGA-1,-46.579679137636866,1.8600368118370507
GTTGTAGTCTGGTGGC-1,-34.632852941738676,11.218443380932493
GTTGTCCAGTACTGGG-1,-20.807807895537767,20.671351838400394
GTTGTCCCAGAGAAAG-1,35.57830752684936,-11.309249894737652
GTTGTCCTCCATCTGC-1,-7.4305905301457145,11.654857726412084
GTTGTCCTCCCTCTAG-1,12.87283528694318,-3.4647699014398836
GTTGTGAAGACTTCAC-1,4.214161481433476,44.93971506725378
GTTGTGACACCCTATC-1,-18.525945411483608,1.7978429528587168
GTTGTGACAGCAGTTT-1,42.67216654600492,-4.76482926395323
GTTGTGAGTGCATTAC-1,-31.50531901197415,-24.871624270434552
GTTGTGAGTTCGTACA-1,28.885345031668642,1.3584636282148927
GTTGTGATCGTTACCC-1,32.25361107783775,0.6140419832001731
GTTTACTCACCTATCC-1,-11.44401519046385,31.08474553041188
GTTTACTCAGATCCTA-1,-3.6714245108952133,-28.767537463865878
GTTTACTCAGGTAGTG-1,-3.821514947932405,-29.962671068021876
GTTTACTCAGTCAGAG-1,-1.8158666930357774,-31.223271068377663
GTTTACTGTTATCTTC-1,-34.071195180287035,-5.668694290756993
GTTTACTTCACAGAGG-1,-28.85989287196602,-12.024893159142529
GTTTGGAAGGTGCGAT-1,-7.362454521117184,9.669929461489158
GTTTGGAAGTTCCATG-1,-29.85948233627549,1.5026435216084058
GTTTGGACACTGAGGA-1,-29.70234939546268,1.6157385425903414
GTTTGGACAGCATCTA-1,-22.678613854248116,-32.62696387566618
GTTTGGAGTTAGGACG-1,7.205530500758443,-15.509411801779672
GTTTGGATCACTTATC-1,36.00571458577737,14.372773167715511
GTTTGGATCAGAGCGA-1,6.473539876511473,-21.958573954097968
GTTTGGATCAGCTCTC-1,2.052635265615827,-29.766100966354614
TAACACGAGCCGATTT-1,-2.794564199656043,6.998458062996023
TAACACGCAAAGGCAC-1,35.913815456321196,23.025467097610406
TAACACGCACCACTGG-1,25.300467395734792,4.2731833753069965
TAACACGGTCATGACT-1,30.114129307507103,-5.081704387220225
TAACACGGTGGATTTC-1,-20.377115237176174,25.70440110410693
TAACACGTCATCTACT-1,3.7522398149071425,-32.990024602275014
TAACACGTCTCCTGAC-1,15.425303399937082,-29.905550991616156
TAACCAGAGACGGATC-1,-16.812636248292474,-6.3606854321406185
TAACCAGAGATTGAGT-1,15.902295028315784,-30.634001908572912
TAACCAGAGGTTCAGG-1,-14.41120785582726,38.38104192162823
TAACCAGCAGACCAGA-1,22.616986067872762,-10.814974340849826
TAACCAGGTTCTTAGG-1,11.943087466484318,18.84225895760764
TAACCAGTCAGCGGAA-1,34.40745461375979,11.745693250505184
TAACCAGTCTGCTAGA-1,16.602810011268097,-36.568640161410435
TAACGACAGCGAAACC-1,1.3069603239255607,-30.457451167651197
TAACGACAGTACAGAT-1,-14.404748194747905,-2.0554165454175872
TAACGACCAAGCGAAC-1,-24.727239755264716,-33.709647561010414
TAACGACCAATAGGAT-1,-15.657577275535676,13.487952114794451
TAACGACGTTCCTAGA-1,-16.779482661404536,-6.194702453044253
TAACGACTCACCTACC-1,-9.873136725180828,-25.549781438249024
TAACGACTCACTTGGA-1,43.27351565262233,-7.470874623882386
TAACTTCAGAAGGTAG-1,12.350241073247739,-2.8686069040597357
TAACTTCAGCTAGTTC-1,37.79287163377633,21.863548205877212
TAACTTCAGTACGTCT-1,6.714196055540081,27.88102700645161
TAACTTCCAAACGAGC-1,21.61754065294317,-17.65027900533523
TAACTTCCAACTTGCA-1,27.87446778456047,12.428309702599973
TAACTTCCAGGACGAT-1,-6.960570869986936,-26.2651962875386
TAACTTCCATTAAGCC-1,21.31122090710682,-20.105973883948806
TAACTTCGTAACATCC-1,27.940561386376114,32.22966921500403
TAACTTCGTTGAGTCT-1,-12.31835077101741,6.585919993386351
TAACTTCTCATTCTTG-1,36.730789899470516,-14.96655729440917
TAACTTCTCCGGGACT-1,-33.33516558962034,-7.820141108270178
TAAGCACAGCGAGTAC-1,4.81700718094653,2.617174849184374
TAAGCACAGGACGCAT-1,-20.148305813292,25.140899692810876
TAAGCACCAACATACC-1,8.745670992352196,-39.82086525758954
TAAGCACCAACCGACC-1,4.774077064094143,10.69437608366797
TAAGCACGTAGCACGA-1,-31.92879289108213,-7.575034362685499
TAAGCACGTATGTCAC-1,15.715931344461778,22.70307213321177
TAAGCCAAGGTCTACT-1,6.450657061802981,-16.676498914818108
TAAGCCAAGTAGGAAG-1,-22.962930938903142,2.981258791797329
TAAGCGTCACAGCCAC-1,-12.615312205741963,-35.965419776821435
TAAGCGTCATTCCTCG-1,6.969139516210136,26.05401013309687
TAAGCGTGTAGTAAGT-1,0.9085861322631479,8.385052980437388
TAAGCGTGTTGTGGAG-1,-15.119764336778939,-2.207311187457262
TAAGCGTTCACTGATG-1,4.22588179823381,-24.960009365000897
TAAGCGTTCGAAGCAG-1,3.840793726736846,24.13107851411082
TAAGTCGAGAAGGTAG-1,31.42020229088627,13.108540415286184
TAAGTCGAGCCACCGT-1,-1.4200976107146832,-20.9710958202105
TAAGTCGAGGAGGCAG-1,36.11817361376279,22.934913714474092
TAAGTCGCAGCCTTCT-1,-8.181653138559149,-9.084381936657726
TAAGTCGTCGCAATGT-1,1.3845632568232082,44.56870399630233
TAATCTCGTCGACTGC-1,-17.05893530886537,-6.5034272938089535
TAATCTCGTGATCGTT-1,12.074511574031868,10.522003765923198
TAATCTCGTGGTCTAT-1,13.775271143989723,20.120749559297053
TAATCTCGTTAGGCCC-1,11.047069683527512,-18.731773265115365
TAATCTCGTTGGAGGT-1,-4.354002303002337,28.10209211641168
TAATTCCAGGAGCAAA-1,-19.861061718813584,15.213268794736523
TAATTCCAGTACGTCT-1,-9.964531579432828,24.80341315784382
TAATTCCCAACGAGGT-1,-13.93606206324817,-13.211617103893568
TAATTCCCAGTTTGGT-1,-38.45086978967137,2.5608867217724467
TAATTCCTCCAGTTCC-1,13.362991773156509,-0.652022053693647
TACAACGAGGATGAGA-1,28.534650275608993,-14.591887600347148
TACAACGAGGCGCTTC-1,15.699626981244707,37.29850243026209
TACAACGAGTACTGGG-1,0.4018250574119874,18.440917356916657
TACAACGGTCCCGCAA-1,20.479138072445902,13.989822899265743
TACAACGGTTACCCTC-1,-2.6648088076305467,-8.75282443438563
TACACCCAGATGTTGA-1,20.488663842380546,14.041585376246942
TACACCCAGCCATTGT-1,-23.575983303293604,-21.496978626835286
TACACCCAGCGTCGAA-1,32.08082995101249,9.327671237777105
TACACCCCAAATCGGG-1,23.862877452158266,25.18311089884319
TACACCCCAATTGCCA-1,33.75032729425268,9.371578845492182
TACACCCCATCATTTC-1,-7.979290969978498,13.715989389262454
TACACCCGTCATTGCA-1,-30.56483745250194,-20.724816945567547
TACACCCGTTAAGAAC-1,-1.6770068555902884,-13.885530180861556
TACACCCGTTCGGACC-1,-16.63882228385999,18.248521579031856
TACAGGTAGCCACTCG-1,29.253156440154978,-13.942354041290562
TACAGGTAGCTAGATA-1,22.949734618132993,-18.081502152357537
TACAGGTAGCTTCGTA-1,37.9403516730739,-14.189537981123404
TACAGGTCAAAGGATT-1,28.9631234876087,-7.047357435758236
TACAGGTCAGCGAACA-1,16.222436910589746,-35.29795844144416
TACAGGTGTAGAGGAA-1,-26.390217289456793,0.5947322526291466
TACAGGTGTGACAGGT-1,6.945287524487728,25.161156933145804
TACAGGTGTTGGTGTT-1,-16.705454704032576,-6.267129480476659
TACAGGTTCACCTTGC-1,20.35783709276458,-20.54237052177465
TACATTCAGGAGTACC-1,-0.6785933156247993,19.894062049990165
TACATTCCAAATTGCC-1,0.1400059813086872,-17.09178128401114
TACATTCTCAGACCTA-1,32.4525165096444,11.824805228958052
TACATTCTCGCTACAA-1,0.18016302844559792,-13.831578470559958
TACCCACAGCGTTCCG-1,-8.138842701826203,32.54209312344244
TACCCACAGGCTAAAT-1,15.11608083854546,30.570533810622187
TACCCACCAGATACTC-1,24.1672716623216,23.803166658714837
TACCCACGTAGCTGAG-1,-3.8701187913303605,34.52187311373694
TACCCACGTCCAAATC-1,-9.373319124723649,-1.8730050994240506
TACCCACTCGATGCAT-1,-33.3094307983875,-5.675398649699883
TACCCACTCGTGGAAG-1,-42.44488705252298,14.132825198320871
TACCCACTCTGAGAGG-1,-8.178187264877586,25.982355617449727
TACCCGTAGAACCCGA-1,31.168545778626488,-24.0013233380835
TACCCGTCAAGTTCCA-1,-25.908401123472938,19.474259110770817
TACCCGTCACGGCACT-1,0.05688082458499311,19.02340414262787
TACCCGTCAGAAGCGT-1,-17.06498322734271,-4.809869757961515
TACCCGTCAGACCTGC-1,28.246479632420513,31.830326328695637
TACCCGTCATAGTCGT-1,29.65754412942688,-13.619396783169742
TACCCGTTCGACCCAG-1,-24.688759956140196,-7.186913634440551
TACCGAAAGCCGAACA-1,5.39681978520866,6.909366379400067
TACCGAACACATAACC-1,-16.676522930415327,-5.608441378551867
TACCGAACAGGACATG-1,-45.84384647520235,2.6001960494014473
TACCGAACATCCGTGG-1,-30.64073652299426,-3.7757055447350907
TACCGAACATTGTCGA-1,9.41965740572369,-13.823098130448772
TACCGAAGTAACCAGG-1,15.939785119971381,-6.498197043167776
TACCGAATCCATAAGC-1,16.222643655746914,-2.980586836860936
TACCGAATCTTCTAAC-1,20.038408699884396,-18.72267813823579
TACCGGGGTAGACGGT-1,25.89702171725724,11.021915194717534
TACCGGGGTCCAGCCA-1,14.275548075200852,37.728640220044646
TACCGGGTCCCGTTCA-1,-9.61643940890828,33.63893603290874
TACCGGGTCCTGGGTG-1,27.75174504435371,32.4111267543277
TACCGGGTCGAGCTGC-1,30.853674851354825,7.9266237639841854
TACCGGGTCTTCCACG-1,-13.115242573456971,-11.816005594930736
TACCTCGAGCCTGAAG-1,24.17016489927613,23.708671513767364
TACCTCGCACGTGTGC-1,-19.250683478937642,0.2695122214063681
TACCTCGGTCCGAAAG-1,-9.186276050448393,41.442875542903224
TACCTCGTCGACGCTG-1,8.137325618300801,-14.851732454603464
TACCTCGTCTTAAGGC-1,10.602628727659768,-6.745185025746494
TACCTGCAGCGTCTGC-1,-25.273796175609636,-6.938896469614103
TACCTGCAGGTCACCC-1,37.47653014086885,-14.579180187635423
TACCTGCAGGTTAGTA-1,-3.7029689173686173,27.658208273776665
TACCTGCCAGCGTGAA-1,-28.35023123606058,2.3086605117194376
TACCTGCGTTCGAACT-1,-6.7071300671037255,35.7809747303212
TACCTGCTCCTGCCAT-1,23.722558144535977,-7.411053581831489
TACCTGCTCGAGAAGC-1,-5.5029000197164155,-17.4587691921247
TACCTGCTCTCCTACG-1,30.14604229292921,-25.129123751679472
TACGCTCAGGTAAAGG-1,3.810938484282991,44.9249292200171
TACGCTCGTACAGGTG-1,-3.860849594470954,34.5225287184193
TACGCTCTCGCCGATG-1,-16.19978342996284,-21.80194910150915
TACGGGCAGTCGCGAA-1,-27.344226879963966,-15.653944696487844
TACGGGCCAACCCGCA-1,-23.848026364644078,-1.049794721045391
TACGGGCGTACGGGAT-1,4.572021940076309,-25.76097521505486
TACGGGCGTTAGAGTA-1,8.666963255419038,-3.200580307130772
TACGGGCTCGCCTCTA-1,1.8758883127095796,-9.315983329898584
TACGGTAAGATACGAT-1,-12.591828954443603,-12.385910046044566
TACGGTAAGCCATTCA-1,0.5528411684959071,18.37393817395682
TACGGTAAGGCCTGAA-1,-10.996339102049982,-22.61587086913873
TACGGTAGTGGTCTGC-1,-25.30268186129541,-20.738780537886925
TACGGTAGTTGCAAGG-1,-23.836579073494804,9.297453765415996
TACGGTATCCCACAGG-1,-4.464942242422867,23.351182224214714
TACGGTATCCGACATA-1,43.01256181020966,-3.3740544903146397
TACGGTATCGGCTGTG-1,29.015570681567134,3.5818870443698505
TACGTCCAGCCGAACA-1,-22.597668951995875,3.7561538368120826
TACGTCCAGGGCAACT-1,3.6439020366457466,45.240706746607714
TACGTCCAGGTCCCGT-1,6.160656504367295,31.294836204522582
TACGTCCCAGCATACT-1,20.701857954473528,13.604236514491514
TACGTCCGTCCACTTC-1,15.143111569997505,-6.572653918369834
TACGTCCGTCGAGTTT-1,9.079536066536104,-8.005496439340778
TACGTCCGTCGCACGT-1,-6.094836498521681,5.770150155687241
TACGTCCGTGATAGAT-1,-12.697816557405776,-12.174798128314851
TACGTCCTCGTGCATA-1,-34.0642892616711,-25.655710730674976
TACGTCCTCTCGGTCT-1,-22.414328688676516,15.11419769292906
TACTGCCAGCAGCAGT-1,2.0616073021499264,-3.2196011220425707
TACTGCCAGGGATGTC-1,21.29524635606823,2.8231558911786987
TACTGCCCAAGTTGGG-1,-23.030410031209165,3.013001791932199
TACTTACCACATAACC-1,11.263300413988315,8.655692682454086
TACTTACCATGTTCGA-1,3.839379555324426,37.942794509705756
TACTTACGTCAGTTTG-1,12.128606139589134,36.85532228840563
TACTTACGTCGCCACA-1,9.727187464048406,-25.33605471624454
TACTTACGTCGTGGAA-1,16.69170324423586,-20.913599442020175
TACTTACGTCTCTCTG-1,-8.535557261743492,25.388254559193552
TACTTACTCCGTGTAA-1,19.486660583698022,13.893028594260299
TACTTGTAGACATAGT-1,16.824967557614727,-27.15636984548954
TACTTGTAGGAGGTTC-1,29.478959717290167,-13.555389960133276
TACTTGTCACCTTCCA-1,-26.18971017875149,-5.7796977343815605
TACTTGTCACGGCCAT-1,1.934333749359241,-17.11461872067075
TACTTGTCATGTGGCC-1,-4.769067254423646,-19.608131623412884
TACTTGTGTACGAGTG-1,21.596119464282733,0.9557137515290557
TACTTGTGTTTCGTAG-1,6.788302190963329,-25.012307891494395
TACTTGTTCCCTAGGG-1,14.752726951201891,-30.144552318521022
TACTTGTTCTGATGGT-1,-1.5856024179353208,-9.757982929953016
TAGACCAAGAGGACTC-1,11.59125231007258,9.904520262298501
TAGACCACAAGGTCAG-1,-26.70044137331388,19.22658824825583
TAGACCACAATCGAAA-1,-23.686919827306856,2.4253749945672465
TAGACCACATGTGACT-1,-15.790979319787656,-2.4223705860036584
TAGACCAGTCCCTAAA-1,-33.50030671835947,11.629686788675219
TAGACCAGTGAGCGAT-1,30.513951224226723,10.355277926966068
TAGACCATCTGAGTCA-1,-29.000983111023448,19.206732184956454
TAGACTGAGTAGATCA-1,-11.056761470075534,7.417194371496612
TAGACTGAGTGGTGAC-1,3.8220537276924045,37.90131463274191
TAGACTGCAGCGACAA-1,4.25397324714589,-32.97620791320206
TAGACTGGTCTACATG-1,-16.559172527178205,11.958669952317333
TAGACTGGTGTCCGTG-1,-16.346662885795606,-4.568284675762874
TAGAGTCCAATGTCTG-1,8.905878191244383,-14.428582962961455
TAGAGTCCACTTTAGG-1,1.1179485800373843,-30.578893483440105
TAGAGTCCAGCAGACA-1,-34.235269117611715,12.880903910807444
TAGAGTCCATCAACCA-1,-5.35712344501828,-2.505862092296911
TAGAGTCGTACAAGTA-1,3.9967211551852957,1.383191807238643
TAGAGTCGTTAGAGAT-1,-1.3615236133615112,9.879270377676441
TAGAGTCTCTCGTGAA-1,29.750888325133072,-5.646727534726827
TAGAGTCTCTGACGCG-1,-14.348952066825017,-20.76033181970959
TAGATCGAGCGTATGG-1,-33.50200175789097,12.330181186721136
TAGATCGAGTTGGGAC-1,-24.823634465614305,-33.30277596278339
TAGATCGGTGATGAAT-1,15.79645401078026,-4.418145296193584
TAGCACAAGCGAAACC-1,-10.022687986972706,8.997521923267831
TAGCACAAGGTAGTCG-1,8.15415854644901,28.030281212624917
TAGCACACAGCAGTTT-1,15.63618353350457,-2.6789496949548135
TAGCACAGTCCTTAAG-1,13.908680293539186,20.965165422095563
TAGGAGGAGTCTAGCT-1,7.0584929529651985,-46.95068521076688
TAGGAGGCAGTATTCG-1,-33.64319904051207,-25.518966956119883
TAGGAGGTCAATGTCG-1,-8.270108458291055,25.87728155219945
TAGGGTTAGCACAAAT-1,-22.946590103412177,2.961844537920793
TAGGGTTAGGTAAAGG-1,-46.12597859903571,1.961733105510011
TAGGGTTCACTTTAGG-1,0.18954261820670956,-27.956064943268945
TAGGGTTCAGTTGTTG-1,1.9720075401271093,-8.875694442719185
TAGGGTTGTATAGGGC-1,7.208917972091105,28.659256484576414
TAGGGTTGTCCACTCT-1,39.21878342014754,-5.825085092483044
TAGGGTTGTGTTTGCA-1,-11.315665430419289,-10.93515021049214
TAGGGTTTCCATATGG-1,-24.218758423475002,-16.145668555228742
TAGGGTTTCCCTTCCC-1,14.844613824287153,36.915067418769674
TAGGTACCACAGTCGC-1,-7.508717763330457,18.44681863454895
TAGGTACGTATCGAAA-1,-9.323054219067355,33.031896474501224
TAGGTACTCCCGTGAG-1,-12.991165754029836,9.979379185402037
TAGGTTGAGTGTAGAT-1,-16.814117627431795,19.093432234029624
TAGGTTGTCAAATGCC-1,10.71142469001345,-30.52292635803992
TAGGTTGTCCAGGACC-1,40.660216479643566,-4.219865092089281
TAGTGCATCGGTTAGT-1,-12.857672563710173,-2.5481036125037395
TATACCTAGAGGCGGA-1,20.628424366731043,13.84636523293781
TATACCTAGGGTACAC-1,29.016399362770354,-7.016853003900207
TATACCTCAGAATTCC-1,-10.466757496802783,9.878567003115252
TATACCTTCATGCGGC-1,-9.616465480602567,33.71978402222906
TATACCTTCGAGTCTA-1,-31.994265326444772,0.6159911711766751
TATATCCAGGATTTCC-1,-28.330501767020074,4.716902571159057
TATATCCAGTACTGTC-1,7.296457116814931,10.542461780206725
TATATCCGTACTTGTG-1,38.748375041308336,-4.339837853258998
TATATCCTCTCCACTG-1,-25.789065832848408,19.03862076868221
TATCAGGAGTGTACCT-1,-1.1310463801291708,-7.986028774323028
TATCAGGAGTTTCTTC-1,-19.649738152466696,23.088963302530697
TATCAGGTCGGTCAGC-1,-16.978729699875792,-18.417962347020932
TATCAGGTCTGTGCAA-1,23.194759091615325,-0.9440837917419993
TATCCTAAGGAGTATT-1,10.649115761728622,-4.092774253907387
TATCCTAAGTCACAGG-1,0.12813265389151748,-0.4403656893170927
TATCCTACAAAGACGC-1,9.177878228929401,-8.245719820126368
TATCCTACAATGAACA-1,3.8448612519832577,45.88471437953589
TATCCTACAGGACGAT-1,-3.7964039322100516,9.736262770504922
TATCCTACAGGATGAC-1,-3.7864065295761757,-27.572427387583296
TATCCTACAGGGATAC-1,18.2142979914173,4.957896266589518
TATCCTAGTTGCAAGG-1,-28.756715180019757,-15.446398135784976
TATCCTATCAGTCTTT-1,-0.21921297402715426,-38.232133809166406
TATCGCCCATGCGGTC-1,16.68366803827765,22.44405915966495
TATCGCCGTAATCAGA-1,11.192779774872758,1.9449893655546204
TATCGCCGTCCTCCAT-1,-35.28683962103748,10.73373530012353
TATCGCCGTCGTATTG-1,-18.40128138825029,1.6108736992616788
TATCGCCTCACTGCTC-1,-16.713701002679265,12.117962811410626
TATCGCCTCAGGACGA-1,16.75222596301449,-36.42010983142821
TATCTGTAGGATAATC-1,-16.47628143023422,11.86078006335348
TATCTGTAGTGCGTCC-1,-5.5075811321066315,7.725924736544157
TATCTGTAGTTATGGA-1,12.46581533592325,37.49942768294104
TATCTGTTCCTCGCAT-1,-18.176573578647385,-5.167151087848884
TATCTGTTCGCATTAG-1,4.918672629150818,-25.216041744621787
TATCTGTTCGTTACCC-1,-14.699035906156933,19.60013426927151
TATCTTGCAACGTATC-1,-22.09047213613605,-24.258699233212383
TATCTTGGTCTTTATC-1,-15.12425032977321,9.886961245084674
TATCTTGTCGTCTAAG-1,6.001838007860746,-21.30844350387442
TATCTTGTCTACTCAT-1,-31.240202509102765,-2.81049076456492
TATGTTCAGCATACTC-1,34.085744805177754,11.678621494413152
TATGTTCCAATAGGGC-1,6.3619496796027475,29.63642868646147
TATGTTCGTACGAAAT-1,7.52180960604908,-7.980049845866919
TATGTTCTCCTATTGT-1,-6.204671911146783,-18.012670631067014
TATGTTCTCGGAGTAG-1,41.118329359371785,-4.025426703856919
TATTCCACACAATGAA-1,3.8082503586873964,37.917937378472146
TATTCCACACATATGC-1,32.40685640057633,12.270481111823381
TATTGCTAGCTAAATG-1,22.853102270738034,-3.785170029920887
TATTGCTAGTCGCGAA-1,3.4908306206295996,-20.975844643571545
TATTGCTGTAGCACAG-1,7.353844531025776,-40.82562962063814
TATTGCTTCATCACCC-1,2.2416511023777774,7.391286768663049
TATTGCTTCCTACGAA-1,27.59338394308393,13.995257812860514
TATTGGGAGCGCTGCT-1,-35.97176522531016,10.287072947975332
TATTGGGCACTTGTGA-1,-1.7895304123974713,9.466956411084501
TATTGGGCAGATACCT-1,-11.556131018685209,-35.15566093501671
TATTGGGCATGAGTAA-1,-8.182170180699401,-9.074729448993255
TATTGGGGTGTTAAAG-1,-1.3897879457118345,-16.749417376221395
TATTGGGGTTGCCAAT-1,7.1857768878039545,-23.892353936365843
TATTGGGTCAGCACCG-1,-26.930680891848937,17.204058714680293
TATTGGGTCCTAGCGG-1,-16.578282356076112,-6.12152035934213
TATTGGGTCCTCCACA-1,2.256678535305953,44.717991261653786
TATTGGGTCCTCTAGC-1,-2.825997577688455,8.453438459835454
TATTTCGAGAAGCCTG-1,30.44311756004894,10.357243197179857
TATTTCGAGACAACTA-1,37.67755626053988,-14.189535484643278
TATTTCGAGACTTGTC-1,15.762333150980469,22.74090045605716
TATTTCGAGTTAGTAG-1,14.691390624808587,-32.48780157002632
TATTTCGCAATTGGTC-1,-24.425114106881402,7.440067498762379
TATTTCGCAGAGTCTT-1,-12.97024263510321,-37.06415894761524
TATTTCGGTAACACCT-1,-31.895927287642742,-7.4049965555628825
TATTTCGGTTTCTTAC-1,16.32257934464348,-29.543350982056104
TCAAGACGTAGGACTG-1,15.827516936455863,-13.477153053231165
TCAAGACGTCTAGGCC-1,28.911110714756557,-26.74589889244099
TCAAGACTCAAGATAG-1,20.74661980504452,-21.7093525960196
TCAAGCAAGGTCCCTG-1,15.5591259452308,-31.440569401712306
TCAAGCACAAGCTGCC-1,-9.518976154416738,41.55316266646781
TCAAGCACAGGTCTCG-1,-6.46017959609777,10.364707973218788
TCAAGCAGTCCCTGAG-1,-20.654910696195554,3.1786073158241193
TCAAGCAGTTGCTCGG-1,33.21910145152615,1.9095178647481272
TCAAGCATCCAATCCC-1,1.0453007707736186,22.807628564801902
TCAAGCATCCTGTACC-1,-26.119204783389876,0.352781176819445
TCAAGCATCTCTCAAT-1,-16.66819632459037,12.154344084018094
TCAAGCATCTTCTGTA-1,-1.6928744961649107,13.832335515040766
TCAAGCATCTTGGTCC-1,-8.190460557691972,-9.060662887718442
TCAAGTGAGCAGCAGT-1,-2.645963945686729,16.028240604465008
TCAAGTGAGGCTGAAC-1,-22.947290026510842,2.977227230816445
TCAAGTGAGTAGAATC-1,7.416055486711044,-6.136098402604432
TCAAGTGGTATAGGAT-1,17.147575549838873,-14.359265211860075
TCAAGTGGTATGCGGA-1,-25.849304190284652,-4.676396032511417
TCAAGTGGTCCCTGAG-1,-22.475659598615763,-32.430696241600366
TCAAGTGTCGCCAACG-1,-14.973395151437343,38.69004270751118
TCAAGTGTCTGCTAGA-1,-17.885212315738904,27.95800262954326
TCAATCTAGATGAATC-1,-32.531889045605766,-25.52851661370405
TCAATCTAGCAGGCTA-1,-24.659507077878285,9.338275270381208
TCAATCTCACAGCCAC-1,27.93190126842875,32.36646179715495
TCAATCTCACGGCTAC-1,-14.640942721347372,-4.784714290872747
TCAATCTCACGTATAC-1,14.558391282368714,-13.732566170648258
TCAATCTCAGCGTAGA-1,-14.853001901514986,-23.632789285877646
TCAATCTCATCGGTTA-1,15.7173683934936,36.37534015557804
TCAATCTGTATACAGA-1,-38.47460435122933,2.5561831493708334
TCAATCTTCGATACAC-1,-20.124625716330755,20.52850974635234
TCAATCTTCGCCGTGA-1,32.58615300578309,2.1622638082044907
TCAATTCAGGTTTACC-1,30.817432300487518,-26.308798924644453
TCAATTCAGTGCCCGT-1,-22.66349715034964,-12.302467998390902
TCAATTCAGTTGAATG-1,-34.11377472243254,-23.976335354727
TCAATTCGTGCAAGAC-1,-31.696046688646966,15.261186548633082
TCAATTCTCACGGGAA-1,23.75074188286795,23.482653109167327
TCAATTCTCTGGGATT-1,15.833786807902438,22.23726437861039
TCACAAGCAGACGATG-1,1.354394323807567,-30.464283724453008
TCACAAGCAGAGTCTT-1,25.34649436737555,24.172551995855805
TCACAAGCAGCTTCCT-1,34.72456709063493,0.5711931290486997
TCACAAGTCCGCTAGG-1,-14.366485745003851,-20.806066167853324
TCACAAGTCCGGACTG-1,-0.46775467062773396,-2.7170579622151307
TCACAAGTCGTCTCAC-1,-7.975284176179621,9.131005776499832
TCACACCAGTAATTGG-1,-23.630957215202045,-33.657113365403674
TCACACCCAGCACAGA-1,29.009248612950078,3.6006354705187467
TCACACCGTGAATGAT-1,14.015406640576218,21.86287131243802
TCACACCTCAGTCAGT-1,16.117806181650177,-12.652050447269014
TCACACCTCCGATTAG-1,-15.127110539696586,-22.131559164596737
TCACACCTCCTGTAGA-1,16.80552846801554,-4.605584022061949
TCACATTAGAAGTCAT-1,7.153122035713358,-48.52331115185693
TCACATTAGCAAGGAA-1,12.03520039042095,18.328555836818133
TCACATTAGCATGAAT-1,13.476291218768909,38.01773063467775
TCACATTAGTTGCGCC-1,-10.573206502234969,-5.58487585249287
TCACATTGTGACTCGC-1,-12.30786050572392,-36.23543359782478
TCACATTTCCATCACC-1,32.49040651144085,10.177325935061294
TCACGCTCACTGTGAT-1,-14.399652493322996,2.143704745114897
TCACGCTGTATGGTAA-1,16.3778917447802,-30.19702974686803
TCACGCTGTCTTCGAA-1,52.73747117129331,11.002941877178914
TCACGCTGTTGCAACT-1,-4.521406631080713,2.3271152854387545
TCACGCTTCATGGATC-1,-16.298875980879384,19.464344168272543
TCACGCTTCCAAGGGA-1,22.55104473573736,23.524842601328977
TCACGCTTCCTCCACA-1,4.755632649887802,24.343522886176153
TCACGCTTCGAGAGCA-1,-20.55223594086304,23.44114589705966
TCACGGGAGACTAAGT-1,33.018149732030516,11.664595281213112
TCACGGGAGAGATGCC-1,15.48375123149346,22.488687238759685
TCACGGGAGTCATGGG-1,-28.148862980559993,-16.625890627592465
TCACGGGCAGAAACCG-1,22.651837727085724,-12.470004177724723
TCACGGGCATCCTGTC-1,-29.647800577784732,0.8998183591883897
TCACGGGGTAATTGGA-1,-24.864700528789868,-33.93733979149308
TCACGGGTCAGACCGC-1,42.13294200036998,-5.614906695570634
TCACGGGTCTTAGCCC-1,6.344275352511791,25.107873945819023
TCACTATAGACACACG-1,-9.656352687324576,2.258115476060026
TCACTATAGACTCATC-1,-36.394907067719686,9.367487599381134
TCACTATAGGGTGGGA-1,30.947622343968618,-26.365913084433238
TCACTATCAACATCGT-1,5.966554295342827,28.441445194404057
TCACTATCAGTTAGAA-1,-5.187715806057812,-20.629819200746233
TCACTATGTCGAGCTC-1,-7.868827954523743,12.128184329894701
TCACTATTCCTTCTGG-1,-5.293004975659833,26.88713337103003
TCACTATTCTATACTC-1,3.996864558633169,-33.09617995362771
TCACTATTCTTCGTGC-1,11.504469321156035,9.094887173415064
TCACTCGAGACCATAA-1,1.880492420171831,-3.8567929458331736
TCACTCGCAATCGTCA-1,29.165191256163006,-25.77041688826896
TCACTCGCACGCGCTA-1,-33.205778338517064,-25.360129134716264
TCACTCGGTCTTCTAT-1,10.848609560483949,9.37632021760092
TCACTCGTCCAATGCA-1,-7.2013511700014075,0.6096835744449072
TCAGCAAAGAGGTATT-1,-17.83037325274819,-7.962982616583373
TCAGCAACAACACAAA-1,6.182263484648809,28.372993127170634
TCAGCAATCATTCGTT-1,-46.135848797086865,1.9712765082949402
TCAGCAATCGACCATA-1,-4.936807859266997,-18.854082904030943
TCAGCCTAGAGGTGCT-1,13.38456176549853,36.83133763041927
TCAGCCTAGTTGCTGT-1,14.892462787821763,-21.765166410139237
TCAGCCTCAAACCACT-1,-11.122878928296728,-2.763786593271216
TCAGCCTCACACCTAA-1,-8.165108173016513,-9.067740885751048
TCAGCCTCAGGTCAGA-1,21.421363378857194,24.84951897152932
TCAGCCTGTACGCGTC-1,9.759497259204066,4.346799057185418
TCAGCCTTCCATAAGC-1,-11.51210280891241,-9.931232043031411
TCAGCCTTCCGCACTT-1,-33.22726103527614,2.633255595205659
TCAGGGCAGGCACTCC-1,-13.638990407432866,-34.20668671915274
TCAGGGCCACTAACCA-1,-22.503694945753097,-23.555459345853777
TCAGGGCCATTAAAGG-1,-33.28797743556454,19.160227672497363
TCAGGGCGTGTGTGGA-1,-3.717002809813257,27.786748102554455
TCAGGGCTCGTGTGAT-1,-34.80525267879706,10.766972901729053
TCAGGTAAGGAAACGA-1,7.425468360503123,-17.379589601351903
TCAGGTAAGGGTACGT-1,9.762749170363339,27.75426593664073
TCAGGTAAGGTAGACC-1,28.611193127235325,-13.691086980011894
TCAGGTAGTACAAGTA-1,6.678534714049702,-39.04103046873951
TCAGGTAGTAGCTTAC-1,31.13975204063788,-26.37811667088341
TCAGGTAGTATAGGGC-1,3.002183300544816,-13.391363518385933
TCAGGTATCAGCGCAC-1,7.974047835242111,-40.451813866209186
TCAGGTATCGCACGAC-1,-24.72518195224367,-33.77030759448548
TCAGTCCCATTACTCT-1,37.70720068575106,21.80829210109481
TCAGTCCGTACTCAAC-1,22.919228033070215,-18.157230167462142
TCAGTCCGTCGGAAAC-1,-33.183427225475796,19.468748439610923
TCAGTCCGTGGTTCTA-1,-20.011474108737755,24.591659793299076
TCAGTCCTCGAGTCCG-1,6.5909064070642325,26.186721205826288
TCAGTGAAGTGGACGT-1,-15.798145589693021,-4.407377789799258
TCAGTGACATCCAACA-1,-16.10058519003332,14.295387794613658
TCAGTGAGTCTAATCG-1,6.000338832187942,31.235804318628023
TCAGTGATCCAAGCCG-1,25.16997970187456,27.12852635506829
TCAGTGATCCATGCAA-1,10.34666793849116,-7.00032627461379
TCAGTTTAGCATCCTA-1,22.675581605205,-12.844474125111097
TCAGTTTCATGAGATA-1,3.6577779176370075,-20.891796658398363
TCAGTTTCATGCTGCG-1,15.032749617401707,36.38339540569353
TCAGTTTGTAGCCCTG-1,23.409208323452837,-3.936220086259284
TCAGTTTGTCTGTAAC-1,26.351065885100876,3.885160373259342
TCAGTTTGTGCATTTG-1,4.428569787054809,28.25055901690831
TCAGTTTGTTCTCAGA-1,32.50690048078699,10.491178190567862
TCAGTTTGTTGTGCCG-1,-24.38704974877791,14.45032627762828
TCAGTTTTCAGGAGAC-1,0.3797194965855782,17.93169847564
TCATACTCAATTTCTC-1,31.141952692036053,13.243448590969287
TCATACTGTAGGACCA-1,24.176509331576195,23.89848564573681
TCATACTTCAATCAGC-1,-45.81013884208105,2.1555688799169874
TCATACTTCCTACGAA-1,-9.284575672908659,40.49615065899062
TCATACTTCTTCCACG-1,-35.24630829979527,10.750786533531965
TCATATCAGAGCAGTC-1,39.64395362650101,-13.337272730447575
TCATATCAGTAATACG-1,12.40831615665662,18.409053962375765
TCATATCCACATTACG-1,-33.7576618096334,-25.539591906569672
TCATATCCATGACACT-1,-6.016665289392142,32.65396128389895
TCATATCGTGCATGTT-1,29.94841353703401,-5.042519641133465
TCATATCTCACAGTGT-1,-16.603107707168444,17.780301033638445
TCATATCTCCTTTAGT-1,16.78543553210253,-22.14445119459977
TCATCATAGACGCCCT-1,21.59014039041141,17.26630736891226
TCATCATAGTCTGCAT-1,43.104942916487346,-6.070827574662815
TCATCATCAAGTTTGC-1,-26.157432864989968,19.051172952844787
TCATCATCAATTGCTG-1,-33.281639602890884,9.163945290409142
TCATCATGTCGACTGC-1,-32.94107341815765,11.299006333217928
TCATCATGTTAGCTAC-1,-21.814730897720267,-4.41160737928088
TCATCCGAGCATCCTA-1,-19.582094850128442,31.013250790092425
TCATCCGAGGGCCCTT-1,-24.538506097991178,-14.076430034815132
TCATCCGCAGAGAAAG-1,-22.560886436999365,2.8562100256055025
TCATCCGTCAATCCAG-1,-7.594231918060768,-26.080321695736995
TCATGAGCACACCTGG-1,-17.506345675019652,-19.889374542423123
TCATGAGCATGGAGAC-1,-19.374726319211746,23.73115265612064
TCATGAGGTTGGGACA-1,-3.4550930376074627,-40.06395057169597
TCATGAGGTTTGAACC-1,30.352724343731904,-4.914274893635298
TCATGAGTCTGAACGT-1,-3.5552918786947996,27.913203866826468
TCATGCCCAATCACGT-1,8.568880199669353,-7.753422538601867
TCATGCCCACCCTTGT-1,-1.1330574487286995,-12.968048951011257
TCATGCCCAGACAAAT-1,-33.60096592650017,18.978674190929006
TCATGCCGTCTTCATT-1,-29.21003860287208,-15.70127196818454
TCATGCCTCCCTTTGG-1,-16.653332594653694,-5.993193061822242
TCATGGAAGCTGCCAC-1,-22.334184030907775,-3.930354281350882
TCATGGACACATTCTT-1,-13.523990698245184,-11.829557229116725
TCATGGACATAATCGC-1,12.857273627914875,16.789874667062975
TCATGGAGTAACTGCT-1,-2.4984571726531866,15.468652519073418
TCATGGAGTATGGAGC-1,37.749908517529576,-14.697091011289674
TCATGTTAGACCAGAC-1,12.322222934395494,18.56468895210857
TCATGTTAGAGCGACT-1,-25.469952117075202,21.735508786995045
TCATGTTAGAGTCGAC-1,-32.54764561501736,-22.850898046807295
TCATGTTTCATCGGGC-1,-47.3133948608882,-0.245961107009681
TCATTACAGCTATCTG-1,-46.38392967964974,2.7704932059322314
TCATTACAGTCATCGT-1,3.762559277655673,16.67025628612081
TCATTACTCTCATTTG-1,-24.505148777243342,17.807891977224863
TCATTCAAGGTCGTCC-1,-22.4886453445301,-4.4045627573386925
TCATTCAGTCCACACG-1,-16.062606243495438,4.181002211641952
TCATTCATCGTAGCCG-1,-5.8686987102839225,10.899551791533705
TCATTGTAGATGCTTC-1,-26.630815519937904,-5.605570845357256
TCATTGTAGCACACAG-1,3.7536334019294557,44.84498264065682
TCATTGTAGCGATGGT-1,14.303226770634803,-14.162602114999379
TCATTGTAGTCACGAG-1,24.392179834187072,1.3355802109896662
TCATTGTAGTTGCATC-1,-26.25082175781375,-12.072491831644784
TCATTGTCACACCAGC-1,11.018060002432467,17.820698904869744
TCATTGTGTACGGATG-1,24.362743636959124,-4.249846709030105
TCATTGTGTGATACAA-1,-42.49015659320925,14.14548645904006
TCATTGTGTGTTCGAT-1,10.371313897473973,-16.88183527615076
TCATTGTTCAAACCTG-1,12.398051892049716,36.7201045623343
TCATTTGAGTGCTCAT-1,-13.982429829049593,-23.154820298589772
TCATTTGAGTGTGTTC-1,14.299489248514217,-1.5518526845090357
TCATTTGAGTTTGCTG-1,-23.03080953523851,3.013724283566147
TCATTTGCAAGACGGT-1,-11.151178583707326,1.1924251835906128
TCATTTGGTGAATGAT-1,-45.640809849281005,3.0451968456793708
TCATTTGTCAGAATAG-1,4.839222484547412,26.651503005036506
TCATTTGTCATCTCTA-1,33.98330310560199,9.830457387909135
TCATTTGTCCATCCGT-1,9.975779573491124,-16.264605024974916
TCATTTGTCGAACTCA-1,-14.27749077698756,-23.357360185981655
TCATTTGTCGACCATA-1,1.2685758488612588,9.279725509963871
TCCACCAAGGAACGTC-1,-3.313861231520497,-30.206382583910997
TCCACCACAATTAGGA-1,-4.165920030793729,-29.81388213676952
TCCACCAGTCAAACGG-1,3.196480022213063,-19.20386123376752
TCCACCATCACTACTT-1,30.86563258327753,15.441427612806716
TCCACCATCAGCTGTA-1,-31.18335829515186,-4.6447658988327305
TCCACCATCGTGGAAG-1,-22.275941075160755,-4.053546693719376
TCCACCATCTAACGGT-1,-13.032426875468415,-12.489631547612875
TCCACCATCTTCGGTC-1,-24.574453822751977,-15.051474023424644
TCCACGTAGGGCAACT-1,4.171070285079203,0.2436981209950043
TCCACGTCAAAGAGTT-1,-16.146834129690227,5.34128753177904
TCCACGTCATACACCA-1,0.3199707694583798,-17.119804587994867
TCCACGTGTGAGTAGC-1,5.20414127635008,-2.2020708225846857
TCCACGTTCCGAGAAG-1,9.696773922400029,-16.205899558561292
TCCACGTTCCGCGATG-1,-5.513202696539696,11.115077300759639
TCCACGTTCGAACCAT-1,33.86190988396949,10.96567138360915
TCCACGTTCGTACCTC-1,9.969119562374024,4.125478338413307
TCCAGAAAGGTAGTAT-1,-36.37228261329816,11.766104056162154
TCCAGAACAAATACGA-1,-12.079214025756647,-10.299399732966446
TCCAGAACAGTATACC-1,27.139707901350864,-3.3633709397985943
TCCAGAACATGGGAAC-1,-23.024407036263984,3.0096000132634466
TCCAGAAGTACGATTC-1,-13.016125794055842,-12.63376513902689
TCCAGAAGTTCCGCTT-1,-1.416166840623351,16.75089743639694
TCCAGAATCTTAGCCC-1,16.28593927663493,5.8862040076093445
TCCATCGAGACCCTTA-1,-12.504529010646129,6.196768312073182
TCCATCGAGACGAAGA-1,-5.2867480712160075,11.45279025496374
TCCATCGCAGGCGATA-1,3.7891044767305795,37.96247949004861
TCCATCGGTAATTGGA-1,-25.06153635064628,8.558632310711443
TCCATCGTCAGTGGGA-1,-12.40999785598361,10.352447390940878
TCCATCGTCATGTCAG-1,4.084725131297248,-33.15497373296282
TCCATCGTCCCGTAAA-1,-31.7105920877806,12.368488656706932
TCCATGCGTAGCGTTT-1,-19.101431757595225,-19.18772930111566
TCCATGCGTTTCCAAG-1,-25.435880541168775,19.641418513314385
TCCATGCTCACTCTTA-1,7.845726198786694,-40.38901099832951
TCCATGCTCGTCCTTG-1,4.679934721110926,8.024801496404896
TCCATGCTCGTCTCAC-1,-13.640572264797845,-23.156197958103228
TCCATGCTCTGCAGCG-1,-24.20965682418886,9.496919320560053
TCCCACACAAACCACT-1,-21.00959137482351,23.57438139457799
TCCCACACAGGCTACC-1,-0.6257265460821382,-3.9835024432115564
TCCCACAGTACCAGAG-1,-23.713352273046954,4.1094782162362655
TCCCACAGTGAAGCTG-1,-14.52784690486429,38.344245450141855
TCCCACAGTGTCATTG-1,7.924281922992625,-40.541289022500564
TCCCACATCATGGTAC-1,-22.236260183256697,-14.450877659786544
TCCCACATCTCGGGAC-1,-33.5652711855672,-5.449683184185085
TCCCAGTAGACGGTCA-1,-26.40488945597953,-13.356084015202734
TCCCAGTCAAAGCGTG-1,14.075501305528004,-1.60249107318193
TCCCAGTCACTATGTG-1,30.88425458638551,12.374024795850602
TCCCAGTGTCTCAAGT-1,-9.279733649794368,40.73449213200374
TCCCAGTTCCATCTGC-1,1.9720852684789283,-3.980720711824572
TCCCATGAGTTTGGCT-1,-12.473967514747942,-33.72709639768132
TCCCATGCAGATACTC-1,21.886136890671054,-20.823798699983953
TCCCATGGTCCTACGG-1,0.10918924984444231,16.942218646644314
TCCCATGGTGGCCACT-1,4.815800933486341,11.32891904853387
TCCGAAACAATACCCA-1,0.4577758276628559,-17.231963529584448
TCCGAAACAGTTGAAA-1,-1.5455736183240592,-10.47642070332116
TCCGAAATCCGTTTCG-1,-1.4378252283913808,-39.21706492819862
TCCGAAATCTAGGCCG-1,-43.48439570911945,12.777656624078285
TCCGATCCAGTAGAGC-1,-20.076013942994635,24.459053303666366
TCCGATCCATCTTTCA-1,35.77709616187109,1.819384018530535
TCCGATCGTACCTAAC-1,22.078199008747482,-20.78497922017355
TCCGATCGTACGATTC-1,-2.6665138058525844,16.81205676752314
TCCGATCGTCTGATAC-1,-7.979176960809161,6.075173348408626
TCCGATCTCGTAGCCG-1,-2.407547441139642,-16.338011415998015
TCCGATCTCTGAGTCA-1,20.878567825938344,13.934587489928216
TCCGGGAAGCGGACAT-1,7.852593246489496,2.229488004652307
TCCGGGACAAGACAAT-1,1.8132600112030783,-3.976653490436029
TCCGGGAGTACTGGGA-1,-11.074674616939674,13.321638968813378
TCCGGGAGTACTTCCC-1,-19.524564023347217,-14.114747335706365
TCCGGGAGTTCAAAGA-1,-24.89603769665624,-30.449280603108633
TCCGGGATCAAAGCCT-1,-17.097486591782566,-4.335295892265804
TCCGGGATCAGGAAAT-1,9.080690956454086,-2.1508010755796123
TCCGGGATCCACTAGA-1,5.579417889575894,26.83447472629239
TCCGGGATCGTGGAAG-1,-9.923847816525724,-26.728711695291498
TCCGTGTGTCTCGCGA-1,0.5047389207698174,18.331459567627267
TCCGTGTGTGAACCGA-1,29.292390586683986,-4.246542215224554
TCCGTGTTCGAGCACC-1,28.97371632879434,3.5832824258738305
TCCGTGTTCTGTGCGG-1,14.273709917099678,-1.5548400623123348
TCCTAATAGTCGGCCT-1,-10.785796039838946,13.643280346442262
TCCTAATCATAACGGG-1,-33.63075095317582,-25.538028882558073
TCCTAATCATACATCG-1,23.09190701025413,-3.796307574101138
TCCTAATGTCTTAGTG-1,53.11668527734973,10.45413094869111
TCCTAATGTGCCTGCA-1,6.149873935049666,28.15612675723581
TCCTAATTCAGCTAGT-1,-42.04120626402114,16.10525070194345
TCCTAATTCCTTATGT-1,36.46300908634416,-13.62760361102492
TCCTCCCAGGCGTTGA-1,-45.72539130737014,3.7146999910490246
TCCTCCCCAAGGTCTT-1,-23.850084491265473,2.2681889326658045
TCCTCCCGTCCGATCG-1,0.12592486607674114,7.797645552780919
TCCTCCCGTTTCCATT-1,-26.389751411400404,19.42781442721649
TCCTCGAAGAGAGCAA-1,-38.49947125155902,2.528916508191531
TCCTCGAAGTGAGTTA-1,38.751912043509414,-4.332148109839664
TCCTCGACAACACAGG-1,1.9986476879355004,-4.052701261035341
TCCTCTTAGTAGACCG-1,-20.55127830008799,3.084848824551903
TCCTCTTGTCTGTGGC-1,-10.125944358897042,-35.6322940248595
TCCTCTTGTGCGGTAA-1,5.694081954591799,31.925882321350514
TCCTGCAAGCTCGCAC-1,21.044427125276364,11.906378482814521
TCCTGCACACAACGAG-1,-23.146531570193545,-17.95965670575114
TCCTGCATCAGACCGC-1,-7.134228091668494,-15.455474883208446
TCCTGCATCCAGCTCT-1,29.011317970057853,3.5998260498323607
TCCTTCTCAAAGACGC-1,22.19671481063842,-19.600757789847645
TCCTTCTGTAAGGAGA-1,0.7526431885025464,-17.042770032175454
TCCTTCTGTGTGAGCA-1,16.606348776295402,-1.889545917069963
TCCTTCTGTTGCATGT-1,-25.700242500063123,-14.735637023432382
TCCTTCTGTTGCGGCT-1,43.61667104126794,-5.023529072009925
TCCTTCTTCAAGGAGC-1,12.20990402413695,10.086404976985412
TCCTTCTTCAGACCTA-1,-0.8686015530876384,5.1524227813513575
TCCTTCTTCCGCAACG-1,-22.43159117443652,-24.00100277026346
TCCTTCTTCGGTCGGT-1,-11.45880345305966,33.5866986356802
TCCTTCTTCTCGGTCT-1,5.313852923632559,-38.62721738871101
TCCTTTCAGGAGATAG-1,3.2711051802694144,44.698281441364195
TCCTTTCCACGGTCTG-1,-4.532635796198542,2.3966734034302117
TCCTTTCGTAATACCC-1,26.112762322532095,10.960906003138039
TCCTTTCTCACCTGGG-1,-11.449676888430352,-36.405791801070954
TCCTTTCTCCCATTTA-1,7.626229058417662,-0.33038804960173335
TCCTTTCTCTTCACAT-1,-33.51083278028837,-5.809522162737053
TCGAACAAGCAGCACA-1,-4.567437011846371,-12.070810164213484
TCGAACACATAGATGA-1,-6.594701082085083,5.22959460828573
TCGAACAGTGTGTCCG-1,-15.26622189779591,4.814456201016715
TCGAACATCCCAGCGA-1,-20.02488831475842,-20.59819928935677
TCGAACATCGTGCTCT-1,-1.318065811632253,-10.661601527626889
TCGAAGTCAATCCTTT-1,-8.273989501728364,25.636736788862436
TCGAAGTGTCGACTTA-1,-9.46492530465308,30.300375179841605
TCGAAGTGTTCTCCCA-1,-0.0646319339363977,-30.174605701666103
TCGAAGTTCAACTACG-1,-4.982553665259882,-19.042300947351112
TCGAAGTTCTTCCCAG-1,28.91000099955973,3.483721175582871
TCGACCTAGGCCTTCG-1,12.902145600816636,-29.93290160808261
TCGACCTAGGTTATAG-1,16.64448328334477,-36.53518999343932
TCGACCTCATCGCTGG-1,-12.566014174171265,-1.50379862111497
TCGACGGAGGGAGTGG-1,-3.3977768465458924,31.065921551905273
TCGACGGCAAGAGGCT-1,1.6953198485172014,-2.8733249349493444
TCGACGGCACTTGAAC-1,10.17439466590085,17.350326412675113
TCGACGGCATAGATCC-1,27.880595076801594,9.835861645109992
TCGACGGGTATAGGAT-1,-11.249374809872585,16.667463006133342
TCGACGGTCAAATGAG-1,-4.731230383718224,-12.355771441076564
TCGACGGTCGCTAGCG-1,17.050264836802388,-13.5679461028747
TCGATTTAGAATCTAG-1,10.380980761893424,-14.14965553288003
TCGATTTAGACGCAGT-1,12.887119467942153,-32.404939345918265
TCGATTTTCAATCCGA-1,-15.314226942298427,-17.749347455188133
TCGCACTAGCGCCATC-1,17.82826042724385,24.133070901974065
TCGCACTCAGTGGCTC-1,-47.36184481976188,1.6485033979278034
TCGCACTTCACTGAAC-1,-16.688710496470147,12.066579352852905
TCGCACTTCCATACTT-1,22.52638563587185,-20.31976382331532
TCGCAGGCACAACCGC-1,-35.27903091312966,10.739318968642579
TCGCAGGGTGCTCTCT-1,-6.425654041502173,-26.410835315402423
TCGCAGGGTTGGCTAT-1,-32.60565301635217,2.5180895773620438
TCGCAGGGTTTACCTT-1,24.50491797663362,3.0025958593455777
TCGCAGGTCGTGCATA-1,-26.63534466643887,-5.378127167662164
TCGCAGGTCTACTCAT-1,19.451104153123314,-28.093810049329928
TCGCTCAAGAATTCAG-1,-16.713463219189325,12.117250307480713
TCGCTCAAGATACGAT-1,-20.605084131226025,23.450509521474384
TCGCTCAAGATGGCGT-1,52.73743641539188,11.002902649782438
TCGCTCAAGTGCTAGG-1,39.09350860818473,-6.428305702072849
TCGCTCAAGTTTGAGA-1,0.5749032731086683,18.411209956113364
TCGCTCACAATAAGGT-1,34.0158313901604,11.414038765444417
TCGCTCACAATTGCTG-1,15.097127348424216,30.450368314934916
TCGCTCAGTCTTGTCC-1,-24.61945463706819,9.515649173377428
TCGCTCAGTTGCCTAA-1,-2.1987584164721206,15.61271449782044
TCGCTCATCGATCCAA-1,7.440704254166027,-48.123323444644754
TCGCTCATCGTGCAGC-1,-17.40018139016751,11.509233715085793
TCGCTTGAGAGAAGGT-1,-5.047253146300362,27.54235473492601
TCGCTTGAGAGAATCT-1,1.962003525741073,-11.296311983080644
TCGCTTGAGCAGATAT-1,37.55590884869727,-15.132113568933285
TCGCTTGAGTCTCTGA-1,-6.4552439385163085,36.16560755213168
TCGCTTGGTCATCTAG-1,-46.72181450711073,1.775567279362137
TCGCTTGTCAGGAAAT-1,-20.620040483242015,-16.345208517532278
TCGCTTGTCTTCGGTC-1,-28.86246401315633,-17.18746981990291
TCGGATAAGATTAGAC-1,1.8414577946379114,-3.070709907784506
TCGGATACATCGGAGA-1,-0.37747830017970607,-2.722763018418521
TCGGATAGTCGATTAC-1,-2.467232338430533,23.2228469678529
TCGGATAGTTGATCGT-1,-12.432536880737178,-10.564221038646169
TCGGATATCTAACGGT-1,3.641805623457916,38.083690127382745
TCGGGACAGCCTCACG-1,-10.796051990055817,-2.8002230013469567
TCGGGACAGGCGCTCT-1,-13.775628032367676,-6.273297262348298
TCGGGACCACTACTTT-1,20.670287419231148,12.825522963472192
TCGGGACTCCCGAGAC-1,2.179542862270673,-25.77576684941931
TCGGGCAAGCAAGGAA-1,30.484862016353006,-27.574668659679286
TCGGGCACACCTATCC-1,5.246264626595477,22.6930182833505
TCGGGCACATGCAGGA-1,-34.20030918785834,-25.335367188581188
TCGGGCAGTACTCAAC-1,-25.04277971766295,-15.084000736681485
TCGGGCAGTCGTAATC-1,-12.555425850414176,-33.32206357066816
TCGGGCATCAGTCCGG-1,6.642205806972387,27.524330165667404
TCGGGTGAGACTGGGT-1,-34.11601429731923,10.910490315728067
TCGGGTGCAATTCACG-1,15.950953914543051,-13.841386728189946
TCGGGTGCACCTTCCA-1,6.972490668508214,29.317484116784005
TCGGTCTAGTAGGCCA-1,-9.554488789542845,-37.05845908893472
TCGGTCTCAAGTATAG-1,-31.26542209416329,-4.357015734548723
TCGGTCTCAAGTCCCG-1,29.157211290588247,-11.074915348282337
TCGGTCTGTACCTGTA-1,-7.827196295680344,25.804706550797647
TCGGTCTTCCTTGGAA-1,-31.825555409078817,-23.712223983667837
TCGGTCTTCGTGCACG-1,-19.373158458634173,30.440933598430025
TCGGTCTTCTTGCAAG-1,-30.96636676139604,-4.762955474833692
TCGTAGACAAGAATGT-1,-8.306218940604756,1.9203521376021067
TCGTAGACAAGAGCTG-1,-36.06779261941631,8.625450209546354
TCGTAGACAAGAGTAT-1,-20.64434200435731,3.0870951389763426
TCGTAGATCAGAGCGA-1,-5.521135382376583,-27.79902848107684
TCGTCCAAGCCTGGAA-1,-23.033044340801233,2.985840162879527
TCGTCCAAGTCCCAAT-1,-20.20249336149735,24.475124518467506
TCGTCCACAGAGGCAT-1,33.72839624482598,11.620918595699855
TCGTCCACATAAGATG-1,5.282272247396221,7.408075011504092
TCGTCCAGTCGTGTTA-1,7.88491462962847,-1.9966555739667928
TCGTCCAGTGGCACTC-1,8.550764525846514,-19.948891998711222
TCGTCCAGTTCGATTG-1,-15.57790633959804,-20.329435279216618
TCGTCCATCATCTATC-1,-33.61119761114085,19.272156326208982
TCGTGCTCATGGCTAT-1,20.64065121160534,1.1084157364573044
TCGTGCTGTTTGTTCT-1,-16.713490172613383,12.117339596806778
TCGTGGGCAAAGGTTA-1,-3.8969930151072636,10.923360908847764
TCGTGGGTCTAAACGC-1,8.252240859232732,-0.27581306310895315
TCTAACTAGGGCCCTT-1,-23.242169421013575,-2.975895305144185
TCTAACTCATCCGCGA-1,3.0764052396788157,45.19747564637472
TCTAACTGTCAGGTAG-1,16.4814355169731,4.088406551781199
TCTAACTGTTCTTGTT-1,15.09963901407436,23.14547604499173
TCTAACTTCCTACGGG-1,-5.342387324213178,8.007564371408012
TCTACATAGACTTAAG-1,-7.057839161991042,13.739131047744133
TCTACATAGGATAATC-1,-0.1428060075502921,5.2208824118760555
TCTACATCAGAGTCAG-1,32.05411843725224,10.627251320066257
TCTACATCATCGTGGC-1,6.341671513081586,-38.186974438808875
TCTACATGTACCGTGC-1,-46.5423702191724,3.0940462552269956
TCTACATGTAGGTCAG-1,-28.244385398470122,-14.902846999258767
TCTACATGTATCGTTG-1,-20.030783671365526,24.71228202591019
TCTACATGTCCAACGC-1,2.5487188540248584,-22.72082230771508
TCTACATGTGCTATTG-1,-16.728271830570886,-6.221237603442054
TCTACATTCGGAGTAG-1,-1.6759334590577946,-10.241131982943578
TCTACCGAGTACTGTC-1,-29.474232694104995,16.66366892997234
TCTACCGAGTTGCTCA-1,-27.842411119635692,19.749043981668287
TCTACCGCACCAGTAT-1,23.553709551572492,8.34766722362955
TCTACCGCACGAAAGC-1,22.633415218127215,-4.610584005588641
TCTACCGGTGAGTGAC-1,3.5620211690690597,-33.617620366828895
TCTACCGTCGTTAGTG-1,10.77463655149956,19.62897996713261
TCTATACAGGTTAGTA-1,6.075960789942444,-23.53713217010558
TCTATACCAGTTAAAG-1,-21.916497216741487,-11.67248950212624
TCTATACGTGGCTGAA-1,-2.0667669893321303,-8.484809742004755
TCTATACGTGTCTTGA-1,10.628553424946599,-4.071767972836356
TCTATACGTTCTCCAC-1,-24.988644542819042,-33.79209469268349
TCTATACTCACGAACT-1,-12.232382940685302,-35.45844017108648
TCTATACTCCTCAGAA-1,-3.0901118678145916,26.894169605718925
TCTATACTCGCATTAG-1,-24.600597116439932,18.659983049098948
TCTATCAAGATGACAT-1,0.4787789442962894,7.477523863799553
TCTATCAAGGAGCAAA-1,-16.257165169898627,-5.970161587984409
TCTATCAAGTCGAATA-1,0.5917468976582315,-15.64030986137547
TCTATCACACATTACG-1,-11.212263783853487,-13.222067735048682
TCTATCAGTAGACTGG-1,-9.198132351678757,40.75767714544574
TCTATCAGTAGCTAAA-1,-8.448149342767893,25.52516525743456
TCTATCAGTGAAAGTT-1,8.284933295319782,15.41602548784356
TCTCACGAGGTAAGTT-1,27.316576458589815,-1.5251310159637868
TCTCACGCACGGTGAA-1,14.091964438795744,37.29770753004228
TCTCACGCAGGCATTT-1,4.475769536077261,-24.62025033792642
TCTCACGCAGTTGAAA-1,39.43276920682276,-3.655565212370473
TCTCACGGTAGCGTAG-1,-14.960458844759827,-1.612837064659348
TCTCACGGTATTGGCT-1,1.0106026923004832,-34.62622799398264
TCTCACGGTCTAGTGT-1,-1.9833689136304116,-41.55968204753993
TCTCACGGTCTGATCA-1,-4.244253679186321,-29.299848375252125
TCTCACGGTTCAAACC-1,-9.869261561548093,33.626293356391855
TCTCACGTCGGTCATA-1,28.855111785867823,-20.34132093587027
TCTCACGTCTCCCTAG-1,6.155937093787212,31.146878791617734
TCTCAGCAGAAACTCA-1,29.724137150843713,14.115069254268024
TCTCAGCCACCGCTAG-1,-30.534196127903627,1.1225592842218013
TCTCAGCGTCACTCTC-1,6.937973322460005,-2.7997738635017657
TCTCAGCGTGCCTATA-1,9.97480940877011,8.91538694646271
TCTCAGCTCACTGGGC-1,-39.09746644411699,12.526067408139076
TCTCAGCTCTGGACTA-1,-13.741758490721454,-34.235136479097285
TCTCCGACATAATCGC-1,-3.7504988860215662,-35.39531154499848
TCTCCGAGTACTAAGA-1,-26.336397545263626,19.16889318698295
TCTCCGAGTTCCTAGA-1,12.319087969801979,18.602927494055503
TCTCCGATCGGTCGGT-1,6.715822493215141,-48.81502605832433
TCTCCGATCTTTGCAT-1,-23.647701403446106,-12.511442051828329
TCTCTGGAGCATTTCG-1,-0.21041180801485973,-38.20385663772614
TCTCTGGAGCCTATCA-1,7.137394304293206,-48.52505589554591
TCTCTGGAGCGCGTTC-1,5.403960052780859,-25.361262004913666
TCTCTGGCACAATGCT-1,27.120128750428346,32.388045613965076
TCTCTGGGTAGCTAAA-1,-14.03831560169176,-20.083583149436187
TCTCTGGGTGGCTGAA-1,-8.958232564829292,-2.496234504327226
TCTCTGGTCATAAGGA-1,19.577752825978056,-18.223634463195026
TCTGCCAAGGACGCTA-1,-24.726465488012366,-33.755700906173566
TCTGCCAGTCATTCCC-1,15.105342619382943,-30.206242276191695
TCTGCCAGTGTTGATC-1,29.891818910999685,-12.342152561179176
TCTGCCATCCGCAGTG-1,14.782975678611304,36.439156518641376
TCTGCCATCGCGAAGA-1,-2.535355534619576,8.141992222756388
TCTGCCATCTAGATCG-1,-4.0585318999580435,-29.892946345586104
TCTGGCTCAAGCGGAT-1,-33.46643463395915,-7.128382503331434
TCTGGCTGTCTGCCTT-1,7.626042543528501,-0.3303256928915738
TCTGGCTTCAGCGCGT-1,-12.101397489030571,20.812335937251433
TCTGGCTTCAGGAAAT-1,-7.492403466176423,21.975841849863226
TCTGTCGGTATGGGAC-1,23.11286800863814,8.733469731535026
TCTGTCGGTGTTAGCT-1,-31.085156878821877,-4.266598578443673
TCTGTCGTCCTAGAGT-1,-20.43892839124613,1.0680318454707782
TCTTAGTCAAGAAATC-1,7.597528238898022,-38.233606776265866
TCTTAGTCAATACCCA-1,-22.20641524697602,-12.253250427227124
TCTTAGTCATCGGATT-1,-1.7551426981256968,-10.059109772372238
TCTTAGTGTAAGACCG-1,3.677253479116924,16.515017731318682
TCTTAGTGTATCGGTT-1,-12.48475080701804,-5.065385454551406
TCTTAGTGTATGTCTG-1,-26.386113525986428,18.788049090369427
TCTTAGTGTCGTTCAA-1,-7.43824597234707,33.174650848609026
TCTTAGTTCGAAGTGG-1,-14.119066225383204,0.528023947648612
TCTTAGTTCTGGGTCG-1,-13.780936497665605,-6.245268821052114
TCTTAGTTCTGTACAG-1,12.734303471714405,-5.662117753580257
TCTTAGTTCTGTCCGT-1,15.197563958376255,-30.603617051707047
TCTTCCTAGAGGGTGG-1,29.01511132055012,3.4980740697021973
TCTTCCTAGGGCAGTT-1,-28.355843995747108,4.548527930842949
TCTTCCTCACAGCTTA-1,15.335156843170184,-30.43865260293164
TCTTCCTCACCGTGGT-1,10.898133645340499,-1.1230892815087914
TCTTCCTTCATGAAAG-1,7.369520933967297,28.906261936190635
TCTTGCGAGCACGATG-1,11.336315761949194,1.7139036911999075
TCTTGCGAGTGGAATT-1,-20.034388199418313,-18.458434335307686
TCTTGCGCAAAGCTCT-1,-23.65725919693473,15.815914780352685
TCTTGCGCATCTTTCA-1,-35.09878440698292,9.561540496608622
TCTTGCGGTAACCCGC-1,-20.08278308543193,23.82164398206103
TCTTGCGGTGCCGAAA-1,13.959357995834083,-16.38000706450654
TCTTGCGTCACACCCT-1,6.354392742137063,28.169721832520548
TCTTTGACACCAGACC-1,0.6094133689679783,-33.78466695323549
TCTTTGAGTCGCATGC-1,32.15428186915847,12.672455100091364
TCTTTGAGTGTTCCTC-1,9.635489020022085,-17.59354871184786
TCTTTGATCAAACGTC-1,28.27573843629265,-25.201295928444228
TGAACGTAGTACAACA-1,42.68366485921219,-4.860801778240565
TGAACGTCAATTCTTC-1,39.26245891444101,22.206615181712937
TGAACGTCAGAACATA-1,-9.637700650834924,33.677698272347946
TGAACGTCAGTAACCT-1,31.251138438354765,-14.138998829079124
TGAACGTCATCTGCGG-1,14.043188690559164,38.40157006672655
TGAACGTTCCATAGGT-1,3.85849643640244,-24.007730779470325
TGAACGTTCCTGCCAT-1,-19.587989716442976,31.237581698426418
TGAACGTTCGGTCATA-1,37.332624186954696,-12.387318549029
TGAATCGAGACTAAGT-1,15.75761768514204,-2.1707877151241792
TGAATCGAGATCACCT-1,16.363446611271534,4.423471271360393
TGAATCGAGATCCCAT-1,21.226969611998822,-21.28606491825736
TGAATCGAGCATATGA-1,-26.062316669321163,19.052542611339195
TGAATCGAGCCAACCC-1,13.308089718787416,-29.939037541541186
TGAATCGCAATTTCCT-1,9.064626060113774,-7.779556815646729
TGAATCGGTAGAATAC-1,-32.97041329580396,-5.645442543031806
TGAATCGGTGAGCCAA-1,-7.242308845292958,24.385234407781102
TGAATCGTCGACCAAT-1,37.72636135925167,21.83171710819965
TGAATCGTCTCGTTTA-1,-8.06609747126199,-8.951188350045376
TGAATGCAGGCAGGGA-1,-26.831305832322,-15.89052186884024
TGACAGTAGGGAACAA-1,32.623897953255465,10.51281455067145
TGACAGTAGTGCGCTC-1,-26.006923684182613,-32.411878809350505
TGACAGTGTACCATAC-1,15.671935705797459,-21.942803201188795
TGACAGTGTAGCTGCC-1,3.9300126467492613,-10.908134823692409
TGACCCTAGGCCTGAA-1,13.27698914499506,36.87204653622803
TGACCCTCAAGCGAGT-1,22.375324596543845,22.422919218048758
TGACCCTCACAGTGAG-1,-6.298463863527901,15.978244040115149
TGACCCTCACGACAGA-1,-25.729110828691446,18.538600836476558
TGACCCTCACTTGAGT-1,-2.9231980032513056,-17.87530845929439
TGACCCTCATGTGACT-1,-11.50784887100331,8.988456801223371
TGACCCTGTTAACCTG-1,32.53508625401057,8.472418998147987
TGACCCTGTTATAGCC-1,7.146190122832102,-48.49730865389687
TGACCCTGTTTCCAAG-1,7.704555457167273,-0.25966603637063407
TGACGCGAGACCAGCA-1,41.85608899377069,-4.943885983300198
TGACGCGCATGCGGTC-1,22.05905423771719,-11.564819252783252
TGACGCGGTAGATTGA-1,-19.64625011936967,31.03878765199468
TGACGCGTCCAGCCTT-1,-4.3439902679844495,-29.393138037732978
TGACTCCAGCTCATAC-1,4.199690833500283,-33.06590417174332
TGACTCCTCAAGAAAC-1,-35.04871937827812,10.945766019731902
TGACTCCTCACATACG-1,-28.370722889110365,4.063390371697662
TGACTCCTCCCTCGAT-1,-4.620977070530047,3.502013617352544
TGAGACTAGTCACTAC-1,-35.01649333765331,10.99948737170551
TGAGACTCACTGAGTT-1,-9.242358184882622,-26.642012122336723
TGAGACTGTGACTCGC-1,-33.71003055421568,3.8842911456845988
TGAGACTTCATGCGGC-1,1.9381990128107518,-17.006811578180262
TGAGACTTCCACATAG-1,-6.323370857612202,9.967109566770771
TGAGCATAGCTCAGAG-1,16.450791563168707,-1.2323570261172196
TGAGCATCAAAGCGTG-1,5.115987344914877,26.20650394417263
TGAGCATGTCAAGGCA-1,25.30285942677471,-0.24926204748158357
TGAGCATGTCGCATGC-1,28.995710540168087,3.5965110569694514
TGAGCATTCCGAGCTG-1,42.4074055114125,-4.929641080505389
TGAGCGCAGCCGAATG-1,0.8836932640297603,-34.30802977485161
TGAGCGCAGGTCCGAA-1,-9.916831070414766,2.275126825113661
TGAGCGCCAATATCCG-1,-2.225386479044958,9.161456312861118
TGAGCGCCAGGAATAT-1,-9.279364455553793,-25.609369790363484
TGAGCGCCATGATCTG-1,31.20035072667865,-26.48846539669245
TGAGCGCGTACCTTCC-1,27.980108049427436,32.45442746258293
TGAGCGCGTACTGGGA-1,-2.8306315963539888,-43.017646183666294
TGAGCGCGTGCAACAG-1,-41.60127251513247,16.23530903188583
TGAGCGCGTTGCTCAA-1,-31.9515448161974,-22.656308443913588
TGAGCGCTCATACAGC-1,37.660151467437366,-14.639628138861884
TGAGCGCTCCATCACC-1,-31.733320118460398,-25.385748595023077
TGAGCGCTCGAGTGGA-1,0.5888391060480322,-17.20344006218043
TGAGGGACACGTGAGA-1,31.001545248576004,9.257704596768773
TGAGGGAGTGTGATGG-1,-22.652677647929035,-12.507775552277083
TGAGGGATCAACTGAC-1,32.33785503222239,0.6346083023853307
TGAGGGATCCGTATGA-1,-2.7006326013958715,9.817501351090277
TGAGGGATCTGTCCCA-1,-16.423399249471807,11.944086823426405
TGAGGTTAGAAACTGT-1,-21.161845289461862,-14.50025914931519
TGAGGTTAGACGCTCC-1,-32.69004286567217,3.840258486828273
TGAGGTTAGTATAGAC-1,-3.6198181246852252,-31.41653961878696
TGAGGTTCACGCTTAA-1,-33.19765084871789,11.933693041350395
TGAGGTTGTCACTGAT-1,14.137556417843278,-6.152590874460317
TGAGTCAAGAATAGTC-1,-2.3342354579152373,2.9425300834080024
TGAGTCAAGGAGAATG-1,-21.99647333367426,31.54679327511533
TGAGTCAAGGCCGCTT-1,-2.0223733353150757,9.042835942365292
TGAGTCACACGGTAGA-1,-33.71176610560613,19.04441953404082
TGAGTCAGTATAGGGC-1,-5.959588053224435,-27.652441581958513
TGAGTCAGTCCAAGAG-1,-13.518021203664457,7.985465322829543
TGAGTCATCCAACTGA-1,-14.31660354833039,-20.719672741190188
TGAGTCATCGCTAATG-1,-33.658161177040775,11.471122569695893
TGAGTCATCTGGAAGG-1,-20.82378543380604,6.6273713040006985
TGATCAGAGTAATTGG-1,-26.508664602262698,18.29359249756395
TGATCAGAGTAGAATC-1,20.791141136681357,-4.309070138510137
TGATCAGCAAGTTCCA-1,-10.102724252990386,1.4813641785131186
TGATCAGGTTGGGCCT-1,19.49533230358159,12.895950684133506
TGATCAGTCCCTTGGT-1,-4.222606182490917,10.387809933512138
TGATCAGTCTGTCTCG-1,-22.29889835392423,-4.0149984742889036
TGATCTTAGCAAATCA-1,14.707111485708799,-5.519348353675725
TGATCTTAGCATGCGA-1,14.223076187924056,37.45841219385587
TGATCTTCACTTGGCG-1,-12.104847341614834,-34.73511724452644
TGATCTTGTGCTCGTG-1,31.739137684805478,13.498270816466706
TGATCTTTCGCTCCTA-1,-7.456443300677665,35.13376718170998
TGATGCAAGACGGTTG-1,-24.98529332507935,-30.387548210527033
TGATGCAAGAGTGTGC-1,-2.868273193081976,3.7450198391623997
TGATGCAAGCCGGATA-1,-7.694678344055435,-9.862105795634587
TGATGCAGTGTGAATA-1,-33.58988082994702,-5.674669729920449
TGATGCATCAGACAAA-1,-23.73287478654256,-21.228108240249558
TGATGCATCAGTCACA-1,-2.103545591963079,-41.48077056956284
TGATGGTAGGAGGCAG-1,29.17825324109383,2.53048250019394
TGATGGTAGTCCTACA-1,11.29342020930389,9.771933844624659
TGATGGTCAAATGGCG-1,12.474942083306045,3.92616558571883
TGATGGTGTTCAAGGG-1,-24.655867743280915,-33.73188370959163
TGATGGTTCATTGTTC-1,31.231339432213755,12.199941534561406
TGATTCTCACTGTCCT-1,-17.00375572232185,-6.881657746849364
TGATTCTTCAACACGT-1,-7.989433239189984,-8.73429924177505
TGATTCTTCAGTGTTG-1,22.295278461924834,-21.748762850548903
TGATTCTTCCCGAGGT-1,-45.68460027052972,2.8807362035866504
TGATTCTTCGCTCCTA-1,22.1548651193894,13.488109616631778
TGATTTCAGATAGTGT-1,7.197487497184592,27.080306753614064
TGATTTCAGTACTGTC-1,21.58261558205729,-19.041342034735028
TGATTTCCAATCACGT-1,-3.6063902239914234,24.707625432058602
TGATTTCCAATTGCTG-1,-7.5735956889158995,-1.8421998132505288
TGATTTCCACCCAAGC-1,33.89970634597826,-0.14502465433301553
TGATTTCGTAGTTACC-1,-2.931907511279019,-30.420977898299984
TGATTTCGTGGGCTTC-1,-15.766497039456386,11.019867813493567
TGATTTCTCGAATCCA-1,-1.090488271008264,5.2294851963320585
TGCACGGCAAGGGCAT-1,3.9980023271316405,44.177269478252796
TGCACGGGTACTTCCC-1,-21.002020561131495,-12.110761708909463
TGCACGGGTTGACGGA-1,-15.725057472531034,11.551081989926248
TGCACGGTCACTCCGT-1,-31.585830086148423,17.897072661143117
TGCAGATAGCGGATCA-1,4.21301117377125,-22.599625832614198
TGCAGATAGTTCCTGA-1,17.267702913921013,10.975231477003183
TGCAGATTCTATTCGT-1,-41.63523618469755,13.37060953365003
TGCAGGCAGGTGAGAA-1,-16.666571477204528,-6.870008663817708
TGCAGGCCAGGTTCAT-1,22.47327477345048,-12.856586512199593
TGCAGGCGTAGCTAAA-1,-5.1693531912929,-20.571666877458767
TGCAGGCGTGAGACGT-1,1.3714368760340556,26.26169713589368
TGCAGTAAGAGAGTTT-1,7.467447390047061,-15.34057651959239
TGCAGTACAGTCAGCC-1,8.09567644040271,-0.3774263465197353
TGCAGTATCAGAACCT-1,-23.591493678382804,-33.94140324368794
TGCAGTATCGACATTG-1,-8.1906855758977,24.434703484271484
TGCAGTATCGAGATGG-1,-24.50616084005858,-18.66046506381338
TGCAGTATCTCCGATC-1,7.563008822183854,-0.31513548890656334
TGCATCCAGAGCCGTA-1,-7.421338829024696,-3.9091076747601265
TGCATCCAGCATGATA-1,22.892945869232268,-6.966168724881626
TGCATCCAGCGAGGAG-1,-1.9335923384496687,-9.757641017452313
TGCATCCAGGAACGTC-1,15.037328081388294,31.099158789666678
TGCATCCAGGGCTTCC-1,6.349717679023504,28.41946988770349
TGCATCCCAACGCATT-1,16.888325425795053,5.4471941821418435
TGCATGAAGACTACGG-1,0.630082841178903,-21.68165444132339
TGCATGAAGTCGAATA-1,7.186871551598207,-40.12587364172978
TGCATGAAGTGGTCAG-1,33.851779768470884,11.423449250559
TGCATGACAGTACTAC-1,24.616430447727023,22.388220947062102
TGCATGAGTAGTCCTA-1,19.65573223545185,-21.847376207027146
TGCATGAGTGCTCCGA-1,4.342371982364701,11.484552423595758
TGCATGAGTGGAACCA-1,22.14354993300502,8.451652252494107
TGCATGATCGTTCAGA-1,-25.659611433060757,10.571519105578563
TGCCGAGAGCAATTCC-1,-13.552649267463044,10.798523331538842
TGCCGAGAGGTACCTT-1,-2.779576004974623,28.405638575346615
TGCCGAGCAATTCTCT-1,-24.362003424844872,-12.874675229534114
TGCCGAGCACTCAAGT-1,-26.708767141439562,-8.289657274088748
TGCCGAGGTATATGGA-1,27.898338386555018,10.643444240165362
TGCCGAGGTCAGCTTA-1,-13.506643791360966,-35.93147183347232
TGCCGAGTCCCACAGG-1,-23.08143868110042,-11.548804968987149
TGCCGAGTCCGAGCTG-1,17.707513495900624,-5.853123240455787
TGCGACGAGATCCCAT-1,8.418449593367296,10.538515299415597
TGCGACGAGGTAAGAG-1,-22.836875559497933,2.808923746191746
TGCGACGCAACTTCTT-1,32.37936300342619,-25.427765368820285
TGCGACGCAAGGAGTC-1,30.29092864315744,-5.007495101809596
TGCGACGCATGAGAAT-1,6.855160101231226,11.615022247042202
TGCGACGTCCACGGAC-1,-8.537240404322187,-5.268447010818646
TGCGACGTCCCTCGTA-1,20.02450108055222,12.505453128580598
TGCGACGTCTCACCCA-1,23.088696635889114,22.475593423233345
TGCGACGTCTCGCGTT-1,-12.469451732677578,-34.523677893613346
TGCGATAAGAGAGGGC-1,30.469721838983457,-6.728913240671882
TGCGATAAGTCAACAA-1,-24.48849962378239,9.31275886689644
TGCGATACAGCGTGCT-1,-3.42332700434186,7.092678927229146
TGCGATAGTTACAGCT-1,5.081151507934417,-23.219756225177445
TGCGATAGTTTGAAAG-1,-13.808000630338212,-36.20386077723823
TGCGATATCACTGAAC-1,9.383711785420212,-15.915353230815887
TGCGGCAAGCATACTC-1,16.98933951231112,12.748113417659642
TGCGGCAAGCGTTACT-1,4.721758606783677,41.88383162398315
TGCGGCACAAGTTCCA-1,-17.585161183470415,23.39347305481823
TGCGGCACAGCTACAT-1,28.14442376543923,0.6604660544065818
TGCGGCACATTCACCC-1,7.2036278449032825,-38.61509974159192
TGCGGCAGTCACTTCC-1,-18.65097600832438,-2.270919649645611
TGCGGCAGTCGCCTAG-1,4.461116442086245,28.361056684898443
TGCGGCAGTGTAGGAC-1,6.205908911046459,28.60490876784376
TGCGGCATCCTGGTCT-1,-20.38396107321198,24.515351336597625
TGCGGCATCCTTATAC-1,33.89498344929858,11.037414997816702
TGCGGCATCTCCGTGT-1,-24.123920114022404,-15.140666919678358
TGCGGGTGTCATACCA-1,6.474766945739291,-40.27748746839604
TGCGGGTTCAAGCTTG-1,22.208369392899648,22.14542595396087
TGCGGGTTCTAGACAC-1,5.58210760248411,26.21193479513873
TGCTCCAAGACTGAGC-1,29.25978685741461,2.243592344529407
TGCTCCAAGTATGACA-1,16.65432750605851,-36.48969628217011
TGCTCCAAGTGTACCT-1,31.212606863747215,-26.659640574804605
TGCTCCAGTGGATGAC-1,22.70478889814091,-12.93659378838523
TGCTCGTAGCAGGTCA-1,-1.443008045807356,-9.864589226834088
TGCTCGTAGGGAGTTC-1,-0.6042746989260857,7.821172671877626
TGCTCGTCACCATATG-1,41.03092207074038,-5.116738163635798
TGCTCGTGTCAATCTG-1,-4.132611837194089,-29.71983728195029
TGCTCGTGTTCGTGCG-1,-10.281892773723962,-24.853828954422024
TGCTGAATCACTCCGT-1,-16.41466171567441,6.755006495424567
TGCTTCGAGTTCTCTT-1,-6.456656006418876,36.16537938987696
TGCTTCGCAACCAACT-1,3.7754117615753224,16.61450507440202
TGCTTCGCAGGCGAAT-1,0.0857613850206277,18.032086093923326
TGCTTCGTCTTAATCC-1,-16.96437120237001,-6.355134717583003
TGCTTGCAGAGAAGGT-1,-9.364301628153903,-25.981550712273847
TGCTTGCAGCTACGTT-1,-30.942029688034847,-26.379765129875427
TGCTTGCCAGTAGAAT-1,-10.16542191978207,1.171944366741994
TGCTTGCCATGTTACG-1,16.639773691463407,-13.320552720571532
TGCTTGCGTAGGTTTC-1,-2.5500482811129053,-7.893963871062703
TGCTTGCGTCTGGTTA-1,-10.892111022510855,-7.7027093655655605
TGCTTGCGTGCAGTGA-1,-44.9195224167606,0.3475247674358592
TGCTTGCGTTACCCAA-1,-9.524898447989033,-25.365838816038522
TGCTTGCTCGACGAGA-1,-17.309683643110176,10.44348456898072
TGCTTGCTCGTCGACG-1,-24.302290505884557,9.393394313741593
TGGAACTAGATGTTAG-1,-6.4559744779715835,36.15038988147108
TGGAACTAGCAGTAAT-1,7.796747632344925,-40.46670050714854
TGGAACTGTGCAGATG-1,1.638136777783267,43.04613518553632
TGGAACTGTTAAGACA-1,42.5040984381376,-5.153670451377584
TGGAACTTCCAAGCTA-1,31.777762892032676,0.8510339928303626
TGGAACTTCCTTCTTC-1,4.881707225020865,11.50822583521334
TGGAACTTCTGAGCAT-1,27.56323978385892,3.40097685459695
TGGAGAGAGCATGTTC-1,17.409062267177838,17.896479947239207
TGGAGAGGTCGTATTG-1,-27.61163708694132,-11.804442000492587
TGGAGAGTCATCGCTC-1,-6.759180693155204,-25.340388814229282
TGGAGGAAGGCGAAGG-1,0.5675010038707972,-17.213437152803536
TGGAGGAAGTCCCAAT-1,-3.7494395146308768,34.339038015843045
TGGAGGACAACAACAA-1,-33.77190814651179,11.528842222131916
TGGAGGACACAAGCAG-1,-24.512531186939363,-18.631697829276987
TGGAGGACACATACTG-1,-2.2132566373573437,15.407588338814763
TGGAGGAGTCGCATGC-1,1.7439864687647506,-11.03108078335474
TGGAGGAGTGGTCCGT-1,4.835008946018326,2.6537934826706184
TGGAGGATCACTGGTA-1,22.784324356106914,-3.8474336888154053
TGGATCACAATGCAAA-1,15.868663790276035,2.060759941413599
TGGATCACATGCGTGC-1,38.457552505957935,-13.954180911233845
TGGATCATCCGAGTGC-1,16.540539301319953,-14.578020568848748
TGGATGTCAAGAGTGC-1,-6.750499552529564,27.05882759902589
TGGATGTCAGAGTTGG-1,-11.542752136064177,-35.960734189528644
TGGATGTCAGTGCGCT-1,22.370676783579036,4.090695883109498
TGGATGTCATCGCCTT-1,8.19365007847413,-16.25273581872512
TGGATGTGTATGAAAC-1,-4.332025845911282,9.515265140302972
TGGATGTGTGTCATCA-1,22.854424256806443,10.117426328401587
TGGCGTGAGATTAGTG-1,33.785265980867436,-0.23346080172408376
TGGCGTGAGGAAGTCC-1,-14.208792515672918,-22.41291681560336
TGGCGTGCAGGTGAGT-1,-1.6019277352434391,-10.714950972001523
TGGCGTGGTCATTCCC-1,38.261679881479104,-14.018253512974848
TGGCGTGTCCAGTACA-1,-10.116118515208363,9.56328407352833
TGGCGTGTCGGCTGAC-1,-41.75071921195403,12.901376811674231
TGGGAAGCAAATCAAG-1,-22.330240899865665,-23.37005454568918
TGGGAAGCAGGTGGAT-1,29.43416169303557,-13.410442817599451
TGGGAAGGTAGAATGT-1,2.605043653104067,-26.443258315790906
TGGGAAGTCATGAGGG-1,8.59982699572144,17.48563212162552
TGGGAAGTCGATACGT-1,-12.755866117915652,-12.303527619013602
TGGGAGAAGATGAACT-1,-11.098747093963292,32.65973345562493
TGGGAGATCAAGATAG-1,24.739544330783243,0.5456348540707334
TGGGATTAGATCCAAA-1,-16.426749779296365,11.998446778238764
TGGGATTAGGTGCTTT-1,19.82122265737164,2.1504149464456055
TGGGATTCACAGACGA-1,15.423282192369077,-21.812282913892876
TGGGATTCAGCTGTAT-1,-24.822240441348274,9.300925889243267
TGGGATTGTATGTGTC-1,-12.754148224602142,21.440811704112804
TGGGATTGTCAACGCC-1,-4.074429874566377,-29.010949293257735
TGGGATTGTTACGTAC-1,-26.77312812332185,-17.33208704200308
TGGGATTTCACGAGGA-1,23.725930226951196,8.308681955544213
TGGGATTTCAGCGTCG-1,-33.18851420829215,-5.605784236957503
TGGGATTTCATATGGC-1,30.597520447291835,-6.150142204139262
TGGGATTTCATGGCCG-1,-4.816145196699097,-3.859010939037078
TGGGATTTCCCATTTA-1,-9.35757120039995,40.99114180806231
TGGGATTTCTGCGAGC-1,-5.817316292855155,10.961441176869505
TGGGCGTAGCGCCGTT-1,36.53741202178149,22.310889152349162
TGGGCGTAGTAGATCA-1,-21.039994496214916,30.127237037572648
TGGGCGTGTCTGTGAT-1,2.697815953102652,-24.13622892785447
TGGGCGTTCAGATTGC-1,1.0969129361224264,9.274745136062638
TGGGCTGCAATATCCG-1,-8.24733545807439,-18.53914633761455
TGGGCTGGTTCGGTAT-1,37.52417218433544,-14.637496876402725
TGGGCTGTCCAACCGG-1,3.126146655149641,45.91269552121061
TGGGCTGTCGGTTGTA-1,-1.2027223839878298,9.625713069863822
TGGGCTGTCTTGCGCT-1,6.201322052802127,-48.55029951456862
TGGGCTGTCTTTCCAA-1,-24.43548910518274,-33.42197108047349
TGGGTTACAAACTCTG-1,17.855754798869413,13.858418235891573
TGGGTTACACGTCTCT-1,16.62759732005764,4.500962530283994
TGGGTTACATCGCTGG-1,18.17624484913073,5.296803032207484
TGGGTTAGTCGGCTAC-1,31.755523415419873,9.908659487722954
TGGGTTAGTGAGAGGG-1,-7.430179358555344,17.831312073240323
TGGGTTATCATGAAAG-1,14.389080002800986,-1.5246105885235794
TGGTACAAGGAGTCTG-1,-7.3949894111818075,-6.799885204786205
TGGTACACAATCACGT-1,-20.629266974876977,31.88420738125086
TGGTACACAGACAAAT-1,28.90310567319157,-3.646763517455223
TGGTACAGTAGCCCTG-1,-24.674677435323616,-17.243943620385178
TGGTACAGTCTTCAAG-1,-10.09313954237185,0.887262700083906
TGGTACAGTTCCGCGA-1,-23.65856433936801,-16.546548035180017
TGGTAGTAGATGACCG-1,-19.986523549484197,-20.5954085650887
TGGTAGTAGGGATCAC-1,-16.270450845248963,-17.378915986390055
TGGTAGTCATCGTGCG-1,33.14218958723637,10.690858217251689
TGGTGATAGGACACTG-1,-33.98506670252044,2.1855594780670753
TGGTGATGTCTCGGAC-1,-25.08352112027692,-16.5851653632616
TGGTGATGTGGCTGCT-1,-27.217780313685527,-11.544976454116805
TGGTGATTCCCATTTA-1,15.706907007121583,22.715139386828255
TGGTGATTCCTGGGAC-1,3.7292812679015563,16.66099556671753
TGGTGATTCTTCCTAA-1,-10.0050427860539,14.130015163126956
TGGTTAGAGCCTCTGG-1,-46.15952164562654,2.0950630023432932
TGGTTAGAGTGTGTTC-1,13.16512938705606,-8.062153305089364
TGGTTAGCAATACGAA-1,9.062009917000225,-7.842223397604285
TGGTTAGTCAAAGACA-1,-14.229691529872825,-23.718434282448083
TGGTTAGTCACCACAA-1,41.4602856061408,-4.14910772544127
TGGTTAGTCGAACGCC-1,24.928351994761773,6.955045056575815
TGGTTAGTCTGTGCGG-1,-23.424264081066912,-17.7516069874496
TGTAACGGTACAGGTG-1,-21.979663041675455,-12.37124359417458
TGTAACGTCACTACGA-1,-2.7977333861885243,28.361768044937264
TGTAACGTCACTGTTT-1,-33.43938682626432,3.377834302329132
TGTAACGTCATGCCCT-1,-16.404893468142994,12.089318811627729
TGTAACGTCCATTCGC-1,-31.37325734275967,-25.5023881607643
TGTAAGCAGAGCAAGA-1,-11.545340176802226,-0.32714112432305437
TGTAAGCAGGCCCACT-1,-8.34368476796735,25.93731920435235
TGTAAGCAGGTCCTGC-1,-15.473899990746693,1.5098320733348245
TGTAAGCGTCAGTTTG-1,-8.178778782083521,-9.076548068846511
TGTAAGCTCAATCCAG-1,-26.12607160288096,20.29709228442153
TGTAAGCTCATACGGT-1,22.4459629924461,-13.623744317304077
TGTAAGCTCCGGTTCT-1,-26.24125054062273,-8.52515039613445
TGTACAGAGCTGTTAC-1,43.18513637894813,-3.2862359157871563
TGTACAGGTAGAGATT-1,32.51192213747739,11.529225473498514
TGTACAGTCAACTGGT-1,-14.709704983893143,37.03702930478932
TGTACAGTCCAGGACC-1,21.2741915278167,-21.355630370683695
TGTACAGTCGCTTGAA-1,-6.803207374127344,7.980689705483514
TGTAGACCAACCCTCT-1,-12.034713621832795,-11.527265462354391
TGTAGACCAGCGACAA-1,-14.656840262427586,7.547107563027049
TGTAGACGTAATGCGG-1,-32.820753070858146,-5.98812165017875
TGTAGACGTCCACACG-1,-11.976166015705314,-11.171079621255592
TGTAGACGTCTAGTGT-1,-11.24505288029258,16.669906747833604
TGTAGACGTTTGTGGT-1,9.914298383535222,-16.094992316905227
TGTCAGAAGAAACCAT-1,-27.650369436022878,-15.276929315299018
TGTCAGAAGAACAGGA-1,-25.707743462689052,18.784943775227816
TGTCAGAAGTAAGCAT-1,16.880814290010793,-36.51143107914078
TGTCAGAAGTGGCGAT-1,-1.7949081665423594,8.84470442483883
TGTCAGAAGTTGTCAC-1,-20.19882475101095,30.844904244493165
TGTCAGACACTAGGCC-1,12.799654123041663,-2.271996625995084
TGTCAGACATCTATCT-1,3.5650189576909286,44.86691777201134
TGTCAGAGTACAACGG-1,-23.009138366125402,3.0347623995798854
TGTCAGATCCTAGCTC-1,-33.78556105848116,18.691456217225106
TGTCCACAGCCTCTCT-1,15.64550523805352,22.670981726305996
TGTCCACTCCGCAACG-1,10.700332981814949,-14.863862922127344
TGTCCCAAGACATAAC-1,-12.628073048084834,6.849202877612921
TGTCCCAAGTGGTTGG-1,-2.4891271296963313,-43.06505008837143
TGTCCCACATAGTCAC-1,31.05477173893578,8.205987758583312
TGTCCCAGTGACTGTT-1,15.412231847134452,-35.051442909895286
TGTCCTGCACTAGTAC-1,15.864743940715963,-13.856034092483766
TGTCCTGCAGGTGACA-1,22.51217617490798,-12.62022436621421
TGTCCTGCAGTAGTGG-1,21.73508328927336,-20.871792733938825
TGTCCTGGTCATTGCA-1,-26.768171264902797,-17.013795189673054
TGTCCTGGTTGGGTAG-1,-1.282636669564994,-42.46646898481096
TGTCCTGTCTGCATAG-1,-24.282012661894903,16.918566431250778
TGTGAGTAGTTGTCGT-1,27.50681032880349,31.468525510379354
TGTGAGTCACGACCTG-1,6.300098736090198,24.462161715531042
TGTGAGTGTCTAGGCC-1,-35.13274067286808,10.216606501256274
TGTGATGCAAGAGTAT-1,29.403438045739037,-7.613117880725973
TGTGATGCATTCACCC-1,-6.002833009021717,5.030391777018489
TGTGATGTCAGTCACA-1,-1.2660686588614662,-41.4307308147211
TGTGATGTCCCAAGCG-1,-31.403407501640284,4.06140823925841
TGTGATGTCCGAGCTG-1,-14.291583500121417,-20.90165273211023
TGTGCGGAGCACGATG-1,-5.033405693138545,4.4058566031671536
TGTGCGGCAGTGGCTC-1,17.02465667620349,4.954649530966839
TGTGCGGGTCCACACG-1,-14.664877513373973,-17.353514316765686
TGTGGCGAGAACCGCA-1,16.92083778749115,5.415928014049845
TGTGGCGAGCGTATGG-1,9.128924773419056,-7.991029818069036
TGTGGCGAGCTGCGAA-1,7.226778463178928,-8.568354902860184
TGTGGCGAGGTCCCGT-1,1.0923657634369308,0.7165303792426787
TGTGGCGAGTTAGTGA-1,-9.290921137311303,40.5101126472835
TGTGGCGGTGGTTTAC-1,-2.220177292528261,15.386185826282388
TGTGGCGTCATCCCGT-1,9.650353700924809,-15.4189472489435
TGTGGCGTCCCGATCT-1,42.48922778665533,-4.7191455056786085
TGTGGCGTCCTAAGTG-1,16.314201631230674,22.896463884701173
TGTGTGAAGTATGAAC-1,-25.291743983823544,18.7695434958188
TGTGTGAAGTGCAACG-1,16.451749885784032,-36.66651775004853
TGTGTGAAGTTAACAG-1,-33.070086422503515,2.61184445250958
TGTGTGAAGTTGGCTT-1,-31.326471147081875,18.0346999072246
TGTGTGACAAGAGGTC-1,33.49191984937275,11.579999342021765
TGTGTGACACCAGACC-1,-19.594657548188255,31.116089530224674
TGTTACTAGCATATGA-1,3.6816925642587344,-32.720342699791985
TGTTACTCAATTGCTG-1,13.37293149360178,7.677582396187811
TGTTACTCAGCTTTCC-1,24.221490197457207,1.7550969889531458
TGTTACTGTCAAAGTA-1,-9.343526775942316,2.8880431521380796
TGTTACTGTTGGACTT-1,-9.630721176997145,6.64313996687178
TGTTACTTCATGCATG-1,10.679059892168056,-16.053417245798766
TGTTACTTCATTTACC-1,-12.45571758322631,-36.64260177166496
TGTTACTTCTCACCCA-1,-0.0974204503126737,-22.07851730467865
TGTTCATAGGAGATAG-1,29.5831278487635,-13.562775021481821
TGTTCATCAACCGGAA-1,-1.5030741096825593,-10.614202516231707
TGTTCATCATGACGAG-1,7.832180041384566,-38.91013169476807
TGTTCATTCTAGAACC-1,-24.655325715854755,18.66480736900241
TGTTCCGCAAATAGCA-1,32.45275915143598,-25.33966508719439
TGTTCCGCAGCGGTTC-1,-14.315525250544649,-35.212328017308785
TGTTCCGCATGAGTAA-1,-19.71844702423738,23.285106339469205
TGTTCCGGTATCATGC-1,-32.98307040629337,4.0731261794151985
TGTTCCGGTCGAATGG-1,7.99666776195776,-48.52224686402774
TGTTCCGGTGAAGCGT-1,-42.64354978833854,14.74168192940438
TGTTCTAAGGTCACTT-1,6.352221354269712,28.419122181434492
TGTTCTACACTGGATT-1,31.040695748508508,-26.550278000554496
TGTTCTAGTACTCCGG-1,14.02874280026459,-29.347420813344428
TGTTCTAGTCGTCTCT-1,34.780183676480824,0.8680976252502374
TGTTCTAGTGCATACT-1,13.729718300946558,-31.42721766083538
TGTTCTATCGATAACC-1,-4.924060588361875,-19.012226775214582
TGTTCTATCTCAGGCG-1,8.309382584407459,6.5342351530259375
TGTTGAGAGGTTAAAC-1,-0.4114444973498839,-7.671932670052479
TGTTGAGCAGCAAGAC-1,-5.577206125270059,-8.135659507105556
TGTTGAGGTCTCAGAT-1,23.110031038394776,-3.8610635618144613
TGTTGAGGTTCCACAA-1,27.89623653993891,32.37164479437854
TGTTGAGTCCGAGCTG-1,19.41817443297182,13.295481158992228
TGTTGAGTCGTTCTCG-1,-8.900648342195547,-4.041069897207285
TGTTGAGTCTACGGGC-1,5.569427148419954,28.13032672491066
TGTTGAGTCTGCATGA-1,37.97922789822199,21.817115271903976
TGTTGGAAGTTCATGC-1,24.747742078251925,23.326874398728176
TGTTGGAGTAATCAAG-1,-17.631009559158837,21.077689189237564
TGTTGGAGTCGACTGC-1,-10.158990844776751,-26.13782007277426
TGTTGGATCCGAAATC-1,11.242202560430076,11.811489888402482
TGTTTGTAGGGCAAGG-1,-22.077708909436367,2.4394179051222697
TGTTTGTCAATGGCAG-1,7.108427500739276,-38.05912486163304
TGTTTGTGTCGTCAGC-1,42.90265938544883,-4.374692029422174
TGTTTGTTCTCATAGG-1,8.512793909104634,-15.152980784885353
TTAATCCAGCACGGAT-1,14.58615631545562,-14.300588985285671
TTAATCCCAGCTTCGG-1,14.615748100370729,29.760578562910514
TTAATCCCATCACGGC-1,-34.28220116888066,-5.123319565568785
TTAATCCGTGCAGGAT-1,-27.30497713980662,19.4392734028559
TTAATCCTCGCACGGT-1,-16.517318195030825,4.04666427889024
TTACAGGAGACTGGGT-1,26.456639798822632,5.569695978718998
TTACAGGCAAAGGGTC-1,-8.415869719773442,24.501397224455296
TTACAGGCAACAGAGC-1,7.614548116836755,-0.2635255786008651
TTACAGGCAGACGATG-1,-6.807075500278959,26.13976627848697
TTACAGGCAGTAGAAT-1,13.803313969602845,37.68733994439164
TTACAGGCAGTGTACT-1,-3.1886927550333843,7.019997863663152
TTACAGGGTCTCTCTG-1,-2.5018484243471204,-40.91930914961503
TTACAGGGTCTTTCAT-1,0.8204804165794118,-28.978806812177503
TTACAGGGTGGCCCAT-1,7.820207477946342,-7.917660587674583
TTACAGGGTTTACTGG-1,6.797824327573209,26.119085827355452
TTACAGGTCATGAAAG-1,22.476959074230518,-12.980509797426816
TTACAGGTCGGACGTC-1,-4.8595311822088325,-18.916093137047156
TTACAGGTCTACTGCC-1,19.552538738103017,-20.246003166799913
TTACCATAGATAACGT-1,-21.84352761015024,2.2694117479974336
TTACCATCACTGGCCA-1,-3.793407588388459,27.111092666988
TTACCATTCTGGAAGG-1,-26.373927400536623,-14.34872404894269
TTACCGCAGCAAATCA-1,37.570461693751376,-14.748559687668045
TTACCGCAGGATCACG-1,-13.077259330556013,-35.38629098440411
TTACCGCCACACGTGC-1,15.848291356872963,22.706138860909675
TTACCGCCACGAAAGC-1,16.62310540457739,6.658110445049654
TTACCGCCACTATGTG-1,-14.175490696372837,11.089018612448633
TTACCGCGTCACTGAT-1,15.231295993202004,-6.365428316961769
TTACCGCTCGTCCATC-1,-0.176701518115394,-21.6463196227573
TTACCGCTCTGTACAG-1,3.161997657687718,11.7015413602821
TTACCGCTCTTGGTGA-1,3.655776535837275,-32.33665791064954
TTACGCCAGACGGATC-1,42.12761737764518,-5.488195705434423
TTACGCCCAAGGTTGG-1,32.079979227304406,9.29742421101567
TTACGCCCAATCCTTT-1,-3.86963447767334,34.51619925528198
TTACGCCCACCCTATC-1,-3.07153756629068,24.829745524089574
TTACGCCGTATCGTTG-1,-2.0437137600237127,-41.23518333059026
TTACGTTAGCGAACTG-1,3.9320881030853156,16.959834831776256
TTACTGTAGACTACGG-1,25.407272832974723,0.25750178129437123
TTACTGTAGAGATCGC-1,15.53250272686051,37.4547690561106
TTACTGTGTAGAATAC-1,-10.66814174589314,-5.863536631598349
TTACTGTGTCTCTCAC-1,-29.714883795866754,19.206964559376065
TTACTGTGTGTGAGCA-1,0.09192405568786041,16.055053163967738
TTACTGTGTTCAGTAC-1,3.0207084576492607,4.549604886843024
TTACTGTTCAGCCCAG-1,-8.088146346940723,-6.668630401438756
TTACTGTTCTATTTCG-1,11.709921801169541,10.534325324098134
TTAGGCAAGCGATCGA-1,-25.27220521293933,18.928609004683988
TTAGGCACATCTCCCA-1,29.500639890582,11.724967813224566
TTAGGCAGTTAGAGAT-1,7.8635793809429435,-40.37719063142528
TTAGGCATCCCTCTTT-1,5.75323260445917,-24.690604634467956
TTAGGGTAGAGCGACT-1,-7.781219935872184,12.704779960257296
TTAGGGTAGGAACGAA-1,13.786550060380156,37.13835993705625
TTAGGGTAGGCGCTTC-1,-33.794773516288046,1.6291924427717064
TTAGGGTGTAGAGATT-1,6.026469270606705,27.747564862524182
TTAGGGTGTATCACGT-1,30.60090612489233,9.653901822714813
TTAGGGTGTGGATTTC-1,21.520952644939772,-20.662810787178515
TTAGGGTGTTTAGACC-1,-22.815448945962576,-16.01104742975505
TTAGGGTTCTTACCAT-1,30.435413612440666,16.51821466159159
TTAGTCTCAATACGAA-1,-12.250526383764932,-36.19805186624804
TTAGTCTCATGAATAG-1,-6.397197872769138,36.09914847949393
TTAGTCTTCAGGTAAA-1,33.459376219435214,11.745916680004356
TTATTGCAGGACTAAT-1,15.96877755614997,2.540418645849677
TTATTGCAGTTCCGTA-1,22.667983868170428,22.683094857986212
TTATTGCCACCATAAC-1,22.983349396290574,-18.05722374830059
TTATTGCGTCACATTG-1,-22.891843301568098,3.000038314041298
TTATTGCGTGGACCAA-1,40.68289320773418,-4.761382776454047
TTATTGCGTTATTCTC-1,40.41504158105216,-5.202349749752848
TTCAATCAGTCTTCGA-1,9.407473159085031,1.3302644210590908
TTCAATCGTGCAACGA-1,-25.173644799321828,17.80251395407776
TTCAATCGTTTCGTAG-1,27.593839744170477,3.4264408228909042
TTCACCGAGGTAGCCA-1,10.108314222085419,-1.0431049901256657
TTCACCGAGTTCCATG-1,6.479598737875467,-1.253359383133749
TTCACCGCAAAGGTTA-1,-13.85303982257369,-19.876386888393416
TTCACCGCAGAGCGTA-1,52.73738170400742,11.002862823267842
TTCACCGGTCCACGCA-1,21.989645181706738,22.042350546935804
TTCACCGGTCTCAAGT-1,22.57324577766391,-12.914561328061449
TTCACCGGTTTATGCG-1,-5.1035773003261236,-19.884779995312456
TTCACCGTCAAGCCAT-1,53.32358961631458,11.370154409439726
TTCACCGTCATGAAAG-1,-27.610764988100474,-16.870462731681272
TTCACCGTCTACTGCC-1,2.9566566753253594,4.936529810468939
TTCACGCAGGAAACGA-1,-26.624210530907867,-6.871142724232361
TTCACGCCAGGGTTGA-1,8.137828702943258,-7.586823007227146
TTCACGCCAGTCAGTT-1,12.165373253296535,18.42249638027279
TTCACGCTCAAGTTGC-1,-16.209500973148092,-2.038869658109036
TTCACGCTCCGTTTCG-1,-17.65535523095935,-19.713064453661914
TTCAGGACAACCTATG-1,-12.64150920896313,-23.659376783403143
TTCAGGACAATCTGCA-1,24.907068015668152,-0.5959962525915496
TTCAGGACAGAGCGTA-1,14.617174345992854,21.726226849958454
TTCAGGACAGAGTTGG-1,2.978487710740134,15.215626403053806
TTCAGGATCACGATCA-1,15.717554667007269,-7.710790157325465
TTCAGGATCGGTCAGC-1,-33.20077108590988,-5.732886665897167
TTCATGTAGCGGTATG-1,24.388468913825587,23.08647254745962
TTCATGTAGGTAGATT-1,0.971744707346414,22.633045354013138
TTCATGTAGTAGTCCT-1,-5.620489132316675,0.6265089890660096
TTCATGTCACAAGCCC-1,-10.65881645153709,-3.8944238339653414
TTCATGTGTAACTGCT-1,40.87697017605702,-6.009208977606448
TTCATGTGTATGCAAA-1,3.6830045697969274,44.87409113010159
TTCATGTGTCTACGTA-1,14.854875404605016,36.95884401592017
TTCATGTTCCAATGCA-1,10.570602641226715,16.934141569693175
TTCATGTTCGAAGGAC-1,-25.708609947732114,10.630582542422834
TTCATTGGTAGACACG-1,-2.3426354724265073,0.287530013012208
TTCATTGGTTGAGTCT-1,-6.106274903461382,32.82336202332178
TTCATTGTCCTAACAG-1,-10.078795818565235,1.1735016089133288
TTCATTGTCGTGGCTG-1,34.01584918789477,11.41400921446431
TTCATTGTCTTTGCAT-1,34.45790109151322,12.533408776181748
TTCCAATAGATCCTAC-1,-18.82132189639971,23.728657620055973
TTCCAATAGCGGTAAC-1,0.92209597200684,9.258121276995748
TTCCAATCACGGTGCT-1,16.302909562107676,-3.2745226705311823
TTCCAATCAGTGAGCA-1,15.752435691705287,-6.490102819483195
TTCCACGAGACTGTTC-1,23.268261339509255,1.7645102046956878
TTCCACGAGAGACAAG-1,-44.02131231390537,1.4009742491834811
TTCCACGAGCCTAGGA-1,23.772474369782678,-4.007639918139835
TTCCACGAGGTATAGT-1,39.229789442922325,-5.946385699157462
TTCCACGCATATACCG-1,-10.135813766645379,7.45105177087058
TTCCACGCATTGTCGA-1,7.686887832902244,28.14080724274528
TTCCACGGTTATCTGG-1,-20.457921453695054,-16.193975825458885
TTCCACGTCAAACTGC-1,5.180871310064923,27.377471811202266
TTCCACGTCTCGTTTA-1,40.55700361676403,-3.994344976226988
TTCCGGTCACTACTTT-1,14.36352784452605,-1.5147619750567893
TTCCGGTCAGGCGATA-1,11.389581895154063,9.842119390409147
TTCCGGTGTCTTGGTA-1,28.041157025169525,32.4799096151031
TTCCGGTTCACCATCC-1,-19.379146608756944,24.19187062910797
TTCCGGTTCAGCCTCT-1,-3.545270289655112,34.27012610422086
TTCCGGTTCTCGCGTT-1,-1.9317242434208097,-41.704448714693335
TTCCGTGAGAAGTCCG-1,8.796472447963534,1.1556134497359805
TTCCGTGAGTAGAGTT-1,7.53304451730509,-0.3081996082150752
TTCCGTGCACGCAGTC-1,-0.25175593563878546,-21.793859955713014
TTCCGTGCATTCAGGT-1,-25.464236794999806,-13.293958105370717
TTCCGTGGTATCGTAC-1,-5.0498693261800955,38.16925703922682
TTCCGTGTCAGAACCT-1,-4.084111300344633,3.428687324456105
TTCCGTGTCGTTCATT-1,-22.369466018078153,-3.74112864633115
TTCCTAAAGGTCCGAA-1,-20.55634885956234,-12.07393139833925
TTCCTAAAGTGATGGC-1,11.44627605846429,9.718630826381734
TTCCTAAGTGCCGTTG-1,30.06469914134508,-26.5130188559075
TTCCTAAGTTACCTGA-1,-2.3222313185507013,-42.18291366368985
TTCCTAATCCCACAGG-1,-1.619194197011913,15.481229023026142
TTCCTCTAGGGAGTGG-1,28.029069112128212,32.41595654423821
TTCCTCTCAACTACGT-1,14.320299906302342,-1.6373181817092595
TTCCTCTCAGCACAGA-1,-6.556367147088383,19.05498674949499
TTCCTCTTCTTAGCCC-1,-4.876258853831414,-29.858831899794584
TTCCTTCAGTAAAGCT-1,11.102244915874405,7.747043466637071
TTCCTTCTCAGCATTG-1,-26.68358189805168,-5.467140954636181
TTCGATTCAGACAAAT-1,30.491334761036732,-25.650555906336667
TTCGATTGTGGCCCAT-1,30.5173464730661,-14.118006679172927
TTCGATTTCCCTCTTT-1,4.55424756329741,-8.645526648158171
TTCGATTTCGTCGGGT-1,-24.303977646840604,8.167465955569433
TTCGCTGAGGGCTTCC-1,33.61497756276338,11.903721720630177
TTCGCTGCACTAGAGG-1,4.833491495540693,11.629117486835478
TTCGCTGCAGTCGAGA-1,24.08843831458861,5.383311696775914
TTCGCTGGTAGAGATT-1,22.33000192184464,22.37749868141579
TTCGCTGGTCGGCTAC-1,-29.701224928150648,-8.91924572004749
TTCGCTGTCAACTACG-1,-19.181712401272517,25.14925403140903
TTCGCTGTCCCTGTTG-1,-28.462903286904265,-17.591304451327574
TTCGGTCCACTCATAG-1,8.364565135084659,-14.856741740329541
TTCGGTCCAGCATGCC-1,41.66284541620178,-5.310331236404679
TTCGGTCGTCTTCAAG-1,35.1135893670203,0.6485530825827579
TTCGGTCTCTCGTTTA-1,-26.779304361249793,-8.929700634200152
TTCTAACAGGCGTTAG-1,4.99192402975464,43.50967717554907
TTCTAACAGTATAGAC-1,38.591140887271095,21.5222554408146
TTCTAACAGTCACGAG-1,36.71487639494521,-14.112058441301146
TTCTAACCAAAGGATT-1,-34.33741935864152,17.827277840619622
TTCTAACCACCTTCGT-1,15.259442074978656,-6.0728331485523555
TTCTAACCAGGCCTGT-1,-33.10465821704772,11.153803291491505
TTCTAACCATCCTTCG-1,8.335188476077448,17.671863607568284
TTCTAACGTAGAATAC-1,-43.55276575789548,13.607247117572848
TTCTAACGTAGGTGCA-1,-19.4009983785778,31.141712043240762
TTCTAACTCAAACGTC-1,7.192430729609199,25.580865016797848
TTCTAGTAGCAGCAGT-1,1.1777748794196972,-30.380223352426725
TTCTAGTAGCAGCCCT-1,-28.636340513201738,-15.701629050028613
TTCTAGTAGCAGCCTC-1,7.1308262014921615,-48.56605051756304
TTCTAGTAGTCATGGG-1,7.0330614173732835,-48.54906884796018
TTCTAGTTCGGTTGTA-1,-2.713264163408322,25.62455502434431
TTCTCTCAGAGGTGCT-1,23.856201807257772,2.34088680347752
TTCTCTCGTACTCGAT-1,6.052266143080414,-23.86771573137894
TTCTCTCTCAAGCCAT-1,-13.1007152920113,-12.386578777152293
TTCTCTCTCACTGTTT-1,32.48164480702062,8.582340911019692
TTCTCTCTCTAGTCAG-1,-5.986003132525171,10.005246290622416
TTCTGTAAGGTGCTAG-1,3.7627083892315993,38.02730301308351
TTCTGTAGTCTACTGA-1,-41.44932765458657,12.96411218597275
TTCTGTAGTGTTTACG-1,-10.957740340918674,-9.723345220716505
TTCTTCCAGGTACAAT-1,-17.917746177705002,-27.163347155684956
TTCTTCCCAATCAAGA-1,-10.262994412470992,1.2374091405953394
TTCTTCCCACGGTGAA-1,-7.318165576609906,-8.208321672898464
TTCTTCCGTCACCCTT-1,-7.002388384241288,-7.426439755598923
TTCTTCCGTCGCGTTG-1,4.796746968580937,41.71871995793792
TTCTTCCGTTGAGGAC-1,19.38503486822095,12.031345309150876
TTCTTGAAGAGGCCAT-1,-5.062825224733029,25.483485474143468
TTCTTGAAGTGACACG-1,38.97246024765693,-6.562848932370986
TTCTTGACAACACGTT-1,18.185662647668188,6.557686866228909
TTCTTGAGTTAGGCTT-1,24.16736992423123,23.803183317588875
TTGAACGAGCGTTAGG-1,8.352659758257035,-4.740246527221504
TTGAACGAGTAACAGT-1,-23.895229529140867,-1.0568210008916579
TTGAACGCAACACAAA-1,-19.87475727582895,24.28009220023966
TTGAACGGTACGCGTC-1,8.218909037673098,-23.70001722482742
TTGAACGGTTCTATCT-1,24.03477666667882,23.771095755023342
TTGAACGTCGTAGCTA-1,-2.6976877367870102,4.267894275650474
TTGAACGTCGTTCCCA-1,-34.841093879658835,10.903855114616245
TTGACCCAGGCCACCT-1,16.719741226912657,-27.68820909293499
TTGACCCTCACTTATC-1,3.7490778674191385,44.82743539263703
TTGACCCTCGCATTAG-1,7.725091281224406,-40.1671877016914
TTGAGTGAGGGATCAC-1,0.5690627816023045,-17.327037975317875
TTGAGTGAGTCGGGAT-1,-17.03817471987348,30.013201935243814
TTGAGTGAGTTACGGG-1,-28.22133415117637,-15.585627727795373
TTGAGTGCAACTTGGT-1,-25.02527864503412,-30.294461153662645
TTGAGTGGTGGGCTTC-1,1.8152304684557132,-3.459957925072774
TTGAGTGTCACGAGGA-1,-25.382819573538598,-4.841243283726453
TTGAGTGTCGAGTACT-1,5.680304606312154,-47.67484388598617
TTGAGTGTCTGGAGAG-1,8.391358852376094,-15.944842893591758
TTGATGGAGGGCAAGG-1,22.41525884379549,-12.37238382137862
TTGATGGAGTGGTGAC-1,16.815803878495487,-26.577312209796734
TTGATGGCAGAAGTGC-1,-2.048112967759199,-41.55504535677594
TTGATGGCAGGCGTTC-1,-28.3807233344212,4.363498249657592
TTGATGGGTCTACGAT-1,-7.9277225057361544,6.134130131479053
TTGATGGGTTTAGAGA-1,-1.6718053749231079,0.6296740172580814
TTGATGGTCTCGTCAC-1,-18.03886262987769,11.442144414842733
TTGATGGTCTCTGCTG-1,31.31503617388959,-24.84552254487281
TTGCATTAGAGGTATT-1,-14.722566230076167,-21.350059699116972
TTGCATTAGGCACTAG-1,21.22727753841734,-21.135539330848243
TTGCATTCACTTGGGC-1,7.876005256849582,-16.493151672119602
TTGCATTGTGGCATCC-1,-3.693928957865402,-5.783522850792335
TTGCATTTCCCGAAAT-1,24.672364651174806,-0.9656558460901515
TTGCCTGAGCAATTAG-1,1.4780400069597792,26.253668168016414
TTGCCTGGTACAGAAT-1,27.86421490939283,32.3744606198222
TTGCCTGGTAGGTCAG-1,-5.957951957678434,22.19848944370439
TTGCGTCAGGGCAATC-1,-14.779257409858733,12.451739441717388
TTGCGTCAGTAGGGTC-1,11.557439199770076,10.041914211090146
TTGCGTCCATCGCTCT-1,-21.244941426593176,-20.9385309242986
TTGCGTCTCAAGAGGC-1,-38.4941236201629,2.5313620595587714
TTGCGTCTCACCTTAT-1,16.881732485150128,5.102625591464403
TTGCTGCAGACGATAT-1,-10.262991966191752,1.2374001637447831
TTGCTGCAGCGTTGTT-1,22.57334597620541,-12.914561772732945
TTGCTGCAGCTAAATG-1,10.095291966216271,-15.825389402720777
TTGCTGCTCTGGGCGT-1,8.045014713239775,0.7676544743012
TTGGATGGTCAAACGG-1,18.438184472850182,12.95488966640044
TTGGATGGTCACTCAA-1,-4.388766909298369,24.18860054042472
TTGGATGGTGCGTTTA-1,-34.704444351894274,-26.06031740613998
TTGGATGTCCAGTGCG-1,14.260617536809567,37.45271986915924
TTGGGATAGACGACTG-1,6.18278687554011,31.037466588865282
TTGGGATAGGTGCGAT-1,26.146005528923542,-7.4709210166638
TTGGGATGTGTTCAGT-1,-2.0935963736197207,-41.68596954391338
TTGGGATGTTGCATAC-1,-33.31906208063879,-6.101910393047231
TTGGGCGCAGCCCAGT-1,-0.25103724265646604,-16.667345534437654
TTGGGCGCATGAAAGT-1,29.281168714983927,8.695009759279632
TTGGGCGTCATCAGTG-1,7.894560627004153,28.51394174757659
TTGGGCGTCCAGTGTA-1,-17.847909763518103,28.249618170273372
TTGGGTATCCTAAGTG-1,-7.766274025287092,13.218724064958986
TTGGGTATCCTGCTAC-1,16.933611603582506,5.521042719971952
TTGGGTATCTAGACAC-1,5.355894867261793,-25.17624155410477
TTGGGTATCTCTGAGA-1,14.958853597852315,-32.57063347442447
TTGGTTTAGCTAAACA-1,-8.70546492370416,24.218067022212736
TTGGTTTCAAACTAAG-1,-19.88518501682253,24.498089054214606
TTGGTTTGTCTTGCGG-1,52.73735526364742,11.00288840038822
TTGGTTTTCTGCGAGC-1,-45.65626454357261,2.201168045951831
TTGTGGAAGTTGCATC-1,7.554895319514625,-0.2487410601153438
TTGTGGACACCCTAAA-1,23.479191169175227,-5.773120213878271
TTGTGGACACCTGCAG-1,-6.739731037482804,37.154864561374644
TTGTGGACATCATGAC-1,4.869813835347686,-33.427247079270344
TTGTGGACATGCCGGT-1,1.989414931169737,-3.7382783157614963
TTGTGGACATGGACAG-1,31.51288469163163,10.433839500520476
TTGTGGAGTACGTGTT-1,-1.7346336963818025,-10.607969876133785
TTGTGGATCATCGCCT-1,-4.963789584131815,-19.188613535395486
TTGTGGATCCGTGTCT-1,26.63897422648504,32.54649295181248
TTGTGGATCCTATGGA-1,31.175960280376696,-27.133388482675034
TTGTGTTAGTCACTAC-1,14.328223108833251,36.859785467721856
TTGTGTTAGTCATGGG-1,10.320375446050468,-16.475626333485902
TTGTGTTCAAATCAGA-1,2.8002477708189013,44.011335671884176
TTGTGTTCAGACAAAT-1,-3.868600189933467,-30.67440007758711
TTGTGTTGTAACCCTA-1,-18.762890697393463,24.65105126668294
TTGTGTTGTATCGGTT-1,-15.53099742363072,1.2072418086219505
TTGTGTTGTGATTCAC-1,-16.713700850773883,12.117962852930205
TTGTGTTGTGGTAACG-1,38.699506444391346,22.038626406220665
TTGTGTTTCCCTCTCC-1,-9.62934459742003,33.71080738034454
TTGTTCAAGAGCTGAC-1,37.7080415250364,21.850426572282544
TTGTTCAAGCATGGGT-1,-31.088285727468694,-16.50134620230296
TTGTTCAAGCGACTGA-1,-10.281076755757983,-27.44947998656986
TTGTTCAAGGATCATA-1,-46.920539004250514,2.7168714810559376
TTGTTCAAGTTCCGGC-1,15.472461894984125,-29.642849909888792
TTGTTCACAACCAATC-1,-17.38616741962709,-19.964980125409596
TTGTTCACAGAACTTC-1,6.400736594034935,-25.585259098398243
TTGTTCACATACTGAC-1,17.41203242696615,12.740023719105745
TTGTTCAGTGCACGCT-1,9.742245470047765,10.470840870984212
TTGTTCATCACTTATC-1,-13.6801300889745,-34.045804576650845
TTGTTGTAGACTGTTC-1,-22.196346207631848,-24.062151510522366
TTGTTGTAGATGCTTC-1,-22.576622953611608,-15.73826441811421
TTGTTGTAGCACTGGA-1,-26.53099743561386,-5.13463651500514
TTGTTGTAGGTGAGCT-1,-9.312094224386469,40.51608503239296
TTGTTGTAGTCGCCAC-1,7.675629664988037,-0.17207681412484002
TTGTTGTCACATTCTT-1,-17.98850348426972,-0.8675400237126464
TTGTTGTCACTGGACC-1,-25.63352175313144,-5.3785775402616185
TTGTTGTCATGCCATA-1,6.134559549196197,-24.30094775220289
TTGTTGTTCCAATGCA-1,-18.620552489828636,18.88003599872883
TTGTTGTTCCTTGAAG-1,52.73740549972641,11.002897796750638
TTGTTGTTCGTACCTC-1,-13.778877617478509,-36.08515404660266
TTGTTGTTCTTGCGCT-1,-22.327927907162472,8.884973069595992
TTGTTTGAGAGTCCGA-1,16.13944254049829,-13.741398531512083
TTGTTTGAGCAGGCTA-1,30.593997262016615,-27.75124185181506
TTGTTTGAGGATATAC-1,25.116921243525127,6.80764618237956
TTGTTTGCAGCTAACT-1,-4.45228316549961,28.070634585811394
TTGTTTGTCAAGCCGC-1,-19.66318963294539,31.275037659322958
TTGTTTGTCCAAGCCG-1,15.375987416608856,-27.231247789156626
TTGTTTGTCCTGTTAT-1,6.710891736529297,-48.54106308996399
TTGTTTGTCGACATAC-1,-17.906753646932167,-27.172737237869057
TTGTTTGTCGCTGATA-1,15.971918577288944,-6.68084100887107
TTTACCACACGGCACT-1,-6.958129902790167,-13.39474756545998
TTTACCACAGTTAGGG-1,11.142457506193631,-15.144658695883074
TTTACCACATCCGTGG-1,-25.881465868098804,18.045056592310647
TTTACCAGTACCTATG-1,-33.67967748517359,-5.672044980322876
TTTACCAGTCGGAAAC-1,22.1529142003535,1.3089137985384314
TTTACCATCTATCGCC-1,41.64032505885687,-6.590281944080637
TTTACGTAGCGCCGTT-1,-1.9732287972866545,9.475698709500106
TTTACGTAGGGTGAGG-1,28.978818818104955,-14.38223873877939
TTTACGTAGTAGCCAG-1,28.023577413976117,11.791960271566959
TTTACGTGTCACAATC-1,-17.649967904495867,-0.6213110746506043
TTTACTGCATTATGCG-1,0.2695371508322414,-31.618954420694905
TTTACTGGTACCAGAG-1,-33.03132500058099,20.253233744761204
TTTACTGGTATGAGAT-1,-4.153638047748122,-29.82190574364146
TTTACTGTCGTGCACG-1,-18.75241644049396,0.6621335064528936
TTTAGTCAGGATGAGA-1,6.742585209416155,2.2705614267972782
TTTAGTCCAATACGCT-1,7.464162747392772,-40.36249879567164
TTTAGTCTCGCAGTCG-1,-4.505141407818256,34.655827211975364
TTTAGTCTCTGCGATA-1,-17.0294659331882,-19.193777357652593
TTTAGTCTCTGGTCAA-1,-8.124718300849668,-9.119374868820122
TTTATGCAGACAGCTG-1,-13.628234159705437,-17.300502976930414
TTTATGCAGCTGGTGA-1,10.801672977440198,-8.236968865589601
TTTATGCAGGCTAGCA-1,0.9869518041178087,-34.59822555340977
TTTATGCGTAGGACCA-1,7.111132834214491,-8.305649754694029
TTTATGCTCACACCGG-1,-19.877394457532432,29.657039525126418
TTTATGCTCGTGTTCC-1,-10.950913732616526,16.243649410286935
TTTCACAAGCTAGAAT-1,25.19626041091615,27.09361575955863
TTTCACAGTACCCACG-1,14.960647675755201,-29.86248020256886
TTTCACAGTGTTGCCG-1,7.782806200604459,0.07587089664577777
TTTCACATCAAGCTGT-1,23.22099424361643,22.594225455968
TTTCACATCTACTGAG-1,-18.40775579171539,18.82738568496443
TTTCACATCTCACTCG-1,14.006708982630112,39.09183155045743
TTTCAGTAGCGAAACC-1,-24.09889244368564,-14.584540911695262
TTTCAGTCAAACACGG-1,14.192643280166857,36.99265078713963
TTTCAGTTCATGAGAA-1,24.242753068010206,-0.17914699985847918
TTTCAGTTCCATTCAT-1,-12.77235244191674,-12.453595531175598
TTTCATGCAGTTGGTT-1,10.703220219546001,4.146892293864205
TTTCATGCATGAAAGT-1,32.43018772587242,-25.308224342731137
TTTCATGGTTCCAAAC-1,26.324102085486984,-7.433215386511175
TTTCATGTCTTAAGGC-1,-1.661417754111143,-11.428591716497655
TTTCCTCAGGATCACG-1,29.22851153816689,-25.774558781857497
TTTCCTCCAATCGCAT-1,29.08885438037567,3.406465533180018
TTTCCTCGTAAGACCG-1,16.77785018890875,-36.573707863452825
TTTCCTCGTTGTGCAT-1,4.008536908327924,25.13430548102512
TTTCCTCTCCATACAG-1,36.665829786590635,-14.940514570653532
TTTCCTCTCGTGTGAT-1,21.918238952016168,-20.66508311313042
TTTCCTCTCTCTCTTC-1,4.761064311198775,45.281833413847075
TTTCGATAGGTAGTCG-1,-7.653202855602962,7.272578461602068
TTTCGATCAATACCCA-1,-9.681195025223799,25.086108142784628
TTTCGATCACAGCCAC-1,4.568765124589518,-27.145210550816206
TTTCGATGTCGAACAG-1,-12.269424086762161,-33.1787084844446
TTTCGATGTCGGCTAC-1,5.109713641662729,27.691676755702797
TTTCGATTCAACGAGG-1,35.41171536392016,11.344084072294024
TTTCGATTCATTTGGG-1,42.50412718156287,-5.15367006912136
TTTCGATTCGGAATTC-1,38.47411616355585,20.695719469530424
TTTGACTGTAAGGCTG-1,3.729359538413289,16.45874610431083
TTTGACTGTAGCTCGC-1,-33.69929707940898,-4.9155794119170775
TTTGACTGTCTCCCTA-1,19.39909707387294,3.961088467404003
TTTGACTGTTGTGCCG-1,-2.889047939508282,-41.338952047965954
TTTGATCAGACCATAA-1,44.55916011680558,-4.055276091346029
TTTGATCCAAATGCTC-1,-7.525924205740562,33.13979592217111
TTTGATCCAGGTAGTG-1,-23.34534174896159,-17.80682044487934
TTTGATCCATACGCAT-1,8.153362575371768,-30.663637901416113
TTTGATCGTACTCGTA-1,-13.057839092530296,3.8320942070276867
TTTGATCGTATCCTTT-1,41.176162702903255,-5.038402750512702
TTTGATCGTGGAGAAA-1,-26.849732543753667,-17.6880308234907
TTTGATCTCAAGCCCG-1,39.436789317913615,-3.641325888781292
TTTGGAGAGGGTATAT-1,34.963730183387504,-14.488067754512038
TTTGGAGCAGACAAGC-1,6.447977997351468,-1.250977813972871
TTTGGAGTCCCGAACG-1,13.1417284585455,37.18380929436236
TTTGGAGTCGTGGTAT-1,13.877432604020253,-7.036459794935582
TTTGGAGTCTGCTTAT-1,-2.3465937348276613,2.900222646240169
TTTGGTTAGAACAGGA-1,0.292110273286501,17.380079777479548
TTTGGTTAGCAGATAT-1,-10.672334753845314,-4.9066643790927555
TTTGGTTCACTAGGCC-1,1.950658052033374,-3.9818683392611063
TTTGGTTCAGCTACCG-1,-33.46326884407221,-5.408010214167145
TTTGGTTCAGGACATG-1,14.733585788574597,-28.583644632332625
TTTGGTTGTACAAGCG-1,-18.040473630616205,28.560454115745628
TTTGGTTGTCGCAGTC-1,6.62332614920982,-38.311510619882704
TTTGGTTTCAAAGGAT-1,5.384102544652092,7.18362742397873
TTTGTTGAGAACGTGC-1,-19.622272780220275,31.181195200502867
TTTGTTGGTAGGAAAG-1,-23.325962228278325,5.313835445019311
TTTGTTGGTGCAATGG-1,-22.916357177055758,8.689845216815439
TTTGTTGTCAAACGTC-1,-3.6372573472063436,33.74089525204043
TTTGTTGTCGCGGACT-1,-9.122944652124938,12.45891893927147
TTTGTTGTCGCTGTCT-1,-3.3722428506921043,10.995582498954661
TTTGTTGTCGTCCATC-1,15.762324811861584,1.942367876944354
TTTGTTGTCTGAGATC-1,14.207293181158688,37.728396476563724
