Barcode,UMAP-1,UMAP-2
AAACCCAAGCTGAGCA-1,3.605733591825422,-1.1380264269982603
AAACCCAAGCTGTCCG-1,0.07211392912709083,-2.671987556556204
AAACCCACACAAATGA-1,1.674948064730615,-3.56784753594624
AAACCCAGTATCTTCT-1,2.519107143865505,-4.359101390126105
AAACCCAGTCGATTCA-1,8.53685783337605,-1.5540000777635652
AAACGAACAGGTTCGC-1,2.9114388467307135,-4.307765797738212
AAACGAAGTATTTCCT-1,5.376595808501561,0.8407181145507141
AAACGAAGTCTTGAAC-1,-2.764233381183902,-8.234739616453675
AAACGAATCTCTGGTC-1,6.157759628608454,0.19451075825024047
AAACGCTAGAGTGAAG-1,0.07906867993395962,0.0544059027367237
AAACGCTAGTCACTGT-1,0.7220759051017397,-0.10905016483686227
AAAGAACAGAAACTGT-1,4.266680660027736,-0.16319033562956836
AAAGAACCAAAGGCGT-1,-1.7951602695563846,2.477684344181729
AAAGAACCACAAACGG-1,1.64741589386738,-1.3560045449548315
AAAGAACCAGTCAACT-1,-0.6430682517189384,-2.4892012717306105
AAAGAACCATTGTCGA-1,2.085038701767903,-8.253644372621965
AAAGAACGTACCTAAC-1,2.595754159426469,-3.8286624681213284
AAAGAACGTCGGCTAC-1,1.9804119368139879,-5.174097241690931
AAAGAACGTTCAGCGC-1,4.971030834731344,-1.7859017212226105
AAAGAACTCAAACGAA-1,2.987127300695212,-4.3768882883019575
AAAGAACTCACATACG-1,-0.57089909317605,-0.4800564638174196
AAAGAACTCTAGCATG-1,-0.11093031484922179,0.5228242742906639
AAAGAACTCTGCCCTA-1,3.1733111906042706,-5.364590420997052
AAAGGATAGAAACTCA-1,-2.535787124722927,-0.48368864928003574
AAAGGATCAAGCTACT-1,2.6307642629969705,0.44733135264249624
AAAGGATCACGCAAAG-1,5.303730538247434,-1.2037895783156134
AAAGGATGTACGGTTT-1,5.317638130991908,0.7056840704746793
AAAGGATTCGGACCAC-1,-1.9768308926522715,-4.549575958864258
AAAGGGCAGGAACGAA-1,4.443413669444508,-3.6060785189741646
AAAGGGCAGGTTACCT-1,2.526159960657155,-3.369577613119746
AAAGGGCCAAACTAGA-1,6.115652388298486,-5.420573533568297
AAAGGGCCAAATCAGA-1,1.890045766139576,-3.172081639021591
AAAGGGCTCAATCTCT-1,1.0882035933049328,-1.2567025579229059
AAAGGTACACGGTAGA-1,6.545825324773747,-3.963758614649503
AAAGGTATCATACGGT-1,-2.4884115221137724,-6.065541490769358
AAAGTCCAGTCGCTAT-1,-2.7783217740335564,-2.7085781954489816
AAAGTCCCAGGTCAAG-1,4.499344660405017,-5.119900595208607
AAAGTCCGTAACGGTG-1,1.0246407241937037,-2.8675498207637773
AAAGTCCGTTCCAAAC-1,-0.48952340806599337,0.17765594961252063
AAAGTCCTCTGAGAGG-1,-1.0464626451558374,-0.6589429237354033
AAAGTGAAGACCAACG-1,2.049240730897383,-2.987050369114767
AAAGTGAAGAGCCATG-1,6.086157329487236,0.35618011519778336
AAAGTGAAGCTCTTCC-1,5.301816217755357,-7.843458515312874
AAAGTGACAGGAATAT-1,2.246589747856392,-0.11744489193456024
AAAGTGAGTACGATGG-1,-2.366938114172572,-6.046211187966313
AAAGTGAGTCAGTTTG-1,1.769495662262036,1.1945107383880376
AAAGTGAGTGTCGATT-1,-0.20908754546060532,0.2465287451143729
AAAGTGATCACTGTTT-1,2.0215223674948866,-8.16093050151039
AAATGGACATGAAGCG-1,-2.3318439158156843,-5.900561333415206
AAATGGAGTGAATGAT-1,5.377030179596105,-4.034318305312228
AAATGGAGTGAGTAGC-1,5.270770935141523,-1.2590153450083288
AAATGGAGTTCGCGTG-1,6.700566261373702,-6.991957419170058
AAATGGATCCTCACTG-1,-1.3771567847279456,-1.2616435457239863
AACAAAGAGATTGTGA-1,-2.103417318967211,-3.0855881805550425
AACAAAGAGTTGCGCC-1,2.485529225328538,-1.9090954292193256
AACAAAGCACACCGAC-1,-1.8640028995040638,-5.832666856845552
AACAAAGGTGGTTTAC-1,8.235812104820694,-4.360102885320595
AACAAAGTCAAGAAAC-1,1.3305190031453145,-2.5221879681827875
AACAAAGTCACGGAGA-1,1.622345508413053,-0.9124444928497107
AACAACCAGGAAGAAC-1,-1.4329829750276588,-2.8825778134867557
AACAACCAGGCTAACG-1,5.497518952962138,-7.954209241293532
AACAACCCAGCAGTGA-1,2.316277423576029,-4.475208019015643
AACAACCGTTTACGAC-1,5.087285254029807,-7.779650147793186
AACAACCGTTTCTATC-1,-0.659559083194608,0.2917546141448109
AACAAGAAGAGCAGAA-1,5.984170681401999,0.26562069296902274
AACAAGAAGGCATCAG-1,3.890381369299784,-4.657433453809277
AACAAGAAGTAGAGTT-1,-0.932138895916167,-0.6259219124296289
AACAAGAAGTTCATGC-1,2.906772909604871,-3.506983734723765
AACAAGACACTGCATA-1,-5.4946769886377815,-3.2980170753619444
AACAAGACAGGAATAT-1,2.1866391698754093,-4.833277380814383
AACAAGAGTAATTAGG-1,2.3086163177618793,-4.1062282518804905
AACAAGAGTGTTACAC-1,0.4378292992794824,-1.7615414669976701
AACAAGAGTTATGACC-1,-3.2796546211910154,0.3529624289045727
AACAAGATCGCCTATC-1,2.589812387839901,0.5121178981135016
AACAAGATCGGTGTTA-1,-2.9285465769069234,-8.36822394116524
AACACACCAGAGCTAG-1,1.0853624713355763,-3.1594833355211884
AACAGGGAGACTAGAT-1,-0.4332924096570036,-0.5010917255970228
AACAGGGAGCGGATCA-1,-0.2284641531719725,-0.023614394404955972
AACAGGGAGCGTATGG-1,-3.3141459904190977,0.1928818227308076
AACAGGGAGTTGCCTA-1,2.83012402147325,-5.613051122586115
AACAGGGCAGAAGTTA-1,4.359546866482614,-7.579553691627921
AACAGGGCAGCACAAG-1,2.2999339135882986,-7.763590626395588
AACAGGGGTCGACTTA-1,-1.2205888483394203,-0.2768180995833608
AACAGGGGTTAGAGAT-1,-2.0675561638503708,-1.5916115476808612
AACAGGGTCATTCACT-1,-1.5752772246515871,-1.7835389844463052
AACCAACAGCTGGCCT-1,4.52363524722644,-5.411375242887909
AACCAACAGTAAGAGG-1,4.833252797487087,-2.8544972370089305
AACCAACGTCAAGGCA-1,0.4555690536857869,-3.631665379731742
AACCAACGTGGAAATT-1,0.006066844440905089,-2.26522810581544
AACCAACGTTGGCTAT-1,2.9008234026616346,-3.918478920104952
AACCAACTCGATGCAT-1,2.5413061180205982,-1.8584449644396257
AACCACAAGCTCACTA-1,0.59266357232249,-1.8912829283527532
AACCACAGTGCGCTCA-1,0.5297851780976252,-0.6182800384092022
AACCACAGTTGAGTCT-1,4.17189832304504,-5.847629957691708
AACCATGAGGATATAC-1,5.590558238363469,-3.750474479183006
AACCATGCAAACTCTG-1,-0.7186385040187742,-3.301539299750054
AACCATGCATACTTTC-1,5.6861345601525,-1.8922824342779494
AACCATGCATGGGAAC-1,1.5578457346386223,-3.905681625507877
AACCATGGTCCGATCG-1,7.86742843052451,-1.5465722122430254
AACCATGGTTCAGTAC-1,6.7557023888536145,-6.824863368819041
AACCATGTCGGCTGGT-1,3.268930359680713,-5.212596066678021
AACCCAAAGGTTCACT-1,5.358239844436207,-3.9992260067169036
AACCCAACAGACGGAT-1,-0.08846163059238431,-1.2627707331139533
AACCCAAGTGGGAGAG-1,-1.7428943940686945,-5.51507324593292
AACCCAATCACTGATG-1,0.580791768852346,1.334595183614584
AACCCAATCCCATTCG-1,0.7957268231888426,-8.183982345592947
AACCTGAAGACCCTTA-1,3.3741592243835665,-2.867065010600143
AACCTGAAGCTAGTTC-1,-1.237665043720129,0.4733244982158964
AACCTGAGTACACTCA-1,4.319084416533705,-0.257410169759247
AACCTGATCGTTAGTG-1,5.388664461860124,-8.070575241325573
AACCTTTCACCGTACG-1,0.46308811945589734,-4.88121839590657
AACCTTTGTATCGCTA-1,0.3342953324857924,0.3629138246107989
AACCTTTGTCAACACT-1,2.165139488275766,-2.0108590866468026
AACCTTTGTTCCGCTT-1,3.798739898753055,-5.742682889346576
AACCTTTGTTTCGTGA-1,-0.9848579965303579,-1.1587421745343864
AACGAAAAGATAGGGA-1,5.210862118467161,-3.8324609791954543
AACGAAAAGCCATCCG-1,7.717312323054468,-3.9069124885819217
AACGAAAAGTGATTCC-1,1.4286354295720964,-2.8421943144570423
AACGAAACAATGCAAA-1,1.885300275643051,-1.1480486092750912
AACGAAACAGCTTCCT-1,-3.174921512184705,-1.4049990692955514
AACGAAAGTGCGAACA-1,-0.6643218870412532,-7.181151727207278
AACGAAAGTGTCCCTT-1,1.9016308374514537,-4.730348332208012
AACGAAATCAAAGAAC-1,5.674287406210562,-3.727131204444075
AACGGGAAGCACTCAT-1,0.9649738669763788,0.8757267543310574
AACGGGAAGGGATCAC-1,-0.7450915699307203,-7.267199498618009
AACGGGACAGTGTACT-1,-1.1923069751036484,-4.35246047600445
AACGGGACATTCTCCG-1,5.385257954830976,-3.7936027665674197
AACGTCAAGGTCTTTG-1,5.5856148051640915,-5.21697916898757
AACGTCAAGTAAGGGA-1,-5.389946660190322,-3.2825055246547374
AACGTCACAATTTCGG-1,5.583748992957214,-5.272392266977199
AACGTCACACGGCGTT-1,-0.8509597379658154,-3.1939086110897
AACGTCACACTACGGC-1,-3.964216641491613,-0.15261778955456134
AACGTCACACTGTCCT-1,8.197808480313675,-5.831479285753942
AACGTCACAGGCATTT-1,1.1053273113003619,-4.621259442301594
AACGTCACATTAGGCT-1,2.674838636062475,-6.62227467470969
AACGTCAGTCGATTCA-1,7.117680428212969,-0.797416768902944
AACGTCATCGGACGTC-1,0.4826219966449721,-2.8694596074828675
AACGTCATCGGTAAGG-1,1.2624840858127357,0.4757333975950694
AACGTCATCTGGTTGA-1,4.1212390437789646,-5.503418105471168
AACTTCTCAAACGGCA-1,0.7912287537319053,-0.14331363136623174
AACTTCTCACCGTCTT-1,5.165148556160292,-6.973558085061348
AACTTCTGTACTCGAT-1,0.6912156120398955,1.349681968587188
AACTTCTGTCTTGTCC-1,4.374070926535225,-1.401714713885029
AACTTCTGTGCTGATT-1,-0.8373561834151915,0.23637525942360346
AACTTCTTCACTCCGT-1,-1.8554234618973782,0.5814918712479933
AACTTCTTCAGTCCGG-1,5.52248044793764,-3.6156088519235796
AACTTCTTCCTCTGCA-1,-1.8396907333352048,-1.7953646476129372
AACTTCTTCTACACTT-1,8.106220627380699,-5.772952511967745
AACTTCTTCTGCCTCA-1,0.8275694093256197,-2.3329559327917373
AAGAACACAATAACGA-1,7.121936708425353,-0.7973208769401061
AAGAACACAGATAAAC-1,-2.0493855830914036,-5.90039020724664
AAGAACACAGTCAGAG-1,1.8794180035821926,-1.0985517970815868
AAGAACACATTGCCGG-1,3.4942117513140936,-5.288879785945522
AAGAACAGTAAGCGGT-1,3.6043228894750774,-1.1089222498678921
AAGACAAAGCTGCGAA-1,-3.251934405633508,-1.4705860574242093
AAGACAAAGGAAACGA-1,0.5958580610721022,0.287765608416437
AAGACAACATCGCTGG-1,5.3822803225448155,-7.987296657937293
AAGACAAGTCTCAAGT-1,0.7227343947696198,-8.338218629475111
AAGACTCAGATAACGT-1,-5.056498879087719,-3.54963129987973
AAGACTCAGCCTCAAT-1,-0.2533844272285367,-5.591668815645825
AAGACTCAGCTGCCAC-1,-3.984776306605419,-0.17145285819238892
AAGACTCAGTACGTCT-1,5.559373820990235,-3.9573370113469872
AAGACTCAGTTGAAAC-1,3.729257212746493,-2.9638578037671905
AAGACTCGTAGCGCCT-1,-0.6067898764032881,-7.07455821565364
AAGACTCTCGGTCTAA-1,-0.7524150117109888,-7.155225346485912
AAGATAGCAACATACC-1,-4.064620342149692,-3.458357127055135
AAGATAGTCTCCTGAC-1,0.23157530999010145,-4.5483473987922745
AAGATAGTCTCTTAAC-1,-3.2554939645704444,-1.5215034896848898
AAGCATCAGACATCCT-1,-0.6448654464103695,-4.10470800176152
AAGCATCAGATTGATG-1,5.869175560818685,-1.9716029548769665
AAGCATCAGCATAGGC-1,7.467504579781171,-3.963571485103646
AAGCATCCAAGGCGTA-1,5.648649047924348,-3.7014505068097123
AAGCATCCAGATTCGT-1,-0.7317724299828794,-3.2435344221208458
AAGCATCCATACACCA-1,0.035930669610158776,-5.744455652695638
AAGCATCGTTAAAGTG-1,4.079855733038164,-0.5980189231613481
AAGCATCGTTTCAGAC-1,7.881527501941608,-5.939247019050924
AAGCATCTCAAGCTGT-1,-1.3774466907255323,1.3420524249502643
AAGCATCTCGGAAACG-1,-1.6549532506725897,-2.315975608810838
AAGCATCTCGTGCATA-1,-0.4714181851584027,1.1738273708593485
AAGCATCTCTATGTGG-1,2.3497743226763754,-3.612514012656048
AAGCCATAGGCTGAAC-1,8.267185354769603,-4.306057125924927
AAGCCATCAGCGATTT-1,1.3970514868039248,-2.2636006244933524
AAGCCATGTCAATGGG-1,3.244119430589652,-5.573498261144502
AAGCCATGTGACTATC-1,-2.391243409910846,-6.098737825471534
AAGCCATGTTGCATTG-1,0.7049236178027167,-0.34979062181283554
AAGCGAGAGATAACGT-1,-1.7264588873913884,-5.9012040046081715
AAGCGAGGTAGTTAGA-1,-0.8305774742288908,-1.5470680070939256
AAGCGAGTCAACTACG-1,5.389086056587549,-4.373201777985311
AAGCGAGTCCGGTAAT-1,6.9091672491624685,-2.0781313117827844
AAGCGAGTCCGTCACT-1,-1.8491049571960458,-1.496927441187868
AAGCGAGTCTGCGTCT-1,6.58524264061195,-2.2307698456973095
AAGCGTTCAATACGCT-1,-0.07922995447134171,-2.865555401543943
AAGCGTTGTTAGCGGA-1,8.660804809448123,-1.3812053381966682
AAGCGTTTCCGTGCGA-1,-0.14352039387716367,-3.389055675931656
AAGGAATAGTCAGGGT-1,-1.7928160455415831,-5.33199507813697
AAGGAATAGTGAGGCT-1,5.401147550294242,-8.035386760549388
AAGGAATCAGACTGCC-1,-2.9480996012492646,-8.380573443840735
AAGGAATCAGGCATTT-1,1.3802704916841781,-2.4481073312767547
AAGGAATCATTCATCT-1,-2.135197460010003,-4.977841169701348
AAGGAATTCCACGGGT-1,0.6665374072437074,-4.020917532479176
AAGGAATTCCTTTGAT-1,1.1740910170061507,-2.288243666554192
AAGGTAAAGTTGCCTA-1,0.786353526954805,-4.0410992612882755
AAGGTAACACGAGGAT-1,0.18486469043549686,0.09524741163327533
AAGGTAACAGCGTGCT-1,2.2970367825783824,-4.9004441378070736
AAGGTAACATATGAAG-1,4.0175853928062395,-6.347657897869977
AAGGTAACATTGCCTC-1,5.416138293192771,-3.474231150445377
AAGGTAAGTCGTTTCC-1,1.094716354313547,-1.3886417687113195
AAGTACCAGATGATTG-1,-0.7087091318270808,-7.143984920467038
AAGTACCCACAAATAG-1,-0.598064517491364,-2.11296499498952
AAGTACCCAGTTCTAG-1,-3.8770795240725726,-3.473900103339018
AAGTACCTCATACGAC-1,1.8362118650116874,-1.9760143909733296
AAGTACCTCCGTAGGC-1,5.282394256692789,0.6355065367154024
AAGTACCTCCTTCGAC-1,2.534824011353674,-3.411879503917079
AAGTCGTTCGTGTGGC-1,-4.332190670763358,-3.7683800685451
AAGTCGTTCTCAGGCG-1,-3.059969854152569,-8.439253044127813
AAGTCGTTCTTGCAAG-1,-1.3184256139939476,0.9753113310650418
AAGTGAAAGGGTTAGC-1,-2.119127427284116,-4.112683350526224
AAGTGAAAGTACAACA-1,-3.9287808104722117,-0.2577179987628809
AAGTGAAAGTCGAAGC-1,-0.8043730036530661,-1.0006751698917264
AAGTGAACAATCGCGC-1,0.2073156420571591,-4.065322988058145
AAGTGAAGTCAAATCC-1,1.3986119630724554,-4.042480402090815
AAGTGAAGTTCACCGG-1,2.2634976380224443,-7.9438985723504265
AAGTTCGAGATAGGGA-1,1.6260997062507039,-2.9679789346913164
AAGTTCGCAACAGTGG-1,-3.935524980660762,-4.9105808074666095
AAGTTCGCAAGTGTCT-1,0.8062848426687682,-4.733744527885957
AAGTTCGCAATGAGCG-1,-2.8733907516265123,-8.31880312958715
AAGTTCGCAGAGGAAA-1,2.386868005918359,-0.5901002382805292
AAGTTCGCAGCCGTCA-1,-2.603443550804783,-8.161725128310025
AAGTTCGCATGACGGA-1,1.3265819467567552,-3.536711775042802
AAGTTCGGTCACTTCC-1,3.3838843297339087,-5.268833421953436
AAGTTCGTCGTCACCT-1,5.311001989164732,-1.1704874611084284
AAGTTCGTCTGTACAG-1,0.6307068893695709,-0.2431888866273949
AATAGAGAGACTCAAA-1,-1.8553363695250156,-5.806798256389126
AATAGAGAGGGCAATC-1,2.127388717817705,-2.0157745081271674
AATAGAGCAAGTCCCG-1,0.4295444105867833,-3.790555550157303
AATAGAGCAGAACTTC-1,0.742890152769316,-2.110606543386773
AATAGAGCAGGAATAT-1,-0.722304391136079,-7.212662237593735
AATAGAGGTCAGTCGC-1,7.773837037188242,-1.8050010763618543
AATAGAGTCATTACTC-1,2.3185867553164172,-2.408648968857213
AATCACGCACAATGCT-1,0.6682630628423272,-8.177764547246687
AATCACGCACGACGCT-1,-2.4826396332629996,-1.9614817817836685
AATCACGGTAACATCC-1,1.8780595574535173,-2.989825632412261
AATCACGGTTCGAAGG-1,8.117748217575357,-4.220445978739721
AATCACGGTTTCGTAG-1,7.876517400241306,-5.634526142702805
AATCACGTCGAGAATA-1,0.4686321653089321,-4.914862163678619
AATCGACAGTCTGTAC-1,3.8975036559391603,-4.425683812190202
AATCGACCAGTAGTGG-1,5.141801471096306,-4.431619406685856
AATCGACGTCGAACAG-1,5.982814507884339,-1.9164928831119286
AATCGACGTGTCTAAC-1,2.261774993601118,-4.9114392480762294
AATCGACTCGAGAGCA-1,-4.206730861691385,-3.4653846520021023
AATCGTGAGTGTTCAC-1,-4.926753871705096,-3.760568010564315
AATCGTGCAAGTCCCG-1,2.733389531922096,-2.847799665037169
AATCGTGCAGAGAGGG-1,-5.442238556301442,-3.2141998901880027
AATCGTGTCAACACGT-1,-3.954182638630608,-0.1653268469463491
AATGAAGAGAGGCGGA-1,1.4876399611484143,-4.441902743336643
AATGAAGCATGAATCC-1,1.2469077442420637,-1.5348385422192503
AATGAAGGTCCCAAAT-1,-2.247830734608743,-5.650987850464605
AATGAAGGTGCACAAG-1,2.294110646946684,-1.774204130790712
AATGAAGTCGGCTGTG-1,1.926128304143366,-3.9258240348601703
AATGACCGTACCTATG-1,2.112258240974851,-3.3061310437686955
AATGACCTCGCCTAGG-1,-2.037098540175029,-2.9831150348245954
AATGACCTCGTAACTG-1,-1.2201651606968877,-1.9484374944823686
AATGCCAAGCGTCAGA-1,-2.0086024945264813,-5.819517307739244
AATGCCACAAGACGAC-1,0.7393546550072982,-2.0544621499926077
AATGCCACATGGTGGA-1,-3.0569531600228146,0.7028664833070855
AATGCCATCAAGTAAG-1,2.48139287759655,0.2999423061794881
AATGGAAAGGACGCTA-1,2.417105010886247,-3.6722794164776893
AATGGAAAGGTAAGGA-1,1.7057445056910507,1.5255212132577136
AATGGAACAACCGCTG-1,3.489720133903668,-5.118465749075608
AATGGAACAACTCCAA-1,0.13456052810570993,-5.585496713515798
AATGGAACAAGAATAC-1,-1.0712816827207117,-1.9953545014457663
AATGGAAGTATCACGT-1,8.348052443295046,-4.150386722437869
AATGGAATCGCTTAAG-1,-1.6780297000092785,-2.385755271382234
AATGGCTAGAAACTAC-1,0.48017527408641736,0.5016961202784616
AATGGCTAGAGGACTC-1,-4.074926290123503,-3.4025692764700417
AATGGCTAGGAAAGGT-1,-3.2920273991551263,-1.4410032106428174
AATGGCTAGGAACGCT-1,-0.22567574900069934,-5.966472262608509
AATGGCTCACTGAATC-1,4.283852431355572,-4.556376294544054
AATGGCTGTGTGAATA-1,1.5349910059555405,-0.7323101753676832
AATGGCTTCGCTGACG-1,3.068782388342223,-1.8508114835261813
AATGGCTTCTCGGCTT-1,3.6116120062361996,1.5032173086645086
AATTCCTAGGATGCGT-1,0.6926721325427011,-0.06434989037724549
AATTCCTCAGACTGCC-1,-3.121405682551514,0.5995483085399653
AATTCCTCAGTTCACA-1,1.440277257642747,-2.8038137133531955
AATTCCTCATTGGGAG-1,-1.1842455648496655,-2.072177950807693
AATTCCTGTTTGGGAG-1,6.390659786333342,-5.498047026956028
AATTCCTTCGCGCCAA-1,3.107572625785198,-3.7812074162746607
AATTCCTTCTGTCAGA-1,2.269946380127228,-3.7415653504949695
AATTTCCAGAAACTCA-1,4.41317309299113,-5.492991775022985
AATTTCCAGAGCATTA-1,-2.760205695089601,-7.992322025253664
AATTTCCAGCCTATCA-1,4.1569723301886174,-0.3273088646163488
AATTTCCAGTGTTGTC-1,-0.6793745665029316,-0.5664231780584353
AATTTCCCAACGCATT-1,-2.1056380132205463,-3.2147323230266425
AATTTCCGTATCGTGT-1,-0.7489083332339309,-3.23579879664078
AATTTCCTCCGTATGA-1,4.610201134843329,-5.5907659650653425
AATTTCCTCGTCTCAC-1,1.3830480473915159,-4.033882586873646
AATTTCCTCTCTCGAC-1,2.992477134608673,-0.26598687184007547
AATTTCCTCTGACCCT-1,5.404716423878415,-9.262940603176029
AATTTCCTCTTAAGGC-1,0.8288328226975281,-3.342027557027656
ACAAAGAAGTTATGGA-1,-1.2683070541390495,-0.27117454106731764
ACAAAGACATGACGGA-1,2.556323244936619,-1.3563171525477273
ACAAAGATCACTCTTA-1,1.4961493450723513,-0.6463691281476048
ACAAAGATCATAGAGA-1,-0.5689337528967874,-1.9225057072283853
ACAAAGATCGATACAC-1,5.450242157091883,-1.199134921665596
ACAAAGATCGCAGTGC-1,2.367669099034156,-6.291078525722828
ACAACCAAGAGGCTGT-1,5.9412664268149555,-0.05604692781823839
ACAACCACAATAGTCC-1,8.148207702819706,-5.894198803426717
ACAACCACACATAACC-1,2.4054462857366596,-3.227057375660217
ACAAGCTAGAGGCGGA-1,2.0250934424667633,-0.6579769110669395
ACAAGCTAGTTGGACG-1,-3.6990387893282146,-4.264411181777139
ACAAGCTAGTTGGGAC-1,-1.0770026601110843,-4.2594169009348715
ACAAGCTCAATGTGGG-1,5.993002725551144,-1.9586363814382146
ACAAGCTTCAAACTGC-1,-3.8287638877555223,-0.150234031117409
ACAAGCTTCACCATAG-1,8.013283296128423,-1.731927692265985
ACAAGCTTCGGCCTTT-1,1.2125377585592017,-4.8087209041849315
ACAAGCTTCTCCTGCA-1,-1.9350996233171485,-1.8686843088679979
ACACAGTAGGCGTCCT-1,-0.4836079952962407,-7.08185334685354
ACACAGTAGGGACACT-1,7.9548339946668,-1.9924861978799497
ACACAGTAGGGCTGAT-1,2.3461462834775846,-4.681351874178517
ACACAGTAGGTAAGAG-1,-5.69555720023362,-3.425256995784588
ACACAGTAGTTCCGGC-1,6.056785532171468,-5.469137703811225
ACACAGTCACTTGACA-1,-1.3397771023568914,1.2246934013520694
ACACAGTTCCATTGCC-1,8.260330808366756,-1.6519118951922465
ACACAGTTCTAGAGCT-1,4.639853021424841,-3.7163297705901943
ACACCAAAGGGAGGCA-1,-0.40527575956240236,-5.680345828326856
ACACCAAGTAGGTACG-1,1.3599718609211027,-5.067699516950041
ACACCAATCCCTCAAC-1,0.5073049348894286,-1.585311929773015
ACACCAATCGTCCTTG-1,3.296287963270111,-2.6451812405046238
ACACGCGAGAGGCTGT-1,-0.14493817109435322,0.15078273062192535
ACACGCGAGAGTTGCG-1,7.655831006475747,-5.869783686087121
ACACGCGAGGAACTCG-1,0.6119555515344427,0.8480885591676274
ACACGCGAGTAACCTC-1,3.1455421874687373,-0.8259012939145364
ACACGCGCAAGCCATT-1,8.115984909986055,-1.6699797986978755
ACACGCGTCGCCACTT-1,1.8257182708604818,-5.510532050992636
ACACGCGTCTACTATC-1,3.8962575494910205,-2.2036019221477074
ACACTGACAACCGACC-1,1.0927559867575716,-0.378460016415068
ACACTGACATGTGCTA-1,-1.7007100739499328,-5.558935884605007
ACACTGAGTCACATTG-1,4.297154530351764,-4.597835330131994
ACACTGATCAAGTGGG-1,4.423965218682626,-2.19746621598641
ACACTGATCGCCACTT-1,-2.391692750354285,-5.940309721708968
ACACTGATCGTCAGAT-1,-5.6437726135333675,-3.411989161547743
ACAGAAAAGATAGCTA-1,-0.44058226894134955,-3.106277115110264
ACAGAAAAGCGTGAGT-1,-0.6753253448333915,-3.99643299840268
ACAGAAACACCTCGTT-1,4.231596355539576,-4.9029238654974945
ACAGAAAGTATTTCGG-1,3.476934944452226,-1.230304392712495
ACAGAAAGTCCAGGTC-1,5.328691721678334,0.683725651416606
ACAGAAAGTCGCCACA-1,0.4696793291306114,-1.8045283762488014
ACAGAAAGTCTTTATC-1,-2.3837759158895913,-4.150409870859521
ACAGCCGAGCCAACCC-1,-0.6109797966930788,-0.539657472690185
ACAGCCGAGCTTGTTG-1,6.853521970415832,-7.150944463532271
ACAGCCGAGTGCTCAT-1,-2.019239268019575,-3.3642697585316284
ACAGCCGTCGCCACTT-1,4.654484795866569,-5.793866326886439
ACAGCCGTCTATGCCC-1,-2.362579215134547,-6.034933525753625
ACAGCCGTCTCCTACG-1,-0.5292743383993113,-0.9176659548616997
ACAGGGAAGATAGCTA-1,-0.19954789632807127,-2.350640453296144
ACAGGGAAGCTAAGTA-1,5.70027671676705,-3.8494590384281198
ACAGGGAAGGAAAGGT-1,3.5001479545883516,-1.2348151171814739
ACAGGGACACTATCCC-1,4.382997962412332,-7.428059632016257
ACAGGGACACTCTGCT-1,-1.2373019567362027,-5.674961528167835
ACAGGGATCTAACGCA-1,2.5243820314092953,-2.967820702035347
ACAGGGATCTCTGCTG-1,2.466364368330995,-3.456238898819807
ACAGGGATCTGTAACG-1,-0.29541692378703416,0.8301405144600102
ACATCCCAGTGCACTT-1,3.8094095024996584,-2.815325829063243
ACATCCCCAAGAGAGA-1,-0.4955950687398248,-0.4535809648793325
ACATCCCCATTGCTGA-1,0.7315966911155385,-0.1747879843199544
ACATCCCTCACTGCTC-1,-5.638768060575848,-3.4330373363304854
ACATCGAAGTACTGTC-1,5.187856026006728,-5.172390511835526
ACATCGAGTAAGCGGT-1,1.998240703428151,-8.016250938273355
ACATCGAGTAGTCACT-1,-0.9648100608283583,-0.771788824460787
ACATCGAGTCAATCTG-1,-0.5632574403200088,1.0540195465250002
ACATCGAGTTATGGTC-1,1.7907059912603351,-3.951333669244235
ACATCGATCAGCGGAA-1,0.7023232207223484,-2.0164046723840583
ACATCGATCTTGGATG-1,-1.7296129866579542,-3.0462261880071613
ACATGCAAGTTACGAA-1,0.8240109224495948,-4.36495183435539
ACATGCACAATTCACG-1,1.4430427528854428,-3.799980626018498
ACATGCAGTTCCGCGA-1,5.328221590823352,-1.1708607431270797
ACATGCAGTTGACTGT-1,-1.4290056029304017,1.392973032064062
ACATGCATCTGTTGGA-1,-1.0496389255736518,-4.6284315405381244
ACATTTCAGGTTAAAC-1,5.601762416163935,-3.808238515869288
ACATTTCTCGCTGTCT-1,-2.8980753412634983,-8.377844951254882
ACATTTCTCGGAACTT-1,2.149575234196897,-8.232088183836535
ACCAAACCACGAGGTA-1,1.8368418887827351,-1.6912240986886247
ACCAAACCACTGTGTA-1,-3.248168381397948,-1.3605311451219095
ACCAAACGTAGTTCCA-1,2.273202953402639,-2.6685357533243588
ACCAAACGTCTTACAG-1,-0.04257856462553721,-1.0019854768235765
ACCAAACGTTGGAGAC-1,0.049486404674429545,-5.430607109973705
ACCAAACTCGCCTTTG-1,-0.12860004496436625,0.5398426532485231
ACCAACAAGACAACTA-1,-2.4114205445794563,-5.679624191226533
ACCAACAAGTCCTGCG-1,-0.6044933699197749,-7.070473922412642
ACCAACACAGAACTTC-1,8.466133974890774,-1.4104373465310784
ACCAACAGTATTGGCT-1,5.053651683331836,-0.5590204883461835
ACCACAAAGTTGAATG-1,4.487372528060646,-6.366627656147789
ACCACAACAAGTCGTT-1,4.089516596394874,-0.4952535164220434
ACCACAACACCATATG-1,8.13374454701159,-4.274557973247976
ACCACAAGTGTCGCTG-1,2.9069688177760122,-0.30477283189753246
ACCACAATCTATTGTC-1,5.870722802205789,-1.8490576891856134
ACCATTTAGAGGGTGG-1,-3.135493004037989,0.5508888370347557
ACCATTTCATTCACAG-1,1.2803099364462234,-2.174307182214357
ACCATTTGTATTGACC-1,1.115886592736287,-6.378010146452893
ACCATTTGTCAGACTT-1,3.4890486696088248,-1.9316580115485062
ACCATTTGTCCTTGTC-1,3.8084070503830727,-3.001912129796725
ACCATTTGTGCATTTG-1,-1.3271381704491299,0.12185758737091959
ACCATTTTCGGTGTAT-1,0.6478357911493255,-4.8201771009418835
ACCATTTTCTCTAGGA-1,1.179343544153423,0.1458228373496937
ACCCAAAAGCTGTGCC-1,0.7452268339201458,-1.841800368115076
ACCCAAACAGTCTTCC-1,2.955762314008927,-0.28768772974375145
ACCCAAAGTCTTGTCC-1,1.495160475120558,-0.8624166292386247
ACCCAAATCTCCAAGA-1,3.5198515290636,1.2528716232005817
ACCCTCAAGAAGGTAG-1,0.8989594573201493,0.5363791203635885
ACCCTCAAGCGTCGAA-1,-0.37058160187585804,-0.6675669681067434
ACCCTCAAGGTTACAA-1,3.183564127759752,-4.816292459295175
ACCCTCAGTATCGCGC-1,-2.2134102051851374,-2.8524609473999583
ACCCTCATCAAGCTGT-1,2.147021922729427,-0.5157603193597847
ACCCTTGAGCTCATAC-1,-2.478673985327155,-1.2181030249681677
ACCCTTGAGTCCCGAC-1,-0.8187742399884342,-3.2518306568829094
ACCGTTCGTAGACAAT-1,4.0054797644971245,-1.5391955702405167
ACCGTTCGTTACAGCT-1,1.444262051344365,-4.4082106161500025
ACCTACCAGCGACTAG-1,7.185828449757984,-2.221531942068916
ACCTACCAGGGTAGCT-1,4.767225762620505,-2.3015962546754305
ACCTACCGTCGTTTCC-1,1.791128183693654,-5.9521336084047185
ACCTACCGTTGCGGCT-1,-1.7994267854168873,0.556359337514016
ACCTACCTCAGCTGTA-1,3.0786142890197965,-0.17429236224648267
ACCTACCTCCGTGTAA-1,-0.6715596067763749,-0.5865360766554034
ACCTACCTCGTTCATT-1,-0.2100256568839137,0.7949327101054001
ACCTACCTCTTTCGAT-1,-3.4763040481225747,-0.7944255262249678
ACCTGAAAGCGACATG-1,3.4711968379172244,1.249749064060638
ACCTGAACATGCAGGA-1,5.553644670846947,-5.114381846818251
ACCTGAAGTCGCACAC-1,0.626907131885929,-2.169983867807656
ACCTGAATCCTTTGAT-1,-0.3567494086534195,-4.184320440296516
ACCTGTCAGCACTGGA-1,1.61264111678126,-2.952101582277528
ACCTGTCAGGATCATA-1,4.278508783228665,-5.231344316876877
ACCTGTCCACTATCGA-1,5.437700255942389,-5.76354063681855
ACCTGTCTCATGCCAA-1,-4.009688240819803,-0.18613232646620145
ACCTGTCTCCAGTTCC-1,-0.7310121037230647,-7.295758671802966
ACGATCAAGTACCCTA-1,2.989989372723459,-4.727322207400855
ACGATCACATAGAAAC-1,2.328239217342759,-2.1088452876042765
ACGATCATCATCCCGT-1,-1.7111678171697067,-1.557350905947359
ACGATGTAGTGCTACT-1,5.618353386102159,-2.276108016659722
ACGATGTAGTTTGGCT-1,1.0695843207940454,-1.6341319016134124
ACGATGTCAGATCATC-1,6.6532242511004105,-7.0336714691868165
ACGATGTGTATGGTTC-1,3.3710909707198,-0.803630061405276
ACGATGTGTATTAAGG-1,5.22534980955544,-6.504347697764389
ACGATGTGTCGTGGTC-1,0.6498739716540197,0.689414171853316
ACGATGTGTTCCAAAC-1,6.298794345397861,-5.913102612226558
ACGATGTTCTATACTC-1,-0.242877307654989,-5.889518379249587
ACGATGTTCTGCTTAT-1,7.133516414822319,-1.9006694551626597
ACGCACGCAAGTTGGG-1,4.66412215045994,-5.530077710205447
ACGCACGCACCGTCGA-1,-2.6103359536683444,-2.7445539108978565
ACGCACGCAGAAATTG-1,5.294216940672545,-4.968471562331556
ACGCACGTCGTGCACG-1,2.6502758886306395,-0.8166851613455813
ACGCACGTCTCGACGG-1,4.535076329147591,-5.587508982952849
ACGGAAGAGTCTAGAA-1,8.071046613692388,-5.619334768485133
ACGGAAGCAGTAACAA-1,5.237042506491047,0.7355397068370019
ACGGAAGTCATCGGGC-1,1.2697627450242512,-4.684906299086944
ACGGAAGTCGAATGCT-1,3.4557547999620235,0.7204132121071153
ACGGGTCGTATTGAGA-1,2.330450953688588,-6.286559471785453
ACGGGTCGTCAACATC-1,-1.0803435612712105,-1.2346102185402552
ACGGGTCGTGCACATT-1,0.32216298178764413,-0.9261496338393166
ACGGGTCGTGTTGATC-1,-0.7083161876189655,-7.242482824740409
ACGGGTCTCATTGAGC-1,5.210673255956877,-6.6298608657746225
ACGGTCGAGAGTCAGC-1,6.0873225664180515,-0.10484716599791875
ACGGTCGAGATAGTCA-1,-1.4614915116422686,-0.06929171650173349
ACGGTCGAGATCACCT-1,2.8014454849438235,-5.556986708945391
ACGGTCGCACTCACTC-1,5.963050582133982,-4.953570169870335
ACGGTCGCAGCTCATA-1,4.724771630833816,-5.200444656713994
ACGGTCGGTGGACTAG-1,7.301290170410012,-2.3945273862563954
ACGGTCGTCGATACAC-1,2.84621984605093,-3.638678341471533
ACGGTCGTCGGTGCAC-1,-0.5280591694649681,-2.70178487055726
ACGGTTAAGAGACAAG-1,2.019032382323817,-2.0343688752753484
ACGGTTACACTTACAG-1,-1.696699652478363,-0.7770019609422113
ACGGTTATCACGGACC-1,2.7368303387474833,-5.443524118044911
ACGGTTATCAGACATC-1,3.4454789759769184,-6.274262117899243
ACGGTTATCAGTGTGT-1,-1.414379300799542,-0.3105352671821222
ACGGTTATCTGTCGCT-1,2.4911232627779545,0.42423554492037835
ACGTAACAGGTCCCTG-1,3.9498129337105543,-2.289691335195833
ACGTAACAGTCTGGTT-1,1.8122199528119631,-3.432451903642586
ACGTAACCATATGGCT-1,2.8653444712966056,-3.1182459412375265
ACGTAACCATGTGCTA-1,8.131434029660355,-5.713214926307235
ACGTAACTCACCTTGC-1,0.7469296964103469,-7.890927416436782
ACGTAACTCAGACTGT-1,5.662879306948603,-3.9459623747249286
ACGTACAAGCAGAAAG-1,-2.089554432680421,-1.4542941481623763
ACGTACAAGTTACGAA-1,2.7396591519222318,-1.3211587452687437
ACGTACACACTAAACC-1,0.665859299410002,-7.758705379580515
ACGTACAGTACGACTT-1,4.43254897223926,-7.555311935510608
ACGTACATCAAAGGTA-1,2.724203096258941,-5.166180539146246
ACGTACATCCTACCGT-1,1.933227689825232,-7.668728856459015
ACGTACATCCTCACTG-1,2.1691994058960855,-8.367378467987457
ACGTACATCGGCCCAA-1,1.1265109619104403,-3.4294724094955753
ACGTAGTAGCAGGCTA-1,1.8215464364508966,-1.3584542512217401
ACGTAGTAGGCCCGTT-1,1.6378268498567121,-3.5114974240291232
ACGTAGTAGGTCCTGC-1,-1.2322870530348378,0.939388629839931
ACGTAGTAGTCATGCT-1,-1.9449231877917457,0.620423680482014
ACGTAGTCACTACCGG-1,3.723495258148712,-1.0353769975766092
ACGTAGTGTTAATGAG-1,1.283255168793685,-4.837289954470329
ACGTAGTTCTCCGCAT-1,-0.5760246768545105,-7.075673758292712
ACGTCCTAGTCGAAGC-1,-1.6533616653586785,2.3550084520537085
ACGTCCTCAATGGCAG-1,0.8466164993402516,-2.8430709913441654
ACGTCCTCACCTATCC-1,2.6398804975331323,-1.498095121413643
ACGTCCTCAGTAGTGG-1,6.813243288704979,-6.928851042815144
ACGTCCTGTACGAGCA-1,-2.3350513154765014,-4.147304044262976
ACGTCCTGTATCAAGA-1,-0.5379513412076876,-6.979448770994052
ACGTCCTGTCGTTCAA-1,0.13183212060232588,-1.1766001450299328
ACGTCCTGTGAGTTGG-1,-1.1031570303183826,-4.212003505635577
ACGTTCCAGTACTCGT-1,-2.4187351965906263,-4.199751284342228
ACGTTCCAGTGGATAT-1,3.2534826047826297,-2.9682199364640605
ACGTTCCGTACGCGTC-1,4.420796267660973,-7.596304737611676
ACGTTCCGTCGCACAC-1,2.3233055683569543,-2.612249959025258
ACGTTCCGTGGTTCTA-1,-3.9960072301345066,-4.914028975729856
ACGTTCCGTGTCGATT-1,1.3264898238151315,-5.35339386993906
ACGTTCCTCCTACACC-1,-0.6235727569060713,-2.588190369415233
ACTACGAAGACTTAAG-1,-3.908784467293164,-4.020355700558487
ACTACGAAGAGGACTC-1,6.7134119526742255,-6.775160179374895
ACTACGAAGGCTCAAG-1,0.5875583968295387,-2.3432175607207357
ACTACGAGTCACAGTT-1,0.38757564404426836,-2.194772048574933
ACTACGAGTCTGTCCT-1,-2.8255969210414853,0.6750858475783666
ACTACGAGTTGAGAGC-1,-2.12720640752372,-3.0706259726622966
ACTACGATCGGCGATC-1,-1.828122134985772,-0.3767451979184116
ACTATCTAGCAGCCCT-1,1.1252427242264822,-3.1249506514224277
ACTATCTCACGCTGCA-1,-1.4361419963590942,1.3575122411920404
ACTATCTGTCAGTCTA-1,4.371504720441814,-1.554295627097022
ACTATCTTCAAGATAG-1,-2.7224837927113037,-7.973643940634012
ACTATCTTCAATCTCT-1,0.01981231392068923,-6.654159672111575
ACTATCTTCCGCACTT-1,1.2097852796844357,-1.176702553760489
ACTATGGAGAATTGTG-1,1.7470873467798735,1.1793566598135095
ACTATGGCAAGCGATG-1,2.4783458176593234,-2.91498506011821
ACTATGGCAAGTGACG-1,8.504852011298881,-1.6382672323308993
ACTATGGCAGGGAGAG-1,3.809256145251783,-0.6091959154257454
ACTATGGTCCTGATAG-1,0.6880836658711977,-0.08970782687089873
ACTATGGTCGTGCACG-1,2.95581935772896,-0.20755413967158867
ACTATGGTCTGTGTGA-1,-2.047794198537549,-6.1152595431196675
ACTATTCAGCGAGGAG-1,-1.6328066621203388,-2.407547278486654
ACTATTCAGTAGTGCG-1,3.4868631449745866,1.4189229786586768
ACTATTCCAAACTCTG-1,3.7990197220659425,-5.91728482607142
ACTATTCGTAGCTGAG-1,3.451438783729186,1.4515615294301314
ACTATTCGTTCCAGGC-1,3.38290315271753,-5.726233177126971
ACTATTCTCCATCGTC-1,8.2674863726285,-4.343090106260631
ACTATTCTCTTCGTAT-1,-2.3023464547118624,-5.842513399964996
ACTCCCAAGCGCTGCT-1,-1.7189499290650405,-5.709825782239576
ACTCCCAAGCTTAAGA-1,-3.596353223310053,-0.7335818207043981
ACTCCCAAGGTAAAGG-1,-2.216951080547207,-4.059649895036227
ACTCCCAAGGTAGTAT-1,8.577620556346757,-1.4417733806096746
ACTCCCACAGGAGGTT-1,5.099503224152235,-1.4935231761902408
ACTCCCAGTCGGCACT-1,1.096734119465722,-6.3417975377281035
ACTCCCAGTTCTTCAT-1,4.273068784557499,-0.06785827055655638
ACTCCCATCAGTCTTT-1,-3.002340600057142,-8.415986464005934
ACTCTCGAGGTTCACT-1,5.345636098131975,-1.1475368971679634
ACTCTCGCACACACTA-1,-3.0510253783583408,-8.475324757558077
ACTCTCGCAGCAGTGA-1,3.9669329622231664,-2.7711665742523994
ACTCTCGCAGTCAGTT-1,2.457635318750772,-6.385852005718141
ACTCTCGGTGTGTGGA-1,7.001146367601347,-1.8486042756133758
ACTCTCGGTTTGATCG-1,-5.445996362095494,-3.411391056848422
ACTCTCGTCACTGATG-1,1.309592414251935,0.45644506159509024
ACTCTCGTCATACAGC-1,1.9147514140142223,-1.8414573253515492
ACTCTCGTCTGGTGCG-1,-2.0305173837538786,0.28552058856902757
ACTCTCGTCTTCCCAG-1,2.391896421589235,0.01783181760701679
ACTGATGAGGCTCTAT-1,0.6379422642662255,-2.540707897967912
ACTGATGAGTTTGCTG-1,2.3463222886645902,-3.356933346557485
ACTGATGCATCCCACT-1,4.18240950567119,-6.295286458489013
ACTGATGGTAATTGGA-1,-3.9086788379737194,-0.39142957616247587
ACTGATGTCCTCACTG-1,-0.7560911200863164,-7.234373267690828
ACTGATGTCCTCAGAA-1,1.6613694298102102,-0.7681667290875274
ACTGATGTCGCCGAGT-1,1.5514509737358237,-0.7187893295395784
ACTGTCCAGAGCAGAA-1,5.422046533651981,-1.0575728138606035
ACTGTCCAGGATTTAG-1,2.177818693931116,-7.863341058183873
ACTGTCCCATTGACCA-1,-0.05801440365055882,0.37738969962526925
ACTGTCCGTAGAGATT-1,-2.697721653637728,-0.35824728183760884
ACTGTCCGTAGCGTTT-1,4.211049069812594,-5.6591481557015175
ACTGTCCGTCTCACAA-1,3.440277718303749,-2.6611569321715542
ACTGTCCGTTTCACTT-1,4.388121824270641,-4.429634843634668
ACTGTCCTCCTCAGGG-1,1.512376256102574,-0.7794338578181961
ACTGTCCTCTCAACGA-1,-2.997469139908988,0.7494102150903351
ACTGTGACAATACGCT-1,5.3401962341934075,-1.1699879624294671
ACTGTGAGTACTGAGG-1,2.7367973601575275,-0.7048595372982118
ACTGTGAGTAGGCAGT-1,-3.927967352746881,-4.850734461807728
ACTGTGAGTGTTCGTA-1,2.5489261479624985,-1.8422746947790232
ACTGTGAGTTATCCAG-1,-0.38425420784392933,-0.5497471946295909
ACTGTGATCGCTGACG-1,-4.068952016409058,-3.4400170790992064
ACTTAGGAGCCTCAAT-1,-0.3336640331190135,-7.007502640301396
ACTTAGGAGCGGACAT-1,-2.8211903883897165,-1.3724004098796423
ACTTAGGAGTCTTCCC-1,2.020180103737781,-8.237866253770404
ACTTAGGCAGCAGTAG-1,6.066780207413101,0.3474833138226542
ACTTAGGGTATACAGA-1,3.2845884413670534,-5.7917682542307585
ACTTAGGGTGTCCAAT-1,1.1105012451493994,0.42094068820936126
ACTTAGGGTGTGACCC-1,0.011303605093734886,-1.811641237500399
ACTTAGGGTTGCGTAT-1,-1.682992070391024,-2.3814797848327682
ACTTAGGTCTTCCAGC-1,-2.1593415757414878,0.18097567936526737
ACTTATCAGTGGTGGT-1,-2.341943115233967,-1.805452273518971
ACTTATCCACGACGAA-1,3.569512691186423,-2.792485302609032
ACTTATCCACTAACCA-1,2.2018616199934913,-2.1342868163662807
ACTTATCCATACAGGG-1,0.21045471752206582,-1.6253654589556632
ACTTATCGTTTGCAGT-1,-1.6405534147732912,2.5747091836733356
ACTTATCTCGCTCATC-1,-3.996549675775918,-3.46469040235122
ACTTATCTCGGACCAC-1,-1.9384149933251602,-5.425912534418152
ACTTCCGAGATAACAC-1,0.7550467102213724,-4.399217989995743
ACTTCCGAGGAGATAG-1,1.6328444507617417,0.9637110757629718
ACTTCCGCATCGTGGC-1,8.016897901457464,-4.187597056811935
ACTTCCGGTGCAGGAT-1,2.2759423717354608,-6.1230426530039646
ACTTCCGTCGAGCCTG-1,1.0941070509468254,-6.364996607042712
ACTTCCGTCGCGTTTC-1,-1.8833661412309481,-1.3211240983671173
ACTTCCGTCGCTCCTA-1,4.680388651100944,-3.584513015901251
ACTTCCGTCGGCTGTG-1,3.8529341825763703,-6.00713392381417
ACTTCGCAGAACTCCT-1,-4.0211182853500755,-2.389187513623985
ACTTCGCAGTCTTCCC-1,4.282252665474981,-0.08875660030672271
ACTTCGCCACGACGTC-1,6.8368567515617675,-7.192923944420569
ACTTCGCCAGAGGACT-1,2.487410826890895,0.31004184786752764
ACTTCGCGTACCAGAG-1,2.2408456850700578,-1.0721830401929637
ACTTCGCGTACCGGCT-1,7.106554720778123,-0.8699067920094059
ACTTCGCGTAGCACGA-1,6.737295966900534,-5.351040991893168
ACTTCGCGTGAACTAA-1,2.199893321313778,-4.686472254741765
ACTTCGCGTGAGTAGC-1,4.939115214528672,-3.8496196339303097
ACTTTCAAGAGGTTAT-1,1.9617726843661212,-6.068854439028901
ACTTTCACACCTTCCA-1,4.9264953331553345,-5.224413744217213
ACTTTCAGTGTACAGG-1,5.541942793182379,-3.718680367464643
ACTTTCAGTTCCGTTC-1,2.612304664263306,-1.9246839012292403
ACTTTCATCACAAGGG-1,-1.2124011586640282,-4.145461293622412
ACTTTGTCAACTTCTT-1,-2.2135078880078565,-4.029753014812218
ACTTTGTCATGACGAG-1,5.521537276713598,-9.283350198802182
ACTTTGTGTATGTCAC-1,5.429433183857017,-7.991860476278709
ACTTTGTGTGTTACTG-1,7.35939773233781,-2.5095261921992194
ACTTTGTTCAATCAGC-1,5.323463481778621,0.7473249378292455
ACTTTGTTCCGCTTAC-1,8.693836942304452,-1.4126165158567592
ACTTTGTTCTGCGTCT-1,-1.4491502460985883,-5.285524164276714
AGAAATGAGATGCGAC-1,4.323648106680029,-5.57104887595596
AGAAATGCAACACAGG-1,-0.8377123324984975,-4.058929183111218
AGAAATGGTCACTCAA-1,1.113767385399525,0.7131570385041496
AGAAATGGTCCCAAAT-1,8.03867128845452,-5.648030534308287
AGAAATGGTCGACTGC-1,2.316742653197304,-3.0859990626218767
AGAAATGGTCTCAGAT-1,-0.2712485015103754,-5.897445517279201
AGAAATGTCAAATAGG-1,8.072395778493865,-1.7702015780560747
AGAAATGTCGTTCGCT-1,3.7281841279749703,-3.874942359707662
AGAAATGTCTAGCCTC-1,1.1726084640255081,0.6456840689062397
AGAACAAAGAACCGCA-1,-0.03762764151655011,-5.671194752082181
AGAACAAGTAAGCAAT-1,4.0162663939888015,-2.221527850985998
AGAACAAGTATTGAGA-1,1.1529400664620926,-0.7728304642618781
AGAACAAGTCAGCTTA-1,-1.0002115981557007,-4.315710252977217
AGAACAAGTTGCATAC-1,2.262307609377684,-2.4797671095567346
AGAACAATCCCGTTGT-1,-2.4131118079085034,-4.227614691316739
AGAACAATCTCCTGAC-1,-1.6711943083013527,0.5319417037441625
AGAACCTAGAGGACTC-1,-1.7513273039731776,2.5176946576956607
AGAACCTGTGCATACT-1,-1.2777783151772455,-0.0879050283473242
AGAACCTGTTGTGTTG-1,-5.4187504615887345,-3.408371785946409
AGAACCTTCTCATGCC-1,1.8120676094140011,-3.9846273776842644
AGAAGCGAGAAGTGTT-1,6.806663320195299,-4.112974898536087
AGAAGCGAGGCGATAC-1,-1.7184301090234697,-2.411154965839484
AGAAGCGAGTAAGGGA-1,-1.3514824866737294,-2.6734688444836214
AGAAGCGCATGATAGA-1,-2.964551576723159,0.5361377665991067
AGAAGCGGTGAGGAAA-1,3.0675598586872366,-0.3604338031213097
AGAAGTAAGCAGCACA-1,0.05171366428002244,-0.5756751003519394
AGAAGTACAAGAAATC-1,0.25399305479972295,-3.537812327340987
AGAAGTACACAAGCCC-1,-0.3851825240471923,-1.3056470417953927
AGAAGTACACCTTCCA-1,-0.42752347172292593,-6.546686058670203
AGAAGTAGTGATCATC-1,2.044011038027162,-3.470082371271454
AGAAGTATCAGACCCG-1,1.6815222267325236,-3.369383451138383
AGAAGTATCTGAGCAT-1,-2.0996428242997225,-1.5692519565961782
AGACAAAAGTAATCCC-1,0.9008150981031291,-5.024184652552942
AGACAAACAGTTGTTG-1,6.569075248869983,-6.985471796491297
AGACAAAGTACGACAG-1,3.5045092573937375,-2.175074266524704
AGACAAAGTGGGTTGA-1,3.181825966167436,-5.819815238230317
AGACAAATCTATGCCC-1,0.6457025619782961,0.605586356358918
AGACACTAGCGACTGA-1,-0.5303499239032792,-0.5324574870616922
AGACACTAGCTCGCAC-1,2.2194744887918474,-7.875802691759586
AGACACTCAATAGTAG-1,7.712738621431708,-1.7779515657094727
AGACACTGTAACATAG-1,4.524558588128592,-5.218833366878332
AGACACTGTATTCCTT-1,4.877980196419864,-6.977217311136873
AGACACTGTGGCAACA-1,0.6094028875351032,0.8440979198056792
AGACACTTCCCTATTA-1,2.6049902552021305,-3.39306885594006
AGACAGGGTGGTCTCG-1,-3.1736067053553074,-1.4277052384588131
AGACAGGGTTCCACAA-1,6.360663048472375,-7.257322512859731
AGACCATCATCATTTC-1,2.6468739995119366,-1.934605369401819
AGACCATCATTGCAAC-1,8.230723022703085,-4.7081802889051385
AGACCATGTATTGACC-1,-4.010765296473321,-4.900976896429354
AGACCATTCCTCACCA-1,5.48757012677035,-9.315531741891727
AGACCATTCGCCGTGA-1,8.364147891822874,-1.5200496387891127
AGACCCGAGCACTGGA-1,-1.088407401283118,-1.298349771376603
AGACCCGAGCGATGCA-1,-2.7980522563426087,-8.235945677608994
AGACCCGAGTAACGTA-1,1.7274194166599708,1.5935035755493816
AGACCCGCACGTTCGG-1,0.7270274484732133,-8.410026972810474
AGACCCGGTGCAAGAC-1,1.159934765907434,-2.1229021718833363
AGACCCGTCATCTATC-1,6.505405076571775,-6.928330618971698
AGACCCGTCCCTCGAT-1,3.2734846923951477,-5.672152257795292
AGACTCAAGACGCCAA-1,1.7777242388114212,1.5173685182252103
AGACTCAAGAGAAGGT-1,2.6698157451358395,-3.6032943456855655
AGACTCAAGCTGTCCG-1,1.028882557605703,0.7102588045766143
AGACTCAGTAGTCTTG-1,2.2562427268246172,-4.624961981292938
AGACTCAGTTAATCGC-1,4.245128846351826,-6.135724713089496
AGACTCAGTTACCTGA-1,0.3564411701198265,-5.071149270867212
AGACTCAGTTGGGTTT-1,0.8545437047833095,1.0865154392356542
AGACTCATCGGTGTTA-1,2.295215958771141,-3.1874780906134936
AGAGAATAGAGAATCT-1,6.941290585478929,-6.579304064266817
AGAGAATCATTCAGGT-1,3.243701715385276,-5.697027094426266
AGAGAATTCCGATAAC-1,1.4509804944496376,-7.970801886310742
AGAGAGCCACCAGTTA-1,0.05569768677139033,-2.7564862717213496
AGAGAGCGTAGGGAGG-1,3.387252256275508,-0.7400900375304301
AGAGAGCTCATGCGGC-1,2.5668196264337473,0.4577125458457982
AGAGCAGAGATTGACA-1,5.681391701002029,-2.080740898198487
AGAGCAGCATCGCTGG-1,6.631879073403797,-6.940067404288435
AGAGCAGGTCGCAACC-1,5.063879821397054,-3.92958708310002
AGAGCAGTCAGTGGGA-1,-2.3594795150639474,-4.2148434804826165
AGAGCCCAGATACTGA-1,6.556337067313287,-4.00337152495549
AGAGCCCCACAGTCCG-1,-0.818328883149662,-4.242056632578155
AGAGCCCGTTCAGCTA-1,-2.3576301699186395,-2.8098969829125977
AGAGCCCTCCACTGGG-1,3.455404735900626,-5.213634141780179
AGAGCCCTCGGACGTC-1,-0.45424812756758526,-2.267158866100609
AGAGCCCTCGTCACCT-1,0.715606563602808,-8.223051998136793
AGAGCCCTCTCATTAC-1,0.579773089096198,-4.9304885484408
AGATAGAAGTATTAGG-1,8.1357466735213,-4.1764530945843275
AGATAGACACGTCGGT-1,1.0708333239664227,0.5530142711952125
AGATAGACATGCAGGA-1,1.394353399211911,-0.5308989640026581
AGATCCACAACCAGAG-1,2.630818794775979,0.4755256761851021
AGATCCACAGGGACTA-1,1.7675716638207535,-5.443310611831422
AGATCCAGTTACGATC-1,-2.1924141351328124,-5.531395353971999
AGATCCAGTTGAAGTA-1,0.801478590587878,-8.255530777156954
AGATCGTCAGGTCTCG-1,4.6104772296845855,-5.500800571901096
AGATCGTGTGGGAGAG-1,-1.8434101074412144,0.5573650750738662
AGATCGTGTTTCCATT-1,2.6747548348005874,-3.8292255643325883
AGATCGTTCCTTTGAT-1,1.3658487712037084,-2.4699494104789186
AGATGAAGTGGTCCGT-1,3.993353122435019,-5.253146559579679
AGATGAATCCAACCGG-1,-4.424289267094413,-3.4590772819332027
AGATGCTAGCAAACAT-1,8.414623155292047,-1.5808026743412298
AGATGCTCAAGGGCAT-1,-3.068306885897003,-1.3802101405842844
AGATGCTCATGATCTG-1,-1.7419946642799478,-4.835401813576971
AGATGCTGTAGGCTCC-1,1.898682850220734,-7.792359508547037
AGATGCTGTCATAACC-1,3.128639356994344,-7.036942276476273
AGATGCTGTGGTTTGT-1,-0.2321207719186456,-5.825505863494904
AGATGCTGTTATCCAG-1,6.900511427298864,-0.6599963961500959
AGATGCTTCACTTGGA-1,-1.9755958134328864,-1.6207766018703014
AGATGCTTCAGGGTAG-1,4.396509352530788,-4.61066569967169
AGCATCAAGATTGCGG-1,-5.689140385515214,-3.423062876347903
AGCATCAGTACGCTAT-1,7.8809499355784025,-4.5479964995558175
AGCATCATCAAGGTGG-1,4.068684073108197,-6.241012987512469
AGCATCATCCAGTGCG-1,3.974857972553056,-2.1357556413249568
AGCCAATAGACTTAAG-1,3.938792046727207,-2.1772008757604855
AGCCAATCACTGGAAG-1,-3.7027315536852647,-4.423766085152409
AGCCAATCAGTGACCC-1,1.4842897780973798,-0.6825939939248292
AGCCAATTCGCAAGAG-1,-2.7472144215424685,-2.7160143033523423
AGCCACGCACAAATGA-1,4.469454868873335,-5.4446689137623
AGCCACGGTTGTGTAC-1,1.5853723374227524,-3.7759479631258825
AGCCAGCAGCGAGGAG-1,2.6366691487045912,-3.639693348757843
AGCCAGCCAATGCAGG-1,-4.055232944382129,-0.3467467219995968
AGCCAGCCAGCAATTC-1,2.100531349072027,-8.044186236486475
AGCCAGCCAGCCATTA-1,8.463198210346372,-1.5847407470876782
AGCCAGCGTTGCCATA-1,2.3373772161217787,-6.337624343354829
AGCCAGCTCCCGTGAG-1,-0.448510638997397,-7.030435398180271
AGCCAGCTCTGTACAG-1,5.950150976854098,-1.9396869228462965
AGCGATTAGATTGCGG-1,7.8978607236446345,-3.4150254374853226
AGCGATTAGGTTCTTG-1,-2.0385799828542375,-0.03659170008467623
AGCGATTAGGTTGACG-1,1.900708327309203,-3.3592625698396232
AGCGATTCACTGCATA-1,5.189271689327525,-1.3294816260128557
AGCGATTCATGGCTAT-1,-1.1447440875000208,-4.239998825966327
AGCGATTGTCTAGTGT-1,7.146485927586016,-0.7421495904149461
AGCGATTGTGTCTTAG-1,5.177427021773066,-5.184040874745087
AGCGATTTCCAGCTCT-1,-2.9413478276455582,0.6715389458610356
AGCGCCAAGGTCGTAG-1,3.861252040589673,-3.4798984197143925
AGCGCCAAGTCATCCA-1,1.5149098910611156,-0.7169310595167203
AGCGCCACATCCGCGA-1,-2.3902445689354033,-5.660297259351205
AGCGCCATCGTGCACG-1,1.0345978836192433,-0.27918787110860943
AGCGCCATCTATTTCG-1,-0.8800738183893487,-2.0674564059477585
AGCGCCATCTCTCGAC-1,1.084472535455055,-4.006067790074917
AGCGCTGAGATGATTG-1,3.8884947768276685,-5.015122846123428
AGCGCTGCAACTCCCT-1,3.569590717877062,-1.4186633961585642
AGCGCTGCAATGGGTG-1,-0.9839341059611242,-2.11743665521626
AGCGCTGGTCTTAGTG-1,2.6212686936125973,0.5867126278116355
AGCGCTGTCGGTTAGT-1,1.407298467591915,-5.9773491146935624
AGCGTATAGAATCCCT-1,-2.117534602841213,-3.113774438172974
AGCGTATAGAGCCCAA-1,0.02409502824919637,-3.5578776191939805
AGCGTATAGCACTCCG-1,-3.920293703484284,-0.2113438377391
AGCGTATAGCGACATG-1,2.6179780982637326,-6.710589633157336
AGCGTATAGGGAGGGT-1,4.3397372247928345,-0.16087509803114802
AGCGTATGTCATATGC-1,0.11471566739797494,0.22570077204870642
AGCGTATTCCGTAGGC-1,1.1293780220028782,-5.451790056784884
AGCGTATTCGTTGTAG-1,-3.059774884342344,0.68149537230815
AGCGTATTCGTTGTGA-1,-2.4073629824983165,-4.161344338288108
AGCGTCGAGGGCCAAT-1,0.7519782958786787,-4.580080236946944
AGCGTCGCACTGTCGG-1,-3.1884059846835826,-1.5619702479020905
AGCGTCGGTTCCTACC-1,-1.2209879384875821,-2.7756212722036917
AGCGTCGGTTTACTGG-1,-0.2627417490258943,-5.923627446061051
AGCTACAAGGTGGGTT-1,5.401655422315981,-1.1155796443478816
AGCTACAAGTAACCGG-1,-1.4431477741254781,-0.003056298189995419
AGCTACACACAAGCTT-1,4.720445480382159,-5.653833547392705
AGCTACACAGCAGAAC-1,-1.9979428730763893,-1.5024902294910494
AGCTACAGTATCGATC-1,3.199951419398619,-5.7325229851248505
AGCTACATCTCTCAAT-1,-1.744304609624021,2.577734025807438
AGCTCAAGTAAGGCCA-1,3.639898301425277,1.513217960732636
AGCTCAATCATCAGTG-1,3.6996966763168166,-3.683869697859672
AGCTCAATCGTTGCCT-1,2.359881627651701,-7.643119593612971
AGCTCAATCTCCGAGG-1,-1.067048165487807,-2.154965011558352
AGCTTCCAGAAATCCA-1,4.016674914886787,-6.263292993964493
AGCTTCCAGGTATTGA-1,-1.7072097795720282,-2.46586710562738
AGCTTCCGTCGTGCCA-1,8.489121920016455,-1.5541435466866271
AGCTTCCGTTGATGTC-1,2.4218139315806053,-3.5493315723284193
AGCTTCCGTTGTTGAC-1,1.205909844234087,-2.9103971795795496
AGCTTCCTCCAGTTCC-1,3.957040408494165,-2.9618633197223545
AGCTTCCTCTTAGTTC-1,-5.575444225220489,-3.50549066142671
AGGAAATTCAGGTAAA-1,5.4441936293428626,-3.5529666512494584
AGGAATAAGCTTCATG-1,7.159129868289389,-2.4058996206756995
AGGAATAAGTTGTAAG-1,7.892090811734041,-3.905419843736403
AGGAATAAGTTGTAGA-1,1.580518767572351,1.3261024446003231
AGGAATACAAATGAAC-1,2.173745726460332,-3.433228632348406
AGGAATACAACATCGT-1,-2.18266180414211,-5.915625018286451
AGGAATACAACTGCCG-1,0.510392517939959,-2.7747481761076678
AGGAATACAGGACGAT-1,4.173113385656348,-6.3540134830198856
AGGAATACAGTATGAA-1,5.207123923834489,0.6512738223579418
AGGAATACATCTTTCA-1,8.307020886762471,-1.7014742650798806
AGGAATACATGTCAGT-1,-3.8792447483990444,-4.976152299318646
AGGAATAGTATACCTG-1,-0.6926918641044645,-1.3200718330836363
AGGAATAGTGCTGTCG-1,4.248865735266032,-0.22457418048011812
AGGAATATCCACACCT-1,1.278317729772073,-1.7026472108651405
AGGAATATCGTAACAC-1,0.3854452332328448,-1.3319353286359001
AGGACGAAGAACCGCA-1,5.083544413554218,-1.6385835150955765
AGGACGAAGGTACATA-1,4.950520572406695,-2.3348175660048773
AGGACGACACACCTTC-1,3.044389666653597,-0.30546339052715216
AGGACGACACGCTGAC-1,0.6714947361478818,1.2196414742044448
AGGACGAGTAGATCCT-1,2.291980256664817,-4.759402066079838
AGGACGAGTAGCCCTG-1,-2.3010604632462197,-5.984154277505906
AGGACTTAGTACAGCG-1,-1.5669098286619372,-1.8870125880194093
AGGACTTCACCCTTGT-1,-3.031809060405924,-8.466251072769209
AGGACTTCAGACGGAT-1,7.992935655162531,-5.828691381451463
AGGACTTCAGTTTCAG-1,1.3531106701215483,-2.577291782024295
AGGACTTGTCTCAGGC-1,3.8904262379386876,-6.315075213779026
AGGACTTTCAAGAGTA-1,1.628721403611375,-8.202655429454744
AGGACTTTCCCAATAG-1,5.476454871173897,-3.799549157083465
AGGACTTTCGAGAGAC-1,-2.372128473707802,-5.460900480660189
AGGAGGTAGCCTTCTC-1,1.2649774749643563,-7.351527009176318
AGGAGGTAGTCCCAGC-1,4.383562205418428,-4.672222600839144
AGGAGGTCAAGTAGTA-1,2.253529484465466,-4.783445095935001
AGGAGGTCACCTGCGA-1,1.0776862810767165,-2.6175962247138616
AGGAGGTCACTCCCTA-1,5.276245248478894,-7.8552573091704385
AGGAGGTCATTGGGAG-1,0.9246015820882275,-1.9490658341640552
AGGAGGTGTGTTCGTA-1,1.7755045367513567,1.4289053012304027
AGGAGGTGTTTGGAAA-1,3.6254823224438857,-3.784991337902441
AGGATAAAGAAACACT-1,-1.5283446361854918,-4.78562514627828
AGGATAAAGGTAATCA-1,6.026237764576884,0.17593520087922268
AGGATAACAAGACAAT-1,0.03450193924480501,-0.6738672471704026
AGGATAATCAGACTGT-1,2.0513021528593085,-8.216710063915997
AGGATAATCTGGACTA-1,-0.2568911762003076,-5.88297640847108
AGGATCTAGTTGCCTA-1,6.989367262293864,-1.0954211394688307
AGGATCTGTCGTTTCC-1,7.974066058851645,-1.8523097360575598
AGGATCTGTTCCCAAA-1,-3.8645121072292707,-4.866289543090846
AGGATCTGTTGTGCAT-1,1.1726696238893872,-6.24568061893604
AGGATCTGTTTCTTAC-1,0.6388671368794805,0.029392531321663203
AGGATCTGTTTGAAAG-1,2.1994571963652025,-1.1791313835259287
AGGATCTTCACCCTTG-1,0.6280987433930295,0.5196369392036125
AGGATCTTCCGAGCTG-1,5.486792033465474,-0.060954977947139506
AGGCATTAGAGAATCT-1,2.234113240753258,-7.903271181023019
AGGCATTAGTAGGATT-1,5.4394356740406815,-3.910401139803553
AGGCATTCAGGCTACC-1,-0.03795780299729084,-1.2131015998812664
AGGCATTCATGATAGA-1,3.2753652771564012,-3.5946699392084356
AGGCATTGTACTGAGG-1,1.0082026378015871,-1.9916077855348708
AGGCATTGTAGGGAGG-1,1.1990801494533427,-6.344849600782038
AGGCATTGTATGTCCA-1,-2.079806787393602,-1.4621038961968318
AGGCATTGTTACCTTT-1,1.7477639887649565,-3.2230394637527944
AGGCATTGTTGCATTG-1,6.22848487637601,-5.3697972707396735
AGGCATTTCCAAACCA-1,-2.014912604004282,-3.09767638409444
AGGCATTTCGGCATCG-1,0.11721672251362973,0.7602597620098265
AGGCCACAGAAGCGCT-1,-1.726691065248272,0.2379893685260464
AGGCCACCAAGATGTA-1,-1.4595801041499914,-2.414204413053913
AGGCCACCAGTATACC-1,-1.4544104727843827,-0.9051650041834793
AGGCCACGTTAAGAAC-1,1.2143131756550445,-4.99958073022683
AGGCCACTCCTTATCA-1,-2.324718592585698,-1.4836283286924772
AGGCTGCAGACGCCAA-1,5.510917455948005,-9.278758978050796
AGGCTGCAGGACTTCT-1,4.966121310462093,-5.911807909675529
AGGCTGCAGTCGCCCA-1,2.0967493790762295,-3.661397212347662
AGGCTGCCAAGAAATC-1,-1.4532936433873211,1.4179018294730503
AGGCTGCGTAGATCGG-1,0.11308584511327358,-0.777278383342987
AGGCTGCGTATACCCA-1,1.2206004240426271,-1.9970514702046953
AGGCTGCGTGGACTGA-1,-5.5158110313454625,-3.1482478283528175
AGGCTGCGTTCTAACG-1,1.0391143132912575,-5.518066872956574
AGGCTGCTCAGACTGT-1,-5.61665838314667,-3.277607162859124
AGGCTGCTCCCTTGGT-1,1.828562857633823,-5.200034155570666
AGGCTGCTCTCTGGTC-1,2.2975277106202237,0.1514670996254085
AGGGAGTTCAGATGCT-1,-1.9987497961411018,-3.182217390735347
AGGGAGTTCGGCGATC-1,-0.08837335865101131,0.19176306286507985
AGGGCCTGTATCACCA-1,4.4911883255392295,-4.843785029501114
AGGGCCTTCCTTGACC-1,1.969544921351144,-2.35293786047187
AGGGCTCAGCCGTAAG-1,0.678737354839305,-8.43168255600326
AGGGCTCCACCGCTAG-1,-2.199707593321713,-5.925063960752271
AGGGCTCGTATCGCTA-1,4.891971760215398,-2.936765991796585
AGGGCTCGTGGTTCTA-1,-2.2102346320443664,-0.7278265956094966
AGGGCTCTCATACGGT-1,3.891810969362002,-6.117967342330937
AGGGCTCTCCGATAAC-1,5.516434460036555,-9.329585563281789
AGGGCTCTCGACGTCG-1,6.237481728037618,-5.057073583181168
AGGGTCCAGTGTAGTA-1,-4.789490827800887,-3.509257615202066
AGGGTCCTCATTTCGT-1,-1.1904744648082903,-4.346081837280196
AGGGTGAAGAATCCCT-1,0.8090652212046954,-1.0125361456239832
AGGGTGACATGTTCAG-1,2.2619930780134,-2.0237746823440546
AGGGTGAGTAACAGGC-1,1.2400857675642456,-0.934262512158932
AGGGTGAGTAGAATAC-1,1.7394055881500117,-2.004505497516867
AGGGTGAGTTCGCGTG-1,3.3034385588340918,-4.041773013031526
AGGGTGATCGATCCCT-1,-0.08364826094089234,0.2809688423329211
AGGGTTTAGGAACTCG-1,7.01855853663942,-1.848576121685632
AGGGTTTCATTGAAGA-1,7.243294856501285,-2.30846568492899
AGGGTTTTCATGCAGT-1,2.5535983952081485,-1.9973674509540698
AGGTAGGAGATGAAGG-1,3.4867069790466165,-4.55739561664747
AGGTAGGAGGCACCAA-1,-2.55168393668866,-0.4501904769474831
AGGTAGGAGTGTTGAA-1,1.6551371253306195,-1.9713548495866595
AGGTAGGCACATACGT-1,4.135673471965535,-3.3722353935411498
AGGTAGGCAGTTAGGG-1,1.9427351354976532,-8.064969652641075
AGGTAGGGTCTGGTTA-1,-0.13268664666560923,-2.214677399751324
AGGTAGGGTGGAACCA-1,5.992388027422216,-5.254930088592481
AGGTAGGGTTGTGGAG-1,2.5821405940263253,-1.931708538431807
AGGTCATAGCGTCGAA-1,1.115840790033997,-4.9383360646909455
AGGTCATAGTCGGCCT-1,6.388670601008004,-5.811126458385113
AGGTCATCAGCAGAAC-1,3.8467901866498173,-3.6046397208682786
AGGTCATGTATGAGAT-1,0.8715117538436881,-0.7943047121038874
AGGTCATGTTGTAAAG-1,4.932987233990906,-3.809440307124213
AGGTCTAAGGATGCGT-1,1.087929338110431,-4.887541288152452
AGGTCTAGTCAATGGG-1,2.6328855628888053,0.1871840725494159
AGGTCTAGTCTTCGAA-1,-5.566748063473287,-3.4579379418598357
AGGTCTATCCCTTGTG-1,3.5157959508246077,-5.155296259192384
AGGTCTATCGTAGTGT-1,0.26415327682584494,-2.972152636782215
AGGTCTATCTTTGCGC-1,-2.9312946222478744,0.6015513486540058
AGGTGTTAGATGCTTC-1,5.366990029747962,-8.010908325248446
AGGTGTTAGTCTTCGA-1,-1.2686004435231617,-5.476824835461759
AGGTGTTCACTACACA-1,7.19449372189285,-2.3056415333774307
AGGTGTTGTCTTTCTA-1,3.001386086698736,-6.98337145521771
AGGTGTTGTTCTCCTG-1,1.7646862257288916,1.4810292122249968
AGGTGTTGTTGGGAAC-1,-2.711067641031415,-2.725626035018477
AGGTTACGTAACACCT-1,3.883502307419798,-1.3417302999679415
AGGTTACGTACCATAC-1,-2.3675125877026857,-1.9257870844635117
AGGTTACGTAGATCGG-1,-2.0911793055334416,-5.9136746323663045
AGGTTACGTTCAAGGG-1,0.8579289810150893,-3.847011090220016
AGGTTACTCATTTGTC-1,4.496258757378514,-5.7709227645559125
AGGTTACTCGTGACTA-1,3.311959371690021,-4.63722506109586
AGGTTACTCTGATGGT-1,0.13095789795915452,-0.8468131155036387
AGGTTGTAGAAGTCCG-1,-0.2554269809295082,-5.878624373460723
AGGTTGTAGTCTCCTC-1,2.6699974013277323,-3.1288555852557796
AGGTTGTAGTCTGCGC-1,4.899710188886954,-2.8525816635906893
AGGTTGTGTCGTGGTC-1,1.697128956259547,1.3626333173230487
AGGTTGTGTGTTTCTT-1,3.0743805951360796,-3.393814140612175
AGGTTGTTCACACCCT-1,5.47031672521674,-5.248553454527231
AGTAACCAGACAACAT-1,-5.52955823465404,-3.3246375427980692
AGTAACCCAATAGAGT-1,-0.47479415454327856,-1.9497467183566115
AGTAACCCAGCTGCCA-1,0.30432383820941283,-4.374422119123249
AGTAACCTCTATTTCG-1,-2.6206949444228824,-0.639148387318418
AGTAACCTCTTAAGGC-1,-1.3627788533831573,0.4428152044921016
AGTACCAAGCACCAGA-1,8.152234772532257,-1.9567406806507814
AGTACCACAACGACAG-1,-2.6766207895769716,-2.568663362467515
AGTACCACAAGGTTGG-1,0.15012353319482322,-2.971528979811782
AGTACCAGTGCACAAG-1,-1.0367581671577624,-4.302733666011852
AGTACCAGTGGAATGC-1,0.10143346720086378,-0.22001235045341483
AGTACTGAGCGAACTG-1,5.4805426219025355,-4.025877734756919
AGTACTGAGGTTGAGC-1,2.755800605267031,-3.124366068534699
AGTACTGAGTAGAGTT-1,4.620770799005952,-5.694661106608513
AGTACTGTCATTATCC-1,0.4086841011791114,0.21434416654009056
AGTACTGTCTGGGATT-1,3.9101191857788424,-3.031643341003957
AGTACTGTCTTCGTAT-1,4.074139806280133,-6.213706920183678
AGTACTGTCTTGGCTC-1,5.736194129054635,-3.874637094578174
AGTAGCTAGCGTACAG-1,-0.0990152629700513,0.16037434306931794
AGTAGCTAGGTAAGGA-1,0.33044052205730945,-1.6147215662061112
AGTAGCTCAGAGAATT-1,1.7133384187771132,-3.309959852450118
AGTAGCTCATTGAGCT-1,-1.6612708293967668,-4.792763430364838
AGTAGCTTCAACCCGG-1,4.441054464532006,-4.702850516227704
AGTAGCTTCACCTACC-1,2.01817082247318,-2.7755334774162366
AGTAGCTTCCCATTCG-1,3.4056479993399593,-2.968995027267687
AGTAGTCAGACTGGGT-1,7.236056448020162,-1.842235601509695
AGTAGTCAGCTAAATG-1,4.916243271098018,-2.794799065414142
AGTAGTCAGCTACTAC-1,5.2936671733771385,-1.202626118545009
AGTAGTCAGTTAACAG-1,0.4390222450436559,-2.8177593021384792
AGTAGTCGTCGACGCT-1,4.200135480630151,-0.15824801756749968
AGTAGTCGTGTATACC-1,-5.168018716355114,-3.3895691464270645
AGTAGTCGTTGCATTG-1,1.6793068883303857,0.4666765522903119
AGTCAACAGACATGCG-1,2.12172220621097,-8.31012976359419
AGTCAACAGGCGTTAG-1,0.3549071811661187,-1.4213174918830724
AGTCAACAGGTACATA-1,2.2048918820661974,-7.8358743008705
AGTCAACAGTAATTGG-1,1.3696801311138844,-0.3991068047638391
AGTCAACGTATAGCTC-1,-0.670237857461553,-7.2167058211986745
AGTCAACGTTACGGAG-1,8.025648187552555,-5.655495931035752
AGTCAACTCCCTGGTT-1,5.580150370157113,-3.8699272903966357
AGTCACAAGAACAAGG-1,2.2012856430798746,-3.9472792869854674
AGTCACAAGCCATGCC-1,5.8565119097334515,-1.938353881062269
AGTCACAGTACCATAC-1,5.699663590938902,-1.9693346366691682
AGTCACAGTTCTTGTT-1,-2.2665276533300807,-4.296754223460336
AGTCACATCGGCTTCT-1,3.0613918806407088,-5.016015795627622
AGTCATGAGGAAGTCC-1,5.411842299391773,-1.1578979978893509
AGTCATGAGTAGAATC-1,2.1963724586641344,-8.361492034771118
AGTCATGGTGAATAAC-1,8.196155245926207,-5.723875181766534
AGTCATGTCTCCGTGT-1,1.6863168993216746,-4.127449359378316
AGTCTCCAGCTGTTCA-1,2.175174934252477,-4.852922147230476
AGTCTCCAGGTAACTA-1,3.0594482535114214,-6.961607792037889
AGTCTCCCAAGTCCAT-1,8.51330737923085,-1.482624705376491
AGTCTCCGTCCAAATC-1,3.1763065799282506,-5.4521459869942595
AGTCTCCGTGACTCGC-1,0.5318396850407741,-5.188994297818547
AGTCTCCTCGCCCAGA-1,4.346625388047462,-0.28247295616206
AGTGACTAGACCCTTA-1,1.7378565018843812,-7.531994120871652
AGTGACTGTTAGGAGC-1,-0.18327046391542065,-5.793696293875463
AGTGACTTCATGCGGC-1,-5.325155345700185,-3.536255791094603
AGTGACTTCTCTTCAA-1,0.8642978594807591,-3.644521313599218
AGTGATCAGGTTCATC-1,-1.9418644958584468,-2.9925551527402727
AGTGATCGTCACAGTT-1,2.672497252355564,-1.377142958454398
AGTGATCGTCAGCTTA-1,6.044454627461051,-2.7149227096317725
AGTGATCGTCCAATCA-1,-0.9113352537238234,-2.7141391392990286
AGTGATCGTCCAGCAC-1,0.25598242208762656,-4.605097734270451
AGTGATCTCTCGCCTA-1,-2.2472187915088084,-2.8619344365319193
AGTGCCGAGGACAGTC-1,6.049931968317762,0.179544944777626
AGTGCCGCACTTCCTG-1,-1.5751392755729063,0.4265318556686157
AGTGCCGGTCCGAAAG-1,-1.5978417346837017,2.388679698483365
AGTGTTGAGTCGAAGC-1,8.597215018810479,-1.3230530529055506
AGTGTTGGTTGAATCC-1,1.3414176340221644,0.9193813761444587
AGTGTTGTCATGCGGC-1,1.016233361581992,-3.3414997059413984
AGTTAGCCAATTTCCT-1,-0.4024595594072937,-5.837521652352398
AGTTAGCCACGTACAT-1,6.384059137872907,-5.617362682887933
AGTTAGCCAGGACGAT-1,-3.8311820158512635,-0.20133606797572928
AGTTAGCCAGTATTCG-1,4.817031385628855,-2.789195391346712
AGTTAGCCATCGAGCC-1,5.220430139895623,-6.614318607093724
AGTTAGCTCAACTTTC-1,6.722363673742901,-4.075778207348888
AGTTAGCTCCCATAGA-1,1.1501790422984997,-6.398127731258815
AGTTAGCTCGACGCTG-1,2.2305099738699052,-5.704122549789153
AGTTCCCGTAGGCAAC-1,0.4142454285120026,-2.62678985263908
AGTTCGAGTCCTCCTA-1,-3.4260985522428498,-3.504428230041329
AGTTCGAGTGCCTATA-1,3.1779659413861188,-4.428948331858387
AGTTCGAGTGCCTTCT-1,-1.3386200651670366,1.3400462891657208
AGTTCGATCCGCAAAT-1,-3.7554063193528875,-4.9307488335361
AGTTCGATCCTAGCGG-1,2.227713027485797,-8.081274982467301
ATACCGACATCCGGTG-1,3.7649152976424265,-4.155106062675071
ATACCGATCGTAGAGG-1,2.316989572381236,-2.2854382761135024
ATACCGATCTCCTACG-1,0.23764751561970004,-4.514876000013243
ATACCTTAGCTAATCC-1,8.246573232635438,-4.3898490606882765
ATACCTTCAAGAAATC-1,8.197558807594875,-1.5908668149539242
ATACCTTCAGGACATG-1,5.256124044438466,-0.14000950551188823
ATACCTTGTGCCAAGA-1,-2.0790381038839567,-3.207711941234353
ATACCTTGTTGCGAAG-1,3.483715118301035,-6.93426293601456
ATACCTTTCACCGCTT-1,3.1948083482813345,1.1685591799457078
ATACCTTTCGGACCAC-1,4.576090364553393,-5.559229280764482
ATACCTTTCTCCAATT-1,3.2722319093298653,-4.024162116248033
ATACTTCAGAGAGTTT-1,-2.5598234669405415,-1.828811826582017
ATACTTCAGCACCCAC-1,3.6010821943232734,1.4588181449708384
ATACTTCAGGCGAAGG-1,5.047940243160204,-3.9553477980644347
ATACTTCCAGTAGTGG-1,-2.5363623210577937,-1.796568370414384
ATACTTCGTACACGCC-1,3.941296889396357,-6.192396051024623
ATACTTCGTACAGCGA-1,0.8244701912747799,-3.3663905352158707
ATAGACCAGAAACTGT-1,7.1422560274358196,-2.2919131154500794
ATAGACCGTAGGGTAC-1,0.5776296969734805,-4.086673383639048
ATAGACCTCCCAGCGA-1,-1.3622103544188147,-5.568151966814383
ATAGACCTCCGTACGG-1,0.19111000591146957,-0.7260090996396444
ATAGAGACAAAGGCGT-1,-0.6437830834865351,-2.66790382007619
ATAGAGACAGTATTCG-1,5.6629424382816484,-3.755115054415803
ATAGAGACATCAACCA-1,3.079393203896008,-3.5572993085168263
ATAGAGACATGCCATA-1,1.4842997780676945,-1.488752902601885
ATAGGCTCATGACAAA-1,5.267296239249425,-6.6329991432306725
ATAGGCTGTGTGAATA-1,6.649809521016193,-4.17301909342835
ATAGGCTGTTGGAGGT-1,5.62127474676579,-3.9617004907690103
ATAGGCTTCCTCTTTC-1,-1.179664860912079,-2.0921765367665492
ATATCCTAGACATACA-1,5.235463150631851,0.7589113587396413
ATATCCTAGCAGCACA-1,-5.632780065800696,-3.3104986217099897
ATATCCTAGCTCGCAC-1,5.397529041680254,-0.7856309811216896
ATATCCTCATGTTCAG-1,0.5924549700408871,-8.401119579205885
ATATCCTGTCCTGTTC-1,-4.019832314724979,-2.369350167596397
ATATCCTGTCGACTGC-1,1.3683525315911989,-0.9534189533680968
ATATCCTGTTCCGCAG-1,-1.6684794060654882,-2.1495951787077154
ATATCCTTCATGCATG-1,4.032367484110815,-6.1858074296092065
ATATCCTTCATGCTAG-1,1.4336229681906418,-1.5952270762158278
ATATCCTTCCAACCAA-1,1.190534547387022,-3.136920713485018
ATATCCTTCCACAGCG-1,5.281298996264396,0.7019781497037006
ATATCCTTCCATCTGC-1,4.1100894124244745,-0.8131195681371429
ATATCCTTCTAGCCAA-1,-1.9626676145906425,-1.6202585324708656
ATCACAGCAAAGAACT-1,2.0796895884358957,-2.3868092183110283
ATCACAGGTGACTAAA-1,8.178223290429397,-1.550794840068161
ATCACAGGTGACTCTA-1,2.162221635197907,-2.2329624851322634
ATCACAGTCCATAAGC-1,1.0980672912554983,-4.238006563370149
ATCACAGTCGCTGATA-1,3.0619899618237083,-0.33979201131767234
ATCACGACAAAGTATG-1,-5.483989209694378,-3.464740978749696
ATCACGACAAGTAGTA-1,7.142891107817265,-0.8085030896828028
ATCACGAGTCGGAAAC-1,2.287431011766045,-2.70449231595059
ATCACGATCTTCTGGC-1,2.466810122797319,-3.2177723090578696
ATCACTTAGAACAAGG-1,0.31288904850482224,-4.461006347382153
ATCACTTAGTTCTCTT-1,5.665962578569493,-3.2596544711973685
ATCACTTTCGAAGGAC-1,3.2760950844554237,-5.745888040200299
ATCACTTTCTGAACGT-1,-0.7320604687081855,-7.232086408071797
ATCACTTTCTGCTCTG-1,0.3183474809015679,-4.489491604711134
ATCAGGTAGCAACTTC-1,6.910519387662693,-7.098804859659581
ATCAGGTAGCCTCAAT-1,-0.8298307541173598,-2.240477861204888
ATCAGGTCACCCATAA-1,1.283896808402502,-5.347205948533393
ATCATTCAGTTCCGTA-1,3.960146161398727,-6.104469688604976
ATCATTCTCAAGTCTG-1,-5.622214251058035,-3.3050575155466464
ATCATTCTCCCATTTA-1,0.8877193245538509,-8.374427874096627
ATCCACCGTCGAGTGA-1,-1.211739391855975,-0.1329863429077235
ATCCACCGTGACCGTC-1,5.302380783274026,0.758348925240446
ATCCACCTCGGAGCAA-1,0.054379653884021474,-2.6737975203308344
ATCCACCTCTCCAAGA-1,4.19257630193641,-0.26878562571981157
ATCCATTAGAAACACT-1,-0.09262520744994325,-3.253604356784621
ATCCATTAGACAACAT-1,3.7114847838137295,-5.188994528196209
ATCCATTCAACATCGT-1,3.7052243467588877,-2.0059084761470167
ATCCATTGTGGCAACA-1,2.0830519640573653,-1.9856947236323201
ATCCATTGTTCCGTTC-1,-0.7860432518054511,-4.071647916646665
ATCCATTGTTCGATTG-1,2.1911808860772783,-8.379520853696858
ATCCCTGCACAAGCCC-1,5.097121712036951,-4.991210537144579
ATCCCTGCAGAGACTG-1,3.3275671818936425,-4.240932342585727
ATCCCTGGTCATCGGC-1,3.53951958998828,1.4306980669841634
ATCCCTGGTTGCTCAA-1,3.2446657346273686,-6.789491728892047
ATCCCTGTCATATGGC-1,0.3427130813309268,-0.8331073724126433
ATCCGTCAGTCATGGG-1,0.3027482339889249,0.6869159245315929
ATCCGTCCAAGGGTCA-1,0.3538164476603387,-1.0421430449519713
ATCCGTCCACGCTTAA-1,5.531800208691818,-5.220392937166211
ATCCGTCCAGAGCTAG-1,-0.10241759669173717,0.30363086055507743
ATCCGTCCATCAGTCA-1,-2.1897547439514344,-5.649957297758636
ATCCGTCCATGGCGCT-1,4.45874365269707,-7.389076788808066
ATCCGTCGTGCCTATA-1,-2.080045184397137,-3.0782299731714917
ATCCGTCTCACCTTAT-1,2.993768292576074,-6.844015696708847
ATCCGTCTCCGTTTCG-1,0.6474770560272485,-0.08492801262460788
ATCCTATAGGGAACAA-1,8.526281190196135,-1.5106969313301772
ATCCTATGTCTACACA-1,2.4593392478880722,-3.254267076909498
ATCCTATTCCGTGGGT-1,1.1986175854066594,-4.672061894842083
ATCGATGAGCGACATG-1,-2.0727466173494395,-2.6311471667188395
ATCGATGAGTAATTGG-1,-1.7554716918934345,2.53601046318304
ATCGATGCACCGAATT-1,2.85924300443459,-3.582616041203157
ATCGATGCATTGCCTC-1,1.7680067351804032,-5.759069756176806
ATCGATGGTCATCTAG-1,4.416005573174937,-5.602134142196588
ATCGATGTCCAAGCTA-1,3.9165608480936105,-2.2175406862496296
ATCGATGTCCTCTGCA-1,3.5875072237345913,-4.2180901522933025
ATCGATGTCTAGCCTC-1,3.7374955695231082,-2.7901750165490804
ATCGCCTCAACAGAGC-1,0.23065695874059494,-4.482420029660766
ATCGCCTCACCAGGTC-1,-1.138813840081554,-2.023984778181316
ATCGCCTGTGGTCCGT-1,1.898777724457596,-6.211587329111577
ATCGCCTGTGTGTCCG-1,4.000454955496716,-4.076059227864449
ATCGCCTTCAATCAGC-1,1.1831180559461836,0.5738527267297678
ATCGGATAGATTCGAA-1,-2.1191390879863152,-1.5611521727279816
ATCGGATAGCCTCTCT-1,2.0596395786739654,-2.3051606741866695
ATCGGATAGGTCCTGC-1,0.4452951621808146,-2.3256188260226662
ATCGGATCAACGAGGT-1,5.2532694598091485,-4.998381164428904
ATCGGATCAAGTGGGT-1,1.2004324313911297,-1.7282863141959215
ATCGGATCAATAGTAG-1,0.92681268348264,-3.985065636202867
ATCGGATTCACGTCCT-1,7.96769022514084,-4.854921268966523
ATCGGATTCCTGCCAT-1,3.238214056491823,-5.757467944680977
ATCGGCGCAAGATTGA-1,4.013292813629218,-4.2156953793812795
ATCGGCGTCACCTGGG-1,2.5636995167792778,-2.3555445127631973
ATCGGCGTCATGTCTT-1,-0.7696689986168583,-3.193605927199208
ATCGGCGTCGCCCAGA-1,0.6444079430787488,1.337099247097144
ATCGTAGAGGTTCTAC-1,5.97599938648366,-5.312623612135736
ATCGTAGAGTCCTACA-1,-0.4158834306141225,1.1935855795187094
ATCGTAGGTCCAAGAG-1,-1.3124097031546371,-1.2527444740733629
ATCGTAGGTTGTGTAC-1,1.8297301969039301,-1.1382200118525798
ATCGTCCAGACCTCAT-1,2.4542276295483068,-0.9652196221038348
ATCGTCCAGCCATATC-1,4.4361100095368435,-7.488812943413081
ATCGTCCAGGTCGACA-1,3.8662381776127317,-4.920786894751578
ATCGTCCAGTATGAAC-1,2.2294625116154245,-1.3640240288370413
ATCGTCCCATGCCATA-1,-1.1913618523421143,-1.2510765490876066
ATCGTCCCATGTGGCC-1,-5.476094164337375,-3.496971419693947
ATCGTCCGTACAGAGC-1,-0.39282023700975105,-1.533794542628383
ATCGTCCGTACGGGAT-1,3.4748290919276505,-5.003398969056427
ATCGTCCGTAGGAGTC-1,6.025789851731574,-5.865821710327645
ATCGTGAAGAGTCAAT-1,8.08729043268583,-5.662101326795993
ATCGTGACACCTCAGG-1,1.111406586826516,-1.238670516523431
ATCGTGACACCTGCTT-1,-5.687624147194286,-3.453972736547778
ATCGTGACATACCACA-1,-1.146253612546658,-4.3386987756806
ATCGTGACATCCGTGG-1,-3.3226604061356353,-1.487038477038977
ATCGTGAGTCGAAACG-1,4.183325156561195,-0.2629806637179259
ATCGTGAGTTTCAGAC-1,2.120380480659418,-3.387114107039085
ATCGTGATCTTTGATC-1,8.375881751944343,-1.6018583806218991
ATCTCTAAGAGACAAG-1,6.6049567664959525,-7.208589617413034
ATCTCTAAGCTAGATA-1,2.9238928876233854,-6.872705945488887
ATCTCTAAGGCGTTGA-1,-3.9641014772513925,-0.283853973553697
ATCTCTACACCGCTAG-1,0.5181950422800241,-1.2715482997534076
ATCTCTAGTACCGTGC-1,-0.7026185442813174,-3.454301648797404
ATCTCTAGTTCCTACC-1,2.5433231620021597,-4.004045450787224
ATCTCTAGTTCGAAGG-1,0.08366014335919583,-2.4709497238318074
ATCTCTATCACTGTCC-1,-0.5520874795746302,-0.44697824756120924
ATCTCTATCTGTAACG-1,1.7428618062102392,-3.6820011809577027
ATCTCTATCTTCGACC-1,-1.5845168153489233,-2.9856328852899034
ATCTTCAAGCACACAG-1,5.346622550887499,-1.207562153238447
ATCTTCAAGCGACTTT-1,2.942307907897957,-0.7059238793836893
ATCTTCAAGCTGTTCA-1,8.36757972599645,-1.5674240566561466
ATCTTCAAGGTCTTTG-1,8.01809281333203,-3.974751443461034
ATCTTCAGTAGTCGTT-1,5.949290707886923,-1.9958824557597612
ATCTTCAGTCAGGTAG-1,-2.016278380764308,-2.9801706670497485
ATCTTCAGTGGGCTCT-1,-3.202270791930157,-1.3916844468591714
ATCTTCATCCATGATG-1,2.319855997462357,-2.9616368338910917
ATCTTCATCTTGCGCT-1,0.34057696409249183,-4.376023045887302
ATGAAAGAGACGCAGT-1,1.7655713000750302,1.554174922888878
ATGAAAGCAACTTGCA-1,2.0748622079104124,-7.698855940814623
ATGAAAGGTTGTTGTG-1,1.5135986026267123,-0.2679909949645118
ATGAAAGTCACTGATG-1,-0.4245925401974109,1.2102572168135555
ATGAAAGTCCGAGATT-1,-5.421257454481437,-3.281654405647366
ATGAAAGTCTTGGCTC-1,3.4453619213501505,-2.3360769522916685
ATGACCAAGCACGGAT-1,-0.0425872131789534,-1.7755337142407532
ATGACCAAGGTGATAT-1,5.991589167625327,-1.9650020663898455
ATGACCACAAGGACAC-1,7.069635016374689,-0.8395714394927231
ATGACCACAGAGTTGG-1,6.685907643752356,-7.117677437093412
ATGACCAGTAGTAAGT-1,1.7940416940130928,-3.8538876522793943
ATGACCAGTAGTCTTG-1,6.730824323652501,-6.982626595705925
ATGACCAGTCCGATCG-1,-2.1928617755586193,0.26871003628231893
ATGACCAGTCGAGCAA-1,0.7060537377009242,-4.427317442936064
ATGACCAGTTACCCTC-1,0.46948026994073766,-2.173712184652279
ATGACCAGTTTGGAGG-1,8.067886605455792,-5.749090845384321
ATGACCATCGCTTAAG-1,2.387868551632812,-6.148992622580716
ATGACCATCTGTCGCT-1,5.5830499704919525,-5.170458624122382
ATGAGGGAGGGATCTG-1,-0.9020580084454471,-3.2395282394823064
ATGAGGGCAACTTGGT-1,-0.744056658216864,-0.4268012627149456
ATGAGGGCATCACGGC-1,-0.2310944972933345,-0.7953384922333557
ATGAGTCCAGATCACT-1,5.32131800551652,0.699743047970602
ATGAGTCGTAGGTAGC-1,-5.2988791544286675,-3.5235131070470427
ATGAGTCGTCGACTGC-1,2.1969809193218763,-4.685219863483803
ATGAGTCGTGTGACCC-1,3.844665112266428,-5.044663992982174
ATGAGTCTCACTTGGA-1,6.000653652708561,-5.3493023532403585
ATGAGTCTCCTACACC-1,5.229887252481007,-6.6695429119444265
ATGATCGAGCACCCAC-1,1.2540987275636262,-0.6313915014551278
ATGATCGAGTATTGCC-1,1.7882778742054184,-4.365929278705735
ATGATCGAGTTGTCGT-1,3.7302757427257305,-6.000169152641929
ATGATCGGTCATAAAG-1,5.504071169626847,-1.107153098137256
ATGATCGGTGGTCTCG-1,-1.9743123842269261,-1.5704660888972313
ATGATCGTCAGCAATC-1,5.299435940880055,0.7275638179953673
ATGATCGTCATCTATC-1,-1.6433024882012506,-5.647909879361802
ATGCATGAGGACAAGA-1,-2.9137083126814485,-8.355679149682807
ATGCATGCACTCATAG-1,-2.7508901943060784,-2.6019166884367593
ATGCATGGTAGACAAT-1,0.2634789146474903,-3.914065559188386
ATGCATGGTAGTCTGT-1,6.270253303368688,-7.381386054123326
ATGCATGGTTTACTGG-1,-3.950461027443924,-4.657277244712686
ATGCATGTCGCGTAGC-1,1.4488400747533436,-3.4364246498027797
ATGCCTCAGAGTCCGA-1,-0.5580204636103324,-0.45760756681041426
ATGCCTCAGGACAACC-1,7.790158201885289,-2.302849468284418
ATGCCTCCACGACGCT-1,2.6607586080757453,-1.135905631015729
ATGCCTCCACGTAGTT-1,2.3919959616364075,0.013541941620985966
ATGCCTCCACGTATAC-1,-2.142849687427896,-2.035890615534265
ATGCCTCGTGAGATTA-1,0.67993303245563,-2.5147462859100806
ATGCCTCGTTGTATGC-1,3.995080436818205,-1.6504894607307399
ATGCCTCGTTTAGTCG-1,6.021773353823357,-1.8880604108088321
ATGCCTCTCACAAGGG-1,0.5334473373242832,-4.3659169490914325
ATGCGATCAATCGTCA-1,2.755536014518545,-5.356932886469573
ATGCGATGTTTGTGGT-1,-2.433122691707373,-5.66137867717629
ATGGAGGAGACCTTTG-1,-3.998560226206868,-4.930513189931878
ATGGAGGAGATGACAT-1,8.059892527360724,-5.7851718598966
ATGGAGGCAACCGGAA-1,5.598169032958938,-3.6938750667157385
ATGGAGGCACACTGGC-1,-2.286519554823052,-4.113536892474783
ATGGAGGCAGTCCCGA-1,-0.7738560128569493,-1.5618869218869564
ATGGAGGGTCCAAATC-1,0.8909593713780014,-5.486390440029046
ATGGAGGGTGTACATC-1,2.4275964794626024,-3.7095730712356754
ATGGAGGTCCTAGCTC-1,0.2877435164623953,-1.3814612095484808
ATGGAGGTCTCCATAT-1,1.072196432356016,-2.5261475785967193
ATGGATCAGATGGCGT-1,6.463691703682795,-5.670773836406971
ATGGATCCACATTCTT-1,-4.031600323905534,-2.4347159335245427
ATGGATCCAGCTGAAG-1,-3.175086040166272,-1.4284039186718178
ATGGATCCATGTCTAG-1,4.010337007300279,-5.713007680004078
ATGGATCGTGTGCTTA-1,-1.9793273607420272,-1.2804243186503286
ATGGATCTCCACTTCG-1,0.12602431573407077,-4.353926378962287
ATGGATCTCCCTTCCC-1,1.771723146155267,-1.0582016620206618
ATGGGAGAGAGTGTTA-1,-5.315943232975186,-3.5976436112590133
ATGGGAGAGCTCGACC-1,-2.0169664222324055,-5.696342066680442
ATGGGAGCACCCAAGC-1,1.5426116265240364,-2.872840066144665
ATGGGAGGTACGCTAT-1,2.3382603631564485,-3.738713470329119
ATGGGAGGTAGTAAGT-1,5.059713034101039,-3.7716540622473502
ATGGGAGGTTACGATC-1,-2.018034243537775,-3.335467353114268
ATGGGAGTCCTTCTTC-1,0.7328163473835017,-2.002204657048118
ATGGGAGTCTACCTTA-1,0.41394656497810106,-2.6626925765651905
ATGGGTTAGAAGTATC-1,6.864831489001952,-6.958352300177312
ATGGGTTCACTGCGAC-1,-4.220895544313316,-3.550382635887664
ATGGGTTCACTGTCGG-1,-3.8057664261590127,-0.2749711080991312
ATGGGTTCATAAGCAA-1,-0.49842888683331815,-2.46427306235855
ATGGGTTGTGATTAGA-1,5.341609240014053,-7.89455014972702
ATGGGTTTCCTACCAC-1,1.265621958040555,-4.7651354470070215
ATGGTTGAGCACCGTC-1,1.1125797606785284,0.9043371281080353
ATGGTTGAGGGAGGCA-1,0.6747720515206627,-0.1250171730921983
ATGGTTGCAAGAGTAT-1,3.4975475078333202,-5.060808533694307
ATGGTTGCAGCGAGTA-1,3.486917406785147,-3.561595836619501
ATGGTTGGTAGACGGT-1,1.7053053878632518,-3.1700065951148746
ATGGTTGGTTCCGTTC-1,1.9272097363293739,-3.5849595093128896
ATGGTTGTCAAAGCCT-1,1.7735426819021125,-3.7395607435794003
ATGGTTGTCGAGAAAT-1,1.0011302213275284,-3.001059687317555
ATGGTTGTCTCCTGAC-1,5.728759391408256,-1.8778820572714496
ATGGTTGTCTCTCTAA-1,5.452592165811821,-1.1832939285971693
ATGTCCCCATACATCG-1,3.3031420067410777,-3.4183776863679705
ATGTCCCGTAGTGCGA-1,-3.7688618500417657,-4.922032217076292
ATGTCCCGTGGGTCAA-1,5.36336922084396,-1.1118395336911608
ATGTCCCGTGTACGCC-1,1.479001448541398,-2.1964096884326647
ATGTCCCTCGGTTCAA-1,-3.9138308488143845,-1.9111736276376912
ATGTCCCTCGTCGCTT-1,-3.8351210682098755,-2.320183146987372
ATGTCCCTCTGGTGCG-1,-2.4980367302229016,-6.085486468297413
ATGTCTTAGAGGCTGT-1,3.8021300890328975,-5.822518222288001
ATGTCTTCAAACTCGT-1,5.255514428505746,-3.903096226789635
ATGTCTTCACTACCCT-1,2.1449089050263157,-8.375804949575452
ATGTCTTCAGCGGATA-1,-3.157436753402374,0.7591945429434537
ATGTCTTCATACTGTG-1,-4.134638286858587,-3.4691487290249103
ATGTCTTCATGACTCA-1,-2.345903122524616,-4.1677401626489985
ATGTCTTCATGTGGTT-1,7.317979199432474,-2.187069635642828
ATGTCTTGTTGCATCA-1,4.198207279489532,-0.1886885269819139
ATGTCTTTCACACGAT-1,5.335056820492382,-7.781704664899704
ATGTCTTTCGTCGCTT-1,2.093120518697248,-7.9327983446040315
ATTACCTAGCTAGTTC-1,-3.9497587651000825,-4.7832143867823715
ATTACCTCACGGTGAA-1,-1.124732096347037,-4.210305331262789
ATTACCTGTCACTTCC-1,2.8995223640003616,-0.5999100232781094
ATTACCTGTCAGCTTA-1,3.3086454186353866,-4.733425246770157
ATTACCTGTTCAATCG-1,3.792719568923044,-2.9485522645181947
ATTACTCAGGAGGTTC-1,-4.030677046698796,-0.22203488882683195
ATTACTCCAGGGAGAG-1,3.1130147088098443,-2.270078638629907
ATTACTCCAGGTATGG-1,0.9019141578363373,-4.226956826490169
ATTACTCCATATACCG-1,-2.2679225090511745,-5.918050594272278
ATTACTCTCGCTGACG-1,4.11123705162681,-4.953261704021168
ATTACTCTCTTAGCAG-1,4.50242312501202,-7.5277228546640265
ATTATCCAGATGACAT-1,-0.38669399966989615,-2.6051913433343246
ATTATCCCAGCGGATA-1,-3.1572923624264693,0.21215618873426678
ATTATCCCATAGACTC-1,-2.0139898569610715,-5.849818476485306
ATTATCCGTGGGTTGA-1,2.8866399068424986,-3.2442952078061507
ATTATCCTCAGCCCAG-1,-0.08034991331901999,-0.9176072550126024
ATTCACTAGTGAATAC-1,5.369260822287621,-1.2043760238094257
ATTCACTCAATAGTGA-1,-0.08499441406625549,-6.429644208192856
ATTCACTCACGACAGA-1,2.554740486503981,-2.049605507871769
ATTCACTGTCGACTGC-1,-3.1604080142047457,-1.4881042874891506
ATTCACTTCACACCGG-1,2.952246172238882,-0.43739556900559673
ATTCACTTCTGCTTTA-1,-1.0138413222070028,-4.235159219423348
ATTCACTTCTTTCCGG-1,0.6874564534625368,-8.444447266794999
ATTCAGGAGGGATCGT-1,4.27135284575081,0.017638736380349157
ATTCAGGGTCCGGATC-1,3.835501696729256,-0.3772823657024969
ATTCATCAGTAAACTG-1,2.1259156655411595,-4.588080878752025
ATTCATCAGTAGCTCT-1,2.8535135771430613,-0.17836445732417877
ATTCATCAGTTTGGCT-1,4.342672271278418,-7.349940904484591
ATTCATCGTGGATACG-1,2.055467343071135,-7.829059821644725
ATTCATCTCCTTATGT-1,-2.120314719997778,-3.1289262171331957
ATTCATCTCGGCATCG-1,5.102712444012862,-6.262094313805803
ATTCCATCAACTTCTT-1,0.0067216920893897955,-0.28776840943915
ATTCCATCACCAGCCA-1,3.8067354381399574,-2.952667003302896
ATTCCATGTGAGGCAT-1,1.8564622601967016,-5.143280311554527
ATTCCATGTTCGAACT-1,5.419820290999372,0.8222782055748026
ATTCCATTCACTTGGA-1,-1.9161225749822586,-5.6441492072024335
ATTCCCGAGGCTTTCA-1,1.2829749148968386,0.30226109703246623
ATTCCCGAGTTGAATG-1,2.9735925137412553,-5.4904104906018265
ATTCCCGGTACGCTTA-1,5.4447776484798,-3.6673791773296487
ATTCCCGGTGATGGCA-1,2.39665284674147,-3.542298725537135
ATTCCCGGTGTACAGG-1,5.322330656419503,-7.9443828773641165
ATTCCCGGTTAAGTCC-1,-1.890673953996079,-4.724211337036581
ATTCCTAAGAGTTCGG-1,7.160786398267035,-2.174332686934206
ATTCCTAAGGGTATAT-1,0.5051779665315972,1.0239526673483055
ATTCCTACAAAGACTA-1,-1.837039018064981,0.6106632671397367
ATTCCTACATAGGAGC-1,5.340615261152252,0.3822510754348965
ATTCCTACATGCCGAC-1,-2.399575677369714,-5.898360641797155
ATTCCTACATGTAACC-1,-0.2760703932814658,-2.4652541221870177
ATTCCTATCGCGCCAA-1,2.6469513278998,-3.772966792652763
ATTCGTTAGGAGAATG-1,0.9789546632028153,-4.512819526814429
ATTCGTTAGGCGTCCT-1,6.537051019198001,-6.806769310914808
ATTCGTTCACCATATG-1,-1.8168209651212937,2.4971126734615074
ATTCGTTCACGCAGTC-1,0.4272134335856978,1.0286921983513337
ATTCGTTCACTTGAGT-1,1.552165396149358,-0.3075286584650159
ATTCGTTGTTTAGAGA-1,0.2312196891907226,-4.513117194312659
ATTCGTTTCAAAGACA-1,5.999228948793329,0.09682372680754342
ATTCGTTTCGGCTGGT-1,4.728004338240127,-3.564768073785657
ATTCGTTTCGTCAACA-1,-3.032979766886713,-8.48143807893431
ATTCTACAGGGCATGT-1,-1.904968189321015,-3.2190762451575057
ATTCTACAGGTTCCGC-1,3.056117348411259,-6.837528491097596
ATTCTACCACGTTCGG-1,1.5313665310489495,-0.8404268215957664
ATTCTACGTCATGACT-1,3.189964932394732,-5.682119088078873
ATTCTACGTCCTCCTA-1,0.6451317704884916,1.2861853859785992
ATTCTACGTGAACTAA-1,2.011547337866219,-8.036046934937449
ATTCTTGAGCTCGACC-1,-2.975144856549166,-8.390290619617293
ATTCTTGCAAGCAATA-1,5.211754741714061,0.7094076179374109
ATTCTTGGTGAGAGGG-1,0.70433170970664,1.0218710870925232
ATTCTTGTCGTTAGAC-1,4.683262445945109,-1.825590214649511
ATTGGGTAGGCTGGAT-1,-0.9841326017202768,-4.031836282861949
ATTGGGTAGGTCATCT-1,-0.806064129422029,-7.249582721493863
ATTGGGTAGTTACGGG-1,0.03904664240778269,-0.38858235500819677
ATTGGGTCAGGCTCTG-1,-2.043886507873011,-3.950786419065883
ATTGGGTGTCGAACAG-1,2.5216441225016784,-2.8511696180971913
ATTGGGTTCGGCTGTG-1,1.7757954553039526,-5.563860756122448
ATTGTTCCAGTATGAA-1,5.379069594210181,0.6472223634866391
ATTGTTCCATTGACAC-1,-1.6643164741032646,-2.326665322637134
ATTGTTCGTCGATTTG-1,-2.4143914081007747,-1.7587860702817801
ATTGTTCGTTAGTTCG-1,1.1182933528345056,-3.9469457839890363
ATTGTTCGTTCGTAAC-1,1.2929773370611806,-3.743795384477263
ATTGTTCGTTTGGAAA-1,-0.10424084930632142,0.47264640809784897
ATTGTTCTCTCGTTTA-1,1.0893424907802145,-6.353134657373631
ATTTACCCATCGTTCC-1,2.199116610424252,-0.559857030065271
ATTTACCGTACAGAGC-1,-0.6443481072710613,-3.01666433952674
ATTTACCGTTATGGTC-1,1.2156352800861234,0.3285126941869931
ATTTACCGTTGCATCA-1,-0.7591695472033251,-7.162932190288365
ATTTACCTCCCGAGGT-1,-0.47753468693229545,-3.0798896452628615
ATTTACCTCCTCTCTT-1,-3.9732874384341343,-4.868276271665105
ATTTACCTCTGCTCTG-1,0.9637101902436447,-1.2876467353610292
ATTTCACAGCGTTCAT-1,3.058969846744204,-0.3294154183752123
ATTTCACAGTAACCGG-1,-0.912771358460132,0.16443840807945004
ATTTCACCAAGTAGTA-1,0.7947342123729142,-8.425639524143898
ATTTCACTCTCCGTGT-1,0.7603601048465155,-2.1652091808254044
ATTTCTGAGAGGGTAA-1,3.6472308640342126,1.526395193046289
ATTTCTGAGGCACCAA-1,2.1034101604605184,-8.271136432633192
ATTTCTGAGTAGACAT-1,2.18089378852023,-8.341497693124007
ATTTCTGAGTCCGCCA-1,4.701814766431882,-5.503964165670083
ATTTCTGCATAGTCAC-1,-0.8618364254431382,-4.166515757849452
ATTTCTGTCTGGTCAA-1,0.6851035064195896,-3.632082794001676
CAAAGAAAGGAAACGA-1,1.8700917017880883,-3.3195647477940367
CAAAGAACACTAGGTT-1,1.5464887942873695,-0.8374389310594451
CAAAGAACATGTAACC-1,-1.4022590457157518,1.284968348929025
CAAAGAAGTCGATTTG-1,-2.923749604160913,-8.381873106748692
CAAAGAAGTGACCGAA-1,3.562279653908697,1.4403816646536214
CAAAGAATCCATACAG-1,0.8008495408127347,-4.656584431974538
CAAAGAATCTCATTTG-1,-4.018229217994919,-3.4524247762130256
CAACAACCAGAGGCAT-1,-0.5588604417113625,-6.969473059977849
CAACAACGTAGGCAAC-1,-0.5613960106936173,-1.4957463811333551
CAACAACGTTGGGCCT-1,6.247109190951443,-5.898572649571288
CAACAACTCCTCCACA-1,0.42093464790173746,-4.396194814651078
CAACAACTCGTGCAGC-1,-2.992157862684387,-0.5529801167436391
CAACAACTCGTTTACT-1,3.6751629423126757,-3.3409711874258883
CAACAGTAGGAGAATG-1,3.662158760167212,-1.0699049229707525
CAACAGTCACTGGATT-1,4.291602971398392,-0.07551781501448283
CAACAGTGTCTTGCGG-1,1.8252515167657521,-3.108757968390093
CAACCAACACCACATA-1,0.741929097975384,-0.14335431958057535
CAACCAACAGACATCT-1,0.6220484411460842,1.3317781609746553
CAACCAACAGTCAGTT-1,5.683030345787462,-3.7712412082530475
CAACCTCAGACGGTCA-1,-3.0420347152628904,0.7508344801543341
CAACCTCAGAGCAGTC-1,4.706216055689694,-2.7870689473464108
CAACCTCAGCGTACAG-1,0.6426061938087532,0.8861475066916547
CAACCTCAGGGAGGTG-1,-3.9073462021531618,-4.532927090499241
CAACCTCAGTATGATG-1,1.5249171290021837,-4.942617987354893
CAACCTCTCATCTACT-1,2.5302132037950402,-3.61982181471675
CAACGATAGATAGGGA-1,6.096160764088185,0.17344304709047392
CAACGATAGCTCACTA-1,-0.32677466742391537,-3.5237797691558788
CAACGATGTTAGGCTT-1,3.2596754682571847,-5.692186017473255
CAACGATTCCGATGTA-1,5.6301720501194765,0.22984348795418946
CAACGATTCTAGGCCG-1,2.96221243215095,-0.6998022644774305
CAACGGCAGAGTTGCG-1,4.406712995351329,-5.4099830753976725
CAACGGCAGATAGTCA-1,1.3736992144467097,-0.08588181277327119
CAACGGCAGCACGATG-1,-0.6990928481499551,-7.266841933084764
CAACGGCGTCATCCGG-1,4.339827129459934,-4.6841032589858065
CAACGGCTCGGTGCAC-1,2.4759734881047013,0.31275039247153524
CAAGACTAGCAAATGT-1,3.63663642941214,-4.789031466594252
CAAGACTAGGATTTCC-1,-0.15987650963791902,-6.471959083311452
CAAGACTAGTTAACGA-1,1.4863129717128045,-2.0384534033434414
CAAGACTGTACTAAGA-1,8.125087375894182,-5.827641629898441
CAAGACTTCCACGAAT-1,0.9460323778720403,-4.595670774341967
CAAGAGGAGAACCCGA-1,1.6364031427252472,-4.623797203675704
CAAGAGGAGGATACGC-1,2.6955416911620373,-3.801614425609963
CAAGAGGAGGCTATCT-1,-0.26573993973879856,-5.948517902721887
CAAGAGGCAGGTACGA-1,6.748977913262001,-7.149389700864222
CAAGAGGGTCCGGCAT-1,-0.9366607621780535,-5.788341430299669
CAAGAGGGTTGTATGC-1,7.412437205775271,-4.7022577454022985
CAAGAGGTCCGTCCTA-1,2.5347233519526,0.4556604447382515
CAAGAGGTCTAGCCTC-1,-4.0474544624652715,-2.6876196436698634
CAAGCTAAGCGCCCAT-1,-1.655777754151067,-1.245706134533072
CAAGCTACAACTCCCT-1,1.2568480973500327,-2.489156904036483
CAAGGGACACAAATCC-1,1.0330421462632335,-3.587541022863324
CAAGGGACACTACTTT-1,-1.6062287032578788,-2.8505577067538104
CAAGGGAGTCCGCAGT-1,1.4979842578778264,-0.7154197228208888
CAAGGGAGTGCGGTAA-1,4.029989431533538,-0.5188254809099283
CAATACGCAAGAATGT-1,3.8174477130514584,-5.0975483933850185
CAATACGCAGATTCGT-1,-1.3368006873643865,-1.260052639326778
CAATACGGTCAAAGCG-1,-0.13626326875119332,-1.4904086394216602
CAATACGTCGAGAACG-1,-0.25717331476426697,0.785966010278596
CAATCGAAGACTGGGT-1,1.4776968300857019,-1.6305347172316351
CAATCGACACGCCACA-1,-1.2521042899470571,-1.290745755382671
CAATCGAGTTCGATTG-1,5.390518424084757,0.5709745545703768
CAATCGATCAATCCAG-1,5.42950282090747,-5.102145313251503
CAATCGATCCACGGGT-1,0.3039263492306536,-1.1073162240036887
CAATCGATCTTCGCTG-1,-2.6477043946721746,-2.738167585484038
CAATGACAGGCACCAA-1,5.4535865097867,-8.052645669815192
CAATGACAGGCGTCCT-1,-2.0631516174741322,-4.484410169407066
CAATGACAGTGACCTT-1,2.423314325827331,-3.245634499871724
CAATGACCAACTTCTT-1,3.3991279703380775,-4.512937459637713
CAATGACCACAACGCC-1,3.077896829704597,-0.32060111684974774
CAATGACCACCTGCGA-1,2.7267081235898085,-3.3534981563935276
CAATGACCATGACCCG-1,3.935154494964152,-3.0931646855102746
CAATGACTCACCCATC-1,-0.4557377985610064,-1.6533004311992898
CAATTTCAGCCTGTCG-1,0.38698749404974697,-3.6281269933346425
CAATTTCCATCCTTGC-1,-0.023138419322827775,-1.961786806878525
CACACAAAGATGAAGG-1,1.2841242627221503,-3.898003792167465
CACACAACAAAGACGC-1,2.841102465869286,-5.432210582145018
CACACAACAGACCTAT-1,-0.20642773335041525,-4.48660666969645
CACACAACAGACGGAT-1,2.088343171091224,-1.1875274413294412
CACACAAGTAGTGCGA-1,-0.13186558253535482,-5.941625613461006
CACACAAGTGCCTGCA-1,3.8987794150077995,-2.9973921013384865
CACACAATCCGTGGGT-1,0.7115147439134591,-1.3181206895479387
CACAGATAGAGTGAAG-1,-0.43362273934475504,-4.411697065890721
CACAGATAGGGCAAGG-1,-2.201299642488099,-4.3068852389551875
CACAGATCACGCGGTT-1,7.21217576464583,-2.084654611668318
CACAGGCAGGTCACCC-1,1.2391746500248648,-6.273070040411555
CACAGGCCACCCTTGT-1,4.458304056957304,-7.55434591652001
CACAGGCGTATACAGA-1,-3.4253781193128603,-0.03885378672013836
CACAGGCGTCCGAAAG-1,-1.6021224575034665,-5.670341577906651
CACAGGCTCTCTATAC-1,-2.266501068941852,-4.2064115228471035
CACATGAAGCTACTGT-1,5.876887187052641,-5.250383623991198
CACATGAAGGAACTAT-1,-1.7529076416249274,2.538909463247298
CACATGACAAGCGCAA-1,-3.989099609835393,-0.28941582119452214
CACATGACATAACGGG-1,-0.45806850016992956,1.15625946882243
CACATGAGTTTCGACA-1,8.152967207068572,-5.7242194092814005
CACATGATCCAAGCAT-1,8.241672522110452,-1.5208443949432728
CACATGATCCTTCTAA-1,0.5022185994024729,-2.548744642407529
CACCAAAAGCAACAGC-1,0.13678879688271836,-4.505088777528361
CACCAAACACGTCATA-1,2.21726675089117,-2.8940993686576175
CACCAAAGTCTGATCA-1,-1.7212014170667538,-2.9321328511919207
CACCAAAGTTGAGTCT-1,0.6110446604735436,-2.29535043718394
CACCAAATCCTAGCCT-1,-1.5815253859417766,-3.122798295075595
CACCAAATCCTGTAGA-1,3.2130980037491876,-5.767005811550453
CACCAAATCGCCGATG-1,2.255315259340591,-3.548216826997843
CACCGTTAGCTGGAGT-1,-5.451485695054331,-3.1821015864128372
CACCGTTCATCCGTGG-1,5.170575540554027,-1.3774823128663118
CACCGTTGTACGTTCA-1,-1.8171712805428153,0.921951853270366
CACCGTTGTAGAGTTA-1,2.8151357212098285,-2.055223731930537
CACCGTTGTCACTTCC-1,-2.6518258452029437,-0.46513220384412185
CACCGTTGTCGTCGGT-1,-0.5808698371433295,-1.1348083840848922
CACCGTTTCACTGGGC-1,1.9926722809490443,-7.673354497730185
CACGAATAGGACTAAT-1,1.7649361777948738,1.3580941110068414
CACGAATAGTGACACG-1,2.1749434980280515,-3.659933562400293
CACGAATCAAGTTCCA-1,2.5122120931696323,-1.8743950120603703
CACGAATCATGTCGTA-1,2.509170570287722,-1.3817588692230351
CACGAATGTTTGGGAG-1,7.318264480340263,-2.196466229652279
CACGGGTAGAGCATAT-1,0.7048304014689086,-2.1242676698853336
CACGGGTAGATAACGT-1,0.4738707336876444,-0.6387117847993484
CACGGGTCACACACTA-1,-4.033339795658128,-2.2932106713345033
CACGGGTGTACCAATC-1,-2.2212299358283993,-5.8513302183631755
CACGGGTGTGCAACAG-1,3.089959327198087,-3.2121563534818636
CACGGGTGTTAACCTG-1,6.160610323882275,-1.9574193277752354
CACGGGTGTTACACTG-1,-3.575569917043954,-0.07645347248179775
CACGGGTTCATAGACC-1,8.185346073941975,-1.5293784135609931
CACGGGTTCTGGTCAA-1,5.460496401798237,-5.100800654250117
CACGTGGAGAAGAACG-1,-0.33586918850200315,0.5732275347303392
CACGTGGCACGAGGTA-1,-1.2562096823498248,-1.9090023834625456
CACGTGGGTTTGATCG-1,-0.20790336643264848,-1.6215406304985291
CACGTGGTCTAGACAC-1,0.790733661401535,-0.520600899535894
CACGTGGTCTCGTCGT-1,-1.261464161405242,-1.9682880301155243
CACGTTCCACGGTGAA-1,-1.307188950735245,-0.12106336501779678
CACGTTCCATGCCGCA-1,-5.672931710862507,-3.288543561881696
CACGTTCGTCAGTCTA-1,1.769394858184079,1.530654468832106
CACGTTCGTCGGTAAG-1,-0.19739008759617566,0.32932888228055746
CACTAAGAGGCCTAAG-1,6.8835787169457525,-2.5396427392917853
CACTAAGCAACCAACT-1,1.125658898962987,-4.050238588202938
CACTAAGGTAGGACCA-1,0.12453315005136717,-3.119693895566812
CACTAAGGTGGAGAAA-1,3.4568296040692363,-5.788346448507506
CACTAAGTCCATCGTC-1,3.8996582667951007,-0.8522502020930895
CACTAAGTCGAGGCAA-1,-0.363683663011446,-2.4377952384922157
CACTGAACAGCTGCCA-1,-0.21210806735376098,-2.8221576680613487
CACTGAACATAGGTTC-1,8.040112923758299,-1.7463960746015155
CACTGAAGTAGGACTG-1,6.850986783195547,-7.134225620579437
CACTGAAGTATCACCA-1,-3.066730593501345,0.4336265455258016
CACTGAATCAGTGTCA-1,-1.6995133395364035,-1.2821778438824614
CACTGAATCCATCACC-1,0.47727184500994857,-4.157760958893424
CACTGAATCTGCATGA-1,-2.741494514513073,-2.7250748033940866
CACTGGGAGGACATCG-1,4.404440885149526,-7.610030559100529
CACTGGGAGGTGGCTA-1,-0.748616813499222,-7.198660924931802
CACTGGGCACCTCGTT-1,0.8631136511268765,-8.324177989999896
CACTGGGGTCGCTCGA-1,3.5339561265606205,-1.2227365505951064
CACTGGGTCGAGATAA-1,3.6840431777572555,-3.1384485953200265
CACTGTCAGAGTCGAC-1,1.9715504549756282,-8.073123921534185
CACTGTCAGGATTTAG-1,-2.2038495371619145,-2.7665924653128946
CACTGTCCAATACCCA-1,2.518647979407418,0.5148834057151597
CACTGTCGTAGCTGAG-1,-0.6878611178400659,-7.203354576903682
CACTGTCGTTAACCTG-1,-1.4338080139593357,1.4350916590806957
CACTGTCTCCGCTGTT-1,-2.7907238305218884,-8.203221975582684
CACTTCGCAAATACGA-1,-1.8980278721521295,0.5747742546172796
CACTTCGCAATCCAGT-1,-2.0008070799081166,-5.425156620694423
CACTTCGCACACCTGG-1,3.5906219557762418,-1.201655282988479
CACTTCGCAGTCGCTG-1,0.8190848776558722,-0.271405604118049
CACTTCGCAGTTGCGC-1,-0.08403593734167016,0.09442173914132615
CACTTCGGTTGCTAGT-1,-0.32739691371364055,-4.993142781380167
CAGAGCCAGACTCTTG-1,1.8712623788642537,-1.7330506380283466
CAGAGCCAGATACCAA-1,8.513584407932948,-1.7357321741414613
CAGAGCCAGGTGATCG-1,-5.416849041681939,-3.3467239737992647
CAGAGCCAGTTAGAAC-1,-2.9445154784798415,0.7567866024817098
CAGAGCCCAACAGAGC-1,-2.2410476495961595,-6.05478021719492
CAGAGCCCAATTTCTC-1,-2.5494090112466363,-6.160298884166574
CAGAGCCCACAACATC-1,-3.890858297505964,-0.4002622969250312
CAGAGCCCACCCTAAA-1,-2.069288355483742,-3.0802589898877817
CAGAGCCGTACCCGAC-1,2.163216845215381,-2.9610167424629865
CAGAGCCGTGTCTAAC-1,1.6820105833479129,-1.8882453952991567
CAGAGCCTCTTTCGAT-1,-1.6638060291175965,-5.792178814417018
CAGATACAGCGGACAT-1,0.13035483645237705,-3.332902279086679
CAGATACCACGCGTGT-1,8.368223117939655,-1.665300964099636
CAGATACCATCAGCAT-1,2.2608606027521603,-7.586416995707875
CAGATACGTGTCATGT-1,1.5884091714546316,-5.716091524047264
CAGATCAAGATTTGCC-1,1.0764333250484979,-3.9123945835391836
CAGATCAAGGTGCAGT-1,3.860147197607594,-2.9423850478286235
CAGATCAGTACGTAGG-1,7.535785477873059,-5.656303671393681
CAGATCATCAAGTCTG-1,2.8276912769187272,-4.492419986898196
CAGATTGAGCCATTTG-1,-1.6777239314268146,-3.434465164568764
CAGATTGAGCTTCTAG-1,-1.0675124761185486,-1.9210386617812933
CAGATTGAGGATACCG-1,2.048810870559201,-3.3717509345166126
CAGATTGAGGCCTGCT-1,7.106052972253702,-0.8083111010227386
CAGATTGAGTCTAACC-1,8.658324669641278,-1.3193449313753522
CAGATTGCAAGCTACT-1,-1.8630616017792143,-1.4109268472409073
CAGATTGCACTGAATC-1,3.416751048830886,-5.194611393930506
CAGATTGTCACGGTCG-1,0.6974145717959583,-2.4189405955436576
CAGATTGTCCAGTACA-1,-5.484230118881607,-3.5480442047303775
CAGATTGTCGAAACAA-1,4.936984662116015,-3.68589270685501
CAGCAATGTACATTGC-1,-1.8480071563309632,-3.4926653511288013
CAGCAATGTCGGTACC-1,8.245451444410401,-5.486080266366855
CAGCAATTCGGATACT-1,7.191605018427084,-1.9398256366902298
CAGCACGAGAAGTCTA-1,4.258268504498636,-0.15185302710753198
CAGCACGAGCATTGTC-1,1.9610869553175652,-3.5427261850296485
CAGCACGAGGTTATAG-1,-0.6663207126815065,-7.261714003875951
CAGCACGGTACTCCCT-1,-2.985556150390838,-8.404337475455634
CAGCACGGTATGCGGA-1,6.717253824155988,-2.0552609036562095
CAGCACGGTTAGGCTT-1,6.454161268112173,-7.019206930021757
CAGCACGGTTTGGAAA-1,8.276858042835643,-4.388986866846303
CAGCAGCAGAGTCAGC-1,2.990906171872341,-1.7062315033360256
CAGCAGCAGCAGCCCT-1,-0.5994367711900429,-2.453392323551775
CAGCAGCAGGGCTAAC-1,-1.850020669051558,0.5754884489447315
CAGCAGCCACGCGCAT-1,6.320961332296611,-5.748000904753652
CAGCAGCGTTCCCAAA-1,2.553276353540765,-5.452046272594811
CAGCAGCTCTCTCGAC-1,1.500475262544708,-0.645901464370433
CAGCCAGAGGCATCGA-1,-0.653973375098534,-1.3873609088726164
CAGCCAGAGTCTGGAG-1,2.266373905996575,-2.7928265272172634
CAGCCAGCAGCTATTG-1,4.089716216678313,-6.12006298897621
CAGCCAGGTGCCAAGA-1,0.8258949980545414,-3.9353288366047847
CAGCCAGGTTCCTACC-1,2.2648086500066724,-2.374491781667615
CAGCCAGTCCGCTAGG-1,8.258733493601762,-4.413014793907821
CAGCGTGCAGGCTACC-1,3.5272674304390192,-1.2303663194297274
CAGCGTGCATGCAGCC-1,-2.9180937766969897,0.33721123113802776
CAGGCCAAGCTAAATG-1,1.9101272433037138,-5.410622971417661
CAGGCCAGTCCTGGTG-1,-2.3258407152419003,-0.5026896562164732
CAGGCCATCACATTGG-1,2.5555541081721826,-3.1799644519759958
CAGGCCATCAGCATTG-1,0.14655923128503012,-4.588556050643455
CAGGCCATCTACGGGC-1,4.215568505836914,-0.3584159966064507
CAGGGCTAGGTAAACT-1,0.5496426080243246,-4.389819875834102
CAGGGCTCAAAGGCAC-1,5.710196496429878,-0.09533908397464771
CAGGGCTCAACTGGTT-1,1.0759807514648576,0.5144492599179956
CAGGGCTCAGCGGTCT-1,4.442730287449773,-4.629607206974324
CAGGGCTCATTCACCC-1,2.2125994024386384,-8.00638394990786
CAGGGCTGTACCATAC-1,-2.7683875206083806,-8.194779488520425
CAGGGCTTCGCTACAA-1,0.2535933384267886,-5.559510822997031
CAGGGCTTCTGCCCTA-1,-0.4093323444322778,1.041750936567302
CAGGTATAGATTGGGC-1,5.915696733527709,-5.400092713655653
CAGGTATAGCAGATAT-1,-0.3256365303155287,-6.758572534445105
CAGGTATAGGGACCAT-1,0.30411285232866325,-1.159535263834447
CAGGTATCAGCTATAC-1,0.900569004834771,-1.225526425156782
CAGGTATGTAGGTAGC-1,2.1287513681584014,-8.123162643191177
CAGGTATGTCAACACT-1,-0.019048693652768636,-3.049992887256453
CAGGTATGTGGCGTAA-1,-1.3313414559988033,-1.7061036338490962
CAGTGCGCAAATTAGG-1,1.5945968159668817,-4.246720393666783
CAGTGCGGTTCAAAGA-1,0.7234846906068102,-0.3811359173725592
CAGTGCGGTTTGTTGG-1,-1.7272172992691375,2.507874680807319
CAGTGCGTCCATTGTT-1,8.17069933900465,-4.778683721772079
CAGTTAGAGGCACTAG-1,5.160615833743819,-3.9866109019031652
CAGTTAGAGGCTATCT-1,5.479946597974243,-5.25019201443353
CAGTTAGCAAGTCATC-1,2.725487935444401,-1.0164935028047912
CAGTTAGCACCTATCC-1,6.155891679993672,0.18287391032150857
CAGTTAGGTAGATTAG-1,-0.8678073118607201,0.604976833156905
CAGTTAGGTCGTGGTC-1,2.6063389174005165,-3.4677290238380953
CAGTTAGTCTCGACGG-1,-1.827460745460305,-5.045689926520577
CAGTTCCAGGGAGTTC-1,-3.264046351129169,-1.4910809224952408
CAGTTCCAGTTGCGCC-1,0.8421488698089846,-0.3264888255918424
CAGTTCCCAGTCGCTG-1,7.815398924729276,-3.5583975121868208
CAGTTCCTCAAGTCGT-1,5.6500144512115895,-5.259058423247807
CAGTTCCTCCATCGTC-1,5.473372173294266,-3.763122598775822
CAGTTCCTCTCAGGCG-1,-3.9944602298906893,-4.8935788904367845
CAGTTCCTCTTCTCAA-1,2.2289920585085072,-7.954661604846917
CATAAGCAGCTGCCTG-1,-0.4694203610683918,-1.5660732856519093
CATAAGCCACGTAGAG-1,3.5504216660108097,-2.1100623089404418
CATAAGCCATAATCCG-1,6.108257915765323,0.17581098899383343
CATAAGCGTACGACTT-1,-2.770929829930173,-2.7112753782437418
CATAAGCGTGTCTTGA-1,-0.5434073264823208,0.9052990713602016
CATAAGCTCGGCCTTT-1,-1.2975761802663306,-1.2184041154710916
CATAAGCTCTATCCAT-1,-2.3456840903795118,-4.168060293265943
CATAAGCTCTGGAAGG-1,0.5829057453023215,1.1881701552008048
CATACAGAGAGTTGCG-1,7.145121884865765,-0.7719480114213649
CATACAGAGATAGCTA-1,4.4236806244668365,-7.406867153811434
CATACAGAGGTGGTTG-1,-0.44386401926788016,0.9567692138241904
CATACAGAGTTCCATG-1,0.7724416360574338,-8.30749577112816
CATACAGCAAAGGATT-1,2.9190055345687957,-2.943659412830366
CATACCCGTTACCCAA-1,-5.4736999913562165,-3.409181787272854
CATACCCTCAATCTCT-1,3.2747779025643853,-0.8403152043032804
CATACCCTCGGTTGTA-1,0.4223110373351982,-1.3075749022703695
CATACTTCACCCTAAA-1,-0.295583597717929,0.6113739049992195
CATACTTCATCAGCTA-1,3.2244792747660447,-5.763062007109877
CATACTTGTTTGGGTT-1,0.6811386000504073,1.3000454821687648
CATACTTTCCGTATGA-1,-1.1609642539353622,-1.9068273253299592
CATACTTTCGACATCA-1,2.2480951240355447,-8.207210998193146
CATAGACGTCGGCACT-1,1.4653214523605709,-0.7239818426604713
CATAGACGTGCCGGTT-1,0.00037645063929033434,-3.8166176801619778
CATAGACTCATGCATG-1,4.786710460726238,-5.1600501183575345
CATAGACTCATTGCTT-1,5.414718410580589,-1.1169583096147602
CATAGACTCCTAGCTC-1,8.193982776371262,-4.154560632526952
CATCAAGAGGAAAGGT-1,-1.308220290085401,-5.825128005731783
CATCAAGCACAAATCC-1,5.648487324838755,0.5357412305239949
CATCAAGCATACAGCT-1,5.94462966970776,-6.665975033465192
CATCAAGGTTCACCGG-1,5.459049160792606,-9.339914450073351
CATCAAGTCCTTCACG-1,6.7912898289426975,-1.1825499581241765
CATCAAGTCTATACTC-1,5.444338501220173,-8.87424279548918
CATCCACAGGTTCCAT-1,-2.88100952005545,0.6847771258177714
CATCCACCACCGGCTA-1,1.1343629318042494,-4.239667716555337
CATCCACGTCAAATCC-1,1.6053473206112432,-3.0164370895028667
CATCCACGTCAGTCTA-1,-2.0944812170766736,-1.5807772513530483
CATCCACGTCCAGGTC-1,5.251536102671467,-1.621143241171626
CATCCACTCACCTACC-1,-0.6534977457183232,-1.4932222194657603
CATCCACTCGGCTGAC-1,5.244554142480467,-7.7446913071989485
CATCCACTCTTGCGCT-1,0.9708630494602627,-3.7869164068422583
CATCCCAAGCACCGTC-1,4.95375593090921,-6.5093600811667365
CATCCCAAGCATAGGC-1,6.403489740025228,-2.5939003900829145
CATCCCAGTCGAGTGA-1,8.194859477658738,-1.26094598379983
CATCCCAGTGTTCCTC-1,-1.3632694627168676,-2.2401552479536626
CATCCCATCCGCACTT-1,4.0264308076223845,-6.1853788103364575
CATCCCATCGAACTCA-1,3.8879928707354643,-2.9749865104999236
CATCCCATCGACTCCT-1,6.656917814200935,-4.038098875784354
CATCCCATCTACTTCA-1,2.309838778057089,-6.212672142554032
CATCCCATCTCTTCAA-1,3.0055210192934596,-0.3982140292396765
CATCCGTAGCCTGCCA-1,0.6876587558768229,-4.233374955688086
CATCCGTAGGACTGGT-1,0.6899929473843777,-8.03123516688816
CATCCGTAGGTAATCA-1,1.327830585313341,-6.126103936795898
CATCCGTCATATAGCC-1,1.1364528655062063,-7.571403454043506
CATCCGTGTCAACATC-1,5.963294496532074,-1.960728980068396
CATCCGTGTGTGATGG-1,5.170494927519613,-1.3567732763756948
CATCGCTAGTCTTCCC-1,-1.0908139966491934,-0.7382669535892854
CATCGCTTCTTCGCTG-1,4.061909974043873,-6.295763523939936
CATCGGGCAGATACTC-1,3.0092172058947173,-4.326306743821747
CATCGGGGTCAGATTC-1,3.2545549271813803,-2.6518331071122683
CATCGGGTCTTAGCCC-1,-0.1470052859104486,-6.049217491426609
CATCGTCAGGGAACAA-1,2.0710915821606064,-7.958053308747361
CATCGTCGTTAACAGA-1,2.191552160663598,-3.6441094764750996
CATCGTCGTTGGTAGG-1,-1.2532710971924004,-4.243628078224749
CATCGTCTCCGAACGC-1,3.1162218907166106,-0.7532656162199545
CATGAGTAGACTTAAG-1,2.630886493655521,-3.491746888575892
CATGAGTAGCGAAACC-1,2.3231653780198163,-6.417547950743039
CATGAGTCAACTACGT-1,5.371570800789908,-7.990723887314078
CATGAGTCAGCTGTAT-1,2.08357290786686,-8.045921933691538
CATGAGTGTACCTATG-1,-1.9006965412889913,-5.675457587990743
CATGAGTTCCCGAGAC-1,-0.7909349368937008,-4.1111398302032445
CATGAGTTCGCTAATG-1,4.382469249472317,-7.593743527587975
CATGCAACAGGAACCA-1,5.810363652405852,-1.9531266290320413
CATGCAAGTGCCTTCT-1,-2.057022353383243,-1.5667016672524665
CATGCAAGTGTGAGCA-1,1.572847095768667,-4.235496470313014
CATGCAATCAGCCTCT-1,1.2987203716137183,-2.8739088117557525
CATGCAATCCAAAGGG-1,-0.20136069897549844,-0.037278234399913214
CATGCAATCGATTGAC-1,2.799403980684836,-0.5855227893506564
CATGCAATCTCGCCTA-1,-0.7110640102252128,-0.44908769498920353
CATGCCTAGAATCCCT-1,0.19776062861535815,-3.1278015004869535
CATGCCTAGACATAAC-1,7.539956652224126,-1.8913172027345853
CATGCCTCAAACGTGG-1,0.2144456811040705,0.06957582352261363
CATGCCTCACAACATC-1,-2.304056411930569,-4.1511899583853795
CATGCCTCAGCGATTT-1,5.658779006495633,-3.897475858233502
CATGCCTTCCGACGGT-1,4.767388037659554,-5.6957884127780725
CATGCCTTCGTCGATA-1,0.05969977599564947,-4.640801526866775
CATGCCTTCTTAGCAG-1,3.974159674206134,-2.9862046298794
CATGCGGAGACCTGGA-1,2.2200783039956917,-8.453864856087593
CATGCGGAGCTGACCC-1,2.6313116465946864,-1.8946997815519433
CATGCGGAGTAGGGTC-1,0.9372267154009197,-7.305052082416016
CATGCGGCACTACTTT-1,5.3526289528215605,-5.0236027831472585
CATGCGGCAGACCAAG-1,-0.6500746853658486,-7.160234623167073
CATGCGGCAGCTCCTT-1,4.437636453448677,-4.615251185361309
CATGCGGCAGCTGGTC-1,2.241035335107294,-7.903446015401952
CATGCGGCATTGTGCA-1,3.9667042341345433,-2.223068542907353
CATGCGGGTAGAATGT-1,3.2037977977446035,-1.737699645631575
CATGCGGGTCACTCGG-1,-1.8949420824098875,-1.1721087839033761
CATGCGGGTCGAACAG-1,6.234466482954691,-5.543805412804769
CATGCGGGTCTCTCAC-1,-0.5724413329957714,-0.5590876313642196
CATGCGGGTGCGGCTT-1,-0.834313981753011,-3.2173464778261027
CATGCTCAGACGTCGA-1,2.193651486771221,-0.8353219216673831
CATGCTCAGAGGGTAA-1,-1.773629397053604,-1.1718530998826622
CATGCTCAGATGTTGA-1,1.1011322451772987,-6.332945948928051
CATGCTCAGCAAGTGC-1,4.992031138041457,-2.7279654239595854
CATGCTCAGGACATCG-1,6.476836729810789,-6.922247310779253
CATGCTCCAGAGGTTG-1,-0.13384500041847203,0.30174896629934134
CATGCTCGTGGTCAAG-1,5.991716175415048,-1.9419289255056804
CATGCTCGTTCGGGTC-1,5.945577320042141,-1.914134148941361
CATGCTCTCATTTCGT-1,6.627930904386002,-4.076639491396023
CATGCTCTCCCGTGTT-1,6.1863038969484005,-2.326675394998051
CATGCTCTCGGCTGGT-1,8.30416743307639,-1.352893063310536
CATGGATAGATGCTAA-1,-0.8122574956334727,-1.5992881087289166
CATGGATAGCTAGATA-1,1.848221058384181,-3.2192600278201677
CATGGATCAACTCGTA-1,3.511436310022721,1.4845332778036784
CATGGATCAATGAAAC-1,-1.1157069256031924,-4.357298741793254
CATGGATCAATTTCTC-1,2.5784978879300655,-2.0331799316720263
CATGGATCACATATCG-1,6.559700432297242,-6.841965363587792
CATGGATGTGTTAAAG-1,-0.6012170170578162,-7.127438618297969
CATGGTAAGAGCTGAC-1,-0.6747339574213991,-7.257429875788637
CATGGTAAGTCCGCGT-1,6.818607721257151,-4.088103161200542
CATGGTAGTTGGAGGT-1,4.132098115417734,-6.266277890759807
CATTCATAGATGTTAG-1,0.3217827063431144,0.23203089685930575
CATTCATAGGTAGTAT-1,-0.7890209519505332,-7.196427367681955
CATTCATTCAGAGCGA-1,-1.9992625868835467,-5.774350089888882
CATTCATTCGACTCCT-1,2.7187525869655005,-3.853645313684918
CATTCATTCTTTGCGC-1,1.0931458232702413,-5.532920185828327
CATTCCGAGGTCATCT-1,5.366827145610033,-7.958440905424144
CATTCCGCAAGTCGTT-1,1.9257429174602134,-4.037058926158616
CATTCCGCACTAGAGG-1,-0.4676651498150109,1.004132442764392
CATTCCGCATAAGCGG-1,-1.5382918912054284,-5.434127846286868
CATTCCGGTCAGTTTG-1,0.45138231158209613,0.2518170145542155
CATTCCGTCATTACGG-1,-2.0506863087107186,-5.50288657272506
CATTCCGTCGAGTGGA-1,-1.3656702909306493,-0.2280673135921041
CATTCTACACCAATTG-1,5.630877421881451,-3.761755869777346
CATTCTACAGCGAGTA-1,-1.0954174326427444,-1.3756408902016808
CATTCTACAGTCACGC-1,2.246329897054929,-0.152758893889318
CATTCTAGTAGTGTGG-1,3.992427877749938,-2.1764033709214554
CATTCTAGTCGTGCCA-1,-0.636619457908212,-3.4043535629222945
CATTCTATCTTCACGC-1,4.317095246062616,-7.019451928576479
CATTGAGAGATGCAGC-1,4.4811578971416575,-0.28470693905654104
CATTGAGAGCACGTCC-1,2.2689901761780322,-3.175316505402277
CATTGAGAGTAGCAAT-1,1.403602177882782,-3.879671563620747
CATTGAGGTATGGAAT-1,-1.3665141792033797,-2.97246242532155
CATTGAGGTCCAGGTC-1,0.703253650369113,-2.096428761699973
CATTGAGGTGACAGGT-1,3.1481496175572605,-6.9881073094454615
CATTGAGTCGCAATTG-1,-2.791486724427345,-8.228098721954748
CATTGCCAGAGGCCAT-1,6.591351533059468,-6.997111934362704
CATTGCCCAAGACGGT-1,7.101559110533546,-0.8034717305534426
CATTGCCCAGAGATTA-1,1.4257507328939896,-0.6128211539265686
CATTGCCCAGCAGTGA-1,8.625286743245463,-1.4124740595035647
CATTGCCGTATCACCA-1,5.095262399849361,-4.386534042828889
CATTGCCGTTCAGGTT-1,-1.4235490798332386,-5.127807850335174
CATTGCCGTTCCGTTC-1,0.7510956383506283,0.35223420843415804
CATTGCCTCAGAGTTC-1,-2.903535474806981,-8.44517169325977
CATTGCCTCTTGGCTC-1,1.772454944699055,-5.566189349276809
CATTGTTCAAGTGCTT-1,1.9857197797957236,-3.2665260993948895
CATTGTTCAGAGTCAG-1,2.232709955833652,-4.817218032582023
CATTGTTCAGTATTCG-1,0.4617723808323289,-3.9420796260275477
CATTGTTGTGACTGTT-1,3.0308767619806614,-0.41255573152617253
CATTGTTGTGTCTTCC-1,1.844127201158545,1.576502259883679
CATTGTTTCCCTTGTG-1,-1.9145579341677441,0.40838599911131174
CATTTCAAGAGAGTGA-1,8.08190217566275,-5.744928528534678
CATTTCAGTATCGCTA-1,5.506686020845013,-7.574877742444551
CATTTCAGTATTGGCT-1,-1.1124637968208657,-0.13075874014789451
CATTTCAGTTGCTTGA-1,-1.801576750903404,2.527050661659998
CATTTCATCCGATGCG-1,1.8183526635477376,1.6039983141701974
CATTTCATCTCTAGGA-1,2.4752142322335375,-0.07846920227297309
CCAAGCGCAAACCGGA-1,-0.5559029169234266,0.9587151305985111
CCAAGCGCAATGAACA-1,7.265519008889179,-2.4056445452468327
CCAAGCGCAGAGTTCT-1,1.2183967246594647,-6.311484546039796
CCAAGCGGTTGCAAGG-1,-0.6351662201562415,-0.35846092635736365
CCAAGCGGTTGTGTTG-1,-1.649771381256894,-2.295253679568618
CCAATGAAGGCAGGGA-1,2.81689750136578,-3.332462787012081
CCAATGACAATGAGCG-1,0.15678512896629976,-4.53037045352804
CCAATGACAGAACTCT-1,8.599730627396296,-1.3442707008425117
CCAATGAGTATGTCTG-1,1.7415651761118083,-3.2510307238657052
CCAATGAGTCTCACGG-1,5.568161694049439,-3.6785786817059267
CCAATTTCATAATGCC-1,-4.99621862454012,-3.095202041886074
CCAATTTGTCGTTTCC-1,-0.5938012077544111,-1.2011234309388066
CCAATTTGTTCGTAAC-1,0.9486411780611863,-3.112573197511386
CCACAAAAGTATAACG-1,1.820524255520238,0.6231427446688481
CCACAAACAATTTCTC-1,1.744528844323469,-7.452451870502223
CCACAAACAGGCCCTA-1,-5.548773073141004,-3.237190233127318
CCACAAACAGGCCTGT-1,1.980362065420585,-3.713391136262601
CCACAAACAGGGAATC-1,6.4743893679985955,-3.9420079299581623
CCACAAAGTAACAGGC-1,5.530522209284055,-7.835118238787405
CCACAAAGTATAGGAT-1,-1.4908593885951393,-4.974583540867011
CCACAAAGTGTTGCCG-1,-3.2048373341903815,0.4498781294155155
CCACACTAGAGGTTAT-1,-4.02782351561978,-2.3992199712003575
CCACACTAGATCCCGC-1,-2.5102585543355396,-6.22391305623892
CCACACTAGGAGTCTG-1,7.238213370893268,-2.325906118541974
CCACACTCAAGCCCAC-1,-1.8163604082931615,2.5338639924970603
CCACACTGTGCGGATA-1,5.494014695430926,-1.3307885165413516
CCACACTTCGTCTCAC-1,6.000187171279467,0.12422829787873786
CCACACTTCTGCACCT-1,-0.46055960502440757,-2.300269833960366
CCACCATCACCTCTAC-1,8.323970266303357,-4.358292049854318
CCACCATGTCAAGCGA-1,2.9554153274059853,-4.329947200710418
CCACCATGTCAGATTC-1,0.2702541071052613,-3.732972779783788
CCACCATGTCCTGGGT-1,1.3146673679712306,-4.775327185151158
CCACCATTCACTTGTT-1,-0.7910831127792293,-1.5209227867758337
CCACCATTCTTGATTC-1,2.2318220250597838,-8.320387935608888
CCACGAGAGACCTTTG-1,2.458336967929189,0.5128944804717606
CCACGAGAGTCCTGCG-1,0.41144045148040975,-0.24288148451409766
CCACGAGAGTGTTCAC-1,0.2765087935473223,-0.47858297258341426
CCACGAGCATGGCCCA-1,4.393875680407338,-5.361523882833995
CCACGAGGTATCAGGG-1,5.524168684798021,-2.703506876339551
CCACGAGGTGTCCAAT-1,2.0743666968727514,-3.4911687365683695
CCACGAGGTGTTAGCT-1,-0.5650323289729768,-4.542105970866842
CCACGAGTCCCGTGAG-1,1.4296763106008792,-1.1996688698844657
CCACGTTAGGCTGTAG-1,1.6704115730532343,-1.8709725358231244
CCACGTTAGGTCACCC-1,2.2187071850801163,-6.267610349773923
CCACGTTCACATGGTT-1,2.39862046697974,0.04399724425930465
CCACGTTCAGAACTCT-1,-0.2917955343359645,0.1866463203691197
CCACGTTGTCTTGCTC-1,1.5631138840505499,-0.569996370791674
CCACGTTGTTCCTACC-1,-1.3743297262962049,0.12232588829583435
CCACGTTGTTGTGTTG-1,2.6538319803528863,-0.8284512999572264
CCACGTTTCAAACGTC-1,8.502047568230974,-1.4788281492784752
CCACTTGCATACATCG-1,4.248264394470628,-6.011413635751421
CCACTTGCATAGACTC-1,0.44858919354328264,-4.1515271992453515
CCACTTGGTACGGTTT-1,-3.985475440633799,-3.5098597052326284
CCACTTGGTATCCTTT-1,-5.572948216812959,-3.4353787642711917
CCACTTGGTGTGTGTT-1,2.477902111245579,0.2979112297183592
CCACTTGTCAGCCTCT-1,6.75390730708489,-7.244036774802036
CCACTTGTCATTATCC-1,-0.8945190293044392,-1.4218275954974056
CCACTTGTCCTAAACG-1,0.8736547219332642,-3.584957690620156
CCATAAGAGACAACAT-1,-2.1292048366030585,-1.5300443158592885
CCATAAGGTCTGTGGC-1,2.2644634653742965,-8.146914475845485
CCATAAGGTGAGATAT-1,1.3095412345330322,-2.935317708653519
CCATAAGTCGAAGCAG-1,1.4037323890120996,-3.809429191215026
CCATAAGTCTCTTCAA-1,6.032916458641521,0.2501328925869846
CCATAAGTCTTAGCCC-1,1.3756691565398187,-1.6515676949460691
CCATCACAGATGGTAT-1,-2.3092443393559647,-5.596268732948537
CCATCACAGCCGTCGT-1,4.314257000424532,-0.08690627934687908
CCATCACAGCGTGAAC-1,-0.4977106395522126,1.1195447673060812
CCATCACAGTAACGTA-1,3.0898179644260377,-0.9762019094159285
CCATCACAGTCCCGAC-1,2.461924185940195,0.23079917378101722
CCATCACCAGAACTAA-1,-3.027473421875699,0.5760504204252154
CCATCACCAGTTAGAA-1,-0.2718831570598079,-0.07500089216153806
CCATCACCATCGTGGC-1,0.1981965354666041,-4.590392629443048
CCATCACCATTACTCT-1,-1.2451988721286913,0.03852690495400421
CCATCACCATTGCCTC-1,-0.7937478435025015,-3.1960875588420734
CCATCACGTGGTCAAG-1,4.302418246597589,-4.992023061661281
CCCAACTAGGCCTAGA-1,-2.1062724490485496,-5.238788549223678
CCCAACTTCAGTCATG-1,8.009092853629916,-5.706811292993955
CCCAACTTCCATCTAT-1,-1.3545889743557105,-1.2372818056548345
CCCAACTTCCCTGTTG-1,1.1913991229049,-3.625956792552072
CCCAACTTCGACGCTG-1,6.7922323895303665,-7.167818156455675
CCCATTGAGAAACCCG-1,-0.45397712233888987,1.1224107100435299
CCCATTGAGCTGGTGA-1,0.874433634570075,-8.104372293735969
CCCATTGCAAGACTGG-1,0.7330140955392367,-0.2811083184474331
CCCATTGCAGTCTTCC-1,-4.040775720133503,-4.443796380819684
CCCATTGTCAGTCAGT-1,2.786175055462652,-5.4501335261984085
CCCGAAGAGAGTTGCG-1,1.495944260215966,-4.041519096444692
CCCGAAGCAAGAGTAT-1,2.028274016529641,-8.153826712917857
CCCGAAGCATTCATCT-1,-4.114382846851575,-0.16108765292254815
CCCGAAGGTTAAGAAC-1,8.439606805008442,-1.5646678689620765
CCCGAAGGTTGGGTAG-1,2.2576895894435496,-2.5252462516742327
CCCGAAGTCGACGCTG-1,1.1322806573629984,-4.370011017412098
CCCGAAGTCGACTCCT-1,2.35583353453653,-4.699510315566662
CCCGGAAAGAATCGAT-1,6.787987531599028,-4.061674771378865
CCCGGAAAGTAAATGC-1,0.8741813729971529,0.5607680422980892
CCCGGAAAGTCTAACC-1,6.884219699487671,-7.012576823031708
CCCGGAACAGCGAGTA-1,6.150052681925059,-0.23823123367432184
CCCTAACAGCGGTAGT-1,3.945995532844627,-6.0135776333587385
CCCTAACCAGTCTACA-1,-0.7827702929996161,-2.163529532774287
CCCTAACGTGTCACAT-1,1.7265042938894528,-4.021614484672168
CCCTAACTCACATTGG-1,-0.0032597220276222166,-3.234482117531262
CCCTAACTCGACCACG-1,5.105457622182236,-1.3476652388108508
CCCTAACTCGTACCTC-1,4.442864844656737,-5.3948200034274425
CCCTCAACATGACTCA-1,2.3291773507849114,-4.657065735851435
CCCTCAATCCTGGGAC-1,-5.692515198236641,-3.4541207150550917
CCCTCTCAGCACCCAC-1,3.1106584234600665,0.9610560696817253
CCCTCTCGTAGCGTAG-1,1.8149443648755677,-3.815464649234751
CCCTCTCGTTAAGGAT-1,2.9109892276093845,-0.5784571013665248
CCCTCTCGTTTGATCG-1,-0.4223773952950227,-1.6663649258398416
CCCTCTCTCCTCGCAT-1,-1.1889554684278356,-4.277081798635132
CCCTCTCTCGTGGCGT-1,-0.5105229194923663,-0.4991642254730121
CCCTGATAGACCTTTG-1,-1.1098996618675092,0.21620995256855552
CCCTGATAGATCCAAA-1,2.7065764964949786,-2.7765985345065953
CCCTGATAGCAGTCTT-1,3.895384209855869,-4.994055438312243
CCCTGATAGTTGTCAC-1,5.365035623072396,-5.090211806018994
CCCTGATCAAACCATC-1,-0.592994493120614,-7.192961821185425
CCCTGATCAGTGTGGA-1,3.509699313250738,-2.521428145697779
CCCTGATGTGTTTACG-1,2.4795032309402782,-3.6457722160636514
CCCTGATGTTTGACAC-1,-5.495212770646143,-3.2265540683727303
CCCTGATTCACTCTTA-1,-1.777103413020249,0.5722421282501479
CCCTGATTCGCATAGT-1,-0.02846057962196243,-1.7037153857789649
CCCTGATTCGCTACAA-1,2.0171637108117677,-7.757883059443237
CCCTTAGAGCATGCAG-1,2.515229909999929,-2.280153351880631
CCCTTAGAGGAGTCTG-1,4.324579877651625,-7.3117742413872655
CCCTTAGAGGTTTACC-1,5.548236543929174,-3.9104636999058573
CCCTTAGAGTGAATAC-1,0.13200152299987603,-2.6893173009069655
CCCTTAGCATTCAGCA-1,1.0798010041367516,-3.7973192033862664
CCCTTAGTCATCACAG-1,8.335955818312753,-4.383156192941866
CCCTTAGTCGATACGT-1,2.637851717741604,0.5434973029254656
CCGAACGAGCTGGCCT-1,6.638840592968104,-4.004651989248398
CCGAACGAGTCACAGG-1,-0.11866154968949807,-5.828026618740951
CCGAACGCAGTTCTAG-1,0.8428270900978804,-2.2764311117959934
CCGAACGGTATCTTCT-1,-2.444757397765274,-6.059546377273853
CCGAACGGTCAGTCTA-1,-2.4195877583417795,-2.5456821239644256
CCGAACGGTCATGCAT-1,0.38694910047281644,-1.0750120229406703
CCGAACGGTCTCTCAC-1,8.31462584923238,-4.327489847460217
CCGAACGTCATGAGAA-1,-1.6604375810324556,2.5822424898507563
CCGATCTAGACATAGT-1,8.414389267240276,-1.6783068714425413
CCGATCTAGATTAGCA-1,6.747041315919831,-7.215450906474285
CCGATCTAGCGATGAC-1,2.337291001868148,-2.5433717577124515
CCGATCTAGGCAGCTA-1,-2.6748602761346745,-2.7154045919799685
CCGATCTCATCGATGT-1,0.6216554282846034,-3.3335765657327157
CCGATCTGTCTAGGCC-1,0.6112331487722981,1.0732562434275374
CCGATCTGTTTCGTGA-1,-0.7173550966879617,-3.2528724543076315
CCGATCTTCCGCAACG-1,-1.981773110555669,-2.4442200001310623
CCGATCTTCTCCGATC-1,-3.1617524499072145,0.6935572376396303
CCGATGGTCCCTATTA-1,5.275429883686457,0.7952319777655361
CCGCAAGAGGATTTAG-1,4.288720822835352,-4.787243024980553
CCGCAAGGTCATTGCA-1,5.982907006639149,0.027104889911074258
CCGCAAGGTCTTCCGT-1,0.9611121341816538,0.5767019343745303
CCGGACAAGCTAAATG-1,2.064917110121356,-3.5488862656304363
CCGGACAAGGAACGTC-1,-0.527810684812252,-0.3699978661138926
CCGGACAAGGCATCGA-1,2.9527903464781287,-5.461228839357085
CCGGACACAATAGGGC-1,-2.7980112110839386,-2.7215943221378596
CCGGACACAGGAAGTC-1,3.6429411340140705,-1.1038079276724457
CCGGACATCTCTCAAT-1,2.8347654178602695,-5.440536206925977
CCGGACATCTGGACTA-1,0.02174759268877702,-4.576308390419506
CCGGGTAAGCGTCGAA-1,-1.090300286883855,-4.320332946587949
CCGGGTAGTCAGCGTC-1,-3.3151687501975116,-1.500819626037074
CCGGGTATCGGAATGG-1,0.737761551108704,-8.40791389552172
CCGGGTATCGTGGTAT-1,3.1604901690761893,0.6578262832570855
CCGGTAGCAAAGGCTG-1,2.4431651137379706,-2.8298580038403203
CCGGTAGCAGCGCGTT-1,-0.8029805516981573,-1.9385462990719629
CCGGTAGGTGCCCAGT-1,3.274901460389538,-5.655250981140471
CCGGTGAAGCTGCCAC-1,4.384228182497674,-7.579792493615222
CCGGTGAAGGTGCAGT-1,-3.2981743331351008,-1.509074012872237
CCGGTGACAACGTAAA-1,3.244695151243577,-5.761293541290483
CCGGTGAGTCAACACT-1,2.830760330487034,-0.5421926667346953
CCGGTGAGTCACCGCA-1,1.9452047229234697,-3.661019246365951
CCGGTGATCTGGTTGA-1,3.901287074643628,-2.9752373286607683
CCGTAGGAGCTGTTAC-1,0.7533143391382057,-1.715826709779179
CCGTAGGCATACCAGT-1,1.2973346740855451,-2.4852045585586775
CCGTAGGCATCGTGGC-1,8.310629732278064,-4.343265157410154
CCGTAGGGTCCTGTTC-1,1.1910299725410622,-2.4916216536227433
CCGTAGGGTCTTTCTA-1,4.311561531762557,-1.8322054225440907
CCGTAGGGTTATGGTC-1,-2.744595586193065,0.3424435850959156
CCGTAGGTCTAGTTCT-1,-3.8024840098996746,-4.928024195936861
CCGTGAGAGACCATGG-1,1.0284521438187555,-5.584024910414732
CCGTGAGTCTTGGATG-1,4.5022546536652825,-5.395283481560271
CCGTTCAAGACTACGG-1,1.924803346602073,-1.1683514075919836
CCGTTCACACTGGACC-1,-2.722487837298369,-2.647040828909332
CCGTTCAGTATACCCA-1,5.230048467828596,-7.47628442950913
CCGTTCAGTGCAGATG-1,1.8872343145193213,-1.8499960531683073
CCGTTCATCCTCTAAT-1,3.873010393024865,-2.9894846182234467
CCGTTCATCGACACTA-1,0.39557147526647174,-4.658720331026529
CCTAACCAGCGACTGA-1,7.359163019655806,-2.4130073142914585
CCTAACCGTGGTCCGT-1,0.8307065209854438,-2.80498028128495
CCTAACCTCCGTTTCG-1,1.4533000843279498,-0.8830887010758477
CCTAAGAAGCGCCCAT-1,4.645160856814731,-3.1875781965743735
CCTAAGAGTATAATGG-1,6.012789564467086,-1.9888384586689913
CCTAAGAGTGGATCAG-1,2.031740785920005,-8.060805765287059
CCTAAGATCGAATGCT-1,8.065641047860876,-5.695003460938784
CCTAAGATCTAATTCC-1,8.164182461552029,-5.724049040792892
CCTACGTAGATCACTC-1,3.4287193423162754,-4.303216980668302
CCTACGTGTCCTGGTG-1,0.6768316755495903,-7.770982522333455
CCTACGTGTCTACACA-1,4.964440374719966,-7.572654303099094
CCTACGTGTGGACAGT-1,1.3793651212320581,-3.9874501537515457
CCTACGTGTTAGAAGT-1,2.7820652754414126,-2.2235177700696753
CCTACGTGTTGGACTT-1,0.4715419018799011,-4.665120225990937
CCTACGTTCTGACGCG-1,7.330484300617418,-2.9209147683306966
CCTATCGAGCCTCATA-1,3.938722553741541,-2.174402746484787
CCTATCGAGTCACTCA-1,6.932939952020732,-6.904437472051824
CCTATCGCAGGACAGT-1,0.9659992663610935,-1.8424910617987151
CCTATCGGTACGAGTG-1,2.7299544531356577,-3.9317092903368103
CCTCAACAGAGTCACG-1,7.089122340840113,-0.8051078725350416
CCTCAACAGGCACCAA-1,6.157742879880048,0.26577822558266173
CCTCAACCAGAGTAAT-1,-3.277819049362862,-1.453961975267112
CCTCAACCATCGGTTA-1,2.541061261773594,0.553291369447742
CCTCAACCATGACCCG-1,0.15100247487179042,-4.33862159350735
CCTCAACGTACCTAAC-1,2.4166855628693606,-2.2272748828618782
CCTCAACGTGACTGTT-1,5.305179797589979,-6.608697373166146
CCTCAACTCACATCAG-1,2.5068444330349724,-3.9492490522638413
CCTCAACTCTATCCAT-1,3.168636771901396,-0.8328803804504432
CCTCACAAGAAACTGT-1,-2.9896793622152766,-8.420485991894546
CCTCACAAGATGCTAA-1,3.3970051635050535,-6.8855371914764385
CCTCACAGTCTTGAGT-1,-1.294931252358026,-1.889191105788514
CCTCACATCTATTCGT-1,1.9750138322273227,-2.797467398936219
CCTCAGTAGTTCTCTT-1,-1.5939441206531297,-5.330821904886693
CCTCAGTGTGCTGTCG-1,-0.7283515348661941,-2.7738784661375493
CCTCAGTGTTAAGAAC-1,1.347367505919739,-2.8264512125085175
CCTCAGTTCGCGATCG-1,7.291883567478481,-2.356929879452737
CCTCATGAGCCGAATG-1,1.3655616432278832,-1.334435041832563
CCTCATGAGTTACGAA-1,7.2184388563029245,-0.703240361675835
CCTCATGGTCACGACC-1,4.650779699670842,-5.638087450130001
CCTCATGTCAAGTTGC-1,-2.5162680165901885,-6.145016982905055
CCTCATGTCCACATAG-1,2.246253657855869,-3.121783365337329
CCTCATGTCGATTCCC-1,8.163421311604242,-4.333415979139692
CCTCATGTCTTCGGTC-1,-0.8656208798597939,-3.2082559932984824
CCTCCAAAGATTAGCA-1,3.6132527221237734,-5.728496071482888
CCTCCAAAGGAAGAAC-1,-2.25178937252092,-0.3211555685758401
CCTCCAACATGCCGAC-1,0.7798401935468514,-8.14539531231685
CCTCCAAGTGTTTACG-1,-2.099626604293845,-6.011815658027294
CCTCCAATCAGCTGAT-1,2.102918796064853,-3.8730080374976295
CCTCCTCAGGTTTGAA-1,1.5201433006493217,-3.7864477644784524
CCTCCTCAGTCATACC-1,3.634831758931001,1.5246569183555498
CCTCCTCTCCTTTGAT-1,4.7983294819753075,-5.139043726505521
CCTCTAGCAGAACTAA-1,-2.2744611699684993,-2.7886306574882336
CCTCTCCAGTAAATGC-1,2.8963801963031726,-1.3711217249682026
CCTCTCCAGTGTAGTA-1,-1.7136640594840649,2.529670338554433
CCTCTCCCACATACGT-1,-0.5580302919887085,-0.4956868398987681
CCTCTCCGTCGGCCTA-1,1.422123005980231,-3.843921868908177
CCTCTCCTCAACCCGG-1,0.347468758677064,-4.47566447135375
CCTCTCCTCGCGTGCA-1,1.160099934851108,-5.609967577181297
CCTGCATAGAGTGTTA-1,1.7296748349516902,1.4541744037237379
CCTGCATAGCAGCACA-1,2.763382311553595,-3.471367324639175
CCTGCATCAAACGAGC-1,8.252025958315738,-1.7012389448252065
CCTGCATTCCATTTCA-1,-2.5862142423688645,-1.5505334681113958
CCTGCATTCGGCCCAA-1,-2.033867836671447,-2.9395454491608985
CCTGCATTCTAGATCG-1,3.0248498934989847,-5.469029393591233
CCTGTTGAGTAAACTG-1,6.326914214156068,-7.187545898607
CCTGTTGAGTAGACAT-1,6.401935479271388,-5.678181471431633
CCTGTTGAGTGGTTGG-1,6.753730132643656,-4.089534634458137
CCTGTTGCAGAGATGC-1,5.292956637783385,0.7322303158476676
CCTGTTGGTGCGACAA-1,-0.6467069173680972,0.8410467571503545
CCTGTTGGTTATCCAG-1,-2.718046850874131,-2.754563147987506
CCTGTTGTCAGCTAGT-1,5.435221765709406,0.5073799740588162
CCTGTTGTCCCTCTCC-1,4.460281684418389,-7.511347705107037
CCTTCAGGTTATGTGC-1,5.029940538852653,-3.749329259061367
CCTTCAGTCATCAGTG-1,-1.72440520954107,2.5666332918699726
CCTTCAGTCGATGCAT-1,6.924346997932323,-6.480764500906552
CCTTCAGTCTTCTCAA-1,3.7859448018577537,-2.1340616972323527
CCTTGTGAGAAGTCTA-1,-1.6420585472744877,-4.710940748668667
CCTTGTGAGGAAACGA-1,2.634186850149414,-2.435802961480424
CCTTGTGAGGCTCAAG-1,-2.501468575324467,0.34817700183214817
CCTTGTGAGTGATTCC-1,-2.0307043300658356,-3.330629736954615
CCTTGTGCAGACGATG-1,2.220336109506619,-7.931580455099288
CCTTGTGCAGTCGCAC-1,-1.0847942874956507,0.9098383069050677
CCTTGTGCATAATCGC-1,6.664413579271587,-6.87100194838417
CCTTGTGGTTTGTTCT-1,2.1996589609165547,-4.772437375474223
CCTTGTGTCAAGTGTC-1,-1.1032171077885111,-1.969208135044024
CCTTGTGTCTCCTGCA-1,2.2256435164135913,-8.253175550597197
CCTTTGGGTATGGAAT-1,-0.2356987480400066,-2.518023538621396
CCTTTGGGTGACTCTA-1,2.734505249996714,0.7011468901631044
CCTTTGGGTGCTGATT-1,-2.316423138867426,-5.677777467938339
CCTTTGGTCAAGTGGG-1,-1.8844156817433793,0.5948574989217678
CGAAGGAAGGTGATCG-1,1.1741319846022895,-3.1589058895639157
CGAAGGACAAGGACAC-1,3.3286901180138915,-0.47215806687837525
CGAAGGACATTCTCTA-1,8.329053937199458,-4.3911735575656285
CGAAGGAGTCTCACAA-1,4.2699102785670515,-0.03997421298883049
CGAAGGATCATTGCTT-1,3.5222785292639553,1.3322303095357682
CGAAGGATCCATAGAC-1,-1.8257336935613593,0.4108651336840478
CGAAGGATCTACGCGG-1,1.1349941063452924,-6.3757779900083635
CGAAGTTAGGATGGCT-1,3.0908817617826982,-3.425191702585613
CGAAGTTTCTCTCAAT-1,5.669318725667301,-5.18402589569351
CGAAGTTTCTGACGCG-1,-1.7497076605877366,2.541275995114537
CGAATTGAGACTTCGT-1,1.0023562396344123,-2.101453746992064
CGAATTGCAATCACGT-1,-1.2092643046613076,-3.15784485444998
CGAATTGGTCTAATCG-1,0.7032306888256419,-8.468980186416793
CGAATTGTCTTAGCAG-1,-2.523893692919397,-6.067040044261246
CGACAGCAGATCACCT-1,-1.76234450705824,-0.9436760720673338
CGACAGCAGGCATCTT-1,1.7442520369200165,-1.2248343888622661
CGACAGCAGGGATGTC-1,4.459997923451338,-7.6349202185359175
CGACAGCAGGTGATCG-1,6.145906251131885,-1.7959146369912888
CGACAGCAGTTACGTC-1,1.8168415290936384,-5.6820755479583385
CGACAGCCACAGTCCG-1,-1.6869314321401225,2.420091555775947
CGACAGCCACCCTAAA-1,8.092939491048755,-1.6131009169665314
CGACAGCCACTCAAGT-1,2.8351036064667707,-6.787953371254503
CGACAGCCAGCAGTCC-1,0.4901235665956972,0.9161048976501205
CGACAGCCATAATGAG-1,5.64672449406505,-3.879006242773665
CGACAGCGTGCCCACA-1,0.36798777902318586,-0.8017862346698164
CGACAGCTCTTGCAGA-1,-2.37978350016871,-6.115883271929369
CGAGAAGAGACCAAAT-1,5.35085412014649,0.7099138184847986
CGAGAAGAGCATCAGG-1,1.1986446677923108,-4.9082174800863765
CGAGAAGAGTCGCCAC-1,5.523564006382987,-5.528598684963567
CGAGAAGCAATACCCA-1,5.375134815229107,-1.0804462539820854
CGAGAAGCAATTGCAC-1,3.9410906354767627,-0.0007349705443671018
CGAGAAGCACAGAGAC-1,-3.251336300610296,-1.4298240232992478
CGAGAAGCAGCGTTTA-1,2.5372404541900413,0.4859322507497198
CGAGAAGGTGACATCT-1,-1.4495360845099339,-2.2601152849962856
CGAGAAGTCCAGGACC-1,4.715112569281321,-2.9728309057362563
CGAGGAAAGTTTGTCG-1,1.6845057227198035,-2.70790945545252
CGAGGAACACAACGCC-1,7.17228460712598,-0.8179517583712878
CGAGGAACACTGAGGA-1,2.9737517022304805,-0.1977980560242058
CGAGGAAGTAGTTCCA-1,1.999368447810034,-4.705031159838841
CGAGGAAGTCTCACAA-1,-2.7477990919492266,-7.887026585920139
CGAGGAATCATCTATC-1,1.499180184059587,-0.6817790011623849
CGAGGAATCATGGGAG-1,-4.042210229289905,-0.20185382850805272
CGAGGAATCCGGCAAC-1,0.11009590870662171,-1.4734806668001386
CGAGGAATCGGAAACG-1,2.586714543518948,0.3801516454222096
CGAGGCTAGAGATCGC-1,1.8884162092949281,-4.828760651273767
CGAGGCTCAAGGTCGA-1,3.2871278207066625,-5.712352228325735
CGAGGCTCACTTCCTG-1,3.4312687630791743,-2.923436212548752
CGAGGCTCAGGGAGAG-1,3.722826763439695,-2.994003479594879
CGAGGCTGTAGACGTG-1,5.226656067134704,-3.5235402668924385
CGAGGCTGTGACATCT-1,-0.2680209270021382,-5.9660837289864945
CGAGGCTTCCTGATAG-1,4.365716742427439,-4.250470465612625
CGAGTGCAGATTGGGC-1,0.05995015100134208,-2.946377766468039
CGAGTGCAGCTAGAGC-1,0.9543079756540525,-0.012929534267057875
CGAGTGCAGTAGTCTC-1,0.4710759380004991,-2.8710809498225855
CGAGTGCCACAGAGCA-1,5.638203074406328,-6.619874444970887
CGAGTGCCAGAGAGGG-1,2.1706324705996125,-8.32059517642448
CGAGTGCCATAGATGA-1,6.322454132083447,-5.7569681379946385
CGAGTTAAGATGACCG-1,1.0680853502830787,0.3386242067070973
CGAGTTAAGCGATGAC-1,5.038887575887025,-3.797236763442928
CGAGTTAAGGGCAGGA-1,0.7243035977441638,1.288582200124564
CGAGTTACATTGTGCA-1,-0.2425148464877774,-3.7133958657800576
CGAGTTATCACATACG-1,2.243279563402369,-6.0547232560782245
CGAGTTATCAGTGGGA-1,3.8472506622295484,-2.3241215074941666
CGAGTTATCTGGTGCG-1,0.6641593769976692,-4.96003173643672
CGATCGGAGACAGCTG-1,-2.8988701459145143,-8.326201807492327
CGATCGGAGCATTGTC-1,-2.2543385331494092,-5.800381370025704
CGATCGGCAGCAGACA-1,1.3124428999327156,-4.531469802538187
CGATCGGCAGCAGGAT-1,6.7753713564167874,-4.009805825555774
CGATCGGGTCTCAAGT-1,5.551909485316776,-2.2742519695773855
CGATCGGGTGAGCAGT-1,7.11638216035443,-2.047751923152984
CGATCGGTCGTGGCGT-1,4.339799182267519,-0.14959541197168466
CGATGCGCATTGGATC-1,4.251155003882285,-1.9137171531944959
CGATGCGTCGACACTA-1,-0.22432559765530774,-3.1718244804760944
CGATGGCAGTGCACTT-1,6.413827758631435,-6.891055069457423
CGATGGCCACGGCTAC-1,2.6377611718587857,-1.7974285146378592
CGATGGCCACTACTTT-1,2.7602658322373395,-3.8443541495587445
CGATGGCCATAACTCG-1,3.359142548773439,-5.655820078694058
CGATGGCGTGCGGCTT-1,4.686776704738116,-5.589134961631371
CGATGGCGTGTGAATA-1,5.5454522443637115,-5.068750564539884
CGATGGCTCCGTTGGG-1,2.8713841803384037,-5.064402868376228
CGATGGCTCCTGATAG-1,6.2170679628141325,-0.23811118963526637
CGCAGGTAGAAAGCGA-1,1.4608569104681908,-2.3472366503879396
CGCAGGTAGATCACTC-1,-2.137124467490874,-2.229614687469065
CGCAGGTCAACCACGC-1,2.0533521995660986,-2.018106898989481
CGCAGGTCAATTTCGG-1,2.232290898083941,-1.5753234210026787
CGCAGGTTCCATCTCG-1,-0.9790317965409615,-2.9535816076628207
CGCAGGTTCTGTGCGG-1,-2.1196610788693997,-0.004263805254098374
CGCATAAAGCGTGCTC-1,3.6473971448992653,-1.9309893431673812
CGCATAAAGTCTGGAG-1,-2.130967880980041,-5.740280520688501
CGCATAAGTGAGCCAA-1,-1.3533924774523753,-0.16426009013708032
CGCATAAGTGCCCGTA-1,1.1696180019627291,-6.350949783755934
CGCATAATCACTGGTA-1,7.291430555565529,-2.4361664645461922
CGCATAATCCGACAGC-1,2.6631167703595926,-5.24541824031906
CGCATAATCGGAGCAA-1,0.2544837139876163,-4.487449628969415
CGCATGGAGCTGTTAC-1,5.476539723259353,-1.48302023523942
CGCATGGCATGACGTT-1,1.9611992788531802,-3.6361819300214466
CGCATGGGTTGGGCCT-1,-2.2920546747852217,-4.0992791476158
CGCATGGTCACCGCTT-1,3.846591274736712,-2.875605637207049
CGCCAGAAGTTCAACC-1,5.091498773003179,-6.738836876919703
CGCCAGACACAAGGTG-1,-0.8964280364119541,-0.035328789878450895
CGCCAGAGTGGTTTGT-1,6.733882613471596,-6.934881692457032
CGCCAGAGTTCCTAGA-1,6.71320847061101,-7.168463464287445
CGCCAGATCGTGCACG-1,1.1863336068719597,-1.1252919945551891
CGCCATTAGGTTGGTG-1,6.235188181570493,-5.708921776886753
CGCCATTCACGTCTCT-1,0.3268632709417342,-4.37405639262779
CGCCATTGTAGAATGT-1,2.4000595369295463,-3.1698723997896168
CGCCATTGTCCCGCAA-1,0.18491843629844945,-4.523917579157929
CGCCATTGTTCCGCGA-1,0.8137109747790456,-0.9869803640646118
CGCCATTTCATTGCTT-1,1.255876071813999,-2.7312000003959516
CGCCATTTCGCGGTAC-1,4.478127284779876,-7.451770337261197
CGCCATTTCGTTCATT-1,-1.3479509051542942,-1.2363630365708256
CGCCATTTCTCTCCGA-1,1.5131148109452406,-2.260432293648672
CGCCATTTCTGTCAGA-1,2.457974780374169,-1.8542292727095053
CGCGTGAAGCTGTACT-1,3.5742662942603016,-4.711720725528684
CGCGTGAAGTAAACAC-1,-1.9383027904467431,-5.463397651518301
CGCGTGAAGTGCGACA-1,2.157283484512796,-3.4115981901897148
CGCGTGACAAACTCGT-1,5.366620071555729,0.7763827965128648
CGCGTGACAACTCGAT-1,5.739409873283493,-3.960086237422726
CGCGTGACACGCAGTC-1,-2.0325061730547707,-5.250257649416082
CGGAACCAGATCGACG-1,4.1356273589771515,-5.171615608304289
CGGAACCAGTAGATCA-1,-0.6911397417461925,-4.979188672550492
CGGAACCGTAGGACTG-1,6.319896230997801,-5.705159873961226
CGGAACCGTCCCGGTA-1,0.8885942578815018,-1.6083635829423617
CGGAACCTCGCCTAGG-1,6.807253536931028,-4.084669420506078
CGGAATTAGCTCGCAC-1,3.622516840583115,-3.456178220342355
CGGAATTAGGGTTAGC-1,4.008991753952333,-6.075285621744309
CGGAATTAGGTCGTAG-1,5.3796761697893265,-8.065389474184775
CGGAATTCATACTGAC-1,7.1575223713959835,-0.8839828040344138
CGGAATTGTATTGACC-1,1.8522084541145802,-1.735578321305207
CGGAATTGTCGCCTAG-1,5.764172355409281,-2.0318912173098123
CGGAATTGTGACTCGC-1,3.905394779968349,-2.9447084829321875
CGGAATTGTGCATGTT-1,-1.3451957852621217,1.2803091731176681
CGGAATTGTTCTGACA-1,-1.6667020542125413,-3.7520935951219117
CGGAATTTCCTGGCTT-1,1.1018175639360004,-5.484321691552144
CGGACACCAACTGTGT-1,3.3849780905278255,-1.1939387956780811
CGGACACCACATGACT-1,5.075413383972901,-1.3708899503851517
CGGACACGTCCGGTGT-1,5.906023486324313,0.10100951759726459
CGGAGAAAGCCTCATA-1,0.770427580766576,-8.278438354808749
CGGAGAACAAAGGCGT-1,5.924483551852055,-2.1282147457739495
CGGAGAACAATAGGGC-1,0.8975503203204505,-1.911173044758303
CGGAGAACAGTTCCAA-1,4.343455303191831,-4.693652901439653
CGGAGAAGTGTCCAAT-1,5.593882718409416,-2.0636080871273035
CGGAGAATCATCACTT-1,1.8379866909754294,-2.0162589172368057
CGGAGAATCGCGGTAC-1,3.6830348373766943,-5.617374717111527
CGGCAGTAGACGAAGA-1,-1.264079722283674,-5.732738960115123
CGGCAGTAGTAGAGTT-1,3.4637563171408363,-5.264588360385179
CGGCAGTCAAAGGAGA-1,6.788018062737232,-6.987880621282584
CGGCAGTCATCTCCCA-1,2.126588404026827,-8.311626526178303
CGGCAGTGTAGACTGG-1,8.325882574930176,-4.329455081491712
CGGCAGTGTGTCTTAG-1,0.9543977616174083,-0.9135762472440305
CGGCAGTGTGTTTACG-1,-0.6276571936592268,-2.5898447317209863
CGGCAGTTCAGACTGT-1,-3.8821684315612934,-4.72592832854258
CGGGACTCAGATGCGA-1,5.344625356814903,0.6398221209679288
CGGGACTTCTATACGG-1,-3.514635008699934,-0.04079732304836891
CGGGCATGTCAGGTAG-1,5.77192842867463,-5.138203956377136
CGGGCATGTCTGTCAA-1,2.853494764782513,-3.9100423837294067
CGGGCATTCGAATCCA-1,-1.0041984749821824,-4.1482738585174825
CGGGTCACACAATGAA-1,4.333460299871631,-0.16348142634892932
CGGGTCAGTCTTTATC-1,5.351176026410088,-8.050738084426653
CGGGTCATCATACGAC-1,6.119486941215403,0.3008224004628257
CGGGTCATCGATCCCT-1,-0.9279746279779603,-0.10098684423030659
CGGGTGTAGCACTAAA-1,-3.051364782554677,0.7062482101708284
CGGGTGTAGTATTCCG-1,1.3344937368666239,-2.980543622633133
CGGGTGTCACAACGTT-1,-1.9052919002908473,-3.1750352654793708
CGGGTGTGTACCAATC-1,2.569922061906741,-6.0751895492655645
CGGGTGTTCATAAGGA-1,6.8665170503024076,-7.1987751804421345
CGGGTGTTCGGCATTA-1,4.833175323231832,-3.85763951015133
CGGTCAGAGATGCTGG-1,-0.7835398137678179,-5.216636991914967
CGGTCAGAGGATGAGA-1,3.6028194093685832,1.5145783938333277
CGGTCAGCAAGAAACT-1,0.09460418128389499,-0.5331687220971494
CGGTCAGCAATTGCAC-1,0.6810309973757127,-2.1937249494458464
CGGTCAGGTCTTGGTA-1,4.660579995320969,-1.507219726290229
CGGTCAGTCGAACGGA-1,0.6265661006849114,0.1302662521364226
CGGTCAGTCGCCTATC-1,7.706958894315199,-2.084651785687454
CGTAAGTAGCTCGACC-1,1.723122387908763,1.551431903265905
CGTAAGTAGGCATCAG-1,5.260984155055523,0.7402461709823877
CGTAAGTCAAGCTCTA-1,3.593868267418131,1.4853583335540796
CGTAAGTGTTTCTTAC-1,8.026888813767982,-5.691491494827662
CGTAATGAGCTACTGT-1,-2.043011368216416,-5.453841851605526
CGTAATGAGTGAACAT-1,-1.8374424562628213,-5.248097855895403
CGTAATGGTAGACAAT-1,3.832771733368293,-7.233365844655207
CGTAGTAAGATGCAGC-1,-2.0260334947606595,-5.709634996231686
CGTAGTAAGGGAGGTG-1,3.7793127035946235,-4.3346783460280305
CGTAGTAGTGATACCT-1,0.21716656570756696,-0.8485131437820653
CGTAGTAGTTTGCCGG-1,3.064213886138256,-6.905857808398127
CGTAGTATCATGGGAG-1,-4.952246178755838,-3.508079171798548
CGTAGTATCCGGTTCT-1,7.923735702057384,-5.704468304439187
CGTCAAAAGCAGATAT-1,2.3840213147674434,-6.417412197420938
CGTCAAAAGCATATGA-1,1.5717028381870217,-4.1871088093972215
CGTCAAAAGTCACGAG-1,-2.0472378845524797,-1.9075780310563866
CGTCAAACAGTCTCTC-1,5.481987145614704,-3.65610259717913
CGTCAAAGTCTGTGCG-1,6.649892765848632,-4.110634736348304
CGTCAAAGTTCAAACC-1,-5.2864807328721035,-3.5473963704152145
CGTCCATGTACGTACT-1,2.295458481681369,0.5587688473711231
CGTCCATGTGGATCGA-1,5.338754206585841,-3.3912450712094664
CGTCCATTCGGCTGTG-1,2.666938383316871,-2.2523056683028986
CGTGAATAGCATCAAA-1,7.40870172468301,-2.3407378796746756
CGTGAATAGCTCCACG-1,-1.7149956240150461,2.512513483231949
CGTGAATCAATCTCTT-1,0.8139970873169915,-1.1444916937560061
CGTGAATCAATGCTCA-1,-0.25517324875588665,-5.928511428654158
CGTGAATCAGGTCTCG-1,-0.06216350849729,-6.215143200631577
CGTGAATGTAGCGTAG-1,4.533784832494095,-7.6256025060301145
CGTGAATTCATTGAGC-1,-1.934597182447736,-4.962944964535205
CGTGATAAGATCACCT-1,5.427466506916266,-7.893070726855384
CGTGATAAGGATACGC-1,6.239434912548635,-1.0291232701055317
CGTGATAAGGCTATCT-1,-3.3718665198794873,-4.598459571921915
CGTGATAAGTCGTTAC-1,-4.037660945890726,-3.4142129642842542
CGTGATACAACCACAT-1,4.134825915296782,-0.302708949942904
CGTGATACACGTAACT-1,4.154155041363574,-5.1661491856197586
CGTGATACATCTGGGC-1,5.509155996337186,-5.190347812555789
CGTGATAGTGATACAA-1,-1.7340531111683917,0.6384844493628985
CGTGATAGTTAACCTG-1,2.0381704945942167,-1.9639321749409246
CGTGATAGTTCTCGTC-1,-3.116856016389998,0.6967038061543008
CGTGATATCACATTGG-1,7.152003261901138,-0.7466677000426977
CGTGATATCGGCACTG-1,3.4208527645395796,-4.903270014405806
CGTGATATCGTTGTGA-1,-2.4902318993228314,-1.8057852830542158
CGTGCTTAGGTCATTC-1,-2.767677625986557,0.6871327682236905
CGTGCTTAGTCGCCCA-1,0.7591108182629225,-8.119043027138039
CGTGCTTCACAAGTTC-1,5.119172382013126,-1.2675927494360502
CGTGCTTGTGTGTCCG-1,0.00869453992121715,0.21134172648647293
CGTGCTTTCCATAGGT-1,7.705714260243462,-5.791069405708193
CGTGTCTAGTTCCGTA-1,-4.10594453182012,-3.406625902264397
CGTGTCTAGTTGCATC-1,3.4404678525720787,-4.917747126014805
CGTGTCTCACCCAATA-1,0.6952360848559298,-7.97627195573026
CGTGTCTCATCCGTTC-1,0.735853452193455,-2.022141947572703
CGTGTCTTCCGTACGG-1,1.5639195865195772,-5.743360981616089
CGTGTCTTCTTGGATG-1,1.5277338643256202,0.21529941471177566
CGTTAGAAGCAGCCTC-1,-1.7161942603029912,-4.988713342460463
CGTTAGAAGTAACGTA-1,-2.453203643372874,-0.41526406209864075
CGTTCTGAGTCAACAA-1,-0.4279479325816794,1.0084935426898465
CGTTCTGGTACTAGCT-1,-1.4947278884220774,-0.8190680037241875
CGTTCTGGTAGCGTCC-1,-1.7411947806003294,-5.7410110511185
CGTTCTGGTTACGATC-1,-0.5653470840885936,-0.6420980652719763
CGTTCTGGTTGCCTAA-1,-3.1517451794108764,-1.42931070759597
CGTTCTGGTTTACACG-1,0.050416586893485306,-3.0860466107736735
CGTTCTGTCGAATCCA-1,1.5082196399666836,-3.3837748527777487
CGTTCTGTCTTAGCTT-1,6.9970456631274836,-0.92419832616221
CGTTGGGAGACATCAA-1,3.8069075626323894,-5.633006473155295
CGTTGGGCAGTAGAAT-1,0.2770500088316267,-4.503059231068591
CGTTGGGCATGTGGCC-1,-3.1460097446297226,-0.3326126560735551
CGTTGGGGTAGACTGG-1,2.132118097890558,-8.019321962939843
CGTTGGGGTCATATGC-1,3.8410320964530524,-2.1884077703822817
CGTTGGGTCCCTGGTT-1,3.5520024796514194,-1.1844560484449684
CGTTGGGTCGGCTTCT-1,7.2681524406588425,-2.3666954057873064
CGTTGGGTCTCATAGG-1,6.16759581307477,0.2164595180299299
CGTTGGGTCTGGGCGT-1,4.33417052005926,-0.1352870527809917
CTAACCCAGTGGAAGA-1,6.9160897986061105,-7.085977666383999
CTAACCCCATCCGGCA-1,0.8479589678135173,-7.601642421248686
CTAACCCGTCCAAAGG-1,0.19451985017836937,0.5738767475681198
CTAACCCGTTGGATCT-1,-4.292179006433209,-3.48432215568629
CTAACCCTCCACATAG-1,-0.04738385963849729,-0.01680846257596621
CTAACCCTCTGCATGA-1,-0.7456306343802958,-5.254364613813338
CTAACTTAGCTGAAGC-1,-0.3913941311488668,0.9335760016022934
CTAACTTAGGCCACCT-1,5.574510097251015,-3.8103473040373985
CTAACTTCAGTTCTAG-1,-1.225059127744921,-4.384165730496798
CTAACTTGTCGACGCT-1,0.7160416658613387,-2.028280113427619
CTAACTTTCAAGGAGC-1,6.826025526844141,-2.1634469337176907
CTAACTTTCTAAGCCA-1,-0.481139649606384,-0.26922986407810273
CTAACTTTCTACGGTA-1,6.914403298951161,-7.253129649653108
CTAAGTGAGCCGCTTG-1,0.7215941944228621,1.2754829946904878
CTAAGTGCAGCAAGAC-1,1.9217471556681671,-3.1781255097788303
CTAAGTGGTATCGATC-1,1.4348226317961668,-3.057644139135311
CTAAGTGTCATCGTAG-1,-5.151413183562539,-3.5625263587825358
CTACAGAAGTTTGGCT-1,3.9331401985819663,-6.090867013199814
CTACAGACAGAAGTGC-1,-0.6356648033863874,-6.971715936824434
CTACAGAGTCAACATC-1,5.358817528415976,-3.4893175110178714
CTACAGAGTCGTCAGC-1,1.1268375943473359,-6.393001053239444
CTACAGATCCCGTTCA-1,0.27062168181639845,-3.940258503355063
CTACATTAGCCACAAG-1,4.537534057044886,-5.7165935982567335
CTACATTAGTCCCAGC-1,3.380566649935171,-5.312301383203187
CTACATTAGTTTCGAC-1,0.7153359520747958,-3.0664751744186427
CTACATTCAATTGCGT-1,3.0731528805257318,-0.2999720576114092
CTACATTGTTCCTTGC-1,-2.5125752423461836,-1.7355766000361064
CTACATTTCAGCAATC-1,-3.8897073658734023,-0.17576750802701335
CTACATTTCCCTGTTG-1,-3.943909829502838,-3.3972748830046573
CTACATTTCTTCACAT-1,-0.4952893194764198,-6.42368674833113
CTACCCAAGACGAAGA-1,2.4611153554356022,-1.3349343617286507
CTACCCAAGGCCTAAG-1,1.0957080690653433,-6.2176463198922605
CTACCCAGTACAGAAT-1,1.1622892835810898,-4.037828240066634
CTACCCAGTCGCATGC-1,0.7114372725946753,-8.47313699177957
CTACCCAGTCGTACTA-1,-5.445351840575082,-3.5319472221927715
CTACCTGAGCCGATAG-1,1.676918836096197,-3.8116851315298734
CTACCTGCATAGAATG-1,2.3391745103618486,0.0749088506084194
CTACCTGGTGCACATT-1,2.0445870471499252,-8.109934044210203
CTACCTGTCACCATAG-1,2.2814458192277987,-0.11751285241104344
CTACCTGTCCATTGTT-1,-0.751744372199841,-7.2834562368748115
CTACGGGTCCCGGTAG-1,-0.33485589542743216,-3.0952768631526943
CTACTATAGCTAAATG-1,-0.9664424965585323,-2.205648765714607
CTACTATCACGCTGTG-1,5.496661201159257,-7.827363539108691
CTACTATCAGCTTTGA-1,2.4778887177088866,0.439787855337595
CTACTATGTGAGTAGC-1,-1.0144197794793828,-4.359851668980902
CTACTATGTTGTTGAC-1,0.15221454387467584,-1.6991339146632396
CTACTATTCACCCATC-1,4.741037722561154,-7.208984079858763
CTACTATTCACTTCTA-1,4.352488111469931,-2.745373040341055
CTACTATTCCTCACCA-1,5.2228870550826105,-6.638250912444338
CTAGACAAGTCCCTAA-1,7.304643172668361,-2.4494586848194433
CTAGACAGTCACGCTG-1,2.4956560070426344,0.16875260552253354
CTAGACATCAGGACGA-1,0.8112124037453645,-1.236621099973019
CTAGACATCCGGCAAC-1,-3.1167333438379727,-1.5526114827505826
CTAGGTAAGACCAGAC-1,-0.46237597265933544,1.093198495606103
CTAGGTAAGATTCGAA-1,5.168111656345555,-1.8065481767701024
CTAGGTAAGTGCTACT-1,-1.6580219031160708,2.5474842213518665
CTAGGTAGTATCACCA-1,6.7415100441158,-7.123572571913794
CTAGGTATCATAGGCT-1,0.851422171891172,-8.030916948444325
CTATAGGAGGACAAGA-1,2.209543814334787,-0.9221751976860675
CTATAGGAGGGCAGTT-1,6.413332915398221,-5.5773416384892665
CTATAGGCATCAGCGC-1,-0.611574106952897,-2.511160202745654
CTATAGGGTATAGCTC-1,0.8182511346309125,-0.13307344658650275
CTATAGGGTTAATGAG-1,3.04825004912193,-0.2893780088545579
CTATAGGTCAGGAAGC-1,-2.6062176533604866,-2.797055868246677
CTATCCGAGAGAACCC-1,3.6082513332936914,1.508568224839275
CTATCCGCACATTCTT-1,5.899259818766404,-0.4197905583524446
CTATCCGCAGAGAGGG-1,4.016679858224385,-2.1636990149449757
CTATCCGTCAGTGATC-1,6.392175463211727,-5.705199083267392
CTATCCGTCGTTCTCG-1,2.0719764016374222,-4.541062219404654
CTATCTAAGAAGTATC-1,5.413065374093948,-4.060925708512808
CTATCTAAGCGATGCA-1,5.5157713684460585,-7.823098070762138
CTATCTAAGGGTTAAT-1,-0.17846209991740372,-7.241099696568072
CTATCTACAAATGGAT-1,8.06158681980605,-1.6574063917284452
CTATCTAGTCACGCTG-1,0.30959140089154835,-3.065086267098131
CTATCTATCTCTTCAA-1,3.9586376756963246,-3.05790165612444
CTCAACCAGAACAGGA-1,6.706430146536767,-6.884594075291118
CTCAACCAGAGAATCT-1,3.140581021655971,-1.6566336656351328
CTCAACCAGTGCCGAA-1,4.409570768958604,-7.601423934573635
CTCAACCCAAAGGATT-1,-1.9069235623792224,0.5273393489614674
CTCAACCCACACCGAC-1,-1.090520959354831,-4.302281838429486
CTCAACCCAGCGTTTA-1,4.404088615112225,-7.51581667457437
CTCAACCGTTCCGTTC-1,5.587480029026639,-7.113706431107969
CTCAAGAAGCAACAAT-1,1.570283102989462,-7.252722398108618
CTCAAGAAGCCGAATG-1,7.014667665099646,-2.0964604214800473
CTCAAGACAAACACGG-1,-2.4816380483892013,-6.188717955383267
CTCAAGACAATAGTGA-1,0.7965395900791722,-5.0142488801852165
CTCAAGACACGTCATA-1,-2.365138839906351,-5.909379082035079
CTCAAGACATTCATCT-1,2.0043662615193854,-8.110305325598587
CTCAAGAGTGCGTGCT-1,7.81797055709554,-3.7765569658315545
CTCAAGATCACCCTGT-1,-0.39616544383770647,-2.371329191804301
CTCAAGATCGCAGTTA-1,3.4597646880646598,1.2423852327775673
CTCAAGATCTCCTGCA-1,6.467702015083392,-5.768872681299817
CTCAATTCAAGAAACT-1,1.978663567503122,-1.6772310616750032
CTCAATTGTGTTCAGT-1,1.9105417615109148,-5.7178686716720994
CTCAATTGTTGTGTAC-1,-0.9090288382503225,0.3043995465175131
CTCAATTTCCACACAA-1,-1.7277326961576385,-2.310950351439763
CTCAATTTCCCTAGGG-1,1.8320249918621612,-2.0070102464253115
CTCACTGCACACCAGC-1,1.73333462111551,1.5015678326352462
CTCACTGCACTTCAGA-1,-0.1395060376944762,-2.925019359766881
CTCACTGCAGGAATCG-1,8.703712597669503,-1.4165986011403495
CTCACTGGTATAGCTC-1,-4.0602644523183224,-0.2815751401005954
CTCACTGGTGCCGTTG-1,5.470446732380415,-9.329224311196803
CTCACTGTCACCTTAT-1,0.687110639317643,-0.09743987033086053
CTCACTGTCGCCCAGA-1,-1.3851267648226144,0.5667659279445949
CTCACTGTCTGAGAAA-1,6.477874573571314,-5.806383799837301
CTCAGAAAGCAACCAG-1,6.720262053474805,-4.07725538964233
CTCAGAAAGCATGAAT-1,1.2458010172126879,-4.853108617063181
CTCAGAAAGGGACACT-1,2.22283710372957,-4.800370724161164
CTCAGAACATATACCG-1,1.6990262163424512,1.3996582585560389
CTCAGAACATGTACGT-1,-1.9235130543103198,-1.7103749665027115
CTCAGAAGTTCAAGGG-1,6.653734597900681,-7.0970230105716645
CTCAGGGAGCTGAAGC-1,3.336152048217592,1.0494116389422754
CTCAGGGAGGGCGAAG-1,2.5004876150445594,-5.349084166557282
CTCAGGGCAAACTAAG-1,1.245259599695455,-0.5545325897751957
CTCAGGGCAACGGCTC-1,4.234232149585805,-4.52797276160634
CTCAGGGGTTACACTG-1,6.210232708429419,-7.3674695917272945
CTCAGTCAGAGTTGTA-1,4.518425845346912,-7.475221176372813
CTCAGTCAGGGCAAGG-1,3.1511330931547663,-6.691147777802676
CTCAGTCAGGTGAGCT-1,8.177049579997739,-1.6311660521327707
CTCAGTCCACACGGAA-1,0.8240947801500356,-2.1589802340174797
CTCAGTCCACGCTGCA-1,1.4266121465993467,-2.4641733505158694
CTCAGTCCAGGTGGAT-1,-1.0729277835801438,-5.686790195408638
CTCATCGGTGAACGGT-1,7.363060738420961,-2.2771674348114463
CTCATCGGTGCTTCAA-1,3.5807268375883186,-1.7770785111813023
CTCATGCCACGCCACA-1,1.9602136249209514,-3.9040106554706346
CTCATGCGTAACAGTA-1,8.269536494951183,-4.320380549177317
CTCATGCGTAAGTTAG-1,6.614890038135792,-3.9797195243763412
CTCATGCGTAGGCAAC-1,5.477189585640016,-1.3717561498619393
CTCATGCTCTCGCTCA-1,-0.31752453286291227,-1.2113914096722933
CTCATTAAGGAATTAC-1,1.6127592097917658,-3.8201028615343335
CTCATTACAACTGAAA-1,1.1640287327777072,-0.47634946043616516
CTCATTAGTAGCTGTT-1,-1.8366988938424367,0.6156794402288246
CTCATTAGTATGGAGC-1,5.33499863883748,-1.6786680176615187
CTCATTATCTCACCCA-1,5.935325654104242,-1.9502505072445224
CTCCAACAGCATATGA-1,-0.7945966939701764,-3.2036810806199663
CTCCAACCACGCCACA-1,5.293765244686669,-1.377721675870359
CTCCAACCATGATAGA-1,-2.225352109108495,-5.865886375068826
CTCCAACGTACTGAGG-1,-5.611268739408539,-3.413389035449961
CTCCAACGTGGCTACC-1,7.175367158503646,-0.7284661565817361
CTCCAACTCCTTCTGG-1,-0.6814386328882818,-7.254264557077158
CTCCAACTCGGACGTC-1,3.0987342419060027,-3.2589175987419745
CTCCAACTCTGCCTCA-1,6.327574250726812,-5.675358650573183
CTCCACACAGATCCAT-1,1.482552083874152,-0.6128274867732484
CTCCACACATAACTCG-1,4.045701741176772,-2.2370067172328785
CTCCACACATGTTACG-1,-2.4608301520225715,-5.795719674144904
CTCCACAGTACAAGCG-1,-0.2243539336030714,-3.0076427496658154
CTCCACAGTAGTCACT-1,-4.07684527936521,-4.894594613719853
CTCCACAGTTCATCTT-1,-0.20901709796116524,-2.7423006908151213
CTCCACAGTTTCACAG-1,0.46642734134720343,-1.2880107616031793
CTCCACATCGACGCGT-1,-3.0356352941732268,-8.466908514458106
CTCCATGAGCTCGCAC-1,4.954744835043229,-2.342994463124736
CTCCATGGTCAGCTTA-1,8.137379288258623,-1.7072170331310283
CTCCATGGTCGGCCTA-1,5.305020055139881,-7.489908969670582
CTCCATGGTGTCACAT-1,1.7630821163340231,1.509399119888707
CTCCATGGTTACGCCG-1,4.906148430952502,-1.865469596528327
CTCCATGTCTGTGCGG-1,-3.0091252812822877,-8.445391293633925
CTCCCAACAAGCCTGC-1,-2.044526033912235,-5.593653186291759
CTCCCAACATACTGAC-1,-1.189916123721177,-5.41477978323649
CTCCCAACATGACACT-1,3.5890732708603483,1.3923634479778133
CTCCCAAGTATGTCTG-1,4.349019617306428,-0.19275539909645492
CTCCCAATCGGTCGAC-1,3.441364215774881,1.245068928391835
CTCCCAATCTGCGGGT-1,-1.1568466607478753,-0.015148950955518894
CTCCCTCAGATGCAGC-1,6.694243036743774,-7.1078473820858274
CTCCCTCAGCTTCGTA-1,4.735167434824166,-3.8478378959574067
CTCCCTCAGGCTATCT-1,5.384477496589424,-7.982767383123761
CTCCCTCCAAGTCGTT-1,1.9479703495877103,-1.048088627573653
CTCCCTCCACCAGCGT-1,0.5495939830855943,-4.1132359512220145
CTCCCTCCACTTGTGA-1,6.4363011820535645,-6.974530603636347
CTCCCTCGTCCTGTCT-1,6.230346461661313,-6.6494847343559975
CTCCCTCGTGAGGCAT-1,0.44126007463017375,-5.628277912484757
CTCCCTCTCCCGGTAG-1,5.2594996880069065,-4.011865812243934
CTCCCTCTCCGTGGCA-1,5.439507258162615,-9.314016763876626
CTCCCTCTCGCTAATG-1,3.6329915886632147,-1.1028238867624987
CTCCGATAGCCGCACT-1,5.624542502342752,-5.274205537575623
CTCCGATAGTTCCAGT-1,6.825093446676843,-7.118775292414467
CTCCGATCAACGGTAG-1,1.1106047917000965,-1.8020759166150815
CTCCGATCACTTGGCG-1,5.345156611466424,-6.544867373864456
CTCCGATCAGCCTTCT-1,-1.636744960331622,-3.0925457300989274
CTCCGATGTAGTATAG-1,-1.9362277669303587,-1.369255825516033
CTCCGATGTGGTAACG-1,8.249056043203648,-1.525074910699186
CTCCGATGTTCCACGG-1,-4.02577805250124,-2.3704564437532367
CTCCGATTCATGAGAA-1,-2.488151788624747,-5.170509929829716
CTCCGATTCCAAGCCG-1,-1.3582060842715993,-0.13448458008644298
CTCCGATTCGTCCTCA-1,0.6919476244911977,-0.1557063027674044
CTCCTCCAGAATACAC-1,0.12719944243129336,-3.6437380609019545
CTCCTCCAGCTGGCCT-1,5.369355354853294,-1.1700060178575646
CTCCTCCCACTCGATA-1,8.208449118369453,-4.244545825102735
CTCCTTTAGCCACCGT-1,-1.666396477877354,0.41622489319609507
CTCCTTTAGGTAAGTT-1,3.9161193145791873,-2.153152636023803
CTCCTTTCATAGCACT-1,-2.5728800612964013,-6.184611979576081
CTCCTTTGTGCAATAA-1,4.994068653185523,-1.4312050480543286
CTCCTTTTCCTGGGTG-1,-2.6270146921669864,-6.20268439195565
CTCCTTTTCCTGTAGA-1,7.847155496784154,-5.854065942934517
CTCGAGGAGGCACGAT-1,3.0043095962328255,-6.960554709915951
CTCGAGGAGGTCACCC-1,-1.8494977803925567,-2.273353936243586
CTCGAGGAGTAACGTA-1,-2.3297938434414456,-4.116251339014257
CTCGAGGCAGTTGGTT-1,2.77773976095966,-3.2228349663162925
CTCGAGGGTTGCATCA-1,-0.6906928622195458,-6.992032304039529
CTCGAGGTCTTCTTCC-1,5.310313489894051,-3.5997154398371447
CTCTCAGAGAGTTGCG-1,2.7533722787576234,-2.1065359858183066
CTCTCAGAGGAACTAT-1,6.290671582711224,-5.7439971469022115
CTCTCAGAGTTGCATC-1,-0.6246128669026322,-7.1326839099726005
CTCTCAGCAGCGGTTC-1,2.6973175466776143,-5.534227273813913
CTCTCAGTCCGAAATC-1,8.264066131023084,-1.4935537791553557
CTCTCGAAGATGATTG-1,4.544254555318158,-5.725879936053778
CTCTCGACATGATCTG-1,-2.7872631740234635,-8.174153798977063
CTCTCGAGTCAACATC-1,1.9140522613341062,-1.859518344749156
CTCTGGTCATGAGGGT-1,3.560756863501821,1.343131248890258
CTCTGGTCATTCTCTA-1,-0.06820236254841286,0.020128794096519815
CTCTGGTTCCCAGGCA-1,4.428997551734488,-7.398651997895766
CTGAATGAGAAGAACG-1,2.245642467542293,-2.9234080439040544
CTGAATGCAAGGTCTT-1,0.7280721110672828,1.1777883675569327
CTGAATGCACGTACTA-1,4.809290237770698,-3.119890626571978
CTGAGCGCATAAGATG-1,1.878379616358102,-4.587290148392195
CTGAGCGCATCCTCAC-1,3.81867535741177,-2.0168322440340622
CTGAGCGGTCTGTGAT-1,-2.1578846173868684,-3.9595584195019664
CTGAGCGGTGCTTATG-1,-0.2633755515614721,-5.900859496012188
CTGAGCGGTGTGGACA-1,1.4083714895707407,-3.284970472056591
CTGAGGCAGAAATTGC-1,-0.7804968213947163,-7.208961941289745
CTGAGGCAGACATAGT-1,5.4332289448095965,-8.014425199066004
CTGAGGCGTATGAAAC-1,5.479084324445709,-5.075084539629185
CTGAGGCGTGCCTACG-1,2.814082698129326,-1.601214195077689
CTGAGGCTCATTTGTC-1,4.758653819472138,-3.80471542227598
CTGAGGCTCTCTCGCA-1,0.8982428743419729,-4.91636060104935
CTGAGGCTCTTCGACC-1,-4.083638573207542,-3.4273122590699816
CTGATCCAGAGTCACG-1,-3.576164384038686,-0.09093976845571533
CTGATCCCACTACCCT-1,-3.976219929013225,-4.74728322615123
CTGATCCGTGCCCACA-1,1.7348352459047411,1.5143261812637876
CTGATCCTCAGCTAGT-1,0.11717514993935428,-4.4505408057067175
CTGCAGGAGTATAGAC-1,5.229681855527373,-1.2315685139583983
CTGCAGGGTATGGAGC-1,-1.7226836416467075,-0.17561677269360673
CTGCAGGGTTAGCGGA-1,1.786550072112253,-2.818267756896234
CTGCAGGGTTCTCCCA-1,-0.5667933887205531,-0.555114409179514
CTGCAGGGTTGTGCCG-1,0.7993552518747243,-8.358390486838449
CTGCAGGTCCACGTGG-1,0.05922316126216818,-3.746246115091941
CTGCATCAGTTCGGTT-1,4.03348644809233,-2.149241487738907
CTGCATCCAAGACCTT-1,-4.014608175370743,-4.851672325960196
CTGCATCGTCTGTTAG-1,2.936607366471933,-0.37736388028543394
CTGCATCTCAGATTGC-1,3.3419103319306886,-2.113760766032031
CTGCATCTCATGGTAC-1,3.466944340582067,-2.0600717506987394
CTGCCATAGTAGAATC-1,-1.8836950293480164,0.5285352812315666
CTGCCATAGTCGCCCA-1,-0.40089591514564105,1.1159082383779069
CTGCCATAGTGGCGAT-1,5.894918802865611,0.028928395594028912
CTGCCATCACGGCGTT-1,0.8453684183155097,1.0286224573199512
CTGCCATCAGGGATAC-1,-1.1064061661014213,-2.008045977693151
CTGCCATCATATGCGT-1,4.282255341470255,-0.22223024416580853
CTGCCATGTTGGATCT-1,-2.9602151275424626,0.5774902117126572
CTGCCATTCCATAAGC-1,-2.9959180664768414,-8.463283639755494
CTGCCTAAGAAATGGG-1,0.9562967510633074,-3.0465893340438552
CTGCCTAAGCAGAAAG-1,2.224723379227322,-4.828996210363795
CTGCCTAAGGGAGGTG-1,-1.160869998245431,1.3439328678487967
CTGCCTAAGTCGGCAA-1,4.896687659939301,-3.28433208759139
CTGCCTAGTAGATTGA-1,2.61101637103701,-3.7311505688371467
CTGCCTAGTGGCTTGC-1,-2.8955107656833605,-1.447347180575243
CTGCCTATCAGATTGC-1,2.1886972799996665,-8.001577296910453
CTGCGAGAGGTCACTT-1,3.661459403394174,-4.007260917251912
CTGCGAGCAACTACGT-1,5.36484074508622,-1.1297403421774537
CTGCGAGGTTACGATC-1,5.028900633805406,-1.4571216838743541
CTGCGAGTCAGGTGTT-1,2.5875034731364934,-1.9589745562505056
CTGCGAGTCCACGGAC-1,-1.231688013957048,-0.13869988080679888
CTGCTCAAGCCTTCTC-1,1.4484389789985361,-0.9731113722726027
CTGCTCAAGGTGTGAC-1,-1.4571425443968222,-3.1925903454888616
CTGCTCAAGGTTCACT-1,5.456720345798228,-9.3389718917562
CTGCTCAAGTGCACTT-1,-3.0881282026030825,0.4532032328682717
CTGCTCATCGTCAAAC-1,3.145497105834334,-4.979809920244896
CTGCTCATCTCGGTAA-1,3.847326546529984,-2.9456687726748654
CTGGACGAGCACGGAT-1,-0.80580684497036,-4.299138830118688
CTGGACGAGGATTTCC-1,4.403055109582291,-7.530012791779923
CTGGACGCAAAGGATT-1,2.6685406345264053,-1.8461243518359034
CTGGACGGTAATGCGG-1,0.9271961571594393,-3.6119374660302563
CTGGACGGTTGCATTG-1,4.1971469207335845,-6.186700036524919
CTGGACGTCCAACACA-1,-1.472904349762609,-1.71707985365965
CTGGACGTCCGTAATG-1,-2.268609892066261,-4.195563574154914
CTGGACGTCGGTGTTA-1,-1.0368173710379855,-4.144855886087218
CTGGCAGAGGTCCGAA-1,0.45095228003394794,0.7723504141891829
CTGGCAGCAACAGAGC-1,2.126245832768489,-4.962733595331168
CTGGCAGCACGAGGTA-1,5.741154856559015,-3.789461326051523
CTGGCAGGTTTACTGG-1,4.488150271728817,-5.991300065340977
CTGGCAGTCGTAGGAG-1,0.3115337776051551,-1.2220436155027194
CTGGCAGTCTCAGGCG-1,0.9108721700197729,-4.3211970530644
CTGGTCTAGATAGTCA-1,3.7473571828800134,-5.568867421738134
CTGGTCTAGCTCCGAC-1,-0.3566616108637519,0.9788796682179217
CTGGTCTAGTATAACG-1,3.2287635451098273,-4.868634497070023
CTGGTCTGTAGCACGA-1,5.324299204360953,-6.506752279062563
CTGTACCAGCGGATCA-1,2.9940901876805004,-6.868465043374503
CTGTACCAGCGTGAAC-1,-0.8775566511986215,-2.5737493896693593
CTGTACCCAAACCACT-1,1.456374420383834,-0.6328909367458905
CTGTACCCACATATCG-1,1.109519194090708,-0.9740595212886292
CTGTACCGTACGCTTA-1,0.5305514087674759,-4.376117144275846
CTGTAGACAATCCTAG-1,-0.63065342938857,-6.877107411729716
CTGTAGACATATGCGT-1,5.6379605781455036,-5.293636994159604
CTGTAGAGTACAAGCG-1,5.205751883738763,-7.79205732572157
CTGTAGATCGAGCACC-1,-1.8221810215217198,0.4902791787801624
CTGTAGATCGCACTCT-1,5.26155649365354,-3.6234883028851264
CTGTATTAGACTCGAG-1,-3.5831422173084704,-0.127478009320921
CTGTATTCAGGCCCTA-1,-0.44535895761547317,0.9850916324929105
CTGTATTGTACAGAGC-1,-0.5141790682665578,0.9999142926257109
CTGTATTGTTAGAAGT-1,1.8153958587471968,-1.9678291321129469
CTGTATTTCACTTTGT-1,2.386454302197082,-6.318211084512935
CTGTATTTCATCCCGT-1,-1.6564529500143599,-2.2561548165165317
CTGTCGTAGGGACTGT-1,1.049201001968373,-6.328058165437355
CTGTCGTCAATCTGCA-1,2.2379025793622045,-8.2897283062579
CTGTCGTGTACGATGG-1,-1.874736416164129,-5.054713647412654
CTGTCGTGTCTCGACG-1,3.58515550334128,1.4714641573255378
CTGTCGTTCCCATGGG-1,-2.4213715965081692,-4.184229624573863
CTGTGAAAGCATGTTC-1,2.093645605874758,-4.954178086852124
CTGTGAAAGCCGCACT-1,1.1444739100667356,0.6693587975018899
CTGTGAACAGAGACTG-1,-2.2528281461746764,-5.958874320359177
CTGTGAATCCAACTGA-1,3.895604386938975,-4.251688323743271
CTGTGGGCAACCCTCT-1,-2.671897360675367,-0.20847205027488067
CTGTGGGCAGAAACCG-1,-3.181155654248269,0.53207947004315
CTGTGGGGTTGCTCAA-1,3.4490281247014813,1.364931982013281
CTGTGGGGTTTCTTAC-1,-3.00651448342194,0.5673519711010643
CTGTGGGTCCAGTGCG-1,-5.55935129508184,-3.4920776956517674
CTTACCGAGGTCCGAA-1,3.7660923038715053,-5.719001745617404
CTTACCGCAATTGCGT-1,-5.6576462421060825,-3.410428007985082
CTTACCGCACCTGCAG-1,-1.962142985192224,-1.6028956349508217
CTTACCGCAGAAATCA-1,-4.152448655237368,-3.3801127499257566
CTTACCGGTCGAGTGA-1,2.627384701850623,-1.8951610078966634
CTTACCGGTCTAGGCC-1,0.049501381632206194,-4.593116082231216
CTTAGGACACTACGGC-1,7.138079159981451,-2.50251331174016
CTTAGGAGTGTTTCTT-1,2.3323448309672012,-1.324921840499666
CTTAGGATCTGTTGGA-1,1.5014269814143466,-0.6539778360194912
CTTCAATAGGTAGCAC-1,4.188582763929732,-0.26716795916180797
CTTCAATCAAAGGATT-1,8.167192749665809,-4.512963126746166
CTTCAATCATCCTTGC-1,4.535380557222921,-1.6124524080030984
CTTCAATCATCTCCCA-1,-1.9172196888429065,0.0511713042723967
CTTCAATGTATGGTTC-1,2.662951989715146,0.444358896186312
CTTCAATTCCGAGTGC-1,-0.481315392604601,-3.186380058859459
CTTCAATTCGATTGGT-1,-0.5204360606626518,0.47525313259880875
CTTCAATTCGGAAACG-1,3.618030623005101,-3.003957086700418
CTTCAATTCGGCCTTT-1,7.198576782927691,-2.655405430692614
CTTCAATTCTCATGCC-1,4.825172004746621,-7.583637631297207
CTTCCGAAGGTCGTCC-1,1.184488664062867,-0.6418289414433828
CTTCCGACAATGGGTG-1,-1.7991302008130343,0.6225687767565977
CTTCCGAGTCATCCGG-1,5.2698855602652825,-3.6699246666339134
CTTCCGAGTCCTGTTC-1,3.621453570426285,1.5422459797807522
CTTCCGAGTTACTCAG-1,2.5278259684980373,0.4897754568544943
CTTCCGATCCCTCATG-1,1.7407164640551442,0.541102193731634
CTTCCGATCTGCCTGT-1,-3.985010136667649,-3.5485563510596756
CTTCCTTAGAGAACCC-1,-2.2548001876895656,-4.173564187920654
CTTCCTTAGTATCCTG-1,-3.192862057015795,-1.594973852042792
CTTCCTTCACGTTCGG-1,1.573425810767232,-1.380815077257181
CTTCCTTTCGTGTCAA-1,8.482689622474297,-1.681615015593466
CTTCGGTAGTAGAATC-1,0.9154399161397904,-4.42337791236172
CTTCGGTGTACGGTTT-1,5.014637666522325,-1.1647517971962824
CTTCGGTGTCCCTAAA-1,-2.827862100316992,-2.638148477615919
CTTCTAAAGCAAATCA-1,-2.0129424235363276,-5.9546942042733155
CTTCTAAAGCCTGAAG-1,3.0664217066081414,-6.97167775491418
CTTCTAACAATTTCGG-1,5.139754319060145,-1.466377504462439
CTTCTAACAGAGACTG-1,3.0104736205290386,-6.914889153406129
CTTCTAACAGTTACCA-1,-1.1326616835725882,-1.9792643369135607
CTTCTAAGTGCCTTCT-1,-3.657815676042021,-0.5201765237293908
CTTCTAAGTGGCGCTT-1,8.333619590771855,-1.603811845060482
CTTCTAAGTGTCATCA-1,-3.9865354088647993,-4.861372247045971
CTTCTAAGTTGGTGTT-1,3.5843075853497393,-1.1975595220648905
CTTCTAAGTTTCGACA-1,6.8383828625319545,-6.883308814103258
CTTCTAATCCTGGGAC-1,0.7486598971038059,-8.313441277925037
CTTCTAATCGTTAGTG-1,6.24892111911397,0.21830038919573563
CTTCTAATCTCCACTG-1,-2.847606376232901,-8.3130287169632
CTTCTCTCACCGTCGA-1,3.9214099624628957,-3.0164062091828807
CTTCTCTCAGTCACGC-1,-2.1834484763627846,-5.458556670764248
CTTCTCTTCATGCATG-1,6.559598950074349,-6.940702864056071
CTTCTCTTCGACCTAA-1,1.9351505124048751,-3.3862242532514895
CTTGAGAAGACCATGG-1,1.1460416185474167,-3.0401241976048037
CTTGAGAAGATCCAAA-1,8.304414812942895,-1.780908757898526
CTTGAGAAGGCCTTGC-1,-1.6925823859537994,-5.236076872782078
CTTGAGACATTGGATC-1,-5.43531531835057,-3.366494558106799
CTTGAGAGTGACACGA-1,-0.7520137962725262,-1.5160982463380115
CTTGAGAGTTCGTTCC-1,-0.028622258892537028,-4.333659393963341
CTTGATTAGCTGAAGC-1,-3.9039555226335847,-4.8771819005883
CTTGATTAGTAGCCAG-1,-0.7456677031294993,0.1936085899486822
CTTGATTAGTCACTAC-1,2.7114015182551046,-1.5144057058139146
CTTGATTGTTAGCGGA-1,0.6946498580770242,-8.474818393224293
CTTGATTTCAACCTCC-1,3.4177788339117496,1.3806075659884756
CTTGATTTCGAAGTGG-1,6.879853678302126,-7.150621190805218
CTTGATTTCTGTGTGA-1,8.631989682560564,-1.5271410823784017
CTTTCAAAGAAGCCTG-1,-1.7681076671324718,2.571792837428991
CTTTCAAAGACTCTTG-1,-2.3556593478158083,-4.23911124926574
CTTTCAAAGCCTAACT-1,1.5366271477882267,-0.7030036232330438
CTTTCAAAGGGCAGGA-1,0.7965548564200382,-0.11210309704925249
CTTTCAACAAGCCTGC-1,5.785783121727994,-7.511503339404171
CTTTCAACATTGCCGG-1,0.6390372448487631,1.2668804026056157
CTTTCAAGTAGCACGA-1,3.7193850703688653,-7.002344939304355
CTTTCAAGTCTGTGAT-1,7.408740280379737,-1.0004995724067098
CTTTCAAGTTCTAACG-1,-2.439002496492031,-6.013935041061818
CTTTCAATCACCCTTG-1,2.0852985638123513,-8.315320892295917
CTTTCAATCAGTCAGT-1,3.4433771066190295,1.2673940694803962
CTTTCAATCTGTAAGC-1,-1.1161869545199101,-0.5131801130278082
CTTTCGGAGCTCGTGC-1,0.9675994630739341,-7.938330338951948
CTTTCGGAGGATACAT-1,1.2458931542872707,-5.866379758034015
CTTTCGGAGGTGGCTA-1,2.125944595557757,-8.166801141810774
CTTTCGGAGTACTCGT-1,2.867599957742163,-3.7460945661718297
CTTTCGGGTACCTTCC-1,1.8159437153369755,-3.910701529528387
CTTTCGGGTCAGTCTA-1,3.64897919332235,-1.2515550720758355
CTTTCGGTCAAGGCTT-1,4.829763109595381,-5.32397802083192
GAAACCTAGACTTAAG-1,5.2778768943362175,-4.985371230420624
GAAACCTCAATAACGA-1,4.189980590749855,-5.3329131427950545
GAAACCTGTACTCCGG-1,1.8481387866561028,-2.6497095498440673
GAAACCTGTTGGCCGT-1,8.609366856879896,-1.39430366045621
GAAACCTTCGCAGTTA-1,-1.8004446644948031,-5.603218634467158
GAAACCTTCTTGAACG-1,-3.9621997664846527,-0.13558246607623886
GAAATGAAGCGGACAT-1,-0.11257159737556643,0.1713552970124842
GAAATGACAAGTTTGC-1,-1.34247891227403,-2.208454615929179
GAAATGACAGCTGTAT-1,-1.5141711054631515,-3.140222146086272
GAAATGAGTAGACACG-1,-2.817239149158191,-2.7016768802536766
GAAATGATCCAAAGGG-1,-0.6607746973266179,-4.059667214451725
GAAATGATCTCCACTG-1,1.6952704255257662,-7.694646877409979
GAACACTAGATGCTGG-1,3.8221670887453056,-2.9664695070583864
GAACACTCACCTCTAC-1,2.002071290543089,-1.1147175872116133
GAACACTGTCAACACT-1,0.47720536618049936,-5.892363566885744
GAACACTGTCAAGCCC-1,-1.4733891496401417,-3.0600246930193205
GAACACTTCCAAGAGG-1,2.2440304614541615,-4.871523881035896
GAACACTTCTAAGAAG-1,0.7312077957355982,-8.477617169897718
GAACGTTCATCGAACT-1,4.269548500818171,-6.090299907792176
GAACGTTGTCATCTAG-1,5.792998684524516,-1.8045494128814341
GAACGTTTCCATGATG-1,0.1042907720481599,-2.80349563397583
GAACGTTTCTAGAGCT-1,-2.446501127600476,-0.4950527704330522
GAACTGTAGTTCCATG-1,2.1751994162069628,-7.992136698057245
GAACTGTGTGAACGGT-1,3.625052306357479,-1.141954435688606
GAACTGTTCCGTAGTA-1,7.51612437863411,-1.6182433864738408
GAACTGTTCCTTATAC-1,1.6946107505676486,0.5902374572980613
GAAGAATAGTCATCCA-1,5.433682274084421,-5.143498918985234
GAAGAATCATATCTCT-1,0.9299693427911975,-8.432915148107806
GAAGAATGTCATCAGT-1,3.1261965483359306,-2.5483679784478577
GAAGAATTCAGTGGGA-1,4.319657152969506,-0.10777726374564789
GAAGAATTCTTAGCCC-1,4.577432968505702,-7.341570786548135
GAAGCCCAGCCATCCG-1,5.4351321801994015,-5.549452878195781
GAAGCCCCAAGCGCAA-1,-5.595919096751374,-3.400885444005255
GAAGCCCCACCCTGAG-1,2.275847571346913,-4.879955005530149
GAAGCCCCAGTGGGTA-1,4.364069671922361,-5.690064848381509
GAAGCCCCATCCTCAC-1,2.3967520996853215,-4.849257418468469
GAAGCCCCATCGCTCT-1,8.61744716454636,-1.4687138393311474
GAAGCCCGTAGTGCGA-1,7.836953992435694,-1.8085619657415142
GAAGCCCGTCGCTTGG-1,0.7582153905052527,-3.0490639771028136
GAAGCCCTCAAGAGTA-1,0.5679617520960684,0.8964015167515059
GAAGCCCTCTACCAGA-1,-1.8656663521406536,0.536662377461079
GAAGCGAAGGTTCAGG-1,6.208491319266018,0.24996541633651148
GAAGCGACAACACGAG-1,4.552575743310795,-3.5021659704458106
GAAGGACAGCAACTTC-1,5.914416150253523,-1.9599834753263186
GAAGGACCAGATACCT-1,-1.8964618696472588,-3.1581811484103532
GAAGGACTCCAAGCTA-1,3.078721590143353,-7.00354670274096
GAAGGACTCCGATAGT-1,-5.398362583882079,-3.40700551882346
GAAGGGTAGCATTTGC-1,3.4333124391781356,-4.902468959762546
GAAGGGTGTCTTGCGG-1,2.8979245709312274,-4.977106960716908
GAAGGGTGTGGGTTGA-1,-0.3654040615827376,-0.6195888258730409
GAAGGGTTCCACCCTA-1,-2.452395761872609,-0.5244647831895408
GAAGGGTTCCTCCACA-1,2.5193854525626294,0.6169236514583847
GAAGTAAAGCGACTAG-1,3.249083332829188,-5.551254352786785
GAAGTAAAGCGTGTTT-1,2.0058393256099696,-4.425005762780622
GAAGTAAAGCTGGTGA-1,5.006914652155835,-3.825962148013134
GAAGTAAAGGAGAGTA-1,-2.1471650081315263,-6.021298814679432
GAAGTAAAGGTCATTC-1,-0.23604185117746093,-1.7779655446805758
GAAGTAAAGGTCCCTG-1,-1.975564993845004,-1.4615312082292824
GAAGTAAGTTGTTTGG-1,1.0612590231379235,-6.4413550776527515
GAATAGACAAAGTGTA-1,1.1261430480634032,0.7629881988642093
GAATAGACAGTCACGC-1,5.5255906721848165,-3.9975365005850785
GAATAGATCACATCAG-1,4.5641510216617025,-7.020344715231594
GAATCACAGGGACCAT-1,0.8788156592232654,-0.9100317763434239
GAATCACAGTCGAAAT-1,3.9365019184269854,-2.875213797339173
GAATCACTCAAGCGTT-1,0.4902936052814807,-1.997104981577922
GAATCACTCACGGTCG-1,-0.5578164672848009,-5.609736005415697
GAATCGTCAAGCACAG-1,1.4896608238170355,-0.6984193033663881
GAATCGTCAATCCAGT-1,0.6754444539143925,-8.304621028847489
GAATCGTCACGACAAG-1,5.442101243526523,-3.9016483429626487
GAATCGTCATGCAGCC-1,-2.4700363865933026,-0.6318379009400844
GAATCGTTCATGCATG-1,1.8075407956617398,-1.6365442826611187
GAATCGTTCCTCAGGG-1,-1.1695585585185924,-4.250865342031991
GACACGCAGACGCCAA-1,1.7549825642597168,1.2515876846982015
GACACGCAGTTCTACG-1,1.5909694628399587,-2.652343293142933
GACACGCTCCATACTT-1,8.227125654749633,-5.722018097791093
GACACGCTCCATTTAC-1,2.3561814986204386,-6.388145114256524
GACAGCCAGCGAGTAC-1,-4.150576213863168,-3.525640308309548
GACAGCCAGCTTTGTG-1,0.8635507849072432,-8.342650876145049
GACAGCCAGTTGCTGT-1,-0.7371070420385596,-1.5652111349404727
GACAGCCCACTGAGGA-1,1.1051249506865866,0.6866605467707021
GACAGCCGTAATGATG-1,8.172137250358242,-5.709446331594933
GACAGCCGTCCCTAAA-1,2.8783171036928876,-0.7255168310467094
GACAGCCTCATTCACT-1,6.468731128574686,-5.653744592806736
GACAGCCTCCTCACTG-1,-1.7952699753334935,2.572308871105306
GACATCAAGTCTGCGC-1,-3.1058117570733677,0.36253688789402866
GACCAATAGCTGCCAC-1,3.5537271338097467,-1.147865464295708
GACCAATAGTGATTCC-1,-3.9844676407348327,-2.5061170654235947
GACCAATCAACATCGT-1,-0.3972428413296463,-7.024700811727478
GACCAATCAATGTGGG-1,1.0971663628561854,0.7398814556122995
GACCAATCACAAAGTA-1,0.018364565469375153,-5.39548881042388
GACCAATCATTGCCGG-1,-1.8716152065835132,0.6026301831390497
GACCAATGTATTTCGG-1,1.8284813882867614,-1.5606756613068935
GACCAATTCGGTAACT-1,5.191355179427857,-7.531212431181818
GACCCAGAGACTTCAC-1,3.5916253443902226,-1.110270226196655
GACCCAGAGATGATTG-1,-3.2109707872119473,0.7422633371494453
GACCCAGGTATGAGAT-1,0.5919716981530508,-3.622886270628558
GACCCAGGTGGATGAC-1,7.137770615385363,-0.7828328898877032
GACCCAGGTTAGGCTT-1,0.7956651458441871,-0.7831211722594206
GACCCAGTCAGCTGAT-1,4.196146880010326,-3.198104867168278
GACCCAGTCAGTGGGA-1,3.000149694095884,-6.954233804294554
GACCCAGTCTCACTCG-1,6.987960401608525,-0.714453071788185
GACCCTTAGGCCACCT-1,5.8944929216817235,-1.9341283690201614
GACCCTTAGTACTCGT-1,-3.2474340579693624,-1.4127999762929775
GACCCTTCACCAACAT-1,-5.537008981778324,-3.474934285431315
GACCCTTGTTTGGCTA-1,2.57123082795059,-1.8871495489632482
GACCCTTTCAGCTGAT-1,5.722065783719815,-3.9227041585144238
GACCCTTTCGACGACC-1,1.2674595970949243,-0.6602366233561551
GACCGTGCACTATGTG-1,5.907890336105122,0.03803252322406256
GACCGTGGTGGATACG-1,0.7624163319049018,-2.7266537806675917
GACCGTGTCCCTGGTT-1,3.259981908990198,-2.4629937237089936
GACCGTGTCTACGGTA-1,3.4922098193660505,1.3395933460410423
GACCGTGTCTAGAGCT-1,7.545823527253452,-1.885797793654517
GACCTTCGTAAGCTCT-1,3.5469447538448975,-3.8420450306229834
GACCTTCGTCAGGTAG-1,-1.3724712710114377,-0.22980265998255103
GACCTTCTCTTACCGC-1,1.2398255503816884,-4.936585583579579
GACGCTGAGTCCGTCG-1,2.307269743240919,-1.6106154228316
GACGCTGCACTCCGGA-1,-1.1547741260586641,-2.054603642965282
GACGCTGGTACCTATG-1,-3.1883409144803703,0.6043604559893729
GACGCTGGTACTGAGG-1,-4.07627761745279,-0.299144033646342
GACGCTGGTAGCTGAG-1,0.7398343105203017,-8.494658711981419
GACGTTAAGCACGGAT-1,2.1480310401399514,-8.137839662450316
GACGTTACAGAGCGTA-1,6.806238788538987,-0.7495348793196235
GACGTTACATCATTGG-1,4.908198172160254,-3.7250231624853076
GACGTTATCATCAGTG-1,-0.2338496667493074,0.9078210893180725
GACTATGAGCACTCTA-1,-3.206950473027195,-1.4078664387171755
GACTATGAGCCTGAGA-1,2.74815201789307,-0.7132475541353829
GACTATGAGCTGTACT-1,2.616993070594985,0.47362420819079587
GACTATGCAACAAAGT-1,-2.5627470975297366,-1.7734230959829158
GACTATGCAACGTAAA-1,0.7173175350629276,-0.11543190863342767
GACTATGGTAACTGCT-1,2.325673981321341,-0.4095356727300674
GACTATGTCACGTAGT-1,1.002898118979257,-7.144069251583938
GACTATGTCTAGTCAG-1,4.4138004207296815,-5.584122637962982
GACTCAAAGTGCTAGG-1,-2.3370926820861833,-4.062654846569643
GACTCAACATTGTAGC-1,2.207696871662688,-4.734302673478886
GACTCAAGTAGACTGG-1,-0.2190031156397875,-4.538585359134959
GACTCAATCAGAGTTC-1,8.18469304316473,-1.976693909559037
GACTCAATCATGAAAG-1,0.9947133003667628,-0.30363282284454274
GACTCAATCCCAGCGA-1,3.052034597734462,-3.1881248539604434
GACTCTCAGATAGGGA-1,3.351770571631591,1.008586499698893
GACTCTCAGTTTGAGA-1,1.0621660284845302,-4.971708969438287
GACTCTCCAAGGTCTT-1,3.009659758399028,-0.3338335697072494
GACTCTCGTAGACACG-1,-1.0977123560988737,-4.290788200069835
GACTCTCGTTTCCATT-1,3.5406137996198885,1.4169687321595432
GACTCTCTCAAGGAGC-1,0.975241867153008,0.7242885149744064
GACTCTCTCTCCGCAT-1,4.386152917431051,-5.337838203986801
GACTCTCTCTGATGGT-1,5.127734750251927,-2.9115010449688814
GACTCTCTCTTGTGCC-1,3.3538595959196953,-5.4817337763109
GACTGATCACATACGT-1,4.4783041846650935,-7.485641339916793
GACTGATGTTCGTACA-1,1.9096904234027083,-0.7954405234918489
GACTGATTCCATCTGC-1,5.2148295651174426,-6.567337982733972
GACTGATTCGTTGTAG-1,6.711466032017327,-4.068414594090425
GACTTCCAGAGTCAAT-1,0.6139431735114926,-2.0670497044049854
GACTTCCAGGTCCCGT-1,8.63060728933235,-1.3874412575736028
GACTTCCCAATCGCAT-1,4.391537750008818,-1.291729235682608
GACTTCCGTCATCGGC-1,0.05580300635464614,0.03413399039455901
GACTTCCGTGACAGCA-1,4.225781742381377,-0.07412971161637288
GACTTCCTCCACAGGC-1,-3.1435851596640867,0.5597508069966515
GACTTCCTCCCGTAAA-1,3.3716246419683227,-3.0181696883110556
GACTTCCTCGAGTGGA-1,6.970124803901113,-2.1403146888592945
GAGAAATAGCTAGTTC-1,8.18310794553094,-5.675540980455186
GAGAAATCAACCGACC-1,-1.835169947790894,-1.5446965423733026
GAGAAATCAATTGAGA-1,-1.2814860724914865,-4.827702587015531
GAGAAATCACGCTTAA-1,-2.581247772375401,0.2599793135846071
GAGAAATCAGGGCTTC-1,-1.1560532972728015,-1.128063415080601
GAGAAATGTAGGCTCC-1,1.3115696501009622,-3.6930684099565374
GAGAAATGTCCATAGT-1,-1.712373220041174,-1.8894436214764148
GAGAAATGTGACCTGC-1,4.196500432645158,-5.330090819715068
GAGAAATGTTAAACCC-1,3.1840116868162545,-5.806999158172513
GAGAAATTCCGTCCTA-1,3.542410595493468,1.4573757342068576
GAGACCCAGCGACTAG-1,0.2414401616360569,-6.123845062346547
GAGACCCGTGCAACAG-1,3.125325592872272,-1.022193910145862
GAGACCCTCAAAGCCT-1,-1.8523634468241175,0.6745398556722616
GAGACCCTCATCGGGC-1,1.852605649606154,-1.501211086026603
GAGACTTAGCGTATAA-1,-3.0784876784254527,0.646880734032021
GAGACTTAGGTCCCGT-1,-1.6740397221063483,-5.0549275300721455
GAGACTTCACAATGCT-1,4.170867825645754,-0.8698892632313445
GAGACTTCACGTTCGG-1,1.036774833396349,-2.448946294227941
GAGACTTCACTGTCCT-1,3.6227724205173693,-2.142181556169607
GAGACTTGTCGCTGCA-1,3.8243748797645885,-5.838257561010921
GAGACTTGTGTTCCAA-1,3.9813655191708714,-0.29445614010422166
GAGACTTTCAGCCCAG-1,1.519233161838724,-2.8007770402659777
GAGACTTTCCTCACCA-1,4.6405651453539045,-2.157763431996121
GAGACTTTCGCCCAGA-1,5.922316129424558,0.28642323171277406
GAGACTTTCTGAGTCA-1,-2.7474755261140196,-2.715108557268917
GAGAGGTAGGAACGAA-1,4.163428899109873,-1.6707626462249106
GAGAGGTAGGGACCAT-1,8.309474945632006,-1.4457314980079519
GAGAGGTCAGGACTAG-1,-3.250122223933694,-1.4313509193440588
GAGAGGTTCTCTAGGA-1,-2.913880916501037,0.5366470622174042
GAGATGGAGAAACACT-1,-0.6107065146085102,-3.138951577714417
GAGATGGAGGGCAAGG-1,-2.349961827204827,-2.1300056476196354
GAGATGGAGGTTACAA-1,0.8062278349661678,-2.8442477805748716
GAGATGGGTAGACAAT-1,5.328736106814578,-1.217966495627325
GAGATGGTCCAAGGGA-1,-5.597545686631384,-3.3646379675802396
GAGATGGTCCGATCGG-1,-0.33124563060868606,0.015283924075910003
GAGCCTGCACTTGAAC-1,5.464694110556023,-1.0638699800951328
GAGCCTGGTGTATTCG-1,-0.537355014308691,-0.49058221396142093
GAGCTGCAGAAGCGGG-1,4.257167142306676,-0.19362102212423304
GAGCTGCAGTTCAACC-1,3.9822511229915847,-3.2568319906410146
GAGCTGCCAGCATTGT-1,3.4732938831156517,-4.974922562457028
GAGCTGCTCTGACCCT-1,1.7806349720232488,-5.643185780378187
GAGGCAAAGAATGTTG-1,-2.1023523872160452,-1.6453579602451283
GAGGCAAAGGAGTCTG-1,6.5938586748257215,-4.161130990983247
GAGGCAAAGGGCGAGA-1,-0.8432960377737322,-0.2982312899898062
GAGGCAAGTCGGATTT-1,5.223147554830041,0.21643849981632388
GAGGCAAGTTCTCTAT-1,-3.0302667951665563,0.5570782528243794
GAGGCAATCTTTGCTA-1,2.527302297661538,-1.9368002904599293
GAGGCCTAGACAGCGT-1,-0.7001821133246252,-7.161392615237556
GAGGCCTAGGTTGACG-1,1.1648611080133655,-5.197685163505572
GAGGCCTCAAACTAGA-1,7.28110901010111,-2.371030169208622
GAGGCCTCAGCAAGAC-1,1.9719850107683783,-1.5004161673031153
GAGGCCTCATACAGCT-1,-2.926277234856431,-8.434882924817042
GAGGCCTGTCCACAGC-1,2.0405509612095614,-8.238981799720394
GAGGCCTGTGGAACAC-1,0.6843209045033248,-1.7362380032791775
GAGGCCTTCAGCTAGT-1,1.5460570400312394,-2.128988142290981
GAGGGATAGGCTATCT-1,3.3775497477923255,-4.789934312271944
GAGGGATGTATCGCAT-1,-2.051885203799935,-5.4123039030482705
GAGGGATGTATGATCC-1,-0.5208880894866206,1.11130871259809
GAGGGATGTCCTCAGG-1,-0.5486900118766915,-7.000919444317247
GAGGGATGTGATAGTA-1,7.306726177117431,-2.4474016008000072
GAGGGATGTGGACTGA-1,8.204844728288345,-1.6254428433692014
GAGGGTAAGGACGCTA-1,0.8855558003167114,-3.6766201960040568
GAGGGTACAAAGAACT-1,-3.3341622093918715,-1.4405584492041767
GAGGGTACAAGAAACT-1,-0.29826665402120806,0.4997944488063459
GAGTCATAGTGTACAA-1,6.062285203617528,0.1090754659566106
GAGTCATCAAGAGGCT-1,6.851720587703937,-4.092387120212675
GAGTCATCACCATAAC-1,-1.8620407928568656,0.5291650707756569
GAGTCATCAGTTCACA-1,1.7703257389042926,-3.284407797825468
GAGTCATCATTCGATG-1,-0.1395182500021489,-0.3597501838574377
GAGTCATGTACAAGTA-1,-2.97902718841158,-8.214464462426665
GAGTCATTCGCAGTGC-1,-3.019245098996947,-8.439024579816971
GAGTCTAAGCGGTAGT-1,1.006458606694797,-8.267435523460826
GAGTCTAAGTATCTGC-1,0.18961754333675768,-2.44064271814181
GAGTCTAAGTGGATTA-1,0.05255385381430598,-2.574345602593579
GAGTCTACAATCAGCT-1,2.406575963288894,-6.449409519042356
GAGTCTAGTAGGACCA-1,2.7906919216473263,-1.704432160424896
GAGTCTAGTATCGCTA-1,1.4178621073160596,-4.758840120874463
GAGTCTAGTGCATTTG-1,0.866791761092771,0.4822319267533248
GAGTGAGAGTTCTACG-1,1.6198582060899525,-4.21859145542872
GAGTGAGCAAACTCTG-1,-0.8476212497344521,-3.2662063219903845
GAGTGAGCACCCTAAA-1,6.693689203279117,-7.033061658847968
GAGTGAGGTTCGCGTG-1,1.1353187582346018,-6.283513364928731
GAGTGAGTCAAGAGTA-1,1.385375371153848,-3.5435364492943826
GAGTGAGTCGGTCGAC-1,0.9850005700468155,-8.231330580826043
GAGTGAGTCTTCTCAA-1,-1.8257162626931287,2.583671924723707
GAGTGTTAGAACAGGA-1,4.870046802193514,-3.763353683377115
GAGTGTTAGCATTTCG-1,1.15878731983499,0.7086188536923478
GAGTGTTAGTAAGGGA-1,1.0829467666197652,0.6989747118999097
GAGTGTTCAGTGTACT-1,4.156212185446422,-6.458041868313561
GAGTGTTTCATTCATC-1,5.262602896664891,-1.3785955166606019
GAGTGTTTCTGTAACG-1,1.2505876324919512,-4.897843036585114
GAGTTACAGCGACAGT-1,3.748301343983311,-3.9607560568565177
GAGTTACCAGCATGCC-1,0.7276465040402132,-8.422715508855921
GAGTTACGTCCCTGAG-1,2.2496660953920222,-0.5990174664237723
GAGTTACGTGTATTGC-1,5.446375793951228,-4.400707164175583
GAGTTACGTGTTCGAT-1,-0.04363786381201378,-2.8857315585123584
GAGTTACTCCTAACAG-1,1.9675566464890792,-2.6857713226401754
GAGTTGTAGAAGTCCG-1,-3.0378002192345197,-8.464457563575582
GAGTTGTAGCATTGTC-1,-1.2161929229550914,-1.9938046231018947
GAGTTGTAGCCGTCGT-1,2.1495738099226718,-8.014920914564588
GAGTTGTAGCGTGAGT-1,-2.31148729762485,-5.885423980543324
GAGTTGTCAAGGCTTT-1,3.358698569542024,-3.6155088352118057
GAGTTGTCACCAGACC-1,-0.15837800987838377,0.08445827642898537
GAGTTGTCACCTTCGT-1,4.102968587368835,-6.260919386757066
GAGTTGTCACGATTCA-1,5.37510264155052,0.7911542221192094
GAGTTGTGTATTCTCT-1,-0.7036815322642069,-2.4983255090051086
GAGTTGTTCCTGCCAT-1,-0.7215011666016365,-1.4770031354156263
GAGTTGTTCTAGACAC-1,-0.3211286709443708,-5.869341240524824
GAGTTGTTCTGAGTCA-1,2.2163737436218844,-8.360561777923625
GAGTTTGGTCAGTCGC-1,3.070854384953279,-4.231690018184287
GAGTTTGGTCCAAATC-1,3.21326820742212,-3.8672918959663
GAGTTTGTCCCTCTAG-1,7.029584015140695,-0.836184074861296
GAGTTTGTCCGATGCG-1,2.1208709760506146,-8.18487285092307
GAGTTTGTCGGCATTA-1,5.298070450998895,-4.157537367662443
GATAGAAAGTAGATCA-1,4.312806224561443,-1.5069560382918576
GATAGAACAAAGGCTG-1,-5.618755612021164,-3.315378821278478
GATAGAACAGGCAATG-1,-0.727693505191245,-7.3385967959058815
GATAGAAGTCACTCAA-1,-4.049960255806791,-0.2547776697969593
GATAGAATCTGCATGA-1,-0.9790946602368703,-4.157526261805294
GATAGAATCTTACCAT-1,-2.8804311386987034,-1.3405565137603215
GATAGCTCAACTCGAT-1,0.6634171000118709,-2.0075167033541343
GATAGCTGTCTCAGGC-1,-2.0677912070859734,-4.556573116944764
GATAGCTGTGAGTTGG-1,5.757739842211968,-3.884843975398583
GATCACAAGGAGTACC-1,4.648339438797245,-5.625306228473322
GATCACACAGAGTGAC-1,5.529892580794303,-3.8050776998556763
GATCACACATCCGCGA-1,1.6677792385943364,1.3198409069477919
GATCACAGTAGGAGGG-1,-2.7708521251763365,0.4180332100017113
GATCACAGTATCACCA-1,-1.1610127096861804,-2.7510780557857117
GATCACAGTTCCCACT-1,4.266119998376125,-1.7805578843853318
GATCACATCGTTCCCA-1,3.5447479012047416,-5.22914141403597
GATCAGTAGGATTCCT-1,-3.195827770263939,-1.4047257692051895
GATCAGTCAAGTGATA-1,-2.401267790940684,-6.091200659321335
GATCAGTGTTCGGCTG-1,-0.4794583148828462,-1.5100479379848886
GATCAGTGTTGCGAAG-1,3.835008687620589,-2.087313952881265
GATCAGTTCAGTCACA-1,2.992399486673142,-5.494621423553554
GATCAGTTCGAGAATA-1,2.986511819963622,-4.827731168989831
GATCAGTTCGCCATAA-1,3.154085292575084,-1.9822368816188642
GATCATGCAGCTCTGG-1,1.7493323318004323,-2.16424947753447
GATCATGTCAAATGCC-1,2.7601389165397436,-0.6315015939082513
GATCATGTCAGGAAAT-1,1.8170415639626154,1.4431565857199147
GATCCCTAGGTCACCC-1,0.816432750143767,1.180280644496467
GATCCCTCAAGGCAAC-1,-1.8211627553278371,-1.650041768725901
GATCCCTCACCAGTTA-1,2.614455795572316,-3.2719678251087987
GATCCCTGTCCTCATC-1,2.082472334597528,-3.080342607479609
GATCGTACAACCGGAA-1,5.405035981037184,0.5840836334504715
GATCGTAGTAAGATCA-1,7.437455431146499,-1.6801850941455168
GATCGTAGTACAAAGT-1,3.316551377331861,-1.6221000946628883
GATCGTAGTCCACGCA-1,3.055326295350082,-0.26251769001928343
GATCGTATCAGTCCGG-1,6.517524451270914,-5.779771996897053
GATCGTATCCACGTAA-1,-3.04278716747761,0.49496429027785555
GATGACTAGCCGATCC-1,-1.093439718350858,-4.3480596320380664
GATGACTAGGAATCGC-1,3.236585194701616,-3.562205006577153
GATGACTAGGGTTAGC-1,3.8074341579363415,-2.71237780764164
GATGACTAGTGGCAGT-1,7.264774782141166,-2.5427908936391455
GATGACTAGTGGTGAC-1,-2.0242612710870556,-5.290423381095511
GATGACTAGTTCCATG-1,-0.3650429299741844,-2.662989829974379
GATGACTCAATAAGGT-1,1.16014508848539,-6.336387884915359
GATGACTCAATGCAGG-1,-3.9863021452975698,-4.70325308646714
GATGACTCACCGGTCA-1,-2.021523385103536,-2.4751872829215134
GATGACTCATGTCTAG-1,7.218102553757613,-2.050165462677222
GATGACTGTACCGGAA-1,2.0618908610222673,-3.5151787507936976
GATGACTGTCGCATGC-1,6.177135940381674,0.2997427974810279
GATGACTTCAGCTGTA-1,0.752754770725448,-0.1403871151998845
GATGAGGCAGCACAGA-1,1.6838598433106573,-1.5679742291572387
GATGAGGCATGAAGGC-1,3.6910590718779863,-0.7347367385410929
GATGAGGGTGCCGTAC-1,4.641460694830239,-5.599273814838134
GATGAGGGTTCGTACA-1,5.006165952199763,-1.4726674644719855
GATGAGGTCATGCTAG-1,4.2760748400049575,-0.30107420593839085
GATGATCCACTCCCTA-1,-5.148390729828,-3.5502807935682696
GATGATCCATGACTTG-1,-0.6611194479920972,-0.40623823821113775
GATGATCCATGTACGT-1,-0.3624650818622413,0.9818990928191726
GATGATCGTCCCTGAG-1,1.1650410383170513,-3.050401560886504
GATGCTAAGGTAAACT-1,-1.2388029455893856,-4.235944400906487
GATGCTAAGTTGAATG-1,-1.437000383278602,-2.1209233712403623
GATGCTACATGACACT-1,0.3978710883769754,-1.0961312913456092
GATGCTAGTACTCCCT-1,0.4636869153977366,-2.1031162624373403
GATGCTATCGCTCTCA-1,5.445399283038817,-1.2991822215837876
GATGCTATCGTGTGAT-1,-0.13348044425370592,-2.8990054348990126
GATGGAGAGCTACTAC-1,4.482235608993534,-5.109158011466055
GATGGAGCACAACATC-1,2.9977086372910895,-6.870410353628986
GATGGAGCACACGGAA-1,7.431262027965964,-1.825046238725529
GATGGAGGTGGCGCTT-1,-1.1114785624123562,-2.11250656623381
GATGGAGGTTACCTTT-1,0.6775913612124981,-2.1655466739381044
GATGGAGTCTCGCTTG-1,-0.7885981998394673,-3.855160551154621
GATGTTGAGGTACATA-1,6.867720516894383,-7.14025317181626
GATGTTGAGTGATCGG-1,-0.539349065128365,-1.110892741317614
GATGTTGAGTGATTCC-1,4.057722817844381,-6.020990834379545
GATGTTGCACCACTGG-1,2.2842161525599325,-4.664289689873851
GATGTTGCACCGGAAA-1,0.7869587271672126,-1.9969670090714173
GATGTTGCACTACCGG-1,-0.24777797851428465,-5.95828161812969
GATGTTGCAGCGTACC-1,-2.388941969238311,-6.116052997307627
GATGTTGGTTACCTTT-1,-1.1194184261763438,0.3627719719287309
GATGTTGGTTGTTTGG-1,2.4775877099862296,-1.9547851353138164
GATGTTGTCACCGGTG-1,3.393838302276947,-1.4376020356789772
GATGTTGTCCCGTGAG-1,1.9071429859654516,-3.977160215969145
GATGTTGTCGATAACC-1,5.320526369355225,-5.314473018469188
GATTCGAAGGTTATAG-1,8.401449737626653,-1.7313211250892457
GATTCGAAGTATGAGT-1,-4.687127878220911,-3.5082211039204583
GATTCGACACGTGAGA-1,5.192394606307127,-1.516589000439207
GATTCGACATGGAAGC-1,-2.9673427198044053,-8.396635324023746
GATTCGAGTGATAGAT-1,5.932472995681108,-0.12274365078769384
GATTCTTGTAAGCGGT-1,-2.9973677833683534,0.520834140856775
GATTCTTTCCTCTCTT-1,4.098072084479478,-6.241827530828232
GATTGGTAGAGTACCG-1,-1.7629920450100787,-3.598370838419046
GATTGGTAGGGAGGCA-1,0.8619289837005876,-0.9894183269189076
GATTGGTGTTGGACTT-1,4.442077525653034,-7.513185039824305
GATTGGTTCATCACAG-1,2.389520851384358,-6.315709007462126
GATTGGTTCCAATCTT-1,-1.0718905728705304,-2.2619958483428872
GATTGGTTCCTTCACG-1,7.281504615381698,-6.402072960677325
GATTTCTCAATACGCT-1,3.904219380935179,-6.07308060357244
GATTTCTCATACCACA-1,4.159813584424954,-5.8741773055312265
GATTTCTGTAACGTTC-1,-2.7618934774044654,-2.755112240270722
GATTTCTGTTGTTTGG-1,3.5028208156073455,-5.513685218113825
GCAACATAGAAAGCGA-1,6.05443464128955,0.08515995917057134
GCAACATCACCCTAGG-1,-2.0401633332342364,-5.212225825146168
GCAACATCAGACATCT-1,5.393127677247997,-7.819466031949552
GCAACATCAGTTAAAG-1,3.9003897201898146,-5.0004848648850055
GCAACATGTGAGCAGT-1,-0.5507605600556379,0.9249585141672094
GCAACATTCATAGGCT-1,0.5719242062019702,-0.08188554878648059
GCAACCGAGTCATACC-1,2.2671727783950506,-8.268168823707336
GCAACCGAGTGTTGTC-1,-0.7887884056889742,-3.2045458673788594
GCAACCGGTAGTGATA-1,-1.8568799178212287,0.43968601680021896
GCAACCGTCGGAATTC-1,1.072748640605293,-4.227726367920935
GCACATAAGTGGTCAG-1,1.132715929465171,-1.417265404501839
GCACATACATACCACA-1,3.296952362229121,-2.983177884495377
GCACATAGTGGCAGAT-1,0.4517202052098015,-3.474356104961738
GCACATAGTTGAGTCT-1,4.395577048298308,-5.475040189678585
GCACATATCAACCTCC-1,3.164989664395627,-0.9492208630608773
GCACATATCCTTACCG-1,4.840174587580649,-3.391382764723293
GCACATATCTTCGTGC-1,0.8311746793206755,-2.1589558306674483
GCACGGTCACTCCTGT-1,5.444390183307194,-3.8776983370805707
GCACGGTCATCAACCA-1,-0.4436032415834164,-6.260539792231793
GCACGGTGTAAGCTCT-1,-0.0115665912947862,-5.689713201778613
GCACGGTTCGCGCCAA-1,0.3474061549443839,-3.64552155364819
GCACGGTTCGTGGCTG-1,1.2653554136518568,-3.8790234192812005
GCACGGTTCTACGGTA-1,2.5319354960024745,-5.684847264967702
GCACGGTTCTATGCCC-1,-0.2287048303619708,-0.49056953570865786
GCACGGTTCTGGTGCG-1,2.5712300294618635,-2.009213750144693
GCACGTGAGAGGTGCT-1,5.696177474390764,-7.654642379404597
GCACGTGAGTCCTACA-1,-2.33933744556207,-1.548773640233432
GCACGTGCAAAGCTAA-1,8.265578940545074,-4.311587594326386
GCACGTGCACAGCTGC-1,1.3111731551389119,-4.142089877258758
GCACGTGCACGGTGAA-1,2.565912278969531,0.4458676464716503
GCACGTGCACTGCGAC-1,0.4165455440793938,-7.230877580082399
GCACGTGTCAGTCACA-1,8.210241473381473,-1.7536471774352023
GCACTAAAGTGCCCGT-1,0.7239398388299769,1.1333205412092302
GCACTAACAGTGACCC-1,-2.131571091209657,-4.073124762750243
GCACTAAGTAGTGTGG-1,0.16727012077335668,-4.540018549627278
GCAGCCAGTTTCACTT-1,0.041295224328377914,-1.1304380672938434
GCAGCCATCCACAGCG-1,2.1750191967563,-3.4308549764664185
GCAGCTGAGTCATACC-1,1.6677983715720217,0.13119035632326514
GCAGCTGCAACTCGTA-1,-2.370533339458428,-6.030304628477878
GCAGCTGCACGTATAC-1,0.5665524634666976,0.9422489605264162
GCAGCTGCAGACTCTA-1,-2.0827069105467078,-5.148703594906391
GCAGCTGCATAAGCAA-1,0.0561756519186443,-0.687639414338954
GCAGCTGGTAATCAGA-1,-1.2672922602687484,-2.2485520680755893
GCAGCTGGTACTGCGC-1,-1.0118660868956426,-0.42119900406685296
GCAGCTGGTATACCTG-1,7.214807029144651,-2.2174358771041978
GCAGCTGGTCTTCCGT-1,-2.6870737407782284,-2.7125648533784745
GCAGCTGTCACTCCGT-1,4.182426159737283,-0.3468614240830102
GCAGCTGTCGGTATGT-1,-1.8714479612852768,2.4654733342019353
GCAGGCTAGACATAAC-1,-0.4335989507208335,1.0970609165255347
GCAGGCTAGCTCAGAG-1,2.5146831185396357,-1.8848323720476643
GCAGGCTAGGGTAATT-1,3.6982479400339052,-1.6243466169069583
GCAGGCTCACGTTGGC-1,-5.473286865227751,-3.359200892894283
GCAGGCTGTTGTCTAG-1,8.031142146903248,-1.6818038857184041
GCAGGCTTCCACTGGG-1,-5.528355825780016,-3.465232732067901
GCAGGCTTCTACTCAT-1,5.506488278643584,-7.802044547156213
GCAGTTATCCCATGGG-1,8.558139718351772,-1.534298993422933
GCATCGGAGCATACTC-1,3.333834540488833,-2.9758117915137174
GCATCGGGTCTTCATT-1,0.9925864331804048,-2.3196934761516133
GCATCGGTCCGTTTCG-1,6.389631065354668,-5.614920674329019
GCATCGGTCGTTGCCT-1,-1.4460441202607077,0.7655753204675176
GCATCTCCATCACGGC-1,-1.2734310399133901,1.2520168860440157
GCATCTCTCATGCCAA-1,-0.29321912506287595,-5.940067767346857
GCATCTCTCTACTGAG-1,3.5115745336014164,-4.9566911243663645
GCATCTCTCTCGAGTA-1,0.9228902825483979,-5.584533471812045
GCATGATAGGAGCTGT-1,4.026149561512191,-2.1580320663291155
GCATGATCAGAGATGC-1,0.7970706631761877,-0.05548315329701215
GCATGATGTATTGACC-1,3.479177606430201,1.4866637323419545
GCATGATGTCTTGTCC-1,-0.5937051226135817,-3.1447871727207004
GCATTAGAGGATCATA-1,3.3707932341269196,-5.578682307905836
GCATTAGAGGGAGATA-1,6.7278826021582745,-4.0649228194524
GCATTAGAGTACAACA-1,-1.852048727206094,-4.817929678144938
GCATTAGCAACCGTAT-1,2.9527219757551637,-1.5300011781957161
GCATTAGCAGAACCGA-1,7.788657066182977,-6.032800837921228
GCATTAGCAGCAGTCC-1,-4.013748397060897,-0.22014214415593908
GCATTAGCAGTCTACA-1,-0.1303572148091995,0.31492948956710787
GCATTAGCATGTTTGG-1,2.354646555855087,-2.610941342460863
GCATTAGGTAGGCTCC-1,1.1392123286127844,0.6605031534666244
GCATTAGGTTGTAAAG-1,3.7879520526644206,-6.071287772439692
GCATTAGTCAACTACG-1,-0.6284613039058579,-1.5332328181684016
GCATTAGTCGAGATAA-1,1.1180069548111742,-4.262489068763681
GCCAACGGTGAGACGT-1,2.2337087798809074,-1.6882736833405463
GCCAACGGTTTCGTTT-1,1.6879473034029844,-2.1729905576299884
GCCAACGTCAGGAAGC-1,-1.9504502933570431,-5.569881386809655
GCCAGCAAGTCGCCCA-1,-0.14544599222478377,-2.99415524495752
GCCAGCACAACCTATG-1,0.4860283239020686,-2.0400544873454867
GCCAGCACATGGGCAA-1,-3.8373684366056615,-4.792503987419152
GCCAGCAGTTGGCTAT-1,2.051852411308319,-0.5431252775709393
GCCAGGTAGACAACAT-1,2.8549713500457963,-2.5315607733405217
GCCAGGTCACAGACGA-1,0.43260650414998714,-2.713926736248948
GCCAGGTGTAAGTCAA-1,4.549707404358731,-7.151389286542582
GCCAGGTGTGTCCGGT-1,-0.41596328955375367,-7.017247771660912
GCCAGGTGTGTGATGG-1,1.9059552937765953,-0.5960267141958949
GCCAGGTTCAGATTGC-1,3.2550727506991737,-1.3040341656358325
GCCAGTGAGAAGGGAT-1,1.7827309255274302,-4.610641527373846
GCCAGTGAGCCAGAGT-1,1.2275568785368487,0.4045180385189822
GCCAGTGCAATACGCT-1,2.439992054867433,-3.209431466032004
GCCAGTGCAGCGTACC-1,2.072186496668022,-6.129040524019027
GCCAGTGGTAAGTAGT-1,1.9485351069755656,-3.276331295753324
GCCAGTGGTCCAGCCA-1,-3.930670830632289,-4.824956179970392
GCCATGGAGAGGTATT-1,0.7200854264586747,-2.339797252118636
GCCATGGAGCTTAGTC-1,5.291846616542499,0.7219223553250212
GCCATGGCATACATCG-1,-1.4833281643149183,-2.615485463154035
GCCATGGGTGGCTAGA-1,0.7053386293366354,-8.452753183453545
GCCATGGGTTAGGCTT-1,0.43185382510344,-1.4472873699305162
GCCATGGGTTGCCTAA-1,-0.45232268637411666,-6.993568276669298
GCCATGGTCCACGGAC-1,1.7629382109321605,-7.483166373261878
GCCATTCAGAAGCTGC-1,1.344509010126113,-4.92449121932952
GCCATTCCACCAAATC-1,7.743268010993818,-5.890494336081707
GCCATTCGTACTCGTA-1,0.2072974755787024,-4.503890297542984
GCCATTCGTAGCTGTT-1,-3.1476679924686017,-1.4273128493790388
GCCATTCGTCAAACGG-1,-0.1805132703067416,0.3346453371502411
GCCATTCTCTCGTCAC-1,5.836797079766789,-5.242266235489565
GCCCAGAAGTCTGCAT-1,8.14052575191255,-5.601768815289266
GCCCAGAGTTTACGAC-1,1.619500942988118,-0.6875374509637822
GCCCAGATCACCTGGG-1,2.747688529688618,-2.202568702423843
GCCCAGATCACGACTA-1,3.507152872802709,1.437250959380317
GCCCAGATCCTCACCA-1,0.7920891155576595,-2.044686192896418
GCCCGAAAGGGTTAGC-1,8.240905986904087,-1.6032452750436827
GCCCGAACATGCGGTC-1,-1.7095204440360905,-5.589892809465699
GCCCGAAGTAACCAGG-1,2.6720535774566923,-2.722761981555942
GCCCGAAGTAAGTCAA-1,8.476817912611105,-1.5652680813331088
GCCCGAAGTAGAGACC-1,4.541765273717602,-5.833702794230415
GCCCGAAGTATGAAAC-1,4.6159799768765195,-7.286896199905826
GCCCGAATCCACTAGA-1,0.8157880786933627,0.5734680691864982
GCCCGAATCTATCGCC-1,-0.6953007503980452,-1.9541828651658038
GCCGATGAGAATGTTG-1,-2.3555229121350343,-4.183218437459299
GCCGATGAGGAGACCT-1,-0.46975740009328604,-0.308096453431164
GCCGATGAGTCGGGAT-1,-3.9229934913870244,-3.5068644334006316
GCCGATGCAGTTGGTT-1,4.40288832930028,-7.323512923084904
GCCGATGCATAGTCAC-1,1.6991205977973893,-2.506795286559091
GCCGATGGTCGTGGAA-1,-1.1637452747800634,-2.0626447852461647
GCCGATGGTCTCAGAT-1,2.1543835572660535,-2.716795128448307
GCCGATGGTTCTAACG-1,5.059289755710106,-1.5223403274351528
GCCGATGTCGTGAGAG-1,1.071233322430622,-6.363189116116356
GCCGATGTCTTGCGCT-1,2.200016659130974,-8.199723280228424
GCCGTGAAGAGCATAT-1,7.330522658864548,-2.4220673391938465
GCCGTGAAGCTTTGTG-1,5.440667151577204,-1.209101903715515
GCCGTGAGTCAACGCC-1,6.6308214319137635,-7.161135129841001
GCCGTGATCTTCACAT-1,-2.5100977754775413,-0.2250244335215315
GCCTGTTAGCCGGATA-1,7.753156867812851,-1.49190809818058
GCCTGTTAGTTCCGTA-1,3.7475061505532667,-2.9925091408359976
GCCTGTTCAAATGAAC-1,8.286236008199516,-1.7318042460285321
GCCTGTTGTACTCGAT-1,2.303814154135201,-2.1318652676919045
GCCTGTTGTGCTCCGA-1,-1.4544050653548868,-0.19292715111309214
GCCTGTTGTTCTCTCG-1,5.476764928384076,-0.3569366632803194
GCCTGTTTCTGTGTGA-1,-0.058877516135442044,-1.8223675797433325
GCGAGAAAGACCAGAC-1,4.311308479061913,-7.609325779066767
GCGAGAAAGCGTCAAG-1,4.512762422004699,-7.647730535203383
GCGAGAAAGGCTTAAA-1,4.207265067120141,-0.24171690401965482
GCGAGAACAAAGAGTT-1,-0.79900878624631,-1.593014069945826
GCGAGAACAGAGTCAG-1,-1.9196033101633434,-5.430322096959212
GCGAGAAGTAGCGCCT-1,-2.9433050081536347,0.6494798227033661
GCGAGAAGTGGCAGAT-1,6.243054536589873,-1.9787513865546928
GCGAGAATCAAACGTC-1,3.2442403084938043,-5.572820690630782
GCGAGAATCCCAAGCG-1,-0.9808536680919387,-2.248130253741079
GCGAGAATCGTGACTA-1,-0.6098256833411819,-0.0621837652829243
GCGATCGAGCAAGGAA-1,1.084770558867411,0.7460377226835571
GCGATCGCACGGTGAA-1,-1.8412735692759834,0.5588910060614064
GCGATCGGTTTACACG-1,5.481771796181637,-9.343537433082842
GCGATCGTCACGTAGT-1,-1.9039134498923995,-5.711873320813384
GCGATCGTCATGAAAG-1,2.505855140788737,-3.855300574973607
GCGATCGTCTCGCCTA-1,6.1003372644636205,0.27403807424359244
GCGGAAACAGTCGGTC-1,-2.013497421113711,-5.779702127426251
GCGGATCAGATCCCAT-1,-0.214769955309263,-5.916667982196116
GCGGATCAGCCTCAGC-1,-0.294780402775064,0.8765243374084714
GCGGATCCACTGGACC-1,7.259427049880426,-5.708737288676001
GCGGATCTCACGGAGA-1,1.0719793170735146,0.33085848432717685
GCGTGCAAGATCCGAG-1,6.728047506094217,-6.455777673524585
GCGTGCAAGTCCTACA-1,-1.499106224288441,-3.15897947834017
GCGTGCACACCGGTCA-1,2.0658074526795263,-1.2006783656313003
GCGTGCAGTAACGCGA-1,0.07482995420683661,0.4064610260344629
GCGTTTCCAACCACGC-1,3.371180235763863,-2.598103039561062
GCGTTTCCAATTGTGC-1,5.467978234835556,-9.328449317139762
GCGTTTCCACATTCGA-1,8.034547492146974,-5.382247679456523
GCGTTTCGTCAAATCC-1,1.2244866147984197,0.4602722178682408
GCGTTTCGTCACTAGT-1,0.753356504754497,-8.287319675235794
GCTACAAAGACAAGCC-1,6.841073866185896,-4.13547895093084
GCTACAATCCAACACA-1,8.420963278730747,-1.4833990813867661
GCTACAATCTTCCAGC-1,-3.184318758492883,-1.482940959732997
GCTACCTAGGCTAGCA-1,3.5578508941298,1.3724623486619167
GCTACCTGTCGTCAGC-1,-2.366595651761042,-5.992805789320265
GCTACCTTCACTACGA-1,1.5397231013355535,-0.5842794215095718
GCTACCTTCTTCCAGC-1,6.725926097757156,-4.014236853456569
GCTCAAAAGTAGTGCG-1,-3.9981820849368823,-4.854088823730685
GCTCAAAGTACCAGAG-1,-1.553042385360996,0.41702674463868245
GCTCAAAGTTCTAACG-1,-0.8579389360264607,-0.09039092217712831
GCTGAATAGTCGAAGC-1,5.359726810704852,-1.167130649626418
GCTGAATGTATCGCGC-1,0.49197997509500785,-4.41745939562897
GCTGAATTCGGCATCG-1,1.944795415336648,-3.1743057800332015
GCTGAATTCTCAGTCC-1,-1.5044645962391592,-3.1901504986200124
GCTGCAGAGAAATCCA-1,-1.0091185051464358,-0.36785190096831355
GCTGCAGCACTATCCC-1,5.596306098539887,-3.8420472241524233
GCTGCAGCAGTTAAAG-1,4.901994179722857,-2.2052906396243044
GCTGCAGGTCGAAGCA-1,8.18613201613479,-4.278411118031049
GCTGCAGGTGGACTGA-1,3.1298403575716134,-4.733762044655809
GCTGCAGTCACCTGTC-1,7.883520824844611,-5.107745364968713
GCTGGGTAGGTATCTC-1,-1.3187243884251503,-2.1258878974719675
GCTGGGTCATTGCCTC-1,-0.017096608702248595,-2.1004249189837143
GCTGGGTGTTGTGTTG-1,6.0445239864064355,-5.34778483769131
GCTTCACAGTTGCTCA-1,0.7094151287872384,-2.7274893805568285
GCTTCACCAGGAGGTT-1,6.666375429413267,-4.125222453621864
GCTTCACGTCGTCAGC-1,-3.960808720083002,-0.2601654567773669
GCTTCACGTGGTTTAC-1,1.9761912821780505,-4.389612779361524
GCTTCACGTTGGCCGT-1,5.482467414111078,-9.27905892906634
GCTTGGGAGCGACTGA-1,2.109400143254758,-8.138129401633137
GCTTGGGAGGAGATAG-1,-0.2336139692185139,-5.935743825048342
GCTTGGGAGGTCGAGT-1,8.452870850014145,-1.5227802619219926
GCTTGGGCAGTCGTTA-1,-2.3590636773428435,-5.90828189911024
GCTTGGGGTAGGCAAC-1,-0.27724147300613455,-0.0987509074847262
GCTTGGGGTTGCTAGT-1,4.5407764244183895,-6.075345772962454
GCTTGGGTCCGAGATT-1,4.305679888822825,-0.18010500414795458
GCTTGGGTCGTTCATT-1,-0.6036144737525949,-2.5149978194064144
GCTTGGGTCTAAGAAG-1,8.16650018136639,-4.249182218470985
GCTTGGGTCTTGGAAC-1,5.70665768210011,-3.917239544735206
GCTTTCGAGAACGTGC-1,-4.095733353357801,-2.3313545150121127
GCTTTCGAGCAGCCCT-1,-1.9397111305478458,-0.3705543119701646
GCTTTCGAGTGCTAGG-1,-2.0157613380681134,-5.374591548797754
GCTTTCGAGTGGTTAA-1,0.6611831959502283,-0.16954516007098402
GCTTTCGAGTTTCAGC-1,1.0220073431445986,-6.270521688271832
GCTTTCGCAACGCCCA-1,0.383476225942359,-2.7256231738633545
GCTTTCGCACTACGGC-1,3.9801459834437023,-2.425302024112207
GCTTTCGCATCGATAC-1,-2.4795313595823596,-5.74806005196134
GCTTTCGCATGAGATA-1,5.459549036333886,-9.371853463946112
GCTTTCGGTCACCGCA-1,-4.0027999059428865,-4.865442868865065
GCTTTCGGTTAAACCC-1,4.289075192252391,-0.09712352706943576
GGAACCCAGAATAACC-1,0.1108942247763428,-4.723278762936832
GGAACCCGTCATATGC-1,3.594971533550133,-5.089034046788068
GGAACCCTCAGAGCGA-1,1.706240312716632,-3.2517011374492135
GGAACCCTCGGTTCAA-1,-3.1314180842988706,0.5396444639218442
GGAAGTGAGACTCCGC-1,6.792470413476731,-4.083336274696741
GGAAGTGAGGAGTATT-1,-0.14376444824414872,-2.8839313022613453
GGAAGTGAGGCATCGA-1,2.2714611487913823,-4.783492687291587
GGAAGTGAGTCGCCCA-1,4.470625803564574,-5.507321055703689
GGAAGTGCAATTCGTG-1,0.8041127681877236,-2.7268135781359994
GGAAGTGCAGCTCTGG-1,0.4277777730824331,-1.60833288989099
GGAAGTGGTACCGGCT-1,2.548997173110792,0.5380579506740247
GGAAGTGGTACTGAGG-1,2.573975509507264,-3.705418647040764
GGAAGTGGTCTGTTAG-1,1.6076234678416783,-2.186542786878083
GGAATCTCACGCCAGT-1,-2.9788930055030733,-8.412180498822599
GGAATCTCATTGCTTT-1,2.0434376557753016,-3.5940549688620984
GGAATCTTCATTGGTG-1,2.705279813306053,-3.93469881442697
GGAATGGCATACAGCT-1,7.369333971696416,-2.5149069886799635
GGAATGGGTGATTCAC-1,-0.7148229315818315,-7.16927551237884
GGAATGGTCGGCTCTT-1,1.760165562727782,-1.0138183827512675
GGACGTCAGCAACTCT-1,0.7681045725662118,-2.009569363161219
GGACGTCCATAGAATG-1,3.5266893847642464,-1.1013937869000932
GGACGTCCATGGGATG-1,-3.9825498235493684,-4.831352254046013
GGACGTCGTATCGAGG-1,2.1936802825573096,-4.8082663983507015
GGACGTCGTCCTGTCT-1,1.7881380736481705,0.5387297978662948
GGACGTCTCTTCCAGC-1,6.180643817071113,-6.066163198634258
GGAGAACCAAGGACAC-1,5.500245518662585,-5.389550323873244
GGAGAACCACAAAGCG-1,-3.249954361184498,-1.6660757448036048
GGAGAACTCAATCCAG-1,-2.898952170179207,-8.337745312019896
GGAGAACTCGTCGACG-1,5.2973449469571205,-3.6125552352159267
GGAGAACTCTTCGTAT-1,-0.6491662620158152,-2.572008943223599
GGAGATGGTACTGTTG-1,-2.5153729046912354,-6.157563840713449
GGAGATGGTGTAGGAC-1,2.1413740817714233,-4.901273538258193
GGAGATGTCCACTTTA-1,1.1614745406236433,-7.303508621717758
GGAGCAAAGACAAGCC-1,1.7294074707068294,1.4866689587211388
GGAGCAAAGGTTTGAA-1,-1.5303370331816586,-4.229439289376499
GGAGCAAGTTTACTTC-1,-1.0141142761756101,-3.411148410519443
GGAGCAATCCATGCAA-1,6.756430331698855,-4.101055098902394
GGAGCAATCCCAAGCG-1,-5.495532475372873,-3.4704646581414256
GGAGCAATCGGTCAGC-1,3.5138887425200402,1.3854654568372382
GGAGGATCAGCTTCCT-1,4.081091649458985,-6.137658367799634
GGAGGATGTACTGAGG-1,7.142367897692129,-2.357239020052571
GGAGGATGTCGAAACG-1,0.9382166938467523,-1.3490897109782813
GGAGGTAAGACCCGCT-1,5.265155804559729,-3.8228340050678398
GGAGGTAAGCAGATAT-1,1.2701214034597208,-1.8149630942205932
GGAGGTACAGAAGCGT-1,6.126955335395282,0.29795999524666866
GGAGGTACAGGCTCTG-1,-2.2786121277060336,-5.647329615708863
GGAGGTACATGACCCG-1,5.328686683545765,-5.097194960508693
GGAGGTAGTTAATCGC-1,0.25430875063036074,-4.440091504481366
GGAGGTATCAGCACCG-1,-2.454953933355616,-5.914755841939114
GGAGGTATCATTGCTT-1,-1.616951782342046,-2.5989880466722473
GGATCTACATCACAGT-1,5.909981527560829,-1.918789869939188
GGATCTAGTGTTTACG-1,1.7655941797821222,0.6896229756359576
GGATCTATCAGGGATG-1,6.506506268087602,-6.261286205043991
GGATCTATCCAACTAG-1,1.4741946982789191,-4.485609390984148
GGATCTATCTAGTCAG-1,-3.802561056749999,-0.09283935004366856
GGATGTTAGCCATTGT-1,-1.324333982479287,1.3856735203721278
GGATGTTAGCCTGAAG-1,4.274208730677982,-0.10536505371643451
GGATGTTAGGCCATAG-1,5.23105950666252,-1.3781946799200075
GGATGTTGTGGCGCTT-1,1.1668719169909814,-4.845624132519735
GGATGTTGTGGGTCAA-1,-1.5423670055473586,-2.300002285736407
GGCACGTAGGACTAAT-1,2.0176457929087075,-3.9900167295964577
GGCACGTAGGGTAATT-1,-4.018240371945695,-2.387677901075659
GGCACGTAGTGTAGTA-1,6.057243938701092,-0.03775687840510133
GGCACGTCAAGATGGC-1,2.1500834095382304,-0.6351011905973206
GGCACGTTCAAATGCC-1,7.974302582169518,-5.624986099022364
GGCACGTTCACTTTGT-1,1.9947772815827098,0.46458834277793665
GGCACGTTCGCAATTG-1,-2.8438531018600894,0.6779990747458963
GGCACGTTCTTGAGCA-1,-3.95587577271322,-2.544670035939599
GGCAGTCAGGTGGTTG-1,0.4250657952136843,-1.9355742838407761
GGCAGTCGTCAGACGA-1,-0.7197351528787008,-0.600496534961538
GGCAGTCGTCAGGTGA-1,1.2080681128033857,-1.6052110144084826
GGCAGTCTCACTTCTA-1,-3.767367914352846,-4.83837067871122
GGCGTCAAGAGCATAT-1,6.727829795622752,-4.165212002960357
GGCGTCAAGAGTCAAT-1,1.8851831009327042,-3.8599489459705167
GGCGTCAAGCATCAGG-1,-0.5898248306066028,-0.5137688407603208
GGCGTCACAGAATTCC-1,3.9430618093048175,-2.991698639717244
GGCGTCACAGATCCAT-1,8.159330616310935,-4.136426482480555
GGCGTCAGTATAGCTC-1,5.205405204193704,0.16469720480239242
GGCGTCAGTGGTATGG-1,6.4659234346544725,-5.771754178741523
GGCGTCATCCAGCTCT-1,4.0263252858109535,-6.457396921422162
GGCGTCATCTGTCGTC-1,-2.864856972776956,0.4877377275411626
GGCTGTGAGCGCCCAT-1,5.61621630102882,-3.8565747145301827
GGCTGTGCACATTACG-1,5.193602738439207,-6.600677010107636
GGCTGTGTCTTGGGCG-1,0.0417789522934264,0.6890743618066264
GGCTTGGAGGCTTTCA-1,-2.720932232420937,-8.21152472778177
GGCTTGGGTAGAGTTA-1,2.3856306771117928,-4.690361297292942
GGCTTGGGTCTCGGGT-1,-0.3576033083561193,-2.8631637456271375
GGCTTGGTCGAAGTGG-1,3.5993420000410636,1.5138669169981112
GGCTTTCAGAGTGAAG-1,6.161892304983466,0.30388627251755523
GGCTTTCAGGTGAGAA-1,6.793399413581609,-4.034508284128865
GGCTTTCCACCAGCGT-1,-1.3438016542456994,-1.1742842001406943
GGCTTTCCACTCACTC-1,8.453072110911188,-1.465761962959221
GGCTTTCGTACGGATG-1,0.6460570905908893,1.3843345656335684
GGCTTTCGTGAGCAGT-1,1.0069446195601883,-2.3639353559018046
GGCTTTCGTTCCTTGC-1,-2.047747067045343,-0.5600060129608135
GGCTTTCTCTATCGTT-1,0.705905823102013,-8.22425430571527
GGCTTTCTCTGGACTA-1,8.098851293116093,-4.285085314203135
GGGAAGTAGTTCCTGA-1,1.3424571149841238,-3.210261302121571
GGGAAGTCAAGCGGAT-1,3.3395719147187655,-5.564376471280653
GGGAAGTGTATGGTTC-1,1.0324888666294152,-5.53181153904088
GGGAAGTGTCTAACGT-1,4.024157569172991,-2.2040097537949874
GGGAAGTTCCTACCGT-1,1.7438568172338633,1.589261053397416
GGGAAGTTCGATTTCT-1,3.2026398676553347,-7.045421891052464
GGGACAAAGCATGATA-1,5.773420158857052,-0.09660740448475767
GGGACAAAGCTCATAC-1,1.4491686667464911,0.4728889761877818
GGGACAAAGGTAAGGA-1,-0.7815965958587656,-2.1394200244715593
GGGACAAGTAGCCCTG-1,2.1268545077209278,-8.053762048901971
GGGACAAGTTGGGACA-1,-2.8767970071232605,-8.284161001925465
GGGACAAGTTTAGTCG-1,5.724934426481704,-1.9671384870737443
GGGACAATCAAACTGC-1,2.542767782450267,-3.211341191933472
GGGACAATCGGTCAGC-1,-1.7071491003418255,2.5380926147395897
GGGACAATCTAGTGAC-1,7.155999207352839,-0.7499204008166157
GGGACCTAGTAGGAAG-1,4.255630512898493,-6.752420863206965
GGGACCTCACGGAAGT-1,3.473774361555035,-4.838797553197719
GGGACCTCATAAGCAA-1,-1.7586276059022263,-5.828565149234011
GGGACCTGTACTCCCT-1,-4.020576352764943,-0.29187187087280725
GGGACCTGTCGTCATA-1,1.3694219769124618,-3.9968863661612515
GGGACCTGTTCGGTAT-1,1.645384618982193,1.462214125023258
GGGACCTGTTGGGCCT-1,3.869194788748316,-4.939951611740944
GGGACCTTCGCTGTTC-1,-2.9596510582179985,-8.36193258069637
GGGACCTTCGTTTACT-1,-0.4454951492286289,0.20291571758405388
GGGACTCAGCGGTAAC-1,1.2930220469835505,-6.242853539480064
GGGACTCAGTGACCTT-1,-0.5613774431624909,-3.2498465706261133
GGGACTCCACTCTGCT-1,-5.570752406407045,-3.375884029944895
GGGACTCGTATTCCGA-1,1.7238499693409262,1.4592577806994602
GGGACTCGTCATAGTC-1,3.407625038986667,-4.802495450054564
GGGACTCTCCATTCAT-1,8.315091378262451,-4.241895463214385
GGGACTCTCGGAAGGT-1,2.442256833587203,-2.9876899078964456
GGGACTCTCTTGTGCC-1,2.1626618025306854,-8.338764026264238
GGGAGATAGATTAGTG-1,-0.056210082194784586,-2.883462909703008
GGGAGATAGGAATTAC-1,4.5185293919454255,-5.495141224597921
GGGAGATGTGGACTAG-1,7.007841302313742,-6.920517201253894
GGGAGATTCGTTGCCT-1,1.1925106003969164,-4.726827574098145
GGGAGTAAGCGGGTAT-1,0.13362456672932133,-4.54493916717749
GGGAGTACAGTCGAGA-1,8.151053886463771,-5.523541183553884
GGGAGTAGTAGATTGA-1,3.0139170451259956,-2.255796872891149
GGGAGTAGTAGTCGGA-1,-5.5802079213724705,-3.397647157974538
GGGAGTATCACCCTCA-1,2.8949776661100635,-5.290712648696426
GGGAGTATCCTCATAT-1,5.442017243488177,-9.295200854394494
GGGAGTATCGCTGCGA-1,-3.985293936612528,-4.806143541459706
GGGATCCAGAAGGGAT-1,-2.7553634990639466,-2.5533130784369273
GGGATCCCATGGCCCA-1,-0.7157174695002039,-1.0347486381842517
GGGATCCGTATCTCGA-1,3.8891487678482335,-4.95582901174065
GGGATCCGTCATTGCA-1,-1.3868986804584087,1.334276434397159
GGGATCCGTCGAGCTC-1,-2.690957499607006,0.4889360555781731
GGGATCCTCATGGAGG-1,-0.44159351656485424,-6.848338307113547
GGGATGAAGTAGGTTA-1,5.599600321309944,-4.031352132905537
GGGATGACAAGTGTCT-1,5.61047828218152,-5.32271020496338
GGGATGACAGCACACC-1,-1.218886265284435,-1.960309255522333
GGGATGACATCCCACT-1,-1.6906624054143833,-5.589801123475439
GGGATGAGTATATGGA-1,1.1017745245450734,0.6564380521818037
GGGATGAGTTCGAACT-1,0.6212320222513625,1.2702065090820016
GGGATGAGTTGACTAC-1,-1.684559996614114,0.5671531288525848
GGGCCATAGGTCACCC-1,5.845343015530647,-7.011164049000814
GGGCCATAGTACGTCT-1,0.897423166442999,-8.32067900746424
GGGCCATGTAACTGCT-1,-3.2193367468618943,0.2485158970989131
GGGCCATGTACGCTAT-1,-3.1628204570805516,-1.5082005755719938
GGGCCATGTCCGAAGA-1,0.8352789432348076,-8.309766669184393
GGGCCATTCAACTGAC-1,3.8627070911836325,-6.016787836915403
GGGCGTTAGACATCCT-1,1.901240742039804,-4.501937716125647
GGGCGTTAGGAATGTT-1,-2.9087828966479057,0.19532393019846422
GGGCGTTCAATTGCTG-1,3.970759867279793,-5.003971778369055
GGGCGTTGTACCGTGC-1,1.7950092328751626,-1.6430598962580985
GGGCGTTGTCTGTGGC-1,6.111890253475121,-5.489190723159516
GGGCTACAGAATTGCA-1,5.4276658671789475,-1.1060594951336828
GGGCTACAGATGTAGT-1,5.267152407745703,-6.618808491262563
GGGCTACAGCACTCTA-1,0.6297189798587327,-0.21790625387648238
GGGCTACAGCAGTAAT-1,5.320968660063429,0.7383262934084018
GGGCTACCACCTCGTT-1,4.252782591529262,-0.81256245971838
GGGCTACTCATAGCAC-1,6.612797629221232,-3.9779467835479743
GGGCTCAAGTTTCGAC-1,5.478073328024745,-9.339023628633639
GGGCTCAGTCACGTGC-1,5.604449182735992,-5.263389385482496
GGGCTCATCATCGACA-1,-0.06327737410122326,-2.920595876732834
GGGCTCATCCCATAGA-1,5.647680260150926,-5.211592014079337
GGGCTCATCCTCAGGG-1,1.8662839068688584,-1.906270935450762
GGGCTCATCTTGGTGA-1,1.197175920908677,0.6191731897620044
GGGTAGACAGCTTCCT-1,-5.447143937090241,-3.5934086728370693
GGGTAGATCATGACAC-1,3.265643394803216,-5.397991616409464
GGGTAGATCCATCTGC-1,-2.293349695466067,-1.886594699419037
GGGTATTCACCAGACC-1,5.3233063181289735,-7.948099072960462
GGGTATTCACCCTAGG-1,-2.0706654297788956,-0.49218176403357095
GGGTATTCATGACTAC-1,1.5242784840688475,-0.5535627263309698
GGGTCACAGCTAAACA-1,1.6786589886708716,-2.6429311491031453
GGGTCACAGGCCCACT-1,5.267014641800181,-6.643139815530867
GGGTCACAGTAAATGC-1,3.6911020061026427,-2.940265277851123
GGGTCACGTAATTAGG-1,-2.5908340110778934,-6.2138894100075674
GGGTCACGTCCGGTGT-1,2.4977410879683446,0.3325374374477495
GGGTCACGTGAAGCTG-1,5.70574239847099,-7.737675123153343
GGGTCTGAGTAAAGCT-1,5.487960246722613,-6.259415762863639
GGGTCTGCAAGCAATA-1,1.5355752246996532,-3.23046963932676
GGGTCTGCACCCTGTT-1,5.576908636278495,-5.145565762501033
GGGTCTGCAGACACAG-1,5.553384290002333,-3.937545193190055
GGGTCTGCAGACACCC-1,2.582628502532604,-0.766237513433367
GGGTCTGCAGTCCCGA-1,-3.0637112543075244,0.30870020071781784
GGGTCTGGTCGAGTGA-1,-1.2121698541363684,-3.1653091541613794
GGGTCTGTCCATCTCG-1,-0.8137035780480097,-0.33730693466856254
GGGTGAAAGGTGCAGT-1,1.9703754791733694,-7.842104545109135
GGGTGAAGTCGACTGC-1,1.7802812351141861,-1.299903235067039
GGGTGTCCAGAGTGAC-1,-0.7713923752592311,-0.2222779621809343
GGGTGTCGTTCTATCT-1,3.1928364584439937,-5.709874970409438
GGGTTATAGTACAGCG-1,-2.426590638320628,-2.7986873211490195
GGGTTATCAATGCAGG-1,-4.047262097815306,-0.2584955563561325
GGGTTATCAGCGAACA-1,1.7029566057165042,-5.46747627117178
GGGTTATCAGTTGTCA-1,3.1670729884590205,-1.6340522509311186
GGGTTATCATGAGAAT-1,0.6535847028680681,-8.438184181750577
GGGTTATCATGATCTG-1,7.256005573542888,-2.436377541266959
GGGTTATGTGTCCAAT-1,3.1207807515145887,-3.2403820325933665
GGGTTATGTGTCTAAC-1,1.9797927395829902,-3.5686340575512916
GGGTTATGTTGCTTGA-1,0.21103874677083756,-2.5629222785689767
GGGTTATTCGACACCG-1,8.297372683855569,-4.3311740533000735
GGGTTTAGTATGAAGT-1,4.97098727993202,-1.7152227303995968
GGGTTTAGTGTCCGTG-1,-0.21557444418509597,0.15312143256149974
GGGTTTATCCAGGACC-1,3.0227577207155285,-0.33012043623869286
GGTAACTAGAATTGTG-1,4.9329016926693114,-5.184450665356846
GGTAACTAGAGATTCA-1,-1.1084818742769635,-1.8957046947488658
GGTAACTAGCACTCTA-1,6.248476995918419,-5.5047457727205025
GGTAACTCAACTCGTA-1,0.796419766952199,-5.112192891804667
GGTAACTCACGTACTA-1,-0.6470918039669309,-3.0660408217350534
GGTAATCAGACCAACG-1,0.5907875777397441,-3.2225818973859073
GGTAATCCAGAATTCC-1,1.1103174838729493,-2.856791721378644
GGTAATCCAGCGAACA-1,0.984450017449409,-5.468321645393732
GGTAATCCAGTCTCTC-1,-2.331248414011715,-5.721149295529735
GGTAGAGAGCGATGAC-1,3.9847473376326152,-2.208616506350229
GGTAGAGAGGTGCCTC-1,1.1424030935552782,0.5987920748189619
GGTAGAGCAATACCTG-1,0.07845070049945238,-4.654067749141592
GGTAGAGCATGGTACT-1,3.23093911426538,-1.5656847000779641
GGTAGAGGTCGCGTTG-1,2.3681107674891893,-2.0232690420520076
GGTAGAGGTGACCTGC-1,-3.037155815706167,-8.461372290984828
GGTAGAGTCAGATTGC-1,-2.390835826246572,-0.5085409411244736
GGTAGAGTCATCGACA-1,-3.49966228229199,-4.991365892374239
GGTCACGAGCGGTAGT-1,2.02708571482769,-3.7528362553357186
GGTCACGAGTCGTTAC-1,3.584005289933421,1.3210218550241495
GGTCACGCATGGGTTT-1,7.7394365783799906,-2.0871165905367284
GGTCTGGAGGTCACAG-1,7.255851025535593,-6.298007273186514
GGTCTGGAGTGGTCAG-1,2.211781275214062,-7.622918536859024
GGTCTGGCAAAGGATT-1,6.7669083588877665,-4.083702422055657
GGTCTGGGTTAGGAGC-1,0.8827547030742602,-2.2248319633811797
GGTCTGGGTTGCGGAA-1,3.8413150850656614,-6.064077147985583
GGTCTGGGTTGGGAAC-1,1.1050589886082494,0.7492108629928064
GGTCTGGTCACTTTGT-1,6.689996077453184,-4.017538190005719
GGTCTGGTCCATTCAT-1,-3.044539425702553,-8.489199159910717
GGTCTGGTCGTAGAGG-1,-4.62425287321132,-3.472867747355752
GGTGAAGAGTACCGGA-1,2.7940658251529817,-0.8862895616873157
GGTGAAGCAAAGTGTA-1,-2.0681340742398695,-5.559950298987553
GGTGAAGCAAGGAGTC-1,-3.121886138887345,-0.1556721684620356
GGTGAAGCACTACGGC-1,-4.005207794279541,-0.15350937460301964
GGTGAAGGTACCTAGT-1,2.4747471274462316,-3.8507203609615517
GGTGAAGGTAGCTTTG-1,6.046387065958946,0.2575199282662619
GGTGAAGGTTCGGACC-1,1.126892635433958,-6.381514389774749
GGTGAAGTCATAGACC-1,3.516457829510818,1.3225564016074316
GGTGAAGTCGAGCCAC-1,5.359313005499872,-7.993015037646616
GGTGAAGTCGGTTGTA-1,-2.773154477743464,-8.246870689349873
GGTGAAGTCTCTAAGG-1,2.0157705665556573,-4.572681678822829
GGTGATTAGCCGTCGT-1,1.7144408955428092,1.4836423024839556
GGTGATTAGGTGCAGT-1,-3.8373481701863295,-2.73223179395317
GGTGATTTCACACCGG-1,4.3350368849746195,-7.55042944061416
GGTGATTTCCTGGTCT-1,1.947741890873107,-8.330530788509252
GGTGATTTCGATAACC-1,-5.471776608147857,-3.4817366295047063
GGTGATTTCTACTCAT-1,-1.8561170495544228,0.6089699367485225
GGTGATTTCTTGTTAC-1,1.777113921386159,-7.913053731330366
GGTGGCTAGCATGGGT-1,8.546138630696497,-1.4268793060573246
GGTGGCTAGCGATGCA-1,-1.0926981441543027,-4.3530619239013575
GGTGGCTCATATAGCC-1,-1.3266634105073265,1.1315410963345265
GGTGGCTCATGTTCAG-1,-3.9566365817223796,-2.4297265806717276
GGTGGCTGTGCACGCT-1,3.291139808957366,1.0834747265407676
GGTGGCTGTTCAATCG-1,2.1814621906430274,-8.375654566902702
GGTGGCTTCCTTATAC-1,-1.234119708390497,-0.25679489045589987
GGTGGCTTCTGAGTCA-1,-0.13288745669185154,-0.19679762014542174
GGTGTCGAGAACAGGA-1,1.9357486847160066,-1.3240917629283837
GGTGTCGAGAGCACTG-1,-3.917029459038689,-4.852769178237814
GGTGTCGAGCATCAGG-1,1.3458855506023697,-3.6372341025769317
GGTGTCGCAAATCAAG-1,5.102701074885813,0.4266912372740091
GGTGTCGCAGAGGCTA-1,-3.756360411001416,-4.810449528909412
GGTGTCGTCCACAGCG-1,-2.2635997174922533,-1.2926247793531431
GGTGTCGTCTAGTTCT-1,-3.244298231399687,0.3907432252779008
GGTGTTACATGGGCAA-1,-2.545237068514623,-6.063589738906087
GGTGTTAGTTACGTAC-1,-1.7255779127266389,0.38585032917458556
GGTGTTATCGCCTAGG-1,1.3926823933357626,-0.6978754554064504
GGTGTTATCTTCCGTG-1,-3.888783666449753,-4.8725845214249155
GGTTAACAGCGACTTT-1,7.635885072499341,-1.7308445966716866
GGTTAACCAACTCGAT-1,3.0903822290233958,-7.0014773684408595
GGTTAACCAGACTCTA-1,-1.186140922444945,-2.0066848886088358
GGTTCTCAGTAGGAAG-1,-2.279744390331123,-4.050642074668271
GGTTCTCCAATCTCGA-1,-2.2142437899047565,-5.591533888407712
GGTTCTCCACTCCCTA-1,4.074825851946402,-4.193515063880602
GGTTCTCCAGGCTACC-1,4.482544554905752,-0.5708939469370287
GGTTCTCGTGACTCTA-1,-2.096818397404602,-3.191883397681939
GGTTCTCTCCGCTGTT-1,-0.23754781782388057,-5.92177291483036
GGTTCTCTCGATACTG-1,-3.442392320239463,0.009103968666338039
GGTTCTCTCTTCTAAC-1,-5.246934819963517,-3.5125400609190507
GGTTGTAAGATTGAGT-1,-1.8018669579389603,2.570252585972899
GGTTGTAAGCTGTTCA-1,8.440489881239573,-1.366097779251806
GGTTGTAAGGGCAAGG-1,6.801665031727132,-7.048490769664485
GGTTGTAGTAACCAGG-1,0.28629880141578584,0.14073172641836
GGTTGTAGTAACGGTG-1,0.5319592415600088,-3.652593676371468
GGTTGTAGTACAGTCT-1,7.879022982742983,-5.528067907702663
GGTTGTAGTACGTACT-1,4.83036834254565,-3.8327563685061996
GGTTGTAGTCCCTAAA-1,0.9589947399409398,-1.9105580460565408
GGTTGTAGTGATTAGA-1,5.604957322411646,-7.46612819016832
GGTTGTATCTGAGTCA-1,3.0509971651452528,-1.5330168236686703
GGTTGTATCTTGTTAC-1,7.972495510750723,-5.827752571132467
GTAACACAGCTTTGTG-1,-1.9498588736576672,-3.615658839986912
GTAACACCAATTGCAC-1,-2.4409880404467152,-5.46842216121114
GTAACACCAGGTCAAG-1,-2.031296238419454,-2.3719566200525874
GTAACCAAGATGTTAG-1,-5.596652117317481,-3.4406396901625893
GTAACCAAGCCAGAGT-1,0.8026645418710086,-4.1110158637529315
GTAACCAAGCCTCTGG-1,3.473622974054566,1.113603375106435
GTAACCACATGGTGGA-1,5.123363889087543,-6.56488559745728
GTAACCAGTAATCAGA-1,5.145508801672197,-1.424223887585917
GTAACCAGTTGGACCC-1,-2.8352437530630885,-0.10019089749419838
GTAACCATCTGTCGTC-1,2.249867583730139,-8.051871217169701
GTAAGTCAGATTGCGG-1,5.951255610985427,-1.8982638335333337
GTAAGTCAGGTGCATG-1,5.374331313965807,0.7056851027572826
GTAAGTCAGGTTACCT-1,2.883934711029337,-2.1781447119661417
GTAAGTCAGTTGGACG-1,5.499216362390498,-9.338317836688235
GTAAGTCCAAGAATAC-1,5.815298936259789,-0.136361510193424
GTAAGTCGTACTCGAT-1,3.0102514070198554,-3.799833690566242
GTAAGTCGTAGAAACT-1,8.156120181475199,-4.461888909354991
GTAAGTCGTCCAACGC-1,2.72256827033557,-2.994284519501474
GTAAGTCTCATCCTGC-1,4.003881274868755,-2.2760130126189324
GTAAGTCTCCTGGGTG-1,3.2373894399822998,-5.1656497914840305
GTAAGTCTCTCTTAAC-1,-2.770492452968162,0.3661462309883718
GTAATCGAGAAGAACG-1,4.447312794581912,-7.58896084962938
GTAATCGAGAGCTGAC-1,-0.5329704607141763,-0.49221551381497475
GTAATCGAGCGTCAGA-1,-5.544341584869995,-3.342032654344016
GTAATCGCACGTAGTT-1,0.8347141830919566,-3.123239400178491
GTAATCGGTAACTTCG-1,2.5349380569071363,-1.9572501196920795
GTAATCGGTCACCCTT-1,5.528034402608086,-4.445392955376094
GTAATCGTCATTTGGG-1,4.894571929898846,-3.7146575544136162
GTAATCGTCTCCTGTG-1,8.033298097666036,-5.838744128836244
GTAATCGTCTTTACAC-1,5.316507502835961,0.6973007259840619
GTAATGCCACGACAGA-1,1.0464929051301493,-5.487937379264735
GTAATGCCACTCCACT-1,7.279403321856957,-2.3822209487803674
GTAATGCCAGGTGTTT-1,-0.9907097131820877,-2.0005725343820093
GTAATGCGTCATCGGC-1,-1.6608314919315124,-2.4676169369150336
GTAATGCGTCCCTGTT-1,3.936845704138264,-6.120302172190711
GTAATGCGTCTGTGGC-1,-1.916922173250749,-1.2564635264438955
GTAATGCGTTCTCTCG-1,5.253615295362884,-1.0998461006944227
GTAATGCTCAAGCGTT-1,0.19168885683096465,-0.43461114846013593
GTACAACAGACCGCCT-1,1.9621209134078004,-2.4667085253517884
GTACAACAGGTGATCG-1,1.179449363191237,-3.9530128100984756
GTACAACCACACGGAA-1,-3.9214361842428582,-4.886485336443962
GTACAACCAGAACTCT-1,4.03445232742256,-2.296358201596421
GTACAACCAGTGACCC-1,-0.2587008747078404,-0.5164857176162089
GTACAACGTCTGTAGT-1,4.877211647439472,-1.4723731291832738
GTACAACGTGAGTTGG-1,-2.3938829165852926,-2.702141037565023
GTACAACGTGGCTGAA-1,-3.990464057834286,-4.748329753875513
GTACAGTCAAGACGAC-1,0.7600552318367276,-8.358986507704616
GTACAGTCACACGTGC-1,-0.5742608657982684,-7.085684043235665
GTACAGTCATAGGTAA-1,5.584827919776795,-2.0240225349457996
GTACAGTGTGAATTAG-1,1.8919269498432756,-5.746704668685077
GTACAGTGTGTCGCTG-1,1.1569976949924685,-2.1415280252377746
GTACAGTGTTCCTTGC-1,5.218167303624136,-6.777021933115492
GTACAGTTCACGATCA-1,2.051533253721462,-3.222357943880522
GTACAGTTCGCCTTGT-1,-3.541065755632658,0.041243862452848175
GTACAGTTCTCTCGCA-1,0.7867731807451913,-2.884573808935953
GTAGAAATCGTAGCTA-1,-2.1435798952322074,-1.8794294299584855
GTAGAAATCTCCCATG-1,-2.8587195399293344,-0.06845060057007085
GTAGAGGAGCGTCTGC-1,3.4968905821545606,1.2811260526745132
GTAGAGGCAGCGGATA-1,-0.9726468905932791,-4.056820392478954
GTAGAGGCATCGATAC-1,6.149546441793134,0.27697878493057626
GTAGAGGCATTAAAGG-1,3.7871467895210498,-2.7170162559276614
GTAGAGGTCTCCCAAC-1,-2.9900039606721105,-8.427382914484602
GTAGAGGTCTGAACGT-1,-3.969775888599448,-0.1562236947295197
GTAGATCCAAGTTGGG-1,2.9139180367903825,-6.871124748733921
GTAGATCGTGTTCGAT-1,3.057585934346691,-3.881550203061983
GTAGCTAAGAAACTGT-1,-2.3593390815900217,-5.9383013545348255
GTAGCTAAGATTAGAC-1,7.908140789341858,-1.8863008366678762
GTAGCTACAACTCCCT-1,1.5729169726739107,-7.98006071577295
GTAGCTACACTGGAAG-1,2.1505661396340843,-2.5301522542155057
GTAGCTATCAAGCTGT-1,0.9636135570863054,0.4781878880995717
GTAGGAGCACCTAAAC-1,3.4147295207499404,-1.6553534844624502
GTAGGAGCATAGTCGT-1,-0.4823979743230138,1.0828800350880625
GTAGGAGGTATCGTGT-1,-1.1100612578917486,-5.506362904744227
GTAGGAGGTGAGACGT-1,-2.439096652835238,-6.067892229875825
GTAGGAGTCTCTGAGA-1,-2.6126763686433203,0.03131478000767103
GTAGGTTAGTGGAAAG-1,0.022174441155012884,-4.5368462070379145
GTAGGTTCACAAGTTC-1,0.7879666621834965,-0.11990848138105036
GTAGGTTCAGACGCTC-1,-3.954078219134367,-3.6639304745573478
GTAGGTTGTGGGACAT-1,-3.840071599756189,-0.4313939625389502
GTAGGTTGTTGCTCCT-1,-5.510568757710247,-3.344877841277953
GTAGTACTCATCTATC-1,3.7133810087396886,-2.850051019278305
GTATTGGAGCCACAAG-1,2.183774436918958,-3.1644354619254464
GTATTGGCATCACCAA-1,4.624006338748464,-5.695441119293292
GTATTGGGTGCCTGAC-1,-2.563882012538498,-6.137294509051504
GTATTGGTCGAAGGAC-1,5.094712787297894,-3.662798395649593
GTATTTCCACTACCGG-1,2.1189634896633214,-8.228486618553248
GTATTTCCATCTGTTT-1,2.977613519043127,-3.236647678530526
GTATTTCGTAAGATCA-1,2.7498318840109177,-0.6456033482901364
GTATTTCGTCTCCTGT-1,3.3012933582198376,-1.9147108657969392
GTATTTCTCGTCAGAT-1,6.154443201963771,-0.937227179590399
GTCAAACAGCACCTGC-1,5.434221455460956,-9.319020626573984
GTCAAACCATCAGCTA-1,1.863361420420764,-1.0649787889889828
GTCAAACCATGCACTA-1,1.8015850172364647,-5.980382322689159
GTCAAACGTTCAGGTT-1,-0.35298172605227224,0.8483249481958467
GTCAAGTCAAAGTGTA-1,7.091957021105108,-2.4404225070882704
GTCAAGTCAGTTTGGT-1,-2.8131269846964235,-8.27611677944096
GTCAAGTTCGCCAATA-1,-3.260592208554694,-1.5001646710790668
GTCAAGTTCGGAGTAG-1,4.224701108024703,-6.6344470886758975
GTCAAGTTCTTGGAAC-1,5.8020870445843435,-4.947216070307183
GTCACGGAGCCTAGGA-1,-0.7946664996401308,-1.4494039150448206
GTCACGGAGCGCTGCT-1,1.1571098596436917,-6.359196376625234
GTCACGGGTACGCGTC-1,-0.6381120801836977,-3.3761258450049914
GTCACGGGTAGGGTAC-1,-1.2390361800920777,-5.7466096295472955
GTCACGGGTAGTTAGA-1,-2.8462615791756267,-2.614049387053468
GTCACGGGTCAACCTA-1,-0.7336799378998464,-2.3314030724935226
GTCACGGGTGGATCGA-1,2.3367962884925086,-6.373472820106679
GTCACGGTCCACAGCG-1,0.6730633907993113,-1.1949552503386716
GTCACGGTCCTAGAGT-1,6.264966924153025,-5.3893879908811355
GTCACGGTCGGTAGGA-1,3.8057279551807155,-2.72329538965682
GTCACTCAGTACAGAT-1,2.5098291495637506,-1.087719513903146
GTCACTCAGTCGCCAC-1,5.687473868422024,-3.7871116801441524
GTCACTCCACGAGAAC-1,7.995239506260287,-5.61951461159016
GTCACTCGTGGGTATG-1,3.0858153554217824,-3.3303788230168636
GTCACTCTCGCACTCT-1,-0.480291392326659,1.1143306056662954
GTCAGCGAGGATAATC-1,6.752476829138724,-4.011043730279866
GTCAGCGAGTCAGCGA-1,8.18297515808371,-1.5294838983403065
GTCAGCGCAACGGCCT-1,-0.7012913200836175,-1.00185785807958
GTCAGCGCAGGAATAT-1,2.0875119721381994,-1.898518712092398
GTCAGCGTCTGAACGT-1,-0.5459290810328224,-4.987559633061196
GTCATCCAGCAGATAT-1,-2.4619997761768966,-5.9486699558651415
GTCATCCAGCTCCACG-1,5.22026613477318,0.6537263708041069
GTCATCCAGTGGTTAA-1,2.160358907614696,-8.33026117960476
GTCATCCCAACTACGT-1,-1.165388114383962,-4.300122434699518
GTCATCCCACGGTGCT-1,-3.748164160803465,-4.522770742177886
GTCATCCGTCCGTTTC-1,1.3697345934929341,-3.6129358089509096
GTCATCCTCATTCCTA-1,-1.1475635998792275,-1.4882028441965962
GTCATGAAGCGAGTCA-1,-4.038190601948988,-0.2438004560293164
GTCATGAAGTAAATGC-1,-2.9605285948695497,-1.4302027449570973
GTCATGAAGTCTCCTC-1,5.049299487495934,-1.3882677689494285
GTCATGACACTTGTCC-1,0.8377839920235589,-1.7682020515262833
GTCATGACATGCCGCA-1,0.2283141773607351,-4.567008160948031
GTCATGAGTAAGTAGT-1,1.018952308275309,-4.510942152458273
GTCATGAGTAGGGAGG-1,5.390423568301494,0.7878652029671765
GTCATGATCAAGTAAG-1,-5.267584521893324,-3.3174683026546314
GTCATGATCACCGGGT-1,-2.513098295793934,-8.005783057037068
GTCATGATCTCATTAC-1,4.2830065169367035,-5.406329592294423
GTCATTTAGGTAAAGG-1,4.418170279621372,-7.555683329839402
GTCATTTCAGACACAG-1,-0.6401640148059539,-0.9083306570646823
GTCATTTCAGCGCGTT-1,8.465223612720008,-1.4024613999381168
GTCATTTCATCGCTCT-1,2.4068459798309365,-4.40964307274343
GTCATTTGTACCCGCA-1,4.754717549225481,-3.0041655803285408
GTCATTTGTCACAATC-1,-2.792984612108534,-2.7123409207747184
GTCATTTGTTTACACG-1,-3.6545534453863575,-4.818363035135861
GTCATTTTCCAGCAAT-1,-1.4243166585397222,-5.6715404300137635
GTCCACTAGTGCGCTC-1,4.14902054956003,-5.160805762780278
GTCCACTAGTTGCCTA-1,1.0541448761070298,-6.2126288370808
GTCCACTGTCGTCAGC-1,3.2775290279273155,-5.68721090843389
GTCCACTGTGTTCGAT-1,8.223721658898798,-1.8108845146108097
GTCCACTTCAGAGCGA-1,2.0554199848935055,-3.33570162084952
GTCCACTTCCTCATAT-1,2.556575411899507,0.6190399517674895
GTCCCATAGAAACCCG-1,2.58427003401923,-3.7368495215659636
GTCCCATAGGCAGTCA-1,1.6622808061479601,-3.044355383090161
GTCCCATAGGTAAACT-1,5.4310971553759595,-3.84215894886567
GTCCCATCACCGTGCA-1,-2.6129796429332974,-2.522531951799949
GTCCCATCAGGCAATG-1,4.793226881787845,-4.549457677431294
GTCCCATGTATAGGAT-1,3.3681649277468804,-0.6190966202779432
GTCCCATTCATCCTGC-1,-0.9005638374774783,-4.1751323131883185
GTCCCATTCCGCAACG-1,3.250513415926756,-5.672786956100743
GTCCCATTCGATACGT-1,5.263210232759102,-5.014123515225402
GTCCCATTCTACTCAT-1,3.753481044748505,-3.0254597660463007
GTCCCATTCTAGGCCG-1,6.835444138798139,-4.119740676349598
GTCCTCACACTTTATC-1,-2.0819846098896897,-3.2538848962063605
GTCCTCAGTTCTTGTT-1,5.835648856641512,-2.0004270040085994
GTCCTCAGTTGGGACA-1,4.455985177223086,-7.641285220372679
GTCGAATAGGCCCGTT-1,2.5118630785113463,0.3886823607406228
GTCGAATAGGTCTACT-1,-0.6235998074253775,-0.5177786256160124
GTCGAATCAGGTCAGA-1,-0.255915811919156,-5.82007965507469
GTCGAATGTCGTTATG-1,-2.047528289327202,-4.241008981879084
GTCGAATTCAAACTGC-1,2.1392030818045877,-8.393969758860992
GTCGAATTCGCTTGAA-1,0.40783649150154994,-4.311325905449335
GTCGAATTCGGTTAGT-1,-2.328134385796756,-6.084179206568896
GTCGAATTCTTCCCAG-1,-0.6173444422874848,-0.4754022495506629
GTCGCGAAGCGCCGTT-1,0.07238302794288969,-4.6037362538579565
GTCGCGAAGTCTGCAT-1,-1.8452861194578762,-5.784894756937387
GTCGCGACAAACAGGC-1,3.3209886468285403,-2.499495854605464
GTCGCGACACAGTGAG-1,-3.0776409953992614,-1.3389129081085482
GTCGCGAGTCTGCATA-1,2.6282039883669257,-3.280675815024471
GTCGCGATCACGACTA-1,-1.3725181185097866,1.57591576512945
GTCGTAAAGAGGTATT-1,5.58011867683984,-5.200219312334164
GTCGTAAAGCTATCCA-1,3.9211065196375876,-2.9866882156901235
GTCGTAACAATCAGCT-1,-2.2732081288107904,-6.030908535869833
GTCGTAACACCTGCGA-1,-0.41971600319156993,1.0684298373648295
GTCGTAACAGACGATG-1,6.159167430033104,0.20808042328895582
GTCGTAACATGTAACC-1,3.965454421798352,-6.1736709997625026
GTCGTAAGTCATCGGC-1,4.708751505980265,-3.3585494375275347
GTCGTTCAGTCATAGA-1,-2.3059459699570524,-4.146817543412189
GTCGTTCCACTGGCGT-1,-2.130726154348033,-5.130226596540817
GTCGTTCCAGGACGAT-1,2.4701049222001834,-1.814063875944628
GTCGTTCCAGTTAGGG-1,0.8527656236676922,-1.2068926136454354
GTCGTTCGTCACTACA-1,-1.1635158955559808,-2.0065814716164043
GTCGTTCGTGAGGATC-1,2.2927307081628614,-4.787518899274304
GTCTACCAGAACGTGC-1,-1.6781423131395141,-4.955349232935109
GTCTACCGTACTCGTA-1,3.4584078213870675,1.3965585207887696
GTCTACCTCAGTCCGG-1,3.091336212822965,-6.978499444879436
GTCTACCTCATGAGAA-1,5.664206866389607,-3.9155719357818404
GTCTACCTCGTAGAGG-1,4.489997808145031,-3.535600474194961
GTCTACCTCTCCCTAG-1,3.6304882094021367,-2.9989038910690984
GTCTACCTCTTCCCGA-1,2.5297215294669964,-5.707624996064572
GTCTAGAAGTGGATTA-1,1.043829396343786,-6.257871311296314
GTCTAGACAGCGTTGC-1,-2.1806633815213985,-5.937638894332213
GTCTAGATCAAACTGC-1,-1.923494689522511,-5.117424312334316
GTCTCACAGGCATCTT-1,-2.899619441257192,-8.359412760694678
GTCTCACCACGCGGTT-1,3.4202024628000744,-1.0794581219675266
GTCTCACCACTTCATT-1,5.623684708157761,-5.221884309216614
GTCTCACGTACATACC-1,-1.3797553980104216,-4.57194269481831
GTCTCACGTAGGAGGG-1,-0.11001396641097796,0.3046757872118728
GTCTCACTCACACCCT-1,3.039303445519088,-0.27556378604250154
GTCTCACTCGGAAGGT-1,0.9262748215989697,-1.3011996015252925
GTCTGTCAGGAAGAAC-1,5.105771144143969,-1.3724985536412178
GTCTGTCCATCCAACA-1,-3.181368921183399,-1.3934618555736389
GTCTGTCGTTAGGGTG-1,3.003859357543849,-3.9606943769168548
GTCTGTCTCTGTCGCT-1,3.282835924878813,-5.71797944047914
GTCTTTAAGGTCGACA-1,1.4845505227944868,-6.034314878124532
GTCTTTAGTACTGCCG-1,4.485433715826999,-7.560113541294786
GTCTTTATCCTGGCTT-1,0.7678430926286985,0.2511036163428388
GTCTTTATCTCAGTCC-1,4.160801103740809,-5.8262464612895215
GTGACGCCACTGGCCA-1,1.2786284170453248,-3.074351996866818
GTGACGCGTGATATAG-1,-2.448620522206969,-5.8967885249650625
GTGACGCTCAAGTGTC-1,-2.3430560768480704,-4.093100145706829
GTGACGCTCCTCACGT-1,-3.038826956909862,0.6752461453057134
GTGACGCTCCTTCGAC-1,3.7000088676161162,-2.0671084957687196
GTGACGCTCGTTCAGA-1,-1.315616898258827,-1.175026506807864
GTGAGCCAGACTAGAT-1,-2.933531248069494,0.6739019530072003
GTGAGCCAGCGCCGTT-1,1.338947997056777,-0.9182003107523449
GTGAGCCAGCTGGCTC-1,-2.302052173524275,-5.674579946511163
GTGAGCCAGTGGTCAG-1,8.350277719064348,-1.700850996804907
GTGAGCCCAAACTCTG-1,-0.1970495445147308,-1.6761759635858167
GTGAGCCCAGCTGAAG-1,5.254065699894574,0.6453744184944595
GTGAGCCGTGAGCCAA-1,5.415419777514164,-7.939963909859808
GTGAGCCGTGGTCCGT-1,2.0083586939925584,-3.3269379960213694
GTGAGCCGTTCTTCAT-1,-1.8093204957341935,0.4602678669940295
GTGAGCCTCACACCCT-1,2.7021935910689625,-1.4595893092138108
GTGAGCCTCGATTCCC-1,1.6894548021201996,-4.14611927570582
GTGAGCCTCTTTGCGC-1,2.5203565781952513,0.45830166055962746
GTGAGGACACCCAATA-1,0.537871060488204,1.3278226404049045
GTGAGGAGTAATGCTC-1,2.490246517896756,0.3869567393355922
GTGAGGAGTCATCCCT-1,-1.1488683738142056,-4.323094139731879
GTGAGGAGTTGCCAAT-1,3.5610460785269664,-0.5731442692160152
GTGAGGAGTTGCTCCT-1,5.329963194423888,-0.12000585789119814
GTGAGGATCACGACTA-1,7.280533840490277,-2.456548472967307
GTGAGTTAGAAGTGTT-1,0.9440151442571993,0.7355308850134075
GTGAGTTGTCCTTGTC-1,2.662151812216875,-4.638662410714423
GTGAGTTTCGCAGAGA-1,0.5017268275451362,-0.921596387213857
GTGAGTTTCTGCCTGT-1,3.3122567702313903,-3.5931471266379327
GTGATGTAGATAGTCA-1,-1.6857530983483826,-2.542655485950821
GTGATGTCAATTGCTG-1,-0.817774216983967,-1.4633335191053036
GTGATGTCACCTCTGT-1,2.5509807172581462,-2.7896823417948196
GTGATGTGTAAGGCCA-1,5.8762635542863775,-5.404945851057802
GTGATGTGTCATCCGG-1,4.037784818063033,-5.8592244633355755
GTGATGTTCCTCGATC-1,0.9563780929658542,-8.294420191680096
GTGCACGAGCTCTATG-1,7.161189674772947,-0.8709542583916604
GTGCACGAGGGAGGAC-1,3.537026328966525,-2.802149460353624
GTGCACGCACGAAAGC-1,2.0187328144156913,-8.125779624470061
GTGCACGGTTTGGGAG-1,0.8073175159452403,-8.139625737700788
GTGCAGCAGGGATCAC-1,8.13961880999426,-4.186638335715119
GTGCAGCCAGGTGTTT-1,1.7663900717336236,-3.044150423070205
GTGCAGCCAGTTAAAG-1,-1.9110936343249274,-3.1058685574761005
GTGCAGCTCCAGCTCT-1,2.4274345189109576,-3.6365477859484647
GTGCAGCTCTACGCAA-1,-3.27891538804426,-1.4993386084784035
GTGCAGCTCTAGACAC-1,8.24950279464524,-4.387140039960042
GTGCAGCTCTTCCCGA-1,-1.9168144836769982,-4.9331639748685765
GTGCGTGAGGACTATA-1,-1.548012737288498,-2.67342248873525
GTGCGTGAGGGAGGTG-1,2.5363810148446286,-1.3110850368969926
GTGCGTGAGTCGCCAC-1,2.6806559264480807,0.5272408769157086
GTGCGTGGTATATGGA-1,3.2862468116880206,-5.540000518999442
GTGCGTGGTGGCAGAT-1,-0.950385439026313,-0.4003490661718063
GTGCGTGTCTGATGGT-1,4.0492515891416705,-4.368933964308794
GTGCTGGAGACGACGT-1,4.2434813606581425,-0.11263934101876893
GTGCTGGAGTGCAACG-1,-1.0438685087247692,-3.1731398007353797
GTGCTGGCAGACACCC-1,-0.36085561661502363,-0.9913440831440127
GTGCTGGTCAGCTCTC-1,-1.8086594434358696,-5.7829486018840885
GTGCTGGTCCTACACC-1,0.2588677949390489,-3.6508978528708456
GTGCTTCAGAGTCGAC-1,2.8830498845192105,-2.9516549084626837
GTGCTTCAGGACGCTA-1,-2.05848772000606,-3.1619799162688005
GTGCTTCCACGTTGGC-1,2.0096311906692788,-7.897150699126396
GTGCTTCGTGACTCTA-1,5.103777756715858,-6.705218729492043
GTGCTTCTCTGGTGCG-1,4.34446719577965,-5.497982474147981
GTGCTTCTCTTCTGGC-1,7.472249521529702,-2.198922227480776
GTGGAAGAGTATGTAG-1,8.149014516229222,-5.766418356424759
GTGGAAGGTCTCGGAC-1,3.48627396308626,1.3177602606934316
GTGGAAGGTGACAGCA-1,5.593454028202129,-3.789119037593153
GTGGAAGTCCCAAGTA-1,2.5231273134346766,-4.4261897327543345
GTGGAGAAGGAATTAC-1,-1.7960204000939997,-5.9406928670908865
GTGGAGACATCCGTTC-1,1.75698050324914,-3.422611857948228
GTGGAGATCAACACCA-1,1.3924779738084314,-3.836112131777299
GTGGAGATCAACACGT-1,4.4419772906381425,-0.16760672523937195
GTGGCGTTCCGTAATG-1,1.064854164099617,-2.687881069146162
GTGGCGTTCGGTCAGC-1,2.9820378819411077,-6.787994409041098
GTGGGAAAGGATTACA-1,1.3444228733728012,-2.271464143340599
GTGGGAAAGGTGCTAG-1,1.6082277010047903,-0.916527828906589
GTGGGAACAACCTATG-1,-3.91893908087455,-0.32437464308650776
GTGGGAACATACCATG-1,-0.17274416394033565,-2.5487942717324508
GTGGGAAGTTAAGGAT-1,1.5623580799481855,-4.469747887706816
GTGGGAATCCATTCAT-1,-0.5001397848215424,-3.1166407978759616
GTGGGAATCGTGAGAG-1,-2.5312472683838045,-1.7110001913081345
GTGGTTAAGTAACGTA-1,-1.414306521917249,1.7065854641658778
GTGGTTACACTGGAAG-1,-0.13118431701931477,0.8710837259987401
GTGGTTACAGGACTTT-1,3.131821556031845,-2.722876025924185
GTGGTTACATCTTAGG-1,3.0065588766624884,-3.121474711034348
GTGGTTAGTGGTACAG-1,2.7151494934901788,-4.236939240870103
GTGGTTAGTTCTCGCT-1,0.70811197893106,-0.1457718677464828
GTGGTTAGTTGCGGAA-1,1.201206283523846,-2.9857962573886496
GTGGTTATCAATCAGC-1,-0.49752964729891186,1.0360244148897468
GTGTAACGTAGCTCGC-1,-2.655654072512354,-2.091473301899905
GTGTAACGTTCGCGTG-1,1.154051684289574,0.17746771008747356
GTGTCCTCAACTGTGT-1,6.320469292977416,-7.346910176142158
GTGTCCTCAGCGTTGC-1,8.404868114040127,-1.5905782508316277
GTGTCCTGTTGTCAGT-1,8.202792795311096,-4.2619187538678736
GTGTCCTTCGTTCTAT-1,0.4722199245350833,0.9617454139103333
GTGTGATAGACTCATC-1,6.415121626085004,-7.158184474557432
GTGTGATCAAGGAGTC-1,6.471366807781949,-5.776105979301784
GTGTGATCACAGAGCA-1,-0.4816189138066588,1.1260580255798402
GTGTGATCAGCTCCTT-1,8.313483004076236,-4.252307565867273
GTGTGATGTAATTAGG-1,5.480229548417965,-6.311246119381009
GTGTGATGTATCGAGG-1,3.7740950683657988,-5.653711453155536
GTGTGATGTTCGGTCG-1,5.539186038938499,-5.13589295794658
GTGTGATTCCTCACCA-1,0.6514264518123891,-2.5614166770823976
GTGTGATTCTTCCAGC-1,-0.6747675320291824,-3.1462296162488763
GTGTGGCCAGTTTCGA-1,3.0992466489402717,-5.562741928896185
GTGTGGCGTGACATCT-1,1.8708813767929178,-5.221475112157225
GTGTGGCGTGTTTACG-1,2.458625506764223,-2.969085998333935
GTGTGGCTCGGTTAGT-1,0.4199180940196854,-4.260595482472377
GTGTGGCTCTACGCAA-1,6.115860797873219,-2.295154433035082
GTGTTAGAGAGCAGTC-1,0.7504732301460744,-2.6578585463448174
GTGTTAGCAATACAGA-1,2.8945222427982653,-6.81913077088743
GTGTTAGCACAGCTGC-1,5.746922213482887,-3.8897156102880497
GTGTTAGCAGACGGAT-1,-4.065625406967927,-3.4751927068712742
GTGTTAGGTCGCCTAG-1,-1.1714969500219594,-0.08523234653910594
GTGTTAGTCCCAAGTA-1,2.6160082649107745,-1.5102370830708964
GTGTTCCCAGTCTCTC-1,0.7401526058337389,-1.3588541105601275
GTGTTCCGTCCCGCAA-1,5.379288572393085,-5.324296720806494
GTGTTCCTCGCGAAGA-1,-2.6679148773786636,0.6569873906104166
GTTACAGCAAGCCTGC-1,-1.7794251928489213,-2.2271945979006444
GTTACAGTCTGACCCT-1,-1.9969539116229102,-2.5634997519350913
GTTACCCAGATGCTTC-1,-3.6650924484949976,-3.6691990472789753
GTTACCCAGTAGTCTC-1,6.279921691941414,-6.944868461942682
GTTACCCCACATGAAA-1,4.137974758452777,-6.213107621846842
GTTACCCCATATCTCT-1,0.06548430985453975,-1.0120267026501388
GTTACCCCATGACGTT-1,1.532475695428307,-3.2381027015893356
GTTACCCGTGTATCCA-1,0.9474447489749923,-8.31395917175341
GTTACCCGTTAAGACA-1,2.5315059494111596,-1.9622724400114335
GTTACCCGTTGCATGT-1,3.8344044647033186,-0.8117570446607961
GTTACCCTCTTAGCTT-1,3.530433590799514,-5.46395864890675
GTTACGACATGGGCAA-1,0.38921152501419165,-1.512650590038855
GTTACGAGTCATCACA-1,-5.5327546957806994,-3.412659302944652
GTTACGAGTGCACGCT-1,0.7934392261686668,-0.2782153907574086
GTTACGATCCGGGACT-1,6.694784040678665,-7.09232694672711
GTTAGACAGCTGTTCA-1,7.811613717825767,-4.4677870560394854
GTTAGACAGGAGGTTC-1,2.6218504331428205,-1.8994465955107478
GTTAGACCACCCAATA-1,8.639748545753463,-1.6153856262967836
GTTAGACGTCTTTATC-1,2.1505691495832067,-7.925578999770061
GTTAGACTCCTGGCTT-1,-0.1695882098123692,-0.002412990117124984
GTTAGACTCGGCGATC-1,6.767484808464742,-3.824466935430346
GTTAGACTCTACCAGA-1,2.4427009703580596,-6.426466494527718
GTTAGACTCTCTCTAA-1,8.238573465749747,-4.4555801993477635
GTTAGACTCTGTGTGA-1,4.434520783658565,-4.003603811440464
GTTAGTGCACGGTGTC-1,0.6905366054676442,-0.21288141692396603
GTTAGTGCATGATCTG-1,1.06632095578461,0.42532830221207873
GTTAGTGTCCCTTGGT-1,-1.7656184551947143,-1.806932209672188
GTTAGTGTCCTGGGTG-1,4.322453483817383,-3.4090048592102185
GTTAGTGTCCTGTACC-1,-0.9730588434926732,-7.075799231775127
GTTATGGAGCGTGCCT-1,7.685762982116278,-1.6528213510976764
GTTATGGAGTCAGGGT-1,2.9998437398181754,-0.2591934020703957
GTTATGGGTACATTGC-1,6.091418616159362,0.16741611860500896
GTTATGGGTCCGAAGA-1,1.0645715910158244,-5.606902155492614
GTTATGGGTGACACAG-1,4.800016334337613,-2.19012398515915
GTTCATTAGACCGCCT-1,8.22370799873661,-4.249508340960195
GTTCATTCATTCCTCG-1,-2.599431278765904,-1.593135165226934
GTTCATTTCATCGTAG-1,-0.49446711522202713,0.01399028990808395
GTTCCGTAGAAACCCG-1,0.7582675610745975,-3.0066394144560378
GTTCCGTAGAGCCGAT-1,-2.527820679566266,-2.7524767798478464
GTTCCGTAGTATGAGT-1,2.203671559046873,-4.833819805037746
GTTCCGTCACACTGGC-1,0.10843323802535734,-4.39696050491056
GTTCCGTCACGTAACT-1,-0.32301310638083125,-2.2998148748745266
GTTCCGTCATTAAGCC-1,0.6774202716221611,1.3578092873889607
GTTCCGTTCTTCACAT-1,-0.03153930644486563,0.41736540593270605
GTTCCGTTCTTGATTC-1,0.4491618953145392,-6.011311067377731
GTTCGCTAGAGTTGCG-1,1.0937762588516664,-6.402017919046185
GTTCGCTAGCGTTCAT-1,-1.375828763997967,-1.3066470176518281
GTTCGCTAGTGTTGTC-1,-2.2110560902306773,-6.100734320520432
GTTCGCTCAGGTATGG-1,8.174376721843485,-5.746935307490481
GTTCGCTGTATCAGGG-1,7.080374570431729,-0.7935176732548379
GTTCGCTTCATCGGGC-1,-2.3980605859753448,-4.117490931619961
GTTCGCTTCCAACCGG-1,1.6281914793839058,-4.697211826694753
GTTCGCTTCCCTAGGG-1,8.102724244962895,-5.757186081960896
GTTCTATAGGTAGACC-1,3.7624022266413517,-1.2985804822628093
GTTCTATCACATATGC-1,4.987556429003554,-3.0842491495728956
GTTCTATTCCTAGCGG-1,0.5476241373762079,0.016285754596687615
GTTGAACCACGTAGAG-1,2.1557568073124,-3.5941650682140946
GTTGAACGTGCCCACA-1,4.017755125204651,-2.19757464745184
GTTGAACGTGTCACAT-1,8.156189901024602,-4.28632936354783
GTTGAACGTTAGGGTG-1,-0.3977512377418279,-3.8135551696921617
GTTGAACTCAGTCAGT-1,-1.1704098355782373,-4.371925393981482
GTTGAACTCCCATTTA-1,-0.15176177053448292,0.45050656727878274
GTTGCGGAGCTTAGTC-1,-2.5593622786809416,-6.094358021981141
GTTGCGGAGGGATCTG-1,3.787903726793242,-5.017317608652076
GTTGCGGAGTCAACAA-1,-3.918647247337902,-0.203667945900887
GTTGCGGAGTGCGTCC-1,4.760721190300898,-2.6260804197278462
GTTGCGGCACCCATAA-1,0.2827651157521963,-3.020340554046323
GTTGCGGGTAGCGAGT-1,-0.5512000840151939,-2.48694548255963
GTTGCGGGTATTGGCT-1,1.0892059113318215,0.6941631002138536
GTTGCGGTCATGCAGT-1,4.390424216514864,-5.298967117723563
GTTGCGGTCTTGAGCA-1,0.7193479658448372,-3.4126957677412384
GTTGCTCAGAGTCTTC-1,-0.2810138187072536,-5.761959609802207
GTTGCTCAGCCATTCA-1,-1.2083266303592854,-2.2961264041502756
GTTGCTCCAACCACAT-1,-0.04652331511728241,0.7087217760466927
GTTGCTCCAATGTGGG-1,-2.887439805360192,0.675290558681071
GTTGCTCGTACAACGG-1,1.3950692953606185,-1.2073210170625934
GTTGCTCGTCATGCAT-1,6.00082391794877,-1.973265591807214
GTTGTAGAGGGACCAT-1,6.609341790256728,-5.678922184030228
GTTGTAGCACCATATG-1,0.1023393130211533,-4.567031794396253
GTTGTAGCAGGGAATC-1,-1.7569405968269314,0.5320368456304209
GTTGTAGCATCCCGTT-1,2.2353975770084307,-3.4185664417420685
GTTGTAGGTAGACGTG-1,1.101819292202712,-5.380108733931312
GTTGTAGGTCCACTCT-1,-5.3260244528348615,-3.4720080047507786
GTTGTAGGTCGTGGAA-1,3.886862669951396,-2.957980502113582
GTTGTAGGTTAGCGGA-1,6.162389670398193,0.22306958062520163
GTTGTAGTCATGGTAC-1,-1.022075027048155,-4.491810031094794
GTTGTAGTCGACCATA-1,4.187187992507896,-0.16257325702274825
GTTGTAGTCGCAGAGA-1,2.9751624012092672,-0.27469459426921894
GTTGTAGTCTGGTGGC-1,5.941548372198039,0.11483449112862278
GTTGTCCAGTACTGGG-1,2.492749167712032,-2.38333414297008
GTTGTCCCAGAGAAAG-1,-1.4955926553627488,-1.299980547504241
GTTGTCCTCCATCTGC-1,2.6577761034616194,-3.3665837290426692
GTTGTCCTCCCTCTAG-1,0.9401528036986737,-0.26643768622963193
GTTGTGAAGACTTCAC-1,5.906668455552511,-1.9643031312392776
GTTGTGACACCCTATC-1,2.248209340652476,-0.24359154919264925
GTTGTGACAGCAGTTT-1,0.6963589202589657,-8.358972646498524
GTTGTGAGTGCATTAC-1,-1.3817083731830009,-3.848986031059901
GTTGTGAGTTCGTACA-1,-1.1806131029689457,1.012126960762562
GTTGTGATCGTTACCC-1,-0.4191003268710197,0.21936586049683296
GTTTACTCACCTATCC-1,3.3561369517806314,-5.064575308431606
GTTTACTCAGATCCTA-1,-1.905059711431497,-3.213845663401177
GTTTACTCAGGTAGTG-1,-2.1993861746787524,-3.097853450208165
GTTTACTCAGTCAGAG-1,-2.120494834084135,-2.796174415509353
GTTTACTGTTATCTTC-1,-1.1663823182177624,-4.354695947863711
GTTTACTTCACAGAGG-1,-1.7349669358094366,-5.7106997612355475
GTTTGGAAGGTGCGAT-1,2.016191230944635,-3.451274825420937
GTTTGGAAGTTCCATG-1,1.4388817762650434,-6.0499644893396205
GTTTGGACACTGAGGA-1,1.2290138764497591,-6.15165954945488
GTTTGGACAGCATCTA-1,1.5278076336977593,0.46524908401039
GTTTGGAGTTAGGACG-1,7.024636918066826,-6.57649432873274
GTTTGGATCACTTATC-1,8.146541758877621,-1.8199847317674127
GTTTGGATCAGAGCGA-1,0.32073426858383103,-2.0741676796933444
GTTTGGATCAGCTCTC-1,-2.500854500914757,-2.5986988412406395
TAACACGAGCCGATTT-1,2.216829226482088,-3.3929741998053053
TAACACGCAAAGGCAC-1,2.9151412412623774,-2.654162180018661
TAACACGCACCACTGG-1,-0.14750993014949954,-0.4280320671812702
TAACACGGTCATGACT-1,-1.7902370737400024,0.4241954278698377
TAACACGGTGGATTTC-1,3.659073348325408,-2.828128621421464
TAACACGTCATCTACT-1,-2.3778414987515006,-1.9897519885074355
TAACACGTCTCCTGAC-1,-3.0670553120476534,0.7748693974024686
TAACCAGAGACGGATC-1,2.560734173721573,0.4640007463301067
TAACCAGAGATTGAGT-1,-2.923878456973339,0.6390935332297372
TAACCAGAGGTTCAGG-1,3.5547560686515456,-5.12929791765804
TAACCAGCAGACCAGA-1,-1.4953900395358468,0.36325179134840146
TAACCAGGTTCTTAGG-1,5.463427043524362,-5.14810240723252
TAACCAGTCAGCGGAA-1,8.73947773783846,-1.3332753993919666
TAACCAGTCTGCTAGA-1,-2.643409047847752,-0.49696907077691893
TAACGACAGCGAAACC-1,-2.843110610619781,-2.713157079879619
TAACGACAGTACAGAT-1,0.4144287088813479,-2.443630097044863
TAACGACCAAGCGAAC-1,1.7619300198599868,1.5751712783058323
TAACGACCAATAGGAT-1,0.37726191016386856,-4.420937070113437
TAACGACGTTCCTAGA-1,2.604439064356542,0.5103347223312296
TAACGACTCACCTACC-1,-1.5451950883009828,-2.378678692352178
TAACGACTCACTTGGA-1,0.8898814324057868,-8.387208316364902
TAACTTCAGAAGGTAG-1,0.8050070386481234,-0.4723321007771414
TAACTTCAGCTAGTTC-1,7.305452123461115,-2.4435559309721477
TAACTTCAGTACGTCT-1,5.698311273542038,-3.8002370433800308
TAACTTCCAAACGAGC-1,7.719980524437984,-3.1480525492585527
TAACTTCCAACTTGCA-1,3.026546207467805,-2.342345359045724
TAACTTCCAGGACGAT-1,-1.652889449656238,-2.783956184023031
TAACTTCCATTAAGCC-1,8.140944717431315,-4.181677199163815
TAACTTCGTAACATCC-1,7.080541545618252,-0.8523354733113245
TAACTTCGTTGAGTCT-1,1.033745333123383,-3.659650777015283
TAACTTCTCATTCTTG-1,-1.761912082272186,2.6143442037651368
TAACTTCTCCGGGACT-1,-0.723953007994417,-3.974303889629818
TAAGCACAGCGAGTAC-1,1.9984015939527593,-2.1686583889208935
TAAGCACAGGACGCAT-1,3.8414941768258246,-3.068855676011688
TAAGCACCAACATACC-1,-3.460904596346237,-0.28276256076882733
TAAGCACCAACCGACC-1,2.969818067430276,-3.2389556739059073
TAAGCACGTAGCACGA-1,-1.337647933013328,-4.579305529502551
TAAGCACGTATGTCAC-1,6.468202339638099,-5.730847801939429
TAAGCCAAGGTCTACT-1,0.9565689534195218,-3.5080705588903314
TAAGCCAAGTAGGAAG-1,3.562918589273842,-1.1789475810762693
TAAGCGTCACAGCCAC-1,-5.573789679471039,-3.4361267895407597
TAAGCGTCATTCCTCG-1,5.401296084549468,-4.049347181891867
TAAGCGTGTAGTAAGT-1,2.455565453861129,-3.8690515691664764
TAAGCGTGTTGTGGAG-1,1.9355094043440044,-1.0614368728556387
TAAGCGTTCACTGATG-1,-2.9914767917175116,-1.7221605374711217
TAAGCGTTCGAAGCAG-1,4.761907353546137,-3.5989297169300136
TAAGTCGAGAAGGTAG-1,8.344814136717078,-1.597531307502097
TAAGTCGAGCCACCGT-1,-4.021409146532806,-2.7928949639253386
TAAGTCGAGGAGGCAG-1,6.968162975089446,-2.432176944237109
TAAGTCGCAGCCTTCT-1,-1.3696661680949984,-1.2105335983016077
TAAGTCGTCGCAATGT-1,5.017682256877313,-2.1114902796858215
TAATCTCGTCGACTGC-1,2.5763211462780697,0.5562228893416472
TAATCTCGTGATCGTT-1,4.437216009227882,-7.099619088409529
TAATCTCGTGGTCTAT-1,6.176631680489575,-5.090009459922619
TAATCTCGTTAGGCCC-1,-3.4630285382848935,-0.4944894888705656
TAATCTCGTTGGAGGT-1,4.470604290214594,-5.700914049762453
TAATTCCAGGAGCAAA-1,0.7987219386180481,-2.6944658072155994
TAATTCCAGTACGTCT-1,3.8055327650124484,-5.266646729893935
TAATTCCCAACGAGGT-1,-3.0512722038493516,-8.440847033848817
TAATTCCCAGTTTGGT-1,3.2408225485442337,-0.7237106897033484
TAATTCCTCCAGTTCC-1,0.8676099135730652,-0.291930398896977
TACAACGAGGATGAGA-1,0.5815339397429432,1.076026464155977
TACAACGAGGCGCTTC-1,8.20026346848049,-5.682725924606538
TACAACGAGTACTGGG-1,2.339535454541844,-6.253999065724426
TACAACGGTCCCGCAA-1,2.244335680705818,-8.335319820147781
TACAACGGTTACCCTC-1,-0.41291565767457283,-5.3942320432398985
TACACCCAGATGTTGA-1,2.1380661514223895,-8.396283463469517
TACACCCAGCCATTGT-1,-0.4261714697896439,-2.351054043721073
TACACCCAGCGTCGAA-1,8.382925101170205,-1.5131196612807392
TACACCCCAAATCGGG-1,-1.747440982716849,-3.1879241617787684
TACACCCCAATTGCCA-1,8.340196892623245,-1.73662502349174
TACACCCCATCATTTC-1,2.8297326531335707,-4.827530508082053
TACACCCGTCATTGCA-1,-1.7827979738999022,-4.923603368341841
TACACCCGTTAAGAAC-1,0.2426667646956995,-4.729568733635672
TACACCCGTTCGGACC-1,2.3890815967657857,-1.6104963441120488
TACAGGTAGCCACTCG-1,0.6214275667031659,1.2548827222274435
TACAGGTAGCTAGATA-1,7.882558098070793,-3.1185270717470117
TACAGGTAGCTTCGTA-1,-1.6846283317511457,2.5915864660359103
TACAGGTCAAAGGATT-1,-1.6652488131387508,0.30696115672922425
TACAGGTCAGCGAACA-1,-2.5147435614566573,-0.5330935148383931
TACAGGTGTAGAGGAA-1,3.431100577587411,-1.4788186095667117
TACAGGTGTGACAGGT-1,5.649039247879359,-3.8208178938307946
TACAGGTGTTGGTGTT-1,2.5955089789038306,0.47232509477502144
TACAGGTTCACCTTGC-1,8.134037885505615,-4.43020578073147
TACATTCAGGAGTACC-1,3.8403418167351266,-6.007730356644222
TACATTCCAAATTGCC-1,-3.9216062289936784,-3.323301802836289
TACATTCTCAGACCTA-1,8.345763966911244,-1.6857852307613246
TACATTCTCGCTACAA-1,-0.3861321397377385,-6.357704302744314
TACCCACAGCGTTCCG-1,3.248527122475694,-5.513619271756293
TACCCACAGGCTAAAT-1,5.994568941321849,-5.351132378916702
TACCCACCAGATACTC-1,6.860580477476274,-4.152139425779528
TACCCACGTAGCTGAG-1,4.3124040232117595,-4.728844653916285
TACCCACGTCCAAATC-1,0.34113890153980675,-2.9677092445862767
TACCCACTCGATGCAT-1,-1.1154506596538227,-4.292534456328698
TACCCACTCGTGGAAG-1,5.268671584653144,0.7682831729087657
TACCCACTCTGAGAGG-1,4.098385918720313,-6.2969471546588185
TACCCGTAGAACCCGA-1,-0.45386240160650315,-7.222681150546052
TACCCGTCAAGTTCCA-1,5.323546987534566,-1.181727818504352
TACCCGTCACGGCACT-1,2.4470081195289235,-6.363645340192195
TACCCGTCAGAAGCGT-1,2.4862354919963088,0.2220823623680486
TACCCGTCAGACCTGC-1,7.129789786755467,-0.8483348872579461
TACCCGTCATAGTCGT-1,0.7245742748505988,1.170870602432973
TACCCGTTCGACCCAG-1,0.5125243413322265,-2.1360925049649526
TACCGAAAGCCGAACA-1,1.353884260117822,-4.3489539629161165
TACCGAACACATAACC-1,2.4512021824636854,0.3779948448790022
TACCGAACAGGACATG-1,3.0543461704749384,-0.4009656050478653
TACCGAACATCCGTGG-1,0.511002447860021,-3.2510135133062583
TACCGAACATTGTCGA-1,6.386129387295911,-7.0567088320787885
TACCGAAGTAACCAGG-1,1.1057457699784357,0.7014897897302836
TACCGAATCCATAAGC-1,0.31820389911003166,-0.24706371906089072
TACCGAATCTTCTAAC-1,7.761669122819445,-4.004994014788725
TACCGGGGTAGACGGT-1,6.854201770993252,-2.1020605115966786
TACCGGGGTCCAGCCA-1,8.122260977972088,-5.7296928423879265
TACCGGGTCCCGTTCA-1,3.2566760746306462,-5.690799563204689
TACCGGGTCCTGGGTG-1,7.137582008513467,-0.8763161204864718
TACCGGGTCGAGCTGC-1,7.066636614757483,-2.210425446799295
TACCGGGTCTTCCACG-1,-2.906140454171572,-8.325773354223992
TACCTCGAGCCTGAAG-1,6.8166730134621965,-4.102193216060595
TACCTCGCACGTGTGC-1,3.2141839445925537,-1.0277820763348355
TACCTCGGTCCGAAAG-1,2.6216403468147553,-5.519844815729759
TACCTCGTCGACGCTG-1,6.667321382565605,-7.067930075080029
TACCTCGTCTTAAGGC-1,-1.8849396354006043,-0.20336403935750133
TACCTGCAGCGTCTGC-1,0.6066832564758486,-2.0486719646303753
TACCTGCAGGTCACCC-1,-1.7808827240272131,2.4409322143315713
TACCTGCAGGTTAGTA-1,4.560727588710312,-5.483747743418594
TACCTGCCAGCGTGAA-1,3.1875215622396658,-1.2665289183460569
TACCTGCGTTCGAACT-1,3.8349677285350774,-5.03143898572278
TACCTGCTCCTGCCAT-1,3.473639034125312,-1.4321493006820538
TACCTGCTCGAGAAGC-1,-2.199402403846398,-5.607780586355743
TACCTGCTCTCCTACG-1,-0.47377713870889604,-6.913800459566467
TACGCTCAGGTAAAGG-1,5.998776324159299,-1.9526595841503862
TACGCTCGTACAGGTG-1,4.405618528021928,-4.631495099927629
TACGCTCTCGCCGATG-1,-1.075694867956675,-2.886078692979261
TACGGGCAGTCGCGAA-1,-2.5414407545611195,-5.956435112208983
TACGGGCCAACCCGCA-1,2.036270536762813,-0.9926028234006953
TACGGGCGTACGGGAT-1,-3.137995105079088,-1.5064193788498272
TACGGGCGTTAGAGTA-1,1.345857280636589,0.59267509084537
TACGGGCTCGCCTCTA-1,0.6577282463699374,-6.685118825824462
TACGGTAAGATACGAT-1,-2.970245274605668,-8.41779540514074
TACGGTAAGCCATTCA-1,2.3898684911640014,-6.414105956445644
TACGGTAAGGCCTGAA-1,2.208983102947144,-0.21990697976806797
TACGGTAGTGGTCTGC-1,-1.6907303223689196,-4.880623339948877
TACGGTAGTTGCAAGG-1,3.4071463841244296,1.322250157335255
TACGGTATCCCACAGG-1,3.502241148221563,-4.558273989292808
TACGGTATCCGACATA-1,1.048463658660318,-8.219663008328345
TACGGTATCGGCTGTG-1,-1.3702909944294865,1.2737694609873893
TACGTCCAGCCGAACA-1,3.495048241550882,-1.2791096753487983
TACGTCCAGGGCAACT-1,5.936971748325031,-1.8522897083274839
TACGTCCAGGTCCCGT-1,4.986020733515716,-3.416064744498309
TACGTCCCAGCATACT-1,2.1783806481958154,-8.248950387565738
TACGTCCGTCCACTTC-1,1.0790490583991401,0.543754932828419
TACGTCCGTCGAGTTT-1,-0.770999871663974,-1.6333622125666354
TACGTCCGTCGCACGT-1,2.0158606897496822,-3.393362784624451
TACGTCCGTGATAGAT-1,-2.906502198642087,-8.348161968090762
TACGTCCTCGTGCATA-1,-2.3615666657983816,-4.191953968263158
TACGTCCTCTCGGTCT-1,4.7369767859874194,-3.791023556454741
TACTGCCAGCAGCAGT-1,2.3810091501741324,-1.9559327936044144
TACTGCCAGGGATGTC-1,1.031844513894591,-0.695655907016309
TACTGCCCAAGTTGGG-1,3.5743186770985287,-1.1655508001219805
TACTTACCACATAACC-1,4.333705995020908,-7.496385551728867
TACTTACCATGTTCGA-1,-0.8325017481557897,0.14352994718534204
TACTTACGTCAGTTTG-1,8.249251827039846,-4.449176121775438
TACTTACGTCGCCACA-1,-1.0220702328358742,-0.8120922404433688
TACTTACGTCGTGGAA-1,0.8567514859680632,-5.68793384958585
TACTTACGTCTCTCTG-1,4.021938695894054,-6.1997923687882
TACTTACTCCGTGTAA-1,2.1589217309240545,-8.124656103471507
TACTTGTAGACATAGT-1,4.674414492044522,-7.216250041087536
TACTTGTAGGAGGTTC-1,0.6691834404327213,1.2338462229541511
TACTTGTCACCTTCCA-1,0.7345951905010628,-2.254139717194581
TACTTGTCACGGCCAT-1,-3.5686806540165477,-3.438109562122845
TACTTGTCATGTGGCC-1,-3.9481369549149914,-4.787044909322779
TACTTGTGTACGAGTG-1,0.2539744500715369,-1.3287127305811564
TACTTGTGTTTCGTAG-1,-3.111055354526023,-1.3708716160548475
TACTTGTTCCCTAGGG-1,-3.059651117859761,0.6308807258302498
TACTTGTTCTGATGGT-1,-0.1620486160012174,-5.784933722862219
TAGACCAAGAGGACTC-1,4.510778744109082,-7.585749500485276
TAGACCACAAGGTCAG-1,5.281783678669058,-1.1390528505882604
TAGACCACAATCGAAA-1,2.9776597359481385,-0.9406234965398675
TAGACCACATGTGACT-1,0.8673034655055281,-3.005222877410125
TAGACCAGTCCCTAAA-1,6.067570561863539,-0.04363013359696742
TAGACCAGTGAGCGAT-1,7.994230606658078,-1.6838664600817872
TAGACCATCTGAGTCA-1,4.919099178285505,-1.1548056261924942
TAGACTGAGTAGATCA-1,1.7662257957171386,-4.10170156715153
TAGACTGAGTGGTGAC-1,-0.8305421424648163,-0.050185921905465024
TAGACTGCAGCGACAA-1,-2.277554698433497,-1.6822683297383618
TAGACTGGTCTACATG-1,0.20197108865223828,-4.6113117768757155
TAGACTGGTGTCCGTG-1,2.435229985606351,0.07380857384869692
TAGAGTCCAATGTCTG-1,6.503145918544873,-7.157481429718562
TAGAGTCCACTTTAGG-1,-2.69132726403655,-2.5850803938583113
TAGAGTCCAGCAGACA-1,6.0464900434327635,-0.20203300934553084
TAGAGTCCATCAACCA-1,0.2488084580568572,-4.541185485743681
TAGAGTCGTACAAGTA-1,1.496268784916597,-1.2019482927618874
TAGAGTCGTTAGAGAT-1,2.704472250898646,-3.6974086608933314
TAGAGTCTCTCGTGAA-1,-1.8084138228958473,0.39004554022241256
TAGAGTCTCTGACGCG-1,-0.7105011450034175,-3.274074802619296
TAGATCGAGCGTATGG-1,6.1990550771514155,-0.25113757908561946
TAGATCGAGTTGGGAC-1,1.7831228876122995,1.4984547547848803
TAGATCGGTGATGAAT-1,0.8881055651056894,-0.6429210222696946
TAGCACAAGCGAAACC-1,1.4514150490530913,-3.7481183538551925
TAGCACAAGGTAGTCG-1,5.7394446621900395,-3.599832768202938
TAGCACACAGCAGTTT-1,0.022598749574871464,-0.258059833646524
TAGCACAGTCCTTAAG-1,5.945341502460649,-5.3269231315086945
TAGGAGGAGTCTAGCT-1,-1.884544310418826,-1.2190231815005759
TAGGAGGCAGTATTCG-1,-2.3332386445873405,-4.0969673875594115
TAGGAGGTCAATGTCG-1,4.22273012024923,-6.258721986641672
TAGGGTTAGCACAAAT-1,3.598024420313172,-1.160195219025534
TAGGGTTAGGTAAAGG-1,3.116115609749364,-0.27913062281283924
TAGGGTTCACTTTAGG-1,-2.1922706588855587,-2.200113104188663
TAGGGTTCAGTTGTTG-1,2.021711253212454,-5.436700282608446
TAGGGTTGTATAGGGC-1,5.700877382952959,-3.847896075891414
TAGGGTTGTCCACTCT-1,0.646009209544841,-7.9050907231495
TAGGGTTGTGTTTGCA-1,-2.8474692832548603,-8.29516131587885
TAGGGTTTCCATATGG-1,-2.058886759521353,-5.7416403959022135
TAGGGTTTCCCTTCCC-1,8.108014881122484,-5.687648211735914
TAGGTACCACAGTCGC-1,3.7639958958648903,-4.04629003836942
TAGGTACGTATCGAAA-1,3.3512724465052757,-5.626194797660087
TAGGTACTCCCGTGAG-1,1.3942811509353943,-4.336573675816246
TAGGTTGAGTGTAGAT-1,3.357463868630859,-1.1949363077302113
TAGGTTGTCAAATGCC-1,1.0849738877763377,-1.0881454924517673
TAGGTTGTCCAGGACC-1,0.8106024691814123,-8.003460094907282
TAGTGCATCGGTTAGT-1,1.0769258533218846,-2.4298636734067722
TATACCTAGAGGCGGA-1,2.2128772968697676,-8.340372808886379
TATACCTAGGGTACAC-1,-1.4569624060572197,0.3109745567440974
TATACCTCAGAATTCC-1,2.0621395838378422,-4.2519422708405745
TATACCTTCATGCGGC-1,3.298247707288252,-5.753164373405914
TATACCTTCGAGTCTA-1,-0.6420924625890959,-4.240363055477529
TATATCCAGGATTTCC-1,3.9145637420884887,-1.179506476613294
TATATCCAGTACTGTC-1,-0.2752113312929481,-0.4827484098940895
TATATCCGTACTTGTG-1,0.5950521759267957,-7.562061935358862
TATATCCTCTCCACTG-1,5.325146829228802,-1.225889066594397
TATCAGGAGTGTACCT-1,0.621269498289969,-5.238059129677205
TATCAGGAGTTTCTTC-1,3.729474942957744,-2.868340927855998
TATCAGGTCGGTCAGC-1,0.6481695539931012,-3.0120848857525067
TATCAGGTCTGTGCAA-1,-1.0538956804122297,-0.43906846029480995
TATCCTAAGGAGTATT-1,0.07077442726229607,-1.3770819665126686
TATCCTAAGTCACAGG-1,1.05721776181543,-5.072450634263039
TATCCTACAAAGACGC-1,-1.8641700063259072,-0.8421922459127955
TATCCTACAATGAACA-1,5.956780117452545,-1.7938755403808735
TATCCTACAGGACGAT-1,2.636754302571563,-3.6968445916505117
TATCCTACAGGATGAC-1,-1.9195092143463781,-3.3510386693047844
TATCCTACAGGGATAC-1,-0.6202628698140964,0.8471705373675501
TATCCTAGTTGCAAGG-1,-2.4128619397671827,-6.059315250844603
TATCCTATCAGTCTTT-1,-2.4316365147517716,-2.3666085395274643
TATCGCCCATGCGGTC-1,6.254777221355557,-6.173722430744107
TATCGCCGTAATCAGA-1,2.100199221169032,-2.5658016843817744
TATCGCCGTCCTCCAT-1,6.217886089191608,0.33257665496139643
TATCGCCGTCGTATTG-1,2.137689833425465,-0.40709004669032994
TATCGCCTCACTGCTC-1,0.12529113428286284,-4.540790178985146
TATCGCCTCAGGACGA-1,-2.367654250805013,-0.5471265511442588
TATCTGTAGGATAATC-1,0.1855127147416616,-4.584704344816027
TATCTGTAGTGCGTCC-1,2.5412023049839,-3.403231750928002
TATCTGTAGTTATGGA-1,7.853389445936146,-5.4235967374258545
TATCTGTTCCTCGCAT-1,2.553896112037582,-1.0100476837026118
TATCTGTTCGCATTAG-1,-3.203696690714735,-1.38399942970179
TATCTGTTCGTTACCC-1,3.164980964215666,-2.3391970640173074
TATCTTGCAACGTATC-1,-0.7075634454408707,-2.3832803008857995
TATCTTGGTCTTTATC-1,0.8069596722035647,-4.506816038040517
TATCTTGTCGTCTAAG-1,-0.08080337424411813,-2.8544291598550995
TATCTTGTCTACTCAT-1,1.774020441536642,-1.2882417836642255
TATGTTCAGCATACTC-1,8.70316320433355,-1.4255234094318334
TATGTTCCAATAGGGC-1,5.408305209949836,-3.752086196569246
TATGTTCGTACGAAAT-1,-0.14302822665280776,-1.5492010610526326
TATGTTCTCCTATTGT-1,-3.5941517406499197,-4.949243113538986
TATGTTCTCGGAGTAG-1,0.7849374989211194,-8.04078924637009
TATTCCACACAATGAA-1,-0.7114996756772498,0.0935686939622329
TATTCCACACATATGC-1,8.561798705258852,-1.5427232937289872
TATTGCTAGCTAAATG-1,-1.3114273760183999,-0.25010896717540326
TATTGCTAGTCGCGAA-1,-1.1029082248945266,-2.9166774891767826
TATTGCTGTAGCACAG-1,-4.028574203516667,-0.36133604299638516
TATTGCTTCATCACCC-1,0.4684827950649675,0.44967248351512956
TATTGCTTCCTACGAA-1,7.171502792962919,-1.3200432062842529
TATTGGGAGCGCTGCT-1,6.200881830948293,0.30689000717222426
TATTGGGCACTTGTGA-1,2.46473702699767,-3.710516581142575
TATTGGGCAGATACCT-1,-5.587687028244594,-3.3441815835204864
TATTGGGCATGAGTAA-1,-1.347540748594497,-1.2214266955147997
TATTGGGGTGTTAAAG-1,-4.006690917034125,-3.8587831808748274
TATTGGGGTTGCCAAT-1,-1.685731347937484,-1.0417237222503608
TATTGGGTCAGCACCG-1,5.1803940110743465,-1.2242945842297237
TATTGGGTCCTAGCGG-1,2.5702896415707,0.5258467388314442
TATTGGGTCCTCCACA-1,5.951920272882724,-2.0606800363218993
TATTGGGTCCTCTAGC-1,2.0242469279974027,-3.600425010099306
TATTTCGAGAAGCCTG-1,7.915854326170079,-1.8090208757855883
TATTTCGAGACAACTA-1,-1.685343069605477,2.4466939472592144
TATTTCGAGACTTGTC-1,6.382023207318359,-5.7910529403885
TATTTCGAGTTAGTAG-1,-2.8878483497477583,0.13747994503809094
TATTTCGCAATTGGTC-1,3.2645427430158427,1.0891327394167445
TATTTCGCAGAGTCTT-1,-5.585401815020595,-3.4112047737732474
TATTTCGGTAACACCT-1,-1.3925700680024753,-4.679119130698233
TATTTCGGTTTCTTAC-1,-3.1432516241522523,0.6943991939363385
TCAAGACGTAGGACTG-1,5.330004692132052,-7.899911106543758
TCAAGACGTCTAGGCC-1,-0.3769584572099106,-5.902492812409012
TCAAGACTCAAGATAG-1,8.242140583518042,-4.408447253593562
TCAAGCAAGGTCCCTG-1,-3.1182693565209947,0.5464587968356203
TCAAGCACAAGCTGCC-1,2.503717921792847,-5.045750054916389
TCAAGCACAGGTCTCG-1,1.99955465797262,-3.681689902480097
TCAAGCAGTCCCTGAG-1,1.0802349738102555,-5.65848815960858
TCAAGCAGTTGCTCGG-1,-0.3027528195973918,-0.4909963886901505
TCAAGCATCCAATCCC-1,3.452044995837879,-2.1170345862158606
TCAAGCATCCTGTACC-1,2.4188440010462995,-1.461964587394334
TCAAGCATCTCTCAAT-1,0.15198731991262576,-4.574974366172091
TCAAGCATCTTCTGTA-1,2.223932849814235,-4.533112197827321
TCAAGCATCTTGGTCC-1,-1.2850150820778248,-1.2402519641347125
TCAAGTGAGCAGCAGT-1,1.5907103148417374,-5.74472256261693
TCAAGTGAGGCTGAAC-1,3.58994366523994,-1.223935580008916
TCAAGTGAGTAGAATC-1,0.0005452752509336336,-0.9569760839363967
TCAAGTGGTATAGGAT-1,5.246866435606679,-8.081784559349042
TCAAGTGGTATGCGGA-1,1.0096113218328175,-2.403758033496775
TCAAGTGGTCCCTGAG-1,1.5651628775826745,-0.12579392700955216
TCAAGTGTCGCCAACG-1,3.308684124471285,-4.733116710550107
TCAAGTGTCTGCTAGA-1,3.5734309180323334,-2.9158134642162454
TCAATCTAGATGAATC-1,-1.9786445900920044,-3.7940758736450775
TCAATCTAGCAGGCTA-1,3.517002852292144,1.4409080400501424
TCAATCTCACAGCCAC-1,7.183665073540735,-0.7578998042017611
TCAATCTCACGGCTAC-1,2.17652087674072,-0.3421113213790829
TCAATCTCACGTATAC-1,5.337418509937242,-7.8494790619529065
TCAATCTCAGCGTAGA-1,-1.4298161638769438,-2.981317307340004
TCAATCTCATCGGTTA-1,-1.6123818206705873,-6.04124855566511
TCAATCTGTATACAGA-1,3.264793197882756,-0.8063286308584842
TCAATCTTCGATACAC-1,1.4432553450800727,-2.296917470799274
TCAATCTTCGCCGTGA-1,-0.43002342163113244,-0.18522904131258397
TCAATTCAGGTTTACC-1,-0.6810357988613709,-7.198336909004574
TCAATTCAGTGCCCGT-1,-1.5777923373915943,-5.715142758789137
TCAATTCAGTTGAATG-1,-2.0882952517045905,-3.9792499566880757
TCAATTCGTGCAAGAC-1,3.739309839266318,-0.9552713877111723
TCAATTCTCACGGGAA-1,6.695655450374303,-4.00649072587944
TCAATTCTCTGGGATT-1,6.500602627270065,-5.798952970993916
TCACAAGCAGACGATG-1,-2.7744427376233673,-2.6836157682907316
TCACAAGCAGAGTCTT-1,6.776516487252043,-4.1846374220445215
TCACAAGCAGCTTCCT-1,-0.6486194462674103,-0.3946592645110956
TCACAAGTCCGCTAGG-1,-0.8146379348872284,-3.207137182565298
TCACAAGTCCGGACTG-1,1.5951382089816244,-3.466639369627588
TCACAAGTCGTCTCAC-1,1.68227046166352,-3.5554974453101345
TCACACCAGTAATTGG-1,1.7072252991683148,1.3943765007024387
TCACACCCAGCACAGA-1,-1.4724651513661982,1.4331807310985332
TCACACCGTGAATGAT-1,6.177353984195893,-5.4214852689652995
TCACACCTCAGTCAGT-1,5.288732089955249,-7.927141468958238
TCACACCTCCGATTAG-1,-0.30483790102632563,-3.1774651332324875
TCACACCTCCTGTAGA-1,0.9229754561381055,0.3575568302118102
TCACATTAGAAGTCAT-1,-2.003490983566771,-1.567962034554107
TCACATTAGCAAGGAA-1,5.502677238227205,-5.1830167743517634
TCACATTAGCATGAAT-1,8.173677861279494,-5.587672574349902
TCACATTAGTTGCGCC-1,4.744019120323434,-1.6488522869045705
TCACATTGTGACTCGC-1,-5.657255425606893,-3.4794209127261375
TCACATTTCCATCACC-1,8.474539508597019,-1.5222433008726641
TCACGCTCACTGTGAT-1,1.7830943628946063,-2.592082559792576
TCACGCTGTATGGTAA-1,-2.899885053575036,0.6132946041689799
TCACGCTGTCTTCGAA-1,5.473002175160614,-9.350992311522587
TCACGCTGTTGCAACT-1,2.4936069042680176,-3.093688215748729
TCACGCTTCATGGATC-1,2.735428487775122,-1.2388159691991738
TCACGCTTCCAAGGGA-1,6.52222896745483,-4.167812840696617
TCACGCTTCCTCCACA-1,4.248655175434973,-3.6244293558404888
TCACGCTTCGAGAGCA-1,3.909445459408983,-3.0599929631935368
TCACGGGAGACTAAGT-1,8.543587621769936,-1.5030820316370803
TCACGGGAGAGATGCC-1,6.394202263638657,-5.692849016197163
TCACGGGAGTCATGGG-1,-2.2405119656875248,-5.744961059168453
TCACGGGCAGAAACCG-1,5.236190968687221,-6.598670823585839
TCACGGGCATCCTGTC-1,1.3305747455576626,-5.11919531723068
TCACGGGGTAATTGGA-1,1.8147047640462048,1.4786628093637477
TCACGGGTCAGACCGC-1,0.7470833709928603,-8.4087606214951
TCACGGGTCTTAGCCC-1,5.368542911556927,-3.849872798368137
TCACTATAGACACACG-1,2.241576568267842,-4.56614083314795
TCACTATAGACTCATC-1,5.931349621123668,0.21070593430333892
TCACTATAGGGTGGGA-1,-0.7743561495905337,-7.195279982099966
TCACTATCAACATCGT-1,5.575457455386703,-3.9346558480813427
TCACTATCAGTTAGAA-1,-3.923349329158307,-4.456085266364454
TCACTATGTCGAGCTC-1,2.514217033339852,-3.8093197095167204
TCACTATTCCTTCTGG-1,4.108605106100993,-5.651059157409405
TCACTATTCTATACTC-1,-2.417632104660585,-1.734120005619522
TCACTATTCTTCGTGC-1,4.478691445634427,-7.584029239115442
TCACTCGAGACCATAA-1,2.469777927465802,-1.958437313212765
TCACTCGCAATCGTCA-1,-0.360300904679823,-6.796853690589625
TCACTCGCACGCGCTA-1,-2.2500219266205987,-4.1569924614755855
TCACTCGGTCTTCTAT-1,4.419344894137872,-7.4725624630935386
TCACTCGTCCAATGCA-1,1.7565530601134762,-2.853944092928393
TCAGCAAAGAGGTATT-1,-0.4794612655722765,-2.8933322212864745
TCAGCAACAACACAAA-1,5.710023391895748,-3.866124000883406
TCAGCAATCATTCGTT-1,3.0717117733859456,-0.26537811197178157
TCAGCAATCGACCATA-1,-3.9713410386992756,-4.8194951790398575
TCAGCCTAGAGGTGCT-1,7.952785879376917,-5.706435116845284
TCAGCCTAGTTGCTGT-1,1.171797708645298,-5.23122754723542
TCAGCCTCAAACCACT-1,0.9951414514125023,-4.126764354339065
TCAGCCTCACACCTAA-1,-1.4128404553654286,-1.3833884101214686
TCAGCCTCAGGTCAGA-1,4.608319988495902,-5.338770370723763
TCAGCCTGTACGCGTC-1,1.8092257889904848,-1.2509192527793807
TCAGCCTTCCATAAGC-1,-2.7015310817402596,-8.114566060147329
TCAGCCTTCCGCACTT-1,1.085962957143954,-6.380144416779302
TCAGGGCAGGCACTCC-1,-5.27074754698604,-3.3782363900585106
TCAGGGCCACTAACCA-1,-0.5530945604872922,-2.3666095379473595
TCAGGGCCATTAAAGG-1,4.234640095408973,-0.1873029351398977
TCAGGGCGTGTGTGGA-1,4.558876212459444,-5.561456823652458
TCAGGGCTCGTGTGAT-1,6.0786689396878,0.2050249352706126
TCAGGTAAGGAAACGA-1,6.135908075639005,-6.1773978436712325
TCAGGTAAGGGTACGT-1,5.547781858557202,-2.940271277917153
TCAGGTAAGGTAGACC-1,0.6508668372603854,1.09614287516257
TCAGGTAGTACAAGTA-1,-3.8605681517586112,-0.31833939802017386
TCAGGTAGTAGCTTAC-1,-0.6791784926344737,-7.296368516348127
TCAGGTAGTATAGGGC-1,-1.022668927945167,-3.8670875346397713
TCAGGTATCAGCGCAC-1,-3.9793321130727857,-0.2308579150447173
TCAGGTATCGCACGAC-1,1.7471106663370115,1.5372585869869266
TCAGTCCCATTACTCT-1,7.284941728072151,-2.4344643563369393
TCAGTCCGTACTCAAC-1,7.992816108269608,-3.761790227822927
TCAGTCCGTCGGAAAC-1,4.338103957955512,-0.10940779999974995
TCAGTCCGTGGTTCTA-1,3.8937756080040913,-3.026786960279351
TCAGTCCTCGAGTCCG-1,5.4611228118930075,-4.068290246810755
TCAGTGAAGTGGACGT-1,2.30153635066059,-0.02388303651848619
TCAGTGACATCCAACA-1,1.6930758240664658,-3.648639630423303
TCAGTGAGTCTAATCG-1,5.1902651745157975,-3.595364181443813
TCAGTGATCCAAGCCG-1,6.673949674460019,-3.8533167534500885
TCAGTGATCCATGCAA-1,-2.0911891700704643,0.03501992073644707
TCAGTTTAGCATCCTA-1,5.266446675646613,-6.62202492005079
TCAGTTTCATGAGATA-1,-1.240410369992413,-2.9652617833440624
TCAGTTTCATGCTGCG-1,8.11574807575602,-5.709242927163482
TCAGTTTGTAGCCCTG-1,-1.204936393947402,-0.16249315007903695
TCAGTTTGTCTGTAAC-1,-1.1920813535246029,0.7585396260492884
TCAGTTTGTGCATTTG-1,5.38443221096711,-3.7729112025609903
TCAGTTTGTTCTCAGA-1,8.450216199205087,-1.547544442873612
TCAGTTTGTTGTGCCG-1,4.669693276200439,-1.9302502714271499
TCAGTTTTCAGGAGAC-1,2.2490727285980485,-6.219132989012909
TCATACTCAATTTCTC-1,8.15235211807467,-1.5477387167404655
TCATACTGTAGGACCA-1,6.801909340629983,-4.052517506462768
TCATACTTCAATCAGC-1,3.0701879034572155,-0.3384851748548347
TCATACTTCCTACGAA-1,2.7700690859110018,-5.4715005218082275
TCATACTTCTTCCACG-1,6.152708234438107,0.2587991966194162
TCATATCAGAGCAGTC-1,5.424696811963202,0.7185019886795769
TCATATCAGTAATACG-1,5.565575903460494,-5.253220377421696
TCATATCCACATTACG-1,-2.356752738908877,-4.125841879225408
TCATATCCATGACACT-1,2.6792833169336365,-6.0151334679479085
TCATATCGTGCATGTT-1,-1.770546590685024,0.44724130899769077
TCATATCTCACAGTGT-1,2.213965398440499,-1.2104692188096133
TCATATCTCCTTTAGT-1,1.1087722943909437,-5.579863670913083
TCATCATAGACGCCCT-1,1.9755498875494617,-8.162078339954872
TCATCATAGTCTGCAT-1,0.6300255808594846,-8.520838490534732
TCATCATCAAGTTTGC-1,5.420729757364259,-1.1272853253504658
TCATCATCAATTGCTG-1,5.610856607015033,-0.09252817622056736
TCATCATGTCGACTGC-1,5.936344644819994,-0.03745632780798118
TCATCATGTTAGCTAC-1,1.4269588144166414,-2.5072286906436942
TCATCCGAGCATCCTA-1,3.9498817861370368,-2.225399926972788
TCATCCGAGGGCCCTT-1,-2.102420207497825,-5.639657584943554
TCATCCGCAGAGAAAG-1,3.655476226743047,-1.17515413518073
TCATCCGTCAATCCAG-1,-1.561728738807615,-2.7042235064502766
TCATGAGCACACCTGG-1,-0.15526269721400135,-2.8593839211872267
TCATGAGCATGGAGAC-1,3.6457303651153254,-2.903726314159211
TCATGAGGTTGGGACA-1,-0.3889193956194019,-1.841525857512039
TCATGAGGTTTGAACC-1,-1.9217835751569419,0.5697163453219164
TCATGAGTCTGAACGT-1,4.654761167541734,-5.541507710164568
TCATGCCCAATCACGT-1,-0.5939086963140127,-1.4698441830366527
TCATGCCCACCCTTGT-1,-0.13261209906841376,-5.906807321090579
TCATGCCCAGACAAAT-1,4.241649567828749,-0.19193234175160098
TCATGCCGTCTTCATT-1,-2.1548325219129354,-5.96482101293912
TCATGCCTCCCTTTGG-1,2.578221885667712,0.49351521413532906
TCATGGAAGCTGCCAC-1,1.3577542428937364,-2.455046134964155
TCATGGACACATTCTT-1,-2.840110865387469,-8.266944217193862
TCATGGACATAATCGC-1,5.696308486068746,-5.41872397577262
TCATGGAGTAACTGCT-1,1.4695737398258855,-5.619634905685499
TCATGGAGTATGGAGC-1,-1.788295714792099,2.5552301390202765
TCATGTTAGACCAGAC-1,5.559280500140475,-5.233838031662885
TCATGTTAGAGCGACT-1,4.770533359882,-2.102565899508492
TCATGTTAGAGTCGAC-1,-1.2234797607992087,-4.244125547973624
TCATGTTTCATCGGGC-1,2.8787184720635515,-0.4714789768232169
TCATTACAGCTATCTG-1,3.065974498031117,-0.293009063566711
TCATTACAGTCATCGT-1,3.0714781074126307,-6.979409502297349
TCATTACTCTCATTTG-1,5.097654167434506,-1.407327905178493
TCATTCAAGGTCGTCC-1,1.0906319419197699,-2.66398032334274
TCATTCAGTCCACACG-1,0.8815595975151158,-3.569737206365418
TCATTCATCGTAGCCG-1,2.274432809352894,-3.42231473307959
TCATTGTAGATGCTTC-1,0.6715901084812762,-2.0922625378135473
TCATTGTAGCACACAG-1,5.866467769357339,-2.0384638085527
TCATTGTAGCGATGGT-1,5.44776220322217,-7.903582515066678
TCATTGTAGTCACGAG-1,-0.4158406599122882,-0.07275654314637388
TCATTGTAGTTGCATC-1,-1.7814481666586928,-5.483187319606342
TCATTGTCACACCAGC-1,5.2087013335934484,-5.028878169771526
TCATTGTGTACGGATG-1,-1.3673459438532072,-0.11218014158844515
TCATTGTGTGATACAA-1,5.28954551633637,0.7660546770248057
TCATTGTGTGTTCGAT-1,7.007235546074137,-6.900641850725527
TCATTGTTCAAACCTG-1,7.84502670553306,-5.541407763088036
TCATTTGAGTGCTCAT-1,-1.5527099596409808,-3.1382260917613984
TCATTTGAGTGTGTTC-1,0.7353575926662104,-0.14611028847282212
TCATTTGAGTTTGCTG-1,3.588501550298637,-1.0838025655412529
TCATTTGCAAGACGGT-1,-1.1462139008214656,-0.7884663288977349
TCATTTGGTGAATGAT-1,2.871641279170641,-0.46137943196092757
TCATTTGTCAGAATAG-1,5.376978166871275,-3.8654054056174547
TCATTTGTCATCTCTA-1,8.179346433728899,-1.6147630999160616
TCATTTGTCCATCCGT-1,6.90826760793756,-7.169313163010105
TCATTTGTCGAACTCA-1,-1.6464120146811823,-3.069142982639782
TCATTTGTCGACCATA-1,2.9039607872960347,-3.871872216746703
TCCACCAAGGAACGTC-1,-2.1002261760164274,-3.0328647155197883
TCCACCACAATTAGGA-1,-2.1333273043719942,-3.1794631200499266
TCCACCAGTCAAACGG-1,3.557931981751728,-2.969314377761628
TCCACCATCACTACTT-1,-0.37391393052457317,-6.902355483901034
TCCACCATCAGCTGTA-1,-0.7183468889366739,-4.093230401498715
TCCACCATCGTGGAAG-1,1.2574801185198219,-2.579335046268822
TCCACCATCTAACGGT-1,-2.9667761462433324,-8.425807214735764
TCCACCATCTTCGGTC-1,-2.286605695594215,-5.56482016020979
TCCACGTAGGGCAACT-1,1.8906736818173626,-1.8290820761686988
TCCACGTCAAAGAGTT-1,1.7198199864591122,-3.037461158415941
TCCACGTCATACACCA-1,-4.006685527340997,-3.451281837581089
TCCACGTGTGAGTAGC-1,1.2125034117603022,-0.7216574735258288
TCCACGTTCCGAGAAG-1,6.805078969446311,-7.1019958618448795
TCCACGTTCCGCGATG-1,1.8335966309713205,-3.6784621520421155
TCCACGTTCGAACCAT-1,8.561549312920429,-1.4149455834572002
TCCACGTTCGTACCTC-1,1.6942904426797325,-1.586870426793461
TCCAGAAAGGTAGTAT-1,5.5718442086687725,-0.03518266220507018
TCCAGAACAAATACGA-1,-2.60637462444137,-8.109543941804304
TCCAGAACAGTATACC-1,-1.0892389686436361,0.12138566939162683
TCCAGAACATGGGAAC-1,3.605822276252075,-1.1285214663704048
TCCAGAAGTACGATTC-1,-3.0064209874984544,-8.43177481487313
TCCAGAAGTTCCGCTT-1,1.7843216938364628,-5.636679311477876
TCCAGAATCTTAGCCC-1,-0.36490696423212543,1.0969290502422107
TCCATCGAGACCCTTA-1,1.1713236685900716,-3.722302162844196
TCCATCGAGACGAAGA-1,2.363089233777927,-3.6081782134005542
TCCATCGCAGGCGATA-1,-0.852434507066956,0.010190475323281744
TCCATCGGTAATTGGA-1,3.4410813598958168,1.3954460041298287
TCCATCGTCAGTGGGA-1,0.8128415965429849,-4.127740582320179
TCCATCGTCATGTCAG-1,-2.3459018647842136,-1.6915893146379575
TCCATCGTCCCGTAAA-1,5.029329293177844,-1.6327585045006459
TCCATGCGTAGCGTTT-1,-1.4909172746188883,-4.560034117492262
TCCATGCGTTTCCAAG-1,5.249268939782961,-1.2353730498668205
TCCATGCTCACTCTTA-1,-4.054821872701007,-0.22816197857566656
TCCATGCTCGTCCTTG-1,5.125031861519944,-5.853606862135424
TCCATGCTCGTCTCAC-1,-1.401325017157623,-3.077088481409951
TCCATGCTCTGCAGCG-1,3.5553506470695995,1.3696166310233355
TCCCACACAAACCACT-1,3.852727054612578,-3.107470883077906
TCCCACACAGGCTACC-1,2.741871484385599,-2.2479076489120473
TCCCACAGTACCAGAG-1,3.2797550678107736,-1.2640118882206346
TCCCACAGTGAAGCTG-1,3.4845562785040842,-4.921845508252435
TCCCACAGTGTCATTG-1,-4.043571227294421,-0.22720335283155715
TCCCACATCATGGTAC-1,-0.5734517766749051,-1.8894397258078643
TCCCACATCTCGGGAC-1,-1.1857912462140094,-4.221159438531305
TCCCAGTAGACGGTCA-1,-2.030519167669125,-5.726987615314844
TCCCAGTCAAAGCGTG-1,0.6800035272654806,-0.22466455893946502
TCCCAGTCACTATGTG-1,8.282962298909542,-1.4824581429413244
TCCCAGTGTCTCAAGT-1,2.725976734375369,-5.439404210973658
TCCCAGTTCCATCTGC-1,2.671969120348587,-1.8187751196236253
TCCCATGAGTTTGGCT-1,-5.219838838039432,-3.489200270105467
TCCCATGCAGATACTC-1,8.35217350530763,-4.427328434940541
TCCCATGGTCCTACGG-1,2.3465128727350106,-5.899460155302705
TCCCATGGTGGCCACT-1,3.080230535285832,-3.3952739610109925
TCCGAAACAATACCCA-1,-4.038106509132104,-3.4396893526837053
TCCGAAACAGTTGAAA-1,-0.235042362542951,-5.858237094809066
TCCGAAATCCGTTTCG-1,-1.7075358131117424,-2.71410325629785
TCCGAAATCTAGGCCG-1,5.3014626896582415,0.45598979184492305
TCCGATCCAGTAGAGC-1,3.813864374521067,-3.004645065021996
TCCGATCCATCTTTCA-1,2.114687213544459,-7.841573898868766
TCCGATCGTACCTAAC-1,8.316999662182816,-4.4270024603898195
TCCGATCGTACGATTC-1,1.5015912391519712,-5.483751887157321
TCCGATCGTCTGATAC-1,2.2701042737417763,-3.065632793514357
TCCGATCTCGTAGCCG-1,-3.830156848167784,-3.9967849756681604
TCCGATCTCTGAGTCA-1,2.174681444275426,-8.372164707510036
TCCGGGAAGCGGACAT-1,1.3699403938417405,-0.8816577349645831
TCCGGGACAAGACAAT-1,2.5071696227779268,-1.8498690670207298
TCCGGGAGTACTGGGA-1,2.189699348379632,-2.2800727446264006
TCCGGGAGTACTTCCC-1,1.1958481923568547,-5.15380363428842
TCCGGGAGTTCAAAGA-1,1.703666834276841,0.581153430332756
TCCGGGATCAAAGCCT-1,2.435117383187807,0.002728394989675609
TCCGGGATCAGGAAAT-1,-0.5671949155639837,-0.3300780765034397
TCCGGGATCCACTAGA-1,5.4084660687277095,-3.80774441582886
TCCGGGATCGTGGAAG-1,-1.5587239127852637,-2.690100672957334
TCCGTGTGTCTCGCGA-1,2.30536964082285,-6.365189162751389
TCCGTGTGTGAACCGA-1,-1.809227804318737,0.27342329382459096
TCCGTGTTCGAGCACC-1,-1.339029639105812,1.211089446868913
TCCGTGTTCTGTGCGG-1,0.7041676729454409,-0.13651538994908516
TCCTAATAGTCGGCCT-1,1.9191414891165361,-3.359943184565991
TCCTAATCATAACGGG-1,-2.3571001500457567,-4.070536309931577
TCCTAATCATACATCG-1,-1.2499378660991585,-0.17993251600831747
TCCTAATGTCTTAGTG-1,-1.9179917950787366,2.1296703885956907
TCCTAATGTGCCTGCA-1,5.714522420313969,-3.8797579823848434
TCCTAATTCAGCTAGT-1,5.336824124813779,0.4489160206037555
TCCTAATTCCTTATGT-1,-1.4676884976684845,1.4341390749852356
TCCTCCCAGGCGTTGA-1,3.054988764060418,-0.5046662263884745
TCCTCCCCAAGGTCTT-1,2.567015446369951,-0.8065997247893313
TCCTCCCGTCCGATCG-1,2.472353774453005,-3.439387820620356
TCCTCCCGTTTCCATT-1,5.255287574142132,-1.261719982747029
TCCTCGAAGAGAGCAA-1,3.2296984230658845,-0.7903471538209785
TCCTCGAAGTGAGTTA-1,0.6125353413054858,-7.3689996833696085
TCCTCGACAACACAGG-1,2.487272005613172,-1.936341917733901
TCCTCTTAGTAGACCG-1,0.7308389057335531,-3.7459227176438605
TCCTCTTGTCTGTGGC-1,-5.463962471540105,-3.12404881296488
TCCTCTTGTGCGGTAA-1,-0.8057842152117215,-4.191022159011749
TCCTGCAAGCTCGCAC-1,2.1687685089440216,-7.9175179317076125
TCCTGCACACAACGAG-1,-0.8879169039313123,-4.7908075975949025
TCCTGCATCAGACCGC-1,-2.204951233358113,-5.508915312822729
TCCTGCATCCAGCTCT-1,-1.4036433311497585,1.3479708431660031
TCCTTCTCAAAGACGC-1,8.176288015353784,-4.174180935120725
TCCTTCTGTAAGGAGA-1,-3.923886477597207,-3.4431349922663617
TCCTTCTGTGTGAGCA-1,0.3749359223765007,0.35789076058414415
TCCTTCTGTTGCATGT-1,-2.2642456332097427,-5.902429667975643
TCCTTCTGTTGCGGCT-1,0.7564617259730241,-8.374842539496813
TCCTTCTTCAAGGAGC-1,4.402068883189948,-7.5928243639279644
TCCTTCTTCAGACCTA-1,2.172575957396855,-3.208692482002858
TCCTTCTTCCGCAACG-1,-0.47790147269749195,-2.3908725577864005
TCCTTCTTCGGTCGGT-1,2.9355684405518643,-5.542392200085922
TCCTTCTTCTCGGTCT-1,-3.6804319700393004,-0.5485138553754018
TCCTTTCAGGAGATAG-1,5.792094279629414,-1.8739466996568506
TCCTTTCCACGGTCTG-1,2.9054345673127733,-3.3383949618074027
TCCTTTCGTAATACCC-1,2.48953135966394,-3.4452141976258095
TCCTTTCTCACCTGGG-1,-5.572134218082271,-3.431711836058057
TCCTTTCTCCCATTTA-1,1.6341258094703692,-0.5743315469390617
TCCTTTCTCTTCACAT-1,-1.1058092123973648,-4.305727079021595
TCGAACAAGCAGCACA-1,-0.041662844033373114,-4.76615603487192
TCGAACACATAGATGA-1,2.834057316464727,-2.661618403612481
TCGAACAGTGTGTCCG-1,0.7424071155462569,-5.068579289606597
TCGAACATCCCAGCGA-1,-0.5043078340631976,-3.276493122566336
TCGAACATCGTGCTCT-1,-0.14285363711837584,-5.840971284860736
TCGAAGTCAATCCTTT-1,4.069292323580815,-6.29269740492432
TCGAAGTGTCGACTTA-1,3.47715142505513,-4.132475212406115
TCGAAGTGTTCTCCCA-1,-2.1141522181004646,-2.856079571643952
TCGAAGTTCAACTACG-1,-3.9837445013980655,-4.873305141713082
TCGAAGTTCTTCCCAG-1,-1.3649470065542824,1.2465928321040942
TCGACCTAGGCCTTCG-1,-2.4505429305449145,0.330011752582195
TCGACCTAGGTTATAG-1,-2.6348038770572577,-0.44694261565863036
TCGACCTCATCGCTGG-1,-0.3184857048957933,-2.9659775257739653
TCGACGGAGGGAGTGG-1,4.403512432055816,-4.927788952534387
TCGACGGCAAGAGGCT-1,2.399405078813194,-2.0641470477919
TCGACGGCACTTGAAC-1,0.6508936974124268,-0.31575539782992834
TCGACGGCATAGATCC-1,7.470272082030656,-1.9856568590261148
TCGACGGGTATAGGAT-1,2.4554394305991685,-1.0460816210156014
TCGACGGTCAAATGAG-1,0.07697244434893562,-3.6843840848035727
TCGACGGTCGCTAGCG-1,5.231976893472219,-8.106678965591133
TCGATTTAGAATCTAG-1,6.162900189826399,-7.138119893858347
TCGATTTAGACGCAGT-1,-3.2806057741925905,0.3123453332232628
TCGATTTTCAATCCGA-1,-0.06599300492012697,-2.8656253220664705
TCGCACTAGCGCCATC-1,6.442936816239241,-5.5836796160759725
TCGCACTCAGTGGCTC-1,2.903592609034097,-0.34087983894303825
TCGCACTTCACTGAAC-1,0.09609468092448573,-4.6284438352539174
TCGCACTTCCATACTT-1,8.200219263001832,-4.391040439067668
TCGCAGGCACAACCGC-1,6.181951703388339,0.27596120188415213
TCGCAGGGTGCTCTCT-1,-0.09456726719297438,-3.241560733977665
TCGCAGGGTTGGCTAT-1,1.0215239246447931,-6.277094556430165
TCGCAGGGTTTACCTT-1,-0.06899388379516543,-0.5210895849741796
TCGCAGGTCGTGCATA-1,0.6736524844542346,-2.126670976484454
TCGCAGGTCTACTCAT-1,-3.069279686521576,0.06964757981247252
TCGCTCAAGAATTCAG-1,0.03355335438146793,-4.705567504780318
TCGCTCAAGATACGAT-1,3.9747925033294145,-3.0820980974572985
TCGCTCAAGATGGCGT-1,5.425323664415982,-9.380390855977469
TCGCTCAAGTGCTAGG-1,0.6498793601241836,-7.881113396300633
TCGCTCAAGTTTGAGA-1,2.423380996010699,-6.4089545864388615
TCGCTCACAATAAGGT-1,8.721220811476096,-1.440082959106737
TCGCTCACAATTGCTG-1,5.957353102266568,-5.412100664729044
TCGCTCAGTCTTGTCC-1,3.6270034726407427,1.4721536293565238
TCGCTCAGTTGCCTAA-1,1.7796562491771166,-5.629852261512363
TCGCTCATCGATCCAA-1,-1.9354754203362603,-1.6030913686665353
TCGCTCATCGTGCAGC-1,0.1497927310593615,-4.549559384257017
TCGCTTGAGAGAAGGT-1,4.446521647657999,-5.750017067278221
TCGCTTGAGAGAATCT-1,0.7627961554558625,-5.656888132164935
TCGCTTGAGCAGATAT-1,-1.8051194738557501,2.4393849652296424
TCGCTTGAGTCTCTGA-1,3.84902760839744,-4.904612332359274
TCGCTTGGTCATCTAG-1,2.944632335449611,-0.2346527924155003
TCGCTTGTCAGGAAAT-1,-1.6189595415460083,-4.824886297046558
TCGCTTGTCTTCGGTC-1,-2.485769386331259,-5.738168688686982
TCGGATAAGATTAGAC-1,2.2985319430973905,-2.0437088721445895
TCGGATACATCGGAGA-1,2.0892707956443255,-7.095089905424184
TCGGATAGTCGATTAC-1,3.4741307158655084,-4.538251617188037
TCGGATAGTTGATCGT-1,-2.8210396906545685,-8.256104589940513
TCGGATATCTAACGGT-1,-0.41001331820896647,-0.779880662135828
TCGGGACAGCCTCACG-1,4.449534148903584,-2.275033084097074
TCGGGACAGGCGCTCT-1,1.6466935207720939,-1.731410272197619
TCGGGACCACTACTTT-1,2.0849471671427633,-8.023206963763764
TCGGGACTCCCGAGAC-1,-1.0011798358622432,-2.064641968550677
TCGGGCAAGCAAGGAA-1,-0.6170259530627112,-6.957000020235146
TCGGGCACACCTATCC-1,4.0502703317228965,-3.6607244272593027
TCGGGCACATGCAGGA-1,-2.23543697104719,-4.096744651430223
TCGGGCAGTACTCAAC-1,-2.138262526853524,-5.661008221527084
TCGGGCAGTCGTAATC-1,-5.252983435582153,-3.367977110958138
TCGGGCATCAGTCCGG-1,5.471570849977244,-3.8477102611571277
TCGGGTGAGACTGGGT-1,6.176824770609259,0.12467951294401594
TCGGGTGCAATTCACG-1,5.43338909944907,-8.000670201378806
TCGGGTGCACCTTCCA-1,5.550325117803596,-3.9292380780098215
TCGGTCTAGTAGGCCA-1,-5.239923997943449,-3.0639154884587234
TCGGTCTCAAGTATAG-1,-0.5671848985543522,-3.8675675935799885
TCGGTCTCAAGTCCCG-1,0.1165368823772756,0.5362965538832791
TCGGTCTGTACCTGTA-1,4.163020972051473,-6.007864013923791
TCGGTCTTCCTTGGAA-1,-1.988817583754096,-4.662302494981507
TCGGTCTTCGTGCACG-1,3.896458419333095,-2.41419291277606
TCGGTCTTCTTGCAAG-1,-0.7071236834835006,-4.071868655280487
TCGTAGACAAGAATGT-1,3.318130850178678,-4.354806552673411
TCGTAGACAAGAGCTG-1,-0.8882682819183977,-3.7270327866070705
TCGTAGACAAGAGTAT-1,0.8444455700333822,-3.731882402604555
TCGTAGATCAGAGCGA-1,-1.6891637761250342,-3.4218566214302375
TCGTCCAAGCCTGGAA-1,3.60183165085969,-1.1287979849919618
TCGTCCAAGTCCCAAT-1,3.967435489605773,-3.073795890791371
TCGTCCACAGAGGCAT-1,8.690105513974036,-1.4357357365438672
TCGTCCACATAAGATG-1,5.253047766064237,-5.777551212829344
TCGTCCAGTCGTGTTA-1,1.1959414284114376,-0.3150337873805791
TCGTCCAGTGGCACTC-1,-4.004795856841647,-0.9304432489468779
TCGTCCAGTTCGATTG-1,-0.2891975762637687,-3.0211143054647613
TCGTCCATCATCTATC-1,4.321155826975381,-0.12086666559688362
TCGTGCTCATGGCTAT-1,0.6989587946553322,-1.59903933548129
TCGTGCTGTTTGTTCT-1,0.1113375564169331,-4.616374145133337
TCGTGGGCAAAGGTTA-1,2.062507911501375,-3.2741838689050486
TCGTGGGTCTAAACGC-1,1.3734080243747873,-0.5470903618290727
TCTAACTAGGGCCCTT-1,1.5309548332158538,-2.0439250165059883
TCTAACTCATCCGCGA-1,5.840609216620674,-1.8641784934680372
TCTAACTGTCAGGTAG-1,-0.05111707086997,0.7236228768807685
TCTAACTGTTCTTGTT-1,6.383380151072922,-5.841308315917673
TCTAACTTCCTACGGG-1,1.9825891545916061,-3.8695862866730297
TCTACATAGACTTAAG-1,2.8672661396180703,-3.9159322368682323
TCTACATAGGATAATC-1,2.54847177064904,-2.9510611746620707
TCTACATCAGAGTCAG-1,8.302057103477908,-1.6012179935294886
TCTACATCATCGTGGC-1,-3.4949786095946043,-0.523007095961969
TCTACATGTACCGTGC-1,3.0816074025664526,-0.4001421670304394
TCTACATGTAGGTCAG-1,-2.38564100656706,-6.076411202358583
TCTACATGTATCGTTG-1,3.8924652282435885,-2.890267627388828
TCTACATGTCCAACGC-1,-2.9605358757124685,-1.1696535011052855
TCTACATGTGCTATTG-1,2.6418572987681697,0.5804031057232936
TCTACATTCGGAGTAG-1,-0.3094729281889249,-5.816362034286407
TCTACCGAGTACTGTC-1,4.374906506957126,-1.1217954357813853
TCTACCGAGTTGCTCA-1,5.74856091196559,-1.732131957475856
TCTACCGCACCAGTAT-1,1.130674674631627,-3.4228575862903443
TCTACCGCACGAAAGC-1,-1.1927639851018468,-0.3864910262454848
TCTACCGGTGAGTGAC-1,-2.296780275599726,-1.6259895285829036
TCTACCGTCGTTAGTG-1,5.30223747946471,-5.164285613111855
TCTATACAGGTTAGTA-1,-2.8359435010901963,-1.4206047588679849
TCTATACCAGTTAAAG-1,-1.1458915055869445,-5.462884883540261
TCTATACGTGGCTGAA-1,0.6133191717414707,-5.047237618777964
TCTATACGTGTCTTGA-1,-0.1468583619467026,-1.3580083602433126
TCTATACGTTCTCCAC-1,1.7368348996963283,1.5339466079354012
TCTATACTCACGAACT-1,-5.45193099080746,-3.387276418586623
TCTATACTCCTCAGAA-1,4.400483449241822,-5.41632720197024
TCTATACTCGCATTAG-1,5.171488145061622,-1.4133665553330381
TCTATCAAGATGACAT-1,2.3028964597116803,-3.554571578899917
TCTATCAAGGAGCAAA-1,2.5863268074245287,0.4799809691497545
TCTATCAAGTCGAATA-1,-0.06724740915415424,-5.127504459006174
TCTATCACACATTACG-1,-2.8512556289287465,-7.963642631529553
TCTATCAGTAGACTGG-1,2.6953234414967637,-5.7017457125324755
TCTATCAGTAGCTAAA-1,4.014359264921386,-6.195750923432305
TCTATCAGTGAAAGTT-1,2.424312386272938,-3.8201313930296035
TCTCACGAGGTAAGTT-1,-0.1891634802150279,-0.5319527095513934
TCTCACGCACGGTGAA-1,8.120268132379246,-5.669117522564968
TCTCACGCAGGCATTT-1,-3.0432423039549485,-1.5453265033071284
TCTCACGCAGTTGAAA-1,0.6406754496224374,-7.993679219018779
TCTCACGGTAGCGTAG-1,1.95789242632117,-1.3093674357948641
TCTCACGGTATTGGCT-1,4.775915913055796,-2.787258048294425
TCTCACGGTCTAGTGT-1,-1.1547974486015449,-2.005653115731184
TCTCACGGTCTGATCA-1,-2.0057900494730703,-3.2970137141716305
TCTCACGGTTCAAACC-1,3.1967826666302814,-5.648363667048822
TCTCACGTCGGTCATA-1,0.5827239753970045,-3.3678953674125105
TCTCACGTCTCCCTAG-1,5.333899030159788,-3.550710812720503
TCTCAGCAGAAACTCA-1,7.904347274271855,-1.7004660781391008
TCTCAGCCACCGCTAG-1,1.002594638716303,-6.226403988014965
TCTCAGCGTCACTCTC-1,1.4287651772992092,-0.08270790561847308
TCTCAGCGTGCCTATA-1,4.312663981685649,-7.536361089646224
TCTCAGCTCACTGGGC-1,5.109889243221685,-0.032605308099238055
TCTCAGCTCTGGACTA-1,-5.323764001611879,-3.3743184434871387
TCTCCGACATAATCGC-1,-1.6534386595578445,-2.0971166004625315
TCTCCGAGTACTAAGA-1,5.432997926974747,-1.149534640367883
TCTCCGAGTTCCTAGA-1,5.581357648088617,-5.247202438561865
TCTCCGATCGGTCGGT-1,-2.0451229145197614,-1.62446604730811
TCTCCGATCTTTGCAT-1,-2.0516146015607992,-5.89730973208156
TCTCTGGAGCATTTCG-1,-2.535826012146899,-2.4851812243790827
TCTCTGGAGCCTATCA-1,-2.005658579212168,-1.558427120731123
TCTCTGGAGCGCGTTC-1,-3.321133949226102,-1.4852495162576105
TCTCTGGCACAATGCT-1,7.013390552744834,-0.8824053456838548
TCTCTGGGTAGCTAAA-1,-0.48843364880264745,-3.3416239065967837
TCTCTGGGTGGCTGAA-1,0.7682832760970406,-2.379249710121977
TCTCTGGTCATAAGGA-1,7.765048538630807,-4.17148709889112
TCTGCCAAGGACGCTA-1,1.7292990349107562,1.5374637581385748
TCTGCCAGTCATTCCC-1,-3.0108561060588093,0.6727141510221437
TCTGCCAGTGTTGATC-1,0.5541766150780639,0.947821050140986
TCTGCCATCCGCAGTG-1,8.099132614202789,-5.655398445346066
TCTGCCATCGCGAAGA-1,2.0471030018468945,-3.4776470679989795
TCTGCCATCTAGATCG-1,-2.0450202588745783,-3.0886081725760337
TCTGGCTCAAGCGGAT-1,-1.2075766547262037,-4.186392527419959
TCTGGCTGTCTGCCTT-1,1.5643437405733198,-0.571540667090115
TCTGGCTTCAGCGCGT-1,4.78875321960903,-2.940114517713557
TCTGGCTTCAGGAAAT-1,2.7260068854277892,-4.7285874595129185
TCTGTCGGTATGGGAC-1,1.521704316013276,-4.251166759324142
TCTGTCGGTGTTAGCT-1,0.6687363361182561,-1.690439045608761
TCTGTCGTCCTAGAGT-1,1.4209345206680253,-2.3266784611697924
TCTTAGTCAAGAAATC-1,-3.7021628343198167,-0.20561928295677467
TCTTAGTCAATACCCA-1,-1.7481348905152982,-5.602298126754395
TCTTAGTCATCGGATT-1,-0.19986989895057455,-5.830397333158438
TCTTAGTGTAAGACCG-1,3.117161653163159,-6.980703002784473
TCTTAGTGTATCGGTT-1,2.91006517857759,-2.358018015648304
TCTTAGTGTATGTCTG-1,5.362145018533594,-1.1226903309604281
TCTTAGTGTCGTTCAA-1,3.545512919963455,-5.384126890954285
TCTTAGTTCGAAGTGG-1,1.8943884902073376,-2.586191320432535
TCTTAGTTCTGGGTCG-1,1.415680926899458,-1.5660599460467668
TCTTAGTTCTGTACAG-1,0.8812319793627983,0.8948909161798257
TCTTAGTTCTGTCCGT-1,-3.1703048643586427,0.6093226905897539
TCTTCCTAGAGGGTGG-1,-1.3879705551640047,1.2635699940672835
TCTTCCTAGGGCAGTT-1,3.818106401827324,-1.6389609145180388
TCTTCCTCACAGCTTA-1,-3.1519167612583643,0.6128728955553825
TCTTCCTCACCGTGGT-1,1.0189337087709052,-1.0805673331713013
TCTTCCTTCATGAAAG-1,5.5839013035185445,-3.7331310943918767
TCTTGCGAGCACGATG-1,2.5528590529572637,-2.599874962154685
TCTTGCGAGTGGAATT-1,-1.2723009329200168,-4.586765097763676
TCTTGCGCAAAGCTCT-1,1.5360528270559575,-2.4243378172859495
TCTTGCGCATCTTTCA-1,6.068904517081588,0.4067786991907088
TCTTGCGGTAACCCGC-1,3.8827977004855274,-3.021995388099911
TCTTGCGGTGCCGAAA-1,1.113370876762173,-2.0569121146737985
TCTTGCGTCACACCCT-1,5.634342048729748,-3.966226486458147
TCTTTGACACCAGACC-1,4.594323760644125,-2.8414957579932647
TCTTTGAGTCGCATGC-1,8.370188064601036,-1.7338279469391145
TCTTTGAGTGTTCCTC-1,6.60819612154604,-6.950811879647839
TCTTTGATCAAACGTC-1,-0.2890887040469478,-6.420754141992159
TGAACGTAGTACAACA-1,0.7356790842417571,-8.35575145243545
TGAACGTCAATTCTTC-1,7.2181583585734135,-2.350456478706872
TGAACGTCAGAACATA-1,3.221260029085002,-5.6572685267131915
TGAACGTCAGTAACCT-1,1.947973710361457,-7.915436510192779
TGAACGTCATCTGCGG-1,8.20821571343903,-5.771161569564501
TGAACGTTCCATAGGT-1,-3.265848827747441,-1.596774509239237
TGAACGTTCCTGCCAT-1,3.9994916043502355,-2.193215094819749
TGAACGTTCGGTCATA-1,1.7811942782937584,-7.613959914780548
TGAATCGAGACTAAGT-1,0.5690404559462188,-0.0028877840945763645
TGAATCGAGATCACCT-1,-0.35496677754620964,0.9437422376222382
TGAATCGAGATCCCAT-1,8.31013161145206,-4.323690121423978
TGAATCGAGCATATGA-1,5.427014014724054,-1.2016023100772195
TGAATCGAGCCAACCC-1,-2.8316203629849155,0.44059971226196387
TGAATCGCAATTTCCT-1,-0.7409217755247498,-1.3940582876958991
TGAATCGGTAGAATAC-1,-1.0099277577115748,-4.274887188036621
TGAATCGGTGAGCCAA-1,3.933634525843713,-6.012173884594319
TGAATCGTCGACCAAT-1,7.293605606238752,-2.4694706505221378
TGAATCGTCTCGTTTA-1,-1.4484191127929682,-1.190332165571607
TGAATGCAGGCAGGGA-1,-2.4311991894076335,-5.958790203950928
TGACAGTAGGGAACAA-1,8.326900138548448,-1.5684672377949604
TGACAGTAGTGCGCTC-1,1.5429608991647814,1.1873904165261686
TGACAGTGTACCATAC-1,0.9633505409081807,-5.506730181926687
TGACAGTGTAGCTGCC-1,-0.4785113273083129,-1.7834914718231547
TGACCCTAGGCCTGAA-1,7.998101704399587,-5.847535732302661
TGACCCTCAAGCGAGT-1,5.79071949569994,-3.519758109338734
TGACCCTCACAGTGAG-1,3.1932584119670824,-4.291834324188862
TGACCCTCACGACAGA-1,5.162656146281241,-1.3251980300754578
TGACCCTCACTTGAGT-1,-3.521290872244569,-4.253810622012214
TGACCCTCATGTGACT-1,1.1244461187967212,-3.9799315391402947
TGACCCTGTTAACCTG-1,8.153635274790238,-1.8453149611838335
TGACCCTGTTATAGCC-1,-1.9411979741628502,-1.6112084229164427
TGACCCTGTTTCCAAG-1,1.4986615016022842,-0.6150412234831959
TGACGCGAGACCAGCA-1,0.7980308832028338,-8.40269339540308
TGACGCGCATGCGGTC-1,5.22474899726206,-6.36195969382088
TGACGCGGTAGATTGA-1,3.9111999043554957,-2.1744570495629607
TGACGCGTCCAGCCTT-1,-1.9384415487915694,-3.2327045705274733
TGACTCCAGCTCATAC-1,-2.3479230120702743,-1.5211143521095607
TGACTCCTCAAGAAAC-1,6.041562288767154,0.17356380301864208
TGACTCCTCACATACG-1,3.709157957453843,-0.9173751187331483
TGACTCCTCCCTCGAT-1,1.9532056579400798,-3.073909525200799
TGAGACTAGTCACTAC-1,6.151261338215511,0.20874594050340356
TGAGACTCACTGAGTT-1,-1.7377710553835035,-2.042666610270035
TGAGACTGTGACTCGC-1,1.2018842380046826,-6.186010500088243
TGAGACTTCATGCGGC-1,0.697270095331361,-4.063312556754343
TGAGACTTCCACATAG-1,2.0579887555847303,-3.7762006441770795
TGAGCATAGCTCAGAG-1,0.7671626062595891,0.2128281740379703
TGAGCATCAAAGCGTG-1,5.334345863179867,-3.562160045292403
TGAGCATGTCAAGGCA-1,0.008104140944395367,0.28186634093545493
TGAGCATGTCGCATGC-1,-1.3422570306610775,1.379792053814005
TGAGCATTCCGAGCTG-1,0.6312608123402129,-8.505637625163775
TGAGCGCAGCCGAATG-1,4.949610962203808,-2.5355798030327152
TGAGCGCAGGTCCGAA-1,2.1720400154604995,-4.8249610661592515
TGAGCGCCAATATCCG-1,2.390753362408943,-3.639379526607158
TGAGCGCCAGGAATAT-1,-1.6185828859124014,-2.443146524434109
TGAGCGCCATGATCTG-1,-0.7562899679396723,-7.2667913806165645
TGAGCGCGTACCTTCC-1,7.137491069625164,-0.8549105436496219
TGAGCGCGTACTGGGA-1,0.2549507046827791,-0.7113647073951681
TGAGCGCGTGCAACAG-1,5.516909972305707,0.07849452132161874
TGAGCGCGTTGCTCAA-1,-1.0567190791383725,-4.543403491664458
TGAGCGCTCATACAGC-1,-1.7930988062905748,2.537914061171751
TGAGCGCTCCATCACC-1,-2.21840352023835,-3.938653813100633
TGAGCGCTCGAGTGGA-1,-4.0284247147320675,-3.3918369800282804
TGAGGGACACGTGAGA-1,8.256620119789886,-1.4830393597422395
TGAGGGAGTGTGATGG-1,-1.6247442289917453,-5.775952427251488
TGAGGGATCAACTGAC-1,-0.46992721289901057,0.5627394683728218
TGAGGGATCCGTATGA-1,2.4389976128789237,-3.654514850791498
TGAGGGATCTGTCCCA-1,0.22685012231779145,-4.529272719882206
TGAGGTTAGAAACTGT-1,-1.5644071418343501,-5.016384276659635
TGAGGTTAGACGCTCC-1,1.47320913837088,-5.952958883064644
TGAGGTTAGTATAGAC-1,-1.9991134644252826,-2.837525597469439
TGAGGTTCACGCTTAA-1,6.1197861137925615,-0.05262835637179143
TGAGGTTGTCACTGAT-1,1.2105073162519693,0.3799546613308136
TGAGTCAAGAATAGTC-1,-2.4282825634074165,-2.120132717799806
TGAGTCAAGGAGAATG-1,4.096338494556718,-2.3166259780671226
TGAGTCAAGGCCGCTT-1,2.228898526527045,-3.881448850721634
TGAGTCACACGGTAGA-1,4.352322707852807,-0.1686152577161883
TGAGTCAGTATAGGGC-1,-1.338680687505412,-3.2145179653509253
TGAGTCAGTCCAAGAG-1,0.7293628228946295,-4.186368530042194
TGAGTCATCCAACTGA-1,-0.6665443869218315,-3.2060817903830063
TGAGTCATCGCTAATG-1,6.055010054904927,0.09673469635265866
TGAGTCATCTGGAAGG-1,3.9545226678266494,-1.5069728811672038
TGATCAGAGTAATTGG-1,5.352357925067868,-1.1936567203482942
TGATCAGAGTAGAATC-1,-0.5987484597306485,-0.12367498190494175
TGATCAGCAAGTTCCA-1,2.1461687526959565,-4.80286730570617
TGATCAGGTTGGGCCT-1,2.1767616678835355,-8.142737838646548
TGATCAGTCCCTTGGT-1,2.418160241857216,-3.494897279494357
TGATCAGTCTGTCTCG-1,1.3193367611265343,-2.4857854072448204
TGATCTTAGCAAATCA-1,1.2822667319231102,-0.1121207967468016
TGATCTTAGCATGCGA-1,8.13276104189882,-5.815003550098617
TGATCTTCACTTGGCG-1,-5.345290353234503,-3.394642627354473
TGATCTTGTGCTCGTG-1,8.486614673588887,-1.6184938012206094
TGATCTTTCGCTCCTA-1,3.506145720822203,-5.083188368192017
TGATGCAAGACGGTTG-1,1.8174832142473671,0.6822170896354331
TGATGCAAGAGTGTGC-1,-2.4267766731036353,-1.861764234234362
TGATGCAAGCCGGATA-1,0.8125562809149102,-3.1084090949591285
TGATGCAGTGTGAATA-1,-1.12372364539178,-4.2577388810883745
TGATGCATCAGACAAA-1,-1.6169578134036693,-4.637210813306894
TGATGCATCAGTCACA-1,-1.0290218613766717,-2.05154245816246
TGATGGTAGGAGGCAG-1,-1.2481147321290915,1.2140580654204365
TGATGGTAGTCCTACA-1,4.412158514733208,-7.522518568579826
TGATGGTCAAATGGCG-1,2.510809199508708,-2.8033427068243437
TGATGGTGTTCAAGGG-1,1.7065686942374911,1.5929355536080143
TGATGGTTCATTGTTC-1,8.26809595027622,-1.7245236063910545
TGATTCTCACTGTCCT-1,2.5333707282136153,0.5681533568417266
TGATTCTTCAACACGT-1,-1.2288876141750933,-1.3004420308628422
TGATTCTTCAGTGTTG-1,8.284950792374227,-4.364461995356445
TGATTCTTCCCGAGGT-1,2.8867510449660685,-0.4172185658087951
TGATTCTTCGCTCCTA-1,1.9876213159802916,-8.326665613335498
TGATTTCAGATAGTGT-1,5.511813981305855,-3.7277667647458803
TGATTTCAGTACTGTC-1,8.043526027274607,-3.9586826917030145
TGATTTCCAATCACGT-1,3.8530388166845952,-4.920414295071147
TGATTTCCAATTGCTG-1,-1.1423399038356168,-1.9558347520700692
TGATTTCCACCCAAGC-1,-0.45285116506707773,-0.3137250287333038
TGATTTCGTAGTTACC-1,-2.3940030901802842,-2.7261735802428624
TGATTTCGTGGGCTTC-1,0.5864521645924927,-4.32054208831526
TGATTTCTCGAATCCA-1,2.3059013608030945,-3.0447800131929843
TGCACGGCAAGGGCAT-1,5.93600233968026,-1.8567699691036907
TGCACGGGTACTTCCC-1,1.4682052119984095,-3.5335009845006544
TGCACGGGTTGACGGA-1,0.4435583097364795,-4.419861255778668
TGCACGGTCACTCCGT-1,3.452976163405106,-0.6705354239512014
TGCAGATAGCGGATCA-1,0.4620516224285012,-7.509449397874584
TGCAGATAGTTCCTGA-1,1.0232371519705783,-7.633363644095082
TGCAGATTCTATTCGT-1,5.142813094372915,0.4670335438305536
TGCAGGCAGGTGAGAA-1,2.6107934002496496,0.5221680500600071
TGCAGGCCAGGTTCAT-1,5.259713655610556,-6.597788621572647
TGCAGGCGTAGCTAAA-1,-4.008163410292378,-4.6481938280489885
TGCAGGCGTGAGACGT-1,5.775965799269198,-3.0306124850804363
TGCAGTAAGAGAGTTT-1,6.747990906636596,-6.911573539717666
TGCAGTACAGTCAGCC-1,1.4068116423085326,-0.7088031025914215
TGCAGTATCAGAACCT-1,1.7691939140942137,1.3289797352125954
TGCAGTATCGACATTG-1,3.836194991625129,-6.244762870733219
TGCAGTATCGAGATGG-1,-1.7961939934850197,-4.816092169388047
TGCAGTATCTCCGATC-1,1.5350572161003353,-0.5895128303744901
TGCATCCAGAGCCGTA-1,0.933928248818615,-2.0682025904255297
TGCATCCAGCATGATA-1,2.599105125962604,-1.593964246957872
TGCATCCAGCGAGGAG-1,-0.2840608632767138,-5.748130273806046
TGCATCCAGGAACGTC-1,6.336621752542537,-5.394338338053066
TGCATCCAGGGCTTCC-1,5.640191069666693,-3.9358854215233383
TGCATCCCAACGCATT-1,-0.43788072091795865,1.0666743020494371
TGCATGAAGACTACGG-1,-3.927624121521876,-2.5093604635472913
TGCATGAAGTCGAATA-1,-3.9528869454242215,-0.2985226296010035
TGCATGAAGTGGTCAG-1,8.709164430897932,-1.4065538218753302
TGCATGACAGTACTAC-1,6.410068059176092,-3.6101087751942704
TGCATGAGTAGTCCTA-1,7.827661425946103,-4.622216202713512
TGCATGAGTGCTCCGA-1,3.240235924423196,-3.4736395173492123
TGCATGAGTGGAACCA-1,1.2997310528735688,-4.697614013281255
TGCATGATCGTTCAGA-1,4.554865779002374,0.9505148784573276
TGCCGAGAGCAATTCC-1,0.862862652918406,-3.936650760571544
TGCCGAGAGGTACCTT-1,4.724959069960034,-5.50480589131611
TGCCGAGCAATTCTCT-1,-1.9820527487228745,-5.831070142712284
TGCCGAGCACTCAAGT-1,1.0686247490006509,-2.347567673426262
TGCCGAGGTATATGGA-1,6.9184489676908365,-2.159822230448591
TGCCGAGGTCAGCTTA-1,-5.477018483175651,-3.4942634813374616
TGCCGAGTCCCACAGG-1,-1.4660942868735618,-5.797257811951409
TGCCGAGTCCGAGCTG-1,1.1352009584139842,0.26539850738647136
TGCGACGAGATCCCAT-1,-0.29730959800983237,-1.532827733046508
TGCGACGAGGTAAGAG-1,3.3863602721698474,-1.2080742376538263
TGCGACGCAACTTCTT-1,-0.4562939838041691,-7.003707866654286
TGCGACGCAAGGAGTC-1,-1.8649893070070893,0.5035037335323074
TGCGACGCATGAGAAT-1,3.266947946102789,-3.3939876335247376
TGCGACGTCCACGGAC-1,0.24130455355346309,-3.3046523417103573
TGCGACGTCCCTCGTA-1,2.1593636774867515,-8.095154147922996
TGCGACGTCTCACCCA-1,6.4544657429850965,-4.153326214749259
TGCGACGTCTCGCGTT-1,-5.382434265419129,-3.4397795445887045
TGCGATAAGAGAGGGC-1,-1.9817600265654667,-1.034837946058725
TGCGATAAGTCAACAA-1,3.4942583611064966,1.3843374325913336
TGCGATACAGCGTGCT-1,1.978430203830669,-3.223134352174907
TGCGATAGTTACAGCT-1,-2.2167592344216387,-1.1848310070543873
TGCGATAGTTTGAAAG-1,-5.612838861518864,-3.3461807909807177
TGCGATATCACTGAAC-1,6.764288604112662,-7.083515170587933
TGCGGCAAGCATACTC-1,1.8469398401561226,-7.470355085953185
TGCGGCAAGCGTTACT-1,4.618899257904982,-1.4575634812278664
TGCGGCACAAGTTCCA-1,2.976063798490649,-3.4127954903515327
TGCGGCACAGCTACAT-1,0.21771323232533568,0.35613950272306455
TGCGGCACATTCACCC-1,-3.0609253875357814,0.29264951681845236
TGCGGCAGTCACTTCC-1,1.2900263854197365,-1.5353510912764254
TGCGGCAGTCGCCTAG-1,5.679206378836231,-3.96077548192109
TGCGGCAGTGTAGGAC-1,5.723185617556653,-3.935522280096509
TGCGGCATCCTGGTCT-1,3.865226458009053,-3.0329561734172827
TGCGGCATCCTTATAC-1,8.537875139780512,-1.4477694388429767
TGCGGCATCTCCGTGT-1,-1.9402015848361043,-5.209957600497504
TGCGGGTGTCATACCA-1,-3.933690981531259,-0.4016120557884932
TGCGGGTTCAAGCTTG-1,6.319396094053177,-4.250468736075593
TGCGGGTTCTAGACAC-1,5.371557129690951,-3.816154648483256
TGCTCCAAGACTGAGC-1,-1.0553979778078293,1.097226081963999
TGCTCCAAGTATGACA-1,-2.5934463782638986,-0.4508757841519887
TGCTCCAAGTGTACCT-1,-0.718654650685884,-7.13260934106037
TGCTCCAGTGGATGAC-1,5.222759450950106,-6.687438344343136
TGCTCGTAGCAGGTCA-1,-0.07230410432554636,-5.705712715158366
TGCTCGTAGGGAGTTC-1,2.229767972471856,-3.358034299912834
TGCTCGTCACCATATG-1,0.7195313670765472,-8.252099832613316
TGCTCGTGTCAATCTG-1,-2.0414843353328234,-3.211844391718868
TGCTCGTGTTCGTGCG-1,-1.7251263675702966,-1.76618112381582
TGCTGAATCACTCCGT-1,1.3860863354020299,-4.331790916220638
TGCTTCGAGTTCTCTT-1,3.8766711026924745,-5.042454091335774
TGCTTCGCAACCAACT-1,3.094771588656934,-6.997705701000938
TGCTTCGCAGGCGAAT-1,2.2729430975341747,-6.154903787577929
TGCTTCGTCTTAATCC-1,2.5354793448907533,0.6223226600818637
TGCTTGCAGAGAAGGT-1,-1.681455232202287,-2.4176794097500407
TGCTTGCAGCTACGTT-1,-0.7260392721526145,-2.869877054971781
TGCTTGCCAGTAGAAT-1,2.146272006871278,-4.7594445072214695
TGCTTGCCATGTTACG-1,5.239568878052875,-7.769666300161216
TGCTTGCGTAGGTTTC-1,0.8697931846780554,-4.329701396289347
TGCTTGCGTCTGGTTA-1,1.3193805348380057,-5.010316019291506
TGCTTGCGTGCAGTGA-1,2.9398700639108646,-0.48507832167234016
TGCTTGCGTTACCCAA-1,-1.4977252199493476,-2.604814366831389
TGCTTGCTCGACGAGA-1,0.8563297455571114,-4.152896055685859
TGCTTGCTCGTCGACG-1,3.507386853686152,1.3777493110852945
TGGAACTAGATGTTAG-1,3.881588591600969,-4.989590657210678
TGGAACTAGCAGTAAT-1,-4.012600022120773,-0.16384099217670067
TGGAACTGTGCAGATG-1,5.463153620707646,-2.5085064154965884
TGGAACTGTTAAGACA-1,0.7030760951883618,-8.480641880433522
TGGAACTTCCAAGCTA-1,-0.6606316991164805,0.26310192059602744
TGGAACTTCCTTCTTC-1,3.3350430539213924,-3.540363934701508
TGGAACTTCTGAGCAT-1,-1.5253396597391802,0.6545056746842274
TGGAGAGAGCATGTTC-1,3.061783574262983,-3.05057326552153
TGGAGAGGTCGTATTG-1,-1.4265779417378752,-4.988800118158972
TGGAGAGTCATCGCTC-1,-1.0332163685365714,-3.2208492992119484
TGGAGGAAGGCGAAGG-1,-4.0572872704377545,-3.42218831433249
TGGAGGAAGTCCCAAT-1,4.351950378190473,-4.7099790488835165
TGGAGGACAACAACAA-1,6.0712037555332365,0.0013376854663633773
TGGAGGACACAAGCAG-1,-1.8040611153537949,-5.15744267460877
TGGAGGACACATACTG-1,1.8092494732991733,-5.4393431069944045
TGGAGGAGTCGCATGC-1,0.7551007584766373,-5.3368129602194045
TGGAGGAGTGGTCCGT-1,2.003208129912818,-2.0695725634726876
TGGAGGATCACTGGTA-1,-1.330816457828908,-0.4320024031916838
TGGATCACAATGCAAA-1,-0.027015045863272708,-0.09526041349975944
TGGATCACATGCGTGC-1,-1.6954593263795699,2.5536328193968116
TGGATCATCCGAGTGC-1,5.268417804452223,-7.916511170424809
TGGATGTCAAGAGTGC-1,4.240282800569324,-6.513154990312569
TGGATGTCAGAGTTGG-1,-5.560133490009203,-3.3352546352045813
TGGATGTCAGTGCGCT-1,0.49918868909571673,-1.1653888406448132
TGGATGTCATCGCCTT-1,6.605725961487861,-6.689365539608587
TGGATGTGTATGAAAC-1,2.9483658273789413,-3.983781520192938
TGGATGTGTGTCATCA-1,1.7757137351803753,-4.3456906044759265
TGGCGTGAGATTAGTG-1,-0.1796680612843343,-0.7320661121714609
TGGCGTGAGGAAGTCC-1,-1.3170629883065532,-3.1230817010251726
TGGCGTGCAGGTGAGT-1,-0.23497614320528096,-5.875799881328837
TGGCGTGGTCATTCCC-1,-1.6452099204672608,2.529980343007683
TGGCGTGTCCAGTACA-1,1.5049415670768855,-3.2802946314298156
TGGCGTGTCGGCTGAC-1,5.169813912069759,0.7647781083615258
TGGGAAGCAAATCAAG-1,-0.48864663535220687,-2.5103871855241744
TGGGAAGCAGGTGGAT-1,0.6469530609809954,1.2972454264049276
TGGGAAGGTAGAATGT-1,-1.8508514131002967,-1.8485353812981034
TGGGAAGTCATGAGGG-1,4.646566034239689,-4.799006651093807
TGGGAAGTCGATACGT-1,-3.021362466796927,-8.421130223420038
TGGGAGAAGATGAACT-1,3.2799735006088278,-5.479693727927627
TGGGAGATCAAGATAG-1,-0.11966311003870342,-0.0976288605927093
TGGGATTAGATCCAAA-1,0.0954962526205704,-4.588944924288121
TGGGATTAGGTGCTTT-1,0.45357140324962936,-0.6718664371668667
TGGGATTCACAGACGA-1,1.1021898553905816,-5.405042752417176
TGGGATTCAGCTGTAT-1,3.536856391302775,1.4063529473392713
TGGGATTGTATGTGTC-1,4.794154185020206,-1.7849388356962648
TGGGATTGTCAACGCC-1,-1.9859610773943426,-3.260706162013575
TGGGATTGTTACGTAC-1,-2.2681717887060273,-5.5237663171927
TGGGATTTCACGAGGA-1,0.6007150121794128,-3.6828534633172647
TGGGATTTCAGCGTCG-1,-1.0304870329144211,-4.290478346162622
TGGGATTTCATATGGC-1,-2.4488546923787737,-1.3445525008013757
TGGGATTTCATGGCCG-1,0.6275230633243096,-2.8733507242833762
TGGGATTTCCCATTTA-1,2.533385852993251,-5.387554150795186
TGGGATTTCTGCGAGC-1,1.8631785001429655,-3.638465078218362
TGGGCGTAGCGCCGTT-1,7.085380881291325,-2.378169935235993
TGGGCGTAGTAGATCA-1,3.9555714148841834,-1.9864908767696658
TGGGCGTGTCTGTGAT-1,-3.326456741261938,-1.714758001395346
TGGGCGTTCAGATTGC-1,2.7036649265611463,-3.995164005168224
TGGGCTGCAATATCCG-1,0.2516648978595137,-2.533366960799437
TGGGCTGGTTCGGTAT-1,-1.7290337760921117,2.485629581183584
TGGGCTGTCCAACCGG-1,5.778568738625084,-1.6852940184986511
TGGGCTGTCGGTTGTA-1,2.636341866256166,-3.7877165083112763
TGGGCTGTCTTGCGCT-1,-1.8707506186145286,-1.9009606365622396
TGGGCTGTCTTTCCAA-1,1.7695125327659933,1.3799556384839142
TGGGTTACAAACTCTG-1,2.2671117423664673,-7.0122610908523875
TGGGTTACACGTCTCT-1,-0.31095079528089553,0.8301874050267521
TGGGTTACATCGCTGG-1,-0.6469150607783084,1.0630857806389065
TGGGTTAGTCGGCTAC-1,8.103819510128758,-1.8234164642037143
TGGGTTAGTGAGAGGG-1,3.39964236245153,-3.6453610200591484
TGGGTTATCATGAAAG-1,0.6947198352831916,-0.10313744818569669
TGGTACAAGGAGTCTG-1,-0.9752589413700657,-2.9778792098103155
TGGTACACAATCACGT-1,3.940759142023217,-2.3726463895233385
TGGTACACAGACAAAT-1,-1.5214944535864146,0.3083328259039678
TGGTACAGTAGCCCTG-1,-1.7367420368054527,-5.857511530845638
TGGTACAGTCTTCAAG-1,2.1400713920101766,-4.799756509171013
TGGTACAGTTCCGCGA-1,-1.852123240153805,-6.077840402896232
TGGTAGTAGATGACCG-1,-0.4011050472369939,-3.042245442607403
TGGTAGTAGGGATCAC-1,0.2737223497561686,-2.4500868449728315
TGGTAGTCATCGTGCG-1,8.4643791930203,-1.517809696035407
TGGTGATAGGACACTG-1,0.9929085409601062,-6.168148722348338
TGGTGATGTCTCGGAC-1,-2.0644933585174585,-5.954107215025207
TGGTGATGTGGCTGCT-1,-2.033668703553594,-5.1568651759384005
TGGTGATTCCCATTTA-1,6.431240743737299,-5.77945771977575
TGGTGATTCCTGGGAC-1,2.9995283224501077,-6.93893812298449
TGGTGATTCTTCCTAA-1,1.8893967509815115,-2.5902168301211854
TGGTTAGAGCCTCTGG-1,3.0099951885278173,-0.30687261798051985
TGGTTAGAGTGTGTTC-1,1.0638035219834423,0.46756979040535684
TGGTTAGCAATACGAA-1,-0.714199852685065,-1.4447465242115434
TGGTTAGTCAAAGACA-1,-1.8847641999905105,-2.91517437342033
TGGTTAGTCACCACAA-1,0.8075822190638768,-8.187432734703298
TGGTTAGTCGAACGCC-1,1.0070176977972611,-2.4472866326554126
TGGTTAGTCTGTGCGG-1,-1.1073190493859983,-5.565059423175201
TGTAACGGTACAGGTG-1,-1.356170871035532,-5.497757178680433
TGTAACGTCACTACGA-1,4.567362834709095,-5.501482776555804
TGTAACGTCACTGTTT-1,1.2193557472966556,-6.298642176317007
TGTAACGTCATGCCCT-1,0.1731090083726052,-4.503406122989057
TGTAACGTCCATTCGC-1,-1.379809446096217,-2.679118788335299
TGTAAGCAGAGCAAGA-1,0.5598545381095421,-3.519125575111265
TGTAAGCAGGCCCACT-1,4.122968160966926,-6.223828885201161
TGTAAGCAGGTCCTGC-1,1.490544905607573,-2.750250217094204
TGTAAGCGTCAGTTTG-1,-1.3405324561315393,-1.2633687402951843
TGTAAGCTCAATCCAG-1,5.3849564028124615,-1.1232664852990206
TGTAAGCTCATACGGT-1,5.42944483751592,-6.749588544663042
TGTAAGCTCCGGTTCT-1,0.683168474897606,-2.27610340973908
TGTACAGAGCTGTTAC-1,2.1177392692046917,-8.25081030936131
TGTACAGGTAGAGATT-1,8.58035353320099,-1.4791824380582366
TGTACAGTCAACTGGT-1,3.5018171202926522,-4.788945711256831
TGTACAGTCCAGGACC-1,8.192393823040577,-4.4333138617531995
TGTACAGTCGCTTGAA-1,2.170987483599185,-2.983111009161109
TGTAGACCAACCCTCT-1,-2.885195497449638,-8.369755927951095
TGTAGACCAGCGACAA-1,0.40537250038524164,-3.8994638584890096
TGTAGACGTAATGCGG-1,-1.1031674822509916,-4.2838219093026995
TGTAGACGTCCACACG-1,-2.8163547947758527,-8.279790868205213
TGTAGACGTCTAGTGT-1,2.2875840699925627,-1.2071938531641682
TGTAGACGTTTGTGGT-1,6.8577239330380015,-7.106419924387765
TGTCAGAAGAAACCAT-1,-2.492940941190844,-6.1078230174981485
TGTCAGAAGAACAGGA-1,5.312713890858239,-1.2602367983191698
TGTCAGAAGTAAGCAT-1,-2.4573810456530083,-0.5209012076264496
TGTCAGAAGTGGCGAT-1,2.3294769572048764,-3.7049264761869636
TGTCAGAAGTTGTCAC-1,3.9132099191494127,-2.035202109020411
TGTCAGACACTAGGCC-1,0.6769275725702613,-0.4909923319804705
TGTCAGACATCTATCT-1,5.939464440359191,-1.941691740253618
TGTCAGAGTACAACGG-1,3.6721768147076452,-1.111466051023618
TGTCAGATCCTAGCTC-1,4.2103610276218655,-0.18013690368799154
TGTCCACAGCCTCTCT-1,6.511015510822793,-5.708612997659824
TGTCCACTCCGCAACG-1,6.416003447847363,-7.243863306867158
TGTCCCAAGACATAAC-1,0.6484875984529037,-3.863286816938066
TGTCCCAAGTGGTTGG-1,-0.6490806554321723,-1.5272164817135463
TGTCCCACATAGTCAC-1,8.196651546921565,-1.5500940401934387
TGTCCCAGTGACTGTT-1,-0.2441320401645996,0.08132224068230816
TGTCCTGCACTAGTAC-1,5.363718491695025,-7.9778861656877424
TGTCCTGCAGGTGACA-1,5.243175594504615,-6.576394786309084
TGTCCTGCAGTAGTGG-1,8.317209357572565,-4.344727200536092
TGTCCTGGTCATTGCA-1,-2.265454828373462,-5.562297936613102
TGTCCTGGTTGGGTAG-1,-1.2816748522316117,-1.757025819002907
TGTCCTGTCTGCATAG-1,4.855093661945964,-1.697969618559507
TGTGAGTAGTTGTCGT-1,7.05328165977364,-0.8190622086762991
TGTGAGTCACGACCTG-1,5.075232506757377,-3.568069280314385
TGTGAGTGTCTAGGCC-1,6.156087763819516,0.2251361527040743
TGTGATGCAAGAGTAT-1,-2.334733248477938,-1.2186021578391513
TGTGATGCATTCACCC-1,2.2633960245147495,-2.9984143459714887
TGTGATGTCAGTCACA-1,-1.1365285725145438,-2.03514034246259
TGTGATGTCCCAAGCG-1,3.501286402918459,-1.4086507532671737
TGTGATGTCCGAGCTG-1,-0.5429767955652545,-3.21869232032754
TGTGCGGAGCACGATG-1,2.5743566485464626,-2.7158615023848487
TGTGCGGCAGTGGCTC-1,-0.3945944277473658,0.9191533558145621
TGTGCGGGTCCACACG-1,0.38036844801108927,-2.89648923335717
TGTGGCGAGAACCGCA-1,-0.45083521692301376,1.0726868606353277
TGTGGCGAGCGTATGG-1,-0.8201486079494037,-1.5817303620248406
TGTGGCGAGCTGCGAA-1,-0.5161733154223086,-1.5186346979176137
TGTGGCGAGGTCCCGT-1,0.5838765400658918,-1.9861046737735706
TGTGGCGAGTTAGTGA-1,2.743010905434468,-5.414667908375293
TGTGGCGGTGGTTTAC-1,1.7944213380214766,-5.462423323950555
TGTGGCGTCATCCCGT-1,6.714920321506521,-7.154513126962171
TGTGGCGTCCCGATCT-1,0.7259668268261428,-8.407398941351016
TGTGGCGTCCTAAGTG-1,6.4079169987738425,-5.862151432190657
TGTGTGAAGTATGAAC-1,5.3650983737871485,-1.3061562427889748
TGTGTGAAGTGCAACG-1,-2.658386770785352,-0.4996037019593058
TGTGTGAAGTTAACAG-1,1.1162681889362225,-6.330868571544097
TGTGTGAAGTTGGCTT-1,3.782888047471877,-0.6090366253470456
TGTGTGACAAGAGGTC-1,8.662077256684718,-1.4737088075467428
TGTGTGACACCAGACC-1,3.980585595768368,-2.2318708070539612
TGTTACTAGCATATGA-1,-2.611521330135762,-1.7750566376615453
TGTTACTCAATTGCTG-1,4.377533270357024,-7.2907620422245945
TGTTACTCAGCTTTCC-1,-0.04971020977845672,-0.22323445853581322
TGTTACTGTCAAAGTA-1,2.6868716807870356,-4.586509267583599
TGTTACTGTTGGACTT-1,1.2332326021877786,-4.053964856557966
TGTTACTTCATGCATG-1,6.5976477217546385,-7.146946593658354
TGTTACTTCATTTACC-1,-5.557222440086188,-3.3734832219522204
TGTTACTTCTCACCCA-1,-3.9342888268555836,-2.3478108441450023
TGTTCATAGGAGATAG-1,0.6042175424244532,1.3376864006585185
TGTTCATCAACCGGAA-1,-0.24741987925793812,-5.925447198452594
TGTTCATCATGACGAG-1,-3.6272288009194398,0.04049680903569346
TGTTCATTCTAGAACC-1,5.197799600886028,-1.2955699055850936
TGTTCCGCAAATAGCA-1,-0.2986212237954375,-6.952302000025279
TGTTCCGCAGCGGTTC-1,-5.382380055140359,-3.579861191794846
TGTTCCGCATGAGTAA-1,3.7027356408070338,-2.8444869995940736
TGTTCCGGTATCATGC-1,1.5954429160599863,-5.824389304797588
TGTTCCGGTCGAATGG-1,-2.0317636151616414,-1.3640594344942611
TGTTCCGGTGAAGCGT-1,5.299556689738189,0.789374305574282
TGTTCTAAGGTCACTT-1,5.713284289601741,-3.9305773223522773
TGTTCTACACTGGATT-1,-0.7712953976841619,-7.2182644490320955
TGTTCTAGTACTCCGG-1,-2.8282147106137034,0.6054454128675147
TGTTCTAGTCGTCTCT-1,-0.6504481146586384,-0.4054999388165048
TGTTCTAGTGCATACT-1,-2.9850642978133983,0.293960938522542
TGTTCTATCGATAACC-1,-4.038676665915473,-4.886279708777424
TGTTCTATCTCAGGCG-1,0.5002161358467343,-1.9676422572307017
TGTTGAGAGGTTAAAC-1,1.1039587704442262,-5.389739894402689
TGTTGAGCAGCAAGAC-1,-0.18553376629706736,-2.820603525227504
TGTTGAGGTCTCAGAT-1,-1.39740707657519,-0.2200632384579269
TGTTGAGGTTCCACAA-1,7.203511836357619,-0.7231269498138388
TGTTGAGTCCGAGCTG-1,2.0639348146303433,-8.196124268055549
TGTTGAGTCGTTCTCG-1,0.40872994558280584,-2.991062919145176
TGTTGAGTCTACGGGC-1,5.617049600176078,-3.718984408794099
TGTTGAGTCTGCATGA-1,7.337342964894976,-2.403228900313793
TGTTGGAAGTTCATGC-1,6.757981071048528,-4.017056950378817
TGTTGGAGTAATCAAG-1,2.5270176593708813,-1.516113422333694
TGTTGGAGTCGACTGC-1,-1.7421178280744853,-1.963849623605836
TGTTGGATCCGAAATC-1,4.601665589152148,-7.343049312766482
TGTTTGTAGGGCAAGG-1,2.3835838589035245,-2.5122444630398544
TGTTTGTCAATGGCAG-1,-3.1913765687634426,0.36394817835871635
TGTTTGTGTCGTCAGC-1,0.8496046766172175,-8.413705061539144
TGTTTGTTCTCATAGG-1,6.8527528583336625,-6.871225489906658
TTAATCCAGCACGGAT-1,5.442651193741262,-7.8637817925328175
TTAATCCCAGCTTCGG-1,5.406075773597631,-5.627756833210078
TTAATCCCATCACGGC-1,-1.1076246305288677,-4.2867360807508295
TTAATCCGTGCAGGAT-1,5.267271592601317,-1.1737942581103364
TTAATCCTCGCACGGT-1,0.9255629279166986,-3.0608142615914606
TTACAGGAGACTGGGT-1,2.9917470585068915,-5.629069605521723
TTACAGGCAAAGGGTC-1,3.804060118087521,-6.211888715937577
TTACAGGCAACAGAGC-1,1.5441967456093857,-0.7111994362077765
TTACAGGCAGACGATG-1,4.44739331174411,-5.873918823630535
TTACAGGCAGTAGAAT-1,8.072641506209104,-5.714308474995482
TTACAGGCAGTGTACT-1,2.7443206030397733,-3.4784678690645263
TTACAGGGTCTCTCTG-1,-0.8994916611354832,-2.146699883207283
TTACAGGGTCTTTCAT-1,-2.7634817339348055,-2.412273535334586
TTACAGGGTGGCCCAT-1,-0.33585463833804086,-1.551723799315038
TTACAGGGTTTACTGG-1,5.392640402946414,-3.9833547438528187
TTACAGGTCATGAAAG-1,5.220552424830725,-6.608130795621057
TTACAGGTCGGACGTC-1,-4.007390154822461,-4.826920484396788
TTACAGGTCTACTGCC-1,7.810726001725642,-4.31117677693332
TTACCATAGATAACGT-1,2.084339249564987,-2.3987421160446307
TTACCATCACTGGCCA-1,4.4999130008583155,-5.560406771699027
TTACCATTCTGGAAGG-1,-2.22658708467072,-5.795222993795257
TTACCGCAGCAAATCA-1,-1.8085820232070149,2.5704318645265287
TTACCGCAGGATCACG-1,-5.399454437629571,-3.394334392977305
TTACCGCCACACGTGC-1,6.418436365896606,-5.82048553127832
TTACCGCCACGAAAGC-1,-0.5318965510292946,0.9970554294904331
TTACCGCCACTATGTG-1,0.45938955307663865,-4.619851085611706
TTACCGCGTCACTGAT-1,1.1530293863398724,0.5702116390253545
TTACCGCTCGTCCATC-1,-4.05063054172187,-2.4226634044760433
TTACCGCTCTGTACAG-1,3.23148276582182,-3.5902024863052557
TTACCGCTCTTGGTGA-1,-2.6826096688613585,-1.7642009985812928
TTACGCCAGACGGATC-1,0.6366290490626707,-8.409573031133048
TTACGCCCAAGGTTGG-1,8.51124770082951,-1.362541354033923
TTACGCCCAATCCTTT-1,4.282064278599589,-4.668567996951994
TTACGCCCACCCTATC-1,3.5845491029424976,-5.044931098076157
TTACGCCGTATCGTTG-1,-1.0651521603021137,-2.0777803856772596
TTACGTTAGCGAACTG-1,3.1221842375632907,-6.9796965799505735
TTACTGTAGACTACGG-1,-0.21745980147035127,0.2392053846686892
TTACTGTAGAGATCGC-1,8.099535338768227,-5.772801075653749
TTACTGTGTAGAATAC-1,4.915768658058389,-1.7613986673389503
TTACTGTGTCTCTCAC-1,3.5674336538546685,-1.2742297887897147
TTACTGTGTGTGAGCA-1,1.622442735987643,-5.300939875767362
TTACTGTGTTCAGTAC-1,-1.4331033409169094,-5.760293691300443
TTACTGTTCAGCCCAG-1,-0.37362803481348156,-3.1135839771723886
TTACTGTTCTATTTCG-1,4.5310008814057285,-7.375717261741671
TTAGGCAAGCGATCGA-1,5.168895655803439,-1.3132861061049625
TTAGGCACATCTCCCA-1,7.975812571310703,-1.7717335717987388
TTAGGCAGTTAGAGAT-1,-4.092542103144523,-0.25872984046117786
TTAGGCATCCCTCTTT-1,-3.091117547448856,-1.3221535695765274
TTAGGGTAGAGCGACT-1,2.371979120175061,-4.229970445759981
TTAGGGTAGGAACGAA-1,7.957917625297242,-5.786948874506632
TTAGGGTAGGCGCTTC-1,1.0328829969680797,-6.134606290430909
TTAGGGTGTAGAGATT-1,5.735548402552783,-3.882017558929938
TTAGGGTGTATCACGT-1,8.11169442975576,-1.7194915681322527
TTAGGGTGTGGATTTC-1,8.220941333060862,-4.41320268465142
TTAGGGTGTTTAGACC-1,-1.8146590846223056,-5.24698877187205
TTAGGGTTCTTACCAT-1,8.401542527892197,-1.7958488852268788
TTAGTCTCAATACGAA-1,-5.56779866861379,-3.461167942523673
TTAGTCTCATGAATAG-1,3.926775662536303,-5.084694377268227
TTAGTCTTCAGGTAAA-1,8.530415688738062,-1.4802506015726693
TTATTGCAGGACTAAT-1,0.19686258949150878,0.45002304788768416
TTATTGCAGTTCCGTA-1,6.451896238481742,-3.960343169289385
TTATTGCCACCATAAC-1,7.884285384107165,-3.2178961158405475
TTATTGCGTCACATTG-1,3.552594531348097,-1.1771745801385345
TTATTGCGTGGACCAA-1,0.7333804842623985,-8.162389614127566
TTATTGCGTTATTCTC-1,0.7239917277657557,-8.071413541790864
TTCAATCAGTCTTCGA-1,0.7559992931099783,-0.8586462164263748
TTCAATCGTGCAACGA-1,5.191727969967326,-1.3371191825973514
TTCAATCGTTTCGTAG-1,-1.3328222798002094,0.7962809335213451
TTCACCGAGGTAGCCA-1,1.1045129921236359,-0.7901299248154117
TTCACCGAGTTCCATG-1,1.3227095936359061,-0.8444451394357191
TTCACCGCAAAGGTTA-1,-0.3679899442448105,-3.164658807623139
TTCACCGCAGAGCGTA-1,5.441280076544541,-9.34862696337871
TTCACCGGTCCACGCA-1,4.109131255516063,-4.496704386156492
TTCACCGGTCTCAAGT-1,5.249152054866273,-6.695384320626553
TTCACCGGTTTATGCG-1,-4.077735817953397,-4.704101808927312
TTCACCGTCAAGCCAT-1,5.479133151132106,-9.317192316706839
TTCACCGTCATGAAAG-1,-2.253409473080512,-5.815952551343585
TTCACCGTCTACTGCC-1,-1.2570232642092884,-5.64721793831177
TTCACGCAGGAAACGA-1,0.7667480043835603,-2.202484555633982
TTCACGCCAGGGTTGA-1,-0.3374833948607926,-1.5660051571227949
TTCACGCCAGTCAGTT-1,5.485459835473506,-5.1814967730464865
TTCACGCTCAAGTTGC-1,0.910041138669137,-2.4354786473873196
TTCACGCTCCGTTTCG-1,0.089526268700244,-2.936558721205927
TTCAGGACAACCTATG-1,-0.4828951818307102,-2.79165880042356
TTCAGGACAATCTGCA-1,0.013403169354741683,0.28225699338614774
TTCAGGACAGAGCGTA-1,6.370033910032592,-5.586970114030375
TTCAGGACAGAGTTGG-1,2.6686988559175604,-6.147867535497146
TTCAGGATCACGATCA-1,1.1102551284444724,0.5640118996643355
TTCAGGATCGGTCAGC-1,-1.080972448644874,-4.324620375907058
TTCATGTAGCGGTATG-1,6.82936604154654,-4.021821327159286
TTCATGTAGGTAGATT-1,2.576566182846233,-1.7279973717863968
TTCATGTAGTAGTCCT-1,2.333772926193845,-3.2499954243548785
TTCATGTCACAAGCCC-1,1.2809803816000702,-2.6022577636586166
TTCATGTGTAACTGCT-1,0.8045502637498447,-8.31880808860132
TTCATGTGTATGCAAA-1,5.941260788586545,-1.9236482554751042
TTCATGTGTCTACGTA-1,8.127055778979866,-5.703256613475782
TTCATGTTCCAATGCA-1,3.6950678460019675,-4.030024542732974
TTCATGTTCGAAGGAC-1,5.186114547210934,0.6271138194364191
TTCATTGGTAGACACG-1,0.9713676385261586,-4.700673400719359
TTCATTGGTTGAGTCT-1,3.382951780586983,-5.56966095799268
TTCATTGTCCTAACAG-1,2.3202871425935836,-4.740884814741904
TTCATTGTCGTGGCTG-1,8.652348151237637,-1.3859684655800069
TTCATTGTCTTTGCAT-1,8.684045185704056,-1.5427709846627946
TTCCAATAGATCCTAC-1,3.728056556172083,-2.913904103831845
TTCCAATAGCGGTAAC-1,2.5539781403499973,-3.782925965407189
TTCCAATCACGGTGCT-1,0.07527652574329806,0.017280877974138596
TTCCAATCAGTGAGCA-1,1.1774005767381275,0.6580347235848165
TTCCACGAGACTGTTC-1,0.16708333384104687,-0.6045378587807139
TTCCACGAGAGACAAG-1,2.5209566921363495,-1.0021829911706848
TTCCACGAGCCTAGGA-1,-1.2830422843539897,-0.04651406620709581
TTCCACGAGGTATAGT-1,0.6408942817437961,-8.000030672618863
TTCCACGCATATACCG-1,1.5380353419342148,-3.9000874576833793
TTCCACGCATTGTCGA-1,5.592596996830829,-3.7955006338109483
TTCCACGGTTATCTGG-1,-1.1518313237338198,-4.752472956393828
TTCCACGTCAAACTGC-1,5.505076245269527,-3.5931588565900516
TTCCACGTCTCGTTTA-1,0.8927100775840943,-7.961078587159827
TTCCGGTCACTACTTT-1,0.6961012309742941,-0.10479259766776086
TTCCGGTCAGGCGATA-1,4.492096819859174,-7.565097959825536
TTCCGGTGTCTTGGTA-1,7.0608816535285595,-0.7112602070865249
TTCCGGTTCACCATCC-1,3.7678044195761284,-2.9790908036897696
TTCCGGTTCAGCCTCT-1,4.480984681631414,-4.612452587810436
TTCCGGTTCTCGCGTT-1,-1.1912243056479275,-2.083194634334842
TTCCGTGAGAAGTCCG-1,1.0643174735886582,-0.47181314186260287
TTCCGTGAGTAGAGTT-1,1.5173563721274979,-0.6454622791266691
TTCCGTGCACGCAGTC-1,-4.02919532758441,-2.4239386856774083
TTCCGTGCATTCAGGT-1,-2.0470669257121084,-5.412448910674034
TTCCGTGGTATCGTAC-1,5.203189768146683,-5.225581990131227
TTCCGTGTCAGAACCT-1,1.908862969711857,-3.4894285539335055
TTCCGTGTCGTTCATT-1,1.01315766978266,-2.4051831362920404
TTCCTAAAGGTCCGAA-1,-1.1490554497766565,-5.595675302788282
TTCCTAAAGTGATGGC-1,4.4373076736005155,-7.551415550774842
TTCCTAAGTGCCGTTG-1,-0.7701964584670183,-7.123930818088585
TTCCTAAGTTACCTGA-1,-1.0483749688938013,-2.079887942871661
TTCCTAATCCCACAGG-1,1.919841266600048,-5.463441411255756
TTCCTCTAGGGAGTGG-1,7.099719930839901,-0.741418469960572
TTCCTCTCAACTACGT-1,0.8237621732403235,-0.19221931671839396
TTCCTCTCAGCACAGA-1,4.8078958336458895,-2.600879635715031
TTCCTCTTCTTAGCCC-1,-2.097479389733573,-3.3745469826626118
TTCCTTCAGTAAAGCT-1,4.236586336058373,-6.826838293383603
TTCCTTCTCAGCATTG-1,0.6783450616311337,-2.049820064780004
TTCGATTCAGACAAAT-1,-0.5360943064198688,-6.99318854860202
TTCGATTGTGGCCCAT-1,0.6078952864356777,1.2606632421450639
TTCGATTTCCCTCTTT-1,-0.21542661372709646,-1.2485208903327834
TTCGATTTCGTCGGGT-1,3.443302586724812,1.3166225817339399
TTCGCTGAGGGCTTCC-1,8.713682989026621,-1.478911614955705
TTCGCTGCACTAGAGG-1,3.3598239623167485,-3.5917533747756227
TTCGCTGCAGTCGAGA-1,1.694722759103281,-7.666950468053181
TTCGCTGGTAGAGATT-1,5.265452309521699,-3.4439889444958154
TTCGCTGGTCGGCTAC-1,-1.1699384701474795,-4.39570610135883
TTCGCTGTCAACTACG-1,3.8334434812276976,-2.8731100324746865
TTCGCTGTCCCTGTTG-1,-2.178005031629752,-4.646359475214024
TTCGGTCCACTCATAG-1,6.783674676027895,-6.962772008277666
TTCGGTCCAGCATGCC-1,0.6533817193788738,-8.32573234505254
TTCGGTCGTCTTCAAG-1,-0.6594212150366283,-0.48929217567688116
TTCGGTCTCTCGTTTA-1,0.25058304834573225,-3.353383743382689
TTCTAACAGGCGTTAG-1,5.563586322312494,-1.954029623777726
TTCTAACAGTATAGAC-1,7.435748188453869,-2.6073931126293117
TTCTAACAGTCACGAG-1,-1.5367549700126664,1.9016049126235328
TTCTAACCAAAGGATT-1,4.202290826224554,-0.21511646699400927
TTCTAACCACCTTCGT-1,1.1956179581879833,0.40548617141876564
TTCTAACCAGGCCTGT-1,5.952726670083456,0.009601636283617189
TTCTAACCATCCTTCG-1,3.5227766247930252,-4.452322286677852
TTCTAACGTAGAATAC-1,5.214512810900348,0.5620817363743292
TTCTAACGTAGGTGCA-1,3.9769984464020047,-2.22466679613038
TTCTAACTCAAACGTC-1,5.250105688898157,-3.8701715343823846
TTCTAGTAGCAGCAGT-1,-2.753544787883813,-2.7427925838942624
TTCTAGTAGCAGCCCT-1,-2.4762584914929557,-5.901744054278758
TTCTAGTAGCAGCCTC-1,-2.228951740882186,-1.4865636115621264
TTCTAGTAGTCATGGG-1,-2.0095218253980387,-1.6200383183439186
TTCTAGTTCGGTTGTA-1,4.1512341825697865,-5.034274179563725
TTCTCTCAGAGGTGCT-1,-0.4849101377142626,-0.09699569775701608
TTCTCTCGTACTCGAT-1,-2.9385450436395892,-1.396299430043942
TTCTCTCTCAAGCCAT-1,-3.002020832082009,-8.422593894373463
TTCTCTCTCACTGTTT-1,8.195318577013719,-1.606611771236721
TTCTCTCTCTAGTCAG-1,2.2294926681577407,-3.6106397343763064
TTCTGTAAGGTGCTAG-1,-0.664099049298468,-0.10328034817608725
TTCTGTAGTCTACTGA-1,5.243247076566163,0.7325461483501947
TTCTGTAGTGTTTACG-1,0.7251838470427525,-1.705706417639752
TTCTTCCAGGTACAAT-1,-2.3876049836559057,-5.181594670637345
TTCTTCCCAATCAAGA-1,2.241561820044813,-4.7976043563747695
TTCTTCCCACGGTGAA-1,0.14041187955703074,-1.301983825239623
TTCTTCCGTCACCCTT-1,-0.10668964555571284,-3.0172862112675394
TTCTTCCGTCGCGTTG-1,2.3706430650158596,-2.063492899495525
TTCTTCCGTTGAGGAC-1,2.1691420589797303,-8.031425644244669
TTCTTGAAGAGGCCAT-1,4.37022032343488,-5.450918222502975
TTCTTGAAGTGACACG-1,0.716017514477588,-8.178989146861515
TTCTTGACAACACGTT-1,-1.5650693188222309,-1.0821541854307883
TTCTTGAGTTAGGCTT-1,6.835431194147222,-4.061623089238696
TTGAACGAGCGTTAGG-1,0.5739552538912215,-1.1217508708801562
TTGAACGAGTAACAGT-1,0.08617657377325792,-1.8845553338049104
TTGAACGCAACACAAA-1,3.8857799316261805,-2.945018191191319
TTGAACGGTACGCGTC-1,-1.7838761234453173,-0.3436264358549974
TTGAACGGTTCTATCT-1,6.701260572158451,-4.077258976822406
TTGAACGTCGTAGCTA-1,1.8180387605235775,-3.979710439302365
TTGAACGTCGTTCCCA-1,6.211436310484562,0.27800829512272307
TTGACCCAGGCCACCT-1,-3.0900510913007584,0.7459620749933299
TTGACCCTCACTTATC-1,5.942305092856244,-1.8645891221116149
TTGACCCTCGCATTAG-1,-3.91315509069469,-0.2813966845186681
TTGAGTGAGGGATCAC-1,-4.075451916108456,-3.4403538039238852
TTGAGTGAGTCGGGAT-1,4.312868750118681,-4.257167900788461
TTGAGTGAGTTACGGG-1,-2.5900794601995356,-6.169145718612235
TTGAGTGCAACTTGGT-1,1.9382847912022279,0.5716272759860421
TTGAGTGGTGGGCTTC-1,2.380052752600505,-1.856817501536056
TTGAGTGTCACGAGGA-1,1.0454284530762772,-2.1523401507243602
TTGAGTGTCGAGTACT-1,-1.6499378395771105,-1.865214430776106
TTGAGTGTCTGGAGAG-1,6.53485625243923,-6.9610075428457465
TTGATGGAGGGCAAGG-1,5.242797898376364,-6.611597247158512
TTGATGGAGTGGTGAC-1,-1.8811185569157425,0.691591726271766
TTGATGGCAGAAGTGC-1,-1.1753564215653214,-2.111870142650527
TTGATGGCAGGCGTTC-1,3.655574537718503,-0.8787375477815295
TTGATGGGTCTACGAT-1,2.083221476477148,-3.4854186309249795
TTGATGGGTTTAGAGA-1,1.6643720679196625,-4.32238783442521
TTGATGGTCTCGTCAC-1,-0.03338732999970029,-4.554976020936113
TTGATGGTCTCTGCTG-1,-0.5955726942807427,-7.128650604715332
TTGCATTAGAGGTATT-1,-0.8440485602948284,-3.0969009814878117
TTGCATTAGGCACTAG-1,8.274789589005264,-4.363339367064238
TTGCATTCACTTGGGC-1,6.613659951141949,-6.809128391559587
TTGCATTGTGGCATCC-1,0.4682557842419891,-3.6410575727879544
TTGCATTTCCCGAAAT-1,-0.17260610604837343,0.3015442044575585
TTGCCTGAGCAATTAG-1,5.139557421657288,-2.979212240225908
TTGCCTGGTACAGAAT-1,7.0673035883573965,-0.8265648788675565
TTGCCTGGTAGGTCAG-1,4.21602618495702,-6.4216409191534565
TTGCGTCAGGGCAATC-1,0.4597621747712567,-4.300281058798549
TTGCGTCAGTAGGGTC-1,4.483978579192138,-7.508345424287506
TTGCGTCCATCGCTCT-1,-0.3407511562990836,-3.041160281125509
TTGCGTCTCAAGAGGC-1,3.1589541263652934,-0.805554283818246
TTGCGTCTCACCTTAT-1,-0.46997270434554267,1.0729081223775583
TTGCTGCAGACGATAT-1,2.23405507827328,-4.805025650849189
TTGCTGCAGCGTTGTT-1,5.303786915470214,-6.653364608393721
TTGCTGCAGCTAAATG-1,6.868466966396611,-7.117352698075716
TTGCTGCTCTGGGCGT-1,1.5669511932102405,-0.7062474291975529
TTGGATGGTCAAACGG-1,2.2014562515022993,-8.174924320137876
TTGGATGGTCACTCAA-1,4.246435530966342,-5.2764301857292875
TTGGATGGTGCGTTTA-1,-2.392427558710293,-4.135557870277196
TTGGATGTCCAGTGCG-1,8.152209064189138,-5.706028749328247
TTGGGATAGACGACTG-1,5.326126008798839,-3.743937322234611
TTGGGATAGGTGCGAT-1,3.7343968865036663,-1.2830216910558878
TTGGGATGTGTTCAGT-1,-1.1882271864183878,-1.9562948447040076
TTGGGATGTTGCATAC-1,-1.1022158337751877,-4.334969892414501
TTGGGCGCAGCCCAGT-1,-3.8616233708612064,-3.535843120956361
TTGGGCGCATGAAAGT-1,-0.12770589075982855,-0.6465584576985284
TTGGGCGTCATCAGTG-1,5.539128311061097,-3.7566199522274366
TTGGGCGTCCAGTGTA-1,3.499360762180221,-2.730476684131821
TTGGGTATCCTAAGTG-1,2.734248924465152,-4.4746181005555
TTGGGTATCCTGCTAC-1,-0.49401894513853106,1.0744997430354133
TTGGGTATCTAGACAC-1,-3.32516477992801,-1.486352132575937
TTGGGTATCTCTGAGA-1,-2.6473707619226414,0.06683841675322916
TTGGTTTAGCTAAACA-1,3.9315131793567897,-6.183528549243801
TTGGTTTCAAACTAAG-1,3.8091119283773907,-2.9795804992814716
TTGGTTTGTCTTGCGG-1,5.454206142291226,-9.308809423556438
TTGGTTTTCTGCGAGC-1,2.982722675197755,-0.44270649526873496
TTGTGGAAGTTGCATC-1,1.6398344680955221,-0.5708543048491816
TTGTGGACACCCTAAA-1,-1.0668584527621525,0.0925931350492903
TTGTGGACACCTGCAG-1,3.83948323210453,-4.894791771415637
TTGTGGACATCATGAC-1,-2.008923512448847,-0.5156048454583433
TTGTGGACATGCCGGT-1,2.4435323569150955,-1.959590358682418
TTGTGGACATGGACAG-1,8.028298111814683,-1.501791923174645
TTGTGGAGTACGTGTT-1,-0.37842014017143977,-5.828177625014854
TTGTGGATCATCGCCT-1,-4.02962622250019,-4.8447797458129385
TTGTGGATCCGTGTCT-1,6.831997887686613,-0.7990601897435101
TTGTGGATCCTATGGA-1,-0.8094934365560175,-7.230603496182795
TTGTGTTAGTCACTAC-1,8.062068265661212,-5.721267690485636
TTGTGTTAGTCATGGG-1,6.852515824549317,-7.0376641301977765
TTGTGTTCAAATCAGA-1,5.730068620158867,-2.0887726026156845
TTGTGTTCAGACAAAT-1,-2.0762376461460814,-3.1499041746104637
TTGTGTTGTAACCCTA-1,3.8853366067101462,-2.9059444588692456
TTGTGTTGTATCGGTT-1,1.41980507981305,-2.7169608666051652
TTGTGTTGTGATTCAC-1,0.13277349314032258,-4.5317453325656105
TTGTGTTGTGGTAACG-1,7.494654295661014,-2.3465134964684724
TTGTGTTTCCCTCTCC-1,3.202069761561184,-5.719681282339598
TTGTTCAAGAGCTGAC-1,7.3682250246012675,-2.463374086423699
TTGTTCAAGCATGGGT-1,-1.9450996901426663,-5.39558835827751
TTGTTCAAGCGACTGA-1,-1.8203936984189255,-2.5221441295467257
TTGTTCAAGGATCATA-1,3.096985422215939,-0.3338716805092102
TTGTTCAAGTTCCGGC-1,-2.9929440359627746,0.8324619597511478
TTGTTCACAACCAATC-1,-0.19809387915425397,-2.785285670561683
TTGTTCACAGAACTTC-1,-3.133505481129878,-1.385414331600412
TTGTTCACATACTGAC-1,1.8976701503336995,-3.6481279972085225
TTGTTCAGTGCACGCT-1,4.349764694687033,-7.321580293663333
TTGTTCATCACTTATC-1,-5.38802530688833,-3.3021426829366147
TTGTTGTAGACTGTTC-1,-0.6870468225526042,-2.617795376095288
TTGTTGTAGATGCTTC-1,-1.6466116696693747,-5.621999582015025
TTGTTGTAGCACTGGA-1,0.7535777211093283,-1.997577057969618
TTGTTGTAGGTGAGCT-1,2.7797874228419777,-5.355001312719839
TTGTTGTAGTCGCCAC-1,1.4309736477886994,-0.5512265430555275
TTGTTGTCACATTCTT-1,0.7192672849024059,-2.2277149949332835
TTGTTGTCACTGGACC-1,1.0417406025917317,-2.2004788820407972
TTGTTGTCATGCCATA-1,-3.0130450227877823,-1.22705193540594
TTGTTGTTCCAATGCA-1,3.039447592267043,-0.6479533297785453
TTGTTGTTCCTTGAAG-1,5.536323194170137,-9.261861519514541
TTGTTGTTCGTACCTC-1,-5.466333367960367,-3.5289917886114286
TTGTTGTTCTTGCGCT-1,2.261522944360291,-5.068448370923953
TTGTTTGAGAGTCCGA-1,5.40573456986536,-7.947372598393255
TTGTTTGAGCAGGCTA-1,-0.6992852137992172,-7.076786000684495
TTGTTTGAGGATATAC-1,-0.03547286996489221,-0.9679574300716101
TTGTTTGCAGCTAACT-1,4.576110120439707,-5.849611641815194
TTGTTTGTCAAGCCGC-1,3.979038627845306,-2.264562582310115
TTGTTTGTCCAAGCCG-1,-1.496623523922944,0.30191925694449534
TTGTTTGTCCTGTTAT-1,-2.041903924243948,-1.6882241830852713
TTGTTTGTCGACATAC-1,-2.4848690681032246,-5.249775178744683
TTGTTTGTCGCTGATA-1,1.0826737124982757,0.812520119527317
TTTACCACACGGCACT-1,-0.7051665575571209,-2.929844840250568
TTTACCACAGTTAGGG-1,6.292903041055775,-7.154697112101875
TTTACCACATCCGTGG-1,5.221195120023953,-1.2605540953562593
TTTACCAGTACCTATG-1,-1.1438523934061566,-4.245439611458278
TTTACCAGTCGGAAAC-1,0.014023875027812752,-0.8159346619556865
TTTACCATCTATCGCC-1,0.8368616193545817,-8.323398035451943
TTTACGTAGCGCCGTT-1,2.3555200909829535,-3.6129201520198286
TTTACGTAGGGTGAGG-1,0.6636263591900451,1.3413324344347117
TTTACGTAGTAGCCAG-1,2.959546464800855,-2.3361265432275715
TTTACGTGTCACAATC-1,0.36752428668267206,-2.6760807329134417
TTTACTGCATTATGCG-1,5.406711500258283,-2.248584750478528
TTTACTGGTACCAGAG-1,4.315806839057754,-0.23861089722747258
TTTACTGGTATGAGAT-1,-2.171237039224068,-3.197260525980688
TTTACTGTCGTGCACG-1,2.116609010627105,-1.2264565521305506
TTTAGTCAGGATGAGA-1,1.924755365758471,-1.5157131036845102
TTTAGTCCAATACGCT-1,-3.954453379026599,-0.2889832938576671
TTTAGTCTCGCAGTCG-1,4.056895038386476,-5.1272951697605444
TTTAGTCTCTGCGATA-1,-0.011430687045071221,-3.05714701249367
TTTAGTCTCTGGTCAA-1,-1.2182072850404804,-1.3297249195398089
TTTATGCAGACAGCTG-1,0.07280189766095922,-3.3974905820763968
TTTATGCAGCTGGTGA-1,-1.1647645059401392,-0.5047111429282546
TTTATGCAGGCTAGCA-1,4.890988133791531,-2.806156791245714
TTTATGCGTAGGACCA-1,1.5148194330911633,-5.469296184165485
TTTATGCTCACACCGG-1,3.9413109597723675,-2.1609038198643087
TTTATGCTCGTGTTCC-1,2.2543039556011175,-1.4792026194011119
TTTCACAAGCTAGAAT-1,6.839296028577311,-3.782499646925239
TTTCACAGTACCCACG-1,-2.9376186434770335,0.7402289888832008
TTTCACAGTGTTGCCG-1,1.4734244450617568,-0.7023778220242327
TTTCACATCAAGCTGT-1,6.542773201002844,-3.954395313722193
TTTCACATCTACTGAG-1,3.14152708336673,-1.1624881000568574
TTTCACATCTCACTCG-1,7.956055788741961,-5.673204134119872
TTTCAGTAGCGAAACC-1,-1.9786664819965185,-5.53824899493672
TTTCAGTCAAACACGG-1,8.058400522497351,-5.636191030671705
TTTCAGTTCATGAGAA-1,-0.2079966493965158,0.11241690655512254
TTTCAGTTCCATTCAT-1,-2.994073088472189,-8.405189742223788
TTTCATGCAGTTGGTT-1,-0.17731331305105302,0.1573171646658325
TTTCATGCATGAAAGT-1,-0.32503110784354944,-6.91937059978477
TTTCATGGTTCCAAAC-1,3.8441076830155776,-1.4414774186862098
TTTCATGTCTTAAGGC-1,-0.12838059969066046,-5.978279569495867
TTTCCTCAGGATCACG-1,-0.5087216458324718,-7.008458168124103
TTTCCTCCAATCGCAT-1,-1.336924627697973,1.3424802474866755
TTTCCTCGTAAGACCG-1,-2.5100358442786295,-0.44669873210052985
TTTCCTCGTTGTGCAT-1,4.5218414288065665,-4.1108080674617
TTTCCTCTCCATACAG-1,-1.7170743304270368,2.5696560520679625
TTTCCTCTCGTGTGAT-1,8.225581993625685,-4.3778126748596105
TTTCCTCTCTCTCTTC-1,6.025202903972815,-1.9902543086215478
TTTCGATAGGTAGTCG-1,1.8154794433557613,-3.234252125728729
TTTCGATCAATACCCA-1,3.9471248735653077,-5.822761414648374
TTTCGATCACAGCCAC-1,-2.4668449518257067,-1.4139963269610607
TTTCGATGTCGAACAG-1,-4.74015535359579,-3.478280298737039
TTTCGATGTCGGCTAC-1,5.518838712382158,-3.7959486013993655
TTTCGATTCAACGAGG-1,8.509353797669958,-1.5697003966435592
TTTCGATTCATTTGGG-1,0.7564334109271647,-8.525753144727561
TTTCGATTCGGAATTC-1,7.278997101075558,-2.1633776660626296
TTTGACTGTAAGGCTG-1,3.051648671750711,-6.919144425786974
TTTGACTGTAGCTCGC-1,-0.9459029710557041,-4.16964853787919
TTTGACTGTCTCCCTA-1,2.2003718261321774,-0.763830996625116
TTTGACTGTTGTGCCG-1,-1.1262594178706833,-2.019883283366958
TTTGATCAGACCATAA-1,1.0208446319394544,-8.00575430990062
TTTGATCCAAATGCTC-1,3.3718047935308815,-5.582539271843096
TTTGATCCAGGTAGTG-1,-0.6976257831313121,-5.50225606099628
TTTGATCCATACGCAT-1,-1.7491739417104148,-1.0430932587523423
TTTGATCGTACTCGTA-1,1.858691530695261,-2.584878785006655
TTTGATCGTATCCTTT-1,0.8080199367765895,-8.214968058650252
TTTGATCGTGGAGAAA-1,-1.926144040179541,-5.1065842294427775
TTTGATCTCAAGCCCG-1,0.7871988201930774,-7.8388450031052415
TTTGGAGAGGGTATAT-1,0.22716028631994784,0.6461635611593741
TTTGGAGCAGACAAGC-1,1.3321087547058967,-0.8146058156966377
TTTGGAGTCCCGAACG-1,7.9227322884285645,-5.613649201705499
TTTGGAGTCGTGGTAT-1,1.1351681298619456,0.36278103660385724
TTTGGAGTCTGCTTAT-1,1.0507672461976996,-3.48649656076197
TTTGGTTAGAACAGGA-1,2.549609050910747,-6.270696036883448
TTTGGTTAGCAGATAT-1,4.235604300034414,-2.603173168114482
TTTGGTTCACTAGGCC-1,2.5826093489289823,-1.9218910402994245
TTTGGTTCAGCTACCG-1,-1.0511286331505985,-4.261747309295007
TTTGGTTCAGGACATG-1,-2.8597143377709906,0.5244072610041832
TTTGGTTGTACAAGCG-1,3.721888128454818,-2.4172673214092546
TTTGGTTGTCGCAGTC-1,-3.716094837908609,-0.009895853472864737
TTTGGTTTCAAAGGAT-1,5.194420301044088,-6.268443952067332
TTTGTTGAGAACGTGC-1,4.016981451579967,-2.251181159815506
TTTGTTGGTAGGAAAG-1,3.7399040929695104,-0.6750664289221601
TTTGTTGGTGCAATGG-1,3.4311074340447814,1.2172082388755536
TTTGTTGTCAAACGTC-1,4.063889562835476,-4.791441527410495
TTTGTTGTCGCGGACT-1,2.852619651435938,-3.310118149481565
TTTGTTGTCGCTGTCT-1,2.2636401217605924,-3.834200251638661
TTTGTTGTCGTCCATC-1,0.5167571795904631,-0.6330728167027219
TTTGTTGTCTGAGATC-1,8.157404675525829,-5.7427428516269
