Barcode,Cluster
AAACCCAAGCTGAGCA-1,2
AAACCCAAGCTGTCCG-1,7
AAACCCACACAAATGA-1,8
AAACCCAGTATCTTCT-1,8
AAACCCAGTCGATTCA-1,5
AAACGAACAGGTTCGC-1,4
AAACGAAGTATTTCCT-1,1
AAACGAAGTCTTGAAC-1,7
AAACGAATCTCTGGTC-1,2
AAACGCTAGAGTGAAG-1,1
AAACGCTAGTCACTGT-1,7
AAAGAACAGAAACTGT-1,2
AAAGAACCAAAGGCGT-1,2
AAAGAACCACAAACGG-1,2
AAAGAACCAGTCAACT-1,8
AAAGAACCATTGTCGA-1,2
AAAGAACGTACCTAAC-1,1
AAAGAACGTCGGCTAC-1,3
AAAGAACGTTCAGCGC-1,7
AAAGAACTCAAACGAA-1,2
AAAGAACTCACATACG-1,5
AAAGAACTCTAGCATG-1,2
AAAGAACTCTGCCCTA-1,4
AAAGGATAGAAACTCA-1,7
AAAGGATCAAGCTACT-1,5
AAAGGATCACGCAAAG-1,1
AAAGGATGTACGGTTT-1,3
AAAGGATTCGGACCAC-1,9
AAAGGGCAGGAACGAA-1,4
AAAGGGCAGGTTACCT-1,6
AAAGGGCCAAACTAGA-1,9
AAAGGGCCAAATCAGA-1,6
AAAGGGCTCAATCTCT-1,6
AAAGGTACACGGTAGA-1,2
AAAGGTATCATACGGT-1,5
AAAGTCCAGTCGCTAT-1,5
AAAGTCCCAGGTCAAG-1,1
AAAGTCCGTAACGGTG-1,4
AAAGTCCGTTCCAAAC-1,2
AAAGTCCTCTGAGAGG-1,8
AAAGTGAAGACCAACG-1,1
AAAGTGAAGAGCCATG-1,2
AAAGTGAAGCTCTTCC-1,2
AAAGTGACAGGAATAT-1,4
AAAGTGAGTACGATGG-1,3
AAAGTGAGTCAGTTTG-1,6
AAAGTGAGTGTCGATT-1,4
AAAGTGATCACTGTTT-1,2
AAATGGACATGAAGCG-1,6
AAATGGAGTGAATGAT-1,1
AAATGGAGTGAGTAGC-1,3
AAATGGAGTTCGCGTG-1,3
AAATGGATCCTCACTG-1,8
AACAAAGAGATTGTGA-1,6
AACAAAGAGTTGCGCC-1,1
AACAAAGCACACCGAC-1,8
AACAAAGGTGGTTTAC-1,7
AACAAAGTCAAGAAAC-1,4
AACAAAGTCACGGAGA-1,1
AACAACCAGGAAGAAC-1,1
AACAACCAGGCTAACG-1,7
AACAACCCAGCAGTGA-1,1
AACAACCGTTTACGAC-1,1
AACAACCGTTTCTATC-1,5
AACAAGAAGAGCAGAA-1,8
AACAAGAAGGCATCAG-1,2
AACAAGAAGTAGAGTT-1,6
AACAAGAAGTTCATGC-1,1
AACAAGACACTGCATA-1,1
AACAAGACAGGAATAT-1,8
AACAAGAGTAATTAGG-1,7
AACAAGAGTGTTACAC-1,1
AACAAGAGTTATGACC-1,3
AACAAGATCGCCTATC-1,6
AACAAGATCGGTGTTA-1,6
AACACACCAGAGCTAG-1,1
AACAGGGAGACTAGAT-1,3
AACAGGGAGCGGATCA-1,6
AACAGGGAGCGTATGG-1,2
AACAGGGAGTTGCCTA-1,5
AACAGGGCAGAAGTTA-1,2
AACAGGGCAGCACAAG-1,2
AACAGGGGTCGACTTA-1,1
AACAGGGGTTAGAGAT-1,9
AACAGGGTCATTCACT-1,7
AACCAACAGCTGGCCT-1,2
AACCAACAGTAAGAGG-1,5
AACCAACGTCAAGGCA-1,4
AACCAACGTGGAAATT-1,4
AACCAACGTTGGCTAT-1,2
AACCAACTCGATGCAT-1,9
AACCACAAGCTCACTA-1,8
AACCACAGTGCGCTCA-1,6
AACCACAGTTGAGTCT-1,5
AACCATGAGGATATAC-1,5
AACCATGCAAACTCTG-1,3
AACCATGCATACTTTC-1,1
AACCATGCATGGGAAC-1,3
AACCATGGTCCGATCG-1,6
AACCATGGTTCAGTAC-1,1
AACCATGTCGGCTGGT-1,2
AACCCAAAGGTTCACT-1,2
AACCCAACAGACGGAT-1,3
AACCCAAGTGGGAGAG-1,1
AACCCAATCACTGATG-1,2
AACCCAATCCCATTCG-1,9
AACCTGAAGACCCTTA-1,9
AACCTGAAGCTAGTTC-1,3
AACCTGAGTACACTCA-1,9
AACCTGATCGTTAGTG-1,1
AACCTTTCACCGTACG-1,8
AACCTTTGTATCGCTA-1,2
AACCTTTGTCAACACT-1,7
AACCTTTGTTCCGCTT-1,1
AACCTTTGTTTCGTGA-1,1
AACGAAAAGATAGGGA-1,1
AACGAAAAGCCATCCG-1,2
AACGAAAAGTGATTCC-1,4
AACGAAACAATGCAAA-1,8
AACGAAACAGCTTCCT-1,2
AACGAAAGTGCGAACA-1,1
AACGAAAGTGTCCCTT-1,3
AACGAAATCAAAGAAC-1,6
AACGGGAAGCACTCAT-1,1
AACGGGAAGGGATCAC-1,6
AACGGGACAGTGTACT-1,6
AACGGGACATTCTCCG-1,6
AACGTCAAGGTCTTTG-1,5
AACGTCAAGTAAGGGA-1,1
AACGTCACAATTTCGG-1,2
AACGTCACACGGCGTT-1,2
AACGTCACACTACGGC-1,2
AACGTCACACTGTCCT-1,5
AACGTCACAGGCATTT-1,6
AACGTCACATTAGGCT-1,8
AACGTCAGTCGATTCA-1,7
AACGTCATCGGACGTC-1,1
AACGTCATCGGTAAGG-1,8
AACGTCATCTGGTTGA-1,1
AACTTCTCAAACGGCA-1,5
AACTTCTCACCGTCTT-1,5
AACTTCTGTACTCGAT-1,1
AACTTCTGTCTTGTCC-1,4
AACTTCTGTGCTGATT-1,2
AACTTCTTCACTCCGT-1,5
AACTTCTTCAGTCCGG-1,5
AACTTCTTCCTCTGCA-1,3
AACTTCTTCTACACTT-1,7
AACTTCTTCTGCCTCA-1,8
AAGAACACAATAACGA-1,9
AAGAACACAGATAAAC-1,2
AAGAACACAGTCAGAG-1,3
AAGAACACATTGCCGG-1,2
AAGAACAGTAAGCGGT-1,1
AAGACAAAGCTGCGAA-1,6
AAGACAAAGGAAACGA-1,3
AAGACAACATCGCTGG-1,5
AAGACAAGTCTCAAGT-1,4
AAGACTCAGATAACGT-1,2
AAGACTCAGCCTCAAT-1,7
AAGACTCAGCTGCCAC-1,1
AAGACTCAGTACGTCT-1,9
AAGACTCAGTTGAAAC-1,1
AAGACTCGTAGCGCCT-1,3
AAGACTCTCGGTCTAA-1,8
AAGATAGCAACATACC-1,9
AAGATAGTCTCCTGAC-1,7
AAGATAGTCTCTTAAC-1,9
AAGCATCAGACATCCT-1,1
AAGCATCAGATTGATG-1,3
AAGCATCAGCATAGGC-1,1
AAGCATCCAAGGCGTA-1,3
AAGCATCCAGATTCGT-1,8
AAGCATCCATACACCA-1,2
AAGCATCGTTAAAGTG-1,1
AAGCATCGTTTCAGAC-1,3
AAGCATCTCAAGCTGT-1,8
AAGCATCTCGGAAACG-1,3
AAGCATCTCGTGCATA-1,4
AAGCATCTCTATGTGG-1,6
AAGCCATAGGCTGAAC-1,2
AAGCCATCAGCGATTT-1,5
AAGCCATGTCAATGGG-1,8
AAGCCATGTGACTATC-1,5
AAGCCATGTTGCATTG-1,2
AAGCGAGAGATAACGT-1,3
AAGCGAGGTAGTTAGA-1,7
AAGCGAGTCAACTACG-1,9
AAGCGAGTCCGGTAAT-1,2
AAGCGAGTCCGTCACT-1,6
AAGCGAGTCTGCGTCT-1,3
AAGCGTTCAATACGCT-1,3
AAGCGTTGTTAGCGGA-1,3
AAGCGTTTCCGTGCGA-1,1
AAGGAATAGTCAGGGT-1,1
AAGGAATAGTGAGGCT-1,1
AAGGAATCAGACTGCC-1,2
AAGGAATCAGGCATTT-1,6
AAGGAATCATTCATCT-1,7
AAGGAATTCCACGGGT-1,4
AAGGAATTCCTTTGAT-1,7
AAGGTAAAGTTGCCTA-1,6
AAGGTAACACGAGGAT-1,7
AAGGTAACAGCGTGCT-1,1
AAGGTAACATATGAAG-1,1
AAGGTAACATTGCCTC-1,1
AAGGTAAGTCGTTTCC-1,4
AAGTACCAGATGATTG-1,2
AAGTACCCACAAATAG-1,7
AAGTACCCAGTTCTAG-1,1
AAGTACCTCATACGAC-1,2
AAGTACCTCCGTAGGC-1,1
AAGTACCTCCTTCGAC-1,8
AAGTCGTTCGTGTGGC-1,6
AAGTCGTTCTCAGGCG-1,3
AAGTCGTTCTTGCAAG-1,4
AAGTGAAAGGGTTAGC-1,5
AAGTGAAAGTACAACA-1,2
AAGTGAAAGTCGAAGC-1,4
AAGTGAACAATCGCGC-1,4
AAGTGAAGTCAAATCC-1,4
AAGTGAAGTTCACCGG-1,5
AAGTTCGAGATAGGGA-1,4
AAGTTCGCAACAGTGG-1,1
AAGTTCGCAAGTGTCT-1,3
AAGTTCGCAATGAGCG-1,6
AAGTTCGCAGAGGAAA-1,4
AAGTTCGCAGCCGTCA-1,1
AAGTTCGCATGACGGA-1,8
AAGTTCGGTCACTTCC-1,1
AAGTTCGTCGTCACCT-1,1
AAGTTCGTCTGTACAG-1,1
AATAGAGAGACTCAAA-1,6
AATAGAGAGGGCAATC-1,6
AATAGAGCAAGTCCCG-1,6
AATAGAGCAGAACTTC-1,4
AATAGAGCAGGAATAT-1,1
AATAGAGGTCAGTCGC-1,1
AATAGAGTCATTACTC-1,7
AATCACGCACAATGCT-1,2
AATCACGCACGACGCT-1,9
AATCACGGTAACATCC-1,2
AATCACGGTTCGAAGG-1,3
AATCACGGTTTCGTAG-1,5
AATCACGTCGAGAATA-1,6
AATCGACAGTCTGTAC-1,1
AATCGACCAGTAGTGG-1,1
AATCGACGTCGAACAG-1,3
AATCGACGTGTCTAAC-1,3
AATCGACTCGAGAGCA-1,1
AATCGTGAGTGTTCAC-1,3
AATCGTGCAAGTCCCG-1,4
AATCGTGCAGAGAGGG-1,2
AATCGTGTCAACACGT-1,7
AATGAAGAGAGGCGGA-1,3
AATGAAGCATGAATCC-1,6
AATGAAGGTCCCAAAT-1,4
AATGAAGGTGCACAAG-1,5
AATGAAGTCGGCTGTG-1,1
AATGACCGTACCTATG-1,4
AATGACCTCGCCTAGG-1,5
AATGACCTCGTAACTG-1,5
AATGCCAAGCGTCAGA-1,1
AATGCCACAAGACGAC-1,5
AATGCCACATGGTGGA-1,1
AATGCCATCAAGTAAG-1,7
AATGGAAAGGACGCTA-1,4
AATGGAAAGGTAAGGA-1,5
AATGGAACAACCGCTG-1,6
AATGGAACAACTCCAA-1,1
AATGGAACAAGAATAC-1,8
AATGGAAGTATCACGT-1,1
AATGGAATCGCTTAAG-1,2
AATGGCTAGAAACTAC-1,8
AATGGCTAGAGGACTC-1,2
AATGGCTAGGAAAGGT-1,5
AATGGCTAGGAACGCT-1,2
AATGGCTCACTGAATC-1,5
AATGGCTGTGTGAATA-1,6
AATGGCTTCGCTGACG-1,6
AATGGCTTCTCGGCTT-1,5
AATTCCTAGGATGCGT-1,6
AATTCCTCAGACTGCC-1,3
AATTCCTCAGTTCACA-1,8
AATTCCTCATTGGGAG-1,4
AATTCCTGTTTGGGAG-1,1
AATTCCTTCGCGCCAA-1,2
AATTCCTTCTGTCAGA-1,8
AATTTCCAGAAACTCA-1,7
AATTTCCAGAGCATTA-1,6
AATTTCCAGCCTATCA-1,5
AATTTCCAGTGTTGTC-1,3
AATTTCCCAACGCATT-1,5
AATTTCCGTATCGTGT-1,1
AATTTCCTCCGTATGA-1,2
AATTTCCTCGTCTCAC-1,3
AATTTCCTCTCTCGAC-1,3
AATTTCCTCTGACCCT-1,2
AATTTCCTCTTAAGGC-1,4
ACAAAGAAGTTATGGA-1,3
ACAAAGACATGACGGA-1,1
ACAAAGATCACTCTTA-1,2
ACAAAGATCATAGAGA-1,7
ACAAAGATCGATACAC-1,2
ACAAAGATCGCAGTGC-1,1
ACAACCAAGAGGCTGT-1,6
ACAACCACAATAGTCC-1,8
ACAACCACACATAACC-1,4
ACAAGCTAGAGGCGGA-1,6
ACAAGCTAGTTGGACG-1,5
ACAAGCTAGTTGGGAC-1,9
ACAAGCTCAATGTGGG-1,7
ACAAGCTTCAAACTGC-1,6
ACAAGCTTCACCATAG-1,5
ACAAGCTTCGGCCTTT-1,3
ACAAGCTTCTCCTGCA-1,8
ACACAGTAGGCGTCCT-1,2
ACACAGTAGGGACACT-1,2
ACACAGTAGGGCTGAT-1,2
ACACAGTAGGTAAGAG-1,2
ACACAGTAGTTCCGGC-1,2
ACACAGTCACTTGACA-1,2
ACACAGTTCCATTGCC-1,2
ACACAGTTCTAGAGCT-1,3
ACACCAAAGGGAGGCA-1,3
ACACCAAGTAGGTACG-1,3
ACACCAATCCCTCAAC-1,8
ACACCAATCGTCCTTG-1,9
ACACGCGAGAGGCTGT-1,3
ACACGCGAGAGTTGCG-1,4
ACACGCGAGGAACTCG-1,3
ACACGCGAGTAACCTC-1,8
ACACGCGCAAGCCATT-1,3
ACACGCGTCGCCACTT-1,6
ACACGCGTCTACTATC-1,1
ACACTGACAACCGACC-1,2
ACACTGACATGTGCTA-1,9
ACACTGAGTCACATTG-1,5
ACACTGATCAAGTGGG-1,3
ACACTGATCGCCACTT-1,2
ACACTGATCGTCAGAT-1,2
ACAGAAAAGATAGCTA-1,6
ACAGAAAAGCGTGAGT-1,1
ACAGAAACACCTCGTT-1,2
ACAGAAAGTATTTCGG-1,5
ACAGAAAGTCCAGGTC-1,2
ACAGAAAGTCGCCACA-1,4
ACAGAAAGTCTTTATC-1,3
ACAGCCGAGCCAACCC-1,5
ACAGCCGAGCTTGTTG-1,6
ACAGCCGAGTGCTCAT-1,4
ACAGCCGTCGCCACTT-1,2
ACAGCCGTCTATGCCC-1,8
ACAGCCGTCTCCTACG-1,2
ACAGGGAAGATAGCTA-1,3
ACAGGGAAGCTAAGTA-1,3
ACAGGGAAGGAAAGGT-1,6
ACAGGGACACTATCCC-1,2
ACAGGGACACTCTGCT-1,9
ACAGGGATCTAACGCA-1,4
ACAGGGATCTCTGCTG-1,6
ACAGGGATCTGTAACG-1,1
ACATCCCAGTGCACTT-1,7
ACATCCCCAAGAGAGA-1,2
ACATCCCCATTGCTGA-1,5
ACATCCCTCACTGCTC-1,6
ACATCGAAGTACTGTC-1,2
ACATCGAGTAAGCGGT-1,4
ACATCGAGTAGTCACT-1,4
ACATCGAGTCAATCTG-1,2
ACATCGAGTTATGGTC-1,1
ACATCGATCAGCGGAA-1,6
ACATCGATCTTGGATG-1,2
ACATGCAAGTTACGAA-1,4
ACATGCACAATTCACG-1,7
ACATGCAGTTCCGCGA-1,4
ACATGCAGTTGACTGT-1,7
ACATGCATCTGTTGGA-1,1
ACATTTCAGGTTAAAC-1,3
ACATTTCTCGCTGTCT-1,2
ACATTTCTCGGAACTT-1,3
ACCAAACCACGAGGTA-1,2
ACCAAACCACTGTGTA-1,6
ACCAAACGTAGTTCCA-1,1
ACCAAACGTCTTACAG-1,1
ACCAAACGTTGGAGAC-1,8
ACCAAACTCGCCTTTG-1,4
ACCAACAAGACAACTA-1,5
ACCAACAAGTCCTGCG-1,1
ACCAACACAGAACTTC-1,5
ACCAACAGTATTGGCT-1,8
ACCACAAAGTTGAATG-1,2
ACCACAACAAGTCGTT-1,1
ACCACAACACCATATG-1,7
ACCACAAGTGTCGCTG-1,2
ACCACAATCTATTGTC-1,7
ACCATTTAGAGGGTGG-1,5
ACCATTTCATTCACAG-1,4
ACCATTTGTATTGACC-1,2
ACCATTTGTCAGACTT-1,4
ACCATTTGTCCTTGTC-1,5
ACCATTTGTGCATTTG-1,5
ACCATTTTCGGTGTAT-1,4
ACCATTTTCTCTAGGA-1,4
ACCCAAAAGCTGTGCC-1,8
ACCCAAACAGTCTTCC-1,5
ACCCAAAGTCTTGTCC-1,3
ACCCAAATCTCCAAGA-1,5
ACCCTCAAGAAGGTAG-1,3
ACCCTCAAGCGTCGAA-1,6
ACCCTCAAGGTTACAA-1,1
ACCCTCAGTATCGCGC-1,2
ACCCTCATCAAGCTGT-1,9
ACCCTTGAGCTCATAC-1,1
ACCCTTGAGTCCCGAC-1,9
ACCGTTCGTAGACAAT-1,1
ACCGTTCGTTACAGCT-1,9
ACCTACCAGCGACTAG-1,4
ACCTACCAGGGTAGCT-1,1
ACCTACCGTCGTTTCC-1,6
ACCTACCGTTGCGGCT-1,3
ACCTACCTCAGCTGTA-1,9
ACCTACCTCCGTGTAA-1,2
ACCTACCTCGTTCATT-1,1
ACCTACCTCTTTCGAT-1,1
ACCTGAAAGCGACATG-1,4
ACCTGAACATGCAGGA-1,1
ACCTGAAGTCGCACAC-1,6
ACCTGAATCCTTTGAT-1,4
ACCTGTCAGCACTGGA-1,4
ACCTGTCAGGATCATA-1,1
ACCTGTCCACTATCGA-1,8
ACCTGTCTCATGCCAA-1,3
ACCTGTCTCCAGTTCC-1,5
ACGATCAAGTACCCTA-1,4
ACGATCACATAGAAAC-1,6
ACGATCATCATCCCGT-1,6
ACGATGTAGTGCTACT-1,1
ACGATGTAGTTTGGCT-1,3
ACGATGTCAGATCATC-1,3
ACGATGTGTATGGTTC-1,4
ACGATGTGTATTAAGG-1,5
ACGATGTGTCGTGGTC-1,4
ACGATGTGTTCCAAAC-1,5
ACGATGTTCTATACTC-1,9
ACGATGTTCTGCTTAT-1,1
ACGCACGCAAGTTGGG-1,2
ACGCACGCACCGTCGA-1,3
ACGCACGCAGAAATTG-1,5
ACGCACGTCGTGCACG-1,4
ACGCACGTCTCGACGG-1,7
ACGGAAGAGTCTAGAA-1,6
ACGGAAGCAGTAACAA-1,6
ACGGAAGTCATCGGGC-1,1
ACGGAAGTCGAATGCT-1,3
ACGGGTCGTATTGAGA-1,6
ACGGGTCGTCAACATC-1,3
ACGGGTCGTGCACATT-1,4
ACGGGTCGTGTTGATC-1,3
ACGGGTCTCATTGAGC-1,4
ACGGTCGAGAGTCAGC-1,1
ACGGTCGAGATAGTCA-1,1
ACGGTCGAGATCACCT-1,1
ACGGTCGCACTCACTC-1,7
ACGGTCGCAGCTCATA-1,3
ACGGTCGGTGGACTAG-1,3
ACGGTCGTCGATACAC-1,1
ACGGTCGTCGGTGCAC-1,2
ACGGTTAAGAGACAAG-1,4
ACGGTTACACTTACAG-1,5
ACGGTTATCACGGACC-1,2
ACGGTTATCAGACATC-1,6
ACGGTTATCAGTGTGT-1,1
ACGGTTATCTGTCGCT-1,1
ACGTAACAGGTCCCTG-1,7
ACGTAACAGTCTGGTT-1,1
ACGTAACCATATGGCT-1,8
ACGTAACCATGTGCTA-1,4
ACGTAACTCACCTTGC-1,2
ACGTAACTCAGACTGT-1,2
ACGTACAAGCAGAAAG-1,5
ACGTACAAGTTACGAA-1,4
ACGTACACACTAAACC-1,9
ACGTACAGTACGACTT-1,3
ACGTACATCAAAGGTA-1,1
ACGTACATCCTACCGT-1,8
ACGTACATCCTCACTG-1,3
ACGTACATCGGCCCAA-1,4
ACGTAGTAGCAGGCTA-1,6
ACGTAGTAGGCCCGTT-1,3
ACGTAGTAGGTCCTGC-1,2
ACGTAGTAGTCATGCT-1,5
ACGTAGTCACTACCGG-1,3
ACGTAGTGTTAATGAG-1,6
ACGTAGTTCTCCGCAT-1,5
ACGTCCTAGTCGAAGC-1,5
ACGTCCTCAATGGCAG-1,3
ACGTCCTCACCTATCC-1,8
ACGTCCTCAGTAGTGG-1,1
ACGTCCTGTACGAGCA-1,5
ACGTCCTGTATCAAGA-1,3
ACGTCCTGTCGTTCAA-1,4
ACGTCCTGTGAGTTGG-1,4
ACGTTCCAGTACTCGT-1,7
ACGTTCCAGTGGATAT-1,1
ACGTTCCGTACGCGTC-1,6
ACGTTCCGTCGCACAC-1,3
ACGTTCCGTGGTTCTA-1,6
ACGTTCCGTGTCGATT-1,4
ACGTTCCTCCTACACC-1,7
ACTACGAAGACTTAAG-1,4
ACTACGAAGAGGACTC-1,2
ACTACGAAGGCTCAAG-1,6
ACTACGAGTCACAGTT-1,9
ACTACGAGTCTGTCCT-1,5
ACTACGAGTTGAGAGC-1,2
ACTACGATCGGCGATC-1,3
ACTATCTAGCAGCCCT-1,7
ACTATCTCACGCTGCA-1,5
ACTATCTGTCAGTCTA-1,9
ACTATCTTCAAGATAG-1,8
ACTATCTTCAATCTCT-1,2
ACTATCTTCCGCACTT-1,2
ACTATGGAGAATTGTG-1,3
ACTATGGCAAGCGATG-1,3
ACTATGGCAAGTGACG-1,4
ACTATGGCAGGGAGAG-1,3
ACTATGGTCCTGATAG-1,6
ACTATGGTCGTGCACG-1,6
ACTATGGTCTGTGTGA-1,3
ACTATTCAGCGAGGAG-1,7
ACTATTCAGTAGTGCG-1,3
ACTATTCCAAACTCTG-1,2
ACTATTCGTAGCTGAG-1,5
ACTATTCGTTCCAGGC-1,2
ACTATTCTCCATCGTC-1,9
ACTATTCTCTTCGTAT-1,7
ACTCCCAAGCGCTGCT-1,2
ACTCCCAAGCTTAAGA-1,3
ACTCCCAAGGTAAAGG-1,1
ACTCCCAAGGTAGTAT-1,5
ACTCCCACAGGAGGTT-1,6
ACTCCCAGTCGGCACT-1,3
ACTCCCAGTTCTTCAT-1,6
ACTCCCATCAGTCTTT-1,7
ACTCTCGAGGTTCACT-1,7
ACTCTCGCACACACTA-1,2
ACTCTCGCAGCAGTGA-1,5
ACTCTCGCAGTCAGTT-1,1
ACTCTCGGTGTGTGGA-1,1
ACTCTCGGTTTGATCG-1,3
ACTCTCGTCACTGATG-1,4
ACTCTCGTCATACAGC-1,4
ACTCTCGTCTGGTGCG-1,2
ACTCTCGTCTTCCCAG-1,7
ACTGATGAGGCTCTAT-1,1
ACTGATGAGTTTGCTG-1,8
ACTGATGCATCCCACT-1,4
ACTGATGGTAATTGGA-1,3
ACTGATGTCCTCACTG-1,7
ACTGATGTCCTCAGAA-1,8
ACTGATGTCGCCGAGT-1,9
ACTGTCCAGAGCAGAA-1,2
ACTGTCCAGGATTTAG-1,3
ACTGTCCCATTGACCA-1,9
ACTGTCCGTAGAGATT-1,2
ACTGTCCGTAGCGTTT-1,4
ACTGTCCGTCTCACAA-1,8
ACTGTCCGTTTCACTT-1,5
ACTGTCCTCCTCAGGG-1,9
ACTGTCCTCTCAACGA-1,3
ACTGTGACAATACGCT-1,5
ACTGTGAGTACTGAGG-1,2
ACTGTGAGTAGGCAGT-1,3
ACTGTGAGTGTTCGTA-1,6
ACTGTGAGTTATCCAG-1,7
ACTGTGATCGCTGACG-1,7
ACTTAGGAGCCTCAAT-1,9
ACTTAGGAGCGGACAT-1,3
ACTTAGGAGTCTTCCC-1,3
ACTTAGGCAGCAGTAG-1,2
ACTTAGGGTATACAGA-1,5
ACTTAGGGTGTCCAAT-1,1
ACTTAGGGTGTGACCC-1,3
ACTTAGGGTTGCGTAT-1,2
ACTTAGGTCTTCCAGC-1,1
ACTTATCAGTGGTGGT-1,8
ACTTATCCACGACGAA-1,1
ACTTATCCACTAACCA-1,2
ACTTATCCATACAGGG-1,4
ACTTATCGTTTGCAGT-1,3
ACTTATCTCGCTCATC-1,2
ACTTATCTCGGACCAC-1,9
ACTTCCGAGATAACAC-1,4
ACTTCCGAGGAGATAG-1,4
ACTTCCGCATCGTGGC-1,3
ACTTCCGGTGCAGGAT-1,4
ACTTCCGTCGAGCCTG-1,5
ACTTCCGTCGCGTTTC-1,4
ACTTCCGTCGCTCCTA-1,5
ACTTCCGTCGGCTGTG-1,1
ACTTCGCAGAACTCCT-1,5
ACTTCGCAGTCTTCCC-1,2
ACTTCGCCACGACGTC-1,2
ACTTCGCCAGAGGACT-1,3
ACTTCGCGTACCAGAG-1,2
ACTTCGCGTACCGGCT-1,2
ACTTCGCGTAGCACGA-1,1
ACTTCGCGTGAACTAA-1,6
ACTTCGCGTGAGTAGC-1,4
ACTTTCAAGAGGTTAT-1,4
ACTTTCACACCTTCCA-1,2
ACTTTCAGTGTACAGG-1,5
ACTTTCAGTTCCGTTC-1,9
ACTTTCATCACAAGGG-1,2
ACTTTGTCAACTTCTT-1,5
ACTTTGTCATGACGAG-1,2
ACTTTGTGTATGTCAC-1,1
ACTTTGTGTGTTACTG-1,2
ACTTTGTTCAATCAGC-1,8
ACTTTGTTCCGCTTAC-1,2
ACTTTGTTCTGCGTCT-1,1
AGAAATGAGATGCGAC-1,3
AGAAATGCAACACAGG-1,1
AGAAATGGTCACTCAA-1,1
AGAAATGGTCCCAAAT-1,7
AGAAATGGTCGACTGC-1,4
AGAAATGGTCTCAGAT-1,2
AGAAATGTCAAATAGG-1,7
AGAAATGTCGTTCGCT-1,1
AGAAATGTCTAGCCTC-1,9
AGAACAAAGAACCGCA-1,1
AGAACAAGTAAGCAAT-1,2
AGAACAAGTATTGAGA-1,2
AGAACAAGTCAGCTTA-1,3
AGAACAAGTTGCATAC-1,4
AGAACAATCCCGTTGT-1,5
AGAACAATCTCCTGAC-1,5
AGAACCTAGAGGACTC-1,5
AGAACCTGTGCATACT-1,6
AGAACCTGTTGTGTTG-1,7
AGAACCTTCTCATGCC-1,8
AGAAGCGAGAAGTGTT-1,3
AGAAGCGAGGCGATAC-1,7
AGAAGCGAGTAAGGGA-1,1
AGAAGCGCATGATAGA-1,1
AGAAGCGGTGAGGAAA-1,3
AGAAGTAAGCAGCACA-1,1
AGAAGTACAAGAAATC-1,4
AGAAGTACACAAGCCC-1,9
AGAAGTACACCTTCCA-1,4
AGAAGTAGTGATCATC-1,4
AGAAGTATCAGACCCG-1,4
AGAAGTATCTGAGCAT-1,1
AGACAAAAGTAATCCC-1,7
AGACAAACAGTTGTTG-1,7
AGACAAAGTACGACAG-1,8
AGACAAAGTGGGTTGA-1,3
AGACAAATCTATGCCC-1,8
AGACACTAGCGACTGA-1,5
AGACACTAGCTCGCAC-1,5
AGACACTCAATAGTAG-1,3
AGACACTGTAACATAG-1,2
AGACACTGTATTCCTT-1,2
AGACACTGTGGCAACA-1,4
AGACACTTCCCTATTA-1,5
AGACAGGGTGGTCTCG-1,5
AGACAGGGTTCCACAA-1,7
AGACCATCATCATTTC-1,2
AGACCATCATTGCAAC-1,9
AGACCATGTATTGACC-1,2
AGACCATTCCTCACCA-1,2
AGACCATTCGCCGTGA-1,1
AGACCCGAGCACTGGA-1,5
AGACCCGAGCGATGCA-1,4
AGACCCGAGTAACGTA-1,9
AGACCCGCACGTTCGG-1,2
AGACCCGGTGCAAGAC-1,7
AGACCCGTCATCTATC-1,3
AGACCCGTCCCTCGAT-1,7
AGACTCAAGACGCCAA-1,6
AGACTCAAGAGAAGGT-1,4
AGACTCAAGCTGTCCG-1,1
AGACTCAGTAGTCTTG-1,3
AGACTCAGTTAATCGC-1,2
AGACTCAGTTACCTGA-1,4
AGACTCAGTTGGGTTT-1,1
AGACTCATCGGTGTTA-1,4
AGAGAATAGAGAATCT-1,1
AGAGAATCATTCAGGT-1,3
AGAGAATTCCGATAAC-1,1
AGAGAGCCACCAGTTA-1,3
AGAGAGCGTAGGGAGG-1,6
AGAGAGCTCATGCGGC-1,7
AGAGCAGAGATTGACA-1,3
AGAGCAGCATCGCTGG-1,6
AGAGCAGGTCGCAACC-1,6
AGAGCAGTCAGTGGGA-1,3
AGAGCCCAGATACTGA-1,1
AGAGCCCCACAGTCCG-1,3
AGAGCCCGTTCAGCTA-1,6
AGAGCCCTCCACTGGG-1,3
AGAGCCCTCGGACGTC-1,2
AGAGCCCTCGTCACCT-1,7
AGAGCCCTCTCATTAC-1,4
AGATAGAAGTATTAGG-1,3
AGATAGACACGTCGGT-1,6
AGATAGACATGCAGGA-1,9
AGATCCACAACCAGAG-1,6
AGATCCACAGGGACTA-1,7
AGATCCAGTTACGATC-1,1
AGATCCAGTTGAAGTA-1,2
AGATCGTCAGGTCTCG-1,1
AGATCGTGTGGGAGAG-1,3
AGATCGTGTTTCCATT-1,1
AGATCGTTCCTTTGAT-1,7
AGATGAAGTGGTCCGT-1,1
AGATGAATCCAACCGG-1,5
AGATGCTAGCAAACAT-1,7
AGATGCTCAAGGGCAT-1,6
AGATGCTCATGATCTG-1,4
AGATGCTGTAGGCTCC-1,8
AGATGCTGTCATAACC-1,5
AGATGCTGTGGTTTGT-1,6
AGATGCTGTTATCCAG-1,6
AGATGCTTCACTTGGA-1,2
AGATGCTTCAGGGTAG-1,1
AGCATCAAGATTGCGG-1,4
AGCATCAGTACGCTAT-1,4
AGCATCATCAAGGTGG-1,2
AGCATCATCCAGTGCG-1,1
AGCCAATAGACTTAAG-1,5
AGCCAATCACTGGAAG-1,3
AGCCAATCAGTGACCC-1,1
AGCCAATTCGCAAGAG-1,6
AGCCACGCACAAATGA-1,7
AGCCACGGTTGTGTAC-1,3
AGCCAGCAGCGAGGAG-1,6
AGCCAGCCAATGCAGG-1,2
AGCCAGCCAGCAATTC-1,5
AGCCAGCCAGCCATTA-1,5
AGCCAGCGTTGCCATA-1,2
AGCCAGCTCCCGTGAG-1,5
AGCCAGCTCTGTACAG-1,9
AGCGATTAGATTGCGG-1,6
AGCGATTAGGTTCTTG-1,2
AGCGATTAGGTTGACG-1,3
AGCGATTCACTGCATA-1,3
AGCGATTCATGGCTAT-1,3
AGCGATTGTCTAGTGT-1,3
AGCGATTGTGTCTTAG-1,3
AGCGATTTCCAGCTCT-1,6
AGCGCCAAGGTCGTAG-1,4
AGCGCCAAGTCATCCA-1,5
AGCGCCACATCCGCGA-1,9
AGCGCCATCGTGCACG-1,5
AGCGCCATCTATTTCG-1,2
AGCGCCATCTCTCGAC-1,5
AGCGCTGAGATGATTG-1,6
AGCGCTGCAACTCCCT-1,1
AGCGCTGCAATGGGTG-1,7
AGCGCTGGTCTTAGTG-1,1
AGCGCTGTCGGTTAGT-1,1
AGCGTATAGAATCCCT-1,9
AGCGTATAGAGCCCAA-1,8
AGCGTATAGCACTCCG-1,2
AGCGTATAGCGACATG-1,1
AGCGTATAGGGAGGGT-1,6
AGCGTATGTCATATGC-1,2
AGCGTATTCCGTAGGC-1,1
AGCGTATTCGTTGTAG-1,7
AGCGTATTCGTTGTGA-1,3
AGCGTCGAGGGCCAAT-1,3
AGCGTCGCACTGTCGG-1,3
AGCGTCGGTTCCTACC-1,3
AGCGTCGGTTTACTGG-1,6
AGCTACAAGGTGGGTT-1,6
AGCTACAAGTAACCGG-1,4
AGCTACACACAAGCTT-1,2
AGCTACACAGCAGAAC-1,9
AGCTACAGTATCGATC-1,2
AGCTACATCTCTCAAT-1,2
AGCTCAAGTAAGGCCA-1,2
AGCTCAATCATCAGTG-1,3
AGCTCAATCGTTGCCT-1,4
AGCTCAATCTCCGAGG-1,8
AGCTTCCAGAAATCCA-1,5
AGCTTCCAGGTATTGA-1,6
AGCTTCCGTCGTGCCA-1,9
AGCTTCCGTTGATGTC-1,2
AGCTTCCGTTGTTGAC-1,4
AGCTTCCTCCAGTTCC-1,5
AGCTTCCTCTTAGTTC-1,9
AGGAAATTCAGGTAAA-1,7
AGGAATAAGCTTCATG-1,8
AGGAATAAGTTGTAAG-1,1
AGGAATAAGTTGTAGA-1,3
AGGAATACAAATGAAC-1,3
AGGAATACAACATCGT-1,7
AGGAATACAACTGCCG-1,4
AGGAATACAGGACGAT-1,4
AGGAATACAGTATGAA-1,6
AGGAATACATCTTTCA-1,1
AGGAATACATGTCAGT-1,2
AGGAATAGTATACCTG-1,1
AGGAATAGTGCTGTCG-1,1
AGGAATATCCACACCT-1,5
AGGAATATCGTAACAC-1,6
AGGACGAAGAACCGCA-1,4
AGGACGAAGGTACATA-1,2
AGGACGACACACCTTC-1,5
AGGACGACACGCTGAC-1,7
AGGACGAGTAGATCCT-1,7
AGGACGAGTAGCCCTG-1,2
AGGACTTAGTACAGCG-1,2
AGGACTTCACCCTTGT-1,3
AGGACTTCAGACGGAT-1,1
AGGACTTCAGTTTCAG-1,3
AGGACTTGTCTCAGGC-1,7
AGGACTTTCAAGAGTA-1,3
AGGACTTTCCCAATAG-1,5
AGGACTTTCGAGAGAC-1,6
AGGAGGTAGCCTTCTC-1,1
AGGAGGTAGTCCCAGC-1,2
AGGAGGTCAAGTAGTA-1,2
AGGAGGTCACCTGCGA-1,9
AGGAGGTCACTCCCTA-1,2
AGGAGGTCATTGGGAG-1,4
AGGAGGTGTGTTCGTA-1,3
AGGAGGTGTTTGGAAA-1,1
AGGATAAAGAAACACT-1,4
AGGATAAAGGTAATCA-1,6
AGGATAACAAGACAAT-1,4
AGGATAATCAGACTGT-1,1
AGGATAATCTGGACTA-1,2
AGGATCTAGTTGCCTA-1,2
AGGATCTGTCGTTTCC-1,1
AGGATCTGTTCCCAAA-1,3
AGGATCTGTTGTGCAT-1,1
AGGATCTGTTTCTTAC-1,7
AGGATCTGTTTGAAAG-1,4
AGGATCTTCACCCTTG-1,2
AGGATCTTCCGAGCTG-1,6
AGGCATTAGAGAATCT-1,6
AGGCATTAGTAGGATT-1,6
AGGCATTCAGGCTACC-1,8
AGGCATTCATGATAGA-1,5
AGGCATTGTACTGAGG-1,3
AGGCATTGTAGGGAGG-1,3
AGGCATTGTATGTCCA-1,4
AGGCATTGTTACCTTT-1,3
AGGCATTGTTGCATTG-1,6
AGGCATTTCCAAACCA-1,2
AGGCATTTCGGCATCG-1,3
AGGCCACAGAAGCGCT-1,1
AGGCCACCAAGATGTA-1,5
AGGCCACCAGTATACC-1,5
AGGCCACGTTAAGAAC-1,6
AGGCCACTCCTTATCA-1,6
AGGCTGCAGACGCCAA-1,4
AGGCTGCAGGACTTCT-1,1
AGGCTGCAGTCGCCCA-1,3
AGGCTGCCAAGAAATC-1,5
AGGCTGCGTAGATCGG-1,3
AGGCTGCGTATACCCA-1,3
AGGCTGCGTGGACTGA-1,3
AGGCTGCGTTCTAACG-1,5
AGGCTGCTCAGACTGT-1,4
AGGCTGCTCCCTTGGT-1,9
AGGCTGCTCTCTGGTC-1,2
AGGGAGTTCAGATGCT-1,1
AGGGAGTTCGGCGATC-1,2
AGGGCCTGTATCACCA-1,3
AGGGCCTTCCTTGACC-1,1
AGGGCTCAGCCGTAAG-1,2
AGGGCTCCACCGCTAG-1,3
AGGGCTCGTATCGCTA-1,6
AGGGCTCGTGGTTCTA-1,2
AGGGCTCTCATACGGT-1,2
AGGGCTCTCCGATAAC-1,1
AGGGCTCTCGACGTCG-1,1
AGGGTCCAGTGTAGTA-1,3
AGGGTCCTCATTTCGT-1,5
AGGGTGAAGAATCCCT-1,1
AGGGTGACATGTTCAG-1,2
AGGGTGAGTAACAGGC-1,6
AGGGTGAGTAGAATAC-1,6
AGGGTGAGTTCGCGTG-1,4
AGGGTGATCGATCCCT-1,7
AGGGTTTAGGAACTCG-1,1
AGGGTTTCATTGAAGA-1,4
AGGGTTTTCATGCAGT-1,5
AGGTAGGAGATGAAGG-1,4
AGGTAGGAGGCACCAA-1,1
AGGTAGGAGTGTTGAA-1,6
AGGTAGGCACATACGT-1,1
AGGTAGGCAGTTAGGG-1,6
AGGTAGGGTCTGGTTA-1,4
AGGTAGGGTGGAACCA-1,2
AGGTAGGGTTGTGGAG-1,1
AGGTCATAGCGTCGAA-1,6
AGGTCATAGTCGGCCT-1,1
AGGTCATCAGCAGAAC-1,7
AGGTCATGTATGAGAT-1,1
AGGTCATGTTGTAAAG-1,1
AGGTCTAAGGATGCGT-1,3
AGGTCTAGTCAATGGG-1,6
AGGTCTAGTCTTCGAA-1,5
AGGTCTATCCCTTGTG-1,1
AGGTCTATCGTAGTGT-1,4
AGGTCTATCTTTGCGC-1,4
AGGTGTTAGATGCTTC-1,7
AGGTGTTAGTCTTCGA-1,5
AGGTGTTCACTACACA-1,6
AGGTGTTGTCTTTCTA-1,5
AGGTGTTGTTCTCCTG-1,1
AGGTGTTGTTGGGAAC-1,5
AGGTTACGTAACACCT-1,2
AGGTTACGTACCATAC-1,9
AGGTTACGTAGATCGG-1,3
AGGTTACGTTCAAGGG-1,4
AGGTTACTCATTTGTC-1,3
AGGTTACTCGTGACTA-1,8
AGGTTACTCTGATGGT-1,4
AGGTTGTAGAAGTCCG-1,1
AGGTTGTAGTCTCCTC-1,9
AGGTTGTAGTCTGCGC-1,7
AGGTTGTGTCGTGGTC-1,6
AGGTTGTGTGTTTCTT-1,6
AGGTTGTTCACACCCT-1,3
AGTAACCAGACAACAT-1,2
AGTAACCCAATAGAGT-1,3
AGTAACCCAGCTGCCA-1,3
AGTAACCTCTATTTCG-1,6
AGTAACCTCTTAAGGC-1,1
AGTACCAAGCACCAGA-1,9
AGTACCACAACGACAG-1,5
AGTACCACAAGGTTGG-1,4
AGTACCAGTGCACAAG-1,3
AGTACCAGTGGAATGC-1,1
AGTACTGAGCGAACTG-1,2
AGTACTGAGGTTGAGC-1,4
AGTACTGAGTAGAGTT-1,2
AGTACTGTCATTATCC-1,1
AGTACTGTCTGGGATT-1,3
AGTACTGTCTTCGTAT-1,7
AGTACTGTCTTGGCTC-1,9
AGTAGCTAGCGTACAG-1,4
AGTAGCTAGGTAAGGA-1,4
AGTAGCTCAGAGAATT-1,3
AGTAGCTCATTGAGCT-1,3
AGTAGCTTCAACCCGG-1,9
AGTAGCTTCACCTACC-1,4
AGTAGCTTCCCATTCG-1,1
AGTAGTCAGACTGGGT-1,4
AGTAGTCAGCTAAATG-1,2
AGTAGTCAGCTACTAC-1,2
AGTAGTCAGTTAACAG-1,6
AGTAGTCGTCGACGCT-1,6
AGTAGTCGTGTATACC-1,9
AGTAGTCGTTGCATTG-1,1
AGTCAACAGACATGCG-1,2
AGTCAACAGGCGTTAG-1,3
AGTCAACAGGTACATA-1,9
AGTCAACAGTAATTGG-1,1
AGTCAACGTATAGCTC-1,1
AGTCAACGTTACGGAG-1,7
AGTCAACTCCCTGGTT-1,9
AGTCACAAGAACAAGG-1,1
AGTCACAAGCCATGCC-1,2
AGTCACAGTACCATAC-1,4
AGTCACAGTTCTTGTT-1,2
AGTCACATCGGCTTCT-1,3
AGTCATGAGGAAGTCC-1,1
AGTCATGAGTAGAATC-1,2
AGTCATGGTGAATAAC-1,1
AGTCATGTCTCCGTGT-1,4
AGTCTCCAGCTGTTCA-1,9
AGTCTCCAGGTAACTA-1,9
AGTCTCCCAAGTCCAT-1,7
AGTCTCCGTCCAAATC-1,1
AGTCTCCGTGACTCGC-1,6
AGTCTCCTCGCCCAGA-1,3
AGTGACTAGACCCTTA-1,1
AGTGACTGTTAGGAGC-1,2
AGTGACTTCATGCGGC-1,3
AGTGACTTCTCTTCAA-1,2
AGTGATCAGGTTCATC-1,2
AGTGATCGTCACAGTT-1,2
AGTGATCGTCAGCTTA-1,2
AGTGATCGTCCAATCA-1,6
AGTGATCGTCCAGCAC-1,1
AGTGATCTCTCGCCTA-1,1
AGTGCCGAGGACAGTC-1,7
AGTGCCGCACTTCCTG-1,1
AGTGCCGGTCCGAAAG-1,6
AGTGTTGAGTCGAAGC-1,8
AGTGTTGGTTGAATCC-1,9
AGTGTTGTCATGCGGC-1,8
AGTTAGCCAATTTCCT-1,9
AGTTAGCCACGTACAT-1,1
AGTTAGCCAGGACGAT-1,1
AGTTAGCCAGTATTCG-1,9
AGTTAGCCATCGAGCC-1,3
AGTTAGCTCAACTTTC-1,7
AGTTAGCTCCCATAGA-1,6
AGTTAGCTCGACGCTG-1,6
AGTTCCCGTAGGCAAC-1,1
AGTTCGAGTCCTCCTA-1,1
AGTTCGAGTGCCTATA-1,4
AGTTCGAGTGCCTTCT-1,6
AGTTCGATCCGCAAAT-1,2
AGTTCGATCCTAGCGG-1,2
ATACCGACATCCGGTG-1,1
ATACCGATCGTAGAGG-1,1
ATACCGATCTCCTACG-1,2
ATACCTTAGCTAATCC-1,2
ATACCTTCAAGAAATC-1,3
ATACCTTCAGGACATG-1,2
ATACCTTGTGCCAAGA-1,9
ATACCTTGTTGCGAAG-1,5
ATACCTTTCACCGCTT-1,1
ATACCTTTCGGACCAC-1,2
ATACCTTTCTCCAATT-1,9
ATACTTCAGAGAGTTT-1,3
ATACTTCAGCACCCAC-1,3
ATACTTCAGGCGAAGG-1,1
ATACTTCCAGTAGTGG-1,2
ATACTTCGTACACGCC-1,2
ATACTTCGTACAGCGA-1,3
ATAGACCAGAAACTGT-1,1
ATAGACCGTAGGGTAC-1,6
ATAGACCTCCCAGCGA-1,8
ATAGACCTCCGTACGG-1,6
ATAGAGACAAAGGCGT-1,4
ATAGAGACAGTATTCG-1,5
ATAGAGACATCAACCA-1,1
ATAGAGACATGCCATA-1,4
ATAGGCTCATGACAAA-1,2
ATAGGCTGTGTGAATA-1,3
ATAGGCTGTTGGAGGT-1,7
ATAGGCTTCCTCTTTC-1,7
ATATCCTAGACATACA-1,2
ATATCCTAGCAGCACA-1,2
ATATCCTAGCTCGCAC-1,5
ATATCCTCATGTTCAG-1,7
ATATCCTGTCCTGTTC-1,5
ATATCCTGTCGACTGC-1,4
ATATCCTGTTCCGCAG-1,2
ATATCCTTCATGCATG-1,5
ATATCCTTCATGCTAG-1,2
ATATCCTTCCAACCAA-1,4
ATATCCTTCCACAGCG-1,7
ATATCCTTCCATCTGC-1,3
ATATCCTTCTAGCCAA-1,3
ATCACAGCAAAGAACT-1,2
ATCACAGGTGACTAAA-1,7
ATCACAGGTGACTCTA-1,3
ATCACAGTCCATAAGC-1,2
ATCACAGTCGCTGATA-1,3
ATCACGACAAAGTATG-1,2
ATCACGACAAGTAGTA-1,3
ATCACGAGTCGGAAAC-1,6
ATCACGATCTTCTGGC-1,1
ATCACTTAGAACAAGG-1,1
ATCACTTAGTTCTCTT-1,2
ATCACTTTCGAAGGAC-1,5
ATCACTTTCTGAACGT-1,5
ATCACTTTCTGCTCTG-1,2
ATCAGGTAGCAACTTC-1,5
ATCAGGTAGCCTCAAT-1,8
ATCAGGTCACCCATAA-1,2
ATCATTCAGTTCCGTA-1,8
ATCATTCTCAAGTCTG-1,8
ATCATTCTCCCATTTA-1,5
ATCCACCGTCGAGTGA-1,3
ATCCACCGTGACCGTC-1,2
ATCCACCTCGGAGCAA-1,4
ATCCACCTCTCCAAGA-1,7
ATCCATTAGAAACACT-1,9
ATCCATTAGACAACAT-1,5
ATCCATTCAACATCGT-1,1
ATCCATTGTGGCAACA-1,3
ATCCATTGTTCCGTTC-1,5
ATCCATTGTTCGATTG-1,4
ATCCCTGCACAAGCCC-1,2
ATCCCTGCAGAGACTG-1,1
ATCCCTGGTCATCGGC-1,3
ATCCCTGGTTGCTCAA-1,4
ATCCCTGTCATATGGC-1,4
ATCCGTCAGTCATGGG-1,1
ATCCGTCCAAGGGTCA-1,8
ATCCGTCCACGCTTAA-1,5
ATCCGTCCAGAGCTAG-1,6
ATCCGTCCATCAGTCA-1,4
ATCCGTCCATGGCGCT-1,2
ATCCGTCGTGCCTATA-1,6
ATCCGTCTCACCTTAT-1,5
ATCCGTCTCCGTTTCG-1,2
ATCCTATAGGGAACAA-1,5
ATCCTATGTCTACACA-1,6
ATCCTATTCCGTGGGT-1,5
ATCGATGAGCGACATG-1,6
ATCGATGAGTAATTGG-1,1
ATCGATGCACCGAATT-1,2
ATCGATGCATTGCCTC-1,3
ATCGATGGTCATCTAG-1,4
ATCGATGTCCAAGCTA-1,9
ATCGATGTCCTCTGCA-1,2
ATCGATGTCTAGCCTC-1,2
ATCGCCTCAACAGAGC-1,1
ATCGCCTCACCAGGTC-1,2
ATCGCCTGTGGTCCGT-1,8
ATCGCCTGTGTGTCCG-1,6
ATCGCCTTCAATCAGC-1,9
ATCGGATAGATTCGAA-1,3
ATCGGATAGCCTCTCT-1,7
ATCGGATAGGTCCTGC-1,4
ATCGGATCAACGAGGT-1,7
ATCGGATCAAGTGGGT-1,3
ATCGGATCAATAGTAG-1,6
ATCGGATTCACGTCCT-1,1
ATCGGATTCCTGCCAT-1,9
ATCGGCGCAAGATTGA-1,3
ATCGGCGTCACCTGGG-1,6
ATCGGCGTCATGTCTT-1,3
ATCGGCGTCGCCCAGA-1,5
ATCGTAGAGGTTCTAC-1,5
ATCGTAGAGTCCTACA-1,5
ATCGTAGGTCCAAGAG-1,7
ATCGTAGGTTGTGTAC-1,8
ATCGTCCAGACCTCAT-1,2
ATCGTCCAGCCATATC-1,2
ATCGTCCAGGTCGACA-1,6
ATCGTCCAGTATGAAC-1,1
ATCGTCCCATGCCATA-1,4
ATCGTCCCATGTGGCC-1,5
ATCGTCCGTACAGAGC-1,1
ATCGTCCGTACGGGAT-1,9
ATCGTCCGTAGGAGTC-1,1
ATCGTGAAGAGTCAAT-1,6
ATCGTGACACCTCAGG-1,8
ATCGTGACACCTGCTT-1,3
ATCGTGACATACCACA-1,6
ATCGTGACATCCGTGG-1,2
ATCGTGAGTCGAAACG-1,7
ATCGTGAGTTTCAGAC-1,3
ATCGTGATCTTTGATC-1,2
ATCTCTAAGAGACAAG-1,9
ATCTCTAAGCTAGATA-1,4
ATCTCTAAGGCGTTGA-1,6
ATCTCTACACCGCTAG-1,1
ATCTCTAGTACCGTGC-1,8
ATCTCTAGTTCCTACC-1,8
ATCTCTAGTTCGAAGG-1,5
ATCTCTATCACTGTCC-1,5
ATCTCTATCTGTAACG-1,2
ATCTCTATCTTCGACC-1,7
ATCTTCAAGCACACAG-1,2
ATCTTCAAGCGACTTT-1,3
ATCTTCAAGCTGTTCA-1,3
ATCTTCAAGGTCTTTG-1,2
ATCTTCAGTAGTCGTT-1,1
ATCTTCAGTCAGGTAG-1,2
ATCTTCAGTGGGCTCT-1,5
ATCTTCATCCATGATG-1,8
ATCTTCATCTTGCGCT-1,5
ATGAAAGAGACGCAGT-1,1
ATGAAAGCAACTTGCA-1,7
ATGAAAGGTTGTTGTG-1,3
ATGAAAGTCACTGATG-1,5
ATGAAAGTCCGAGATT-1,2
ATGAAAGTCTTGGCTC-1,3
ATGACCAAGCACGGAT-1,3
ATGACCAAGGTGATAT-1,4
ATGACCACAAGGACAC-1,5
ATGACCACAGAGTTGG-1,9
ATGACCAGTAGTAAGT-1,3
ATGACCAGTAGTCTTG-1,7
ATGACCAGTCCGATCG-1,8
ATGACCAGTCGAGCAA-1,4
ATGACCAGTTACCCTC-1,4
ATGACCAGTTTGGAGG-1,9
ATGACCATCGCTTAAG-1,6
ATGACCATCTGTCGCT-1,2
ATGAGGGAGGGATCTG-1,6
ATGAGGGCAACTTGGT-1,2
ATGAGGGCATCACGGC-1,8
ATGAGTCCAGATCACT-1,2
ATGAGTCGTAGGTAGC-1,1
ATGAGTCGTCGACTGC-1,6
ATGAGTCGTGTGACCC-1,3
ATGAGTCTCACTTGGA-1,1
ATGAGTCTCCTACACC-1,8
ATGATCGAGCACCCAC-1,5
ATGATCGAGTATTGCC-1,2
ATGATCGAGTTGTCGT-1,3
ATGATCGGTCATAAAG-1,1
ATGATCGGTGGTCTCG-1,3
ATGATCGTCAGCAATC-1,6
ATGATCGTCATCTATC-1,6
ATGCATGAGGACAAGA-1,7
ATGCATGCACTCATAG-1,5
ATGCATGGTAGACAAT-1,8
ATGCATGGTAGTCTGT-1,6
ATGCATGGTTTACTGG-1,2
ATGCATGTCGCGTAGC-1,4
ATGCCTCAGAGTCCGA-1,5
ATGCCTCAGGACAACC-1,2
ATGCCTCCACGACGCT-1,1
ATGCCTCCACGTAGTT-1,7
ATGCCTCCACGTATAC-1,8
ATGCCTCGTGAGATTA-1,4
ATGCCTCGTTGTATGC-1,5
ATGCCTCGTTTAGTCG-1,6
ATGCCTCTCACAAGGG-1,4
ATGCGATCAATCGTCA-1,8
ATGCGATGTTTGTGGT-1,7
ATGGAGGAGACCTTTG-1,2
ATGGAGGAGATGACAT-1,6
ATGGAGGCAACCGGAA-1,1
ATGGAGGCACACTGGC-1,8
ATGGAGGCAGTCCCGA-1,6
ATGGAGGGTCCAAATC-1,9
ATGGAGGGTGTACATC-1,1
ATGGAGGTCCTAGCTC-1,6
ATGGAGGTCTCCATAT-1,7
ATGGATCAGATGGCGT-1,3
ATGGATCCACATTCTT-1,9
ATGGATCCAGCTGAAG-1,2
ATGGATCCATGTCTAG-1,1
ATGGATCGTGTGCTTA-1,6
ATGGATCTCCACTTCG-1,2
ATGGATCTCCCTTCCC-1,8
ATGGGAGAGAGTGTTA-1,1
ATGGGAGAGCTCGACC-1,4
ATGGGAGCACCCAAGC-1,3
ATGGGAGGTACGCTAT-1,1
ATGGGAGGTAGTAAGT-1,3
ATGGGAGGTTACGATC-1,8
ATGGGAGTCCTTCTTC-1,3
ATGGGAGTCTACCTTA-1,4
ATGGGTTAGAAGTATC-1,9
ATGGGTTCACTGCGAC-1,3
ATGGGTTCACTGTCGG-1,3
ATGGGTTCATAAGCAA-1,1
ATGGGTTGTGATTAGA-1,3
ATGGGTTTCCTACCAC-1,1
ATGGTTGAGCACCGTC-1,3
ATGGTTGAGGGAGGCA-1,9
ATGGTTGCAAGAGTAT-1,1
ATGGTTGCAGCGAGTA-1,1
ATGGTTGGTAGACGGT-1,8
ATGGTTGGTTCCGTTC-1,5
ATGGTTGTCAAAGCCT-1,6
ATGGTTGTCGAGAAAT-1,4
ATGGTTGTCTCCTGAC-1,5
ATGGTTGTCTCTCTAA-1,1
ATGTCCCCATACATCG-1,6
ATGTCCCGTAGTGCGA-1,4
ATGTCCCGTGGGTCAA-1,2
ATGTCCCGTGTACGCC-1,4
ATGTCCCTCGGTTCAA-1,8
ATGTCCCTCGTCGCTT-1,5
ATGTCCCTCTGGTGCG-1,8
ATGTCTTAGAGGCTGT-1,3
ATGTCTTCAAACTCGT-1,5
ATGTCTTCACTACCCT-1,2
ATGTCTTCAGCGGATA-1,2
ATGTCTTCATACTGTG-1,4
ATGTCTTCATGACTCA-1,9
ATGTCTTCATGTGGTT-1,1
ATGTCTTGTTGCATCA-1,5
ATGTCTTTCACACGAT-1,7
ATGTCTTTCGTCGCTT-1,1
ATTACCTAGCTAGTTC-1,3
ATTACCTCACGGTGAA-1,2
ATTACCTGTCACTTCC-1,5
ATTACCTGTCAGCTTA-1,4
ATTACCTGTTCAATCG-1,2
ATTACTCAGGAGGTTC-1,7
ATTACTCCAGGGAGAG-1,1
ATTACTCCAGGTATGG-1,1
ATTACTCCATATACCG-1,2
ATTACTCTCGCTGACG-1,3
ATTACTCTCTTAGCAG-1,1
ATTATCCAGATGACAT-1,4
ATTATCCCAGCGGATA-1,4
ATTATCCCATAGACTC-1,6
ATTATCCGTGGGTTGA-1,6
ATTATCCTCAGCCCAG-1,3
ATTCACTAGTGAATAC-1,2
ATTCACTCAATAGTGA-1,3
ATTCACTCACGACAGA-1,2
ATTCACTGTCGACTGC-1,5
ATTCACTTCACACCGG-1,9
ATTCACTTCTGCTTTA-1,2
ATTCACTTCTTTCCGG-1,5
ATTCAGGAGGGATCGT-1,4
ATTCAGGGTCCGGATC-1,3
ATTCATCAGTAAACTG-1,2
ATTCATCAGTAGCTCT-1,1
ATTCATCAGTTTGGCT-1,2
ATTCATCGTGGATACG-1,3
ATTCATCTCCTTATGT-1,5
ATTCATCTCGGCATCG-1,6
ATTCCATCAACTTCTT-1,4
ATTCCATCACCAGCCA-1,1
ATTCCATGTGAGGCAT-1,6
ATTCCATGTTCGAACT-1,5
ATTCCATTCACTTGGA-1,2
ATTCCCGAGGCTTTCA-1,2
ATTCCCGAGTTGAATG-1,4
ATTCCCGGTACGCTTA-1,3
ATTCCCGGTGATGGCA-1,3
ATTCCCGGTGTACAGG-1,1
ATTCCCGGTTAAGTCC-1,8
ATTCCTAAGAGTTCGG-1,4
ATTCCTAAGGGTATAT-1,5
ATTCCTACAAAGACTA-1,8
ATTCCTACATAGGAGC-1,6
ATTCCTACATGCCGAC-1,9
ATTCCTACATGTAACC-1,7
ATTCCTATCGCGCCAA-1,9
ATTCGTTAGGAGAATG-1,4
ATTCGTTAGGCGTCCT-1,4
ATTCGTTCACCATATG-1,7
ATTCGTTCACGCAGTC-1,2
ATTCGTTCACTTGAGT-1,6
ATTCGTTGTTTAGAGA-1,3
ATTCGTTTCAAAGACA-1,2
ATTCGTTTCGGCTGGT-1,6
ATTCGTTTCGTCAACA-1,2
ATTCTACAGGGCATGT-1,1
ATTCTACAGGTTCCGC-1,6
ATTCTACCACGTTCGG-1,3
ATTCTACGTCATGACT-1,7
ATTCTACGTCCTCCTA-1,7
ATTCTACGTGAACTAA-1,2
ATTCTTGAGCTCGACC-1,2
ATTCTTGCAAGCAATA-1,7
ATTCTTGGTGAGAGGG-1,2
ATTCTTGTCGTTAGAC-1,2
ATTGGGTAGGCTGGAT-1,1
ATTGGGTAGGTCATCT-1,1
ATTGGGTAGTTACGGG-1,3
ATTGGGTCAGGCTCTG-1,1
ATTGGGTGTCGAACAG-1,4
ATTGGGTTCGGCTGTG-1,2
ATTGTTCCAGTATGAA-1,5
ATTGTTCCATTGACAC-1,2
ATTGTTCGTCGATTTG-1,5
ATTGTTCGTTAGTTCG-1,4
ATTGTTCGTTCGTAAC-1,6
ATTGTTCGTTTGGAAA-1,1
ATTGTTCTCTCGTTTA-1,7
ATTTACCCATCGTTCC-1,9
ATTTACCGTACAGAGC-1,3
ATTTACCGTTATGGTC-1,4
ATTTACCGTTGCATCA-1,5
ATTTACCTCCCGAGGT-1,7
ATTTACCTCCTCTCTT-1,5
ATTTACCTCTGCTCTG-1,9
ATTTCACAGCGTTCAT-1,6
ATTTCACAGTAACCGG-1,1
ATTTCACCAAGTAGTA-1,1
ATTTCACTCTCCGTGT-1,9
ATTTCTGAGAGGGTAA-1,6
ATTTCTGAGGCACCAA-1,4
ATTTCTGAGTAGACAT-1,7
ATTTCTGAGTCCGCCA-1,7
ATTTCTGCATAGTCAC-1,8
ATTTCTGTCTGGTCAA-1,2
CAAAGAAAGGAAACGA-1,4
CAAAGAACACTAGGTT-1,1
CAAAGAACATGTAACC-1,4
CAAAGAAGTCGATTTG-1,4
CAAAGAAGTGACCGAA-1,2
CAAAGAATCCATACAG-1,8
CAAAGAATCTCATTTG-1,7
CAACAACCAGAGGCAT-1,5
CAACAACGTAGGCAAC-1,5
CAACAACGTTGGGCCT-1,4
CAACAACTCCTCCACA-1,5
CAACAACTCGTGCAGC-1,7
CAACAACTCGTTTACT-1,4
CAACAGTAGGAGAATG-1,2
CAACAGTCACTGGATT-1,9
CAACAGTGTCTTGCGG-1,4
CAACCAACACCACATA-1,2
CAACCAACAGACATCT-1,5
CAACCAACAGTCAGTT-1,5
CAACCTCAGACGGTCA-1,7
CAACCTCAGAGCAGTC-1,6
CAACCTCAGCGTACAG-1,2
CAACCTCAGGGAGGTG-1,2
CAACCTCAGTATGATG-1,1
CAACCTCTCATCTACT-1,6
CAACGATAGATAGGGA-1,3
CAACGATAGCTCACTA-1,1
CAACGATGTTAGGCTT-1,3
CAACGATTCCGATGTA-1,7
CAACGATTCTAGGCCG-1,4
CAACGGCAGAGTTGCG-1,1
CAACGGCAGATAGTCA-1,4
CAACGGCAGCACGATG-1,6
CAACGGCGTCATCCGG-1,4
CAACGGCTCGGTGCAC-1,6
CAAGACTAGCAAATGT-1,2
CAAGACTAGGATTTCC-1,4
CAAGACTAGTTAACGA-1,4
CAAGACTGTACTAAGA-1,5
CAAGACTTCCACGAAT-1,9
CAAGAGGAGAACCCGA-1,4
CAAGAGGAGGATACGC-1,4
CAAGAGGAGGCTATCT-1,9
CAAGAGGCAGGTACGA-1,2
CAAGAGGGTCCGGCAT-1,1
CAAGAGGGTTGTATGC-1,1
CAAGAGGTCCGTCCTA-1,2
CAAGAGGTCTAGCCTC-1,6
CAAGCTAAGCGCCCAT-1,2
CAAGCTACAACTCCCT-1,4
CAAGGGACACAAATCC-1,1
CAAGGGACACTACTTT-1,3
CAAGGGAGTCCGCAGT-1,1
CAAGGGAGTGCGGTAA-1,1
CAATACGCAAGAATGT-1,3
CAATACGCAGATTCGT-1,2
CAATACGGTCAAAGCG-1,4
CAATACGTCGAGAACG-1,4
CAATCGAAGACTGGGT-1,4
CAATCGACACGCCACA-1,7
CAATCGAGTTCGATTG-1,2
CAATCGATCAATCCAG-1,2
CAATCGATCCACGGGT-1,4
CAATCGATCTTCGCTG-1,7
CAATGACAGGCACCAA-1,9
CAATGACAGGCGTCCT-1,4
CAATGACAGTGACCTT-1,5
CAATGACCAACTTCTT-1,9
CAATGACCACAACGCC-1,1
CAATGACCACCTGCGA-1,1
CAATGACCATGACCCG-1,2
CAATGACTCACCCATC-1,4
CAATTTCAGCCTGTCG-1,7
CAATTTCCATCCTTGC-1,9
CACACAAAGATGAAGG-1,3
CACACAACAAAGACGC-1,1
CACACAACAGACCTAT-1,2
CACACAACAGACGGAT-1,5
CACACAAGTAGTGCGA-1,6
CACACAAGTGCCTGCA-1,5
CACACAATCCGTGGGT-1,8
CACAGATAGAGTGAAG-1,8
CACAGATAGGGCAAGG-1,3
CACAGATCACGCGGTT-1,6
CACAGGCAGGTCACCC-1,2
CACAGGCCACCCTTGT-1,5
CACAGGCGTATACAGA-1,3
CACAGGCGTCCGAAAG-1,1
CACAGGCTCTCTATAC-1,2
CACATGAAGCTACTGT-1,9
CACATGAAGGAACTAT-1,5
CACATGACAAGCGCAA-1,3
CACATGACATAACGGG-1,2
CACATGAGTTTCGACA-1,5
CACATGATCCAAGCAT-1,5
CACATGATCCTTCTAA-1,4
CACCAAAAGCAACAGC-1,2
CACCAAACACGTCATA-1,4
CACCAAAGTCTGATCA-1,8
CACCAAAGTTGAGTCT-1,1
CACCAAATCCTAGCCT-1,8
CACCAAATCCTGTAGA-1,2
CACCAAATCGCCGATG-1,1
CACCGTTAGCTGGAGT-1,7
CACCGTTCATCCGTGG-1,7
CACCGTTGTACGTTCA-1,5
CACCGTTGTAGAGTTA-1,1
CACCGTTGTCACTTCC-1,5
CACCGTTGTCGTCGGT-1,6
CACCGTTTCACTGGGC-1,5
CACGAATAGGACTAAT-1,1
CACGAATAGTGACACG-1,1
CACGAATCAAGTTCCA-1,6
CACGAATCATGTCGTA-1,5
CACGAATGTTTGGGAG-1,8
CACGGGTAGAGCATAT-1,8
CACGGGTAGATAACGT-1,4
CACGGGTCACACACTA-1,5
CACGGGTGTACCAATC-1,2
CACGGGTGTGCAACAG-1,3
CACGGGTGTTAACCTG-1,5
CACGGGTGTTACACTG-1,5
CACGGGTTCATAGACC-1,2
CACGGGTTCTGGTCAA-1,6
CACGTGGAGAAGAACG-1,1
CACGTGGCACGAGGTA-1,7
CACGTGGGTTTGATCG-1,2
CACGTGGTCTAGACAC-1,6
CACGTGGTCTCGTCGT-1,5
CACGTTCCACGGTGAA-1,5
CACGTTCCATGCCGCA-1,9
CACGTTCGTCAGTCTA-1,3
CACGTTCGTCGGTAAG-1,1
CACTAAGAGGCCTAAG-1,4
CACTAAGCAACCAACT-1,4
CACTAAGGTAGGACCA-1,3
CACTAAGGTGGAGAAA-1,4
CACTAAGTCCATCGTC-1,8
CACTAAGTCGAGGCAA-1,4
CACTGAACAGCTGCCA-1,3
CACTGAACATAGGTTC-1,5
CACTGAAGTAGGACTG-1,4
CACTGAAGTATCACCA-1,7
CACTGAATCAGTGTCA-1,4
CACTGAATCCATCACC-1,4
CACTGAATCTGCATGA-1,4
CACTGGGAGGACATCG-1,1
CACTGGGAGGTGGCTA-1,4
CACTGGGCACCTCGTT-1,2
CACTGGGGTCGCTCGA-1,5
CACTGGGTCGAGATAA-1,3
CACTGTCAGAGTCGAC-1,9
CACTGTCAGGATTTAG-1,1
CACTGTCCAATACCCA-1,2
CACTGTCGTAGCTGAG-1,1
CACTGTCGTTAACCTG-1,5
CACTGTCTCCGCTGTT-1,5
CACTTCGCAAATACGA-1,2
CACTTCGCAATCCAGT-1,2
CACTTCGCACACCTGG-1,6
CACTTCGCAGTCGCTG-1,3
CACTTCGCAGTTGCGC-1,2
CACTTCGGTTGCTAGT-1,5
CAGAGCCAGACTCTTG-1,2
CAGAGCCAGATACCAA-1,6
CAGAGCCAGGTGATCG-1,1
CAGAGCCAGTTAGAAC-1,3
CAGAGCCCAACAGAGC-1,5
CAGAGCCCAATTTCTC-1,6
CAGAGCCCACAACATC-1,1
CAGAGCCCACCCTAAA-1,9
CAGAGCCGTACCCGAC-1,3
CAGAGCCGTGTCTAAC-1,3
CAGAGCCTCTTTCGAT-1,2
CAGATACAGCGGACAT-1,3
CAGATACCACGCGTGT-1,5
CAGATACCATCAGCAT-1,2
CAGATACGTGTCATGT-1,5
CAGATCAAGATTTGCC-1,1
CAGATCAAGGTGCAGT-1,5
CAGATCAGTACGTAGG-1,4
CAGATCATCAAGTCTG-1,4
CAGATTGAGCCATTTG-1,7
CAGATTGAGCTTCTAG-1,4
CAGATTGAGGATACCG-1,4
CAGATTGAGGCCTGCT-1,2
CAGATTGAGTCTAACC-1,2
CAGATTGCAAGCTACT-1,5
CAGATTGCACTGAATC-1,4
CAGATTGTCACGGTCG-1,3
CAGATTGTCCAGTACA-1,2
CAGATTGTCGAAACAA-1,3
CAGCAATGTACATTGC-1,5
CAGCAATGTCGGTACC-1,8
CAGCAATTCGGATACT-1,1
CAGCACGAGAAGTCTA-1,2
CAGCACGAGCATTGTC-1,3
CAGCACGAGGTTATAG-1,2
CAGCACGGTACTCCCT-1,2
CAGCACGGTATGCGGA-1,4
CAGCACGGTTAGGCTT-1,2
CAGCACGGTTTGGAAA-1,6
CAGCAGCAGAGTCAGC-1,2
CAGCAGCAGCAGCCCT-1,6
CAGCAGCAGGGCTAAC-1,2
CAGCAGCCACGCGCAT-1,4
CAGCAGCGTTCCCAAA-1,3
CAGCAGCTCTCTCGAC-1,8
CAGCCAGAGGCATCGA-1,1
CAGCCAGAGTCTGGAG-1,4
CAGCCAGCAGCTATTG-1,5
CAGCCAGGTGCCAAGA-1,7
CAGCCAGGTTCCTACC-1,1
CAGCCAGTCCGCTAGG-1,7
CAGCGTGCAGGCTACC-1,8
CAGCGTGCATGCAGCC-1,2
CAGGCCAAGCTAAATG-1,6
CAGGCCAGTCCTGGTG-1,2
CAGGCCATCACATTGG-1,7
CAGGCCATCAGCATTG-1,7
CAGGCCATCTACGGGC-1,2
CAGGGCTAGGTAAACT-1,3
CAGGGCTCAAAGGCAC-1,7
CAGGGCTCAACTGGTT-1,2
CAGGGCTCAGCGGTCT-1,3
CAGGGCTCATTCACCC-1,2
CAGGGCTGTACCATAC-1,8
CAGGGCTTCGCTACAA-1,6
CAGGGCTTCTGCCCTA-1,2
CAGGTATAGATTGGGC-1,6
CAGGTATAGCAGATAT-1,6
CAGGTATAGGGACCAT-1,8
CAGGTATCAGCTATAC-1,7
CAGGTATGTAGGTAGC-1,6
CAGGTATGTCAACACT-1,4
CAGGTATGTGGCGTAA-1,1
CAGTGCGCAAATTAGG-1,3
CAGTGCGGTTCAAAGA-1,3
CAGTGCGGTTTGTTGG-1,4
CAGTGCGTCCATTGTT-1,6
CAGTTAGAGGCACTAG-1,8
CAGTTAGAGGCTATCT-1,5
CAGTTAGCAAGTCATC-1,3
CAGTTAGCACCTATCC-1,7
CAGTTAGGTAGATTAG-1,2
CAGTTAGGTCGTGGTC-1,4
CAGTTAGTCTCGACGG-1,7
CAGTTCCAGGGAGTTC-1,7
CAGTTCCAGTTGCGCC-1,3
CAGTTCCCAGTCGCTG-1,4
CAGTTCCTCAAGTCGT-1,9
CAGTTCCTCCATCGTC-1,9
CAGTTCCTCTCAGGCG-1,1
CAGTTCCTCTTCTCAA-1,5
CATAAGCAGCTGCCTG-1,9
CATAAGCCACGTAGAG-1,1
CATAAGCCATAATCCG-1,5
CATAAGCGTACGACTT-1,2
CATAAGCGTGTCTTGA-1,3
CATAAGCTCGGCCTTT-1,6
CATAAGCTCTATCCAT-1,2
CATAAGCTCTGGAAGG-1,1
CATACAGAGAGTTGCG-1,7
CATACAGAGATAGCTA-1,3
CATACAGAGGTGGTTG-1,1
CATACAGAGTTCCATG-1,5
CATACAGCAAAGGATT-1,8
CATACCCGTTACCCAA-1,5
CATACCCTCAATCTCT-1,4
CATACCCTCGGTTGTA-1,8
CATACTTCACCCTAAA-1,2
CATACTTCATCAGCTA-1,5
CATACTTGTTTGGGTT-1,8
CATACTTTCCGTATGA-1,5
CATACTTTCGACATCA-1,7
CATAGACGTCGGCACT-1,1
CATAGACGTGCCGGTT-1,4
CATAGACTCATGCATG-1,1
CATAGACTCATTGCTT-1,8
CATAGACTCCTAGCTC-1,2
CATCAAGAGGAAAGGT-1,1
CATCAAGCACAAATCC-1,9
CATCAAGCATACAGCT-1,5
CATCAAGGTTCACCGG-1,8
CATCAAGTCCTTCACG-1,8
CATCAAGTCTATACTC-1,5
CATCCACAGGTTCCAT-1,5
CATCCACCACCGGCTA-1,2
CATCCACGTCAAATCC-1,5
CATCCACGTCAGTCTA-1,1
CATCCACGTCCAGGTC-1,5
CATCCACTCACCTACC-1,7
CATCCACTCGGCTGAC-1,3
CATCCACTCTTGCGCT-1,4
CATCCCAAGCACCGTC-1,5
CATCCCAAGCATAGGC-1,1
CATCCCAGTCGAGTGA-1,3
CATCCCAGTGTTCCTC-1,9
CATCCCATCCGCACTT-1,2
CATCCCATCGAACTCA-1,6
CATCCCATCGACTCCT-1,3
CATCCCATCTACTTCA-1,9
CATCCCATCTCTTCAA-1,2
CATCCGTAGCCTGCCA-1,4
CATCCGTAGGACTGGT-1,7
CATCCGTAGGTAATCA-1,1
CATCCGTCATATAGCC-1,2
CATCCGTGTCAACATC-1,2
CATCCGTGTGTGATGG-1,3
CATCGCTAGTCTTCCC-1,6
CATCGCTTCTTCGCTG-1,5
CATCGGGCAGATACTC-1,4
CATCGGGGTCAGATTC-1,1
CATCGGGTCTTAGCCC-1,2
CATCGTCAGGGAACAA-1,6
CATCGTCGTTAACAGA-1,4
CATCGTCGTTGGTAGG-1,3
CATCGTCTCCGAACGC-1,2
CATGAGTAGACTTAAG-1,3
CATGAGTAGCGAAACC-1,5
CATGAGTCAACTACGT-1,7
CATGAGTCAGCTGTAT-1,1
CATGAGTGTACCTATG-1,3
CATGAGTTCCCGAGAC-1,8
CATGAGTTCGCTAATG-1,1
CATGCAACAGGAACCA-1,3
CATGCAAGTGCCTTCT-1,5
CATGCAAGTGTGAGCA-1,4
CATGCAATCAGCCTCT-1,2
CATGCAATCCAAAGGG-1,5
CATGCAATCGATTGAC-1,2
CATGCAATCTCGCCTA-1,1
CATGCCTAGAATCCCT-1,2
CATGCCTAGACATAAC-1,2
CATGCCTCAAACGTGG-1,2
CATGCCTCACAACATC-1,5
CATGCCTCAGCGATTT-1,5
CATGCCTTCCGACGGT-1,2
CATGCCTTCGTCGATA-1,5
CATGCCTTCTTAGCAG-1,8
CATGCGGAGACCTGGA-1,6
CATGCGGAGCTGACCC-1,5
CATGCGGAGTAGGGTC-1,1
CATGCGGCACTACTTT-1,2
CATGCGGCAGACCAAG-1,1
CATGCGGCAGCTCCTT-1,5
CATGCGGCAGCTGGTC-1,7
CATGCGGCATTGTGCA-1,6
CATGCGGGTAGAATGT-1,4
CATGCGGGTCACTCGG-1,2
CATGCGGGTCGAACAG-1,2
CATGCGGGTCTCTCAC-1,4
CATGCGGGTGCGGCTT-1,5
CATGCTCAGACGTCGA-1,3
CATGCTCAGAGGGTAA-1,9
CATGCTCAGATGTTGA-1,1
CATGCTCAGCAAGTGC-1,3
CATGCTCAGGACATCG-1,9
CATGCTCCAGAGGTTG-1,5
CATGCTCGTGGTCAAG-1,3
CATGCTCGTTCGGGTC-1,1
CATGCTCTCATTTCGT-1,2
CATGCTCTCCCGTGTT-1,1
CATGCTCTCGGCTGGT-1,1
CATGGATAGATGCTAA-1,4
CATGGATAGCTAGATA-1,3
CATGGATCAACTCGTA-1,9
CATGGATCAATGAAAC-1,1
CATGGATCAATTTCTC-1,6
CATGGATCACATATCG-1,3
CATGGATGTGTTAAAG-1,2
CATGGTAAGAGCTGAC-1,2
CATGGTAAGTCCGCGT-1,2
CATGGTAGTTGGAGGT-1,1
CATTCATAGATGTTAG-1,2
CATTCATAGGTAGTAT-1,2
CATTCATTCAGAGCGA-1,9
CATTCATTCGACTCCT-1,9
CATTCATTCTTTGCGC-1,9
CATTCCGAGGTCATCT-1,5
CATTCCGCAAGTCGTT-1,4
CATTCCGCACTAGAGG-1,6
CATTCCGCATAAGCGG-1,8
CATTCCGGTCAGTTTG-1,9
CATTCCGTCATTACGG-1,3
CATTCCGTCGAGTGGA-1,1
CATTCTACACCAATTG-1,7
CATTCTACAGCGAGTA-1,7
CATTCTACAGTCACGC-1,4
CATTCTAGTAGTGTGG-1,7
CATTCTAGTCGTGCCA-1,6
CATTCTATCTTCACGC-1,2
CATTGAGAGATGCAGC-1,2
CATTGAGAGCACGTCC-1,4
CATTGAGAGTAGCAAT-1,4
CATTGAGGTATGGAAT-1,2
CATTGAGGTCCAGGTC-1,7
CATTGAGGTGACAGGT-1,2
CATTGAGTCGCAATTG-1,3
CATTGCCAGAGGCCAT-1,5
CATTGCCCAAGACGGT-1,5
CATTGCCCAGAGATTA-1,8
CATTGCCCAGCAGTGA-1,1
CATTGCCGTATCACCA-1,2
CATTGCCGTTCAGGTT-1,4
CATTGCCGTTCCGTTC-1,2
CATTGCCTCAGAGTTC-1,5
CATTGCCTCTTGGCTC-1,7
CATTGTTCAAGTGCTT-1,1
CATTGTTCAGAGTCAG-1,1
CATTGTTCAGTATTCG-1,4
CATTGTTGTGACTGTT-1,9
CATTGTTGTGTCTTCC-1,6
CATTGTTTCCCTTGTG-1,2
CATTTCAAGAGAGTGA-1,6
CATTTCAGTATCGCTA-1,6
CATTTCAGTATTGGCT-1,2
CATTTCAGTTGCTTGA-1,5
CATTTCATCCGATGCG-1,6
CATTTCATCTCTAGGA-1,4
CCAAGCGCAAACCGGA-1,9
CCAAGCGCAATGAACA-1,1
CCAAGCGCAGAGTTCT-1,3
CCAAGCGGTTGCAAGG-1,4
CCAAGCGGTTGTGTTG-1,2
CCAATGAAGGCAGGGA-1,3
CCAATGACAATGAGCG-1,2
CCAATGACAGAACTCT-1,5
CCAATGAGTATGTCTG-1,4
CCAATGAGTCTCACGG-1,2
CCAATTTCATAATGCC-1,1
CCAATTTGTCGTTTCC-1,2
CCAATTTGTTCGTAAC-1,1
CCACAAAAGTATAACG-1,9
CCACAAACAATTTCTC-1,9
CCACAAACAGGCCCTA-1,3
CCACAAACAGGCCTGT-1,8
CCACAAACAGGGAATC-1,9
CCACAAAGTAACAGGC-1,9
CCACAAAGTATAGGAT-1,8
CCACAAAGTGTTGCCG-1,8
CCACACTAGAGGTTAT-1,5
CCACACTAGATCCCGC-1,8
CCACACTAGGAGTCTG-1,3
CCACACTCAAGCCCAC-1,9
CCACACTGTGCGGATA-1,4
CCACACTTCGTCTCAC-1,2
CCACACTTCTGCACCT-1,4
CCACCATCACCTCTAC-1,5
CCACCATGTCAAGCGA-1,8
CCACCATGTCAGATTC-1,7
CCACCATGTCCTGGGT-1,4
CCACCATTCACTTGTT-1,8
CCACCATTCTTGATTC-1,7
CCACGAGAGACCTTTG-1,5
CCACGAGAGTCCTGCG-1,7
CCACGAGAGTGTTCAC-1,3
CCACGAGCATGGCCCA-1,3
CCACGAGGTATCAGGG-1,6
CCACGAGGTGTCCAAT-1,6
CCACGAGGTGTTAGCT-1,4
CCACGAGTCCCGTGAG-1,4
CCACGTTAGGCTGTAG-1,6
CCACGTTAGGTCACCC-1,3
CCACGTTCACATGGTT-1,7
CCACGTTCAGAACTCT-1,5
CCACGTTGTCTTGCTC-1,9
CCACGTTGTTCCTACC-1,7
CCACGTTGTTGTGTTG-1,6
CCACGTTTCAAACGTC-1,8
CCACTTGCATACATCG-1,4
CCACTTGCATAGACTC-1,2
CCACTTGGTACGGTTT-1,5
CCACTTGGTATCCTTT-1,3
CCACTTGGTGTGTGTT-1,4
CCACTTGTCAGCCTCT-1,7
CCACTTGTCATTATCC-1,2
CCACTTGTCCTAAACG-1,4
CCATAAGAGACAACAT-1,8
CCATAAGGTCTGTGGC-1,1
CCATAAGGTGAGATAT-1,4
CCATAAGTCGAAGCAG-1,3
CCATAAGTCTCTTCAA-1,1
CCATAAGTCTTAGCCC-1,8
CCATCACAGATGGTAT-1,5
CCATCACAGCCGTCGT-1,6
CCATCACAGCGTGAAC-1,1
CCATCACAGTAACGTA-1,3
CCATCACAGTCCCGAC-1,8
CCATCACCAGAACTAA-1,2
CCATCACCAGTTAGAA-1,9
CCATCACCATCGTGGC-1,2
CCATCACCATTACTCT-1,1
CCATCACCATTGCCTC-1,5
CCATCACGTGGTCAAG-1,3
CCCAACTAGGCCTAGA-1,5
CCCAACTTCAGTCATG-1,1
CCCAACTTCCATCTAT-1,2
CCCAACTTCCCTGTTG-1,4
CCCAACTTCGACGCTG-1,2
CCCATTGAGAAACCCG-1,7
CCCATTGAGCTGGTGA-1,1
CCCATTGCAAGACTGG-1,3
CCCATTGCAGTCTTCC-1,2
CCCATTGTCAGTCAGT-1,5
CCCGAAGAGAGTTGCG-1,4
CCCGAAGCAAGAGTAT-1,1
CCCGAAGCATTCATCT-1,2
CCCGAAGGTTAAGAAC-1,6
CCCGAAGGTTGGGTAG-1,3
CCCGAAGTCGACGCTG-1,4
CCCGAAGTCGACTCCT-1,2
CCCGGAAAGAATCGAT-1,1
CCCGGAAAGTAAATGC-1,5
CCCGGAAAGTCTAACC-1,1
CCCGGAACAGCGAGTA-1,3
CCCTAACAGCGGTAGT-1,7
CCCTAACCAGTCTACA-1,8
CCCTAACGTGTCACAT-1,8
CCCTAACTCACATTGG-1,1
CCCTAACTCGACCACG-1,8
CCCTAACTCGTACCTC-1,2
CCCTCAACATGACTCA-1,5
CCCTCAATCCTGGGAC-1,9
CCCTCTCAGCACCCAC-1,1
CCCTCTCGTAGCGTAG-1,4
CCCTCTCGTTAAGGAT-1,2
CCCTCTCGTTTGATCG-1,6
CCCTCTCTCCTCGCAT-1,5
CCCTCTCTCGTGGCGT-1,2
CCCTGATAGACCTTTG-1,1
CCCTGATAGATCCAAA-1,4
CCCTGATAGCAGTCTT-1,5
CCCTGATAGTTGTCAC-1,2
CCCTGATCAAACCATC-1,2
CCCTGATCAGTGTGGA-1,8
CCCTGATGTGTTTACG-1,6
CCCTGATGTTTGACAC-1,2
CCCTGATTCACTCTTA-1,3
CCCTGATTCGCATAGT-1,4
CCCTGATTCGCTACAA-1,4
CCCTTAGAGCATGCAG-1,2
CCCTTAGAGGAGTCTG-1,3
CCCTTAGAGGTTTACC-1,5
CCCTTAGAGTGAATAC-1,8
CCCTTAGCATTCAGCA-1,8
CCCTTAGTCATCACAG-1,7
CCCTTAGTCGATACGT-1,4
CCGAACGAGCTGGCCT-1,2
CCGAACGAGTCACAGG-1,6
CCGAACGCAGTTCTAG-1,7
CCGAACGGTATCTTCT-1,2
CCGAACGGTCAGTCTA-1,1
CCGAACGGTCATGCAT-1,4
CCGAACGGTCTCTCAC-1,2
CCGAACGTCATGAGAA-1,1
CCGATCTAGACATAGT-1,2
CCGATCTAGATTAGCA-1,1
CCGATCTAGCGATGAC-1,4
CCGATCTAGGCAGCTA-1,5
CCGATCTCATCGATGT-1,8
CCGATCTGTCTAGGCC-1,5
CCGATCTGTTTCGTGA-1,6
CCGATCTTCCGCAACG-1,2
CCGATCTTCTCCGATC-1,8
CCGATGGTCCCTATTA-1,1
CCGCAAGAGGATTTAG-1,6
CCGCAAGGTCATTGCA-1,8
CCGCAAGGTCTTCCGT-1,1
CCGGACAAGCTAAATG-1,4
CCGGACAAGGAACGTC-1,3
CCGGACAAGGCATCGA-1,3
CCGGACACAATAGGGC-1,4
CCGGACACAGGAAGTC-1,4
CCGGACATCTCTCAAT-1,4
CCGGACATCTGGACTA-1,2
CCGGGTAAGCGTCGAA-1,1
CCGGGTAGTCAGCGTC-1,6
CCGGGTATCGGAATGG-1,6
CCGGGTATCGTGGTAT-1,2
CCGGTAGCAAAGGCTG-1,9
CCGGTAGCAGCGCGTT-1,6
CCGGTAGGTGCCCAGT-1,3
CCGGTGAAGCTGCCAC-1,2
CCGGTGAAGGTGCAGT-1,1
CCGGTGACAACGTAAA-1,2
CCGGTGAGTCAACACT-1,8
CCGGTGAGTCACCGCA-1,6
CCGGTGATCTGGTTGA-1,6
CCGTAGGAGCTGTTAC-1,2
CCGTAGGCATACCAGT-1,2
CCGTAGGCATCGTGGC-1,2
CCGTAGGGTCCTGTTC-1,9
CCGTAGGGTCTTTCTA-1,4
CCGTAGGGTTATGGTC-1,2
CCGTAGGTCTAGTTCT-1,1
CCGTGAGAGACCATGG-1,3
CCGTGAGTCTTGGATG-1,1
CCGTTCAAGACTACGG-1,4
CCGTTCACACTGGACC-1,7
CCGTTCAGTATACCCA-1,2
CCGTTCAGTGCAGATG-1,3
CCGTTCATCCTCTAAT-1,1
CCGTTCATCGACACTA-1,4
CCTAACCAGCGACTGA-1,2
CCTAACCGTGGTCCGT-1,4
CCTAACCTCCGTTTCG-1,9
CCTAAGAAGCGCCCAT-1,3
CCTAAGAGTATAATGG-1,1
CCTAAGAGTGGATCAG-1,6
CCTAAGATCGAATGCT-1,3
CCTAAGATCTAATTCC-1,1
CCTACGTAGATCACTC-1,1
CCTACGTGTCCTGGTG-1,6
CCTACGTGTCTACACA-1,2
CCTACGTGTGGACAGT-1,3
CCTACGTGTTAGAAGT-1,1
CCTACGTGTTGGACTT-1,3
CCTACGTTCTGACGCG-1,2
CCTATCGAGCCTCATA-1,7
CCTATCGAGTCACTCA-1,2
CCTATCGCAGGACAGT-1,1
CCTATCGGTACGAGTG-1,3
CCTCAACAGAGTCACG-1,9
CCTCAACAGGCACCAA-1,9
CCTCAACCAGAGTAAT-1,8
CCTCAACCATCGGTTA-1,5
CCTCAACCATGACCCG-1,9
CCTCAACGTACCTAAC-1,5
CCTCAACGTGACTGTT-1,5
CCTCAACTCACATCAG-1,8
CCTCAACTCTATCCAT-1,2
CCTCACAAGAAACTGT-1,2
CCTCACAAGATGCTAA-1,2
CCTCACAGTCTTGAGT-1,9
CCTCACATCTATTCGT-1,1
CCTCAGTAGTTCTCTT-1,8
CCTCAGTGTGCTGTCG-1,2
CCTCAGTGTTAAGAAC-1,8
CCTCAGTTCGCGATCG-1,2
CCTCATGAGCCGAATG-1,7
CCTCATGAGTTACGAA-1,5
CCTCATGGTCACGACC-1,2
CCTCATGTCAAGTTGC-1,2
CCTCATGTCCACATAG-1,4
CCTCATGTCGATTCCC-1,1
CCTCATGTCTTCGGTC-1,3
CCTCCAAAGATTAGCA-1,8
CCTCCAAAGGAAGAAC-1,5
CCTCCAACATGCCGAC-1,2
CCTCCAAGTGTTTACG-1,1
CCTCCAATCAGCTGAT-1,3
CCTCCTCAGGTTTGAA-1,4
CCTCCTCAGTCATACC-1,7
CCTCCTCTCCTTTGAT-1,2
CCTCTAGCAGAACTAA-1,2
CCTCTCCAGTAAATGC-1,1
CCTCTCCAGTGTAGTA-1,2
CCTCTCCCACATACGT-1,2
CCTCTCCGTCGGCCTA-1,4
CCTCTCCTCAACCCGG-1,5
CCTCTCCTCGCGTGCA-1,5
CCTGCATAGAGTGTTA-1,1
CCTGCATAGCAGCACA-1,3
CCTGCATCAAACGAGC-1,3
CCTGCATTCCATTTCA-1,2
CCTGCATTCGGCCCAA-1,5
CCTGCATTCTAGATCG-1,3
CCTGTTGAGTAAACTG-1,6
CCTGTTGAGTAGACAT-1,5
CCTGTTGAGTGGTTGG-1,3
CCTGTTGCAGAGATGC-1,5
CCTGTTGGTGCGACAA-1,8
CCTGTTGGTTATCCAG-1,8
CCTGTTGTCAGCTAGT-1,4
CCTGTTGTCCCTCTCC-1,2
CCTTCAGGTTATGTGC-1,8
CCTTCAGTCATCAGTG-1,9
CCTTCAGTCGATGCAT-1,2
CCTTCAGTCTTCTCAA-1,4
CCTTGTGAGAAGTCTA-1,5
CCTTGTGAGGAAACGA-1,3
CCTTGTGAGGCTCAAG-1,4
CCTTGTGAGTGATTCC-1,8
CCTTGTGCAGACGATG-1,6
CCTTGTGCAGTCGCAC-1,5
CCTTGTGCATAATCGC-1,9
CCTTGTGGTTTGTTCT-1,2
CCTTGTGTCAAGTGTC-1,9
CCTTGTGTCTCCTGCA-1,2
CCTTTGGGTATGGAAT-1,9
CCTTTGGGTGACTCTA-1,2
CCTTTGGGTGCTGATT-1,7
CCTTTGGTCAAGTGGG-1,7
CGAAGGAAGGTGATCG-1,6
CGAAGGACAAGGACAC-1,4
CGAAGGACATTCTCTA-1,9
CGAAGGAGTCTCACAA-1,6
CGAAGGATCATTGCTT-1,7
CGAAGGATCCATAGAC-1,8
CGAAGGATCTACGCGG-1,2
CGAAGTTAGGATGGCT-1,4
CGAAGTTTCTCTCAAT-1,5
CGAAGTTTCTGACGCG-1,2
CGAATTGAGACTTCGT-1,4
CGAATTGCAATCACGT-1,9
CGAATTGGTCTAATCG-1,7
CGAATTGTCTTAGCAG-1,5
CGACAGCAGATCACCT-1,2
CGACAGCAGGCATCTT-1,6
CGACAGCAGGGATGTC-1,7
CGACAGCAGGTGATCG-1,6
CGACAGCAGTTACGTC-1,1
CGACAGCCACAGTCCG-1,2
CGACAGCCACCCTAAA-1,5
CGACAGCCACTCAAGT-1,8
CGACAGCCAGCAGTCC-1,5
CGACAGCCATAATGAG-1,2
CGACAGCGTGCCCACA-1,2
CGACAGCTCTTGCAGA-1,3
CGAGAAGAGACCAAAT-1,2
CGAGAAGAGCATCAGG-1,1
CGAGAAGAGTCGCCAC-1,6
CGAGAAGCAATACCCA-1,3
CGAGAAGCAATTGCAC-1,7
CGAGAAGCACAGAGAC-1,4
CGAGAAGCAGCGTTTA-1,4
CGAGAAGGTGACATCT-1,8
CGAGAAGTCCAGGACC-1,1
CGAGGAAAGTTTGTCG-1,4
CGAGGAACACAACGCC-1,5
CGAGGAACACTGAGGA-1,1
CGAGGAAGTAGTTCCA-1,1
CGAGGAAGTCTCACAA-1,6
CGAGGAATCATCTATC-1,7
CGAGGAATCATGGGAG-1,4
CGAGGAATCCGGCAAC-1,9
CGAGGAATCGGAAACG-1,3
CGAGGCTAGAGATCGC-1,1
CGAGGCTCAAGGTCGA-1,6
CGAGGCTCACTTCCTG-1,8
CGAGGCTCAGGGAGAG-1,3
CGAGGCTGTAGACGTG-1,7
CGAGGCTGTGACATCT-1,1
CGAGGCTTCCTGATAG-1,2
CGAGTGCAGATTGGGC-1,7
CGAGTGCAGCTAGAGC-1,3
CGAGTGCAGTAGTCTC-1,8
CGAGTGCCACAGAGCA-1,2
CGAGTGCCAGAGAGGG-1,1
CGAGTGCCATAGATGA-1,6
CGAGTTAAGATGACCG-1,1
CGAGTTAAGCGATGAC-1,9
CGAGTTAAGGGCAGGA-1,5
CGAGTTACATTGTGCA-1,5
CGAGTTATCACATACG-1,3
CGAGTTATCAGTGGGA-1,9
CGAGTTATCTGGTGCG-1,4
CGATCGGAGACAGCTG-1,3
CGATCGGAGCATTGTC-1,2
CGATCGGCAGCAGACA-1,4
CGATCGGCAGCAGGAT-1,2
CGATCGGGTCTCAAGT-1,6
CGATCGGGTGAGCAGT-1,6
CGATCGGTCGTGGCGT-1,3
CGATGCGCATTGGATC-1,5
CGATGCGTCGACACTA-1,3
CGATGGCAGTGCACTT-1,1
CGATGGCCACGGCTAC-1,7
CGATGGCCACTACTTT-1,7
CGATGGCCATAACTCG-1,5
CGATGGCGTGCGGCTT-1,3
CGATGGCGTGTGAATA-1,6
CGATGGCTCCGTTGGG-1,4
CGATGGCTCCTGATAG-1,2
CGCAGGTAGAAAGCGA-1,4
CGCAGGTAGATCACTC-1,9
CGCAGGTCAACCACGC-1,5
CGCAGGTCAATTTCGG-1,8
CGCAGGTTCCATCTCG-1,2
CGCAGGTTCTGTGCGG-1,4
CGCATAAAGCGTGCTC-1,6
CGCATAAAGTCTGGAG-1,3
CGCATAAGTGAGCCAA-1,8
CGCATAAGTGCCCGTA-1,5
CGCATAATCACTGGTA-1,1
CGCATAATCCGACAGC-1,3
CGCATAATCGGAGCAA-1,3
CGCATGGAGCTGTTAC-1,5
CGCATGGCATGACGTT-1,4
CGCATGGGTTGGGCCT-1,1
CGCATGGTCACCGCTT-1,9
CGCCAGAAGTTCAACC-1,5
CGCCAGACACAAGGTG-1,1
CGCCAGAGTGGTTTGT-1,6
CGCCAGAGTTCCTAGA-1,1
CGCCAGATCGTGCACG-1,2
CGCCATTAGGTTGGTG-1,6
CGCCATTCACGTCTCT-1,8
CGCCATTGTAGAATGT-1,7
CGCCATTGTCCCGCAA-1,2
CGCCATTGTTCCGCGA-1,5
CGCCATTTCATTGCTT-1,8
CGCCATTTCGCGGTAC-1,8
CGCCATTTCGTTCATT-1,2
CGCCATTTCTCTCCGA-1,1
CGCCATTTCTGTCAGA-1,2
CGCGTGAAGCTGTACT-1,1
CGCGTGAAGTAAACAC-1,3
CGCGTGAAGTGCGACA-1,6
CGCGTGACAAACTCGT-1,1
CGCGTGACAACTCGAT-1,6
CGCGTGACACGCAGTC-1,3
CGGAACCAGATCGACG-1,1
CGGAACCAGTAGATCA-1,6
CGGAACCGTAGGACTG-1,6
CGGAACCGTCCCGGTA-1,3
CGGAACCTCGCCTAGG-1,2
CGGAATTAGCTCGCAC-1,1
CGGAATTAGGGTTAGC-1,4
CGGAATTAGGTCGTAG-1,1
CGGAATTCATACTGAC-1,9
CGGAATTGTATTGACC-1,6
CGGAATTGTCGCCTAG-1,2
CGGAATTGTGACTCGC-1,1
CGGAATTGTGCATGTT-1,6
CGGAATTGTTCTGACA-1,6
CGGAATTTCCTGGCTT-1,6
CGGACACCAACTGTGT-1,4
CGGACACCACATGACT-1,5
CGGACACGTCCGGTGT-1,6
CGGAGAAAGCCTCATA-1,4
CGGAGAACAAAGGCGT-1,1
CGGAGAACAATAGGGC-1,6
CGGAGAACAGTTCCAA-1,3
CGGAGAAGTGTCCAAT-1,5
CGGAGAATCATCACTT-1,6
CGGAGAATCGCGGTAC-1,1
CGGCAGTAGACGAAGA-1,3
CGGCAGTAGTAGAGTT-1,7
CGGCAGTCAAAGGAGA-1,5
CGGCAGTCATCTCCCA-1,1
CGGCAGTGTAGACTGG-1,3
CGGCAGTGTGTCTTAG-1,1
CGGCAGTGTGTTTACG-1,6
CGGCAGTTCAGACTGT-1,1
CGGGACTCAGATGCGA-1,2
CGGGACTTCTATACGG-1,3
CGGGCATGTCAGGTAG-1,3
CGGGCATGTCTGTCAA-1,1
CGGGCATTCGAATCCA-1,1
CGGGTCACACAATGAA-1,3
CGGGTCAGTCTTTATC-1,5
CGGGTCATCATACGAC-1,3
CGGGTCATCGATCCCT-1,6
CGGGTGTAGCACTAAA-1,1
CGGGTGTAGTATTCCG-1,4
CGGGTGTCACAACGTT-1,3
CGGGTGTGTACCAATC-1,3
CGGGTGTTCATAAGGA-1,3
CGGGTGTTCGGCATTA-1,3
CGGTCAGAGATGCTGG-1,5
CGGTCAGAGGATGAGA-1,5
CGGTCAGCAAGAAACT-1,3
CGGTCAGCAATTGCAC-1,4
CGGTCAGGTCTTGGTA-1,7
CGGTCAGTCGAACGGA-1,9
CGGTCAGTCGCCTATC-1,1
CGTAAGTAGCTCGACC-1,2
CGTAAGTAGGCATCAG-1,6
CGTAAGTCAAGCTCTA-1,7
CGTAAGTGTTTCTTAC-1,3
CGTAATGAGCTACTGT-1,4
CGTAATGAGTGAACAT-1,2
CGTAATGGTAGACAAT-1,6
CGTAGTAAGATGCAGC-1,6
CGTAGTAAGGGAGGTG-1,3
CGTAGTAGTGATACCT-1,6
CGTAGTAGTTTGCCGG-1,6
CGTAGTATCATGGGAG-1,6
CGTAGTATCCGGTTCT-1,3
CGTCAAAAGCAGATAT-1,2
CGTCAAAAGCATATGA-1,4
CGTCAAAAGTCACGAG-1,3
CGTCAAACAGTCTCTC-1,2
CGTCAAAGTCTGTGCG-1,3
CGTCAAAGTTCAAACC-1,8
CGTCCATGTACGTACT-1,6
CGTCCATGTGGATCGA-1,6
CGTCCATTCGGCTGTG-1,2
CGTGAATAGCATCAAA-1,7
CGTGAATAGCTCCACG-1,6
CGTGAATCAATCTCTT-1,4
CGTGAATCAATGCTCA-1,8
CGTGAATCAGGTCTCG-1,3
CGTGAATGTAGCGTAG-1,6
CGTGAATTCATTGAGC-1,6
CGTGATAAGATCACCT-1,3
CGTGATAAGGATACGC-1,1
CGTGATAAGGCTATCT-1,7
CGTGATAAGTCGTTAC-1,6
CGTGATACAACCACAT-1,9
CGTGATACACGTAACT-1,7
CGTGATACATCTGGGC-1,3
CGTGATAGTGATACAA-1,3
CGTGATAGTTAACCTG-1,7
CGTGATAGTTCTCGTC-1,6
CGTGATATCACATTGG-1,6
CGTGATATCGGCACTG-1,4
CGTGATATCGTTGTGA-1,6
CGTGCTTAGGTCATTC-1,3
CGTGCTTAGTCGCCCA-1,9
CGTGCTTCACAAGTTC-1,3
CGTGCTTGTGTGTCCG-1,6
CGTGCTTTCCATAGGT-1,3
CGTGTCTAGTTCCGTA-1,3
CGTGTCTAGTTGCATC-1,5
CGTGTCTCACCCAATA-1,3
CGTGTCTCATCCGTTC-1,6
CGTGTCTTCCGTACGG-1,4
CGTGTCTTCTTGGATG-1,3
CGTTAGAAGCAGCCTC-1,3
CGTTAGAAGTAACGTA-1,7
CGTTCTGAGTCAACAA-1,3
CGTTCTGGTACTAGCT-1,8
CGTTCTGGTAGCGTCC-1,3
CGTTCTGGTTACGATC-1,5
CGTTCTGGTTGCCTAA-1,3
CGTTCTGGTTTACACG-1,4
CGTTCTGTCGAATCCA-1,6
CGTTCTGTCTTAGCTT-1,2
CGTTGGGAGACATCAA-1,1
CGTTGGGCAGTAGAAT-1,6
CGTTGGGCATGTGGCC-1,1
CGTTGGGGTAGACTGG-1,1
CGTTGGGGTCATATGC-1,8
CGTTGGGTCCCTGGTT-1,3
CGTTGGGTCGGCTTCT-1,8
CGTTGGGTCTCATAGG-1,2
CGTTGGGTCTGGGCGT-1,6
CTAACCCAGTGGAAGA-1,9
CTAACCCCATCCGGCA-1,1
CTAACCCGTCCAAAGG-1,4
CTAACCCGTTGGATCT-1,2
CTAACCCTCCACATAG-1,5
CTAACCCTCTGCATGA-1,1
CTAACTTAGCTGAAGC-1,1
CTAACTTAGGCCACCT-1,3
CTAACTTCAGTTCTAG-1,2
CTAACTTGTCGACGCT-1,8
CTAACTTTCAAGGAGC-1,3
CTAACTTTCTAAGCCA-1,7
CTAACTTTCTACGGTA-1,8
CTAAGTGAGCCGCTTG-1,3
CTAAGTGCAGCAAGAC-1,3
CTAAGTGGTATCGATC-1,4
CTAAGTGTCATCGTAG-1,2
CTACAGAAGTTTGGCT-1,1
CTACAGACAGAAGTGC-1,6
CTACAGAGTCAACATC-1,2
CTACAGAGTCGTCAGC-1,3
CTACAGATCCCGTTCA-1,4
CTACATTAGCCACAAG-1,7
CTACATTAGTCCCAGC-1,8
CTACATTAGTTTCGAC-1,2
CTACATTCAATTGCGT-1,8
CTACATTGTTCCTTGC-1,5
CTACATTTCAGCAATC-1,3
CTACATTTCCCTGTTG-1,2
CTACATTTCTTCACAT-1,5
CTACCCAAGACGAAGA-1,3
CTACCCAAGGCCTAAG-1,8
CTACCCAGTACAGAAT-1,3
CTACCCAGTCGCATGC-1,8
CTACCCAGTCGTACTA-1,2
CTACCTGAGCCGATAG-1,7
CTACCTGCATAGAATG-1,4
CTACCTGGTGCACATT-1,9
CTACCTGTCACCATAG-1,6
CTACCTGTCCATTGTT-1,7
CTACGGGTCCCGGTAG-1,5
CTACTATAGCTAAATG-1,6
CTACTATCACGCTGTG-1,5
CTACTATCAGCTTTGA-1,5
CTACTATGTGAGTAGC-1,6
CTACTATGTTGTTGAC-1,4
CTACTATTCACCCATC-1,9
CTACTATTCACTTCTA-1,1
CTACTATTCCTCACCA-1,2
CTAGACAAGTCCCTAA-1,7
CTAGACAGTCACGCTG-1,3
CTAGACATCAGGACGA-1,8
CTAGACATCCGGCAAC-1,7
CTAGGTAAGACCAGAC-1,4
CTAGGTAAGATTCGAA-1,1
CTAGGTAAGTGCTACT-1,1
CTAGGTAGTATCACCA-1,5
CTAGGTATCATAGGCT-1,8
CTATAGGAGGACAAGA-1,1
CTATAGGAGGGCAGTT-1,4
CTATAGGCATCAGCGC-1,2
CTATAGGGTATAGCTC-1,2
CTATAGGGTTAATGAG-1,3
CTATAGGTCAGGAAGC-1,1
CTATCCGAGAGAACCC-1,5
CTATCCGCACATTCTT-1,7
CTATCCGCAGAGAGGG-1,6
CTATCCGTCAGTGATC-1,2
CTATCCGTCGTTCTCG-1,3
CTATCTAAGAAGTATC-1,5
CTATCTAAGCGATGCA-1,2
CTATCTAAGGGTTAAT-1,9
CTATCTACAAATGGAT-1,3
CTATCTAGTCACGCTG-1,5
CTATCTATCTCTTCAA-1,8
CTCAACCAGAACAGGA-1,3
CTCAACCAGAGAATCT-1,6
CTCAACCAGTGCCGAA-1,5
CTCAACCCAAAGGATT-1,3
CTCAACCCACACCGAC-1,9
CTCAACCCAGCGTTTA-1,7
CTCAACCGTTCCGTTC-1,2
CTCAAGAAGCAACAAT-1,7
CTCAAGAAGCCGAATG-1,1
CTCAAGACAAACACGG-1,5
CTCAAGACAATAGTGA-1,1
CTCAAGACACGTCATA-1,8
CTCAAGACATTCATCT-1,9
CTCAAGAGTGCGTGCT-1,3
CTCAAGATCACCCTGT-1,3
CTCAAGATCGCAGTTA-1,7
CTCAAGATCTCCTGCA-1,2
CTCAATTCAAGAAACT-1,8
CTCAATTGTGTTCAGT-1,7
CTCAATTGTTGTGTAC-1,1
CTCAATTTCCACACAA-1,2
CTCAATTTCCCTAGGG-1,5
CTCACTGCACACCAGC-1,5
CTCACTGCACTTCAGA-1,5
CTCACTGCAGGAATCG-1,2
CTCACTGGTATAGCTC-1,4
CTCACTGGTGCCGTTG-1,2
CTCACTGTCACCTTAT-1,8
CTCACTGTCGCCCAGA-1,2
CTCACTGTCTGAGAAA-1,4
CTCAGAAAGCAACCAG-1,2
CTCAGAAAGCATGAAT-1,3
CTCAGAAAGGGACACT-1,1
CTCAGAACATATACCG-1,2
CTCAGAACATGTACGT-1,3
CTCAGAAGTTCAAGGG-1,4
CTCAGGGAGCTGAAGC-1,4
CTCAGGGAGGGCGAAG-1,4
CTCAGGGCAAACTAAG-1,7
CTCAGGGCAACGGCTC-1,1
CTCAGGGGTTACACTG-1,1
CTCAGTCAGAGTTGTA-1,1
CTCAGTCAGGGCAAGG-1,4
CTCAGTCAGGTGAGCT-1,1
CTCAGTCCACACGGAA-1,8
CTCAGTCCACGCTGCA-1,4
CTCAGTCCAGGTGGAT-1,4
CTCATCGGTGAACGGT-1,7
CTCATCGGTGCTTCAA-1,3
CTCATGCCACGCCACA-1,8
CTCATGCGTAACAGTA-1,5
CTCATGCGTAAGTTAG-1,1
CTCATGCGTAGGCAAC-1,6
CTCATGCTCTCGCTCA-1,2
CTCATTAAGGAATTAC-1,4
CTCATTACAACTGAAA-1,3
CTCATTAGTAGCTGTT-1,2
CTCATTAGTATGGAGC-1,3
CTCATTATCTCACCCA-1,9
CTCCAACAGCATATGA-1,5
CTCCAACCACGCCACA-1,2
CTCCAACCATGATAGA-1,7
CTCCAACGTACTGAGG-1,5
CTCCAACGTGGCTACC-1,9
CTCCAACTCCTTCTGG-1,9
CTCCAACTCGGACGTC-1,8
CTCCAACTCTGCCTCA-1,1
CTCCACACAGATCCAT-1,2
CTCCACACATAACTCG-1,4
CTCCACACATGTTACG-1,9
CTCCACAGTACAAGCG-1,7
CTCCACAGTAGTCACT-1,2
CTCCACAGTTCATCTT-1,8
CTCCACAGTTTCACAG-1,7
CTCCACATCGACGCGT-1,7
CTCCATGAGCTCGCAC-1,3
CTCCATGGTCAGCTTA-1,6
CTCCATGGTCGGCCTA-1,7
CTCCATGGTGTCACAT-1,1
CTCCATGGTTACGCCG-1,6
CTCCATGTCTGTGCGG-1,1
CTCCCAACAAGCCTGC-1,2
CTCCCAACATACTGAC-1,8
CTCCCAACATGACACT-1,9
CTCCCAAGTATGTCTG-1,2
CTCCCAATCGGTCGAC-1,1
CTCCCAATCTGCGGGT-1,6
CTCCCTCAGATGCAGC-1,8
CTCCCTCAGCTTCGTA-1,3
CTCCCTCAGGCTATCT-1,9
CTCCCTCCAAGTCGTT-1,3
CTCCCTCCACCAGCGT-1,1
CTCCCTCCACTTGTGA-1,7
CTCCCTCGTCCTGTCT-1,1
CTCCCTCGTGAGGCAT-1,1
CTCCCTCTCCCGGTAG-1,5
CTCCCTCTCCGTGGCA-1,5
CTCCCTCTCGCTAATG-1,7
CTCCGATAGCCGCACT-1,2
CTCCGATAGTTCCAGT-1,2
CTCCGATCAACGGTAG-1,4
CTCCGATCACTTGGCG-1,5
CTCCGATCAGCCTTCT-1,6
CTCCGATGTAGTATAG-1,5
CTCCGATGTGGTAACG-1,8
CTCCGATGTTCCACGG-1,1
CTCCGATTCATGAGAA-1,1
CTCCGATTCCAAGCCG-1,2
CTCCGATTCGTCCTCA-1,2
CTCCTCCAGAATACAC-1,8
CTCCTCCAGCTGGCCT-1,1
CTCCTCCCACTCGATA-1,2
CTCCTTTAGCCACCGT-1,4
CTCCTTTAGGTAAGTT-1,2
CTCCTTTCATAGCACT-1,5
CTCCTTTGTGCAATAA-1,3
CTCCTTTTCCTGGGTG-1,1
CTCCTTTTCCTGTAGA-1,2
CTCGAGGAGGCACGAT-1,6
CTCGAGGAGGTCACCC-1,6
CTCGAGGAGTAACGTA-1,4
CTCGAGGCAGTTGGTT-1,9
CTCGAGGGTTGCATCA-1,3
CTCGAGGTCTTCTTCC-1,1
CTCTCAGAGAGTTGCG-1,4
CTCTCAGAGGAACTAT-1,1
CTCTCAGAGTTGCATC-1,6
CTCTCAGCAGCGGTTC-1,2
CTCTCAGTCCGAAATC-1,2
CTCTCGAAGATGATTG-1,2
CTCTCGACATGATCTG-1,8
CTCTCGAGTCAACATC-1,4
CTCTGGTCATGAGGGT-1,4
CTCTGGTCATTCTCTA-1,5
CTCTGGTTCCCAGGCA-1,7
CTGAATGAGAAGAACG-1,1
CTGAATGCAAGGTCTT-1,3
CTGAATGCACGTACTA-1,2
CTGAGCGCATAAGATG-1,3
CTGAGCGCATCCTCAC-1,8
CTGAGCGGTCTGTGAT-1,7
CTGAGCGGTGCTTATG-1,1
CTGAGCGGTGTGGACA-1,6
CTGAGGCAGAAATTGC-1,6
CTGAGGCAGACATAGT-1,7
CTGAGGCGTATGAAAC-1,3
CTGAGGCGTGCCTACG-1,3
CTGAGGCTCATTTGTC-1,5
CTGAGGCTCTCTCGCA-1,4
CTGAGGCTCTTCGACC-1,2
CTGATCCAGAGTCACG-1,3
CTGATCCCACTACCCT-1,5
CTGATCCGTGCCCACA-1,5
CTGATCCTCAGCTAGT-1,4
CTGCAGGAGTATAGAC-1,2
CTGCAGGGTATGGAGC-1,4
CTGCAGGGTTAGCGGA-1,1
CTGCAGGGTTCTCCCA-1,7
CTGCAGGGTTGTGCCG-1,5
CTGCAGGTCCACGTGG-1,2
CTGCATCAGTTCGGTT-1,2
CTGCATCCAAGACCTT-1,2
CTGCATCGTCTGTTAG-1,1
CTGCATCTCAGATTGC-1,6
CTGCATCTCATGGTAC-1,4
CTGCCATAGTAGAATC-1,9
CTGCCATAGTCGCCCA-1,9
CTGCCATAGTGGCGAT-1,1
CTGCCATCACGGCGTT-1,7
CTGCCATCAGGGATAC-1,9
CTGCCATCATATGCGT-1,1
CTGCCATGTTGGATCT-1,1
CTGCCATTCCATAAGC-1,7
CTGCCTAAGAAATGGG-1,3
CTGCCTAAGCAGAAAG-1,8
CTGCCTAAGGGAGGTG-1,2
CTGCCTAAGTCGGCAA-1,3
CTGCCTAGTAGATTGA-1,6
CTGCCTAGTGGCTTGC-1,2
CTGCCTATCAGATTGC-1,7
CTGCGAGAGGTCACTT-1,5
CTGCGAGCAACTACGT-1,1
CTGCGAGGTTACGATC-1,3
CTGCGAGTCAGGTGTT-1,3
CTGCGAGTCCACGGAC-1,1
CTGCTCAAGCCTTCTC-1,9
CTGCTCAAGGTGTGAC-1,7
CTGCTCAAGGTTCACT-1,8
CTGCTCAAGTGCACTT-1,7
CTGCTCATCGTCAAAC-1,5
CTGCTCATCTCGGTAA-1,2
CTGGACGAGCACGGAT-1,3
CTGGACGAGGATTTCC-1,2
CTGGACGCAAAGGATT-1,4
CTGGACGGTAATGCGG-1,4
CTGGACGGTTGCATTG-1,2
CTGGACGTCCAACACA-1,7
CTGGACGTCCGTAATG-1,7
CTGGACGTCGGTGTTA-1,5
CTGGCAGAGGTCCGAA-1,5
CTGGCAGCAACAGAGC-1,6
CTGGCAGCACGAGGTA-1,9
CTGGCAGGTTTACTGG-1,5
CTGGCAGTCGTAGGAG-1,1
CTGGCAGTCTCAGGCG-1,4
CTGGTCTAGATAGTCA-1,6
CTGGTCTAGCTCCGAC-1,5
CTGGTCTAGTATAACG-1,4
CTGGTCTGTAGCACGA-1,1
CTGTACCAGCGGATCA-1,4
CTGTACCAGCGTGAAC-1,1
CTGTACCCAAACCACT-1,6
CTGTACCCACATATCG-1,5
CTGTACCGTACGCTTA-1,2
CTGTAGACAATCCTAG-1,6
CTGTAGACATATGCGT-1,2
CTGTAGAGTACAAGCG-1,6
CTGTAGATCGAGCACC-1,3
CTGTAGATCGCACTCT-1,6
CTGTATTAGACTCGAG-1,3
CTGTATTCAGGCCCTA-1,6
CTGTATTGTACAGAGC-1,3
CTGTATTGTTAGAAGT-1,8
CTGTATTTCACTTTGT-1,5
CTGTATTTCATCCCGT-1,5
CTGTCGTAGGGACTGT-1,3
CTGTCGTCAATCTGCA-1,1
CTGTCGTGTACGATGG-1,6
CTGTCGTGTCTCGACG-1,6
CTGTCGTTCCCATGGG-1,3
CTGTGAAAGCATGTTC-1,1
CTGTGAAAGCCGCACT-1,5
CTGTGAACAGAGACTG-1,2
CTGTGAATCCAACTGA-1,1
CTGTGGGCAACCCTCT-1,7
CTGTGGGCAGAAACCG-1,2
CTGTGGGGTTGCTCAA-1,4
CTGTGGGGTTTCTTAC-1,7
CTGTGGGTCCAGTGCG-1,5
CTTACCGAGGTCCGAA-1,1
CTTACCGCAATTGCGT-1,9
CTTACCGCACCTGCAG-1,2
CTTACCGCAGAAATCA-1,2
CTTACCGGTCGAGTGA-1,6
CTTACCGGTCTAGGCC-1,1
CTTAGGACACTACGGC-1,4
CTTAGGAGTGTTTCTT-1,6
CTTAGGATCTGTTGGA-1,7
CTTCAATAGGTAGCAC-1,2
CTTCAATCAAAGGATT-1,5
CTTCAATCATCCTTGC-1,6
CTTCAATCATCTCCCA-1,8
CTTCAATGTATGGTTC-1,9
CTTCAATTCCGAGTGC-1,2
CTTCAATTCGATTGGT-1,2
CTTCAATTCGGAAACG-1,4
CTTCAATTCGGCCTTT-1,1
CTTCAATTCTCATGCC-1,4
CTTCCGAAGGTCGTCC-1,4
CTTCCGACAATGGGTG-1,7
CTTCCGAGTCATCCGG-1,2
CTTCCGAGTCCTGTTC-1,9
CTTCCGAGTTACTCAG-1,5
CTTCCGATCCCTCATG-1,5
CTTCCGATCTGCCTGT-1,5
CTTCCTTAGAGAACCC-1,2
CTTCCTTAGTATCCTG-1,7
CTTCCTTCACGTTCGG-1,1
CTTCCTTTCGTGTCAA-1,6
CTTCGGTAGTAGAATC-1,7
CTTCGGTGTACGGTTT-1,1
CTTCGGTGTCCCTAAA-1,1
CTTCTAAAGCAAATCA-1,2
CTTCTAAAGCCTGAAG-1,3
CTTCTAACAATTTCGG-1,6
CTTCTAACAGAGACTG-1,7
CTTCTAACAGTTACCA-1,2
CTTCTAAGTGCCTTCT-1,3
CTTCTAAGTGGCGCTT-1,3
CTTCTAAGTGTCATCA-1,4
CTTCTAAGTTGGTGTT-1,8
CTTCTAAGTTTCGACA-1,2
CTTCTAATCCTGGGAC-1,7
CTTCTAATCGTTAGTG-1,6
CTTCTAATCTCCACTG-1,2
CTTCTCTCACCGTCGA-1,8
CTTCTCTCAGTCACGC-1,5
CTTCTCTTCATGCATG-1,7
CTTCTCTTCGACCTAA-1,1
CTTGAGAAGACCATGG-1,3
CTTGAGAAGATCCAAA-1,2
CTTGAGAAGGCCTTGC-1,4
CTTGAGACATTGGATC-1,6
CTTGAGAGTGACACGA-1,1
CTTGAGAGTTCGTTCC-1,3
CTTGATTAGCTGAAGC-1,1
CTTGATTAGTAGCCAG-1,5
CTTGATTAGTCACTAC-1,5
CTTGATTGTTAGCGGA-1,4
CTTGATTTCAACCTCC-1,5
CTTGATTTCGAAGTGG-1,4
CTTGATTTCTGTGTGA-1,2
CTTTCAAAGAAGCCTG-1,2
CTTTCAAAGACTCTTG-1,2
CTTTCAAAGCCTAACT-1,9
CTTTCAAAGGGCAGGA-1,6
CTTTCAACAAGCCTGC-1,9
CTTTCAACATTGCCGG-1,7
CTTTCAAGTAGCACGA-1,1
CTTTCAAGTCTGTGAT-1,1
CTTTCAAGTTCTAACG-1,2
CTTTCAATCACCCTTG-1,5
CTTTCAATCAGTCAGT-1,3
CTTTCAATCTGTAAGC-1,1
CTTTCGGAGCTCGTGC-1,6
CTTTCGGAGGATACAT-1,6
CTTTCGGAGGTGGCTA-1,7
CTTTCGGAGTACTCGT-1,6
CTTTCGGGTACCTTCC-1,4
CTTTCGGGTCAGTCTA-1,1
CTTTCGGTCAAGGCTT-1,5
GAAACCTAGACTTAAG-1,3
GAAACCTCAATAACGA-1,7
GAAACCTGTACTCCGG-1,4
GAAACCTGTTGGCCGT-1,2
GAAACCTTCGCAGTTA-1,8
GAAACCTTCTTGAACG-1,2
GAAATGAAGCGGACAT-1,5
GAAATGACAAGTTTGC-1,4
GAAATGACAGCTGTAT-1,8
GAAATGAGTAGACACG-1,1
GAAATGATCCAAAGGG-1,1
GAAATGATCTCCACTG-1,5
GAACACTAGATGCTGG-1,4
GAACACTCACCTCTAC-1,7
GAACACTGTCAACACT-1,6
GAACACTGTCAAGCCC-1,2
GAACACTTCCAAGAGG-1,8
GAACACTTCTAAGAAG-1,4
GAACGTTCATCGAACT-1,5
GAACGTTGTCATCTAG-1,5
GAACGTTTCCATGATG-1,6
GAACGTTTCTAGAGCT-1,2
GAACTGTAGTTCCATG-1,7
GAACTGTGTGAACGGT-1,6
GAACTGTTCCGTAGTA-1,4
GAACTGTTCCTTATAC-1,7
GAAGAATAGTCATCCA-1,1
GAAGAATCATATCTCT-1,5
GAAGAATGTCATCAGT-1,4
GAAGAATTCAGTGGGA-1,3
GAAGAATTCTTAGCCC-1,9
GAAGCCCAGCCATCCG-1,1
GAAGCCCCAAGCGCAA-1,9
GAAGCCCCACCCTGAG-1,7
GAAGCCCCAGTGGGTA-1,5
GAAGCCCCATCCTCAC-1,5
GAAGCCCCATCGCTCT-1,3
GAAGCCCGTAGTGCGA-1,8
GAAGCCCGTCGCTTGG-1,1
GAAGCCCTCAAGAGTA-1,3
GAAGCCCTCTACCAGA-1,8
GAAGCGAAGGTTCAGG-1,6
GAAGCGACAACACGAG-1,6
GAAGGACAGCAACTTC-1,5
GAAGGACCAGATACCT-1,5
GAAGGACTCCAAGCTA-1,5
GAAGGACTCCGATAGT-1,1
GAAGGGTAGCATTTGC-1,1
GAAGGGTGTCTTGCGG-1,1
GAAGGGTGTGGGTTGA-1,1
GAAGGGTTCCACCCTA-1,9
GAAGGGTTCCTCCACA-1,5
GAAGTAAAGCGACTAG-1,3
GAAGTAAAGCGTGTTT-1,1
GAAGTAAAGCTGGTGA-1,6
GAAGTAAAGGAGAGTA-1,6
GAAGTAAAGGTCATTC-1,8
GAAGTAAAGGTCCCTG-1,3
GAAGTAAGTTGTTTGG-1,1
GAATAGACAAAGTGTA-1,1
GAATAGACAGTCACGC-1,9
GAATAGATCACATCAG-1,8
GAATCACAGGGACCAT-1,4
GAATCACAGTCGAAAT-1,1
GAATCACTCAAGCGTT-1,4
GAATCACTCACGGTCG-1,1
GAATCGTCAAGCACAG-1,4
GAATCGTCAATCCAGT-1,6
GAATCGTCACGACAAG-1,2
GAATCGTCATGCAGCC-1,5
GAATCGTTCATGCATG-1,5
GAATCGTTCCTCAGGG-1,4
GACACGCAGACGCCAA-1,1
GACACGCAGTTCTACG-1,1
GACACGCTCCATACTT-1,5
GACACGCTCCATTTAC-1,9
GACAGCCAGCGAGTAC-1,1
GACAGCCAGCTTTGTG-1,2
GACAGCCAGTTGCTGT-1,2
GACAGCCCACTGAGGA-1,1
GACAGCCGTAATGATG-1,5
GACAGCCGTCCCTAAA-1,2
GACAGCCTCATTCACT-1,2
GACAGCCTCCTCACTG-1,2
GACATCAAGTCTGCGC-1,5
GACCAATAGCTGCCAC-1,5
GACCAATAGTGATTCC-1,5
GACCAATCAACATCGT-1,5
GACCAATCAATGTGGG-1,9
GACCAATCACAAAGTA-1,5
GACCAATCATTGCCGG-1,2
GACCAATGTATTTCGG-1,5
GACCAATTCGGTAACT-1,7
GACCCAGAGACTTCAC-1,7
GACCCAGAGATGATTG-1,2
GACCCAGGTATGAGAT-1,4
GACCCAGGTGGATGAC-1,3
GACCCAGGTTAGGCTT-1,4
GACCCAGTCAGCTGAT-1,1
GACCCAGTCAGTGGGA-1,7
GACCCAGTCTCACTCG-1,7
GACCCTTAGGCCACCT-1,9
GACCCTTAGTACTCGT-1,9
GACCCTTCACCAACAT-1,9
GACCCTTGTTTGGCTA-1,7
GACCCTTTCAGCTGAT-1,2
GACCCTTTCGACGACC-1,2
GACCGTGCACTATGTG-1,2
GACCGTGGTGGATACG-1,3
GACCGTGTCCCTGGTT-1,6
GACCGTGTCTACGGTA-1,8
GACCGTGTCTAGAGCT-1,4
GACCTTCGTAAGCTCT-1,1
GACCTTCGTCAGGTAG-1,2
GACCTTCTCTTACCGC-1,5
GACGCTGAGTCCGTCG-1,1
GACGCTGCACTCCGGA-1,2
GACGCTGGTACCTATG-1,3
GACGCTGGTACTGAGG-1,2
GACGCTGGTAGCTGAG-1,7
GACGTTAAGCACGGAT-1,1
GACGTTACAGAGCGTA-1,6
GACGTTACATCATTGG-1,2
GACGTTATCATCAGTG-1,6
GACTATGAGCACTCTA-1,2
GACTATGAGCCTGAGA-1,5
GACTATGAGCTGTACT-1,1
GACTATGCAACAAAGT-1,2
GACTATGCAACGTAAA-1,2
GACTATGGTAACTGCT-1,4
GACTATGTCACGTAGT-1,3
GACTATGTCTAGTCAG-1,1
GACTCAAAGTGCTAGG-1,3
GACTCAACATTGTAGC-1,1
GACTCAAGTAGACTGG-1,2
GACTCAATCAGAGTTC-1,9
GACTCAATCATGAAAG-1,1
GACTCAATCCCAGCGA-1,3
GACTCTCAGATAGGGA-1,4
GACTCTCAGTTTGAGA-1,9
GACTCTCCAAGGTCTT-1,3
GACTCTCGTAGACACG-1,3
GACTCTCGTTTCCATT-1,9
GACTCTCTCAAGGAGC-1,3
GACTCTCTCTCCGCAT-1,5
GACTCTCTCTGATGGT-1,1
GACTCTCTCTTGTGCC-1,2
GACTGATCACATACGT-1,1
GACTGATGTTCGTACA-1,4
GACTGATTCCATCTGC-1,6
GACTGATTCGTTGTAG-1,2
GACTTCCAGAGTCAAT-1,2
GACTTCCAGGTCCCGT-1,2
GACTTCCCAATCGCAT-1,7
GACTTCCGTCATCGGC-1,2
GACTTCCGTGACAGCA-1,3
GACTTCCTCCACAGGC-1,5
GACTTCCTCCCGTAAA-1,8
GACTTCCTCGAGTGGA-1,4
GAGAAATAGCTAGTTC-1,9
GAGAAATCAACCGACC-1,8
GAGAAATCAATTGAGA-1,1
GAGAAATCACGCTTAA-1,6
GAGAAATCAGGGCTTC-1,8
GAGAAATGTAGGCTCC-1,8
GAGAAATGTCCATAGT-1,9
GAGAAATGTGACCTGC-1,5
GAGAAATGTTAAACCC-1,2
GAGAAATTCCGTCCTA-1,2
GAGACCCAGCGACTAG-1,6
GAGACCCGTGCAACAG-1,6
GAGACCCTCAAAGCCT-1,3
GAGACCCTCATCGGGC-1,8
GAGACTTAGCGTATAA-1,1
GAGACTTAGGTCCCGT-1,7
GAGACTTCACAATGCT-1,8
GAGACTTCACGTTCGG-1,1
GAGACTTCACTGTCCT-1,8
GAGACTTGTCGCTGCA-1,8
GAGACTTGTGTTCCAA-1,3
GAGACTTTCAGCCCAG-1,8
GAGACTTTCCTCACCA-1,5
GAGACTTTCGCCCAGA-1,2
GAGACTTTCTGAGTCA-1,2
GAGAGGTAGGAACGAA-1,3
GAGAGGTAGGGACCAT-1,3
GAGAGGTCAGGACTAG-1,1
GAGAGGTTCTCTAGGA-1,2
GAGATGGAGAAACACT-1,5
GAGATGGAGGGCAAGG-1,6
GAGATGGAGGTTACAA-1,3
GAGATGGGTAGACAAT-1,1
GAGATGGTCCAAGGGA-1,3
GAGATGGTCCGATCGG-1,9
GAGCCTGCACTTGAAC-1,1
GAGCCTGGTGTATTCG-1,4
GAGCTGCAGAAGCGGG-1,3
GAGCTGCAGTTCAACC-1,9
GAGCTGCCAGCATTGT-1,1
GAGCTGCTCTGACCCT-1,4
GAGGCAAAGAATGTTG-1,6
GAGGCAAAGGAGTCTG-1,6
GAGGCAAAGGGCGAGA-1,4
GAGGCAAGTCGGATTT-1,6
GAGGCAAGTTCTCTAT-1,1
GAGGCAATCTTTGCTA-1,7
GAGGCCTAGACAGCGT-1,7
GAGGCCTAGGTTGACG-1,1
GAGGCCTCAAACTAGA-1,3
GAGGCCTCAGCAAGAC-1,5
GAGGCCTCATACAGCT-1,7
GAGGCCTGTCCACAGC-1,2
GAGGCCTGTGGAACAC-1,4
GAGGCCTTCAGCTAGT-1,5
GAGGGATAGGCTATCT-1,3
GAGGGATGTATCGCAT-1,3
GAGGGATGTATGATCC-1,8
GAGGGATGTCCTCAGG-1,4
GAGGGATGTGATAGTA-1,3
GAGGGATGTGGACTGA-1,3
GAGGGTAAGGACGCTA-1,3
GAGGGTACAAAGAACT-1,1
GAGGGTACAAGAAACT-1,1
GAGTCATAGTGTACAA-1,8
GAGTCATCAAGAGGCT-1,5
GAGTCATCACCATAAC-1,6
GAGTCATCAGTTCACA-1,7
GAGTCATCATTCGATG-1,2
GAGTCATGTACAAGTA-1,1
GAGTCATTCGCAGTGC-1,2
GAGTCTAAGCGGTAGT-1,7
GAGTCTAAGTATCTGC-1,7
GAGTCTAAGTGGATTA-1,1
GAGTCTACAATCAGCT-1,3
GAGTCTAGTAGGACCA-1,6
GAGTCTAGTATCGCTA-1,6
GAGTCTAGTGCATTTG-1,8
GAGTGAGAGTTCTACG-1,1
GAGTGAGCAAACTCTG-1,5
GAGTGAGCACCCTAAA-1,6
GAGTGAGGTTCGCGTG-1,1
GAGTGAGTCAAGAGTA-1,1
GAGTGAGTCGGTCGAC-1,5
GAGTGAGTCTTCTCAA-1,5
GAGTGTTAGAACAGGA-1,6
GAGTGTTAGCATTTCG-1,5
GAGTGTTAGTAAGGGA-1,3
GAGTGTTCAGTGTACT-1,4
GAGTGTTTCATTCATC-1,3
GAGTGTTTCTGTAACG-1,1
GAGTTACAGCGACAGT-1,4
GAGTTACCAGCATGCC-1,5
GAGTTACGTCCCTGAG-1,8
GAGTTACGTGTATTGC-1,6
GAGTTACGTGTTCGAT-1,1
GAGTTACTCCTAACAG-1,2
GAGTTGTAGAAGTCCG-1,3
GAGTTGTAGCATTGTC-1,7
GAGTTGTAGCCGTCGT-1,6
GAGTTGTAGCGTGAGT-1,4
GAGTTGTCAAGGCTTT-1,1
GAGTTGTCACCAGACC-1,1
GAGTTGTCACCTTCGT-1,5
GAGTTGTCACGATTCA-1,2
GAGTTGTGTATTCTCT-1,1
GAGTTGTTCCTGCCAT-1,1
GAGTTGTTCTAGACAC-1,6
GAGTTGTTCTGAGTCA-1,3
GAGTTTGGTCAGTCGC-1,1
GAGTTTGGTCCAAATC-1,2
GAGTTTGTCCCTCTAG-1,2
GAGTTTGTCCGATGCG-1,2
GAGTTTGTCGGCATTA-1,6
GATAGAAAGTAGATCA-1,4
GATAGAACAAAGGCTG-1,1
GATAGAACAGGCAATG-1,5
GATAGAAGTCACTCAA-1,7
GATAGAATCTGCATGA-1,9
GATAGAATCTTACCAT-1,3
GATAGCTCAACTCGAT-1,2
GATAGCTGTCTCAGGC-1,5
GATAGCTGTGAGTTGG-1,4
GATCACAAGGAGTACC-1,7
GATCACACAGAGTGAC-1,6
GATCACACATCCGCGA-1,8
GATCACAGTAGGAGGG-1,3
GATCACAGTATCACCA-1,6
GATCACAGTTCCCACT-1,8
GATCACATCGTTCCCA-1,1
GATCAGTAGGATTCCT-1,1
GATCAGTCAAGTGATA-1,4
GATCAGTGTTCGGCTG-1,7
GATCAGTGTTGCGAAG-1,2
GATCAGTTCAGTCACA-1,5
GATCAGTTCGAGAATA-1,6
GATCAGTTCGCCATAA-1,4
GATCATGCAGCTCTGG-1,3
GATCATGTCAAATGCC-1,7
GATCATGTCAGGAAAT-1,1
GATCCCTAGGTCACCC-1,5
GATCCCTCAAGGCAAC-1,8
GATCCCTCACCAGTTA-1,5
GATCCCTGTCCTCATC-1,6
GATCGTACAACCGGAA-1,5
GATCGTAGTAAGATCA-1,8
GATCGTAGTACAAAGT-1,3
GATCGTAGTCCACGCA-1,5
GATCGTATCAGTCCGG-1,1
GATCGTATCCACGTAA-1,3
GATGACTAGCCGATCC-1,9
GATGACTAGGAATCGC-1,4
GATGACTAGGGTTAGC-1,4
GATGACTAGTGGCAGT-1,1
GATGACTAGTGGTGAC-1,2
GATGACTAGTTCCATG-1,5
GATGACTCAATAAGGT-1,5
GATGACTCAATGCAGG-1,1
GATGACTCACCGGTCA-1,8
GATGACTCATGTCTAG-1,4
GATGACTGTACCGGAA-1,2
GATGACTGTCGCATGC-1,6
GATGACTTCAGCTGTA-1,2
GATGAGGCAGCACAGA-1,2
GATGAGGCATGAAGGC-1,4
GATGAGGGTGCCGTAC-1,3
GATGAGGGTTCGTACA-1,3
GATGAGGTCATGCTAG-1,4
GATGATCCACTCCCTA-1,1
GATGATCCATGACTTG-1,1
GATGATCCATGTACGT-1,3
GATGATCGTCCCTGAG-1,5
GATGCTAAGGTAAACT-1,1
GATGCTAAGTTGAATG-1,5
GATGCTACATGACACT-1,4
GATGCTAGTACTCCCT-1,1
GATGCTATCGCTCTCA-1,2
GATGCTATCGTGTGAT-1,5
GATGGAGAGCTACTAC-1,3
GATGGAGCACAACATC-1,2
GATGGAGCACACGGAA-1,4
GATGGAGGTGGCGCTT-1,1
GATGGAGGTTACCTTT-1,2
GATGGAGTCTCGCTTG-1,6
GATGTTGAGGTACATA-1,6
GATGTTGAGTGATCGG-1,5
GATGTTGAGTGATTCC-1,8
GATGTTGCACCACTGG-1,7
GATGTTGCACCGGAAA-1,6
GATGTTGCACTACCGG-1,5
GATGTTGCAGCGTACC-1,1
GATGTTGGTTACCTTT-1,3
GATGTTGGTTGTTTGG-1,9
GATGTTGTCACCGGTG-1,9
GATGTTGTCCCGTGAG-1,1
GATGTTGTCGATAACC-1,1
GATTCGAAGGTTATAG-1,1
GATTCGAAGTATGAGT-1,1
GATTCGACACGTGAGA-1,4
GATTCGACATGGAAGC-1,1
GATTCGAGTGATAGAT-1,6
GATTCTTGTAAGCGGT-1,2
GATTCTTTCCTCTCTT-1,2
GATTGGTAGAGTACCG-1,4
GATTGGTAGGGAGGCA-1,3
GATTGGTGTTGGACTT-1,9
GATTGGTTCATCACAG-1,4
GATTGGTTCCAATCTT-1,5
GATTGGTTCCTTCACG-1,1
GATTTCTCAATACGCT-1,2
GATTTCTCATACCACA-1,5
GATTTCTGTAACGTTC-1,9
GATTTCTGTTGTTTGG-1,2
GCAACATAGAAAGCGA-1,3
GCAACATCACCCTAGG-1,1
GCAACATCAGACATCT-1,2
GCAACATCAGTTAAAG-1,5
GCAACATGTGAGCAGT-1,8
GCAACATTCATAGGCT-1,3
GCAACCGAGTCATACC-1,2
GCAACCGAGTGTTGTC-1,3
GCAACCGGTAGTGATA-1,8
GCAACCGTCGGAATTC-1,1
GCACATAAGTGGTCAG-1,4
GCACATACATACCACA-1,8
GCACATAGTGGCAGAT-1,3
GCACATAGTTGAGTCT-1,5
GCACATATCAACCTCC-1,8
GCACATATCCTTACCG-1,2
GCACATATCTTCGTGC-1,4
GCACGGTCACTCCTGT-1,7
GCACGGTCATCAACCA-1,1
GCACGGTGTAAGCTCT-1,1
GCACGGTTCGCGCCAA-1,4
GCACGGTTCGTGGCTG-1,7
GCACGGTTCTACGGTA-1,8
GCACGGTTCTATGCCC-1,8
GCACGGTTCTGGTGCG-1,6
GCACGTGAGAGGTGCT-1,1
GCACGTGAGTCCTACA-1,4
GCACGTGCAAAGCTAA-1,3
GCACGTGCACAGCTGC-1,8
GCACGTGCACGGTGAA-1,2
GCACGTGCACTGCGAC-1,5
GCACGTGTCAGTCACA-1,6
GCACTAAAGTGCCCGT-1,1
GCACTAACAGTGACCC-1,1
GCACTAAGTAGTGTGG-1,1
GCAGCCAGTTTCACTT-1,8
GCAGCCATCCACAGCG-1,1
GCAGCTGAGTCATACC-1,2
GCAGCTGCAACTCGTA-1,2
GCAGCTGCACGTATAC-1,3
GCAGCTGCAGACTCTA-1,4
GCAGCTGCATAAGCAA-1,3
GCAGCTGGTAATCAGA-1,2
GCAGCTGGTACTGCGC-1,6
GCAGCTGGTATACCTG-1,3
GCAGCTGGTCTTCCGT-1,7
GCAGCTGTCACTCCGT-1,1
GCAGCTGTCGGTATGT-1,6
GCAGGCTAGACATAAC-1,5
GCAGGCTAGCTCAGAG-1,4
GCAGGCTAGGGTAATT-1,1
GCAGGCTCACGTTGGC-1,2
GCAGGCTGTTGTCTAG-1,2
GCAGGCTTCCACTGGG-1,1
GCAGGCTTCTACTCAT-1,7
GCAGTTATCCCATGGG-1,6
GCATCGGAGCATACTC-1,4
GCATCGGGTCTTCATT-1,8
GCATCGGTCCGTTTCG-1,3
GCATCGGTCGTTGCCT-1,4
GCATCTCCATCACGGC-1,3
GCATCTCTCATGCCAA-1,1
GCATCTCTCTACTGAG-1,8
GCATCTCTCTCGAGTA-1,8
GCATGATAGGAGCTGT-1,1
GCATGATCAGAGATGC-1,1
GCATGATGTATTGACC-1,5
GCATGATGTCTTGTCC-1,2
GCATTAGAGGATCATA-1,2
GCATTAGAGGGAGATA-1,3
GCATTAGAGTACAACA-1,6
GCATTAGCAACCGTAT-1,6
GCATTAGCAGAACCGA-1,4
GCATTAGCAGCAGTCC-1,5
GCATTAGCAGTCTACA-1,5
GCATTAGCATGTTTGG-1,6
GCATTAGGTAGGCTCC-1,6
GCATTAGGTTGTAAAG-1,7
GCATTAGTCAACTACG-1,7
GCATTAGTCGAGATAA-1,6
GCCAACGGTGAGACGT-1,4
GCCAACGGTTTCGTTT-1,6
GCCAACGTCAGGAAGC-1,1
GCCAGCAAGTCGCCCA-1,3
GCCAGCACAACCTATG-1,8
GCCAGCACATGGGCAA-1,2
GCCAGCAGTTGGCTAT-1,6
GCCAGGTAGACAACAT-1,8
GCCAGGTCACAGACGA-1,5
GCCAGGTGTAAGTCAA-1,8
GCCAGGTGTGTCCGGT-1,3
GCCAGGTGTGTGATGG-1,4
GCCAGGTTCAGATTGC-1,8
GCCAGTGAGAAGGGAT-1,4
GCCAGTGAGCCAGAGT-1,4
GCCAGTGCAATACGCT-1,5
GCCAGTGCAGCGTACC-1,2
GCCAGTGGTAAGTAGT-1,6
GCCAGTGGTCCAGCCA-1,4
GCCATGGAGAGGTATT-1,8
GCCATGGAGCTTAGTC-1,7
GCCATGGCATACATCG-1,7
GCCATGGGTGGCTAGA-1,4
GCCATGGGTTAGGCTT-1,1
GCCATGGGTTGCCTAA-1,2
GCCATGGTCCACGGAC-1,6
GCCATTCAGAAGCTGC-1,7
GCCATTCCACCAAATC-1,2
GCCATTCGTACTCGTA-1,1
GCCATTCGTAGCTGTT-1,2
GCCATTCGTCAAACGG-1,1
GCCATTCTCTCGTCAC-1,7
GCCCAGAAGTCTGCAT-1,1
GCCCAGAGTTTACGAC-1,5
GCCCAGATCACCTGGG-1,3
GCCCAGATCACGACTA-1,2
GCCCAGATCCTCACCA-1,2
GCCCGAAAGGGTTAGC-1,2
GCCCGAACATGCGGTC-1,2
GCCCGAAGTAACCAGG-1,1
GCCCGAAGTAAGTCAA-1,7
GCCCGAAGTAGAGACC-1,9
GCCCGAAGTATGAAAC-1,2
GCCCGAATCCACTAGA-1,7
GCCCGAATCTATCGCC-1,2
GCCGATGAGAATGTTG-1,6
GCCGATGAGGAGACCT-1,2
GCCGATGAGTCGGGAT-1,3
GCCGATGCAGTTGGTT-1,2
GCCGATGCATAGTCAC-1,3
GCCGATGGTCGTGGAA-1,3
GCCGATGGTCTCAGAT-1,6
GCCGATGGTTCTAACG-1,6
GCCGATGTCGTGAGAG-1,3
GCCGATGTCTTGCGCT-1,1
GCCGTGAAGAGCATAT-1,1
GCCGTGAAGCTTTGTG-1,4
GCCGTGAGTCAACGCC-1,2
GCCGTGATCTTCACAT-1,3
GCCTGTTAGCCGGATA-1,8
GCCTGTTAGTTCCGTA-1,5
GCCTGTTCAAATGAAC-1,8
GCCTGTTGTACTCGAT-1,9
GCCTGTTGTGCTCCGA-1,9
GCCTGTTGTTCTCTCG-1,8
GCCTGTTTCTGTGTGA-1,7
GCGAGAAAGACCAGAC-1,1
GCGAGAAAGCGTCAAG-1,5
GCGAGAAAGGCTTAAA-1,3
GCGAGAACAAAGAGTT-1,1
GCGAGAACAGAGTCAG-1,3
GCGAGAAGTAGCGCCT-1,3
GCGAGAAGTGGCAGAT-1,2
GCGAGAATCAAACGTC-1,6
GCGAGAATCCCAAGCG-1,3
GCGAGAATCGTGACTA-1,1
GCGATCGAGCAAGGAA-1,5
GCGATCGCACGGTGAA-1,4
GCGATCGGTTTACACG-1,3
GCGATCGTCACGTAGT-1,6
GCGATCGTCATGAAAG-1,3
GCGATCGTCTCGCCTA-1,5
GCGGAAACAGTCGGTC-1,4
GCGGATCAGATCCCAT-1,1
GCGGATCAGCCTCAGC-1,1
GCGGATCCACTGGACC-1,1
GCGGATCTCACGGAGA-1,6
GCGTGCAAGATCCGAG-1,3
GCGTGCAAGTCCTACA-1,8
GCGTGCACACCGGTCA-1,4
GCGTGCAGTAACGCGA-1,1
GCGTTTCCAACCACGC-1,3
GCGTTTCCAATTGTGC-1,6
GCGTTTCCACATTCGA-1,5
GCGTTTCGTCAAATCC-1,3
GCGTTTCGTCACTAGT-1,4
GCTACAAAGACAAGCC-1,7
GCTACAATCCAACACA-1,1
GCTACAATCTTCCAGC-1,9
GCTACCTAGGCTAGCA-1,2
GCTACCTGTCGTCAGC-1,5
GCTACCTTCACTACGA-1,2
GCTACCTTCTTCCAGC-1,1
GCTCAAAAGTAGTGCG-1,4
GCTCAAAGTACCAGAG-1,4
GCTCAAAGTTCTAACG-1,3
GCTGAATAGTCGAAGC-1,1
GCTGAATGTATCGCGC-1,3
GCTGAATTCGGCATCG-1,4
GCTGAATTCTCAGTCC-1,5
GCTGCAGAGAAATCCA-1,7
GCTGCAGCACTATCCC-1,7
GCTGCAGCAGTTAAAG-1,3
GCTGCAGGTCGAAGCA-1,1
GCTGCAGGTGGACTGA-1,1
GCTGCAGTCACCTGTC-1,2
GCTGGGTAGGTATCTC-1,5
GCTGGGTCATTGCCTC-1,4
GCTGGGTGTTGTGTTG-1,3
GCTTCACAGTTGCTCA-1,3
GCTTCACCAGGAGGTT-1,7
GCTTCACGTCGTCAGC-1,1
GCTTCACGTGGTTTAC-1,5
GCTTCACGTTGGCCGT-1,4
GCTTGGGAGCGACTGA-1,1
GCTTGGGAGGAGATAG-1,3
GCTTGGGAGGTCGAGT-1,7
GCTTGGGCAGTCGTTA-1,2
GCTTGGGGTAGGCAAC-1,6
GCTTGGGGTTGCTAGT-1,2
GCTTGGGTCCGAGATT-1,4
GCTTGGGTCGTTCATT-1,4
GCTTGGGTCTAAGAAG-1,1
GCTTGGGTCTTGGAAC-1,5
GCTTTCGAGAACGTGC-1,2
GCTTTCGAGCAGCCCT-1,3
GCTTTCGAGTGCTAGG-1,1
GCTTTCGAGTGGTTAA-1,3
GCTTTCGAGTTTCAGC-1,6
GCTTTCGCAACGCCCA-1,8
GCTTTCGCACTACGGC-1,4
GCTTTCGCATCGATAC-1,2
GCTTTCGCATGAGATA-1,6
GCTTTCGGTCACCGCA-1,4
GCTTTCGGTTAAACCC-1,3
GGAACCCAGAATAACC-1,1
GGAACCCGTCATATGC-1,2
GGAACCCTCAGAGCGA-1,2
GGAACCCTCGGTTCAA-1,7
GGAAGTGAGACTCCGC-1,2
GGAAGTGAGGAGTATT-1,6
GGAAGTGAGGCATCGA-1,3
GGAAGTGAGTCGCCCA-1,7
GGAAGTGCAATTCGTG-1,3
GGAAGTGCAGCTCTGG-1,1
GGAAGTGGTACCGGCT-1,2
GGAAGTGGTACTGAGG-1,3
GGAAGTGGTCTGTTAG-1,3
GGAATCTCACGCCAGT-1,8
GGAATCTCATTGCTTT-1,1
GGAATCTTCATTGGTG-1,7
GGAATGGCATACAGCT-1,1
GGAATGGGTGATTCAC-1,3
GGAATGGTCGGCTCTT-1,2
GGACGTCAGCAACTCT-1,8
GGACGTCCATAGAATG-1,9
GGACGTCCATGGGATG-1,5
GGACGTCGTATCGAGG-1,6
GGACGTCGTCCTGTCT-1,1
GGACGTCTCTTCCAGC-1,4
GGAGAACCAAGGACAC-1,1
GGAGAACCACAAAGCG-1,6
GGAGAACTCAATCCAG-1,2
GGAGAACTCGTCGACG-1,5
GGAGAACTCTTCGTAT-1,1
GGAGATGGTACTGTTG-1,5
GGAGATGGTGTAGGAC-1,1
GGAGATGTCCACTTTA-1,4
GGAGCAAAGACAAGCC-1,3
GGAGCAAAGGTTTGAA-1,4
GGAGCAAGTTTACTTC-1,6
GGAGCAATCCATGCAA-1,5
GGAGCAATCCCAAGCG-1,2
GGAGCAATCGGTCAGC-1,6
GGAGGATCAGCTTCCT-1,3
GGAGGATGTACTGAGG-1,3
GGAGGATGTCGAAACG-1,3
GGAGGTAAGACCCGCT-1,5
GGAGGTAAGCAGATAT-1,9
GGAGGTACAGAAGCGT-1,9
GGAGGTACAGGCTCTG-1,8
GGAGGTACATGACCCG-1,4
GGAGGTAGTTAATCGC-1,1
GGAGGTATCAGCACCG-1,2
GGAGGTATCATTGCTT-1,5
GGATCTACATCACAGT-1,1
GGATCTAGTGTTTACG-1,6
GGATCTATCAGGGATG-1,6
GGATCTATCCAACTAG-1,2
GGATCTATCTAGTCAG-1,7
GGATGTTAGCCATTGT-1,7
GGATGTTAGCCTGAAG-1,2
GGATGTTAGGCCATAG-1,3
GGATGTTGTGGCGCTT-1,3
GGATGTTGTGGGTCAA-1,3
GGCACGTAGGACTAAT-1,4
GGCACGTAGGGTAATT-1,3
GGCACGTAGTGTAGTA-1,6
GGCACGTCAAGATGGC-1,6
GGCACGTTCAAATGCC-1,2
GGCACGTTCACTTTGT-1,2
GGCACGTTCGCAATTG-1,2
GGCACGTTCTTGAGCA-1,1
GGCAGTCAGGTGGTTG-1,4
GGCAGTCGTCAGACGA-1,3
GGCAGTCGTCAGGTGA-1,3
GGCAGTCTCACTTCTA-1,2
GGCGTCAAGAGCATAT-1,3
GGCGTCAAGAGTCAAT-1,1
GGCGTCAAGCATCAGG-1,1
GGCGTCACAGAATTCC-1,5
GGCGTCACAGATCCAT-1,3
GGCGTCAGTATAGCTC-1,4
GGCGTCAGTGGTATGG-1,1
GGCGTCATCCAGCTCT-1,4
GGCGTCATCTGTCGTC-1,4
GGCTGTGAGCGCCCAT-1,6
GGCTGTGCACATTACG-1,2
GGCTGTGTCTTGGGCG-1,1
GGCTTGGAGGCTTTCA-1,7
GGCTTGGGTAGAGTTA-1,6
GGCTTGGGTCTCGGGT-1,7
GGCTTGGTCGAAGTGG-1,5
GGCTTTCAGAGTGAAG-1,4
GGCTTTCAGGTGAGAA-1,6
GGCTTTCCACCAGCGT-1,2
GGCTTTCCACTCACTC-1,1
GGCTTTCGTACGGATG-1,4
GGCTTTCGTGAGCAGT-1,4
GGCTTTCGTTCCTTGC-1,1
GGCTTTCTCTATCGTT-1,2
GGCTTTCTCTGGACTA-1,3
GGGAAGTAGTTCCTGA-1,6
GGGAAGTCAAGCGGAT-1,1
GGGAAGTGTATGGTTC-1,3
GGGAAGTGTCTAACGT-1,3
GGGAAGTTCCTACCGT-1,4
GGGAAGTTCGATTTCT-1,1
GGGACAAAGCATGATA-1,2
GGGACAAAGCTCATAC-1,2
GGGACAAAGGTAAGGA-1,4
GGGACAAGTAGCCCTG-1,3
GGGACAAGTTGGGACA-1,1
GGGACAAGTTTAGTCG-1,1
GGGACAATCAAACTGC-1,1
GGGACAATCGGTCAGC-1,6
GGGACAATCTAGTGAC-1,2
GGGACCTAGTAGGAAG-1,3
GGGACCTCACGGAAGT-1,8
GGGACCTCATAAGCAA-1,6
GGGACCTGTACTCCCT-1,2
GGGACCTGTCGTCATA-1,4
GGGACCTGTTCGGTAT-1,4
GGGACCTGTTGGGCCT-1,1
GGGACCTTCGCTGTTC-1,2
GGGACCTTCGTTTACT-1,3
GGGACTCAGCGGTAAC-1,2
GGGACTCAGTGACCTT-1,6
GGGACTCCACTCTGCT-1,2
GGGACTCGTATTCCGA-1,8
GGGACTCGTCATAGTC-1,3
GGGACTCTCCATTCAT-1,9
GGGACTCTCGGAAGGT-1,1
GGGACTCTCTTGTGCC-1,5
GGGAGATAGATTAGTG-1,3
GGGAGATAGGAATTAC-1,3
GGGAGATGTGGACTAG-1,9
GGGAGATTCGTTGCCT-1,1
GGGAGTAAGCGGGTAT-1,6
GGGAGTACAGTCGAGA-1,1
GGGAGTAGTAGATTGA-1,5
GGGAGTAGTAGTCGGA-1,1
GGGAGTATCACCCTCA-1,5
GGGAGTATCCTCATAT-1,3
GGGAGTATCGCTGCGA-1,5
GGGATCCAGAAGGGAT-1,1
GGGATCCCATGGCCCA-1,4
GGGATCCGTATCTCGA-1,4
GGGATCCGTCATTGCA-1,5
GGGATCCGTCGAGCTC-1,3
GGGATCCTCATGGAGG-1,8
GGGATGAAGTAGGTTA-1,1
GGGATGACAAGTGTCT-1,6
GGGATGACAGCACACC-1,6
GGGATGACATCCCACT-1,8
GGGATGAGTATATGGA-1,1
GGGATGAGTTCGAACT-1,3
GGGATGAGTTGACTAC-1,2
GGGCCATAGGTCACCC-1,2
GGGCCATAGTACGTCT-1,6
GGGCCATGTAACTGCT-1,6
GGGCCATGTACGCTAT-1,3
GGGCCATGTCCGAAGA-1,6
GGGCCATTCAACTGAC-1,8
GGGCGTTAGACATCCT-1,4
GGGCGTTAGGAATGTT-1,8
GGGCGTTCAATTGCTG-1,2
GGGCGTTGTACCGTGC-1,6
GGGCGTTGTCTGTGGC-1,4
GGGCTACAGAATTGCA-1,4
GGGCTACAGATGTAGT-1,3
GGGCTACAGCACTCTA-1,7
GGGCTACAGCAGTAAT-1,3
GGGCTACCACCTCGTT-1,5
GGGCTACTCATAGCAC-1,3
GGGCTCAAGTTTCGAC-1,2
GGGCTCAGTCACGTGC-1,2
GGGCTCATCATCGACA-1,5
GGGCTCATCCCATAGA-1,2
GGGCTCATCCTCAGGG-1,8
GGGCTCATCTTGGTGA-1,7
GGGTAGACAGCTTCCT-1,1
GGGTAGATCATGACAC-1,7
GGGTAGATCCATCTGC-1,3
GGGTATTCACCAGACC-1,9
GGGTATTCACCCTAGG-1,3
GGGTATTCATGACTAC-1,4
GGGTCACAGCTAAACA-1,2
GGGTCACAGGCCCACT-1,1
GGGTCACAGTAAATGC-1,4
GGGTCACGTAATTAGG-1,6
GGGTCACGTCCGGTGT-1,1
GGGTCACGTGAAGCTG-1,1
GGGTCTGAGTAAAGCT-1,6
GGGTCTGCAAGCAATA-1,8
GGGTCTGCACCCTGTT-1,7
GGGTCTGCAGACACAG-1,5
GGGTCTGCAGACACCC-1,6
GGGTCTGCAGTCCCGA-1,1
GGGTCTGGTCGAGTGA-1,1
GGGTCTGTCCATCTCG-1,3
GGGTGAAAGGTGCAGT-1,4
GGGTGAAGTCGACTGC-1,7
GGGTGTCCAGAGTGAC-1,3
GGGTGTCGTTCTATCT-1,3
GGGTTATAGTACAGCG-1,4
GGGTTATCAATGCAGG-1,1
GGGTTATCAGCGAACA-1,4
GGGTTATCAGTTGTCA-1,1
GGGTTATCATGAGAAT-1,9
GGGTTATCATGATCTG-1,6
GGGTTATGTGTCCAAT-1,4
GGGTTATGTGTCTAAC-1,2
GGGTTATGTTGCTTGA-1,7
GGGTTATTCGACACCG-1,1
GGGTTTAGTATGAAGT-1,3
GGGTTTAGTGTCCGTG-1,1
GGGTTTATCCAGGACC-1,7
GGTAACTAGAATTGTG-1,7
GGTAACTAGAGATTCA-1,7
GGTAACTAGCACTCTA-1,1
GGTAACTCAACTCGTA-1,1
GGTAACTCACGTACTA-1,8
GGTAATCAGACCAACG-1,4
GGTAATCCAGAATTCC-1,9
GGTAATCCAGCGAACA-1,1
GGTAATCCAGTCTCTC-1,2
GGTAGAGAGCGATGAC-1,6
GGTAGAGAGGTGCCTC-1,5
GGTAGAGCAATACCTG-1,5
GGTAGAGCATGGTACT-1,1
GGTAGAGGTCGCGTTG-1,9
GGTAGAGGTGACCTGC-1,6
GGTAGAGTCAGATTGC-1,1
GGTAGAGTCATCGACA-1,1
GGTCACGAGCGGTAGT-1,1
GGTCACGAGTCGTTAC-1,3
GGTCACGCATGGGTTT-1,1
GGTCTGGAGGTCACAG-1,1
GGTCTGGAGTGGTCAG-1,1
GGTCTGGCAAAGGATT-1,2
GGTCTGGGTTAGGAGC-1,1
GGTCTGGGTTGCGGAA-1,4
GGTCTGGGTTGGGAAC-1,3
GGTCTGGTCACTTTGT-1,2
GGTCTGGTCCATTCAT-1,2
GGTCTGGTCGTAGAGG-1,5
GGTGAAGAGTACCGGA-1,6
GGTGAAGCAAAGTGTA-1,4
GGTGAAGCAAGGAGTC-1,3
GGTGAAGCACTACGGC-1,2
GGTGAAGGTACCTAGT-1,1
GGTGAAGGTAGCTTTG-1,3
GGTGAAGGTTCGGACC-1,1
GGTGAAGTCATAGACC-1,3
GGTGAAGTCGAGCCAC-1,8
GGTGAAGTCGGTTGTA-1,5
GGTGAAGTCTCTAAGG-1,7
GGTGATTAGCCGTCGT-1,1
GGTGATTAGGTGCAGT-1,9
GGTGATTTCACACCGG-1,2
GGTGATTTCCTGGTCT-1,2
GGTGATTTCGATAACC-1,2
GGTGATTTCTACTCAT-1,9
GGTGATTTCTTGTTAC-1,8
GGTGGCTAGCATGGGT-1,6
GGTGGCTAGCGATGCA-1,3
GGTGGCTCATATAGCC-1,2
GGTGGCTCATGTTCAG-1,9
GGTGGCTGTGCACGCT-1,7
GGTGGCTGTTCAATCG-1,1
GGTGGCTTCCTTATAC-1,6
GGTGGCTTCTGAGTCA-1,9
GGTGTCGAGAACAGGA-1,3
GGTGTCGAGAGCACTG-1,1
GGTGTCGAGCATCAGG-1,6
GGTGTCGCAAATCAAG-1,1
GGTGTCGCAGAGGCTA-1,1
GGTGTCGTCCACAGCG-1,4
GGTGTCGTCTAGTTCT-1,2
GGTGTTACATGGGCAA-1,1
GGTGTTAGTTACGTAC-1,6
GGTGTTATCGCCTAGG-1,6
GGTGTTATCTTCCGTG-1,2
GGTTAACAGCGACTTT-1,1
GGTTAACCAACTCGAT-1,4
GGTTAACCAGACTCTA-1,5
GGTTCTCAGTAGGAAG-1,1
GGTTCTCCAATCTCGA-1,2
GGTTCTCCACTCCCTA-1,1
GGTTCTCCAGGCTACC-1,5
GGTTCTCGTGACTCTA-1,5
GGTTCTCTCCGCTGTT-1,2
GGTTCTCTCGATACTG-1,7
GGTTCTCTCTTCTAAC-1,5
GGTTGTAAGATTGAGT-1,3
GGTTGTAAGCTGTTCA-1,7
GGTTGTAAGGGCAAGG-1,2
GGTTGTAGTAACCAGG-1,1
GGTTGTAGTAACGGTG-1,3
GGTTGTAGTACAGTCT-1,1
GGTTGTAGTACGTACT-1,3
GGTTGTAGTCCCTAAA-1,4
GGTTGTAGTGATTAGA-1,4
GGTTGTATCTGAGTCA-1,8
GGTTGTATCTTGTTAC-1,9
GTAACACAGCTTTGTG-1,4
GTAACACCAATTGCAC-1,8
GTAACACCAGGTCAAG-1,6
GTAACCAAGATGTTAG-1,5
GTAACCAAGCCAGAGT-1,8
GTAACCAAGCCTCTGG-1,4
GTAACCACATGGTGGA-1,2
GTAACCAGTAATCAGA-1,4
GTAACCAGTTGGACCC-1,3
GTAACCATCTGTCGTC-1,4
GTAAGTCAGATTGCGG-1,4
GTAAGTCAGGTGCATG-1,2
GTAAGTCAGGTTACCT-1,4
GTAAGTCAGTTGGACG-1,4
GTAAGTCCAAGAATAC-1,8
GTAAGTCGTACTCGAT-1,3
GTAAGTCGTAGAAACT-1,2
GTAAGTCGTCCAACGC-1,4
GTAAGTCTCATCCTGC-1,9
GTAAGTCTCCTGGGTG-1,4
GTAAGTCTCTCTTAAC-1,7
GTAATCGAGAAGAACG-1,3
GTAATCGAGAGCTGAC-1,3
GTAATCGAGCGTCAGA-1,1
GTAATCGCACGTAGTT-1,4
GTAATCGGTAACTTCG-1,3
GTAATCGGTCACCCTT-1,9
GTAATCGTCATTTGGG-1,1
GTAATCGTCTCCTGTG-1,4
GTAATCGTCTTTACAC-1,5
GTAATGCCACGACAGA-1,6
GTAATGCCACTCCACT-1,3
GTAATGCCAGGTGTTT-1,5
GTAATGCGTCATCGGC-1,7
GTAATGCGTCCCTGTT-1,9
GTAATGCGTCTGTGGC-1,4
GTAATGCGTTCTCTCG-1,2
GTAATGCTCAAGCGTT-1,6
GTACAACAGACCGCCT-1,6
GTACAACAGGTGATCG-1,4
GTACAACCACACGGAA-1,3
GTACAACCAGAACTCT-1,6
GTACAACCAGTGACCC-1,8
GTACAACGTCTGTAGT-1,9
GTACAACGTGAGTTGG-1,3
GTACAACGTGGCTGAA-1,3
GTACAGTCAAGACGAC-1,2
GTACAGTCACACGTGC-1,5
GTACAGTCATAGGTAA-1,3
GTACAGTGTGAATTAG-1,7
GTACAGTGTGTCGCTG-1,1
GTACAGTGTTCCTTGC-1,1
GTACAGTTCACGATCA-1,1
GTACAGTTCGCCTTGT-1,7
GTACAGTTCTCTCGCA-1,2
GTAGAAATCGTAGCTA-1,3
GTAGAAATCTCCCATG-1,4
GTAGAGGAGCGTCTGC-1,6
GTAGAGGCAGCGGATA-1,6
GTAGAGGCATCGATAC-1,1
GTAGAGGCATTAAAGG-1,4
GTAGAGGTCTCCCAAC-1,3
GTAGAGGTCTGAACGT-1,2
GTAGATCCAAGTTGGG-1,6
GTAGATCGTGTTCGAT-1,6
GTAGCTAAGAAACTGT-1,1
GTAGCTAAGATTAGAC-1,1
GTAGCTACAACTCCCT-1,2
GTAGCTACACTGGAAG-1,6
GTAGCTATCAAGCTGT-1,6
GTAGGAGCACCTAAAC-1,4
GTAGGAGCATAGTCGT-1,1
GTAGGAGGTATCGTGT-1,1
GTAGGAGGTGAGACGT-1,3
GTAGGAGTCTCTGAGA-1,4
GTAGGTTAGTGGAAAG-1,3
GTAGGTTCACAAGTTC-1,2
GTAGGTTCAGACGCTC-1,3
GTAGGTTGTGGGACAT-1,3
GTAGGTTGTTGCTCCT-1,5
GTAGTACTCATCTATC-1,9
GTATTGGAGCCACAAG-1,6
GTATTGGCATCACCAA-1,8
GTATTGGGTGCCTGAC-1,4
GTATTGGTCGAAGGAC-1,1
GTATTTCCACTACCGG-1,9
GTATTTCCATCTGTTT-1,7
GTATTTCGTAAGATCA-1,5
GTATTTCGTCTCCTGT-1,2
GTATTTCTCGTCAGAT-1,8
GTCAAACAGCACCTGC-1,2
GTCAAACCATCAGCTA-1,1
GTCAAACCATGCACTA-1,7
GTCAAACGTTCAGGTT-1,2
GTCAAGTCAAAGTGTA-1,2
GTCAAGTCAGTTTGGT-1,1
GTCAAGTTCGCCAATA-1,9
GTCAAGTTCGGAGTAG-1,3
GTCAAGTTCTTGGAAC-1,4
GTCACGGAGCCTAGGA-1,5
GTCACGGAGCGCTGCT-1,2
GTCACGGGTACGCGTC-1,6
GTCACGGGTAGGGTAC-1,4
GTCACGGGTAGTTAGA-1,1
GTCACGGGTCAACCTA-1,5
GTCACGGGTGGATCGA-1,1
GTCACGGTCCACAGCG-1,4
GTCACGGTCCTAGAGT-1,9
GTCACGGTCGGTAGGA-1,4
GTCACTCAGTACAGAT-1,1
GTCACTCAGTCGCCAC-1,9
GTCACTCCACGAGAAC-1,6
GTCACTCGTGGGTATG-1,6
GTCACTCTCGCACTCT-1,7
GTCAGCGAGGATAATC-1,3
GTCAGCGAGTCAGCGA-1,4
GTCAGCGCAACGGCCT-1,8
GTCAGCGCAGGAATAT-1,2
GTCAGCGTCTGAACGT-1,3
GTCATCCAGCAGATAT-1,1
GTCATCCAGCTCCACG-1,3
GTCATCCAGTGGTTAA-1,2
GTCATCCCAACTACGT-1,2
GTCATCCCACGGTGCT-1,1
GTCATCCGTCCGTTTC-1,2
GTCATCCTCATTCCTA-1,2
GTCATGAAGCGAGTCA-1,3
GTCATGAAGTAAATGC-1,4
GTCATGAAGTCTCCTC-1,4
GTCATGACACTTGTCC-1,4
GTCATGACATGCCGCA-1,1
GTCATGAGTAAGTAGT-1,3
GTCATGAGTAGGGAGG-1,1
GTCATGATCAAGTAAG-1,1
GTCATGATCACCGGGT-1,8
GTCATGATCTCATTAC-1,2
GTCATTTAGGTAAAGG-1,1
GTCATTTCAGACACAG-1,4
GTCATTTCAGCGCGTT-1,4
GTCATTTCATCGCTCT-1,6
GTCATTTGTACCCGCA-1,8
GTCATTTGTCACAATC-1,5
GTCATTTGTTTACACG-1,3
GTCATTTTCCAGCAAT-1,3
GTCCACTAGTGCGCTC-1,1
GTCCACTAGTTGCCTA-1,2
GTCCACTGTCGTCAGC-1,9
GTCCACTGTGTTCGAT-1,2
GTCCACTTCAGAGCGA-1,3
GTCCACTTCCTCATAT-1,1
GTCCCATAGAAACCCG-1,4
GTCCCATAGGCAGTCA-1,6
GTCCCATAGGTAAACT-1,7
GTCCCATCACCGTGCA-1,8
GTCCCATCAGGCAATG-1,4
GTCCCATGTATAGGAT-1,3
GTCCCATTCATCCTGC-1,6
GTCCCATTCCGCAACG-1,9
GTCCCATTCGATACGT-1,4
GTCCCATTCTACTCAT-1,3
GTCCCATTCTAGGCCG-1,8
GTCCTCACACTTTATC-1,2
GTCCTCAGTTCTTGTT-1,6
GTCCTCAGTTGGGACA-1,2
GTCGAATAGGCCCGTT-1,1
GTCGAATAGGTCTACT-1,6
GTCGAATCAGGTCAGA-1,4
GTCGAATGTCGTTATG-1,7
GTCGAATTCAAACTGC-1,7
GTCGAATTCGCTTGAA-1,7
GTCGAATTCGGTTAGT-1,6
GTCGAATTCTTCCCAG-1,7
GTCGCGAAGCGCCGTT-1,3
GTCGCGAAGTCTGCAT-1,3
GTCGCGACAAACAGGC-1,4
GTCGCGACACAGTGAG-1,5
GTCGCGAGTCTGCATA-1,3
GTCGCGATCACGACTA-1,2
GTCGTAAAGAGGTATT-1,3
GTCGTAAAGCTATCCA-1,2
GTCGTAACAATCAGCT-1,6
GTCGTAACACCTGCGA-1,3
GTCGTAACAGACGATG-1,1
GTCGTAACATGTAACC-1,1
GTCGTAAGTCATCGGC-1,1
GTCGTTCAGTCATAGA-1,4
GTCGTTCCACTGGCGT-1,3
GTCGTTCCAGGACGAT-1,6
GTCGTTCCAGTTAGGG-1,6
GTCGTTCGTCACTACA-1,5
GTCGTTCGTGAGGATC-1,3
GTCTACCAGAACGTGC-1,3
GTCTACCGTACTCGTA-1,6
GTCTACCTCAGTCCGG-1,1
GTCTACCTCATGAGAA-1,1
GTCTACCTCGTAGAGG-1,4
GTCTACCTCTCCCTAG-1,8
GTCTACCTCTTCCCGA-1,8
GTCTAGAAGTGGATTA-1,2
GTCTAGACAGCGTTGC-1,2
GTCTAGATCAAACTGC-1,4
GTCTCACAGGCATCTT-1,2
GTCTCACCACGCGGTT-1,5
GTCTCACCACTTCATT-1,2
GTCTCACGTACATACC-1,3
GTCTCACGTAGGAGGG-1,7
GTCTCACTCACACCCT-1,9
GTCTCACTCGGAAGGT-1,1
GTCTGTCAGGAAGAAC-1,3
GTCTGTCCATCCAACA-1,2
GTCTGTCGTTAGGGTG-1,3
GTCTGTCTCTGTCGCT-1,9
GTCTTTAAGGTCGACA-1,6
GTCTTTAGTACTGCCG-1,2
GTCTTTATCCTGGCTT-1,2
GTCTTTATCTCAGTCC-1,9
GTGACGCCACTGGCCA-1,3
GTGACGCGTGATATAG-1,6
GTGACGCTCAAGTGTC-1,7
GTGACGCTCCTCACGT-1,8
GTGACGCTCCTTCGAC-1,2
GTGACGCTCGTTCAGA-1,3
GTGAGCCAGACTAGAT-1,8
GTGAGCCAGCGCCGTT-1,6
GTGAGCCAGCTGGCTC-1,2
GTGAGCCAGTGGTCAG-1,3
GTGAGCCCAAACTCTG-1,3
GTGAGCCCAGCTGAAG-1,4
GTGAGCCGTGAGCCAA-1,9
GTGAGCCGTGGTCCGT-1,1
GTGAGCCGTTCTTCAT-1,4
GTGAGCCTCACACCCT-1,2
GTGAGCCTCGATTCCC-1,1
GTGAGCCTCTTTGCGC-1,7
GTGAGGACACCCAATA-1,4
GTGAGGAGTAATGCTC-1,7
GTGAGGAGTCATCCCT-1,1
GTGAGGAGTTGCCAAT-1,6
GTGAGGAGTTGCTCCT-1,6
GTGAGGATCACGACTA-1,2
GTGAGTTAGAAGTGTT-1,1
GTGAGTTGTCCTTGTC-1,9
GTGAGTTTCGCAGAGA-1,4
GTGAGTTTCTGCCTGT-1,3
GTGATGTAGATAGTCA-1,7
GTGATGTCAATTGCTG-1,9
GTGATGTCACCTCTGT-1,4
GTGATGTGTAAGGCCA-1,4
GTGATGTGTCATCCGG-1,2
GTGATGTTCCTCGATC-1,8
GTGCACGAGCTCTATG-1,7
GTGCACGAGGGAGGAC-1,4
GTGCACGCACGAAAGC-1,2
GTGCACGGTTTGGGAG-1,5
GTGCAGCAGGGATCAC-1,3
GTGCAGCCAGGTGTTT-1,3
GTGCAGCCAGTTAAAG-1,3
GTGCAGCTCCAGCTCT-1,8
GTGCAGCTCTACGCAA-1,2
GTGCAGCTCTAGACAC-1,5
GTGCAGCTCTTCCCGA-1,2
GTGCGTGAGGACTATA-1,1
GTGCGTGAGGGAGGTG-1,1
GTGCGTGAGTCGCCAC-1,1
GTGCGTGGTATATGGA-1,6
GTGCGTGGTGGCAGAT-1,6
GTGCGTGTCTGATGGT-1,6
GTGCTGGAGACGACGT-1,3
GTGCTGGAGTGCAACG-1,4
GTGCTGGCAGACACCC-1,8
GTGCTGGTCAGCTCTC-1,5
GTGCTGGTCCTACACC-1,4
GTGCTTCAGAGTCGAC-1,4
GTGCTTCAGGACGCTA-1,2
GTGCTTCCACGTTGGC-1,3
GTGCTTCGTGACTCTA-1,6
GTGCTTCTCTGGTGCG-1,6
GTGCTTCTCTTCTGGC-1,6
GTGGAAGAGTATGTAG-1,6
GTGGAAGGTCTCGGAC-1,4
GTGGAAGGTGACAGCA-1,5
GTGGAAGTCCCAAGTA-1,6
GTGGAGAAGGAATTAC-1,6
GTGGAGACATCCGTTC-1,4
GTGGAGATCAACACCA-1,7
GTGGAGATCAACACGT-1,9
GTGGCGTTCCGTAATG-1,3
GTGGCGTTCGGTCAGC-1,5
GTGGGAAAGGATTACA-1,1
GTGGGAAAGGTGCTAG-1,4
GTGGGAACAACCTATG-1,4
GTGGGAACATACCATG-1,4
GTGGGAAGTTAAGGAT-1,6
GTGGGAATCCATTCAT-1,1
GTGGGAATCGTGAGAG-1,9
GTGGTTAAGTAACGTA-1,3
GTGGTTACACTGGAAG-1,3
GTGGTTACAGGACTTT-1,1
GTGGTTACATCTTAGG-1,3
GTGGTTAGTGGTACAG-1,1
GTGGTTAGTTCTCGCT-1,7
GTGGTTAGTTGCGGAA-1,3
GTGGTTATCAATCAGC-1,5
GTGTAACGTAGCTCGC-1,8
GTGTAACGTTCGCGTG-1,3
GTGTCCTCAACTGTGT-1,2
GTGTCCTCAGCGTTGC-1,4
GTGTCCTGTTGTCAGT-1,2
GTGTCCTTCGTTCTAT-1,5
GTGTGATAGACTCATC-1,7
GTGTGATCAAGGAGTC-1,1
GTGTGATCACAGAGCA-1,5
GTGTGATCAGCTCCTT-1,7
GTGTGATGTAATTAGG-1,6
GTGTGATGTATCGAGG-1,3
GTGTGATGTTCGGTCG-1,1
GTGTGATTCCTCACCA-1,6
GTGTGATTCTTCCAGC-1,3
GTGTGGCCAGTTTCGA-1,7
GTGTGGCGTGACATCT-1,1
GTGTGGCGTGTTTACG-1,3
GTGTGGCTCGGTTAGT-1,8
GTGTGGCTCTACGCAA-1,4
GTGTTAGAGAGCAGTC-1,6
GTGTTAGCAATACAGA-1,6
GTGTTAGCACAGCTGC-1,1
GTGTTAGCAGACGGAT-1,6
GTGTTAGGTCGCCTAG-1,1
GTGTTAGTCCCAAGTA-1,7
GTGTTCCCAGTCTCTC-1,4
GTGTTCCGTCCCGCAA-1,6
GTGTTCCTCGCGAAGA-1,3
GTTACAGCAAGCCTGC-1,4
GTTACAGTCTGACCCT-1,2
GTTACCCAGATGCTTC-1,2
GTTACCCAGTAGTCTC-1,6
GTTACCCCACATGAAA-1,2
GTTACCCCATATCTCT-1,3
GTTACCCCATGACGTT-1,6
GTTACCCGTGTATCCA-1,1
GTTACCCGTTAAGACA-1,1
GTTACCCGTTGCATGT-1,1
GTTACCCTCTTAGCTT-1,3
GTTACGACATGGGCAA-1,5
GTTACGAGTCATCACA-1,4
GTTACGAGTGCACGCT-1,1
GTTACGATCCGGGACT-1,4
GTTAGACAGCTGTTCA-1,5
GTTAGACAGGAGGTTC-1,6
GTTAGACCACCCAATA-1,3
GTTAGACGTCTTTATC-1,4
GTTAGACTCCTGGCTT-1,7
GTTAGACTCGGCGATC-1,1
GTTAGACTCTACCAGA-1,2
GTTAGACTCTCTCTAA-1,5
GTTAGACTCTGTGTGA-1,6
GTTAGTGCACGGTGTC-1,6
GTTAGTGCATGATCTG-1,5
GTTAGTGTCCCTTGGT-1,8
GTTAGTGTCCTGGGTG-1,1
GTTAGTGTCCTGTACC-1,9
GTTATGGAGCGTGCCT-1,6
GTTATGGAGTCAGGGT-1,3
GTTATGGGTACATTGC-1,5
GTTATGGGTCCGAAGA-1,4
GTTATGGGTGACACAG-1,7
GTTCATTAGACCGCCT-1,1
GTTCATTCATTCCTCG-1,5
GTTCATTTCATCGTAG-1,3
GTTCCGTAGAAACCCG-1,1
GTTCCGTAGAGCCGAT-1,3
GTTCCGTAGTATGAGT-1,4
GTTCCGTCACACTGGC-1,7
GTTCCGTCACGTAACT-1,5
GTTCCGTCATTAAGCC-1,9
GTTCCGTTCTTCACAT-1,9
GTTCCGTTCTTGATTC-1,6
GTTCGCTAGAGTTGCG-1,1
GTTCGCTAGCGTTCAT-1,9
GTTCGCTAGTGTTGTC-1,1
GTTCGCTCAGGTATGG-1,1
GTTCGCTGTATCAGGG-1,4
GTTCGCTTCATCGGGC-1,6
GTTCGCTTCCAACCGG-1,4
GTTCGCTTCCCTAGGG-1,2
GTTCTATAGGTAGACC-1,4
GTTCTATCACATATGC-1,7
GTTCTATTCCTAGCGG-1,3
GTTGAACCACGTAGAG-1,4
GTTGAACGTGCCCACA-1,2
GTTGAACGTGTCACAT-1,1
GTTGAACGTTAGGGTG-1,4
GTTGAACTCAGTCAGT-1,5
GTTGAACTCCCATTTA-1,9
GTTGCGGAGCTTAGTC-1,5
GTTGCGGAGGGATCTG-1,1
GTTGCGGAGTCAACAA-1,1
GTTGCGGAGTGCGTCC-1,3
GTTGCGGCACCCATAA-1,6
GTTGCGGGTAGCGAGT-1,3
GTTGCGGGTATTGGCT-1,4
GTTGCGGTCATGCAGT-1,3
GTTGCGGTCTTGAGCA-1,4
GTTGCTCAGAGTCTTC-1,6
GTTGCTCAGCCATTCA-1,7
GTTGCTCCAACCACAT-1,8
GTTGCTCCAATGTGGG-1,3
GTTGCTCGTACAACGG-1,3
GTTGCTCGTCATGCAT-1,1
GTTGTAGAGGGACCAT-1,4
GTTGTAGCACCATATG-1,2
GTTGTAGCAGGGAATC-1,9
GTTGTAGCATCCCGTT-1,6
GTTGTAGGTAGACGTG-1,1
GTTGTAGGTCCACTCT-1,1
GTTGTAGGTCGTGGAA-1,1
GTTGTAGGTTAGCGGA-1,6
GTTGTAGTCATGGTAC-1,6
GTTGTAGTCGACCATA-1,2
GTTGTAGTCGCAGAGA-1,3
GTTGTAGTCTGGTGGC-1,6
GTTGTCCAGTACTGGG-1,8
GTTGTCCCAGAGAAAG-1,8
GTTGTCCTCCATCTGC-1,8
GTTGTCCTCCCTCTAG-1,4
GTTGTGAAGACTTCAC-1,2
GTTGTGACACCCTATC-1,1
GTTGTGACAGCAGTTT-1,1
GTTGTGAGTGCATTAC-1,8
GTTGTGAGTTCGTACA-1,2
GTTGTGATCGTTACCC-1,9
GTTTACTCACCTATCC-1,8
GTTTACTCAGATCCTA-1,2
GTTTACTCAGGTAGTG-1,8
GTTTACTCAGTCAGAG-1,4
GTTTACTGTTATCTTC-1,6
GTTTACTTCACAGAGG-1,3
GTTTGGAAGGTGCGAT-1,6
GTTTGGAAGTTCCATG-1,1
GTTTGGACACTGAGGA-1,7
GTTTGGACAGCATCTA-1,4
GTTTGGAGTTAGGACG-1,3
GTTTGGATCACTTATC-1,8
GTTTGGATCAGAGCGA-1,4
GTTTGGATCAGCTCTC-1,1
TAACACGAGCCGATTT-1,2
TAACACGCAAAGGCAC-1,4
TAACACGCACCACTGG-1,9
TAACACGGTCATGACT-1,7
TAACACGGTGGATTTC-1,2
TAACACGTCATCTACT-1,9
TAACACGTCTCCTGAC-1,2
TAACCAGAGACGGATC-1,1
TAACCAGAGATTGAGT-1,2
TAACCAGAGGTTCAGG-1,7
TAACCAGCAGACCAGA-1,9
TAACCAGGTTCTTAGG-1,2
TAACCAGTCAGCGGAA-1,3
TAACCAGTCTGCTAGA-1,7
TAACGACAGCGAAACC-1,2
TAACGACAGTACAGAT-1,3
TAACGACCAAGCGAAC-1,7
TAACGACCAATAGGAT-1,1
TAACGACGTTCCTAGA-1,5
TAACGACTCACCTACC-1,5
TAACGACTCACTTGGA-1,2
TAACTTCAGAAGGTAG-1,1
TAACTTCAGCTAGTTC-1,9
TAACTTCAGTACGTCT-1,1
TAACTTCCAAACGAGC-1,3
TAACTTCCAACTTGCA-1,9
TAACTTCCAGGACGAT-1,4
TAACTTCCATTAAGCC-1,7
TAACTTCGTAACATCC-1,6
TAACTTCGTTGAGTCT-1,7
TAACTTCTCATTCTTG-1,5
TAACTTCTCCGGGACT-1,8
TAAGCACAGCGAGTAC-1,3
TAAGCACAGGACGCAT-1,1
TAAGCACCAACATACC-1,5
TAAGCACCAACCGACC-1,5
TAAGCACGTAGCACGA-1,3
TAAGCACGTATGTCAC-1,5
TAAGCCAAGGTCTACT-1,6
TAAGCCAAGTAGGAAG-1,4
TAAGCGTCACAGCCAC-1,1
TAAGCGTCATTCCTCG-1,1
TAAGCGTGTAGTAAGT-1,3
TAAGCGTGTTGTGGAG-1,3
TAAGCGTTCACTGATG-1,3
TAAGCGTTCGAAGCAG-1,3
TAAGTCGAGAAGGTAG-1,6
TAAGTCGAGCCACCGT-1,9
TAAGTCGAGGAGGCAG-1,4
TAAGTCGCAGCCTTCT-1,2
TAAGTCGTCGCAATGT-1,1
TAATCTCGTCGACTGC-1,1
TAATCTCGTGATCGTT-1,6
TAATCTCGTGGTCTAT-1,2
TAATCTCGTTAGGCCC-1,9
TAATCTCGTTGGAGGT-1,7
TAATTCCAGGAGCAAA-1,3
TAATTCCAGTACGTCT-1,7
TAATTCCCAACGAGGT-1,2
TAATTCCCAGTTTGGT-1,7
TAATTCCTCCAGTTCC-1,5
TACAACGAGGATGAGA-1,6
TACAACGAGGCGCTTC-1,3
TACAACGAGTACTGGG-1,8
TACAACGGTCCCGCAA-1,9
TACAACGGTTACCCTC-1,4
TACACCCAGATGTTGA-1,2
TACACCCAGCCATTGT-1,1
TACACCCAGCGTCGAA-1,3
TACACCCCAAATCGGG-1,3
TACACCCCAATTGCCA-1,5
TACACCCCATCATTTC-1,1
TACACCCGTCATTGCA-1,8
TACACCCGTTAAGAAC-1,9
TACACCCGTTCGGACC-1,2
TACAGGTAGCCACTCG-1,9
TACAGGTAGCTAGATA-1,6
TACAGGTAGCTTCGTA-1,5
TACAGGTCAAAGGATT-1,8
TACAGGTCAGCGAACA-1,8
TACAGGTGTAGAGGAA-1,7
TACAGGTGTGACAGGT-1,7
TACAGGTGTTGGTGTT-1,1
TACAGGTTCACCTTGC-1,2
TACATTCAGGAGTACC-1,2
TACATTCCAAATTGCC-1,1
TACATTCTCAGACCTA-1,2
TACATTCTCGCTACAA-1,9
TACCCACAGCGTTCCG-1,4
TACCCACAGGCTAAAT-1,8
TACCCACCAGATACTC-1,5
TACCCACGTAGCTGAG-1,2
TACCCACGTCCAAATC-1,5
TACCCACTCGATGCAT-1,5
TACCCACTCGTGGAAG-1,3
TACCCACTCTGAGAGG-1,1
TACCCGTAGAACCCGA-1,2
TACCCGTCAAGTTCCA-1,3
TACCCGTCACGGCACT-1,2
TACCCGTCAGAAGCGT-1,1
TACCCGTCAGACCTGC-1,9
TACCCGTCATAGTCGT-1,6
TACCCGTTCGACCCAG-1,4
TACCGAAAGCCGAACA-1,6
TACCGAACACATAACC-1,5
TACCGAACAGGACATG-1,9
TACCGAACATCCGTGG-1,2
TACCGAACATTGTCGA-1,1
TACCGAAGTAACCAGG-1,2
TACCGAATCCATAAGC-1,8
TACCGAATCTTCTAAC-1,5
TACCGGGGTAGACGGT-1,3
TACCGGGGTCCAGCCA-1,7
TACCGGGTCCCGTTCA-1,1
TACCGGGTCCTGGGTG-1,4
TACCGGGTCGAGCTGC-1,4
TACCGGGTCTTCCACG-1,5
TACCTCGAGCCTGAAG-1,1
TACCTCGCACGTGTGC-1,1
TACCTCGGTCCGAAAG-1,2
TACCTCGTCGACGCTG-1,3
TACCTCGTCTTAAGGC-1,8
TACCTGCAGCGTCTGC-1,9
TACCTGCAGGTCACCC-1,2
TACCTGCAGGTTAGTA-1,2
TACCTGCCAGCGTGAA-1,2
TACCTGCGTTCGAACT-1,5
TACCTGCTCCTGCCAT-1,2
TACCTGCTCGAGAAGC-1,2
TACCTGCTCTCCTACG-1,3
TACGCTCAGGTAAAGG-1,9
TACGCTCGTACAGGTG-1,9
TACGCTCTCGCCGATG-1,2
TACGGGCAGTCGCGAA-1,3
TACGGGCCAACCCGCA-1,5
TACGGGCGTACGGGAT-1,9
TACGGGCGTTAGAGTA-1,1
TACGGGCTCGCCTCTA-1,4
TACGGTAAGATACGAT-1,3
TACGGTAAGCCATTCA-1,6
TACGGTAAGGCCTGAA-1,9
TACGGTAGTGGTCTGC-1,1
TACGGTAGTTGCAAGG-1,3
TACGGTATCCCACAGG-1,1
TACGGTATCCGACATA-1,8
TACGGTATCGGCTGTG-1,3
TACGTCCAGCCGAACA-1,1
TACGTCCAGGGCAACT-1,1
TACGTCCAGGTCCCGT-1,1
TACGTCCCAGCATACT-1,6
TACGTCCGTCCACTTC-1,5
TACGTCCGTCGAGTTT-1,1
TACGTCCGTCGCACGT-1,4
TACGTCCGTGATAGAT-1,1
TACGTCCTCGTGCATA-1,2
TACGTCCTCTCGGTCT-1,9
TACTGCCAGCAGCAGT-1,1
TACTGCCAGGGATGTC-1,5
TACTGCCCAAGTTGGG-1,2
TACTTACCACATAACC-1,2
TACTTACCATGTTCGA-1,2
TACTTACGTCAGTTTG-1,3
TACTTACGTCGCCACA-1,4
TACTTACGTCGTGGAA-1,9
TACTTACGTCTCTCTG-1,3
TACTTACTCCGTGTAA-1,7
TACTTGTAGACATAGT-1,3
TACTTGTAGGAGGTTC-1,7
TACTTGTCACCTTCCA-1,5
TACTTGTCACGGCCAT-1,6
TACTTGTCATGTGGCC-1,5
TACTTGTGTACGAGTG-1,4
TACTTGTGTTTCGTAG-1,8
TACTTGTTCCCTAGGG-1,7
TACTTGTTCTGATGGT-1,5
TAGACCAAGAGGACTC-1,2
TAGACCACAAGGTCAG-1,5
TAGACCACAATCGAAA-1,2
TAGACCACATGTGACT-1,6
TAGACCAGTCCCTAAA-1,2
TAGACCAGTGAGCGAT-1,6
TAGACCATCTGAGTCA-1,2
TAGACTGAGTAGATCA-1,4
TAGACTGAGTGGTGAC-1,5
TAGACTGCAGCGACAA-1,4
TAGACTGGTCTACATG-1,4
TAGACTGGTGTCCGTG-1,3
TAGAGTCCAATGTCTG-1,3
TAGAGTCCACTTTAGG-1,7
TAGAGTCCAGCAGACA-1,5
TAGAGTCCATCAACCA-1,4
TAGAGTCGTACAAGTA-1,1
TAGAGTCGTTAGAGAT-1,6
TAGAGTCTCTCGTGAA-1,4
TAGAGTCTCTGACGCG-1,1
TAGATCGAGCGTATGG-1,6
TAGATCGAGTTGGGAC-1,9
TAGATCGGTGATGAAT-1,1
TAGCACAAGCGAAACC-1,4
TAGCACAAGGTAGTCG-1,9
TAGCACACAGCAGTTT-1,2
TAGCACAGTCCTTAAG-1,2
TAGGAGGAGTCTAGCT-1,3
TAGGAGGCAGTATTCG-1,6
TAGGAGGTCAATGTCG-1,2
TAGGGTTAGCACAAAT-1,7
TAGGGTTAGGTAAAGG-1,9
TAGGGTTCACTTTAGG-1,4
TAGGGTTCAGTTGTTG-1,4
TAGGGTTGTATAGGGC-1,2
TAGGGTTGTCCACTCT-1,3
TAGGGTTGTGTTTGCA-1,1
TAGGGTTTCCATATGG-1,2
TAGGGTTTCCCTTCCC-1,1
TAGGTACCACAGTCGC-1,1
TAGGTACGTATCGAAA-1,1
TAGGTACTCCCGTGAG-1,7
TAGGTTGAGTGTAGAT-1,2
TAGGTTGTCAAATGCC-1,3
TAGGTTGTCCAGGACC-1,9
TAGTGCATCGGTTAGT-1,3
TATACCTAGAGGCGGA-1,2
TATACCTAGGGTACAC-1,3
TATACCTCAGAATTCC-1,8
TATACCTTCATGCGGC-1,1
TATACCTTCGAGTCTA-1,5
TATATCCAGGATTTCC-1,7
TATATCCAGTACTGTC-1,1
TATATCCGTACTTGTG-1,5
TATATCCTCTCCACTG-1,7
TATCAGGAGTGTACCT-1,3
TATCAGGAGTTTCTTC-1,2
TATCAGGTCGGTCAGC-1,6
TATCAGGTCTGTGCAA-1,5
TATCCTAAGGAGTATT-1,4
TATCCTAAGTCACAGG-1,1
TATCCTACAAAGACGC-1,1
TATCCTACAATGAACA-1,2
TATCCTACAGGACGAT-1,6
TATCCTACAGGATGAC-1,8
TATCCTACAGGGATAC-1,1
TATCCTAGTTGCAAGG-1,5
TATCCTATCAGTCTTT-1,7
TATCGCCCATGCGGTC-1,7
TATCGCCGTAATCAGA-1,2
TATCGCCGTCCTCCAT-1,3
TATCGCCGTCGTATTG-1,4
TATCGCCTCACTGCTC-1,2
TATCGCCTCAGGACGA-1,2
TATCTGTAGGATAATC-1,7
TATCTGTAGTGCGTCC-1,4
TATCTGTAGTTATGGA-1,3
TATCTGTTCCTCGCAT-1,2
TATCTGTTCGCATTAG-1,2
TATCTGTTCGTTACCC-1,1
TATCTTGCAACGTATC-1,4
TATCTTGGTCTTTATC-1,8
TATCTTGTCGTCTAAG-1,7
TATCTTGTCTACTCAT-1,1
TATGTTCAGCATACTC-1,2
TATGTTCCAATAGGGC-1,2
TATGTTCGTACGAAAT-1,2
TATGTTCTCCTATTGT-1,8
TATGTTCTCGGAGTAG-1,1
TATTCCACACAATGAA-1,2
TATTCCACACATATGC-1,9
TATTGCTAGCTAAATG-1,5
TATTGCTAGTCGCGAA-1,9
TATTGCTGTAGCACAG-1,2
TATTGCTTCATCACCC-1,9
TATTGCTTCCTACGAA-1,2
TATTGGGAGCGCTGCT-1,1
TATTGGGCACTTGTGA-1,8
TATTGGGCAGATACCT-1,4
TATTGGGCATGAGTAA-1,3
TATTGGGGTGTTAAAG-1,9
TATTGGGGTTGCCAAT-1,1
TATTGGGTCAGCACCG-1,1
TATTGGGTCCTAGCGG-1,1
TATTGGGTCCTCCACA-1,4
TATTGGGTCCTCTAGC-1,4
TATTTCGAGAAGCCTG-1,3
TATTTCGAGACAACTA-1,2
TATTTCGAGACTTGTC-1,9
TATTTCGAGTTAGTAG-1,3
TATTTCGCAATTGGTC-1,5
TATTTCGCAGAGTCTT-1,2
TATTTCGGTAACACCT-1,2
TATTTCGGTTTCTTAC-1,7
TCAAGACGTAGGACTG-1,3
TCAAGACGTCTAGGCC-1,2
TCAAGACTCAAGATAG-1,3
TCAAGCAAGGTCCCTG-1,8
TCAAGCACAAGCTGCC-1,7
TCAAGCACAGGTCTCG-1,4
TCAAGCAGTCCCTGAG-1,2
TCAAGCAGTTGCTCGG-1,3
TCAAGCATCCAATCCC-1,4
TCAAGCATCCTGTACC-1,2
TCAAGCATCTCTCAAT-1,2
TCAAGCATCTTCTGTA-1,2
TCAAGCATCTTGGTCC-1,5
TCAAGTGAGCAGCAGT-1,6
TCAAGTGAGGCTGAAC-1,1
TCAAGTGAGTAGAATC-1,3
TCAAGTGGTATAGGAT-1,2
TCAAGTGGTATGCGGA-1,2
TCAAGTGGTCCCTGAG-1,1
TCAAGTGTCGCCAACG-1,2
TCAAGTGTCTGCTAGA-1,2
TCAATCTAGATGAATC-1,5
TCAATCTAGCAGGCTA-1,5
TCAATCTCACAGCCAC-1,5
TCAATCTCACGGCTAC-1,2
TCAATCTCACGTATAC-1,5
TCAATCTCAGCGTAGA-1,5
TCAATCTCATCGGTTA-1,1
TCAATCTGTATACAGA-1,6
TCAATCTTCGATACAC-1,4
TCAATCTTCGCCGTGA-1,1
TCAATTCAGGTTTACC-1,6
TCAATTCAGTGCCCGT-1,5
TCAATTCAGTTGAATG-1,2
TCAATTCGTGCAAGAC-1,6
TCAATTCTCACGGGAA-1,2
TCAATTCTCTGGGATT-1,8
TCACAAGCAGACGATG-1,2
TCACAAGCAGAGTCTT-1,8
TCACAAGCAGCTTCCT-1,7
TCACAAGTCCGCTAGG-1,5
TCACAAGTCCGGACTG-1,6
TCACAAGTCGTCTCAC-1,4
TCACACCAGTAATTGG-1,6
TCACACCCAGCACAGA-1,5
TCACACCGTGAATGAT-1,5
TCACACCTCAGTCAGT-1,1
TCACACCTCCGATTAG-1,2
TCACACCTCCTGTAGA-1,8
TCACATTAGAAGTCAT-1,5
TCACATTAGCAAGGAA-1,7
TCACATTAGCATGAAT-1,5
TCACATTAGTTGCGCC-1,7
TCACATTGTGACTCGC-1,1
TCACATTTCCATCACC-1,4
TCACGCTCACTGTGAT-1,5
TCACGCTGTATGGTAA-1,1
TCACGCTGTCTTCGAA-1,9
TCACGCTGTTGCAACT-1,8
TCACGCTTCATGGATC-1,7
TCACGCTTCCAAGGGA-1,3
TCACGCTTCCTCCACA-1,8
TCACGCTTCGAGAGCA-1,9
TCACGGGAGACTAAGT-1,1
TCACGGGAGAGATGCC-1,4
TCACGGGAGTCATGGG-1,3
TCACGGGCAGAAACCG-1,2
TCACGGGCATCCTGTC-1,8
TCACGGGGTAATTGGA-1,8
TCACGGGTCAGACCGC-1,3
TCACGGGTCTTAGCCC-1,9
TCACTATAGACACACG-1,5
TCACTATAGACTCATC-1,9
TCACTATAGGGTGGGA-1,2
TCACTATCAACATCGT-1,7
TCACTATCAGTTAGAA-1,3
TCACTATGTCGAGCTC-1,3
TCACTATTCCTTCTGG-1,4
TCACTATTCTATACTC-1,7
TCACTATTCTTCGTGC-1,5
TCACTCGAGACCATAA-1,1
TCACTCGCAATCGTCA-1,1
TCACTCGCACGCGCTA-1,6
TCACTCGGTCTTCTAT-1,1
TCACTCGTCCAATGCA-1,1
TCAGCAAAGAGGTATT-1,2
TCAGCAACAACACAAA-1,2
TCAGCAATCATTCGTT-1,5
TCAGCAATCGACCATA-1,1
TCAGCCTAGAGGTGCT-1,3
TCAGCCTAGTTGCTGT-1,3
TCAGCCTCAAACCACT-1,2
TCAGCCTCACACCTAA-1,9
TCAGCCTCAGGTCAGA-1,7
TCAGCCTGTACGCGTC-1,1
TCAGCCTTCCATAAGC-1,2
TCAGCCTTCCGCACTT-1,7
TCAGGGCAGGCACTCC-1,1
TCAGGGCCACTAACCA-1,4
TCAGGGCCATTAAAGG-1,2
TCAGGGCGTGTGTGGA-1,6
TCAGGGCTCGTGTGAT-1,2
TCAGGTAAGGAAACGA-1,6
TCAGGTAAGGGTACGT-1,4
TCAGGTAAGGTAGACC-1,5
TCAGGTAGTACAAGTA-1,1
TCAGGTAGTAGCTTAC-1,3
TCAGGTAGTATAGGGC-1,4
TCAGGTATCAGCGCAC-1,1
TCAGGTATCGCACGAC-1,2
TCAGTCCCATTACTCT-1,1
TCAGTCCGTACTCAAC-1,2
TCAGTCCGTCGGAAAC-1,2
TCAGTCCGTGGTTCTA-1,5
TCAGTCCTCGAGTCCG-1,7
TCAGTGAAGTGGACGT-1,3
TCAGTGACATCCAACA-1,5
TCAGTGAGTCTAATCG-1,7
TCAGTGATCCAAGCCG-1,2
TCAGTGATCCATGCAA-1,8
TCAGTTTAGCATCCTA-1,9
TCAGTTTCATGAGATA-1,3
TCAGTTTCATGCTGCG-1,8
TCAGTTTGTAGCCCTG-1,2
TCAGTTTGTCTGTAAC-1,4
TCAGTTTGTGCATTTG-1,7
TCAGTTTGTTCTCAGA-1,5
TCAGTTTGTTGTGCCG-1,4
TCAGTTTTCAGGAGAC-1,1
TCATACTCAATTTCTC-1,9
TCATACTGTAGGACCA-1,2
TCATACTTCAATCAGC-1,1
TCATACTTCCTACGAA-1,5
TCATACTTCTTCCACG-1,7
TCATATCAGAGCAGTC-1,3
TCATATCAGTAATACG-1,2
TCATATCCACATTACG-1,5
TCATATCCATGACACT-1,2
TCATATCGTGCATGTT-1,6
TCATATCTCACAGTGT-1,5
TCATATCTCCTTTAGT-1,2
TCATCATAGACGCCCT-1,5
TCATCATAGTCTGCAT-1,2
TCATCATCAAGTTTGC-1,7
TCATCATCAATTGCTG-1,4
TCATCATGTCGACTGC-1,1
TCATCATGTTAGCTAC-1,4
TCATCCGAGCATCCTA-1,3
TCATCCGAGGGCCCTT-1,1
TCATCCGCAGAGAAAG-1,2
TCATCCGTCAATCCAG-1,5
TCATGAGCACACCTGG-1,7
TCATGAGCATGGAGAC-1,1
TCATGAGGTTGGGACA-1,4
TCATGAGGTTTGAACC-1,9
TCATGAGTCTGAACGT-1,2
TCATGCCCAATCACGT-1,7
TCATGCCCACCCTTGT-1,8
TCATGCCCAGACAAAT-1,7
TCATGCCGTCTTCATT-1,9
TCATGCCTCCCTTTGG-1,5
TCATGGAAGCTGCCAC-1,3
TCATGGACACATTCTT-1,2
TCATGGACATAATCGC-1,1
TCATGGAGTAACTGCT-1,5
TCATGGAGTATGGAGC-1,3
TCATGTTAGACCAGAC-1,1
TCATGTTAGAGCGACT-1,4
TCATGTTAGAGTCGAC-1,3
TCATGTTTCATCGGGC-1,6
TCATTACAGCTATCTG-1,4
TCATTACAGTCATCGT-1,2
TCATTACTCTCATTTG-1,3
TCATTCAAGGTCGTCC-1,4
TCATTCAGTCCACACG-1,8
TCATTCATCGTAGCCG-1,1
TCATTGTAGATGCTTC-1,2
TCATTGTAGCACACAG-1,9
TCATTGTAGCGATGGT-1,1
TCATTGTAGTCACGAG-1,5
TCATTGTAGTTGCATC-1,9
TCATTGTCACACCAGC-1,1
TCATTGTGTACGGATG-1,2
TCATTGTGTGATACAA-1,5
TCATTGTGTGTTCGAT-1,2
TCATTGTTCAAACCTG-1,5
TCATTTGAGTGCTCAT-1,1
TCATTTGAGTGTGTTC-1,6
TCATTTGAGTTTGCTG-1,2
TCATTTGCAAGACGGT-1,6
TCATTTGGTGAATGAT-1,9
TCATTTGTCAGAATAG-1,2
TCATTTGTCATCTCTA-1,7
TCATTTGTCCATCCGT-1,5
TCATTTGTCGAACTCA-1,5
TCATTTGTCGACCATA-1,6
TCCACCAAGGAACGTC-1,7
TCCACCACAATTAGGA-1,2
TCCACCAGTCAAACGG-1,8
TCCACCATCACTACTT-1,1
TCCACCATCAGCTGTA-1,3
TCCACCATCGTGGAAG-1,2
TCCACCATCTAACGGT-1,4
TCCACCATCTTCGGTC-1,2
TCCACGTAGGGCAACT-1,1
TCCACGTCAAAGAGTT-1,4
TCCACGTCATACACCA-1,2
TCCACGTGTGAGTAGC-1,8
TCCACGTTCCGAGAAG-1,9
TCCACGTTCCGCGATG-1,4
TCCACGTTCGAACCAT-1,2
TCCACGTTCGTACCTC-1,6
TCCAGAAAGGTAGTAT-1,3
TCCAGAACAAATACGA-1,8
TCCAGAACAGTATACC-1,5
TCCAGAACATGGGAAC-1,2
TCCAGAAGTACGATTC-1,8
TCCAGAAGTTCCGCTT-1,1
TCCAGAATCTTAGCCC-1,7
TCCATCGAGACCCTTA-1,1
TCCATCGAGACGAAGA-1,4
TCCATCGCAGGCGATA-1,2
TCCATCGGTAATTGGA-1,1
TCCATCGTCAGTGGGA-1,8
TCCATCGTCATGTCAG-1,2
TCCATCGTCCCGTAAA-1,2
TCCATGCGTAGCGTTT-1,9
TCCATGCGTTTCCAAG-1,2
TCCATGCTCACTCTTA-1,1
TCCATGCTCGTCCTTG-1,5
TCCATGCTCGTCTCAC-1,8
TCCATGCTCTGCAGCG-1,1
TCCCACACAAACCACT-1,2
TCCCACACAGGCTACC-1,2
TCCCACAGTACCAGAG-1,9
TCCCACAGTGAAGCTG-1,4
TCCCACAGTGTCATTG-1,1
TCCCACATCATGGTAC-1,9
TCCCACATCTCGGGAC-1,9
TCCCAGTAGACGGTCA-1,3
TCCCAGTCAAAGCGTG-1,1
TCCCAGTCACTATGTG-1,5
TCCCAGTGTCTCAAGT-1,7
TCCCAGTTCCATCTGC-1,2
TCCCATGAGTTTGGCT-1,1
TCCCATGCAGATACTC-1,2
TCCCATGGTCCTACGG-1,6
TCCCATGGTGGCCACT-1,8
TCCGAAACAATACCCA-1,8
TCCGAAACAGTTGAAA-1,8
TCCGAAATCCGTTTCG-1,8
TCCGAAATCTAGGCCG-1,8
TCCGATCCAGTAGAGC-1,6
TCCGATCCATCTTTCA-1,9
TCCGATCGTACCTAAC-1,5
TCCGATCGTACGATTC-1,2
TCCGATCGTCTGATAC-1,4
TCCGATCTCGTAGCCG-1,5
TCCGATCTCTGAGTCA-1,7
TCCGGGAAGCGGACAT-1,4
TCCGGGACAAGACAAT-1,4
TCCGGGAGTACTGGGA-1,6
TCCGGGAGTACTTCCC-1,3
TCCGGGAGTTCAAAGA-1,6
TCCGGGATCAAAGCCT-1,9
TCCGGGATCAGGAAAT-1,4
TCCGGGATCCACTAGA-1,3
TCCGGGATCGTGGAAG-1,1
TCCGTGTGTCTCGCGA-1,7
TCCGTGTGTGAACCGA-1,6
TCCGTGTTCGAGCACC-1,7
TCCGTGTTCTGTGCGG-1,1
TCCTAATAGTCGGCCT-1,1
TCCTAATCATAACGGG-1,4
TCCTAATCATACATCG-1,5
TCCTAATGTCTTAGTG-1,3
TCCTAATGTGCCTGCA-1,9
TCCTAATTCAGCTAGT-1,1
TCCTAATTCCTTATGT-1,9
TCCTCCCAGGCGTTGA-1,4
TCCTCCCCAAGGTCTT-1,7
TCCTCCCGTCCGATCG-1,2
TCCTCCCGTTTCCATT-1,9
TCCTCGAAGAGAGCAA-1,3
TCCTCGAAGTGAGTTA-1,1
TCCTCGACAACACAGG-1,7
TCCTCTTAGTAGACCG-1,4
TCCTCTTGTCTGTGGC-1,8
TCCTCTTGTGCGGTAA-1,1
TCCTGCAAGCTCGCAC-1,5
TCCTGCACACAACGAG-1,5
TCCTGCATCAGACCGC-1,5
TCCTGCATCCAGCTCT-1,9
TCCTTCTCAAAGACGC-1,2
TCCTTCTGTAAGGAGA-1,3
TCCTTCTGTGTGAGCA-1,1
TCCTTCTGTTGCATGT-1,9
TCCTTCTGTTGCGGCT-1,7
TCCTTCTTCAAGGAGC-1,4
TCCTTCTTCAGACCTA-1,6
TCCTTCTTCCGCAACG-1,1
TCCTTCTTCGGTCGGT-1,4
TCCTTCTTCTCGGTCT-1,6
TCCTTTCAGGAGATAG-1,6
TCCTTTCCACGGTCTG-1,7
TCCTTTCGTAATACCC-1,1
TCCTTTCTCACCTGGG-1,2
TCCTTTCTCCCATTTA-1,2
TCCTTTCTCTTCACAT-1,2
TCGAACAAGCAGCACA-1,8
TCGAACACATAGATGA-1,7
TCGAACAGTGTGTCCG-1,9
TCGAACATCCCAGCGA-1,4
TCGAACATCGTGCTCT-1,6
TCGAAGTCAATCCTTT-1,2
TCGAAGTGTCGACTTA-1,1
TCGAAGTGTTCTCCCA-1,3
TCGAAGTTCAACTACG-1,7
TCGAAGTTCTTCCCAG-1,5
TCGACCTAGGCCTTCG-1,8
TCGACCTAGGTTATAG-1,5
TCGACCTCATCGCTGG-1,5
TCGACGGAGGGAGTGG-1,6
TCGACGGCAAGAGGCT-1,6
TCGACGGCACTTGAAC-1,2
TCGACGGCATAGATCC-1,8
TCGACGGGTATAGGAT-1,9
TCGACGGTCAAATGAG-1,6
TCGACGGTCGCTAGCG-1,1
TCGATTTAGAATCTAG-1,1
TCGATTTAGACGCAGT-1,5
TCGATTTTCAATCCGA-1,4
TCGCACTAGCGCCATC-1,5
TCGCACTCAGTGGCTC-1,2
TCGCACTTCACTGAAC-1,8
TCGCACTTCCATACTT-1,2
TCGCAGGCACAACCGC-1,1
TCGCAGGGTGCTCTCT-1,8
TCGCAGGGTTGGCTAT-1,2
TCGCAGGGTTTACCTT-1,2
TCGCAGGTCGTGCATA-1,3
TCGCAGGTCTACTCAT-1,8
TCGCTCAAGAATTCAG-1,7
TCGCTCAAGATACGAT-1,5
TCGCTCAAGATGGCGT-1,2
TCGCTCAAGTGCTAGG-1,3
TCGCTCAAGTTTGAGA-1,3
TCGCTCACAATAAGGT-1,3
TCGCTCACAATTGCTG-1,7
TCGCTCAGTCTTGTCC-1,1
TCGCTCAGTTGCCTAA-1,9
TCGCTCATCGATCCAA-1,4
TCGCTCATCGTGCAGC-1,4
TCGCTTGAGAGAAGGT-1,2
TCGCTTGAGAGAATCT-1,5
TCGCTTGAGCAGATAT-1,2
TCGCTTGAGTCTCTGA-1,4
TCGCTTGGTCATCTAG-1,7
TCGCTTGTCAGGAAAT-1,8
TCGCTTGTCTTCGGTC-1,5
TCGGATAAGATTAGAC-1,9
TCGGATACATCGGAGA-1,1
TCGGATAGTCGATTAC-1,1
TCGGATAGTTGATCGT-1,3
TCGGATATCTAACGGT-1,5
TCGGGACAGCCTCACG-1,4
TCGGGACAGGCGCTCT-1,4
TCGGGACCACTACTTT-1,1
TCGGGACTCCCGAGAC-1,3
TCGGGCAAGCAAGGAA-1,7
TCGGGCACACCTATCC-1,1
TCGGGCACATGCAGGA-1,6
TCGGGCAGTACTCAAC-1,2
TCGGGCAGTCGTAATC-1,4
TCGGGCATCAGTCCGG-1,5
TCGGGTGAGACTGGGT-1,9
TCGGGTGCAATTCACG-1,3
TCGGGTGCACCTTCCA-1,3
TCGGTCTAGTAGGCCA-1,6
TCGGTCTCAAGTATAG-1,6
TCGGTCTCAAGTCCCG-1,5
TCGGTCTGTACCTGTA-1,3
TCGGTCTTCCTTGGAA-1,3
TCGGTCTTCGTGCACG-1,1
TCGGTCTTCTTGCAAG-1,2
TCGTAGACAAGAATGT-1,6
TCGTAGACAAGAGCTG-1,3
TCGTAGACAAGAGTAT-1,7
TCGTAGATCAGAGCGA-1,1
TCGTCCAAGCCTGGAA-1,1
TCGTCCAAGTCCCAAT-1,2
TCGTCCACAGAGGCAT-1,5
TCGTCCACATAAGATG-1,6
TCGTCCAGTCGTGTTA-1,9
TCGTCCAGTGGCACTC-1,1
TCGTCCAGTTCGATTG-1,4
TCGTCCATCATCTATC-1,3
TCGTGCTCATGGCTAT-1,6
TCGTGCTGTTTGTTCT-1,8
TCGTGGGCAAAGGTTA-1,3
TCGTGGGTCTAAACGC-1,6
TCTAACTAGGGCCCTT-1,7
TCTAACTCATCCGCGA-1,5
TCTAACTGTCAGGTAG-1,1
TCTAACTGTTCTTGTT-1,7
TCTAACTTCCTACGGG-1,2
TCTACATAGACTTAAG-1,1
TCTACATAGGATAATC-1,4
TCTACATCAGAGTCAG-1,5
TCTACATCATCGTGGC-1,4
TCTACATGTACCGTGC-1,1
TCTACATGTAGGTCAG-1,7
TCTACATGTATCGTTG-1,5
TCTACATGTCCAACGC-1,7
TCTACATGTGCTATTG-1,7
TCTACATTCGGAGTAG-1,6
TCTACCGAGTACTGTC-1,1
TCTACCGAGTTGCTCA-1,1
TCTACCGCACCAGTAT-1,1
TCTACCGCACGAAAGC-1,2
TCTACCGGTGAGTGAC-1,3
TCTACCGTCGTTAGTG-1,4
TCTATACAGGTTAGTA-1,7
TCTATACCAGTTAAAG-1,8
TCTATACGTGGCTGAA-1,5
TCTATACGTGTCTTGA-1,9
TCTATACGTTCTCCAC-1,8
TCTATACTCACGAACT-1,5
TCTATACTCCTCAGAA-1,2
TCTATACTCGCATTAG-1,3
TCTATCAAGATGACAT-1,2
TCTATCAAGGAGCAAA-1,2
TCTATCAAGTCGAATA-1,9
TCTATCACACATTACG-1,7
TCTATCAGTAGACTGG-1,9
TCTATCAGTAGCTAAA-1,7
TCTATCAGTGAAAGTT-1,4
TCTCACGAGGTAAGTT-1,3
TCTCACGCACGGTGAA-1,2
TCTCACGCAGGCATTT-1,7
TCTCACGCAGTTGAAA-1,7
TCTCACGGTAGCGTAG-1,4
TCTCACGGTATTGGCT-1,2
TCTCACGGTCTAGTGT-1,1
TCTCACGGTCTGATCA-1,5
TCTCACGGTTCAAACC-1,2
TCTCACGTCGGTCATA-1,3
TCTCACGTCTCCCTAG-1,5
TCTCAGCAGAAACTCA-1,5
TCTCAGCCACCGCTAG-1,2
TCTCAGCGTCACTCTC-1,2
TCTCAGCGTGCCTATA-1,9
TCTCAGCTCACTGGGC-1,2
TCTCAGCTCTGGACTA-1,8
TCTCCGACATAATCGC-1,1
TCTCCGAGTACTAAGA-1,2
TCTCCGAGTTCCTAGA-1,7
TCTCCGATCGGTCGGT-1,1
TCTCCGATCTTTGCAT-1,1
TCTCTGGAGCATTTCG-1,1
TCTCTGGAGCCTATCA-1,9
TCTCTGGAGCGCGTTC-1,4
TCTCTGGCACAATGCT-1,1
TCTCTGGGTAGCTAAA-1,4
TCTCTGGGTGGCTGAA-1,8
TCTCTGGTCATAAGGA-1,8
TCTGCCAAGGACGCTA-1,5
TCTGCCAGTCATTCCC-1,6
TCTGCCAGTGTTGATC-1,3
TCTGCCATCCGCAGTG-1,2
TCTGCCATCGCGAAGA-1,6
TCTGCCATCTAGATCG-1,7
TCTGGCTCAAGCGGAT-1,1
TCTGGCTGTCTGCCTT-1,2
TCTGGCTTCAGCGCGT-1,2
TCTGGCTTCAGGAAAT-1,1
TCTGTCGGTATGGGAC-1,6
TCTGTCGGTGTTAGCT-1,8
TCTGTCGTCCTAGAGT-1,4
TCTTAGTCAAGAAATC-1,3
TCTTAGTCAATACCCA-1,6
TCTTAGTCATCGGATT-1,4
TCTTAGTGTAAGACCG-1,2
TCTTAGTGTATCGGTT-1,4
TCTTAGTGTATGTCTG-1,2
TCTTAGTGTCGTTCAA-1,4
TCTTAGTTCGAAGTGG-1,4
TCTTAGTTCTGGGTCG-1,3
TCTTAGTTCTGTACAG-1,3
TCTTAGTTCTGTCCGT-1,2
TCTTCCTAGAGGGTGG-1,1
TCTTCCTAGGGCAGTT-1,8
TCTTCCTCACAGCTTA-1,2
TCTTCCTCACCGTGGT-1,2
TCTTCCTTCATGAAAG-1,5
TCTTGCGAGCACGATG-1,9
TCTTGCGAGTGGAATT-1,4
TCTTGCGCAAAGCTCT-1,7
TCTTGCGCATCTTTCA-1,4
TCTTGCGGTAACCCGC-1,5
TCTTGCGGTGCCGAAA-1,1
TCTTGCGTCACACCCT-1,9
TCTTTGACACCAGACC-1,4
TCTTTGAGTCGCATGC-1,5
TCTTTGAGTGTTCCTC-1,3
TCTTTGATCAAACGTC-1,3
TGAACGTAGTACAACA-1,1
TGAACGTCAATTCTTC-1,1
TGAACGTCAGAACATA-1,5
TGAACGTCAGTAACCT-1,8
TGAACGTCATCTGCGG-1,5
TGAACGTTCCATAGGT-1,2
TGAACGTTCCTGCCAT-1,2
TGAACGTTCGGTCATA-1,3
TGAATCGAGACTAAGT-1,5
TGAATCGAGATCACCT-1,8
TGAATCGAGATCCCAT-1,6
TGAATCGAGCATATGA-1,7
TGAATCGAGCCAACCC-1,2
TGAATCGCAATTTCCT-1,9
TGAATCGGTAGAATAC-1,6
TGAATCGGTGAGCCAA-1,1
TGAATCGTCGACCAAT-1,6
TGAATCGTCTCGTTTA-1,3
TGAATGCAGGCAGGGA-1,6
TGACAGTAGGGAACAA-1,5
TGACAGTAGTGCGCTC-1,8
TGACAGTGTACCATAC-1,7
TGACAGTGTAGCTGCC-1,4
TGACCCTAGGCCTGAA-1,8
TGACCCTCAAGCGAGT-1,1
TGACCCTCACAGTGAG-1,8
TGACCCTCACGACAGA-1,3
TGACCCTCACTTGAGT-1,5
TGACCCTCATGTGACT-1,4
TGACCCTGTTAACCTG-1,2
TGACCCTGTTATAGCC-1,9
TGACCCTGTTTCCAAG-1,5
TGACGCGAGACCAGCA-1,5
TGACGCGCATGCGGTC-1,5
TGACGCGGTAGATTGA-1,7
TGACGCGTCCAGCCTT-1,5
TGACTCCAGCTCATAC-1,8
TGACTCCTCAAGAAAC-1,5
TGACTCCTCACATACG-1,5
TGACTCCTCCCTCGAT-1,4
TGAGACTAGTCACTAC-1,8
TGAGACTCACTGAGTT-1,7
TGAGACTGTGACTCGC-1,7
TGAGACTTCATGCGGC-1,1
TGAGACTTCCACATAG-1,4
TGAGCATAGCTCAGAG-1,6
TGAGCATCAAAGCGTG-1,9
TGAGCATGTCAAGGCA-1,9
TGAGCATGTCGCATGC-1,7
TGAGCATTCCGAGCTG-1,2
TGAGCGCAGCCGAATG-1,1
TGAGCGCAGGTCCGAA-1,4
TGAGCGCCAATATCCG-1,6
TGAGCGCCAGGAATAT-1,6
TGAGCGCCATGATCTG-1,1
TGAGCGCGTACCTTCC-1,6
TGAGCGCGTACTGGGA-1,1
TGAGCGCGTGCAACAG-1,3
TGAGCGCGTTGCTCAA-1,4
TGAGCGCTCATACAGC-1,6
TGAGCGCTCCATCACC-1,5
TGAGCGCTCGAGTGGA-1,3
TGAGGGACACGTGAGA-1,2
TGAGGGAGTGTGATGG-1,6
TGAGGGATCAACTGAC-1,8
TGAGGGATCCGTATGA-1,6
TGAGGGATCTGTCCCA-1,5
TGAGGTTAGAAACTGT-1,1
TGAGGTTAGACGCTCC-1,1
TGAGGTTAGTATAGAC-1,8
TGAGGTTCACGCTTAA-1,3
TGAGGTTGTCACTGAT-1,6
TGAGTCAAGAATAGTC-1,8
TGAGTCAAGGAGAATG-1,3
TGAGTCAAGGCCGCTT-1,4
TGAGTCACACGGTAGA-1,2
TGAGTCAGTATAGGGC-1,5
TGAGTCAGTCCAAGAG-1,4
TGAGTCATCCAACTGA-1,1
TGAGTCATCGCTAATG-1,2
TGAGTCATCTGGAAGG-1,4
TGATCAGAGTAATTGG-1,4
TGATCAGAGTAGAATC-1,8
TGATCAGCAAGTTCCA-1,3
TGATCAGGTTGGGCCT-1,1
TGATCAGTCCCTTGGT-1,4
TGATCAGTCTGTCTCG-1,3
TGATCTTAGCAAATCA-1,6
TGATCTTAGCATGCGA-1,6
TGATCTTCACTTGGCG-1,3
TGATCTTGTGCTCGTG-1,6
TGATCTTTCGCTCCTA-1,7
TGATGCAAGACGGTTG-1,1
TGATGCAAGAGTGTGC-1,3
TGATGCAAGCCGGATA-1,1
TGATGCAGTGTGAATA-1,2
TGATGCATCAGACAAA-1,2
TGATGCATCAGTCACA-1,1
TGATGGTAGGAGGCAG-1,1
TGATGGTAGTCCTACA-1,1
TGATGGTCAAATGGCG-1,4
TGATGGTGTTCAAGGG-1,5
TGATGGTTCATTGTTC-1,1
TGATTCTCACTGTCCT-1,2
TGATTCTTCAACACGT-1,9
TGATTCTTCAGTGTTG-1,7
TGATTCTTCCCGAGGT-1,8
TGATTCTTCGCTCCTA-1,2
TGATTTCAGATAGTGT-1,3
TGATTTCAGTACTGTC-1,7
TGATTTCCAATCACGT-1,7
TGATTTCCAATTGCTG-1,4
TGATTTCCACCCAAGC-1,2
TGATTTCGTAGTTACC-1,9
TGATTTCGTGGGCTTC-1,6
TGATTTCTCGAATCCA-1,1
TGCACGGCAAGGGCAT-1,1
TGCACGGGTACTTCCC-1,3
TGCACGGGTTGACGGA-1,1
TGCACGGTCACTCCGT-1,6
TGCAGATAGCGGATCA-1,1
TGCAGATAGTTCCTGA-1,2
TGCAGATTCTATTCGT-1,3
TGCAGGCAGGTGAGAA-1,6
TGCAGGCCAGGTTCAT-1,5
TGCAGGCGTAGCTAAA-1,5
TGCAGGCGTGAGACGT-1,6
TGCAGTAAGAGAGTTT-1,3
TGCAGTACAGTCAGCC-1,5
TGCAGTATCAGAACCT-1,1
TGCAGTATCGACATTG-1,7
TGCAGTATCGAGATGG-1,3
TGCAGTATCTCCGATC-1,8
TGCATCCAGAGCCGTA-1,8
TGCATCCAGCATGATA-1,6
TGCATCCAGCGAGGAG-1,4
TGCATCCAGGAACGTC-1,2
TGCATCCAGGGCTTCC-1,2
TGCATCCCAACGCATT-1,7
TGCATGAAGACTACGG-1,1
TGCATGAAGTCGAATA-1,1
TGCATGAAGTGGTCAG-1,3
TGCATGACAGTACTAC-1,9
TGCATGAGTAGTCCTA-1,8
TGCATGAGTGCTCCGA-1,3
TGCATGAGTGGAACCA-1,1
TGCATGATCGTTCAGA-1,6
TGCCGAGAGCAATTCC-1,4
TGCCGAGAGGTACCTT-1,2
TGCCGAGCAATTCTCT-1,1
TGCCGAGCACTCAAGT-1,4
TGCCGAGGTATATGGA-1,1
TGCCGAGGTCAGCTTA-1,2
TGCCGAGTCCCACAGG-1,5
TGCCGAGTCCGAGCTG-1,7
TGCGACGAGATCCCAT-1,3
TGCGACGAGGTAAGAG-1,3
TGCGACGCAACTTCTT-1,3
TGCGACGCAAGGAGTC-1,5
TGCGACGCATGAGAAT-1,3
TGCGACGTCCACGGAC-1,3
TGCGACGTCCCTCGTA-1,4
TGCGACGTCTCACCCA-1,3
TGCGACGTCTCGCGTT-1,1
TGCGATAAGAGAGGGC-1,1
TGCGATAAGTCAACAA-1,1
TGCGATACAGCGTGCT-1,3
TGCGATAGTTACAGCT-1,8
TGCGATAGTTTGAAAG-1,2
TGCGATATCACTGAAC-1,6
TGCGGCAAGCATACTC-1,3
TGCGGCAAGCGTTACT-1,7
TGCGGCACAAGTTCCA-1,1
TGCGGCACAGCTACAT-1,6
TGCGGCACATTCACCC-1,3
TGCGGCAGTCACTTCC-1,4
TGCGGCAGTCGCCTAG-1,7
TGCGGCAGTGTAGGAC-1,2
TGCGGCATCCTGGTCT-1,7
TGCGGCATCCTTATAC-1,9
TGCGGCATCTCCGTGT-1,5
TGCGGGTGTCATACCA-1,2
TGCGGGTTCAAGCTTG-1,1
TGCGGGTTCTAGACAC-1,4
TGCTCCAAGACTGAGC-1,6
TGCTCCAAGTATGACA-1,8
TGCTCCAAGTGTACCT-1,3
TGCTCCAGTGGATGAC-1,5
TGCTCGTAGCAGGTCA-1,1
TGCTCGTAGGGAGTTC-1,6
TGCTCGTCACCATATG-1,2
TGCTCGTGTCAATCTG-1,6
TGCTCGTGTTCGTGCG-1,1
TGCTGAATCACTCCGT-1,4
TGCTTCGAGTTCTCTT-1,3
TGCTTCGCAACCAACT-1,6
TGCTTCGCAGGCGAAT-1,8
TGCTTCGTCTTAATCC-1,2
TGCTTGCAGAGAAGGT-1,2
TGCTTGCAGCTACGTT-1,5
TGCTTGCCAGTAGAAT-1,6
TGCTTGCCATGTTACG-1,7
TGCTTGCGTAGGTTTC-1,4
TGCTTGCGTCTGGTTA-1,4
TGCTTGCGTGCAGTGA-1,7
TGCTTGCGTTACCCAA-1,4
TGCTTGCTCGACGAGA-1,1
TGCTTGCTCGTCGACG-1,2
TGGAACTAGATGTTAG-1,6
TGGAACTAGCAGTAAT-1,3
TGGAACTGTGCAGATG-1,1
TGGAACTGTTAAGACA-1,1
TGGAACTTCCAAGCTA-1,4
TGGAACTTCCTTCTTC-1,8
TGGAACTTCTGAGCAT-1,6
TGGAGAGAGCATGTTC-1,3
TGGAGAGGTCGTATTG-1,3
TGGAGAGTCATCGCTC-1,7
TGGAGGAAGGCGAAGG-1,8
TGGAGGAAGTCCCAAT-1,3
TGGAGGACAACAACAA-1,3
TGGAGGACACAAGCAG-1,4
TGGAGGACACATACTG-1,1
TGGAGGAGTCGCATGC-1,4
TGGAGGAGTGGTCCGT-1,3
TGGAGGATCACTGGTA-1,5
TGGATCACAATGCAAA-1,6
TGGATCACATGCGTGC-1,4
TGGATCATCCGAGTGC-1,6
TGGATGTCAAGAGTGC-1,3
TGGATGTCAGAGTTGG-1,9
TGGATGTCAGTGCGCT-1,3
TGGATGTCATCGCCTT-1,1
TGGATGTGTATGAAAC-1,3
TGGATGTGTGTCATCA-1,9
TGGCGTGAGATTAGTG-1,6
TGGCGTGAGGAAGTCC-1,6
TGGCGTGCAGGTGAGT-1,1
TGGCGTGGTCATTCCC-1,6
TGGCGTGTCCAGTACA-1,3
TGGCGTGTCGGCTGAC-1,1
TGGGAAGCAAATCAAG-1,1
TGGGAAGCAGGTGGAT-1,1
TGGGAAGGTAGAATGT-1,7
TGGGAAGTCATGAGGG-1,4
TGGGAAGTCGATACGT-1,2
TGGGAGAAGATGAACT-1,4
TGGGAGATCAAGATAG-1,4
TGGGATTAGATCCAAA-1,2
TGGGATTAGGTGCTTT-1,4
TGGGATTCACAGACGA-1,6
TGGGATTCAGCTGTAT-1,5
TGGGATTGTATGTGTC-1,4
TGGGATTGTCAACGCC-1,5
TGGGATTGTTACGTAC-1,2
TGGGATTTCACGAGGA-1,2
TGGGATTTCAGCGTCG-1,6
TGGGATTTCATATGGC-1,8
TGGGATTTCATGGCCG-1,4
TGGGATTTCCCATTTA-1,5
TGGGATTTCTGCGAGC-1,1
TGGGCGTAGCGCCGTT-1,10
TGGGCGTAGTAGATCA-1,6
TGGGCGTGTCTGTGAT-1,6
TGGGCGTTCAGATTGC-1,3
TGGGCTGCAATATCCG-1,7
TGGGCTGGTTCGGTAT-1,2
TGGGCTGTCCAACCGG-1,4
TGGGCTGTCGGTTGTA-1,1
TGGGCTGTCTTGCGCT-1,4
TGGGCTGTCTTTCCAA-1,2
TGGGTTACAAACTCTG-1,1
TGGGTTACACGTCTCT-1,6
TGGGTTACATCGCTGG-1,8
TGGGTTAGTCGGCTAC-1,5
TGGGTTAGTGAGAGGG-1,1
TGGGTTATCATGAAAG-1,6
TGGTACAAGGAGTCTG-1,3
TGGTACACAATCACGT-1,2
TGGTACACAGACAAAT-1,5
TGGTACAGTAGCCCTG-1,2
TGGTACAGTCTTCAAG-1,5
TGGTACAGTTCCGCGA-1,7
TGGTAGTAGATGACCG-1,8
TGGTAGTAGGGATCAC-1,1
TGGTAGTCATCGTGCG-1,5
TGGTGATAGGACACTG-1,1
TGGTGATGTCTCGGAC-1,6
TGGTGATGTGGCTGCT-1,5
TGGTGATTCCCATTTA-1,1
TGGTGATTCCTGGGAC-1,2
TGGTGATTCTTCCTAA-1,4
TGGTTAGAGCCTCTGG-1,3
TGGTTAGAGTGTGTTC-1,3
TGGTTAGCAATACGAA-1,1
TGGTTAGTCAAAGACA-1,9
TGGTTAGTCACCACAA-1,7
TGGTTAGTCGAACGCC-1,8
TGGTTAGTCTGTGCGG-1,9
TGTAACGGTACAGGTG-1,3
TGTAACGTCACTACGA-1,1
TGTAACGTCACTGTTT-1,1
TGTAACGTCATGCCCT-1,6
TGTAACGTCCATTCGC-1,3
TGTAAGCAGAGCAAGA-1,2
TGTAAGCAGGCCCACT-1,9
TGTAAGCAGGTCCTGC-1,8
TGTAAGCGTCAGTTTG-1,3
TGTAAGCTCAATCCAG-1,2
TGTAAGCTCATACGGT-1,3
TGTAAGCTCCGGTTCT-1,4
TGTACAGAGCTGTTAC-1,4
TGTACAGGTAGAGATT-1,6
TGTACAGTCAACTGGT-1,3
TGTACAGTCCAGGACC-1,6
TGTACAGTCGCTTGAA-1,3
TGTAGACCAACCCTCT-1,1
TGTAGACCAGCGACAA-1,4
TGTAGACGTAATGCGG-1,2
TGTAGACGTCCACACG-1,3
TGTAGACGTCTAGTGT-1,3
TGTAGACGTTTGTGGT-1,2
TGTCAGAAGAAACCAT-1,1
TGTCAGAAGAACAGGA-1,4
TGTCAGAAGTAAGCAT-1,6
TGTCAGAAGTGGCGAT-1,1
TGTCAGAAGTTGTCAC-1,5
TGTCAGACACTAGGCC-1,4
TGTCAGACATCTATCT-1,2
TGTCAGAGTACAACGG-1,2
TGTCAGATCCTAGCTC-1,4
TGTCCACAGCCTCTCT-1,3
TGTCCACTCCGCAACG-1,2
TGTCCCAAGACATAAC-1,4
TGTCCCAAGTGGTTGG-1,5
TGTCCCACATAGTCAC-1,5
TGTCCCAGTGACTGTT-1,4
TGTCCTGCACTAGTAC-1,2
TGTCCTGCAGGTGACA-1,6
TGTCCTGCAGTAGTGG-1,5
TGTCCTGGTCATTGCA-1,7
TGTCCTGGTTGGGTAG-1,5
TGTCCTGTCTGCATAG-1,4
TGTGAGTAGTTGTCGT-1,6
TGTGAGTCACGACCTG-1,2
TGTGAGTGTCTAGGCC-1,7
TGTGATGCAAGAGTAT-1,4
TGTGATGCATTCACCC-1,4
TGTGATGTCAGTCACA-1,2
TGTGATGTCCCAAGCG-1,1
TGTGATGTCCGAGCTG-1,3
TGTGCGGAGCACGATG-1,4
TGTGCGGCAGTGGCTC-1,3
TGTGCGGGTCCACACG-1,4
TGTGGCGAGAACCGCA-1,3
TGTGGCGAGCGTATGG-1,6
TGTGGCGAGCTGCGAA-1,3
TGTGGCGAGGTCCCGT-1,9
TGTGGCGAGTTAGTGA-1,3
TGTGGCGGTGGTTTAC-1,3
TGTGGCGTCATCCCGT-1,9
TGTGGCGTCCCGATCT-1,7
TGTGGCGTCCTAAGTG-1,5
TGTGTGAAGTATGAAC-1,7
TGTGTGAAGTGCAACG-1,7
TGTGTGAAGTTAACAG-1,8
TGTGTGAAGTTGGCTT-1,4
TGTGTGACAAGAGGTC-1,8
TGTGTGACACCAGACC-1,1
TGTTACTAGCATATGA-1,9
TGTTACTCAATTGCTG-1,5
TGTTACTCAGCTTTCC-1,7
TGTTACTGTCAAAGTA-1,1
TGTTACTGTTGGACTT-1,3
TGTTACTTCATGCATG-1,5
TGTTACTTCATTTACC-1,5
TGTTACTTCTCACCCA-1,4
TGTTCATAGGAGATAG-1,5
TGTTCATCAACCGGAA-1,1
TGTTCATCATGACGAG-1,4
TGTTCATTCTAGAACC-1,1
TGTTCCGCAAATAGCA-1,1
TGTTCCGCAGCGGTTC-1,1
TGTTCCGCATGAGTAA-1,4
TGTTCCGGTATCATGC-1,3
TGTTCCGGTCGAATGG-1,4
TGTTCCGGTGAAGCGT-1,5
TGTTCTAAGGTCACTT-1,6
TGTTCTACACTGGATT-1,3
TGTTCTAGTACTCCGG-1,8
TGTTCTAGTCGTCTCT-1,3
TGTTCTAGTGCATACT-1,6
TGTTCTATCGATAACC-1,2
TGTTCTATCTCAGGCG-1,4
TGTTGAGAGGTTAAAC-1,3
TGTTGAGCAGCAAGAC-1,1
TGTTGAGGTCTCAGAT-1,5
TGTTGAGGTTCCACAA-1,6
TGTTGAGTCCGAGCTG-1,3
TGTTGAGTCGTTCTCG-1,6
TGTTGAGTCTACGGGC-1,8
TGTTGAGTCTGCATGA-1,1
TGTTGGAAGTTCATGC-1,1
TGTTGGAGTAATCAAG-1,1
TGTTGGAGTCGACTGC-1,7
TGTTGGATCCGAAATC-1,1
TGTTTGTAGGGCAAGG-1,3
TGTTTGTCAATGGCAG-1,6
TGTTTGTGTCGTCAGC-1,4
TGTTTGTTCTCATAGG-1,3
TTAATCCAGCACGGAT-1,5
TTAATCCCAGCTTCGG-1,4
TTAATCCCATCACGGC-1,8
TTAATCCGTGCAGGAT-1,8
TTAATCCTCGCACGGT-1,1
TTACAGGAGACTGGGT-1,8
TTACAGGCAAAGGGTC-1,3
TTACAGGCAACAGAGC-1,2
TTACAGGCAGACGATG-1,1
TTACAGGCAGTAGAAT-1,1
TTACAGGCAGTGTACT-1,3
TTACAGGGTCTCTCTG-1,9
TTACAGGGTCTTTCAT-1,8
TTACAGGGTGGCCCAT-1,9
TTACAGGGTTTACTGG-1,6
TTACAGGTCATGAAAG-1,5
TTACAGGTCGGACGTC-1,2
TTACAGGTCTACTGCC-1,6
TTACCATAGATAACGT-1,2
TTACCATCACTGGCCA-1,1
TTACCATTCTGGAAGG-1,1
TTACCGCAGCAAATCA-1,9
TTACCGCAGGATCACG-1,2
TTACCGCCACACGTGC-1,5
TTACCGCCACGAAAGC-1,1
TTACCGCCACTATGTG-1,8
TTACCGCGTCACTGAT-1,1
TTACCGCTCGTCCATC-1,6
TTACCGCTCTGTACAG-1,3
TTACCGCTCTTGGTGA-1,2
TTACGCCAGACGGATC-1,2
TTACGCCCAAGGTTGG-1,7
TTACGCCCAATCCTTT-1,8
TTACGCCCACCCTATC-1,4
TTACGCCGTATCGTTG-1,3
TTACGTTAGCGAACTG-1,1
TTACTGTAGACTACGG-1,7
TTACTGTAGAGATCGC-1,6
TTACTGTGTAGAATAC-1,6
TTACTGTGTCTCTCAC-1,8
TTACTGTGTGTGAGCA-1,2
TTACTGTGTTCAGTAC-1,2
TTACTGTTCAGCCCAG-1,2
TTACTGTTCTATTTCG-1,6
TTAGGCAAGCGATCGA-1,1
TTAGGCACATCTCCCA-1,7
TTAGGCAGTTAGAGAT-1,3
TTAGGCATCCCTCTTT-1,2
TTAGGGTAGAGCGACT-1,4
TTAGGGTAGGAACGAA-1,6
TTAGGGTAGGCGCTTC-1,6
TTAGGGTGTAGAGATT-1,5
TTAGGGTGTATCACGT-1,3
TTAGGGTGTGGATTTC-1,2
TTAGGGTGTTTAGACC-1,4
TTAGGGTTCTTACCAT-1,9
TTAGTCTCAATACGAA-1,2
TTAGTCTCATGAATAG-1,5
TTAGTCTTCAGGTAAA-1,2
TTATTGCAGGACTAAT-1,8
TTATTGCAGTTCCGTA-1,2
TTATTGCCACCATAAC-1,5
TTATTGCGTCACATTG-1,3
TTATTGCGTGGACCAA-1,1
TTATTGCGTTATTCTC-1,9
TTCAATCAGTCTTCGA-1,2
TTCAATCGTGCAACGA-1,6
TTCAATCGTTTCGTAG-1,1
TTCACCGAGGTAGCCA-1,1
TTCACCGAGTTCCATG-1,1
TTCACCGCAAAGGTTA-1,4
TTCACCGCAGAGCGTA-1,4
TTCACCGGTCCACGCA-1,1
TTCACCGGTCTCAAGT-1,7
TTCACCGGTTTATGCG-1,5
TTCACCGTCAAGCCAT-1,5
TTCACCGTCATGAAAG-1,3
TTCACCGTCTACTGCC-1,5
TTCACGCAGGAAACGA-1,8
TTCACGCCAGGGTTGA-1,2
TTCACGCCAGTCAGTT-1,5
TTCACGCTCAAGTTGC-1,6
TTCACGCTCCGTTTCG-1,8
TTCAGGACAACCTATG-1,7
TTCAGGACAATCTGCA-1,8
TTCAGGACAGAGCGTA-1,6
TTCAGGACAGAGTTGG-1,6
TTCAGGATCACGATCA-1,9
TTCAGGATCGGTCAGC-1,6
TTCATGTAGCGGTATG-1,6
TTCATGTAGGTAGATT-1,4
TTCATGTAGTAGTCCT-1,7
TTCATGTCACAAGCCC-1,2
TTCATGTGTAACTGCT-1,2
TTCATGTGTATGCAAA-1,9
TTCATGTGTCTACGTA-1,3
TTCATGTTCCAATGCA-1,1
TTCATGTTCGAAGGAC-1,5
TTCATTGGTAGACACG-1,6
TTCATTGGTTGAGTCT-1,3
TTCATTGTCCTAACAG-1,5
TTCATTGTCGTGGCTG-1,3
TTCATTGTCTTTGCAT-1,2
TTCCAATAGATCCTAC-1,1
TTCCAATAGCGGTAAC-1,4
TTCCAATCACGGTGCT-1,4
TTCCAATCAGTGAGCA-1,2
TTCCACGAGACTGTTC-1,5
TTCCACGAGAGACAAG-1,2
TTCCACGAGCCTAGGA-1,1
TTCCACGAGGTATAGT-1,1
TTCCACGCATATACCG-1,8
TTCCACGCATTGTCGA-1,8
TTCCACGGTTATCTGG-1,3
TTCCACGTCAAACTGC-1,5
TTCCACGTCTCGTTTA-1,1
TTCCGGTCACTACTTT-1,2
TTCCGGTCAGGCGATA-1,1
TTCCGGTGTCTTGGTA-1,7
TTCCGGTTCACCATCC-1,1
TTCCGGTTCAGCCTCT-1,8
TTCCGGTTCTCGCGTT-1,5
TTCCGTGAGAAGTCCG-1,1
TTCCGTGAGTAGAGTT-1,6
TTCCGTGCACGCAGTC-1,2
TTCCGTGCATTCAGGT-1,2
TTCCGTGGTATCGTAC-1,9
TTCCGTGTCAGAACCT-1,4
TTCCGTGTCGTTCATT-1,5
TTCCTAAAGGTCCGAA-1,4
TTCCTAAAGTGATGGC-1,4
TTCCTAAGTGCCGTTG-1,5
TTCCTAAGTTACCTGA-1,4
TTCCTAATCCCACAGG-1,5
TTCCTCTAGGGAGTGG-1,4
TTCCTCTCAACTACGT-1,7
TTCCTCTCAGCACAGA-1,8
TTCCTCTTCTTAGCCC-1,4
TTCCTTCAGTAAAGCT-1,2
TTCCTTCTCAGCATTG-1,7
TTCGATTCAGACAAAT-1,2
TTCGATTGTGGCCCAT-1,9
TTCGATTTCCCTCTTT-1,7
TTCGATTTCGTCGGGT-1,1
TTCGCTGAGGGCTTCC-1,5
TTCGCTGCACTAGAGG-1,6
TTCGCTGCAGTCGAGA-1,1
TTCGCTGGTAGAGATT-1,3
TTCGCTGGTCGGCTAC-1,1
TTCGCTGTCAACTACG-1,6
TTCGCTGTCCCTGTTG-1,5
TTCGGTCCACTCATAG-1,6
TTCGGTCCAGCATGCC-1,1
TTCGGTCGTCTTCAAG-1,3
TTCGGTCTCTCGTTTA-1,9
TTCTAACAGGCGTTAG-1,4
TTCTAACAGTATAGAC-1,2
TTCTAACAGTCACGAG-1,7
TTCTAACCAAAGGATT-1,2
TTCTAACCACCTTCGT-1,9
TTCTAACCAGGCCTGT-1,3
TTCTAACCATCCTTCG-1,7
TTCTAACGTAGAATAC-1,2
TTCTAACGTAGGTGCA-1,3
TTCTAACTCAAACGTC-1,7
TTCTAGTAGCAGCAGT-1,7
TTCTAGTAGCAGCCCT-1,9
TTCTAGTAGCAGCCTC-1,9
TTCTAGTAGTCATGGG-1,5
TTCTAGTTCGGTTGTA-1,1
TTCTCTCAGAGGTGCT-1,4
TTCTCTCGTACTCGAT-1,7
TTCTCTCTCAAGCCAT-1,2
TTCTCTCTCACTGTTT-1,9
TTCTCTCTCTAGTCAG-1,4
TTCTGTAAGGTGCTAG-1,5
TTCTGTAGTCTACTGA-1,1
TTCTGTAGTGTTTACG-1,1
TTCTTCCAGGTACAAT-1,2
TTCTTCCCAATCAAGA-1,7
TTCTTCCCACGGTGAA-1,5
TTCTTCCGTCACCCTT-1,8
TTCTTCCGTCGCGTTG-1,7
TTCTTCCGTTGAGGAC-1,1
TTCTTGAAGAGGCCAT-1,4
TTCTTGAAGTGACACG-1,1
TTCTTGACAACACGTT-1,2
TTCTTGAGTTAGGCTT-1,1
TTGAACGAGCGTTAGG-1,6
TTGAACGAGTAACAGT-1,6
TTGAACGCAACACAAA-1,7
TTGAACGGTACGCGTC-1,3
TTGAACGGTTCTATCT-1,3
TTGAACGTCGTAGCTA-1,4
TTGAACGTCGTTCCCA-1,3
TTGACCCAGGCCACCT-1,2
TTGACCCTCACTTATC-1,5
TTGACCCTCGCATTAG-1,2
TTGAGTGAGGGATCAC-1,5
TTGAGTGAGTCGGGAT-1,3
TTGAGTGAGTTACGGG-1,6
TTGAGTGCAACTTGGT-1,3
TTGAGTGGTGGGCTTC-1,3
TTGAGTGTCACGAGGA-1,4
TTGAGTGTCGAGTACT-1,2
TTGAGTGTCTGGAGAG-1,3
TTGATGGAGGGCAAGG-1,5
TTGATGGAGTGGTGAC-1,1
TTGATGGCAGAAGTGC-1,1
TTGATGGCAGGCGTTC-1,3
TTGATGGGTCTACGAT-1,6
TTGATGGGTTTAGAGA-1,3
TTGATGGTCTCGTCAC-1,4
TTGATGGTCTCTGCTG-1,5
TTGCATTAGAGGTATT-1,5
TTGCATTAGGCACTAG-1,2
TTGCATTCACTTGGGC-1,7
TTGCATTGTGGCATCC-1,8
TTGCATTTCCCGAAAT-1,4
TTGCCTGAGCAATTAG-1,1
TTGCCTGGTACAGAAT-1,3
TTGCCTGGTAGGTCAG-1,1
TTGCGTCAGGGCAATC-1,5
TTGCGTCAGTAGGGTC-1,3
TTGCGTCCATCGCTCT-1,4
TTGCGTCTCAAGAGGC-1,3
TTGCGTCTCACCTTAT-1,5
TTGCTGCAGACGATAT-1,7
TTGCTGCAGCGTTGTT-1,6
TTGCTGCAGCTAAATG-1,1
TTGCTGCTCTGGGCGT-1,1
TTGGATGGTCAAACGG-1,3
TTGGATGGTCACTCAA-1,1
TTGGATGGTGCGTTTA-1,6
TTGGATGTCCAGTGCG-1,6
TTGGGATAGACGACTG-1,7
TTGGGATAGGTGCGAT-1,6
TTGGGATGTGTTCAGT-1,1
TTGGGATGTTGCATAC-1,5
TTGGGCGCAGCCCAGT-1,1
TTGGGCGCATGAAAGT-1,3
TTGGGCGTCATCAGTG-1,5
TTGGGCGTCCAGTGTA-1,3
TTGGGTATCCTAAGTG-1,4
TTGGGTATCCTGCTAC-1,1
TTGGGTATCTAGACAC-1,7
TTGGGTATCTCTGAGA-1,7
TTGGTTTAGCTAAACA-1,2
TTGGTTTCAAACTAAG-1,3
TTGGTTTGTCTTGCGG-1,5
TTGGTTTTCTGCGAGC-1,5
TTGTGGAAGTTGCATC-1,6
TTGTGGACACCCTAAA-1,8
TTGTGGACACCTGCAG-1,6
TTGTGGACATCATGAC-1,4
TTGTGGACATGCCGGT-1,5
TTGTGGACATGGACAG-1,7
TTGTGGAGTACGTGTT-1,1
TTGTGGATCATCGCCT-1,5
TTGTGGATCCGTGTCT-1,4
TTGTGGATCCTATGGA-1,9
TTGTGTTAGTCACTAC-1,6
TTGTGTTAGTCATGGG-1,6
TTGTGTTCAAATCAGA-1,6
TTGTGTTCAGACAAAT-1,3
TTGTGTTGTAACCCTA-1,3
TTGTGTTGTATCGGTT-1,4
TTGTGTTGTGATTCAC-1,5
TTGTGTTGTGGTAACG-1,2
TTGTGTTTCCCTCTCC-1,3
TTGTTCAAGAGCTGAC-1,1
TTGTTCAAGCATGGGT-1,4
TTGTTCAAGCGACTGA-1,4
TTGTTCAAGGATCATA-1,6
TTGTTCAAGTTCCGGC-1,7
TTGTTCACAACCAATC-1,2
TTGTTCACAGAACTTC-1,5
TTGTTCACATACTGAC-1,4
TTGTTCAGTGCACGCT-1,6
TTGTTCATCACTTATC-1,8
TTGTTGTAGACTGTTC-1,4
TTGTTGTAGATGCTTC-1,7
TTGTTGTAGCACTGGA-1,8
TTGTTGTAGGTGAGCT-1,3
TTGTTGTAGTCGCCAC-1,9
TTGTTGTCACATTCTT-1,7
TTGTTGTCACTGGACC-1,4
TTGTTGTCATGCCATA-1,1
TTGTTGTTCCAATGCA-1,7
TTGTTGTTCCTTGAAG-1,5
TTGTTGTTCGTACCTC-1,2
TTGTTGTTCTTGCGCT-1,8
TTGTTTGAGAGTCCGA-1,5
TTGTTTGAGCAGGCTA-1,5
TTGTTTGAGGATATAC-1,4
TTGTTTGCAGCTAACT-1,1
TTGTTTGTCAAGCCGC-1,6
TTGTTTGTCCAAGCCG-1,9
TTGTTTGTCCTGTTAT-1,2
TTGTTTGTCGACATAC-1,8
TTGTTTGTCGCTGATA-1,3
TTTACCACACGGCACT-1,7
TTTACCACAGTTAGGG-1,8
TTTACCACATCCGTGG-1,1
TTTACCAGTACCTATG-1,5
TTTACCAGTCGGAAAC-1,4
TTTACCATCTATCGCC-1,9
TTTACGTAGCGCCGTT-1,6
TTTACGTAGGGTGAGG-1,4
TTTACGTAGTAGCCAG-1,1
TTTACGTGTCACAATC-1,9
TTTACTGCATTATGCG-1,8
TTTACTGGTACCAGAG-1,7
TTTACTGGTATGAGAT-1,1
TTTACTGTCGTGCACG-1,4
TTTAGTCAGGATGAGA-1,4
TTTAGTCCAATACGCT-1,1
TTTAGTCTCGCAGTCG-1,7
TTTAGTCTCTGCGATA-1,8
TTTAGTCTCTGGTCAA-1,7
TTTATGCAGACAGCTG-1,1
TTTATGCAGCTGGTGA-1,8
TTTATGCAGGCTAGCA-1,6
TTTATGCGTAGGACCA-1,3
TTTATGCTCACACCGG-1,3
TTTATGCTCGTGTTCC-1,1
TTTCACAAGCTAGAAT-1,2
TTTCACAGTACCCACG-1,3
TTTCACAGTGTTGCCG-1,1
TTTCACATCAAGCTGT-1,5
TTTCACATCTACTGAG-1,1
TTTCACATCTCACTCG-1,7
TTTCAGTAGCGAAACC-1,6
TTTCAGTCAAACACGG-1,9
TTTCAGTTCATGAGAA-1,1
TTTCAGTTCCATTCAT-1,2
TTTCATGCAGTTGGTT-1,2
TTTCATGCATGAAAGT-1,3
TTTCATGGTTCCAAAC-1,5
TTTCATGTCTTAAGGC-1,2
TTTCCTCAGGATCACG-1,2
TTTCCTCCAATCGCAT-1,8
TTTCCTCGTAAGACCG-1,2
TTTCCTCGTTGTGCAT-1,9
TTTCCTCTCCATACAG-1,9
TTTCCTCTCGTGTGAT-1,6
TTTCCTCTCTCTCTTC-1,1
TTTCGATAGGTAGTCG-1,4
TTTCGATCAATACCCA-1,1
TTTCGATCACAGCCAC-1,8
TTTCGATGTCGAACAG-1,3
TTTCGATGTCGGCTAC-1,1
TTTCGATTCAACGAGG-1,5
TTTCGATTCATTTGGG-1,6
TTTCGATTCGGAATTC-1,2
TTTGACTGTAAGGCTG-1,5
TTTGACTGTAGCTCGC-1,3
TTTGACTGTCTCCCTA-1,8
TTTGACTGTTGTGCCG-1,7
TTTGATCAGACCATAA-1,4
TTTGATCCAAATGCTC-1,9
TTTGATCCAGGTAGTG-1,3
TTTGATCCATACGCAT-1,2
TTTGATCGTACTCGTA-1,8
TTTGATCGTATCCTTT-1,2
TTTGATCGTGGAGAAA-1,1
TTTGATCTCAAGCCCG-1,5
TTTGGAGAGGGTATAT-1,5
TTTGGAGCAGACAAGC-1,6
TTTGGAGTCCCGAACG-1,5
TTTGGAGTCGTGGTAT-1,1
TTTGGAGTCTGCTTAT-1,5
TTTGGTTAGAACAGGA-1,3
TTTGGTTAGCAGATAT-1,8
TTTGGTTCACTAGGCC-1,2
TTTGGTTCAGCTACCG-1,5
TTTGGTTCAGGACATG-1,2
TTTGGTTGTACAAGCG-1,8
TTTGGTTGTCGCAGTC-1,3
TTTGGTTTCAAAGGAT-1,7
TTTGTTGAGAACGTGC-1,6
TTTGTTGGTAGGAAAG-1,3
TTTGTTGGTGCAATGG-1,1
TTTGTTGTCAAACGTC-1,2
TTTGTTGTCGCGGACT-1,4
TTTGTTGTCGCTGTCT-1,1
TTTGTTGTCGTCCATC-1,6
TTTGTTGTCTGAGATC-1,9
