Barcode,Cluster
AAACCCAAGCTGAGCA-1,2
AAACCCAAGCTGTCCG-1,3
AAACCCACACAAATGA-1,6
AAACCCAGTATCTTCT-1,6
AAACCCAGTCGATTCA-1,4
AAACGAACAGGTTCGC-1,5
AAACGAAGTATTTCCT-1,1
AAACGAAGTCTTGAAC-1,3
AAACGAATCTCTGGTC-1,2
AAACGCTAGAGTGAAG-1,1
AAACGCTAGTCACTGT-1,3
AAAGAACAGAAACTGT-1,2
AAAGAACCAAAGGCGT-1,2
AAAGAACCACAAACGG-1,2
AAAGAACCAGTCAACT-1,6
AAAGAACCATTGTCGA-1,2
AAAGAACGTACCTAAC-1,1
AAAGAACGTCGGCTAC-1,1
AAAGAACGTTCAGCGC-1,3
AAAGAACTCAAACGAA-1,2
AAAGAACTCACATACG-1,4
AAAGAACTCTAGCATG-1,2
AAAGAACTCTGCCCTA-1,5
AAAGGATAGAAACTCA-1,3
AAAGGATCAAGCTACT-1,4
AAAGGATCACGCAAAG-1,1
AAAGGATGTACGGTTT-1,1
AAAGGATTCGGACCAC-1,4
AAAGGGCAGGAACGAA-1,5
AAAGGGCAGGTTACCT-1,3
AAAGGGCCAAACTAGA-1,5
AAAGGGCCAAATCAGA-1,3
AAAGGGCTCAATCTCT-1,4
AAAGGTACACGGTAGA-1,1
AAAGGTATCATACGGT-1,4
AAAGTCCAGTCGCTAT-1,4
AAAGTCCCAGGTCAAG-1,1
AAAGTCCGTAACGGTG-1,6
AAAGTCCGTTCCAAAC-1,2
AAAGTCCTCTGAGAGG-1,6
AAAGTGAAGACCAACG-1,1
AAAGTGAAGAGCCATG-1,2
AAAGTGAAGCTCTTCC-1,2
AAAGTGACAGGAATAT-1,5
AAAGTGAGTACGATGG-1,1
AAAGTGAGTCAGTTTG-1,1
AAAGTGAGTGTCGATT-1,5
AAAGTGATCACTGTTT-1,2
AAATGGACATGAAGCG-1,1
AAATGGAGTGAATGAT-1,1
AAATGGAGTGAGTAGC-1,1
AAATGGAGTTCGCGTG-1,3
AAATGGATCCTCACTG-1,6
AACAAAGAGATTGTGA-1,3
AACAAAGAGTTGCGCC-1,1
AACAAAGCACACCGAC-1,6
AACAAAGGTGGTTTAC-1,3
AACAAAGTCAAGAAAC-1,5
AACAAAGTCACGGAGA-1,1
AACAACCAGGAAGAAC-1,1
AACAACCAGGCTAACG-1,2
AACAACCCAGCAGTGA-1,1
AACAACCGTTTACGAC-1,1
AACAACCGTTTCTATC-1,2
AACAAGAAGAGCAGAA-1,5
AACAAGAAGGCATCAG-1,2
AACAAGAAGTAGAGTT-1,1
AACAAGAAGTTCATGC-1,1
AACAAGACACTGCATA-1,1
AACAAGACAGGAATAT-1,6
AACAAGAGTAATTAGG-1,3
AACAAGAGTGTTACAC-1,1
AACAAGAGTTATGACC-1,1
AACAAGATCGCCTATC-1,1
AACAAGATCGGTGTTA-1,3
AACACACCAGAGCTAG-1,1
AACAGGGAGACTAGAT-1,1
AACAGGGAGCGGATCA-1,3
AACAGGGAGCGTATGG-1,2
AACAGGGAGTTGCCTA-1,1
AACAGGGCAGAAGTTA-1,2
AACAGGGCAGCACAAG-1,2
AACAGGGGTCGACTTA-1,1
AACAGGGGTTAGAGAT-1,4
AACAGGGTCATTCACT-1,3
AACCAACAGCTGGCCT-1,2
AACCAACAGTAAGAGG-1,4
AACCAACGTCAAGGCA-1,5
AACCAACGTGGAAATT-1,5
AACCAACGTTGGCTAT-1,2
AACCAACTCGATGCAT-1,4
AACCACAAGCTCACTA-1,6
AACCACAGTGCGCTCA-1,3
AACCACAGTTGAGTCT-1,2
AACCATGAGGATATAC-1,2
AACCATGCAAACTCTG-1,1
AACCATGCATACTTTC-1,1
AACCATGCATGGGAAC-1,3
AACCATGGTCCGATCG-1,1
AACCATGGTTCAGTAC-1,1
AACCATGTCGGCTGGT-1,2
AACCCAAAGGTTCACT-1,2
AACCCAACAGACGGAT-1,3
AACCCAAGTGGGAGAG-1,1
AACCCAATCACTGATG-1,2
AACCCAATCCCATTCG-1,4
AACCTGAAGACCCTTA-1,4
AACCTGAAGCTAGTTC-1,3
AACCTGAGTACACTCA-1,4
AACCTGATCGTTAGTG-1,1
AACCTTTCACCGTACG-1,6
AACCTTTGTATCGCTA-1,2
AACCTTTGTCAACACT-1,3
AACCTTTGTTCCGCTT-1,1
AACCTTTGTTTCGTGA-1,1
AACGAAAAGATAGGGA-1,1
AACGAAAAGCCATCCG-1,2
AACGAAAAGTGATTCC-1,5
AACGAAACAATGCAAA-1,6
AACGAAACAGCTTCCT-1,2
AACGAAAGTGCGAACA-1,1
AACGAAAGTGTCCCTT-1,1
AACGAAATCAAAGAAC-1,3
AACGGGAAGCACTCAT-1,1
AACGGGAAGGGATCAC-1,4
AACGGGACAGTGTACT-1,1
AACGGGACATTCTCCG-1,1
AACGTCAAGGTCTTTG-1,2
AACGTCAAGTAAGGGA-1,1
AACGTCACAATTTCGG-1,2
AACGTCACACGGCGTT-1,2
AACGTCACACTACGGC-1,2
AACGTCACACTGTCCT-1,4
AACGTCACAGGCATTT-1,1
AACGTCACATTAGGCT-1,6
AACGTCAGTCGATTCA-1,3
AACGTCATCGGACGTC-1,1
AACGTCATCGGTAAGG-1,6
AACGTCATCTGGTTGA-1,1
AACTTCTCAAACGGCA-1,2
AACTTCTCACCGTCTT-1,2
AACTTCTGTACTCGAT-1,1
AACTTCTGTCTTGTCC-1,5
AACTTCTGTGCTGATT-1,2
AACTTCTTCACTCCGT-1,4
AACTTCTTCAGTCCGG-1,2
AACTTCTTCCTCTGCA-1,1
AACTTCTTCTACACTT-1,4
AACTTCTTCTGCCTCA-1,6
AAGAACACAATAACGA-1,4
AAGAACACAGATAAAC-1,2
AAGAACACAGTCAGAG-1,1
AAGAACACATTGCCGG-1,2
AAGAACAGTAAGCGGT-1,1
AAGACAAAGCTGCGAA-1,1
AAGACAAAGGAAACGA-1,1
AAGACAACATCGCTGG-1,2
AAGACAAGTCTCAAGT-1,5
AAGACTCAGATAACGT-1,2
AAGACTCAGCCTCAAT-1,3
AAGACTCAGCTGCCAC-1,1
AAGACTCAGTACGTCT-1,4
AAGACTCAGTTGAAAC-1,1
AAGACTCGTAGCGCCT-1,1
AAGACTCTCGGTCTAA-1,5
AAGATAGCAACATACC-1,4
AAGATAGTCTCCTGAC-1,3
AAGATAGTCTCTTAAC-1,4
AAGCATCAGACATCCT-1,1
AAGCATCAGATTGATG-1,3
AAGCATCAGCATAGGC-1,1
AAGCATCCAAGGCGTA-1,3
AAGCATCCAGATTCGT-1,6
AAGCATCCATACACCA-1,2
AAGCATCGTTAAAGTG-1,1
AAGCATCGTTTCAGAC-1,3
AAGCATCTCAAGCTGT-1,6
AAGCATCTCGGAAACG-1,2
AAGCATCTCGTGCATA-1,5
AAGCATCTCTATGTGG-1,1
AAGCCATAGGCTGAAC-1,3
AAGCCATCAGCGATTT-1,4
AAGCCATGTCAATGGG-1,5
AAGCCATGTGACTATC-1,4
AAGCCATGTTGCATTG-1,2
AAGCGAGAGATAACGT-1,1
AAGCGAGGTAGTTAGA-1,3
AAGCGAGTCAACTACG-1,5
AAGCGAGTCCGGTAAT-1,3
AAGCGAGTCCGTCACT-1,4
AAGCGAGTCTGCGTCT-1,3
AAGCGTTCAATACGCT-1,1
AAGCGTTGTTAGCGGA-1,1
AAGCGTTTCCGTGCGA-1,1
AAGGAATAGTCAGGGT-1,1
AAGGAATAGTGAGGCT-1,1
AAGGAATCAGACTGCC-1,2
AAGGAATCAGGCATTT-1,1
AAGGAATCATTCATCT-1,3
AAGGAATTCCACGGGT-1,5
AAGGAATTCCTTTGAT-1,3
AAGGTAAAGTTGCCTA-1,4
AAGGTAACACGAGGAT-1,3
AAGGTAACAGCGTGCT-1,1
AAGGTAACATATGAAG-1,1
AAGGTAACATTGCCTC-1,1
AAGGTAAGTCGTTTCC-1,5
AAGTACCAGATGATTG-1,2
AAGTACCCACAAATAG-1,4
AAGTACCCAGTTCTAG-1,1
AAGTACCTCATACGAC-1,2
AAGTACCTCCGTAGGC-1,1
AAGTACCTCCTTCGAC-1,6
AAGTCGTTCGTGTGGC-1,4
AAGTCGTTCTCAGGCG-1,1
AAGTCGTTCTTGCAAG-1,5
AAGTGAAAGGGTTAGC-1,2
AAGTGAAAGTACAACA-1,2
AAGTGAAAGTCGAAGC-1,5
AAGTGAACAATCGCGC-1,5
AAGTGAAGTCAAATCC-1,5
AAGTGAAGTTCACCGG-1,2
AAGTTCGAGATAGGGA-1,5
AAGTTCGCAACAGTGG-1,1
AAGTTCGCAAGTGTCT-1,1
AAGTTCGCAATGAGCG-1,1
AAGTTCGCAGAGGAAA-1,5
AAGTTCGCAGCCGTCA-1,1
AAGTTCGCATGACGGA-1,6
AAGTTCGGTCACTTCC-1,1
AAGTTCGTCGTCACCT-1,1
AAGTTCGTCTGTACAG-1,1
AATAGAGAGACTCAAA-1,4
AATAGAGAGGGCAATC-1,4
AATAGAGCAAGTCCCG-1,1
AATAGAGCAGAACTTC-1,5
AATAGAGCAGGAATAT-1,1
AATAGAGGTCAGTCGC-1,1
AATAGAGTCATTACTC-1,3
AATCACGCACAATGCT-1,2
AATCACGCACGACGCT-1,4
AATCACGGTAACATCC-1,2
AATCACGGTTCGAAGG-1,1
AATCACGGTTTCGTAG-1,4
AATCACGTCGAGAATA-1,3
AATCGACAGTCTGTAC-1,1
AATCGACCAGTAGTGG-1,1
AATCGACGTCGAACAG-1,1
AATCGACGTGTCTAAC-1,3
AATCGACTCGAGAGCA-1,1
AATCGTGAGTGTTCAC-1,3
AATCGTGCAAGTCCCG-1,5
AATCGTGCAGAGAGGG-1,2
AATCGTGTCAACACGT-1,3
AATGAAGAGAGGCGGA-1,1
AATGAAGCATGAATCC-1,3
AATGAAGGTCCCAAAT-1,5
AATGAAGGTGCACAAG-1,4
AATGAAGTCGGCTGTG-1,1
AATGACCGTACCTATG-1,5
AATGACCTCGCCTAGG-1,1
AATGACCTCGTAACTG-1,4
AATGCCAAGCGTCAGA-1,1
AATGCCACAAGACGAC-1,2
AATGCCACATGGTGGA-1,1
AATGCCATCAAGTAAG-1,3
AATGGAAAGGACGCTA-1,5
AATGGAAAGGTAAGGA-1,2
AATGGAACAACCGCTG-1,4
AATGGAACAACTCCAA-1,1
AATGGAACAAGAATAC-1,5
AATGGAAGTATCACGT-1,1
AATGGAATCGCTTAAG-1,2
AATGGCTAGAAACTAC-1,6
AATGGCTAGAGGACTC-1,2
AATGGCTAGGAAAGGT-1,1
AATGGCTAGGAACGCT-1,2
AATGGCTCACTGAATC-1,2
AATGGCTGTGTGAATA-1,4
AATGGCTTCGCTGACG-1,4
AATGGCTTCTCGGCTT-1,4
AATTCCTAGGATGCGT-1,1
AATTCCTCAGACTGCC-1,1
AATTCCTCAGTTCACA-1,6
AATTCCTCATTGGGAG-1,5
AATTCCTGTTTGGGAG-1,1
AATTCCTTCGCGCCAA-1,2
AATTCCTTCTGTCAGA-1,5
AATTTCCAGAAACTCA-1,3
AATTTCCAGAGCATTA-1,4
AATTTCCAGCCTATCA-1,2
AATTTCCAGTGTTGTC-1,1
AATTTCCCAACGCATT-1,2
AATTTCCGTATCGTGT-1,1
AATTTCCTCCGTATGA-1,2
AATTTCCTCGTCTCAC-1,1
AATTTCCTCTCTCGAC-1,3
AATTTCCTCTGACCCT-1,2
AATTTCCTCTTAAGGC-1,5
ACAAAGAAGTTATGGA-1,3
ACAAAGACATGACGGA-1,1
ACAAAGATCACTCTTA-1,3
ACAAAGATCATAGAGA-1,3
ACAAAGATCGATACAC-1,2
ACAAAGATCGCAGTGC-1,1
ACAACCAAGAGGCTGT-1,3
ACAACCACAATAGTCC-1,6
ACAACCACACATAACC-1,5
ACAAGCTAGAGGCGGA-1,3
ACAAGCTAGTTGGACG-1,2
ACAAGCTAGTTGGGAC-1,4
ACAAGCTCAATGTGGG-1,3
ACAAGCTTCAAACTGC-1,4
ACAAGCTTCACCATAG-1,1
ACAAGCTTCGGCCTTT-1,1
ACAAGCTTCTCCTGCA-1,6
ACACAGTAGGCGTCCT-1,2
ACACAGTAGGGACACT-1,2
ACACAGTAGGGCTGAT-1,1
ACACAGTAGGTAAGAG-1,2
ACACAGTAGTTCCGGC-1,2
ACACAGTCACTTGACA-1,1
ACACAGTTCCATTGCC-1,2
ACACAGTTCTAGAGCT-1,1
ACACCAAAGGGAGGCA-1,1
ACACCAAGTAGGTACG-1,3
ACACCAATCCCTCAAC-1,6
ACACCAATCGTCCTTG-1,4
ACACGCGAGAGGCTGT-1,1
ACACGCGAGAGTTGCG-1,5
ACACGCGAGGAACTCG-1,1
ACACGCGAGTAACCTC-1,6
ACACGCGCAAGCCATT-1,3
ACACGCGTCGCCACTT-1,4
ACACGCGTCTACTATC-1,1
ACACTGACAACCGACC-1,2
ACACTGACATGTGCTA-1,4
ACACTGAGTCACATTG-1,2
ACACTGATCAAGTGGG-1,1
ACACTGATCGCCACTT-1,2
ACACTGATCGTCAGAT-1,2
ACAGAAAAGATAGCTA-1,1
ACAGAAAAGCGTGAGT-1,1
ACAGAAACACCTCGTT-1,2
ACAGAAAGTATTTCGG-1,2
ACAGAAAGTCCAGGTC-1,2
ACAGAAAGTCGCCACA-1,5
ACAGAAAGTCTTTATC-1,1
ACAGCCGAGCCAACCC-1,4
ACAGCCGAGCTTGTTG-1,3
ACAGCCGAGTGCTCAT-1,5
ACAGCCGTCGCCACTT-1,2
ACAGCCGTCTATGCCC-1,6
ACAGCCGTCTCCTACG-1,2
ACAGGGAAGATAGCTA-1,3
ACAGGGAAGCTAAGTA-1,3
ACAGGGAAGGAAAGGT-1,3
ACAGGGACACTATCCC-1,2
ACAGGGACACTCTGCT-1,4
ACAGGGATCTAACGCA-1,5
ACAGGGATCTCTGCTG-1,1
ACAGGGATCTGTAACG-1,1
ACATCCCAGTGCACTT-1,6
ACATCCCCAAGAGAGA-1,1
ACATCCCCATTGCTGA-1,2
ACATCCCTCACTGCTC-1,1
ACATCGAAGTACTGTC-1,2
ACATCGAGTAAGCGGT-1,5
ACATCGAGTAGTCACT-1,6
ACATCGAGTCAATCTG-1,2
ACATCGAGTTATGGTC-1,1
ACATCGATCAGCGGAA-1,3
ACATCGATCTTGGATG-1,2
ACATGCAAGTTACGAA-1,5
ACATGCACAATTCACG-1,3
ACATGCAGTTCCGCGA-1,5
ACATGCAGTTGACTGT-1,3
ACATGCATCTGTTGGA-1,1
ACATTTCAGGTTAAAC-1,1
ACATTTCTCGCTGTCT-1,2
ACATTTCTCGGAACTT-1,1
ACCAAACCACGAGGTA-1,2
ACCAAACCACTGTGTA-1,4
ACCAAACGTAGTTCCA-1,1
ACCAAACGTCTTACAG-1,1
ACCAAACGTTGGAGAC-1,6
ACCAAACTCGCCTTTG-1,5
ACCAACAAGACAACTA-1,2
ACCAACAAGTCCTGCG-1,1
ACCAACACAGAACTTC-1,2
ACCAACAGTATTGGCT-1,6
ACCACAAAGTTGAATG-1,2
ACCACAACAAGTCGTT-1,1
ACCACAACACCATATG-1,3
ACCACAAGTGTCGCTG-1,2
ACCACAATCTATTGTC-1,3
ACCATTTAGAGGGTGG-1,4
ACCATTTCATTCACAG-1,5
ACCATTTGTATTGACC-1,2
ACCATTTGTCAGACTT-1,5
ACCATTTGTCCTTGTC-1,2
ACCATTTGTGCATTTG-1,4
ACCATTTTCGGTGTAT-1,5
ACCATTTTCTCTAGGA-1,5
ACCCAAAAGCTGTGCC-1,6
ACCCAAACAGTCTTCC-1,2
ACCCAAAGTCTTGTCC-1,1
ACCCAAATCTCCAAGA-1,2
ACCCTCAAGAAGGTAG-1,2
ACCCTCAAGCGTCGAA-1,1
ACCCTCAAGGTTACAA-1,1
ACCCTCAGTATCGCGC-1,2
ACCCTCATCAAGCTGT-1,3
ACCCTTGAGCTCATAC-1,1
ACCCTTGAGTCCCGAC-1,4
ACCGTTCGTAGACAAT-1,1
ACCGTTCGTTACAGCT-1,4
ACCTACCAGCGACTAG-1,6
ACCTACCAGGGTAGCT-1,1
ACCTACCGTCGTTTCC-1,3
ACCTACCGTTGCGGCT-1,1
ACCTACCTCAGCTGTA-1,4
ACCTACCTCCGTGTAA-1,2
ACCTACCTCGTTCATT-1,1
ACCTACCTCTTTCGAT-1,1
ACCTGAAAGCGACATG-1,5
ACCTGAACATGCAGGA-1,1
ACCTGAAGTCGCACAC-1,3
ACCTGAATCCTTTGAT-1,6
ACCTGTCAGCACTGGA-1,5
ACCTGTCAGGATCATA-1,1
ACCTGTCCACTATCGA-1,6
ACCTGTCTCATGCCAA-1,3
ACCTGTCTCCAGTTCC-1,4
ACGATCAAGTACCCTA-1,5
ACGATCACATAGAAAC-1,3
ACGATCATCATCCCGT-1,4
ACGATGTAGTGCTACT-1,1
ACGATGTAGTTTGGCT-1,1
ACGATGTCAGATCATC-1,3
ACGATGTGTATGGTTC-1,5
ACGATGTGTATTAAGG-1,2
ACGATGTGTCGTGGTC-1,5
ACGATGTGTTCCAAAC-1,4
ACGATGTTCTATACTC-1,4
ACGATGTTCTGCTTAT-1,1
ACGCACGCAAGTTGGG-1,2
ACGCACGCACCGTCGA-1,3
ACGCACGCAGAAATTG-1,4
ACGCACGTCGTGCACG-1,5
ACGCACGTCTCGACGG-1,2
ACGGAAGAGTCTAGAA-1,3
ACGGAAGCAGTAACAA-1,4
ACGGAAGTCATCGGGC-1,1
ACGGAAGTCGAATGCT-1,3
ACGGGTCGTATTGAGA-1,3
ACGGGTCGTCAACATC-1,1
ACGGGTCGTGCACATT-1,5
ACGGGTCGTGTTGATC-1,1
ACGGGTCTCATTGAGC-1,5
ACGGTCGAGAGTCAGC-1,2
ACGGTCGAGATAGTCA-1,1
ACGGTCGAGATCACCT-1,1
ACGGTCGCACTCACTC-1,3
ACGGTCGCAGCTCATA-1,1
ACGGTCGGTGGACTAG-1,1
ACGGTCGTCGATACAC-1,1
ACGGTCGTCGGTGCAC-1,2
ACGGTTAAGAGACAAG-1,5
ACGGTTACACTTACAG-1,4
ACGGTTATCACGGACC-1,2
ACGGTTATCAGACATC-1,1
ACGGTTATCAGTGTGT-1,1
ACGGTTATCTGTCGCT-1,1
ACGTAACAGGTCCCTG-1,4
ACGTAACAGTCTGGTT-1,1
ACGTAACCATATGGCT-1,6
ACGTAACCATGTGCTA-1,5
ACGTAACTCACCTTGC-1,2
ACGTAACTCAGACTGT-1,2
ACGTACAAGCAGAAAG-1,4
ACGTACAAGTTACGAA-1,5
ACGTACACACTAAACC-1,4
ACGTACAGTACGACTT-1,3
ACGTACATCAAAGGTA-1,1
ACGTACATCCTACCGT-1,6
ACGTACATCCTCACTG-1,1
ACGTACATCGGCCCAA-1,5
ACGTAGTAGCAGGCTA-1,3
ACGTAGTAGGCCCGTT-1,3
ACGTAGTAGGTCCTGC-1,2
ACGTAGTAGTCATGCT-1,4
ACGTAGTCACTACCGG-1,3
ACGTAGTGTTAATGAG-1,1
ACGTAGTTCTCCGCAT-1,2
ACGTCCTAGTCGAAGC-1,2
ACGTCCTCAATGGCAG-1,1
ACGTCCTCACCTATCC-1,5
ACGTCCTCAGTAGTGG-1,1
ACGTCCTGTACGAGCA-1,2
ACGTCCTGTATCAAGA-1,3
ACGTCCTGTCGTTCAA-1,5
ACGTCCTGTGAGTTGG-1,5
ACGTTCCAGTACTCGT-1,3
ACGTTCCAGTGGATAT-1,1
ACGTTCCGTACGCGTC-1,3
ACGTTCCGTCGCACAC-1,1
ACGTTCCGTGGTTCTA-1,3
ACGTTCCGTGTCGATT-1,5
ACGTTCCTCCTACACC-1,3
ACTACGAAGACTTAAG-1,5
ACTACGAAGAGGACTC-1,1
ACTACGAAGGCTCAAG-1,1
ACTACGAGTCACAGTT-1,4
ACTACGAGTCTGTCCT-1,2
ACTACGAGTTGAGAGC-1,2
ACTACGATCGGCGATC-1,1
ACTATCTAGCAGCCCT-1,3
ACTATCTCACGCTGCA-1,4
ACTATCTGTCAGTCTA-1,4
ACTATCTTCAAGATAG-1,6
ACTATCTTCAATCTCT-1,2
ACTATCTTCCGCACTT-1,2
ACTATGGAGAATTGTG-1,3
ACTATGGCAAGCGATG-1,1
ACTATGGCAAGTGACG-1,5
ACTATGGCAGGGAGAG-1,1
ACTATGGTCCTGATAG-1,3
ACTATGGTCGTGCACG-1,3
ACTATGGTCTGTGTGA-1,1
ACTATTCAGCGAGGAG-1,3
ACTATTCAGTAGTGCG-1,1
ACTATTCCAAACTCTG-1,2
ACTATTCGTAGCTGAG-1,2
ACTATTCGTTCCAGGC-1,2
ACTATTCTCCATCGTC-1,4
ACTATTCTCTTCGTAT-1,3
ACTCCCAAGCGCTGCT-1,2
ACTCCCAAGCTTAAGA-1,1
ACTCCCAAGGTAAAGG-1,1
ACTCCCAAGGTAGTAT-1,4
ACTCCCACAGGAGGTT-1,1
ACTCCCAGTCGGCACT-1,1
ACTCCCAGTTCTTCAT-1,4
ACTCCCATCAGTCTTT-1,3
ACTCTCGAGGTTCACT-1,3
ACTCTCGCACACACTA-1,2
ACTCTCGCAGCAGTGA-1,2
ACTCTCGCAGTCAGTT-1,1
ACTCTCGGTGTGTGGA-1,1
ACTCTCGGTTTGATCG-1,3
ACTCTCGTCACTGATG-1,5
ACTCTCGTCATACAGC-1,5
ACTCTCGTCTGGTGCG-1,2
ACTCTCGTCTTCCCAG-1,3
ACTGATGAGGCTCTAT-1,1
ACTGATGAGTTTGCTG-1,5
ACTGATGCATCCCACT-1,6
ACTGATGGTAATTGGA-1,3
ACTGATGTCCTCACTG-1,4
ACTGATGTCCTCAGAA-1,6
ACTGATGTCGCCGAGT-1,4
ACTGTCCAGAGCAGAA-1,2
ACTGTCCAGGATTTAG-1,3
ACTGTCCCATTGACCA-1,4
ACTGTCCGTAGAGATT-1,2
ACTGTCCGTAGCGTTT-1,5
ACTGTCCGTCTCACAA-1,6
ACTGTCCGTTTCACTT-1,2
ACTGTCCTCCTCAGGG-1,4
ACTGTCCTCTCAACGA-1,3
ACTGTGACAATACGCT-1,2
ACTGTGAGTACTGAGG-1,2
ACTGTGAGTAGGCAGT-1,1
ACTGTGAGTGTTCGTA-1,4
ACTGTGAGTTATCCAG-1,3
ACTGTGATCGCTGACG-1,3
ACTTAGGAGCCTCAAT-1,4
ACTTAGGAGCGGACAT-1,1
ACTTAGGAGTCTTCCC-1,1
ACTTAGGCAGCAGTAG-1,2
ACTTAGGGTATACAGA-1,2
ACTTAGGGTGTCCAAT-1,1
ACTTAGGGTGTGACCC-1,1
ACTTAGGGTTGCGTAT-1,2
ACTTAGGTCTTCCAGC-1,1
ACTTATCAGTGGTGGT-1,6
ACTTATCCACGACGAA-1,1
ACTTATCCACTAACCA-1,2
ACTTATCCATACAGGG-1,5
ACTTATCGTTTGCAGT-1,1
ACTTATCTCGCTCATC-1,2
ACTTATCTCGGACCAC-1,4
ACTTCCGAGATAACAC-1,5
ACTTCCGAGGAGATAG-1,5
ACTTCCGCATCGTGGC-1,3
ACTTCCGGTGCAGGAT-1,5
ACTTCCGTCGAGCCTG-1,4
ACTTCCGTCGCGTTTC-1,5
ACTTCCGTCGCTCCTA-1,4
ACTTCCGTCGGCTGTG-1,1
ACTTCGCAGAACTCCT-1,4
ACTTCGCAGTCTTCCC-1,2
ACTTCGCCACGACGTC-1,2
ACTTCGCCAGAGGACT-1,3
ACTTCGCGTACCAGAG-1,2
ACTTCGCGTACCGGCT-1,2
ACTTCGCGTAGCACGA-1,1
ACTTCGCGTGAACTAA-1,3
ACTTCGCGTGAGTAGC-1,5
ACTTTCAAGAGGTTAT-1,5
ACTTTCACACCTTCCA-1,2
ACTTTCAGTGTACAGG-1,4
ACTTTCAGTTCCGTTC-1,4
ACTTTCATCACAAGGG-1,2
ACTTTGTCAACTTCTT-1,4
ACTTTGTCATGACGAG-1,2
ACTTTGTGTATGTCAC-1,1
ACTTTGTGTGTTACTG-1,2
ACTTTGTTCAATCAGC-1,6
ACTTTGTTCCGCTTAC-1,2
ACTTTGTTCTGCGTCT-1,1
AGAAATGAGATGCGAC-1,3
AGAAATGCAACACAGG-1,1
AGAAATGGTCACTCAA-1,1
AGAAATGGTCCCAAAT-1,3
AGAAATGGTCGACTGC-1,5
AGAAATGGTCTCAGAT-1,2
AGAAATGTCAAATAGG-1,3
AGAAATGTCGTTCGCT-1,1
AGAAATGTCTAGCCTC-1,4
AGAACAAAGAACCGCA-1,1
AGAACAAGTAAGCAAT-1,2
AGAACAAGTATTGAGA-1,2
AGAACAAGTCAGCTTA-1,1
AGAACAAGTTGCATAC-1,5
AGAACAATCCCGTTGT-1,4
AGAACAATCTCCTGAC-1,4
AGAACCTAGAGGACTC-1,2
AGAACCTGTGCATACT-1,1
AGAACCTGTTGTGTTG-1,3
AGAACCTTCTCATGCC-1,5
AGAAGCGAGAAGTGTT-1,1
AGAAGCGAGGCGATAC-1,3
AGAAGCGAGTAAGGGA-1,2
AGAAGCGCATGATAGA-1,1
AGAAGCGGTGAGGAAA-1,1
AGAAGTAAGCAGCACA-1,1
AGAAGTACAAGAAATC-1,5
AGAAGTACACAAGCCC-1,4
AGAAGTACACCTTCCA-1,5
AGAAGTAGTGATCATC-1,5
AGAAGTATCAGACCCG-1,5
AGAAGTATCTGAGCAT-1,1
AGACAAAAGTAATCCC-1,3
AGACAAACAGTTGTTG-1,3
AGACAAAGTACGACAG-1,6
AGACAAAGTGGGTTGA-1,1
AGACAAATCTATGCCC-1,6
AGACACTAGCGACTGA-1,4
AGACACTAGCTCGCAC-1,4
AGACACTCAATAGTAG-1,3
AGACACTGTAACATAG-1,2
AGACACTGTATTCCTT-1,2
AGACACTGTGGCAACA-1,5
AGACACTTCCCTATTA-1,4
AGACAGGGTGGTCTCG-1,2
AGACAGGGTTCCACAA-1,3
AGACCATCATCATTTC-1,2
AGACCATCATTGCAAC-1,4
AGACCATGTATTGACC-1,2
AGACCATTCCTCACCA-1,2
AGACCATTCGCCGTGA-1,1
AGACCCGAGCACTGGA-1,4
AGACCCGAGCGATGCA-1,5
AGACCCGAGTAACGTA-1,4
AGACCCGCACGTTCGG-1,2
AGACCCGGTGCAAGAC-1,2
AGACCCGTCATCTATC-1,1
AGACCCGTCCCTCGAT-1,3
AGACTCAAGACGCCAA-1,3
AGACTCAAGAGAAGGT-1,5
AGACTCAAGCTGTCCG-1,1
AGACTCAGTAGTCTTG-1,1
AGACTCAGTTAATCGC-1,2
AGACTCAGTTACCTGA-1,5
AGACTCAGTTGGGTTT-1,1
AGACTCATCGGTGTTA-1,5
AGAGAATAGAGAATCT-1,1
AGAGAATCATTCAGGT-1,1
AGAGAATTCCGATAAC-1,1
AGAGAGCCACCAGTTA-1,1
AGAGAGCGTAGGGAGG-1,3
AGAGAGCTCATGCGGC-1,3
AGAGCAGAGATTGACA-1,1
AGAGCAGCATCGCTGG-1,1
AGAGCAGGTCGCAACC-1,3
AGAGCAGTCAGTGGGA-1,3
AGAGCCCAGATACTGA-1,1
AGAGCCCCACAGTCCG-1,1
AGAGCCCGTTCAGCTA-1,1
AGAGCCCTCCACTGGG-1,1
AGAGCCCTCGGACGTC-1,2
AGAGCCCTCGTCACCT-1,3
AGAGCCCTCTCATTAC-1,5
AGATAGAAGTATTAGG-1,1
AGATAGACACGTCGGT-1,4
AGATAGACATGCAGGA-1,4
AGATCCACAACCAGAG-1,3
AGATCCACAGGGACTA-1,3
AGATCCAGTTACGATC-1,1
AGATCCAGTTGAAGTA-1,2
AGATCGTCAGGTCTCG-1,1
AGATCGTGTGGGAGAG-1,3
AGATCGTGTTTCCATT-1,1
AGATCGTTCCTTTGAT-1,3
AGATGAAGTGGTCCGT-1,1
AGATGAATCCAACCGG-1,2
AGATGCTAGCAAACAT-1,3
AGATGCTCAAGGGCAT-1,3
AGATGCTCATGATCTG-1,5
AGATGCTGTAGGCTCC-1,6
AGATGCTGTCATAACC-1,4
AGATGCTGTGGTTTGT-1,4
AGATGCTGTTATCCAG-1,1
AGATGCTTCACTTGGA-1,2
AGATGCTTCAGGGTAG-1,1
AGCATCAAGATTGCGG-1,5
AGCATCAGTACGCTAT-1,5
AGCATCATCAAGGTGG-1,2
AGCATCATCCAGTGCG-1,1
AGCCAATAGACTTAAG-1,2
AGCCAATCACTGGAAG-1,1
AGCCAATCAGTGACCC-1,1
AGCCAATTCGCAAGAG-1,3
AGCCACGCACAAATGA-1,3
AGCCACGGTTGTGTAC-1,3
AGCCAGCAGCGAGGAG-1,1
AGCCAGCCAATGCAGG-1,2
AGCCAGCCAGCAATTC-1,1
AGCCAGCCAGCCATTA-1,2
AGCCAGCGTTGCCATA-1,2
AGCCAGCTCCCGTGAG-1,4
AGCCAGCTCTGTACAG-1,4
AGCGATTAGATTGCGG-1,1
AGCGATTAGGTTCTTG-1,3
AGCGATTAGGTTGACG-1,3
AGCGATTCACTGCATA-1,1
AGCGATTCATGGCTAT-1,1
AGCGATTGTCTAGTGT-1,3
AGCGATTGTGTCTTAG-1,3
AGCGATTTCCAGCTCT-1,3
AGCGCCAAGGTCGTAG-1,5
AGCGCCAAGTCATCCA-1,4
AGCGCCACATCCGCGA-1,4
AGCGCCATCGTGCACG-1,4
AGCGCCATCTATTTCG-1,2
AGCGCCATCTCTCGAC-1,4
AGCGCTGAGATGATTG-1,1
AGCGCTGCAACTCCCT-1,1
AGCGCTGCAATGGGTG-1,2
AGCGCTGGTCTTAGTG-1,1
AGCGCTGTCGGTTAGT-1,1
AGCGTATAGAATCCCT-1,4
AGCGTATAGAGCCCAA-1,6
AGCGTATAGCACTCCG-1,5
AGCGTATAGCGACATG-1,1
AGCGTATAGGGAGGGT-1,4
AGCGTATGTCATATGC-1,2
AGCGTATTCCGTAGGC-1,1
AGCGTATTCGTTGTAG-1,3
AGCGTATTCGTTGTGA-1,3
AGCGTCGAGGGCCAAT-1,1
AGCGTCGCACTGTCGG-1,3
AGCGTCGGTTCCTACC-1,1
AGCGTCGGTTTACTGG-1,4
AGCTACAAGGTGGGTT-1,3
AGCTACAAGTAACCGG-1,5
AGCTACACACAAGCTT-1,2
AGCTACACAGCAGAAC-1,4
AGCTACAGTATCGATC-1,2
AGCTACATCTCTCAAT-1,2
AGCTCAAGTAAGGCCA-1,2
AGCTCAATCATCAGTG-1,1
AGCTCAATCGTTGCCT-1,5
AGCTCAATCTCCGAGG-1,6
AGCTTCCAGAAATCCA-1,4
AGCTTCCAGGTATTGA-1,1
AGCTTCCGTCGTGCCA-1,4
AGCTTCCGTTGATGTC-1,2
AGCTTCCGTTGTTGAC-1,5
AGCTTCCTCCAGTTCC-1,2
AGCTTCCTCTTAGTTC-1,4
AGGAAATTCAGGTAAA-1,3
AGGAATAAGCTTCATG-1,5
AGGAATAAGTTGTAAG-1,1
AGGAATAAGTTGTAGA-1,1
AGGAATACAAATGAAC-1,3
AGGAATACAACATCGT-1,3
AGGAATACAACTGCCG-1,5
AGGAATACAGGACGAT-1,5
AGGAATACAGTATGAA-1,4
AGGAATACATCTTTCA-1,1
AGGAATACATGTCAGT-1,2
AGGAATAGTATACCTG-1,1
AGGAATAGTGCTGTCG-1,1
AGGAATATCCACACCT-1,2
AGGAATATCGTAACAC-1,3
AGGACGAAGAACCGCA-1,5
AGGACGAAGGTACATA-1,2
AGGACGACACACCTTC-1,2
AGGACGACACGCTGAC-1,3
AGGACGAGTAGATCCT-1,3
AGGACGAGTAGCCCTG-1,2
AGGACTTAGTACAGCG-1,2
AGGACTTCACCCTTGT-1,3
AGGACTTCAGACGGAT-1,1
AGGACTTCAGTTTCAG-1,1
AGGACTTGTCTCAGGC-1,2
AGGACTTTCAAGAGTA-1,3
AGGACTTTCCCAATAG-1,2
AGGACTTTCGAGAGAC-1,4
AGGAGGTAGCCTTCTC-1,1
AGGAGGTAGTCCCAGC-1,2
AGGAGGTCAAGTAGTA-1,2
AGGAGGTCACCTGCGA-1,4
AGGAGGTCACTCCCTA-1,2
AGGAGGTCATTGGGAG-1,5
AGGAGGTGTGTTCGTA-1,1
AGGAGGTGTTTGGAAA-1,1
AGGATAAAGAAACACT-1,5
AGGATAAAGGTAATCA-1,1
AGGATAACAAGACAAT-1,5
AGGATAATCAGACTGT-1,1
AGGATAATCTGGACTA-1,2
AGGATCTAGTTGCCTA-1,2
AGGATCTGTCGTTTCC-1,1
AGGATCTGTTCCCAAA-1,1
AGGATCTGTTGTGCAT-1,1
AGGATCTGTTTCTTAC-1,3
AGGATCTGTTTGAAAG-1,5
AGGATCTTCACCCTTG-1,2
AGGATCTTCCGAGCTG-1,1
AGGCATTAGAGAATCT-1,3
AGGCATTAGTAGGATT-1,4
AGGCATTCAGGCTACC-1,6
AGGCATTCATGATAGA-1,1
AGGCATTGTACTGAGG-1,3
AGGCATTGTAGGGAGG-1,1
AGGCATTGTATGTCCA-1,5
AGGCATTGTTACCTTT-1,3
AGGCATTGTTGCATTG-1,1
AGGCATTTCCAAACCA-1,2
AGGCATTTCGGCATCG-1,1
AGGCCACAGAAGCGCT-1,1
AGGCCACCAAGATGTA-1,4
AGGCCACCAGTATACC-1,2
AGGCCACGTTAAGAAC-1,4
AGGCCACTCCTTATCA-1,3
AGGCTGCAGACGCCAA-1,5
AGGCTGCAGGACTTCT-1,1
AGGCTGCAGTCGCCCA-1,1
AGGCTGCCAAGAAATC-1,4
AGGCTGCGTAGATCGG-1,1
AGGCTGCGTATACCCA-1,1
AGGCTGCGTGGACTGA-1,3
AGGCTGCGTTCTAACG-1,4
AGGCTGCTCAGACTGT-1,6
AGGCTGCTCCCTTGGT-1,4
AGGCTGCTCTCTGGTC-1,2
AGGGAGTTCAGATGCT-1,1
AGGGAGTTCGGCGATC-1,2
AGGGCCTGTATCACCA-1,1
AGGGCCTTCCTTGACC-1,1
AGGGCTCAGCCGTAAG-1,2
AGGGCTCCACCGCTAG-1,1
AGGGCTCGTATCGCTA-1,1
AGGGCTCGTGGTTCTA-1,3
AGGGCTCTCATACGGT-1,2
AGGGCTCTCCGATAAC-1,1
AGGGCTCTCGACGTCG-1,1
AGGGTCCAGTGTAGTA-1,1
AGGGTCCTCATTTCGT-1,4
AGGGTGAAGAATCCCT-1,1
AGGGTGACATGTTCAG-1,2
AGGGTGAGTAACAGGC-1,3
AGGGTGAGTAGAATAC-1,3
AGGGTGAGTTCGCGTG-1,6
AGGGTGATCGATCCCT-1,3
AGGGTTTAGGAACTCG-1,1
AGGGTTTCATTGAAGA-1,5
AGGGTTTTCATGCAGT-1,4
AGGTAGGAGATGAAGG-1,5
AGGTAGGAGGCACCAA-1,1
AGGTAGGAGTGTTGAA-1,4
AGGTAGGCACATACGT-1,1
AGGTAGGCAGTTAGGG-1,1
AGGTAGGGTCTGGTTA-1,5
AGGTAGGGTGGAACCA-1,2
AGGTAGGGTTGTGGAG-1,1
AGGTCATAGCGTCGAA-1,3
AGGTCATAGTCGGCCT-1,1
AGGTCATCAGCAGAAC-1,4
AGGTCATGTATGAGAT-1,1
AGGTCATGTTGTAAAG-1,1
AGGTCTAAGGATGCGT-1,3
AGGTCTAGTCAATGGG-1,3
AGGTCTAGTCTTCGAA-1,4
AGGTCTATCCCTTGTG-1,1
AGGTCTATCGTAGTGT-1,5
AGGTCTATCTTTGCGC-1,6
AGGTGTTAGATGCTTC-1,3
AGGTGTTAGTCTTCGA-1,4
AGGTGTTCACTACACA-1,4
AGGTGTTGTCTTTCTA-1,4
AGGTGTTGTTCTCCTG-1,1
AGGTGTTGTTGGGAAC-1,1
AGGTTACGTAACACCT-1,2
AGGTTACGTACCATAC-1,4
AGGTTACGTAGATCGG-1,1
AGGTTACGTTCAAGGG-1,5
AGGTTACTCATTTGTC-1,1
AGGTTACTCGTGACTA-1,5
AGGTTACTCTGATGGT-1,5
AGGTTGTAGAAGTCCG-1,1
AGGTTGTAGTCTCCTC-1,4
AGGTTGTAGTCTGCGC-1,3
AGGTTGTGTCGTGGTC-1,1
AGGTTGTGTGTTTCTT-1,4
AGGTTGTTCACACCCT-1,1
AGTAACCAGACAACAT-1,3
AGTAACCCAATAGAGT-1,1
AGTAACCCAGCTGCCA-1,1
AGTAACCTCTATTTCG-1,3
AGTAACCTCTTAAGGC-1,1
AGTACCAAGCACCAGA-1,4
AGTACCACAACGACAG-1,4
AGTACCACAAGGTTGG-1,5
AGTACCAGTGCACAAG-1,1
AGTACCAGTGGAATGC-1,1
AGTACTGAGCGAACTG-1,2
AGTACTGAGGTTGAGC-1,5
AGTACTGAGTAGAGTT-1,2
AGTACTGTCATTATCC-1,1
AGTACTGTCTGGGATT-1,1
AGTACTGTCTTCGTAT-1,2
AGTACTGTCTTGGCTC-1,4
AGTAGCTAGCGTACAG-1,6
AGTAGCTAGGTAAGGA-1,5
AGTAGCTCAGAGAATT-1,1
AGTAGCTCATTGAGCT-1,3
AGTAGCTTCAACCCGG-1,4
AGTAGCTTCACCTACC-1,5
AGTAGCTTCCCATTCG-1,1
AGTAGTCAGACTGGGT-1,5
AGTAGTCAGCTAAATG-1,2
AGTAGTCAGCTACTAC-1,2
AGTAGTCAGTTAACAG-1,3
AGTAGTCGTCGACGCT-1,3
AGTAGTCGTGTATACC-1,3
AGTAGTCGTTGCATTG-1,1
AGTCAACAGACATGCG-1,2
AGTCAACAGGCGTTAG-1,1
AGTCAACAGGTACATA-1,4
AGTCAACAGTAATTGG-1,1
AGTCAACGTATAGCTC-1,1
AGTCAACGTTACGGAG-1,3
AGTCAACTCCCTGGTT-1,4
AGTCACAAGAACAAGG-1,1
AGTCACAAGCCATGCC-1,2
AGTCACAGTACCATAC-1,5
AGTCACAGTTCTTGTT-1,2
AGTCACATCGGCTTCT-1,3
AGTCATGAGGAAGTCC-1,1
AGTCATGAGTAGAATC-1,2
AGTCATGGTGAATAAC-1,1
AGTCATGTCTCCGTGT-1,5
AGTCTCCAGCTGTTCA-1,4
AGTCTCCAGGTAACTA-1,3
AGTCTCCCAAGTCCAT-1,3
AGTCTCCGTCCAAATC-1,1
AGTCTCCGTGACTCGC-1,3
AGTCTCCTCGCCCAGA-1,3
AGTGACTAGACCCTTA-1,1
AGTGACTGTTAGGAGC-1,2
AGTGACTTCATGCGGC-1,1
AGTGACTTCTCTTCAA-1,2
AGTGATCAGGTTCATC-1,2
AGTGATCGTCACAGTT-1,2
AGTGATCGTCAGCTTA-1,1
AGTGATCGTCCAATCA-1,4
AGTGATCGTCCAGCAC-1,1
AGTGATCTCTCGCCTA-1,1
AGTGCCGAGGACAGTC-1,2
AGTGCCGCACTTCCTG-1,4
AGTGCCGGTCCGAAAG-1,3
AGTGTTGAGTCGAAGC-1,6
AGTGTTGGTTGAATCC-1,4
AGTGTTGTCATGCGGC-1,6
AGTTAGCCAATTTCCT-1,4
AGTTAGCCACGTACAT-1,1
AGTTAGCCAGGACGAT-1,1
AGTTAGCCAGTATTCG-1,4
AGTTAGCCATCGAGCC-1,1
AGTTAGCTCAACTTTC-1,2
AGTTAGCTCCCATAGA-1,1
AGTTAGCTCGACGCTG-1,3
AGTTCCCGTAGGCAAC-1,1
AGTTCGAGTCCTCCTA-1,1
AGTTCGAGTGCCTATA-1,5
AGTTCGAGTGCCTTCT-1,4
AGTTCGATCCGCAAAT-1,2
AGTTCGATCCTAGCGG-1,2
ATACCGACATCCGGTG-1,1
ATACCGATCGTAGAGG-1,1
ATACCGATCTCCTACG-1,2
ATACCTTAGCTAATCC-1,2
ATACCTTCAAGAAATC-1,1
ATACCTTCAGGACATG-1,1
ATACCTTGTGCCAAGA-1,4
ATACCTTGTTGCGAAG-1,2
ATACCTTTCACCGCTT-1,1
ATACCTTTCGGACCAC-1,2
ATACCTTTCTCCAATT-1,4
ATACTTCAGAGAGTTT-1,3
ATACTTCAGCACCCAC-1,3
ATACTTCAGGCGAAGG-1,1
ATACTTCCAGTAGTGG-1,2
ATACTTCGTACACGCC-1,2
ATACTTCGTACAGCGA-1,1
ATAGACCAGAAACTGT-1,1
ATAGACCGTAGGGTAC-1,1
ATAGACCTCCCAGCGA-1,6
ATAGACCTCCGTACGG-1,1
ATAGAGACAAAGGCGT-1,5
ATAGAGACAGTATTCG-1,4
ATAGAGACATCAACCA-1,1
ATAGAGACATGCCATA-1,5
ATAGGCTCATGACAAA-1,2
ATAGGCTGTGTGAATA-1,1
ATAGGCTGTTGGAGGT-1,3
ATAGGCTTCCTCTTTC-1,2
ATATCCTAGACATACA-1,2
ATATCCTAGCAGCACA-1,2
ATATCCTAGCTCGCAC-1,2
ATATCCTCATGTTCAG-1,2
ATATCCTGTCCTGTTC-1,4
ATATCCTGTCGACTGC-1,5
ATATCCTGTTCCGCAG-1,2
ATATCCTTCATGCATG-1,4
ATATCCTTCATGCTAG-1,2
ATATCCTTCCAACCAA-1,5
ATATCCTTCCACAGCG-1,3
ATATCCTTCCATCTGC-1,1
ATATCCTTCTAGCCAA-1,1
ATCACAGCAAAGAACT-1,2
ATCACAGGTGACTAAA-1,3
ATCACAGGTGACTCTA-1,3
ATCACAGTCCATAAGC-1,2
ATCACAGTCGCTGATA-1,1
ATCACGACAAAGTATG-1,2
ATCACGACAAGTAGTA-1,1
ATCACGAGTCGGAAAC-1,3
ATCACGATCTTCTGGC-1,1
ATCACTTAGAACAAGG-1,1
ATCACTTAGTTCTCTT-1,2
ATCACTTTCGAAGGAC-1,2
ATCACTTTCTGAACGT-1,2
ATCACTTTCTGCTCTG-1,2
ATCAGGTAGCAACTTC-1,1
ATCAGGTAGCCTCAAT-1,6
ATCAGGTCACCCATAA-1,2
ATCATTCAGTTCCGTA-1,6
ATCATTCTCAAGTCTG-1,5
ATCATTCTCCCATTTA-1,4
ATCCACCGTCGAGTGA-1,3
ATCCACCGTGACCGTC-1,2
ATCCACCTCGGAGCAA-1,5
ATCCACCTCTCCAAGA-1,3
ATCCATTAGAAACACT-1,6
ATCCATTAGACAACAT-1,2
ATCCATTCAACATCGT-1,1
ATCCATTGTGGCAACA-1,3
ATCCATTGTTCCGTTC-1,4
ATCCATTGTTCGATTG-1,5
ATCCCTGCACAAGCCC-1,2
ATCCCTGCAGAGACTG-1,1
ATCCCTGGTCATCGGC-1,3
ATCCCTGGTTGCTCAA-1,5
ATCCCTGTCATATGGC-1,5
ATCCGTCAGTCATGGG-1,1
ATCCGTCCAAGGGTCA-1,6
ATCCGTCCACGCTTAA-1,2
ATCCGTCCAGAGCTAG-1,4
ATCCGTCCATCAGTCA-1,5
ATCCGTCCATGGCGCT-1,2
ATCCGTCGTGCCTATA-1,1
ATCCGTCTCACCTTAT-1,4
ATCCGTCTCCGTTTCG-1,2
ATCCTATAGGGAACAA-1,2
ATCCTATGTCTACACA-1,3
ATCCTATTCCGTGGGT-1,4
ATCGATGAGCGACATG-1,1
ATCGATGAGTAATTGG-1,1
ATCGATGCACCGAATT-1,2
ATCGATGCATTGCCTC-1,3
ATCGATGGTCATCTAG-1,5
ATCGATGTCCAAGCTA-1,4
ATCGATGTCCTCTGCA-1,2
ATCGATGTCTAGCCTC-1,2
ATCGCCTCAACAGAGC-1,1
ATCGCCTCACCAGGTC-1,2
ATCGCCTGTGGTCCGT-1,5
ATCGCCTGTGTGTCCG-1,4
ATCGCCTTCAATCAGC-1,4
ATCGGATAGATTCGAA-1,1
ATCGGATAGCCTCTCT-1,3
ATCGGATAGGTCCTGC-1,5
ATCGGATCAACGAGGT-1,3
ATCGGATCAAGTGGGT-1,1
ATCGGATCAATAGTAG-1,4
ATCGGATTCACGTCCT-1,1
ATCGGATTCCTGCCAT-1,4
ATCGGCGCAAGATTGA-1,1
ATCGGCGTCACCTGGG-1,1
ATCGGCGTCATGTCTT-1,1
ATCGGCGTCGCCCAGA-1,4
ATCGTAGAGGTTCTAC-1,2
ATCGTAGAGTCCTACA-1,2
ATCGTAGGTCCAAGAG-1,3
ATCGTAGGTTGTGTAC-1,6
ATCGTCCAGACCTCAT-1,2
ATCGTCCAGCCATATC-1,2
ATCGTCCAGGTCGACA-1,4
ATCGTCCAGTATGAAC-1,1
ATCGTCCCATGCCATA-1,5
ATCGTCCCATGTGGCC-1,2
ATCGTCCGTACAGAGC-1,1
ATCGTCCGTACGGGAT-1,4
ATCGTCCGTAGGAGTC-1,1
ATCGTGAAGAGTCAAT-1,1
ATCGTGACACCTCAGG-1,6
ATCGTGACACCTGCTT-1,3
ATCGTGACATACCACA-1,1
ATCGTGACATCCGTGG-1,2
ATCGTGAGTCGAAACG-1,3
ATCGTGAGTTTCAGAC-1,3
ATCGTGATCTTTGATC-1,2
ATCTCTAAGAGACAAG-1,4
ATCTCTAAGCTAGATA-1,5
ATCTCTAAGGCGTTGA-1,3
ATCTCTACACCGCTAG-1,1
ATCTCTAGTACCGTGC-1,6
ATCTCTAGTTCCTACC-1,6
ATCTCTAGTTCGAAGG-1,4
ATCTCTATCACTGTCC-1,4
ATCTCTATCTGTAACG-1,2
ATCTCTATCTTCGACC-1,3
ATCTTCAAGCACACAG-1,2
ATCTTCAAGCGACTTT-1,3
ATCTTCAAGCTGTTCA-1,1
ATCTTCAAGGTCTTTG-1,2
ATCTTCAGTAGTCGTT-1,1
ATCTTCAGTCAGGTAG-1,2
ATCTTCAGTGGGCTCT-1,2
ATCTTCATCCATGATG-1,6
ATCTTCATCTTGCGCT-1,4
ATGAAAGAGACGCAGT-1,1
ATGAAAGCAACTTGCA-1,3
ATGAAAGGTTGTTGTG-1,3
ATGAAAGTCACTGATG-1,2
ATGAAAGTCCGAGATT-1,2
ATGAAAGTCTTGGCTC-1,1
ATGACCAAGCACGGAT-1,1
ATGACCAAGGTGATAT-1,5
ATGACCACAAGGACAC-1,4
ATGACCACAGAGTTGG-1,4
ATGACCAGTAGTAAGT-1,1
ATGACCAGTAGTCTTG-1,3
ATGACCAGTCCGATCG-1,6
ATGACCAGTCGAGCAA-1,5
ATGACCAGTTACCCTC-1,6
ATGACCAGTTTGGAGG-1,4
ATGACCATCGCTTAAG-1,1
ATGACCATCTGTCGCT-1,2
ATGAGGGAGGGATCTG-1,1
ATGAGGGCAACTTGGT-1,2
ATGAGGGCATCACGGC-1,6
ATGAGTCCAGATCACT-1,2
ATGAGTCGTAGGTAGC-1,1
ATGAGTCGTCGACTGC-1,4
ATGAGTCGTGTGACCC-1,3
ATGAGTCTCACTTGGA-1,1
ATGAGTCTCCTACACC-1,5
ATGATCGAGCACCCAC-1,4
ATGATCGAGTATTGCC-1,2
ATGATCGAGTTGTCGT-1,1
ATGATCGGTCATAAAG-1,1
ATGATCGGTGGTCTCG-1,1
ATGATCGTCAGCAATC-1,2
ATGATCGTCATCTATC-1,4
ATGCATGAGGACAAGA-1,3
ATGCATGCACTCATAG-1,4
ATGCATGGTAGACAAT-1,6
ATGCATGGTAGTCTGT-1,3
ATGCATGGTTTACTGG-1,1
ATGCATGTCGCGTAGC-1,5
ATGCCTCAGAGTCCGA-1,2
ATGCCTCAGGACAACC-1,2
ATGCCTCCACGACGCT-1,1
ATGCCTCCACGTAGTT-1,3
ATGCCTCCACGTATAC-1,6
ATGCCTCGTGAGATTA-1,5
ATGCCTCGTTGTATGC-1,4
ATGCCTCGTTTAGTCG-1,1
ATGCCTCTCACAAGGG-1,6
ATGCGATCAATCGTCA-1,6
ATGCGATGTTTGTGGT-1,3
ATGGAGGAGACCTTTG-1,2
ATGGAGGAGATGACAT-1,1
ATGGAGGCAACCGGAA-1,1
ATGGAGGCACACTGGC-1,6
ATGGAGGCAGTCCCGA-1,3
ATGGAGGGTCCAAATC-1,4
ATGGAGGGTGTACATC-1,1
ATGGAGGTCCTAGCTC-1,3
ATGGAGGTCTCCATAT-1,3
ATGGATCAGATGGCGT-1,1
ATGGATCCACATTCTT-1,4
ATGGATCCAGCTGAAG-1,2
ATGGATCCATGTCTAG-1,1
ATGGATCGTGTGCTTA-1,3
ATGGATCTCCACTTCG-1,2
ATGGATCTCCCTTCCC-1,6
ATGGGAGAGAGTGTTA-1,1
ATGGGAGAGCTCGACC-1,5
ATGGGAGCACCCAAGC-1,1
ATGGGAGGTACGCTAT-1,1
ATGGGAGGTAGTAAGT-1,1
ATGGGAGGTTACGATC-1,5
ATGGGAGTCCTTCTTC-1,3
ATGGGAGTCTACCTTA-1,6
ATGGGTTAGAAGTATC-1,4
ATGGGTTCACTGCGAC-1,1
ATGGGTTCACTGTCGG-1,1
ATGGGTTCATAAGCAA-1,1
ATGGGTTGTGATTAGA-1,1
ATGGGTTTCCTACCAC-1,1
ATGGTTGAGCACCGTC-1,3
ATGGTTGAGGGAGGCA-1,4
ATGGTTGCAAGAGTAT-1,1
ATGGTTGCAGCGAGTA-1,1
ATGGTTGGTAGACGGT-1,5
ATGGTTGGTTCCGTTC-1,2
ATGGTTGTCAAAGCCT-1,1
ATGGTTGTCGAGAAAT-1,5
ATGGTTGTCTCCTGAC-1,4
ATGGTTGTCTCTCTAA-1,1
ATGTCCCCATACATCG-1,1
ATGTCCCGTAGTGCGA-1,5
ATGTCCCGTGGGTCAA-1,2
ATGTCCCGTGTACGCC-1,5
ATGTCCCTCGGTTCAA-1,6
ATGTCCCTCGTCGCTT-1,1
ATGTCCCTCTGGTGCG-1,6
ATGTCTTAGAGGCTGT-1,3
ATGTCTTCAAACTCGT-1,2
ATGTCTTCACTACCCT-1,2
ATGTCTTCAGCGGATA-1,2
ATGTCTTCATACTGTG-1,5
ATGTCTTCATGACTCA-1,4
ATGTCTTCATGTGGTT-1,1
ATGTCTTGTTGCATCA-1,4
ATGTCTTTCACACGAT-1,2
ATGTCTTTCGTCGCTT-1,1
ATTACCTAGCTAGTTC-1,1
ATTACCTCACGGTGAA-1,3
ATTACCTGTCACTTCC-1,4
ATTACCTGTCAGCTTA-1,5
ATTACCTGTTCAATCG-1,2
ATTACTCAGGAGGTTC-1,2
ATTACTCCAGGGAGAG-1,1
ATTACTCCAGGTATGG-1,1
ATTACTCCATATACCG-1,2
ATTACTCTCGCTGACG-1,1
ATTACTCTCTTAGCAG-1,1
ATTATCCAGATGACAT-1,5
ATTATCCCAGCGGATA-1,5
ATTATCCCATAGACTC-1,3
ATTATCCGTGGGTTGA-1,4
ATTATCCTCAGCCCAG-1,3
ATTCACTAGTGAATAC-1,2
ATTCACTCAATAGTGA-1,1
ATTCACTCACGACAGA-1,2
ATTCACTGTCGACTGC-1,2
ATTCACTTCACACCGG-1,4
ATTCACTTCTGCTTTA-1,2
ATTCACTTCTTTCCGG-1,4
ATTCAGGAGGGATCGT-1,5
ATTCAGGGTCCGGATC-1,3
ATTCATCAGTAAACTG-1,2
ATTCATCAGTAGCTCT-1,1
ATTCATCAGTTTGGCT-1,2
ATTCATCGTGGATACG-1,1
ATTCATCTCCTTATGT-1,4
ATTCATCTCGGCATCG-1,4
ATTCCATCAACTTCTT-1,5
ATTCCATCACCAGCCA-1,1
ATTCCATGTGAGGCAT-1,1
ATTCCATGTTCGAACT-1,1
ATTCCATTCACTTGGA-1,2
ATTCCCGAGGCTTTCA-1,2
ATTCCCGAGTTGAATG-1,5
ATTCCCGGTACGCTTA-1,1
ATTCCCGGTGATGGCA-1,3
ATTCCCGGTGTACAGG-1,1
ATTCCCGGTTAAGTCC-1,6
ATTCCTAAGAGTTCGG-1,5
ATTCCTAAGGGTATAT-1,4
ATTCCTACAAAGACTA-1,6
ATTCCTACATAGGAGC-1,4
ATTCCTACATGCCGAC-1,4
ATTCCTACATGTAACC-1,3
ATTCCTATCGCGCCAA-1,4
ATTCGTTAGGAGAATG-1,5
ATTCGTTAGGCGTCCT-1,5
ATTCGTTCACCATATG-1,3
ATTCGTTCACGCAGTC-1,2
ATTCGTTCACTTGAGT-1,4
ATTCGTTGTTTAGAGA-1,1
ATTCGTTTCAAAGACA-1,2
ATTCGTTTCGGCTGGT-1,1
ATTCGTTTCGTCAACA-1,2
ATTCTACAGGGCATGT-1,1
ATTCTACAGGTTCCGC-1,4
ATTCTACCACGTTCGG-1,1
ATTCTACGTCATGACT-1,2
ATTCTACGTCCTCCTA-1,2
ATTCTACGTGAACTAA-1,2
ATTCTTGAGCTCGACC-1,2
ATTCTTGCAAGCAATA-1,3
ATTCTTGGTGAGAGGG-1,2
ATTCTTGTCGTTAGAC-1,2
ATTGGGTAGGCTGGAT-1,1
ATTGGGTAGGTCATCT-1,1
ATTGGGTAGTTACGGG-1,3
ATTGGGTCAGGCTCTG-1,1
ATTGGGTGTCGAACAG-1,5
ATTGGGTTCGGCTGTG-1,2
ATTGTTCCAGTATGAA-1,1
ATTGTTCCATTGACAC-1,2
ATTGTTCGTCGATTTG-1,4
ATTGTTCGTTAGTTCG-1,5
ATTGTTCGTTCGTAAC-1,3
ATTGTTCGTTTGGAAA-1,1
ATTGTTCTCTCGTTTA-1,3
ATTTACCCATCGTTCC-1,4
ATTTACCGTACAGAGC-1,1
ATTTACCGTTATGGTC-1,5
ATTTACCGTTGCATCA-1,2
ATTTACCTCCCGAGGT-1,4
ATTTACCTCCTCTCTT-1,2
ATTTACCTCTGCTCTG-1,4
ATTTCACAGCGTTCAT-1,3
ATTTCACAGTAACCGG-1,1
ATTTCACCAAGTAGTA-1,2
ATTTCACTCTCCGTGT-1,4
ATTTCTGAGAGGGTAA-1,4
ATTTCTGAGGCACCAA-1,5
ATTTCTGAGTAGACAT-1,3
ATTTCTGAGTCCGCCA-1,2
ATTTCTGCATAGTCAC-1,6
ATTTCTGTCTGGTCAA-1,2
CAAAGAAAGGAAACGA-1,5
CAAAGAACACTAGGTT-1,1
CAAAGAACATGTAACC-1,6
CAAAGAAGTCGATTTG-1,5
CAAAGAAGTGACCGAA-1,2
CAAAGAATCCATACAG-1,6
CAAAGAATCTCATTTG-1,3
CAACAACCAGAGGCAT-1,4
CAACAACGTAGGCAAC-1,2
CAACAACGTTGGGCCT-1,5
CAACAACTCCTCCACA-1,2
CAACAACTCGTGCAGC-1,3
CAACAACTCGTTTACT-1,5
CAACAGTAGGAGAATG-1,2
CAACAGTCACTGGATT-1,4
CAACAGTGTCTTGCGG-1,5
CAACCAACACCACATA-1,2
CAACCAACAGACATCT-1,2
CAACCAACAGTCAGTT-1,2
CAACCTCAGACGGTCA-1,3
CAACCTCAGAGCAGTC-1,4
CAACCTCAGCGTACAG-1,2
CAACCTCAGGGAGGTG-1,2
CAACCTCAGTATGATG-1,1
CAACCTCTCATCTACT-1,3
CAACGATAGATAGGGA-1,3
CAACGATAGCTCACTA-1,1
CAACGATGTTAGGCTT-1,1
CAACGATTCCGATGTA-1,4
CAACGATTCTAGGCCG-1,6
CAACGGCAGAGTTGCG-1,1
CAACGGCAGATAGTCA-1,6
CAACGGCAGCACGATG-1,3
CAACGGCGTCATCCGG-1,5
CAACGGCTCGGTGCAC-1,3
CAAGACTAGCAAATGT-1,2
CAAGACTAGGATTTCC-1,5
CAAGACTAGTTAACGA-1,5
CAAGACTGTACTAAGA-1,4
CAAGACTTCCACGAAT-1,4
CAAGAGGAGAACCCGA-1,5
CAAGAGGAGGATACGC-1,5
CAAGAGGAGGCTATCT-1,3
CAAGAGGCAGGTACGA-1,2
CAAGAGGGTCCGGCAT-1,1
CAAGAGGGTTGTATGC-1,1
CAAGAGGTCCGTCCTA-1,2
CAAGAGGTCTAGCCTC-1,1
CAAGCTAAGCGCCCAT-1,2
CAAGCTACAACTCCCT-1,5
CAAGGGACACAAATCC-1,1
CAAGGGACACTACTTT-1,3
CAAGGGAGTCCGCAGT-1,1
CAAGGGAGTGCGGTAA-1,1
CAATACGCAAGAATGT-1,1
CAATACGCAGATTCGT-1,2
CAATACGGTCAAAGCG-1,5
CAATACGTCGAGAACG-1,5
CAATCGAAGACTGGGT-1,5
CAATCGACACGCCACA-1,2
CAATCGAGTTCGATTG-1,2
CAATCGATCAATCCAG-1,2
CAATCGATCCACGGGT-1,6
CAATCGATCTTCGCTG-1,3
CAATGACAGGCACCAA-1,4
CAATGACAGGCGTCCT-1,5
CAATGACAGTGACCTT-1,2
CAATGACCAACTTCTT-1,4
CAATGACCACAACGCC-1,1
CAATGACCACCTGCGA-1,1
CAATGACCATGACCCG-1,2
CAATGACTCACCCATC-1,5
CAATTTCAGCCTGTCG-1,2
CAATTTCCATCCTTGC-1,4
CACACAAAGATGAAGG-1,1
CACACAACAAAGACGC-1,1
CACACAACAGACCTAT-1,2
CACACAACAGACGGAT-1,4
CACACAAGTAGTGCGA-1,1
CACACAAGTGCCTGCA-1,4
CACACAATCCGTGGGT-1,6
CACAGATAGAGTGAAG-1,6
CACAGATAGGGCAAGG-1,1
CACAGATCACGCGGTT-1,3
CACAGGCAGGTCACCC-1,2
CACAGGCCACCCTTGT-1,4
CACAGGCGTATACAGA-1,1
CACAGGCGTCCGAAAG-1,1
CACAGGCTCTCTATAC-1,2
CACATGAAGCTACTGT-1,4
CACATGAAGGAACTAT-1,4
CACATGACAAGCGCAA-1,3
CACATGACATAACGGG-1,2
CACATGAGTTTCGACA-1,4
CACATGATCCAAGCAT-1,4
CACATGATCCTTCTAA-1,5
CACCAAAAGCAACAGC-1,2
CACCAAACACGTCATA-1,5
CACCAAAGTCTGATCA-1,6
CACCAAAGTTGAGTCT-1,1
CACCAAATCCTAGCCT-1,6
CACCAAATCCTGTAGA-1,2
CACCAAATCGCCGATG-1,1
CACCGTTAGCTGGAGT-1,3
CACCGTTCATCCGTGG-1,3
CACCGTTGTACGTTCA-1,2
CACCGTTGTAGAGTTA-1,1
CACCGTTGTCACTTCC-1,2
CACCGTTGTCGTCGGT-1,1
CACCGTTTCACTGGGC-1,4
CACGAATAGGACTAAT-1,1
CACGAATAGTGACACG-1,1
CACGAATCAAGTTCCA-1,4
CACGAATCATGTCGTA-1,2
CACGAATGTTTGGGAG-1,6
CACGGGTAGAGCATAT-1,5
CACGGGTAGATAACGT-1,5
CACGGGTCACACACTA-1,4
CACGGGTGTACCAATC-1,2
CACGGGTGTGCAACAG-1,3
CACGGGTGTTAACCTG-1,4
CACGGGTGTTACACTG-1,4
CACGGGTTCATAGACC-1,2
CACGGGTTCTGGTCAA-1,3
CACGTGGAGAAGAACG-1,1
CACGTGGCACGAGGTA-1,3
CACGTGGGTTTGATCG-1,2
CACGTGGTCTAGACAC-1,3
CACGTGGTCTCGTCGT-1,4
CACGTTCCACGGTGAA-1,2
CACGTTCCATGCCGCA-1,4
CACGTTCGTCAGTCTA-1,3
CACGTTCGTCGGTAAG-1,1
CACTAAGAGGCCTAAG-1,6
CACTAAGCAACCAACT-1,5
CACTAAGGTAGGACCA-1,1
CACTAAGGTGGAGAAA-1,5
CACTAAGTCCATCGTC-1,6
CACTAAGTCGAGGCAA-1,5
CACTGAACAGCTGCCA-1,3
CACTGAACATAGGTTC-1,4
CACTGAAGTAGGACTG-1,5
CACTGAAGTATCACCA-1,3
CACTGAATCAGTGTCA-1,6
CACTGAATCCATCACC-1,5
CACTGAATCTGCATGA-1,5
CACTGGGAGGACATCG-1,1
CACTGGGAGGTGGCTA-1,6
CACTGGGCACCTCGTT-1,2
CACTGGGGTCGCTCGA-1,2
CACTGGGTCGAGATAA-1,1
CACTGTCAGAGTCGAC-1,4
CACTGTCAGGATTTAG-1,1
CACTGTCCAATACCCA-1,2
CACTGTCGTAGCTGAG-1,1
CACTGTCGTTAACCTG-1,4
CACTGTCTCCGCTGTT-1,2
CACTTCGCAAATACGA-1,2
CACTTCGCAATCCAGT-1,2
CACTTCGCACACCTGG-1,1
CACTTCGCAGTCGCTG-1,1
CACTTCGCAGTTGCGC-1,2
CACTTCGGTTGCTAGT-1,2
CAGAGCCAGACTCTTG-1,2
CAGAGCCAGATACCAA-1,3
CAGAGCCAGGTGATCG-1,1
CAGAGCCAGTTAGAAC-1,1
CAGAGCCCAACAGAGC-1,4
CAGAGCCCAATTTCTC-1,3
CAGAGCCCACAACATC-1,1
CAGAGCCCACCCTAAA-1,4
CAGAGCCGTACCCGAC-1,3
CAGAGCCGTGTCTAAC-1,1
CAGAGCCTCTTTCGAT-1,2
CAGATACAGCGGACAT-1,1
CAGATACCACGCGTGT-1,4
CAGATACCATCAGCAT-1,2
CAGATACGTGTCATGT-1,2
CAGATCAAGATTTGCC-1,1
CAGATCAAGGTGCAGT-1,4
CAGATCAGTACGTAGG-1,6
CAGATCATCAAGTCTG-1,5
CAGATTGAGCCATTTG-1,3
CAGATTGAGCTTCTAG-1,6
CAGATTGAGGATACCG-1,5
CAGATTGAGGCCTGCT-1,2
CAGATTGAGTCTAACC-1,2
CAGATTGCAAGCTACT-1,2
CAGATTGCACTGAATC-1,5
CAGATTGTCACGGTCG-1,1
CAGATTGTCCAGTACA-1,2
CAGATTGTCGAAACAA-1,3
CAGCAATGTACATTGC-1,4
CAGCAATGTCGGTACC-1,5
CAGCAATTCGGATACT-1,1
CAGCACGAGAAGTCTA-1,2
CAGCACGAGCATTGTC-1,1
CAGCACGAGGTTATAG-1,2
CAGCACGGTACTCCCT-1,2
CAGCACGGTATGCGGA-1,5
CAGCACGGTTAGGCTT-1,2
CAGCACGGTTTGGAAA-1,3
CAGCAGCAGAGTCAGC-1,2
CAGCAGCAGCAGCCCT-1,1
CAGCAGCAGGGCTAAC-1,2
CAGCAGCCACGCGCAT-1,5
CAGCAGCGTTCCCAAA-1,3
CAGCAGCTCTCTCGAC-1,6
CAGCCAGAGGCATCGA-1,1
CAGCCAGAGTCTGGAG-1,5
CAGCCAGCAGCTATTG-1,4
CAGCCAGGTGCCAAGA-1,4
CAGCCAGGTTCCTACC-1,1
CAGCCAGTCCGCTAGG-1,3
CAGCGTGCAGGCTACC-1,6
CAGCGTGCATGCAGCC-1,2
CAGGCCAAGCTAAATG-1,3
CAGGCCAGTCCTGGTG-1,2
CAGGCCATCACATTGG-1,3
CAGGCCATCAGCATTG-1,3
CAGGCCATCTACGGGC-1,2
CAGGGCTAGGTAAACT-1,1
CAGGGCTCAAAGGCAC-1,3
CAGGGCTCAACTGGTT-1,2
CAGGGCTCAGCGGTCT-1,1
CAGGGCTCATTCACCC-1,2
CAGGGCTGTACCATAC-1,6
CAGGGCTTCGCTACAA-1,3
CAGGGCTTCTGCCCTA-1,2
CAGGTATAGATTGGGC-1,3
CAGGTATAGCAGATAT-1,3
CAGGTATAGGGACCAT-1,6
CAGGTATCAGCTATAC-1,2
CAGGTATGTAGGTAGC-1,1
CAGGTATGTCAACACT-1,5
CAGGTATGTGGCGTAA-1,1
CAGTGCGCAAATTAGG-1,1
CAGTGCGGTTCAAAGA-1,1
CAGTGCGGTTTGTTGG-1,5
CAGTGCGTCCATTGTT-1,4
CAGTTAGAGGCACTAG-1,6
CAGTTAGAGGCTATCT-1,1
CAGTTAGCAAGTCATC-1,3
CAGTTAGCACCTATCC-1,2
CAGTTAGGTAGATTAG-1,1
CAGTTAGGTCGTGGTC-1,5
CAGTTAGTCTCGACGG-1,3
CAGTTCCAGGGAGTTC-1,3
CAGTTCCAGTTGCGCC-1,3
CAGTTCCCAGTCGCTG-1,5
CAGTTCCTCAAGTCGT-1,4
CAGTTCCTCCATCGTC-1,4
CAGTTCCTCTCAGGCG-1,1
CAGTTCCTCTTCTCAA-1,2
CATAAGCAGCTGCCTG-1,4
CATAAGCCACGTAGAG-1,1
CATAAGCCATAATCCG-1,2
CATAAGCGTACGACTT-1,2
CATAAGCGTGTCTTGA-1,3
CATAAGCTCGGCCTTT-1,1
CATAAGCTCTATCCAT-1,2
CATAAGCTCTGGAAGG-1,1
CATACAGAGAGTTGCG-1,3
CATACAGAGATAGCTA-1,1
CATACAGAGGTGGTTG-1,1
CATACAGAGTTCCATG-1,4
CATACAGCAAAGGATT-1,6
CATACCCGTTACCCAA-1,4
CATACCCTCAATCTCT-1,5
CATACCCTCGGTTGTA-1,6
CATACTTCACCCTAAA-1,2
CATACTTCATCAGCTA-1,2
CATACTTGTTTGGGTT-1,6
CATACTTTCCGTATGA-1,2
CATACTTTCGACATCA-1,3
CATAGACGTCGGCACT-1,1
CATAGACGTGCCGGTT-1,5
CATAGACTCATGCATG-1,1
CATAGACTCATTGCTT-1,6
CATAGACTCCTAGCTC-1,2
CATCAAGAGGAAAGGT-1,1
CATCAAGCACAAATCC-1,4
CATCAAGCATACAGCT-1,4
CATCAAGGTTCACCGG-1,6
CATCAAGTCCTTCACG-1,6
CATCAAGTCTATACTC-1,4
CATCCACAGGTTCCAT-1,2
CATCCACCACCGGCTA-1,2
CATCCACGTCAAATCC-1,4
CATCCACGTCAGTCTA-1,1
CATCCACGTCCAGGTC-1,2
CATCCACTCACCTACC-1,2
CATCCACTCGGCTGAC-1,3
CATCCACTCTTGCGCT-1,5
CATCCCAAGCACCGTC-1,4
CATCCCAAGCATAGGC-1,1
CATCCCAGTCGAGTGA-1,1
CATCCCAGTGTTCCTC-1,4
CATCCCATCCGCACTT-1,2
CATCCCATCGAACTCA-1,3
CATCCCATCGACTCCT-1,1
CATCCCATCTACTTCA-1,4
CATCCCATCTCTTCAA-1,2
CATCCGTAGCCTGCCA-1,6
CATCCGTAGGACTGGT-1,3
CATCCGTAGGTAATCA-1,1
CATCCGTCATATAGCC-1,2
CATCCGTGTCAACATC-1,2
CATCCGTGTGTGATGG-1,1
CATCGCTAGTCTTCCC-1,3
CATCGCTTCTTCGCTG-1,4
CATCGGGCAGATACTC-1,5
CATCGGGGTCAGATTC-1,1
CATCGGGTCTTAGCCC-1,2
CATCGTCAGGGAACAA-1,3
CATCGTCGTTAACAGA-1,5
CATCGTCGTTGGTAGG-1,3
CATCGTCTCCGAACGC-1,2
CATGAGTAGACTTAAG-1,1
CATGAGTAGCGAAACC-1,2
CATGAGTCAACTACGT-1,2
CATGAGTCAGCTGTAT-1,1
CATGAGTGTACCTATG-1,3
CATGAGTTCCCGAGAC-1,6
CATGAGTTCGCTAATG-1,1
CATGCAACAGGAACCA-1,1
CATGCAAGTGCCTTCT-1,4
CATGCAAGTGTGAGCA-1,5
CATGCAATCAGCCTCT-1,2
CATGCAATCCAAAGGG-1,2
CATGCAATCGATTGAC-1,2
CATGCAATCTCGCCTA-1,1
CATGCCTAGAATCCCT-1,2
CATGCCTAGACATAAC-1,2
CATGCCTCAAACGTGG-1,2
CATGCCTCACAACATC-1,2
CATGCCTCAGCGATTT-1,2
CATGCCTTCCGACGGT-1,2
CATGCCTTCGTCGATA-1,4
CATGCCTTCTTAGCAG-1,6
CATGCGGAGACCTGGA-1,4
CATGCGGAGCTGACCC-1,4
CATGCGGAGTAGGGTC-1,1
CATGCGGCACTACTTT-1,2
CATGCGGCAGACCAAG-1,1
CATGCGGCAGCTCCTT-1,4
CATGCGGCAGCTGGTC-1,3
CATGCGGCATTGTGCA-1,4
CATGCGGGTAGAATGT-1,5
CATGCGGGTCACTCGG-1,2
CATGCGGGTCGAACAG-1,2
CATGCGGGTCTCTCAC-1,5
CATGCGGGTGCGGCTT-1,4
CATGCTCAGACGTCGA-1,3
CATGCTCAGAGGGTAA-1,4
CATGCTCAGATGTTGA-1,1
CATGCTCAGCAAGTGC-1,1
CATGCTCAGGACATCG-1,4
CATGCTCCAGAGGTTG-1,4
CATGCTCGTGGTCAAG-1,3
CATGCTCGTTCGGGTC-1,1
CATGCTCTCATTTCGT-1,2
CATGCTCTCCCGTGTT-1,1
CATGCTCTCGGCTGGT-1,1
CATGGATAGATGCTAA-1,5
CATGGATAGCTAGATA-1,1
CATGGATCAACTCGTA-1,4
CATGGATCAATGAAAC-1,1
CATGGATCAATTTCTC-1,3
CATGGATCACATATCG-1,3
CATGGATGTGTTAAAG-1,2
CATGGTAAGAGCTGAC-1,2
CATGGTAAGTCCGCGT-1,2
CATGGTAGTTGGAGGT-1,1
CATTCATAGATGTTAG-1,2
CATTCATAGGTAGTAT-1,2
CATTCATTCAGAGCGA-1,4
CATTCATTCGACTCCT-1,4
CATTCATTCTTTGCGC-1,4
CATTCCGAGGTCATCT-1,4
CATTCCGCAAGTCGTT-1,5
CATTCCGCACTAGAGG-1,3
CATTCCGCATAAGCGG-1,6
CATTCCGGTCAGTTTG-1,4
CATTCCGTCATTACGG-1,3
CATTCCGTCGAGTGGA-1,1
CATTCTACACCAATTG-1,2
CATTCTACAGCGAGTA-1,3
CATTCTACAGTCACGC-1,5
CATTCTAGTAGTGTGG-1,3
CATTCTAGTCGTGCCA-1,1
CATTCTATCTTCACGC-1,2
CATTGAGAGATGCAGC-1,2
CATTGAGAGCACGTCC-1,5
CATTGAGAGTAGCAAT-1,5
CATTGAGGTATGGAAT-1,1
CATTGAGGTCCAGGTC-1,3
CATTGAGGTGACAGGT-1,2
CATTGAGTCGCAATTG-1,3
CATTGCCAGAGGCCAT-1,4
CATTGCCCAAGACGGT-1,2
CATTGCCCAGAGATTA-1,6
CATTGCCCAGCAGTGA-1,4
CATTGCCGTATCACCA-1,2
CATTGCCGTTCAGGTT-1,6
CATTGCCGTTCCGTTC-1,2
CATTGCCTCAGAGTTC-1,2
CATTGCCTCTTGGCTC-1,3
CATTGTTCAAGTGCTT-1,1
CATTGTTCAGAGTCAG-1,1
CATTGTTCAGTATTCG-1,5
CATTGTTGTGACTGTT-1,4
CATTGTTGTGTCTTCC-1,4
CATTGTTTCCCTTGTG-1,2
CATTTCAAGAGAGTGA-1,4
CATTTCAGTATCGCTA-1,3
CATTTCAGTATTGGCT-1,2
CATTTCAGTTGCTTGA-1,2
CATTTCATCCGATGCG-1,3
CATTTCATCTCTAGGA-1,3
CCAAGCGCAAACCGGA-1,4
CCAAGCGCAATGAACA-1,1
CCAAGCGCAGAGTTCT-1,3
CCAAGCGGTTGCAAGG-1,5
CCAAGCGGTTGTGTTG-1,2
CCAATGAAGGCAGGGA-1,3
CCAATGACAATGAGCG-1,2
CCAATGACAGAACTCT-1,2
CCAATGAGTATGTCTG-1,5
CCAATGAGTCTCACGG-1,2
CCAATTTCATAATGCC-1,1
CCAATTTGTCGTTTCC-1,2
CCAATTTGTTCGTAAC-1,1
CCACAAAAGTATAACG-1,4
CCACAAACAATTTCTC-1,4
CCACAAACAGGCCCTA-1,1
CCACAAACAGGCCTGT-1,5
CCACAAACAGGGAATC-1,4
CCACAAAGTAACAGGC-1,4
CCACAAAGTATAGGAT-1,6
CCACAAAGTGTTGCCG-1,6
CCACACTAGAGGTTAT-1,4
CCACACTAGATCCCGC-1,6
CCACACTAGGAGTCTG-1,1
CCACACTCAAGCCCAC-1,4
CCACACTGTGCGGATA-1,5
CCACACTTCGTCTCAC-1,2
CCACACTTCTGCACCT-1,5
CCACCATCACCTCTAC-1,2
CCACCATGTCAAGCGA-1,5
CCACCATGTCAGATTC-1,2
CCACCATGTCCTGGGT-1,5
CCACCATTCACTTGTT-1,6
CCACCATTCTTGATTC-1,3
CCACGAGAGACCTTTG-1,2
CCACGAGAGTCCTGCG-1,6
CCACGAGAGTGTTCAC-1,1
CCACGAGCATGGCCCA-1,1
CCACGAGGTATCAGGG-1,3
CCACGAGGTGTCCAAT-1,4
CCACGAGGTGTTAGCT-1,5
CCACGAGTCCCGTGAG-1,6
CCACGTTAGGCTGTAG-1,1
CCACGTTAGGTCACCC-1,1
CCACGTTCACATGGTT-1,3
CCACGTTCAGAACTCT-1,4
CCACGTTGTCTTGCTC-1,4
CCACGTTGTTCCTACC-1,3
CCACGTTGTTGTGTTG-1,3
CCACGTTTCAAACGTC-1,6
CCACTTGCATACATCG-1,5
CCACTTGCATAGACTC-1,2
CCACTTGGTACGGTTT-1,4
CCACTTGGTATCCTTT-1,1
CCACTTGGTGTGTGTT-1,5
CCACTTGTCAGCCTCT-1,6
CCACTTGTCATTATCC-1,3
CCACTTGTCCTAAACG-1,6
CCATAAGAGACAACAT-1,6
CCATAAGGTCTGTGGC-1,1
CCATAAGGTGAGATAT-1,5
CCATAAGTCGAAGCAG-1,3
CCATAAGTCTCTTCAA-1,1
CCATAAGTCTTAGCCC-1,5
CCATCACAGATGGTAT-1,4
CCATCACAGCCGTCGT-1,3
CCATCACAGCGTGAAC-1,1
CCATCACAGTAACGTA-1,3
CCATCACAGTCCCGAC-1,6
CCATCACCAGAACTAA-1,2
CCATCACCAGTTAGAA-1,4
CCATCACCATCGTGGC-1,2
CCATCACCATTACTCT-1,1
CCATCACCATTGCCTC-1,2
CCATCACGTGGTCAAG-1,3
CCCAACTAGGCCTAGA-1,4
CCCAACTTCAGTCATG-1,1
CCCAACTTCCATCTAT-1,2
CCCAACTTCCCTGTTG-1,6
CCCAACTTCGACGCTG-1,2
CCCATTGAGAAACCCG-1,3
CCCATTGAGCTGGTGA-1,1
CCCATTGCAAGACTGG-1,1
CCCATTGCAGTCTTCC-1,2
CCCATTGTCAGTCAGT-1,2
CCCGAAGAGAGTTGCG-1,5
CCCGAAGCAAGAGTAT-1,1
CCCGAAGCATTCATCT-1,2
CCCGAAGGTTAAGAAC-1,3
CCCGAAGGTTGGGTAG-1,1
CCCGAAGTCGACGCTG-1,5
CCCGAAGTCGACTCCT-1,1
CCCGGAAAGAATCGAT-1,1
CCCGGAAAGTAAATGC-1,2
CCCGGAAAGTCTAACC-1,1
CCCGGAACAGCGAGTA-1,3
CCCTAACAGCGGTAGT-1,3
CCCTAACCAGTCTACA-1,6
CCCTAACGTGTCACAT-1,5
CCCTAACTCACATTGG-1,1
CCCTAACTCGACCACG-1,6
CCCTAACTCGTACCTC-1,2
CCCTCAACATGACTCA-1,2
CCCTCAATCCTGGGAC-1,4
CCCTCTCAGCACCCAC-1,1
CCCTCTCGTAGCGTAG-1,5
CCCTCTCGTTAAGGAT-1,2
CCCTCTCGTTTGATCG-1,1
CCCTCTCTCCTCGCAT-1,4
CCCTCTCTCGTGGCGT-1,2
CCCTGATAGACCTTTG-1,1
CCCTGATAGATCCAAA-1,5
CCCTGATAGCAGTCTT-1,4
CCCTGATAGTTGTCAC-1,2
CCCTGATCAAACCATC-1,2
CCCTGATCAGTGTGGA-1,6
CCCTGATGTGTTTACG-1,3
CCCTGATGTTTGACAC-1,2
CCCTGATTCACTCTTA-1,3
CCCTGATTCGCATAGT-1,5
CCCTGATTCGCTACAA-1,5
CCCTTAGAGCATGCAG-1,2
CCCTTAGAGGAGTCTG-1,3
CCCTTAGAGGTTTACC-1,4
CCCTTAGAGTGAATAC-1,6
CCCTTAGCATTCAGCA-1,6
CCCTTAGTCATCACAG-1,2
CCCTTAGTCGATACGT-1,5
CCGAACGAGCTGGCCT-1,2
CCGAACGAGTCACAGG-1,4
CCGAACGCAGTTCTAG-1,2
CCGAACGGTATCTTCT-1,2
CCGAACGGTCAGTCTA-1,1
CCGAACGGTCATGCAT-1,5
CCGAACGGTCTCTCAC-1,2
CCGAACGTCATGAGAA-1,1
CCGATCTAGACATAGT-1,2
CCGATCTAGATTAGCA-1,1
CCGATCTAGCGATGAC-1,6
CCGATCTAGGCAGCTA-1,4
CCGATCTCATCGATGT-1,6
CCGATCTGTCTAGGCC-1,2
CCGATCTGTTTCGTGA-1,4
CCGATCTTCCGCAACG-1,2
CCGATCTTCTCCGATC-1,6
CCGATGGTCCCTATTA-1,1
CCGCAAGAGGATTTAG-1,3
CCGCAAGGTCATTGCA-1,6
CCGCAAGGTCTTCCGT-1,1
CCGGACAAGCTAAATG-1,5
CCGGACAAGGAACGTC-1,1
CCGGACAAGGCATCGA-1,1
CCGGACACAATAGGGC-1,6
CCGGACACAGGAAGTC-1,5
CCGGACATCTCTCAAT-1,5
CCGGACATCTGGACTA-1,2
CCGGGTAAGCGTCGAA-1,1
CCGGGTAGTCAGCGTC-1,3
CCGGGTATCGGAATGG-1,3
CCGGGTATCGTGGTAT-1,2
CCGGTAGCAAAGGCTG-1,4
CCGGTAGCAGCGCGTT-1,1
CCGGTAGGTGCCCAGT-1,1
CCGGTGAAGCTGCCAC-1,2
CCGGTGAAGGTGCAGT-1,1
CCGGTGACAACGTAAA-1,2
CCGGTGAGTCAACACT-1,6
CCGGTGAGTCACCGCA-1,3
CCGGTGATCTGGTTGA-1,4
CCGTAGGAGCTGTTAC-1,2
CCGTAGGCATACCAGT-1,2
CCGTAGGCATCGTGGC-1,2
CCGTAGGGTCCTGTTC-1,4
CCGTAGGGTCTTTCTA-1,5
CCGTAGGGTTATGGTC-1,2
CCGTAGGTCTAGTTCT-1,1
CCGTGAGAGACCATGG-1,1
CCGTGAGTCTTGGATG-1,1
CCGTTCAAGACTACGG-1,5
CCGTTCACACTGGACC-1,2
CCGTTCAGTATACCCA-1,2
CCGTTCAGTGCAGATG-1,1
CCGTTCATCCTCTAAT-1,1
CCGTTCATCGACACTA-1,5
CCTAACCAGCGACTGA-1,2
CCTAACCGTGGTCCGT-1,6
CCTAACCTCCGTTTCG-1,4
CCTAAGAAGCGCCCAT-1,1
CCTAAGAGTATAATGG-1,1
CCTAAGAGTGGATCAG-1,1
CCTAAGATCGAATGCT-1,3
CCTAAGATCTAATTCC-1,2
CCTACGTAGATCACTC-1,2
CCTACGTGTCCTGGTG-1,3
CCTACGTGTCTACACA-1,2
CCTACGTGTGGACAGT-1,1
CCTACGTGTTAGAAGT-1,1
CCTACGTGTTGGACTT-1,1
CCTACGTTCTGACGCG-1,2
CCTATCGAGCCTCATA-1,3
CCTATCGAGTCACTCA-1,2
CCTATCGCAGGACAGT-1,1
CCTATCGGTACGAGTG-1,1
CCTCAACAGAGTCACG-1,4
CCTCAACAGGCACCAA-1,3
CCTCAACCAGAGTAAT-1,5
CCTCAACCATCGGTTA-1,4
CCTCAACCATGACCCG-1,4
CCTCAACGTACCTAAC-1,2
CCTCAACGTGACTGTT-1,2
CCTCAACTCACATCAG-1,6
CCTCAACTCTATCCAT-1,2
CCTCACAAGAAACTGT-1,2
CCTCACAAGATGCTAA-1,2
CCTCACAGTCTTGAGT-1,4
CCTCACATCTATTCGT-1,1
CCTCAGTAGTTCTCTT-1,6
CCTCAGTGTGCTGTCG-1,2
CCTCAGTGTTAAGAAC-1,6
CCTCAGTTCGCGATCG-1,2
CCTCATGAGCCGAATG-1,3
CCTCATGAGTTACGAA-1,4
CCTCATGGTCACGACC-1,2
CCTCATGTCAAGTTGC-1,2
CCTCATGTCCACATAG-1,6
CCTCATGTCGATTCCC-1,1
CCTCATGTCTTCGGTC-1,1
CCTCCAAAGATTAGCA-1,5
CCTCCAAAGGAAGAAC-1,1
CCTCCAACATGCCGAC-1,2
CCTCCAAGTGTTTACG-1,1
CCTCCAATCAGCTGAT-1,1
CCTCCTCAGGTTTGAA-1,5
CCTCCTCAGTCATACC-1,2
CCTCCTCTCCTTTGAT-1,2
CCTCTAGCAGAACTAA-1,2
CCTCTCCAGTAAATGC-1,1
CCTCTCCAGTGTAGTA-1,2
CCTCTCCCACATACGT-1,2
CCTCTCCGTCGGCCTA-1,5
CCTCTCCTCAACCCGG-1,2
CCTCTCCTCGCGTGCA-1,2
CCTGCATAGAGTGTTA-1,1
CCTGCATAGCAGCACA-1,1
CCTGCATCAAACGAGC-1,1
CCTGCATTCCATTTCA-1,2
CCTGCATTCGGCCCAA-1,4
CCTGCATTCTAGATCG-1,3
CCTGTTGAGTAAACTG-1,4
CCTGTTGAGTAGACAT-1,2
CCTGTTGAGTGGTTGG-1,3
CCTGTTGCAGAGATGC-1,2
CCTGTTGGTGCGACAA-1,5
CCTGTTGGTTATCCAG-1,5
CCTGTTGTCAGCTAGT-1,5
CCTGTTGTCCCTCTCC-1,2
CCTTCAGGTTATGTGC-1,6
CCTTCAGTCATCAGTG-1,4
CCTTCAGTCGATGCAT-1,3
CCTTCAGTCTTCTCAA-1,5
CCTTGTGAGAAGTCTA-1,2
CCTTGTGAGGAAACGA-1,1
CCTTGTGAGGCTCAAG-1,5
CCTTGTGAGTGATTCC-1,6
CCTTGTGCAGACGATG-1,1
CCTTGTGCAGTCGCAC-1,2
CCTTGTGCATAATCGC-1,4
CCTTGTGGTTTGTTCT-1,2
CCTTGTGTCAAGTGTC-1,4
CCTTGTGTCTCCTGCA-1,2
CCTTTGGGTATGGAAT-1,4
CCTTTGGGTGACTCTA-1,2
CCTTTGGGTGCTGATT-1,3
CCTTTGGTCAAGTGGG-1,3
CGAAGGAAGGTGATCG-1,3
CGAAGGACAAGGACAC-1,6
CGAAGGACATTCTCTA-1,4
CGAAGGAGTCTCACAA-1,1
CGAAGGATCATTGCTT-1,3
CGAAGGATCCATAGAC-1,6
CGAAGGATCTACGCGG-1,2
CGAAGTTAGGATGGCT-1,5
CGAAGTTTCTCTCAAT-1,2
CGAAGTTTCTGACGCG-1,3
CGAATTGAGACTTCGT-1,5
CGAATTGCAATCACGT-1,4
CGAATTGGTCTAATCG-1,3
CGAATTGTCTTAGCAG-1,2
CGACAGCAGATCACCT-1,2
CGACAGCAGGCATCTT-1,4
CGACAGCAGGGATGTC-1,3
CGACAGCAGGTGATCG-1,1
CGACAGCAGTTACGTC-1,1
CGACAGCCACAGTCCG-1,2
CGACAGCCACCCTAAA-1,4
CGACAGCCACTCAAGT-1,6
CGACAGCCAGCAGTCC-1,4
CGACAGCCATAATGAG-1,2
CGACAGCGTGCCCACA-1,2
CGACAGCTCTTGCAGA-1,3
CGAGAAGAGACCAAAT-1,2
CGAGAAGAGCATCAGG-1,1
CGAGAAGAGTCGCCAC-1,3
CGAGAAGCAATACCCA-1,1
CGAGAAGCAATTGCAC-1,2
CGAGAAGCACAGAGAC-1,5
CGAGAAGCAGCGTTTA-1,5
CGAGAAGGTGACATCT-1,5
CGAGAAGTCCAGGACC-1,1
CGAGGAAAGTTTGTCG-1,5
CGAGGAACACAACGCC-1,2
CGAGGAACACTGAGGA-1,1
CGAGGAAGTAGTTCCA-1,1
CGAGGAAGTCTCACAA-1,3
CGAGGAATCATCTATC-1,3
CGAGGAATCATGGGAG-1,5
CGAGGAATCCGGCAAC-1,4
CGAGGAATCGGAAACG-1,1
CGAGGCTAGAGATCGC-1,1
CGAGGCTCAAGGTCGA-1,1
CGAGGCTCACTTCCTG-1,6
CGAGGCTCAGGGAGAG-1,3
CGAGGCTGTAGACGTG-1,2
CGAGGCTGTGACATCT-1,1
CGAGGCTTCCTGATAG-1,2
CGAGTGCAGATTGGGC-1,3
CGAGTGCAGCTAGAGC-1,1
CGAGTGCAGTAGTCTC-1,6
CGAGTGCCACAGAGCA-1,2
CGAGTGCCAGAGAGGG-1,1
CGAGTGCCATAGATGA-1,4
CGAGTTAAGATGACCG-1,1
CGAGTTAAGCGATGAC-1,4
CGAGTTAAGGGCAGGA-1,2
CGAGTTACATTGTGCA-1,2
CGAGTTATCACATACG-1,3
CGAGTTATCAGTGGGA-1,4
CGAGTTATCTGGTGCG-1,5
CGATCGGAGACAGCTG-1,1
CGATCGGAGCATTGTC-1,2
CGATCGGCAGCAGACA-1,5
CGATCGGCAGCAGGAT-1,2
CGATCGGGTCTCAAGT-1,1
CGATCGGGTGAGCAGT-1,1
CGATCGGTCGTGGCGT-1,3
CGATGCGCATTGGATC-1,2
CGATGCGTCGACACTA-1,3
CGATGGCAGTGCACTT-1,1
CGATGGCCACGGCTAC-1,3
CGATGGCCACTACTTT-1,3
CGATGGCCATAACTCG-1,4
CGATGGCGTGCGGCTT-1,1
CGATGGCGTGTGAATA-1,4
CGATGGCTCCGTTGGG-1,5
CGATGGCTCCTGATAG-1,2
CGCAGGTAGAAAGCGA-1,5
CGCAGGTAGATCACTC-1,4
CGCAGGTCAACCACGC-1,4
CGCAGGTCAATTTCGG-1,6
CGCAGGTTCCATCTCG-1,2
CGCAGGTTCTGTGCGG-1,5
CGCATAAAGCGTGCTC-1,1
CGCATAAAGTCTGGAG-1,3
CGCATAAGTGAGCCAA-1,6
CGCATAAGTGCCCGTA-1,4
CGCATAATCACTGGTA-1,1
CGCATAATCCGACAGC-1,1
CGCATAATCGGAGCAA-1,1
CGCATGGAGCTGTTAC-1,4
CGCATGGCATGACGTT-1,5
CGCATGGGTTGGGCCT-1,1
CGCATGGTCACCGCTT-1,4
CGCCAGAAGTTCAACC-1,4
CGCCAGACACAAGGTG-1,1
CGCCAGAGTGGTTTGT-1,1
CGCCAGAGTTCCTAGA-1,1
CGCCAGATCGTGCACG-1,2
CGCCATTAGGTTGGTG-1,1
CGCCATTCACGTCTCT-1,6
CGCCATTGTAGAATGT-1,3
CGCCATTGTCCCGCAA-1,2
CGCCATTGTTCCGCGA-1,4
CGCCATTTCATTGCTT-1,5
CGCCATTTCGCGGTAC-1,6
CGCCATTTCGTTCATT-1,2
CGCCATTTCTCTCCGA-1,1
CGCCATTTCTGTCAGA-1,2
CGCGTGAAGCTGTACT-1,1
CGCGTGAAGTAAACAC-1,1
CGCGTGAAGTGCGACA-1,1
CGCGTGACAAACTCGT-1,1
CGCGTGACAACTCGAT-1,3
CGCGTGACACGCAGTC-1,3
CGGAACCAGATCGACG-1,1
CGGAACCAGTAGATCA-1,3
CGGAACCGTAGGACTG-1,1
CGGAACCGTCCCGGTA-1,1
CGGAACCTCGCCTAGG-1,2
CGGAATTAGCTCGCAC-1,1
CGGAATTAGGGTTAGC-1,5
CGGAATTAGGTCGTAG-1,1
CGGAATTCATACTGAC-1,4
CGGAATTGTATTGACC-1,4
CGGAATTGTCGCCTAG-1,2
CGGAATTGTGACTCGC-1,1
CGGAATTGTGCATGTT-1,3
CGGAATTGTTCTGACA-1,3
CGGAATTTCCTGGCTT-1,1
CGGACACCAACTGTGT-1,5
CGGACACCACATGACT-1,4
CGGACACGTCCGGTGT-1,3
CGGAGAAAGCCTCATA-1,5
CGGAGAACAAAGGCGT-1,1
CGGAGAACAATAGGGC-1,1
CGGAGAACAGTTCCAA-1,1
CGGAGAAGTGTCCAAT-1,2
CGGAGAATCATCACTT-1,4
CGGAGAATCGCGGTAC-1,1
CGGCAGTAGACGAAGA-1,1
CGGCAGTAGTAGAGTT-1,3
CGGCAGTCAAAGGAGA-1,4
CGGCAGTCATCTCCCA-1,1
CGGCAGTGTAGACTGG-1,3
CGGCAGTGTGTCTTAG-1,1
CGGCAGTGTGTTTACG-1,1
CGGCAGTTCAGACTGT-1,1
CGGGACTCAGATGCGA-1,2
CGGGACTTCTATACGG-1,1
CGGGCATGTCAGGTAG-1,3
CGGGCATGTCTGTCAA-1,1
CGGGCATTCGAATCCA-1,1
CGGGTCACACAATGAA-1,3
CGGGTCAGTCTTTATC-1,4
CGGGTCATCATACGAC-1,2
CGGGTCATCGATCCCT-1,3
CGGGTGTAGCACTAAA-1,1
CGGGTGTAGTATTCCG-1,5
CGGGTGTCACAACGTT-1,3
CGGGTGTGTACCAATC-1,1
CGGGTGTTCATAAGGA-1,1
CGGGTGTTCGGCATTA-1,2
CGGTCAGAGATGCTGG-1,2
CGGTCAGAGGATGAGA-1,2
CGGTCAGCAAGAAACT-1,3
CGGTCAGCAATTGCAC-1,5
CGGTCAGGTCTTGGTA-1,3
CGGTCAGTCGAACGGA-1,4
CGGTCAGTCGCCTATC-1,1
CGTAAGTAGCTCGACC-1,2
CGTAAGTAGGCATCAG-1,1
CGTAAGTCAAGCTCTA-1,3
CGTAAGTGTTTCTTAC-1,3
CGTAATGAGCTACTGT-1,5
CGTAATGAGTGAACAT-1,2
CGTAATGGTAGACAAT-1,4
CGTAGTAAGATGCAGC-1,1
CGTAGTAAGGGAGGTG-1,1
CGTAGTAGTGATACCT-1,4
CGTAGTAGTTTGCCGG-1,1
CGTAGTATCATGGGAG-1,3
CGTAGTATCCGGTTCT-1,1
CGTCAAAAGCAGATAT-1,2
CGTCAAAAGCATATGA-1,5
CGTCAAAAGTCACGAG-1,1
CGTCAAACAGTCTCTC-1,2
CGTCAAAGTCTGTGCG-1,1
CGTCAAAGTTCAAACC-1,5
CGTCCATGTACGTACT-1,3
CGTCCATGTGGATCGA-1,1
CGTCCATTCGGCTGTG-1,2
CGTGAATAGCATCAAA-1,3
CGTGAATAGCTCCACG-1,4
CGTGAATCAATCTCTT-1,5
CGTGAATCAATGCTCA-1,5
CGTGAATCAGGTCTCG-1,1
CGTGAATGTAGCGTAG-1,4
CGTGAATTCATTGAGC-1,4
CGTGATAAGATCACCT-1,3
CGTGATAAGGATACGC-1,1
CGTGATAAGGCTATCT-1,3
CGTGATAAGTCGTTAC-1,3
CGTGATACAACCACAT-1,4
CGTGATACACGTAACT-1,3
CGTGATACATCTGGGC-1,1
CGTGATAGTGATACAA-1,1
CGTGATAGTTAACCTG-1,3
CGTGATAGTTCTCGTC-1,3
CGTGATATCACATTGG-1,1
CGTGATATCGGCACTG-1,5
CGTGATATCGTTGTGA-1,1
CGTGCTTAGGTCATTC-1,3
CGTGCTTAGTCGCCCA-1,4
CGTGCTTCACAAGTTC-1,1
CGTGCTTGTGTGTCCG-1,4
CGTGCTTTCCATAGGT-1,1
CGTGTCTAGTTCCGTA-1,1
CGTGTCTAGTTGCATC-1,4
CGTGTCTCACCCAATA-1,3
CGTGTCTCATCCGTTC-1,4
CGTGTCTTCCGTACGG-1,5
CGTGTCTTCTTGGATG-1,1
CGTTAGAAGCAGCCTC-1,3
CGTTAGAAGTAACGTA-1,3
CGTTCTGAGTCAACAA-1,3
CGTTCTGGTACTAGCT-1,6
CGTTCTGGTAGCGTCC-1,3
CGTTCTGGTTACGATC-1,2
CGTTCTGGTTGCCTAA-1,1
CGTTCTGGTTTACACG-1,5
CGTTCTGTCGAATCCA-1,1
CGTTCTGTCTTAGCTT-1,2
CGTTGGGAGACATCAA-1,1
CGTTGGGCAGTAGAAT-1,1
CGTTGGGCATGTGGCC-1,1
CGTTGGGGTAGACTGG-1,1
CGTTGGGGTCATATGC-1,6
CGTTGGGTCCCTGGTT-1,1
CGTTGGGTCGGCTTCT-1,6
CGTTGGGTCTCATAGG-1,2
CGTTGGGTCTGGGCGT-1,1
CTAACCCAGTGGAAGA-1,4
CTAACCCCATCCGGCA-1,1
CTAACCCGTCCAAAGG-1,6
CTAACCCGTTGGATCT-1,2
CTAACCCTCCACATAG-1,4
CTAACCCTCTGCATGA-1,1
CTAACTTAGCTGAAGC-1,2
CTAACTTAGGCCACCT-1,3
CTAACTTCAGTTCTAG-1,2
CTAACTTGTCGACGCT-1,6
CTAACTTTCAAGGAGC-1,3
CTAACTTTCTAAGCCA-1,3
CTAACTTTCTACGGTA-1,6
CTAAGTGAGCCGCTTG-1,3
CTAAGTGCAGCAAGAC-1,1
CTAAGTGGTATCGATC-1,5
CTAAGTGTCATCGTAG-1,2
CTACAGAAGTTTGGCT-1,1
CTACAGACAGAAGTGC-1,3
CTACAGAGTCAACATC-1,1
CTACAGAGTCGTCAGC-1,1
CTACAGATCCCGTTCA-1,6
CTACATTAGCCACAAG-1,4
CTACATTAGTCCCAGC-1,6
CTACATTAGTTTCGAC-1,2
CTACATTCAATTGCGT-1,6
CTACATTGTTCCTTGC-1,2
CTACATTTCAGCAATC-1,1
CTACATTTCCCTGTTG-1,2
CTACATTTCTTCACAT-1,2
CTACCCAAGACGAAGA-1,1
CTACCCAAGGCCTAAG-1,6
CTACCCAGTACAGAAT-1,3
CTACCCAGTCGCATGC-1,6
CTACCCAGTCGTACTA-1,2
CTACCTGAGCCGATAG-1,4
CTACCTGCATAGAATG-1,5
CTACCTGGTGCACATT-1,4
CTACCTGTCACCATAG-1,4
CTACCTGTCCATTGTT-1,3
CTACGGGTCCCGGTAG-1,2
CTACTATAGCTAAATG-1,1
CTACTATCACGCTGTG-1,4
CTACTATCAGCTTTGA-1,4
CTACTATGTGAGTAGC-1,4
CTACTATGTTGTTGAC-1,5
CTACTATTCACCCATC-1,4
CTACTATTCACTTCTA-1,1
CTACTATTCCTCACCA-1,2
CTAGACAAGTCCCTAA-1,3
CTAGACAGTCACGCTG-1,3
CTAGACATCAGGACGA-1,6
CTAGACATCCGGCAAC-1,3
CTAGGTAAGACCAGAC-1,5
CTAGGTAAGATTCGAA-1,1
CTAGGTAAGTGCTACT-1,1
CTAGGTAGTATCACCA-1,4
CTAGGTATCATAGGCT-1,5
CTATAGGAGGACAAGA-1,1
CTATAGGAGGGCAGTT-1,5
CTATAGGCATCAGCGC-1,2
CTATAGGGTATAGCTC-1,2
CTATAGGGTTAATGAG-1,3
CTATAGGTCAGGAAGC-1,1
CTATCCGAGAGAACCC-1,2
CTATCCGCACATTCTT-1,2
CTATCCGCAGAGAGGG-1,1
CTATCCGTCAGTGATC-1,2
CTATCCGTCGTTCTCG-1,1
CTATCTAAGAAGTATC-1,4
CTATCTAAGCGATGCA-1,2
CTATCTAAGGGTTAAT-1,4
CTATCTACAAATGGAT-1,3
CTATCTAGTCACGCTG-1,2
CTATCTATCTCTTCAA-1,6
CTCAACCAGAACAGGA-1,1
CTCAACCAGAGAATCT-1,1
CTCAACCAGTGCCGAA-1,4
CTCAACCCAAAGGATT-1,3
CTCAACCCACACCGAC-1,4
CTCAACCCAGCGTTTA-1,3
CTCAACCGTTCCGTTC-1,2
CTCAAGAAGCAACAAT-1,3
CTCAAGAAGCCGAATG-1,1
CTCAAGACAAACACGG-1,4
CTCAAGACAATAGTGA-1,1
CTCAAGACACGTCATA-1,6
CTCAAGACATTCATCT-1,4
CTCAAGAGTGCGTGCT-1,3
CTCAAGATCACCCTGT-1,1
CTCAAGATCGCAGTTA-1,3
CTCAAGATCTCCTGCA-1,2
CTCAATTCAAGAAACT-1,6
CTCAATTGTGTTCAGT-1,2
CTCAATTGTTGTGTAC-1,1
CTCAATTTCCACACAA-1,2
CTCAATTTCCCTAGGG-1,2
CTCACTGCACACCAGC-1,4
CTCACTGCACTTCAGA-1,2
CTCACTGCAGGAATCG-1,2
CTCACTGGTATAGCTC-1,5
CTCACTGGTGCCGTTG-1,3
CTCACTGTCACCTTAT-1,6
CTCACTGTCGCCCAGA-1,2
CTCACTGTCTGAGAAA-1,5
CTCAGAAAGCAACCAG-1,3
CTCAGAAAGCATGAAT-1,1
CTCAGAAAGGGACACT-1,1
CTCAGAACATATACCG-1,2
CTCAGAACATGTACGT-1,3
CTCAGAAGTTCAAGGG-1,5
CTCAGGGAGCTGAAGC-1,5
CTCAGGGAGGGCGAAG-1,5
CTCAGGGCAAACTAAG-1,3
CTCAGGGCAACGGCTC-1,1
CTCAGGGGTTACACTG-1,1
CTCAGTCAGAGTTGTA-1,1
CTCAGTCAGGGCAAGG-1,5
CTCAGTCAGGTGAGCT-1,1
CTCAGTCCACACGGAA-1,6
CTCAGTCCACGCTGCA-1,5
CTCAGTCCAGGTGGAT-1,5
CTCATCGGTGAACGGT-1,3
CTCATCGGTGCTTCAA-1,1
CTCATGCCACGCCACA-1,6
CTCATGCGTAACAGTA-1,4
CTCATGCGTAAGTTAG-1,1
CTCATGCGTAGGCAAC-1,1
CTCATGCTCTCGCTCA-1,2
CTCATTAAGGAATTAC-1,5
CTCATTACAACTGAAA-1,1
CTCATTAGTAGCTGTT-1,2
CTCATTAGTATGGAGC-1,3
CTCATTATCTCACCCA-1,4
CTCCAACAGCATATGA-1,2
CTCCAACCACGCCACA-1,2
CTCCAACCATGATAGA-1,3
CTCCAACGTACTGAGG-1,2
CTCCAACGTGGCTACC-1,4
CTCCAACTCCTTCTGG-1,4
CTCCAACTCGGACGTC-1,5
CTCCAACTCTGCCTCA-1,1
CTCCACACAGATCCAT-1,2
CTCCACACATAACTCG-1,6
CTCCACACATGTTACG-1,4
CTCCACAGTACAAGCG-1,3
CTCCACAGTAGTCACT-1,2
CTCCACAGTTCATCTT-1,6
CTCCACAGTTTCACAG-1,3
CTCCACATCGACGCGT-1,3
CTCCATGAGCTCGCAC-1,1
CTCCATGGTCAGCTTA-1,4
CTCCATGGTCGGCCTA-1,4
CTCCATGGTGTCACAT-1,1
CTCCATGGTTACGCCG-1,4
CTCCATGTCTGTGCGG-1,1
CTCCCAACAAGCCTGC-1,2
CTCCCAACATACTGAC-1,5
CTCCCAACATGACACT-1,4
CTCCCAAGTATGTCTG-1,2
CTCCCAATCGGTCGAC-1,1
CTCCCAATCTGCGGGT-1,4
CTCCCTCAGATGCAGC-1,6
CTCCCTCAGCTTCGTA-1,1
CTCCCTCAGGCTATCT-1,4
CTCCCTCCAAGTCGTT-1,3
CTCCCTCCACCAGCGT-1,1
CTCCCTCCACTTGTGA-1,2
CTCCCTCGTCCTGTCT-1,1
CTCCCTCGTGAGGCAT-1,1
CTCCCTCTCCCGGTAG-1,4
CTCCCTCTCCGTGGCA-1,2
CTCCCTCTCGCTAATG-1,2
CTCCGATAGCCGCACT-1,2
CTCCGATAGTTCCAGT-1,2
CTCCGATCAACGGTAG-1,5
CTCCGATCACTTGGCG-1,4
CTCCGATCAGCCTTCT-1,1
CTCCGATGTAGTATAG-1,2
CTCCGATGTGGTAACG-1,6
CTCCGATGTTCCACGG-1,1
CTCCGATTCATGAGAA-1,1
CTCCGATTCCAAGCCG-1,2
CTCCGATTCGTCCTCA-1,2
CTCCTCCAGAATACAC-1,6
CTCCTCCAGCTGGCCT-1,1
CTCCTCCCACTCGATA-1,2
CTCCTTTAGCCACCGT-1,6
CTCCTTTAGGTAAGTT-1,2
CTCCTTTCATAGCACT-1,4
CTCCTTTGTGCAATAA-1,1
CTCCTTTTCCTGGGTG-1,1
CTCCTTTTCCTGTAGA-1,2
CTCGAGGAGGCACGAT-1,1
CTCGAGGAGGTCACCC-1,3
CTCGAGGAGTAACGTA-1,5
CTCGAGGCAGTTGGTT-1,4
CTCGAGGGTTGCATCA-1,3
CTCGAGGTCTTCTTCC-1,1
CTCTCAGAGAGTTGCG-1,5
CTCTCAGAGGAACTAT-1,1
CTCTCAGAGTTGCATC-1,1
CTCTCAGCAGCGGTTC-1,2
CTCTCAGTCCGAAATC-1,2
CTCTCGAAGATGATTG-1,2
CTCTCGACATGATCTG-1,6
CTCTCGAGTCAACATC-1,5
CTCTGGTCATGAGGGT-1,5
CTCTGGTCATTCTCTA-1,4
CTCTGGTTCCCAGGCA-1,2
CTGAATGAGAAGAACG-1,1
CTGAATGCAAGGTCTT-1,1
CTGAATGCACGTACTA-1,2
CTGAGCGCATAAGATG-1,1
CTGAGCGCATCCTCAC-1,6
CTGAGCGGTCTGTGAT-1,3
CTGAGCGGTGCTTATG-1,1
CTGAGCGGTGTGGACA-1,1
CTGAGGCAGAAATTGC-1,3
CTGAGGCAGACATAGT-1,3
CTGAGGCGTATGAAAC-1,3
CTGAGGCGTGCCTACG-1,3
CTGAGGCTCATTTGTC-1,4
CTGAGGCTCTCTCGCA-1,5
CTGAGGCTCTTCGACC-1,2
CTGATCCAGAGTCACG-1,1
CTGATCCCACTACCCT-1,1
CTGATCCGTGCCCACA-1,4
CTGATCCTCAGCTAGT-1,5
CTGCAGGAGTATAGAC-1,3
CTGCAGGGTATGGAGC-1,5
CTGCAGGGTTAGCGGA-1,1
CTGCAGGGTTCTCCCA-1,3
CTGCAGGGTTGTGCCG-1,4
CTGCAGGTCCACGTGG-1,2
CTGCATCAGTTCGGTT-1,2
CTGCATCCAAGACCTT-1,2
CTGCATCGTCTGTTAG-1,1
CTGCATCTCAGATTGC-1,4
CTGCATCTCATGGTAC-1,6
CTGCCATAGTAGAATC-1,4
CTGCCATAGTCGCCCA-1,4
CTGCCATAGTGGCGAT-1,1
CTGCCATCACGGCGTT-1,4
CTGCCATCAGGGATAC-1,4
CTGCCATCATATGCGT-1,1
CTGCCATGTTGGATCT-1,1
CTGCCATTCCATAAGC-1,4
CTGCCTAAGAAATGGG-1,1
CTGCCTAAGCAGAAAG-1,6
CTGCCTAAGGGAGGTG-1,2
CTGCCTAAGTCGGCAA-1,3
CTGCCTAGTAGATTGA-1,1
CTGCCTAGTGGCTTGC-1,2
CTGCCTATCAGATTGC-1,2
CTGCGAGAGGTCACTT-1,4
CTGCGAGCAACTACGT-1,1
CTGCGAGGTTACGATC-1,1
CTGCGAGTCAGGTGTT-1,3
CTGCGAGTCCACGGAC-1,1
CTGCTCAAGCCTTCTC-1,4
CTGCTCAAGGTGTGAC-1,2
CTGCTCAAGGTTCACT-1,5
CTGCTCAAGTGCACTT-1,3
CTGCTCATCGTCAAAC-1,4
CTGCTCATCTCGGTAA-1,2
CTGGACGAGCACGGAT-1,1
CTGGACGAGGATTTCC-1,2
CTGGACGCAAAGGATT-1,5
CTGGACGGTAATGCGG-1,5
CTGGACGGTTGCATTG-1,2
CTGGACGTCCAACACA-1,2
CTGGACGTCCGTAATG-1,3
CTGGACGTCGGTGTTA-1,2
CTGGCAGAGGTCCGAA-1,1
CTGGCAGCAACAGAGC-1,3
CTGGCAGCACGAGGTA-1,4
CTGGCAGGTTTACTGG-1,2
CTGGCAGTCGTAGGAG-1,1
CTGGCAGTCTCAGGCG-1,5
CTGGTCTAGATAGTCA-1,4
CTGGTCTAGCTCCGAC-1,4
CTGGTCTAGTATAACG-1,5
CTGGTCTGTAGCACGA-1,1
CTGTACCAGCGGATCA-1,5
CTGTACCAGCGTGAAC-1,1
CTGTACCCAAACCACT-1,1
CTGTACCCACATATCG-1,2
CTGTACCGTACGCTTA-1,2
CTGTAGACAATCCTAG-1,4
CTGTAGACATATGCGT-1,2
CTGTAGAGTACAAGCG-1,3
CTGTAGATCGAGCACC-1,1
CTGTAGATCGCACTCT-1,1
CTGTATTAGACTCGAG-1,3
CTGTATTCAGGCCCTA-1,3
CTGTATTGTACAGAGC-1,1
CTGTATTGTTAGAAGT-1,6
CTGTATTTCACTTTGT-1,4
CTGTATTTCATCCCGT-1,2
CTGTCGTAGGGACTGT-1,1
CTGTCGTCAATCTGCA-1,1
CTGTCGTGTACGATGG-1,3
CTGTCGTGTCTCGACG-1,1
CTGTCGTTCCCATGGG-1,3
CTGTGAAAGCATGTTC-1,1
CTGTGAAAGCCGCACT-1,4
CTGTGAACAGAGACTG-1,2
CTGTGAATCCAACTGA-1,1
CTGTGGGCAACCCTCT-1,3
CTGTGGGCAGAAACCG-1,2
CTGTGGGGTTGCTCAA-1,6
CTGTGGGGTTTCTTAC-1,3
CTGTGGGTCCAGTGCG-1,4
CTTACCGAGGTCCGAA-1,1
CTTACCGCAATTGCGT-1,4
CTTACCGCACCTGCAG-1,2
CTTACCGCAGAAATCA-1,2
CTTACCGGTCGAGTGA-1,3
CTTACCGGTCTAGGCC-1,1
CTTAGGACACTACGGC-1,5
CTTAGGAGTGTTTCTT-1,3
CTTAGGATCTGTTGGA-1,3
CTTCAATAGGTAGCAC-1,1
CTTCAATCAAAGGATT-1,4
CTTCAATCATCCTTGC-1,3
CTTCAATCATCTCCCA-1,6
CTTCAATGTATGGTTC-1,4
CTTCAATTCCGAGTGC-1,2
CTTCAATTCGATTGGT-1,2
CTTCAATTCGGAAACG-1,5
CTTCAATTCGGCCTTT-1,1
CTTCAATTCTCATGCC-1,5
CTTCCGAAGGTCGTCC-1,6
CTTCCGACAATGGGTG-1,3
CTTCCGAGTCATCCGG-1,2
CTTCCGAGTCCTGTTC-1,4
CTTCCGAGTTACTCAG-1,4
CTTCCGATCCCTCATG-1,2
CTTCCGATCTGCCTGT-1,4
CTTCCTTAGAGAACCC-1,2
CTTCCTTAGTATCCTG-1,2
CTTCCTTCACGTTCGG-1,1
CTTCCTTTCGTGTCAA-1,1
CTTCGGTAGTAGAATC-1,3
CTTCGGTGTACGGTTT-1,1
CTTCGGTGTCCCTAAA-1,1
CTTCTAAAGCAAATCA-1,2
CTTCTAAAGCCTGAAG-1,3
CTTCTAACAATTTCGG-1,1
CTTCTAACAGAGACTG-1,2
CTTCTAACAGTTACCA-1,2
CTTCTAAGTGCCTTCT-1,3
CTTCTAAGTGGCGCTT-1,3
CTTCTAAGTGTCATCA-1,5
CTTCTAAGTTGGTGTT-1,5
CTTCTAAGTTTCGACA-1,2
CTTCTAATCCTGGGAC-1,4
CTTCTAATCGTTAGTG-1,4
CTTCTAATCTCCACTG-1,2
CTTCTCTCACCGTCGA-1,6
CTTCTCTCAGTCACGC-1,4
CTTCTCTTCATGCATG-1,3
CTTCTCTTCGACCTAA-1,1
CTTGAGAAGACCATGG-1,1
CTTGAGAAGATCCAAA-1,1
CTTGAGAAGGCCTTGC-1,5
CTTGAGACATTGGATC-1,2
CTTGAGAGTGACACGA-1,1
CTTGAGAGTTCGTTCC-1,3
CTTGATTAGCTGAAGC-1,1
CTTGATTAGTAGCCAG-1,2
CTTGATTAGTCACTAC-1,4
CTTGATTGTTAGCGGA-1,6
CTTGATTTCAACCTCC-1,2
CTTGATTTCGAAGTGG-1,5
CTTGATTTCTGTGTGA-1,2
CTTTCAAAGAAGCCTG-1,2
CTTTCAAAGACTCTTG-1,2
CTTTCAAAGCCTAACT-1,4
CTTTCAAAGGGCAGGA-1,3
CTTTCAACAAGCCTGC-1,4
CTTTCAACATTGCCGG-1,2
CTTTCAAGTAGCACGA-1,1
CTTTCAAGTCTGTGAT-1,1
CTTTCAAGTTCTAACG-1,2
CTTTCAATCACCCTTG-1,4
CTTTCAATCAGTCAGT-1,3
CTTTCAATCTGTAAGC-1,1
CTTTCGGAGCTCGTGC-1,3
CTTTCGGAGGATACAT-1,4
CTTTCGGAGGTGGCTA-1,2
CTTTCGGAGTACTCGT-1,1
CTTTCGGGTACCTTCC-1,5
CTTTCGGGTCAGTCTA-1,1
CTTTCGGTCAAGGCTT-1,2
GAAACCTAGACTTAAG-1,1
GAAACCTCAATAACGA-1,3
GAAACCTGTACTCCGG-1,5
GAAACCTGTTGGCCGT-1,2
GAAACCTTCGCAGTTA-1,6
GAAACCTTCTTGAACG-1,2
GAAATGAAGCGGACAT-1,2
GAAATGACAAGTTTGC-1,5
GAAATGACAGCTGTAT-1,6
GAAATGAGTAGACACG-1,1
GAAATGATCCAAAGGG-1,1
GAAATGATCTCCACTG-1,4
GAACACTAGATGCTGG-1,6
GAACACTCACCTCTAC-1,2
GAACACTGTCAACACT-1,1
GAACACTGTCAAGCCC-1,2
GAACACTTCCAAGAGG-1,5
GAACACTTCTAAGAAG-1,5
GAACGTTCATCGAACT-1,4
GAACGTTGTCATCTAG-1,4
GAACGTTTCCATGATG-1,4
GAACGTTTCTAGAGCT-1,2
GAACTGTAGTTCCATG-1,4
GAACTGTGTGAACGGT-1,3
GAACTGTTCCGTAGTA-1,5
GAACTGTTCCTTATAC-1,2
GAAGAATAGTCATCCA-1,1
GAAGAATCATATCTCT-1,4
GAAGAATGTCATCAGT-1,5
GAAGAATTCAGTGGGA-1,3
GAAGAATTCTTAGCCC-1,4
GAAGCCCAGCCATCCG-1,1
GAAGCCCCAAGCGCAA-1,4
GAAGCCCCACCCTGAG-1,3
GAAGCCCCAGTGGGTA-1,2
GAAGCCCCATCCTCAC-1,4
GAAGCCCCATCGCTCT-1,3
GAAGCCCGTAGTGCGA-1,6
GAAGCCCGTCGCTTGG-1,1
GAAGCCCTCAAGAGTA-1,3
GAAGCCCTCTACCAGA-1,6
GAAGCGAAGGTTCAGG-1,4
GAAGCGACAACACGAG-1,3
GAAGGACAGCAACTTC-1,2
GAAGGACCAGATACCT-1,4
GAAGGACTCCAAGCTA-1,4
GAAGGACTCCGATAGT-1,1
GAAGGGTAGCATTTGC-1,1
GAAGGGTGTCTTGCGG-1,1
GAAGGGTGTGGGTTGA-1,1
GAAGGGTTCCACCCTA-1,4
GAAGGGTTCCTCCACA-1,4
GAAGTAAAGCGACTAG-1,1
GAAGTAAAGCGTGTTT-1,1
GAAGTAAAGCTGGTGA-1,1
GAAGTAAAGGAGAGTA-1,4
GAAGTAAAGGTCATTC-1,6
GAAGTAAAGGTCCCTG-1,3
GAAGTAAGTTGTTTGG-1,1
GAATAGACAAAGTGTA-1,1
GAATAGACAGTCACGC-1,4
GAATAGATCACATCAG-1,6
GAATCACAGGGACCAT-1,5
GAATCACAGTCGAAAT-1,1
GAATCACTCAAGCGTT-1,5
GAATCACTCACGGTCG-1,1
GAATCGTCAAGCACAG-1,5
GAATCGTCAATCCAGT-1,3
GAATCGTCACGACAAG-1,2
GAATCGTCATGCAGCC-1,4
GAATCGTTCATGCATG-1,4
GAATCGTTCCTCAGGG-1,5
GACACGCAGACGCCAA-1,1
GACACGCAGTTCTACG-1,1
GACACGCTCCATACTT-1,4
GACACGCTCCATTTAC-1,6
GACAGCCAGCGAGTAC-1,1
GACAGCCAGCTTTGTG-1,2
GACAGCCAGTTGCTGT-1,2
GACAGCCCACTGAGGA-1,1
GACAGCCGTAATGATG-1,4
GACAGCCGTCCCTAAA-1,2
GACAGCCTCATTCACT-1,2
GACAGCCTCCTCACTG-1,2
GACATCAAGTCTGCGC-1,4
GACCAATAGCTGCCAC-1,4
GACCAATAGTGATTCC-1,4
GACCAATCAACATCGT-1,4
GACCAATCAATGTGGG-1,3
GACCAATCACAAAGTA-1,2
GACCAATCATTGCCGG-1,2
GACCAATGTATTTCGG-1,4
GACCAATTCGGTAACT-1,3
GACCCAGAGACTTCAC-1,3
GACCCAGAGATGATTG-1,2
GACCCAGGTATGAGAT-1,5
GACCCAGGTGGATGAC-1,1
GACCCAGGTTAGGCTT-1,5
GACCCAGTCAGCTGAT-1,1
GACCCAGTCAGTGGGA-1,3
GACCCAGTCTCACTCG-1,3
GACCCTTAGGCCACCT-1,4
GACCCTTAGTACTCGT-1,4
GACCCTTCACCAACAT-1,4
GACCCTTGTTTGGCTA-1,3
GACCCTTTCAGCTGAT-1,2
GACCCTTTCGACGACC-1,2
GACCGTGCACTATGTG-1,1
GACCGTGGTGGATACG-1,1
GACCGTGTCCCTGGTT-1,3
GACCGTGTCTACGGTA-1,6
GACCGTGTCTAGAGCT-1,5
GACCTTCGTAAGCTCT-1,1
GACCTTCGTCAGGTAG-1,3
GACCTTCTCTTACCGC-1,4
GACGCTGAGTCCGTCG-1,1
GACGCTGCACTCCGGA-1,2
GACGCTGGTACCTATG-1,3
GACGCTGGTACTGAGG-1,3
GACGCTGGTAGCTGAG-1,3
GACGTTAAGCACGGAT-1,1
GACGTTACAGAGCGTA-1,1
GACGTTACATCATTGG-1,3
GACGTTATCATCAGTG-1,3
GACTATGAGCACTCTA-1,2
GACTATGAGCCTGAGA-1,2
GACTATGAGCTGTACT-1,1
GACTATGCAACAAAGT-1,2
GACTATGCAACGTAAA-1,2
GACTATGGTAACTGCT-1,5
GACTATGTCACGTAGT-1,1
GACTATGTCTAGTCAG-1,1
GACTCAAAGTGCTAGG-1,1
GACTCAACATTGTAGC-1,2
GACTCAAGTAGACTGG-1,2
GACTCAATCAGAGTTC-1,4
GACTCAATCATGAAAG-1,1
GACTCAATCCCAGCGA-1,1
GACTCTCAGATAGGGA-1,5
GACTCTCAGTTTGAGA-1,4
GACTCTCCAAGGTCTT-1,2
GACTCTCGTAGACACG-1,1
GACTCTCGTTTCCATT-1,4
GACTCTCTCAAGGAGC-1,1
GACTCTCTCTCCGCAT-1,4
GACTCTCTCTGATGGT-1,1
GACTCTCTCTTGTGCC-1,2
GACTGATCACATACGT-1,1
GACTGATGTTCGTACA-1,5
GACTGATTCCATCTGC-1,4
GACTGATTCGTTGTAG-1,2
GACTTCCAGAGTCAAT-1,3
GACTTCCAGGTCCCGT-1,2
GACTTCCCAATCGCAT-1,2
GACTTCCGTCATCGGC-1,2
GACTTCCGTGACAGCA-1,1
GACTTCCTCCACAGGC-1,2
GACTTCCTCCCGTAAA-1,6
GACTTCCTCGAGTGGA-1,5
GAGAAATAGCTAGTTC-1,4
GAGAAATCAACCGACC-1,6
GAGAAATCAATTGAGA-1,1
GAGAAATCACGCTTAA-1,3
GAGAAATCAGGGCTTC-1,6
GAGAAATGTAGGCTCC-1,6
GAGAAATGTCCATAGT-1,4
GAGAAATGTGACCTGC-1,4
GAGAAATGTTAAACCC-1,2
GAGAAATTCCGTCCTA-1,2
GAGACCCAGCGACTAG-1,3
GAGACCCGTGCAACAG-1,3
GAGACCCTCAAAGCCT-1,3
GAGACCCTCATCGGGC-1,5
GAGACTTAGCGTATAA-1,1
GAGACTTAGGTCCCGT-1,3
GAGACTTCACAATGCT-1,6
GAGACTTCACGTTCGG-1,1
GAGACTTCACTGTCCT-1,6
GAGACTTGTCGCTGCA-1,6
GAGACTTGTGTTCCAA-1,1
GAGACTTTCAGCCCAG-1,6
GAGACTTTCCTCACCA-1,2
GAGACTTTCGCCCAGA-1,2
GAGACTTTCTGAGTCA-1,2
GAGAGGTAGGAACGAA-1,1
GAGAGGTAGGGACCAT-1,3
GAGAGGTCAGGACTAG-1,1
GAGAGGTTCTCTAGGA-1,2
GAGATGGAGAAACACT-1,4
GAGATGGAGGGCAAGG-1,1
GAGATGGAGGTTACAA-1,1
GAGATGGGTAGACAAT-1,1
GAGATGGTCCAAGGGA-1,3
GAGATGGTCCGATCGG-1,3
GAGCCTGCACTTGAAC-1,1
GAGCCTGGTGTATTCG-1,5
GAGCTGCAGAAGCGGG-1,1
GAGCTGCAGTTCAACC-1,4
GAGCTGCCAGCATTGT-1,1
GAGCTGCTCTGACCCT-1,6
GAGGCAAAGAATGTTG-1,3
GAGGCAAAGGAGTCTG-1,1
GAGGCAAAGGGCGAGA-1,5
GAGGCAAGTCGGATTT-1,1
GAGGCAAGTTCTCTAT-1,1
GAGGCAATCTTTGCTA-1,3
GAGGCCTAGACAGCGT-1,3
GAGGCCTAGGTTGACG-1,1
GAGGCCTCAAACTAGA-1,1
GAGGCCTCAGCAAGAC-1,1
GAGGCCTCATACAGCT-1,3
GAGGCCTGTCCACAGC-1,2
GAGGCCTGTGGAACAC-1,5
GAGGCCTTCAGCTAGT-1,4
GAGGGATAGGCTATCT-1,1
GAGGGATGTATCGCAT-1,1
GAGGGATGTATGATCC-1,5
GAGGGATGTCCTCAGG-1,5
GAGGGATGTGATAGTA-1,1
GAGGGATGTGGACTGA-1,1
GAGGGTAAGGACGCTA-1,1
GAGGGTACAAAGAACT-1,1
GAGGGTACAAGAAACT-1,1
GAGTCATAGTGTACAA-1,6
GAGTCATCAAGAGGCT-1,4
GAGTCATCACCATAAC-1,3
GAGTCATCAGTTCACA-1,3
GAGTCATCATTCGATG-1,2
GAGTCATGTACAAGTA-1,1
GAGTCATTCGCAGTGC-1,2
GAGTCTAAGCGGTAGT-1,3
GAGTCTAAGTATCTGC-1,3
GAGTCTAAGTGGATTA-1,1
GAGTCTACAATCAGCT-1,3
GAGTCTAGTAGGACCA-1,3
GAGTCTAGTATCGCTA-1,3
GAGTCTAGTGCATTTG-1,6
GAGTGAGAGTTCTACG-1,1
GAGTGAGCAAACTCTG-1,2
GAGTGAGCACCCTAAA-1,3
GAGTGAGGTTCGCGTG-1,1
GAGTGAGTCAAGAGTA-1,1
GAGTGAGTCGGTCGAC-1,2
GAGTGAGTCTTCTCAA-1,4
GAGTGTTAGAACAGGA-1,1
GAGTGTTAGCATTTCG-1,4
GAGTGTTAGTAAGGGA-1,1
GAGTGTTCAGTGTACT-1,5
GAGTGTTTCATTCATC-1,1
GAGTGTTTCTGTAACG-1,1
GAGTTACAGCGACAGT-1,5
GAGTTACCAGCATGCC-1,4
GAGTTACGTCCCTGAG-1,6
GAGTTACGTGTATTGC-1,3
GAGTTACGTGTTCGAT-1,1
GAGTTACTCCTAACAG-1,2
GAGTTGTAGAAGTCCG-1,3
GAGTTGTAGCATTGTC-1,3
GAGTTGTAGCCGTCGT-1,4
GAGTTGTAGCGTGAGT-1,5
GAGTTGTCAAGGCTTT-1,1
GAGTTGTCACCAGACC-1,1
GAGTTGTCACCTTCGT-1,4
GAGTTGTCACGATTCA-1,2
GAGTTGTGTATTCTCT-1,1
GAGTTGTTCCTGCCAT-1,1
GAGTTGTTCTAGACAC-1,4
GAGTTGTTCTGAGTCA-1,1
GAGTTTGGTCAGTCGC-1,1
GAGTTTGGTCCAAATC-1,2
GAGTTTGTCCCTCTAG-1,2
GAGTTTGTCCGATGCG-1,2
GAGTTTGTCGGCATTA-1,4
GATAGAAAGTAGATCA-1,5
GATAGAACAAAGGCTG-1,1
GATAGAACAGGCAATG-1,1
GATAGAAGTCACTCAA-1,3
GATAGAATCTGCATGA-1,4
GATAGAATCTTACCAT-1,1
GATAGCTCAACTCGAT-1,2
GATAGCTGTCTCAGGC-1,4
GATAGCTGTGAGTTGG-1,5
GATCACAAGGAGTACC-1,3
GATCACACAGAGTGAC-1,1
GATCACACATCCGCGA-1,5
GATCACAGTAGGAGGG-1,3
GATCACAGTATCACCA-1,3
GATCACAGTTCCCACT-1,6
GATCACATCGTTCCCA-1,1
GATCAGTAGGATTCCT-1,1
GATCAGTCAAGTGATA-1,5
GATCAGTGTTCGGCTG-1,3
GATCAGTGTTGCGAAG-1,2
GATCAGTTCAGTCACA-1,4
GATCAGTTCGAGAATA-1,4
GATCAGTTCGCCATAA-1,5
GATCATGCAGCTCTGG-1,3
GATCATGTCAAATGCC-1,3
GATCATGTCAGGAAAT-1,1
GATCCCTAGGTCACCC-1,4
GATCCCTCAAGGCAAC-1,5
GATCCCTCACCAGTTA-1,4
GATCCCTGTCCTCATC-1,4
GATCGTACAACCGGAA-1,2
GATCGTAGTAAGATCA-1,5
GATCGTAGTACAAAGT-1,1
GATCGTAGTCCACGCA-1,4
GATCGTATCAGTCCGG-1,1
GATCGTATCCACGTAA-1,1
GATGACTAGCCGATCC-1,4
GATGACTAGGAATCGC-1,5
GATGACTAGGGTTAGC-1,5
GATGACTAGTGGCAGT-1,1
GATGACTAGTGGTGAC-1,2
GATGACTAGTTCCATG-1,4
GATGACTCAATAAGGT-1,2
GATGACTCAATGCAGG-1,1
GATGACTCACCGGTCA-1,6
GATGACTCATGTCTAG-1,5
GATGACTGTACCGGAA-1,2
GATGACTGTCGCATGC-1,3
GATGACTTCAGCTGTA-1,2
GATGAGGCAGCACAGA-1,2
GATGAGGCATGAAGGC-1,3
GATGAGGGTGCCGTAC-1,1
GATGAGGGTTCGTACA-1,3
GATGAGGTCATGCTAG-1,5
GATGATCCACTCCCTA-1,1
GATGATCCATGACTTG-1,1
GATGATCCATGTACGT-1,1
GATGATCGTCCCTGAG-1,4
GATGCTAAGGTAAACT-1,1
GATGCTAAGTTGAATG-1,2
GATGCTACATGACACT-1,5
GATGCTAGTACTCCCT-1,1
GATGCTATCGCTCTCA-1,2
GATGCTATCGTGTGAT-1,4
GATGGAGAGCTACTAC-1,3
GATGGAGCACAACATC-1,2
GATGGAGCACACGGAA-1,5
GATGGAGGTGGCGCTT-1,1
GATGGAGGTTACCTTT-1,2
GATGGAGTCTCGCTTG-1,3
GATGTTGAGGTACATA-1,3
GATGTTGAGTGATCGG-1,1
GATGTTGAGTGATTCC-1,6
GATGTTGCACCACTGG-1,3
GATGTTGCACCGGAAA-1,4
GATGTTGCACTACCGG-1,4
GATGTTGCAGCGTACC-1,1
GATGTTGGTTACCTTT-1,1
GATGTTGGTTGTTTGG-1,4
GATGTTGTCACCGGTG-1,4
GATGTTGTCCCGTGAG-1,1
GATGTTGTCGATAACC-1,1
GATTCGAAGGTTATAG-1,1
GATTCGAAGTATGAGT-1,1
GATTCGACACGTGAGA-1,5
GATTCGACATGGAAGC-1,1
GATTCGAGTGATAGAT-1,1
GATTCTTGTAAGCGGT-1,2
GATTCTTTCCTCTCTT-1,2
GATTGGTAGAGTACCG-1,5
GATTGGTAGGGAGGCA-1,1
GATTGGTGTTGGACTT-1,4
GATTGGTTCATCACAG-1,5
GATTGGTTCCAATCTT-1,2
GATTGGTTCCTTCACG-1,1
GATTTCTCAATACGCT-1,2
GATTTCTCATACCACA-1,4
GATTTCTGTAACGTTC-1,4
GATTTCTGTTGTTTGG-1,2
GCAACATAGAAAGCGA-1,1
GCAACATCACCCTAGG-1,1
GCAACATCAGACATCT-1,2
GCAACATCAGTTAAAG-1,4
GCAACATGTGAGCAGT-1,6
GCAACATTCATAGGCT-1,3
GCAACCGAGTCATACC-1,2
GCAACCGAGTGTTGTC-1,1
GCAACCGGTAGTGATA-1,6
GCAACCGTCGGAATTC-1,1
GCACATAAGTGGTCAG-1,5
GCACATACATACCACA-1,6
GCACATAGTGGCAGAT-1,3
GCACATAGTTGAGTCT-1,2
GCACATATCAACCTCC-1,6
GCACATATCCTTACCG-1,2
GCACATATCTTCGTGC-1,5
GCACGGTCACTCCTGT-1,2
GCACGGTCATCAACCA-1,1
GCACGGTGTAAGCTCT-1,1
GCACGGTTCGCGCCAA-1,5
GCACGGTTCGTGGCTG-1,3
GCACGGTTCTACGGTA-1,5
GCACGGTTCTATGCCC-1,5
GCACGGTTCTGGTGCG-1,3
GCACGTGAGAGGTGCT-1,1
GCACGTGAGTCCTACA-1,6
GCACGTGCAAAGCTAA-1,3
GCACGTGCACAGCTGC-1,6
GCACGTGCACGGTGAA-1,2
GCACGTGCACTGCGAC-1,4
GCACGTGTCAGTCACA-1,5
GCACTAAAGTGCCCGT-1,1
GCACTAACAGTGACCC-1,1
GCACTAAGTAGTGTGG-1,1
GCAGCCAGTTTCACTT-1,6
GCAGCCATCCACAGCG-1,1
GCAGCTGAGTCATACC-1,2
GCAGCTGCAACTCGTA-1,2
GCAGCTGCACGTATAC-1,1
GCAGCTGCAGACTCTA-1,6
GCAGCTGCATAAGCAA-1,1
GCAGCTGGTAATCAGA-1,2
GCAGCTGGTACTGCGC-1,1
GCAGCTGGTATACCTG-1,1
GCAGCTGGTCTTCCGT-1,2
GCAGCTGTCACTCCGT-1,1
GCAGCTGTCGGTATGT-1,4
GCAGGCTAGACATAAC-1,4
GCAGGCTAGCTCAGAG-1,5
GCAGGCTAGGGTAATT-1,1
GCAGGCTCACGTTGGC-1,2
GCAGGCTGTTGTCTAG-1,2
GCAGGCTTCCACTGGG-1,1
GCAGGCTTCTACTCAT-1,3
GCAGTTATCCCATGGG-1,3
GCATCGGAGCATACTC-1,5
GCATCGGGTCTTCATT-1,6
GCATCGGTCCGTTTCG-1,1
GCATCGGTCGTTGCCT-1,5
GCATCTCCATCACGGC-1,3
GCATCTCTCATGCCAA-1,2
GCATCTCTCTACTGAG-1,6
GCATCTCTCTCGAGTA-1,6
GCATGATAGGAGCTGT-1,1
GCATGATCAGAGATGC-1,1
GCATGATGTATTGACC-1,2
GCATGATGTCTTGTCC-1,2
GCATTAGAGGATCATA-1,2
GCATTAGAGGGAGATA-1,3
GCATTAGAGTACAACA-1,3
GCATTAGCAACCGTAT-1,1
GCATTAGCAGAACCGA-1,5
GCATTAGCAGCAGTCC-1,1
GCATTAGCAGTCTACA-1,2
GCATTAGCATGTTTGG-1,3
GCATTAGGTAGGCTCC-1,1
GCATTAGGTTGTAAAG-1,3
GCATTAGTCAACTACG-1,3
GCATTAGTCGAGATAA-1,3
GCCAACGGTGAGACGT-1,5
GCCAACGGTTTCGTTT-1,3
GCCAACGTCAGGAAGC-1,1
GCCAGCAAGTCGCCCA-1,3
GCCAGCACAACCTATG-1,6
GCCAGCACATGGGCAA-1,2
GCCAGCAGTTGGCTAT-1,1
GCCAGGTAGACAACAT-1,6
GCCAGGTCACAGACGA-1,2
GCCAGGTGTAAGTCAA-1,6
GCCAGGTGTGTCCGGT-1,1
GCCAGGTGTGTGATGG-1,6
GCCAGGTTCAGATTGC-1,6
GCCAGTGAGAAGGGAT-1,5
GCCAGTGAGCCAGAGT-1,5
GCCAGTGCAATACGCT-1,2
GCCAGTGCAGCGTACC-1,2
GCCAGTGGTAAGTAGT-1,3
GCCAGTGGTCCAGCCA-1,6
GCCATGGAGAGGTATT-1,6
GCCATGGAGCTTAGTC-1,3
GCCATGGCATACATCG-1,2
GCCATGGGTGGCTAGA-1,5
GCCATGGGTTAGGCTT-1,1
GCCATGGGTTGCCTAA-1,2
GCCATGGTCCACGGAC-1,4
GCCATTCAGAAGCTGC-1,5
GCCATTCCACCAAATC-1,2
GCCATTCGTACTCGTA-1,1
GCCATTCGTAGCTGTT-1,1
GCCATTCGTCAAACGG-1,1
GCCATTCTCTCGTCAC-1,3
GCCCAGAAGTCTGCAT-1,1
GCCCAGAGTTTACGAC-1,2
GCCCAGATCACCTGGG-1,3
GCCCAGATCACGACTA-1,2
GCCCAGATCCTCACCA-1,2
GCCCGAAAGGGTTAGC-1,2
GCCCGAACATGCGGTC-1,3
GCCCGAAGTAACCAGG-1,1
GCCCGAAGTAAGTCAA-1,3
GCCCGAAGTAGAGACC-1,4
GCCCGAAGTATGAAAC-1,2
GCCCGAATCCACTAGA-1,2
GCCCGAATCTATCGCC-1,2
GCCGATGAGAATGTTG-1,4
GCCGATGAGGAGACCT-1,2
GCCGATGAGTCGGGAT-1,1
GCCGATGCAGTTGGTT-1,2
GCCGATGCATAGTCAC-1,1
GCCGATGGTCGTGGAA-1,1
GCCGATGGTCTCAGAT-1,4
GCCGATGGTTCTAACG-1,3
GCCGATGTCGTGAGAG-1,1
GCCGATGTCTTGCGCT-1,1
GCCGTGAAGAGCATAT-1,1
GCCGTGAAGCTTTGTG-1,5
GCCGTGAGTCAACGCC-1,2
GCCGTGATCTTCACAT-1,1
GCCTGTTAGCCGGATA-1,6
GCCTGTTAGTTCCGTA-1,2
GCCTGTTCAAATGAAC-1,5
GCCTGTTGTACTCGAT-1,4
GCCTGTTGTGCTCCGA-1,4
GCCTGTTGTTCTCTCG-1,5
GCCTGTTTCTGTGTGA-1,3
GCGAGAAAGACCAGAC-1,1
GCGAGAAAGCGTCAAG-1,4
GCGAGAAAGGCTTAAA-1,1
GCGAGAACAAAGAGTT-1,1
GCGAGAACAGAGTCAG-1,3
GCGAGAAGTAGCGCCT-1,1
GCGAGAAGTGGCAGAT-1,2
GCGAGAATCAAACGTC-1,1
GCGAGAATCCCAAGCG-1,1
GCGAGAATCGTGACTA-1,1
GCGATCGAGCAAGGAA-1,2
GCGATCGCACGGTGAA-1,5
GCGATCGGTTTACACG-1,3
GCGATCGTCACGTAGT-1,4
GCGATCGTCATGAAAG-1,3
GCGATCGTCTCGCCTA-1,4
GCGGAAACAGTCGGTC-1,5
GCGGATCAGATCCCAT-1,1
GCGGATCAGCCTCAGC-1,1
GCGGATCCACTGGACC-1,1
GCGGATCTCACGGAGA-1,4
GCGTGCAAGATCCGAG-1,1
GCGTGCAAGTCCTACA-1,6
GCGTGCACACCGGTCA-1,6
GCGTGCAGTAACGCGA-1,1
GCGTTTCCAACCACGC-1,1
GCGTTTCCAATTGTGC-1,1
GCGTTTCCACATTCGA-1,2
GCGTTTCGTCAAATCC-1,3
GCGTTTCGTCACTAGT-1,6
GCTACAAAGACAAGCC-1,3
GCTACAATCCAACACA-1,1
GCTACAATCTTCCAGC-1,4
GCTACCTAGGCTAGCA-1,2
GCTACCTGTCGTCAGC-1,2
GCTACCTTCACTACGA-1,2
GCTACCTTCTTCCAGC-1,2
GCTCAAAAGTAGTGCG-1,6
GCTCAAAGTACCAGAG-1,5
GCTCAAAGTTCTAACG-1,3
GCTGAATAGTCGAAGC-1,1
GCTGAATGTATCGCGC-1,1
GCTGAATTCGGCATCG-1,5
GCTGAATTCTCAGTCC-1,2
GCTGCAGAGAAATCCA-1,3
GCTGCAGCACTATCCC-1,2
GCTGCAGCAGTTAAAG-1,1
GCTGCAGGTCGAAGCA-1,1
GCTGCAGGTGGACTGA-1,1
GCTGCAGTCACCTGTC-1,2
GCTGGGTAGGTATCTC-1,2
GCTGGGTCATTGCCTC-1,5
GCTGGGTGTTGTGTTG-1,1
GCTTCACAGTTGCTCA-1,3
GCTTCACCAGGAGGTT-1,6
GCTTCACGTCGTCAGC-1,1
GCTTCACGTGGTTTAC-1,2
GCTTCACGTTGGCCGT-1,5
GCTTGGGAGCGACTGA-1,1
GCTTGGGAGGAGATAG-1,1
GCTTGGGAGGTCGAGT-1,3
GCTTGGGCAGTCGTTA-1,2
GCTTGGGGTAGGCAAC-1,4
GCTTGGGGTTGCTAGT-1,2
GCTTGGGTCCGAGATT-1,6
GCTTGGGTCGTTCATT-1,5
GCTTGGGTCTAAGAAG-1,1
GCTTGGGTCTTGGAAC-1,2
GCTTTCGAGAACGTGC-1,2
GCTTTCGAGCAGCCCT-1,2
GCTTTCGAGTGCTAGG-1,1
GCTTTCGAGTGGTTAA-1,3
GCTTTCGAGTTTCAGC-1,1
GCTTTCGCAACGCCCA-1,6
GCTTTCGCACTACGGC-1,6
GCTTTCGCATCGATAC-1,2
GCTTTCGCATGAGATA-1,3
GCTTTCGGTCACCGCA-1,5
GCTTTCGGTTAAACCC-1,1
GGAACCCAGAATAACC-1,1
GGAACCCGTCATATGC-1,2
GGAACCCTCAGAGCGA-1,2
GGAACCCTCGGTTCAA-1,3
GGAAGTGAGACTCCGC-1,2
GGAAGTGAGGAGTATT-1,1
GGAAGTGAGGCATCGA-1,1
GGAAGTGAGTCGCCCA-1,3
GGAAGTGCAATTCGTG-1,1
GGAAGTGCAGCTCTGG-1,1
GGAAGTGGTACCGGCT-1,2
GGAAGTGGTACTGAGG-1,3
GGAAGTGGTCTGTTAG-1,1
GGAATCTCACGCCAGT-1,6
GGAATCTCATTGCTTT-1,1
GGAATCTTCATTGGTG-1,3
GGAATGGCATACAGCT-1,1
GGAATGGGTGATTCAC-1,3
GGAATGGTCGGCTCTT-1,2
GGACGTCAGCAACTCT-1,5
GGACGTCCATAGAATG-1,4
GGACGTCCATGGGATG-1,4
GGACGTCGTATCGAGG-1,3
GGACGTCGTCCTGTCT-1,1
GGACGTCTCTTCCAGC-1,5
GGAGAACCAAGGACAC-1,1
GGAGAACCACAAAGCG-1,5
GGAGAACTCAATCCAG-1,2
GGAGAACTCGTCGACG-1,4
GGAGAACTCTTCGTAT-1,1
GGAGATGGTACTGTTG-1,2
GGAGATGGTGTAGGAC-1,1
GGAGATGTCCACTTTA-1,5
GGAGCAAAGACAAGCC-1,3
GGAGCAAAGGTTTGAA-1,5
GGAGCAAGTTTACTTC-1,3
GGAGCAATCCATGCAA-1,2
GGAGCAATCCCAAGCG-1,2
GGAGCAATCGGTCAGC-1,3
GGAGGATCAGCTTCCT-1,1
GGAGGATGTACTGAGG-1,3
GGAGGATGTCGAAACG-1,1
GGAGGTAAGACCCGCT-1,4
GGAGGTAAGCAGATAT-1,4
GGAGGTACAGAAGCGT-1,4
GGAGGTACAGGCTCTG-1,6
GGAGGTACATGACCCG-1,5
GGAGGTAGTTAATCGC-1,1
GGAGGTATCAGCACCG-1,2
GGAGGTATCATTGCTT-1,4
GGATCTACATCACAGT-1,2
GGATCTAGTGTTTACG-1,3
GGATCTATCAGGGATG-1,5
GGATCTATCCAACTAG-1,2
GGATCTATCTAGTCAG-1,3
GGATGTTAGCCATTGT-1,3
GGATGTTAGCCTGAAG-1,2
GGATGTTAGGCCATAG-1,3
GGATGTTGTGGCGCTT-1,1
GGATGTTGTGGGTCAA-1,3
GGCACGTAGGACTAAT-1,5
GGCACGTAGGGTAATT-1,1
GGCACGTAGTGTAGTA-1,3
GGCACGTCAAGATGGC-1,3
GGCACGTTCAAATGCC-1,2
GGCACGTTCACTTTGT-1,2
GGCACGTTCGCAATTG-1,2
GGCACGTTCTTGAGCA-1,1
GGCAGTCAGGTGGTTG-1,5
GGCAGTCGTCAGACGA-1,1
GGCAGTCGTCAGGTGA-1,1
GGCAGTCTCACTTCTA-1,2
GGCGTCAAGAGCATAT-1,3
GGCGTCAAGAGTCAAT-1,1
GGCGTCAAGCATCAGG-1,1
GGCGTCACAGAATTCC-1,4
GGCGTCACAGATCCAT-1,1
GGCGTCAGTATAGCTC-1,5
GGCGTCAGTGGTATGG-1,1
GGCGTCATCCAGCTCT-1,5
GGCGTCATCTGTCGTC-1,5
GGCTGTGAGCGCCCAT-1,3
GGCTGTGCACATTACG-1,2
GGCTGTGTCTTGGGCG-1,1
GGCTTGGAGGCTTTCA-1,6
GGCTTGGGTAGAGTTA-1,3
GGCTTGGGTCTCGGGT-1,2
GGCTTGGTCGAAGTGG-1,4
GGCTTTCAGAGTGAAG-1,5
GGCTTTCAGGTGAGAA-1,1
GGCTTTCCACCAGCGT-1,2
GGCTTTCCACTCACTC-1,1
GGCTTTCGTACGGATG-1,6
GGCTTTCGTGAGCAGT-1,5
GGCTTTCGTTCCTTGC-1,1
GGCTTTCTCTATCGTT-1,2
GGCTTTCTCTGGACTA-1,3
GGGAAGTAGTTCCTGA-1,3
GGGAAGTCAAGCGGAT-1,1
GGGAAGTGTATGGTTC-1,3
GGGAAGTGTCTAACGT-1,1
GGGAAGTTCCTACCGT-1,5
GGGAAGTTCGATTTCT-1,1
GGGACAAAGCATGATA-1,2
GGGACAAAGCTCATAC-1,2
GGGACAAAGGTAAGGA-1,5
GGGACAAGTAGCCCTG-1,1
GGGACAAGTTGGGACA-1,1
GGGACAAGTTTAGTCG-1,1
GGGACAATCAAACTGC-1,1
GGGACAATCGGTCAGC-1,4
GGGACAATCTAGTGAC-1,2
GGGACCTAGTAGGAAG-1,1
GGGACCTCACGGAAGT-1,6
GGGACCTCATAAGCAA-1,3
GGGACCTGTACTCCCT-1,2
GGGACCTGTCGTCATA-1,5
GGGACCTGTTCGGTAT-1,5
GGGACCTGTTGGGCCT-1,1
GGGACCTTCGCTGTTC-1,2
GGGACCTTCGTTTACT-1,3
GGGACTCAGCGGTAAC-1,2
GGGACTCAGTGACCTT-1,3
GGGACTCCACTCTGCT-1,2
GGGACTCGTATTCCGA-1,6
GGGACTCGTCATAGTC-1,1
GGGACTCTCCATTCAT-1,4
GGGACTCTCGGAAGGT-1,1
GGGACTCTCTTGTGCC-1,4
GGGAGATAGATTAGTG-1,1
GGGAGATAGGAATTAC-1,3
GGGAGATGTGGACTAG-1,4
GGGAGATTCGTTGCCT-1,1
GGGAGTAAGCGGGTAT-1,1
GGGAGTACAGTCGAGA-1,1
GGGAGTAGTAGATTGA-1,4
GGGAGTAGTAGTCGGA-1,1
GGGAGTATCACCCTCA-1,4
GGGAGTATCCTCATAT-1,1
GGGAGTATCGCTGCGA-1,2
GGGATCCAGAAGGGAT-1,1
GGGATCCCATGGCCCA-1,5
GGGATCCGTATCTCGA-1,5
GGGATCCGTCATTGCA-1,4
GGGATCCGTCGAGCTC-1,1
GGGATCCTCATGGAGG-1,6
GGGATGAAGTAGGTTA-1,1
GGGATGACAAGTGTCT-1,3
GGGATGACAGCACACC-1,3
GGGATGACATCCCACT-1,6
GGGATGAGTATATGGA-1,1
GGGATGAGTTCGAACT-1,1
GGGATGAGTTGACTAC-1,2
GGGCCATAGGTCACCC-1,2
GGGCCATAGTACGTCT-1,4
GGGCCATGTAACTGCT-1,1
GGGCCATGTACGCTAT-1,1
GGGCCATGTCCGAAGA-1,4
GGGCCATTCAACTGAC-1,6
GGGCGTTAGACATCCT-1,5
GGGCGTTAGGAATGTT-1,6
GGGCGTTCAATTGCTG-1,2
GGGCGTTGTACCGTGC-1,3
GGGCGTTGTCTGTGGC-1,5
GGGCTACAGAATTGCA-1,5
GGGCTACAGATGTAGT-1,1
GGGCTACAGCACTCTA-1,4
GGGCTACAGCAGTAAT-1,1
GGGCTACCACCTCGTT-1,4
GGGCTACTCATAGCAC-1,1
GGGCTCAAGTTTCGAC-1,2
GGGCTCAGTCACGTGC-1,2
GGGCTCATCATCGACA-1,4
GGGCTCATCCCATAGA-1,2
GGGCTCATCCTCAGGG-1,6
GGGCTCATCTTGGTGA-1,3
GGGTAGACAGCTTCCT-1,1
GGGTAGATCATGACAC-1,3
GGGTAGATCCATCTGC-1,1
GGGTATTCACCAGACC-1,4
GGGTATTCACCCTAGG-1,3
GGGTATTCATGACTAC-1,5
GGGTCACAGCTAAACA-1,2
GGGTCACAGGCCCACT-1,1
GGGTCACAGTAAATGC-1,5
GGGTCACGTAATTAGG-1,4
GGGTCACGTCCGGTGT-1,1
GGGTCACGTGAAGCTG-1,1
GGGTCTGAGTAAAGCT-1,3
GGGTCTGCAAGCAATA-1,6
GGGTCTGCACCCTGTT-1,3
GGGTCTGCAGACACAG-1,2
GGGTCTGCAGACACCC-1,3
GGGTCTGCAGTCCCGA-1,1
GGGTCTGGTCGAGTGA-1,1
GGGTCTGTCCATCTCG-1,3
GGGTGAAAGGTGCAGT-1,5
GGGTGAAGTCGACTGC-1,3
GGGTGTCCAGAGTGAC-1,3
GGGTGTCGTTCTATCT-1,1
GGGTTATAGTACAGCG-1,5
GGGTTATCAATGCAGG-1,1
GGGTTATCAGCGAACA-1,5
GGGTTATCAGTTGTCA-1,1
GGGTTATCATGAGAAT-1,4
GGGTTATCATGATCTG-1,3
GGGTTATGTGTCCAAT-1,5
GGGTTATGTGTCTAAC-1,2
GGGTTATGTTGCTTGA-1,3
GGGTTATTCGACACCG-1,1
GGGTTTAGTATGAAGT-1,1
GGGTTTAGTGTCCGTG-1,1
GGGTTTATCCAGGACC-1,3
GGTAACTAGAATTGTG-1,3
GGTAACTAGAGATTCA-1,2
GGTAACTAGCACTCTA-1,1
GGTAACTCAACTCGTA-1,1
GGTAACTCACGTACTA-1,6
GGTAATCAGACCAACG-1,6
GGTAATCCAGAATTCC-1,4
GGTAATCCAGCGAACA-1,1
GGTAATCCAGTCTCTC-1,2
GGTAGAGAGCGATGAC-1,4
GGTAGAGAGGTGCCTC-1,2
GGTAGAGCAATACCTG-1,4
GGTAGAGCATGGTACT-1,1
GGTAGAGGTCGCGTTG-1,6
GGTAGAGGTGACCTGC-1,3
GGTAGAGTCAGATTGC-1,1
GGTAGAGTCATCGACA-1,1
GGTCACGAGCGGTAGT-1,1
GGTCACGAGTCGTTAC-1,1
GGTCACGCATGGGTTT-1,1
GGTCTGGAGGTCACAG-1,1
GGTCTGGAGTGGTCAG-1,1
GGTCTGGCAAAGGATT-1,2
GGTCTGGGTTAGGAGC-1,1
GGTCTGGGTTGCGGAA-1,5
GGTCTGGGTTGGGAAC-1,3
GGTCTGGTCACTTTGT-1,2
GGTCTGGTCCATTCAT-1,2
GGTCTGGTCGTAGAGG-1,4
GGTGAAGAGTACCGGA-1,1
GGTGAAGCAAAGTGTA-1,5
GGTGAAGCAAGGAGTC-1,1
GGTGAAGCACTACGGC-1,3
GGTGAAGGTACCTAGT-1,1
GGTGAAGGTAGCTTTG-1,3
GGTGAAGGTTCGGACC-1,1
GGTGAAGTCATAGACC-1,1
GGTGAAGTCGAGCCAC-1,6
GGTGAAGTCGGTTGTA-1,1
GGTGAAGTCTCTAAGG-1,3
GGTGATTAGCCGTCGT-1,1
GGTGATTAGGTGCAGT-1,4
GGTGATTTCACACCGG-1,2
GGTGATTTCCTGGTCT-1,2
GGTGATTTCGATAACC-1,2
GGTGATTTCTACTCAT-1,4
GGTGATTTCTTGTTAC-1,6
GGTGGCTAGCATGGGT-1,3
GGTGGCTAGCGATGCA-1,1
GGTGGCTCATATAGCC-1,2
GGTGGCTCATGTTCAG-1,4
GGTGGCTGTGCACGCT-1,3
GGTGGCTGTTCAATCG-1,1
GGTGGCTTCCTTATAC-1,3
GGTGGCTTCTGAGTCA-1,4
GGTGTCGAGAACAGGA-1,1
GGTGTCGAGAGCACTG-1,1
GGTGTCGAGCATCAGG-1,1
GGTGTCGCAAATCAAG-1,1
GGTGTCGCAGAGGCTA-1,1
GGTGTCGTCCACAGCG-1,6
GGTGTCGTCTAGTTCT-1,2
GGTGTTACATGGGCAA-1,1
GGTGTTAGTTACGTAC-1,1
GGTGTTATCGCCTAGG-1,3
GGTGTTATCTTCCGTG-1,2
GGTTAACAGCGACTTT-1,1
GGTTAACCAACTCGAT-1,5
GGTTAACCAGACTCTA-1,4
GGTTCTCAGTAGGAAG-1,1
GGTTCTCCAATCTCGA-1,2
GGTTCTCCACTCCCTA-1,1
GGTTCTCCAGGCTACC-1,2
GGTTCTCGTGACTCTA-1,4
GGTTCTCTCCGCTGTT-1,2
GGTTCTCTCGATACTG-1,3
GGTTCTCTCTTCTAAC-1,4
GGTTGTAAGATTGAGT-1,3
GGTTGTAAGCTGTTCA-1,3
GGTTGTAAGGGCAAGG-1,2
GGTTGTAGTAACCAGG-1,1
GGTTGTAGTAACGGTG-1,3
GGTTGTAGTACAGTCT-1,1
GGTTGTAGTACGTACT-1,1
GGTTGTAGTCCCTAAA-1,5
GGTTGTAGTGATTAGA-1,5
GGTTGTATCTGAGTCA-1,6
GGTTGTATCTTGTTAC-1,4
GTAACACAGCTTTGTG-1,5
GTAACACCAATTGCAC-1,5
GTAACACCAGGTCAAG-1,3
GTAACCAAGATGTTAG-1,4
GTAACCAAGCCAGAGT-1,5
GTAACCAAGCCTCTGG-1,5
GTAACCACATGGTGGA-1,2
GTAACCAGTAATCAGA-1,5
GTAACCAGTTGGACCC-1,3
GTAACCATCTGTCGTC-1,5
GTAAGTCAGATTGCGG-1,5
GTAAGTCAGGTGCATG-1,2
GTAAGTCAGGTTACCT-1,5
GTAAGTCAGTTGGACG-1,5
GTAAGTCCAAGAATAC-1,5
GTAAGTCGTACTCGAT-1,3
GTAAGTCGTAGAAACT-1,2
GTAAGTCGTCCAACGC-1,5
GTAAGTCTCATCCTGC-1,4
GTAAGTCTCCTGGGTG-1,6
GTAAGTCTCTCTTAAC-1,3
GTAATCGAGAAGAACG-1,1
GTAATCGAGAGCTGAC-1,3
GTAATCGAGCGTCAGA-1,1
GTAATCGCACGTAGTT-1,5
GTAATCGGTAACTTCG-1,2
GTAATCGGTCACCCTT-1,4
GTAATCGTCATTTGGG-1,1
GTAATCGTCTCCTGTG-1,5
GTAATCGTCTTTACAC-1,4
GTAATGCCACGACAGA-1,3
GTAATGCCACTCCACT-1,1
GTAATGCCAGGTGTTT-1,1
GTAATGCGTCATCGGC-1,3
GTAATGCGTCCCTGTT-1,4
GTAATGCGTCTGTGGC-1,5
GTAATGCGTTCTCTCG-1,2
GTAATGCTCAAGCGTT-1,3
GTACAACAGACCGCCT-1,1
GTACAACAGGTGATCG-1,5
GTACAACCACACGGAA-1,1
GTACAACCAGAACTCT-1,1
GTACAACCAGTGACCC-1,6
GTACAACGTCTGTAGT-1,4
GTACAACGTGAGTTGG-1,1
GTACAACGTGGCTGAA-1,3
GTACAGTCAAGACGAC-1,2
GTACAGTCACACGTGC-1,4
GTACAGTCATAGGTAA-1,1
GTACAGTGTGAATTAG-1,3
GTACAGTGTGTCGCTG-1,1
GTACAGTGTTCCTTGC-1,1
GTACAGTTCACGATCA-1,1
GTACAGTTCGCCTTGT-1,3
GTACAGTTCTCTCGCA-1,2
GTAGAAATCGTAGCTA-1,1
GTAGAAATCTCCCATG-1,6
GTAGAGGAGCGTCTGC-1,3
GTAGAGGCAGCGGATA-1,4
GTAGAGGCATCGATAC-1,1
GTAGAGGCATTAAAGG-1,5
GTAGAGGTCTCCCAAC-1,3
GTAGAGGTCTGAACGT-1,2
GTAGATCCAAGTTGGG-1,1
GTAGATCGTGTTCGAT-1,3
GTAGCTAAGAAACTGT-1,1
GTAGCTAAGATTAGAC-1,1
GTAGCTACAACTCCCT-1,3
GTAGCTACACTGGAAG-1,1
GTAGCTATCAAGCTGT-1,4
GTAGGAGCACCTAAAC-1,5
GTAGGAGCATAGTCGT-1,1
GTAGGAGGTATCGTGT-1,1
GTAGGAGGTGAGACGT-1,1
GTAGGAGTCTCTGAGA-1,3
GTAGGTTAGTGGAAAG-1,1
GTAGGTTCACAAGTTC-1,2
GTAGGTTCAGACGCTC-1,3
GTAGGTTGTGGGACAT-1,3
GTAGGTTGTTGCTCCT-1,2
GTAGTACTCATCTATC-1,5
GTATTGGAGCCACAAG-1,3
GTATTGGCATCACCAA-1,6
GTATTGGGTGCCTGAC-1,5
GTATTGGTCGAAGGAC-1,1
GTATTTCCACTACCGG-1,4
GTATTTCCATCTGTTT-1,3
GTATTTCGTAAGATCA-1,4
GTATTTCGTCTCCTGT-1,2
GTATTTCTCGTCAGAT-1,6
GTCAAACAGCACCTGC-1,2
GTCAAACCATCAGCTA-1,1
GTCAAACCATGCACTA-1,2
GTCAAACGTTCAGGTT-1,2
GTCAAGTCAAAGTGTA-1,2
GTCAAGTCAGTTTGGT-1,1
GTCAAGTTCGCCAATA-1,4
GTCAAGTTCGGAGTAG-1,3
GTCAAGTTCTTGGAAC-1,5
GTCACGGAGCCTAGGA-1,2
GTCACGGAGCGCTGCT-1,2
GTCACGGGTACGCGTC-1,1
GTCACGGGTAGGGTAC-1,5
GTCACGGGTAGTTAGA-1,1
GTCACGGGTCAACCTA-1,2
GTCACGGGTGGATCGA-1,1
GTCACGGTCCACAGCG-1,5
GTCACGGTCCTAGAGT-1,4
GTCACGGTCGGTAGGA-1,5
GTCACTCAGTACAGAT-1,1
GTCACTCAGTCGCCAC-1,4
GTCACTCCACGAGAAC-1,1
GTCACTCGTGGGTATG-1,3
GTCACTCTCGCACTCT-1,3
GTCAGCGAGGATAATC-1,1
GTCAGCGAGTCAGCGA-1,5
GTCAGCGCAACGGCCT-1,6
GTCAGCGCAGGAATAT-1,2
GTCAGCGTCTGAACGT-1,1
GTCATCCAGCAGATAT-1,1
GTCATCCAGCTCCACG-1,1
GTCATCCAGTGGTTAA-1,2
GTCATCCCAACTACGT-1,2
GTCATCCCACGGTGCT-1,1
GTCATCCGTCCGTTTC-1,2
GTCATCCTCATTCCTA-1,2
GTCATGAAGCGAGTCA-1,1
GTCATGAAGTAAATGC-1,5
GTCATGAAGTCTCCTC-1,5
GTCATGACACTTGTCC-1,5
GTCATGACATGCCGCA-1,1
GTCATGAGTAAGTAGT-1,1
GTCATGAGTAGGGAGG-1,1
GTCATGATCAAGTAAG-1,1
GTCATGATCACCGGGT-1,5
GTCATGATCTCATTAC-1,2
GTCATTTAGGTAAAGG-1,1
GTCATTTCAGACACAG-1,5
GTCATTTCAGCGCGTT-1,5
GTCATTTCATCGCTCT-1,1
GTCATTTGTACCCGCA-1,6
GTCATTTGTCACAATC-1,2
GTCATTTGTTTACACG-1,1
GTCATTTTCCAGCAAT-1,1
GTCCACTAGTGCGCTC-1,1
GTCCACTAGTTGCCTA-1,2
GTCCACTGTCGTCAGC-1,4
GTCCACTGTGTTCGAT-1,2
GTCCACTTCAGAGCGA-1,1
GTCCACTTCCTCATAT-1,1
GTCCCATAGAAACCCG-1,5
GTCCCATAGGCAGTCA-1,1
GTCCCATAGGTAAACT-1,3
GTCCCATCACCGTGCA-1,6
GTCCCATCAGGCAATG-1,5
GTCCCATGTATAGGAT-1,1
GTCCCATTCATCCTGC-1,3
GTCCCATTCCGCAACG-1,4
GTCCCATTCGATACGT-1,5
GTCCCATTCTACTCAT-1,1
GTCCCATTCTAGGCCG-1,6
GTCCTCACACTTTATC-1,2
GTCCTCAGTTCTTGTT-1,4
GTCCTCAGTTGGGACA-1,2
GTCGAATAGGCCCGTT-1,1
GTCGAATAGGTCTACT-1,1
GTCGAATCAGGTCAGA-1,5
GTCGAATGTCGTTATG-1,3
GTCGAATTCAAACTGC-1,3
GTCGAATTCGCTTGAA-1,3
GTCGAATTCGGTTAGT-1,4
GTCGAATTCTTCCCAG-1,3
GTCGCGAAGCGCCGTT-1,3
GTCGCGAAGTCTGCAT-1,1
GTCGCGACAAACAGGC-1,5
GTCGCGACACAGTGAG-1,1
GTCGCGAGTCTGCATA-1,1
GTCGCGATCACGACTA-1,2
GTCGTAAAGAGGTATT-1,1
GTCGTAAAGCTATCCA-1,2
GTCGTAACAATCAGCT-1,3
GTCGTAACACCTGCGA-1,1
GTCGTAACAGACGATG-1,1
GTCGTAACATGTAACC-1,1
GTCGTAAGTCATCGGC-1,1
GTCGTTCAGTCATAGA-1,5
GTCGTTCCACTGGCGT-1,1
GTCGTTCCAGGACGAT-1,4
GTCGTTCCAGTTAGGG-1,1
GTCGTTCGTCACTACA-1,4
GTCGTTCGTGAGGATC-1,1
GTCTACCAGAACGTGC-1,1
GTCTACCGTACTCGTA-1,3
GTCTACCTCAGTCCGG-1,1
GTCTACCTCATGAGAA-1,1
GTCTACCTCGTAGAGG-1,5
GTCTACCTCTCCCTAG-1,6
GTCTACCTCTTCCCGA-1,6
GTCTAGAAGTGGATTA-1,2
GTCTAGACAGCGTTGC-1,2
GTCTAGATCAAACTGC-1,5
GTCTCACAGGCATCTT-1,2
GTCTCACCACGCGGTT-1,2
GTCTCACCACTTCATT-1,2
GTCTCACGTACATACC-1,3
GTCTCACGTAGGAGGG-1,3
GTCTCACTCACACCCT-1,4
GTCTCACTCGGAAGGT-1,1
GTCTGTCAGGAAGAAC-1,1
GTCTGTCCATCCAACA-1,2
GTCTGTCGTTAGGGTG-1,1
GTCTGTCTCTGTCGCT-1,4
GTCTTTAAGGTCGACA-1,4
GTCTTTAGTACTGCCG-1,2
GTCTTTATCCTGGCTT-1,2
GTCTTTATCTCAGTCC-1,4
GTGACGCCACTGGCCA-1,3
GTGACGCGTGATATAG-1,4
GTGACGCTCAAGTGTC-1,3
GTGACGCTCCTCACGT-1,6
GTGACGCTCCTTCGAC-1,2
GTGACGCTCGTTCAGA-1,1
GTGAGCCAGACTAGAT-1,6
GTGAGCCAGCGCCGTT-1,1
GTGAGCCAGCTGGCTC-1,3
GTGAGCCAGTGGTCAG-1,1
GTGAGCCCAAACTCTG-1,1
GTGAGCCCAGCTGAAG-1,5
GTGAGCCGTGAGCCAA-1,3
GTGAGCCGTGGTCCGT-1,1
GTGAGCCGTTCTTCAT-1,5
GTGAGCCTCACACCCT-1,3
GTGAGCCTCGATTCCC-1,1
GTGAGCCTCTTTGCGC-1,3
GTGAGGACACCCAATA-1,5
GTGAGGAGTAATGCTC-1,3
GTGAGGAGTCATCCCT-1,1
GTGAGGAGTTGCCAAT-1,3
GTGAGGAGTTGCTCCT-1,1
GTGAGGATCACGACTA-1,2
GTGAGTTAGAAGTGTT-1,1
GTGAGTTGTCCTTGTC-1,4
GTGAGTTTCGCAGAGA-1,5
GTGAGTTTCTGCCTGT-1,3
GTGATGTAGATAGTCA-1,3
GTGATGTCAATTGCTG-1,4
GTGATGTCACCTCTGT-1,5
GTGATGTGTAAGGCCA-1,5
GTGATGTGTCATCCGG-1,2
GTGATGTTCCTCGATC-1,6
GTGCACGAGCTCTATG-1,3
GTGCACGAGGGAGGAC-1,5
GTGCACGCACGAAAGC-1,2
GTGCACGGTTTGGGAG-1,2
GTGCAGCAGGGATCAC-1,1
GTGCAGCCAGGTGTTT-1,1
GTGCAGCCAGTTAAAG-1,1
GTGCAGCTCCAGCTCT-1,6
GTGCAGCTCTACGCAA-1,2
GTGCAGCTCTAGACAC-1,4
GTGCAGCTCTTCCCGA-1,2
GTGCGTGAGGACTATA-1,1
GTGCGTGAGGGAGGTG-1,1
GTGCGTGAGTCGCCAC-1,1
GTGCGTGGTATATGGA-1,3
GTGCGTGGTGGCAGAT-1,4
GTGCGTGTCTGATGGT-1,3
GTGCTGGAGACGACGT-1,1
GTGCTGGAGTGCAACG-1,5
GTGCTGGCAGACACCC-1,6
GTGCTGGTCAGCTCTC-1,2
GTGCTGGTCCTACACC-1,6
GTGCTTCAGAGTCGAC-1,5
GTGCTTCAGGACGCTA-1,2
GTGCTTCCACGTTGGC-1,1
GTGCTTCGTGACTCTA-1,3
GTGCTTCTCTGGTGCG-1,3
GTGCTTCTCTTCTGGC-1,5
GTGGAAGAGTATGTAG-1,3
GTGGAAGGTCTCGGAC-1,5
GTGGAAGGTGACAGCA-1,1
GTGGAAGTCCCAAGTA-1,3
GTGGAGAAGGAATTAC-1,1
GTGGAGACATCCGTTC-1,5
GTGGAGATCAACACCA-1,3
GTGGAGATCAACACGT-1,3
GTGGCGTTCCGTAATG-1,1
GTGGCGTTCGGTCAGC-1,2
GTGGGAAAGGATTACA-1,1
GTGGGAAAGGTGCTAG-1,5
GTGGGAACAACCTATG-1,5
GTGGGAACATACCATG-1,6
GTGGGAAGTTAAGGAT-1,5
GTGGGAATCCATTCAT-1,1
GTGGGAATCGTGAGAG-1,4
GTGGTTAAGTAACGTA-1,1
GTGGTTACACTGGAAG-1,1
GTGGTTACAGGACTTT-1,1
GTGGTTACATCTTAGG-1,1
GTGGTTAGTGGTACAG-1,1
GTGGTTAGTTCTCGCT-1,3
GTGGTTAGTTGCGGAA-1,3
GTGGTTATCAATCAGC-1,2
GTGTAACGTAGCTCGC-1,5
GTGTAACGTTCGCGTG-1,1
GTGTCCTCAACTGTGT-1,2
GTGTCCTCAGCGTTGC-1,6
GTGTCCTGTTGTCAGT-1,2
GTGTCCTTCGTTCTAT-1,4
GTGTGATAGACTCATC-1,2
GTGTGATCAAGGAGTC-1,1
GTGTGATCACAGAGCA-1,2
GTGTGATCAGCTCCTT-1,3
GTGTGATGTAATTAGG-1,1
GTGTGATGTATCGAGG-1,3
GTGTGATGTTCGGTCG-1,1
GTGTGATTCCTCACCA-1,1
GTGTGATTCTTCCAGC-1,1
GTGTGGCCAGTTTCGA-1,3
GTGTGGCGTGACATCT-1,1
GTGTGGCGTGTTTACG-1,1
GTGTGGCTCGGTTAGT-1,6
GTGTGGCTCTACGCAA-1,5
GTGTTAGAGAGCAGTC-1,1
GTGTTAGCAATACAGA-1,4
GTGTTAGCACAGCTGC-1,1
GTGTTAGCAGACGGAT-1,4
GTGTTAGGTCGCCTAG-1,1
GTGTTAGTCCCAAGTA-1,3
GTGTTCCCAGTCTCTC-1,5
GTGTTCCGTCCCGCAA-1,1
GTGTTCCTCGCGAAGA-1,1
GTTACAGCAAGCCTGC-1,5
GTTACAGTCTGACCCT-1,2
GTTACCCAGATGCTTC-1,2
GTTACCCAGTAGTCTC-1,3
GTTACCCCACATGAAA-1,2
GTTACCCCATATCTCT-1,1
GTTACCCCATGACGTT-1,3
GTTACCCGTGTATCCA-1,1
GTTACCCGTTAAGACA-1,1
GTTACCCGTTGCATGT-1,1
GTTACCCTCTTAGCTT-1,3
GTTACGACATGGGCAA-1,2
GTTACGAGTCATCACA-1,5
GTTACGAGTGCACGCT-1,1
GTTACGATCCGGGACT-1,5
GTTAGACAGCTGTTCA-1,4
GTTAGACAGGAGGTTC-1,4
GTTAGACCACCCAATA-1,1
GTTAGACGTCTTTATC-1,5
GTTAGACTCCTGGCTT-1,3
GTTAGACTCGGCGATC-1,1
GTTAGACTCTACCAGA-1,2
GTTAGACTCTCTCTAA-1,2
GTTAGACTCTGTGTGA-1,4
GTTAGTGCACGGTGTC-1,1
GTTAGTGCATGATCTG-1,4
GTTAGTGTCCCTTGGT-1,6
GTTAGTGTCCTGGGTG-1,1
GTTAGTGTCCTGTACC-1,4
GTTATGGAGCGTGCCT-1,1
GTTATGGAGTCAGGGT-1,1
GTTATGGGTACATTGC-1,4
GTTATGGGTCCGAAGA-1,5
GTTATGGGTGACACAG-1,3
GTTCATTAGACCGCCT-1,1
GTTCATTCATTCCTCG-1,4
GTTCATTTCATCGTAG-1,1
GTTCCGTAGAAACCCG-1,1
GTTCCGTAGAGCCGAT-1,1
GTTCCGTAGTATGAGT-1,5
GTTCCGTCACACTGGC-1,3
GTTCCGTCACGTAACT-1,2
GTTCCGTCATTAAGCC-1,4
GTTCCGTTCTTCACAT-1,4
GTTCCGTTCTTGATTC-1,1
GTTCGCTAGAGTTGCG-1,1
GTTCGCTAGCGTTCAT-1,4
GTTCGCTAGTGTTGTC-1,1
GTTCGCTCAGGTATGG-1,1
GTTCGCTGTATCAGGG-1,5
GTTCGCTTCATCGGGC-1,1
GTTCGCTTCCAACCGG-1,5
GTTCGCTTCCCTAGGG-1,2
GTTCTATAGGTAGACC-1,5
GTTCTATCACATATGC-1,3
GTTCTATTCCTAGCGG-1,3
GTTGAACCACGTAGAG-1,5
GTTGAACGTGCCCACA-1,2
GTTGAACGTGTCACAT-1,1
GTTGAACGTTAGGGTG-1,5
GTTGAACTCAGTCAGT-1,2
GTTGAACTCCCATTTA-1,4
GTTGCGGAGCTTAGTC-1,2
GTTGCGGAGGGATCTG-1,1
GTTGCGGAGTCAACAA-1,1
GTTGCGGAGTGCGTCC-1,1
GTTGCGGCACCCATAA-1,1
GTTGCGGGTAGCGAGT-1,3
GTTGCGGGTATTGGCT-1,6
GTTGCGGTCATGCAGT-1,1
GTTGCGGTCTTGAGCA-1,5
GTTGCTCAGAGTCTTC-1,4
GTTGCTCAGCCATTCA-1,2
GTTGCTCCAACCACAT-1,6
GTTGCTCCAATGTGGG-1,1
GTTGCTCGTACAACGG-1,1
GTTGCTCGTCATGCAT-1,1
GTTGTAGAGGGACCAT-1,5
GTTGTAGCACCATATG-1,2
GTTGTAGCAGGGAATC-1,4
GTTGTAGCATCCCGTT-1,3
GTTGTAGGTAGACGTG-1,1
GTTGTAGGTCCACTCT-1,1
GTTGTAGGTCGTGGAA-1,1
GTTGTAGGTTAGCGGA-1,1
GTTGTAGTCATGGTAC-1,1
GTTGTAGTCGACCATA-1,2
GTTGTAGTCGCAGAGA-1,3
GTTGTAGTCTGGTGGC-1,4
GTTGTCCAGTACTGGG-1,6
GTTGTCCCAGAGAAAG-1,6
GTTGTCCTCCATCTGC-1,5
GTTGTCCTCCCTCTAG-1,5
GTTGTGAAGACTTCAC-1,2
GTTGTGACACCCTATC-1,1
GTTGTGACAGCAGTTT-1,1
GTTGTGAGTGCATTAC-1,6
GTTGTGAGTTCGTACA-1,2
GTTGTGATCGTTACCC-1,4
GTTTACTCACCTATCC-1,6
GTTTACTCAGATCCTA-1,2
GTTTACTCAGGTAGTG-1,5
GTTTACTCAGTCAGAG-1,5
GTTTACTGTTATCTTC-1,4
GTTTACTTCACAGAGG-1,3
GTTTGGAAGGTGCGAT-1,1
GTTTGGAAGTTCCATG-1,1
GTTTGGACACTGAGGA-1,3
GTTTGGACAGCATCTA-1,5
GTTTGGAGTTAGGACG-1,1
GTTTGGATCACTTATC-1,6
GTTTGGATCAGAGCGA-1,5
GTTTGGATCAGCTCTC-1,1
TAACACGAGCCGATTT-1,2
TAACACGCAAAGGCAC-1,5
TAACACGCACCACTGG-1,4
TAACACGGTCATGACT-1,3
TAACACGGTGGATTTC-1,2
TAACACGTCATCTACT-1,3
TAACACGTCTCCTGAC-1,2
TAACCAGAGACGGATC-1,1
TAACCAGAGATTGAGT-1,2
TAACCAGAGGTTCAGG-1,4
TAACCAGCAGACCAGA-1,4
TAACCAGGTTCTTAGG-1,2
TAACCAGTCAGCGGAA-1,1
TAACCAGTCTGCTAGA-1,3
TAACGACAGCGAAACC-1,2
TAACGACAGTACAGAT-1,1
TAACGACCAAGCGAAC-1,3
TAACGACCAATAGGAT-1,1
TAACGACGTTCCTAGA-1,2
TAACGACTCACCTACC-1,2
TAACGACTCACTTGGA-1,2
TAACTTCAGAAGGTAG-1,1
TAACTTCAGCTAGTTC-1,4
TAACTTCAGTACGTCT-1,1
TAACTTCCAAACGAGC-1,1
TAACTTCCAACTTGCA-1,4
TAACTTCCAGGACGAT-1,5
TAACTTCCATTAAGCC-1,6
TAACTTCGTAACATCC-1,1
TAACTTCGTTGAGTCT-1,3
TAACTTCTCATTCTTG-1,2
TAACTTCTCCGGGACT-1,6
TAAGCACAGCGAGTAC-1,1
TAAGCACAGGACGCAT-1,1
TAAGCACCAACATACC-1,2
TAAGCACCAACCGACC-1,2
TAAGCACGTAGCACGA-1,1
TAAGCACGTATGTCAC-1,4
TAAGCCAAGGTCTACT-1,4
TAAGCCAAGTAGGAAG-1,5
TAAGCGTCACAGCCAC-1,1
TAAGCGTCATTCCTCG-1,1
TAAGCGTGTAGTAAGT-1,3
TAAGCGTGTTGTGGAG-1,3
TAAGCGTTCACTGATG-1,3
TAAGCGTTCGAAGCAG-1,1
TAAGTCGAGAAGGTAG-1,1
TAAGTCGAGCCACCGT-1,3
TAAGTCGAGGAGGCAG-1,5
TAAGTCGCAGCCTTCT-1,2
TAAGTCGTCGCAATGT-1,1
TAATCTCGTCGACTGC-1,1
TAATCTCGTGATCGTT-1,3
TAATCTCGTGGTCTAT-1,2
TAATCTCGTTAGGCCC-1,4
TAATCTCGTTGGAGGT-1,3
TAATTCCAGGAGCAAA-1,1
TAATTCCAGTACGTCT-1,2
TAATTCCCAACGAGGT-1,2
TAATTCCCAGTTTGGT-1,3
TAATTCCTCCAGTTCC-1,4
TACAACGAGGATGAGA-1,3
TACAACGAGGCGCTTC-1,3
TACAACGAGTACTGGG-1,6
TACAACGGTCCCGCAA-1,4
TACAACGGTTACCCTC-1,6
TACACCCAGATGTTGA-1,2
TACACCCAGCCATTGT-1,1
TACACCCAGCGTCGAA-1,3
TACACCCCAAATCGGG-1,3
TACACCCCAATTGCCA-1,2
TACACCCCATCATTTC-1,1
TACACCCGTCATTGCA-1,6
TACACCCGTTAAGAAC-1,3
TACACCCGTTCGGACC-1,2
TACAGGTAGCCACTCG-1,4
TACAGGTAGCTAGATA-1,4
TACAGGTAGCTTCGTA-1,4
TACAGGTCAAAGGATT-1,6
TACAGGTCAGCGAACA-1,5
TACAGGTGTAGAGGAA-1,3
TACAGGTGTGACAGGT-1,3
TACAGGTGTTGGTGTT-1,1
TACAGGTTCACCTTGC-1,2
TACATTCAGGAGTACC-1,2
TACATTCCAAATTGCC-1,1
TACATTCTCAGACCTA-1,2
TACATTCTCGCTACAA-1,4
TACCCACAGCGTTCCG-1,5
TACCCACAGGCTAAAT-1,6
TACCCACCAGATACTC-1,2
TACCCACGTAGCTGAG-1,2
TACCCACGTCCAAATC-1,2
TACCCACTCGATGCAT-1,4
TACCCACTCGTGGAAG-1,3
TACCCACTCTGAGAGG-1,1
TACCCGTAGAACCCGA-1,2
TACCCGTCAAGTTCCA-1,3
TACCCGTCACGGCACT-1,2
TACCCGTCAGAAGCGT-1,1
TACCCGTCAGACCTGC-1,4
TACCCGTCATAGTCGT-1,4
TACCCGTTCGACCCAG-1,6
TACCGAAAGCCGAACA-1,4
TACCGAACACATAACC-1,4
TACCGAACAGGACATG-1,4
TACCGAACATCCGTGG-1,2
TACCGAACATTGTCGA-1,1
TACCGAAGTAACCAGG-1,2
TACCGAATCCATAAGC-1,6
TACCGAATCTTCTAAC-1,2
TACCGGGGTAGACGGT-1,1
TACCGGGGTCCAGCCA-1,4
TACCGGGTCCCGTTCA-1,1
TACCGGGTCCTGGGTG-1,5
TACCGGGTCGAGCTGC-1,5
TACCGGGTCTTCCACG-1,2
TACCTCGAGCCTGAAG-1,1
TACCTCGCACGTGTGC-1,1
TACCTCGGTCCGAAAG-1,2
TACCTCGTCGACGCTG-1,1
TACCTCGTCTTAAGGC-1,6
TACCTGCAGCGTCTGC-1,4
TACCTGCAGGTCACCC-1,2
TACCTGCAGGTTAGTA-1,2
TACCTGCCAGCGTGAA-1,2
TACCTGCGTTCGAACT-1,4
TACCTGCTCCTGCCAT-1,2
TACCTGCTCGAGAAGC-1,2
TACCTGCTCTCCTACG-1,2
TACGCTCAGGTAAAGG-1,4
TACGCTCGTACAGGTG-1,4
TACGCTCTCGCCGATG-1,2
TACGGGCAGTCGCGAA-1,1
TACGGGCCAACCCGCA-1,2
TACGGGCGTACGGGAT-1,4
TACGGGCGTTAGAGTA-1,1
TACGGGCTCGCCTCTA-1,5
TACGGTAAGATACGAT-1,3
TACGGTAAGCCATTCA-1,3
TACGGTAAGGCCTGAA-1,4
TACGGTAGTGGTCTGC-1,1
TACGGTAGTTGCAAGG-1,3
TACGGTATCCCACAGG-1,1
TACGGTATCCGACATA-1,6
TACGGTATCGGCTGTG-1,1
TACGTCCAGCCGAACA-1,1
TACGTCCAGGGCAACT-1,1
TACGTCCAGGTCCCGT-1,1
TACGTCCCAGCATACT-1,1
TACGTCCGTCCACTTC-1,2
TACGTCCGTCGAGTTT-1,1
TACGTCCGTCGCACGT-1,5
TACGTCCGTGATAGAT-1,1
TACGTCCTCGTGCATA-1,2
TACGTCCTCTCGGTCT-1,4
TACTGCCAGCAGCAGT-1,1
TACTGCCAGGGATGTC-1,4
TACTGCCCAAGTTGGG-1,2
TACTTACCACATAACC-1,2
TACTTACCATGTTCGA-1,2
TACTTACGTCAGTTTG-1,1
TACTTACGTCGCCACA-1,6
TACTTACGTCGTGGAA-1,4
TACTTACGTCTCTCTG-1,3
TACTTACTCCGTGTAA-1,3
TACTTGTAGACATAGT-1,1
TACTTGTAGGAGGTTC-1,3
TACTTGTCACCTTCCA-1,4
TACTTGTCACGGCCAT-1,4
TACTTGTCATGTGGCC-1,2
TACTTGTGTACGAGTG-1,5
TACTTGTGTTTCGTAG-1,6
TACTTGTTCCCTAGGG-1,3
TACTTGTTCTGATGGT-1,4
TAGACCAAGAGGACTC-1,2
TAGACCACAAGGTCAG-1,2
TAGACCACAATCGAAA-1,2
TAGACCACATGTGACT-1,3
TAGACCAGTCCCTAAA-1,2
TAGACCAGTGAGCGAT-1,3
TAGACCATCTGAGTCA-1,2
TAGACTGAGTAGATCA-1,5
TAGACTGAGTGGTGAC-1,2
TAGACTGCAGCGACAA-1,5
TAGACTGGTCTACATG-1,5
TAGACTGGTGTCCGTG-1,1
TAGAGTCCAATGTCTG-1,3
TAGAGTCCACTTTAGG-1,3
TAGAGTCCAGCAGACA-1,2
TAGAGTCCATCAACCA-1,5
TAGAGTCGTACAAGTA-1,1
TAGAGTCGTTAGAGAT-1,3
TAGAGTCTCTCGTGAA-1,5
TAGAGTCTCTGACGCG-1,1
TAGATCGAGCGTATGG-1,3
TAGATCGAGTTGGGAC-1,3
TAGATCGGTGATGAAT-1,1
TAGCACAAGCGAAACC-1,5
TAGCACAAGGTAGTCG-1,4
TAGCACACAGCAGTTT-1,2
TAGCACAGTCCTTAAG-1,2
TAGGAGGAGTCTAGCT-1,3
TAGGAGGCAGTATTCG-1,3
TAGGAGGTCAATGTCG-1,2
TAGGGTTAGCACAAAT-1,3
TAGGGTTAGGTAAAGG-1,4
TAGGGTTCACTTTAGG-1,5
TAGGGTTCAGTTGTTG-1,5
TAGGGTTGTATAGGGC-1,2
TAGGGTTGTCCACTCT-1,1
TAGGGTTGTGTTTGCA-1,1
TAGGGTTTCCATATGG-1,2
TAGGGTTTCCCTTCCC-1,1
TAGGTACCACAGTCGC-1,1
TAGGTACGTATCGAAA-1,1
TAGGTACTCCCGTGAG-1,3
TAGGTTGAGTGTAGAT-1,2
TAGGTTGTCAAATGCC-1,3
TAGGTTGTCCAGGACC-1,4
TAGTGCATCGGTTAGT-1,1
TATACCTAGAGGCGGA-1,2
TATACCTAGGGTACAC-1,1
TATACCTCAGAATTCC-1,6
TATACCTTCATGCGGC-1,1
TATACCTTCGAGTCTA-1,4
TATATCCAGGATTTCC-1,3
TATATCCAGTACTGTC-1,1
TATATCCGTACTTGTG-1,2
TATATCCTCTCCACTG-1,3
TATCAGGAGTGTACCT-1,1
TATCAGGAGTTTCTTC-1,2
TATCAGGTCGGTCAGC-1,1
TATCAGGTCTGTGCAA-1,4
TATCCTAAGGAGTATT-1,6
TATCCTAAGTCACAGG-1,1
TATCCTACAAAGACGC-1,1
TATCCTACAATGAACA-1,2
TATCCTACAGGACGAT-1,1
TATCCTACAGGATGAC-1,6
TATCCTACAGGGATAC-1,1
TATCCTAGTTGCAAGG-1,4
TATCCTATCAGTCTTT-1,3
TATCGCCCATGCGGTC-1,2
TATCGCCGTAATCAGA-1,2
TATCGCCGTCCTCCAT-1,1
TATCGCCGTCGTATTG-1,5
TATCGCCTCACTGCTC-1,2
TATCGCCTCAGGACGA-1,1
TATCTGTAGGATAATC-1,3
TATCTGTAGTGCGTCC-1,5
TATCTGTAGTTATGGA-1,3
TATCTGTTCCTCGCAT-1,2
TATCTGTTCGCATTAG-1,2
TATCTGTTCGTTACCC-1,1
TATCTTGCAACGTATC-1,5
TATCTTGGTCTTTATC-1,6
TATCTTGTCGTCTAAG-1,2
TATCTTGTCTACTCAT-1,1
TATGTTCAGCATACTC-1,2
TATGTTCCAATAGGGC-1,2
TATGTTCGTACGAAAT-1,2
TATGTTCTCCTATTGT-1,6
TATGTTCTCGGAGTAG-1,1
TATTCCACACAATGAA-1,2
TATTCCACACATATGC-1,4
TATTGCTAGCTAAATG-1,4
TATTGCTAGTCGCGAA-1,4
TATTGCTGTAGCACAG-1,2
TATTGCTTCATCACCC-1,3
TATTGCTTCCTACGAA-1,2
TATTGGGAGCGCTGCT-1,1
TATTGGGCACTTGTGA-1,6
TATTGGGCAGATACCT-1,5
TATTGGGCATGAGTAA-1,3
TATTGGGGTGTTAAAG-1,4
TATTGGGGTTGCCAAT-1,1
TATTGGGTCAGCACCG-1,1
TATTGGGTCCTAGCGG-1,1
TATTGGGTCCTCCACA-1,6
TATTGGGTCCTCTAGC-1,5
TATTTCGAGAAGCCTG-1,3
TATTTCGAGACAACTA-1,2
TATTTCGAGACTTGTC-1,4
TATTTCGAGTTAGTAG-1,1
TATTTCGCAATTGGTC-1,2
TATTTCGCAGAGTCTT-1,2
TATTTCGGTAACACCT-1,2
TATTTCGGTTTCTTAC-1,3
TCAAGACGTAGGACTG-1,3
TCAAGACGTCTAGGCC-1,1
TCAAGACTCAAGATAG-1,3
TCAAGCAAGGTCCCTG-1,6
TCAAGCACAAGCTGCC-1,3
TCAAGCACAGGTCTCG-1,5
TCAAGCAGTCCCTGAG-1,2
TCAAGCAGTTGCTCGG-1,1
TCAAGCATCCAATCCC-1,5
TCAAGCATCCTGTACC-1,2
TCAAGCATCTCTCAAT-1,2
TCAAGCATCTTCTGTA-1,2
TCAAGCATCTTGGTCC-1,4
TCAAGTGAGCAGCAGT-1,3
TCAAGTGAGGCTGAAC-1,1
TCAAGTGAGTAGAATC-1,1
TCAAGTGGTATAGGAT-1,2
TCAAGTGGTATGCGGA-1,2
TCAAGTGGTCCCTGAG-1,1
TCAAGTGTCGCCAACG-1,2
TCAAGTGTCTGCTAGA-1,1
TCAATCTAGATGAATC-1,2
TCAATCTAGCAGGCTA-1,4
TCAATCTCACAGCCAC-1,2
TCAATCTCACGGCTAC-1,2
TCAATCTCACGTATAC-1,2
TCAATCTCAGCGTAGA-1,4
TCAATCTCATCGGTTA-1,1
TCAATCTGTATACAGA-1,4
TCAATCTTCGATACAC-1,6
TCAATCTTCGCCGTGA-1,1
TCAATTCAGGTTTACC-1,1
TCAATTCAGTGCCCGT-1,2
TCAATTCAGTTGAATG-1,2
TCAATTCGTGCAAGAC-1,1
TCAATTCTCACGGGAA-1,2
TCAATTCTCTGGGATT-1,6
TCACAAGCAGACGATG-1,2
TCACAAGCAGAGTCTT-1,2
TCACAAGCAGCTTCCT-1,3
TCACAAGTCCGCTAGG-1,2
TCACAAGTCCGGACTG-1,4
TCACAAGTCGTCTCAC-1,5
TCACACCAGTAATTGG-1,1
TCACACCCAGCACAGA-1,4
TCACACCGTGAATGAT-1,2
TCACACCTCAGTCAGT-1,1
TCACACCTCCGATTAG-1,2
TCACACCTCCTGTAGA-1,6
TCACATTAGAAGTCAT-1,4
TCACATTAGCAAGGAA-1,3
TCACATTAGCATGAAT-1,4
TCACATTAGTTGCGCC-1,3
TCACATTGTGACTCGC-1,1
TCACATTTCCATCACC-1,5
TCACGCTCACTGTGAT-1,2
TCACGCTGTATGGTAA-1,1
TCACGCTGTCTTCGAA-1,4
TCACGCTGTTGCAACT-1,6
TCACGCTTCATGGATC-1,3
TCACGCTTCCAAGGGA-1,3
TCACGCTTCCTCCACA-1,6
TCACGCTTCGAGAGCA-1,4
TCACGGGAGACTAAGT-1,1
TCACGGGAGAGATGCC-1,6
TCACGGGAGTCATGGG-1,2
TCACGGGCAGAAACCG-1,2
TCACGGGCATCCTGTC-1,5
TCACGGGGTAATTGGA-1,6
TCACGGGTCAGACCGC-1,1
TCACGGGTCTTAGCCC-1,4
TCACTATAGACACACG-1,4
TCACTATAGACTCATC-1,4
TCACTATAGGGTGGGA-1,2
TCACTATCAACATCGT-1,3
TCACTATCAGTTAGAA-1,3
TCACTATGTCGAGCTC-1,1
TCACTATTCCTTCTGG-1,6
TCACTATTCTATACTC-1,3
TCACTATTCTTCGTGC-1,2
TCACTCGAGACCATAA-1,1
TCACTCGCAATCGTCA-1,1
TCACTCGCACGCGCTA-1,1
TCACTCGGTCTTCTAT-1,1
TCACTCGTCCAATGCA-1,1
TCAGCAAAGAGGTATT-1,2
TCAGCAACAACACAAA-1,2
TCAGCAATCATTCGTT-1,2
TCAGCAATCGACCATA-1,1
TCAGCCTAGAGGTGCT-1,1
TCAGCCTAGTTGCTGT-1,3
TCAGCCTCAAACCACT-1,2
TCAGCCTCACACCTAA-1,4
TCAGCCTCAGGTCAGA-1,2
TCAGCCTGTACGCGTC-1,1
TCAGCCTTCCATAAGC-1,2
TCAGCCTTCCGCACTT-1,2
TCAGGGCAGGCACTCC-1,1
TCAGGGCCACTAACCA-1,6
TCAGGGCCATTAAAGG-1,3
TCAGGGCGTGTGTGGA-1,1
TCAGGGCTCGTGTGAT-1,1
TCAGGTAAGGAAACGA-1,1
TCAGGTAAGGGTACGT-1,5
TCAGGTAAGGTAGACC-1,1
TCAGGTAGTACAAGTA-1,1
TCAGGTAGTAGCTTAC-1,3
TCAGGTAGTATAGGGC-1,5
TCAGGTATCAGCGCAC-1,1
TCAGGTATCGCACGAC-1,2
TCAGTCCCATTACTCT-1,1
TCAGTCCGTACTCAAC-1,2
TCAGTCCGTCGGAAAC-1,1
TCAGTCCGTGGTTCTA-1,4
TCAGTCCTCGAGTCCG-1,3
TCAGTGAAGTGGACGT-1,3
TCAGTGACATCCAACA-1,4
TCAGTGAGTCTAATCG-1,4
TCAGTGATCCAAGCCG-1,2
TCAGTGATCCATGCAA-1,6
TCAGTTTAGCATCCTA-1,4
TCAGTTTCATGAGATA-1,1
TCAGTTTCATGCTGCG-1,6
TCAGTTTGTAGCCCTG-1,2
TCAGTTTGTCTGTAAC-1,5
TCAGTTTGTGCATTTG-1,3
TCAGTTTGTTCTCAGA-1,4
TCAGTTTGTTGTGCCG-1,5
TCAGTTTTCAGGAGAC-1,1
TCATACTCAATTTCTC-1,4
TCATACTGTAGGACCA-1,2
TCATACTTCAATCAGC-1,1
TCATACTTCCTACGAA-1,4
TCATACTTCTTCCACG-1,2
TCATATCAGAGCAGTC-1,1
TCATATCAGTAATACG-1,2
TCATATCCACATTACG-1,2
TCATATCCATGACACT-1,2
TCATATCGTGCATGTT-1,1
TCATATCTCACAGTGT-1,4
TCATATCTCCTTTAGT-1,2
TCATCATAGACGCCCT-1,2
TCATCATAGTCTGCAT-1,2
TCATCATCAAGTTTGC-1,3
TCATCATCAATTGCTG-1,5
TCATCATGTCGACTGC-1,1
TCATCATGTTAGCTAC-1,6
TCATCCGAGCATCCTA-1,3
TCATCCGAGGGCCCTT-1,1
TCATCCGCAGAGAAAG-1,2
TCATCCGTCAATCCAG-1,2
TCATGAGCACACCTGG-1,3
TCATGAGCATGGAGAC-1,1
TCATGAGGTTGGGACA-1,5
TCATGAGGTTTGAACC-1,4
TCATGAGTCTGAACGT-1,2
TCATGCCCAATCACGT-1,3
TCATGCCCACCCTTGT-1,5
TCATGCCCAGACAAAT-1,3
TCATGCCGTCTTCATT-1,4
TCATGCCTCCCTTTGG-1,2
TCATGGAAGCTGCCAC-1,1
TCATGGACACATTCTT-1,2
TCATGGACATAATCGC-1,1
TCATGGAGTAACTGCT-1,4
TCATGGAGTATGGAGC-1,1
TCATGTTAGACCAGAC-1,1
TCATGTTAGAGCGACT-1,5
TCATGTTAGAGTCGAC-1,1
TCATGTTTCATCGGGC-1,4
TCATTACAGCTATCTG-1,5
TCATTACAGTCATCGT-1,2
TCATTACTCTCATTTG-1,3
TCATTCAAGGTCGTCC-1,5
TCATTCAGTCCACACG-1,5
TCATTCATCGTAGCCG-1,1
TCATTGTAGATGCTTC-1,2
TCATTGTAGCACACAG-1,4
TCATTGTAGCGATGGT-1,1
TCATTGTAGTCACGAG-1,4
TCATTGTAGTTGCATC-1,4
TCATTGTCACACCAGC-1,1
TCATTGTGTACGGATG-1,2
TCATTGTGTGATACAA-1,2
TCATTGTGTGTTCGAT-1,2
TCATTGTTCAAACCTG-1,4
TCATTTGAGTGCTCAT-1,1
TCATTTGAGTGTGTTC-1,4
TCATTTGAGTTTGCTG-1,2
TCATTTGCAAGACGGT-1,4
TCATTTGGTGAATGAT-1,3
TCATTTGTCAGAATAG-1,2
TCATTTGTCATCTCTA-1,4
TCATTTGTCCATCCGT-1,2
TCATTTGTCGAACTCA-1,2
TCATTTGTCGACCATA-1,4
TCCACCAAGGAACGTC-1,3
TCCACCACAATTAGGA-1,2
TCCACCAGTCAAACGG-1,6
TCCACCATCACTACTT-1,1
TCCACCATCAGCTGTA-1,3
TCCACCATCGTGGAAG-1,2
TCCACCATCTAACGGT-1,5
TCCACCATCTTCGGTC-1,2
TCCACGTAGGGCAACT-1,1
TCCACGTCAAAGAGTT-1,5
TCCACGTCATACACCA-1,2
TCCACGTGTGAGTAGC-1,6
TCCACGTTCCGAGAAG-1,4
TCCACGTTCCGCGATG-1,5
TCCACGTTCGAACCAT-1,2
TCCACGTTCGTACCTC-1,4
TCCAGAAAGGTAGTAT-1,3
TCCAGAACAAATACGA-1,6
TCCAGAACAGTATACC-1,4
TCCAGAACATGGGAAC-1,2
TCCAGAAGTACGATTC-1,6
TCCAGAAGTTCCGCTT-1,1
TCCAGAATCTTAGCCC-1,2
TCCATCGAGACCCTTA-1,1
TCCATCGAGACGAAGA-1,5
TCCATCGCAGGCGATA-1,2
TCCATCGGTAATTGGA-1,1
TCCATCGTCAGTGGGA-1,6
TCCATCGTCATGTCAG-1,2
TCCATCGTCCCGTAAA-1,2
TCCATGCGTAGCGTTT-1,3
TCCATGCGTTTCCAAG-1,2
TCCATGCTCACTCTTA-1,1
TCCATGCTCGTCCTTG-1,4
TCCATGCTCGTCTCAC-1,6
TCCATGCTCTGCAGCG-1,1
TCCCACACAAACCACT-1,2
TCCCACACAGGCTACC-1,2
TCCCACAGTACCAGAG-1,4
TCCCACAGTGAAGCTG-1,5
TCCCACAGTGTCATTG-1,2
TCCCACATCATGGTAC-1,4
TCCCACATCTCGGGAC-1,4
TCCCAGTAGACGGTCA-1,3
TCCCAGTCAAAGCGTG-1,1
TCCCAGTCACTATGTG-1,4
TCCCAGTGTCTCAAGT-1,3
TCCCAGTTCCATCTGC-1,2
TCCCATGAGTTTGGCT-1,1
TCCCATGCAGATACTC-1,2
TCCCATGGTCCTACGG-1,3
TCCCATGGTGGCCACT-1,6
TCCGAAACAATACCCA-1,6
TCCGAAACAGTTGAAA-1,6
TCCGAAATCCGTTTCG-1,6
TCCGAAATCTAGGCCG-1,6
TCCGATCCAGTAGAGC-1,3
TCCGATCCATCTTTCA-1,4
TCCGATCGTACCTAAC-1,2
TCCGATCGTACGATTC-1,1
TCCGATCGTCTGATAC-1,6
TCCGATCTCGTAGCCG-1,4
TCCGATCTCTGAGTCA-1,3
TCCGGGAAGCGGACAT-1,5
TCCGGGACAAGACAAT-1,6
TCCGGGAGTACTGGGA-1,3
TCCGGGAGTACTTCCC-1,1
TCCGGGAGTTCAAAGA-1,4
TCCGGGATCAAAGCCT-1,4
TCCGGGATCAGGAAAT-1,5
TCCGGGATCCACTAGA-1,1
TCCGGGATCGTGGAAG-1,1
TCCGTGTGTCTCGCGA-1,3
TCCGTGTGTGAACCGA-1,3
TCCGTGTTCGAGCACC-1,3
TCCGTGTTCTGTGCGG-1,1
TCCTAATAGTCGGCCT-1,1
TCCTAATCATAACGGG-1,5
TCCTAATCATACATCG-1,2
TCCTAATGTCTTAGTG-1,3
TCCTAATGTGCCTGCA-1,4
TCCTAATTCAGCTAGT-1,1
TCCTAATTCCTTATGT-1,4
TCCTCCCAGGCGTTGA-1,5
TCCTCCCCAAGGTCTT-1,3
TCCTCCCGTCCGATCG-1,2
TCCTCCCGTTTCCATT-1,4
TCCTCGAAGAGAGCAA-1,1
TCCTCGAAGTGAGTTA-1,1
TCCTCGACAACACAGG-1,2
TCCTCTTAGTAGACCG-1,5
TCCTCTTGTCTGTGGC-1,6
TCCTCTTGTGCGGTAA-1,1
TCCTGCAAGCTCGCAC-1,2
TCCTGCACACAACGAG-1,4
TCCTGCATCAGACCGC-1,4
TCCTGCATCCAGCTCT-1,4
TCCTTCTCAAAGACGC-1,2
TCCTTCTGTAAGGAGA-1,1
TCCTTCTGTGTGAGCA-1,1
TCCTTCTGTTGCATGT-1,4
TCCTTCTGTTGCGGCT-1,2
TCCTTCTTCAAGGAGC-1,5
TCCTTCTTCAGACCTA-1,4
TCCTTCTTCCGCAACG-1,1
TCCTTCTTCGGTCGGT-1,5
TCCTTCTTCTCGGTCT-1,1
TCCTTTCAGGAGATAG-1,4
TCCTTTCCACGGTCTG-1,2
TCCTTTCGTAATACCC-1,1
TCCTTTCTCACCTGGG-1,2
TCCTTTCTCCCATTTA-1,2
TCCTTTCTCTTCACAT-1,2
TCGAACAAGCAGCACA-1,6
TCGAACACATAGATGA-1,3
TCGAACAGTGTGTCCG-1,4
TCGAACATCCCAGCGA-1,5
TCGAACATCGTGCTCT-1,3
TCGAAGTCAATCCTTT-1,2
TCGAAGTGTCGACTTA-1,1
TCGAAGTGTTCTCCCA-1,1
TCGAAGTTCAACTACG-1,3
TCGAAGTTCTTCCCAG-1,4
TCGACCTAGGCCTTCG-1,6
TCGACCTAGGTTATAG-1,2
TCGACCTCATCGCTGG-1,4
TCGACGGAGGGAGTGG-1,4
TCGACGGCAAGAGGCT-1,4
TCGACGGCACTTGAAC-1,2
TCGACGGCATAGATCC-1,6
TCGACGGGTATAGGAT-1,4
TCGACGGTCAAATGAG-1,1
TCGACGGTCGCTAGCG-1,1
TCGATTTAGAATCTAG-1,1
TCGATTTAGACGCAGT-1,4
TCGATTTTCAATCCGA-1,5
TCGCACTAGCGCCATC-1,4
TCGCACTCAGTGGCTC-1,1
TCGCACTTCACTGAAC-1,6
TCGCACTTCCATACTT-1,2
TCGCAGGCACAACCGC-1,1
TCGCAGGGTGCTCTCT-1,6
TCGCAGGGTTGGCTAT-1,2
TCGCAGGGTTTACCTT-1,2
TCGCAGGTCGTGCATA-1,1
TCGCAGGTCTACTCAT-1,6
TCGCTCAAGAATTCAG-1,3
TCGCTCAAGATACGAT-1,4
TCGCTCAAGATGGCGT-1,2
TCGCTCAAGTGCTAGG-1,3
TCGCTCAAGTTTGAGA-1,1
TCGCTCACAATAAGGT-1,1
TCGCTCACAATTGCTG-1,3
TCGCTCAGTCTTGTCC-1,1
TCGCTCAGTTGCCTAA-1,4
TCGCTCATCGATCCAA-1,5
TCGCTCATCGTGCAGC-1,5
TCGCTTGAGAGAAGGT-1,2
TCGCTTGAGAGAATCT-1,4
TCGCTTGAGCAGATAT-1,2
TCGCTTGAGTCTCTGA-1,5
TCGCTTGGTCATCTAG-1,3
TCGCTTGTCAGGAAAT-1,6
TCGCTTGTCTTCGGTC-1,4
TCGGATAAGATTAGAC-1,3
TCGGATACATCGGAGA-1,1
TCGGATAGTCGATTAC-1,1
TCGGATAGTTGATCGT-1,1
TCGGATATCTAACGGT-1,4
TCGGGACAGCCTCACG-1,6
TCGGGACAGGCGCTCT-1,6
TCGGGACCACTACTTT-1,1
TCGGGACTCCCGAGAC-1,3
TCGGGCAAGCAAGGAA-1,5
TCGGGCACACCTATCC-1,1
TCGGGCACATGCAGGA-1,3
TCGGGCAGTACTCAAC-1,2
TCGGGCAGTCGTAATC-1,5
TCGGGCATCAGTCCGG-1,2
TCGGGTGAGACTGGGT-1,4
TCGGGTGCAATTCACG-1,1
TCGGGTGCACCTTCCA-1,1
TCGGTCTAGTAGGCCA-1,4
TCGGTCTCAAGTATAG-1,4
TCGGTCTCAAGTCCCG-1,4
TCGGTCTGTACCTGTA-1,3
TCGGTCTTCCTTGGAA-1,3
TCGGTCTTCGTGCACG-1,1
TCGGTCTTCTTGCAAG-1,2
TCGTAGACAAGAATGT-1,3
TCGTAGACAAGAGCTG-1,3
TCGTAGACAAGAGTAT-1,3
TCGTAGATCAGAGCGA-1,1
TCGTCCAAGCCTGGAA-1,1
TCGTCCAAGTCCCAAT-1,2
TCGTCCACAGAGGCAT-1,2
TCGTCCACATAAGATG-1,4
TCGTCCAGTCGTGTTA-1,4
TCGTCCAGTGGCACTC-1,1
TCGTCCAGTTCGATTG-1,5
TCGTCCATCATCTATC-1,1
TCGTGCTCATGGCTAT-1,1
TCGTGCTGTTTGTTCT-1,6
TCGTGGGCAAAGGTTA-1,3
TCGTGGGTCTAAACGC-1,3
TCTAACTAGGGCCCTT-1,3
TCTAACTCATCCGCGA-1,2
TCTAACTGTCAGGTAG-1,2
TCTAACTGTTCTTGTT-1,3
TCTAACTTCCTACGGG-1,2
TCTACATAGACTTAAG-1,1
TCTACATAGGATAATC-1,5
TCTACATCAGAGTCAG-1,4
TCTACATCATCGTGGC-1,5
TCTACATGTACCGTGC-1,1
TCTACATGTAGGTCAG-1,3
TCTACATGTATCGTTG-1,4
TCTACATGTCCAACGC-1,3
TCTACATGTGCTATTG-1,3
TCTACATTCGGAGTAG-1,1
TCTACCGAGTACTGTC-1,1
TCTACCGAGTTGCTCA-1,1
TCTACCGCACCAGTAT-1,1
TCTACCGCACGAAAGC-1,2
TCTACCGGTGAGTGAC-1,3
TCTACCGTCGTTAGTG-1,5
TCTATACAGGTTAGTA-1,4
TCTATACCAGTTAAAG-1,6
TCTATACGTGGCTGAA-1,4
TCTATACGTGTCTTGA-1,3
TCTATACGTTCTCCAC-1,6
TCTATACTCACGAACT-1,2
TCTATACTCCTCAGAA-1,2
TCTATACTCGCATTAG-1,3
TCTATCAAGATGACAT-1,2
TCTATCAAGGAGCAAA-1,2
TCTATCAAGTCGAATA-1,4
TCTATCACACATTACG-1,3
TCTATCAGTAGACTGG-1,4
TCTATCAGTAGCTAAA-1,3
TCTATCAGTGAAAGTT-1,5
TCTCACGAGGTAAGTT-1,1
TCTCACGCACGGTGAA-1,2
TCTCACGCAGGCATTT-1,2
TCTCACGCAGTTGAAA-1,3
TCTCACGGTAGCGTAG-1,5
TCTCACGGTATTGGCT-1,2
TCTCACGGTCTAGTGT-1,1
TCTCACGGTCTGATCA-1,4
TCTCACGGTTCAAACC-1,2
TCTCACGTCGGTCATA-1,3
TCTCACGTCTCCCTAG-1,4
TCTCAGCAGAAACTCA-1,2
TCTCAGCCACCGCTAG-1,2
TCTCAGCGTCACTCTC-1,2
TCTCAGCGTGCCTATA-1,4
TCTCAGCTCACTGGGC-1,2
TCTCAGCTCTGGACTA-1,6
TCTCCGACATAATCGC-1,1
TCTCCGAGTACTAAGA-1,2
TCTCCGAGTTCCTAGA-1,3
TCTCCGATCGGTCGGT-1,1
TCTCCGATCTTTGCAT-1,1
TCTCTGGAGCATTTCG-1,1
TCTCTGGAGCCTATCA-1,4
TCTCTGGAGCGCGTTC-1,5
TCTCTGGCACAATGCT-1,1
TCTCTGGGTAGCTAAA-1,5
TCTCTGGGTGGCTGAA-1,6
TCTCTGGTCATAAGGA-1,6
TCTGCCAAGGACGCTA-1,4
TCTGCCAGTCATTCCC-1,3
TCTGCCAGTGTTGATC-1,1
TCTGCCATCCGCAGTG-1,2
TCTGCCATCGCGAAGA-1,3
TCTGCCATCTAGATCG-1,3
TCTGGCTCAAGCGGAT-1,1
TCTGGCTGTCTGCCTT-1,2
TCTGGCTTCAGCGCGT-1,2
TCTGGCTTCAGGAAAT-1,1
TCTGTCGGTATGGGAC-1,4
TCTGTCGGTGTTAGCT-1,6
TCTGTCGTCCTAGAGT-1,5
TCTTAGTCAAGAAATC-1,1
TCTTAGTCAATACCCA-1,1
TCTTAGTCATCGGATT-1,5
TCTTAGTGTAAGACCG-1,3
TCTTAGTGTATCGGTT-1,5
TCTTAGTGTATGTCTG-1,2
TCTTAGTGTCGTTCAA-1,5
TCTTAGTTCGAAGTGG-1,5
TCTTAGTTCTGGGTCG-1,3
TCTTAGTTCTGTACAG-1,1
TCTTAGTTCTGTCCGT-1,2
TCTTCCTAGAGGGTGG-1,1
TCTTCCTAGGGCAGTT-1,6
TCTTCCTCACAGCTTA-1,2
TCTTCCTCACCGTGGT-1,2
TCTTCCTTCATGAAAG-1,4
TCTTGCGAGCACGATG-1,4
TCTTGCGAGTGGAATT-1,5
TCTTGCGCAAAGCTCT-1,3
TCTTGCGCATCTTTCA-1,5
TCTTGCGGTAACCCGC-1,4
TCTTGCGGTGCCGAAA-1,1
TCTTGCGTCACACCCT-1,4
TCTTTGACACCAGACC-1,5
TCTTTGAGTCGCATGC-1,2
TCTTTGAGTGTTCCTC-1,3
TCTTTGATCAAACGTC-1,1
TGAACGTAGTACAACA-1,1
TGAACGTCAATTCTTC-1,1
TGAACGTCAGAACATA-1,4
TGAACGTCAGTAACCT-1,6
TGAACGTCATCTGCGG-1,4
TGAACGTTCCATAGGT-1,2
TGAACGTTCCTGCCAT-1,2
TGAACGTTCGGTCATA-1,3
TGAATCGAGACTAAGT-1,4
TGAATCGAGATCACCT-1,6
TGAATCGAGATCCCAT-1,4
TGAATCGAGCATATGA-1,3
TGAATCGAGCCAACCC-1,2
TGAATCGCAATTTCCT-1,4
TGAATCGGTAGAATAC-1,3
TGAATCGGTGAGCCAA-1,1
TGAATCGTCGACCAAT-1,4
TGAATCGTCTCGTTTA-1,3
TGAATGCAGGCAGGGA-1,3
TGACAGTAGGGAACAA-1,2
TGACAGTAGTGCGCTC-1,5
TGACAGTGTACCATAC-1,2
TGACAGTGTAGCTGCC-1,5
TGACCCTAGGCCTGAA-1,6
TGACCCTCAAGCGAGT-1,1
TGACCCTCACAGTGAG-1,6
TGACCCTCACGACAGA-1,1
TGACCCTCACTTGAGT-1,4
TGACCCTCATGTGACT-1,5
TGACCCTGTTAACCTG-1,2
TGACCCTGTTATAGCC-1,4
TGACCCTGTTTCCAAG-1,4
TGACGCGAGACCAGCA-1,4
TGACGCGCATGCGGTC-1,2
TGACGCGGTAGATTGA-1,3
TGACGCGTCCAGCCTT-1,2
TGACTCCAGCTCATAC-1,6
TGACTCCTCAAGAAAC-1,4
TGACTCCTCACATACG-1,4
TGACTCCTCCCTCGAT-1,6
TGAGACTAGTCACTAC-1,5
TGAGACTCACTGAGTT-1,3
TGAGACTGTGACTCGC-1,3
TGAGACTTCATGCGGC-1,1
TGAGACTTCCACATAG-1,5
TGAGCATAGCTCAGAG-1,3
TGAGCATCAAAGCGTG-1,3
TGAGCATGTCAAGGCA-1,4
TGAGCATGTCGCATGC-1,3
TGAGCATTCCGAGCTG-1,1
TGAGCGCAGCCGAATG-1,1
TGAGCGCAGGTCCGAA-1,5
TGAGCGCCAATATCCG-1,5
TGAGCGCCAGGAATAT-1,1
TGAGCGCCATGATCTG-1,1
TGAGCGCGTACCTTCC-1,1
TGAGCGCGTACTGGGA-1,1
TGAGCGCGTGCAACAG-1,1
TGAGCGCGTTGCTCAA-1,6
TGAGCGCTCATACAGC-1,4
TGAGCGCTCCATCACC-1,4
TGAGCGCTCGAGTGGA-1,1
TGAGGGACACGTGAGA-1,2
TGAGGGAGTGTGATGG-1,1
TGAGGGATCAACTGAC-1,6
TGAGGGATCCGTATGA-1,3
TGAGGGATCTGTCCCA-1,4
TGAGGTTAGAAACTGT-1,1
TGAGGTTAGACGCTCC-1,1
TGAGGTTAGTATAGAC-1,6
TGAGGTTCACGCTTAA-1,1
TGAGGTTGTCACTGAT-1,4
TGAGTCAAGAATAGTC-1,5
TGAGTCAAGGAGAATG-1,1
TGAGTCAAGGCCGCTT-1,5
TGAGTCACACGGTAGA-1,2
TGAGTCAGTATAGGGC-1,2
TGAGTCAGTCCAAGAG-1,5
TGAGTCATCCAACTGA-1,2
TGAGTCATCGCTAATG-1,2
TGAGTCATCTGGAAGG-1,5
TGATCAGAGTAATTGG-1,5
TGATCAGAGTAGAATC-1,6
TGATCAGCAAGTTCCA-1,1
TGATCAGGTTGGGCCT-1,1
TGATCAGTCCCTTGGT-1,5
TGATCAGTCTGTCTCG-1,1
TGATCTTAGCAAATCA-1,3
TGATCTTAGCATGCGA-1,3
TGATCTTCACTTGGCG-1,3
TGATCTTGTGCTCGTG-1,4
TGATCTTTCGCTCCTA-1,2
TGATGCAAGACGGTTG-1,1
TGATGCAAGAGTGTGC-1,1
TGATGCAAGCCGGATA-1,1
TGATGCAGTGTGAATA-1,2
TGATGCATCAGACAAA-1,2
TGATGCATCAGTCACA-1,1
TGATGGTAGGAGGCAG-1,1
TGATGGTAGTCCTACA-1,2
TGATGGTCAAATGGCG-1,5
TGATGGTGTTCAAGGG-1,4
TGATGGTTCATTGTTC-1,1
TGATTCTCACTGTCCT-1,2
TGATTCTTCAACACGT-1,4
TGATTCTTCAGTGTTG-1,3
TGATTCTTCCCGAGGT-1,6
TGATTCTTCGCTCCTA-1,2
TGATTTCAGATAGTGT-1,1
TGATTTCAGTACTGTC-1,3
TGATTTCCAATCACGT-1,3
TGATTTCCAATTGCTG-1,5
TGATTTCCACCCAAGC-1,2
TGATTTCGTAGTTACC-1,4
TGATTTCGTGGGCTTC-1,3
TGATTTCTCGAATCCA-1,1
TGCACGGCAAGGGCAT-1,1
TGCACGGGTACTTCCC-1,3
TGCACGGGTTGACGGA-1,1
TGCACGGTCACTCCGT-1,3
TGCAGATAGCGGATCA-1,1
TGCAGATAGTTCCTGA-1,2
TGCAGATTCTATTCGT-1,1
TGCAGGCAGGTGAGAA-1,3
TGCAGGCCAGGTTCAT-1,2
TGCAGGCGTAGCTAAA-1,4
TGCAGGCGTGAGACGT-1,1
TGCAGTAAGAGAGTTT-1,1
TGCAGTACAGTCAGCC-1,4
TGCAGTATCAGAACCT-1,1
TGCAGTATCGACATTG-1,3
TGCAGTATCGAGATGG-1,1
TGCAGTATCTCCGATC-1,6
TGCATCCAGAGCCGTA-1,6
TGCATCCAGCATGATA-1,3
TGCATCCAGCGAGGAG-1,5
TGCATCCAGGAACGTC-1,1
TGCATCCAGGGCTTCC-1,2
TGCATCCCAACGCATT-1,4
TGCATGAAGACTACGG-1,1
TGCATGAAGTCGAATA-1,1
TGCATGAAGTGGTCAG-1,1
TGCATGACAGTACTAC-1,4
TGCATGAGTAGTCCTA-1,6
TGCATGAGTGCTCCGA-1,1
TGCATGAGTGGAACCA-1,1
TGCATGATCGTTCAGA-1,3
TGCCGAGAGCAATTCC-1,5
TGCCGAGAGGTACCTT-1,2
TGCCGAGCAATTCTCT-1,1
TGCCGAGCACTCAAGT-1,6
TGCCGAGGTATATGGA-1,1
TGCCGAGGTCAGCTTA-1,2
TGCCGAGTCCCACAGG-1,4
TGCCGAGTCCGAGCTG-1,3
TGCGACGAGATCCCAT-1,1
TGCGACGAGGTAAGAG-1,1
TGCGACGCAACTTCTT-1,3
TGCGACGCAAGGAGTC-1,2
TGCGACGCATGAGAAT-1,1
TGCGACGTCCACGGAC-1,1
TGCGACGTCCCTCGTA-1,5
TGCGACGTCTCACCCA-1,1
TGCGACGTCTCGCGTT-1,1
TGCGATAAGAGAGGGC-1,1
TGCGATAAGTCAACAA-1,1
TGCGATACAGCGTGCT-1,1
TGCGATAGTTACAGCT-1,6
TGCGATAGTTTGAAAG-1,2
TGCGATATCACTGAAC-1,1
TGCGGCAAGCATACTC-1,3
TGCGGCAAGCGTTACT-1,6
TGCGGCACAAGTTCCA-1,1
TGCGGCACAGCTACAT-1,4
TGCGGCACATTCACCC-1,1
TGCGGCAGTCACTTCC-1,5
TGCGGCAGTCGCCTAG-1,3
TGCGGCAGTGTAGGAC-1,2
TGCGGCATCCTGGTCT-1,3
TGCGGCATCCTTATAC-1,4
TGCGGCATCTCCGTGT-1,2
TGCGGGTGTCATACCA-1,2
TGCGGGTTCAAGCTTG-1,1
TGCGGGTTCTAGACAC-1,5
TGCTCCAAGACTGAGC-1,4
TGCTCCAAGTATGACA-1,6
TGCTCCAAGTGTACCT-1,3
TGCTCCAGTGGATGAC-1,4
TGCTCGTAGCAGGTCA-1,1
TGCTCGTAGGGAGTTC-1,3
TGCTCGTCACCATATG-1,2
TGCTCGTGTCAATCTG-1,1
TGCTCGTGTTCGTGCG-1,1
TGCTGAATCACTCCGT-1,5
TGCTTCGAGTTCTCTT-1,3
TGCTTCGCAACCAACT-1,3
TGCTTCGCAGGCGAAT-1,6
TGCTTCGTCTTAATCC-1,2
TGCTTGCAGAGAAGGT-1,2
TGCTTGCAGCTACGTT-1,4
TGCTTGCCAGTAGAAT-1,4
TGCTTGCCATGTTACG-1,3
TGCTTGCGTAGGTTTC-1,5
TGCTTGCGTCTGGTTA-1,5
TGCTTGCGTGCAGTGA-1,3
TGCTTGCGTTACCCAA-1,5
TGCTTGCTCGACGAGA-1,1
TGCTTGCTCGTCGACG-1,2
TGGAACTAGATGTTAG-1,3
TGGAACTAGCAGTAAT-1,1
TGGAACTGTGCAGATG-1,1
TGGAACTGTTAAGACA-1,2
TGGAACTTCCAAGCTA-1,5
TGGAACTTCCTTCTTC-1,6
TGGAACTTCTGAGCAT-1,1
TGGAGAGAGCATGTTC-1,3
TGGAGAGGTCGTATTG-1,3
TGGAGAGTCATCGCTC-1,3
TGGAGGAAGGCGAAGG-1,5
TGGAGGAAGTCCCAAT-1,1
TGGAGGACAACAACAA-1,1
TGGAGGACACAAGCAG-1,5
TGGAGGACACATACTG-1,1
TGGAGGAGTCGCATGC-1,5
TGGAGGAGTGGTCCGT-1,1
TGGAGGATCACTGGTA-1,1
TGGATCACAATGCAAA-1,3
TGGATCACATGCGTGC-1,5
TGGATCATCCGAGTGC-1,3
TGGATGTCAAGAGTGC-1,1
TGGATGTCAGAGTTGG-1,4
TGGATGTCAGTGCGCT-1,1
TGGATGTCATCGCCTT-1,1
TGGATGTGTATGAAAC-1,1
TGGATGTGTGTCATCA-1,4
TGGCGTGAGATTAGTG-1,1
TGGCGTGAGGAAGTCC-1,4
TGGCGTGCAGGTGAGT-1,2
TGGCGTGGTCATTCCC-1,1
TGGCGTGTCCAGTACA-1,3
TGGCGTGTCGGCTGAC-1,1
TGGGAAGCAAATCAAG-1,1
TGGGAAGCAGGTGGAT-1,1
TGGGAAGGTAGAATGT-1,3
TGGGAAGTCATGAGGG-1,5
TGGGAAGTCGATACGT-1,2
TGGGAGAAGATGAACT-1,6
TGGGAGATCAAGATAG-1,5
TGGGATTAGATCCAAA-1,2
TGGGATTAGGTGCTTT-1,6
TGGGATTCACAGACGA-1,3
TGGGATTCAGCTGTAT-1,2
TGGGATTGTATGTGTC-1,5
TGGGATTGTCAACGCC-1,2
TGGGATTGTTACGTAC-1,2
TGGGATTTCACGAGGA-1,2
TGGGATTTCAGCGTCG-1,3
TGGGATTTCATATGGC-1,6
TGGGATTTCATGGCCG-1,5
TGGGATTTCCCATTTA-1,4
TGGGATTTCTGCGAGC-1,1
TGGGCGTAGCGCCGTT-1,6
TGGGCGTAGTAGATCA-1,4
TGGGCGTGTCTGTGAT-1,1
TGGGCGTTCAGATTGC-1,1
TGGGCTGCAATATCCG-1,3
TGGGCTGGTTCGGTAT-1,2
TGGGCTGTCCAACCGG-1,6
TGGGCTGTCGGTTGTA-1,1
TGGGCTGTCTTGCGCT-1,5
TGGGCTGTCTTTCCAA-1,2
TGGGTTACAAACTCTG-1,1
TGGGTTACACGTCTCT-1,4
TGGGTTACATCGCTGG-1,6
TGGGTTAGTCGGCTAC-1,2
TGGGTTAGTGAGAGGG-1,1
TGGGTTATCATGAAAG-1,4
TGGTACAAGGAGTCTG-1,1
TGGTACACAATCACGT-1,2
TGGTACACAGACAAAT-1,4
TGGTACAGTAGCCCTG-1,2
TGGTACAGTCTTCAAG-1,4
TGGTACAGTTCCGCGA-1,3
TGGTAGTAGATGACCG-1,6
TGGTAGTAGGGATCAC-1,1
TGGTAGTCATCGTGCG-1,2
TGGTGATAGGACACTG-1,1
TGGTGATGTCTCGGAC-1,4
TGGTGATGTGGCTGCT-1,4
TGGTGATTCCCATTTA-1,1
TGGTGATTCCTGGGAC-1,2
TGGTGATTCTTCCTAA-1,5
TGGTTAGAGCCTCTGG-1,3
TGGTTAGAGTGTGTTC-1,1
TGGTTAGCAATACGAA-1,1
TGGTTAGTCAAAGACA-1,4
TGGTTAGTCACCACAA-1,3
TGGTTAGTCGAACGCC-1,6
TGGTTAGTCTGTGCGG-1,4
TGTAACGGTACAGGTG-1,1
TGTAACGTCACTACGA-1,1
TGTAACGTCACTGTTT-1,1
TGTAACGTCATGCCCT-1,4
TGTAACGTCCATTCGC-1,1
TGTAAGCAGAGCAAGA-1,2
TGTAAGCAGGCCCACT-1,4
TGTAAGCAGGTCCTGC-1,6
TGTAAGCGTCAGTTTG-1,3
TGTAAGCTCAATCCAG-1,2
TGTAAGCTCATACGGT-1,1
TGTAAGCTCCGGTTCT-1,5
TGTACAGAGCTGTTAC-1,5
TGTACAGGTAGAGATT-1,4
TGTACAGTCAACTGGT-1,1
TGTACAGTCCAGGACC-1,1
TGTACAGTCGCTTGAA-1,1
TGTAGACCAACCCTCT-1,1
TGTAGACCAGCGACAA-1,5
TGTAGACGTAATGCGG-1,2
TGTAGACGTCCACACG-1,1
TGTAGACGTCTAGTGT-1,1
TGTAGACGTTTGTGGT-1,2
TGTCAGAAGAAACCAT-1,1
TGTCAGAAGAACAGGA-1,5
TGTCAGAAGTAAGCAT-1,4
TGTCAGAAGTGGCGAT-1,1
TGTCAGAAGTTGTCAC-1,4
TGTCAGACACTAGGCC-1,5
TGTCAGACATCTATCT-1,2
TGTCAGAGTACAACGG-1,2
TGTCAGATCCTAGCTC-1,5
TGTCCACAGCCTCTCT-1,3
TGTCCACTCCGCAACG-1,2
TGTCCCAAGACATAAC-1,5
TGTCCCAAGTGGTTGG-1,4
TGTCCCACATAGTCAC-1,4
TGTCCCAGTGACTGTT-1,6
TGTCCTGCACTAGTAC-1,2
TGTCCTGCAGGTGACA-1,1
TGTCCTGCAGTAGTGG-1,1
TGTCCTGGTCATTGCA-1,3
TGTCCTGGTTGGGTAG-1,4
TGTCCTGTCTGCATAG-1,5
TGTGAGTAGTTGTCGT-1,1
TGTGAGTCACGACCTG-1,2
TGTGAGTGTCTAGGCC-1,6
TGTGATGCAAGAGTAT-1,5
TGTGATGCATTCACCC-1,5
TGTGATGTCAGTCACA-1,2
TGTGATGTCCCAAGCG-1,1
TGTGATGTCCGAGCTG-1,3
TGTGCGGAGCACGATG-1,5
TGTGCGGCAGTGGCTC-1,1
TGTGCGGGTCCACACG-1,5
TGTGGCGAGAACCGCA-1,3
TGTGGCGAGCGTATGG-1,4
TGTGGCGAGCTGCGAA-1,3
TGTGGCGAGGTCCCGT-1,4
TGTGGCGAGTTAGTGA-1,1
TGTGGCGGTGGTTTAC-1,1
TGTGGCGTCATCCCGT-1,4
TGTGGCGTCCCGATCT-1,3
TGTGGCGTCCTAAGTG-1,4
TGTGTGAAGTATGAAC-1,3
TGTGTGAAGTGCAACG-1,3
TGTGTGAAGTTAACAG-1,6
TGTGTGAAGTTGGCTT-1,5
TGTGTGACAAGAGGTC-1,6
TGTGTGACACCAGACC-1,1
TGTTACTAGCATATGA-1,4
TGTTACTCAATTGCTG-1,4
TGTTACTCAGCTTTCC-1,2
TGTTACTGTCAAAGTA-1,1
TGTTACTGTTGGACTT-1,1
TGTTACTTCATGCATG-1,4
TGTTACTTCATTTACC-1,1
TGTTACTTCTCACCCA-1,5
TGTTCATAGGAGATAG-1,4
TGTTCATCAACCGGAA-1,1
TGTTCATCATGACGAG-1,5
TGTTCATTCTAGAACC-1,1
TGTTCCGCAAATAGCA-1,1
TGTTCCGCAGCGGTTC-1,1
TGTTCCGCATGAGTAA-1,5
TGTTCCGGTATCATGC-1,1
TGTTCCGGTCGAATGG-1,5
TGTTCCGGTGAAGCGT-1,4
TGTTCTAAGGTCACTT-1,4
TGTTCTACACTGGATT-1,1
TGTTCTAGTACTCCGG-1,5
TGTTCTAGTCGTCTCT-1,3
TGTTCTAGTGCATACT-1,1
TGTTCTATCGATAACC-1,2
TGTTCTATCTCAGGCG-1,5
TGTTGAGAGGTTAAAC-1,1
TGTTGAGCAGCAAGAC-1,1
TGTTGAGGTCTCAGAT-1,2
TGTTGAGGTTCCACAA-1,3
TGTTGAGTCCGAGCTG-1,1
TGTTGAGTCGTTCTCG-1,3
TGTTGAGTCTACGGGC-1,6
TGTTGAGTCTGCATGA-1,1
TGTTGGAAGTTCATGC-1,1
TGTTGGAGTAATCAAG-1,1
TGTTGGAGTCGACTGC-1,3
TGTTGGATCCGAAATC-1,1
TGTTTGTAGGGCAAGG-1,1
TGTTTGTCAATGGCAG-1,3
TGTTTGTGTCGTCAGC-1,5
TGTTTGTTCTCATAGG-1,1
TTAATCCAGCACGGAT-1,4
TTAATCCCAGCTTCGG-1,5
TTAATCCCATCACGGC-1,6
TTAATCCGTGCAGGAT-1,6
TTAATCCTCGCACGGT-1,1
TTACAGGAGACTGGGT-1,5
TTACAGGCAAAGGGTC-1,1
TTACAGGCAACAGAGC-1,2
TTACAGGCAGACGATG-1,1
TTACAGGCAGTAGAAT-1,1
TTACAGGCAGTGTACT-1,1
TTACAGGGTCTCTCTG-1,4
TTACAGGGTCTTTCAT-1,6
TTACAGGGTGGCCCAT-1,4
TTACAGGGTTTACTGG-1,4
TTACAGGTCATGAAAG-1,4
TTACAGGTCGGACGTC-1,2
TTACAGGTCTACTGCC-1,3
TTACCATAGATAACGT-1,2
TTACCATCACTGGCCA-1,1
TTACCATTCTGGAAGG-1,1
TTACCGCAGCAAATCA-1,4
TTACCGCAGGATCACG-1,2
TTACCGCCACACGTGC-1,4
TTACCGCCACGAAAGC-1,1
TTACCGCCACTATGTG-1,6
TTACCGCGTCACTGAT-1,1
TTACCGCTCGTCCATC-1,3
TTACCGCTCTGTACAG-1,3
TTACCGCTCTTGGTGA-1,3
TTACGCCAGACGGATC-1,2
TTACGCCCAAGGTTGG-1,3
TTACGCCCAATCCTTT-1,6
TTACGCCCACCCTATC-1,5
TTACGCCGTATCGTTG-1,1
TTACGTTAGCGAACTG-1,1
TTACTGTAGACTACGG-1,3
TTACTGTAGAGATCGC-1,4
TTACTGTGTAGAATAC-1,5
TTACTGTGTCTCTCAC-1,6
TTACTGTGTGTGAGCA-1,2
TTACTGTGTTCAGTAC-1,2
TTACTGTTCAGCCCAG-1,2
TTACTGTTCTATTTCG-1,3
TTAGGCAAGCGATCGA-1,1
TTAGGCACATCTCCCA-1,3
TTAGGCAGTTAGAGAT-1,3
TTAGGCATCCCTCTTT-1,2
TTAGGGTAGAGCGACT-1,5
TTAGGGTAGGAACGAA-1,3
TTAGGGTAGGCGCTTC-1,3
TTAGGGTGTAGAGATT-1,2
TTAGGGTGTATCACGT-1,1
TTAGGGTGTGGATTTC-1,2
TTAGGGTGTTTAGACC-1,5
TTAGGGTTCTTACCAT-1,4
TTAGTCTCAATACGAA-1,2
TTAGTCTCATGAATAG-1,4
TTAGTCTTCAGGTAAA-1,2
TTATTGCAGGACTAAT-1,6
TTATTGCAGTTCCGTA-1,2
TTATTGCCACCATAAC-1,4
TTATTGCGTCACATTG-1,3
TTATTGCGTGGACCAA-1,1
TTATTGCGTTATTCTC-1,4
TTCAATCAGTCTTCGA-1,2
TTCAATCGTGCAACGA-1,3
TTCAATCGTTTCGTAG-1,1
TTCACCGAGGTAGCCA-1,1
TTCACCGAGTTCCATG-1,1
TTCACCGCAAAGGTTA-1,5
TTCACCGCAGAGCGTA-1,5
TTCACCGGTCCACGCA-1,1
TTCACCGGTCTCAAGT-1,2
TTCACCGGTTTATGCG-1,2
TTCACCGTCAAGCCAT-1,2
TTCACCGTCATGAAAG-1,1
TTCACCGTCTACTGCC-1,4
TTCACGCAGGAAACGA-1,5
TTCACGCCAGGGTTGA-1,2
TTCACGCCAGTCAGTT-1,4
TTCACGCTCAAGTTGC-1,1
TTCACGCTCCGTTTCG-1,6
TTCAGGACAACCTATG-1,3
TTCAGGACAATCTGCA-1,6
TTCAGGACAGAGCGTA-1,1
TTCAGGACAGAGTTGG-1,3
TTCAGGATCACGATCA-1,4
TTCAGGATCGGTCAGC-1,3
TTCATGTAGCGGTATG-1,3
TTCATGTAGGTAGATT-1,5
TTCATGTAGTAGTCCT-1,3
TTCATGTCACAAGCCC-1,2
TTCATGTGTAACTGCT-1,2
TTCATGTGTATGCAAA-1,4
TTCATGTGTCTACGTA-1,3
TTCATGTTCCAATGCA-1,1
TTCATGTTCGAAGGAC-1,4
TTCATTGGTAGACACG-1,4
TTCATTGGTTGAGTCT-1,1
TTCATTGTCCTAACAG-1,4
TTCATTGTCGTGGCTG-1,1
TTCATTGTCTTTGCAT-1,2
TTCCAATAGATCCTAC-1,1
TTCCAATAGCGGTAAC-1,5
TTCCAATCACGGTGCT-1,5
TTCCAATCAGTGAGCA-1,2
TTCCACGAGACTGTTC-1,4
TTCCACGAGAGACAAG-1,2
TTCCACGAGCCTAGGA-1,1
TTCCACGAGGTATAGT-1,1
TTCCACGCATATACCG-1,5
TTCCACGCATTGTCGA-1,6
TTCCACGGTTATCTGG-1,1
TTCCACGTCAAACTGC-1,4
TTCCACGTCTCGTTTA-1,2
TTCCGGTCACTACTTT-1,2
TTCCGGTCAGGCGATA-1,1
TTCCGGTGTCTTGGTA-1,6
TTCCGGTTCACCATCC-1,1
TTCCGGTTCAGCCTCT-1,6
TTCCGGTTCTCGCGTT-1,4
TTCCGTGAGAAGTCCG-1,1
TTCCGTGAGTAGAGTT-1,1
TTCCGTGCACGCAGTC-1,2
TTCCGTGCATTCAGGT-1,2
TTCCGTGGTATCGTAC-1,4
TTCCGTGTCAGAACCT-1,5
TTCCGTGTCGTTCATT-1,4
TTCCTAAAGGTCCGAA-1,5
TTCCTAAAGTGATGGC-1,5
TTCCTAAGTGCCGTTG-1,4
TTCCTAAGTTACCTGA-1,5
TTCCTAATCCCACAGG-1,4
TTCCTCTAGGGAGTGG-1,5
TTCCTCTCAACTACGT-1,3
TTCCTCTCAGCACAGA-1,5
TTCCTCTTCTTAGCCC-1,5
TTCCTTCAGTAAAGCT-1,2
TTCCTTCTCAGCATTG-1,3
TTCGATTCAGACAAAT-1,2
TTCGATTGTGGCCCAT-1,4
TTCGATTTCCCTCTTT-1,2
TTCGATTTCGTCGGGT-1,1
TTCGCTGAGGGCTTCC-1,4
TTCGCTGCACTAGAGG-1,1
TTCGCTGCAGTCGAGA-1,1
TTCGCTGGTAGAGATT-1,3
TTCGCTGGTCGGCTAC-1,1
TTCGCTGTCAACTACG-1,3
TTCGCTGTCCCTGTTG-1,4
TTCGGTCCACTCATAG-1,1
TTCGGTCCAGCATGCC-1,1
TTCGGTCGTCTTCAAG-1,1
TTCGGTCTCTCGTTTA-1,4
TTCTAACAGGCGTTAG-1,5
TTCTAACAGTATAGAC-1,2
TTCTAACAGTCACGAG-1,3
TTCTAACCAAAGGATT-1,2
TTCTAACCACCTTCGT-1,4
TTCTAACCAGGCCTGT-1,1
TTCTAACCATCCTTCG-1,3
TTCTAACGTAGAATAC-1,2
TTCTAACGTAGGTGCA-1,3
TTCTAACTCAAACGTC-1,3
TTCTAGTAGCAGCAGT-1,3
TTCTAGTAGCAGCCCT-1,4
TTCTAGTAGCAGCCTC-1,4
TTCTAGTAGTCATGGG-1,4
TTCTAGTTCGGTTGTA-1,1
TTCTCTCAGAGGTGCT-1,5
TTCTCTCGTACTCGAT-1,2
TTCTCTCTCAAGCCAT-1,2
TTCTCTCTCACTGTTT-1,4
TTCTCTCTCTAGTCAG-1,5
TTCTGTAAGGTGCTAG-1,4
TTCTGTAGTCTACTGA-1,1
TTCTGTAGTGTTTACG-1,1
TTCTTCCAGGTACAAT-1,2
TTCTTCCCAATCAAGA-1,3
TTCTTCCCACGGTGAA-1,2
TTCTTCCGTCACCCTT-1,6
TTCTTCCGTCGCGTTG-1,3
TTCTTCCGTTGAGGAC-1,1
TTCTTGAAGAGGCCAT-1,5
TTCTTGAAGTGACACG-1,1
TTCTTGACAACACGTT-1,2
TTCTTGAGTTAGGCTT-1,1
TTGAACGAGCGTTAGG-1,5
TTGAACGAGTAACAGT-1,4
TTGAACGCAACACAAA-1,3
TTGAACGGTACGCGTC-1,1
TTGAACGGTTCTATCT-1,3
TTGAACGTCGTAGCTA-1,5
TTGAACGTCGTTCCCA-1,1
TTGACCCAGGCCACCT-1,2
TTGACCCTCACTTATC-1,1
TTGACCCTCGCATTAG-1,2
TTGAGTGAGGGATCAC-1,2
TTGAGTGAGTCGGGAT-1,1
TTGAGTGAGTTACGGG-1,4
TTGAGTGCAACTTGGT-1,1
TTGAGTGGTGGGCTTC-1,1
TTGAGTGTCACGAGGA-1,5
TTGAGTGTCGAGTACT-1,2
TTGAGTGTCTGGAGAG-1,1
TTGATGGAGGGCAAGG-1,4
TTGATGGAGTGGTGAC-1,1
TTGATGGCAGAAGTGC-1,1
TTGATGGCAGGCGTTC-1,3
TTGATGGGTCTACGAT-1,3
TTGATGGGTTTAGAGA-1,1
TTGATGGTCTCGTCAC-1,5
TTGATGGTCTCTGCTG-1,4
TTGCATTAGAGGTATT-1,4
TTGCATTAGGCACTAG-1,2
TTGCATTCACTTGGGC-1,3
TTGCATTGTGGCATCC-1,5
TTGCATTTCCCGAAAT-1,5
TTGCCTGAGCAATTAG-1,1
TTGCCTGGTACAGAAT-1,2
TTGCCTGGTAGGTCAG-1,1
TTGCGTCAGGGCAATC-1,4
TTGCGTCAGTAGGGTC-1,1
TTGCGTCCATCGCTCT-1,5
TTGCGTCTCAAGAGGC-1,3
TTGCGTCTCACCTTAT-1,4
TTGCTGCAGACGATAT-1,4
TTGCTGCAGCGTTGTT-1,4
TTGCTGCAGCTAAATG-1,1
TTGCTGCTCTGGGCGT-1,1
TTGGATGGTCAAACGG-1,1
TTGGATGGTCACTCAA-1,1
TTGGATGGTGCGTTTA-1,1
TTGGATGTCCAGTGCG-1,1
TTGGGATAGACGACTG-1,3
TTGGGATAGGTGCGAT-1,4
TTGGGATGTGTTCAGT-1,1
TTGGGATGTTGCATAC-1,4
TTGGGCGCAGCCCAGT-1,1
TTGGGCGCATGAAAGT-1,3
TTGGGCGTCATCAGTG-1,4
TTGGGCGTCCAGTGTA-1,3
TTGGGTATCCTAAGTG-1,5
TTGGGTATCCTGCTAC-1,1
TTGGGTATCTAGACAC-1,3
TTGGGTATCTCTGAGA-1,3
TTGGTTTAGCTAAACA-1,2
TTGGTTTCAAACTAAG-1,1
TTGGTTTGTCTTGCGG-1,4
TTGGTTTTCTGCGAGC-1,2
TTGTGGAAGTTGCATC-1,4
TTGTGGACACCCTAAA-1,5
TTGTGGACACCTGCAG-1,3
TTGTGGACATCATGAC-1,5
TTGTGGACATGCCGGT-1,4
TTGTGGACATGGACAG-1,3
TTGTGGAGTACGTGTT-1,1
TTGTGGATCATCGCCT-1,4
TTGTGGATCCGTGTCT-1,5
TTGTGGATCCTATGGA-1,4
TTGTGTTAGTCACTAC-1,3
TTGTGTTAGTCATGGG-1,3
TTGTGTTCAAATCAGA-1,3
TTGTGTTCAGACAAAT-1,1
TTGTGTTGTAACCCTA-1,1
TTGTGTTGTATCGGTT-1,5
TTGTGTTGTGATTCAC-1,2
TTGTGTTGTGGTAACG-1,1
TTGTGTTTCCCTCTCC-1,1
TTGTTCAAGAGCTGAC-1,1
TTGTTCAAGCATGGGT-1,5
TTGTTCAAGCGACTGA-1,5
TTGTTCAAGGATCATA-1,3
TTGTTCAAGTTCCGGC-1,3
TTGTTCACAACCAATC-1,2
TTGTTCACAGAACTTC-1,4
TTGTTCACATACTGAC-1,5
TTGTTCAGTGCACGCT-1,3
TTGTTCATCACTTATC-1,6
TTGTTGTAGACTGTTC-1,5
TTGTTGTAGATGCTTC-1,3
TTGTTGTAGCACTGGA-1,6
TTGTTGTAGGTGAGCT-1,1
TTGTTGTAGTCGCCAC-1,3
TTGTTGTCACATTCTT-1,2
TTGTTGTCACTGGACC-1,5
TTGTTGTCATGCCATA-1,1
TTGTTGTTCCAATGCA-1,3
TTGTTGTTCCTTGAAG-1,4
TTGTTGTTCGTACCTC-1,2
TTGTTGTTCTTGCGCT-1,6
TTGTTTGAGAGTCCGA-1,1
TTGTTTGAGCAGGCTA-1,2
TTGTTTGAGGATATAC-1,5
TTGTTTGCAGCTAACT-1,1
TTGTTTGTCAAGCCGC-1,4
TTGTTTGTCCAAGCCG-1,4
TTGTTTGTCCTGTTAT-1,2
TTGTTTGTCGACATAC-1,6
TTGTTTGTCGCTGATA-1,1
TTTACCACACGGCACT-1,3
TTTACCACAGTTAGGG-1,6
TTTACCACATCCGTGG-1,1
TTTACCAGTACCTATG-1,2
TTTACCAGTCGGAAAC-1,6
TTTACCATCTATCGCC-1,4
TTTACGTAGCGCCGTT-1,1
TTTACGTAGGGTGAGG-1,5
TTTACGTAGTAGCCAG-1,1
TTTACGTGTCACAATC-1,4
TTTACTGCATTATGCG-1,6
TTTACTGGTACCAGAG-1,3
TTTACTGGTATGAGAT-1,1
TTTACTGTCGTGCACG-1,5
TTTAGTCAGGATGAGA-1,5
TTTAGTCCAATACGCT-1,1
TTTAGTCTCGCAGTCG-1,3
TTTAGTCTCTGCGATA-1,5
TTTAGTCTCTGGTCAA-1,3
TTTATGCAGACAGCTG-1,1
TTTATGCAGCTGGTGA-1,6
TTTATGCAGGCTAGCA-1,1
TTTATGCGTAGGACCA-1,1
TTTATGCTCACACCGG-1,3
TTTATGCTCGTGTTCC-1,1
TTTCACAAGCTAGAAT-1,2
TTTCACAGTACCCACG-1,1
TTTCACAGTGTTGCCG-1,1
TTTCACATCAAGCTGT-1,2
TTTCACATCTACTGAG-1,1
TTTCACATCTCACTCG-1,3
TTTCAGTAGCGAAACC-1,3
TTTCAGTCAAACACGG-1,4
TTTCAGTTCATGAGAA-1,1
TTTCAGTTCCATTCAT-1,2
TTTCATGCAGTTGGTT-1,2
TTTCATGCATGAAAGT-1,1
TTTCATGGTTCCAAAC-1,2
TTTCATGTCTTAAGGC-1,2
TTTCCTCAGGATCACG-1,2
TTTCCTCCAATCGCAT-1,6
TTTCCTCGTAAGACCG-1,1
TTTCCTCGTTGTGCAT-1,4
TTTCCTCTCCATACAG-1,4
TTTCCTCTCGTGTGAT-1,3
TTTCCTCTCTCTCTTC-1,1
TTTCGATAGGTAGTCG-1,5
TTTCGATCAATACCCA-1,1
TTTCGATCACAGCCAC-1,6
TTTCGATGTCGAACAG-1,1
TTTCGATGTCGGCTAC-1,1
TTTCGATTCAACGAGG-1,4
TTTCGATTCATTTGGG-1,4
TTTCGATTCGGAATTC-1,2
TTTGACTGTAAGGCTG-1,1
TTTGACTGTAGCTCGC-1,3
TTTGACTGTCTCCCTA-1,6
TTTGACTGTTGTGCCG-1,3
TTTGATCAGACCATAA-1,5
TTTGATCCAAATGCTC-1,4
TTTGATCCAGGTAGTG-1,3
TTTGATCCATACGCAT-1,2
TTTGATCGTACTCGTA-1,6
TTTGATCGTATCCTTT-1,2
TTTGATCGTGGAGAAA-1,1
TTTGATCTCAAGCCCG-1,4
TTTGGAGAGGGTATAT-1,2
TTTGGAGCAGACAAGC-1,4
TTTGGAGTCCCGAACG-1,2
TTTGGAGTCGTGGTAT-1,1
TTTGGAGTCTGCTTAT-1,4
TTTGGTTAGAACAGGA-1,3
TTTGGTTAGCAGATAT-1,5
TTTGGTTCACTAGGCC-1,2
TTTGGTTCAGCTACCG-1,4
TTTGGTTCAGGACATG-1,2
TTTGGTTGTACAAGCG-1,6
TTTGGTTGTCGCAGTC-1,1
TTTGGTTTCAAAGGAT-1,3
TTTGTTGAGAACGTGC-1,4
TTTGTTGGTAGGAAAG-1,1
TTTGTTGGTGCAATGG-1,1
TTTGTTGTCAAACGTC-1,2
TTTGTTGTCGCGGACT-1,5
TTTGTTGTCGCTGTCT-1,1
TTTGTTGTCGTCCATC-1,2
TTTGTTGTCTGAGATC-1,4
