Barcode,TSNE-1,TSNE-2
AAACCCAAGCTGAGCA-1,-16.823809628987373,-2.178315022315666
AAACCCAAGCTGTCCG-1,6.025371567468486,9.172993255714774
AAACCCACACAAATGA-1,-6.674468279458716,35.81823965694403
AAACCCAGTATCTTCT-1,4.408421954407934,33.503455900903866
AAACCCAGTCGATTCA-1,-30.612334784130518,-6.259898316615897
AAACGAACAGGTTCGC-1,18.40084524104629,30.021072920148626
AAACGAAGTATTTCCT-1,4.2748227673266905,-35.60256207385276
AAACGAAGTCTTGAAC-1,10.44573575655175,-3.782449328682471
AAACGAATCTCTGGTC-1,-18.5801313684285,-9.02858583172185
AAACGCTAGAGTGAAG-1,5.7265023658678995,-26.761046120196376
AAACGCTAGTCACTGT-1,5.053291736056968,3.466526062453618
AAAGAACAGAAACTGT-1,-23.533365166546755,-2.745839406744106
AAAGAACCAAAGGCGT-1,-6.371111080230665,-6.388892341036972
AAAGAACCACAAACGG-1,-14.120727361005567,-1.0379318496530137
AAAGAACCAGTCAACT-1,-1.1667322473807997,31.40261298471601
AAAGAACCATTGTCGA-1,-16.520682694253303,-15.574226139517215
AAAGAACGTACCTAAC-1,6.7391243623069075,-32.362764359794966
AAAGAACGTCGGCTAC-1,30.78186007655676,3.617066561202507
AAAGAACGTTCAGCGC-1,3.057734306924634,5.435514771149813
AAAGAACTCAAACGAA-1,-17.955825718300524,-10.265899016406298
AAAGAACTCACATACG-1,-22.4836126176075,10.389250594521984
AAAGAACTCTAGCATG-1,-12.842289877459063,-4.461583514035065
AAAGAACTCTGCCCTA-1,6.830503151772032,24.979340134099132
AAAGGATAGAAACTCA-1,5.228910886349847,7.154988240612962
AAAGGATCAAGCTACT-1,-25.02589042940385,4.657228703429907
AAAGGATCACGCAAAG-1,11.152715727436027,-30.996627957255146
AAAGGATGTACGGTTT-1,9.98996788927395,-25.750856058952298
AAAGGATTCGGACCAC-1,20.335322347047814,7.554228443585514
AAAGGGCAGGAACGAA-1,6.816278862782332,26.504897663160506
AAAGGGCAGGTTACCT-1,14.055127637085855,-11.512028551714305
AAAGGGCCAAACTAGA-1,-1.9768585797057254,24.494631776484002
AAAGGGCCAAATCAGA-1,25.775496436800335,2.785528364676651
AAAGGGCTCAATCTCT-1,18.14808511121083,2.897602922971354
AAAGGTACACGGTAGA-1,-9.128825593875769,-12.451297235647472
AAAGGTATCATACGGT-1,-27.466047203177187,1.8022859068016663
AAAGTCCAGTCGCTAT-1,-20.515776981881757,12.930607891603303
AAAGTCCCAGGTCAAG-1,-5.222658413153329,-25.74769208337642
AAAGTCCGTAACGGTG-1,-6.102417777225592,31.966715031396923
AAAGTCCGTTCCAAAC-1,-10.146978448788422,-8.948634878796025
AAAGTCCTCTGAGAGG-1,0.5183693686656418,26.76149083809733
AAAGTGAAGACCAACG-1,6.921612571658999,-34.69615200589668
AAAGTGAAGAGCCATG-1,-13.900896797660357,-8.308660435383157
AAAGTGAAGCTCTTCC-1,-14.178623371482722,-6.6758252931497495
AAAGTGACAGGAATAT-1,2.0980925116550777,17.93788973913007
AAAGTGAGTACGATGG-1,0.6675598400247087,-0.7711012703160398
AAAGTGAGTCAGTTTG-1,8.843755536610905,-33.26501353678932
AAAGTGAGTGTCGATT-1,2.1546289662788527,27.6860988703904
AAAGTGATCACTGTTT-1,-10.898118653791949,5.159201255398089
AAATGGACATGAAGCG-1,3.2822373923999133,-16.374474621593787
AAATGGAGTGAATGAT-1,-4.506353850165119,-34.96891128316695
AAATGGAGTGAGTAGC-1,10.377005999824181,-12.097396896681106
AAATGGAGTTCGCGTG-1,21.055228562003048,-15.27837622399022
AAATGGATCCTCACTG-1,2.584644005179272,18.02652716563076
AACAAAGAGATTGTGA-1,19.819473793806317,-6.3029984523836795
AACAAAGAGTTGCGCC-1,8.246655533121126,-31.5320959144161
AACAAAGCACACCGAC-1,-0.025816310457156707,35.414465127378904
AACAAAGGTGGTTTAC-1,8.213907640932703,2.8200852353177424
AACAAAGTCAAGAAAC-1,14.837380870931174,33.397061556903196
AACAAAGTCACGGAGA-1,10.241679258927373,-16.43727500516987
AACAACCAGGAAGAAC-1,11.037322344071889,-29.762218854853398
AACAACCAGGCTAACG-1,-2.7969971412673402,9.190645526102138
AACAACCCAGCAGTGA-1,-10.27238628566615,-20.624133722721822
AACAACCGTTTACGAC-1,-9.362744377129497,-33.92214231776389
AACAACCGTTTCTATC-1,-20.597141574942757,4.292220289420219
AACAAGAAGAGCAGAA-1,0.9427080640172021,45.75654048616059
AACAAGAAGGCATCAG-1,-7.122731553829583,-11.238473063226044
AACAAGAAGTAGAGTT-1,16.42668908658808,-15.671915666279045
AACAAGAAGTTCATGC-1,-8.323828142030363,-15.561614642371223
AACAAGACACTGCATA-1,1.5230386919452594,-9.074413406496273
AACAAGACAGGAATAT-1,3.6456370299154277,30.70197933257342
AACAAGAGTAATTAGG-1,10.279356894071407,3.636463458932783
AACAAGAGTGTTACAC-1,-7.326820820378223,-25.947149833416354
AACAAGAGTTATGACC-1,-4.34585283958332,-6.1888270878859695
AACAAGATCGCCTATC-1,11.572983334656799,-13.523701897155313
AACAAGATCGGTGTTA-1,13.768933550491285,3.5638655550469602
AACACACCAGAGCTAG-1,-9.568646628527556,-32.41844982538162
AACAGGGAGACTAGAT-1,20.7581867402457,-21.93762892291936
AACAGGGAGCGGATCA-1,8.48121862539722,5.01642850402289
AACAGGGAGCGTATGG-1,-13.031255083094704,-12.757719534093997
AACAGGGAGTTGCCTA-1,-21.11848355361535,-21.526331090468314
AACAGGGCAGAAGTTA-1,-18.18295961067394,-9.789674163184607
AACAGGGCAGCACAAG-1,-22.481221800857536,-4.4327539101977065
AACAGGGGTCGACTTA-1,4.439893385324326,-18.595237256261505
AACAGGGGTTAGAGAT-1,-12.702913542654276,17.525908787883587
AACAGGGTCATTCACT-1,2.353776125240349,12.844730627874346
AACCAACAGCTGGCCT-1,-15.746131308192147,3.100169431650028
AACCAACAGTAAGAGG-1,-29.235226250027033,-1.671211137947613
AACCAACGTCAAGGCA-1,15.706794216014503,29.240337873991223
AACCAACGTGGAAATT-1,11.009677950849193,34.65844873407761
AACCAACGTTGGCTAT-1,-17.71149177457184,-11.545148980832103
AACCAACTCGATGCAT-1,-18.902009914512405,13.575528690801553
AACCACAAGCTCACTA-1,-4.598518952206094,32.29166375796148
AACCACAGTGCGCTCA-1,29.65892433403962,4.654880426046144
AACCACAGTTGAGTCT-1,-19.89142700641263,-9.18847698837944
AACCATGAGGATATAC-1,-26.810281064159128,4.446615587957299
AACCATGCAAACTCTG-1,-5.608261798644316,-11.65074187183258
AACCATGCATACTTTC-1,-18.194953236368704,-26.667560227268606
AACCATGCATGGGAAC-1,21.834022060051883,-17.590952432475294
AACCATGGTCCGATCG-1,9.475701634550077,-12.229166696376623
AACCATGGTTCAGTAC-1,-6.463967350705697,-22.316165704362902
AACCATGTCGGCTGGT-1,-7.330984034938405,-7.107779033963952
AACCCAAAGGTTCACT-1,-4.5008243904813625,-12.946334490592063
AACCCAACAGACGGAT-1,16.375369318143917,-13.476753985943818
AACCCAAGTGGGAGAG-1,6.6146623772327855,-32.04320982543499
AACCCAATCACTGATG-1,1.104580519004845,-9.152862624686298
AACCCAATCCCATTCG-1,20.741820483233838,4.806941668055923
AACCTGAAGACCCTTA-1,15.322764961549739,9.955817384844712
AACCTGAAGCTAGTTC-1,22.54541772290193,-13.548508352961921
AACCTGAGTACACTCA-1,14.813122307904607,12.296971802231148
AACCTGATCGTTAGTG-1,-1.8481436398994486,-31.37362516642041
AACCTTTCACCGTACG-1,-1.6791926668968613,35.197872993439695
AACCTTTGTATCGCTA-1,-5.117442841750724,-13.67282721258786
AACCTTTGTCAACACT-1,5.583680158851553,13.17079776872071
AACCTTTGTTCCGCTT-1,-13.295335349467774,-21.13094243201922
AACCTTTGTTTCGTGA-1,-8.11499504870653,-25.93117225612388
AACGAAAAGATAGGGA-1,-22.568772001606696,-19.65572129172099
AACGAAAAGCCATCCG-1,-10.06794688292873,-3.8363967771119896
AACGAAAAGTGATTCC-1,16.287487131482813,34.939522641758096
AACGAAACAATGCAAA-1,-0.6319486445122394,30.637964739567643
AACGAAACAGCTTCCT-1,-19.432896732870173,-3.8065367583480025
AACGAAAGTGCGAACA-1,-11.0145955452205,-19.42887922893046
AACGAAAGTGTCCCTT-1,-2.7314283870223446,-20.887779791590752
AACGAAATCAAAGAAC-1,15.217879188660453,-3.6863460999585858
AACGGGAAGCACTCAT-1,4.8767883993861005,-16.551028807375605
AACGGGAAGGGATCAC-1,16.113811254395163,4.573879482960508
AACGGGACAGTGTACT-1,3.5065324303201857,-20.359733902803306
AACGGGACATTCTCCG-1,3.295320513666751,-15.97839994120379
AACGTCAAGGTCTTTG-1,-22.805098989512533,-12.167641886563269
AACGTCAAGTAAGGGA-1,0.15627826218917223,-29.82025375372494
AACGTCACAATTTCGG-1,-11.343823345211643,-15.423383849686276
AACGTCACACGGCGTT-1,-3.64114084792819,-4.630048759352487
AACGTCACACTACGGC-1,-12.589075085903808,0.15700072152530056
AACGTCACACTGTCCT-1,-21.439850329801068,8.812166843524482
AACGTCACAGGCATTT-1,7.863306337735328,-34.656203098403815
AACGTCACATTAGGCT-1,0.04314334653550829,38.44717752423257
AACGTCAGTCGATTCA-1,3.2689546360756396,6.3645304296961855
AACGTCATCGGACGTC-1,-4.721725350889493,-13.608475931830785
AACGTCATCGGTAAGG-1,-6.504794602719154,35.73841310005718
AACGTCATCTGGTTGA-1,-19.59185084627359,-23.48648709394705
AACTTCTCAAACGGCA-1,-25.441039282203132,-18.423665588415794
AACTTCTCACCGTCTT-1,-28.143600346952674,5.298701650380605
AACTTCTGTACTCGAT-1,-8.338303637921745,-25.937064316835365
AACTTCTGTCTTGTCC-1,7.879684688066262,44.277422421450325
AACTTCTGTGCTGATT-1,-9.313947441079952,0.5402591503594479
AACTTCTTCACTCCGT-1,-8.136558939302809,8.797579299567703
AACTTCTTCAGTCCGG-1,-10.223452210647492,11.150508864375258
AACTTCTTCCTCTGCA-1,15.069848993362108,-22.636615045442202
AACTTCTTCTACACTT-1,1.345670645984898,-2.950237943095187
AACTTCTTCTGCCTCA-1,6.339310561726761,43.74925594603211
AAGAACACAATAACGA-1,19.99065718930287,-0.7215012769256884
AAGAACACAGATAAAC-1,-4.409685090692425,6.354446670810013
AAGAACACAGTCAGAG-1,-4.45567191018922,-2.5679886354137165
AAGAACACATTGCCGG-1,6.93568946307939,19.831142646195815
AAGAACAGTAAGCGGT-1,9.136620777840779,-17.738818556701474
AAGACAAAGCTGCGAA-1,27.134022264063404,-8.25438950175631
AAGACAAAGGAAACGA-1,27.2261901342736,-12.125244580496366
AAGACAACATCGCTGG-1,-29.408744279541075,3.3656382346454614
AAGACAAGTCTCAAGT-1,5.843024912728429,28.18924007500712
AAGACTCAGATAACGT-1,-20.478040472412,-1.7991237797692214
AAGACTCAGCCTCAAT-1,5.836945230564775,6.473417124202759
AAGACTCAGCTGCCAC-1,-10.007198168460393,-20.65350071379476
AAGACTCAGTACGTCT-1,12.704799133530118,11.274633370171529
AAGACTCAGTTGAAAC-1,-5.168920149475864,-35.13588586757568
AAGACTCGTAGCGCCT-1,22.80584659494451,-18.996028747299764
AAGACTCTCGGTCTAA-1,5.681900255349081,20.897212924176763
AAGATAGCAACATACC-1,20.724933707343677,4.797309800269642
AAGATAGTCTCCTGAC-1,7.028066025412772,1.567964610890445
AAGATAGTCTCTTAAC-1,13.436469620047356,5.950661674959264
AAGCATCAGACATCCT-1,-7.735991959659608,-25.479054584216886
AAGCATCAGATTGATG-1,25.694548900985353,-17.98292216640867
AAGCATCAGCATAGGC-1,-3.5938979776822086,-23.975546852484335
AAGCATCCAAGGCGTA-1,9.335348606892362,-6.274810938378696
AAGCATCCAGATTCGT-1,-2.76642740726296,28.642857973323
AAGCATCCATACACCA-1,-6.367991977577837,3.309931317002595
AAGCATCGTTAAAGTG-1,-8.799962195759504,-17.59867765079156
AAGCATCGTTTCAGAC-1,-4.473673993304072,-10.870203742436926
AAGCATCTCAAGCTGT-1,-4.68354661654744,26.268526151829807
AAGCATCTCGGAAACG-1,8.055320248538829,-6.8019025280371945
AAGCATCTCGTGCATA-1,17.587826262571706,35.11734100304328
AAGCATCTCTATGTGG-1,6.56502337278901,-12.749414532263375
AAGCCATAGGCTGAAC-1,2.8898070351353926,-4.515462007655048
AAGCCATCAGCGATTT-1,-30.845739429793365,9.999109156279742
AAGCCATGTCAATGGG-1,3.616094391253612,45.475031268134735
AAGCCATGTGACTATC-1,-28.036381379397366,-0.4027931162753205
AAGCCATGTTGCATTG-1,-6.252008036986258,-2.793547074591009
AAGCGAGAGATAACGT-1,12.65354690943641,-21.305377890517843
AAGCGAGGTAGTTAGA-1,0.14005209798927318,3.2984402504000587
AAGCGAGTCAACTACG-1,14.069673613330973,17.901964848034194
AAGCGAGTCCGGTAAT-1,-1.4158840994072563,3.6660276759135275
AAGCGAGTCCGTCACT-1,24.273571062184534,-1.6851874642753846
AAGCGAGTCTGCGTCT-1,9.650750308917823,-7.007557140610949
AAGCGTTCAATACGCT-1,10.302453587248145,-23.487447206871458
AAGCGTTGTTAGCGGA-1,-3.2220816727389594,-19.550760693432615
AAGCGTTTCCGTGCGA-1,-8.348577217645317,-20.182734016927657
AAGGAATAGTCAGGGT-1,2.049603356135933,-23.971046904508075
AAGGAATAGTGAGGCT-1,-14.967962040794982,-17.781272734480428
AAGGAATCAGACTGCC-1,-15.174938072021467,-4.876044075557611
AAGGAATCAGGCATTT-1,27.177043372629544,-4.571083028241166
AAGGAATCATTCATCT-1,2.369803192277547,12.720373129839862
AAGGAATTCCACGGGT-1,4.213390548142038,36.72212362177045
AAGGAATTCCTTTGAT-1,7.5151336865590865,-0.0672347844416995
AAGGTAAAGTTGCCTA-1,2.2330303270713596,-12.150697407998878
AAGGTAACACGAGGAT-1,0.3487000075120994,-12.053307676529645
AAGGTAACAGCGTGCT-1,-11.481559149232229,-31.898109101591707
AAGGTAACATATGAAG-1,2.914659141907419,-8.356358821073355
AAGGTAACATTGCCTC-1,1.7046097066333257,-26.338651123754445
AAGGTAAGTCGTTTCC-1,14.0814514942137,28.334983964185835
AAGTACCAGATGATTG-1,-6.297528848954707,-2.5968454543072528
AAGTACCCACAAATAG-1,0.33322318669862444,15.802763446357316
AAGTACCCAGTTCTAG-1,-3.2198621750060457,-27.299919058037446
AAGTACCTCATACGAC-1,-7.3346658169400065,1.0191568473994057
AAGTACCTCCGTAGGC-1,-10.687184601575945,-19.16937902255397
AAGTACCTCCTTCGAC-1,-0.3602621073559021,40.20224846862229
AAGTCGTTCGTGTGGC-1,24.455814016865087,2.2006236104268004
AAGTCGTTCTCAGGCG-1,12.65263710246824,-6.408223284770439
AAGTCGTTCTTGCAAG-1,13.263872658242823,36.59397568886675
AAGTGAAAGGGTTAGC-1,-22.17148189228907,2.1313116358547397
AAGTGAAAGTACAACA-1,-8.449561085494109,-4.336004039026047
AAGTGAAAGTCGAAGC-1,9.343904251320962,36.967912994970135
AAGTGAACAATCGCGC-1,8.576372806019428,28.81205292209266
AAGTGAAGTCAAATCC-1,15.433619110722853,27.441844307487433
AAGTGAAGTTCACCGG-1,-24.008309263549613,3.4095749795775805
AAGTTCGAGATAGGGA-1,13.083821099817403,30.477872234466968
AAGTTCGCAACAGTGG-1,8.803172423791164,-30.213705124799898
AAGTTCGCAAGTGTCT-1,7.140079819249609,-10.509289153212707
AAGTTCGCAATGAGCG-1,15.68492577806215,-7.0546966530236945
AAGTTCGCAGAGGAAA-1,12.8247448308749,27.795276944707613
AAGTTCGCAGCCGTCA-1,-8.377808232185338,-33.046686066298456
AAGTTCGCATGACGGA-1,-4.425896003656656,31.13828395248338
AAGTTCGGTCACTTCC-1,-5.800336747855845,-36.36307209734131
AAGTTCGTCGTCACCT-1,5.584862549018567,-31.02361790323396
AAGTTCGTCTGTACAG-1,-2.878778647799969,-34.967677572386
AATAGAGAGACTCAAA-1,18.18174340619202,1.829528740913415
AATAGAGAGGGCAATC-1,16.403608650904783,2.6903914536348132
AATAGAGCAAGTCCCG-1,15.233108846143882,-12.974605116318227
AATAGAGCAGAACTTC-1,5.372802811835204,24.42231961863914
AATAGAGCAGGAATAT-1,-5.64424888298281,-21.531828967411045
AATAGAGGTCAGTCGC-1,5.174320478255821,-21.597467082604464
AATAGAGTCATTACTC-1,12.463561594884585,6.318043130721772
AATCACGCACAATGCT-1,-14.658440456519218,6.710334161048526
AATCACGCACGACGCT-1,-13.558005702854098,19.503136993147624
AATCACGGTAACATCC-1,-5.09509547564165,-4.869016560239482
AATCACGGTTCGAAGG-1,21.27968336926668,-23.7636673523423
AATCACGGTTTCGTAG-1,-20.852693137007808,-21.49118330525996
AATCACGTCGAGAATA-1,28.46368784957574,-0.3335028593780578
AATCGACAGTCTGTAC-1,-2.705653061849197,-34.7689188373747
AATCGACCAGTAGTGG-1,-11.380053793655511,-21.17451202986226
AATCGACGTCGAACAG-1,-5.331397389914644,-16.95540837443224
AATCGACGTGTCTAAC-1,17.08039442920325,-13.179657539224221
AATCGACTCGAGAGCA-1,1.1762051443192727,-24.30788317601642
AATCGTGAGTGTTCAC-1,20.879487439355664,-11.853307485490614
AATCGTGCAAGTCCCG-1,9.523711543294734,39.74051032228391
AATCGTGCAGAGAGGG-1,-3.738370879769511,-2.7030551363147692
AATCGTGTCAACACGT-1,16.96905513647588,-4.812691765604409
AATGAAGAGAGGCGGA-1,14.3753864780761,-25.567517865793967
AATGAAGCATGAATCC-1,12.837574709155827,0.8173976899923053
AATGAAGGTCCCAAAT-1,11.275263165222468,32.57008584051592
AATGAAGGTGCACAAG-1,-36.056117404183176,1.6058158589423421
AATGAAGTCGGCTGTG-1,-6.385574539133469,-34.341870200863504
AATGACCGTACCTATG-1,15.717222987387563,23.67709539109738
AATGACCTCGCCTAGG-1,-15.632893096767338,-21.993543934118506
AATGACCTCGTAACTG-1,-30.12920619540823,-5.299723189691001
AATGCCAAGCGTCAGA-1,0.8036411241629146,-29.607219918813357
AATGCCACAAGACGAC-1,-21.794689897236044,4.402352185015541
AATGCCACATGGTGGA-1,-11.342212449654946,-28.096978132199286
AATGCCATCAAGTAAG-1,4.05924670864864,6.359839586492426
AATGGAAAGGACGCTA-1,16.228828818361773,29.12649789318539
AATGGAAAGGTAAGGA-1,-25.28850161281695,8.288229129499465
AATGGAACAACCGCTG-1,22.8852387985903,-2.4764868297133575
AATGGAACAACTCCAA-1,5.133870524064605,-16.854329902280064
AATGGAACAAGAATAC-1,2.961741719012936,23.8302395956742
AATGGAAGTATCACGT-1,9.043900737740188,-30.53624427867902
AATGGAATCGCTTAAG-1,-12.932950536181945,-7.340978040906596
AATGGCTAGAAACTAC-1,1.6792915222966023,30.49859601323833
AATGGCTAGAGGACTC-1,0.48804144796328863,-6.920203441837771
AATGGCTAGGAAAGGT-1,-19.21641166504257,-19.742906036995542
AATGGCTAGGAACGCT-1,-11.297061965456056,7.7309101494841075
AATGGCTCACTGAATC-1,-21.727791100651896,-0.11251006154054084
AATGGCTGTGTGAATA-1,15.616600465710679,3.5219686608661434
AATGGCTTCGCTGACG-1,19.26344045262833,4.49538570020412
AATGGCTTCTCGGCTT-1,-16.878806368188318,15.23871006695861
AATTCCTAGGATGCGT-1,28.44707609383515,-0.49493187354564533
AATTCCTCAGACTGCC-1,8.274143105224512,-5.541659498462822
AATTCCTCAGTTCACA-1,21.1706969579195,27.06810155961092
AATTCCTCATTGGGAG-1,3.307158565714901,25.85414567851996
AATTCCTGTTTGGGAG-1,6.344586959594289,-19.307098392062535
AATTCCTTCGCGCCAA-1,-14.980195771813673,0.2092758348361854
AATTCCTTCTGTCAGA-1,-0.29052418220145965,27.393379603656758
AATTTCCAGAAACTCA-1,-3.9197201472349397,2.5447609375355564
AATTTCCAGAGCATTA-1,3.2710599309024935,-12.631835565307227
AATTTCCAGCCTATCA-1,-18.967983323803857,4.517991782319983
AATTTCCAGTGTTGTC-1,4.298329678868496,-2.6988104732966205
AATTTCCCAACGCATT-1,-28.773390125075494,3.857689606397347
AATTTCCGTATCGTGT-1,-12.552916284754566,-27.805038782322985
AATTTCCTCCGTATGA-1,-12.602711132497715,6.819964685362918
AATTTCCTCGTCTCAC-1,-3.0493017520814614,-24.419031071645293
AATTTCCTCTCTCGAC-1,2.9188676230618267,-4.42174773837955
AATTTCCTCTGACCCT-1,-14.321106632567838,-1.5739652945714784
AATTTCCTCTTAAGGC-1,7.593644453465989,28.897246336411456
ACAAAGAAGTTATGGA-1,11.604283145792841,-9.789332394798151
ACAAAGACATGACGGA-1,-9.269205242065482,-19.723200656971137
ACAAAGATCACTCTTA-1,6.975913724606404,3.8327907343656573
ACAAAGATCATAGAGA-1,-1.2194517013691797,10.060381466045001
ACAAAGATCGATACAC-1,-13.530296381014729,-3.925785872692061
ACAAAGATCGCAGTGC-1,-8.356820925389231,-26.043757192741925
ACAACCAAGAGGCTGT-1,16.06190750969133,-10.963804536687498
ACAACCACAATAGTCC-1,-2.7875660895143404,31.806486535820994
ACAACCACACATAACC-1,-0.4034217892159181,37.441486337608545
ACAAGCTAGAGGCGGA-1,20.30441074231761,-4.831589581013017
ACAAGCTAGTTGGACG-1,-25.075976957836453,-0.45996136828469353
ACAAGCTAGTTGGGAC-1,-14.695335861873637,14.900282619325049
ACAAGCTCAATGTGGG-1,24.400802681190676,5.853358603586531
ACAAGCTTCAAACTGC-1,13.623604317964052,-1.2916585211802019
ACAAGCTTCACCATAG-1,-20.093649707501132,-23.555468771024813
ACAAGCTTCGGCCTTT-1,-0.3982153457267969,-21.786126236738284
ACAAGCTTCTCCTGCA-1,-5.627798501660835,35.700893574913835
ACACAGTAGGCGTCCT-1,-19.580920920100347,-2.1916661447207395
ACACAGTAGGGACACT-1,-22.71552063805969,0.9038987048392852
ACACAGTAGGGCTGAT-1,-3.714303003533204,-10.135898365512269
ACACAGTAGGTAAGAG-1,-9.721565997294157,-8.101654453777673
ACACAGTAGTTCCGGC-1,-3.1266348140720686,-8.332336414608609
ACACAGTCACTTGACA-1,-6.1690872016984395,-11.655963859358486
ACACAGTTCCATTGCC-1,-11.752992032876534,9.793319229802256
ACACAGTTCTAGAGCT-1,24.63694983717724,-16.547721592574742
ACACCAAAGGGAGGCA-1,17.470598122191408,-25.488432135494254
ACACCAAGTAGGTACG-1,14.74310389916364,-10.920891072527798
ACACCAATCCCTCAAC-1,7.73060556327233,39.93974748840286
ACACCAATCGTCCTTG-1,-10.342672522399347,19.41934362460058
ACACGCGAGAGGCTGT-1,0.825487856895194,-22.004331124325468
ACACGCGAGAGTTGCG-1,14.599687692072834,29.713112562632748
ACACGCGAGGAACTCG-1,-3.3415756366234084,-20.20640265570796
ACACGCGAGTAACCTC-1,-5.892762623406736,25.498633690400702
ACACGCGCAAGCCATT-1,9.63896765334919,-4.754994039755298
ACACGCGTCGCCACTT-1,16.823422740905578,4.102949745177261
ACACGCGTCTACTATC-1,-1.94735645532458,-36.709669416723294
ACACTGACAACCGACC-1,-14.628377587071443,-9.768446478348867
ACACTGACATGTGCTA-1,15.493387389937347,8.345659441791065
ACACTGAGTCACATTG-1,-23.605171636165124,-6.6412166100890815
ACACTGATCAAGTGGG-1,-1.6233048349646402,-8.128525957045678
ACACTGATCGCCACTT-1,-16.430261797776662,6.5148931443059706
ACACTGATCGTCAGAT-1,-7.504938530408551,-8.094606493877574
ACAGAAAAGATAGCTA-1,17.872005545615817,-9.584401709833248
ACAGAAAAGCGTGAGT-1,-10.203001769660927,-27.640374180308896
ACAGAAACACCTCGTT-1,-15.411317551891443,-7.51928594118957
ACAGAAAGTATTTCGG-1,-25.39712781154873,-0.7141886552861945
ACAGAAAGTCCAGGTC-1,-18.31180220430671,-8.775499856487555
ACAGAAAGTCGCCACA-1,2.4535884705196724,29.55929058921662
ACAGAAAGTCTTTATC-1,9.688943048088793,-26.30079585831658
ACAGCCGAGCCAACCC-1,-29.791148339446785,3.2120491424076616
ACAGCCGAGCTTGTTG-1,18.195424557860584,1.84631448222246
ACAGCCGAGTGCTCAT-1,9.418586096213312,31.76643069285472
ACAGCCGTCGCCACTT-1,-14.810151482998464,-5.527957278071446
ACAGCCGTCTATGCCC-1,-2.6756182045769394,32.18843478699894
ACAGCCGTCTCCTACG-1,-14.986217812055713,-9.187210424471521
ACAGGGAAGATAGCTA-1,23.600174072307293,-18.11020764728931
ACAGGGAAGCTAAGTA-1,13.903827288378864,-12.740292445316626
ACAGGGAAGGAAAGGT-1,22.36455846915485,-7.71541166568514
ACAGGGACACTATCCC-1,-11.702412182871187,-11.849448190735055
ACAGGGACACTCTGCT-1,-18.9146546370298,12.561664688497771
ACAGGGATCTAACGCA-1,9.171785661776394,20.700585809437722
ACAGGGATCTCTGCTG-1,9.154046245583876,-15.563817434849032
ACAGGGATCTGTAACG-1,-6.139531804872809,-35.593237304907085
ACATCCCAGTGCACTT-1,-4.282480323694559,17.39398291756532
ACATCCCCAAGAGAGA-1,-12.44898330431634,-15.091556524768968
ACATCCCCATTGCTGA-1,-24.81752511374756,-9.90492103709649
ACATCCCTCACTGCTC-1,5.1067214150405,-11.177688568807534
ACATCGAAGTACTGTC-1,-2.5318997425831906,1.0784388030243424
ACATCGAGTAAGCGGT-1,8.794393974688017,18.5193713571007
ACATCGAGTAGTCACT-1,8.281181390726818,40.342915614575816
ACATCGAGTCAATCTG-1,-9.752397129066072,9.141662314441934
ACATCGAGTTATGGTC-1,-11.88914147602294,-17.57383330975955
ACATCGATCAGCGGAA-1,25.951323038514513,2.9081161316261444
ACATCGATCTTGGATG-1,-13.423854240453394,-1.8203715338878335
ACATGCAAGTTACGAA-1,8.281697728302564,30.394625706005776
ACATGCACAATTCACG-1,17.47597356535401,-4.537323616833241
ACATGCAGTTCCGCGA-1,5.16626646132814,25.573566008738087
ACATGCAGTTGACTGT-1,-1.4026845752032275,-0.5705501505419925
ACATGCATCTGTTGGA-1,-4.062093375284318,-24.58253381997082
ACATTTCAGGTTAAAC-1,-0.3684027504957978,-11.54273345771903
ACATTTCTCGCTGTCT-1,-9.999113920993901,-9.628793613689902
ACATTTCTCGGAACTT-1,14.409473498322175,-28.44452332728505
ACCAAACCACGAGGTA-1,-11.842543776051448,-2.026044989128915
ACCAAACCACTGTGTA-1,21.715813913937513,4.508886759145348
ACCAAACGTAGTTCCA-1,8.509381361550583,-13.414335992668537
ACCAAACGTCTTACAG-1,-4.256106881373317,-36.239367522535105
ACCAAACGTTGGAGAC-1,3.57758461763838,32.86467883311048
ACCAAACTCGCCTTTG-1,10.154341158899607,25.16992551270791
ACCAACAAGACAACTA-1,-28.317812521474707,8.075145563869457
ACCAACAAGTCCTGCG-1,17.27076402262583,-10.490861189494275
ACCAACACAGAACTTC-1,-25.81432890679912,10.00806447891284
ACCAACAGTATTGGCT-1,2.7119546654691873,37.1647481662974
ACCACAAAGTTGAATG-1,-9.34245799413117,7.185279839002858
ACCACAACAAGTCGTT-1,-9.716395229344492,-27.50282475291674
ACCACAACACCATATG-1,8.689401375160795,10.86983651787911
ACCACAAGTGTCGCTG-1,-10.082516647623606,-15.603802084263952
ACCACAATCTATTGTC-1,1.222761929754439,9.841362685244528
ACCATTTAGAGGGTGG-1,2.0905259294185163,-13.60634460170495
ACCATTTCATTCACAG-1,16.969242558271564,30.212076937593654
ACCATTTGTATTGACC-1,-19.34434907747593,1.640323884921739
ACCATTTGTCAGACTT-1,10.747885412364655,28.29049463199073
ACCATTTGTCCTTGTC-1,-18.286695028576514,5.97346249538554
ACCATTTGTGCATTTG-1,-30.363066279501616,7.683615717882417
ACCATTTTCGGTGTAT-1,14.89242211493061,22.718691944845165
ACCATTTTCTCTAGGA-1,12.387581960121668,36.99135838407491
ACCCAAAAGCTGTGCC-1,12.01614132877548,40.12931940128868
ACCCAAACAGTCTTCC-1,-25.693541118615233,11.16390377875175
ACCCAAAGTCTTGTCC-1,2.0526249379162724,-30.44312809154983
ACCCAAATCTCCAAGA-1,-23.32380316827133,-16.702005646765414
ACCCTCAAGAAGGTAG-1,-3.743224619331536,-8.562174313853628
ACCCTCAAGCGTCGAA-1,10.582406312267565,-15.074751112410544
ACCCTCAAGGTTACAA-1,-6.156831661793972,-21.417990563867637
ACCCTCAGTATCGCGC-1,-4.686593248186171,-13.223130537092292
ACCCTCATCAAGCTGT-1,7.564509974814359,10.061965876584614
ACCCTTGAGCTCATAC-1,-10.740503292403874,-27.619314771306236
ACCCTTGAGTCCCGAC-1,16.258206486605214,12.429605332431635
ACCGTTCGTAGACAAT-1,-11.987843499641556,-25.742148884774018
ACCGTTCGTTACAGCT-1,23.75464887038349,8.045712279763508
ACCTACCAGCGACTAG-1,1.9616363510900476,33.80177192094121
ACCTACCAGGGTAGCT-1,10.77444490879973,-30.066573496763578
ACCTACCGTCGTTTCC-1,29.70456043943291,4.725737413085368
ACCTACCGTTGCGGCT-1,-1.9721504477013332,-22.27826106821341
ACCTACCTCAGCTGTA-1,-18.643098043911746,17.559086630299397
ACCTACCTCCGTGTAA-1,-4.393656905936513,4.221572983690808
ACCTACCTCGTTCATT-1,-15.172861181893737,-23.393829490032868
ACCTACCTCTTTCGAT-1,0.32470250553720964,-18.510438397446915
ACCTGAAAGCGACATG-1,13.977875243897222,33.28043047086701
ACCTGAACATGCAGGA-1,-19.681795343688265,-18.330965242981478
ACCTGAAGTCGCACAC-1,27.020390234063463,-8.321623843735784
ACCTGAATCCTTTGAT-1,8.458097535569072,40.257986407573846
ACCTGTCAGCACTGGA-1,13.05419854320905,29.34817506611444
ACCTGTCAGGATCATA-1,-1.9750725360326635,-25.68350059060365
ACCTGTCCACTATCGA-1,3.851583801486116,32.714010977758704
ACCTGTCTCATGCCAA-1,12.853597805443835,-5.59896931156561
ACCTGTCTCCAGTTCC-1,-27.461992003765264,15.457579153136347
ACGATCAAGTACCCTA-1,14.02616168531817,27.98212441146309
ACGATCACATAGAAAC-1,18.18016218456805,2.7794214080958124
ACGATCATCATCCCGT-1,7.153852303834755,-17.81199640512825
ACGATGTAGTGCTACT-1,-11.787509851532816,-13.10329818227768
ACGATGTAGTTTGGCT-1,14.38556498052131,-13.925387872288976
ACGATGTCAGATCATC-1,-0.5795210427954854,-13.347758360942935
ACGATGTGTATGGTTC-1,13.141110737237229,27.204545064198363
ACGATGTGTATTAAGG-1,-10.74550864959141,6.029618837866809
ACGATGTGTCGTGGTC-1,13.114842356991117,29.581366711581634
ACGATGTGTTCCAAAC-1,-26.128963189811905,-5.299043450901741
ACGATGTTCTATACTC-1,-14.096049772801786,18.238626666636055
ACGATGTTCTGCTTAT-1,-4.285572072704478,-32.169980709957336
ACGCACGCAAGTTGGG-1,-11.056468629757076,-1.2310638908276397
ACGCACGCACCGTCGA-1,13.7032813599621,-9.692788584719016
ACGCACGCAGAAATTG-1,-21.384364652699215,8.895725356079845
ACGCACGTCGTGCACG-1,11.38154915991214,37.608541950874766
ACGCACGTCTCGACGG-1,-2.8109476771345387,19.743249909888704
ACGGAAGAGTCTAGAA-1,29.131512820602634,0.15574318855305447
ACGGAAGCAGTAACAA-1,16.290045774062946,2.8306304049274753
ACGGAAGTCATCGGGC-1,5.608278745503284,-19.08220676663225
ACGGAAGTCGAATGCT-1,14.769807611861571,-5.563633994765089
ACGGGTCGTATTGAGA-1,20.179699842884396,-7.167220164228411
ACGGGTCGTCAACATC-1,-1.8576917811986606,-16.763451247900786
ACGGGTCGTGCACATT-1,12.122766156168469,23.91887878473552
ACGGGTCGTGTTGATC-1,16.32719133811252,-23.80143453328002
ACGGGTCTCATTGAGC-1,3.4706333637683247,35.45378161320739
ACGGTCGAGAGTCAGC-1,-14.295195866619949,-14.577216594307831
ACGGTCGAGATAGTCA-1,-13.921121773828084,-30.78354538526053
ACGGTCGAGATCACCT-1,-9.494480477559046,-17.958810696805504
ACGGTCGCACTCACTC-1,8.011078308645892,6.869140728289018
ACGGTCGCAGCTCATA-1,19.94872210420023,-24.022696795333957
ACGGTCGGTGGACTAG-1,23.18303403883588,-16.367917177588456
ACGGTCGTCGATACAC-1,2.5769779994408877,-34.63645563759825
ACGGTCGTCGGTGCAC-1,-9.662469556343321,-12.792144579859645
ACGGTTAAGAGACAAG-1,4.268434713395409,27.28734993926804
ACGGTTACACTTACAG-1,-12.55169655206708,11.758464561746484
ACGGTTATCACGGACC-1,-10.332375304993993,-5.412036689828574
ACGGTTATCAGACATC-1,6.339427461552505,-21.882680266779808
ACGGTTATCAGTGTGT-1,-19.616732789664063,-18.401278899906497
ACGGTTATCTGTCGCT-1,-14.039894526839047,-27.01988255203508
ACGTAACAGGTCCCTG-1,-7.791169042098474,12.336774295461694
ACGTAACAGTCTGGTT-1,5.564232572012284,-26.947040721051383
ACGTAACCATATGGCT-1,4.7245020699315745,33.02501623739837
ACGTAACCATGTGCTA-1,13.18633402548321,20.109016443679117
ACGTAACTCACCTTGC-1,-19.04733250622693,-16.059066094093613
ACGTAACTCAGACTGT-1,-17.005006865399558,5.416949797825934
ACGTACAAGCAGAAAG-1,-24.663763408798378,3.265804700755015
ACGTACAAGTTACGAA-1,18.292422504726687,32.38962096751639
ACGTACACACTAAACC-1,17.31231040650089,13.068651770309236
ACGTACAGTACGACTT-1,-1.867539659715365,-10.00117504552373
ACGTACATCAAAGGTA-1,5.564114099197891,-24.070615759235565
ACGTACATCCTACCGT-1,4.946046767282832,32.91179609417702
ACGTACATCCTCACTG-1,-1.0838728830484528,-21.499242460721096
ACGTACATCGGCCCAA-1,14.63089578657774,35.67078813261733
ACGTAGTAGCAGGCTA-1,8.577086288115623,-2.496887966111188
ACGTAGTAGGCCCGTT-1,11.626374240343107,-7.901540714550157
ACGTAGTAGGTCCTGC-1,-10.099223006509378,5.904084220156935
ACGTAGTAGTCATGCT-1,-33.27395602101925,2.136890869198259
ACGTAGTCACTACCGG-1,6.580722579673552,-5.611053147130719
ACGTAGTGTTAATGAG-1,7.18501993473663,-20.588951514067627
ACGTAGTTCTCCGCAT-1,-21.814364633081148,18.067546519890207
ACGTCCTAGTCGAAGC-1,-24.71741723787758,-6.352248457257861
ACGTCCTCAATGGCAG-1,9.132823532897406,-8.567227530366441
ACGTCCTCACCTATCC-1,-9.39916338270491,35.22683490562949
ACGTCCTCAGTAGTGG-1,11.740027819219918,-27.165899832748604
ACGTCCTGTACGAGCA-1,-26.2130691726074,-8.146599619144807
ACGTCCTGTATCAAGA-1,17.324501817628104,-13.94859770908215
ACGTCCTGTCGTTCAA-1,14.27116189029435,21.38379861243576
ACGTCCTGTGAGTTGG-1,14.389458639027103,35.16980092088731
ACGTTCCAGTACTCGT-1,10.972198143120586,9.29983077335222
ACGTTCCAGTGGATAT-1,6.411949954784469,-25.039415306518833
ACGTTCCGTACGCGTC-1,8.433259217095145,-1.3526950047113295
ACGTTCCGTCGCACAC-1,-4.2922953473163545,-8.890010251606572
ACGTTCCGTGGTTCTA-1,7.155210524561798,-1.9688860364535152
ACGTTCCGTGTCGATT-1,0.9407051075413766,22.708934161324674
ACGTTCCTCCTACACC-1,5.999498163051453,3.0004414761868334
ACTACGAAGACTTAAG-1,11.6628962664419,27.682774621744827
ACTACGAAGAGGACTC-1,-14.89744632669277,-18.00331915342086
ACTACGAAGGCTCAAG-1,7.066868735709107,-12.053035122201187
ACTACGAGTCACAGTT-1,12.695240567045095,6.502496585338528
ACTACGAGTCTGTCCT-1,-20.98151888315198,-11.19065483816104
ACTACGAGTTGAGAGC-1,-22.401964068014,-9.829625803949089
ACTACGATCGGCGATC-1,20.56178905453009,-20.75053101463311
ACTATCTAGCAGCCCT-1,1.6173729876614913,8.802644386882266
ACTATCTCACGCTGCA-1,-31.646951827670343,0.3595096466718186
ACTATCTGTCAGTCTA-1,18.998724750986405,10.70996684572446
ACTATCTTCAAGATAG-1,-1.4870110626466648,28.666413743728764
ACTATCTTCAATCTCT-1,-13.20350755993618,1.4318627019945869
ACTATCTTCCGCACTT-1,-13.318338090314775,0.8566383861346908
ACTATGGAGAATTGTG-1,23.31775632244584,-15.041621003753407
ACTATGGCAAGCGATG-1,1.618810535134777,-29.816293469029034
ACTATGGCAAGTGACG-1,12.949241940434362,27.44425787648736
ACTATGGCAGGGAGAG-1,18.98581607124664,-20.984256864114744
ACTATGGTCCTGATAG-1,23.3268092199763,-0.2028669710122731
ACTATGGTCGTGCACG-1,27.6144255287881,2.0887658380869008
ACTATGGTCTGTGTGA-1,0.2272116078894406,-31.108577156621788
ACTATTCAGCGAGGAG-1,-4.586905521080013,11.044494218769865
ACTATTCAGTAGTGCG-1,-1.2854030913390513,-12.738822119922876
ACTATTCCAAACTCTG-1,-7.697542973245743,-10.341312711429236
ACTATTCGTAGCTGAG-1,-26.946087761864383,-6.971223689132913
ACTATTCGTTCCAGGC-1,-15.951686984939403,-13.603300400970081
ACTATTCTCCATCGTC-1,-11.823165227126383,17.469591720283233
ACTATTCTCTTCGTAT-1,3.7266377477294665,11.836695050589382
ACTCCCAAGCGCTGCT-1,-13.133869981378298,-4.981400088932559
ACTCCCAAGCTTAAGA-1,17.238114054115506,-16.64560040488882
ACTCCCAAGGTAAAGG-1,-13.316656195458666,-22.58413847885557
ACTCCCAAGGTAGTAT-1,-22.38473456818,14.534023741342345
ACTCCCACAGGAGGTT-1,16.814207032979088,-15.144933960536587
ACTCCCAGTCGGCACT-1,8.442305223670127,-27.93745833195126
ACTCCCAGTTCTTCAT-1,3.1752779862935587,-16.11564002345873
ACTCCCATCAGTCTTT-1,-0.36496619456898566,11.808513925129816
ACTCTCGAGGTTCACT-1,5.797968545022557,-1.3130737929359637
ACTCTCGCACACACTA-1,-25.64798865871847,11.512592257091022
ACTCTCGCAGCAGTGA-1,-22.10071380779514,-9.664527623899863
ACTCTCGCAGTCAGTT-1,3.95150944539008,-18.60455879763466
ACTCTCGGTGTGTGGA-1,-11.580052180235066,-18.443517493224075
ACTCTCGGTTTGATCG-1,-1.772235891847071,-10.613679653625928
ACTCTCGTCACTGATG-1,15.182174546217553,32.82712198928623
ACTCTCGTCATACAGC-1,14.758320524830522,38.58767885777956
ACTCTCGTCTGGTGCG-1,-14.05074623236108,-1.9275542855418255
ACTCTCGTCTTCCCAG-1,-0.9702275471514463,12.754299836369924
ACTGATGAGGCTCTAT-1,5.315881083957657,-8.780012707503957
ACTGATGAGTTTGCTG-1,3.2649552287968877,39.77835058960698
ACTGATGCATCCCACT-1,2.4165081209591435,31.52416453212826
ACTGATGGTAATTGGA-1,14.61791428757826,18.236884495696348
ACTGATGTCCTCACTG-1,0.258427729991319,12.9982585573236
ACTGATGTCCTCAGAA-1,-3.3046494902180017,34.83471101587486
ACTGATGTCGCCGAGT-1,-8.499696873290828,11.447299930196458
ACTGTCCAGAGCAGAA-1,-15.386847034988191,1.3676274083683595
ACTGTCCAGGATTTAG-1,21.10562955993227,-19.755399140130546
ACTGTCCCATTGACCA-1,15.392966132537527,11.111447364768386
ACTGTCCGTAGAGATT-1,-10.390151210461733,-10.648542904175244
ACTGTCCGTAGCGTTT-1,14.383055039925438,33.85171955629586
ACTGTCCGTCTCACAA-1,-2.062423588531291,37.13844057405462
ACTGTCCGTTTCACTT-1,-22.07235619085145,6.369912439317361
ACTGTCCTCCTCAGGG-1,12.087540520240509,12.623249776357651
ACTGTCCTCTCAACGA-1,7.663259053793337,3.4191984658096395
ACTGTGACAATACGCT-1,-32.559157085845506,-1.4589922238581534
ACTGTGAGTACTGAGG-1,-3.5615901092179327,-3.549070768998138
ACTGTGAGTAGGCAGT-1,19.957162565161006,-21.147567138209855
ACTGTGAGTGTTCGTA-1,28.92969780916805,4.032671850832977
ACTGTGAGTTATCCAG-1,5.750712716241632,20.845195624417148
ACTGTGATCGCTGACG-1,2.7245661846490163,1.8394022940352561
ACTTAGGAGCCTCAAT-1,-6.647264456613878,17.824925375299483
ACTTAGGAGCGGACAT-1,15.036061448974364,-16.96581101369935
ACTTAGGAGTCTTCCC-1,16.394219610166548,-15.40638069274314
ACTTAGGCAGCAGTAG-1,-8.605393394065867,-6.54097029863961
ACTTAGGGTATACAGA-1,-21.60323502574674,-12.111998383787201
ACTTAGGGTGTCCAAT-1,-11.790284805180892,-28.05740641982538
ACTTAGGGTGTGACCC-1,14.55285588353464,-16.18210985335228
ACTTAGGGTTGCGTAT-1,-11.919905502163937,11.098993193617588
ACTTAGGTCTTCCAGC-1,-13.247356603024983,-23.245382301388073
ACTTATCAGTGGTGGT-1,-2.7302944919565824,32.01334572433853
ACTTATCCACGACGAA-1,-17.54170021190277,-26.925554938310885
ACTTATCCACTAACCA-1,-12.056418957028162,-8.088183881647835
ACTTATCCATACAGGG-1,4.25368921025321,37.691671358024216
ACTTATCGTTTGCAGT-1,-2.5046390977209416,-6.603735039378189
ACTTATCTCGCTCATC-1,-19.047264778528035,-5.725867821501776
ACTTATCTCGGACCAC-1,16.688844096469612,13.190011930198557
ACTTCCGAGATAACAC-1,5.982768420598453,26.868104763942917
ACTTCCGAGGAGATAG-1,15.705582113740794,24.264960582486957
ACTTCCGCATCGTGGC-1,23.194940908400273,-15.01668393511771
ACTTCCGGTGCAGGAT-1,6.398403426764153,27.138453780854434
ACTTCCGTCGAGCCTG-1,-11.23243221435778,11.293505537427277
ACTTCCGTCGCGTTTC-1,13.989300561783729,34.51465257110649
ACTTCCGTCGCTCCTA-1,-30.084897803395283,1.4414628071011044
ACTTCCGTCGGCTGTG-1,4.271246709625652,-28.039306994639926
ACTTCGCAGAACTCCT-1,-27.812983152349364,-6.663474468317412
ACTTCGCAGTCTTCCC-1,-11.945287551567482,-2.1810426145088244
ACTTCGCCACGACGTC-1,-14.486746611607634,1.7774583505567156
ACTTCGCCAGAGGACT-1,15.618342916391352,-6.85877546838889
ACTTCGCGTACCAGAG-1,-12.331905119861888,-8.140261405970447
ACTTCGCGTACCGGCT-1,-9.56569121333986,-9.218735258757233
ACTTCGCGTAGCACGA-1,4.646854276447167,-23.50774051086216
ACTTCGCGTGAACTAA-1,4.932099787593897,-10.485858649060843
ACTTCGCGTGAGTAGC-1,13.469255918859934,25.755622523368153
ACTTTCAAGAGGTTAT-1,11.52350337830883,25.188218702868358
ACTTTCACACCTTCCA-1,-10.306872241942767,11.519354163746893
ACTTTCAGTGTACAGG-1,-26.888963297456236,-2.3601462671378095
ACTTTCAGTTCCGTTC-1,-13.267472096763887,21.04257919678013
ACTTTCATCACAAGGG-1,-5.38395438989712,-4.762722889876178
ACTTTGTCAACTTCTT-1,-30.021733362866186,6.554804187932395
ACTTTGTCATGACGAG-1,-16.595701905666825,-10.787560195433121
ACTTTGTGTATGTCAC-1,-13.296316022964808,-15.745641165349994
ACTTTGTGTGTTACTG-1,-15.630990400290926,1.2774073985501035
ACTTTGTTCAATCAGC-1,-4.91198772464976,39.38214636459751
ACTTTGTTCCGCTTAC-1,-24.12774347499588,-7.431225195470531
ACTTTGTTCTGCGTCT-1,-22.131431469197707,-24.522100571384673
AGAAATGAGATGCGAC-1,10.009759359423352,-8.237717223316192
AGAAATGCAACACAGG-1,-9.544495126603147,-17.87499602552213
AGAAATGGTCACTCAA-1,-15.798940134727857,-25.500053262690006
AGAAATGGTCCCAAAT-1,7.530391252440565,6.301487077552781
AGAAATGGTCGACTGC-1,16.525677067216918,29.80641231712418
AGAAATGGTCTCAGAT-1,-3.6803142692097817,-9.999922075134235
AGAAATGTCAAATAGG-1,11.511172788151713,3.7328982327331195
AGAAATGTCGTTCGCT-1,-13.476219233827981,-25.800355086421575
AGAAATGTCTAGCCTC-1,18.64489710342118,6.572306255554483
AGAACAAAGAACCGCA-1,2.7365535277351953,-25.01601777755069
AGAACAAGTAAGCAAT-1,-7.674207472887693,-0.8951017935316238
AGAACAAGTATTGAGA-1,-13.841704012528092,1.787291619601669
AGAACAAGTCAGCTTA-1,23.333586890820254,-11.7108282429646
AGAACAAGTTGCATAC-1,12.742517213281861,29.50885904985727
AGAACAATCCCGTTGT-1,-22.37340136014748,12.658283717120938
AGAACAATCTCCTGAC-1,-17.233581078407408,-23.586664650222982
AGAACCTAGAGGACTC-1,-23.740271686723908,-15.783188737104377
AGAACCTGTGCATACT-1,11.985088466388415,-9.186256873762146
AGAACCTGTTGTGTTG-1,2.4373345018870314,9.360542986531932
AGAACCTTCTCATGCC-1,-0.3546117730509841,27.437450991197856
AGAAGCGAGAAGTGTT-1,-3.629110985514482,-13.419595623809496
AGAAGCGAGGCGATAC-1,4.166830765833038,16.320516851410236
AGAAGCGAGTAAGGGA-1,-12.81480659039483,-12.663783921452707
AGAAGCGCATGATAGA-1,1.3445518986718015,-35.9517915703682
AGAAGCGGTGAGGAAA-1,25.278938020393777,-12.822776152941696
AGAAGTAAGCAGCACA-1,-4.506640410818398,-32.91125592516046
AGAAGTACAAGAAATC-1,15.87825134171172,39.04800002727057
AGAAGTACACAAGCCC-1,14.566703075127759,5.639978596128097
AGAAGTACACCTTCCA-1,8.612179728661145,30.148700659927474
AGAAGTAGTGATCATC-1,12.241857457936952,41.65457671914419
AGAAGTATCAGACCCG-1,14.726638998728548,34.7886171610092
AGAAGTATCTGAGCAT-1,-9.786481559081336,-28.27960506455401
AGACAAAAGTAATCCC-1,6.822929947747834,-0.6461457076023603
AGACAAACAGTTGTTG-1,7.907856919532492,1.577175752088083
AGACAAAGTACGACAG-1,-4.182136890611653,32.6555796234136
AGACAAAGTGGGTTGA-1,-3.6626176926726384,-18.031241272499734
AGACAAATCTATGCCC-1,-4.266477521330498,29.786851567197253
AGACACTAGCGACTGA-1,-31.04552422728811,-0.8468831188727758
AGACACTAGCTCGCAC-1,-33.115360927106394,1.3593738646677447
AGACACTCAATAGTAG-1,12.082791368975121,-5.056399569597323
AGACACTGTAACATAG-1,-3.9040881441789033,-16.805539593554236
AGACACTGTATTCCTT-1,-8.876043039369288,4.957722873196227
AGACACTGTGGCAACA-1,10.475264726306493,31.936305159719108
AGACACTTCCCTATTA-1,-9.510834694469784,10.199187772002396
AGACAGGGTGGTCTCG-1,-26.745233863427643,-6.13385498090281
AGACAGGGTTCCACAA-1,8.193781493793516,8.851078799084464
AGACCATCATCATTTC-1,-11.785094291138375,1.2149943756738477
AGACCATCATTGCAAC-1,1.258493245181488,14.662973207732897
AGACCATGTATTGACC-1,-10.621209207724657,2.0447002427413348
AGACCATTCCTCACCA-1,-11.639112424741395,1.116177215488123
AGACCATTCGCCGTGA-1,-10.550194203423999,-26.609758549062327
AGACCCGAGCACTGGA-1,-21.326319849279074,10.805798626011702
AGACCCGAGCGATGCA-1,3.754714040031948,25.251849966365352
AGACCCGAGTAACGTA-1,-16.506201359869358,13.276334741292937
AGACCCGCACGTTCGG-1,-8.628458920351036,-14.862444064652884
AGACCCGGTGCAAGAC-1,-5.0432034853495935,9.238673763642197
AGACCCGTCATCTATC-1,-1.6373597684281989,-17.674367272701325
AGACCCGTCCCTCGAT-1,4.218633833251586,11.762866659638723
AGACTCAAGACGCCAA-1,22.150622915813933,1.1940356466692081
AGACTCAAGAGAAGGT-1,11.617414860403228,35.0624278446991
AGACTCAAGCTGTCCG-1,-13.55123384688223,-28.538348904126128
AGACTCAGTAGTCTTG-1,-1.4834293645182888,-6.499455728340227
AGACTCAGTTAATCGC-1,-10.861795291380558,-15.979717043614224
AGACTCAGTTACCTGA-1,7.66167795861314,23.249985521494697
AGACTCAGTTGGGTTT-1,2.572444995863373,-26.880286160139065
AGACTCATCGGTGTTA-1,10.040069539730128,35.61789229307852
AGAGAATAGAGAATCT-1,-9.642960037095587,-25.11616802338412
AGAGAATCATTCAGGT-1,9.370706727779682,-7.891530883763477
AGAGAATTCCGATAAC-1,-4.6748783186307294,-36.38932074881102
AGAGAGCCACCAGTTA-1,-1.7157335762617303,-14.0156473413431
AGAGAGCGTAGGGAGG-1,11.023652110395942,18.31379986703248
AGAGAGCTCATGCGGC-1,4.41775237360197,5.097257598401874
AGAGCAGAGATTGACA-1,1.7501673842494654,-33.10784771352125
AGAGCAGCATCGCTGG-1,24.68944207633283,-6.214620987616898
AGAGCAGGTCGCAACC-1,23.445901374585794,-8.64402441672077
AGAGCAGTCAGTGGGA-1,-2.555202922164377,-10.192436251694177
AGAGCCCAGATACTGA-1,-8.093276003242861,-20.141288238828906
AGAGCCCCACAGTCCG-1,-2.4705199600344674,-21.336694337927703
AGAGCCCGTTCAGCTA-1,15.341861389330859,-16.898886345010116
AGAGCCCTCCACTGGG-1,23.963094426355664,-13.296255132655256
AGAGCCCTCGGACGTC-1,-18.53990845597328,4.697666080544806
AGAGCCCTCGTCACCT-1,2.9397049920688447,6.6666978927788785
AGAGCCCTCTCATTAC-1,8.573363391755867,24.273477805459105
AGATAGAAGTATTAGG-1,20.873326511287324,-22.470642481809662
AGATAGACACGTCGGT-1,27.691940819413333,-2.3658802879348864
AGATAGACATGCAGGA-1,-12.052563427037084,15.737276798374443
AGATCCACAACCAGAG-1,7.400740235126257,-0.33200365479215854
AGATCCACAGGGACTA-1,8.00717541366891,10.612241050348059
AGATCCAGTTACGATC-1,6.870198713848652,-33.92745769904568
AGATCCAGTTGAAGTA-1,-20.702800131345803,-6.398626201289556
AGATCGTCAGGTCTCG-1,-5.531897466329672,-14.261759820308638
AGATCGTGTGGGAGAG-1,22.00831065107276,-13.414247302742824
AGATCGTGTTTCCATT-1,4.17643596857273,-23.390519855368016
AGATCGTTCCTTTGAT-1,-1.2838269900349453,6.11243703530092
AGATGAAGTGGTCCGT-1,-9.359179175346434,-21.02400381485621
AGATGAATCCAACCGG-1,-11.70627326239235,11.494135480793641
AGATGCTAGCAAACAT-1,-0.8513675493185224,4.578824371706546
AGATGCTCAAGGGCAT-1,27.215550746512317,4.2658550481074515
AGATGCTCATGATCTG-1,11.951902258611177,31.434297585291127
AGATGCTGTAGGCTCC-1,0.802612004875311,33.16844192928765
AGATGCTGTCATAACC-1,-33.07166368342987,2.6984160848050793
AGATGCTGTGGTTTGT-1,22.912762428113552,4.7062900181718055
AGATGCTGTTATCCAG-1,11.565564998451583,-9.889994798507997
AGATGCTTCACTTGGA-1,-2.195993866186615,-9.700587638486418
AGATGCTTCAGGGTAG-1,2.2138339970151386,-19.637979195999527
AGCATCAAGATTGCGG-1,13.130569744140518,27.329778426866
AGCATCAGTACGCTAT-1,6.665641205583142,31.664442613328102
AGCATCATCAAGGTGG-1,-13.164153889567613,2.89483723305109
AGCATCATCCAGTGCG-1,-7.327699772147063,-30.125812953550778
AGCCAATAGACTTAAG-1,-17.613488029840493,6.3041489834493
AGCCAATCACTGGAAG-1,8.060377163561524,-5.752884231077803
AGCCAATCAGTGACCC-1,5.377830665719604,-32.04079410568943
AGCCAATTCGCAAGAG-1,20.316266707210115,10.6135036307584
AGCCACGCACAAATGA-1,0.08587474825206351,11.30043690968335
AGCCACGGTTGTGTAC-1,22.74036469140624,-18.0950290654012
AGCCAGCAGCGAGGAG-1,23.797541555504857,-6.9687870723512155
AGCCAGCCAATGCAGG-1,-3.5828926546534237,3.261977678343199
AGCCAGCCAGCAATTC-1,-23.26963471489956,-16.855297784004083
AGCCAGCCAGCCATTA-1,-18.780458747639813,9.769333789859738
AGCCAGCGTTGCCATA-1,-25.030528534557497,-11.829297661188274
AGCCAGCTCCCGTGAG-1,-25.939529482381115,-8.021888232633422
AGCCAGCTCTGTACAG-1,20.067186579555365,6.829114008023527
AGCGATTAGATTGCGG-1,25.21179806426345,-5.0810982661746715
AGCGATTAGGTTCTTG-1,-0.3330332943989526,-2.5683329901584697
AGCGATTAGGTTGACG-1,19.706694948208863,-14.753015357034224
AGCGATTCACTGCATA-1,19.617835900298022,-20.30201948226541
AGCGATTCATGGCTAT-1,11.167415058933482,-18.56612269557105
AGCGATTGTCTAGTGT-1,23.08610153947571,-10.03191391516002
AGCGATTGTGTCTTAG-1,25.650734903433598,-15.833317821436621
AGCGATTTCCAGCTCT-1,15.732103977226174,-3.9723230549771147
AGCGCCAAGGTCGTAG-1,14.401137780817441,28.11150304363806
AGCGCCAAGTCATCCA-1,-25.774848338684507,10.605430263370165
AGCGCCACATCCGCGA-1,12.782889016409976,10.852155982531048
AGCGCCATCGTGCACG-1,-29.325126887093322,-1.8746958368596247
AGCGCCATCTATTTCG-1,-17.503093540238584,1.929363314160796
AGCGCCATCTCTCGAC-1,-8.12520036288001,9.047771170221441
AGCGCTGAGATGATTG-1,4.086801252860528,-10.546057932886876
AGCGCTGCAACTCCCT-1,-13.483120774118829,-23.842749882003684
AGCGCTGCAATGGGTG-1,-4.587953464751882,9.203423716581067
AGCGCTGGTCTTAGTG-1,-21.680621407044217,-16.600736067601126
AGCGCTGTCGGTTAGT-1,12.153872395511284,-17.791586024326303
AGCGTATAGAATCCCT-1,19.215867721395192,3.1733549495822877
AGCGTATAGAGCCCAA-1,7.631809931390554,36.5077408575791
AGCGTATAGCACTCCG-1,7.028323683285649,19.881518681701216
AGCGTATAGCGACATG-1,8.726202334547061,-23.59487954432875
AGCGTATAGGGAGGGT-1,18.665692816935284,2.8233457214218167
AGCGTATGTCATATGC-1,-8.536020341537066,-13.734147148550193
AGCGTATTCCGTAGGC-1,8.866802313158708,-30.027671608099727
AGCGTATTCGTTGTAG-1,-6.870871030696377,9.221081978640877
AGCGTATTCGTTGTGA-1,7.834576951716891,-7.292390966544879
AGCGTCGAGGGCCAAT-1,26.559064408780216,-10.624791271620994
AGCGTCGCACTGTCGG-1,31.36381705022838,1.6787446351504651
AGCGTCGGTTCCTACC-1,23.943715550765585,-23.969278779487436
AGCGTCGGTTTACTGG-1,13.063369005848058,18.571523451891945
AGCTACAAGGTGGGTT-1,16.286633579011113,-13.247266816646427
AGCTACAAGTAACCGG-1,6.65632504069599,25.096078175996478
AGCTACACACAAGCTT-1,-16.58999011031222,-0.4335105860584823
AGCTACACAGCAGAAC-1,15.741931385212144,10.520480319680669
AGCTACAGTATCGATC-1,-19.32838725027449,-9.321745767667453
AGCTACATCTCTCAAT-1,-13.411210678933909,-5.081633151069437
AGCTCAAGTAAGGCCA-1,-11.462655041484798,-5.6509147403523
AGCTCAATCATCAGTG-1,20.629202786794306,-22.078216775813377
AGCTCAATCGTTGCCT-1,11.905062554032773,39.88334134481217
AGCTCAATCTCCGAGG-1,-1.9292155566899865,33.03301849127534
AGCTTCCAGAAATCCA-1,-25.5383325898757,4.631489489170378
AGCTTCCAGGTATTGA-1,6.348465780047571,-11.7983135338929
AGCTTCCGTCGTGCCA-1,21.49698280021135,10.024450780322871
AGCTTCCGTTGATGTC-1,-20.136414462296166,-12.090398127737044
AGCTTCCGTTGTTGAC-1,16.36356023061872,30.28304000752882
AGCTTCCTCCAGTTCC-1,-20.76167127151358,-5.6681499061112275
AGCTTCCTCTTAGTTC-1,17.144389047387826,9.323188930083699
AGGAAATTCAGGTAAA-1,12.912778525487639,5.322554747574887
AGGAATAAGCTTCATG-1,1.2349621782171059,44.62833849215688
AGGAATAAGTTGTAAG-1,-8.454150845350696,-20.517485861978155
AGGAATAAGTTGTAGA-1,13.904866863779894,-20.442157704010615
AGGAATACAAATGAAC-1,24.239219180015382,-20.59357354811599
AGGAATACAACATCGT-1,4.592630093543148,8.586231610804907
AGGAATACAACTGCCG-1,7.547565665979272,33.7853279133033
AGGAATACAGGACGAT-1,0.5255460339631837,35.94847717669615
AGGAATACAGTATGAA-1,24.006246092649377,1.8962421407286985
AGGAATACATCTTTCA-1,-12.215011606844739,-15.448718405562934
AGGAATACATGTCAGT-1,4.240037401454628,-2.178754940476727
AGGAATAGTATACCTG-1,-12.95872973535051,-19.11272584021673
AGGAATAGTGCTGTCG-1,-9.391891430901257,-21.094327508978377
AGGAATATCCACACCT-1,-28.457162870364748,-5.522616556774721
AGGAATATCGTAACAC-1,22.53517772369793,-7.564124508591066
AGGACGAAGAACCGCA-1,15.761953870641063,33.324699134793605
AGGACGAAGGTACATA-1,-9.883520565076253,-2.7581455248510105
AGGACGACACACCTTC-1,-24.92572425440088,-9.289576848145838
AGGACGACACGCTGAC-1,8.94418944116783,1.2775488571332536
AGGACGAGTAGATCCT-1,7.275476695568797,5.487487529537068
AGGACGAGTAGCCCTG-1,-15.430821504395302,6.58943670885126
AGGACTTAGTACAGCG-1,-16.625124671736017,-11.202494803068191
AGGACTTCACCCTTGT-1,6.420707948646175,-3.097343949464755
AGGACTTCAGACGGAT-1,10.815378595840722,-29.698086640669445
AGGACTTCAGTTTCAG-1,12.816189107704474,-30.161279644788323
AGGACTTGTCTCAGGC-1,-1.6525766433993478,5.462694099954863
AGGACTTTCAAGAGTA-1,5.862087646520029,-1.5555796622098674
AGGACTTTCCCAATAG-1,-23.71277698402523,-15.857696894799354
AGGACTTTCGAGAGAC-1,21.915561369531748,3.659753285261238
AGGAGGTAGCCTTCTC-1,6.082950064728434,-35.016350878674515
AGGAGGTAGTCCCAGC-1,-8.874174516482537,-4.544197283324433
AGGAGGTCAAGTAGTA-1,-8.975871296445964,-2.408770229085562
AGGAGGTCACCTGCGA-1,-14.642823856272699,14.768482059047596
AGGAGGTCACTCCCTA-1,-16.590750282218572,-17.78399532190825
AGGAGGTCATTGGGAG-1,13.941248686226656,34.27849690976051
AGGAGGTGTGTTCGTA-1,13.70470432491456,-23.65784065954044
AGGAGGTGTTTGGAAA-1,12.754901880057991,-25.023699286742637
AGGATAAAGAAACACT-1,4.333839512143953,37.76066634476852
AGGATAAAGGTAATCA-1,17.62861526235619,-9.973415849569449
AGGATAACAAGACAAT-1,-0.343772900084813,37.71347884808781
AGGATAATCAGACTGT-1,-10.321811819967282,-29.42122687214469
AGGATAATCTGGACTA-1,0.7217646416952407,5.660154702889445
AGGATCTAGTTGCCTA-1,0.6861442341095849,-0.6753629262292342
AGGATCTGTCGTTTCC-1,5.549709080593342,-19.347774507716117
AGGATCTGTTCCCAAA-1,2.9103548650848277,-36.52889113292514
AGGATCTGTTGTGCAT-1,-6.908978986220049,-35.438216698270104
AGGATCTGTTTCTTAC-1,-27.954995003099526,15.752646571964572
AGGATCTGTTTGAAAG-1,14.21147809998541,33.67787624554718
AGGATCTTCACCCTTG-1,-16.772109184918563,5.399155994018928
AGGATCTTCCGAGCTG-1,28.847753135208013,-5.236526604796551
AGGCATTAGAGAATCT-1,21.052820565665726,0.8762040252317039
AGGCATTAGTAGGATT-1,15.229806952541374,2.819783373689612
AGGCATTCAGGCTACC-1,-7.081972640303755,35.259539756386566
AGGCATTCATGATAGA-1,-27.1687311595561,-7.19645629031714
AGGCATTGTACTGAGG-1,31.688818220550168,-2.0076714750156515
AGGCATTGTAGGGAGG-1,15.096741801798803,-14.616698135269687
AGGCATTGTATGTCCA-1,13.223285731320221,25.888540805634605
AGGCATTGTTACCTTT-1,17.48256763353379,-16.40916755412149
AGGCATTGTTGCATTG-1,-8.236838752711929,-28.035652465124542
AGGCATTTCCAAACCA-1,-12.989758463288169,-12.762282826147207
AGGCATTTCGGCATCG-1,-4.728571908322227,-13.339616594837956
AGGCCACAGAAGCGCT-1,5.900976240009799,-23.260438426087443
AGGCCACCAAGATGTA-1,-27.904452714735577,-3.3789182269036275
AGGCCACCAGTATACC-1,-25.0028781890785,-18.711311971556867
AGGCCACGTTAAGAAC-1,12.654265387264548,-0.15559515512334324
AGGCCACTCCTTATCA-1,23.9725366043815,3.495684160599786
AGGCTGCAGACGCCAA-1,12.676727628866566,35.65899196839106
AGGCTGCAGGACTTCT-1,2.9588870120883257,-36.57664400855816
AGGCTGCAGTCGCCCA-1,11.618049091754026,-15.559912816252531
AGGCTGCCAAGAAATC-1,-22.209361787619837,10.240115760688733
AGGCTGCGTAGATCGG-1,17.39496628092446,-18.403389364640326
AGGCTGCGTATACCCA-1,13.056392395098493,-29.650721083143818
AGGCTGCGTGGACTGA-1,-1.8070953502945917,-9.956332599625412
AGGCTGCGTTCTAACG-1,-26.543476754703896,0.7828979853350558
AGGCTGCTCAGACTGT-1,2.2561365851557933,32.37722749317939
AGGCTGCTCCCTTGGT-1,10.219196969131485,11.93945299710561
AGGCTGCTCTCTGGTC-1,-22.314334931205902,-7.051406165925139
AGGGAGTTCAGATGCT-1,2.86718981605217,-23.707594733985136
AGGGAGTTCGGCGATC-1,-12.713954048056229,-6.1538777697265346
AGGGCCTGTATCACCA-1,22.14964744854818,-22.055649428255226
AGGGCCTTCCTTGACC-1,6.666949318730566,-34.75491359709325
AGGGCTCAGCCGTAAG-1,-12.384223061954314,-8.48460917098081
AGGGCTCCACCGCTAG-1,-5.3317079247707175,-10.449856010495253
AGGGCTCGTATCGCTA-1,16.20392324114374,-16.372458768259282
AGGGCTCGTGGTTCTA-1,0.7431872778316813,-6.4948542630527895
AGGGCTCTCATACGGT-1,0.5064866724833588,-3.433562493829279
AGGGCTCTCCGATAAC-1,-0.9605000865635325,-26.30627118289391
AGGGCTCTCGACGTCG-1,3.6504296373993967,-24.9411593117606
AGGGTCCAGTGTAGTA-1,-3.3931476703056194,-19.789891597586067
AGGGTCCTCATTTCGT-1,-25.140085805576344,4.60723260085139
AGGGTGAAGAATCCCT-1,-10.77822945205097,-27.631749161514005
AGGGTGACATGTTCAG-1,-9.603949299667253,-4.088302392203143
AGGGTGAGTAACAGGC-1,18.174908539744802,1.8436861862500207
AGGGTGAGTAGAATAC-1,21.543472335947612,-9.418689273955806
AGGGTGAGTTCGCGTG-1,4.979369695602967,36.82418959849605
AGGGTGATCGATCCCT-1,12.480690438458232,-2.657010407613017
AGGGTTTAGGAACTCG-1,-4.666334555716329,-24.472049370580088
AGGGTTTCATTGAAGA-1,15.708704481222304,31.564028634457582
AGGGTTTTCATGCAGT-1,-30.137692638525124,-8.277079944949044
AGGTAGGAGATGAAGG-1,14.136124168015273,34.678086742689565
AGGTAGGAGGCACCAA-1,3.2545077714842563,-24.77758601050654
AGGTAGGAGTGTTGAA-1,3.820417176884621,-14.677878737466902
AGGTAGGCACATACGT-1,-4.6556067359752245,-24.31860174935735
AGGTAGGCAGTTAGGG-1,3.255344946155345,-17.258425815792243
AGGTAGGGTCTGGTTA-1,14.392904628088846,34.26510339180262
AGGTAGGGTGGAACCA-1,-10.263029682926001,-12.913522618705253
AGGTAGGGTTGTGGAG-1,-9.560765583350307,-13.69003216759142
AGGTCATAGCGTCGAA-1,25.89342464931023,3.3623288719110174
AGGTCATAGTCGGCCT-1,7.869295507048899,-25.00941905580638
AGGTCATCAGCAGAAC-1,0.8621881769252244,7.9394737140661755
AGGTCATGTATGAGAT-1,-1.7478899840996305,-36.68915659015203
AGGTCATGTTGTAAAG-1,-11.974652111139479,-25.010510165557413
AGGTCTAAGGATGCGT-1,15.484241875366445,-5.110220600680362
AGGTCTAGTCAATGGG-1,11.791151697432694,4.18569821418802
AGGTCTAGTCTTCGAA-1,-25.40094201558286,3.057501417658468
AGGTCTATCCCTTGTG-1,-18.741775368957388,-30.46715190540476
AGGTCTATCGTAGTGT-1,12.48229466910263,31.157822979015528
AGGTCTATCTTTGCGC-1,12.229353719129913,40.26410190080754
AGGTGTTAGATGCTTC-1,-3.075557084455436,9.267949792549842
AGGTGTTAGTCTTCGA-1,-21.442612922742185,17.595708156759333
AGGTGTTCACTACACA-1,18.157654614302746,0.25610467436818085
AGGTGTTGTCTTTCTA-1,-29.30158629840275,-1.9093811451670948
AGGTGTTGTTCTCCTG-1,9.184115641174749,-32.561613581499905
AGGTGTTGTTGGGAAC-1,-20.896976589576337,-21.476896553378165
AGGTTACGTAACACCT-1,-10.296643990889212,-13.209183812197223
AGGTTACGTACCATAC-1,14.337498627254263,8.346719645944397
AGGTTACGTAGATCGG-1,22.253446917589148,-19.231648952025946
AGGTTACGTTCAAGGG-1,12.129142956891071,34.89740598784896
AGGTTACTCATTTGTC-1,24.28698669412301,-18.98902583505815
AGGTTACTCGTGACTA-1,7.074598615843734,30.749687243128466
AGGTTACTCTGATGGT-1,8.978722204099604,36.62926352428483
AGGTTGTAGAAGTCCG-1,-8.302677708078047,-28.119298458749526
AGGTTGTAGTCTCCTC-1,16.618327074539415,7.1586200300582234
AGGTTGTAGTCTGCGC-1,11.420297057451192,1.0728323453035062
AGGTTGTGTCGTGGTC-1,12.29346749782473,-15.380971096568379
AGGTTGTGTGTTTCTT-1,7.557014264046182,-35.29508483479531
AGGTTGTTCACACCCT-1,10.36785026438765,-24.26487710798005
AGTAACCAGACAACAT-1,0.08354715826136523,-3.2608609241997746
AGTAACCCAATAGAGT-1,10.048395856301925,-24.086020832587383
AGTAACCCAGCTGCCA-1,6.743274127514448,-31.69643777414507
AGTAACCTCTATTTCG-1,16.399522220142053,-13.03446813694511
AGTAACCTCTTAAGGC-1,-1.737613175104365,-27.03364088191983
AGTACCAAGCACCAGA-1,-11.454853387921949,18.96757375318873
AGTACCACAACGACAG-1,-31.177345466269585,-0.6289560534071214
AGTACCACAAGGTTGG-1,6.5247554844171125,22.82183458601379
AGTACCAGTGCACAAG-1,-3.192495791213417,-9.775103743858795
AGTACCAGTGGAATGC-1,-6.205402793182136,-24.94985198060063
AGTACTGAGCGAACTG-1,0.22517944422853634,-1.6017728470437607
AGTACTGAGGTTGAGC-1,13.09333065452445,30.419252043539917
AGTACTGAGTAGAGTT-1,-8.200157085632926,1.5958085074954136
AGTACTGTCATTATCC-1,-4.355648420088074,-21.945757911883156
AGTACTGTCTGGGATT-1,10.340731505374418,-23.706095744921715
AGTACTGTCTTCGTAT-1,-3.527038501835973,9.708881944767256
AGTACTGTCTTGGCTC-1,-16.032422697754892,17.75626191803953
AGTAGCTAGCGTACAG-1,21.303484652868132,28.56879505202254
AGTAGCTAGGTAAGGA-1,13.400322859777255,32.92273463307182
AGTAGCTCAGAGAATT-1,23.40117093891542,-12.484803167098345
AGTAGCTCATTGAGCT-1,25.543959840102854,-16.870672032626583
AGTAGCTTCAACCCGG-1,-11.622396442726629,19.359808170519837
AGTAGCTTCACCTACC-1,14.04872516761294,37.748833237983085
AGTAGCTTCCCATTCG-1,-13.130617932440565,-30.525108606691223
AGTAGTCAGACTGGGT-1,8.38285337362721,34.14422696413882
AGTAGTCAGCTAAATG-1,-2.3155661165074894,-12.817987493638695
AGTAGTCAGCTACTAC-1,-18.21819606921526,-9.329813323763041
AGTAGTCAGTTAACAG-1,9.619703535115804,-1.6859181335375086
AGTAGTCGTCGACGCT-1,22.406741735834384,-6.967554709794257
AGTAGTCGTGTATACC-1,19.376670036681528,11.721721755148497
AGTAGTCGTTGCATTG-1,-0.9618841151830427,-15.048131600685771
AGTCAACAGACATGCG-1,-4.331128254835438,-2.2269227288069757
AGTCAACAGGCGTTAG-1,14.31811491747595,-28.320943173370836
AGTCAACAGGTACATA-1,-16.054549580513573,13.988327915594605
AGTCAACAGTAATTGG-1,-15.86100470106394,-27.13107944244034
AGTCAACGTATAGCTC-1,5.542146230642432,-14.953772272837806
AGTCAACGTTACGGAG-1,12.548837361217473,-2.735842101762529
AGTCAACTCCCTGGTT-1,12.621843842484656,9.238387456110843
AGTCACAAGAACAAGG-1,-1.8123970422709226,-29.84310352349597
AGTCACAAGCCATGCC-1,-7.616487037972549,-5.297953657354519
AGTCACAGTACCATAC-1,8.16505369982113,28.541237183640867
AGTCACAGTTCTTGTT-1,-18.775820812672904,-0.5258667420636648
AGTCACATCGGCTTCT-1,24.270120463685664,-19.124001726512343
AGTCATGAGGAAGTCC-1,-4.0459581699164255,-20.417509203870978
AGTCATGAGTAGAATC-1,-19.953904129567736,-7.828768062474379
AGTCATGGTGAATAAC-1,-12.069832904406942,-34.04140316672147
AGTCATGTCTCCGTGT-1,3.6767226475644197,43.31610873344708
AGTCTCCAGCTGTTCA-1,11.460297582263372,12.37789965148142
AGTCTCCAGGTAACTA-1,10.853714032124648,5.655480037692631
AGTCTCCCAAGTCCAT-1,13.016100082419571,6.218741261870996
AGTCTCCGTCCAAATC-1,-5.060143202242423,-25.07458910541013
AGTCTCCGTGACTCGC-1,22.95425385387023,-9.205335117392309
AGTCTCCTCGCCCAGA-1,24.977600665805983,-15.02623187431411
AGTGACTAGACCCTTA-1,-4.585092643530837,-26.926737074396783
AGTGACTGTTAGGAGC-1,-7.2789352987819536,-7.213222717386201
AGTGACTTCATGCGGC-1,23.072879248790493,-17.3075125407849
AGTGACTTCTCTTCAA-1,-11.813021602392586,-6.540966558314149
AGTGATCAGGTTCATC-1,-0.6605351866668122,-5.282192245486833
AGTGATCGTCACAGTT-1,3.7681337611402625,-6.451580774830745
AGTGATCGTCAGCTTA-1,-5.419371857557882,-8.24248157525932
AGTGATCGTCCAATCA-1,26.130261382526793,-2.660681891738324
AGTGATCGTCCAGCAC-1,-15.912156794874546,-20.369774830191826
AGTGATCTCTCGCCTA-1,8.009829944590717,-32.4714229522158
AGTGCCGAGGACAGTC-1,-2.9371622065157994,15.216763296241917
AGTGCCGCACTTCCTG-1,5.252626677213317,-8.91548372438117
AGTGCCGGTCCGAAAG-1,7.936849363446322,-2.6612440871984546
AGTGTTGAGTCGAAGC-1,-3.968464248682794,31.874400662044692
AGTGTTGGTTGAATCC-1,13.616147988613475,11.706310870897248
AGTGTTGTCATGCGGC-1,0.3851765853750296,33.64926850041926
AGTTAGCCAATTTCCT-1,11.97059422955953,11.218846722757783
AGTTAGCCACGTACAT-1,-20.912904349096774,-19.498786714707467
AGTTAGCCAGGACGAT-1,-8.747084671286965,-22.137468247733427
AGTTAGCCAGTATTCG-1,14.46694387566572,20.060664599433558
AGTTAGCCATCGAGCC-1,1.7387176789526984,-30.69344882510107
AGTTAGCTCAACTTTC-1,-2.5753988201997213,4.606378432579193
AGTTAGCTCCCATAGA-1,24.919189384077225,-6.364028526638038
AGTTAGCTCGACGCTG-1,17.14620225664715,-11.847339859054262
AGTTCCCGTAGGCAAC-1,0.6807612769227892,-31.887944764294843
AGTTCGAGTCCTCCTA-1,-18.672112337828533,-22.498030109412024
AGTTCGAGTGCCTATA-1,6.308590870231307,30.87226904220909
AGTTCGAGTGCCTTCT-1,7.237331833610137,-18.41108082902939
AGTTCGATCCGCAAAT-1,0.3978442550817585,6.874244881747336
AGTTCGATCCTAGCGG-1,-8.156462361542049,3.2016662463933656
ATACCGACATCCGGTG-1,3.927046002296925,-21.006617826513825
ATACCGATCGTAGAGG-1,-1.1530975192809576,-26.937233427120375
ATACCGATCTCCTACG-1,-9.74203545780309,-0.026244732386494996
ATACCTTAGCTAATCC-1,-10.135171649734417,3.0634888946196237
ATACCTTCAAGAAATC-1,15.812344989748812,-20.297428141815708
ATACCTTCAGGACATG-1,-5.66172108259029,-15.669042604248663
ATACCTTGTGCCAAGA-1,8.660035850638456,10.045907119101676
ATACCTTGTTGCGAAG-1,-22.673261753045075,-9.984312397754888
ATACCTTTCACCGCTT-1,-17.793442249303997,-27.173378586282126
ATACCTTTCGGACCAC-1,-5.54253727303174,-7.146883003336537
ATACCTTTCTCCAATT-1,-14.952271989168112,18.382423835981147
ATACTTCAGAGAGTTT-1,20.96847624416826,-13.40635075763944
ATACTTCAGCACCCAC-1,22.391580010208575,-16.04468500688904
ATACTTCAGGCGAAGG-1,6.8695916394474645,-20.51546356418105
ATACTTCCAGTAGTGG-1,-18.581225115822146,-15.153256551830802
ATACTTCGTACACGCC-1,-10.109504439557822,-10.70952744807048
ATACTTCGTACAGCGA-1,-1.558512302626441,-16.805583116770624
ATAGACCAGAAACTGT-1,-3.2141046667333493,-24.3347155166363
ATAGACCGTAGGGTAC-1,9.51750836590925,-14.856464731713704
ATAGACCTCCCAGCGA-1,-5.878869365186931,38.450835899369814
ATAGACCTCCGTACGG-1,6.741042212503081,-15.827984510066264
ATAGAGACAAAGGCGT-1,13.096849340766118,26.004175755400105
ATAGAGACAGTATTCG-1,-33.13878291516699,2.0682125620657255
ATAGAGACATCAACCA-1,-7.96913098904335,-34.235461489666264
ATAGAGACATGCCATA-1,11.71825189067663,29.581166081212714
ATAGGCTCATGACAAA-1,-13.89832915694715,-2.0543815032541666
ATAGGCTGTGTGAATA-1,-1.5501217112755328,-17.71859559971777
ATAGGCTGTTGGAGGT-1,4.163444338491967,6.516224205242997
ATAGGCTTCCTCTTTC-1,-1.1039564230446717,12.352411729559012
ATATCCTAGACATACA-1,-17.5122363808614,2.8524413853058777
ATATCCTAGCAGCACA-1,-13.12112611826175,-2.1422494683123787
ATATCCTAGCTCGCAC-1,-23.601608408825044,-0.47311375545846596
ATATCCTCATGTTCAG-1,-3.202075077809867,4.506672526389989
ATATCCTGTCCTGTTC-1,-28.73782018996542,9.77791051377144
ATATCCTGTCGACTGC-1,7.881787484818034,35.45353748523162
ATATCCTGTTCCGCAG-1,-12.01504185608396,-7.251086917522788
ATATCCTTCATGCATG-1,-26.683628290458422,7.730630638145755
ATATCCTTCATGCTAG-1,-12.478633001394199,0.8623799321869872
ATATCCTTCCAACCAA-1,11.517545645496032,32.01164744612104
ATATCCTTCCACAGCG-1,8.915082365740808,13.112568265490186
ATATCCTTCCATCTGC-1,18.75105334429768,-20.374304675459147
ATATCCTTCTAGCCAA-1,14.545514873625423,-26.883866762503203
ATCACAGCAAAGAACT-1,-20.628948830456107,-4.5179785869281615
ATCACAGGTGACTAAA-1,8.845776961276469,6.445954349832781
ATCACAGGTGACTCTA-1,1.2708673683444083,-3.758852056969282
ATCACAGTCCATAAGC-1,-12.37780886907397,-3.8935181747949326
ATCACAGTCGCTGATA-1,2.415564562054981,-29.79883546533133
ATCACGACAAAGTATG-1,-7.136699828908917,1.0638390869310654
ATCACGACAAGTAGTA-1,13.576699483111906,-16.324132837152973
ATCACGAGTCGGAAAC-1,20.24649622862997,-6.4198856956652
ATCACGATCTTCTGGC-1,-5.599409092875451,-28.41708481460719
ATCACTTAGAACAAGG-1,7.2382026398544745,-20.437971298018457
ATCACTTAGTTCTCTT-1,-8.036830921643224,2.6967683153591637
ATCACTTTCGAAGGAC-1,-23.826236073690623,7.766686971922406
ATCACTTTCTGAACGT-1,-24.91672819213147,-8.93508584068046
ATCACTTTCTGCTCTG-1,-11.675526691352633,1.142103004170839
ATCAGGTAGCAACTTC-1,-27.240570205074803,-6.891000714783653
ATCAGGTAGCCTCAAT-1,-2.9907570949968756,39.10881835627829
ATCAGGTCACCCATAA-1,-7.133821794301255,-2.4455704991916054
ATCATTCAGTTCCGTA-1,-4.5526072300893485,31.93756796512545
ATCATTCTCAAGTCTG-1,0.5866046660972782,22.941757911259728
ATCATTCTCCCATTTA-1,-16.720371524905723,10.470413259710844
ATCCACCGTCGAGTGA-1,25.178549044691596,-14.970976018511536
ATCCACCGTGACCGTC-1,-16.464855268175484,-8.80766923841005
ATCCACCTCGGAGCAA-1,0.7552738742968579,38.68482904251126
ATCCACCTCTCCAAGA-1,-3.159225657146106,4.439107487911856
ATCCATTAGAAACACT-1,21.59221654123994,32.5776422569815
ATCCATTAGACAACAT-1,-19.909663615189622,-0.12479499188353929
ATCCATTCAACATCGT-1,-4.457163853304967,-27.085389265931212
ATCCATTGTGGCAACA-1,-2.205487874735505,-4.816149144978422
ATCCATTGTTCCGTTC-1,-7.978578480241569,12.346494867149307
ATCCATTGTTCGATTG-1,12.908243221261671,34.63818703012025
ATCCCTGCACAAGCCC-1,-12.835701438436335,-1.6324565183245479
ATCCCTGCAGAGACTG-1,4.405325918792147,-37.18939422335282
ATCCCTGGTCATCGGC-1,-4.2929105762352675,-8.416373765108007
ATCCCTGGTTGCTCAA-1,15.795273197613923,31.59930367659767
ATCCCTGTCATATGGC-1,21.142277419673842,27.33864592458629
ATCCGTCAGTCATGGG-1,-16.815376931174345,-25.018175159262235
ATCCGTCCAAGGGTCA-1,0.994912621582539,35.973489519802925
ATCCGTCCACGCTTAA-1,-28.200559983210823,5.371046901719736
ATCCGTCCAGAGCTAG-1,23.139355505883575,-2.589753828424138
ATCCGTCCATCAGTCA-1,6.513285458746006,21.581569572121534
ATCCGTCCATGGCGCT-1,-18.191741555248267,-0.9830029538041926
ATCCGTCGTGCCTATA-1,16.499245666900467,-15.302818347285234
ATCCGTCTCACCTTAT-1,-28.229287724995697,8.951091417938034
ATCCGTCTCCGTTTCG-1,-14.770678159745904,-14.528809029541723
ATCCTATAGGGAACAA-1,-32.89229527170205,-1.2799171850060556
ATCCTATGTCTACACA-1,12.976866282180563,-5.127575695033143
ATCCTATTCCGTGGGT-1,-35.691815299975474,1.2308181834859326
ATCGATGAGCGACATG-1,9.070337594790951,-29.669185094138594
ATCGATGAGTAATTGG-1,-11.773864316247078,-17.48374495009641
ATCGATGCACCGAATT-1,-2.609349293948025,-11.994623236467888
ATCGATGCATTGCCTC-1,20.81277144353623,-10.792021623715474
ATCGATGGTCATCTAG-1,4.940255865902688,28.167282623209772
ATCGATGTCCAAGCTA-1,17.82109238025036,6.6096218722563895
ATCGATGTCCTCTGCA-1,-3.8892922082084356,1.0937274546602858
ATCGATGTCTAGCCTC-1,-8.327724272835557,-1.2542318267353627
ATCGCCTCAACAGAGC-1,-3.621666220414998,-35.23428237016176
ATCGCCTCACCAGGTC-1,-16.15100056583364,-12.313964886585788
ATCGCCTGTGGTCCGT-1,1.781638591515778,27.920198796258127
ATCGCCTGTGTGTCCG-1,24.990444210675626,-3.3386850578401006
ATCGCCTTCAATCAGC-1,-13.40697161651727,18.678191642141844
ATCGGATAGATTCGAA-1,-4.358916125961409,-23.950623883209424
ATCGGATAGCCTCTCT-1,10.930560663787785,8.533584593807701
ATCGGATAGGTCCTGC-1,2.0013275799803583,34.90966248356442
ATCGGATCAACGAGGT-1,19.73151478758003,-3.5970480864154126
ATCGGATCAAGTGGGT-1,1.0949245360111206,-26.625629451876314
ATCGGATCAATAGTAG-1,25.937976829391534,-2.618435097541623
ATCGGATTCACGTCCT-1,-3.8848830020375607,-34.00139230636864
ATCGGATTCCTGCCAT-1,20.544504268533657,7.68436670598655
ATCGGCGCAAGATTGA-1,-3.933778756433226,-12.696878563483814
ATCGGCGTCACCTGGG-1,26.652206565357172,-3.842118257779429
ATCGGCGTCATGTCTT-1,10.752792335696,-17.472791623830556
ATCGGCGTCGCCCAGA-1,-34.91475710066537,0.23658466814382437
ATCGTAGAGGTTCTAC-1,-23.30886183288741,3.5920604104033096
ATCGTAGAGTCCTACA-1,-26.15892311325772,3.191175072132808
ATCGTAGGTCCAAGAG-1,1.992916507549712,2.66147875080348
ATCGTAGGTTGTGTAC-1,-4.585362605795401,39.00616537331294
ATCGTCCAGACCTCAT-1,-13.109456040222215,-4.9521525659176096
ATCGTCCAGCCATATC-1,-11.278619095434749,9.683282983988711
ATCGTCCAGGTCGACA-1,1.7215377721956997,-13.722454623949183
ATCGTCCAGTATGAAC-1,-9.97371283893557,-20.62718634627298
ATCGTCCCATGCCATA-1,13.744084594788106,34.81565602752123
ATCGTCCCATGTGGCC-1,-23.090387792597507,3.4709304107946126
ATCGTCCGTACAGAGC-1,-7.439893895464778,-24.166847821782003
ATCGTCCGTACGGGAT-1,20.988847308138038,5.520547413516881
ATCGTCCGTAGGAGTC-1,-22.13040026113794,-21.937647847807416
ATCGTGAAGAGTCAAT-1,3.68296417092567,-20.477694033983344
ATCGTGACACCTCAGG-1,-2.0204067888668464,32.80510840690097
ATCGTGACACCTGCTT-1,-2.2910715809377433,-4.832517392811372
ATCGTGACATACCACA-1,25.11681509962606,-4.526642388086373
ATCGTGACATCCGTGG-1,6.951749291463346,17.434642196723875
ATCGTGAGTCGAAACG-1,1.2537161353261075,10.156000456348
ATCGTGAGTTTCAGAC-1,14.23976916563085,-9.237705592267625
ATCGTGATCTTTGATC-1,-3.7131882188479874,-9.901199869179305
ATCTCTAAGAGACAAG-1,2.4858411491091372,18.4135133893275
ATCTCTAAGCTAGATA-1,3.0637450491260476,36.59971531393626
ATCTCTAAGGCGTTGA-1,29.818009350141033,4.085323870957598
ATCTCTACACCGCTAG-1,-4.301483250754759,-21.83330817682188
ATCTCTAGTACCGTGC-1,4.911622748988346,30.464459734985116
ATCTCTAGTTCCTACC-1,-3.0524930565858175,40.6103291367937
ATCTCTAGTTCGAAGG-1,-25.435929356946136,1.3556574000937816
ATCTCTATCACTGTCC-1,-32.13598216538417,0.6919910951749197
ATCTCTATCTGTAACG-1,-7.10747999545693,-5.901149189573992
ATCTCTATCTTCGACC-1,18.106441346915418,1.791090004854088
ATCTTCAAGCACACAG-1,-3.94928487017674,1.2276414048508852
ATCTTCAAGCGACTTT-1,20.611126686521228,-17.12966585642393
ATCTTCAAGCTGTTCA-1,14.152394832467458,-16.520650362847217
ATCTTCAAGGTCTTTG-1,-14.350899141913866,-7.124271520860422
ATCTTCAGTAGTCGTT-1,-6.238998641643525,-15.561467179352872
ATCTTCAGTCAGGTAG-1,-15.916986072420567,-8.457440937617623
ATCTTCAGTGGGCTCT-1,-31.502903261925745,3.480459946860347
ATCTTCATCCATGATG-1,-1.6671244662885134,37.31371500917959
ATCTTCATCTTGCGCT-1,-19.713874921058547,11.360627941478658
ATGAAAGAGACGCAGT-1,-13.86575499912136,-27.036479147445878
ATGAAAGCAACTTGCA-1,0.12933106912181153,11.43646880618035
ATGAAAGGTTGTTGTG-1,18.79120243899513,-23.175829753913938
ATGAAAGTCACTGATG-1,-9.71328680521489,7.968581530596544
ATGAAAGTCCGAGATT-1,-9.784186181055802,-8.037639662877535
ATGAAAGTCTTGGCTC-1,0.5929166309642812,-28.17672626245407
ATGACCAAGCACGGAT-1,11.571314507780688,-24.589082435773815
ATGACCAAGGTGATAT-1,5.7812448894130934,22.989334197534347
ATGACCACAAGGACAC-1,-11.782764349009861,11.361429993623469
ATGACCACAGAGTTGG-1,14.298925244497267,6.096520604572447
ATGACCAGTAGTAAGT-1,18.864336879563677,-23.065463275953856
ATGACCAGTAGTCTTG-1,3.293371255570436,-3.9138044453259133
ATGACCAGTCCGATCG-1,-5.01751155311012,38.089788634813104
ATGACCAGTCGAGCAA-1,15.633044605509498,35.90993268798894
ATGACCAGTTACCCTC-1,12.190456028918458,44.009996016357064
ATGACCAGTTTGGAGG-1,16.985258451138144,9.211624352879609
ATGACCATCGCTTAAG-1,24.34272520253032,-7.687475570466573
ATGACCATCTGTCGCT-1,-3.908713527331042,-0.6844557784478156
ATGAGGGAGGGATCTG-1,9.244432419176546,-16.887478836383693
ATGAGGGCAACTTGGT-1,-24.517515237311173,-11.028575002735836
ATGAGGGCATCACGGC-1,3.0691702927803655,30.520349781240323
ATGAGTCCAGATCACT-1,-16.95901753867804,-16.691343393240924
ATGAGTCGTAGGTAGC-1,10.099774036314004,-18.869420061524707
ATGAGTCGTCGACTGC-1,13.156438720790886,0.38883572478869854
ATGAGTCGTGTGACCC-1,21.73672722092875,-15.054038821675361
ATGAGTCTCACTTGGA-1,-9.354087295879395,-24.74370607118874
ATGAGTCTCCTACACC-1,3.1612803784289176,40.235075747056776
ATGATCGAGCACCCAC-1,-30.145573754346902,7.775183685229781
ATGATCGAGTATTGCC-1,-12.707513754720337,-10.947169072494667
ATGATCGAGTTGTCGT-1,8.761091404853408,-25.142715538441657
ATGATCGGTCATAAAG-1,-14.733687436372705,-23.54968189217865
ATGATCGGTGGTCTCG-1,13.71368289524362,-23.789713365392885
ATGATCGTCAGCAATC-1,-11.68716271087144,-2.1716433634217647
ATGATCGTCATCTATC-1,5.724147396007732,-2.489766147393337
ATGCATGAGGACAAGA-1,7.605927716198109,-7.574123289918503
ATGCATGCACTCATAG-1,-21.041879643638328,-23.619806446780096
ATGCATGGTAGACAAT-1,1.9128383682793195,37.34675236197097
ATGCATGGTAGTCTGT-1,11.365595297571238,1.8387391345690587
ATGCATGGTTTACTGG-1,-6.042733226486151,-10.79919540331987
ATGCATGTCGCGTAGC-1,12.612788708551868,24.22458969456325
ATGCCTCAGAGTCCGA-1,-23.749673570337823,2.7485491541984386
ATGCCTCAGGACAACC-1,-17.906642101270492,2.513543970067557
ATGCCTCCACGACGCT-1,-20.733510075414443,-19.685112597394625
ATGCCTCCACGTAGTT-1,10.013379629262339,4.787702498535965
ATGCCTCCACGTATAC-1,-2.8349589717748693,28.681930863514705
ATGCCTCGTGAGATTA-1,12.814734687140765,36.630807768550106
ATGCCTCGTTGTATGC-1,-25.60544023154058,-4.6492902597004395
ATGCCTCGTTTAGTCG-1,2.7593496567912323,-17.187041515509897
ATGCCTCTCACAAGGG-1,0.06636088926459979,29.42160409059676
ATGCGATCAATCGTCA-1,-4.521475422596509,31.335806489252978
ATGCGATGTTTGTGGT-1,3.9305152628031603,4.402326224061727
ATGGAGGAGACCTTTG-1,-12.579003262504429,-14.393495812828837
ATGGAGGAGATGACAT-1,4.399896064247762,-21.308270137401728
ATGGAGGCAACCGGAA-1,-11.716212643668989,-32.30284169274538
ATGGAGGCACACTGGC-1,3.6294540657543384,41.73393490826714
ATGGAGGCAGTCCCGA-1,6.967648572380577,-0.9639716891632554
ATGGAGGGTCCAAATC-1,18.525631736961707,8.882369721904606
ATGGAGGGTGTACATC-1,5.343670040016758,-25.52445569661274
ATGGAGGTCCTAGCTC-1,20.61512495972621,-10.065954496733353
ATGGAGGTCTCCATAT-1,2.027486958590398,12.003750447114506
ATGGATCAGATGGCGT-1,9.848819562418049,-28.403375711986637
ATGGATCCACATTCTT-1,21.938932089389354,5.035783460379889
ATGGATCCAGCTGAAG-1,-8.695361099240035,-14.851815862971804
ATGGATCCATGTCTAG-1,-16.599257527376267,-26.261547392132446
ATGGATCGTGTGCTTA-1,4.923047055323537,-7.442692892031925
ATGGATCTCCACTTCG-1,-15.254019943120952,-16.61815829036341
ATGGATCTCCCTTCCC-1,-4.874269484586735,38.353216464340434
ATGGGAGAGAGTGTTA-1,-3.1703308902432696,-25.920385173564128
ATGGGAGAGCTCGACC-1,14.256219497973138,28.804603507221284
ATGGGAGCACCCAAGC-1,12.209710775548023,-11.071134332275355
ATGGGAGGTACGCTAT-1,6.75385740914856,-27.949601005605206
ATGGGAGGTAGTAAGT-1,12.395983786887248,-21.230306708808282
ATGGGAGGTTACGATC-1,2.8843291920689365,43.77810200270275
ATGGGAGTCCTTCTTC-1,19.836322261470624,-18.21589994561401
ATGGGAGTCTACCTTA-1,19.400489785505258,33.06141076917163
ATGGGTTAGAAGTATC-1,-13.588643309806193,19.523484574311635
ATGGGTTCACTGCGAC-1,14.2357123936127,-27.33758144826596
ATGGGTTCACTGTCGG-1,-1.5941772006197312,-17.66072554631867
ATGGGTTCATAAGCAA-1,6.357764973544207,-34.61671990327713
ATGGGTTGTGATTAGA-1,-7.0860571693409655,-16.46615429268697
ATGGGTTTCCTACCAC-1,5.357069506215512,-18.948723243335785
ATGGTTGAGCACCGTC-1,12.393814802803156,-3.201697967202593
ATGGTTGAGGGAGGCA-1,-31.66721905213935,10.436230715868957
ATGGTTGCAAGAGTAT-1,5.8883909134752,-24.43043315292961
ATGGTTGCAGCGAGTA-1,-18.788779649070037,-30.460009072786207
ATGGTTGGTAGACGGT-1,8.794251683626262,37.76177434931004
ATGGTTGGTTCCGTTC-1,-34.13802750400731,-3.3981364376081418
ATGGTTGTCAAAGCCT-1,27.19981847574054,-8.186137556147013
ATGGTTGTCGAGAAAT-1,12.238465939475148,30.5496668521765
ATGGTTGTCTCCTGAC-1,-27.528020896163316,2.3178164510289903
ATGGTTGTCTCTCTAA-1,10.377272768074034,-13.809680204203248
ATGTCCCCATACATCG-1,16.036356069005915,-7.704691393730931
ATGTCCCGTAGTGCGA-1,13.102388444905584,20.412825011208394
ATGTCCCGTGGGTCAA-1,-7.227631916984331,-7.072256650846612
ATGTCCCGTGTACGCC-1,12.200841316521725,23.14573092144577
ATGTCCCTCGGTTCAA-1,1.2008425697983114,30.004493634252974
ATGTCCCTCGTCGCTT-1,-19.318351781109314,-19.81282950072363
ATGTCCCTCTGGTGCG-1,1.88551944242167,41.36982366245134
ATGTCTTAGAGGCTGT-1,13.598769323215395,-13.695692747086841
ATGTCTTCAAACTCGT-1,-24.549281702362656,-10.80547402783591
ATGTCTTCACTACCCT-1,-13.671679771189005,6.873887409853607
ATGTCTTCAGCGGATA-1,-13.104802130288517,1.9709512263229765
ATGTCTTCATACTGTG-1,10.089341476055942,37.81072744463274
ATGTCTTCATGACTCA-1,-7.899499680814658,12.397019973801191
ATGTCTTCATGTGGTT-1,-13.097526191013225,-16.94354868045377
ATGTCTTGTTGCATCA-1,-15.890647061874038,12.839561919254443
ATGTCTTTCACACGAT-1,-4.19073540293104,6.9347097917789045
ATGTCTTTCGTCGCTT-1,-7.931138014178785,-25.49635407694803
ATTACCTAGCTAGTTC-1,13.394238623252626,-31.192946657841173
ATTACCTCACGGTGAA-1,-0.8413947402963834,-1.249235118398343
ATTACCTGTCACTTCC-1,-17.420627583272672,9.701803516595211
ATTACCTGTCAGCTTA-1,12.360795039646334,26.490856680654407
ATTACCTGTTCAATCG-1,-18.465695122412313,0.9150896743537401
ATTACTCAGGAGGTTC-1,-3.059288750564698,4.179660472966701
ATTACTCCAGGGAGAG-1,-10.018089903869294,-28.814514652019977
ATTACTCCAGGTATGG-1,-1.6490885315502073,-29.444667768412053
ATTACTCCATATACCG-1,-20.915782505132988,-8.807610608903337
ATTACTCTCGCTGACG-1,-2.2015717988777923,-14.989411176888726
ATTACTCTCTTAGCAG-1,-14.871720361974905,-19.729757306247237
ATTATCCAGATGACAT-1,13.28755910058413,31.58744107068734
ATTATCCCAGCGGATA-1,14.989807974581845,36.18580201526404
ATTATCCCATAGACTC-1,17.69876700093562,-11.406508777001127
ATTATCCGTGGGTTGA-1,25.171901890492187,-4.135363708231667
ATTATCCTCAGCCCAG-1,-2.37594118588201,-8.272869909578732
ATTCACTAGTGAATAC-1,-6.819805608522499,0.2611011239391831
ATTCACTCAATAGTGA-1,15.698210255832365,-14.656814336679368
ATTCACTCACGACAGA-1,-11.241416752621733,8.500466971099904
ATTCACTGTCGACTGC-1,-21.322475943313272,3.1560244836074776
ATTCACTTCACACCGG-1,-6.220903491011596,17.592430273184934
ATTCACTTCTGCTTTA-1,-6.392840326725944,-0.3582776908947422
ATTCACTTCTTTCCGG-1,-27.965775279101557,8.928950544894464
ATTCAGGAGGGATCGT-1,15.097611752177318,21.91434679415102
ATTCAGGGTCCGGATC-1,23.28665378307829,-17.90977214776759
ATTCATCAGTAAACTG-1,-7.277105661910405,-3.774584400563205
ATTCATCAGTAGCTCT-1,-1.248393700875695,-25.3425868139578
ATTCATCAGTTTGGCT-1,-9.912168695415788,-0.45159480356765913
ATTCATCGTGGATACG-1,2.497782611883386,-23.16111083144917
ATTCATCTCCTTATGT-1,-25.20558669998659,8.6699358456316
ATTCATCTCGGCATCG-1,-7.9528472774934675,8.558827873422675
ATTCCATCAACTTCTT-1,9.255302200651116,37.835427461829674
ATTCCATCACCAGCCA-1,-14.105057315256435,-18.68154102001878
ATTCCATGTGAGGCAT-1,23.243129066003483,-6.173201730183608
ATTCCATGTTCGAACT-1,-26.2557996073543,-11.539405379638303
ATTCCATTCACTTGGA-1,-18.00941685838591,-4.766182766606722
ATTCCCGAGGCTTTCA-1,-15.14496985114762,-10.471879727400493
ATTCCCGAGTTGAATG-1,7.503170171133388,28.26742009359007
ATTCCCGGTACGCTTA-1,3.0689349415961944,-31.00266337140757
ATTCCCGGTGATGGCA-1,8.623879604046602,-5.5331232716297025
ATTCCCGGTGTACAGG-1,-0.880823872916005,-28.464509385808714
ATTCCCGGTTAAGTCC-1,-5.357603034529585,37.47742012978292
ATTCCTAAGAGTTCGG-1,12.771303424182117,30.809609284260297
ATTCCTAAGGGTATAT-1,-16.839244244361964,-24.59235340999877
ATTCCTACAAAGACTA-1,-1.7350941403972793,33.65035444079772
ATTCCTACATAGGAGC-1,3.5621574210601485,-13.622551006583958
ATTCCTACATGCCGAC-1,-19.074382643221398,15.416598644396219
ATTCCTACATGTAACC-1,7.686509938793468,10.710275592063551
ATTCCTATCGCGCCAA-1,17.8750591351107,11.7670416030283
ATTCGTTAGGAGAATG-1,14.323051961678987,29.933019014912404
ATTCGTTAGGCGTCCT-1,11.110690726970446,30.661324339449855
ATTCGTTCACCATATG-1,10.0920703561804,10.148982521373934
ATTCGTTCACGCAGTC-1,-11.201009651857962,-6.891523365184327
ATTCGTTCACTTGAGT-1,2.163234349647614,-12.188203578784194
ATTCGTTGTTTAGAGA-1,8.226941224447765,-28.11566577487287
ATTCGTTTCAAAGACA-1,-7.657279797099507,-10.364803264339752
ATTCGTTTCGGCTGGT-1,11.54029030529645,-13.566614188217745
ATTCGTTTCGTCAACA-1,-16.796297347326743,2.0999859879718334
ATTCTACAGGGCATGT-1,-2.063136381075103,-35.2030396976524
ATTCTACAGGTTCCGC-1,1.6438297794493102,-14.865182617974538
ATTCTACCACGTTCGG-1,14.426929658920349,-4.203454925281983
ATTCTACGTCATGACT-1,-2.3663951699412378,1.359334157491027
ATTCTACGTCCTCCTA-1,-13.064292959403293,7.795367743654282
ATTCTACGTGAACTAA-1,-0.6012928854017769,-2.878253270773245
ATTCTTGAGCTCGACC-1,-11.487313605628858,-9.993242441941867
ATTCTTGCAAGCAATA-1,-6.6088610193898525,6.87112382619357
ATTCTTGGTGAGAGGG-1,-7.168106073713134,2.061631510351532
ATTCTTGTCGTTAGAC-1,-17.221461055891062,-12.097771684357067
ATTGGGTAGGCTGGAT-1,6.091814911632777,-25.177770072467084
ATTGGGTAGGTCATCT-1,-10.248900544970072,-23.324727217159275
ATTGGGTAGTTACGGG-1,16.27426285212654,-20.702441271780536
ATTGGGTCAGGCTCTG-1,-6.156003489797477,-27.863222558547886
ATTGGGTGTCGAACAG-1,14.831462430671975,34.47013376846053
ATTGGGTTCGGCTGTG-1,-7.939896646158647,2.3368965464485503
ATTGTTCCAGTATGAA-1,-20.77007248202919,-22.2845368746607
ATTGTTCCATTGACAC-1,-17.429095791329143,4.023255894768381
ATTGTTCGTCGATTTG-1,-30.120343971144138,-1.4569390329668146
ATTGTTCGTTAGTTCG-1,10.08692985077234,36.10466848474357
ATTGTTCGTTCGTAAC-1,13.049398122671427,0.14556922208730627
ATTGTTCGTTTGGAAA-1,-0.9654614966550906,-15.133383747981135
ATTGTTCTCTCGTTTA-1,3.581137718728016,8.867217746378085
ATTTACCCATCGTTCC-1,-18.594263976442317,13.61377055566331
ATTTACCGTACAGAGC-1,17.93543996017096,-20.636220581552642
ATTTACCGTTATGGTC-1,1.0613924158258952,29.547468019623
ATTTACCGTTGCATCA-1,-28.428661951420494,5.2245160066940235
ATTTACCTCCCGAGGT-1,9.380878731794319,12.970177693432824
ATTTACCTCCTCTCTT-1,-20.35526072667894,6.352700649231124
ATTTACCTCTGCTCTG-1,-9.051608209360156,19.152765245180497
ATTTCACAGCGTTCAT-1,30.15929081292661,-8.883610393623554
ATTTCACAGTAACCGG-1,-13.115793473658334,-29.311334959262553
ATTTCACCAAGTAGTA-1,-20.671226912562425,-15.323091255772683
ATTTCACTCTCCGTGT-1,-15.123850925422557,11.752093032701948
ATTTCTGAGAGGGTAA-1,22.26941675264109,5.226102642420016
ATTTCTGAGGCACCAA-1,11.259103437593458,38.237481492145925
ATTTCTGAGTAGACAT-1,10.75855887091747,4.614342348314857
ATTTCTGAGTCCGCCA-1,-14.188322060762227,6.207565110283876
ATTTCTGCATAGTCAC-1,-3.880233047835467,33.6138012620626
ATTTCTGTCTGGTCAA-1,-8.557284425905966,6.944991665888456
CAAAGAAAGGAAACGA-1,9.75062782967887,23.715539683731055
CAAAGAACACTAGGTT-1,3.892457268296379,-34.1866173136902
CAAAGAACATGTAACC-1,9.013408606748888,41.276630417972214
CAAAGAAGTCGATTTG-1,10.391194396974415,26.275846513469773
CAAAGAAGTGACCGAA-1,-6.255016274834599,-0.06838600139421316
CAAAGAATCCATACAG-1,6.360302450142931,41.66073215247735
CAAAGAATCTCATTTG-1,-7.344344703926998,7.606724271422101
CAACAACCAGAGGCAT-1,-17.288728245216674,13.103936821408999
CAACAACGTAGGCAAC-1,-18.899592876229875,10.317169171160021
CAACAACGTTGGGCCT-1,11.227050760371595,34.774369237245644
CAACAACTCCTCCACA-1,-24.38598281570047,3.8287710903621175
CAACAACTCGTGCAGC-1,5.452259514610859,6.24130886572205
CAACAACTCGTTTACT-1,15.191858809420756,21.960293564461754
CAACAGTAGGAGAATG-1,-10.090290045558362,-8.040164171080347
CAACAGTCACTGGATT-1,8.833840057597904,9.78892204532554
CAACAGTGTCTTGCGG-1,3.5870359541384467,35.45371497710664
CAACCAACACCACATA-1,-14.119388662629435,-1.5843464258303077
CAACCAACAGACATCT-1,-25.241082183050192,-4.672112142807221
CAACCAACAGTCAGTT-1,-20.8695398904671,-15.0600721927404
CAACCTCAGACGGTCA-1,4.277380539915668,11.823074791320922
CAACCTCAGAGCAGTC-1,9.856118156197892,-34.38706094746793
CAACCTCAGCGTACAG-1,-7.651328566483194,-7.415549196749809
CAACCTCAGGGAGGTG-1,-5.456210933688576,-7.868847465682173
CAACCTCAGTATGATG-1,-7.339853080842345,-32.82446238216046
CAACCTCTCATCTACT-1,21.159077394894144,-7.356102977013276
CAACGATAGATAGGGA-1,14.127783175909993,-4.821745446453873
CAACGATAGCTCACTA-1,-2.1416104041807786,-28.05234303389656
CAACGATGTTAGGCTT-1,20.45378045516831,-15.321641750209091
CAACGATTCCGATGTA-1,7.686927579181729,6.842540200929585
CAACGATTCTAGGCCG-1,5.338092180395445,25.38585839150566
CAACGGCAGAGTTGCG-1,4.095956662191451,-24.980812593498374
CAACGGCAGATAGTCA-1,8.171336493115342,31.932316097054336
CAACGGCAGCACGATG-1,14.482504484806544,-3.3565035630989044
CAACGGCGTCATCCGG-1,7.598857237972057,23.499402940122575
CAACGGCTCGGTGCAC-1,25.11682449472325,2.8109650585762274
CAAGACTAGCAAATGT-1,-8.74301520181611,-16.64007178120457
CAAGACTAGGATTTCC-1,3.156799862559683,23.556798576328166
CAAGACTAGTTAACGA-1,13.821571458169716,25.668917662688614
CAAGACTGTACTAAGA-1,-23.95815416009995,8.698851216017655
CAAGACTTCCACGAAT-1,14.807432322385539,13.264807336599644
CAAGAGGAGAACCCGA-1,16.69254271584764,25.839654624555113
CAAGAGGAGGATACGC-1,18.42068429709481,30.037780447303305
CAAGAGGAGGCTATCT-1,23.497529795765537,8.551051485003901
CAAGAGGCAGGTACGA-1,-9.91944461849934,-6.249388864728134
CAAGAGGGTCCGGCAT-1,-17.19110816859288,-21.635706830168274
CAAGAGGGTTGTATGC-1,-0.5252523954144237,-34.73756536432861
CAAGAGGTCCGTCCTA-1,-6.093878138704245,-4.506797933125233
CAAGAGGTCTAGCCTC-1,7.4025206956862855,-14.969965115170334
CAAGCTAAGCGCCCAT-1,-11.46934326274119,3.0173088396699552
CAAGCTACAACTCCCT-1,0.8332562872296845,38.124635659662694
CAAGGGACACAAATCC-1,10.17346400537389,-31.2817396301352
CAAGGGACACTACTTT-1,6.948814182735275,-5.944198960959903
CAAGGGAGTCCGCAGT-1,-8.410994176641148,-26.23855260131014
CAAGGGAGTGCGGTAA-1,2.1591581190549154,-21.107274528281568
CAATACGCAAGAATGT-1,8.960107764810328,-8.914661892247125
CAATACGCAGATTCGT-1,-11.543036904223328,1.0183203997933241
CAATACGGTCAAAGCG-1,9.504019144993237,32.1809996043052
CAATACGTCGAGAACG-1,7.557591815987569,21.690641614025562
CAATCGAAGACTGGGT-1,13.912336105900186,29.379089022634798
CAATCGACACGCCACA-1,-2.254039123714974,9.339606780319935
CAATCGAGTTCGATTG-1,0.915658457116319,-1.6358437567973014
CAATCGATCAATCCAG-1,-14.815364906959289,6.850753908408657
CAATCGATCCACGGGT-1,1.9457770439112043,33.70432235207769
CAATCGATCTTCGCTG-1,0.31130999525002534,9.751128860378445
CAATGACAGGCACCAA-1,11.366670968408085,12.549483774731675
CAATGACAGGCGTCCT-1,3.9083793012064865,20.553748616396845
CAATGACAGTGACCTT-1,-12.428300210413306,10.093465593886238
CAATGACCAACTTCTT-1,19.320267195750585,13.148749431905275
CAATGACCACAACGCC-1,-10.733521067474,-31.805474404123192
CAATGACCACCTGCGA-1,5.422292661749465,-35.47199727661219
CAATGACCATGACCCG-1,-16.190727643861894,-2.73156579459384
CAATGACTCACCCATC-1,10.398735505536312,37.51316764906274
CAATTTCAGCCTGTCG-1,-6.734344304148248,5.183600610777857
CAATTTCCATCCTTGC-1,16.76111931529808,13.555220674428181
CACACAAAGATGAAGG-1,19.507468132154944,-21.007044520876864
CACACAACAAAGACGC-1,3.7494475575242423,-12.426148836857676
CACACAACAGACCTAT-1,-16.777624894188012,0.9619437047277118
CACACAACAGACGGAT-1,-25.5584004848866,10.219899599631475
CACACAAGTAGTGCGA-1,26.202042154925852,-6.67382704504642
CACACAAGTGCCTGCA-1,-21.6134614339921,7.952580302670921
CACACAATCCGTGGGT-1,0.4715478640890977,36.75336573666687
CACAGATAGAGTGAAG-1,0.5026122444534993,32.71062233031052
CACAGATAGGGCAAGG-1,12.475355898790047,-19.803346670837232
CACAGATCACGCGGTT-1,0.6011454251182315,3.1152252206543856
CACAGGCAGGTCACCC-1,-2.3869663388550553,-1.4737451392888359
CACAGGCCACCCTTGT-1,-21.80946154927872,-23.559910606070925
CACAGGCGTATACAGA-1,6.93806580740943,-11.910659766606445
CACAGGCGTCCGAAAG-1,-0.42631685447759976,-31.352971157002408
CACAGGCTCTCTATAC-1,-15.320644079170057,-9.219771841781286
CACATGAAGCTACTGT-1,16.167923600130862,13.0713860651045
CACATGAAGGAACTAT-1,-31.139986328292892,2.8089705619403174
CACATGACAAGCGCAA-1,2.8153742675377655,0.7044088556922632
CACATGACATAACGGG-1,-11.206303605406756,0.40796531595205865
CACATGAGTTTCGACA-1,15.508966700482512,3.5016051242431385
CACATGATCCAAGCAT-1,-33.639344618750556,2.107931861344929
CACATGATCCTTCTAA-1,5.1107547939355396,37.97939229197011
CACCAAAAGCAACAGC-1,-17.27289083483169,5.176000818853603
CACCAAACACGTCATA-1,7.175128561824879,30.018324775317964
CACCAAAGTCTGATCA-1,0.567242245900514,36.58350455787524
CACCAAAGTTGAGTCT-1,-2.569515700485075,-35.26417335554563
CACCAAATCCTAGCCT-1,5.514791492184319,38.73134950316661
CACCAAATCCTGTAGA-1,-20.68701972700735,-3.722141457329004
CACCAAATCGCCGATG-1,5.932041518150947,-33.585577593028944
CACCGTTAGCTGGAGT-1,-1.3961688970776887,4.105787599935425
CACCGTTCATCCGTGG-1,5.293849927178605,7.284479156883761
CACCGTTGTACGTTCA-1,-22.01195117181911,2.0932491178249024
CACCGTTGTAGAGTTA-1,-1.5188198121612364,-35.419088257119846
CACCGTTGTCACTTCC-1,-21.23993419723095,15.009953567898087
CACCGTTGTCGTCGGT-1,24.350715999503908,-6.133684856329642
CACCGTTTCACTGGGC-1,-26.76519767923704,3.2951643782886477
CACGAATAGGACTAAT-1,-11.98125880414171,-32.90234985064496
CACGAATAGTGACACG-1,-4.100457221824636,-27.4086203842295
CACGAATCAAGTTCCA-1,19.44752782137711,-0.010864774862800084
CACGAATCATGTCGTA-1,-25.01231643282479,-3.0574152589175188
CACGAATGTTTGGGAG-1,-1.933331363535357,43.07966512257525
CACGGGTAGAGCATAT-1,6.436143013092292,41.78909646174667
CACGGGTAGATAACGT-1,1.2315963457076033,24.985230214517408
CACGGGTCACACACTA-1,-24.392338397233956,1.6428190099563547
CACGGGTGTACCAATC-1,-10.870471019373314,-12.250525884452099
CACGGGTGTGCAACAG-1,18.923032537818997,-8.422830535067352
CACGGGTGTTAACCTG-1,-29.96862379714059,5.769833106767914
CACGGGTGTTACACTG-1,-24.958238933314846,8.639949663292338
CACGGGTTCATAGACC-1,-17.663295467560655,-11.688196189967465
CACGGGTTCTGGTCAA-1,27.15878173421298,4.508393728686324
CACGTGGAGAAGAACG-1,3.905463966169029,-36.50015025158629
CACGTGGCACGAGGTA-1,6.147593491464303,7.554846405181207
CACGTGGGTTTGATCG-1,-16.880163888945535,-16.657591870888254
CACGTGGTCTAGACAC-1,29.53979682141573,5.523799525179945
CACGTGGTCTCGTCGT-1,-27.83227320268316,-0.8657532659144233
CACGTTCCACGGTGAA-1,-21.6082312971105,-11.078263285282013
CACGTTCCATGCCGCA-1,-17.66606357431936,16.330119811795484
CACGTTCGTCAGTCTA-1,23.352411640914195,-10.154899714138285
CACGTTCGTCGGTAAG-1,4.7378681984703634,-26.900242572511534
CACTAAGAGGCCTAAG-1,1.9829928956504201,36.03335465826363
CACTAAGCAACCAACT-1,10.613870057110427,23.787533523359173
CACTAAGGTAGGACCA-1,4.741566979460602,-24.689743404590782
CACTAAGGTGGAGAAA-1,11.847699078351976,29.017374025961658
CACTAAGTCCATCGTC-1,5.480329569682525,41.030131993071016
CACTAAGTCGAGGCAA-1,16.781985171728603,28.892553082824044
CACTGAACAGCTGCCA-1,6.150837500354608,-7.011270278686152
CACTGAACATAGGTTC-1,-15.031325855770687,15.499891663568315
CACTGAAGTAGGACTG-1,11.045321365950754,20.168877954442834
CACTGAAGTATCACCA-1,-0.01269976107530691,10.142155057124716
CACTGAATCAGTGTCA-1,21.504416939944065,26.778842587454566
CACTGAATCCATCACC-1,14.208057101946627,31.561248113808436
CACTGAATCTGCATGA-1,10.291821148681466,32.33376236960484
CACTGGGAGGACATCG-1,-18.470895060855575,-21.558513796150585
CACTGGGAGGTGGCTA-1,9.505253862543539,41.642771016807274
CACTGGGCACCTCGTT-1,-14.510899686372595,-14.86309600926533
CACTGGGGTCGCTCGA-1,-23.59720677589625,-2.788726409944917
CACTGGGTCGAGATAA-1,4.777241030606302,-15.86269480341614
CACTGTCAGAGTCGAC-1,-12.669861546060334,16.291050077019825
CACTGTCAGGATTTAG-1,-11.037832765324017,-22.96910344146765
CACTGTCCAATACCCA-1,-13.597146368206717,-3.989503629264806
CACTGTCGTAGCTGAG-1,-6.092040845117129,-14.998799190854541
CACTGTCGTTAACCTG-1,-31.025932009856003,-1.0763812829507065
CACTGTCTCCGCTGTT-1,-27.851705867268212,6.27397633511941
CACTTCGCAAATACGA-1,-17.851494353227167,-13.432557870467342
CACTTCGCAATCCAGT-1,-8.516817402609009,-0.19706012694479483
CACTTCGCACACCTGG-1,8.901075611506975,-13.80391023960945
CACTTCGCAGTCGCTG-1,-2.440385802200885,-16.09343178363024
CACTTCGCAGTTGCGC-1,-12.701039431611765,3.0547158317605536
CACTTCGGTTGCTAGT-1,-21.12993034536232,-12.62331463033692
CAGAGCCAGACTCTTG-1,-13.947110598799972,-6.59681099510061
CAGAGCCAGATACCAA-1,24.008852743892906,-7.307214136260219
CAGAGCCAGGTGATCG-1,10.876115990008563,-29.804202316559994
CAGAGCCAGTTAGAAC-1,-3.8087987902522076,-16.910179680636343
CAGAGCCCAACAGAGC-1,-19.485705420074662,11.484219299516443
CAGAGCCCAATTTCTC-1,12.119756233845395,0.6148411789410768
CAGAGCCCACAACATC-1,5.786661656801225,-9.641720587544485
CAGAGCCCACCCTAAA-1,-11.21655702333983,18.765429625493528
CAGAGCCGTACCCGAC-1,31.729706202942687,-1.9958233636133147
CAGAGCCGTGTCTAAC-1,20.42368705633239,-15.391645742498865
CAGAGCCTCTTTCGAT-1,-4.966888342773752,3.831975249678996
CAGATACAGCGGACAT-1,11.607856499953687,-17.06820453697392
CAGATACCACGCGTGT-1,-26.9983535390656,-4.842287833475935
CAGATACCATCAGCAT-1,-8.58442037981267,-5.7649864014981915
CAGATACGTGTCATGT-1,-32.39944821433859,-2.585552643723103
CAGATCAAGATTTGCC-1,-1.9195398491221451,-37.15665204268815
CAGATCAAGGTGCAGT-1,-12.53536450190674,12.04489098002815
CAGATCAGTACGTAGG-1,1.8950021265510602,33.10210815676679
CAGATCATCAAGTCTG-1,11.529679271077983,28.202668974444784
CAGATTGAGCCATTTG-1,4.088520788549238,-3.8639637830615885
CAGATTGAGCTTCTAG-1,7.9621195724551255,39.93781997646341
CAGATTGAGGATACCG-1,19.184403034863443,31.53509291143055
CAGATTGAGGCCTGCT-1,-17.37185021663097,4.982245063235877
CAGATTGAGTCTAACC-1,-15.953661090807978,-13.949563596130792
CAGATTGCAAGCTACT-1,-11.414524852540135,8.681968771480664
CAGATTGCACTGAATC-1,11.130698771420331,26.80338818028408
CAGATTGTCACGGTCG-1,6.556941690403254,-11.17114630816058
CAGATTGTCCAGTACA-1,-14.168907239637196,-7.990357818696515
CAGATTGTCGAAACAA-1,23.20704566390738,-20.742661344256327
CAGCAATGTACATTGC-1,-17.541973136962174,10.862884560198594
CAGCAATGTCGGTACC-1,2.47589160977323,44.477908966645735
CAGCAATTCGGATACT-1,-3.87382192876872,-27.4683937026899
CAGCACGAGAAGTCTA-1,-14.569042874745666,-0.46618138031749007
CAGCACGAGCATTGTC-1,2.3916347311499635,-6.495840852126239
CAGCACGAGGTTATAG-1,-13.973991273643477,6.070632940525198
CAGCACGGTACTCCCT-1,-7.632972653677273,-4.5568446064591965
CAGCACGGTATGCGGA-1,32.36494421664343,2.768119310546696
CAGCACGGTTAGGCTT-1,-16.57806525974324,-1.9121541650056701
CAGCACGGTTTGGAAA-1,13.884759379467969,4.6179315511931724
CAGCAGCAGAGTCAGC-1,-26.369151410089486,-17.793276580000942
CAGCAGCAGCAGCCCT-1,4.493822723942692,-9.602865955166303
CAGCAGCAGGGCTAAC-1,-9.465040784693858,-4.0968686747305
CAGCAGCCACGCGCAT-1,9.825912966888714,30.19208428026519
CAGCAGCGTTCCCAAA-1,31.370128610312673,-0.8936507885626034
CAGCAGCTCTCTCGAC-1,-4.389661096355361,26.70822454524386
CAGCCAGAGGCATCGA-1,-9.110005527125733,-24.355337482536218
CAGCCAGAGTCTGGAG-1,16.442493180583302,36.95870380378118
CAGCCAGCAGCTATTG-1,-26.524450887110223,7.922377760535925
CAGCCAGGTGCCAAGA-1,-1.4726148602178277,22.844438179430956
CAGCCAGGTTCCTACC-1,-12.157033119320518,-29.89522151969703
CAGCCAGTCCGCTAGG-1,3.9076093398783764,4.792257534477968
CAGCGTGCAGGCTACC-1,4.928491707130044,33.382173873468005
CAGCGTGCATGCAGCC-1,-0.048408105514454236,-4.7040719486176705
CAGGCCAAGCTAAATG-1,16.428743095794967,-0.7209180183377565
CAGGCCAGTCCTGGTG-1,-18.138737297463457,-3.540045833193445
CAGGCCATCACATTGG-1,2.2694465697789945,10.062576441927092
CAGGCCATCAGCATTG-1,3.761077227465435,4.388586440852555
CAGGCCATCTACGGGC-1,-9.931313333276444,0.3776068187950936
CAGGGCTAGGTAAACT-1,16.66030605681339,-17.380034519628804
CAGGGCTCAAAGGCAC-1,7.245028383811452,11.342066374598875
CAGGGCTCAACTGGTT-1,3.8506326892326594,-7.777441067384073
CAGGGCTCAGCGGTCT-1,-4.940789616935795,-18.299463795867098
CAGGGCTCATTCACCC-1,-8.623194821189188,-3.463235347481824
CAGGGCTGTACCATAC-1,7.09962425638599,42.655811445960566
CAGGGCTTCGCTACAA-1,21.30936964751513,-7.987658624136948
CAGGGCTTCTGCCCTA-1,-20.43380349581704,-11.84879828221222
CAGGTATAGATTGGGC-1,29.13829277186348,4.086934501679589
CAGGTATAGCAGATAT-1,31.461147373531137,1.84318379002066
CAGGTATAGGGACCAT-1,0.8186318456855322,37.41024339415104
CAGGTATCAGCTATAC-1,-3.171651305131343,12.011179794022187
CAGGTATGTAGGTAGC-1,8.150084713209239,-34.4272067462716
CAGGTATGTCAACACT-1,15.425904014944214,28.828817359099276
CAGGTATGTGGCGTAA-1,-0.5159788774802686,-34.0931698767345
CAGTGCGCAAATTAGG-1,9.552509462130976,-23.61644197718713
CAGTGCGGTTCAAAGA-1,13.962125512778416,-18.84737505333416
CAGTGCGGTTTGTTGG-1,11.078607870811092,22.67860758097819
CAGTGCGTCCATTGTT-1,15.151433647079257,-0.30608666184338157
CAGTTAGAGGCACTAG-1,-1.8525689822019544,35.71904962922791
CAGTTAGAGGCTATCT-1,-22.331368131231052,-21.255142409250297
CAGTTAGCAAGTCATC-1,14.50772452805183,-10.611152916248033
CAGTTAGCACCTATCC-1,-3.4371506579826767,4.71739291680217
CAGTTAGGTAGATTAG-1,6.461568414318583,-10.793820488693719
CAGTTAGGTCGTGGTC-1,10.290734157817315,28.350379544742697
CAGTTAGTCTCGACGG-1,1.9536395967803464,1.678452342922661
CAGTTCCAGGGAGTTC-1,6.824315109984617,14.165961046950562
CAGTTCCAGTTGCGCC-1,25.83285826268989,-18.260035598383325
CAGTTCCCAGTCGCTG-1,10.440131000809252,26.246128858204987
CAGTTCCTCAAGTCGT-1,-13.211188705494436,16.1909000456516
CAGTTCCTCCATCGTC-1,-19.500003522760412,13.905005643342422
CAGTTCCTCTCAGGCG-1,5.577470472202765,-19.59072452183032
CAGTTCCTCTTCTCAA-1,-17.924070465838458,7.332086210106738
CATAAGCAGCTGCCTG-1,20.014256836387695,7.784123888835905
CATAAGCCACGTAGAG-1,-14.430235338541506,-16.815616967225157
CATAAGCCATAATCCG-1,-19.487998896391773,-25.54883025512126
CATAAGCGTACGACTT-1,-9.73737541381531,3.4116591491746493
CATAAGCGTGTCTTGA-1,22.10811388622305,-14.958852734683699
CATAAGCTCGGCCTTT-1,3.016540012199542,-18.366173543684205
CATAAGCTCTATCCAT-1,-5.286957043069626,-0.9632902767010473
CATAAGCTCTGGAAGG-1,6.819509228331384,-20.495876431141106
CATACAGAGAGTTGCG-1,3.410136453574718,5.377264737085136
CATACAGAGATAGCTA-1,0.9598665800507411,-16.912061090240215
CATACAGAGGTGGTTG-1,-9.757140138720395,-17.521148920564237
CATACAGAGTTCCATG-1,-22.23179948043671,12.46617383981116
CATACAGCAAAGGATT-1,-2.5389928832585666,24.827982798995677
CATACCCGTTACCCAA-1,-25.652706618702588,8.63799892138008
CATACCCTCAATCTCT-1,13.629728813828118,30.569247669211872
CATACCCTCGGTTGTA-1,-0.749057102713507,28.69403138161189
CATACTTCACCCTAAA-1,-15.385030772904082,5.002704994442813
CATACTTCATCAGCTA-1,-18.16847228739687,7.049559913370958
CATACTTGTTTGGGTT-1,-2.1740277073246914,32.0589934696094
CATACTTTCCGTATGA-1,-24.692421337712467,-10.292899167728642
CATACTTTCGACATCA-1,-24.08623007707412,17.31244916852641
CATAGACGTCGGCACT-1,3.621539463872947,-8.013187203415997
CATAGACGTGCCGGTT-1,7.568343687070464,30.10559123372651
CATAGACTCATGCATG-1,-8.177689935099654,-20.274467870031614
CATAGACTCATTGCTT-1,2.4888436701809784,37.31598458937597
CATAGACTCCTAGCTC-1,-12.015689328387102,-8.853253883519445
CATCAAGAGGAAAGGT-1,5.602356865419916,-30.88953576929373
CATCAAGCACAAATCC-1,-6.977275634660294,17.65474965095478
CATCAAGCATACAGCT-1,3.310576163973145,-19.577220336557158
CATCAAGGTTCACCGG-1,3.7284548368538046,44.54258549627282
CATCAAGTCCTTCACG-1,-1.8909039176705158,33.62582525184362
CATCAAGTCTATACTC-1,-20.18079626118027,13.317885832760375
CATCCACAGGTTCCAT-1,-21.26642668561186,8.13166069939619
CATCCACCACCGGCTA-1,-15.00910821389755,-5.15452934803937
CATCCACGTCAAATCC-1,-22.07448010317281,10.572904883611237
CATCCACGTCAGTCTA-1,-18.310299558081816,-25.817666627153923
CATCCACGTCCAGGTC-1,-27.002259296069234,5.314639510112769
CATCCACTCACCTACC-1,-2.530509821572638,9.339526158510541
CATCCACTCGGCTGAC-1,14.495688669887594,-4.202454933980509
CATCCACTCTTGCGCT-1,8.537229179231982,29.733257931655
CATCCCAAGCACCGTC-1,-16.67206955815253,10.273264912704898
CATCCCAAGCATAGGC-1,6.847555879964081,-32.75904995983722
CATCCCAGTCGAGTGA-1,15.437005915225832,-17.383398808553224
CATCCCAGTGTTCCTC-1,20.819262099648064,5.890467951320537
CATCCCATCCGCACTT-1,-11.373043632858986,0.3316402237004306
CATCCCATCGAACTCA-1,26.379110412083403,-6.9366197554573885
CATCCCATCGACTCCT-1,8.989449637711115,-9.24861371516286
CATCCCATCTACTTCA-1,17.22052935126368,7.4620407342467026
CATCCCATCTCTTCAA-1,-20.002503290916174,0.09035406645696273
CATCCGTAGCCTGCCA-1,2.1439682348503535,36.21633821032201
CATCCGTAGGACTGGT-1,4.712358634863007,1.6760814827706862
CATCCGTAGGTAATCA-1,-21.812716638691292,-24.66001913600007
CATCCGTCATATAGCC-1,-11.048493179908233,0.24163723886838637
CATCCGTGTCAACATC-1,-2.60291826197006,-3.817318531191353
CATCCGTGTGTGATGG-1,19.813413722519982,-22.853936795207126
CATCGCTAGTCTTCCC-1,22.30101493472007,-8.87497297254673
CATCGCTTCTTCGCTG-1,-22.18010533265047,9.203642811160448
CATCGGGCAGATACTC-1,16.52195116185309,36.35286700833091
CATCGGGGTCAGATTC-1,-7.525609666249939,-23.03005857701499
CATCGGGTCTTAGCCC-1,-15.720277914350572,-7.522106097700019
CATCGTCAGGGAACAA-1,25.594807271555336,-9.031530006332309
CATCGTCGTTAACAGA-1,16.905154285221354,32.42288355576212
CATCGTCGTTGGTAGG-1,19.886194615318974,-13.956273597497727
CATCGTCTCCGAACGC-1,-16.77129157299999,-6.242499253896945
CATGAGTAGACTTAAG-1,1.6962625646847715,-33.20312752111254
CATGAGTAGCGAAACC-1,-32.20701884794876,-2.220551242023885
CATGAGTCAACTACGT-1,-4.196409333869743,7.309281577031038
CATGAGTCAGCTGTAT-1,-0.3237484081061161,-30.52502481504882
CATGAGTGTACCTATG-1,20.701018904963952,-12.404513548616661
CATGAGTTCCCGAGAC-1,21.5433660056374,32.64886985106442
CATGAGTTCGCTAATG-1,-11.951547095471625,-34.45652393003886
CATGCAACAGGAACCA-1,24.51704433792032,-14.82673674670063
CATGCAAGTGCCTTCT-1,-23.78695598561675,4.243412271870285
CATGCAAGTGTGAGCA-1,12.494543971644266,29.37552257257016
CATGCAATCAGCCTCT-1,-6.414209861897004,-12.692214740479502
CATGCAATCCAAAGGG-1,-17.54174462147532,-16.961357405979395
CATGCAATCGATTGAC-1,-16.586297799451312,3.951279108012405
CATGCAATCTCGCCTA-1,-17.369841547037453,-21.695112181613606
CATGCCTAGAATCCCT-1,-1.4590796906207708,-0.4568392332314065
CATGCCTAGACATAAC-1,-5.8744666864272626,1.7734438710748917
CATGCCTCAAACGTGG-1,-18.4838782131817,-6.693444680497707
CATGCCTCACAACATC-1,-16.706039890486803,-0.623926034165603
CATGCCTCAGCGATTT-1,-27.397552635050342,3.5391071884812813
CATGCCTTCCGACGGT-1,-13.01596125966999,3.6018326449947424
CATGCCTTCGTCGATA-1,-29.430631790808825,4.774623030348895
CATGCCTTCTTAGCAG-1,0.7463963439254787,28.1081624666546
CATGCGGAGACCTGGA-1,21.872359091383363,3.6046537890892485
CATGCGGAGCTGACCC-1,-31.274497605645113,2.1375788072429867
CATGCGGAGTAGGGTC-1,1.332845813992973,-34.67613309505313
CATGCGGCACTACTTT-1,-13.181279950346006,-5.0073008015165135
CATGCGGCAGACCAAG-1,8.532953954709477,-31.47822316251162
CATGCGGCAGCTCCTT-1,-30.260804423069118,4.312873753574892
CATGCGGCAGCTGGTC-1,1.3345334440448344,8.365653113466465
CATGCGGCATTGTGCA-1,21.08040710740289,2.67305341047621
CATGCGGGTAGAATGT-1,12.367030203146808,25.19849254709606
CATGCGGGTCACTCGG-1,3.548754877955156,-2.43603792515638
CATGCGGGTCGAACAG-1,-8.263931584049411,-8.846916277983695
CATGCGGGTCTCTCAC-1,5.139135318568413,29.464865931330028
CATGCGGGTGCGGCTT-1,-34.15144520563934,2.4108182673987293
CATGCTCAGACGTCGA-1,16.04184291884495,-5.36813284137594
CATGCTCAGAGGGTAA-1,14.838463038338352,9.290144863201466
CATGCTCAGATGTTGA-1,-19.957308719657195,-19.821506376228292
CATGCTCAGCAAGTGC-1,-0.9577501667986464,-13.904060354967656
CATGCTCAGGACATCG-1,23.060070797782842,8.414348736674786
CATGCTCCAGAGGTTG-1,-25.44430479774007,6.5534629905677
CATGCTCGTGGTCAAG-1,20.181929922767218,-12.453387709570002
CATGCTCGTTCGGGTC-1,-16.289982312913324,-22.681935691225636
CATGCTCTCATTTCGT-1,-20.375109515238677,8.155263636449991
CATGCTCTCCCGTGTT-1,-2.86930889937884,-34.69232621050347
CATGCTCTCGGCTGGT-1,-6.443008456282207,-30.144161938117914
CATGGATAGATGCTAA-1,0.5301173265330577,22.29208033355237
CATGGATAGCTAGATA-1,12.645773970935396,-12.246183041902086
CATGGATCAACTCGTA-1,20.887999366811936,5.3022502427564095
CATGGATCAATGAAAC-1,-6.096914692228298,-24.934745400526392
CATGGATCAATTTCTC-1,18.187611728684224,0.6613447770767783
CATGGATCACATATCG-1,7.690090365592431,-7.955821426141154
CATGGATGTGTTAAAG-1,-10.27230289408116,-16.789365003986518
CATGGTAAGAGCTGAC-1,-9.604799003600421,-2.457322189145687
CATGGTAAGTCCGCGT-1,-7.702092321870824,-2.3391047760252826
CATGGTAGTTGGAGGT-1,5.133695161487139,-18.582107863791144
CATTCATAGATGTTAG-1,-9.66762029767854,-9.664497615772753
CATTCATAGGTAGTAT-1,-2.594856609667777,2.8041807995468027
CATTCATTCAGAGCGA-1,16.33644885923126,5.107213158277497
CATTCATTCGACTCCT-1,-28.889229941949747,10.350452652624183
CATTCATTCTTTGCGC-1,-6.077731725556171,17.33568360918946
CATTCCGAGGTCATCT-1,-30.994328226224088,4.529317867866518
CATTCCGCAAGTCGTT-1,13.587948568038739,35.18392759787215
CATTCCGCACTAGAGG-1,30.310604033072323,-8.886682173834947
CATTCCGCATAAGCGG-1,-4.094186486163584,36.436701203122524
CATTCCGGTCAGTTTG-1,17.01189184080726,13.984797053432002
CATTCCGTCATTACGG-1,10.529912514609661,-3.8559795723194616
CATTCCGTCGAGTGGA-1,5.629531959309498,-14.27407710657302
CATTCTACACCAATTG-1,-4.128835976251211,7.293464470881602
CATTCTACAGCGAGTA-1,5.97388454328252,7.395084152274826
CATTCTACAGTCACGC-1,6.788247329013755,32.520304429028734
CATTCTAGTAGTGTGG-1,9.815276746486976,-0.9087006396125253
CATTCTAGTCGTGCCA-1,26.995978451884834,-8.267640208963103
CATTCTATCTTCACGC-1,-10.30086848051434,-0.8403276461403938
CATTGAGAGATGCAGC-1,-2.7223005611546554,-3.148636494772959
CATTGAGAGCACGTCC-1,16.113470209043737,30.983943403646087
CATTGAGAGTAGCAAT-1,14.377576418669888,35.70263045108821
CATTGAGGTATGGAAT-1,-2.6432723873817583,-12.058563629500512
CATTGAGGTCCAGGTC-1,4.94576503551132,3.397171544067937
CATTGAGGTGACAGGT-1,-12.899732369135672,6.92421926475588
CATTGAGTCGCAATTG-1,24.34524498866769,-17.626566504514056
CATTGCCAGAGGCCAT-1,-24.777928945730217,8.33567097438722
CATTGCCCAAGACGGT-1,-16.67279563804397,-22.30745312939236
CATTGCCCAGAGATTA-1,-1.5857165676924834,23.321351637682397
CATTGCCCAGCAGTGA-1,0.5679608016860748,-20.185755737953734
CATTGCCGTATCACCA-1,-3.2786498352013536,3.406222534971393
CATTGCCGTTCAGGTT-1,5.213493080217094,28.405365615889668
CATTGCCGTTCCGTTC-1,-11.536106452505937,-4.140842502831882
CATTGCCTCAGAGTTC-1,-23.000551152851106,-4.044260789564286
CATTGCCTCTTGGCTC-1,1.8829817833528784,9.395018869733512
CATTGTTCAAGTGCTT-1,-15.105856180563844,-23.72388481281295
CATTGTTCAGAGTCAG-1,2.8823460920287522,-26.80159664593006
CATTGTTCAGTATTCG-1,10.037316894461114,37.84811487795131
CATTGTTGTGACTGTT-1,19.441734716209112,4.671229856924926
CATTGTTGTGTCTTCC-1,2.266277532468889,-14.384085472577894
CATTGTTTCCCTTGTG-1,-18.170281397095405,-0.9754674538404369
CATTTCAAGAGAGTGA-1,22.15318947815008,1.762122115267659
CATTTCAGTATCGCTA-1,13.902865861475641,3.6058437967762056
CATTTCAGTATTGGCT-1,-12.087484541905035,-3.9412898165420827
CATTTCAGTTGCTTGA-1,-29.01748150292037,7.4491037492480565
CATTTCATCCGATGCG-1,1.8461682496323806,-2.5034344418682877
CATTTCATCTCTAGGA-1,30.362410231164063,1.748662019604652
CCAAGCGCAAACCGGA-1,23.57645117506961,5.893450283181129
CCAAGCGCAATGAACA-1,-6.718295141285193,-35.82245748752542
CCAAGCGCAGAGTTCT-1,22.937807700037027,-13.147515904107944
CCAAGCGGTTGCAAGG-1,8.130049187803127,34.14726339823541
CCAAGCGGTTGTGTTG-1,-7.6342746884541235,-0.986328574695841
CCAATGAAGGCAGGGA-1,24.210943265819747,-9.170073682251449
CCAATGACAATGAGCG-1,-16.33693110393779,-13.317334816396613
CCAATGACAGAACTCT-1,-32.21982380219629,-2.2695626103686406
CCAATGAGTATGTCTG-1,13.53245362188387,34.52434812681709
CCAATGAGTCTCACGG-1,-18.482579271885047,4.687659794000431
CCAATTTCATAATGCC-1,-3.583095678626558,-35.701787783547985
CCAATTTGTCGTTTCC-1,0.512522604778252,-7.221040934944935
CCAATTTGTTCGTAAC-1,-11.805199132503466,-32.85244950895427
CCACAAAAGTATAACG-1,17.330139126892675,12.657377740478749
CCACAAACAATTTCTC-1,-17.14109139595301,14.110904175320352
CCACAAACAGGCCCTA-1,-6.405159622659326,-18.239293022897886
CCACAAACAGGCCTGT-1,3.4754791609371614,44.70311562188272
CCACAAACAGGGAATC-1,-16.299346314313926,15.814424680547734
CCACAAAGTAACAGGC-1,14.331651981623729,7.831648926041177
CCACAAAGTATAGGAT-1,7.690410649179828,36.17981536259927
CCACAAAGTGTTGCCG-1,-1.24680562684889,35.99351006574569
CCACACTAGAGGTTAT-1,-27.144406896339497,8.952892464208372
CCACACTAGATCCCGC-1,-4.132089871721861,29.721453050090826
CCACACTAGGAGTCTG-1,15.031927185378683,-17.720437628757292
CCACACTCAAGCCCAC-1,12.072555696619855,10.107451604506332
CCACACTGTGCGGATA-1,8.830576673610715,27.8605329912658
CCACACTTCGTCTCAC-1,-19.109048926956042,-5.786320260048687
CCACACTTCTGCACCT-1,11.670840590370322,29.455374667099615
CCACCATCACCTCTAC-1,-27.55234102178473,4.999189707783917
CCACCATGTCAAGCGA-1,2.8833759582911047,29.424933491409682
CCACCATGTCAGATTC-1,-3.49566991062987,8.680431755665719
CCACCATGTCCTGGGT-1,15.713633740512773,32.45856696545297
CCACCATTCACTTGTT-1,-5.11093644927617,26.661595145818236
CCACCATTCTTGATTC-1,-0.5504750395121344,11.729831345251247
CCACGAGAGACCTTTG-1,-25.542286732155887,7.645272209012813
CCACGAGAGTCCTGCG-1,-6.3823300321268235,17.783673548472404
CCACGAGAGTGTTCAC-1,2.483333342134169,-30.679758478636412
CCACGAGCATGGCCCA-1,-1.6844487556419137,-17.51432427309657
CCACGAGGTATCAGGG-1,7.801819898160535,-1.7585215511279546
CCACGAGGTGTCCAAT-1,19.700785191820152,1.7682657029753723
CCACGAGGTGTTAGCT-1,7.258568024445661,24.9826611781542
CCACGAGTCCCGTGAG-1,9.980364112297762,42.98125586057167
CCACGTTAGGCTGTAG-1,10.37237137815847,-11.652922742246963
CCACGTTAGGTCACCC-1,23.197618961343473,-18.778849621048124
CCACGTTCACATGGTT-1,2.967808151890543,13.310142492359644
CCACGTTCAGAACTCT-1,1.8413351248143055,-13.613630546300064
CCACGTTGTCTTGCTC-1,1.2691660369579174,16.499536168646515
CCACGTTGTTCCTACC-1,11.257899239049566,1.8364215583579213
CCACGTTGTTGTGTTG-1,20.504031877172128,-1.4147051034593803
CCACGTTTCAAACGTC-1,-0.0022964714195990274,35.42457508201735
CCACTTGCATACATCG-1,7.713299358823751,27.434151509534214
CCACTTGCATAGACTC-1,-9.903980030365322,-6.042116483205299
CCACTTGGTACGGTTT-1,-30.569566203136706,-8.101400278411813
CCACTTGGTATCCTTT-1,7.8355182340566225,-8.574796755250125
CCACTTGGTGTGTGTT-1,16.14485257282067,24.29169744775798
CCACTTGTCAGCCTCT-1,-6.456157159430203,18.561282413692208
CCACTTGTCATTATCC-1,2.796067960635513,-0.7860378631924303
CCACTTGTCCTAAACG-1,3.6337913493629053,36.425035433675866
CCATAAGAGACAACAT-1,-3.4506255251342473,26.688972813796028
CCATAAGGTCTGTGGC-1,5.334255147099234,-25.477356777721553
CCATAAGGTGAGATAT-1,14.71564606846013,28.175008514402634
CCATAAGTCGAAGCAG-1,3.9676320267319523,2.5349027276688556
CCATAAGTCTCTTCAA-1,-18.72619230860618,-30.447051729309837
CCATAAGTCTTAGCCC-1,1.6707148974755939,44.674687895673536
CCATCACAGATGGTAT-1,2.4434982579741473,-10.223775307455792
CCATCACAGCCGTCGT-1,17.157133139684095,-2.240468288466597
CCATCACAGCGTGAAC-1,-9.110466140656996,-29.12392750944348
CCATCACAGTAACGTA-1,6.523621584940471,-5.795751991378909
CCATCACAGTCCCGAC-1,-7.165110359943657,35.09201175697204
CCATCACCAGAACTAA-1,-14.557891464712647,4.661705891725032
CCATCACCAGTTAGAA-1,14.648211416579574,12.394090170217106
CCATCACCATCGTGGC-1,-2.569426357027453,-9.351875771418882
CCATCACCATTACTCT-1,-22.0522415622136,-19.434116070103705
CCATCACCATTGCCTC-1,-20.947494160890432,5.9375206079360465
CCATCACGTGGTCAAG-1,16.73072789393222,-5.589847170485554
CCCAACTAGGCCTAGA-1,-20.239378272963854,9.231397929888763
CCCAACTTCAGTCATG-1,-18.106944646689936,-21.681121921696906
CCCAACTTCCATCTAT-1,-12.378539668894904,1.0214919937470424
CCCAACTTCCCTGTTG-1,12.559180664178674,43.80936460519684
CCCAACTTCGACGCTG-1,-8.037602068934978,3.9273192937687087
CCCATTGAGAAACCCG-1,-2.0764793442250156,4.443354759118924
CCCATTGAGCTGGTGA-1,-6.325077689532619,-14.543901325839174
CCCATTGCAAGACTGG-1,10.431588561840542,-23.73713700275333
CCCATTGCAGTCTTCC-1,-13.262519134681044,-2.24886017624521
CCCATTGTCAGTCAGT-1,-22.90367794931067,-10.014418411162135
CCCGAAGAGAGTTGCG-1,13.916753294290988,25.145980166341168
CCCGAAGCAAGAGTAT-1,11.242624533314798,-18.462341190683702
CCCGAAGCATTCATCT-1,-13.667054063011829,3.790538068382428
CCCGAAGGTTAAGAAC-1,17.31073036791587,2.442708116033232
CCCGAAGGTTGGGTAG-1,12.395857921731315,-11.193463586541894
CCCGAAGTCGACGCTG-1,12.446573944943117,27.3900565279332
CCCGAAGTCGACTCCT-1,-10.924974827442163,-11.321058966464935
CCCGGAAAGAATCGAT-1,3.029881733190473,-36.38938166079618
CCCGGAAAGTAAATGC-1,-21.150234143093975,-12.70771144358855
CCCGGAAAGTCTAACC-1,6.901444957308558,-28.418848891415376
CCCGGAACAGCGAGTA-1,32.35388823397056,-2.9520987336199687
CCCTAACAGCGGTAGT-1,4.977594865680999,7.350401484536357
CCCTAACCAGTCTACA-1,-3.052459378816927,38.65620468247674
CCCTAACGTGTCACAT-1,5.434053430086006,35.27317405157399
CCCTAACTCACATTGG-1,-17.92650756675763,-26.888992394724127
CCCTAACTCGACCACG-1,-4.026319403235038,31.48099616467517
CCCTAACTCGTACCTC-1,-11.933571911608086,11.041757401563366
CCCTCAACATGACTCA-1,-19.04981595467701,0.2778264325996169
CCCTCAATCCTGGGAC-1,16.293761317646595,10.820385408152434
CCCTCTCAGCACCCAC-1,-17.036224586157132,-25.41710021748629
CCCTCTCGTAGCGTAG-1,13.177426952146526,32.11341322122368
CCCTCTCGTTAAGGAT-1,-19.22532786473438,-9.201615444996234
CCCTCTCGTTTGATCG-1,24.838375864537092,-7.22759150806984
CCCTCTCTCCTCGCAT-1,-28.75691378151684,5.890161041194784
CCCTCTCTCGTGGCGT-1,-13.647126390959189,1.081743348265549
CCCTGATAGACCTTTG-1,-8.682997427601352,-34.620649479030945
CCCTGATAGATCCAAA-1,0.7004209222400414,36.89991218849298
CCCTGATAGCAGTCTT-1,-32.38130782693697,4.421823958559125
CCCTGATAGTTGTCAC-1,-13.34757770853471,-10.205530384961852
CCCTGATCAAACCATC-1,-19.12450175311261,2.9127359987039796
CCCTGATCAGTGTGGA-1,6.492792982908991,35.128545980552126
CCCTGATGTGTTTACG-1,19.003527318588517,-10.08017268385392
CCCTGATGTTTGACAC-1,-16.230284693736603,-14.300000267326993
CCCTGATTCACTCTTA-1,10.053922813165038,-8.397277353644457
CCCTGATTCGCATAGT-1,11.752389816925401,38.212137582561965
CCCTGATTCGCTACAA-1,9.00382447722505,17.939220255357984
CCCTTAGAGCATGCAG-1,-14.040664299536854,6.221718139664026
CCCTTAGAGGAGTCTG-1,7.598473066587287,-3.517293933181063
CCCTTAGAGGTTTACC-1,-19.644413429293248,11.429076300948415
CCCTTAGAGTGAATAC-1,10.576410783386159,37.70370035763507
CCCTTAGCATTCAGCA-1,-7.063756950393834,35.86819957016583
CCCTTAGTCATCACAG-1,-3.8645792447068867,12.95636891106713
CCCTTAGTCGATACGT-1,19.778539297521267,31.743828166668226
CCGAACGAGCTGGCCT-1,-4.540638351047512,-4.9346835854546525
CCGAACGAGTCACAGG-1,23.490976520141363,1.919341332607951
CCGAACGCAGTTCTAG-1,-11.655474271445508,-1.8317580545932226
CCGAACGGTATCTTCT-1,-18.975556500181266,-9.069337155607547
CCGAACGGTCAGTCTA-1,11.835471133025647,-30.136310540814197
CCGAACGGTCATGCAT-1,14.373500991568756,18.207548172264726
CCGAACGGTCTCTCAC-1,-11.599872855089634,-5.621942152599848
CCGAACGTCATGAGAA-1,5.3821540308954345,-33.49945591897337
CCGATCTAGACATAGT-1,-20.776642543369157,-3.9751381560530277
CCGATCTAGATTAGCA-1,-8.81200589348012,-19.297685523689793
CCGATCTAGCGATGAC-1,5.467932874988667,38.72918229670535
CCGATCTAGGCAGCTA-1,-31.514190794225723,6.518588334354309
CCGATCTCATCGATGT-1,-3.7776037048037963,37.13329403013769
CCGATCTGTCTAGGCC-1,-27.822749874522835,5.085984124380095
CCGATCTGTTTCGTGA-1,2.5281506823819613,-17.289399671836655
CCGATCTTCCGCAACG-1,-10.305853193968547,1.6465712487883792
CCGATCTTCTCCGATC-1,-4.655779238505676,26.817428393820016
CCGATGGTCCCTATTA-1,-3.0258487314214046,-33.1480608265864
CCGCAAGAGGATTTAG-1,16.618174030808333,-9.430448393986593
CCGCAAGGTCATTGCA-1,-0.9029612910567838,40.19202721859453
CCGCAAGGTCTTCCGT-1,-3.7246277011959354,-23.78955365359989
CCGGACAAGCTAAATG-1,13.389016811171727,25.99670381720276
CCGGACAAGGAACGTC-1,-9.555504903195725,-11.091533898878161
CCGGACAAGGCATCGA-1,17.32917644842872,-25.68754362894054
CCGGACACAATAGGGC-1,0.6605758702890071,32.07920544312926
CCGGACACAGGAAGTC-1,5.108597651788989,24.831132293394422
CCGGACATCTCTCAAT-1,15.685534431154341,33.61766650625467
CCGGACATCTGGACTA-1,-17.36950530109958,-7.870491771567323
CCGGGTAAGCGTCGAA-1,7.678842279964595,-30.035308735962932
CCGGGTAGTCAGCGTC-1,7.8383540635295805,-2.909569025228037
CCGGGTATCGGAATGG-1,6.316301293208338,-12.465502653994909
CCGGGTATCGTGGTAT-1,-9.87852635351141,-9.9918667035762
CCGGTAGCAAAGGCTG-1,15.76226186561427,11.679731845048007
CCGGTAGCAGCGCGTT-1,6.660956754963179,-21.944297849877287
CCGGTAGGTGCCCAGT-1,1.5134475299809698,-24.71327318316296
CCGGTGAAGCTGCCAC-1,-12.468292979499813,-15.285541744846968
CCGGTGAAGGTGCAGT-1,-6.384963760210764,-4.588504490722289
CCGGTGACAACGTAAA-1,-12.92382574539443,-0.35432084456600565
CCGGTGAGTCAACACT-1,-1.0260963265006435,29.235304795190487
CCGGTGAGTCACCGCA-1,21.72707553917149,-7.538056599074246
CCGGTGATCTGGTTGA-1,27.629697623882773,-2.3967273094532096
CCGTAGGAGCTGTTAC-1,-14.064290714094017,-6.8930003106115425
CCGTAGGCATACCAGT-1,-18.08393533990916,-1.3220984585822646
CCGTAGGCATCGTGGC-1,-8.085950449611627,-5.863568598353928
CCGTAGGGTCCTGTTC-1,-15.445238934840454,13.663794756854161
CCGTAGGGTCTTTCTA-1,19.067807399635633,32.41995558881639
CCGTAGGGTTATGGTC-1,8.23104493252909,18.562846557734712
CCGTAGGTCTAGTTCT-1,-9.105000286502158,-30.227376061977456
CCGTGAGAGACCATGG-1,16.44328377233024,-15.008109419046022
CCGTGAGTCTTGGATG-1,8.665320355481121,-19.479288240314364
CCGTTCAAGACTACGG-1,3.2220148244477236,39.99755984192136
CCGTTCACACTGGACC-1,-12.838916930870312,5.584406430979129
CCGTTCAGTATACCCA-1,-8.248011882995662,-2.563086201953159
CCGTTCAGTGCAGATG-1,14.62979572784086,-16.08041903357595
CCGTTCATCCTCTAAT-1,-4.950943187291267,-16.468225495182832
CCGTTCATCGACACTA-1,2.7511168016382817,31.581689927249528
CCTAACCAGCGACTGA-1,-16.2052177508983,-2.0282756434520404
CCTAACCGTGGTCCGT-1,2.2124248924680145,34.9315966519086
CCTAACCTCCGTTTCG-1,8.966058030254981,8.425388203651112
CCTAAGAAGCGCCCAT-1,15.195147689610769,-15.376243998536438
CCTAAGAGTATAATGG-1,5.420881203295903,-31.5815862930334
CCTAAGAGTGGATCAG-1,7.144429650315982,-18.672513356649436
CCTAAGATCGAATGCT-1,7.896104347936315,-5.132353096839821
CCTAAGATCTAATTCC-1,-18.8556972603871,-15.318439398444323
CCTACGTAGATCACTC-1,-21.206435602617617,-14.170174262757945
CCTACGTGTCCTGGTG-1,7.789888600558581,-3.19777915598427
CCTACGTGTCTACACA-1,-1.1564227889643575,-1.0967255357777688
CCTACGTGTGGACAGT-1,22.926306850918074,-17.997256043475545
CCTACGTGTTAGAAGT-1,9.281232700284,-15.620617328109294
CCTACGTGTTGGACTT-1,17.48419279402673,-17.21609275289042
CCTACGTTCTGACGCG-1,-8.071412609453319,3.614939410119177
CCTATCGAGCCTCATA-1,6.253946917225286,9.330865260737708
CCTATCGAGTCACTCA-1,-12.356987793188786,0.9356235053362669
CCTATCGCAGGACAGT-1,-2.2330355775989976,-31.584738186664556
CCTATCGGTACGAGTG-1,18.692315538362717,-18.151410013482323
CCTCAACAGAGTCACG-1,11.958625174286741,2.507999833898096
CCTCAACAGGCACCAA-1,19.54271188884914,12.040011463148343
CCTCAACCAGAGTAAT-1,0.8633751447918541,25.801791965423764
CCTCAACCATCGGTTA-1,-22.022617344711037,6.679562852181609
CCTCAACCATGACCCG-1,16.910226198149562,14.543922251822327
CCTCAACGTACCTAAC-1,-18.56447335402488,5.8160883788749755
CCTCAACGTGACTGTT-1,-25.781038210311287,-2.066112083857574
CCTCAACTCACATCAG-1,1.1477606102592595,34.66885144272259
CCTCAACTCTATCCAT-1,-14.861104299599374,6.968197321660299
CCTCACAAGAAACTGT-1,-4.700705289812466,-2.3213159476446314
CCTCACAAGATGCTAA-1,-11.390642147942726,7.683377037510169
CCTCACAGTCTTGAGT-1,-11.282810393004489,19.90746151983037
CCTCACATCTATTCGT-1,-29.330530989315662,-9.681414340540414
CCTCAGTAGTTCTCTT-1,6.302933930212524,39.755908183062374
CCTCAGTGTGCTGTCG-1,0.3819676680071643,-6.954457403277837
CCTCAGTGTTAAGAAC-1,0.24121530615460052,37.03982967190389
CCTCAGTTCGCGATCG-1,-11.724186860647245,-14.866487242319291
CCTCATGAGCCGAATG-1,5.046076305179025,10.550796373561287
CCTCATGAGTTACGAA-1,-27.42447471878129,1.8191556239946327
CCTCATGGTCACGACC-1,-14.884256868035896,-0.03718579103774118
CCTCATGTCAAGTTGC-1,-17.971141001707544,-9.172650609313724
CCTCATGTCCACATAG-1,11.31423934895361,40.49407739897724
CCTCATGTCGATTCCC-1,3.510081175778672,-34.22837938049273
CCTCATGTCTTCGGTC-1,-1.512248808379979,-12.813212080078763
CCTCCAAAGATTAGCA-1,-9.415596870668923,35.21884588196649
CCTCCAAAGGAAGAAC-1,3.259054721430305,-19.560256275213767
CCTCCAACATGCCGAC-1,-6.595452499014251,-9.41155818183268
CCTCCAAGTGTTTACG-1,-0.45744049250526997,-31.124895211528298
CCTCCAATCAGCTGAT-1,13.312356206474632,-24.76152265280759
CCTCCTCAGGTTTGAA-1,15.670669694828474,35.830411630885415
CCTCCTCAGTCATACC-1,-24.11280987519409,17.27965511998106
CCTCCTCTCCTTTGAT-1,-13.005713801525825,5.404115973841156
CCTCTAGCAGAACTAA-1,-8.951143962735966,-0.49235346159025867
CCTCTCCAGTAAATGC-1,-6.144180045857382,-22.39071376869314
CCTCTCCAGTGTAGTA-1,-15.317609043672178,-9.310451365619095
CCTCTCCCACATACGT-1,-19.2216893649229,-5.633521603181425
CCTCTCCGTCGGCCTA-1,13.077008506917158,38.00987035067498
CCTCTCCTCAACCCGG-1,-29.5676364186347,0.08377158989569178
CCTCTCCTCGCGTGCA-1,-22.18008488403149,-1.486818662176849
CCTGCATAGAGTGTTA-1,2.7199496140065915,-30.947039096827705
CCTGCATAGCAGCACA-1,12.434247834816286,-11.430316794627284
CCTGCATCAAACGAGC-1,-0.36227366051646365,-27.013087752769895
CCTGCATTCCATTTCA-1,-16.287478665709013,1.2485078830504812
CCTGCATTCGGCCCAA-1,-29.309709283569067,-2.088642827757
CCTGCATTCTAGATCG-1,13.394297345534815,-14.728564604297429
CCTGTTGAGTAAACTG-1,21.833768238666927,-0.9074774652793972
CCTGTTGAGTAGACAT-1,-23.781833019548237,5.755268463640234
CCTGTTGAGTGGTTGG-1,21.811007747143222,-17.932404527993945
CCTGTTGCAGAGATGC-1,-25.90320118617128,5.9310120756554845
CCTGTTGGTGCGACAA-1,2.7628919989390543,29.351252368642925
CCTGTTGGTTATCCAG-1,3.7988049269857713,45.3157164673434
CCTGTTGTCAGCTAGT-1,3.6652538997175617,24.868341700555114
CCTGTTGTCCCTCTCC-1,-7.546346950568591,3.6714701946980024
CCTTCAGGTTATGTGC-1,3.1535085983786995,42.21726582290651
CCTTCAGTCATCAGTG-1,-7.013086396796894,18.52117280618325
CCTTCAGTCGATGCAT-1,-3.6545773297297397,0.9010257754572721
CCTTCAGTCTTCTCAA-1,10.149859936744814,31.304692345590222
CCTTGTGAGAAGTCTA-1,-25.4806796737573,-3.2192285264936715
CCTTGTGAGGAAACGA-1,8.05117752484803,-16.45149843931389
CCTTGTGAGGCTCAAG-1,-0.1967997150041651,20.118852786098795
CCTTGTGAGTGATTCC-1,1.1243540518173678,26.961272362921843
CCTTGTGCAGACGATG-1,26.009669760778763,-5.504533523698932
CCTTGTGCAGTCGCAC-1,-18.482223045747773,-25.54599006390438
CCTTGTGCATAATCGC-1,13.594664663294687,11.90308743321225
CCTTGTGGTTTGTTCT-1,-7.213751614972871,-5.629472988226372
CCTTGTGTCAAGTGTC-1,8.966279028930565,8.33854417610974
CCTTGTGTCTCCTGCA-1,-19.036570877968085,-6.149679076005781
CCTTTGGGTATGGAAT-1,15.855629752524356,9.313627359320018
CCTTTGGGTGACTCTA-1,-20.50270132601019,-11.771369352141477
CCTTTGGGTGCTGATT-1,1.1050823172437447,6.342397744459049
CCTTTGGTCAAGTGGG-1,9.18807157529074,12.176358174615736
CGAAGGAAGGTGATCG-1,17.369786574458747,1.014408098717135
CGAAGGACAAGGACAC-1,-6.370369325014901,31.895852650542135
CGAAGGACATTCTCTA-1,-16.129734235196533,15.999760316573646
CGAAGGAGTCTCACAA-1,23.608511191210525,-4.629231792905423
CGAAGGATCATTGCTT-1,1.2952938716087656,5.553137434320955
CGAAGGATCCATAGAC-1,-4.917244167257189,32.058674568418375
CGAAGGATCTACGCGG-1,3.6788454822821195,-8.570398471527543
CGAAGTTAGGATGGCT-1,9.908498807529588,25.077085314969175
CGAAGTTTCTCTCAAT-1,-28.30997671900684,4.8873293819073815
CGAAGTTTCTGACGCG-1,-0.5257963630880872,-2.880221146130313
CGAATTGAGACTTCGT-1,12.903124547958237,33.77729153891127
CGAATTGCAATCACGT-1,-14.858253221381167,15.534604380503955
CGAATTGGTCTAATCG-1,-3.8145085948290447,6.657524151441696
CGAATTGTCTTAGCAG-1,-20.462910455133496,2.9417037880804893
CGACAGCAGATCACCT-1,-5.383232569788923,1.4332225785850843
CGACAGCAGGCATCTT-1,0.38617577748537996,-15.507672690802325
CGACAGCAGGGATGTC-1,-8.162753582333643,6.903730235410303
CGACAGCAGGTGATCG-1,30.19385068858156,-8.926749314807015
CGACAGCAGTTACGTC-1,0.5151059734020368,-29.232081756201275
CGACAGCCACAGTCCG-1,-5.426488622062673,4.540099188884653
CGACAGCCACCCTAAA-1,-31.206335190584262,-0.9295129971477082
CGACAGCCACTCAAGT-1,4.1724031339924545,34.14750803035582
CGACAGCCAGCAGTCC-1,-19.804614417793978,12.422120600794845
CGACAGCCATAATGAG-1,-5.001337983151152,-0.8018780573352114
CGACAGCGTGCCCACA-1,-7.1446841781244075,-3.7426478899070035
CGACAGCTCTTGCAGA-1,14.391926408242496,-9.656042486291616
CGAGAAGAGACCAAAT-1,-10.659282211777322,-10.919012827502607
CGAGAAGAGCATCAGG-1,-8.591375586073706,-22.254298185650725
CGAGAAGAGTCGCCAC-1,7.963910641147208,-1.4308985529199185
CGAGAAGCAATACCCA-1,-5.233703136082252,-11.357175552676631
CGAGAAGCAATTGCAC-1,-5.487367590372708,9.440344843981137
CGAGAAGCACAGAGAC-1,11.765500620230334,30.364961236078695
CGAGAAGCAGCGTTTA-1,0.9747405387704839,23.027817174089094
CGAGAAGGTGACATCT-1,2.9252309272862504,41.80645100126209
CGAGAAGTCCAGGACC-1,4.396005886374974,-25.18488138611725
CGAGGAAAGTTTGTCG-1,13.370935150100017,31.632643608471927
CGAGGAACACAACGCC-1,-22.496244893835623,-4.504487447617222
CGAGGAACACTGAGGA-1,-3.4202860707165574,-23.895341557884578
CGAGGAAGTAGTTCCA-1,-21.273167140431074,-17.863654340794906
CGAGGAAGTCTCACAA-1,11.732593704103046,3.6049556595759946
CGAGGAATCATCTATC-1,3.5652126150300623,7.875238434537712
CGAGGAATCATGGGAG-1,21.03258572419373,31.50940115688084
CGAGGAATCCGGCAAC-1,13.217923155618687,12.577205692880142
CGAGGAATCGGAAACG-1,25.342833777911608,-11.309272809457413
CGAGGCTAGAGATCGC-1,-11.289302165150016,-31.836681523411826
CGAGGCTCAAGGTCGA-1,9.206159691446969,-13.975766588531572
CGAGGCTCACTTCCTG-1,0.09699968488899897,33.87045740699531
CGAGGCTCAGGGAGAG-1,20.420984581950858,-19.34064125109853
CGAGGCTGTAGACGTG-1,-27.87203997017788,15.60791364926502
CGAGGCTGTGACATCT-1,9.608699574554233,-31.323181176681945
CGAGGCTTCCTGATAG-1,-19.583465589972842,-1.0716664847832833
CGAGTGCAGATTGGGC-1,10.692125984499295,-1.4360546881627843
CGAGTGCAGCTAGAGC-1,11.254594338083665,-6.717445251176367
CGAGTGCAGTAGTCTC-1,3.433966836107235,33.98189227188513
CGAGTGCCACAGAGCA-1,-19.13464116452288,-15.465488354362787
CGAGTGCCAGAGAGGG-1,-13.349165530934822,-27.059219247120147
CGAGTGCCATAGATGA-1,19.924358363710272,3.1010305966188363
CGAGTTAAGATGACCG-1,-6.5711275463262195,-35.12210765196244
CGAGTTAAGCGATGAC-1,15.003236679366344,7.162795385877742
CGAGTTAAGGGCAGGA-1,-29.02395122799997,4.832590030936077
CGAGTTACATTGTGCA-1,-24.090394929852792,-2.1862405022719003
CGAGTTATCACATACG-1,9.238041485541943,-5.708856538426239
CGAGTTATCAGTGGGA-1,21.769901248772147,3.8317800122368397
CGAGTTATCTGGTGCG-1,12.60062707799917,35.7588770209037
CGATCGGAGACAGCTG-1,16.78155321728905,-23.66823858674612
CGATCGGAGCATTGTC-1,-13.239054119861272,-11.27138427335843
CGATCGGCAGCAGACA-1,14.184152683034318,36.91117259991932
CGATCGGCAGCAGGAT-1,-0.8683665973452024,-11.920503209752576
CGATCGGGTCTCAAGT-1,8.103260064598633,-18.36851440220839
CGATCGGGTGAGCAGT-1,24.05206556850421,-24.1215935786613
CGATCGGTCGTGGCGT-1,13.694635949618897,-19.934139248684136
CGATGCGCATTGGATC-1,-32.64980290302117,-5.088371948336193
CGATGCGTCGACACTA-1,-0.5129553630330238,-9.72865335725279
CGATGGCAGTGCACTT-1,-2.8297231314288362,-27.150156347705146
CGATGGCCACGGCTAC-1,3.4869138138712565,13.056350232590104
CGATGGCCACTACTTT-1,2.9966503503606376,7.554431544386682
CGATGGCCATAACTCG-1,0.9392424991348259,0.9721311742826657
CGATGGCGTGCGGCTT-1,4.9478184759328006,-13.447208702324131
CGATGGCGTGTGAATA-1,15.39423646972846,3.554034575853166
CGATGGCTCCGTTGGG-1,8.323105989437927,29.620085312764388
CGATGGCTCCTGATAG-1,-15.624334398189882,1.9795749043486013
CGCAGGTAGAAAGCGA-1,8.519255674883135,36.67192206225594
CGCAGGTAGATCACTC-1,20.38611766045396,10.6281962318756
CGCAGGTCAACCACGC-1,-23.26256865458281,12.11144264523837
CGCAGGTCAATTTCGG-1,-4.928423940683823,30.4846452374879
CGCAGGTTCCATCTCG-1,-11.497924399146815,-3.3065936386941415
CGCAGGTTCTGTGCGG-1,10.948791538807901,32.16885932769875
CGCATAAAGCGTGCTC-1,15.13821535840188,-12.657701491286202
CGCATAAAGTCTGGAG-1,21.84977911195305,-17.4656215787799
CGCATAAGTGAGCCAA-1,9.845778591002386,42.89896787287536
CGCATAAGTGCCCGTA-1,-28.80563033262138,2.1056004739558825
CGCATAATCACTGGTA-1,4.413674531594619,-4.983535510394307
CGCATAATCCGACAGC-1,1.9745046991289061,-33.498591878187945
CGCATAATCGGAGCAA-1,21.281735572172988,-23.77217704160412
CGCATGGAGCTGTTAC-1,-24.508022443200105,12.32802388050778
CGCATGGCATGACGTT-1,7.306190732913951,32.88616790783448
CGCATGGGTTGGGCCT-1,15.535092306708385,-27.048539928058446
CGCATGGTCACCGCTT-1,16.49269443344179,12.52067864386163
CGCCAGAAGTTCAACC-1,-30.845003841140795,-0.012923956935836386
CGCCAGACACAAGGTG-1,-17.59696530316028,-19.101436560196763
CGCCAGAGTGGTTTGT-1,3.843632756269315,-20.708791395778203
CGCCAGAGTTCCTAGA-1,5.670910453481416,-29.12519209661548
CGCCAGATCGTGCACG-1,-2.544125696597312,-9.97261548099157
CGCCATTAGGTTGGTG-1,4.817614229674484,-11.263557063284397
CGCCATTCACGTCTCT-1,-2.5487956250630317,18.179183933209966
CGCCATTGTAGAATGT-1,3.6453161721137115,9.140481457955449
CGCCATTGTCCCGCAA-1,-11.045667153899746,-17.151677875258883
CGCCATTGTTCCGCGA-1,12.378028238198256,0.46971273936420044
CGCCATTTCATTGCTT-1,1.5740447473456027,40.76773910973938
CGCCATTTCGCGGTAC-1,-3.028606606989026,38.52381684896283
CGCCATTTCGTTCATT-1,-2.2508581355471233,-0.42929043941257466
CGCCATTTCTCTCCGA-1,-18.69047456931627,-25.975807155201167
CGCCATTTCTGTCAGA-1,-23.58254642733519,-2.720690878616623
CGCGTGAAGCTGTACT-1,-4.252700240243397,-35.39627986071302
CGCGTGAAGTAAACAC-1,20.32001776481039,-21.456330756519876
CGCGTGAAGTGCGACA-1,26.91454446264634,-5.573080449132596
CGCGTGACAAACTCGT-1,8.311813072708814,-20.710114686045678
CGCGTGACAACTCGAT-1,17.82205477711298,-2.750509556067726
CGCGTGACACGCAGTC-1,-3.1793434730293937,-6.646310950793692
CGGAACCAGATCGACG-1,-20.704092834231844,-22.227308916874335
CGGAACCAGTAGATCA-1,10.923592589279101,1.9961500936568652
CGGAACCGTAGGACTG-1,8.168290544569881,-34.48515974219402
CGGAACCGTCCCGGTA-1,9.21860125313184,-8.465208927939521
CGGAACCTCGCCTAGG-1,-9.43261814138331,-7.679685635082956
CGGAATTAGCTCGCAC-1,-2.8880418423588403,-29.901774061227748
CGGAATTAGGGTTAGC-1,2.321941907674267,25.83598374733481
CGGAATTAGGTCGTAG-1,-7.8929524666957,-23.69835174309805
CGGAATTCATACTGAC-1,-4.888629960555744,25.180065264425245
CGGAATTGTATTGACC-1,8.647058311898041,-10.275435908718958
CGGAATTGTCGCCTAG-1,-14.716230701750867,-14.00528068649599
CGGAATTGTGACTCGC-1,-0.6865211635294892,-29.56040748634943
CGGAATTGTGCATGTT-1,22.332644251856085,-7.565979959314626
CGGAATTGTTCTGACA-1,9.213953869384408,3.7058385823173623
CGGAATTTCCTGGCTT-1,1.8267349181187607,-18.40926388648117
CGGACACCAACTGTGT-1,2.1693362278343105,34.02855690653809
CGGACACCACATGACT-1,-16.956072542787112,-23.917733166079415
CGGACACGTCCGGTGT-1,5.976736654140975,-5.6595096220899785
CGGAGAAAGCCTCATA-1,3.386800863258295,23.351030315149128
CGGAGAACAAAGGCGT-1,-15.662231407119839,-22.29483887328354
CGGAGAACAATAGGGC-1,17.730068892223464,-10.360802796115419
CGGAGAACAGTTCCAA-1,12.807515263057109,-16.240322352162316
CGGAGAAGTGTCCAAT-1,-13.608593659900505,-21.099357190860616
CGGAGAATCATCACTT-1,1.7200428731530704,-14.988394025647208
CGGAGAATCGCGGTAC-1,5.578429748783394,-31.201185438241637
CGGCAGTAGACGAAGA-1,27.163531875537405,-12.105924221493789
CGGCAGTAGTAGAGTT-1,8.880269985779014,22.542454294305344
CGGCAGTCAAAGGAGA-1,-33.86268762908206,0.39011227369419627
CGGCAGTCATCTCCCA-1,-21.807319100038242,-19.81913172124793
CGGCAGTGTAGACTGG-1,-2.3723079886898772,-6.780320261021353
CGGCAGTGTGTCTTAG-1,10.123255875298176,-31.809388204875038
CGGCAGTGTGTTTACG-1,9.918411527176373,-17.73289204980129
CGGCAGTTCAGACTGT-1,-13.024081219125698,-22.044335746529466
CGGGACTCAGATGCGA-1,-14.669188463571531,-14.6107926714727
CGGGACTTCTATACGG-1,2.770069374776632,-23.82229744572303
CGGGCATGTCAGGTAG-1,24.243205919561195,-18.261313169273585
CGGGCATGTCTGTCAA-1,9.812346974096707,-34.9207611526561
CGGGCATTCGAATCCA-1,-1.7130822828308103,-36.38400022228461
CGGGTCACACAATGAA-1,4.785349363735028,0.2798860807625098
CGGGTCAGTCTTTATC-1,-35.36875994055819,-1.8895675330955863
CGGGTCATCATACGAC-1,-1.39034636262311,-7.739646039174989
CGGGTCATCGATCCCT-1,24.234414152546478,-7.779870907596773
CGGGTGTAGCACTAAA-1,-5.8128629305313675,-17.49144517791877
CGGGTGTAGTATTCCG-1,14.776345842897628,32.01289559108376
CGGGTGTCACAACGTT-1,9.792604948406808,-4.734709327933656
CGGGTGTGTACCAATC-1,12.357317195278673,-19.64770656254832
CGGGTGTTCATAAGGA-1,13.917561549191968,-20.64050510192178
CGGGTGTTCGGCATTA-1,-7.417207408052151,-12.66742320449711
CGGTCAGAGATGCTGG-1,-26.79700986615359,-0.3004092003586213
CGGTCAGAGGATGAGA-1,-12.693218088961212,10.513955112748368
CGGTCAGCAAGAAACT-1,19.206417065520025,-6.756134708414874
CGGTCAGCAATTGCAC-1,10.931677179156496,27.712282062224524
CGGTCAGGTCTTGGTA-1,19.72216010583222,-10.922290698568043
CGGTCAGTCGAACGGA-1,20.833897734903726,4.862287077068715
CGGTCAGTCGCCTATC-1,-5.0397773465597435,-25.998241569074434
CGTAAGTAGCTCGACC-1,-17.925994558568142,-13.321406323326888
CGTAAGTAGGCATCAG-1,8.725202632358501,-15.91169193805328
CGTAAGTCAAGCTCTA-1,9.565721948123615,6.551257155897323
CGTAAGTGTTTCTTAC-1,17.053959102430902,-6.31995820823834
CGTAATGAGCTACTGT-1,16.501961612856835,29.029118845665675
CGTAATGAGTGAACAT-1,-14.812719153978875,-9.72049651549876
CGTAATGGTAGACAAT-1,1.0247701196610428,-15.514139364242562
CGTAGTAAGATGCAGC-1,5.237313191959163,-17.49485988515041
CGTAGTAAGGGAGGTG-1,24.559352344581633,-16.955731104188352
CGTAGTAGTGATACCT-1,20.03564211921044,3.6792500730227338
CGTAGTAGTTTGCCGG-1,26.14066152226881,-9.649512832859283
CGTAGTATCATGGGAG-1,15.302709886979608,-3.0524895695320478
CGTAGTATCCGGTTCT-1,16.06297096711268,-18.902942906860158
CGTCAAAAGCAGATAT-1,-27.802375271454892,15.534349428587126
CGTCAAAAGCATATGA-1,14.125988897546565,25.153290797518356
CGTCAAAAGTCACGAG-1,-1.854615531624294,-19.64452924759888
CGTCAAACAGTCTCTC-1,-11.906922979854178,-9.055684030074932
CGTCAAAGTCTGTGCG-1,-0.6956547288443541,-21.817055842351788
CGTCAAAGTTCAAACC-1,7.66755505466527,38.269930704663345
CGTCCATGTACGTACT-1,11.962790775792536,-9.322418319307078
CGTCCATGTGGATCGA-1,25.741993850282256,-6.2476734820488335
CGTCCATTCGGCTGTG-1,-10.462038134794621,4.0411984408909145
CGTGAATAGCATCAAA-1,2.7191127248248703,-3.2800171134580154
CGTGAATAGCTCCACG-1,31.84369912474656,-8.239818365061069
CGTGAATCAATCTCTT-1,6.660392250495545,24.111964228367427
CGTGAATCAATGCTCA-1,5.063667789438116,31.290371593887695
CGTGAATCAGGTCTCG-1,-7.112056111774413,-14.08652616748716
CGTGAATGTAGCGTAG-1,25.482602719097923,-3.038767398024667
CGTGAATTCATTGAGC-1,17.655738979185056,6.717379088429875
CGTGATAAGATCACCT-1,-2.2445708249160865,-9.743576509412156
CGTGATAAGGATACGC-1,3.7780613195063153,-26.371438886222645
CGTGATAAGGCTATCT-1,9.84681864152015,-1.634179779216766
CGTGATAAGTCGTTAC-1,23.319392713489847,0.2014269993364762
CGTGATACAACCACAT-1,13.329726542750501,12.856984949456946
CGTGATACACGTAACT-1,20.421625866833615,-4.322151458975362
CGTGATACATCTGGGC-1,-0.19450297008518527,-26.474403260932135
CGTGATAGTGATACAA-1,-5.982866172172758,-17.290632507489413
CGTGATAGTTAACCTG-1,19.149164669252887,-3.6877117280687797
CGTGATAGTTCTCGTC-1,24.17217056585992,1.1406872809809365
CGTGATATCACATTGG-1,7.6809587288735575,-10.126974935954918
CGTGATATCGGCACTG-1,10.676068386191874,35.975899374351584
CGTGATATCGTTGTGA-1,24.039748153678946,-4.518404622984408
CGTGCTTAGGTCATTC-1,20.115190727243885,-12.006868109388003
CGTGCTTAGTCGCCCA-1,-1.2480976234194212,7.94858460779222
CGTGCTTCACAAGTTC-1,0.03356791075708277,-30.85590815614964
CGTGCTTGTGTGTCCG-1,14.599873185519888,-1.6729982959423813
CGTGCTTTCCATAGGT-1,5.714067372840766,-12.380348296019509
CGTGTCTAGTTCCGTA-1,-3.60617644603821,-12.072355448542062
CGTGTCTAGTTGCATC-1,3.323478360399882,-8.45157696228133
CGTGTCTCACCCAATA-1,31.630507830108435,-1.5819253563277917
CGTGTCTCATCCGTTC-1,18.399526210009416,5.279263541370563
CGTGTCTTCCGTACGG-1,9.765440939334939,29.927525059721205
CGTGTCTTCTTGGATG-1,24.00737868887768,-18.56561370099489
CGTTAGAAGCAGCCTC-1,29.95540187619986,0.8918986919823411
CGTTAGAAGTAACGTA-1,8.232775068245486,2.8320320627065096
CGTTCTGAGTCAACAA-1,21.641807383401385,-12.92272443540561
CGTTCTGGTACTAGCT-1,-5.5460293704654955,37.233151989711445
CGTTCTGGTAGCGTCC-1,15.85287287230483,-20.627202775771945
CGTTCTGGTTACGATC-1,-28.51197543215679,-3.8447126835629253
CGTTCTGGTTGCCTAA-1,11.899293851365645,-0.7978998293496588
CGTTCTGGTTTACACG-1,12.601381828252366,38.29577620298541
CGTTCTGTCGAATCCA-1,6.4673117638266575,-16.84958275178231
CGTTCTGTCTTAGCTT-1,-14.38918238274667,1.6767734057038768
CGTTGGGAGACATCAA-1,-1.9295323585609578,-28.186368005409328
CGTTGGGCAGTAGAAT-1,6.216700749541808,-17.157416469673393
CGTTGGGCATGTGGCC-1,-0.9965946012334372,-29.024196555221057
CGTTGGGGTAGACTGG-1,6.879070446720132,-29.955802611753104
CGTTGGGGTCATATGC-1,-1.515697107409899,42.91757061119497
CGTTGGGTCCCTGGTT-1,15.418157187288784,-15.164323768572014
CGTTGGGTCGGCTTCT-1,-7.107196216528344,34.47521031968358
CGTTGGGTCTCATAGG-1,-8.836723933524118,-12.387837144448463
CGTTGGGTCTGGGCGT-1,6.883626778516419,-12.385626924746862
CTAACCCAGTGGAAGA-1,16.328417379283092,5.122440062372653
CTAACCCCATCCGGCA-1,5.037906884826771,-10.178437471213414
CTAACCCGTCCAAAGG-1,11.681112031952914,43.768489163283505
CTAACCCGTTGGATCT-1,-12.89422166652729,-0.2977468400249515
CTAACCCTCCACATAG-1,-19.987631006855477,12.832210781965536
CTAACCCTCTGCATGA-1,6.717317208474016,-28.00639959566943
CTAACTTAGCTGAAGC-1,-17.489895869962776,-13.350131777585796
CTAACTTAGGCCACCT-1,3.1480043856008453,-4.276218934134955
CTAACTTCAGTTCTAG-1,-20.602478695338636,-8.38773026871535
CTAACTTGTCGACGCT-1,-2.1227282214921135,39.094004092907795
CTAACTTTCAAGGAGC-1,14.57232083238654,-11.254435704963164
CTAACTTTCTAAGCCA-1,5.500182383789494,3.1230926449312695
CTAACTTTCTACGGTA-1,7.33522295490505,35.66701681324926
CTAAGTGAGCCGCTTG-1,-1.442879270652807,1.6515647773048054
CTAAGTGCAGCAAGAC-1,7.851102240184457,-14.00775752868903
CTAAGTGGTATCGATC-1,4.954989306574207,36.70219993057715
CTAAGTGTCATCGTAG-1,-14.493023956038511,-7.10314395771433
CTACAGAAGTTTGGCT-1,-8.251433938716456,-33.04058083449287
CTACAGACAGAAGTGC-1,21.12961551569531,-4.22927709308366
CTACAGAGTCAACATC-1,-2.7772032646970954,-15.831702055155615
CTACAGAGTCGTCAGC-1,27.206839475519175,-12.202563928777193
CTACAGATCCCGTTCA-1,2.1158122006768703,35.61165070749555
CTACATTAGCCACAAG-1,-18.386065701616673,18.84578643754877
CTACATTAGTCCCAGC-1,-4.615654483527838,30.794646081762508
CTACATTAGTTTCGAC-1,-0.07241832022059015,-11.84009442881896
CTACATTCAATTGCGT-1,-1.9743017233745883,37.141865693543
CTACATTGTTCCTTGC-1,-29.24430093207522,6.264816031290957
CTACATTTCAGCAATC-1,-4.5618530718461745,-19.972472204688245
CTACATTTCCCTGTTG-1,-12.000907773705762,4.465574278432589
CTACATTTCTTCACAT-1,-14.489767591894902,4.709274610926355
CTACCCAAGACGAAGA-1,3.251864898363163,-9.056072092564524
CTACCCAAGGCCTAAG-1,-4.330087511757477,33.15082011651261
CTACCCAGTACAGAAT-1,22.02939344834629,-13.53516887393754
CTACCCAGTCGCATGC-1,-5.800803544078288,38.39629401233167
CTACCCAGTCGTACTA-1,-14.773327958862051,3.020018867988412
CTACCTGAGCCGATAG-1,-4.159030192016183,11.304893599939414
CTACCTGCATAGAATG-1,2.430432102590144,27.38779144430294
CTACCTGGTGCACATT-1,16.813803681859017,12.887246627695669
CTACCTGTCACCATAG-1,18.80455795050586,-1.7292243755242531
CTACCTGTCCATTGTT-1,2.3229409173623217,12.500330067115756
CTACGGGTCCCGGTAG-1,-27.934798106337702,4.242345883243555
CTACTATAGCTAAATG-1,13.330811277601233,-29.0605626372038
CTACTATCACGCTGTG-1,-24.80668213228782,-6.505191118066277
CTACTATCAGCTTTGA-1,-21.635756362606973,17.836343437627853
CTACTATGTGAGTAGC-1,24.64327192398212,-1.6138372695185172
CTACTATGTTGTTGAC-1,11.818693430220948,38.76766820597695
CTACTATTCACCCATC-1,-18.352278380116697,18.595749644692724
CTACTATTCACTTCTA-1,-4.83431492377673,-36.17038072273376
CTACTATTCCTCACCA-1,-19.049846990904086,-10.721679627025686
CTAGACAAGTCCCTAA-1,6.193903618532263,9.147710800638922
CTAGACAGTCACGCTG-1,14.084875038127578,-9.056270146796578
CTAGACATCAGGACGA-1,-1.5685609756738108,28.922841411638533
CTAGACATCCGGCAAC-1,1.4897867076113793,13.614033760135777
CTAGGTAAGACCAGAC-1,13.068455153004862,25.0571461085604
CTAGGTAAGATTCGAA-1,7.005375777284197,-25.069766273375016
CTAGGTAAGTGCTACT-1,-11.428071357399547,-35.050853271279394
CTAGGTAGTATCACCA-1,-17.003215300694134,13.108754363335697
CTAGGTATCATAGGCT-1,3.606427965532821,45.08750305457625
CTATAGGAGGACAAGA-1,-1.5441238154934265,-25.267786257317056
CTATAGGAGGGCAGTT-1,13.81500990414989,27.14928398122048
CTATAGGCATCAGCGC-1,-16.437928824565002,-11.281085558785398
CTATAGGGTATAGCTC-1,-9.476984437481667,-7.786485149728583
CTATAGGGTTAATGAG-1,19.954811102563518,-13.393760411764713
CTATAGGTCAGGAAGC-1,3.6692221935631046,-11.77375345622468
CTATCCGAGAGAACCC-1,-20.802807817740987,-8.67939717466724
CTATCCGCACATTCTT-1,-6.022519944357937,10.935366355023003
CTATCCGCAGAGAGGG-1,26.45681679761901,0.31234781060216643
CTATCCGTCAGTGATC-1,-7.763613456117765,-7.997410851020464
CTATCCGTCGTTCTCG-1,12.619244223935782,-15.71541172791251
CTATCTAAGAAGTATC-1,-25.48189645706134,6.40655471960095
CTATCTAAGCGATGCA-1,-17.485685434426767,-8.418347135145302
CTATCTAAGGGTTAAT-1,20.27900209411284,8.09485892873816
CTATCTACAAATGGAT-1,21.954796525375556,-20.50704988625882
CTATCTAGTCACGCTG-1,-26.08685072309826,-8.12722275397825
CTATCTATCTCTTCAA-1,6.14454864699658,40.63369076601152
CTCAACCAGAACAGGA-1,5.36363724706145,-5.879966690388747
CTCAACCAGAGAATCT-1,3.80613026827323,-11.696356121162934
CTCAACCAGTGCCGAA-1,-28.823442231614273,9.65714827373709
CTCAACCCAAAGGATT-1,9.335671191157228,-5.206425478563202
CTCAACCCACACCGAC-1,15.050280495866087,7.179287716939263
CTCAACCCAGCGTTTA-1,7.018717008174016,3.900409518243894
CTCAACCGTTCCGTTC-1,-17.98416488142722,-10.0731900935209
CTCAAGAAGCAACAAT-1,4.147051037120814,1.7166499373603035
CTCAAGAAGCCGAATG-1,-10.613074317807852,-25.3917295915184
CTCAAGACAAACACGG-1,-28.269521223749155,7.999538424377794
CTCAAGACAATAGTGA-1,-16.44975028934416,-24.312074171028744
CTCAAGACACGTCATA-1,4.8757360618520345,40.276340055860274
CTCAAGACATTCATCT-1,12.600197827244246,7.972598321947925
CTCAAGAGTGCGTGCT-1,19.61929248885715,-11.212765062586529
CTCAAGATCACCCTGT-1,2.505143342215874,-6.5784045556040445
CTCAAGATCGCAGTTA-1,-5.19255555944117,2.537153292043196
CTCAAGATCTCCTGCA-1,-12.670255177264897,1.5946691109302122
CTCAATTCAAGAAACT-1,-0.1203361235430012,30.57670493223869
CTCAATTGTGTTCAGT-1,1.9536405170203774,0.6978161172795013
CTCAATTGTTGTGTAC-1,9.69998340886298,-34.760662699418155
CTCAATTTCCACACAA-1,-17.258347284613297,2.955983203515877
CTCAATTTCCCTAGGG-1,2.158484777492374,21.14796991268041
CTCACTGCACACCAGC-1,-29.98344917709086,8.821390900132862
CTCACTGCACTTCAGA-1,-19.710686862366167,8.590019294604371
CTCACTGCAGGAATCG-1,-4.378565774904741,-2.1513825775469746
CTCACTGGTATAGCTC-1,10.542680308240543,22.01182164630514
CTCACTGGTGCCGTTG-1,-5.323275962542528,-3.5911124952994977
CTCACTGTCACCTTAT-1,-2.9556183837087637,32.10434292443533
CTCACTGTCGCCCAGA-1,-17.323446427780294,4.639423946759253
CTCACTGTCTGAGAAA-1,4.245683065493749,27.551833026417416
CTCAGAAAGCAACCAG-1,-3.285119506403687,-6.5584268969395225
CTCAGAAAGCATGAAT-1,-3.685446187221087,-12.869572438548118
CTCAGAAAGGGACACT-1,-5.032114141448274,-21.098262992454853
CTCAGAACATATACCG-1,-14.369884990214963,-11.16751679625843
CTCAGAACATGTACGT-1,20.80641969387019,-14.523080413230035
CTCAGAAGTTCAAGGG-1,6.733552695511245,22.878541505033866
CTCAGGGAGCTGAAGC-1,10.504063494873868,30.30193358012398
CTCAGGGAGGGCGAAG-1,16.9861047285531,22.48047833873111
CTCAGGGCAAACTAAG-1,5.093995435957345,10.306603808639379
CTCAGGGCAACGGCTC-1,-3.539166660314729,-36.91310829514964
CTCAGGGGTTACACTG-1,-20.751083173331356,-19.900095582271753
CTCAGTCAGAGTTGTA-1,-0.8607953923455043,-27.508044623001066
CTCAGTCAGGGCAAGG-1,14.152561735181246,40.92630242555103
CTCAGTCAGGTGAGCT-1,0.19027198534388046,-23.772705914155072
CTCAGTCCACACGGAA-1,-3.5642582294545226,34.81064865497032
CTCAGTCCACGCTGCA-1,7.423995370188923,22.132577258949812
CTCAGTCCAGGTGGAT-1,16.937337077155743,28.279431341566372
CTCATCGGTGAACGGT-1,1.2782615045274581,5.941499261546923
CTCATCGGTGCTTCAA-1,-3.618203558076018,-20.80311600759641
CTCATGCCACGCCACA-1,-0.5033886352084788,36.53119894516542
CTCATGCGTAACAGTA-1,-11.949729515628718,11.276416915734671
CTCATGCGTAAGTTAG-1,2.85125764190582,-28.570430857198247
CTCATGCGTAGGCAAC-1,3.2612251709251407,-10.948702884678598
CTCATGCTCTCGCTCA-1,-15.800111562776806,3.2223232344934747
CTCATTAAGGAATTAC-1,4.180663065574943,23.616128234347126
CTCATTACAACTGAAA-1,14.481689670142726,-18.946034301596455
CTCATTAGTAGCTGTT-1,-12.058341005760637,3.46668893754591
CTCATTAGTATGGAGC-1,7.477719514290717,-0.5756964110347915
CTCATTATCTCACCCA-1,-21.496347092784298,17.510329701381643
CTCCAACAGCATATGA-1,-28.395637595328864,5.556133638698713
CTCCAACCACGCCACA-1,-17.741814844303747,3.9708438043867753
CTCCAACCATGATAGA-1,2.752658454158966,13.605438300880124
CTCCAACGTACTGAGG-1,-22.626091196509517,-9.23483308921305
CTCCAACGTGGCTACC-1,-15.30579249367558,18.281746837303373
CTCCAACTCCTTCTGG-1,17.43399916191264,10.726258211805703
CTCCAACTCGGACGTC-1,3.292348207079765,44.3965222832929
CTCCAACTCTGCCTCA-1,-7.620970879365176,-34.44428777915229
CTCCACACAGATCCAT-1,-12.793592014107553,7.199557217026384
CTCCACACATAACTCG-1,1.7456966972227927,35.952204275079595
CTCCACACATGTTACG-1,-13.331025974444373,19.531142821242263
CTCCACAGTACAAGCG-1,4.046521580285677,7.325296327423289
CTCCACAGTAGTCACT-1,-7.406367779405979,1.7843507230922775
CTCCACAGTTCATCTT-1,0.4757520993918261,31.500249006571988
CTCCACAGTTTCACAG-1,0.7315877064006403,11.864347396157989
CTCCACATCGACGCGT-1,1.2925886025973352,8.551024984283961
CTCCATGAGCTCGCAC-1,12.519057608443255,-24.724055134332588
CTCCATGGTCAGCTTA-1,16.098792267162093,0.2777412386667302
CTCCATGGTCGGCCTA-1,-4.490743313554981,11.354986980024607
CTCCATGGTGTCACAT-1,-7.706816237965258,-33.04430980623956
CTCCATGGTTACGCCG-1,22.31221628713508,-0.8624910095597702
CTCCATGTCTGTGCGG-1,-8.028823092148153,-23.65954091293833
CTCCCAACAAGCCTGC-1,-21.38674799452567,-1.8674651160751177
CTCCCAACATACTGAC-1,6.061540223497595,29.732128687571453
CTCCCAACATGACACT-1,16.299516425634728,9.801542067871539
CTCCCAAGTATGTCTG-1,-8.875507541033786,-8.971949627941068
CTCCCAATCGGTCGAC-1,-1.5803129990515166,-28.46802995181253
CTCCCAATCTGCGGGT-1,22.094964982219615,2.1636987111419472
CTCCCTCAGATGCAGC-1,-5.676495150848646,31.62404064887765
CTCCCTCAGCTTCGTA-1,0.6506446472462613,-27.636410199021192
CTCCCTCAGGCTATCT-1,15.7613974513953,8.545379365687742
CTCCCTCCAAGTCGTT-1,20.81520853826543,-13.874986960582534
CTCCCTCCACCAGCGT-1,-4.424897741687865,-20.34943140906354
CTCCCTCCACTTGTGA-1,-5.323872643483074,9.520879870480883
CTCCCTCGTCCTGTCT-1,-3.0000761522920807,-32.0193034991819
CTCCCTCGTGAGGCAT-1,-4.02888655034297,-24.2275643859178
CTCCCTCTCCCGGTAG-1,-21.924495009257306,7.346380383854321
CTCCCTCTCCGTGGCA-1,-24.19300186953391,-1.999924200829427
CTCCCTCTCGCTAATG-1,-5.247466056703608,9.397060553364577
CTCCGATAGCCGCACT-1,-3.844681921953846,-0.3851933382103271
CTCCGATAGTTCCAGT-1,-17.445385638981985,4.001683438810812
CTCCGATCAACGGTAG-1,10.103121098611332,37.5461296844251
CTCCGATCACTTGGCG-1,-26.427254611113227,1.7133460982554798
CTCCGATCAGCCTTCT-1,3.3249259476234245,-17.02127389264545
CTCCGATGTAGTATAG-1,-27.003596444149547,-0.24220518176462144
CTCCGATGTGGTAACG-1,-2.01493156188752,43.147936205118185
CTCCGATGTTCCACGG-1,-1.9675545064176478,-28.679414176705166
CTCCGATTCATGAGAA-1,-4.960530901183026,-28.730755690900097
CTCCGATTCCAAGCCG-1,-10.749070753728727,-8.640176181098552
CTCCGATTCGTCCTCA-1,-7.914208117700383,-5.578718197556539
CTCCTCCAGAATACAC-1,6.483913472488912,41.23306350394657
CTCCTCCAGCTGGCCT-1,6.839744213635961,-33.416506391689644
CTCCTCCCACTCGATA-1,-17.49473387879436,-14.81150378339157
CTCCTTTAGCCACCGT-1,3.263183058585329,25.490833177500594
CTCCTTTAGGTAAGTT-1,-14.711526079883997,-15.451063915935553
CTCCTTTCATAGCACT-1,-28.228867055082908,8.315362396202268
CTCCTTTGTGCAATAA-1,18.69090788005296,-24.375302946877603
CTCCTTTTCCTGGGTG-1,3.3809493216586843,-24.936347134301887
CTCCTTTTCCTGTAGA-1,-9.755997452253427,-5.641825989251341
CTCGAGGAGGCACGAT-1,8.761388882502683,-15.834430622949712
CTCGAGGAGGTCACCC-1,19.460960905433417,-7.867709761159555
CTCGAGGAGTAACGTA-1,4.649052408676788,26.144734417123754
CTCGAGGCAGTTGGTT-1,19.335084195731028,11.815621256687107
CTCGAGGGTTGCATCA-1,7.698953827805137,-3.4638097613590357
CTCGAGGTCTTCTTCC-1,2.0005031500793153,-19.799930075964813
CTCTCAGAGAGTTGCG-1,11.04238940185306,22.521410668511606
CTCTCAGAGGAACTAT-1,-21.836910354858823,-16.22747976486431
CTCTCAGAGTTGCATC-1,6.667621674486644,-12.7377730803184
CTCTCAGCAGCGGTTC-1,-14.989240771396917,0.11967275005325702
CTCTCAGTCCGAAATC-1,-5.219291810250027,-5.910607644700916
CTCTCGAAGATGATTG-1,-15.321531093069199,-15.828425919386142
CTCTCGACATGATCTG-1,-2.1838058987894495,35.06194572379881
CTCTCGAGTCAACATC-1,6.521077803088892,31.878333078773387
CTCTGGTCATGAGGGT-1,17.662334637992934,35.056514807433
CTCTGGTCATTCTCTA-1,-29.535341628596896,4.51333186943652
CTCTGGTTCCCAGGCA-1,-0.7461940345437161,11.624640456041085
CTGAATGAGAAGAACG-1,-3.8713043028487544,-33.49288997628635
CTGAATGCAAGGTCTT-1,14.294519958117533,-6.620426955601546
CTGAATGCACGTACTA-1,-6.105827034025199,2.3249872705339745
CTGAGCGCATAAGATG-1,0.41098743288158474,-18.478855736888946
CTGAGCGCATCCTCAC-1,4.823337148345855,32.87060759019401
CTGAGCGGTCTGTGAT-1,11.988747724950537,-2.6648334988646587
CTGAGCGGTGCTTATG-1,-6.5495707901672,-22.391280909796073
CTGAGCGGTGTGGACA-1,6.167254895068927,-21.98559262918916
CTGAGGCAGAAATTGC-1,15.974554971153005,-13.953559487111926
CTGAGGCAGACATAGT-1,18.685434971936587,-4.766953609665214
CTGAGGCGTATGAAAC-1,21.07576588303373,-12.15054045322772
CTGAGGCGTGCCTACG-1,30.68822814585875,0.2723953088755434
CTGAGGCTCATTTGTC-1,-26.913008343663503,-3.111617501312623
CTGAGGCTCTCTCGCA-1,18.413793142230254,32.41249955565114
CTGAGGCTCTTCGACC-1,-10.017083614674904,-11.756750787669157
CTGATCCAGAGTCACG-1,13.277536249331607,-30.22868009564492
CTGATCCCACTACCCT-1,-20.697659367149562,-21.1444887994302
CTGATCCGTGCCCACA-1,-27.183803242678326,3.9420413799887775
CTGATCCTCAGCTAGT-1,9.487341853734048,26.674312745028875
CTGCAGGAGTATAGAC-1,1.3009488621683294,-9.109093906639593
CTGCAGGGTATGGAGC-1,9.095311524578815,33.47193900152482
CTGCAGGGTTAGCGGA-1,-18.722127082445404,-30.476380965016098
CTGCAGGGTTCTCCCA-1,-3.8308596830662327,6.896791203079453
CTGCAGGGTTGTGCCG-1,-29.330889798595376,-1.7748271165424983
CTGCAGGTCCACGTGG-1,-17.17005358189088,0.8713141391508014
CTGCATCAGTTCGGTT-1,-8.275796647119943,-2.7133546257183543
CTGCATCCAAGACCTT-1,-11.812960416803945,1.1847825249692523
CTGCATCGTCTGTTAG-1,6.591057945409636,-34.510645493547116
CTGCATCTCAGATTGC-1,16.068062780968283,4.5435834638516654
CTGCATCTCATGGTAC-1,0.06174018980554148,29.366512864328538
CTGCCATAGTAGAATC-1,-18.927995737130377,13.6238816330729
CTGCCATAGTCGCCCA-1,14.25386193520799,8.726558735781598
CTGCCATAGTGGCGAT-1,-6.0701809986365465,-26.552517552227172
CTGCCATCACGGCGTT-1,-21.81946267777441,4.478941598193437
CTGCCATCAGGGATAC-1,18.493419064029133,6.302683972690425
CTGCCATCATATGCGT-1,-6.126926347655572,-33.12479747555153
CTGCCATGTTGGATCT-1,3.854234204476967,-22.564611512007467
CTGCCATTCCATAAGC-1,-7.580418500584114,7.753320954222874
CTGCCTAAGAAATGGG-1,9.867388950325328,-26.42329711353118
CTGCCTAAGCAGAAAG-1,-5.060350195723405,25.828341671454208
CTGCCTAAGGGAGGTG-1,-4.259356567945916,1.9111216118834038
CTGCCTAAGTCGGCAA-1,13.876803824763522,-13.56733257720339
CTGCCTAGTAGATTGA-1,17.55912758408656,-16.36791182566745
CTGCCTAGTGGCTTGC-1,-12.847830277420671,4.928674236278855
CTGCCTATCAGATTGC-1,-0.2633157684086087,9.910293167059063
CTGCGAGAGGTCACTT-1,-16.940763029169005,-25.47897907605816
CTGCGAGCAACTACGT-1,-6.061608823795558,-19.997994051373016
CTGCGAGGTTACGATC-1,19.998182543037352,-23.689537804727642
CTGCGAGTCAGGTGTT-1,16.54747881946514,-9.087366326212832
CTGCGAGTCCACGGAC-1,7.516390961933407,-20.518560704750463
CTGCTCAAGCCTTCTC-1,-8.792386162444632,11.527086972159008
CTGCTCAAGGTGTGAC-1,-0.6818315630851954,11.731960525752685
CTGCTCAAGGTTCACT-1,-1.22051391749701,37.570117087350205
CTGCTCAAGTGCACTT-1,3.384399796493358,5.116212717864652
CTGCTCATCGTCAAAC-1,-16.953601579384827,10.580560559582617
CTGCTCATCTCGGTAA-1,-11.06958763243293,-12.282750199582278
CTGGACGAGCACGGAT-1,15.29400373455638,-20.742403855491954
CTGGACGAGGATTTCC-1,-17.117921579570606,-3.7248086809501393
CTGGACGCAAAGGATT-1,13.961427147245463,40.71937014503757
CTGGACGGTAATGCGG-1,13.248477552108548,33.86459549502451
CTGGACGGTTGCATTG-1,-19.489581581775575,-6.803286078924688
CTGGACGTCCAACACA-1,-3.402243091773222,3.8450812034563273
CTGGACGTCCGTAATG-1,-1.3252226443644912,7.861211253808351
CTGGACGTCGGTGTTA-1,-24.691677741141238,-0.4368530661586791
CTGGCAGAGGTCCGAA-1,-19.41311687960339,-25.550881840851122
CTGGCAGCAACAGAGC-1,17.895440543856765,-2.8384456015386785
CTGGCAGCACGAGGTA-1,20.149558872376748,6.670785330938743
CTGGCAGGTTTACTGG-1,-22.26589064762866,-7.1162070979351935
CTGGCAGTCGTAGGAG-1,8.893851121195926,-20.865590210996295
CTGGCAGTCTCAGGCG-1,14.41209052561778,28.294906582620413
CTGGTCTAGATAGTCA-1,-13.749411085090946,14.441883599626172
CTGGTCTAGCTCCGAC-1,-27.719673842733258,6.93341714974609
CTGGTCTAGTATAACG-1,5.135055797096833,36.64577771300329
CTGGTCTGTAGCACGA-1,7.932025090322194,-22.385831816326203
CTGTACCAGCGGATCA-1,13.39063681359131,37.26811069155871
CTGTACCAGCGTGAAC-1,-9.617387966263603,-22.423344906326268
CTGTACCCAAACCACT-1,6.622281021437292,-13.410770373795954
CTGTACCCACATATCG-1,-24.493067931018253,-10.770352181545974
CTGTACCGTACGCTTA-1,-16.090412371715598,-2.5242779800860857
CTGTAGACAATCCTAG-1,18.654740106864693,-0.7954444275782491
CTGTAGACATATGCGT-1,-17.123496946922828,3.7639724376957657
CTGTAGAGTACAAGCG-1,14.764260326106061,-8.360251524037338
CTGTAGATCGAGCACC-1,0.21889416836408565,-27.493993049154447
CTGTAGATCGCACTCT-1,11.775812497019484,-16.23634939034407
CTGTATTAGACTCGAG-1,30.903654718761285,3.34725239628695
CTGTATTCAGGCCCTA-1,17.253340145327453,1.8395410560719063
CTGTATTGTACAGAGC-1,25.23746487173409,-9.944467645450057
CTGTATTGTTAGAAGT-1,-4.597334157134703,39.05931493670412
CTGTATTTCACTTTGT-1,-31.134372871120178,3.703120125959883
CTGTATTTCATCCCGT-1,-22.254194105778257,-9.82570182149889
CTGTCGTAGGGACTGT-1,0.25263996860598603,-27.27427926310595
CTGTCGTCAATCTGCA-1,-11.941769180491098,-13.102099713850093
CTGTCGTGTACGATGG-1,24.71066422402885,4.711032824261127
CTGTCGTGTCTCGACG-1,7.554509365530327,-16.500827520557074
CTGTCGTTCCCATGGG-1,3.662249322207082,-7.698534849140151
CTGTGAAAGCATGTTC-1,5.965000910643673,-23.575415296939642
CTGTGAAAGCCGCACT-1,-22.369713472099612,-23.368120319038866
CTGTGAACAGAGACTG-1,-17.728158584134636,-11.753952843703404
CTGTGAATCCAACTGA-1,2.7765889435354243,-28.56423186964918
CTGTGGGCAACCCTCT-1,10.857292099763065,8.307300822459126
CTGTGGGCAGAAACCG-1,-17.871901929426798,-13.48335290883047
CTGTGGGGTTGCTCAA-1,1.534289435289654,31.74775315796771
CTGTGGGGTTTCTTAC-1,5.470544107786678,11.526981492151112
CTGTGGGTCCAGTGCG-1,0.8890089036620595,0.9102996611203126
CTTACCGAGGTCCGAA-1,4.113620470753443,-23.33729803375894
CTTACCGCAATTGCGT-1,19.88463563551325,8.039408857860836
CTTACCGCACCTGCAG-1,-13.788008649582974,4.0366786683013425
CTTACCGCAGAAATCA-1,-14.696964189576235,3.578703578666145
CTTACCGGTCGAGTGA-1,18.50965174695908,-0.7771124826524266
CTTACCGGTCTAGGCC-1,6.585829556507532,-15.78254005521453
CTTAGGACACTACGGC-1,6.94910147255063,25.186250810675283
CTTAGGAGTGTTTCTT-1,30.066757645873317,3.838293793528777
CTTAGGATCTGTTGGA-1,12.098809030132687,-2.6585545379170497
CTTCAATAGGTAGCAC-1,-7.095128403139962,-14.130795754089096
CTTCAATCAAAGGATT-1,-19.816215132711577,12.175304923865204
CTTCAATCATCCTTGC-1,17.586562507548834,-11.301324804465585
CTTCAATCATCTCCCA-1,7.430229509650673,35.15186746954654
CTTCAATGTATGGTTC-1,11.832736749507395,8.988185712022261
CTTCAATTCCGAGTGC-1,-1.3340925527393066,17.36094746629323
CTTCAATTCGATTGGT-1,-11.649138386354547,-10.045076182442633
CTTCAATTCGGAAACG-1,15.755133727319986,24.2765907784566
CTTCAATTCGGCCTTT-1,-19.72353614589391,-25.668394697589076
CTTCAATTCTCATGCC-1,6.01113985507108,44.79179088005922
CTTCCGAAGGTCGTCC-1,5.676351636293311,37.67381374891211
CTTCCGACAATGGGTG-1,8.012959629153777,12.06645660661336
CTTCCGAGTCATCCGG-1,-24.539190174786892,-7.723944576976031
CTTCCGAGTCCTGTTC-1,-12.824528071850754,16.612696441204335
CTTCCGAGTTACTCAG-1,-31.375655145785984,6.686851387214704
CTTCCGATCCCTCATG-1,-25.85828940445956,-8.110155819901864
CTTCCGATCTGCCTGT-1,-15.781565619601594,15.996630746176626
CTTCCTTAGAGAACCC-1,-20.26973626548949,-5.2645212535821795
CTTCCTTAGTATCCTG-1,3.3183766765414853,11.18127608309289
CTTCCTTCACGTTCGG-1,9.973862771900347,-17.715220154289288
CTTCCTTTCGTGTCAA-1,7.340755100108315,-20.102002800212
CTTCGGTAGTAGAATC-1,9.113449982567305,4.113584204405535
CTTCGGTGTACGGTTT-1,-11.70896903794741,-18.043025829284037
CTTCGGTGTCCCTAAA-1,-6.23220525562075,-29.59383818822429
CTTCTAAAGCAAATCA-1,-17.0598339616145,0.9163711629717145
CTTCTAAAGCCTGAAG-1,20.960322469150835,-11.797825755169494
CTTCTAACAATTTCGG-1,10.187437260365618,-13.342818173095969
CTTCTAACAGAGACTG-1,-24.08242036649478,17.31223057052178
CTTCTAACAGTTACCA-1,-4.019399941942809,0.5789683433044552
CTTCTAAGTGCCTTCT-1,3.22533714427932,1.1675518676383563
CTTCTAAGTGGCGCTT-1,23.66142215052095,-16.52157439449784
CTTCTAAGTGTCATCA-1,11.5220158936462,28.046474981572132
CTTCTAAGTTGGTGTT-1,19.535413926194664,34.824888455948326
CTTCTAAGTTTCGACA-1,-6.771926110698254,0.19769338751859156
CTTCTAATCCTGGGAC-1,-1.8309063218391555,13.14179694837594
CTTCTAATCGTTAGTG-1,24.644671020382937,2.9650335939229624
CTTCTAATCTCCACTG-1,-4.677920261668713,1.9459195064950425
CTTCTCTCACCGTCGA-1,-2.248019916147223,38.77208921922415
CTTCTCTCAGTCACGC-1,-23.367307859307974,12.25111521571681
CTTCTCTTCATGCATG-1,4.3048528937930435,8.755149482616881
CTTCTCTTCGACCTAA-1,-5.931529246860358,-23.636738398045054
CTTGAGAAGACCATGG-1,-14.818912012232389,-19.690808938972303
CTTGAGAAGATCCAAA-1,-5.459104062882446,-13.065926668025789
CTTGAGAAGGCCTTGC-1,8.458000535656526,31.38545948154681
CTTGAGACATTGGATC-1,3.8928508660434837,-1.342654248314581
CTTGAGAGTGACACGA-1,-4.057549685630384,-35.681026195854265
CTTGAGAGTTCGTTCC-1,22.17492424127422,-16.3970985201744
CTTGATTAGCTGAAGC-1,-14.042369258618312,-27.04551915831524
CTTGATTAGTAGCCAG-1,-24.125286525853237,-4.7796667525252055
CTTGATTAGTCACTAC-1,-29.000093098910583,7.690196834717865
CTTGATTGTTAGCGGA-1,19.56637467620408,34.433114290170785
CTTGATTTCAACCTCC-1,-16.095134427308064,-10.040215823471582
CTTGATTTCGAAGTGG-1,10.37993444596739,27.577656513896617
CTTGATTTCTGTGTGA-1,5.871950510075216,-7.9072584902189655
CTTTCAAAGAAGCCTG-1,-9.871736711487005,-2.647035075964349
CTTTCAAAGACTCTTG-1,-12.827073391458836,-10.418062131487062
CTTTCAAAGCCTAACT-1,12.263498317208375,2.9705743378125966
CTTTCAAAGGGCAGGA-1,0.9389288545320894,-5.816697332010394
CTTTCAACAAGCCTGC-1,-20.526447596727227,14.490065382520198
CTTTCAACATTGCCGG-1,-3.1638240794281334,19.0784208975836
CTTTCAAGTAGCACGA-1,-0.8638928995551551,-26.16877243430602
CTTTCAAGTCTGTGAT-1,-4.897911765676812,-34.93413098487553
CTTTCAAGTTCTAACG-1,-17.90740720923575,-4.711469773033582
CTTTCAATCACCCTTG-1,-27.901093753783375,15.509759789089001
CTTTCAATCAGTCAGT-1,25.45622705725759,-14.812294783093364
CTTTCAATCTGTAAGC-1,-15.569316098166846,-16.65913002105922
CTTTCGGAGCTCGTGC-1,31.863839835303388,-8.21470956674124
CTTTCGGAGGATACAT-1,22.22266556185253,-0.8312976405979965
CTTTCGGAGGTGGCTA-1,-4.107612319418818,6.954535852800828
CTTTCGGAGTACTCGT-1,5.9122732736191965,-8.104780432234303
CTTTCGGGTACCTTCC-1,4.713398518836125,28.290342566426716
CTTTCGGGTCAGTCTA-1,-1.382985480931316,-25.25504646093745
CTTTCGGTCAAGGCTT-1,-26.09179906618163,-9.510507106294272
GAAACCTAGACTTAAG-1,18.29919871749527,-22.89949768550339
GAAACCTCAATAACGA-1,7.62603324533736,20.636747338750112
GAAACCTGTACTCCGG-1,19.153434098766542,30.999843637617712
GAAACCTGTTGGCCGT-1,-19.28198287789159,-0.7222575522026586
GAAACCTTCGCAGTTA-1,-1.547670641777648,38.194313919181354
GAAACCTTCTTGAACG-1,-5.734222531636364,1.7962605059519896
GAAATGAAGCGGACAT-1,-21.976627246332562,-12.04082710882399
GAAATGACAAGTTTGC-1,9.780424449249498,26.941967400029384
GAAATGACAGCTGTAT-1,-1.4811733166522816,35.71033278572444
GAAATGAGTAGACACG-1,0.9504516287233349,-29.237241390642158
GAAATGATCCAAAGGG-1,-2.9151225725000085,-35.1837381769334
GAAATGATCTCCACTG-1,-26.852172542093076,14.403308744132064
GAACACTAGATGCTGG-1,7.3443452394049284,34.47811641959949
GAACACTCACCTCTAC-1,-27.02380247148446,14.619592669950197
GAACACTGTCAACACT-1,24.748853549026673,0.539458631482096
GAACACTGTCAAGCCC-1,-8.809366239884037,-0.41508691830031696
GAACACTTCCAAGAGG-1,1.8198421645540395,27.86327504702357
GAACACTTCTAAGAAG-1,3.2248205983130593,25.65137254950962
GAACGTTCATCGAACT-1,-21.095798395804355,-23.58492303808762
GAACGTTGTCATCTAG-1,-28.535252902441208,0.314121210616453
GAACGTTTCCATGATG-1,19.594736783557963,1.1890729456185043
GAACGTTTCTAGAGCT-1,-15.601374446836497,-5.751153657950594
GAACTGTAGTTCCATG-1,5.382478939180074,-1.660989838636062
GAACTGTGTGAACGGT-1,19.730344027459946,-7.196113520874393
GAACTGTTCCGTAGTA-1,11.836308106303706,41.72065424649466
GAACTGTTCCTTATAC-1,-3.3277678730121534,9.31971784140261
GAAGAATAGTCATCCA-1,-22.091853293754305,-24.55628153565013
GAAGAATCATATCTCT-1,-17.512019209205,12.70791211076682
GAAGAATGTCATCAGT-1,14.129782014889637,38.74044783966364
GAAGAATTCAGTGGGA-1,25.629828762996983,-17.795426213587792
GAAGAATTCTTAGCCC-1,-19.690987338971045,13.247946739489576
GAAGCCCAGCCATCCG-1,-0.8025542812806096,-36.640645342100186
GAAGCCCCAAGCGCAA-1,-15.189642929524272,17.360876127708583
GAAGCCCCACCCTGAG-1,9.233566344336955,12.00379284181093
GAAGCCCCAGTGGGTA-1,-18.410357053551827,-3.5578276860760574
GAAGCCCCATCCTCAC-1,-25.20931479709131,8.457011585978716
GAAGCCCCATCGCTCT-1,2.2638944089964332,-4.666586620345949
GAAGCCCGTAGTGCGA-1,-1.1677487451780546,29.492084130567253
GAAGCCCGTCGCTTGG-1,1.9317877917951096,-35.900650241777164
GAAGCCCTCAAGAGTA-1,-3.352844291719048,-6.5446502542936775
GAAGCCCTCTACCAGA-1,-3.877366105988605,36.991824566478094
GAAGCGAAGGTTCAGG-1,2.4366601782475326,-16.778203301304558
GAAGCGACAACACGAG-1,18.287874759768695,-4.005098500496355
GAAGGACAGCAACTTC-1,-27.62339093800328,4.780502294604714
GAAGGACCAGATACCT-1,-32.67709577488524,0.3702920294294839
GAAGGACTCCAAGCTA-1,-12.112489216083942,14.054288663940993
GAAGGACTCCGATAGT-1,-1.1712926534203305,-26.574490773371586
GAAGGGTAGCATTTGC-1,-22.11535888164145,-21.746361772195204
GAAGGGTGTCTTGCGG-1,-6.714643099038849,-31.287001557950763
GAAGGGTGTGGGTTGA-1,-2.3994677776341438,-35.49914186373963
GAAGGGTTCCACCCTA-1,17.328643820657472,7.8364044387806855
GAAGGGTTCCTCCACA-1,-25.616257198660126,6.2706274684748555
GAAGTAAAGCGACTAG-1,17.57049679983191,-18.082922305528676
GAAGTAAAGCGTGTTT-1,-0.9253898756645774,-34.845993882801466
GAAGTAAAGCTGGTGA-1,10.647604757587763,-32.11570530409183
GAAGTAAAGGAGAGTA-1,24.417691484101834,1.2324858720774001
GAAGTAAAGGTCATTC-1,5.041273997364113,30.360102951704764
GAAGTAAAGGTCCCTG-1,5.577092474035493,-5.654425882207101
GAAGTAAGTTGTTTGG-1,-15.110853669990096,-23.727564205797965
GAATAGACAAAGTGTA-1,-14.31898054514369,-29.026543805582886
GAATAGACAGTCACGC-1,-15.910609916646985,17.197797480582786
GAATAGATCACATCAG-1,1.1440461676848839,44.53432375354596
GAATCACAGGGACCAT-1,12.619746001731762,43.77871694633837
GAATCACAGTCGAAAT-1,-3.5654659925149357,-33.819311103793986
GAATCACTCAAGCGTT-1,13.594566132372771,25.775242177262847
GAATCACTCACGGTCG-1,-3.4948341710281956,-24.12234035947957
GAATCGTCAAGCACAG-1,14.738470573701452,33.64679582035089
GAATCGTCAATCCAGT-1,17.252843678143783,-1.5364338949552157
GAATCGTCACGACAAG-1,-13.387047787595787,-10.624824785646508
GAATCGTCATGCAGCC-1,-33.598268990280175,0.49900028840536936
GAATCGTTCATGCATG-1,-29.446880370225966,4.696975333062445
GAATCGTTCCTCAGGG-1,6.897242632871109,24.51241691585308
GACACGCAGACGCCAA-1,-5.7471763424458215,-19.31894398167074
GACACGCAGTTCTACG-1,-3.6052508166542228,-31.912848379726515
GACACGCTCCATACTT-1,-22.256280462692704,7.235418415760712
GACACGCTCCATTTAC-1,16.94491877563024,14.084324597034803
GACAGCCAGCGAGTAC-1,-5.16063140270299,-31.78235470533457
GACAGCCAGCTTTGTG-1,8.86359224712334,17.872867870026518
GACAGCCAGTTGCTGT-1,-12.847956987767688,-17.091503514536388
GACAGCCCACTGAGGA-1,-11.993564005669905,-25.76198673754046
GACAGCCGTAATGATG-1,-22.83992072980603,13.114822724208503
GACAGCCGTCCCTAAA-1,-22.429722438532632,-4.8216123507889925
GACAGCCTCATTCACT-1,-13.821550112015764,0.041727681932074816
GACAGCCTCCTCACTG-1,-15.021171050614052,6.844416146417064
GACATCAAGTCTGCGC-1,-24.277491067327063,1.2775905654721222
GACCAATAGCTGCCAC-1,-31.03448973527327,-1.0900147677714436
GACCAATAGTGATTCC-1,-30.065498673039762,8.351748811682075
GACCAATCAACATCGT-1,-26.36389547403403,3.817576975177413
GACCAATCAATGTGGG-1,16.331806888512425,6.542640105631603
GACCAATCACAAAGTA-1,-26.56255440888558,3.073532275342724
GACCAATCATTGCCGG-1,-16.21385894629001,3.690645367700978
GACCAATGTATTTCGG-1,-28.815962250095737,-5.193407542215061
GACCAATTCGGTAACT-1,7.349861414238044,0.39765804456435433
GACCCAGAGACTTCAC-1,1.134775300950605,46.18607427750703
GACCCAGAGATGATTG-1,-18.130975309251834,-1.4858899018762657
GACCCAGGTATGAGAT-1,11.292618488343603,24.57302552932962
GACCCAGGTGGATGAC-1,20.170000501485294,-22.978686613260432
GACCCAGGTTAGGCTT-1,11.14084900072609,29.868712763527387
GACCCAGTCAGCTGAT-1,-18.016911652328748,-15.32559699503486
GACCCAGTCAGTGGGA-1,5.21718580376708,3.559700283884527
GACCCAGTCTCACTCG-1,2.7789219538956735,7.728830822900496
GACCCTTAGGCCACCT-1,-13.560118803591251,18.42837808428542
GACCCTTAGTACTCGT-1,-12.633919714374965,15.054840105399414
GACCCTTCACCAACAT-1,18.450910890063632,11.662350954671236
GACCCTTGTTTGGCTA-1,5.785811316421392,9.105518776262562
GACCCTTTCAGCTGAT-1,-15.164719446770174,-4.561255928512801
GACCCTTTCGACGACC-1,-8.680182342420654,-7.363625946354771
GACCGTGCACTATGTG-1,3.539671554400557,-8.227586948916299
GACCGTGGTGGATACG-1,15.985466817576265,-18.613401089570193
GACCGTGTCCCTGGTT-1,25.01382279976697,-8.635511106746897
GACCGTGTCTACGGTA-1,-2.2972034819170326,26.235672748148975
GACCGTGTCTAGAGCT-1,8.216797846659034,31.686636358784764
GACCTTCGTAAGCTCT-1,-2.965193043404096,-31.04089535839701
GACCTTCGTCAGGTAG-1,-3.704433351826887,-7.34250775789084
GACCTTCTCTTACCGC-1,-10.106123076838928,20.60439160797667
GACGCTGAGTCCGTCG-1,9.23643374177761,-12.689259630298176
GACGCTGCACTCCGGA-1,-16.346277530930898,-13.52155319871599
GACGCTGGTACCTATG-1,9.929232579925472,-6.500454520927695
GACGCTGGTACTGAGG-1,-0.05603157673218058,-2.907094309137443
GACGCTGGTAGCTGAG-1,5.079773912858013,0.39145836727432587
GACGTTAAGCACGGAT-1,-12.953951692361832,-15.367956563699256
GACGTTACAGAGCGTA-1,6.9868944309774745,-18.897250243703436
GACGTTACATCATTGG-1,-6.576458370607376,0.3257102092580864
GACGTTATCATCAGTG-1,11.986180770344443,-2.5850444612840318
GACTATGAGCACTCTA-1,-14.677388873400654,-8.789020089527881
GACTATGAGCCTGAGA-1,-21.661361865786013,-11.041798254279938
GACTATGAGCTGTACT-1,-12.72412918354736,-25.510799951139937
GACTATGCAACAAAGT-1,-20.682786907912597,-3.458569044606109
GACTATGCAACGTAAA-1,-1.608716366644842,-1.0713595287871274
GACTATGGTAACTGCT-1,19.987575342538843,31.37953047922283
GACTATGTCACGTAGT-1,13.038659161181116,-28.42479705413422
GACTATGTCTAGTCAG-1,-7.007895697919619,-17.265753468088963
GACTCAAAGTGCTAGG-1,-2.583618856507847,-21.150296673459263
GACTCAACATTGTAGC-1,-20.685268433764875,-4.528763569288337
GACTCAAGTAGACTGG-1,-26.71903826548896,-10.870249756789319
GACTCAATCAGAGTTC-1,-15.285753804277617,16.072411622032035
GACTCAATCATGAAAG-1,-14.4700710011525,-14.92680107590445
GACTCAATCCCAGCGA-1,19.64805934753679,-21.53137475555475
GACTCTCAGATAGGGA-1,10.976213553510318,29.69720594177434
GACTCTCAGTTTGAGA-1,20.955989215510318,6.409633612829115
GACTCTCCAAGGTCTT-1,-4.376912563242808,-11.045589465639692
GACTCTCGTAGACACG-1,-1.6594503988812188,-21.29445081332635
GACTCTCGTTTCCATT-1,-13.463039146310095,18.648023032672548
GACTCTCTCAAGGAGC-1,2.44158094048191,-27.052100149452762
GACTCTCTCTCCGCAT-1,-29.53404631271005,6.201611284097068
GACTCTCTCTGATGGT-1,-11.742735891612034,-29.959226066798674
GACTCTCTCTTGTGCC-1,-19.894856075565283,-3.433564121281412
GACTGATCACATACGT-1,-12.810661106493884,-26.985184170162604
GACTGATGTTCGTACA-1,13.991320775924171,26.686060710028137
GACTGATTCCATCTGC-1,25.97516402142929,-2.6760925327722744
GACTGATTCGTTGTAG-1,-12.96044852209094,-11.71730414277173
GACTTCCAGAGTCAAT-1,4.359269189874733,-4.6127121874302475
GACTTCCAGGTCCCGT-1,-19.12036550090724,0.7745851626731689
GACTTCCCAATCGCAT-1,-5.514638696810959,17.101697308570422
GACTTCCGTCATCGGC-1,-0.765997778198803,-3.618048947134683
GACTTCCGTGACAGCA-1,23.13137963733746,-20.90145552288052
GACTTCCTCCACAGGC-1,-22.07509547147664,6.904893160433556
GACTTCCTCCCGTAAA-1,7.437483325776461,29.21001333077801
GACTTCCTCGAGTGGA-1,6.603763947562513,30.935666627836785
GAGAAATAGCTAGTTC-1,-14.731529672562267,13.647602145881129
GAGAAATCAACCGACC-1,3.2089028286803023,32.74273229536134
GAGAAATCAATTGAGA-1,-7.895657360418445,-33.26044161395882
GAGAAATCACGCTTAA-1,9.215499387173535,1.0928395446766588
GAGAAATCAGGGCTTC-1,2.3428985110823453,30.396257063915304
GAGAAATGTAGGCTCC-1,4.903505070958171,31.520276494548494
GAGAAATGTCCATAGT-1,-16.398559331892876,16.595331332766968
GAGAAATGTGACCTGC-1,-22.150079890661605,7.160533016304757
GAGAAATGTTAAACCC-1,-16.147482177855778,4.586743041256067
GAGAAATTCCGTCCTA-1,-5.601000846347752,5.678307714418329
GAGACCCAGCGACTAG-1,11.884921359465535,19.635892401788837
GAGACCCGTGCAACAG-1,31.860264451046596,-8.227235684218936
GAGACCCTCAAAGCCT-1,2.971249551994645,1.1885563614262835
GAGACCCTCATCGGGC-1,5.114485870532836,30.79199591395696
GAGACTTAGCGTATAA-1,-15.892304749692531,-13.852353623429972
GAGACTTAGGTCCCGT-1,1.6707226712980632,7.125359696920949
GAGACTTCACAATGCT-1,6.739963397147387,43.09871418064895
GAGACTTCACGTTCGG-1,1.1133849083386003,-36.152276765772214
GAGACTTCACTGTCCT-1,-0.059108680005551,39.38830487134914
GAGACTTGTCGCTGCA-1,-2.216688072065215,31.642262541455974
GAGACTTGTGTTCCAA-1,14.406667651477138,-20.832023363212926
GAGACTTTCAGCCCAG-1,1.9368819795633667,30.56058468326994
GAGACTTTCCTCACCA-1,-20.048539428433713,0.3140260156055763
GAGACTTTCGCCCAGA-1,-0.8858007148047049,-4.028913987354022
GAGACTTTCTGAGTCA-1,-8.828231221126645,4.901359945340676
GAGAGGTAGGAACGAA-1,-1.8191449833742284,-20.933348703774808
GAGAGGTAGGGACCAT-1,18.13935860536961,-15.28025412934496
GAGAGGTCAGGACTAG-1,6.610258328095101,-20.351804013174085
GAGAGGTTCTCTAGGA-1,-1.1890191635088523,-11.834195979790117
GAGATGGAGAAACACT-1,-13.152869893453717,21.215108884323886
GAGATGGAGGGCAAGG-1,6.076617818136356,-21.955416979308517
GAGATGGAGGTTACAA-1,1.0224946065838711,-16.933630689850542
GAGATGGGTAGACAAT-1,-6.5264438901329145,-30.73608826439666
GAGATGGTCCAAGGGA-1,9.412688394549896,-6.268581821297863
GAGATGGTCCGATCGG-1,19.115530577495516,11.572226484040142
GAGCCTGCACTTGAAC-1,-2.3878074077036415,-28.796935516934383
GAGCCTGGTGTATTCG-1,16.340774749498287,34.03446067243635
GAGCTGCAGAAGCGGG-1,17.616665850022518,-22.236810757358256
GAGCTGCAGTTCAACC-1,14.580685413227819,9.64708585902856
GAGCTGCCAGCATTGT-1,-15.220311900239158,-21.58548899765802
GAGCTGCTCTGACCCT-1,11.72899026514745,39.410600627746526
GAGGCAAAGAATGTTG-1,23.02987643929651,-9.795070666378102
GAGGCAAAGGAGTCTG-1,12.70128141015686,-29.04156973729107
GAGGCAAAGGGCGAGA-1,19.41520183770853,33.07191899691815
GAGGCAAGTCGGATTT-1,25.727250439593806,-7.415212497796918
GAGGCAAGTTCTCTAT-1,-17.4867970999774,-19.32311858845121
GAGGCAATCTTTGCTA-1,7.6545582195263195,10.073377655550498
GAGGCCTAGACAGCGT-1,6.492683297424809,14.20721681319447
GAGGCCTAGGTTGACG-1,-10.213469192375983,-23.438032516805443
GAGGCCTCAAACTAGA-1,8.948590542355026,-6.4680461771149345
GAGGCCTCAGCAAGAC-1,-28.38523378726081,-7.039025427632225
GAGGCCTCATACAGCT-1,3.652062566891156,12.00878393576794
GAGGCCTGTCCACAGC-1,-12.703098505337168,-0.484165017091192
GAGGCCTGTGGAACAC-1,9.750497424919145,37.53877123381858
GAGGCCTTCAGCTAGT-1,-30.864892118651063,-0.7172862709909341
GAGGGATAGGCTATCT-1,12.535703151711974,-21.441059486834508
GAGGGATGTATCGCAT-1,18.197180635062093,-22.67107780044985
GAGGGATGTATGATCC-1,6.935380627638489,30.025810286879633
GAGGGATGTCCTCAGG-1,8.274135825542693,29.810438389977158
GAGGGATGTGATAGTA-1,-1.013273614681905,-21.769405056297515
GAGGGATGTGGACTGA-1,14.947211052158506,-17.901631467482414
GAGGGTAAGGACGCTA-1,12.95958354572919,-18.080729254444076
GAGGGTACAAAGAACT-1,-5.023550779796957,-16.967274283873344
GAGGGTACAAGAAACT-1,7.483829291716913,-15.373692097979019
GAGTCATAGTGTACAA-1,3.9322212711366977,39.638083377855494
GAGTCATCAAGAGGCT-1,-8.374825290613954,8.757154237267535
GAGTCATCACCATAAC-1,10.518217745371311,-3.721246526622142
GAGTCATCAGTTCACA-1,5.116888251919149,2.949436207006684
GAGTCATCATTCGATG-1,-0.5946186083279744,-5.217470138426767
GAGTCATGTACAAGTA-1,-22.032837263735935,-19.29477814702765
GAGTCATTCGCAGTGC-1,-16.218507788326463,3.9351985920944346
GAGTCTAAGCGGTAGT-1,6.461911295589105,1.1647916916798473
GAGTCTAAGTATCTGC-1,5.99359612465171,7.459360406868917
GAGTCTAAGTGGATTA-1,-0.5003328463543745,-24.277373556193062
GAGTCTACAATCAGCT-1,1.413634309360847,-10.728285779009726
GAGTCTAGTAGGACCA-1,30.176230105240517,4.045114076083697
GAGTCTAGTATCGCTA-1,17.316816670276083,0.6714290445697456
GAGTCTAGTGCATTTG-1,-3.184125298181307,39.9684195003909
GAGTGAGAGTTCTACG-1,-5.170579335955199,-31.6493712669176
GAGTGAGCAAACTCTG-1,-11.035136017328318,11.973299417335348
GAGTGAGCACCCTAAA-1,7.98875794679233,-4.4586251015223715
GAGTGAGGTTCGCGTG-1,-5.201635302261614,-29.853971408593438
GAGTGAGTCAAGAGTA-1,7.58735666180013,-17.20525506489997
GAGTGAGTCGGTCGAC-1,-22.436613439748896,-4.277301108537761
GAGTGAGTCTTCTCAA-1,-30.019640059036973,1.5120224360716852
GAGTGTTAGAACAGGA-1,6.700762127093537,-10.808057293682614
GAGTGTTAGCATTTCG-1,-31.559399974643107,0.36667021913084913
GAGTGTTAGTAAGGGA-1,14.186322475752673,-20.104246979981767
GAGTGTTCAGTGTACT-1,14.769604348403863,26.26151699930175
GAGTGTTTCATTCATC-1,15.353966688810763,-18.18599497161881
GAGTGTTTCTGTAACG-1,-0.9952699949565423,-31.69646017902967
GAGTTACAGCGACAGT-1,9.396463664436341,39.73438102695198
GAGTTACCAGCATGCC-1,-32.11632941142876,-0.7728387285437484
GAGTTACGTCCCTGAG-1,4.327763013088011,38.57275397674809
GAGTTACGTGTATTGC-1,27.067557299508387,4.162059469616502
GAGTTACGTGTTCGAT-1,-16.808812616767714,-16.93846781642754
GAGTTACTCCTAACAG-1,8.463270431924938,-6.795031369170394
GAGTTGTAGAAGTCCG-1,15.954240689336604,-12.171821286586095
GAGTTGTAGCATTGTC-1,1.737328557064032,-3.5713905648498647
GAGTTGTAGCCGTCGT-1,21.917407854449095,1.362905128180642
GAGTTGTAGCGTGAGT-1,12.567189243375392,33.90675542095385
GAGTTGTCAAGGCTTT-1,-5.494698110415463,-31.468382079846307
GAGTTGTCACCAGACC-1,-2.728495985782773,-31.775144109422225
GAGTTGTCACCTTCGT-1,-30.042304692549838,0.8927280382731207
GAGTTGTCACGATTCA-1,-12.802690056968137,-7.267265115769029
GAGTTGTGTATTCTCT-1,0.7439203108072818,-36.47808805163496
GAGTTGTTCCTGCCAT-1,-12.600331992123103,-20.923291802888944
GAGTTGTTCTAGACAC-1,2.5431250297915167,-17.417534626178778
GAGTTGTTCTGAGTCA-1,-1.3110557864953156,-6.464583873374618
GAGTTTGGTCAGTCGC-1,-11.54930850202505,-17.840752325799265
GAGTTTGGTCCAAATC-1,-19.727290247804255,-3.757687075495021
GAGTTTGTCCCTCTAG-1,-21.59712906173818,-7.1811626068807035
GAGTTTGTCCGATGCG-1,-3.9559353427418187,8.539646306605341
GAGTTTGTCGGCATTA-1,2.072077065213774,-13.597953306177851
GATAGAAAGTAGATCA-1,13.373504418169547,34.78449078595062
GATAGAACAAAGGCTG-1,-5.61777303803413,-14.293696072382954
GATAGAACAGGCAATG-1,-21.74249504878316,-23.820631532858133
GATAGAAGTCACTCAA-1,6.827678454462665,14.28708261622424
GATAGAATCTGCATGA-1,-14.185081529020346,14.562454771765147
GATAGAATCTTACCAT-1,1.2552336232030112,-9.25909876392829
GATAGCTCAACTCGAT-1,4.092554579241397,-1.5147590351136375
GATAGCTGTCTCAGGC-1,-29.551300840449564,3.1906074593388545
GATAGCTGTGAGTTGG-1,11.681417868085422,34.14404210123193
GATCACAAGGAGTACC-1,7.5156500879784165,1.7970042068310745
GATCACACAGAGTGAC-1,3.672236785112795,-10.609284518284117
GATCACACATCCGCGA-1,1.0662440248317848,45.71717726649635
GATCACAGTAGGAGGG-1,21.193896491299768,-19.549949065076955
GATCACAGTATCACCA-1,6.684240527892385,-1.3883586636961105
GATCACAGTTCCCACT-1,3.9720029654957054,42.108478024830625
GATCACATCGTTCCCA-1,4.3245764630346795,-4.720740180435042
GATCAGTAGGATTCCT-1,-22.376653285484768,-24.401084906837557
GATCAGTCAAGTGATA-1,1.0539653941726819,22.387618049203308
GATCAGTGTTCGGCTG-1,3.4290537787348407,4.606915381797436
GATCAGTGTTGCGAAG-1,-11.323178053410919,8.147919342037772
GATCAGTTCAGTCACA-1,-21.184322080287124,13.007051338147882
GATCAGTTCGAGAATA-1,24.665085468517237,-3.359753995825807
GATCAGTTCGCCATAA-1,14.155032657012557,32.76784820772217
GATCATGCAGCTCTGG-1,24.20694287755791,-20.857343183160086
GATCATGTCAAATGCC-1,7.648717974250945,6.1065464159727805
GATCATGTCAGGAAAT-1,-19.480842886998047,-18.14046633848215
GATCCCTAGGTCACCC-1,-18.122078095784545,11.417297769726726
GATCCCTCAAGGCAAC-1,1.4230202806653554,25.665470588590804
GATCCCTCACCAGTTA-1,-31.619394735207372,10.255511820127136
GATCCCTGTCCTCATC-1,21.247221220627022,-5.918433496207148
GATCGTACAACCGGAA-1,-24.508358131880684,-10.044571678780835
GATCGTAGTAAGATCA-1,6.953867446171888,35.14424576843994
GATCGTAGTACAAAGT-1,16.184336630763763,-12.414588673183838
GATCGTAGTCCACGCA-1,-13.720854304585947,14.200162011198316
GATCGTATCAGTCCGG-1,-9.261198043689873,-29.89309973003921
GATCGTATCCACGTAA-1,-2.220915063413732,-19.173912289838178
GATGACTAGCCGATCC-1,19.435417061783266,4.834145394387703
GATGACTAGGAATCGC-1,16.62221980477067,28.663845264453514
GATGACTAGGGTTAGC-1,9.861218381421091,36.38606625990209
GATGACTAGTGGCAGT-1,-2.988486455863254,-35.37822148795462
GATGACTAGTGGTGAC-1,-7.587719433414155,7.692593933957139
GATGACTAGTTCCATG-1,12.459745493720527,0.5428728960128271
GATGACTCAATAAGGT-1,-22.308260574882766,0.5621673676320283
GATGACTCAATGCAGG-1,-4.950897002979401,-24.135269353457677
GATGACTCACCGGTCA-1,5.15250031834782,31.350998282963886
GATGACTCATGTCTAG-1,11.570723448286701,36.042461553868485
GATGACTGTACCGGAA-1,-16.34188559804752,1.9101197440153697
GATGACTGTCGCATGC-1,22.196954562086326,1.4993052848095074
GATGACTTCAGCTGTA-1,-6.649317893145892,1.6104309699611443
GATGAGGCAGCACAGA-1,2.780859296799294,-0.7591568721100086
GATGAGGCATGAAGGC-1,9.62384056520915,22.943970412520816
GATGAGGGTGCCGTAC-1,-4.728484871594211,-19.133306255221417
GATGAGGGTTCGTACA-1,31.897124946338604,-2.7995986726087843
GATGAGGTCATGCTAG-1,8.280163831317466,26.25088525321811
GATGATCCACTCCCTA-1,-8.281017008487783,-33.04469215567761
GATGATCCATGACTTG-1,-11.43690456038839,-21.034663333023996
GATGATCCATGTACGT-1,2.4485268669732556,-30.79619511100049
GATGATCGTCCCTGAG-1,-26.740374280650435,-3.049206870905861
GATGCTAAGGTAAACT-1,-6.889618816776416,-17.763818340450698
GATGCTAAGTTGAATG-1,-12.325105757778338,9.760685303010183
GATGCTACATGACACT-1,10.090317071169432,35.61776507782106
GATGCTAGTACTCCCT-1,6.053407118218,-15.370554750192277
GATGCTATCGCTCTCA-1,-13.654214119387873,-9.193163996368638
GATGCTATCGTGTGAT-1,-29.345217828266772,-1.95203352216621
GATGGAGAGCTACTAC-1,7.00000455464194,-6.8522664934616175
GATGGAGCACAACATC-1,-20.306863692864326,-3.1602344180394373
GATGGAGCACACGGAA-1,11.675779023791454,35.99678152702529
GATGGAGGTGGCGCTT-1,-10.198014773705223,-29.02732274080562
GATGGAGGTTACCTTT-1,-5.431373907838363,-8.001495421419676
GATGGAGTCTCGCTTG-1,19.884390932701695,-1.3714214120076962
GATGTTGAGGTACATA-1,23.766311175804635,8.131020872747944
GATGTTGAGTGATCGG-1,-20.714237660883928,-19.780715708554368
GATGTTGAGTGATTCC-1,-3.260200069189475,34.461451069030936
GATGTTGCACCACTGG-1,5.333440820390838,4.326502075372135
GATGTTGCACCGGAAA-1,3.475681057401896,-6.300910363134871
GATGTTGCACTACCGG-1,-25.39975802518475,4.834759816321814
GATGTTGCAGCGTACC-1,-2.9266580885940026,-29.920344838730905
GATGTTGGTTACCTTT-1,1.258554130247755,-27.145475105361786
GATGTTGGTTGTTTGG-1,-16.776580644417347,14.442416537279946
GATGTTGTCACCGGTG-1,12.38016937566125,10.606774980769123
GATGTTGTCCCGTGAG-1,-6.94505452815446,-32.513039289007835
GATGTTGTCGATAACC-1,-0.8500171765510324,-37.688756526183866
GATTCGAAGGTTATAG-1,-20.450691081816878,-25.837604024721188
GATTCGAAGTATGAGT-1,11.547432505296994,-26.33456006013218
GATTCGACACGTGAGA-1,8.234314275709174,34.13750885855856
GATTCGACATGGAAGC-1,-12.937072008738198,-14.102086565425775
GATTCGAGTGATAGAT-1,26.684287851438885,-5.113671924039084
GATTCTTGTAAGCGGT-1,-26.416065544819805,-17.798007211340845
GATTCTTTCCTCTCTT-1,-15.91986003376008,5.504711905505069
GATTGGTAGAGTACCG-1,13.37101567856261,36.08567531309753
GATTGGTAGGGAGGCA-1,16.0802524993951,-23.954668532435306
GATTGGTGTTGGACTT-1,-5.778277497274087,22.690902225409616
GATTGGTTCATCACAG-1,6.046837439191636,27.09747956987999
GATTGGTTCCAATCTT-1,-19.43328389636829,7.400801639010472
GATTGGTTCCTTCACG-1,-5.7153137042741955,-20.206918563670214
GATTTCTCAATACGCT-1,-15.641046392293505,5.794700496661169
GATTTCTCATACCACA-1,-28.158394147178722,0.6577152185320795
GATTTCTGTAACGTTC-1,-8.246494861025056,12.403889757590385
GATTTCTGTTGTTTGG-1,-5.256100788264206,-6.774444696578374
GCAACATAGAAAGCGA-1,17.40343370803959,-21.69294236996509
GCAACATCACCCTAGG-1,-14.803935164789078,-16.863637361768774
GCAACATCAGACATCT-1,-13.29128516708051,-4.993926509412142
GCAACATCAGTTAAAG-1,1.9946003668208871,-15.397726258354187
GCAACATGTGAGCAGT-1,3.487995584426294,39.70057898546878
GCAACATTCATAGGCT-1,-2.4164308845820086,-7.4136528477148325
GCAACCGAGTCATACC-1,-15.923217162887262,-1.9951602610072325
GCAACCGAGTGTTGTC-1,12.6498526286005,-8.108055299508134
GCAACCGGTAGTGATA-1,-2.834817328797749,38.52994610164558
GCAACCGTCGGAATTC-1,-3.006458222162019,-23.55484763661164
GCACATAAGTGGTCAG-1,5.452647740656401,27.45387794398103
GCACATACATACCACA-1,0.6867292329568294,40.589158669178964
GCACATAGTGGCAGAT-1,21.295624032205456,-13.521245898216948
GCACATAGTTGAGTCT-1,-21.417001773311704,8.077175775335775
GCACATATCAACCTCC-1,-4.13980911518711,27.633660479764487
GCACATATCCTTACCG-1,-9.966765021099144,0.6182037741767286
GCACATATCTTCGTGC-1,12.821889853873957,26.253113469134583
GCACGGTCACTCCTGT-1,-1.5894357277241344,11.91136182645677
GCACGGTCATCAACCA-1,-13.278210156641887,-30.53228213459533
GCACGGTGTAAGCTCT-1,-3.7115233221677317,-28.288934763164324
GCACGGTTCGCGCCAA-1,11.644185945268907,22.333020033838896
GCACGGTTCGTGGCTG-1,7.350840417559708,0.07172267677477387
GCACGGTTCTACGGTA-1,4.180583061963913,45.4624369815692
GCACGGTTCTATGCCC-1,1.471849626539839,28.67397323962797
GCACGGTTCTGGTGCG-1,20.64684667113752,1.5585431067594544
GCACGTGAGAGGTGCT-1,-19.371772541815442,-23.334813570942597
GCACGTGAGTCCTACA-1,6.998580103109441,39.293557690241876
GCACGTGCAAAGCTAA-1,25.293729353416484,-14.707471853268297
GCACGTGCACAGCTGC-1,2.934764041052871,35.3893216164023
GCACGTGCACGGTGAA-1,-18.557327917863315,-8.440074013943127
GCACGTGCACTGCGAC-1,-18.781182324036145,10.215953705633327
GCACGTGTCAGTCACA-1,12.892563186969806,19.90423389886086
GCACTAAAGTGCCCGT-1,-20.432251204310948,-19.711250344996834
GCACTAACAGTGACCC-1,-3.586968970596371,-28.248156922995577
GCACTAAGTAGTGTGG-1,-14.47319621339599,-24.873793381151547
GCAGCCAGTTTCACTT-1,6.236725360089397,37.919983963722984
GCAGCCATCCACAGCG-1,10.16255099442015,-18.641066820615034
GCAGCTGAGTCATACC-1,-3.222542342511334,-5.43263719918122
GCAGCTGCAACTCGTA-1,-17.088638585424096,-2.6914970636567297
GCAGCTGCACGTATAC-1,-5.113140606336664,-10.242870946555456
GCAGCTGCAGACTCTA-1,6.446321740485322,33.90715194504202
GCAGCTGCATAAGCAA-1,17.380735050218224,-29.443649215693757
GCAGCTGGTAATCAGA-1,-20.533039001919626,-1.6987107641757857
GCAGCTGGTACTGCGC-1,27.801321076594707,-8.008701355016656
GCAGCTGGTATACCTG-1,12.04159063201832,-29.717484098733763
GCAGCTGGTCTTCCGT-1,-4.252363360656347,8.216153388910213
GCAGCTGTCACTCCGT-1,-5.968477297057918,-19.97208738036439
GCAGCTGTCGGTATGT-1,18.88013613377917,5.1802053131097745
GCAGGCTAGACATAAC-1,-24.742558158483664,9.663297583230054
GCAGGCTAGCTCAGAG-1,16.350933934098038,32.487382307202694
GCAGGCTAGGGTAATT-1,10.056380538192938,-31.674558740121423
GCAGGCTCACGTTGGC-1,-12.526069919557909,-3.3947469464715194
GCAGGCTGTTGTCTAG-1,-19.14967313675918,-6.496304821253599
GCAGGCTTCCACTGGG-1,9.366600478412366,-34.600910312833285
GCAGGCTTCTACTCAT-1,-2.3016267182685297,9.416511643692774
GCAGTTATCCCATGGG-1,12.044914771243077,19.17121660742716
GCATCGGAGCATACTC-1,8.867016583505194,40.041281391587574
GCATCGGGTCTTCATT-1,-1.7935438291004355,33.73334869695083
GCATCGGTCCGTTTCG-1,10.994884844770839,-10.06337671881649
GCATCGGTCGTTGCCT-1,15.940200272694382,33.79040771404798
GCATCTCCATCACGGC-1,6.100413452054082,-5.579043308056982
GCATCTCTCATGCCAA-1,-16.88626627584725,-14.022042424191705
GCATCTCTCTACTGAG-1,-2.860923042016238,32.670643919005286
GCATCTCTCTCGAGTA-1,4.134461611362673,33.80458797200271
GCATGATAGGAGCTGT-1,-11.930375309558055,-28.557191194378298
GCATGATCAGAGATGC-1,2.7291390376383404,-32.366615233171686
GCATGATGTATTGACC-1,-9.696529147435117,7.670005605982781
GCATGATGTCTTGTCC-1,-19.95490616327461,-13.762757727730012
GCATTAGAGGATCATA-1,-8.851712046103673,-4.705177624695329
GCATTAGAGGGAGATA-1,15.674747225166525,-4.9974849790741445
GCATTAGAGTACAACA-1,27.194363014403557,4.437897856131431
GCATTAGCAACCGTAT-1,24.31802247276081,-7.920732304239023
GCATTAGCAGAACCGA-1,21.108488034719354,27.212853931937868
GCATTAGCAGCAGTCC-1,-22.320058865995886,-18.913895236934266
GCATTAGCAGTCTACA-1,-21.604093645825788,-7.262739967325972
GCATTAGCATGTTTGG-1,17.1529754158297,-4.110470158546136
GCATTAGGTAGGCTCC-1,25.66926276492343,-9.067472381302396
GCATTAGGTTGTAAAG-1,1.2636084786795005,8.50439993347324
GCATTAGTCAACTACG-1,30.621936755479847,0.9336440016505624
GCATTAGTCGAGATAA-1,22.76059467243726,-9.829172907472707
GCCAACGGTGAGACGT-1,17.38817717038034,33.270090202996435
GCCAACGGTTTCGTTT-1,7.719398356823052,0.041295731290174276
GCCAACGTCAGGAAGC-1,-5.355265122267599,-31.590254893278125
GCCAGCAAGTCGCCCA-1,6.422136355045135,-4.959074494156205
GCCAGCACAACCTATG-1,-4.822457199454565,34.90272103160222
GCCAGCACATGGGCAA-1,-6.821680471514708,1.2248812943110763
GCCAGCAGTTGGCTAT-1,10.028732683803495,-14.23396449262059
GCCAGGTAGACAACAT-1,7.451971290568446,36.99669812263416
GCCAGGTCACAGACGA-1,-22.93301678341279,-14.26100537827832
GCCAGGTGTAAGTCAA-1,-1.7307365930845924,35.172945516587085
GCCAGGTGTGTCCGGT-1,14.916417229508424,-15.475939661159378
GCCAGGTGTGTGATGG-1,13.820660399205332,38.69728263052677
GCCAGGTTCAGATTGC-1,5.169842944433377,31.393986888636036
GCCAGTGAGAAGGGAT-1,17.97247811309314,29.602775327526725
GCCAGTGAGCCAGAGT-1,15.439418399910847,28.741293574515296
GCCAGTGCAATACGCT-1,-27.354925572127105,6.065868675308555
GCCAGTGCAGCGTACC-1,-11.020485843707336,5.954344442728579
GCCAGTGGTAAGTAGT-1,16.07468735381804,-10.940410754513668
GCCAGTGGTCCAGCCA-1,1.6082442069995344,32.815007757254946
GCCATGGAGAGGTATT-1,6.784381644370548,41.090990153218755
GCCATGGAGCTTAGTC-1,11.812723687655458,9.168232780781949
GCCATGGCATACATCG-1,-8.872997809671682,2.7418140878733155
GCCATGGGTGGCTAGA-1,14.612006173257788,21.239091381277134
GCCATGGGTTAGGCTT-1,7.457054831756495,-34.04909210218081
GCCATGGGTTGCCTAA-1,-6.181815880249015,2.2613913785521924
GCCATGGTCCACGGAC-1,28.060268396248244,-3.972536391351874
GCCATTCAGAAGCTGC-1,5.492735987691265,21.908280514890095
GCCATTCCACCAAATC-1,-9.219487405779581,-9.725786662749517
GCCATTCGTACTCGTA-1,-14.82382531792686,-31.832260047022114
GCCATTCGTAGCTGTT-1,-12.287112798748336,-17.492895518382042
GCCATTCGTCAAACGG-1,-11.400865665063666,-15.329641648641347
GCCATTCTCTCGTCAC-1,3.314997587324929,12.938557348717021
GCCCAGAAGTCTGCAT-1,-4.712192934948916,-14.826531443372447
GCCCAGAGTTTACGAC-1,-24.060166107137317,-2.2149997215699813
GCCCAGATCACCTGGG-1,-6.914571794997476,-5.551896789155874
GCCCAGATCACGACTA-1,-12.189872146366033,-11.784004394444521
GCCCAGATCCTCACCA-1,-15.299783334768744,-8.941808902318417
GCCCGAAAGGGTTAGC-1,-13.104816809785266,10.13464146629142
GCCCGAACATGCGGTC-1,-3.3806650024527123,0.6141325705024226
GCCCGAAGTAACCAGG-1,-1.3186765133460865,-33.36646390915659
GCCCGAAGTAAGTCAA-1,5.690528989049475,2.7017960445306866
GCCCGAAGTAGAGACC-1,-18.930988657028273,14.944536430991356
GCCCGAAGTATGAAAC-1,-18.64407136416811,-9.361026234184996
GCCCGAATCCACTAGA-1,-2.253950127673059,9.346034775668022
GCCCGAATCTATCGCC-1,-12.254448297196364,1.9671135798424624
GCCGATGAGAATGTTG-1,24.626164039007506,2.6605040874860277
GCCGATGAGGAGACCT-1,-19.450388790846684,-12.977739410103759
GCCGATGAGTCGGGAT-1,14.290488762217416,-23.781893823884758
GCCGATGCAGTTGGTT-1,-17.57096627209539,-16.9245847950642
GCCGATGCATAGTCAC-1,-1.1308294604680544,-6.72875502436611
GCCGATGGTCGTGGAA-1,-3.410396923743245,-20.42049614126326
GCCGATGGTCTCAGAT-1,15.636220029425617,-2.4574303790476257
GCCGATGGTTCTAACG-1,19.634839275261115,-7.8719199551416
GCCGATGTCGTGAGAG-1,11.461242757260806,-17.18239012698554
GCCGATGTCTTGCGCT-1,-9.58380136156542,-20.999310306474808
GCCGTGAAGAGCATAT-1,0.023903920707552755,2.106306021963238
GCCGTGAAGCTTTGTG-1,10.767721333102322,23.422637926105644
GCCGTGAGTCAACGCC-1,-13.399156531857114,-8.48459578838061
GCCGTGATCTTCACAT-1,11.652179015015523,-26.283948538192842
GCCTGTTAGCCGGATA-1,3.746544009650837,27.798931521971838
GCCTGTTAGTTCCGTA-1,-28.665357357341534,-3.6921745398508836
GCCTGTTCAAATGAAC-1,2.820485970859044,28.982844714397473
GCCTGTTGTACTCGAT-1,-8.093833946856568,12.135412623323202
GCCTGTTGTGCTCCGA-1,-19.685191804253606,17.937413033721786
GCCTGTTGTTCTCTCG-1,2.4939460382587058,45.770369919522814
GCCTGTTTCTGTGTGA-1,-1.2496069043219886,7.878906928235803
GCGAGAAAGACCAGAC-1,-10.90163527229283,-19.077094095540446
GCGAGAAAGCGTCAAG-1,-23.278203297877994,12.480485812956115
GCGAGAAAGGCTTAAA-1,0.6734054979836654,-29.846797605997665
GCGAGAACAAAGAGTT-1,-2.556686168038651,-30.37206583583003
GCGAGAACAGAGTCAG-1,15.12227982232095,-9.436829570210207
GCGAGAAGTAGCGCCT-1,-5.166754208236955,-10.501036341301456
GCGAGAAGTGGCAGAT-1,-15.987401253680826,-6.118210673773691
GCGAGAATCAAACGTC-1,9.786300840666735,-12.228066578128978
GCGAGAATCCCAAGCG-1,-2.4294314602812355,-21.840856332819698
GCGAGAATCGTGACTA-1,-9.717597127450574,-32.23228827117354
GCGATCGAGCAAGGAA-1,-28.366985685588464,-4.516504944817582
GCGATCGCACGGTGAA-1,15.698338955462813,35.891250176954436
GCGATCGGTTTACACG-1,7.490676446777307,-5.085992489910919
GCGATCGTCACGTAGT-1,-8.127725999412123,8.94981888270391
GCGATCGTCATGAAAG-1,18.73193859965756,-14.752011091408813
GCGATCGTCTCGCCTA-1,-30.22187126777345,-2.50856650727939
GCGGAAACAGTCGGTC-1,7.3391583630932455,24.340479562384946
GCGGATCAGATCCCAT-1,-6.905709947813131,-20.750560359180366
GCGGATCAGCCTCAGC-1,0.4485950628118316,-35.488030461479894
GCGGATCCACTGGACC-1,6.5412340715097885,-21.821708152045517
GCGGATCTCACGGAGA-1,16.019816067255743,0.4282671219866001
GCGTGCAAGATCCGAG-1,13.161811975859656,-22.738839731824893
GCGTGCAAGTCCTACA-1,1.3807376527017337,40.72091900582796
GCGTGCACACCGGTCA-1,1.4569922321018194,35.461621934541704
GCGTGCAGTAACGCGA-1,5.25630533715898,-32.29292741647787
GCGTTTCCAACCACGC-1,16.99182139332373,-16.57934344652302
GCGTTTCCAATTGTGC-1,9.072777553567054,-15.73724022387036
GCGTTTCCACATTCGA-1,-23.58018164098957,-2.7627666686282097
GCGTTTCGTCAAATCC-1,16.015991590651154,-5.308429168092234
GCGTTTCGTCACTAGT-1,14.352053135606205,38.89029082238497
GCTACAAAGACAAGCC-1,0.7970815420742485,6.008470452439292
GCTACAATCCAACACA-1,-15.169260957676569,-31.556425517533338
GCTACAATCTTCCAGC-1,16.390433293079706,11.37002254573338
GCTACCTAGGCTAGCA-1,-19.50435460734786,8.575371423542506
GCTACCTGTCGTCAGC-1,-26.095949835485793,-2.3521697306856395
GCTACCTTCACTACGA-1,-15.518075977703804,-5.7089523555500765
GCTACCTTCTTCCAGC-1,-21.549076433230436,-13.145073689080737
GCTCAAAAGTAGTGCG-1,2.8324713084982576,31.46813161819197
GCTCAAAGTACCAGAG-1,11.473982210211675,38.4855775336255
GCTCAAAGTTCTAACG-1,9.428765874347503,-4.896912257671811
GCTGAATAGTCGAAGC-1,8.516913547308418,-21.07306094582636
GCTGAATGTATCGCGC-1,11.334444091706693,-29.769986915532183
GCTGAATTCGGCATCG-1,19.228287840840967,32.971787775756546
GCTGAATTCTCAGTCC-1,-22.228401007951156,-1.5952210173974255
GCTGCAGAGAAATCCA-1,2.0537754210131127,7.9486543586696525
GCTGCAGCACTATCCC-1,-2.9885006645736873,4.439320381005865
GCTGCAGCAGTTAAAG-1,14.361310921967943,-19.0958552434807
GCTGCAGGTCGAAGCA-1,3.6076539163396117,-26.64881876029357
GCTGCAGGTGGACTGA-1,-7.2967504560968806,-15.407024862051307
GCTGCAGTCACCTGTC-1,-18.526993239582364,-0.5899592524981909
GCTGGGTAGGTATCTC-1,-23.20991171368818,10.29366390453766
GCTGGGTCATTGCCTC-1,2.7632362123277727,38.72937635906387
GCTGGGTGTTGTGTTG-1,-5.582082636251387,-19.376463493382392
GCTTCACAGTTGCTCA-1,14.91376973622983,-3.673833498350042
GCTTCACCAGGAGGTT-1,5.8196803383747095,39.21537667927987
GCTTCACGTCGTCAGC-1,-3.4681069091164543,-34.282822211599544
GCTTCACGTGGTTTAC-1,-33.208289980505825,-1.3203094426692974
GCTTCACGTTGGCCGT-1,9.398152107228881,24.60452892791191
GCTTGGGAGCGACTGA-1,-13.593737280638246,-25.558941264165146
GCTTGGGAGGAGATAG-1,10.253956199421989,-8.714426432240902
GCTTGGGAGGTCGAGT-1,-1.2861464293931772,5.037977558837044
GCTTGGGCAGTCGTTA-1,-20.010831940318937,-6.990142449113558
GCTTGGGGTAGGCAAC-1,15.347212611517842,3.0367767461191257
GCTTGGGGTTGCTAGT-1,-11.571156575720886,-6.363943780215481
GCTTGGGTCCGAGATT-1,3.747811736943132,26.32798791867679
GCTTGGGTCGTTCATT-1,2.324586891665485,25.652596806999433
GCTTGGGTCTAAGAAG-1,8.827499686317596,-34.61481277294338
GCTTGGGTCTTGGAAC-1,-21.54242511625982,1.1711630814576421
GCTTTCGAGAACGTGC-1,-10.90943734830591,0.29814558963647875
GCTTTCGAGCAGCCCT-1,-0.6480179670979987,-11.888631192091403
GCTTTCGAGTGCTAGG-1,-4.545010874293612,-15.444021515609412
GCTTTCGAGTGGTTAA-1,-1.6325237195850943,-11.340945602369356
GCTTTCGAGTTTCAGC-1,7.239370513529489,-14.832529518023808
GCTTTCGCAACGCCCA-1,-1.7343292114230098,43.00885473218684
GCTTTCGCACTACGGC-1,1.292485015983634,32.02235108218284
GCTTTCGCATCGATAC-1,-19.30468492366972,-9.480995616272693
GCTTTCGCATGAGATA-1,1.8685171157708709,-2.523658476510701
GCTTTCGGTCACCGCA-1,1.9136037689237695,25.944295114543902
GCTTTCGGTTAAACCC-1,12.57718693622053,-26.6912297997049
GGAACCCAGAATAACC-1,-7.753742527276918,-34.92241463790415
GGAACCCGTCATATGC-1,-8.1080556586937,1.948247752479779
GGAACCCTCAGAGCGA-1,-7.1696175380280405,-11.25063252393973
GGAACCCTCGGTTCAA-1,31.267758356608226,-0.5971801685568292
GGAAGTGAGACTCCGC-1,-9.970803449509464,-5.979445296317346
GGAAGTGAGGAGTATT-1,17.079968563780916,-9.166958467111897
GGAAGTGAGGCATCGA-1,12.531203200673176,-17.901722852305284
GGAAGTGAGTCGCCCA-1,3.139988050425011,2.4719014581222196
GGAAGTGCAATTCGTG-1,11.94107458188587,-15.02911143716312
GGAAGTGCAGCTCTGG-1,-8.400401338909857,-27.149516095604106
GGAAGTGGTACCGGCT-1,-9.817079412226756,-2.7092264739225755
GGAAGTGGTACTGAGG-1,15.02856317252889,-21.039981331952575
GGAAGTGGTCTGTTAG-1,13.286424127775172,-13.656398179650926
GGAATCTCACGCCAGT-1,0.3792269491641266,39.22475657797371
GGAATCTCATTGCTTT-1,-4.320092689118733,-33.61881556667404
GGAATCTTCATTGGTG-1,1.2456338020464472,10.283141781164352
GGAATGGCATACAGCT-1,4.7267417932732165,-25.069436221826862
GGAATGGGTGATTCAC-1,3.9542462475948508,-3.7687575443005517
GGAATGGTCGGCTCTT-1,-8.444455840187018,-9.691705745078321
GGACGTCAGCAACTCT-1,1.0730248157963884,25.532302452781824
GGACGTCCATAGAATG-1,-7.938811679282841,10.041177662504362
GGACGTCCATGGGATG-1,-26.345057890503313,3.7961121869784846
GGACGTCGTATCGAGG-1,16.10253850945374,1.0773389838451792
GGACGTCGTCCTGTCT-1,2.136085054577088,-23.628863355801343
GGACGTCTCTTCCAGC-1,7.255578878921329,21.977182510090184
GGAGAACCAAGGACAC-1,-1.5269671153446727,-35.355138469822556
GGAGAACCACAAAGCG-1,30.768022581750607,4.520556876666978
GGAGAACTCAATCCAG-1,0.14911512005412947,-1.174879983702854
GGAGAACTCGTCGACG-1,-14.939980295354559,13.710389933754405
GGAGAACTCTTCGTAT-1,1.37883576259362,-34.89665697983193
GGAGATGGTACTGTTG-1,-25.852146753878632,-0.06375911930088983
GGAGATGGTGTAGGAC-1,-20.265492289473634,-15.871098330210298
GGAGATGTCCACTTTA-1,11.89302596393035,31.496392356070086
GGAGCAAAGACAAGCC-1,25.206753041112993,-14.956096450222844
GGAGCAAAGGTTTGAA-1,10.683870129569835,30.162062117851264
GGAGCAAGTTTACTTC-1,22.297985471657046,-6.7172403563041145
GGAGCAATCCATGCAA-1,-9.777608499422016,8.24096136599056
GGAGCAATCCCAAGCG-1,-17.493692773229938,-14.719708477598147
GGAGCAATCGGTCAGC-1,12.563142320891595,-3.064039221838787
GGAGGATCAGCTTCCT-1,10.39121960439907,-23.531987050367434
GGAGGATGTACTGAGG-1,2.3712839041987928,-4.052766260314915
GGAGGATGTCGAAACG-1,18.12730539183696,-20.626563961485747
GGAGGTAAGACCCGCT-1,-15.868662692961568,-24.467472716316767
GGAGGTAAGCAGATAT-1,21.095300281944077,7.664246006094008
GGAGGTACAGAAGCGT-1,12.104132538627278,2.560748879360881
GGAGGTACAGGCTCTG-1,8.418601075842654,40.88511112325504
GGAGGTACATGACCCG-1,16.23928367301436,34.46450754154996
GGAGGTAGTTAATCGC-1,0.5789105058812325,-20.289815052124748
GGAGGTATCAGCACCG-1,-11.433947312189764,3.033053127030371
GGAGGTATCATTGCTT-1,-21.930611355364455,4.497535340805057
GGATCTACATCACAGT-1,-12.177102581720025,-17.545170927904326
GGATCTAGTGTTTACG-1,10.527933870440936,-1.6947738403187071
GGATCTATCAGGGATG-1,10.846108651256394,18.373544252722496
GGATCTATCCAACTAG-1,0.8018559446485941,-0.5673854161128155
GGATCTATCTAGTCAG-1,2.796820355898,7.382359025763373
GGATGTTAGCCATTGT-1,9.22667453578217,3.736366888519894
GGATGTTAGCCTGAAG-1,-16.38045301536406,-1.5875154562369362
GGATGTTAGGCCATAG-1,22.805868080950475,-21.2192618076551
GGATGTTGTGGCGCTT-1,13.232474438298492,-16.316276738163342
GGATGTTGTGGGTCAA-1,23.97963097128932,-18.54890593901883
GGCACGTAGGACTAAT-1,5.230657510016259,45.11794340647726
GGCACGTAGGGTAATT-1,-5.377334562252174,-10.419097320118228
GGCACGTAGTGTAGTA-1,28.37709717741805,-0.45980768126690125
GGCACGTCAAGATGGC-1,29.909718921751832,5.050945874523272
GGCACGTTCAAATGCC-1,-7.333799684979209,-3.5587530656137196
GGCACGTTCACTTTGT-1,-8.599264846569085,-13.585518569597788
GGCACGTTCGCAATTG-1,-4.463845575334382,-2.3376947346980024
GGCACGTTCTTGAGCA-1,-5.613132057741474,-20.239193171703906
GGCAGTCAGGTGGTTG-1,8.166622220266213,31.239605371593377
GGCAGTCGTCAGACGA-1,3.83840618811901,-10.526318832462852
GGCAGTCGTCAGGTGA-1,19.625937900392042,-21.263462592626404
GGCAGTCTCACTTCTA-1,-12.759822526670026,7.066342357705769
GGCGTCAAGAGCATAT-1,25.075363619982035,-12.062514918750152
GGCGTCAAGAGTCAAT-1,11.548560469102307,-26.497549373415097
GGCGTCAAGCATCAGG-1,-4.941399867770982,-32.95327474949633
GGCGTCACAGAATTCC-1,-30.570509312828683,-7.31982456408512
GGCGTCACAGATCCAT-1,16.799438474378334,-15.169305862716188
GGCGTCAGTATAGCTC-1,10.714405596060132,34.561663677905464
GGCGTCAGTGGTATGG-1,-11.157309612657475,-30.02289575356473
GGCGTCATCCAGCTCT-1,8.934652631111334,26.383696828718875
GGCGTCATCTGTCGTC-1,7.536099277462501,35.04342939189295
GGCTGTGAGCGCCCAT-1,11.419310567173593,3.682449683595797
GGCTGTGCACATTACG-1,-18.36768823198982,4.704559531460414
GGCTGTGTCTTGGGCG-1,9.705040371499663,-17.227547504222393
GGCTTGGAGGCTTTCA-1,-2.387586986291546,30.843816739243298
GGCTTGGGTAGAGTTA-1,22.29141148090931,-8.162376566788048
GGCTTGGGTCTCGGGT-1,7.440211374445583,7.532713769570448
GGCTTGGTCGAAGTGG-1,1.6890247006475674,-14.646370857042765
GGCTTTCAGAGTGAAG-1,5.69790549424937,36.604314416927295
GGCTTTCAGGTGAGAA-1,29.522874958941607,-5.293536866227937
GGCTTTCCACCAGCGT-1,-9.887052691474654,-15.44996971787935
GGCTTTCCACTCACTC-1,-5.815391075692277,-19.410596624622528
GGCTTTCGTACGGATG-1,-5.66388496440624,30.937241634473875
GGCTTTCGTGAGCAGT-1,13.62760073075248,31.41448003914231
GGCTTTCGTTCCTTGC-1,-2.9255116272705113,-27.183217403767888
GGCTTTCTCTATCGTT-1,-15.835652386652663,5.575691938824714
GGCTTTCTCTGGACTA-1,20.123038830323836,-24.346309891938503
GGGAAGTAGTTCCTGA-1,26.1859447268633,2.728306846300092
GGGAAGTCAAGCGGAT-1,-0.6156328002769327,-34.59877669042367
GGGAAGTGTATGGTTC-1,19.89992777554444,-12.502278947154306
GGGAAGTGTCTAACGT-1,1.743355261366703,-33.319253197880684
GGGAAGTTCCTACCGT-1,5.7449222209066875,45.13880683112122
GGGAAGTTCGATTTCT-1,-8.610893551767482,-23.895593048858718
GGGACAAAGCATGATA-1,-19.44223897199435,-2.7776733794625543
GGGACAAAGCTCATAC-1,-17.974605523600484,-3.4066881043207764
GGGACAAAGGTAAGGA-1,10.310115555411612,34.38518819821271
GGGACAAGTAGCCCTG-1,-0.5257076548394705,-13.012964664400906
GGGACAAGTTGGGACA-1,-5.2645726703689455,-28.54874078847324
GGGACAAGTTTAGTCG-1,-1.3236632033873803,-31.837762628609966
GGGACAATCAAACTGC-1,-25.71536749312142,-8.078826903353361
GGGACAATCGGTCAGC-1,1.7616422752887568,-13.809497378622517
GGGACAATCTAGTGAC-1,-13.389178336494618,-1.5470830528656656
GGGACCTAGTAGGAAG-1,12.692212849755457,-11.92379161290175
GGGACCTCACGGAAGT-1,-6.900338775728522,34.17986442371251
GGGACCTCATAAGCAA-1,10.532211010774377,15.083930428634117
GGGACCTGTACTCCCT-1,-18.26396736757908,-15.037392149422843
GGGACCTGTCGTCATA-1,15.42530410513567,22.388382207880834
GGGACCTGTTCGGTAT-1,-0.880629680313426,23.34683353744051
GGGACCTGTTGGGCCT-1,-11.132814590760292,-30.034893365406244
GGGACCTTCGCTGTTC-1,-12.076621236067906,5.831898471170166
GGGACCTTCGTTTACT-1,17.932135954860264,-13.707173065832125
GGGACTCAGCGGTAAC-1,-5.428021651773285,-3.496909872887503
GGGACTCAGTGACCTT-1,23.287810985405123,0.3292025037938876
GGGACTCCACTCTGCT-1,-14.919846956053512,-7.015994764322846
GGGACTCGTATTCCGA-1,4.726092207789517,29.59027261274984
GGGACTCGTCATAGTC-1,2.501858529422882,-30.281220634773522
GGGACTCTCCATTCAT-1,-13.202414286756568,20.97662778512574
GGGACTCTCGGAAGGT-1,-0.7370829057644566,-26.229429132560924
GGGACTCTCTTGTGCC-1,-29.750109717768794,8.913605203862993
GGGAGATAGATTAGTG-1,16.5726697119782,-17.661635484021055
GGGAGATAGGAATTAC-1,32.071260629422376,1.0893085914919507
GGGAGATGTGGACTAG-1,12.824936759693566,8.183617776814462
GGGAGATTCGTTGCCT-1,-4.13550453624455,-22.54941594397542
GGGAGTAAGCGGGTAT-1,4.836947518678265,-20.826050865844635
GGGAGTACAGTCGAGA-1,-6.650228803018719,-15.489681173341806
GGGAGTAGTAGATTGA-1,-26.891141784883775,-1.5353722647049814
GGGAGTAGTAGTCGGA-1,1.3630345185331592,-24.832813648430832
GGGAGTATCACCCTCA-1,-32.7324633848503,1.0847984318420762
GGGAGTATCCTCATAT-1,14.122457197009329,-16.873847516046823
GGGAGTATCGCTGCGA-1,-16.68286611795246,-22.260743246781345
GGGATCCAGAAGGGAT-1,-6.112518732633359,-23.585469387142762
GGGATCCCATGGCCCA-1,8.411052169191494,32.285550688572634
GGGATCCGTATCTCGA-1,14.494942856711933,34.541603277074984
GGGATCCGTCATTGCA-1,-30.483350090158034,-7.175769314818939
GGGATCCGTCGAGCTC-1,13.897876540117498,-23.38370147481015
GGGATCCTCATGGAGG-1,21.504579056767724,32.668086856233785
GGGATGAAGTAGGTTA-1,-7.020617976844198,-18.469003931153637
GGGATGACAAGTGTCT-1,20.138411096810643,-8.971597770185289
GGGATGACAGCACACC-1,17.737711039442775,-2.618135861949253
GGGATGACATCCCACT-1,0.02818555747854951,39.12198062642217
GGGATGAGTATATGGA-1,-10.17139129726371,-24.09400146768555
GGGATGAGTTCGAACT-1,-1.7002531139749304,-14.56187845239774
GGGATGAGTTGACTAC-1,-4.298962436815859,-6.152571263613878
GGGCCATAGGTCACCC-1,-9.604240207735252,-9.626428093642208
GGGCCATAGTACGTCT-1,19.897027582726484,3.244299078553555
GGGCCATGTAACTGCT-1,15.074987618249025,-0.9445849324263978
GGGCCATGTACGCTAT-1,17.403777842172474,-29.46069130690058
GGGCCATGTCCGAAGA-1,21.859641389014907,0.12530186612659733
GGGCCATTCAACTGAC-1,-2.3854383290308974,35.363213940921554
GGGCGTTAGACATCCT-1,21.069021244224206,26.952758686889428
GGGCGTTAGGAATGTT-1,4.876073077138562,41.418246463273555
GGGCGTTCAATTGCTG-1,-8.010687247232962,-0.5721676583940617
GGGCGTTGTACCGTGC-1,31.77308289553243,1.9543027618516644
GGGCGTTGTCTGTGGC-1,12.86673129671334,33.59162580885742
GGGCTACAGAATTGCA-1,3.6271378766680926,24.679025550246948
GGGCTACAGATGTAGT-1,11.054971624273826,-20.161643605030996
GGGCTACAGCACTCTA-1,-3.9117325977236552,11.213438968458226
GGGCTACAGCAGTAAT-1,1.3919026312151872,-22.978446047874552
GGGCTACCACCTCGTT-1,7.650002606617697,4.093573862581892
GGGCTACTCATAGCAC-1,10.894090682283236,-10.075751942134804
GGGCTCAAGTTTCGAC-1,-10.610598007430946,1.7447487244205666
GGGCTCAGTCACGTGC-1,-9.805783616403057,-15.414268100664783
GGGCTCATCATCGACA-1,-27.13989414843275,11.391611769965142
GGGCTCATCCCATAGA-1,-1.7952315218168982,-6.224024617478937
GGGCTCATCCTCAGGG-1,8.706758115442458,41.034484749888804
GGGCTCATCTTGGTGA-1,3.1641740697775167,4.58683748711118
GGGTAGACAGCTTCCT-1,7.941310834466101,-30.388682667882538
GGGTAGATCATGACAC-1,5.2619010780525555,10.062768079120696
GGGTAGATCCATCTGC-1,-3.669415285488356,-18.08973706507515
GGGTATTCACCAGACC-1,-13.561609938426379,19.21114328199048
GGGTATTCACCCTAGG-1,18.41198574357497,-14.980964980710793
GGGTATTCATGACTAC-1,8.801182002766245,33.6197675798267
GGGTCACAGCTAAACA-1,-11.301202056543648,-6.683673097138257
GGGTCACAGGCCCACT-1,-18.21323760638389,-27.356122330515323
GGGTCACAGTAAATGC-1,6.872303952481446,24.069886260689376
GGGTCACGTAATTAGG-1,17.29186485621438,-0.00029884892877318065
GGGTCACGTCCGGTGT-1,1.972069720399476,-35.84190026847531
GGGTCACGTGAAGCTG-1,6.677975828474357,-22.030022779415212
GGGTCTGAGTAAAGCT-1,11.468542334457407,-1.0688016999840364
GGGTCTGCAAGCAATA-1,-4.295664726710848,29.79105308219196
GGGTCTGCACCCTGTT-1,1.2879983353331825,9.030275616798777
GGGTCTGCAGACACAG-1,-32.58089622162883,-3.312448338367675
GGGTCTGCAGACACCC-1,23.902413870268095,-8.551633561614334
GGGTCTGCAGTCCCGA-1,-8.167792285963518,-36.45136122406721
GGGTCTGGTCGAGTGA-1,-6.071763762549349,-12.176763271329584
GGGTCTGTCCATCTCG-1,-2.964707616247135,-7.760849003671558
GGGTGAAAGGTGCAGT-1,16.666217637865127,28.626644411370012
GGGTGAAGTCGACTGC-1,10.927942669918723,5.004760866198182
GGGTGTCCAGAGTGAC-1,19.51166254305413,-20.325739264987146
GGGTGTCGTTCTATCT-1,14.431644280054973,-25.74896387998728
GGGTTATAGTACAGCG-1,19.225329530840664,34.79630553755233
GGGTTATCAATGCAGG-1,-2.6953433666582516,-15.778206115015667
GGGTTATCAGCGAACA-1,20.084220847782603,31.709507784266208
GGGTTATCAGTTGTCA-1,-5.664396186542373,-20.221087085944845
GGGTTATCATGAGAAT-1,14.749962465998612,11.343514682367891
GGGTTATCATGATCTG-1,27.432447816408356,4.262657170119493
GGGTTATGTGTCCAAT-1,0.803227981720044,22.598241864354694
GGGTTATGTGTCTAAC-1,-12.583848678088966,4.2535655059037465
GGGTTATGTTGCTTGA-1,11.50049494103315,1.5120341282653547
GGGTTATTCGACACCG-1,-0.03255581603542229,2.23151651550265
GGGTTTAGTATGAAGT-1,-2.5547178294579664,-13.885270105517044
GGGTTTAGTGTCCGTG-1,-8.260427741737228,-28.878074914299425
GGGTTTATCCAGGACC-1,10.166099826038359,11.421735518136442
GGTAACTAGAATTGTG-1,4.904673989041141,12.125817410846256
GGTAACTAGAGATTCA-1,-5.192290000986718,2.519021557460418
GGTAACTAGCACTCTA-1,-18.03198318284434,-26.913861242786897
GGTAACTCAACTCGTA-1,-10.499143576240808,-34.92569697806372
GGTAACTCACGTACTA-1,3.24801151646536,42.2078719646771
GGTAATCAGACCAACG-1,2.4254956418930167,35.47829694461516
GGTAATCCAGAATTCC-1,19.542632383478082,0.10378018899677184
GGTAATCCAGCGAACA-1,-1.7544998526825772,-13.404005196574115
GGTAATCCAGTCTCTC-1,-14.475221463528285,-3.558596847246227
GGTAGAGAGCGATGAC-1,3.4401842488726793,-13.682510860024037
GGTAGAGAGGTGCCTC-1,-21.892269078675678,2.335310771279848
GGTAGAGCAATACCTG-1,-31.13904080738904,3.7182781351941836
GGTAGAGCATGGTACT-1,0.9802766797945451,-32.01148358874596
GGTAGAGGTCGCGTTG-1,21.451411440643184,32.588381375503225
GGTAGAGGTGACCTGC-1,25.62333809626509,4.455782162566456
GGTAGAGTCAGATTGC-1,-12.661361730920357,-20.883880921054594
GGTAGAGTCATCGACA-1,11.182950341381828,-29.87466333170416
GGTCACGAGCGGTAGT-1,7.977794878837729,-26.908023856048086
GGTCACGAGTCGTTAC-1,14.814219904631477,-15.458144441630195
GGTCACGCATGGGTTT-1,-4.467274347859963,-36.14664850523632
GGTCTGGAGGTCACAG-1,-10.152696956973896,-13.346285520050875
GGTCTGGAGTGGTCAG-1,10.582342740021861,-30.84250607459002
GGTCTGGCAAAGGATT-1,4.27376032332134,-2.5211152094419376
GGTCTGGGTTAGGAGC-1,7.467669766284177,-28.105519920946943
GGTCTGGGTTGCGGAA-1,5.461351418651476,26.25404151398054
GGTCTGGGTTGGGAAC-1,25.372436501631707,-17.286096772856894
GGTCTGGTCACTTTGT-1,-8.35237326802912,-15.415957109240479
GGTCTGGTCCATTCAT-1,-21.171902360023452,-3.9921413897413616
GGTCTGGTCGTAGAGG-1,-19.57887886962691,11.672972345509688
GGTGAAGAGTACCGGA-1,7.293773533111595,-13.91547660100164
GGTGAAGCAAAGTGTA-1,14.483052178497505,30.594471336841462
GGTGAAGCAAGGAGTC-1,18.347357985261965,-24.3515322697248
GGTGAAGCACTACGGC-1,8.968779226114355,2.6997111347722043
GGTGAAGGTACCTAGT-1,9.242506189385477,-12.685554817773609
GGTGAAGGTAGCTTTG-1,25.919815633386936,-16.867728917361028
GGTGAAGGTTCGGACC-1,-3.5036496715536227,-14.172011422551126
GGTGAAGTCATAGACC-1,7.6577398163280295,-8.31563754935612
GGTGAAGTCGAGCCAC-1,-2.729918364864032,20.068731586926273
GGTGAAGTCGGTTGTA-1,-18.083215758929555,-21.469258001563993
GGTGAAGTCTCTAAGG-1,-1.2996272282519106,6.269249051529928
GGTGATTAGCCGTCGT-1,-9.182023865160321,-29.75077436646979
GGTGATTAGGTGCAGT-1,-21.105299464088354,11.84530234671881
GGTGATTTCACACCGG-1,-6.222514314129539,2.8256344087816747
GGTGATTTCCTGGTCT-1,-13.202093085680408,-6.375936180442614
GGTGATTTCGATAACC-1,-15.860315869083525,1.5200993059775212
GGTGATTTCTACTCAT-1,-17.860383696735937,13.770953913373912
GGTGATTTCTTGTTAC-1,-4.139965522513375,27.821134930368434
GGTGGCTAGCATGGGT-1,19.660455834303615,-7.858767315081121
GGTGGCTAGCGATGCA-1,-7.3995381570327075,-12.695595100926514
GGTGGCTCATATAGCC-1,-16.1756819575605,-12.387777367141572
GGTGGCTCATGTTCAG-1,10.975510900118035,4.684407573082778
GGTGGCTGTGCACGCT-1,0.44493942057025304,6.8721121442904485
GGTGGCTGTTCAATCG-1,-12.942228516147143,-19.237194654215255
GGTGGCTTCCTTATAC-1,13.186565032269028,-6.32485716924977
GGTGGCTTCTGAGTCA-1,21.77327720144898,7.273299269453219
GGTGTCGAGAACAGGA-1,11.255787183791988,-23.608168962716928
GGTGTCGAGAGCACTG-1,9.799023631523534,-18.64612599138594
GGTGTCGAGCATCAGG-1,13.938468962957836,-29.676877234470545
GGTGTCGCAAATCAAG-1,-7.720173517970545,-18.13730647487593
GGTGTCGCAGAGGCTA-1,-8.089203763079308,-16.03291079373013
GGTGTCGTCCACAGCG-1,6.435605707703815,39.192897580103356
GGTGTCGTCTAGTTCT-1,-7.969337296151542,-5.564710102606906
GGTGTTACATGGGCAA-1,4.073921087584961,-18.705468467078852
GGTGTTAGTTACGTAC-1,-25.10983862879118,-7.896300455963819
GGTGTTATCGCCTAGG-1,10.867051210977632,1.4695011278346672
GGTGTTATCTTCCGTG-1,-17.14754771679764,-8.464314682445314
GGTTAACAGCGACTTT-1,-3.7931367904360864,-24.582614361834718
GGTTAACCAACTCGAT-1,10.327939371859252,35.987398812805075
GGTTAACCAGACTCTA-1,-25.225581776870868,5.130455002477907
GGTTCTCAGTAGGAAG-1,-10.329682137033664,-17.83287788257993
GGTTCTCCAATCTCGA-1,-10.358327292011046,3.058232187558618
GGTTCTCCACTCCCTA-1,-11.462085071919061,-21.47892474503167
GGTTCTCCAGGCTACC-1,-24.20276772977742,-20.14324646512663
GGTTCTCGTGACTCTA-1,-30.435640924158438,-7.401003151385196
GGTTCTCTCCGCTGTT-1,-16.27021570403929,6.152444344813263
GGTTCTCTCGATACTG-1,1.6509968638847308,16.383085235382918
GGTTCTCTCTTCTAAC-1,-21.762681170303082,-23.641438616048166
GGTTGTAAGATTGAGT-1,12.087592130252167,-8.097140718250726
GGTTGTAAGCTGTTCA-1,-3.660700123184352,-1.109175358688724
GGTTGTAAGGGCAAGG-1,-7.304758649034072,7.118699830260376
GGTTGTAGTAACCAGG-1,-6.587207408425887,-33.84059345923505
GGTTGTAGTAACGGTG-1,16.832391482775503,-4.86291066374495
GGTTGTAGTACAGTCT-1,3.4055274483293703,-13.776286363998501
GGTTGTAGTACGTACT-1,25.172267169283433,-10.5491341650435
GGTTGTAGTCCCTAAA-1,19.38065165578633,30.780528775794387
GGTTGTAGTGATTAGA-1,7.843698298943048,44.24405403252015
GGTTGTATCTGAGTCA-1,3.152570146569391,29.717580905461748
GGTTGTATCTTGTTAC-1,12.91229126066809,9.493029168485283
GTAACACAGCTTTGTG-1,7.02163888693561,33.368264796171054
GTAACACCAATTGCAC-1,2.805443205494912,39.82626638647612
GTAACACCAGGTCAAG-1,23.85067982746797,4.631973643444437
GTAACCAAGATGTTAG-1,-15.943240637688657,-20.34342009780707
GTAACCAAGCCAGAGT-1,-1.0205721046423413,37.7406522168804
GTAACCAAGCCTCTGG-1,5.378224097279023,28.237153246286933
GTAACCACATGGTGGA-1,-9.912936028786065,-7.974295093719852
GTAACCAGTAATCAGA-1,4.307236831568518,23.40921337634116
GTAACCAGTTGGACCC-1,12.201117202849035,-8.056373306092935
GTAACCATCTGTCGTC-1,9.984486709568309,25.393345614472096
GTAAGTCAGATTGCGG-1,4.103647821040863,24.26405554815839
GTAAGTCAGGTGCATG-1,-9.219941278681665,-7.423320965530499
GTAAGTCAGGTTACCT-1,18.378894809935208,30.080292946811635
GTAAGTCAGTTGGACG-1,12.35863344990558,24.082023510067017
GTAAGTCCAAGAATAC-1,10.462167390557326,37.61685271035119
GTAAGTCGTACTCGAT-1,1.4258845439704722,-3.61133327658346
GTAAGTCGTAGAAACT-1,-16.88402068837612,9.101844751948756
GTAAGTCGTCCAACGC-1,30.339850369675872,5.492524715464362
GTAAGTCTCATCCTGC-1,9.091284760575913,9.71877719163424
GTAAGTCTCCTGGGTG-1,8.09721964531057,39.55751504913526
GTAAGTCTCTCTTAAC-1,19.4642635947099,11.5099359612955
GTAATCGAGAAGAACG-1,13.003285098234079,-16.158561206286254
GTAATCGAGAGCTGAC-1,-3.9109030547637365,-13.364218932240156
GTAATCGAGCGTCAGA-1,8.072504858140993,-30.409321169810468
GTAATCGCACGTAGTT-1,8.143065402693171,28.278695565132224
GTAATCGGTAACTTCG-1,-0.7465352965104777,-11.805170613335008
GTAATCGGTCACCCTT-1,8.509014750419711,9.400857342892918
GTAATCGTCATTTGGG-1,-0.49212902927647356,-29.116109820111696
GTAATCGTCTCCTGTG-1,8.377273721658511,36.600625607288606
GTAATCGTCTTTACAC-1,-26.59507541140869,-2.9997291374737554
GTAATGCCACGACAGA-1,19.98735746887588,-0.9799461987634482
GTAATGCCACTCCACT-1,-2.850368945441415,-21.390153338039326
GTAATGCCAGGTGTTT-1,-32.727181954084216,-2.8026972624733473
GTAATGCGTCATCGGC-1,5.194814951013413,10.790710674096529
GTAATGCGTCCCTGTT-1,13.654045304515172,5.935755360824005
GTAATGCGTCTGTGGC-1,11.960292585845279,26.1559724436503
GTAATGCGTTCTCTCG-1,-20.744803838450935,-5.7476854232419425
GTAATGCTCAAGCGTT-1,24.458784481007015,-1.82921944255742
GTACAACAGACCGCCT-1,17.406340945719425,-16.934869824559172
GTACAACAGGTGATCG-1,8.920643359088832,36.80992258568691
GTACAACCACACGGAA-1,-5.72731885483096,-17.341380718144464
GTACAACCAGAACTCT-1,8.572990266672742,-11.370007621433237
GTACAACCAGTGACCC-1,2.304550405536517,38.08834136893604
GTACAACGTCTGTAGT-1,13.674376889681644,10.387934303037897
GTACAACGTGAGTTGG-1,9.416240880145908,-23.86521906494876
GTACAACGTGGCTGAA-1,3.0624538874869294,-3.279814121584861
GTACAGTCAAGACGAC-1,-17.797980710731505,-7.833498766149978
GTACAGTCACACGTGC-1,-32.63284274296087,4.307346838668343
GTACAGTCATAGGTAA-1,1.5837552125577679,-30.023307131314862
GTACAGTGTGAATTAG-1,8.091416882461028,22.93305167191077
GTACAGTGTGTCGCTG-1,-5.3242995861211035,-30.25294543955934
GTACAGTGTTCCTTGC-1,-9.642106055137912,-17.719621522667598
GTACAGTTCACGATCA-1,-8.424952589868216,-31.213143039268836
GTACAGTTCGCCTTGT-1,-5.897386882429473,0.9573803357303409
GTACAGTTCTCTCGCA-1,-14.155407358378799,-12.108952719175276
GTAGAAATCGTAGCTA-1,-5.297329424173989,-11.623115553381203
GTAGAAATCTCCCATG-1,6.221746594925229,34.0148648327175
GTAGAGGAGCGTCTGC-1,18.554361426439076,-3.531615398858845
GTAGAGGCAGCGGATA-1,8.870729070705679,-2.252397459440111
GTAGAGGCATCGATAC-1,0.2726731669254023,-23.660039609696746
GTAGAGGCATTAAAGG-1,8.384616013424965,34.30393042636089
GTAGAGGTCTCCCAAC-1,23.07121642911387,-20.560268056181414
GTAGAGGTCTGAACGT-1,-4.913313220428143,1.9002681061997124
GTAGATCCAAGTTGGG-1,6.175874015023003,-17.127606419301195
GTAGATCGTGTTCGAT-1,29.548963431873993,4.163376213731406
GTAGCTAAGAAACTGT-1,-8.391737601924376,-26.471812141999234
GTAGCTAAGATTAGAC-1,14.569096904005386,-27.003512404063137
GTAGCTACAACTCCCT-1,4.538294321876065,-2.0750334609321275
GTAGCTACACTGGAAG-1,26.1997766083807,-9.450129210293278
GTAGCTATCAAGCTGT-1,16.011563302253503,3.3485555336131285
GTAGGAGCACCTAAAC-1,14.243616207777205,26.49425522429912
GTAGGAGCATAGTCGT-1,-13.721206178987408,-28.25125276292638
GTAGGAGGTATCGTGT-1,-5.151005668039065,-33.81094784011701
GTAGGAGGTGAGACGT-1,-4.994857100593428,-9.958932468698395
GTAGGAGTCTCTGAGA-1,30.56556577491676,1.109799654507696
GTAGGTTAGTGGAAAG-1,15.279003625935921,-22.769384289400158
GTAGGTTCACAAGTTC-1,8.822384336180537,18.01554468287621
GTAGGTTCAGACGCTC-1,25.17441107395453,-12.076221901155641
GTAGGTTGTGGGACAT-1,14.930430157008297,-4.8565211267070225
GTAGGTTGTTGCTCCT-1,-20.4877005659422,8.127473135647746
GTAGTACTCATCTATC-1,1.480108046810977,17.48828081078917
GTATTGGAGCCACAAG-1,25.390705716303838,-8.659926713102116
GTATTGGCATCACCAA-1,-0.06476536224696268,30.741632690327982
GTATTGGGTGCCTGAC-1,16.60405389874972,34.285231299009666
GTATTGGTCGAAGGAC-1,3.087150168783421,-25.226589105306804
GTATTTCCACTACCGG-1,12.515076366242289,10.904714545516251
GTATTTCCATCTGTTT-1,6.667268106564284,18.736939954543036
GTATTTCGTAAGATCA-1,-24.97974206842252,-6.481077109495491
GTATTTCGTCTCCTGT-1,5.831668100329223,-12.558380060027039
GTATTTCTCGTCAGAT-1,3.743080929545433,32.302566885550924
GTCAAACAGCACCTGC-1,-21.229830346982656,-2.250675855719696
GTCAAACCATCAGCTA-1,-4.28388574722754,-22.05732930910006
GTCAAACCATGCACTA-1,0.21339469728905608,3.202174952568517
GTCAAACGTTCAGGTT-1,-17.028983313308714,3.052526112284335
GTCAAGTCAAAGTGTA-1,-34.227859064209824,-3.5170693483121984
GTCAAGTCAGTTTGGT-1,7.572799343115163,-30.134333605970774
GTCAAGTTCGCCAATA-1,-19.730356728509335,15.572391845644256
GTCAAGTTCGGAGTAG-1,13.863463742303303,-12.756402169124012
GTCAAGTTCTTGGAAC-1,15.50823730775575,26.6883283129543
GTCACGGAGCCTAGGA-1,-20.578233399896753,-1.7635959290268572
GTCACGGAGCGCTGCT-1,-4.817045120258581,-6.862745433669528
GTCACGGGTACGCGTC-1,3.5527680651033635,-20.48161979441291
GTCACGGGTAGGGTAC-1,10.72168467446313,27.84507321506598
GTCACGGGTAGTTAGA-1,-5.547600750017441,-20.74175357070412
GTCACGGGTCAACCTA-1,-20.977233970637002,-8.753184514455908
GTCACGGGTGGATCGA-1,9.10723571834683,-35.740638262343346
GTCACGGTCCACAGCG-1,7.748121671418092,33.757670528728816
GTCACGGTCCTAGAGT-1,8.624659920523476,9.824894137838847
GTCACGGTCGGTAGGA-1,19.16660456767363,34.89907772788596
GTCACTCAGTACAGAT-1,-5.954740116587497,-16.704365540971523
GTCACTCAGTCGCCAC-1,12.430841725472357,11.172464200821942
GTCACTCCACGAGAAC-1,11.290222394463354,-17.211704397565907
GTCACTCGTGGGTATG-1,7.425616244071617,-11.71381691368636
GTCACTCTCGCACTCT-1,3.1850561289648462,5.215528458295634
GTCAGCGAGGATAATC-1,0.6742086416561117,-29.295364944085147
GTCAGCGAGTCAGCGA-1,13.208342706825073,26.956155519267103
GTCAGCGCAACGGCCT-1,5.321636681968343,33.38541899227344
GTCAGCGCAGGAATAT-1,-13.91211806798869,-7.794887522591396
GTCAGCGTCTGAACGT-1,10.578618281781042,-11.934359224074539
GTCATCCAGCAGATAT-1,-7.775010520874893,-30.86450504704143
GTCATCCAGCTCCACG-1,3.12938126260699,-23.791300505459677
GTCATCCAGTGGTTAA-1,-11.318642149878972,-4.439275915275239
GTCATCCCAACTACGT-1,-8.516178419458122,-6.407480548808077
GTCATCCCACGGTGCT-1,-10.944976338041212,-27.52244743139694
GTCATCCGTCCGTTTC-1,-14.436309983429577,-5.98193172138999
GTCATCCTCATTCCTA-1,-17.173970688374435,5.643229816804276
GTCATGAAGCGAGTCA-1,20.51446420187196,-21.50400483425233
GTCATGAAGTAAATGC-1,12.52509282479066,25.920990653594604
GTCATGAAGTCTCCTC-1,9.487511495029972,27.70610477414098
GTCATGACACTTGTCC-1,15.269503940588885,30.562092727333745
GTCATGACATGCCGCA-1,-16.005935372396944,-27.013687171398384
GTCATGAGTAAGTAGT-1,-3.9903962826081525,-17.97167912420082
GTCATGAGTAGGGAGG-1,7.747874400743122,-22.53186168055432
GTCATGATCAAGTAAG-1,11.527569304228969,-26.429272657078684
GTCATGATCACCGGGT-1,5.694410951904474,31.126761794307267
GTCATGATCTCATTAC-1,-13.253035191841967,-8.452310741220172
GTCATTTAGGTAAAGG-1,4.858216811195706,-18.17068968097779
GTCATTTCAGACACAG-1,12.577599358938723,32.46363463701996
GTCATTTCAGCGCGTT-1,3.0111712610386183,23.639720861712046
GTCATTTCATCGCTCT-1,5.695996911340687,-11.858748055114775
GTCATTTGTACCCGCA-1,-6.07962843382514,31.90244649201109
GTCATTTGTCACAATC-1,-23.57574191650005,-15.79222406778462
GTCATTTGTTTACACG-1,12.00645895155171,-19.163672932678484
GTCATTTTCCAGCAAT-1,2.6796560650407155,-33.93754500519614
GTCCACTAGTGCGCTC-1,-8.750810146148785,-34.829023876173785
GTCCACTAGTTGCCTA-1,-9.163745133603825,3.367829414598837
GTCCACTGTCGTCAGC-1,-14.980744972483988,15.725316214753935
GTCCACTGTGTTCGAT-1,-9.765648671773041,-4.284341731628302
GTCCACTTCAGAGCGA-1,24.716368718708797,-10.830781416958693
GTCCACTTCCTCATAT-1,-0.5997633116270055,-30.90665083630039
GTCCCATAGAAACCCG-1,12.56851245007376,36.02940210531562
GTCCCATAGGCAGTCA-1,26.449605381222728,-8.550249165777482
GTCCCATAGGTAAACT-1,6.259760443295494,11.861837759537856
GTCCCATCACCGTGCA-1,6.780544148576855,40.040277427981586
GTCCCATCAGGCAATG-1,7.375444667979866,24.475500857224876
GTCCCATGTATAGGAT-1,-1.8827509398391378,-19.27219461301731
GTCCCATTCATCCTGC-1,25.17269587816335,-8.574070257580333
GTCCCATTCCGCAACG-1,14.636418822301016,8.69382545877117
GTCCCATTCGATACGT-1,9.220059626099463,25.83887477603771
GTCCCATTCTACTCAT-1,2.603114821555754,-29.578363469762767
GTCCCATTCTAGGCCG-1,4.552315824267746,41.93371930198957
GTCCTCACACTTTATC-1,-11.011054582625048,4.6837077994200715
GTCCTCAGTTCTTGTT-1,5.258206533875174,-10.703135134416899
GTCCTCAGTTGGGACA-1,-6.860001885277712,4.995119229637717
GTCGAATAGGCCCGTT-1,5.00980427427665,-16.580714009169682
GTCGAATAGGTCTACT-1,24.669765623633687,-6.192146617397396
GTCGAATCAGGTCAGA-1,6.297277350141446,36.50337565134324
GTCGAATGTCGTTATG-1,3.550267938392976,16.357428419610883
GTCGAATTCAAACTGC-1,5.087642061227342,12.00021382929775
GTCGAATTCGCTTGAA-1,6.1064757762011626,2.609856485197716
GTCGAATTCGGTTAGT-1,25.32144668372672,-4.056006639459821
GTCGAATTCTTCCCAG-1,-1.940035569231284,5.820667687109968
GTCGCGAAGCGCCGTT-1,5.96501351651981,1.996312687088494
GTCGCGAAGTCTGCAT-1,19.87560269974613,-21.46265787225063
GTCGCGACAAACAGGC-1,15.208820010311735,35.887433705009556
GTCGCGACACAGTGAG-1,-15.626387201458481,-32.051503937152084
GTCGCGAGTCTGCATA-1,12.593304659128945,-25.21566911374987
GTCGCGATCACGACTA-1,-14.660921135527536,-11.683686765692823
GTCGTAAAGAGGTATT-1,0.968411555899648,-26.32915235268236
GTCGTAAAGCTATCCA-1,-21.56534663823928,-1.8775614165352512
GTCGTAACAATCAGCT-1,11.974023918074021,19.190852603675154
GTCGTAACACCTGCGA-1,17.927433333156046,-24.32281059024037
GTCGTAACAGACGATG-1,14.67239072554821,-28.859222529099615
GTCGTAACATGTAACC-1,-1.1214128609101182,-31.5798584071243
GTCGTAAGTCATCGGC-1,5.955461664044883,-25.6427029228089
GTCGTTCAGTCATAGA-1,13.384166870014656,24.838532344305214
GTCGTTCCACTGGCGT-1,20.302090147720772,-20.666812232462142
GTCGTTCCAGGACGAT-1,26.91947996981393,4.952257767626022
GTCGTTCCAGTTAGGG-1,24.942269597885208,0.28881116289645364
GTCGTTCGTCACTACA-1,-27.360702041687365,-4.734099099237918
GTCGTTCGTGAGGATC-1,21.80950439433017,-21.618247002172705
GTCTACCAGAACGTGC-1,17.65696534072639,-24.245980261761947
GTCTACCGTACTCGTA-1,24.001659944691518,4.727447053145971
GTCTACCTCAGTCCGG-1,-13.43170292381407,-23.43017038110607
GTCTACCTCATGAGAA-1,-15.69142626452342,-24.504636201707115
GTCTACCTCGTAGAGG-1,14.721274712045268,32.1496493070877
GTCTACCTCTCCCTAG-1,0.3426123153614779,42.183109619077115
GTCTACCTCTTCCCGA-1,5.96624703732357,41.32957701768793
GTCTAGAAGTGGATTA-1,-25.224088439231167,-7.761021297062843
GTCTAGACAGCGTTGC-1,-2.73480307536641,2.9434893540422604
GTCTAGATCAAACTGC-1,9.186113075783117,23.982382472471727
GTCTCACAGGCATCTT-1,-9.438104379806221,0.8048308648666231
GTCTCACCACGCGGTT-1,-18.833210375701086,9.83592659455605
GTCTCACCACTTCATT-1,-4.800365544599009,-13.159031343305191
GTCTCACGTACATACC-1,13.983977517877815,-12.087302988628723
GTCTCACGTAGGAGGG-1,10.948244666052133,-3.7215676947263456
GTCTCACTCACACCCT-1,-11.815691622188561,18.927340104165406
GTCTCACTCGGAAGGT-1,-6.780795987808954,-19.041041662706828
GTCTGTCAGGAAGAAC-1,15.95921074999441,-16.697409946834878
GTCTGTCCATCCAACA-1,-16.58710669630567,-10.858447988585256
GTCTGTCGTTAGGGTG-1,12.787935317591934,-15.185052035112944
GTCTGTCTCTGTCGCT-1,22.720865146849974,5.959206370728023
GTCTTTAAGGTCGACA-1,24.4872437242691,3.0423702201904876
GTCTTTAGTACTGCCG-1,-10.42451669946657,-13.14364567631656
GTCTTTATCCTGGCTT-1,-14.291435845833016,5.523860834225839
GTCTTTATCTCAGTCC-1,15.870656859316085,11.890169442836253
GTGACGCCACTGGCCA-1,23.041625934702022,-15.100494525140482
GTGACGCGTGATATAG-1,7.23774638525638,-18.33204414127053
GTGACGCTCAAGTGTC-1,9.264301429012383,22.06714438709726
GTGACGCTCCTCACGT-1,-5.476376279676769,34.762410035256494
GTGACGCTCCTTCGAC-1,-21.844712773746316,-3.621797262514399
GTGACGCTCGTTCAGA-1,-1.9140577242110477,-14.2062596485288
GTGAGCCAGACTAGAT-1,1.1248763361317007,26.782407481614985
GTGAGCCAGCGCCGTT-1,25.901439628044123,-10.198965479877202
GTGAGCCAGCTGGCTC-1,-6.085610444520474,3.299196936445879
GTGAGCCAGTGGTCAG-1,-2.422150433748421,-21.4905468040874
GTGAGCCCAAACTCTG-1,12.012841295930238,-26.383391076704143
GTGAGCCCAGCTGAAG-1,11.560824245062342,32.86450045738223
GTGAGCCGTGAGCCAA-1,13.981339586876729,17.481252234852512
GTGAGCCGTGGTCCGT-1,13.73215942912363,-27.981532150869914
GTGAGCCGTTCTTCAT-1,12.29090913142429,29.511040613226243
GTGAGCCTCACACCCT-1,4.768386842623345,-7.3490480653035455
GTGAGCCTCGATTCCC-1,5.32821330216253,-31.158296553154074
GTGAGCCTCTTTGCGC-1,0.6972439359706032,10.712316919216171
GTGAGGACACCCAATA-1,5.413509975000956,24.683116012863035
GTGAGGAGTAATGCTC-1,5.4166914762340985,4.453527598914764
GTGAGGAGTCATCCCT-1,2.7263295372669067,-32.25134795813756
GTGAGGAGTTGCCAAT-1,17.242123430523257,-12.000173425868878
GTGAGGAGTTGCTCCT-1,7.00581866085818,-13.739276595230024
GTGAGGATCACGACTA-1,-17.624583768734755,-7.394175463251603
GTGAGTTAGAAGTGTT-1,-9.328257199080317,-21.037856331502777
GTGAGTTGTCCTTGTC-1,19.436147352396894,6.302044441452227
GTGAGTTTCGCAGAGA-1,11.511856839242446,30.33641044853899
GTGAGTTTCTGCCTGT-1,9.6753711999649,-6.925029833112116
GTGATGTAGATAGTCA-1,3.185101809142729,4.922380080707979
GTGATGTCAATTGCTG-1,-15.212066789763016,16.27388336455424
GTGATGTCACCTCTGT-1,12.534598025816663,32.00827222383466
GTGATGTGTAAGGCCA-1,13.650511530929643,34.840184798342094
GTGATGTGTCATCCGG-1,-6.09087383907006,2.348438921928367
GTGATGTTCCTCGATC-1,3.9384911196404855,39.41992764600901
GTGCACGAGCTCTATG-1,6.666690591984149,2.5864609899134297
GTGCACGAGGGAGGAC-1,16.204917681537278,33.97103298280678
GTGCACGCACGAAAGC-1,-13.811560160243312,-7.845402496965368
GTGCACGGTTTGGGAG-1,-23.64341760257126,-5.885889601727035
GTGCAGCAGGGATCAC-1,12.210951986959284,-19.917472174226297
GTGCAGCCAGGTGTTT-1,12.708938559933006,-31.109430035675786
GTGCAGCCAGTTAAAG-1,5.205983464867995,-12.984547056824434
GTGCAGCTCCAGCTCT-1,3.372607259358008,31.73448294803244
GTGCAGCTCTACGCAA-1,-3.2438393074771494,0.8201870783719565
GTGCAGCTCTAGACAC-1,-12.87958764121855,14.497196812736215
GTGCAGCTCTTCCCGA-1,1.4345941425340625,-1.1767198464544038
GTGCGTGAGGACTATA-1,-9.326260306215344,-33.9689156674289
GTGCGTGAGGGAGGTG-1,-4.296319011674112,-31.23063143474543
GTGCGTGAGTCGCCAC-1,0.7159994245206625,-16.959695328469547
GTGCGTGGTATATGGA-1,5.639770090960989,-1.9336386804504282
GTGCGTGGTGGCAGAT-1,21.606643348809694,-2.4482656019531737
GTGCGTGTCTGATGGT-1,24.428237494949766,2.538736758983241
GTGCTGGAGACGACGT-1,-0.8905919783606832,-20.163407625410837
GTGCTGGAGTGCAACG-1,3.0529868129903197,25.704431949591985
GTGCTGGCAGACACCC-1,1.3271224620157687,38.11448799471218
GTGCTGGTCAGCTCTC-1,-25.540182656593053,-3.61739428723597
GTGCTGGTCCTACACC-1,8.429530390534321,39.66456953096117
GTGCTTCAGAGTCGAC-1,14.180249830376047,32.113292399584026
GTGCTTCAGGACGCTA-1,-19.129482490790615,-10.721698059780916
GTGCTTCCACGTTGGC-1,-3.2635359656043446,-19.686241418803895
GTGCTTCGTGACTCTA-1,21.739286146740486,1.145927705006182
GTGCTTCTCTGGTGCG-1,13.493991944622872,4.547557333181891
GTGCTTCTCTTCTGGC-1,10.271533154514513,20.175204435415313
GTGGAAGAGTATGTAG-1,17.17698269507193,-6.861223441985767
GTGGAAGGTCTCGGAC-1,6.041041069317536,25.440399150822238
GTGGAAGGTGACAGCA-1,-33.2509814857503,-2.4005937272876388
GTGGAAGTCCCAAGTA-1,30.120290815495895,-8.898370921503213
GTGGAGAAGGAATTAC-1,11.6079963131563,-6.780768254175051
GTGGAGACATCCGTTC-1,1.0000272603658995,22.588707902383092
GTGGAGATCAACACCA-1,8.213967579135693,2.7435387667822546
GTGGAGATCAACACGT-1,10.022983462779305,8.523275236662974
GTGGCGTTCCGTAATG-1,10.938731949478175,-21.668142803629383
GTGGCGTTCGGTCAGC-1,-24.4060298602951,1.5888730364864625
GTGGGAAAGGATTACA-1,3.8762648990221766,-22.21894894956068
GTGGGAAAGGTGCTAG-1,13.524736375818563,24.555386073454354
GTGGGAACAACCTATG-1,10.837566306211883,32.29944222191934
GTGGGAACATACCATG-1,9.00496318583622,41.23348077693568
GTGGGAAGTTAAGGAT-1,30.260447623756694,3.519969865158696
GTGGGAATCCATTCAT-1,-12.364875001348842,-30.132184428961722
GTGGGAATCGTGAGAG-1,21.459521701986695,10.045537533409579
GTGGTTAAGTAACGTA-1,13.525624903205046,-24.123089203014175
GTGGTTACACTGGAAG-1,14.006975097836413,-26.899294222191187
GTGGTTACAGGACTTT-1,-5.224053236222946,-36.02784541295521
GTGGTTACATCTTAGG-1,13.872689794717406,-28.02532742578346
GTGGTTAGTGGTACAG-1,-4.106389544736045,-32.14659920663352
GTGGTTAGTTCTCGCT-1,6.876196580950669,10.572552319724881
GTGGTTAGTTGCGGAA-1,21.49927564380438,-9.81500463943583
GTGGTTATCAATCAGC-1,-22.561226175205203,1.8276832623496035
GTGTAACGTAGCTCGC-1,3.094226703320754,22.634063629882146
GTGTAACGTTCGCGTG-1,11.051477840257604,-23.90727037422295
GTGTCCTCAACTGTGT-1,-6.333889657249363,-8.899254656107614
GTGTCCTCAGCGTTGC-1,-2.354407793275681,31.231336196673226
GTGTCCTGTTGTCAGT-1,-11.326351235541207,2.478502240187999
GTGTCCTTCGTTCTAT-1,-32.63651052997119,6.601745879066086
GTGTGATAGACTCATC-1,-1.4612837943808836,5.1741313032789815
GTGTGATCAAGGAGTC-1,-7.735684751697715,-28.30568394121071
GTGTGATCACAGAGCA-1,-22.309299572746845,-9.319412447753592
GTGTGATCAGCTCCTT-1,21.392068282380233,12.368012726654085
GTGTGATGTAATTAGG-1,6.094688315704991,-17.075991564893982
GTGTGATGTATCGAGG-1,-0.524813379994986,-8.262472467272069
GTGTGATGTTCGGTCG-1,-9.94027989826567,-15.586618089858097
GTGTGATTCCTCACCA-1,9.993655125667264,-17.403501662633282
GTGTGATTCTTCCAGC-1,23.395566945846777,-11.926558105930054
GTGTGGCCAGTTTCGA-1,4.739045324232799,8.492921477329762
GTGTGGCGTGACATCT-1,4.507317718883316,-36.19455140027822
GTGTGGCGTGTTTACG-1,18.141836580110244,-22.818411727901875
GTGTGGCTCGGTTAGT-1,-3.6295882828997565,37.24208826229053
GTGTGGCTCTACGCAA-1,0.8146897649783688,38.35413853753448
GTGTTAGAGAGCAGTC-1,26.11803819309307,-9.311069079671148
GTGTTAGCAATACAGA-1,16.969457985557263,4.268955047124976
GTGTTAGCACAGCTGC-1,-22.053075790712196,-21.726681966717734
GTGTTAGCAGACGGAT-1,22.649265012092986,0.1137936195743212
GTGTTAGGTCGCCTAG-1,3.33426722166099,-24.767103039918755
GTGTTAGTCCCAAGTA-1,8.439786602182842,20.705735726625804
GTGTTCCCAGTCTCTC-1,12.24610452118725,27.341661272168032
GTGTTCCGTCCCGCAA-1,26.00212051891138,-6.131368129099392
GTGTTCCTCGCGAAGA-1,13.828212244791054,-28.335688466649103
GTTACAGCAAGCCTGC-1,4.498893524249963,26.221272049277808
GTTACAGTCTGACCCT-1,-6.711884167108185,0.5003709473301747
GTTACCCAGATGCTTC-1,-0.7607408710211291,-4.1963562173056825
GTTACCCAGTAGTCTC-1,13.809551458046526,-6.5382355832753785
GTTACCCCACATGAAA-1,-18.29353213962288,1.0118658786374632
GTTACCCCATATCTCT-1,14.097543516779908,-27.890346114373873
GTTACCCCATGACGTT-1,25.245657846173653,-9.095643566242533
GTTACCCGTGTATCCA-1,14.722419146371852,-18.292110641135043
GTTACCCGTTAAGACA-1,-8.181616446934006,-28.04162246955733
GTTACCCGTTGCATGT-1,-7.100823786221294,-35.06940348647487
GTTACCCTCTTAGCTT-1,25.401969632901082,-15.122040552879513
GTTACGACATGGGCAA-1,-25.117137458633838,-3.753754770413858
GTTACGAGTCATCACA-1,11.554907987290399,39.359297141332554
GTTACGAGTGCACGCT-1,-12.597623584620564,-29.385340520260872
GTTACGATCCGGGACT-1,1.9034021804394188,30.325965950615448
GTTAGACAGCTGTTCA-1,-33.145755061533436,1.9610450322879298
GTTAGACAGGAGGTTC-1,20.143920622413393,1.3983501566028276
GTTAGACCACCCAATA-1,-3.11263053373639,-9.441010301212987
GTTAGACGTCTTTATC-1,16.51950006105234,36.31724712232952
GTTAGACTCCTGGCTT-1,-0.3789177211733028,5.406784999082644
GTTAGACTCGGCGATC-1,4.504802538527194,-36.22928806380831
GTTAGACTCTACCAGA-1,-10.668904852302056,5.999872206692666
GTTAGACTCTCTCTAA-1,-22.051579344711644,6.88397220926502
GTTAGACTCTGTGTGA-1,2.0375073411552362,-13.500785977892882
GTTAGTGCACGGTGTC-1,24.747902693350945,-10.68894909192939
GTTAGTGCATGATCTG-1,-26.959173013397507,-2.172688247778807
GTTAGTGTCCCTTGGT-1,-0.7740574461604541,26.69662472446779
GTTAGTGTCCTGGGTG-1,10.132993263626078,-18.28984185994588
GTTAGTGTCCTGTACC-1,16.361581478862192,3.305126155400088
GTTATGGAGCGTGCCT-1,13.668645460635096,-29.601597873003968
GTTATGGAGTCAGGGT-1,-5.73095857527229,-15.54245242220767
GTTATGGGTACATTGC-1,-24.87522271990002,9.524063226351135
GTTATGGGTCCGAAGA-1,3.127100759668174,22.56673890807108
GTTATGGGTGACACAG-1,2.656598589348118,4.574837991771698
GTTCATTAGACCGCCT-1,7.732457863360448,-28.10536733242024
GTTCATTCATTCCTCG-1,3.3618073595060913,-12.336294806291479
GTTCATTTCATCGTAG-1,11.077097744758449,-23.520067114983497
GTTCCGTAGAAACCCG-1,-9.329737130630443,-28.18289303630278
GTTCCGTAGAGCCGAT-1,13.33503920083843,-16.604445266522728
GTTCCGTAGTATGAGT-1,-2.0333236827877745,25.112823326286687
GTTCCGTCACACTGGC-1,9.19639253046043,11.6688882337119
GTTCCGTCACGTAACT-1,-26.375161886145353,-2.8213701615581406
GTTCCGTCATTAAGCC-1,-13.621142738710551,19.4398584279558
GTTCCGTTCTTCACAT-1,10.467393399503143,14.920314493439218
GTTCCGTTCTTGATTC-1,7.4508790025024405,-11.773002210210441
GTTCGCTAGAGTTGCG-1,-7.033813621733155,-15.645880603459108
GTTCGCTAGCGTTCAT-1,12.682005861218894,11.041734166420948
GTTCGCTAGTGTTGTC-1,-14.390687586728118,-29.159823748384316
GTTCGCTCAGGTATGG-1,-12.938139484984513,-30.079532495153547
GTTCGCTGTATCAGGG-1,9.614299872821446,20.600097565731573
GTTCGCTTCATCGGGC-1,10.733997275066386,-12.271471947199286
GTTCGCTTCCAACCGG-1,5.2735748359926795,35.25658949184225
GTTCGCTTCCCTAGGG-1,-11.866128000483183,6.605717888905805
GTTCTATAGGTAGACC-1,9.580394357967073,32.30798064305694
GTTCTATCACATATGC-1,6.259833915592183,0.8217476715541799
GTTCTATTCCTAGCGG-1,-3.25413385007348,-6.687806770612705
GTTGAACCACGTAGAG-1,11.970620017430145,30.177123035445398
GTTGAACGTGCCCACA-1,-19.125525494717415,-3.864280569164644
GTTGAACGTGTCACAT-1,-8.876955050552455,-24.610594900808124
GTTGAACGTTAGGGTG-1,11.490228344844816,29.251829353135697
GTTGAACTCAGTCAGT-1,-25.394489822943644,-7.662020805796731
GTTGAACTCCCATTTA-1,-17.516620653654734,13.540799343213017
GTTGCGGAGCTTAGTC-1,-23.578788895106733,-0.4445590994682302
GTTGCGGAGGGATCTG-1,8.469241682212854,-19.41986898676746
GTTGCGGAGTCAACAA-1,5.690344395227089,-15.300772772575563
GTTGCGGAGTGCGTCC-1,18.36348829228075,-17.732764417627596
GTTGCGGCACCCATAA-1,18.803896625281652,-1.7366764225950437
GTTGCGGGTAGCGAGT-1,19.509273698370663,-6.924727123175125
GTTGCGGGTATTGGCT-1,5.954619686942338,31.90264856237089
GTTGCGGTCATGCAGT-1,0.5228497629942133,-29.68502645049978
GTTGCGGTCTTGAGCA-1,14.295177400193412,31.986444963746333
GTTGCTCAGAGTCTTC-1,16.801273184761016,2.895052692144328
GTTGCTCAGCCATTCA-1,-2.4106424819985026,12.245107553226315
GTTGCTCCAACCACAT-1,6.413482924375366,36.407295364498424
GTTGCTCCAATGTGGG-1,-3.430978598505025,-22.191243774152287
GTTGCTCGTACAACGG-1,-1.862614320875808,-18.598260428516603
GTTGCTCGTCATGCAT-1,-9.536804843302184,-21.792039142077567
GTTGTAGAGGGACCAT-1,20.441314336508654,31.024470167520267
GTTGTAGCACCATATG-1,-0.7305958330174681,-3.94028993403584
GTTGTAGCAGGGAATC-1,-21.82950759036501,11.70164544123388
GTTGTAGCATCCCGTT-1,24.588519687495797,2.341015153856446
GTTGTAGGTAGACGTG-1,-8.908672848361851,-29.767950963958935
GTTGTAGGTCCACTCT-1,4.627262378188049,-9.981611009529638
GTTGTAGGTCGTGGAA-1,0.13239137990026478,-34.31935891175629
GTTGTAGGTTAGCGGA-1,13.131103371987521,-29.066502675009446
GTTGTAGTCATGGTAC-1,10.22286851527286,-33.17519198495708
GTTGTAGTCGACCATA-1,-25.076971274646365,-11.766841420970058
GTTGTAGTCGCAGAGA-1,19.12866174388919,-17.384126219842965
GTTGTAGTCTGGTGGC-1,4.476695323203539,-18.052310908514144
GTTGTCCAGTACTGGG-1,8.598173958816385,35.451684476858155
GTTGTCCCAGAGAAAG-1,1.3142654303631114,26.61188859744022
GTTGTCCTCCATCTGC-1,3.212080469268283,42.66643629218162
GTTGTCCTCCCTCTAG-1,8.646815653168417,24.826042476476303
GTTGTGAAGACTTCAC-1,-12.670718846213495,-12.039732078373884
GTTGTGACACCCTATC-1,2.231631988582642,-21.185411841197602
GTTGTGACAGCAGTTT-1,-16.662769358268715,-26.131510937701663
GTTGTGAGTGCATTAC-1,-0.2888859789962222,31.49980911176016
GTTGTGAGTTCGTACA-1,-21.965029491739617,-5.290622891177796
GTTGTGATCGTTACCC-1,19.381303515018427,9.81694548697257
GTTTACTCACCTATCC-1,2.795446767073662,33.07199603002623
GTTTACTCAGATCCTA-1,-14.327949971317247,-1.980799748464144
GTTTACTCAGGTAGTG-1,6.544890319577552,27.20103323937551
GTTTACTCAGTCAGAG-1,14.6183075431053,38.74725214057197
GTTTACTGTTATCTTC-1,25.28407655893551,3.921472831988953
GTTTACTTCACAGAGG-1,24.49867706534865,-18.626009375317764
GTTTGGAAGGTGCGAT-1,27.761460621157244,-0.7022247081075456
GTTTGGAAGTTCCATG-1,8.55064605334272,-13.49141797370679
GTTTGGACACTGAGGA-1,8.066001162839358,0.1952865958236736
GTTTGGACAGCATCTA-1,14.10105847644542,24.103762882922062
GTTTGGAGTTAGGACG-1,13.020763082780139,-16.408929926593224
GTTTGGATCACTTATC-1,6.886163208710714,43.02681573261266
GTTTGGATCAGAGCGA-1,11.017481397651647,24.689211159474514
GTTTGGATCAGCTCTC-1,7.202937915316076,-32.226447304626575
TAACACGAGCCGATTT-1,-9.559223027948597,4.537927462628928
TAACACGCAAAGGCAC-1,6.493728183660626,43.790157817946
TAACACGCACCACTGG-1,-17.636510080260493,13.471116450078027
TAACACGGTCATGACT-1,3.5075383864452996,12.927474890545772
TAACACGGTGGATTTC-1,-5.413576739482554,4.548414262816036
TAACACGTCATCTACT-1,13.66869252498537,5.100123550906549
TAACACGTCTCCTGAC-1,-12.543509592116864,4.459560286748554
TAACCAGAGACGGATC-1,6.902605502151618,-23.595290216370092
TAACCAGAGATTGAGT-1,1.9059754696672075,-7.575023515016845
TAACCAGAGGTTCAGG-1,9.081393204820374,7.202199130736616
TAACCAGCAGACCAGA-1,-18.86060028369164,15.308560821490566
TAACCAGGTTCTTAGG-1,-13.686926608957704,-0.6987853580171011
TAACCAGTCAGCGGAA-1,13.309176733946149,-24.529954985396618
TAACCAGTCTGCTAGA-1,6.311016144038897,3.6206756699299505
TAACGACAGCGAAACC-1,-9.761999187182875,-8.12476270537813
TAACGACAGTACAGAT-1,6.630940579320521,-31.63213622308749
TAACGACCAAGCGAAC-1,7.698050216155876,4.056167868128704
TAACGACCAATAGGAT-1,-8.151840727177404,-34.037677040756876
TAACGACGTTCCTAGA-1,-27.69208855235665,3.9199331198800325
TAACGACTCACCTACC-1,-19.38317107330017,6.475906031648592
TAACGACTCACTTGGA-1,-11.407852498548106,-14.967771422608138
TAACTTCAGAAGGTAG-1,4.927356252872345,-36.15853917975399
TAACTTCAGCTAGTTC-1,19.464949342224713,9.577901817836633
TAACTTCAGTACGTCT-1,-21.394239066892716,-15.867370536171597
TAACTTCCAAACGAGC-1,11.777923475956861,-7.550794150946831
TAACTTCCAACTTGCA-1,-14.36122259268827,16.16847993987675
TAACTTCCAGGACGAT-1,9.046882779848515,17.958883661247288
TAACTTCCATTAAGCC-1,-3.7300868987526163,17.71179060218864
TAACTTCGTAACATCC-1,25.904378560975534,-9.966567089666635
TAACTTCGTTGAGTCT-1,6.620630720635256,-0.45911888320446775
TAACTTCTCATTCTTG-1,-18.403508405972854,1.118954572886666
TAACTTCTCCGGGACT-1,-0.4050398610396979,26.989803399511082
TAAGCACAGCGAGTAC-1,15.601708855837984,-26.907854571349876
TAAGCACAGGACGCAT-1,6.429451614716259,-24.336512727938068
TAAGCACCAACATACC-1,-23.063801704041612,-5.405283671580128
TAAGCACCAACCGACC-1,-20.453362306158493,6.607471121489662
TAAGCACGTAGCACGA-1,15.416476292675387,-20.9789209474437
TAAGCACGTATGTCAC-1,-30.79074980106801,5.039959324412382
TAAGCCAAGGTCTACT-1,23.303507763752577,-2.7472396562519257
TAAGCCAAGTAGGAAG-1,12.160318017995113,27.860152658488
TAAGCGTCACAGCCAC-1,-6.1404085961823425,-31.351684181932857
TAAGCGTCATTCCTCG-1,4.343734442165284,-23.99253451191654
TAAGCGTGTAGTAAGT-1,20.604724484988452,-11.85422470011911
TAAGCGTGTTGTGGAG-1,7.671332896155884,-3.5343598931967706
TAAGCGTTCACTGATG-1,4.714901107970968,0.14812385558766392
TAAGCGTTCGAAGCAG-1,13.95662259962407,-20.803989111885183
TAAGTCGAGAAGGTAG-1,22.569111498243007,-6.2384466126034965
TAAGTCGAGCCACCGT-1,16.33778531874841,6.568651858366952
TAAGTCGAGGAGGCAG-1,10.06067648154593,32.270907399449364
TAAGTCGCAGCCTTCT-1,-17.778675628110538,-12.68670259565151
TAAGTCGTCGCAATGT-1,1.7786935684965095,-28.557498425345393
TAATCTCGTCGACTGC-1,2.202405038066787,-23.856038342348523
TAATCTCGTGATCGTT-1,26.312470651903944,1.8199254774016287
TAATCTCGTGGTCTAT-1,-0.8545439140615407,2.0498746527415257
TAATCTCGTTAGGCCC-1,18.805317419981318,6.9976263797840605
TAATCTCGTTGGAGGT-1,2.9258991014784423,1.5462638726942532
TAATTCCAGGAGCAAA-1,11.775977878230998,-26.626975530288465
TAATTCCAGTACGTCT-1,-3.2012596681963243,12.261567894670746
TAATTCCCAACGAGGT-1,-17.126716709839993,-6.708504639171986
TAATTCCCAGTTTGGT-1,2.145356642092804,-5.222095293223365
TAATTCCTCCAGTTCC-1,-27.33556346837416,8.883468372408618
TACAACGAGGATGAGA-1,11.733712328515033,4.329336416297115
TACAACGAGGCGCTTC-1,5.9570875117814275,2.056109778165428
TACAACGAGTACTGGG-1,-5.4458319438893374,38.27989817250343
TACAACGGTCCCGCAA-1,20.314362033565178,7.042903682612242
TACAACGGTTACCCTC-1,10.08406743267522,32.62677188723036
TACACCCAGATGTTGA-1,-14.591047081085204,3.4069824493837046
TACACCCAGCCATTGT-1,-6.484075511379872,-15.630367816841789
TACACCCAGCGTCGAA-1,13.36560567308032,-2.113534147810014
TACACCCCAAATCGGG-1,12.412519488356269,-11.15541637708969
TACACCCCAATTGCCA-1,-28.540266601431643,7.875077044469505
TACACCCCATCATTTC-1,-11.382594184569415,-31.90252333146971
TACACCCGTCATTGCA-1,-2.753563737439645,35.03072729331049
TACACCCGTTAAGAAC-1,12.018067388441715,7.886567707397072
TACACCCGTTCGGACC-1,-19.978966197151454,-7.273298250034863
TACAGGTAGCCACTCG-1,-15.869350469399759,17.121226700808393
TACAGGTAGCTAGATA-1,20.50793537666778,4.059216162953587
TACAGGTAGCTTCGTA-1,-17.466149342560097,10.844090293767453
TACAGGTCAAAGGATT-1,-9.400416726292226,35.26552284242017
TACAGGTCAGCGAACA-1,3.302646528668545,39.71524861914392
TACAGGTGTAGAGGAA-1,31.85215610008012,-2.246980903375742
TACAGGTGTGACAGGT-1,-4.130601406692477,1.925635892821419
TACAGGTGTTGGTGTT-1,-11.37880882283965,-24.50152889756223
TACAGGTTCACCTTGC-1,-19.096027195926503,-13.449552349889327
TACATTCAGGAGTACC-1,-17.980597492907687,-11.412579356094627
TACATTCCAAATTGCC-1,-5.129045711354916,-16.733711716821993
TACATTCTCAGACCTA-1,-14.5994966749884,-3.4741303245082538
TACATTCTCGCTACAA-1,-17.626682784268493,11.463022601792616
TACCCACAGCGTTCCG-1,7.495180212809182,24.999346737196284
TACCCACAGGCTAAAT-1,-4.837917549504753,34.9815633025757
TACCCACCAGATACTC-1,-27.65823238160177,15.407283967638643
TACCCACGTAGCTGAG-1,-11.466511515838919,4.495350881389419
TACCCACGTCCAAATC-1,-25.30828011687024,-8.75975868737368
TACCCACTCGATGCAT-1,-27.06210043910563,-1.1388322171884981
TACCCACTCGTGGAAG-1,2.387404359227646,1.6173062001827978
TACCCACTCTGAGAGG-1,-15.112908899529303,-17.860576141887424
TACCCGTAGAACCCGA-1,-5.172811258712071,6.289598696108031
TACCCGTCAAGTTCCA-1,-3.1428771508704263,-9.150626996705302
TACCCGTCACGGCACT-1,-14.665558230239418,-11.115816139240923
TACCCGTCAGAAGCGT-1,-7.867790732199427,-18.014633874803007
TACCCGTCAGACCTGC-1,-13.227639625427088,18.24489631962977
TACCCGTCATAGTCGT-1,23.217514385733843,7.619499093426404
TACCCGTTCGACCCAG-1,3.95455832661512,26.150528796451532
TACCGAAAGCCGAACA-1,7.072928038447623,-13.68880647137392
TACCGAACACATAACC-1,-23.900658384205656,7.930943922670943
TACCGAACAGGACATG-1,14.93787070920908,12.98588247320311
TACCGAACATCCGTGG-1,-1.932528297080056,-0.7843309784326502
TACCGAACATTGTCGA-1,-3.794957860783355,-33.45252765337407
TACCGAAGTAACCAGG-1,-20.966664020349434,-3.965174631104083
TACCGAATCCATAAGC-1,-1.4880865264978236,39.08895972751467
TACCGAATCTTCTAAC-1,-23.723302750124134,7.8315785658633565
TACCGGGGTAGACGGT-1,10.069002798003332,-26.345134876869366
TACCGGGGTCCAGCCA-1,0.5358113960286099,7.462865876750279
TACCGGGTCCCGTTCA-1,-11.933028614339293,-34.09344027226883
TACCGGGTCCTGGGTG-1,2.1189800604251894,27.834500784822772
TACCGGGTCGAGCTGC-1,4.354066454420261,27.474792462553104
TACCGGGTCTTCCACG-1,-17.18535402756141,9.135463045519494
TACCTCGAGCCTGAAG-1,-7.8994292208211006,-28.13711088991434
TACCTCGCACGTGTGC-1,-10.430515509027131,-27.409729698840003
TACCTCGGTCCGAAAG-1,-10.165687907052694,-0.19061786854216625
TACCTCGTCGACGCTG-1,0.2947467004043547,-29.913562131293876
TACCTCGTCTTAAGGC-1,2.9275596669905504,30.481557345289286
TACCTGCAGCGTCTGC-1,-19.760622887669708,17.79568826716184
TACCTGCAGGTCACCC-1,-17.61478350347693,3.6333591815832107
TACCTGCAGGTTAGTA-1,-27.57901410269504,-10.023088233149586
TACCTGCCAGCGTGAA-1,-16.813398998301242,1.5829948522319597
TACCTGCGTTCGAACT-1,-32.17203118041781,0.6712670197014389
TACCTGCTCCTGCCAT-1,-16.619831811074683,1.7343871651699023
TACCTGCTCGAGAAGC-1,-7.792847617158281,-1.5088499460351725
TACCTGCTCTCCTACG-1,-2.8848087662850888,-14.255933492401537
TACGCTCAGGTAAAGG-1,-14.212550433319517,16.42571611122627
TACGCTCGTACAGGTG-1,-20.508745545113648,17.614565263762348
TACGCTCTCGCCGATG-1,-19.77052008000961,-7.998616090773421
TACGGGCAGTCGCGAA-1,14.794114816641699,-21.002837328551553
TACGGGCCAACCCGCA-1,-34.128764001185125,-0.3444946487415691
TACGGGCGTACGGGAT-1,23.890632482989187,6.045299025442321
TACGGGCGTTAGAGTA-1,-11.60082522582112,-20.44887708453289
TACGGGCTCGCCTCTA-1,3.1526237278063762,23.3447429985013
TACGGTAAGATACGAT-1,20.61020983430629,-10.1586186946939
TACGGTAAGCCATTCA-1,24.257319533296283,-10.5306390682683
TACGGTAAGGCCTGAA-1,12.425475196979626,9.7915945623342
TACGGTAGTGGTCTGC-1,-10.653787973162556,-30.632654519388673
TACGGTAGTTGCAAGG-1,-1.3724204564061,-16.704389470053
TACGGTATCCCACAGG-1,-15.136589943330042,-21.490601211492557
TACGGTATCCGACATA-1,0.3464705289659247,42.194654369680414
TACGGTATCGGCTGTG-1,-6.384777874588232,-8.332612969173537
TACGTCCAGCCGAACA-1,4.379971821238619,-28.044970029088475
TACGTCCAGGGCAACT-1,-11.235885452839195,-19.087097943330193
TACGTCCAGGTCCCGT-1,-2.4817502602803123,-34.705304119767895
TACGTCCCAGCATACT-1,19.895334400673722,-6.27290297692863
TACGTCCGTCCACTTC-1,-21.060958055094652,1.9348365445572269
TACGTCCGTCGAGTTT-1,5.238797972145204,-30.452542224729818
TACGTCCGTCGCACGT-1,10.449588380396627,29.993876218078015
TACGTCCGTGATAGAT-1,-0.14059096454557563,-30.939045684890335
TACGTCCTCGTGCATA-1,-15.85628717925598,-10.02310594403894
TACGTCCTCTCGGTCT-1,-18.658091049374217,17.393870257163567
TACTGCCAGCAGCAGT-1,-3.528842159097292,-36.948496060333504
TACTGCCAGGGATGTC-1,-24.062356761891984,8.073984057751236
TACTGCCCAAGTTGGG-1,-15.866676039480575,-1.8875668772662677
TACTTACCACATAACC-1,-14.774141772569667,4.313616040035545
TACTTACCATGTTCGA-1,-17.015007648417093,-3.05031216023294
TACTTACGTCAGTTTG-1,24.709673490413593,-10.983853211950494
TACTTACGTCGCCACA-1,2.02349699004385,31.938696615886364
TACTTACGTCGTGGAA-1,-12.654101412645872,17.22935239688137
TACTTACGTCTCTCTG-1,20.33391907657926,-19.309285265607464
TACTTACTCCGTGTAA-1,10.064488503324682,9.623396982949625
TACTTGTAGACATAGT-1,9.5214009332662,-23.588099409970997
TACTTGTAGGAGGTTC-1,3.6712445956000055,14.994202221768512
TACTTGTCACCTTCCA-1,-27.94802311668479,0.5346151154404842
TACTTGTCACGGCCAT-1,-26.03330488863274,-22.01503025247483
TACTTGTCATGTGGCC-1,-26.539072934339753,1.0162210316044122
TACTTGTGTACGAGTG-1,7.895260677933238,38.23069614107465
TACTTGTGTTTCGTAG-1,5.203021549915246,41.35871209190582
TACTTGTTCCCTAGGG-1,4.945221095119075,12.491996369983005
TACTTGTTCTGATGGT-1,-26.077100439278066,8.465241421862213
TAGACCAAGAGGACTC-1,-3.6704241463449225,-3.4300151350466983
TAGACCACAAGGTCAG-1,-27.292826727127967,-6.439546275586493
TAGACCACAATCGAAA-1,-24.66520098673544,-19.227770146377924
TAGACCACATGTGACT-1,15.771567813893105,-9.984460616813013
TAGACCAGTCCCTAAA-1,-16.70554283908042,-6.259792209321211
TAGACCAGTGAGCGAT-1,25.092900279460434,-8.27378984591912
TAGACCATCTGAGTCA-1,-18.107230038417427,-8.699538143655202
TAGACTGAGTAGATCA-1,9.958345799038707,42.93003447874559
TAGACTGAGTGGTGAC-1,-29.206722673502508,-9.657646546332462
TAGACTGCAGCGACAA-1,13.207832955431245,37.29354687818518
TAGACTGGTCTACATG-1,3.991730918082804,27.299430983944998
TAGACTGGTGTCCGTG-1,8.070232310490413,-26.357515102956388
TAGAGTCCAATGTCTG-1,15.430011163554695,-4.319870848995653
TAGAGTCCACTTTAGG-1,0.9440331993189892,4.638275938698431
TAGAGTCCAGCAGACA-1,-21.99420579850078,-3.252344533658418
TAGAGTCCATCAACCA-1,8.684996363763055,35.38919426854437
TAGAGTCGTACAAGTA-1,-5.904814636299802,-31.324106196104786
TAGAGTCGTTAGAGAT-1,21.549823278484002,-3.723347134326406
TAGAGTCTCTCGTGAA-1,14.280584518496939,30.769031320778733
TAGAGTCTCTGACGCG-1,-8.570268529999401,-20.217415009087183
TAGATCGAGCGTATGG-1,11.652563299488454,7.2032210660173
TAGATCGAGTTGGGAC-1,10.043507174540794,9.325090832181772
TAGATCGGTGATGAAT-1,6.895388723935271,-26.41635447247265
TAGCACAAGCGAAACC-1,20.079079423901824,29.308713631618932
TAGCACAAGGTAGTCG-1,20.959946814184462,2.8485444207262365
TAGCACACAGCAGTTT-1,-7.060527927835622,4.945234438132223
TAGCACAGTCCTTAAG-1,-8.230920530428628,5.618228650381731
TAGGAGGAGTCTAGCT-1,17.16888511331066,-4.584577274957648
TAGGAGGCAGTATTCG-1,10.514136129193686,-11.464062671523683
TAGGAGGTCAATGTCG-1,-8.187352513018661,-2.4563640927349137
TAGGGTTAGCACAAAT-1,4.162154257917086,7.4910678925366705
TAGGGTTAGGTAAAGG-1,19.59730016354928,12.872478409187831
TAGGGTTCACTTTAGG-1,9.38489312722031,29.735707989492038
TAGGGTTCAGTTGTTG-1,12.574004477624642,32.196313098772585
TAGGGTTGTATAGGGC-1,-6.438325354075654,-8.162335240673148
TAGGGTTGTCCACTCT-1,12.06797584971496,-5.315843501841993
TAGGGTTGTGTTTGCA-1,-6.598276872740579,-28.093624929343036
TAGGGTTTCCATATGG-1,0.3378073081516572,-4.380216393333258
TAGGGTTTCCCTTCCC-1,9.767783164500761,-14.07920621793953
TAGGTACCACAGTCGC-1,-4.936141555529557,-25.629197595795468
TAGGTACGTATCGAAA-1,-6.1918523013489075,-28.556527889687047
TAGGTACTCCCGTGAG-1,7.191690635022316,5.401511439189506
TAGGTTGAGTGTAGAT-1,-5.2569473597945136,-6.951276553233463
TAGGTTGTCAAATGCC-1,-3.7118088877637945,-7.2564202523868
TAGGTTGTCCAGGACC-1,21.814175773296547,5.1040682592244595
TAGTGCATCGGTTAGT-1,-7.643551051551942,-13.76746097938739
TATACCTAGAGGCGGA-1,-8.622794196786932,-14.719689857130787
TATACCTAGGGTACAC-1,-5.617511561106195,-10.357397395398245
TATACCTCAGAATTCC-1,0.5398270762384527,31.524016448103474
TATACCTTCATGCGGC-1,-12.813234609655874,-15.617775611207435
TATACCTTCGAGTCTA-1,-25.410440198162245,-21.426118322254876
TATATCCAGGATTTCC-1,7.812528838497634,10.536690862060903
TATATCCAGTACTGTC-1,-15.002922208421609,-20.863089173518514
TATATCCGTACTTGTG-1,-29.276744783694042,6.107393301346175
TATATCCTCTCCACTG-1,2.273573930564685,16.43227779426507
TATCAGGAGTGTACCT-1,14.545830798423326,-20.150081116571943
TATCAGGAGTTTCTTC-1,-13.040883072241794,-2.548836746884086
TATCAGGTCGGTCAGC-1,24.794476885833607,0.6536807197596959
TATCAGGTCTGTGCAA-1,-25.202615831744325,2.977500742691031
TATCCTAAGGAGTATT-1,21.040244841693898,32.19824533341331
TATCCTAAGTCACAGG-1,-8.02655385851404,-29.545980015488336
TATCCTACAAAGACGC-1,-8.391969081905867,-20.125721859713337
TATCCTACAATGAACA-1,-17.030579895497226,5.793817932960842
TATCCTACAGGACGAT-1,10.944954541885558,-16.063746519582896
TATCCTACAGGATGAC-1,4.065000555759546,37.78889500494639
TATCCTACAGGGATAC-1,-3.1948922075303567,-28.875456490976198
TATCCTAGTTGCAAGG-1,-29.243090000757675,10.747405953769999
TATCCTATCAGTCTTT-1,4.314282005513364,12.325160203675543
TATCGCCCATGCGGTC-1,-4.848350350730348,7.064617617814501
TATCGCCGTAATCAGA-1,-10.158289537699558,-10.826066531819384
TATCGCCGTCCTCCAT-1,13.057252566068,-22.771497597119456
TATCGCCGTCGTATTG-1,9.590658607779188,25.548399572574734
TATCGCCTCACTGCTC-1,-16.49065214258269,-8.112245614616555
TATCGCCTCAGGACGA-1,-5.644026396882813,-19.431921865428592
TATCTGTAGGATAATC-1,8.607310168729722,5.1476482620885236
TATCTGTAGTGCGTCC-1,14.880894527387794,24.913910546999144
TATCTGTAGTTATGGA-1,21.787541440218092,-14.025585526676103
TATCTGTTCCTCGCAT-1,-9.213592676952521,6.996201321161847
TATCTGTTCGCATTAG-1,-11.721279960172065,-3.495697881461777
TATCTGTTCGTTACCC-1,0.11272278079680954,-23.889013334266473
TATCTTGCAACGTATC-1,-0.10722966060967658,38.065542143871916
TATCTTGGTCTTTATC-1,3.79608395235852,32.330995637994455
TATCTTGTCGTCTAAG-1,-2.987269594017721,19.298924544083935
TATCTTGTCTACTCAT-1,1.251058884802687,-34.80097506403149
TATGTTCAGCATACTC-1,-15.199143321002195,-7.221931134584293
TATGTTCCAATAGGGC-1,-19.514861908279677,-10.512805087359503
TATGTTCGTACGAAAT-1,-16.105552012486896,-5.289887893435366
TATGTTCTCCTATTGT-1,-4.024407320387811,27.063796832151702
TATGTTCTCGGAGTAG-1,4.3305531855881005,-28.061061249830377
TATTCCACACAATGAA-1,-18.829325995223634,-10.718192399744991
TATTCCACACATATGC-1,-15.889775656208425,13.897274857784518
TATTGCTAGCTAAATG-1,-35.089959433696734,0.06871456093302182
TATTGCTAGTCGCGAA-1,-20.446199579924848,17.568557657921552
TATTGCTGTAGCACAG-1,-7.318459726489061,-11.055897657612066
TATTGCTTCATCACCC-1,13.29592837723677,5.827937720085371
TATTGCTTCCTACGAA-1,0.5369112109818572,-7.072954694545817
TATTGGGAGCGCTGCT-1,5.334105505872673,-29.25428697739583
TATTGGGCACTTGTGA-1,7.5609879392893,36.89748768398776
TATTGGGCAGATACCT-1,6.985804644921834,33.60841251138147
TATTGGGCATGAGTAA-1,14.85651271165406,-14.348872476435721
TATTGGGGTGTTAAAG-1,12.989794629833373,9.28103418002571
TATTGGGGTTGCCAAT-1,6.75823742199633,-20.431179014553884
TATTGGGTCAGCACCG-1,-5.786387142414821,-34.38435258978579
TATTGGGTCCTAGCGG-1,-11.31642183360452,-21.036174131495073
TATTGGGTCCTCCACA-1,-1.154497721585394,40.46374694636562
TATTGGGTCCTCTAGC-1,20.109648312506074,29.406972831881248
TATTTCGAGAAGCCTG-1,21.40576928927446,-15.440263615291995
TATTTCGAGACAACTA-1,-16.494520689480808,1.3026908179129664
TATTTCGAGACTTGTC-1,-17.050833174405128,16.913862372379025
TATTTCGAGTTAGTAG-1,15.502272309986818,-21.509749764709493
TATTTCGCAATTGGTC-1,-19.343446964818792,7.108224516815253
TATTTCGCAGAGTCTT-1,-18.566693815903864,-15.136677815076796
TATTTCGGTAACACCT-1,-15.570582050768751,5.106680574051999
TATTTCGGTTTCTTAC-1,-0.3294533887945433,5.51043811389898
TCAAGACGTAGGACTG-1,6.166705243854837,-5.698445331853015
TCAAGACGTCTAGGCC-1,-4.895359304758977,-4.6140019338523
TCAAGACTCAAGATAG-1,14.902042487686773,-5.645070009143484
TCAAGCAAGGTCCCTG-1,-0.8630831584117161,27.855535250626836
TCAAGCACAAGCTGCC-1,8.478628279629437,5.777702999589043
TCAAGCACAGGTCTCG-1,4.863556990815987,36.6550903872799
TCAAGCAGTCCCTGAG-1,-19.66750962687118,-0.389959990064472
TCAAGCAGTTGCTCGG-1,25.007714060659048,-19.747701999124327
TCAAGCATCCAATCCC-1,11.84925067428443,29.179214218838826
TCAAGCATCCTGTACC-1,-14.542204722865625,-13.693238317889262
TCAAGCATCTCTCAAT-1,-16.00658200736299,4.823311418707986
TCAAGCATCTTCTGTA-1,-13.451490216883354,4.97825530586198
TCAAGCATCTTGGTCC-1,-30.176188063532617,3.7512602827249433
TCAAGTGAGCAGCAGT-1,14.415503024148004,-2.980282737051936
TCAAGTGAGGCTGAAC-1,6.114896164737437,-24.51685871144937
TCAAGTGAGTAGAATC-1,2.9321791432202624,-34.365456233632855
TCAAGTGGTATAGGAT-1,-12.9552508110534,-16.996861806338778
TCAAGTGGTATGCGGA-1,-11.712149068333202,-5.557277608708749
TCAAGTGGTCCCTGAG-1,-21.511259007473704,-16.016404638658603
TCAAGTGTCGCCAACG-1,-23.558256799187763,-5.883827431354198
TCAAGTGTCTGCTAGA-1,-6.576390489611524,-18.497883998937535
TCAATCTAGATGAATC-1,-17.383762004943872,-2.2816041139468632
TCAATCTAGCAGGCTA-1,-21.656781890623986,8.499231211204682
TCAATCTCACAGCCAC-1,-10.574142576829198,9.879268234003204
TCAATCTCACGGCTAC-1,-15.604103615238472,-13.323104892443268
TCAATCTCACGTATAC-1,-20.18493591532645,7.871893992185831
TCAATCTCAGCGTAGA-1,-26.579408692436978,-3.9864052928540694
TCAATCTCATCGGTTA-1,-3.3328240125529516,-24.81136352470234
TCAATCTGTATACAGA-1,26.01373351346958,-2.5540349346840214
TCAATCTTCGATACAC-1,10.428914442467235,38.978978825845616
TCAATCTTCGCCGTGA-1,-2.6781217837395874,-35.20874177930073
TCAATTCAGGTTTACC-1,13.294638894527331,-15.512600477238298
TCAATTCAGTGCCCGT-1,-9.618922805190387,7.820432494191319
TCAATTCAGTTGAATG-1,-19.711223486325643,-12.817211764639252
TCAATTCGTGCAAGAC-1,5.1430127197233,-21.99043976298308
TCAATTCTCACGGGAA-1,-10.419608493788147,-10.878692659571398
TCAATTCTCTGGGATT-1,0.3908133368263032,36.940505488989366
TCACAAGCAGACGATG-1,-19.04940144626731,-6.465396937684411
TCACAAGCAGAGTCTT-1,-0.1462803384286182,25.039729623863472
TCACAAGCAGCTTCCT-1,4.816075304480669,7.635316050695997
TCACAAGTCCGCTAGG-1,-17.387446700736316,1.8137723175092935
TCACAAGTCCGGACTG-1,22.213969435882618,2.0613292381278874
TCACAAGTCGTCTCAC-1,6.215515575298923,27.34301700304762
TCACACCAGTAATTGG-1,14.368959028382594,-6.672035463074085
TCACACCCAGCACAGA-1,-29.904966588148817,3.5139173623515436
TCACACCGTGAATGAT-1,-17.091000456852523,-21.539464929019584
TCACACCTCAGTCAGT-1,-8.42217017861215,-35.07033903283423
TCACACCTCCGATTAG-1,-11.660736281014,-9.815519075038043
TCACACCTCCTGTAGA-1,8.532598462901447,41.01944205201822
TCACATTAGAAGTCAT-1,-28.60610381279225,4.251489176996755
TCACATTAGCAAGGAA-1,18.582526170049075,-4.76015187645362
TCACATTAGCATGAAT-1,-21.896722761841435,11.603274684730152
TCACATTAGTTGCGCC-1,8.532465311344824,6.034028686149707
TCACATTGTGACTCGC-1,-12.614439669662026,-26.645949185133848
TCACATTTCCATCACC-1,6.821747523154816,24.41697159417179
TCACGCTCACTGTGAT-1,-28.56386269633856,4.935875286793012
TCACGCTGTATGGTAA-1,-14.316983188287063,-24.733840113972576
TCACGCTGTCTTCGAA-1,9.507824320687199,5.679126813497387
TCACGCTGTTGCAACT-1,-5.645108119875905,31.440065766252527
TCACGCTTCATGGATC-1,2.7128705989358033,7.605073928677742
TCACGCTTCCAAGGGA-1,14.008327944748821,-5.771422207259966
TCACGCTTCCTCCACA-1,-2.9283714440978508,30.04666867313295
TCACGCTTCGAGAGCA-1,16.9980799743932,10.444057091467412
TCACGGGAGACTAAGT-1,-8.741388042767735,-24.42007749354045
TCACGGGAGAGATGCC-1,1.4369312026978698,35.86541220945204
TCACGGGAGTCATGGG-1,-1.6024481558148358,-11.441094991587264
TCACGGGCAGAAACCG-1,1.5391737768293192,-8.136957662329033
TCACGGGCATCCTGTC-1,4.288215763859901,38.14169185997678
TCACGGGGTAATTGGA-1,-3.084530142117607,39.29897005819339
TCACGGGTCAGACCGC-1,9.76206064499209,-9.864013307071598
TCACGGGTCTTAGCCC-1,17.235063784755614,12.735830264344942
TCACTATAGACACACG-1,-27.254965200763834,-4.85899661342344
TCACTATAGACTCATC-1,-18.770086915296048,12.647816461749962
TCACTATAGGGTGGGA-1,-3.3685417122966235,-4.677666732714631
TCACTATCAACATCGT-1,2.1843515633758024,11.643335315756804
TCACTATCAGTTAGAA-1,15.184156695284114,-14.362731505131443
TCACTATGTCGAGCTC-1,1.4234758914162728,-31.60248633408248
TCACTATTCCTTCTGG-1,11.567329893789763,43.67338191552165
TCACTATTCTATACTC-1,2.5066606867832877,12.962046918009916
TCACTATTCTTCGTGC-1,-19.208718386285245,3.0188927263118224
TCACTCGAGACCATAA-1,0.6879983529520838,-20.47895841964482
TCACTCGCAATCGTCA-1,-18.446819054784193,-25.35384935116762
TCACTCGCACGCGCTA-1,14.803787962254178,-8.125917323665103
TCACTCGGTCTTCTAT-1,5.066978436275373,-16.767738518311567
TCACTCGTCCAATGCA-1,3.7888074577562003,-36.61484002068324
TCAGCAAAGAGGTATT-1,-5.002577193069114,-0.8370736750192365
TCAGCAACAACACAAA-1,-4.6882318501872176,-9.773609688880885
TCAGCAATCATTCGTT-1,-29.108804318824973,7.080767559558962
TCAGCAATCGACCATA-1,-1.0405725451334873,-29.61686481199432
TCAGCCTAGAGGTGCT-1,11.98230225867751,-15.358905349538006
TCAGCCTAGTTGCTGT-1,25.277293826968375,-14.407935623651305
TCAGCCTCAAACCACT-1,-14.839217215478687,4.71159411147417
TCAGCCTCACACCTAA-1,15.089390626070738,12.652460410754049
TCAGCCTCAGGTCAGA-1,-9.977891421812041,9.534088883565062
TCAGCCTGTACGCGTC-1,9.073795726889292,-24.31390148280728
TCAGCCTTCCATAAGC-1,-16.757270454912067,4.082014253836116
TCAGCCTTCCGCACTT-1,-3.6570086784057034,12.394798994923375
TCAGGGCAGGCACTCC-1,-10.980066058654492,-31.799777270378623
TCAGGGCCACTAACCA-1,1.136870457114042,34.4135570968278
TCAGGGCCATTAAAGG-1,7.038687139509904,17.534284007095152
TCAGGGCGTGTGTGGA-1,3.0367367062701227,-18.38817650462792
TCAGGGCTCGTGTGAT-1,-8.834948535355322,-12.47085865450036
TCAGGTAAGGAAACGA-1,8.529243924294038,-16.61068774048746
TCAGGTAAGGGTACGT-1,15.467893891844142,30.56153177176812
TCAGGTAAGGTAGACC-1,-25.045828296191864,-21.04165831217862
TCAGGTAGTACAAGTA-1,-0.33613144802852857,-31.433250809272902
TCAGGTAGTAGCTTAC-1,-3.1466085779661834,-6.505277631940652
TCAGGTAGTATAGGGC-1,6.995747953316626,26.133846974772432
TCAGGTATCAGCGCAC-1,6.728587199573823,-32.973483432761135
TCAGGTATCGCACGAC-1,-21.85626685082105,-6.384882234174628
TCAGTCCCATTACTCT-1,-1.6323681791658051,-23.33242062543443
TCAGTCCGTACTCAAC-1,-15.900584281213929,-14.841084619567068
TCAGTCCGTCGGAAAC-1,-10.511811981316264,-14.31352857337791
TCAGTCCGTGGTTCTA-1,-9.395068173419045,10.370414794046601
TCAGTCCTCGAGTCCG-1,-1.0444860146821264,9.677260456301783
TCAGTGAAGTGGACGT-1,23.21980022228188,-16.328819627228675
TCAGTGACATCCAACA-1,-21.204267503291284,12.771945345952043
TCAGTGAGTCTAATCG-1,0.4473498415929976,14.55787474848992
TCAGTGATCCAAGCCG-1,2.485405598299706,-10.071258078784943
TCAGTGATCCATGCAA-1,1.0844178392093413,29.819287408099225
TCAGTTTAGCATCCTA-1,13.712103849851468,10.538027414877277
TCAGTTTCATGAGATA-1,1.7210567508741177,-31.071996235810076
TCAGTTTCATGCTGCG-1,-0.3242579573973334,40.05831362007554
TCAGTTTGTAGCCCTG-1,-20.777533870108503,-15.275344020940572
TCAGTTTGTCTGTAAC-1,8.615242007120218,24.713341596255567
TCAGTTTGTGCATTTG-1,2.191400004080387,12.455436400787729
TCAGTTTGTTCTCAGA-1,-25.45568503377793,6.926603555815092
TCAGTTTGTTGTGCCG-1,6.9962178877622145,26.1868993146228
TCAGTTTTCAGGAGAC-1,-6.017159712253616,-30.974933437714807
TCATACTCAATTTCTC-1,13.41528279198821,12.124555983093158
TCATACTGTAGGACCA-1,-15.05579218601762,-5.036907707236406
TCATACTTCAATCAGC-1,5.379604855330098,-27.441322131394042
TCATACTTCCTACGAA-1,-24.804604869887417,9.191921724018401
TCATACTTCTTCCACG-1,-14.65154851041619,7.8274274547815486
TCATATCAGAGCAGTC-1,13.673394411620476,-23.679331562393923
TCATATCAGTAATACG-1,-15.909624141780437,-5.286410734361487
TCATATCCACATTACG-1,-26.91110518047531,-1.6242399315222902
TCATATCCATGACACT-1,-23.00044913391862,-3.9328580067496657
TCATATCGTGCATGTT-1,8.243021315860968,-11.367888545580158
TCATATCTCACAGTGT-1,-17.579099908315513,11.156961386572895
TCATATCTCCTTTAGT-1,-16.719947721331987,1.5822025309323233
TCATCATAGACGCCCT-1,-23.891114428135275,3.3994274195517784
TCATCATAGTCTGCAT-1,-16.50278577692396,6.076529028780037
TCATCATCAAGTTTGC-1,5.238450085391383,10.212022742043402
TCATCATCAATTGCTG-1,10.983997476614537,34.82911290130466
TCATCATGTCGACTGC-1,-10.062441549327216,-23.724872653733655
TCATCATGTTAGCTAC-1,-6.103566084933113,30.97767271241357
TCATCCGAGCATCCTA-1,21.15583964256907,-19.631438815701742
TCATCCGAGGGCCCTT-1,-28.518689514181023,-7.279307066958675
TCATCCGCAGAGAAAG-1,-4.383112090456296,-6.808564731155519
TCATCCGTCAATCCAG-1,-21.002540229160992,1.8451438000003657
TCATGAGCACACCTGG-1,0.4031425549408966,11.686742138372061
TCATGAGCATGGAGAC-1,-7.872657205569169,-15.824690917125064
TCATGAGGTTGGGACA-1,12.834957299913754,24.814618383818473
TCATGAGGTTTGAACC-1,14.8071130369713,7.340563111820232
TCATGAGTCTGAACGT-1,-19.99294970096617,-8.093580529459658
TCATGCCCAATCACGT-1,10.976256188172714,5.03620712291284
TCATGCCCACCCTTGT-1,6.389724425441053,31.88138867066113
TCATGCCCAGACAAAT-1,1.8082869056422737,12.160680157496662
TCATGCCGTCTTCATT-1,11.626556087672283,11.514677179757207
TCATGCCTCCCTTTGG-1,-17.61713734574641,7.031744823892282
TCATGGAAGCTGCCAC-1,4.90567287765665,-5.981671129402679
TCATGGACACATTCTT-1,-12.611166436585977,1.9792482827522009
TCATGGACATAATCGC-1,-7.942271365185494,-18.0370500876142
TCATGGAGTAACTGCT-1,-27.17219668359677,11.409502748493539
TCATGGAGTATGGAGC-1,13.32673578816622,-14.95143589794035
TCATGTTAGACCAGAC-1,-11.739459455392414,-24.869023868678532
TCATGTTAGAGCGACT-1,12.341882257428892,24.229250374484316
TCATGTTAGAGTCGAC-1,19.405068218212843,-15.861597489598202
TCATGTTTCATCGGGC-1,20.344220469964103,2.571407781813246
TCATTACAGCTATCTG-1,12.261317735758608,24.028108787956143
TCATTACAGTCATCGT-1,0.002905430598701181,-5.579893952393
TCATTACTCTCATTTG-1,9.279872181161842,-5.581790693683069
TCATTCAAGGTCGTCC-1,12.359683502627684,32.993537669974216
TCATTCAGTCCACACG-1,3.563005145686732,28.961155279159932
TCATTCATCGTAGCCG-1,-10.935523195578705,-25.746927698461086
TCATTGTAGATGCTTC-1,-13.369630938735193,-13.177280893289971
TCATTGTAGCACACAG-1,-13.992181141158756,14.504747523868277
TCATTGTAGCGATGGT-1,10.464965360867875,-16.621168084553247
TCATTGTAGTCACGAG-1,-24.084379805925195,2.325200193154258
TCATTGTAGTTGCATC-1,-9.987929495916205,19.56368653973842
TCATTGTCACACCAGC-1,-16.46950382063535,-27.81950341052702
TCATTGTGTACGGATG-1,5.761203121225504,19.233252269115763
TCATTGTGTGATACAA-1,-26.488772801158408,-9.227975092794189
TCATTGTGTGTTCGAT-1,-1.684643097796365,-3.288203634536353
TCATTGTTCAAACCTG-1,-30.677589303973974,-5.814420878622211
TCATTTGAGTGCTCAT-1,2.6512566263357806,-28.5502655338513
TCATTTGAGTGTGTTC-1,15.349099486336254,3.761768854107665
TCATTTGAGTTTGCTG-1,-3.6277829387076004,6.531224222393655
TCATTTGCAAGACGGT-1,8.884131972845456,-2.268324604171282
TCATTTGGTGAATGAT-1,11.57686568191798,7.3376622931946
TCATTTGTCAGAATAG-1,-0.8049020913633644,-11.06053548548302
TCATTTGTCATCTCTA-1,-6.533217140311633,17.94772712706115
TCATTTGTCCATCCGT-1,-22.562213388368257,-10.129990083713443
TCATTTGTCGAACTCA-1,-27.62425436021589,2.4907584280646557
TCATTTGTCGACCATA-1,0.6121462822802601,3.151130614324323
TCCACCAAGGAACGTC-1,6.516712237548215,11.85667785648813
TCCACCACAATTAGGA-1,-13.879473465277943,6.838218537596767
TCCACCAGTCAAACGG-1,-5.605792455168443,36.89280268241334
TCCACCATCACTACTT-1,-7.142399264445578,-34.684636033459356
TCCACCATCAGCTGTA-1,25.64279959367726,-16.824996639914254
TCCACCATCGTGGAAG-1,-10.410049636722086,-10.600548176061283
TCCACCATCTAACGGT-1,11.918988028520275,43.73720159773015
TCCACCATCTTCGGTC-1,-17.926795794557734,-4.710676990123635
TCCACGTAGGGCAACT-1,-13.090792798523845,-27.126067438270653
TCCACGTCAAAGAGTT-1,5.10085642375176,36.77808786317129
TCCACGTCATACACCA-1,-13.982651581312764,1.1492200202033918
TCCACGTGTGAGTAGC-1,-3.0968220185162814,34.82852323287044
TCCACGTTCCGAGAAG-1,19.29286429584596,6.167259630867423
TCCACGTTCCGCGATG-1,12.464004433134097,35.96888638247019
TCCACGTTCGAACCAT-1,-6.945031743809743,0.5864430225213797
TCCACGTTCGTACCTC-1,15.937624432448061,3.2817655024734766
TCCAGAAAGGTAGTAT-1,19.793749612114446,-11.165050585391365
TCCAGAACAAATACGA-1,6.870427124510885,43.389264416929095
TCCAGAACAGTATACC-1,-23.688427843168917,8.656951226014206
TCCAGAACATGGGAAC-1,-7.902356174267595,-5.460265840493846
TCCAGAAGTACGATTC-1,-0.8344758346333268,26.96966796727109
TCCAGAAGTTCCGCTT-1,-20.06651269088805,-15.803732000359702
TCCAGAATCTTAGCCC-1,-4.936221647670438,15.116608856791053
TCCATCGAGACCCTTA-1,-8.887898299613934,-22.289467961697127
TCCATCGAGACGAAGA-1,7.510272068933752,35.713646214901445
TCCATCGCAGGCGATA-1,-6.88089793895767,0.16389000367498185
TCCATCGGTAATTGGA-1,0.8856551080307092,-34.300830003035976
TCCATCGTCAGTGGGA-1,7.526463296567688,37.69188690665221
TCCATCGTCATGTCAG-1,-22.680677292008163,-4.685157127162628
TCCATCGTCCCGTAAA-1,-10.025289513674918,-1.053073006989211
TCCATGCGTAGCGTTT-1,3.295816252368767,17.34344381385077
TCCATGCGTTTCCAAG-1,-14.026958435479774,-12.207705576570644
TCCATGCTCACTCTTA-1,-12.231936049344837,-17.605922314471826
TCCATGCTCGTCCTTG-1,-29.973813826378848,9.187069287226677
TCCATGCTCGTCTCAC-1,-4.529538699941642,30.014734076068372
TCCATGCTCTGCAGCG-1,7.808133536881773,-34.79851705870172
TCCCACACAAACCACT-1,-13.654326619844756,3.7377466475008436
TCCCACACAGGCTACC-1,-7.639035593941693,-13.71847734313217
TCCCACAGTACCAGAG-1,12.777218938379702,8.018155274855369
TCCCACAGTGAAGCTG-1,12.092603436959433,37.78791933557079
TCCCACAGTGTCATTG-1,-16.11604639636391,-14.656240322804987
TCCCACATCATGGTAC-1,12.737806981537474,10.037815702568516
TCCCACATCTCGGGAC-1,16.17387375075279,11.474376740624068
TCCCAGTAGACGGTCA-1,-3.334220784110624,-5.6718199833142675
TCCCAGTCAAAGCGTG-1,6.979056072685761,-24.42056544443802
TCCCAGTCACTATGTG-1,-32.320371922737266,-0.8463822557052193
TCCCAGTGTCTCAAGT-1,3.022461395062005,8.438515658208296
TCCCAGTTCCATCTGC-1,-3.925156875017403,-1.8623764789303305
TCCCATGAGTTTGGCT-1,1.4530077694995382,-24.79991279166083
TCCCATGCAGATACTC-1,-14.025054804850788,-10.946689533005365
TCCCATGGTCCTACGG-1,21.556343829269,-8.160535890273406
TCCCATGGTGGCCACT-1,-0.868236051384324,32.72740912036166
TCCGAAACAATACCCA-1,-4.784761810014819,28.085549916534372
TCCGAAACAGTTGAAA-1,-2.1389976368747172,24.67891910327292
TCCGAAATCCGTTTCG-1,-2.783575020023112,20.3219330636641
TCCGAAATCTAGGCCG-1,-2.7994829905288126,28.399158606559293
TCCGATCCAGTAGAGC-1,27.083482266131348,-4.087793568194102
TCCGATCCATCTTTCA-1,-11.713085725850766,19.17297147573179
TCCGATCGTACCTAAC-1,-28.82164772868087,6.016994438514392
TCCGATCGTACGATTC-1,-10.477948332254496,-14.29229249558515
TCCGATCGTCTGATAC-1,2.845056948729855,31.475046675538717
TCCGATCTCGTAGCCG-1,-25.882652133550394,-11.90485168720667
TCCGATCTCTGAGTCA-1,8.894717743958385,12.044939634513156
TCCGGGAAGCGGACAT-1,6.8442561882068755,27.58714467696807
TCCGGGACAAGACAAT-1,11.613992434186011,41.666388673185615
TCCGGGAGTACTGGGA-1,22.41942282646467,-8.115553390600809
TCCGGGAGTACTTCCC-1,13.665179658897786,-23.74036321618576
TCCGGGAGTTCAAAGA-1,22.9779668270072,4.4201673697348784
TCCGGGATCAAAGCCT-1,12.485956819808486,10.084017679835059
TCCGGGATCAGGAAAT-1,12.137439880554378,23.34423722934532
TCCGGGATCCACTAGA-1,13.171630785069066,-29.228040647174915
TCCGGGATCGTGGAAG-1,-13.23380791148602,-23.94337297180377
TCCGTGTGTCTCGCGA-1,5.435030029310768,5.434725066520981
TCCGTGTGTGAACCGA-1,23.250394921028853,-7.85136462383827
TCCGTGTTCGAGCACC-1,3.0261064375914244,16.060773005048254
TCCGTGTTCTGTGCGG-1,-4.690021408424348,-19.226470294422153
TCCTAATAGTCGGCCT-1,6.111594363639774,-25.277260888483355
TCCTAATCATAACGGG-1,6.205265667931961,28.635288589227613
TCCTAATCATACATCG-1,-26.144345033872057,9.110883535309254
TCCTAATGTCTTAGTG-1,14.951361383057677,-10.527654468056115
TCCTAATGTGCCTGCA-1,20.260547576078938,9.683429485127188
TCCTAATTCAGCTAGT-1,-8.751599715619061,-25.398239772808438
TCCTAATTCCTTATGT-1,17.802438483937692,3.5821898477011787
TCCTCCCAGGCGTTGA-1,15.136786437149267,21.971400000473842
TCCTCCCCAAGGTCTT-1,3.9743565964894505,3.9661346357387726
TCCTCCCGTCCGATCG-1,-13.839280573153122,-12.29793865251711
TCCTCCCGTTTCCATT-1,-15.997042505591441,15.98302244855508
TCCTCGAAGAGAGCAA-1,16.80078602021907,-17.054311701320557
TCCTCGAAGTGAGTTA-1,-11.469160971144936,-28.893670498725736
TCCTCGACAACACAGG-1,-0.31789031260643724,11.200995023755967
TCCTCTTAGTAGACCG-1,1.9613412857585153,27.778362785947497
TCCTCTTGTCTGTGGC-1,1.8862765072173286,31.183543699482254
TCCTCTTGTGCGGTAA-1,-6.005134277366931,-31.182828082073762
TCCTGCAAGCTCGCAC-1,-22.465334553550527,-14.770915532777929
TCCTGCACACAACGAG-1,-23.647449773263144,8.985633179446628
TCCTGCATCAGACCGC-1,-27.70403270081266,7.884032202797882
TCCTGCATCCAGCTCT-1,15.611038131544541,9.94799023746724
TCCTTCTCAAAGACGC-1,-10.222709538468306,-2.8180896318932187
TCCTTCTGTAAGGAGA-1,21.62653085737416,-19.12635702712213
TCCTTCTGTGTGAGCA-1,-9.163544141597256,-34.73427434521068
TCCTTCTGTTGCATGT-1,-9.04720709710375,19.466855692496114
TCCTTCTGTTGCGGCT-1,-1.182335751316768,7.81937987854678
TCCTTCTTCAAGGAGC-1,12.071440486773643,25.881216868906684
TCCTTCTTCAGACCTA-1,21.836158182326127,3.5714410328647452
TCCTTCTTCCGCAACG-1,10.00514248147821,-33.597255651400744
TCCTTCTTCGGTCGGT-1,13.176785768141901,37.134187975692356
TCCTTCTTCTCGGTCT-1,21.476032643948955,-6.060707063555103
TCCTTTCAGGAGATAG-1,20.870466240396368,2.5839333961537876
TCCTTTCCACGGTCTG-1,-11.09186101578093,10.152173995087143
TCCTTTCGTAATACCC-1,-13.132256410994664,-15.864119458801124
TCCTTTCTCACCTGGG-1,-4.272823289749379,-2.0677364589745557
TCCTTTCTCCCATTTA-1,-10.582617176657616,1.7986227726600414
TCCTTTCTCTTCACAT-1,-17.247716191649275,0.8115858263899931
TCGAACAAGCAGCACA-1,0.9085797843314868,34.8017646154353
TCGAACACATAGATGA-1,20.206015280269465,-4.595934853014809
TCGAACAGTGTGTCCG-1,17.689979865753255,10.576306738554313
TCGAACATCCCAGCGA-1,15.056352112033352,24.74439862146999
TCGAACATCGTGCTCT-1,13.922471554781525,2.2957764154333997
TCGAAGTCAATCCTTT-1,-18.94978774580823,2.913853994304697
TCGAAGTGTCGACTTA-1,-1.3580099385764308,-30.099794315974997
TCGAAGTGTTCTCCCA-1,13.137986974961883,-15.601292988509273
TCGAAGTTCAACTACG-1,9.836006655096014,4.840426894844599
TCGAAGTTCTTCCCAG-1,-15.715515620459072,-24.409416716670755
TCGACCTAGGCCTTCG-1,-0.18992597661723828,32.0797998162892
TCGACCTAGGTTATAG-1,-18.830038909466047,6.098369836121829
TCGACCTCATCGCTGG-1,-32.0638415216353,0.3490374552435432
TCGACGGAGGGAGTGG-1,7.118224078282979,-18.555129630409322
TCGACGGCAAGAGGCT-1,1.1481093229457198,-14.874654251355777
TCGACGGCACTTGAAC-1,4.0958169958313215,20.711577066137774
TCGACGGCATAGATCC-1,-0.576906537938875,26.846624939822867
TCGACGGGTATAGGAT-1,18.884558774347926,3.307643110106047
TCGACGGTCAAATGAG-1,10.228946392162998,-18.137626114156102
TCGACGGTCGCTAGCG-1,8.210751069377652,-18.30131549169389
TCGATTTAGAATCTAG-1,-3.318226167819262,-32.36401006465137
TCGATTTAGACGCAGT-1,10.220070424361992,20.150639495885574
TCGATTTTCAATCCGA-1,10.228831344667192,35.8666009530283
TCGCACTAGCGCCATC-1,-16.78004259304378,15.283051625850533
TCGCACTCAGTGGCTC-1,1.9987096237024768,-7.575860019112519
TCGCACTTCACTGAAC-1,9.062670545200648,42.58799335133136
TCGCACTTCCATACTT-1,-14.577879803270537,-11.376923092846496
TCGCAGGCACAACCGC-1,-10.576167634382642,-24.621928121425093
TCGCAGGGTGCTCTCT-1,8.071350528809244,39.803859075720226
TCGCAGGGTTGGCTAT-1,-8.008707089100266,1.6087134810342316
TCGCAGGGTTTACCTT-1,-8.887296867638344,2.5658246882153937
TCGCAGGTCGTGCATA-1,20.07188824424754,-21.084725133440223
TCGCAGGTCTACTCAT-1,1.230121066860555,30.07125557582828
TCGCTCAAGAATTCAG-1,-1.7204201669539074,6.752738547142262
TCGCTCAAGATACGAT-1,-20.833173582810982,10.516097072606547
TCGCTCAAGATGGCGT-1,-7.785783195626962,-2.0856793625755032
TCGCTCAAGTGCTAGG-1,5.415935249906609,-0.1449220815872104
TCGCTCAAGTTTGAGA-1,15.529498877806624,-17.11726897761346
TCGCTCACAATAAGGT-1,14.019893967295982,-13.305362874350893
TCGCTCACAATTGCTG-1,5.870759189473499,4.936228476579113
TCGCTCAGTCTTGTCC-1,3.4569505431248797,-17.123638030868797
TCGCTCAGTTGCCTAA-1,16.300324565642164,3.3851604510877156
TCGCTCATCGATCCAA-1,14.941499249423796,38.045377379632306
TCGCTCATCGTGCAGC-1,1.5398932609234324,26.989760293587747
TCGCTTGAGAGAAGGT-1,5.567986697798286,19.10806014220916
TCGCTTGAGAGAATCT-1,-12.081841495517432,14.02980044209983
TCGCTTGAGCAGATAT-1,-17.98217263137456,-8.904803878744406
TCGCTTGAGTCTCTGA-1,19.277058806480884,31.06378546514026
TCGCTTGGTCATCTAG-1,9.309344269108076,0.14828444814905417
TCGCTTGTCAGGAAAT-1,-0.21320770959363994,25.02109232415235
TCGCTTGTCTTCGGTC-1,-2.4314545461841894,24.710094995603008
TCGGATAAGATTAGAC-1,11.828109091719039,9.00515350201176
TCGGATACATCGGAGA-1,-13.25429248007197,-22.55351908073614
TCGGATAGTCGATTAC-1,5.683958092537388,-30.372934202569724
TCGGATAGTTGATCGT-1,19.549430352675518,-20.49895634749281
TCGGATATCTAACGGT-1,-24.405653181506796,12.232920670876478
TCGGGACAGCCTCACG-1,4.060498837132597,26.040095945950476
TCGGGACAGGCGCTCT-1,3.1322745706627932,36.8036896132691
TCGGGACCACTACTTT-1,-3.589703002185792,-33.11958468642518
TCGGGACTCCCGAGAC-1,24.729478573498227,-16.44758617375612
TCGGGCAAGCAAGGAA-1,3.7315962440932937,20.399166103348975
TCGGGCACACCTATCC-1,-5.747125893439914,-23.78153617144448
TCGGGCACATGCAGGA-1,29.594654955442874,-8.96957822849868
TCGGGCAGTACTCAAC-1,-2.108933496060341,-13.014524870262889
TCGGGCAGTCGTAATC-1,8.425967379232382,26.01133648453572
TCGGGCATCAGTCCGG-1,-30.85961473941381,-4.265339965909531
TCGGGTGAGACTGGGT-1,-11.004395809349278,18.210903381711148
TCGGGTGCAATTCACG-1,5.642682559196661,-13.048066936365716
TCGGGTGCACCTTCCA-1,15.987856396775813,-18.723699014592075
TCGGTCTAGTAGGCCA-1,17.26506809266162,0.5111051358993223
TCGGTCTCAAGTATAG-1,24.35585129857715,2.09266506363876
TCGGTCTCAAGTCCCG-1,-30.48739768319977,1.402486078533941
TCGGTCTGTACCTGTA-1,12.579526102710448,-4.714315825204458
TCGGTCTTCCTTGGAA-1,12.287181222826424,-6.351913635198411
TCGGTCTTCGTGCACG-1,-6.145081280665976,-19.8814745101818
TCGGTCTTCTTGCAAG-1,-2.1624398303732697,-6.325624856229876
TCGTAGACAAGAATGT-1,15.189885797574819,-10.000626585034091
TCGTAGACAAGAGCTG-1,20.103476225856326,-12.602957263411165
TCGTAGACAAGAGTAT-1,9.780323241385146,8.771686999722615
TCGTAGATCAGAGCGA-1,-0.7886127966810407,-34.90385298946532
TCGTCCAAGCCTGGAA-1,-10.95091157051547,-32.767189573263686
TCGTCCAAGTCCCAAT-1,-5.197969739107659,0.24531945268384836
TCGTCCACAGAGGCAT-1,-32.577887358928834,-3.1905289213435424
TCGTCCACATAAGATG-1,15.073910064851063,-0.7488644619070699
TCGTCCAGTCGTGTTA-1,3.213841199739166,17.83730538171899
TCGTCCAGTGGCACTC-1,-8.621936159810362,-17.191451330755818
TCGTCCAGTTCGATTG-1,11.91827244220526,28.183804965770616
TCGTCCATCATCTATC-1,-4.766406536739976,-19.60220053526109
TCGTGCTCATGGCTAT-1,11.447036740992523,-13.53326549292421
TCGTGCTGTTTGTTCT-1,4.1091695103452235,39.168885475149985
TCGTGGGCAAAGGTTA-1,20.230674327101134,-24.071317988110753
TCGTGGGTCTAAACGC-1,17.189483914732328,-11.959301695824498
TCTAACTAGGGCCCTT-1,-1.244750476009208,5.185727300292197
TCTAACTCATCCGCGA-1,-23.074917426558073,1.4385908009950643
TCTAACTGTCAGGTAG-1,1.2391417218723586,-9.256097336482128
TCTAACTGTTCTTGTT-1,3.4975710702848914,11.416336633570648
TCTAACTTCCTACGGG-1,-20.338557703174242,2.932728297912462
TCTACATAGACTTAAG-1,-9.807518426260046,-24.650449248558825
TCTACATAGGATAATC-1,9.512363081824518,29.506165620146298
TCTACATCAGAGTCAG-1,-27.796486500697352,6.517731162973065
TCTACATCATCGTGGC-1,14.192759746420784,30.699644056420766
TCTACATGTACCGTGC-1,-7.522031872463382,-30.845547668511667
TCTACATGTAGGTCAG-1,8.35012697215841,0.35288076298319443
TCTACATGTATCGTTG-1,-26.63975724036018,7.602288923023861
TCTACATGTCCAACGC-1,-2.0872912157596457,5.440056297781917
TCTACATGTGCTATTG-1,1.3781344952013872,-3.2382852457293567
TCTACATTCGGAGTAG-1,11.739327459113767,-13.557244254764392
TCTACCGAGTACTGTC-1,-6.27286150028386,-20.0479379755145
TCTACCGAGTTGCTCA-1,-13.77654264351869,-16.168493760924093
TCTACCGCACCAGTAT-1,-17.23210409196633,-25.640079120930018
TCTACCGCACGAAAGC-1,-15.502563144519707,-12.620439789790968
TCTACCGGTGAGTGAC-1,23.050502304297897,-16.237257494845938
TCTACCGTCGTTAGTG-1,11.498178336154295,30.186482200326967
TCTATACAGGTTAGTA-1,1.544059292796733,14.40469300476463
TCTATACCAGTTAAAG-1,-3.8958965135041725,31.81496680883576
TCTATACGTGGCTGAA-1,-18.846938115651557,15.443813800152135
TCTATACGTGTCTTGA-1,9.721365690217842,6.436507021192853
TCTATACGTTCTCCAC-1,-4.639660042193412,28.02370100901178
TCTATACTCACGAACT-1,-27.52732572916995,-6.443937522500353
TCTATACTCCTCAGAA-1,-6.672958981492259,6.732927722329705
TCTATACTCGCATTAG-1,3.019494475895805,-4.476557756196438
TCTATCAAGATGACAT-1,-6.68850406665738,-9.769937466918753
TCTATCAAGGAGCAAA-1,-4.793603181949029,-6.874703532244488
TCTATCAAGTCGAATA-1,17.990591635603405,12.791325194797768
TCTATCACACATTACG-1,0.933582723284043,13.412482058586649
TCTATCAGTAGACTGG-1,-2.9123290658111225,24.57712433175806
TCTATCAGTAGCTAAA-1,9.08799144997698,1.488555897776717
TCTATCAGTGAAAGTT-1,9.260954204751293,27.962479117991347
TCTCACGAGGTAAGTT-1,-1.4676437696677418,-23.154399875196006
TCTCACGCACGGTGAA-1,-2.359661655947196,1.2299069952785764
TCTCACGCAGGCATTT-1,-5.797145249895525,10.837658074971948
TCTCACGCAGTTGAAA-1,4.58045076089478,7.823670205723866
TCTCACGGTAGCGTAG-1,14.762937012013897,31.56286308110782
TCTCACGGTATTGGCT-1,-16.180860783591193,-7.359264087293525
TCTCACGGTCTAGTGT-1,-9.781356741215747,-17.44770289843386
TCTCACGGTCTGATCA-1,-28.922649613921482,-5.088096537292876
TCTCACGGTTCAAACC-1,-4.630360239384084,-6.7596279235789
TCTCACGTCGGTCATA-1,19.293247834412206,-12.099732331707244
TCTCACGTCTCCCTAG-1,-31.41187745341956,2.245023494290288
TCTCAGCAGAAACTCA-1,-20.8146789984181,4.155227604816177
TCTCAGCCACCGCTAG-1,-17.71104664057082,-8.939687876191687
TCTCAGCGTCACTCTC-1,-9.785308621594265,-0.20162602152452275
TCTCAGCGTGCCTATA-1,15.592495901467275,10.944495266738034
TCTCAGCTCACTGGGC-1,-7.683357845869134,0.699173831311801
TCTCAGCTCTGGACTA-1,-1.5845260015259552,28.948886304659123
TCTCCGACATAATCGC-1,-10.422005907705218,-24.230576000829835
TCTCCGAGTACTAAGA-1,-6.419003740910203,-7.0072792050409225
TCTCCGAGTTCCTAGA-1,9.10445233748675,7.120583705430199
TCTCCGATCGGTCGGT-1,10.242437181960076,-28.032697531240927
TCTCCGATCTTTGCAT-1,-4.506617752322793,-23.938211359358444
TCTCTGGAGCATTTCG-1,-18.552429786265975,-22.50478560247997
TCTCTGGAGCCTATCA-1,11.936822600505849,11.534440356481115
TCTCTGGAGCGCGTTC-1,11.84736549700505,34.124399229706796
TCTCTGGCACAATGCT-1,-7.252253223373453,-18.192407443644054
TCTCTGGGTAGCTAAA-1,11.566529977885901,33.28233710790662
TCTCTGGGTGGCTGAA-1,-1.1146062922557785,30.786611215668643
TCTCTGGTCATAAGGA-1,-1.6743257519527557,34.88397380272073
TCTGCCAAGGACGCTA-1,-18.606452761251777,13.366449080958079
TCTGCCAGTCATTCCC-1,5.51143579912871,-1.859654968570178
TCTGCCAGTGTTGATC-1,-3.0776713634036965,-12.894672875366597
TCTGCCATCCGCAGTG-1,-3.8071672604469664,-0.3977917155406916
TCTGCCATCGCGAAGA-1,29.666242283246536,1.2692024953873968
TCTGCCATCTAGATCG-1,4.928205269058024,1.1575185592654247
TCTGGCTCAAGCGGAT-1,-12.462783367357941,-29.054978913496583
TCTGGCTGTCTGCCTT-1,-12.544897971630178,2.8936274839576672
TCTGGCTTCAGCGCGT-1,-11.129784918815954,-12.667221849039715
TCTGGCTTCAGGAAAT-1,-5.795294338110128,-35.229833059344294
TCTGTCGGTATGGGAC-1,23.32385843600662,-1.829062153080729
TCTGTCGGTGTTAGCT-1,-1.4031022035070069,30.103766148082446
TCTGTCGTCCTAGAGT-1,9.557622291902687,27.832433297326553
TCTTAGTCAAGAAATC-1,18.740507091018497,-18.091716978677706
TCTTAGTCAATACCCA-1,8.043405464485906,-14.915795141708655
TCTTAGTCATCGGATT-1,9.385906348093256,37.82260544070193
TCTTAGTGTAAGACCG-1,3.9428497606963866,-6.265764571374414
TCTTAGTGTATCGGTT-1,15.717936622153397,29.415691474638397
TCTTAGTGTATGTCTG-1,4.015433580922757,-6.3794120875597295
TCTTAGTGTCGTTCAA-1,10.839018557466593,24.691551759488597
TCTTAGTTCGAAGTGG-1,16.095936544118675,27.340880655680287
TCTTAGTTCTGGGTCG-1,19.51670709525016,-14.69406261142716
TCTTAGTTCTGTACAG-1,13.001980054458098,-18.296045894437814
TCTTAGTTCTGTCCGT-1,-10.577414934203812,4.050523551293906
TCTTCCTAGAGGGTGG-1,6.372592075719918,-28.398597780874123
TCTTCCTAGGGCAGTT-1,-3.129304334926094,31.354582806710017
TCTTCCTCACAGCTTA-1,-14.501311620616532,1.8053280313619662
TCTTCCTCACCGTGGT-1,-12.767559939639222,3.5425636956892204
TCTTCCTTCATGAAAG-1,-24.95372965590886,1.5152448997809347
TCTTGCGAGCACGATG-1,14.078011604124741,7.690655527817043
TCTTGCGAGTGGAATT-1,12.652510009688537,33.80321375325423
TCTTGCGCAAAGCTCT-1,9.488314869281925,11.825106937485632
TCTTGCGCATCTTTCA-1,8.143859333355612,21.560796195052678
TCTTGCGGTAACCCGC-1,-23.414140381763776,12.133799800190769
TCTTGCGGTGCCGAAA-1,6.002451759809321,-21.995698861519433
TCTTGCGTCACACCCT-1,-12.708847651216269,17.36818253224544
TCTTTGACACCAGACC-1,17.625881329870104,32.351047355595036
TCTTTGAGTCGCATGC-1,-25.781459808894944,-11.986113876320557
TCTTTGAGTGTTCCTC-1,8.343402705185504,18.37725811231108
TCTTTGATCAAACGTC-1,18.806681006280566,-20.577743206103037
TGAACGTAGTACAACA-1,-15.223697615219713,-31.80252115927973
TGAACGTCAATTCTTC-1,-4.82278594794984,-15.46114679272974
TGAACGTCAGAACATA-1,-21.766864847335913,12.325722375405855
TGAACGTCAGTAACCT-1,-3.850076252499154,33.8118516544719
TGAACGTCATCTGCGG-1,-27.519689348995456,2.342600903841605
TGAACGTTCCATAGGT-1,-12.82832519351894,-12.550620937426597
TGAACGTTCCTGCCAT-1,-10.96558279764226,5.927000036058358
TGAACGTTCGGTCATA-1,-1.295759996450773,-16.6083071140181
TGAATCGAGACTAAGT-1,-26.133470713241792,-5.093229830631293
TGAATCGAGATCACCT-1,6.263915613647717,40.5425575560377
TGAATCGAGATCCCAT-1,11.362896298441512,18.294825935703646
TGAATCGAGCATATGA-1,-0.42154863936857145,4.820505706471344
TGAATCGAGCCAACCC-1,-15.085522908006874,3.5378702754273257
TGAATCGCAATTTCCT-1,20.035036519258032,9.911289352863593
TGAATCGGTAGAATAC-1,17.25571261812933,-0.5660046092221057
TGAATCGGTGAGCCAA-1,8.153415947722786,-25.055130972402342
TGAATCGTCGACCAAT-1,23.237880856717638,-2.6795233383834103
TGAATCGTCTCGTTTA-1,10.906286393404818,-9.768791873382147
TGAATGCAGGCAGGGA-1,13.35498028949295,4.651327448518662
TGACAGTAGGGAACAA-1,-27.552246256152877,3.7342781183089415
TGACAGTAGTGCGCTC-1,5.95804964473401,34.95644911179142
TGACAGTGTACCATAC-1,-4.105279053802289,5.569121581778266
TGACAGTGTAGCTGCC-1,15.261894918594237,24.456551952552925
TGACCCTAGGCCTGAA-1,-0.4276213187572327,30.51978626469106
TGACCCTCAAGCGAGT-1,-4.449240349189527,-27.00874099959408
TGACCCTCACAGTGAG-1,-3.480321178771413,31.883786635841545
TGACCCTCACGACAGA-1,4.8432748399719,-6.016041595894612
TGACCCTCACTTGAGT-1,-24.762246618071895,1.0553680337343552
TGACCCTCATGTGACT-1,12.77563349114664,37.09924128762789
TGACCCTGTTAACCTG-1,-16.086643920349932,1.5820551112873362
TGACCCTGTTATAGCC-1,17.334508839261446,12.90342115957903
TGACCCTGTTTCCAAG-1,-30.538091742894224,3.705914832022836
TGACGCGAGACCAGCA-1,-30.0929922434256,9.578575305650935
TGACGCGCATGCGGTC-1,-30.813867083467244,-4.359974967697904
TGACGCGGTAGATTGA-1,5.08640930088186,0.9951127370107418
TGACGCGTCCAGCCTT-1,-1.9461607553781815,17.1144372625059
TGACTCCAGCTCATAC-1,-0.3761322901261563,39.06860561330031
TGACTCCTCAAGAAAC-1,-19.701619313568546,11.201786871104378
TGACTCCTCACATACG-1,-27.935581633843245,0.760957335752268
TGACTCCTCCCTCGAT-1,4.636333818412752,29.195360737282584
TGAGACTAGTCACTAC-1,4.952581978797056,29.68971612804066
TGAGACTCACTGAGTT-1,-2.5082301780310847,4.262861610131331
TGAGACTGTGACTCGC-1,11.849902634249226,-0.2115218634768197
TGAGACTTCATGCGGC-1,-9.607986421669002,-21.320899784883203
TGAGACTTCCACATAG-1,13.727065420103429,31.654091171989045
TGAGCATAGCTCAGAG-1,26.911759231505506,0.23968243514433527
TGAGCATCAAAGCGTG-1,11.8823156403845,8.521279605807509
TGAGCATGTCAAGGCA-1,15.363224603449861,5.891467725166076
TGAGCATGTCGCATGC-1,8.656705564275516,-0.5335042499320723
TGAGCATTCCGAGCTG-1,3.8988937615693082,-4.726440512493708
TGAGCGCAGCCGAATG-1,2.8423201941549916,-34.87565428764819
TGAGCGCAGGTCCGAA-1,10.953896285815958,25.40566103323361
TGAGCGCCAATATCCG-1,29.543962869585666,5.865586392711126
TGAGCGCCAGGAATAT-1,8.183617732739592,-11.516336317100446
TGAGCGCCATGATCTG-1,-7.7033542631176495,-33.07410421891623
TGAGCGCGTACCTTCC-1,10.360634246376648,-15.877888264161376
TGAGCGCGTACTGGGA-1,-15.256066206063762,-20.180496418091813
TGAGCGCGTGCAACAG-1,17.586643156797972,-18.212065786327063
TGAGCGCGTTGCTCAA-1,6.4132502135406995,28.792984243085172
TGAGCGCTCATACAGC-1,21.748582537987797,-0.934313954954264
TGAGCGCTCCATCACC-1,-22.268802262854688,14.592245750610475
TGAGCGCTCGAGTGGA-1,13.882611423342732,-18.72106915753821
TGAGGGACACGTGAGA-1,-12.236349538892929,-8.79896550029852
TGAGGGAGTGTGATGG-1,27.255587681015665,-4.889900304113076
TGAGGGATCAACTGAC-1,-0.3176046565025417,34.25223153547576
TGAGGGATCCGTATGA-1,7.50600350128424,-10.134723849372712
TGAGGGATCTGTCCCA-1,-24.655853568324698,0.9556981204284716
TGAGGTTAGAAACTGT-1,5.464876775218732,-25.77966208387934
TGAGGTTAGACGCTCC-1,10.299507949340153,-17.94860318756977
TGAGGTTAGTATAGAC-1,4.177791866650964,33.81486711803493
TGAGGTTCACGCTTAA-1,5.524043571362842,-6.2758037262366955
TGAGGTTGTCACTGAT-1,21.766899070529124,1.352106589775918
TGAGTCAAGAATAGTC-1,-3.268898377760895,26.586437230782426
TGAGTCAAGGAGAATG-1,-8.132959391477565,-11.732628176718034
TGAGTCAAGGCCGCTT-1,0.8737411169555933,38.858170363486984
TGAGTCACACGGTAGA-1,-4.769549252172864,1.0272738921968991
TGAGTCAGTATAGGGC-1,-21.8087912274185,-19.878373783209422
TGAGTCAGTCCAAGAG-1,5.921454327566608,35.61900672272603
TGAGTCATCCAACTGA-1,-17.62463506745521,-15.079826173839741
TGAGTCATCGCTAATG-1,6.9151751383216045,19.735223441424164
TGAGTCATCTGGAAGG-1,16.698625432071378,25.736836802908982
TGATCAGAGTAATTGG-1,5.870743948380903,30.730767410389298
TGATCAGAGTAGAATC-1,0.5133691598664215,40.90893803902077
TGATCAGCAAGTTCCA-1,19.576786574559385,-22.75106451751252
TGATCAGGTTGGGCCT-1,13.986229671740547,-17.372952476776597
TGATCAGTCCCTTGGT-1,16.303256128971096,32.66890748951793
TGATCAGTCTGTCTCG-1,13.195275053922526,-30.98958335405836
TGATCTTAGCAAATCA-1,16.83394697989318,-1.5412665128066139
TGATCTTAGCATGCGA-1,22.508559339160083,-8.054392240577277
TGATCTTCACTTGGCG-1,22.47346650196178,-13.652205865677352
TGATCTTGTGCTCGTG-1,25.875404206479345,-3.9956905666317515
TGATCTTTCGCTCCTA-1,-4.737911256550556,17.187024758287407
TGATGCAAGACGGTTG-1,-11.71450682409538,-25.262081798183335
TGATGCAAGAGTGTGC-1,17.38093064313746,-25.670774562850358
TGATGCAAGCCGGATA-1,-11.614356985036395,-18.83164085615509
TGATGCAGTGTGAATA-1,-14.687858127855339,-18.11262807277096
TGATGCATCAGACAAA-1,-7.257806779299161,-3.3069600134160333
TGATGCATCAGTCACA-1,5.222045068714646,-29.119083351172893
TGATGGTAGGAGGCAG-1,10.904399996712629,-29.81160448300349
TGATGGTAGTCCTACA-1,-21.4434738335037,-18.068557226654974
TGATGGTCAAATGGCG-1,14.842679140375088,31.955868035995675
TGATGGTGTTCAAGGG-1,2.2713545336929837,-13.728695004114053
TGATGGTTCATTGTTC-1,-3.070658199398553,-33.99284438689225
TGATTCTCACTGTCCT-1,-5.378223261681649,-0.9893868260719139
TGATTCTTCAACACGT-1,-15.756832424960681,18.05302689855224
TGATTCTTCAGTGTTG-1,6.430918615624117,11.112778778851341
TGATTCTTCCCGAGGT-1,3.6367707436770798,42.09742286694623
TGATTCTTCGCTCCTA-1,-12.363390667411137,4.390826954117218
TGATTTCAGATAGTGT-1,-0.631481353174014,-9.914525284187569
TGATTTCAGTACTGTC-1,8.58626055174625,22.07994015962943
TGATTTCCAATCACGT-1,21.365492961719735,12.365497319310075
TGATTTCCAATTGCTG-1,8.348404275745082,32.26441067403402
TGATTTCCACCCAAGC-1,-8.359149639536227,-3.9483859727278108
TGATTTCGTAGTTACC-1,13.925926793722503,7.795809636306028
TGATTTCGTGGGCTTC-1,11.981881574985454,-7.582910185971717
TGATTTCTCGAATCCA-1,2.60053446695036,-26.820522474151336
TGCACGGCAAGGGCAT-1,-16.619744393405085,-22.9226046125227
TGCACGGGTACTTCCC-1,13.545705367886852,-13.872779295513872
TGCACGGGTTGACGGA-1,5.756306633069071,-25.945693437674006
TGCACGGTCACTCCGT-1,23.825766615677143,3.2762405770494016
TGCAGATAGCGGATCA-1,-5.148515797394789,-34.913611064677085
TGCAGATAGTTCCTGA-1,-0.9738304072319098,1.9570075534834037
TGCAGATTCTATTCGT-1,-3.835210629777204,-17.63478849404027
TGCAGGCAGGTGAGAA-1,26.913398602424436,-8.372105446342276
TGCAGGCCAGGTTCAT-1,-22.210595299579992,-0.1650678069345741
TGCAGGCGTAGCTAAA-1,-31.20027333022973,2.131405504997392
TGCAGGCGTGAGACGT-1,9.058438658213161,-29.287991414542997
TGCAGTAAGAGAGTTT-1,21.78892496174525,-23.803281306785596
TGCAGTACAGTCAGCC-1,-27.2685975461465,7.103759484321821
TGCAGTATCAGAACCT-1,-9.279251237693572,-34.77964076926648
TGCAGTATCGACATTG-1,-1.2417348607098622,7.898952479645306
TGCAGTATCGAGATGG-1,3.192172576392975,-35.64142448906627
TGCAGTATCTCCGATC-1,-4.462826757972978,35.406976797050724
TGCATCCAGAGCCGTA-1,-0.07841711993541382,37.32763346845368
TGCATCCAGCATGATA-1,8.45504469766176,-1.0621230681041194
TGCATCCAGCGAGGAG-1,14.089582931064509,35.099371799351744
TGCATCCAGGAACGTC-1,-10.101114395082217,-15.408077248114664
TGCATCCAGGGCTTCC-1,-19.928946455892003,0.5371625172943059
TGCATCCCAACGCATT-1,-19.682112778552685,8.561819202346234
TGCATGAAGACTACGG-1,-10.088696560598864,-28.082170120938247
TGCATGAAGTCGAATA-1,-7.892511651212209,-34.33015705564607
TGCATGAAGTGGTCAG-1,1.1739754167928904,-4.399112523238537
TGCATGACAGTACTAC-1,-15.827954346140197,17.385386935651766
TGCATGAGTAGTCCTA-1,-2.9635865589225894,29.18948468040712
TGCATGAGTGCTCCGA-1,20.90124997477898,-21.107120613612974
TGCATGAGTGGAACCA-1,-13.123833877591986,-24.418882860150745
TGCATGATCGTTCAGA-1,8.84470787634095,2.652457901770715
TGCCGAGAGCAATTCC-1,17.783448586414483,28.96705605479109
TGCCGAGAGGTACCTT-1,-0.05738812109054544,2.1734905569112377
TGCCGAGCAATTCTCT-1,-10.206665341237116,-17.016228616595132
TGCCGAGCACTCAAGT-1,0.5558837614262587,35.94212581917113
TGCCGAGGTATATGGA-1,12.274764347623318,-30.12535265195021
TGCCGAGGTCAGCTTA-1,-11.73702512431525,-11.224595395767832
TGCCGAGTCCCACAGG-1,-25.54202362135715,8.193706711469417
TGCCGAGTCCGAGCTG-1,2.29804324980597,7.582528745607645
TGCGACGAGATCCCAT-1,-3.7656838523294,-22.84974988022953
TGCGACGAGGTAAGAG-1,8.711177484307958,-28.7379405241013
TGCGACGCAACTTCTT-1,4.71004665177082,0.9368670459087436
TGCGACGCAAGGAGTC-1,-23.46200815771046,10.646393391994588
TGCGACGCATGAGAAT-1,1.8985354605765599,-29.948719286432922
TGCGACGTCCACGGAC-1,15.680968766222833,-28.31689349620528
TGCGACGTCCCTCGTA-1,5.2664237857282705,28.52957848343173
TGCGACGTCTCACCCA-1,12.94552982762721,-29.9561402783496
TGCGACGTCTCGCGTT-1,-11.41366247749179,-35.095782629979084
TGCGATAAGAGAGGGC-1,-11.097817075434644,-25.740282487788903
TGCGATAAGTCAACAA-1,-6.230379161667516,-23.488469850316466
TGCGATACAGCGTGCT-1,11.987732874786348,-15.563517669219545
TGCGATAGTTACAGCT-1,-6.33800395733923,35.748043478606185
TGCGATAGTTTGAAAG-1,-7.324571103528063,-9.555986676141517
TGCGATATCACTGAAC-1,25.33236978913176,-5.4819929954984365
TGCGGCAAGCATACTC-1,25.00650910561823,-16.441917599198145
TGCGGCAAGCGTTACT-1,9.165327511330382,23.56735387780772
TGCGGCACAAGTTCCA-1,1.1935675267562575,-4.6893401178201435
TGCGGCACAGCTACAT-1,24.153855645885127,-3.0854320452079977
TGCGGCACATTCACCC-1,15.948022779746088,-26.98845987917477
TGCGGCAGTCACTTCC-1,9.531493680466141,39.78314319288309
TGCGGCAGTCGCCTAG-1,5.290552230434176,6.568913303487168
TGCGGCAGTGTAGGAC-1,-5.431791305555099,-4.823586854237379
TGCGGCATCCTGGTCT-1,7.1861339602298235,12.232130726495656
TGCGGCATCCTTATAC-1,16.551400036948067,11.347155877131387
TGCGGCATCTCCGTGT-1,-22.38287465006082,-1.4947287475795468
TGCGGGTGTCATACCA-1,-1.4125852553472307,-2.43564682442065
TGCGGGTTCAAGCTTG-1,-4.117658381700714,-34.029748867856995
TGCGGGTTCTAGACAC-1,13.050129019636481,24.485632136069015
TGCTCCAAGACTGAGC-1,27.776898346232837,-2.3222572919063365
TGCTCCAAGTATGACA-1,-4.7169557594509754,25.90644764373268
TGCTCCAAGTGTACCT-1,-1.812090274404764,-5.71146798842404
TGCTCCAGTGGATGAC-1,-25.848628839087315,-21.874831228612415
TGCTCGTAGCAGGTCA-1,0.36792690491761376,-18.472657740327573
TGCTCGTAGGGAGTTC-1,22.86741908632075,-7.698347380935324
TGCTCGTCACCATATG-1,-14.694118717975197,-6.674536444540025
TGCTCGTGTCAATCTG-1,3.8616467705624147,-16.474860153352545
TGCTCGTGTTCGTGCG-1,-7.7088985223064785,-29.828510773626064
TGCTGAATCACTCCGT-1,9.359843069462205,33.61918202133486
TGCTTCGAGTTCTCTT-1,4.118889594286333,-4.567006601737701
TGCTTCGCAACCAACT-1,9.775657857663559,6.042587583587513
TGCTTCGCAGGCGAAT-1,5.187836614818699,38.567214018420096
TGCTTCGTCTTAATCC-1,1.513659182371636,-8.369148826468656
TGCTTGCAGAGAAGGT-1,-8.230456725871857,-8.780161057021678
TGCTTGCAGCTACGTT-1,-25.797437265243094,-21.928780955207387
TGCTTGCCAGTAGAAT-1,15.051773335092633,-0.5329200616893494
TGCTTGCCATGTTACG-1,2.536420490877776,10.742894424737452
TGCTTGCGTAGGTTTC-1,3.0031704356087947,35.450551295044015
TGCTTGCGTCTGGTTA-1,10.748910265534777,29.940469932354407
TGCTTGCGTGCAGTGA-1,7.7560268156895,-0.8306268550651821
TGCTTGCGTTACCCAA-1,2.4831801701962974,27.833373158148465
TGCTTGCTCGACGAGA-1,4.571395191340974,-36.25008103151258
TGCTTGCTCGTCGACG-1,-8.053225551770261,3.9077848006708904
TGGAACTAGATGTTAG-1,13.055608018163468,2.7765545341325355
TGGAACTAGCAGTAAT-1,-3.0885397479218075,-19.968693986537467
TGGAACTGTGCAGATG-1,-1.5557411001387078,-36.61998623859871
TGGAACTGTTAAGACA-1,-16.12465788132371,-14.933001961009287
TGGAACTTCCAAGCTA-1,1.303329577088477,25.096398457885464
TGGAACTTCCTTCTTC-1,-4.413079150334006,38.696355193657176
TGGAACTTCTGAGCAT-1,2.603675944603655,-17.404324581628405
TGGAGAGAGCATGTTC-1,-0.07130566154405504,-10.977805983008318
TGGAGAGGTCGTATTG-1,25.126941242288243,-12.521673956407437
TGGAGAGTCATCGCTC-1,18.53009522155526,-4.699942974509211
TGGAGGAAGGCGAAGG-1,4.630614477250967,29.851765983271267
TGGAGGAAGTCCCAAT-1,-0.31999263344485734,-11.230864422211559
TGGAGGACAACAACAA-1,11.423504114319416,-24.931899382654958
TGGAGGACACAAGCAG-1,5.391793881101556,24.879036839809753
TGGAGGACACATACTG-1,4.801138602887789,-21.133492022943646
TGGAGGAGTCGCATGC-1,14.236879823078587,33.5701872877248
TGGAGGAGTGGTCCGT-1,19.11857511999695,-14.854416081847564
TGGAGGATCACTGGTA-1,-18.04161895841491,-21.50635104106647
TGGATCACAATGCAAA-1,5.925915955810886,-4.25945587365629
TGGATCACATGCGTGC-1,7.1713379466756955,21.71989169720766
TGGATCATCCGAGTGC-1,22.94803145847118,8.128895503703015
TGGATGTCAAGAGTGC-1,-2.338033984656101,-21.485270998000573
TGGATGTCAGAGTTGG-1,14.402882483667849,20.072217938616195
TGGATGTCAGTGCGCT-1,14.092812615411072,-22.184256051003985
TGGATGTCATCGCCTT-1,-7.805461874775932,-18.01025744008073
TGGATGTGTATGAAAC-1,20.68648449799013,-21.03300068890868
TGGATGTGTGTCATCA-1,14.073519205631156,6.055434013780027
TGGCGTGAGATTAGTG-1,25.100594255885763,-4.375754805086001
TGGCGTGAGGAAGTCC-1,17.535202535488875,-0.18740766675103074
TGGCGTGCAGGTGAGT-1,-20.437016077280294,-13.84870315214345
TGGCGTGGTCATTCCC-1,25.452532668658897,-7.862520901610008
TGGCGTGTCCAGTACA-1,19.025611431376323,-17.521264220139955
TGGCGTGTCGGCTGAC-1,5.852590225404121,-9.720037664358749
TGGGAAGCAAATCAAG-1,9.27760573875611,-31.124650291266757
TGGGAAGCAGGTGGAT-1,4.100563462739777,-10.685281024418318
TGGGAAGGTAGAATGT-1,8.99211029496939,22.294436302343904
TGGGAAGTCATGAGGG-1,1.0230923454530414,39.60053276910687
TGGGAAGTCGATACGT-1,-15.719832209859115,-8.976855173002381
TGGGAGAAGATGAACT-1,11.719075084839451,43.70985730477693
TGGGAGATCAAGATAG-1,7.93919845147125,26.503764908745527
TGGGATTAGATCCAAA-1,-13.049931510369143,-6.989110023261701
TGGGATTAGGTGCTTT-1,5.325846030620974,32.558486377280914
TGGGATTCACAGACGA-1,19.900677340020177,11.66886169318314
TGGGATTCAGCTGTAT-1,-29.66015624867553,3.11003502081267
TGGGATTGTATGTGTC-1,11.358109297857238,32.401803428044076
TGGGATTGTCAACGCC-1,-24.646132068969244,-4.849576572536541
TGGGATTGTTACGTAC-1,-5.784154702504968,-3.9666197531712286
TGGGATTTCACGAGGA-1,-27.936881591936082,15.733910001415126
TGGGATTTCAGCGTCG-1,10.542323519425489,0.4291564102083043
TGGGATTTCATATGGC-1,-4.038285621091371,25.353813781203232
TGGGATTTCATGGCCG-1,11.499501459547272,33.162903671014725
TGGGATTTCCCATTTA-1,-18.78199823671966,10.403044878682014
TGGGATTTCTGCGAGC-1,-3.3925027625640083,-29.64275039018869
TGGGCGTAGCGCCGTT-1,21.635304252038015,26.692731484079307
TGGGCGTAGTAGATCA-1,14.948714940908,0.9612729977620522
TGGGCGTGTCTGTGAT-1,17.261728673158657,-16.445882263051658
TGGGCGTTCAGATTGC-1,7.215924489049788,-6.78188509683309
TGGGCTGCAATATCCG-1,4.575531864711143,11.23109917384908
TGGGCTGGTTCGGTAT-1,-17.099564459041936,-3.5135358354288337
TGGGCTGTCCAACCGG-1,0.5320567829449453,32.743026832777346
TGGGCTGTCGGTTGTA-1,10.741003217986549,-31.848108938087996
TGGGCTGTCTTGCGCT-1,9.740402416465225,26.85861772560616
TGGGCTGTCTTTCCAA-1,-2.705975963669464,-2.426908209010708
TGGGTTACAAACTCTG-1,-3.5153810659773654,-28.78120345620453
TGGGTTACACGTCTCT-1,8.573461062926793,-11.184889501251941
TGGGTTACATCGCTGG-1,1.3521253931611714,31.49965390958574
TGGGTTAGTCGGCTAC-1,2.348211743604579,21.278932155417763
TGGGTTAGTGAGAGGG-1,5.571300671154138,-26.568297978983644
TGGGTTATCATGAAAG-1,0.42658950195897516,-15.487040949786268
TGGTACAAGGAGTCTG-1,14.411522928657313,-16.978286974019955
TGGTACACAATCACGT-1,-18.199962882551684,-4.728515537121178
TGGTACACAGACAAAT-1,3.851457439453968,-14.639725181414699
TGGTACAGTAGCCCTG-1,-22.908454961604157,-5.839353491112767
TGGTACAGTCTTCAAG-1,-20.951468238851177,10.70299830659806
TGGTACAGTTCCGCGA-1,9.537405334250066,7.9874927932347575
TGGTAGTAGATGACCG-1,3.503306276417301,32.77259984679316
TGGTAGTAGGGATCAC-1,3.3038769600764115,-35.02918297358197
TGGTAGTCATCGTGCG-1,-23.632258406815698,5.7510945503756465
TGGTGATAGGACACTG-1,3.1730754904436447,-15.68105119882668
TGGTGATGTCTCGGAC-1,14.43493194652599,4.585573576619153
TGGTGATGTGGCTGCT-1,-35.845979416285154,1.3497974039566774
TGGTGATTCCCATTTA-1,-11.691066023616566,-23.838122534508823
TGGTGATTCCTGGGAC-1,-17.796807120693046,3.0972715317147372
TGGTGATTCTTCCTAA-1,12.572050692449714,37.498727457471375
TGGTTAGAGCCTCTGG-1,-0.4786427046294695,-10.943749321640915
TGGTTAGAGTGTGTTC-1,17.986470626045662,-24.536598810066504
TGGTTAGCAATACGAA-1,-8.427939207961241,-15.707440307473039
TGGTTAGTCAAAGACA-1,8.309023282804274,8.771013183497463
TGGTTAGTCACCACAA-1,7.691342221481331,3.629551074921111
TGGTTAGTCGAACGCC-1,3.1334826331754155,30.516059308142612
TGGTTAGTCTGTGCGG-1,19.122269354793733,4.757395682837734
TGTAACGGTACAGGTG-1,19.52431087117705,-21.32864291616109
TGTAACGTCACTACGA-1,7.032059180394516,-27.064397551465273
TGTAACGTCACTGTTT-1,6.781362802998683,-24.192313180323822
TGTAACGTCATGCCCT-1,21.958087680546736,-0.7326237520036077
TGTAACGTCCATTCGC-1,11.846393059190463,-6.8181046805971945
TGTAAGCAGAGCAAGA-1,-17.11424405950551,2.436378551596381
TGTAAGCAGGCCCACT-1,13.343759156090016,12.637845613012512
TGTAAGCAGGTCCTGC-1,-2.5092696900779274,37.77744690315814
TGTAAGCGTCAGTTTG-1,18.420920590138994,-13.603279628975764
TGTAAGCTCAATCCAG-1,-8.340400762839469,-8.903752835708303
TGTAAGCTCATACGGT-1,4.449676074383218,-13.500486602931957
TGTAAGCTCCGGTTCT-1,13.715509178818715,32.64985671161667
TGTACAGAGCTGTTAC-1,10.760134389893402,33.56533106165121
TGTACAGGTAGAGATT-1,3.8425863199903656,-14.779991890900215
TGTACAGTCAACTGGT-1,13.042241135144542,-21.439623837629288
TGTACAGTCCAGGACC-1,5.037354728833602,-17.72824813051676
TGTACAGTCGCTTGAA-1,10.334973588118553,-27.56456551961033
TGTAGACCAACCCTCT-1,-13.075986164498726,-24.795430048517204
TGTAGACCAGCGACAA-1,17.087466939447822,31.754601016868204
TGTAGACGTAATGCGG-1,-14.499256841150315,-15.136290315358053
TGTAGACGTCCACACG-1,12.472617442845504,-31.100173306506562
TGTAGACGTCTAGTGT-1,11.940835254590528,-16.972147834233894
TGTAGACGTTTGTGGT-1,-14.985585611802122,-15.779103202698296
TGTCAGAAGAAACCAT-1,-5.067913555710147,-13.95251811743217
TGTCAGAAGAACAGGA-1,6.721225965912478,23.85150232039119
TGTCAGAAGTAAGCAT-1,19.071335494943366,4.144068541750991
TGTCAGAAGTGGCGAT-1,-4.932974713391426,-31.623242801870525
TGTCAGAAGTTGTCAC-1,-32.433013288233475,7.889250138103255
TGTCAGACACTAGGCC-1,4.029495991340329,27.65667307312158
TGTCAGACATCTATCT-1,-9.968181366116465,-4.486345631544463
TGTCAGAGTACAACGG-1,-13.159532216390216,-10.19816183320171
TGTCAGATCCTAGCTC-1,10.705146723726164,18.416086500370188
TGTCCACAGCCTCTCT-1,7.658374297175055,-6.94131469833742
TGTCCACTCCGCAACG-1,-4.079212573094234,-5.500241757047493
TGTCCCAAGACATAAC-1,13.02012488891732,32.40630279325651
TGTCCCAAGTGGTTGG-1,-32.47964485238421,0.973099861094437
TGTCCCACATAGTCAC-1,-22.657044221345053,13.69663140542043
TGTCCCAGTGACTGTT-1,3.0414040059801835,31.802616537755238
TGTCCTGCACTAGTAC-1,-1.2391185482579816,-3.92431818340148
TGTCCTGCAGGTGACA-1,7.049907770707959,-14.795942248998447
TGTCCTGCAGTAGTGG-1,-19.71000514140001,-20.4821220039717
TGTCCTGGTCATTGCA-1,5.698326827856082,20.455272441857723
TGTCCTGGTTGGGTAG-1,-30.201941630102752,-8.080341539757246
TGTCCTGTCTGCATAG-1,11.753891676723503,24.464369389582235
TGTGAGTAGTTGTCGT-1,7.925194055867349,-12.950582234232114
TGTGAGTCACGACCTG-1,-5.932419359915539,-4.115018677197289
TGTGAGTGTCTAGGCC-1,-0.9642277409124052,7.995412498401973
TGTGATGCAAGAGTAT-1,0.9418342331935776,39.337041878079916
TGTGATGCATTCACCC-1,11.601875965707048,39.43540445698099
TGTGATGTCAGTCACA-1,-22.56427904121318,-4.390258939477452
TGTGATGTCCCAAGCG-1,-5.15816180459467,-33.63813790120264
TGTGATGTCCGAGCTG-1,20.02373136694821,-12.845168809620287
TGTGCGGAGCACGATG-1,14.782165130426158,36.07952438457439
TGTGCGGCAGTGGCTC-1,14.26276950777262,-22.61421541633545
TGTGCGGGTCCACACG-1,15.780888594420876,38.86309951486803
TGTGGCGAGAACCGCA-1,19.653553696634162,-24.20398156615185
TGTGGCGAGCGTATGG-1,25.275708580257458,-3.8670794874175893
TGTGGCGAGCTGCGAA-1,4.635882824787766,1.4949695979426856
TGTGGCGAGGTCCCGT-1,19.962760114170205,1.195836277863165
TGTGGCGAGTTAGTGA-1,7.659559013253546,-7.9816251871519075
TGTGGCGGTGGTTTAC-1,7.932818286944438,-28.153178062868935
TGTGGCGTCATCCCGT-1,18.01941861594095,3.0132375643742426
TGTGGCGTCCCGATCT-1,11.887026281283225,0.9848573406093789
TGTGGCGTCCTAAGTG-1,-33.52643414799962,1.6788730311193694
TGTGTGAAGTATGAAC-1,26.467997494192065,-18.448945843075833
TGTGTGAAGTGCAACG-1,4.024013523082687,11.414035887615075
TGTGTGAAGTTAACAG-1,-2.076565805859197,39.23908292577596
TGTGTGAAGTTGGCTT-1,8.268544935276699,31.60361430866022
TGTGTGACAAGAGGTC-1,0.7224144777524663,38.41709465541365
TGTGTGACACCAGACC-1,-3.0716451597442767,-31.331633179841244
TGTTACTAGCATATGA-1,12.302749762025098,3.123246649875321
TGTTACTCAATTGCTG-1,1.9197383982151421,3.6079105524429624
TGTTACTCAGCTTTCC-1,-3.6563409610655433,8.892382555880404
TGTTACTGTCAAAGTA-1,-9.896284155152202,-25.87804407585808
TGTTACTGTTGGACTT-1,11.964594275822803,-17.06051243581682
TGTTACTTCATGCATG-1,3.3957359066046844,-19.674442467222462
TGTTACTTCATTTACC-1,-27.47699350597602,-6.442408909060159
TGTTACTTCTCACCCA-1,14.681029754028444,24.904754301607785
TGTTCATAGGAGATAG-1,-24.469158439215867,-19.99642947852695
TGTTCATCAACCGGAA-1,-10.025276025755545,-28.606788285419025
TGTTCATCATGACGAG-1,11.09143566224551,24.549695165263724
TGTTCATTCTAGAACC-1,-2.596034074438328,-19.489849955308443
TGTTCCGCAAATAGCA-1,-8.844420562439968,-19.434310574432857
TGTTCCGCAGCGGTTC-1,-8.41103088979495,-24.358173595955943
TGTTCCGCATGAGTAA-1,-1.9049558850438824,24.949095288055286
TGTTCCGGTATCATGC-1,2.8955525893829135,-34.54969501141711
TGTTCCGGTCGAATGG-1,11.162133956429653,32.07726182741542
TGTTCCGGTGAAGCGT-1,-30.051367664751506,-5.204153646525979
TGTTCTAAGGTCACTT-1,2.468016048295497,-15.596105838745967
TGTTCTACACTGGATT-1,-6.163504714282202,-8.942128487461968
TGTTCTAGTACTCCGG-1,9.106652873001247,37.66036148449762
TGTTCTAGTCGTCTCT-1,3.679515053600777,0.7838205370141382
TGTTCTAGTGCATACT-1,26.314835361064862,0.41514844908740406
TGTTCTATCGATAACC-1,-4.385444237818504,-9.534414430581602
TGTTCTATCTCAGGCG-1,13.995090361924177,21.148629400817008
TGTTGAGAGGTTAAAC-1,12.885385967482259,-16.83176796103113
TGTTGAGCAGCAAGAC-1,-5.144348431482425,-18.208091008226887
TGTTGAGGTCTCAGAT-1,-33.53719718808761,-1.1847323224733926
TGTTGAGGTTCCACAA-1,32.17407616991288,2.3862188886507245
TGTTGAGTCCGAGCTG-1,15.368354062847686,-15.568863448313088
TGTTGAGTCGTTCTCG-1,31.45435575903991,2.086257615841982
TGTTGAGTCTACGGGC-1,0.9376413712055448,29.83945880977053
TGTTGAGTCTGCATGA-1,-20.14691118880938,-23.51254931636778
TGTTGGAAGTTCATGC-1,0.08596999103579529,-25.347065739366077
TGTTGGAGTAATCAAG-1,4.175392759101938,-36.49135165804801
TGTTGGAGTCGACTGC-1,0.17981104018271254,3.2312937089112306
TGTTGGATCCGAAATC-1,8.246819990353059,-27.037114739510635
TGTTTGTAGGGCAAGG-1,12.894223526505048,-22.725824954197115
TGTTTGTCAATGGCAG-1,22.416106833292645,-7.460944682946022
TGTTTGTGTCGTCAGC-1,8.705769404972804,21.37493374913793
TGTTTGTTCTCATAGG-1,-2.1074146571542225,-18.914024271397953
TTAATCCAGCACGGAT-1,-34.15664891925971,2.4977438582089366
TTAATCCCAGCTTCGG-1,6.7273578309732365,32.5821761753422
TTAATCCCATCACGGC-1,-3.0112998649982647,28.465072298699912
TTAATCCGTGCAGGAT-1,3.3415135524957575,30.92897045397067
TTAATCCTCGCACGGT-1,-28.594062239845556,-7.005463258177573
TTACAGGAGACTGGGT-1,4.70040344347321,45.37240022254078
TTACAGGCAAAGGGTC-1,14.603465120717388,-23.761099273302406
TTACAGGCAACAGAGC-1,-15.258712725935364,-9.324072302087027
TTACAGGCAGACGATG-1,-23.026376415251598,-20.553243421500454
TTACAGGCAGTAGAAT-1,4.815605147630993,-11.820497661232483
TTACAGGCAGTGTACT-1,11.117980367494406,-12.432600375941298
TTACAGGGTCTCTCTG-1,18.98569496272523,0.3948662694548895
TTACAGGGTCTTTCAT-1,-1.681777941270971,33.89175439335352
TTACAGGGTGGCCCAT-1,-11.818688233140476,17.27739763152009
TTACAGGGTTTACTGG-1,24.135112011385676,-3.1000473081292115
TTACAGGTCATGAAAG-1,-30.462365023285905,-0.9468736997722759
TTACAGGTCGGACGTC-1,-12.579555569107294,-20.644653908699084
TTACAGGTCTACTGCC-1,20.233308508699224,9.874732954403413
TTACCATAGATAACGT-1,-20.416029271822136,-2.7345743014419206
TTACCATCACTGGCCA-1,-13.628274064864899,-25.898707798049546
TTACCATTCTGGAAGG-1,-10.056561731859922,-31.683961463764422
TTACCGCAGCAAATCA-1,17.883639012489862,9.528976750802855
TTACCGCAGGATCACG-1,-6.317625725894617,-2.8659914137540308
TTACCGCCACACGTGC-1,-28.761564849278642,9.835022490411337
TTACCGCCACGAAAGC-1,-4.839923728813585,-20.92146941943205
TTACCGCCACTATGTG-1,6.0237723302895,39.29073519206397
TTACCGCGTCACTGAT-1,-1.908697829560772,-26.115388819967457
TTACCGCTCGTCCATC-1,24.503344418145534,-1.5927501007487348
TTACCGCTCTGTACAG-1,21.24273192055819,-20.407151184219554
TTACCGCTCTTGGTGA-1,-0.9017668276743394,0.15928995988963338
TTACGCCAGACGGATC-1,-12.50896728827468,4.580953415140344
TTACGCCCAAGGTTGG-1,9.127864411978056,12.955124764409687
TTACGCCCAATCCTTT-1,-0.2842946066356889,34.010047134804815
TTACGCCCACCCTATC-1,4.891523282044553,28.33356915115021
TTACGCCGTATCGTTG-1,-1.7346906084900506,-16.768899608518048
TTACGTTAGCGAACTG-1,-6.537395279382573,-29.510169089345652
TTACTGTAGACTACGG-1,9.500429884828696,11.431749584054083
TTACTGTAGAGATCGC-1,26.462402080689944,-2.4822292448873973
TTACTGTGTAGAATAC-1,28.905629082312387,4.128772608154426
TTACTGTGTCTCTCAC-1,-4.645657350802142,38.86879574211463
TTACTGTGTGTGAGCA-1,-25.752690405280827,-11.95289188020636
TTACTGTGTTCAGTAC-1,-18.290194580379804,-1.349837753784166
TTACTGTTCAGCCCAG-1,-5.610803140289428,5.672776499760668
TTACTGTTCTATTTCG-1,15.67256455169637,8.367727958976783
TTAGGCAAGCGATCGA-1,0.5092737565264402,-29.39538190362499
TTAGGCACATCTCCCA-1,4.672331267242009,11.149170547348787
TTAGGCAGTTAGAGAT-1,-0.5047916783195153,-10.145698464487745
TTAGGCATCCCTCTTT-1,-14.481145377012089,2.012633497581137
TTAGGGTAGAGCGACT-1,11.405860271535264,27.606864194696968
TTAGGGTAGGAACGAA-1,24.203018357026394,-8.339554758405818
TTAGGGTAGGCGCTTC-1,17.28868706720414,1.5775096491385914
TTAGGGTGTAGAGATT-1,-26.665163840079938,-9.51212539601353
TTAGGGTGTATCACGT-1,11.860942442474276,-7.304163141168953
TTAGGGTGTGGATTTC-1,-8.636083668616134,2.228474891652181
TTAGGGTGTTTAGACC-1,14.401890686832026,25.997811753467204
TTAGGGTTCTTACCAT-1,-19.39175931450679,15.227131507462882
TTAGTCTCAATACGAA-1,-13.20514383724727,1.0229179396645944
TTAGTCTCATGAATAG-1,-30.298019287688987,-2.629357974372609
TTAGTCTTCAGGTAAA-1,-7.948021649801286,-0.7654176414377818
TTATTGCAGGACTAAT-1,-4.370203386880084,35.161933038994235
TTATTGCAGTTCCGTA-1,-9.379405442094031,-9.41515980190452
TTATTGCCACCATAAC-1,-18.35687936264474,18.774358141080295
TTATTGCGTCACATTG-1,-2.8316354086045736,-8.465563381669602
TTATTGCGTGGACCAA-1,7.305479052167434,-27.99105831762448
TTATTGCGTTATTCTC-1,1.2053774009765463,14.633142023818104
TTCAATCAGTCTTCGA-1,2.8896455076525998,-0.9261403405265017
TTCAATCGTGCAACGA-1,12.710255890791958,-2.557482778246151
TTCAATCGTTTCGTAG-1,5.568606943496102,-35.50209598034255
TTCACCGAGGTAGCCA-1,-10.150807304446433,-25.452929349446634
TTCACCGAGTTCCATG-1,-2.1362936208636474,-28.084577884459694
TTCACCGCAAAGGTTA-1,14.320940475067328,39.12866970327659
TTCACCGCAGAGCGTA-1,12.160523420176201,23.894545203347032
TTCACCGGTCCACGCA-1,-2.193151101349643,-31.575930770457706
TTCACCGGTCTCAAGT-1,-3.162650709150365,10.020573926359525
TTCACCGGTTTATGCG-1,-26.788495393446016,-9.799011162862966
TTCACCGTCAAGCCAT-1,-22.012370659183674,0.43251427383133345
TTCACCGTCATGAAAG-1,1.7581291545852087,-23.284677214666626
TTCACCGTCTACTGCC-1,15.728379759969021,8.437676962800076
TTCACGCAGGAAACGA-1,3.144794440199139,39.912955487024945
TTCACGCCAGGGTTGA-1,-13.61064601020521,-8.899105511701595
TTCACGCCAGTCAGTT-1,-20.460074942385223,6.286597257112955
TTCACGCTCAAGTTGC-1,6.470098139578993,-13.233182456259167
TTCACGCTCCGTTTCG-1,2.0625588907200125,40.84284232104601
TTCAGGACAACCTATG-1,-1.85409024613653,11.321519084543684
TTCAGGACAATCTGCA-1,-2.5704902923533015,38.25019218953714
TTCAGGACAGAGCGTA-1,28.721960627655367,-5.194180084686401
TTCAGGACAGAGTTGG-1,10.840701216596846,-1.4776880211940777
TTCAGGATCACGATCA-1,-10.088794511886672,20.439161812611005
TTCAGGATCGGTCAGC-1,29.243007426330347,4.268315625373225
TTCATGTAGCGGTATG-1,18.79356428451519,-8.486191959413569
TTCATGTAGGTAGATT-1,12.93302368821492,38.475678964816446
TTCATGTAGTAGTCCT-1,2.2979891729604183,10.386694394781662
TTCATGTCACAAGCCC-1,-0.8548991551408286,0.19392382388444013
TTCATGTGTAACTGCT-1,-17.891849220666778,-12.075110495824347
TTCATGTGTATGCAAA-1,14.645139818016418,11.49842248295907
TTCATGTGTCTACGTA-1,6.295500796688328,-3.2246084249301767
TTCATGTTCCAATGCA-1,-4.043946129401917,-24.566702719374756
TTCATGTTCGAAGGAC-1,-26.175857672329848,7.355123323973677
TTCATTGGTAGACACG-1,17.459098384007834,5.257651993329341
TTCATTGGTTGAGTCT-1,16.18543556812637,-16.204127267078984
TTCATTGTCCTAACAG-1,-32.63486111344268,6.602142364038695
TTCATTGTCGTGGCTG-1,20.31917759181116,-19.46427678969069
TTCATTGTCTTTGCAT-1,-17.499119687544635,5.387624505392476
TTCCAATAGATCCTAC-1,-9.491442826881656,-19.79512083685373
TTCCAATAGCGGTAAC-1,14.053032623496144,40.793298945832376
TTCCAATCACGGTGCT-1,13.064648548904508,20.473126853279894
TTCCAATCAGTGAGCA-1,-5.917841039775512,-0.2611331095489823
TTCCACGAGACTGTTC-1,-15.857211195332589,16.052103043530323
TTCCACGAGAGACAAG-1,-12.900591458119228,-0.15470293122564893
TTCCACGAGCCTAGGA-1,-24.295974313242006,-20.234003431332212
TTCCACGAGGTATAGT-1,6.826456750917263,-11.922034217950268
TTCCACGCATATACCG-1,2.5091620477600296,29.44024443405756
TTCCACGCATTGTCGA-1,5.021441146007645,40.391386853939785
TTCCACGGTTATCTGG-1,-7.421651307092431,-13.689252251278958
TTCCACGTCAAACTGC-1,-18.149324067753113,9.011195857812165
TTCCACGTCTCGTTTA-1,-20.318578973562712,-13.884865666317957
TTCCGGTCACTACTTT-1,-10.688749985744485,-1.6933611657551848
TTCCGGTCAGGCGATA-1,-1.9216863326393034,-26.38691116417969
TTCCGGTGTCTTGGTA-1,3.3601735465914286,14.695295281674165
TTCCGGTTCACCATCC-1,0.1672599956489716,-29.02732553408344
TTCCGGTTCAGCCTCT-1,0.5166907520052326,33.69507244803501
TTCCGGTTCTCGCGTT-1,-33.068099170681556,3.0670276888440786
TTCCGTGAGAAGTCCG-1,5.141466770507933,-25.504719973403066
TTCCGTGAGTAGAGTT-1,13.957762340627882,-6.575209590566608
TTCCGTGCACGCAGTC-1,-17.50684633480105,-7.335216792163513
TTCCGTGCATTCAGGT-1,-3.6539099898197733,-4.632971342642205
TTCCGTGGTATCGTAC-1,12.642281049451576,8.996685509658754
TTCCGTGTCAGAACCT-1,13.46617073017069,35.75481202062133
TTCCGTGTCGTTCATT-1,-26.912414143956113,-3.227666888427047
TTCCTAAAGGTCCGAA-1,10.876303217363711,21.031430709447882
TTCCTAAAGTGATGGC-1,15.663076462954592,27.528236358495043
TTCCTAAGTGCCGTTG-1,-20.924152413368958,10.76587476310139
TTCCTAAGTTACCTGA-1,12.483029497208566,39.8416947180895
TTCCTAATCCCACAGG-1,-29.479569827147685,9.462885049635913
TTCCTCTAGGGAGTGG-1,5.3113809254716475,24.840987597386373
TTCCTCTCAACTACGT-1,-1.7777255554231215,9.671349357361187
TTCCTCTCAGCACAGA-1,3.7009235798924975,43.62022775484021
TTCCTCTTCTTAGCCC-1,12.799156738242626,37.721546774129024
TTCCTTCAGTAAAGCT-1,-11.767745463632707,-3.760745386210372
TTCCTTCTCAGCATTG-1,8.50524908078767,5.1517171174812235
TTCGATTCAGACAAAT-1,4.156486995409377,20.960758944612078
TTCGATTGTGGCCCAT-1,21.826684624435675,6.490083192708889
TTCGATTTCCCTCTTT-1,-4.41652525485738,2.1709839174349947
TTCGATTTCGTCGGGT-1,0.10123025367906541,-25.33430922411955
TTCGCTGAGGGCTTCC-1,-31.383954535050396,0.2416589061712715
TTCGCTGCACTAGAGG-1,24.457201189509878,0.7720419423250902
TTCGCTGCAGTCGAGA-1,-17.537400239154024,-19.05492798051129
TTCGCTGGTAGAGATT-1,14.670080467615408,-5.263042882997928
TTCGCTGGTCGGCTAC-1,5.167285907703283,-25.364626384997607
TTCGCTGTCAACTACG-1,26.898840938343724,2.184884021602551
TTCGCTGTCCCTGTTG-1,-19.69305236436613,17.67678475721049
TTCGGTCCACTCATAG-1,10.511811232523646,-15.53434443798224
TTCGGTCCAGCATGCC-1,-10.10287787260803,-31.138387145082955
TTCGGTCGTCTTCAAG-1,11.903661792036234,-2.714914974342031
TTCGGTCTCTCGTTTA-1,-15.871345922433097,17.58777867041662
TTCTAACAGGCGTTAG-1,21.151194920060913,31.256494231360968
TTCTAACAGTATAGAC-1,-19.617959683470268,-2.525012589440874
TTCTAACAGTCACGAG-1,8.669717817933524,-1.0177424963908301
TTCTAACCAAAGGATT-1,0.9239970751132062,-0.42414755423304046
TTCTAACCACCTTCGT-1,-1.6955686381549309,13.549688857881298
TTCTAACCAGGCCTGT-1,-2.4434677015524664,-15.867625471985248
TTCTAACCATCCTTCG-1,-2.128931574585029,16.91974037783591
TTCTAACGTAGAATAC-1,-24.206370770122973,-7.517066268317205
TTCTAACGTAGGTGCA-1,9.357568097882993,-7.361589787764153
TTCTAACTCAAACGTC-1,-11.077759406694168,10.61746955993608
TTCTAGTAGCAGCAGT-1,5.801077410574738,11.679150183460957
TTCTAGTAGCAGCCCT-1,16.263402038286465,10.010893616750245
TTCTAGTAGCAGCCTC-1,-11.374813753624702,19.930949109382233
TTCTAGTAGTCATGGG-1,-31.735374781329266,10.353960666131993
TTCTAGTTCGGTTGTA-1,10.332381040913798,-28.77788241778014
TTCTCTCAGAGGTGCT-1,9.708835923333751,29.72411441405974
TTCTCTCGTACTCGAT-1,-1.5786031755413001,11.753134106793711
TTCTCTCTCAAGCCAT-1,-17.59449729807908,-13.062889240308449
TTCTCTCTCACTGTTT-1,-29.021097822988587,10.468177683678023
TTCTCTCTCTAGTCAG-1,5.190494661116284,41.5336033694296
TTCTGTAAGGTGCTAG-1,-20.890102479563964,11.83185083867881
TTCTGTAGTCTACTGA-1,-23.91059158750941,-20.21469987267524
TTCTGTAGTGTTTACG-1,7.245097168925556,-27.97873266885327
TTCTTCCAGGTACAAT-1,-2.352795969824372,-1.640431621966412
TTCTTCCCAATCAAGA-1,5.782347609453021,-4.039586418212721
TTCTTCCCACGGTGAA-1,-22.316570707889912,-9.139095616470158
TTCTTCCGTCACCCTT-1,-1.3970556191852395,30.971202639231095
TTCTTCCGTCGCGTTG-1,7.004952748687178,10.366606201901236
TTCTTCCGTTGAGGAC-1,-22.197718572897678,-15.91941437922712
TTCTTGAAGAGGCCAT-1,11.091670017097519,29.63496598960814
TTCTTGAAGTGACACG-1,-2.8391752267356996,-33.30665994875498
TTCTTGACAACACGTT-1,-11.20425700119509,9.713079777857729
TTCTTGAGTTAGGCTT-1,-13.638025545670239,-30.767749574192155
TTGAACGAGCGTTAGG-1,29.628316399027305,3.4830782977977566
TTGAACGAGTAACAGT-1,19.779054662144866,1.127854173719203
TTGAACGCAACACAAA-1,10.650532655069297,3.8195910889968028
TTGAACGGTACGCGTC-1,9.575717100443555,-22.046696638346326
TTGAACGGTTCTATCT-1,19.61899716394839,-24.731184519528334
TTGAACGTCGTAGCTA-1,18.35510560352261,30.01077643364784
TTGAACGTCGTTCCCA-1,17.62540943725994,-24.41953228614656
TTGACCCAGGCCACCT-1,-20.120210866350536,-2.759657284022705
TTGACCCTCACTTATC-1,-20.442047921093945,-21.293872335790685
TTGACCCTCGCATTAG-1,-0.14923728022383198,24.90115296451812
TTGAGTGAGGGATCAC-1,-23.67501621225767,2.638129752476827
TTGAGTGAGTCGGGAT-1,15.380782980988757,-20.181925042417195
TTGAGTGAGTTACGGG-1,22.220081401929875,4.871568077098582
TTGAGTGCAACTTGGT-1,9.176496562645365,-20.0600443564321
TTGAGTGGTGGGCTTC-1,6.702564503630896,-9.558394996852636
TTGAGTGTCACGAGGA-1,6.622847291041322,32.45051499245549
TTGAGTGTCGAGTACT-1,-8.47578765389369,-4.236292331291334
TTGAGTGTCTGGAGAG-1,16.472027471321127,-15.001222018922578
TTGATGGAGGGCAAGG-1,-25.940572803479874,-11.755278689916276
TTGATGGAGTGGTGAC-1,6.938634489983008,-26.0303057540947
TTGATGGCAGAAGTGC-1,-11.21008207219597,-17.875158911500584
TTGATGGCAGGCGTTC-1,22.652123305032468,-15.267424053739575
TTGATGGGTCTACGAT-1,28.59200918934721,5.957773141434505
TTGATGGGTTTAGAGA-1,14.014375895181981,-20.753516024386897
TTGATGGTCTCGTCAC-1,11.450676450739738,35.54616307830104
TTGATGGTCTCTGCTG-1,-22.16056848104988,11.49496732901263
TTGCATTAGAGGTATT-1,-26.250701530489724,8.63203235327878
TTGCATTAGGCACTAG-1,-18.411608630780695,-9.073182582738646
TTGCATTCACTTGGGC-1,-3.767614495847346,6.327721875513372
TTGCATTGTGGCATCC-1,5.187996683309688,45.199747966760064
TTGCATTTCCCGAAAT-1,7.231221649487961,21.982292049232548
TTGCCTGAGCAATTAG-1,-5.440091564899013,-31.507771952771265
TTGCCTGGTACAGAAT-1,-4.647334658939915,-11.106127296874059
TTGCCTGGTAGGTCAG-1,-15.791433648262712,-25.741236924454544
TTGCGTCAGGGCAATC-1,-21.67353502726047,7.679410165442624
TTGCGTCAGTAGGGTC-1,19.277516589899463,-24.23835487766311
TTGCGTCCATCGCTCT-1,11.733903614272162,31.58922633109562
TTGCGTCTCAAGAGGC-1,13.264476948735194,-5.527163158260019
TTGCGTCTCACCTTAT-1,-34.129286150154805,2.3314896521557187
TTGCTGCAGACGATAT-1,7.44849167391611,9.352346630223595
TTGCTGCAGCGTTGTT-1,1.0419938400922795,-14.93862319689645
TTGCTGCAGCTAAATG-1,-0.6309013076461006,-27.219007299140706
TTGCTGCTCTGGGCGT-1,-0.5306075854113562,-37.851605107593706
TTGGATGGTCAAACGG-1,-2.086887746451127,-18.894544032902193
TTGGATGGTCACTCAA-1,-3.654118727492627,-33.84744980843978
TTGGATGGTGCGTTTA-1,5.921578807808874,-34.80090543313355
TTGGATGTCCAGTGCG-1,26.493734004739924,-6.865552741923411
TTGGGATAGACGACTG-1,-6.450368558474652,6.730644379099476
TTGGGATAGGTGCGAT-1,22.456879231627052,2.033485527385044
TTGGGATGTGTTCAGT-1,5.507715183875162,-19.234191091334967
TTGGGATGTTGCATAC-1,3.994743820518084,-9.25899513941019
TTGGGCGCAGCCCAGT-1,-5.74211237020721,-35.232536076609726
TTGGGCGCATGAAAGT-1,20.87848556880795,-10.905135867822583
TTGGGCGTCATCAGTG-1,-21.48091324551214,14.870597608879736
TTGGGCGTCCAGTGTA-1,24.679806466995437,-18.350428591094545
TTGGGTATCCTAAGTG-1,8.160606016832437,26.26326975721862
TTGGGTATCCTGCTAC-1,-2.9683561790756765,-31.47520544951596
TTGGGTATCTAGACAC-1,7.024240711435613,12.170827539901989
TTGGGTATCTCTGAGA-1,-3.462693451252665,-0.5624188810315924
TTGGTTTAGCTAAACA-1,-15.635295733991361,-8.837915664809715
TTGGTTTCAAACTAAG-1,2.835051311159877,-34.469701700138906
TTGGTTTGTCTTGCGG-1,-24.727292193855266,6.86750509095797
TTGGTTTTCTGCGAGC-1,-24.560246801970884,3.233340200169106
TTGTGGAAGTTGCATC-1,3.1957592369614476,-14.870976450442688
TTGTGGACACCCTAAA-1,-9.45920010053549,35.55509789888228
TTGTGGACACCTGCAG-1,10.324929644399633,-8.801549663626034
TTGTGGACATCATGAC-1,10.149078991444101,26.23015390975019
TTGTGGACATGCCGGT-1,-17.093542445548827,9.255525869551436
TTGTGGACATGGACAG-1,2.66124435052388,10.905105969679548
TTGTGGAGTACGTGTT-1,-7.107414615687934,-29.99225731960571
TTGTGGATCATCGCCT-1,-27.963603057938517,0.3951700995613821
TTGTGGATCCGTGTCT-1,8.486983688649516,20.797868037785832
TTGTGGATCCTATGGA-1,19.354174037041226,0.46273416173998216
TTGTGTTAGTCACTAC-1,16.704274306813097,-0.6630492223773566
TTGTGTTAGTCATGGG-1,17.84302250136079,-10.739617802487121
TTGTGTTCAAATCAGA-1,0.8651869151223679,-16.893861919950353
TTGTGTTCAGACAAAT-1,17.81940525844381,-24.446050839576483
TTGTGTTGTAACCCTA-1,-0.28622666580980766,-11.595944891061869
TTGTGTTGTATCGGTT-1,-5.712797703369942,22.652565006339557
TTGTGTTGTGATTCAC-1,-29.16630332146332,-9.708881199627875
TTGTGTTGTGGTAACG-1,-8.631835292422384,-16.873168032432623
TTGTGTTTCCCTCTCC-1,7.600114100204866,-8.377480329849986
TTGTTCAAGAGCTGAC-1,-22.15365132561975,-21.90899458583091
TTGTTCAAGCATGGGT-1,12.418091588390046,30.39292072017306
TTGTTCAAGCGACTGA-1,13.592393616854185,31.303468239587907
TTGTTCAAGGATCATA-1,15.957376584096469,1.344111528571344
TTGTTCAAGTTCCGGC-1,3.1053027262165664,17.50373414774814
TTGTTCACAACCAATC-1,3.7327966954428904,-1.280122983802772
TTGTTCACAGAACTTC-1,-5.954153587370086,17.1909480113693
TTGTTCACATACTGAC-1,11.503146004649434,40.013219019493626
TTGTTCAGTGCACGCT-1,19.862122088125016,-1.3439815951368312
TTGTTCATCACTTATC-1,-1.1275236028809084,31.57977721492017
TTGTTGTAGACTGTTC-1,9.55127711341179,38.32104160829457
TTGTTGTAGATGCTTC-1,9.186455839106797,11.393640672636387
TTGTTGTAGCACTGGA-1,3.3595058568180973,29.44211335843536
TTGTTGTAGGTGAGCT-1,13.952246660552966,-24.647251717947093
TTGTTGTAGTCGCCAC-1,15.324906906985719,10.90939621604043
TTGTTGTCACATTCTT-1,-10.2025761502805,5.500132316292271
TTGTTGTCACTGGACC-1,15.950053656585704,38.85081244426162
TTGTTGTCATGCCATA-1,-4.644321427166726,-32.86843249889667
TTGTTGTTCCAATGCA-1,19.512338227362513,-3.6980605088943235
TTGTTGTTCCTTGAAG-1,-23.72438072193847,9.144542928411882
TTGTTGTTCGTACCTC-1,-8.522741408818808,-11.010892331464746
TTGTTGTTCTTGCGCT-1,4.847379029096924,29.654036873064765
TTGTTTGAGAGTCCGA-1,-16.658506615324743,-23.15111773290331
TTGTTTGAGCAGGCTA-1,-22.631775978493266,-14.50621308845857
TTGTTTGAGGATATAC-1,12.621351514247152,28.116023253427528
TTGTTTGCAGCTAACT-1,-12.171087228909716,-21.120080066528907
TTGTTTGTCAAGCCGC-1,27.853721736873748,-4.177634338932195
TTGTTTGTCCAAGCCG-1,18.350051625908,6.505383566010301
TTGTTTGTCCTGTTAT-1,-15.257191804891297,6.689464544789529
TTGTTTGTCGACATAC-1,-5.006853127207881,39.424442561322806
TTGTTTGTCGCTGATA-1,4.094405855232309,-10.523361520139149
TTTACCACACGGCACT-1,5.787463144990778,0.7769094742577186
TTTACCACAGTTAGGG-1,-1.9365210498108585,23.217885232626664
TTTACCACATCCGTGG-1,1.1066493219918567,-26.722053440027537
TTTACCAGTACCTATG-1,-27.5479070069909,5.242957304991238
TTTACCAGTCGGAAAC-1,8.056856812391,39.62830072801795
TTTACCATCTATCGCC-1,14.47714769295879,0.9831590531968218
TTTACGTAGCGCCGTT-1,26.063544985190656,-6.927562066646157
TTTACGTAGGGTGAGG-1,14.426816540494913,29.824305789013003
TTTACGTAGTAGCCAG-1,-4.673321943815546,-23.965484566867673
TTTACGTGTCACAATC-1,-9.581566874075177,19.71734577316028
TTTACTGCATTATGCG-1,1.2558517776284213,40.75117513799134
TTTACTGGTACCAGAG-1,7.388278295581057,0.6833712932016895
TTTACTGGTATGAGAT-1,-8.989785497742231,-29.759150585607163
TTTACTGTCGTGCACG-1,11.677736295969783,38.78585032175167
TTTAGTCAGGATGAGA-1,6.396811501139386,27.5672478287532
TTTAGTCCAATACGCT-1,0.21707007865509817,-27.800547862335208
TTTAGTCTCGCAGTCG-1,6.840056119860908,3.2505681863820137
TTTAGTCTCTGCGATA-1,2.423511725205293,44.466496002681794
TTTAGTCTCTGGTCAA-1,1.357171091749323,8.539649918065574
TTTATGCAGACAGCTG-1,-12.545715051332953,-26.29686822561318
TTTATGCAGCTGGTGA-1,-2.0274641645157194,26.343348553962755
TTTATGCAGGCTAGCA-1,25.660973412476864,-6.322409104646104
TTTATGCGTAGGACCA-1,-5.245687392679754,-19.56964522094261
TTTATGCTCACACCGG-1,13.97459584573634,-9.427775375617934
TTTATGCTCGTGTTCC-1,9.893153989707747,-20.370376816324693
TTTCACAAGCTAGAAT-1,-14.486314381412098,7.141280147259071
TTTCACAGTACCCACG-1,13.531737791447432,-9.114199537047512
TTTCACAGTGTTGCCG-1,1.8625103142804889,-19.95325450598489
TTTCACATCAAGCTGT-1,-18.45103018399746,5.889234113582353
TTTCACATCTACTGAG-1,-11.962344527879921,-23.212184956926297
TTTCACATCTCACTCG-1,-0.2036165537004764,20.007521484582508
TTTCAGTAGCGAAACC-1,26.104265538337796,2.761784039077321
TTTCAGTCAAACACGG-1,17.22177955827752,3.407978151986117
TTTCAGTTCATGAGAA-1,-1.7154112217027564,-23.99009694055609
TTTCAGTTCCATTCAT-1,-9.928140598295071,-7.983642922525389
TTTCATGCAGTTGGTT-1,-20.44116276096533,-3.6722365168636193
TTTCATGCATGAAAGT-1,11.151882054357708,-14.878762761191688
TTTCATGGTTCCAAAC-1,-29.357734281546023,4.285932060243271
TTTCATGTCTTAAGGC-1,-1.5158063694030284,-3.073880282724772
TTTCCTCAGGATCACG-1,-23.42657658160223,7.919384517353922
TTTCCTCCAATCGCAT-1,0.46485090245631905,31.78679637068997
TTTCCTCGTAAGACCG-1,0.3186023010292316,-18.452176827184175
TTTCCTCGTTGTGCAT-1,11.720639671277965,7.173141364546934
TTTCCTCTCCATACAG-1,14.529562858195767,1.055175706713395
TTTCCTCTCGTGTGAT-1,16.967219809997413,-6.428156446827496
TTTCCTCTCTCTCTTC-1,-17.42051597550173,-26.507402426033554
TTTCGATAGGTAGTCG-1,12.758042547204914,30.259750243592112
TTTCGATCAATACCCA-1,4.889011289316643,-16.49339770217845
TTTCGATCACAGCCAC-1,-7.254012229775317,35.61727616685107
TTTCGATGTCGAACAG-1,11.698533875709908,-24.288836725154297
TTTCGATGTCGGCTAC-1,-12.699233871098334,-24.15092246719365
TTTCGATTCAACGAGG-1,-31.428863433942677,6.65542651272337
TTTCGATTCATTTGGG-1,24.3245435627153,1.76224032214144
TTTCGATTCGGAATTC-1,-8.729341314323339,-2.552944527035777
TTTGACTGTAAGGCTG-1,4.876767110552409,-17.99918156894041
TTTGACTGTAGCTCGC-1,-0.45822667299804526,-9.858921374302396
TTTGACTGTCTCCCTA-1,-1.9793640518479703,28.587758290414435
TTTGACTGTTGTGCCG-1,9.379583967883688,6.062036817723476
TTTGATCAGACCATAA-1,16.249069826886686,35.24897401067643
TTTGATCCAAATGCTC-1,-15.057904864746991,11.591889901011452
TTTGATCCAGGTAGTG-1,21.690031889857817,-23.435767510342664
TTTGATCCATACGCAT-1,-17.018019748768697,0.8610243463311364
TTTGATCGTACTCGTA-1,6.976548860665122,35.28565365469467
TTTGATCGTATCCTTT-1,-13.98634323868305,-6.651268150107488
TTTGATCGTGGAGAAA-1,6.923581946200577,-34.565316273613945
TTTGATCTCAAGCCCG-1,-29.891644571170506,0.8620743574897366
TTTGGAGAGGGTATAT-1,-20.235051761949105,-0.017715470432009082
TTTGGAGCAGACAAGC-1,18.413916682385217,-0.3523748383455341
TTTGGAGTCCCGAACG-1,-22.05435038512934,-12.007566446780762
TTTGGAGTCGTGGTAT-1,-16.94050037939762,-17.888958272881524
TTTGGAGTCTGCTTAT-1,-25.648474450620355,6.449622058694741
TTTGGTTAGAACAGGA-1,0.900105039514872,-6.070031719438098
TTTGGTTAGCAGATAT-1,6.846256792667867,33.53156022891887
TTTGGTTCACTAGGCC-1,-13.16799412168757,-4.905271803702968
TTTGGTTCAGCTACCG-1,-29.502931330633352,6.179471699742186
TTTGGTTCAGGACATG-1,-0.925989861084557,-4.071228601944288
TTTGGTTGTACAAGCG-1,0.993832362226735,26.629087404135383
TTTGGTTGTCGCAGTC-1,-0.47434500396728363,-8.319004852993928
TTTGGTTTCAAAGGAT-1,4.660942993050954,5.30755689762111
TTTGTTGAGAACGTGC-1,20.485064001499552,3.9715212282945034
TTTGTTGGTAGGAAAG-1,10.901003884987277,-21.60630388137414
TTTGTTGGTGCAATGG-1,9.208692845590827,-24.29038638279152
TTTGTTGTCAAACGTC-1,-6.3720185317649785,-9.066732425973624
TTTGTTGTCGCGGACT-1,14.229190722562805,34.175392611992095
TTTGTTGTCGCTGTCT-1,-10.348370293340263,-29.39905657955338
TTTGTTGTCGTCCATC-1,6.429532777026564,-12.772621360104482
TTTGTTGTCTGAGATC-1,15.22246074702134,6.630364203567384
