Barcode,Cluster
AAACCCAAGCTGAGCA-1,1
AAACCCAAGCTGTCCG-1,1
AAACCCACACAAATGA-1,2
AAACCCAGTATCTTCT-1,2
AAACCCAGTCGATTCA-1,1
AAACGAACAGGTTCGC-1,2
AAACGAAGTATTTCCT-1,1
AAACGAAGTCTTGAAC-1,1
AAACGAATCTCTGGTC-1,1
AAACGCTAGAGTGAAG-1,1
AAACGCTAGTCACTGT-1,1
AAAGAACAGAAACTGT-1,1
AAAGAACCAAAGGCGT-1,1
AAAGAACCACAAACGG-1,1
AAAGAACCAGTCAACT-1,2
AAAGAACCATTGTCGA-1,1
AAAGAACGTACCTAAC-1,1
AAAGAACGTCGGCTAC-1,1
AAAGAACGTTCAGCGC-1,1
AAAGAACTCAAACGAA-1,1
AAAGAACTCACATACG-1,1
AAAGAACTCTAGCATG-1,1
AAAGAACTCTGCCCTA-1,2
AAAGGATAGAAACTCA-1,1
AAAGGATCAAGCTACT-1,1
AAAGGATCACGCAAAG-1,1
AAAGGATGTACGGTTT-1,1
AAAGGATTCGGACCAC-1,1
AAAGGGCAGGAACGAA-1,2
AAAGGGCAGGTTACCT-1,1
AAAGGGCCAAACTAGA-1,2
AAAGGGCCAAATCAGA-1,1
AAAGGGCTCAATCTCT-1,1
AAAGGTACACGGTAGA-1,1
AAAGGTATCATACGGT-1,1
AAAGTCCAGTCGCTAT-1,1
AAAGTCCCAGGTCAAG-1,1
AAAGTCCGTAACGGTG-1,2
AAAGTCCGTTCCAAAC-1,1
AAAGTCCTCTGAGAGG-1,2
AAAGTGAAGACCAACG-1,1
AAAGTGAAGAGCCATG-1,1
AAAGTGAAGCTCTTCC-1,1
AAAGTGACAGGAATAT-1,2
AAAGTGAGTACGATGG-1,1
AAAGTGAGTCAGTTTG-1,1
AAAGTGAGTGTCGATT-1,2
AAAGTGATCACTGTTT-1,1
AAATGGACATGAAGCG-1,1
AAATGGAGTGAATGAT-1,1
AAATGGAGTGAGTAGC-1,1
AAATGGAGTTCGCGTG-1,1
AAATGGATCCTCACTG-1,2
AACAAAGAGATTGTGA-1,1
AACAAAGAGTTGCGCC-1,1
AACAAAGCACACCGAC-1,2
AACAAAGGTGGTTTAC-1,1
AACAAAGTCAAGAAAC-1,2
AACAAAGTCACGGAGA-1,1
AACAACCAGGAAGAAC-1,1
AACAACCAGGCTAACG-1,1
AACAACCCAGCAGTGA-1,1
AACAACCGTTTACGAC-1,1
AACAACCGTTTCTATC-1,1
AACAAGAAGAGCAGAA-1,2
AACAAGAAGGCATCAG-1,1
AACAAGAAGTAGAGTT-1,1
AACAAGAAGTTCATGC-1,1
AACAAGACACTGCATA-1,1
AACAAGACAGGAATAT-1,2
AACAAGAGTAATTAGG-1,1
AACAAGAGTGTTACAC-1,1
AACAAGAGTTATGACC-1,1
AACAAGATCGCCTATC-1,1
AACAAGATCGGTGTTA-1,1
AACACACCAGAGCTAG-1,1
AACAGGGAGACTAGAT-1,1
AACAGGGAGCGGATCA-1,1
AACAGGGAGCGTATGG-1,1
AACAGGGAGTTGCCTA-1,1
AACAGGGCAGAAGTTA-1,1
AACAGGGCAGCACAAG-1,1
AACAGGGGTCGACTTA-1,1
AACAGGGGTTAGAGAT-1,1
AACAGGGTCATTCACT-1,1
AACCAACAGCTGGCCT-1,1
AACCAACAGTAAGAGG-1,1
AACCAACGTCAAGGCA-1,2
AACCAACGTGGAAATT-1,2
AACCAACGTTGGCTAT-1,1
AACCAACTCGATGCAT-1,1
AACCACAAGCTCACTA-1,2
AACCACAGTGCGCTCA-1,1
AACCACAGTTGAGTCT-1,1
AACCATGAGGATATAC-1,1
AACCATGCAAACTCTG-1,1
AACCATGCATACTTTC-1,1
AACCATGCATGGGAAC-1,1
AACCATGGTCCGATCG-1,1
AACCATGGTTCAGTAC-1,1
AACCATGTCGGCTGGT-1,1
AACCCAAAGGTTCACT-1,1
AACCCAACAGACGGAT-1,1
AACCCAAGTGGGAGAG-1,1
AACCCAATCACTGATG-1,1
AACCCAATCCCATTCG-1,1
AACCTGAAGACCCTTA-1,1
AACCTGAAGCTAGTTC-1,1
AACCTGAGTACACTCA-1,1
AACCTGATCGTTAGTG-1,1
AACCTTTCACCGTACG-1,2
AACCTTTGTATCGCTA-1,1
AACCTTTGTCAACACT-1,2
AACCTTTGTTCCGCTT-1,1
AACCTTTGTTTCGTGA-1,1
AACGAAAAGATAGGGA-1,1
AACGAAAAGCCATCCG-1,1
AACGAAAAGTGATTCC-1,2
AACGAAACAATGCAAA-1,2
AACGAAACAGCTTCCT-1,1
AACGAAAGTGCGAACA-1,1
AACGAAAGTGTCCCTT-1,1
AACGAAATCAAAGAAC-1,1
AACGGGAAGCACTCAT-1,1
AACGGGAAGGGATCAC-1,1
AACGGGACAGTGTACT-1,1
AACGGGACATTCTCCG-1,1
AACGTCAAGGTCTTTG-1,1
AACGTCAAGTAAGGGA-1,1
AACGTCACAATTTCGG-1,1
AACGTCACACGGCGTT-1,1
AACGTCACACTACGGC-1,1
AACGTCACACTGTCCT-1,1
AACGTCACAGGCATTT-1,1
AACGTCACATTAGGCT-1,2
AACGTCAGTCGATTCA-1,1
AACGTCATCGGACGTC-1,1
AACGTCATCGGTAAGG-1,2
AACGTCATCTGGTTGA-1,1
AACTTCTCAAACGGCA-1,1
AACTTCTCACCGTCTT-1,1
AACTTCTGTACTCGAT-1,1
AACTTCTGTCTTGTCC-1,2
AACTTCTGTGCTGATT-1,1
AACTTCTTCACTCCGT-1,1
AACTTCTTCAGTCCGG-1,1
AACTTCTTCCTCTGCA-1,1
AACTTCTTCTACACTT-1,1
AACTTCTTCTGCCTCA-1,2
AAGAACACAATAACGA-1,1
AAGAACACAGATAAAC-1,1
AAGAACACAGTCAGAG-1,1
AAGAACACATTGCCGG-1,2
AAGAACAGTAAGCGGT-1,1
AAGACAAAGCTGCGAA-1,1
AAGACAAAGGAAACGA-1,1
AAGACAACATCGCTGG-1,1
AAGACAAGTCTCAAGT-1,2
AAGACTCAGATAACGT-1,1
AAGACTCAGCCTCAAT-1,1
AAGACTCAGCTGCCAC-1,1
AAGACTCAGTACGTCT-1,1
AAGACTCAGTTGAAAC-1,1
AAGACTCGTAGCGCCT-1,1
AAGACTCTCGGTCTAA-1,2
AAGATAGCAACATACC-1,1
AAGATAGTCTCCTGAC-1,1
AAGATAGTCTCTTAAC-1,1
AAGCATCAGACATCCT-1,1
AAGCATCAGATTGATG-1,1
AAGCATCAGCATAGGC-1,1
AAGCATCCAAGGCGTA-1,1
AAGCATCCAGATTCGT-1,2
AAGCATCCATACACCA-1,1
AAGCATCGTTAAAGTG-1,1
AAGCATCGTTTCAGAC-1,1
AAGCATCTCAAGCTGT-1,2
AAGCATCTCGGAAACG-1,1
AAGCATCTCGTGCATA-1,2
AAGCATCTCTATGTGG-1,1
AAGCCATAGGCTGAAC-1,1
AAGCCATCAGCGATTT-1,1
AAGCCATGTCAATGGG-1,2
AAGCCATGTGACTATC-1,1
AAGCCATGTTGCATTG-1,1
AAGCGAGAGATAACGT-1,1
AAGCGAGGTAGTTAGA-1,1
AAGCGAGTCAACTACG-1,2
AAGCGAGTCCGGTAAT-1,1
AAGCGAGTCCGTCACT-1,1
AAGCGAGTCTGCGTCT-1,1
AAGCGTTCAATACGCT-1,1
AAGCGTTGTTAGCGGA-1,1
AAGCGTTTCCGTGCGA-1,1
AAGGAATAGTCAGGGT-1,1
AAGGAATAGTGAGGCT-1,1
AAGGAATCAGACTGCC-1,1
AAGGAATCAGGCATTT-1,1
AAGGAATCATTCATCT-1,1
AAGGAATTCCACGGGT-1,2
AAGGAATTCCTTTGAT-1,1
AAGGTAAAGTTGCCTA-1,1
AAGGTAACACGAGGAT-1,1
AAGGTAACAGCGTGCT-1,1
AAGGTAACATATGAAG-1,1
AAGGTAACATTGCCTC-1,1
AAGGTAAGTCGTTTCC-1,2
AAGTACCAGATGATTG-1,1
AAGTACCCACAAATAG-1,2
AAGTACCCAGTTCTAG-1,1
AAGTACCTCATACGAC-1,1
AAGTACCTCCGTAGGC-1,1
AAGTACCTCCTTCGAC-1,2
AAGTCGTTCGTGTGGC-1,1
AAGTCGTTCTCAGGCG-1,1
AAGTCGTTCTTGCAAG-1,2
AAGTGAAAGGGTTAGC-1,1
AAGTGAAAGTACAACA-1,1
AAGTGAAAGTCGAAGC-1,2
AAGTGAACAATCGCGC-1,2
AAGTGAAGTCAAATCC-1,2
AAGTGAAGTTCACCGG-1,1
AAGTTCGAGATAGGGA-1,2
AAGTTCGCAACAGTGG-1,1
AAGTTCGCAAGTGTCT-1,1
AAGTTCGCAATGAGCG-1,1
AAGTTCGCAGAGGAAA-1,2
AAGTTCGCAGCCGTCA-1,1
AAGTTCGCATGACGGA-1,2
AAGTTCGGTCACTTCC-1,1
AAGTTCGTCGTCACCT-1,1
AAGTTCGTCTGTACAG-1,1
AATAGAGAGACTCAAA-1,1
AATAGAGAGGGCAATC-1,1
AATAGAGCAAGTCCCG-1,1
AATAGAGCAGAACTTC-1,2
AATAGAGCAGGAATAT-1,1
AATAGAGGTCAGTCGC-1,1
AATAGAGTCATTACTC-1,1
AATCACGCACAATGCT-1,1
AATCACGCACGACGCT-1,1
AATCACGGTAACATCC-1,1
AATCACGGTTCGAAGG-1,1
AATCACGGTTTCGTAG-1,1
AATCACGTCGAGAATA-1,1
AATCGACAGTCTGTAC-1,1
AATCGACCAGTAGTGG-1,1
AATCGACGTCGAACAG-1,1
AATCGACGTGTCTAAC-1,1
AATCGACTCGAGAGCA-1,1
AATCGTGAGTGTTCAC-1,1
AATCGTGCAAGTCCCG-1,2
AATCGTGCAGAGAGGG-1,1
AATCGTGTCAACACGT-1,1
AATGAAGAGAGGCGGA-1,1
AATGAAGCATGAATCC-1,1
AATGAAGGTCCCAAAT-1,2
AATGAAGGTGCACAAG-1,1
AATGAAGTCGGCTGTG-1,1
AATGACCGTACCTATG-1,2
AATGACCTCGCCTAGG-1,1
AATGACCTCGTAACTG-1,1
AATGCCAAGCGTCAGA-1,1
AATGCCACAAGACGAC-1,1
AATGCCACATGGTGGA-1,1
AATGCCATCAAGTAAG-1,1
AATGGAAAGGACGCTA-1,2
AATGGAAAGGTAAGGA-1,1
AATGGAACAACCGCTG-1,1
AATGGAACAACTCCAA-1,1
AATGGAACAAGAATAC-1,2
AATGGAAGTATCACGT-1,1
AATGGAATCGCTTAAG-1,1
AATGGCTAGAAACTAC-1,2
AATGGCTAGAGGACTC-1,1
AATGGCTAGGAAAGGT-1,1
AATGGCTAGGAACGCT-1,1
AATGGCTCACTGAATC-1,1
AATGGCTGTGTGAATA-1,1
AATGGCTTCGCTGACG-1,1
AATGGCTTCTCGGCTT-1,1
AATTCCTAGGATGCGT-1,1
AATTCCTCAGACTGCC-1,1
AATTCCTCAGTTCACA-1,2
AATTCCTCATTGGGAG-1,2
AATTCCTGTTTGGGAG-1,1
AATTCCTTCGCGCCAA-1,1
AATTCCTTCTGTCAGA-1,2
AATTTCCAGAAACTCA-1,1
AATTTCCAGAGCATTA-1,1
AATTTCCAGCCTATCA-1,1
AATTTCCAGTGTTGTC-1,1
AATTTCCCAACGCATT-1,1
AATTTCCGTATCGTGT-1,1
AATTTCCTCCGTATGA-1,1
AATTTCCTCGTCTCAC-1,1
AATTTCCTCTCTCGAC-1,1
AATTTCCTCTGACCCT-1,1
AATTTCCTCTTAAGGC-1,2
ACAAAGAAGTTATGGA-1,1
ACAAAGACATGACGGA-1,1
ACAAAGATCACTCTTA-1,1
ACAAAGATCATAGAGA-1,1
ACAAAGATCGATACAC-1,1
ACAAAGATCGCAGTGC-1,1
ACAACCAAGAGGCTGT-1,1
ACAACCACAATAGTCC-1,2
ACAACCACACATAACC-1,2
ACAAGCTAGAGGCGGA-1,1
ACAAGCTAGTTGGACG-1,1
ACAAGCTAGTTGGGAC-1,1
ACAAGCTCAATGTGGG-1,1
ACAAGCTTCAAACTGC-1,1
ACAAGCTTCACCATAG-1,1
ACAAGCTTCGGCCTTT-1,1
ACAAGCTTCTCCTGCA-1,2
ACACAGTAGGCGTCCT-1,1
ACACAGTAGGGACACT-1,1
ACACAGTAGGGCTGAT-1,1
ACACAGTAGGTAAGAG-1,1
ACACAGTAGTTCCGGC-1,1
ACACAGTCACTTGACA-1,1
ACACAGTTCCATTGCC-1,1
ACACAGTTCTAGAGCT-1,1
ACACCAAAGGGAGGCA-1,1
ACACCAAGTAGGTACG-1,1
ACACCAATCCCTCAAC-1,2
ACACCAATCGTCCTTG-1,1
ACACGCGAGAGGCTGT-1,1
ACACGCGAGAGTTGCG-1,2
ACACGCGAGGAACTCG-1,1
ACACGCGAGTAACCTC-1,2
ACACGCGCAAGCCATT-1,1
ACACGCGTCGCCACTT-1,1
ACACGCGTCTACTATC-1,1
ACACTGACAACCGACC-1,1
ACACTGACATGTGCTA-1,1
ACACTGAGTCACATTG-1,1
ACACTGATCAAGTGGG-1,1
ACACTGATCGCCACTT-1,1
ACACTGATCGTCAGAT-1,1
ACAGAAAAGATAGCTA-1,1
ACAGAAAAGCGTGAGT-1,1
ACAGAAACACCTCGTT-1,1
ACAGAAAGTATTTCGG-1,1
ACAGAAAGTCCAGGTC-1,1
ACAGAAAGTCGCCACA-1,2
ACAGAAAGTCTTTATC-1,1
ACAGCCGAGCCAACCC-1,1
ACAGCCGAGCTTGTTG-1,1
ACAGCCGAGTGCTCAT-1,2
ACAGCCGTCGCCACTT-1,1
ACAGCCGTCTATGCCC-1,2
ACAGCCGTCTCCTACG-1,1
ACAGGGAAGATAGCTA-1,1
ACAGGGAAGCTAAGTA-1,1
ACAGGGAAGGAAAGGT-1,1
ACAGGGACACTATCCC-1,1
ACAGGGACACTCTGCT-1,1
ACAGGGATCTAACGCA-1,2
ACAGGGATCTCTGCTG-1,1
ACAGGGATCTGTAACG-1,1
ACATCCCAGTGCACTT-1,2
ACATCCCCAAGAGAGA-1,1
ACATCCCCATTGCTGA-1,1
ACATCCCTCACTGCTC-1,1
ACATCGAAGTACTGTC-1,1
ACATCGAGTAAGCGGT-1,2
ACATCGAGTAGTCACT-1,2
ACATCGAGTCAATCTG-1,1
ACATCGAGTTATGGTC-1,1
ACATCGATCAGCGGAA-1,1
ACATCGATCTTGGATG-1,1
ACATGCAAGTTACGAA-1,2
ACATGCACAATTCACG-1,1
ACATGCAGTTCCGCGA-1,2
ACATGCAGTTGACTGT-1,1
ACATGCATCTGTTGGA-1,1
ACATTTCAGGTTAAAC-1,1
ACATTTCTCGCTGTCT-1,1
ACATTTCTCGGAACTT-1,1
ACCAAACCACGAGGTA-1,1
ACCAAACCACTGTGTA-1,1
ACCAAACGTAGTTCCA-1,1
ACCAAACGTCTTACAG-1,1
ACCAAACGTTGGAGAC-1,2
ACCAAACTCGCCTTTG-1,2
ACCAACAAGACAACTA-1,1
ACCAACAAGTCCTGCG-1,1
ACCAACACAGAACTTC-1,1
ACCAACAGTATTGGCT-1,2
ACCACAAAGTTGAATG-1,1
ACCACAACAAGTCGTT-1,1
ACCACAACACCATATG-1,1
ACCACAAGTGTCGCTG-1,1
ACCACAATCTATTGTC-1,1
ACCATTTAGAGGGTGG-1,1
ACCATTTCATTCACAG-1,2
ACCATTTGTATTGACC-1,1
ACCATTTGTCAGACTT-1,2
ACCATTTGTCCTTGTC-1,1
ACCATTTGTGCATTTG-1,1
ACCATTTTCGGTGTAT-1,2
ACCATTTTCTCTAGGA-1,2
ACCCAAAAGCTGTGCC-1,2
ACCCAAACAGTCTTCC-1,2
ACCCAAAGTCTTGTCC-1,1
ACCCAAATCTCCAAGA-1,1
ACCCTCAAGAAGGTAG-1,1
ACCCTCAAGCGTCGAA-1,1
ACCCTCAAGGTTACAA-1,1
ACCCTCAGTATCGCGC-1,1
ACCCTCATCAAGCTGT-1,1
ACCCTTGAGCTCATAC-1,1
ACCCTTGAGTCCCGAC-1,1
ACCGTTCGTAGACAAT-1,1
ACCGTTCGTTACAGCT-1,1
ACCTACCAGCGACTAG-1,2
ACCTACCAGGGTAGCT-1,1
ACCTACCGTCGTTTCC-1,1
ACCTACCGTTGCGGCT-1,1
ACCTACCTCAGCTGTA-1,1
ACCTACCTCCGTGTAA-1,1
ACCTACCTCGTTCATT-1,1
ACCTACCTCTTTCGAT-1,1
ACCTGAAAGCGACATG-1,2
ACCTGAACATGCAGGA-1,1
ACCTGAAGTCGCACAC-1,1
ACCTGAATCCTTTGAT-1,2
ACCTGTCAGCACTGGA-1,2
ACCTGTCAGGATCATA-1,1
ACCTGTCCACTATCGA-1,2
ACCTGTCTCATGCCAA-1,1
ACCTGTCTCCAGTTCC-1,1
ACGATCAAGTACCCTA-1,2
ACGATCACATAGAAAC-1,1
ACGATCATCATCCCGT-1,1
ACGATGTAGTGCTACT-1,1
ACGATGTAGTTTGGCT-1,1
ACGATGTCAGATCATC-1,1
ACGATGTGTATGGTTC-1,2
ACGATGTGTATTAAGG-1,1
ACGATGTGTCGTGGTC-1,2
ACGATGTGTTCCAAAC-1,1
ACGATGTTCTATACTC-1,1
ACGATGTTCTGCTTAT-1,1
ACGCACGCAAGTTGGG-1,1
ACGCACGCACCGTCGA-1,1
ACGCACGCAGAAATTG-1,1
ACGCACGTCGTGCACG-1,2
ACGCACGTCTCGACGG-1,2
ACGGAAGAGTCTAGAA-1,1
ACGGAAGCAGTAACAA-1,1
ACGGAAGTCATCGGGC-1,1
ACGGAAGTCGAATGCT-1,1
ACGGGTCGTATTGAGA-1,1
ACGGGTCGTCAACATC-1,1
ACGGGTCGTGCACATT-1,2
ACGGGTCGTGTTGATC-1,1
ACGGGTCTCATTGAGC-1,2
ACGGTCGAGAGTCAGC-1,1
ACGGTCGAGATAGTCA-1,1
ACGGTCGAGATCACCT-1,1
ACGGTCGCACTCACTC-1,1
ACGGTCGCAGCTCATA-1,1
ACGGTCGGTGGACTAG-1,1
ACGGTCGTCGATACAC-1,1
ACGGTCGTCGGTGCAC-1,1
ACGGTTAAGAGACAAG-1,2
ACGGTTACACTTACAG-1,1
ACGGTTATCACGGACC-1,1
ACGGTTATCAGACATC-1,1
ACGGTTATCAGTGTGT-1,1
ACGGTTATCTGTCGCT-1,1
ACGTAACAGGTCCCTG-1,1
ACGTAACAGTCTGGTT-1,1
ACGTAACCATATGGCT-1,2
ACGTAACCATGTGCTA-1,2
ACGTAACTCACCTTGC-1,1
ACGTAACTCAGACTGT-1,1
ACGTACAAGCAGAAAG-1,1
ACGTACAAGTTACGAA-1,2
ACGTACACACTAAACC-1,1
ACGTACAGTACGACTT-1,1
ACGTACATCAAAGGTA-1,1
ACGTACATCCTACCGT-1,2
ACGTACATCCTCACTG-1,1
ACGTACATCGGCCCAA-1,2
ACGTAGTAGCAGGCTA-1,1
ACGTAGTAGGCCCGTT-1,1
ACGTAGTAGGTCCTGC-1,1
ACGTAGTAGTCATGCT-1,1
ACGTAGTCACTACCGG-1,1
ACGTAGTGTTAATGAG-1,1
ACGTAGTTCTCCGCAT-1,1
ACGTCCTAGTCGAAGC-1,1
ACGTCCTCAATGGCAG-1,1
ACGTCCTCACCTATCC-1,2
ACGTCCTCAGTAGTGG-1,1
ACGTCCTGTACGAGCA-1,1
ACGTCCTGTATCAAGA-1,1
ACGTCCTGTCGTTCAA-1,2
ACGTCCTGTGAGTTGG-1,2
ACGTTCCAGTACTCGT-1,1
ACGTTCCAGTGGATAT-1,1
ACGTTCCGTACGCGTC-1,1
ACGTTCCGTCGCACAC-1,1
ACGTTCCGTGGTTCTA-1,1
ACGTTCCGTGTCGATT-1,2
ACGTTCCTCCTACACC-1,1
ACTACGAAGACTTAAG-1,2
ACTACGAAGAGGACTC-1,1
ACTACGAAGGCTCAAG-1,1
ACTACGAGTCACAGTT-1,1
ACTACGAGTCTGTCCT-1,1
ACTACGAGTTGAGAGC-1,1
ACTACGATCGGCGATC-1,1
ACTATCTAGCAGCCCT-1,1
ACTATCTCACGCTGCA-1,1
ACTATCTGTCAGTCTA-1,1
ACTATCTTCAAGATAG-1,2
ACTATCTTCAATCTCT-1,1
ACTATCTTCCGCACTT-1,1
ACTATGGAGAATTGTG-1,1
ACTATGGCAAGCGATG-1,1
ACTATGGCAAGTGACG-1,2
ACTATGGCAGGGAGAG-1,1
ACTATGGTCCTGATAG-1,1
ACTATGGTCGTGCACG-1,1
ACTATGGTCTGTGTGA-1,1
ACTATTCAGCGAGGAG-1,1
ACTATTCAGTAGTGCG-1,1
ACTATTCCAAACTCTG-1,1
ACTATTCGTAGCTGAG-1,1
ACTATTCGTTCCAGGC-1,1
ACTATTCTCCATCGTC-1,1
ACTATTCTCTTCGTAT-1,1
ACTCCCAAGCGCTGCT-1,1
ACTCCCAAGCTTAAGA-1,1
ACTCCCAAGGTAAAGG-1,1
ACTCCCAAGGTAGTAT-1,1
ACTCCCACAGGAGGTT-1,1
ACTCCCAGTCGGCACT-1,1
ACTCCCAGTTCTTCAT-1,1
ACTCCCATCAGTCTTT-1,1
ACTCTCGAGGTTCACT-1,1
ACTCTCGCACACACTA-1,2
ACTCTCGCAGCAGTGA-1,1
ACTCTCGCAGTCAGTT-1,1
ACTCTCGGTGTGTGGA-1,1
ACTCTCGGTTTGATCG-1,1
ACTCTCGTCACTGATG-1,2
ACTCTCGTCATACAGC-1,2
ACTCTCGTCTGGTGCG-1,1
ACTCTCGTCTTCCCAG-1,1
ACTGATGAGGCTCTAT-1,1
ACTGATGAGTTTGCTG-1,2
ACTGATGCATCCCACT-1,2
ACTGATGGTAATTGGA-1,2
ACTGATGTCCTCACTG-1,1
ACTGATGTCCTCAGAA-1,2
ACTGATGTCGCCGAGT-1,1
ACTGTCCAGAGCAGAA-1,1
ACTGTCCAGGATTTAG-1,1
ACTGTCCCATTGACCA-1,1
ACTGTCCGTAGAGATT-1,1
ACTGTCCGTAGCGTTT-1,2
ACTGTCCGTCTCACAA-1,2
ACTGTCCGTTTCACTT-1,1
ACTGTCCTCCTCAGGG-1,1
ACTGTCCTCTCAACGA-1,1
ACTGTGACAATACGCT-1,1
ACTGTGAGTACTGAGG-1,1
ACTGTGAGTAGGCAGT-1,1
ACTGTGAGTGTTCGTA-1,1
ACTGTGAGTTATCCAG-1,2
ACTGTGATCGCTGACG-1,1
ACTTAGGAGCCTCAAT-1,1
ACTTAGGAGCGGACAT-1,1
ACTTAGGAGTCTTCCC-1,1
ACTTAGGCAGCAGTAG-1,1
ACTTAGGGTATACAGA-1,1
ACTTAGGGTGTCCAAT-1,1
ACTTAGGGTGTGACCC-1,1
ACTTAGGGTTGCGTAT-1,1
ACTTAGGTCTTCCAGC-1,1
ACTTATCAGTGGTGGT-1,2
ACTTATCCACGACGAA-1,1
ACTTATCCACTAACCA-1,1
ACTTATCCATACAGGG-1,2
ACTTATCGTTTGCAGT-1,1
ACTTATCTCGCTCATC-1,1
ACTTATCTCGGACCAC-1,1
ACTTCCGAGATAACAC-1,2
ACTTCCGAGGAGATAG-1,2
ACTTCCGCATCGTGGC-1,1
ACTTCCGGTGCAGGAT-1,2
ACTTCCGTCGAGCCTG-1,1
ACTTCCGTCGCGTTTC-1,2
ACTTCCGTCGCTCCTA-1,1
ACTTCCGTCGGCTGTG-1,1
ACTTCGCAGAACTCCT-1,1
ACTTCGCAGTCTTCCC-1,1
ACTTCGCCACGACGTC-1,1
ACTTCGCCAGAGGACT-1,1
ACTTCGCGTACCAGAG-1,1
ACTTCGCGTACCGGCT-1,1
ACTTCGCGTAGCACGA-1,1
ACTTCGCGTGAACTAA-1,1
ACTTCGCGTGAGTAGC-1,2
ACTTTCAAGAGGTTAT-1,2
ACTTTCACACCTTCCA-1,1
ACTTTCAGTGTACAGG-1,1
ACTTTCAGTTCCGTTC-1,1
ACTTTCATCACAAGGG-1,1
ACTTTGTCAACTTCTT-1,1
ACTTTGTCATGACGAG-1,1
ACTTTGTGTATGTCAC-1,1
ACTTTGTGTGTTACTG-1,1
ACTTTGTTCAATCAGC-1,2
ACTTTGTTCCGCTTAC-1,1
ACTTTGTTCTGCGTCT-1,1
AGAAATGAGATGCGAC-1,1
AGAAATGCAACACAGG-1,1
AGAAATGGTCACTCAA-1,1
AGAAATGGTCCCAAAT-1,1
AGAAATGGTCGACTGC-1,2
AGAAATGGTCTCAGAT-1,1
AGAAATGTCAAATAGG-1,1
AGAAATGTCGTTCGCT-1,1
AGAAATGTCTAGCCTC-1,1
AGAACAAAGAACCGCA-1,1
AGAACAAGTAAGCAAT-1,1
AGAACAAGTATTGAGA-1,1
AGAACAAGTCAGCTTA-1,1
AGAACAAGTTGCATAC-1,2
AGAACAATCCCGTTGT-1,1
AGAACAATCTCCTGAC-1,1
AGAACCTAGAGGACTC-1,1
AGAACCTGTGCATACT-1,1
AGAACCTGTTGTGTTG-1,1
AGAACCTTCTCATGCC-1,2
AGAAGCGAGAAGTGTT-1,1
AGAAGCGAGGCGATAC-1,1
AGAAGCGAGTAAGGGA-1,1
AGAAGCGCATGATAGA-1,1
AGAAGCGGTGAGGAAA-1,1
AGAAGTAAGCAGCACA-1,1
AGAAGTACAAGAAATC-1,2
AGAAGTACACAAGCCC-1,1
AGAAGTACACCTTCCA-1,2
AGAAGTAGTGATCATC-1,2
AGAAGTATCAGACCCG-1,2
AGAAGTATCTGAGCAT-1,1
AGACAAAAGTAATCCC-1,1
AGACAAACAGTTGTTG-1,1
AGACAAAGTACGACAG-1,2
AGACAAAGTGGGTTGA-1,1
AGACAAATCTATGCCC-1,2
AGACACTAGCGACTGA-1,1
AGACACTAGCTCGCAC-1,1
AGACACTCAATAGTAG-1,1
AGACACTGTAACATAG-1,1
AGACACTGTATTCCTT-1,1
AGACACTGTGGCAACA-1,2
AGACACTTCCCTATTA-1,1
AGACAGGGTGGTCTCG-1,1
AGACAGGGTTCCACAA-1,1
AGACCATCATCATTTC-1,1
AGACCATCATTGCAAC-1,1
AGACCATGTATTGACC-1,1
AGACCATTCCTCACCA-1,1
AGACCATTCGCCGTGA-1,1
AGACCCGAGCACTGGA-1,1
AGACCCGAGCGATGCA-1,2
AGACCCGAGTAACGTA-1,1
AGACCCGCACGTTCGG-1,1
AGACCCGGTGCAAGAC-1,1
AGACCCGTCATCTATC-1,1
AGACCCGTCCCTCGAT-1,1
AGACTCAAGACGCCAA-1,1
AGACTCAAGAGAAGGT-1,2
AGACTCAAGCTGTCCG-1,1
AGACTCAGTAGTCTTG-1,1
AGACTCAGTTAATCGC-1,1
AGACTCAGTTACCTGA-1,2
AGACTCAGTTGGGTTT-1,1
AGACTCATCGGTGTTA-1,2
AGAGAATAGAGAATCT-1,1
AGAGAATCATTCAGGT-1,1
AGAGAATTCCGATAAC-1,1
AGAGAGCCACCAGTTA-1,1
AGAGAGCGTAGGGAGG-1,1
AGAGAGCTCATGCGGC-1,1
AGAGCAGAGATTGACA-1,1
AGAGCAGCATCGCTGG-1,1
AGAGCAGGTCGCAACC-1,1
AGAGCAGTCAGTGGGA-1,1
AGAGCCCAGATACTGA-1,1
AGAGCCCCACAGTCCG-1,1
AGAGCCCGTTCAGCTA-1,1
AGAGCCCTCCACTGGG-1,1
AGAGCCCTCGGACGTC-1,1
AGAGCCCTCGTCACCT-1,1
AGAGCCCTCTCATTAC-1,2
AGATAGAAGTATTAGG-1,1
AGATAGACACGTCGGT-1,1
AGATAGACATGCAGGA-1,1
AGATCCACAACCAGAG-1,1
AGATCCACAGGGACTA-1,1
AGATCCAGTTACGATC-1,1
AGATCCAGTTGAAGTA-1,1
AGATCGTCAGGTCTCG-1,1
AGATCGTGTGGGAGAG-1,1
AGATCGTGTTTCCATT-1,1
AGATCGTTCCTTTGAT-1,1
AGATGAAGTGGTCCGT-1,1
AGATGAATCCAACCGG-1,1
AGATGCTAGCAAACAT-1,1
AGATGCTCAAGGGCAT-1,1
AGATGCTCATGATCTG-1,2
AGATGCTGTAGGCTCC-1,2
AGATGCTGTCATAACC-1,1
AGATGCTGTGGTTTGT-1,1
AGATGCTGTTATCCAG-1,1
AGATGCTTCACTTGGA-1,1
AGATGCTTCAGGGTAG-1,1
AGCATCAAGATTGCGG-1,2
AGCATCAGTACGCTAT-1,2
AGCATCATCAAGGTGG-1,1
AGCATCATCCAGTGCG-1,1
AGCCAATAGACTTAAG-1,1
AGCCAATCACTGGAAG-1,1
AGCCAATCAGTGACCC-1,1
AGCCAATTCGCAAGAG-1,1
AGCCACGCACAAATGA-1,1
AGCCACGGTTGTGTAC-1,1
AGCCAGCAGCGAGGAG-1,1
AGCCAGCCAATGCAGG-1,1
AGCCAGCCAGCAATTC-1,1
AGCCAGCCAGCCATTA-1,1
AGCCAGCGTTGCCATA-1,1
AGCCAGCTCCCGTGAG-1,1
AGCCAGCTCTGTACAG-1,1
AGCGATTAGATTGCGG-1,1
AGCGATTAGGTTCTTG-1,1
AGCGATTAGGTTGACG-1,1
AGCGATTCACTGCATA-1,1
AGCGATTCATGGCTAT-1,1
AGCGATTGTCTAGTGT-1,1
AGCGATTGTGTCTTAG-1,1
AGCGATTTCCAGCTCT-1,1
AGCGCCAAGGTCGTAG-1,2
AGCGCCAAGTCATCCA-1,1
AGCGCCACATCCGCGA-1,1
AGCGCCATCGTGCACG-1,1
AGCGCCATCTATTTCG-1,1
AGCGCCATCTCTCGAC-1,1
AGCGCTGAGATGATTG-1,1
AGCGCTGCAACTCCCT-1,1
AGCGCTGCAATGGGTG-1,1
AGCGCTGGTCTTAGTG-1,1
AGCGCTGTCGGTTAGT-1,1
AGCGTATAGAATCCCT-1,1
AGCGTATAGAGCCCAA-1,2
AGCGTATAGCACTCCG-1,2
AGCGTATAGCGACATG-1,1
AGCGTATAGGGAGGGT-1,1
AGCGTATGTCATATGC-1,1
AGCGTATTCCGTAGGC-1,1
AGCGTATTCGTTGTAG-1,1
AGCGTATTCGTTGTGA-1,1
AGCGTCGAGGGCCAAT-1,1
AGCGTCGCACTGTCGG-1,1
AGCGTCGGTTCCTACC-1,1
AGCGTCGGTTTACTGG-1,1
AGCTACAAGGTGGGTT-1,1
AGCTACAAGTAACCGG-1,2
AGCTACACACAAGCTT-1,1
AGCTACACAGCAGAAC-1,1
AGCTACAGTATCGATC-1,1
AGCTACATCTCTCAAT-1,1
AGCTCAAGTAAGGCCA-1,1
AGCTCAATCATCAGTG-1,1
AGCTCAATCGTTGCCT-1,2
AGCTCAATCTCCGAGG-1,2
AGCTTCCAGAAATCCA-1,1
AGCTTCCAGGTATTGA-1,1
AGCTTCCGTCGTGCCA-1,1
AGCTTCCGTTGATGTC-1,1
AGCTTCCGTTGTTGAC-1,2
AGCTTCCTCCAGTTCC-1,1
AGCTTCCTCTTAGTTC-1,1
AGGAAATTCAGGTAAA-1,1
AGGAATAAGCTTCATG-1,2
AGGAATAAGTTGTAAG-1,1
AGGAATAAGTTGTAGA-1,1
AGGAATACAAATGAAC-1,1
AGGAATACAACATCGT-1,1
AGGAATACAACTGCCG-1,2
AGGAATACAGGACGAT-1,2
AGGAATACAGTATGAA-1,1
AGGAATACATCTTTCA-1,1
AGGAATACATGTCAGT-1,1
AGGAATAGTATACCTG-1,1
AGGAATAGTGCTGTCG-1,1
AGGAATATCCACACCT-1,1
AGGAATATCGTAACAC-1,1
AGGACGAAGAACCGCA-1,2
AGGACGAAGGTACATA-1,1
AGGACGACACACCTTC-1,1
AGGACGACACGCTGAC-1,1
AGGACGAGTAGATCCT-1,1
AGGACGAGTAGCCCTG-1,1
AGGACTTAGTACAGCG-1,1
AGGACTTCACCCTTGT-1,1
AGGACTTCAGACGGAT-1,1
AGGACTTCAGTTTCAG-1,1
AGGACTTGTCTCAGGC-1,1
AGGACTTTCAAGAGTA-1,1
AGGACTTTCCCAATAG-1,1
AGGACTTTCGAGAGAC-1,1
AGGAGGTAGCCTTCTC-1,1
AGGAGGTAGTCCCAGC-1,1
AGGAGGTCAAGTAGTA-1,1
AGGAGGTCACCTGCGA-1,1
AGGAGGTCACTCCCTA-1,1
AGGAGGTCATTGGGAG-1,2
AGGAGGTGTGTTCGTA-1,1
AGGAGGTGTTTGGAAA-1,1
AGGATAAAGAAACACT-1,2
AGGATAAAGGTAATCA-1,1
AGGATAACAAGACAAT-1,2
AGGATAATCAGACTGT-1,1
AGGATAATCTGGACTA-1,1
AGGATCTAGTTGCCTA-1,1
AGGATCTGTCGTTTCC-1,1
AGGATCTGTTCCCAAA-1,1
AGGATCTGTTGTGCAT-1,1
AGGATCTGTTTCTTAC-1,1
AGGATCTGTTTGAAAG-1,2
AGGATCTTCACCCTTG-1,1
AGGATCTTCCGAGCTG-1,1
AGGCATTAGAGAATCT-1,1
AGGCATTAGTAGGATT-1,1
AGGCATTCAGGCTACC-1,2
AGGCATTCATGATAGA-1,1
AGGCATTGTACTGAGG-1,1
AGGCATTGTAGGGAGG-1,1
AGGCATTGTATGTCCA-1,2
AGGCATTGTTACCTTT-1,1
AGGCATTGTTGCATTG-1,1
AGGCATTTCCAAACCA-1,1
AGGCATTTCGGCATCG-1,1
AGGCCACAGAAGCGCT-1,1
AGGCCACCAAGATGTA-1,1
AGGCCACCAGTATACC-1,1
AGGCCACGTTAAGAAC-1,1
AGGCCACTCCTTATCA-1,1
AGGCTGCAGACGCCAA-1,2
AGGCTGCAGGACTTCT-1,1
AGGCTGCAGTCGCCCA-1,1
AGGCTGCCAAGAAATC-1,1
AGGCTGCGTAGATCGG-1,1
AGGCTGCGTATACCCA-1,1
AGGCTGCGTGGACTGA-1,1
AGGCTGCGTTCTAACG-1,1
AGGCTGCTCAGACTGT-1,2
AGGCTGCTCCCTTGGT-1,1
AGGCTGCTCTCTGGTC-1,1
AGGGAGTTCAGATGCT-1,1
AGGGAGTTCGGCGATC-1,1
AGGGCCTGTATCACCA-1,1
AGGGCCTTCCTTGACC-1,1
AGGGCTCAGCCGTAAG-1,1
AGGGCTCCACCGCTAG-1,1
AGGGCTCGTATCGCTA-1,1
AGGGCTCGTGGTTCTA-1,1
AGGGCTCTCATACGGT-1,1
AGGGCTCTCCGATAAC-1,1
AGGGCTCTCGACGTCG-1,1
AGGGTCCAGTGTAGTA-1,1
AGGGTCCTCATTTCGT-1,1
AGGGTGAAGAATCCCT-1,1
AGGGTGACATGTTCAG-1,1
AGGGTGAGTAACAGGC-1,1
AGGGTGAGTAGAATAC-1,1
AGGGTGAGTTCGCGTG-1,2
AGGGTGATCGATCCCT-1,1
AGGGTTTAGGAACTCG-1,1
AGGGTTTCATTGAAGA-1,2
AGGGTTTTCATGCAGT-1,1
AGGTAGGAGATGAAGG-1,2
AGGTAGGAGGCACCAA-1,1
AGGTAGGAGTGTTGAA-1,1
AGGTAGGCACATACGT-1,1
AGGTAGGCAGTTAGGG-1,1
AGGTAGGGTCTGGTTA-1,2
AGGTAGGGTGGAACCA-1,1
AGGTAGGGTTGTGGAG-1,1
AGGTCATAGCGTCGAA-1,1
AGGTCATAGTCGGCCT-1,1
AGGTCATCAGCAGAAC-1,1
AGGTCATGTATGAGAT-1,1
AGGTCATGTTGTAAAG-1,1
AGGTCTAAGGATGCGT-1,1
AGGTCTAGTCAATGGG-1,1
AGGTCTAGTCTTCGAA-1,1
AGGTCTATCCCTTGTG-1,1
AGGTCTATCGTAGTGT-1,2
AGGTCTATCTTTGCGC-1,2
AGGTGTTAGATGCTTC-1,1
AGGTGTTAGTCTTCGA-1,1
AGGTGTTCACTACACA-1,1
AGGTGTTGTCTTTCTA-1,1
AGGTGTTGTTCTCCTG-1,1
AGGTGTTGTTGGGAAC-1,1
AGGTTACGTAACACCT-1,1
AGGTTACGTACCATAC-1,1
AGGTTACGTAGATCGG-1,1
AGGTTACGTTCAAGGG-1,2
AGGTTACTCATTTGTC-1,1
AGGTTACTCGTGACTA-1,2
AGGTTACTCTGATGGT-1,2
AGGTTGTAGAAGTCCG-1,1
AGGTTGTAGTCTCCTC-1,1
AGGTTGTAGTCTGCGC-1,1
AGGTTGTGTCGTGGTC-1,1
AGGTTGTGTGTTTCTT-1,1
AGGTTGTTCACACCCT-1,1
AGTAACCAGACAACAT-1,1
AGTAACCCAATAGAGT-1,1
AGTAACCCAGCTGCCA-1,1
AGTAACCTCTATTTCG-1,1
AGTAACCTCTTAAGGC-1,1
AGTACCAAGCACCAGA-1,1
AGTACCACAACGACAG-1,1
AGTACCACAAGGTTGG-1,2
AGTACCAGTGCACAAG-1,1
AGTACCAGTGGAATGC-1,1
AGTACTGAGCGAACTG-1,1
AGTACTGAGGTTGAGC-1,2
AGTACTGAGTAGAGTT-1,1
AGTACTGTCATTATCC-1,1
AGTACTGTCTGGGATT-1,1
AGTACTGTCTTCGTAT-1,1
AGTACTGTCTTGGCTC-1,1
AGTAGCTAGCGTACAG-1,2
AGTAGCTAGGTAAGGA-1,2
AGTAGCTCAGAGAATT-1,1
AGTAGCTCATTGAGCT-1,1
AGTAGCTTCAACCCGG-1,1
AGTAGCTTCACCTACC-1,2
AGTAGCTTCCCATTCG-1,1
AGTAGTCAGACTGGGT-1,2
AGTAGTCAGCTAAATG-1,1
AGTAGTCAGCTACTAC-1,1
AGTAGTCAGTTAACAG-1,1
AGTAGTCGTCGACGCT-1,1
AGTAGTCGTGTATACC-1,1
AGTAGTCGTTGCATTG-1,1
AGTCAACAGACATGCG-1,1
AGTCAACAGGCGTTAG-1,1
AGTCAACAGGTACATA-1,1
AGTCAACAGTAATTGG-1,1
AGTCAACGTATAGCTC-1,1
AGTCAACGTTACGGAG-1,1
AGTCAACTCCCTGGTT-1,1
AGTCACAAGAACAAGG-1,1
AGTCACAAGCCATGCC-1,1
AGTCACAGTACCATAC-1,2
AGTCACAGTTCTTGTT-1,1
AGTCACATCGGCTTCT-1,1
AGTCATGAGGAAGTCC-1,1
AGTCATGAGTAGAATC-1,1
AGTCATGGTGAATAAC-1,1
AGTCATGTCTCCGTGT-1,2
AGTCTCCAGCTGTTCA-1,1
AGTCTCCAGGTAACTA-1,1
AGTCTCCCAAGTCCAT-1,1
AGTCTCCGTCCAAATC-1,1
AGTCTCCGTGACTCGC-1,1
AGTCTCCTCGCCCAGA-1,1
AGTGACTAGACCCTTA-1,1
AGTGACTGTTAGGAGC-1,1
AGTGACTTCATGCGGC-1,1
AGTGACTTCTCTTCAA-1,1
AGTGATCAGGTTCATC-1,1
AGTGATCGTCACAGTT-1,1
AGTGATCGTCAGCTTA-1,1
AGTGATCGTCCAATCA-1,1
AGTGATCGTCCAGCAC-1,1
AGTGATCTCTCGCCTA-1,1
AGTGCCGAGGACAGTC-1,1
AGTGCCGCACTTCCTG-1,1
AGTGCCGGTCCGAAAG-1,1
AGTGTTGAGTCGAAGC-1,2
AGTGTTGGTTGAATCC-1,1
AGTGTTGTCATGCGGC-1,2
AGTTAGCCAATTTCCT-1,1
AGTTAGCCACGTACAT-1,1
AGTTAGCCAGGACGAT-1,1
AGTTAGCCAGTATTCG-1,2
AGTTAGCCATCGAGCC-1,1
AGTTAGCTCAACTTTC-1,1
AGTTAGCTCCCATAGA-1,1
AGTTAGCTCGACGCTG-1,1
AGTTCCCGTAGGCAAC-1,1
AGTTCGAGTCCTCCTA-1,1
AGTTCGAGTGCCTATA-1,2
AGTTCGAGTGCCTTCT-1,1
AGTTCGATCCGCAAAT-1,1
AGTTCGATCCTAGCGG-1,1
ATACCGACATCCGGTG-1,1
ATACCGATCGTAGAGG-1,1
ATACCGATCTCCTACG-1,1
ATACCTTAGCTAATCC-1,1
ATACCTTCAAGAAATC-1,1
ATACCTTCAGGACATG-1,1
ATACCTTGTGCCAAGA-1,1
ATACCTTGTTGCGAAG-1,1
ATACCTTTCACCGCTT-1,1
ATACCTTTCGGACCAC-1,1
ATACCTTTCTCCAATT-1,1
ATACTTCAGAGAGTTT-1,1
ATACTTCAGCACCCAC-1,1
ATACTTCAGGCGAAGG-1,1
ATACTTCCAGTAGTGG-1,1
ATACTTCGTACACGCC-1,1
ATACTTCGTACAGCGA-1,1
ATAGACCAGAAACTGT-1,1
ATAGACCGTAGGGTAC-1,1
ATAGACCTCCCAGCGA-1,2
ATAGACCTCCGTACGG-1,1
ATAGAGACAAAGGCGT-1,2
ATAGAGACAGTATTCG-1,1
ATAGAGACATCAACCA-1,1
ATAGAGACATGCCATA-1,2
ATAGGCTCATGACAAA-1,1
ATAGGCTGTGTGAATA-1,1
ATAGGCTGTTGGAGGT-1,1
ATAGGCTTCCTCTTTC-1,1
ATATCCTAGACATACA-1,1
ATATCCTAGCAGCACA-1,1
ATATCCTAGCTCGCAC-1,1
ATATCCTCATGTTCAG-1,1
ATATCCTGTCCTGTTC-1,1
ATATCCTGTCGACTGC-1,2
ATATCCTGTTCCGCAG-1,1
ATATCCTTCATGCATG-1,1
ATATCCTTCATGCTAG-1,1
ATATCCTTCCAACCAA-1,2
ATATCCTTCCACAGCG-1,1
ATATCCTTCCATCTGC-1,1
ATATCCTTCTAGCCAA-1,1
ATCACAGCAAAGAACT-1,1
ATCACAGGTGACTAAA-1,1
ATCACAGGTGACTCTA-1,1
ATCACAGTCCATAAGC-1,1
ATCACAGTCGCTGATA-1,1
ATCACGACAAAGTATG-1,1
ATCACGACAAGTAGTA-1,1
ATCACGAGTCGGAAAC-1,1
ATCACGATCTTCTGGC-1,1
ATCACTTAGAACAAGG-1,1
ATCACTTAGTTCTCTT-1,1
ATCACTTTCGAAGGAC-1,1
ATCACTTTCTGAACGT-1,1
ATCACTTTCTGCTCTG-1,1
ATCAGGTAGCAACTTC-1,1
ATCAGGTAGCCTCAAT-1,2
ATCAGGTCACCCATAA-1,1
ATCATTCAGTTCCGTA-1,2
ATCATTCTCAAGTCTG-1,2
ATCATTCTCCCATTTA-1,1
ATCCACCGTCGAGTGA-1,1
ATCCACCGTGACCGTC-1,1
ATCCACCTCGGAGCAA-1,2
ATCCACCTCTCCAAGA-1,1
ATCCATTAGAAACACT-1,2
ATCCATTAGACAACAT-1,1
ATCCATTCAACATCGT-1,1
ATCCATTGTGGCAACA-1,1
ATCCATTGTTCCGTTC-1,1
ATCCATTGTTCGATTG-1,2
ATCCCTGCACAAGCCC-1,1
ATCCCTGCAGAGACTG-1,1
ATCCCTGGTCATCGGC-1,1
ATCCCTGGTTGCTCAA-1,2
ATCCCTGTCATATGGC-1,2
ATCCGTCAGTCATGGG-1,1
ATCCGTCCAAGGGTCA-1,2
ATCCGTCCACGCTTAA-1,1
ATCCGTCCAGAGCTAG-1,1
ATCCGTCCATCAGTCA-1,2
ATCCGTCCATGGCGCT-1,1
ATCCGTCGTGCCTATA-1,1
ATCCGTCTCACCTTAT-1,1
ATCCGTCTCCGTTTCG-1,1
ATCCTATAGGGAACAA-1,1
ATCCTATGTCTACACA-1,1
ATCCTATTCCGTGGGT-1,1
ATCGATGAGCGACATG-1,1
ATCGATGAGTAATTGG-1,1
ATCGATGCACCGAATT-1,1
ATCGATGCATTGCCTC-1,1
ATCGATGGTCATCTAG-1,2
ATCGATGTCCAAGCTA-1,1
ATCGATGTCCTCTGCA-1,1
ATCGATGTCTAGCCTC-1,1
ATCGCCTCAACAGAGC-1,1
ATCGCCTCACCAGGTC-1,1
ATCGCCTGTGGTCCGT-1,2
ATCGCCTGTGTGTCCG-1,1
ATCGCCTTCAATCAGC-1,1
ATCGGATAGATTCGAA-1,1
ATCGGATAGCCTCTCT-1,1
ATCGGATAGGTCCTGC-1,2
ATCGGATCAACGAGGT-1,1
ATCGGATCAAGTGGGT-1,1
ATCGGATCAATAGTAG-1,1
ATCGGATTCACGTCCT-1,1
ATCGGATTCCTGCCAT-1,1
ATCGGCGCAAGATTGA-1,1
ATCGGCGTCACCTGGG-1,1
ATCGGCGTCATGTCTT-1,1
ATCGGCGTCGCCCAGA-1,1
ATCGTAGAGGTTCTAC-1,1
ATCGTAGAGTCCTACA-1,1
ATCGTAGGTCCAAGAG-1,1
ATCGTAGGTTGTGTAC-1,2
ATCGTCCAGACCTCAT-1,1
ATCGTCCAGCCATATC-1,1
ATCGTCCAGGTCGACA-1,1
ATCGTCCAGTATGAAC-1,1
ATCGTCCCATGCCATA-1,2
ATCGTCCCATGTGGCC-1,1
ATCGTCCGTACAGAGC-1,1
ATCGTCCGTACGGGAT-1,1
ATCGTCCGTAGGAGTC-1,1
ATCGTGAAGAGTCAAT-1,1
ATCGTGACACCTCAGG-1,2
ATCGTGACACCTGCTT-1,1
ATCGTGACATACCACA-1,1
ATCGTGACATCCGTGG-1,1
ATCGTGAGTCGAAACG-1,1
ATCGTGAGTTTCAGAC-1,1
ATCGTGATCTTTGATC-1,1
ATCTCTAAGAGACAAG-1,2
ATCTCTAAGCTAGATA-1,2
ATCTCTAAGGCGTTGA-1,1
ATCTCTACACCGCTAG-1,1
ATCTCTAGTACCGTGC-1,2
ATCTCTAGTTCCTACC-1,2
ATCTCTAGTTCGAAGG-1,1
ATCTCTATCACTGTCC-1,1
ATCTCTATCTGTAACG-1,1
ATCTCTATCTTCGACC-1,1
ATCTTCAAGCACACAG-1,1
ATCTTCAAGCGACTTT-1,1
ATCTTCAAGCTGTTCA-1,1
ATCTTCAAGGTCTTTG-1,1
ATCTTCAGTAGTCGTT-1,1
ATCTTCAGTCAGGTAG-1,1
ATCTTCAGTGGGCTCT-1,1
ATCTTCATCCATGATG-1,2
ATCTTCATCTTGCGCT-1,1
ATGAAAGAGACGCAGT-1,1
ATGAAAGCAACTTGCA-1,1
ATGAAAGGTTGTTGTG-1,1
ATGAAAGTCACTGATG-1,1
ATGAAAGTCCGAGATT-1,1
ATGAAAGTCTTGGCTC-1,1
ATGACCAAGCACGGAT-1,1
ATGACCAAGGTGATAT-1,2
ATGACCACAAGGACAC-1,1
ATGACCACAGAGTTGG-1,1
ATGACCAGTAGTAAGT-1,1
ATGACCAGTAGTCTTG-1,1
ATGACCAGTCCGATCG-1,2
ATGACCAGTCGAGCAA-1,2
ATGACCAGTTACCCTC-1,2
ATGACCAGTTTGGAGG-1,1
ATGACCATCGCTTAAG-1,1
ATGACCATCTGTCGCT-1,1
ATGAGGGAGGGATCTG-1,1
ATGAGGGCAACTTGGT-1,1
ATGAGGGCATCACGGC-1,2
ATGAGTCCAGATCACT-1,1
ATGAGTCGTAGGTAGC-1,1
ATGAGTCGTCGACTGC-1,1
ATGAGTCGTGTGACCC-1,1
ATGAGTCTCACTTGGA-1,1
ATGAGTCTCCTACACC-1,2
ATGATCGAGCACCCAC-1,1
ATGATCGAGTATTGCC-1,1
ATGATCGAGTTGTCGT-1,1
ATGATCGGTCATAAAG-1,1
ATGATCGGTGGTCTCG-1,1
ATGATCGTCAGCAATC-1,1
ATGATCGTCATCTATC-1,1
ATGCATGAGGACAAGA-1,1
ATGCATGCACTCATAG-1,1
ATGCATGGTAGACAAT-1,2
ATGCATGGTAGTCTGT-1,1
ATGCATGGTTTACTGG-1,1
ATGCATGTCGCGTAGC-1,2
ATGCCTCAGAGTCCGA-1,1
ATGCCTCAGGACAACC-1,1
ATGCCTCCACGACGCT-1,1
ATGCCTCCACGTAGTT-1,1
ATGCCTCCACGTATAC-1,2
ATGCCTCGTGAGATTA-1,2
ATGCCTCGTTGTATGC-1,1
ATGCCTCGTTTAGTCG-1,1
ATGCCTCTCACAAGGG-1,2
ATGCGATCAATCGTCA-1,2
ATGCGATGTTTGTGGT-1,1
ATGGAGGAGACCTTTG-1,1
ATGGAGGAGATGACAT-1,1
ATGGAGGCAACCGGAA-1,1
ATGGAGGCACACTGGC-1,2
ATGGAGGCAGTCCCGA-1,1
ATGGAGGGTCCAAATC-1,1
ATGGAGGGTGTACATC-1,1
ATGGAGGTCCTAGCTC-1,1
ATGGAGGTCTCCATAT-1,1
ATGGATCAGATGGCGT-1,1
ATGGATCCACATTCTT-1,1
ATGGATCCAGCTGAAG-1,1
ATGGATCCATGTCTAG-1,1
ATGGATCGTGTGCTTA-1,1
ATGGATCTCCACTTCG-1,1
ATGGATCTCCCTTCCC-1,2
ATGGGAGAGAGTGTTA-1,1
ATGGGAGAGCTCGACC-1,2
ATGGGAGCACCCAAGC-1,1
ATGGGAGGTACGCTAT-1,1
ATGGGAGGTAGTAAGT-1,1
ATGGGAGGTTACGATC-1,2
ATGGGAGTCCTTCTTC-1,1
ATGGGAGTCTACCTTA-1,2
ATGGGTTAGAAGTATC-1,1
ATGGGTTCACTGCGAC-1,1
ATGGGTTCACTGTCGG-1,1
ATGGGTTCATAAGCAA-1,1
ATGGGTTGTGATTAGA-1,1
ATGGGTTTCCTACCAC-1,1
ATGGTTGAGCACCGTC-1,1
ATGGTTGAGGGAGGCA-1,1
ATGGTTGCAAGAGTAT-1,1
ATGGTTGCAGCGAGTA-1,1
ATGGTTGGTAGACGGT-1,2
ATGGTTGGTTCCGTTC-1,1
ATGGTTGTCAAAGCCT-1,1
ATGGTTGTCGAGAAAT-1,2
ATGGTTGTCTCCTGAC-1,1
ATGGTTGTCTCTCTAA-1,1
ATGTCCCCATACATCG-1,1
ATGTCCCGTAGTGCGA-1,2
ATGTCCCGTGGGTCAA-1,1
ATGTCCCGTGTACGCC-1,2
ATGTCCCTCGGTTCAA-1,2
ATGTCCCTCGTCGCTT-1,1
ATGTCCCTCTGGTGCG-1,2
ATGTCTTAGAGGCTGT-1,1
ATGTCTTCAAACTCGT-1,1
ATGTCTTCACTACCCT-1,1
ATGTCTTCAGCGGATA-1,1
ATGTCTTCATACTGTG-1,2
ATGTCTTCATGACTCA-1,1
ATGTCTTCATGTGGTT-1,1
ATGTCTTGTTGCATCA-1,1
ATGTCTTTCACACGAT-1,1
ATGTCTTTCGTCGCTT-1,1
ATTACCTAGCTAGTTC-1,1
ATTACCTCACGGTGAA-1,1
ATTACCTGTCACTTCC-1,1
ATTACCTGTCAGCTTA-1,2
ATTACCTGTTCAATCG-1,1
ATTACTCAGGAGGTTC-1,1
ATTACTCCAGGGAGAG-1,1
ATTACTCCAGGTATGG-1,1
ATTACTCCATATACCG-1,1
ATTACTCTCGCTGACG-1,1
ATTACTCTCTTAGCAG-1,1
ATTATCCAGATGACAT-1,2
ATTATCCCAGCGGATA-1,2
ATTATCCCATAGACTC-1,1
ATTATCCGTGGGTTGA-1,1
ATTATCCTCAGCCCAG-1,1
ATTCACTAGTGAATAC-1,1
ATTCACTCAATAGTGA-1,1
ATTCACTCACGACAGA-1,1
ATTCACTGTCGACTGC-1,1
ATTCACTTCACACCGG-1,1
ATTCACTTCTGCTTTA-1,1
ATTCACTTCTTTCCGG-1,1
ATTCAGGAGGGATCGT-1,2
ATTCAGGGTCCGGATC-1,1
ATTCATCAGTAAACTG-1,1
ATTCATCAGTAGCTCT-1,1
ATTCATCAGTTTGGCT-1,1
ATTCATCGTGGATACG-1,1
ATTCATCTCCTTATGT-1,1
ATTCATCTCGGCATCG-1,1
ATTCCATCAACTTCTT-1,2
ATTCCATCACCAGCCA-1,1
ATTCCATGTGAGGCAT-1,1
ATTCCATGTTCGAACT-1,1
ATTCCATTCACTTGGA-1,1
ATTCCCGAGGCTTTCA-1,1
ATTCCCGAGTTGAATG-1,2
ATTCCCGGTACGCTTA-1,1
ATTCCCGGTGATGGCA-1,1
ATTCCCGGTGTACAGG-1,1
ATTCCCGGTTAAGTCC-1,2
ATTCCTAAGAGTTCGG-1,2
ATTCCTAAGGGTATAT-1,1
ATTCCTACAAAGACTA-1,2
ATTCCTACATAGGAGC-1,1
ATTCCTACATGCCGAC-1,1
ATTCCTACATGTAACC-1,1
ATTCCTATCGCGCCAA-1,1
ATTCGTTAGGAGAATG-1,2
ATTCGTTAGGCGTCCT-1,2
ATTCGTTCACCATATG-1,1
ATTCGTTCACGCAGTC-1,1
ATTCGTTCACTTGAGT-1,1
ATTCGTTGTTTAGAGA-1,1
ATTCGTTTCAAAGACA-1,1
ATTCGTTTCGGCTGGT-1,1
ATTCGTTTCGTCAACA-1,1
ATTCTACAGGGCATGT-1,1
ATTCTACAGGTTCCGC-1,1
ATTCTACCACGTTCGG-1,1
ATTCTACGTCATGACT-1,1
ATTCTACGTCCTCCTA-1,1
ATTCTACGTGAACTAA-1,1
ATTCTTGAGCTCGACC-1,1
ATTCTTGCAAGCAATA-1,1
ATTCTTGGTGAGAGGG-1,1
ATTCTTGTCGTTAGAC-1,1
ATTGGGTAGGCTGGAT-1,1
ATTGGGTAGGTCATCT-1,1
ATTGGGTAGTTACGGG-1,1
ATTGGGTCAGGCTCTG-1,1
ATTGGGTGTCGAACAG-1,2
ATTGGGTTCGGCTGTG-1,1
ATTGTTCCAGTATGAA-1,1
ATTGTTCCATTGACAC-1,1
ATTGTTCGTCGATTTG-1,1
ATTGTTCGTTAGTTCG-1,2
ATTGTTCGTTCGTAAC-1,1
ATTGTTCGTTTGGAAA-1,1
ATTGTTCTCTCGTTTA-1,1
ATTTACCCATCGTTCC-1,1
ATTTACCGTACAGAGC-1,1
ATTTACCGTTATGGTC-1,2
ATTTACCGTTGCATCA-1,1
ATTTACCTCCCGAGGT-1,1
ATTTACCTCCTCTCTT-1,1
ATTTACCTCTGCTCTG-1,1
ATTTCACAGCGTTCAT-1,1
ATTTCACAGTAACCGG-1,1
ATTTCACCAAGTAGTA-1,1
ATTTCACTCTCCGTGT-1,1
ATTTCTGAGAGGGTAA-1,1
ATTTCTGAGGCACCAA-1,2
ATTTCTGAGTAGACAT-1,1
ATTTCTGAGTCCGCCA-1,1
ATTTCTGCATAGTCAC-1,2
ATTTCTGTCTGGTCAA-1,1
CAAAGAAAGGAAACGA-1,2
CAAAGAACACTAGGTT-1,1
CAAAGAACATGTAACC-1,2
CAAAGAAGTCGATTTG-1,2
CAAAGAAGTGACCGAA-1,1
CAAAGAATCCATACAG-1,2
CAAAGAATCTCATTTG-1,1
CAACAACCAGAGGCAT-1,1
CAACAACGTAGGCAAC-1,1
CAACAACGTTGGGCCT-1,2
CAACAACTCCTCCACA-1,1
CAACAACTCGTGCAGC-1,1
CAACAACTCGTTTACT-1,2
CAACAGTAGGAGAATG-1,1
CAACAGTCACTGGATT-1,1
CAACAGTGTCTTGCGG-1,2
CAACCAACACCACATA-1,1
CAACCAACAGACATCT-1,1
CAACCAACAGTCAGTT-1,1
CAACCTCAGACGGTCA-1,1
CAACCTCAGAGCAGTC-1,1
CAACCTCAGCGTACAG-1,1
CAACCTCAGGGAGGTG-1,1
CAACCTCAGTATGATG-1,1
CAACCTCTCATCTACT-1,1
CAACGATAGATAGGGA-1,1
CAACGATAGCTCACTA-1,1
CAACGATGTTAGGCTT-1,1
CAACGATTCCGATGTA-1,1
CAACGATTCTAGGCCG-1,2
CAACGGCAGAGTTGCG-1,1
CAACGGCAGATAGTCA-1,2
CAACGGCAGCACGATG-1,1
CAACGGCGTCATCCGG-1,2
CAACGGCTCGGTGCAC-1,1
CAAGACTAGCAAATGT-1,1
CAAGACTAGGATTTCC-1,2
CAAGACTAGTTAACGA-1,2
CAAGACTGTACTAAGA-1,1
CAAGACTTCCACGAAT-1,1
CAAGAGGAGAACCCGA-1,2
CAAGAGGAGGATACGC-1,2
CAAGAGGAGGCTATCT-1,1
CAAGAGGCAGGTACGA-1,1
CAAGAGGGTCCGGCAT-1,1
CAAGAGGGTTGTATGC-1,1
CAAGAGGTCCGTCCTA-1,1
CAAGAGGTCTAGCCTC-1,1
CAAGCTAAGCGCCCAT-1,1
CAAGCTACAACTCCCT-1,2
CAAGGGACACAAATCC-1,1
CAAGGGACACTACTTT-1,1
CAAGGGAGTCCGCAGT-1,1
CAAGGGAGTGCGGTAA-1,1
CAATACGCAAGAATGT-1,1
CAATACGCAGATTCGT-1,1
CAATACGGTCAAAGCG-1,2
CAATACGTCGAGAACG-1,2
CAATCGAAGACTGGGT-1,2
CAATCGACACGCCACA-1,1
CAATCGAGTTCGATTG-1,1
CAATCGATCAATCCAG-1,1
CAATCGATCCACGGGT-1,2
CAATCGATCTTCGCTG-1,1
CAATGACAGGCACCAA-1,1
CAATGACAGGCGTCCT-1,2
CAATGACAGTGACCTT-1,1
CAATGACCAACTTCTT-1,1
CAATGACCACAACGCC-1,1
CAATGACCACCTGCGA-1,1
CAATGACCATGACCCG-1,1
CAATGACTCACCCATC-1,2
CAATTTCAGCCTGTCG-1,1
CAATTTCCATCCTTGC-1,1
CACACAAAGATGAAGG-1,1
CACACAACAAAGACGC-1,1
CACACAACAGACCTAT-1,1
CACACAACAGACGGAT-1,1
CACACAAGTAGTGCGA-1,1
CACACAAGTGCCTGCA-1,1
CACACAATCCGTGGGT-1,2
CACAGATAGAGTGAAG-1,2
CACAGATAGGGCAAGG-1,1
CACAGATCACGCGGTT-1,1
CACAGGCAGGTCACCC-1,1
CACAGGCCACCCTTGT-1,1
CACAGGCGTATACAGA-1,1
CACAGGCGTCCGAAAG-1,1
CACAGGCTCTCTATAC-1,1
CACATGAAGCTACTGT-1,1
CACATGAAGGAACTAT-1,1
CACATGACAAGCGCAA-1,1
CACATGACATAACGGG-1,1
CACATGAGTTTCGACA-1,1
CACATGATCCAAGCAT-1,1
CACATGATCCTTCTAA-1,2
CACCAAAAGCAACAGC-1,1
CACCAAACACGTCATA-1,2
CACCAAAGTCTGATCA-1,2
CACCAAAGTTGAGTCT-1,1
CACCAAATCCTAGCCT-1,2
CACCAAATCCTGTAGA-1,1
CACCAAATCGCCGATG-1,1
CACCGTTAGCTGGAGT-1,1
CACCGTTCATCCGTGG-1,1
CACCGTTGTACGTTCA-1,1
CACCGTTGTAGAGTTA-1,1
CACCGTTGTCACTTCC-1,1
CACCGTTGTCGTCGGT-1,1
CACCGTTTCACTGGGC-1,1
CACGAATAGGACTAAT-1,1
CACGAATAGTGACACG-1,1
CACGAATCAAGTTCCA-1,1
CACGAATCATGTCGTA-1,1
CACGAATGTTTGGGAG-1,2
CACGGGTAGAGCATAT-1,2
CACGGGTAGATAACGT-1,2
CACGGGTCACACACTA-1,1
CACGGGTGTACCAATC-1,1
CACGGGTGTGCAACAG-1,1
CACGGGTGTTAACCTG-1,1
CACGGGTGTTACACTG-1,1
CACGGGTTCATAGACC-1,1
CACGGGTTCTGGTCAA-1,1
CACGTGGAGAAGAACG-1,1
CACGTGGCACGAGGTA-1,1
CACGTGGGTTTGATCG-1,1
CACGTGGTCTAGACAC-1,1
CACGTGGTCTCGTCGT-1,1
CACGTTCCACGGTGAA-1,1
CACGTTCCATGCCGCA-1,1
CACGTTCGTCAGTCTA-1,1
CACGTTCGTCGGTAAG-1,1
CACTAAGAGGCCTAAG-1,2
CACTAAGCAACCAACT-1,2
CACTAAGGTAGGACCA-1,1
CACTAAGGTGGAGAAA-1,2
CACTAAGTCCATCGTC-1,2
CACTAAGTCGAGGCAA-1,2
CACTGAACAGCTGCCA-1,1
CACTGAACATAGGTTC-1,1
CACTGAAGTAGGACTG-1,1
CACTGAAGTATCACCA-1,1
CACTGAATCAGTGTCA-1,2
CACTGAATCCATCACC-1,2
CACTGAATCTGCATGA-1,2
CACTGGGAGGACATCG-1,1
CACTGGGAGGTGGCTA-1,2
CACTGGGCACCTCGTT-1,1
CACTGGGGTCGCTCGA-1,1
CACTGGGTCGAGATAA-1,1
CACTGTCAGAGTCGAC-1,1
CACTGTCAGGATTTAG-1,1
CACTGTCCAATACCCA-1,1
CACTGTCGTAGCTGAG-1,1
CACTGTCGTTAACCTG-1,1
CACTGTCTCCGCTGTT-1,1
CACTTCGCAAATACGA-1,1
CACTTCGCAATCCAGT-1,1
CACTTCGCACACCTGG-1,1
CACTTCGCAGTCGCTG-1,1
CACTTCGCAGTTGCGC-1,1
CACTTCGGTTGCTAGT-1,1
CAGAGCCAGACTCTTG-1,1
CAGAGCCAGATACCAA-1,1
CAGAGCCAGGTGATCG-1,1
CAGAGCCAGTTAGAAC-1,1
CAGAGCCCAACAGAGC-1,1
CAGAGCCCAATTTCTC-1,1
CAGAGCCCACAACATC-1,1
CAGAGCCCACCCTAAA-1,1
CAGAGCCGTACCCGAC-1,1
CAGAGCCGTGTCTAAC-1,1
CAGAGCCTCTTTCGAT-1,1
CAGATACAGCGGACAT-1,1
CAGATACCACGCGTGT-1,1
CAGATACCATCAGCAT-1,1
CAGATACGTGTCATGT-1,1
CAGATCAAGATTTGCC-1,1
CAGATCAAGGTGCAGT-1,1
CAGATCAGTACGTAGG-1,2
CAGATCATCAAGTCTG-1,2
CAGATTGAGCCATTTG-1,1
CAGATTGAGCTTCTAG-1,2
CAGATTGAGGATACCG-1,2
CAGATTGAGGCCTGCT-1,1
CAGATTGAGTCTAACC-1,1
CAGATTGCAAGCTACT-1,1
CAGATTGCACTGAATC-1,2
CAGATTGTCACGGTCG-1,1
CAGATTGTCCAGTACA-1,1
CAGATTGTCGAAACAA-1,1
CAGCAATGTACATTGC-1,1
CAGCAATGTCGGTACC-1,2
CAGCAATTCGGATACT-1,1
CAGCACGAGAAGTCTA-1,1
CAGCACGAGCATTGTC-1,1
CAGCACGAGGTTATAG-1,1
CAGCACGGTACTCCCT-1,1
CAGCACGGTATGCGGA-1,1
CAGCACGGTTAGGCTT-1,1
CAGCACGGTTTGGAAA-1,1
CAGCAGCAGAGTCAGC-1,1
CAGCAGCAGCAGCCCT-1,1
CAGCAGCAGGGCTAAC-1,1
CAGCAGCCACGCGCAT-1,2
CAGCAGCGTTCCCAAA-1,1
CAGCAGCTCTCTCGAC-1,2
CAGCCAGAGGCATCGA-1,1
CAGCCAGAGTCTGGAG-1,2
CAGCCAGCAGCTATTG-1,1
CAGCCAGGTGCCAAGA-1,2
CAGCCAGGTTCCTACC-1,1
CAGCCAGTCCGCTAGG-1,1
CAGCGTGCAGGCTACC-1,2
CAGCGTGCATGCAGCC-1,1
CAGGCCAAGCTAAATG-1,1
CAGGCCAGTCCTGGTG-1,1
CAGGCCATCACATTGG-1,1
CAGGCCATCAGCATTG-1,1
CAGGCCATCTACGGGC-1,1
CAGGGCTAGGTAAACT-1,1
CAGGGCTCAAAGGCAC-1,1
CAGGGCTCAACTGGTT-1,1
CAGGGCTCAGCGGTCT-1,1
CAGGGCTCATTCACCC-1,1
CAGGGCTGTACCATAC-1,2
CAGGGCTTCGCTACAA-1,1
CAGGGCTTCTGCCCTA-1,1
CAGGTATAGATTGGGC-1,1
CAGGTATAGCAGATAT-1,1
CAGGTATAGGGACCAT-1,2
CAGGTATCAGCTATAC-1,1
CAGGTATGTAGGTAGC-1,1
CAGGTATGTCAACACT-1,2
CAGGTATGTGGCGTAA-1,1
CAGTGCGCAAATTAGG-1,1
CAGTGCGGTTCAAAGA-1,1
CAGTGCGGTTTGTTGG-1,2
CAGTGCGTCCATTGTT-1,1
CAGTTAGAGGCACTAG-1,2
CAGTTAGAGGCTATCT-1,1
CAGTTAGCAAGTCATC-1,1
CAGTTAGCACCTATCC-1,1
CAGTTAGGTAGATTAG-1,1
CAGTTAGGTCGTGGTC-1,2
CAGTTAGTCTCGACGG-1,1
CAGTTCCAGGGAGTTC-1,1
CAGTTCCAGTTGCGCC-1,1
CAGTTCCCAGTCGCTG-1,2
CAGTTCCTCAAGTCGT-1,1
CAGTTCCTCCATCGTC-1,1
CAGTTCCTCTCAGGCG-1,1
CAGTTCCTCTTCTCAA-1,1
CATAAGCAGCTGCCTG-1,1
CATAAGCCACGTAGAG-1,1
CATAAGCCATAATCCG-1,1
CATAAGCGTACGACTT-1,1
CATAAGCGTGTCTTGA-1,1
CATAAGCTCGGCCTTT-1,1
CATAAGCTCTATCCAT-1,1
CATAAGCTCTGGAAGG-1,1
CATACAGAGAGTTGCG-1,1
CATACAGAGATAGCTA-1,1
CATACAGAGGTGGTTG-1,1
CATACAGAGTTCCATG-1,1
CATACAGCAAAGGATT-1,2
CATACCCGTTACCCAA-1,1
CATACCCTCAATCTCT-1,2
CATACCCTCGGTTGTA-1,2
CATACTTCACCCTAAA-1,1
CATACTTCATCAGCTA-1,1
CATACTTGTTTGGGTT-1,2
CATACTTTCCGTATGA-1,1
CATACTTTCGACATCA-1,1
CATAGACGTCGGCACT-1,1
CATAGACGTGCCGGTT-1,2
CATAGACTCATGCATG-1,1
CATAGACTCATTGCTT-1,2
CATAGACTCCTAGCTC-1,1
CATCAAGAGGAAAGGT-1,1
CATCAAGCACAAATCC-1,1
CATCAAGCATACAGCT-1,1
CATCAAGGTTCACCGG-1,2
CATCAAGTCCTTCACG-1,2
CATCAAGTCTATACTC-1,1
CATCCACAGGTTCCAT-1,1
CATCCACCACCGGCTA-1,1
CATCCACGTCAAATCC-1,1
CATCCACGTCAGTCTA-1,1
CATCCACGTCCAGGTC-1,1
CATCCACTCACCTACC-1,1
CATCCACTCGGCTGAC-1,1
CATCCACTCTTGCGCT-1,2
CATCCCAAGCACCGTC-1,1
CATCCCAAGCATAGGC-1,1
CATCCCAGTCGAGTGA-1,1
CATCCCAGTGTTCCTC-1,1
CATCCCATCCGCACTT-1,1
CATCCCATCGAACTCA-1,1
CATCCCATCGACTCCT-1,1
CATCCCATCTACTTCA-1,1
CATCCCATCTCTTCAA-1,1
CATCCGTAGCCTGCCA-1,2
CATCCGTAGGACTGGT-1,1
CATCCGTAGGTAATCA-1,1
CATCCGTCATATAGCC-1,1
CATCCGTGTCAACATC-1,1
CATCCGTGTGTGATGG-1,1
CATCGCTAGTCTTCCC-1,1
CATCGCTTCTTCGCTG-1,1
CATCGGGCAGATACTC-1,2
CATCGGGGTCAGATTC-1,1
CATCGGGTCTTAGCCC-1,1
CATCGTCAGGGAACAA-1,1
CATCGTCGTTAACAGA-1,2
CATCGTCGTTGGTAGG-1,1
CATCGTCTCCGAACGC-1,1
CATGAGTAGACTTAAG-1,1
CATGAGTAGCGAAACC-1,1
CATGAGTCAACTACGT-1,1
CATGAGTCAGCTGTAT-1,1
CATGAGTGTACCTATG-1,1
CATGAGTTCCCGAGAC-1,2
CATGAGTTCGCTAATG-1,1
CATGCAACAGGAACCA-1,1
CATGCAAGTGCCTTCT-1,1
CATGCAAGTGTGAGCA-1,2
CATGCAATCAGCCTCT-1,1
CATGCAATCCAAAGGG-1,1
CATGCAATCGATTGAC-1,1
CATGCAATCTCGCCTA-1,1
CATGCCTAGAATCCCT-1,1
CATGCCTAGACATAAC-1,1
CATGCCTCAAACGTGG-1,1
CATGCCTCACAACATC-1,1
CATGCCTCAGCGATTT-1,1
CATGCCTTCCGACGGT-1,1
CATGCCTTCGTCGATA-1,1
CATGCCTTCTTAGCAG-1,2
CATGCGGAGACCTGGA-1,1
CATGCGGAGCTGACCC-1,1
CATGCGGAGTAGGGTC-1,1
CATGCGGCACTACTTT-1,1
CATGCGGCAGACCAAG-1,1
CATGCGGCAGCTCCTT-1,1
CATGCGGCAGCTGGTC-1,1
CATGCGGCATTGTGCA-1,1
CATGCGGGTAGAATGT-1,2
CATGCGGGTCACTCGG-1,1
CATGCGGGTCGAACAG-1,1
CATGCGGGTCTCTCAC-1,2
CATGCGGGTGCGGCTT-1,1
CATGCTCAGACGTCGA-1,1
CATGCTCAGAGGGTAA-1,1
CATGCTCAGATGTTGA-1,1
CATGCTCAGCAAGTGC-1,1
CATGCTCAGGACATCG-1,1
CATGCTCCAGAGGTTG-1,1
CATGCTCGTGGTCAAG-1,1
CATGCTCGTTCGGGTC-1,1
CATGCTCTCATTTCGT-1,1
CATGCTCTCCCGTGTT-1,1
CATGCTCTCGGCTGGT-1,1
CATGGATAGATGCTAA-1,2
CATGGATAGCTAGATA-1,1
CATGGATCAACTCGTA-1,1
CATGGATCAATGAAAC-1,1
CATGGATCAATTTCTC-1,1
CATGGATCACATATCG-1,1
CATGGATGTGTTAAAG-1,1
CATGGTAAGAGCTGAC-1,1
CATGGTAAGTCCGCGT-1,1
CATGGTAGTTGGAGGT-1,1
CATTCATAGATGTTAG-1,1
CATTCATAGGTAGTAT-1,1
CATTCATTCAGAGCGA-1,1
CATTCATTCGACTCCT-1,1
CATTCATTCTTTGCGC-1,1
CATTCCGAGGTCATCT-1,1
CATTCCGCAAGTCGTT-1,2
CATTCCGCACTAGAGG-1,1
CATTCCGCATAAGCGG-1,2
CATTCCGGTCAGTTTG-1,1
CATTCCGTCATTACGG-1,1
CATTCCGTCGAGTGGA-1,1
CATTCTACACCAATTG-1,1
CATTCTACAGCGAGTA-1,1
CATTCTACAGTCACGC-1,2
CATTCTAGTAGTGTGG-1,1
CATTCTAGTCGTGCCA-1,1
CATTCTATCTTCACGC-1,1
CATTGAGAGATGCAGC-1,1
CATTGAGAGCACGTCC-1,2
CATTGAGAGTAGCAAT-1,2
CATTGAGGTATGGAAT-1,1
CATTGAGGTCCAGGTC-1,1
CATTGAGGTGACAGGT-1,1
CATTGAGTCGCAATTG-1,1
CATTGCCAGAGGCCAT-1,1
CATTGCCCAAGACGGT-1,1
CATTGCCCAGAGATTA-1,2
CATTGCCCAGCAGTGA-1,1
CATTGCCGTATCACCA-1,1
CATTGCCGTTCAGGTT-1,2
CATTGCCGTTCCGTTC-1,1
CATTGCCTCAGAGTTC-1,1
CATTGCCTCTTGGCTC-1,1
CATTGTTCAAGTGCTT-1,1
CATTGTTCAGAGTCAG-1,1
CATTGTTCAGTATTCG-1,2
CATTGTTGTGACTGTT-1,1
CATTGTTGTGTCTTCC-1,1
CATTGTTTCCCTTGTG-1,1
CATTTCAAGAGAGTGA-1,1
CATTTCAGTATCGCTA-1,1
CATTTCAGTATTGGCT-1,1
CATTTCAGTTGCTTGA-1,1
CATTTCATCCGATGCG-1,1
CATTTCATCTCTAGGA-1,2
CCAAGCGCAAACCGGA-1,1
CCAAGCGCAATGAACA-1,1
CCAAGCGCAGAGTTCT-1,1
CCAAGCGGTTGCAAGG-1,2
CCAAGCGGTTGTGTTG-1,1
CCAATGAAGGCAGGGA-1,1
CCAATGACAATGAGCG-1,1
CCAATGACAGAACTCT-1,1
CCAATGAGTATGTCTG-1,2
CCAATGAGTCTCACGG-1,1
CCAATTTCATAATGCC-1,1
CCAATTTGTCGTTTCC-1,1
CCAATTTGTTCGTAAC-1,1
CCACAAAAGTATAACG-1,1
CCACAAACAATTTCTC-1,1
CCACAAACAGGCCCTA-1,1
CCACAAACAGGCCTGT-1,2
CCACAAACAGGGAATC-1,1
CCACAAAGTAACAGGC-1,1
CCACAAAGTATAGGAT-1,2
CCACAAAGTGTTGCCG-1,2
CCACACTAGAGGTTAT-1,1
CCACACTAGATCCCGC-1,2
CCACACTAGGAGTCTG-1,1
CCACACTCAAGCCCAC-1,1
CCACACTGTGCGGATA-1,2
CCACACTTCGTCTCAC-1,1
CCACACTTCTGCACCT-1,2
CCACCATCACCTCTAC-1,1
CCACCATGTCAAGCGA-1,2
CCACCATGTCAGATTC-1,1
CCACCATGTCCTGGGT-1,2
CCACCATTCACTTGTT-1,2
CCACCATTCTTGATTC-1,1
CCACGAGAGACCTTTG-1,1
CCACGAGAGTCCTGCG-1,2
CCACGAGAGTGTTCAC-1,1
CCACGAGCATGGCCCA-1,1
CCACGAGGTATCAGGG-1,1
CCACGAGGTGTCCAAT-1,1
CCACGAGGTGTTAGCT-1,2
CCACGAGTCCCGTGAG-1,2
CCACGTTAGGCTGTAG-1,1
CCACGTTAGGTCACCC-1,1
CCACGTTCACATGGTT-1,1
CCACGTTCAGAACTCT-1,1
CCACGTTGTCTTGCTC-1,1
CCACGTTGTTCCTACC-1,1
CCACGTTGTTGTGTTG-1,1
CCACGTTTCAAACGTC-1,2
CCACTTGCATACATCG-1,2
CCACTTGCATAGACTC-1,1
CCACTTGGTACGGTTT-1,1
CCACTTGGTATCCTTT-1,1
CCACTTGGTGTGTGTT-1,2
CCACTTGTCAGCCTCT-1,1
CCACTTGTCATTATCC-1,1
CCACTTGTCCTAAACG-1,2
CCATAAGAGACAACAT-1,2
CCATAAGGTCTGTGGC-1,1
CCATAAGGTGAGATAT-1,2
CCATAAGTCGAAGCAG-1,1
CCATAAGTCTCTTCAA-1,1
CCATAAGTCTTAGCCC-1,2
CCATCACAGATGGTAT-1,1
CCATCACAGCCGTCGT-1,1
CCATCACAGCGTGAAC-1,1
CCATCACAGTAACGTA-1,1
CCATCACAGTCCCGAC-1,2
CCATCACCAGAACTAA-1,1
CCATCACCAGTTAGAA-1,1
CCATCACCATCGTGGC-1,1
CCATCACCATTACTCT-1,1
CCATCACCATTGCCTC-1,1
CCATCACGTGGTCAAG-1,1
CCCAACTAGGCCTAGA-1,1
CCCAACTTCAGTCATG-1,1
CCCAACTTCCATCTAT-1,1
CCCAACTTCCCTGTTG-1,2
CCCAACTTCGACGCTG-1,1
CCCATTGAGAAACCCG-1,1
CCCATTGAGCTGGTGA-1,1
CCCATTGCAAGACTGG-1,1
CCCATTGCAGTCTTCC-1,1
CCCATTGTCAGTCAGT-1,1
CCCGAAGAGAGTTGCG-1,2
CCCGAAGCAAGAGTAT-1,1
CCCGAAGCATTCATCT-1,1
CCCGAAGGTTAAGAAC-1,1
CCCGAAGGTTGGGTAG-1,1
CCCGAAGTCGACGCTG-1,2
CCCGAAGTCGACTCCT-1,1
CCCGGAAAGAATCGAT-1,1
CCCGGAAAGTAAATGC-1,1
CCCGGAAAGTCTAACC-1,1
CCCGGAACAGCGAGTA-1,1
CCCTAACAGCGGTAGT-1,1
CCCTAACCAGTCTACA-1,2
CCCTAACGTGTCACAT-1,2
CCCTAACTCACATTGG-1,1
CCCTAACTCGACCACG-1,2
CCCTAACTCGTACCTC-1,1
CCCTCAACATGACTCA-1,1
CCCTCAATCCTGGGAC-1,1
CCCTCTCAGCACCCAC-1,1
CCCTCTCGTAGCGTAG-1,2
CCCTCTCGTTAAGGAT-1,1
CCCTCTCGTTTGATCG-1,1
CCCTCTCTCCTCGCAT-1,1
CCCTCTCTCGTGGCGT-1,1
CCCTGATAGACCTTTG-1,1
CCCTGATAGATCCAAA-1,2
CCCTGATAGCAGTCTT-1,1
CCCTGATAGTTGTCAC-1,1
CCCTGATCAAACCATC-1,1
CCCTGATCAGTGTGGA-1,2
CCCTGATGTGTTTACG-1,1
CCCTGATGTTTGACAC-1,1
CCCTGATTCACTCTTA-1,1
CCCTGATTCGCATAGT-1,2
CCCTGATTCGCTACAA-1,2
CCCTTAGAGCATGCAG-1,1
CCCTTAGAGGAGTCTG-1,1
CCCTTAGAGGTTTACC-1,1
CCCTTAGAGTGAATAC-1,2
CCCTTAGCATTCAGCA-1,2
CCCTTAGTCATCACAG-1,1
CCCTTAGTCGATACGT-1,2
CCGAACGAGCTGGCCT-1,1
CCGAACGAGTCACAGG-1,1
CCGAACGCAGTTCTAG-1,1
CCGAACGGTATCTTCT-1,1
CCGAACGGTCAGTCTA-1,1
CCGAACGGTCATGCAT-1,2
CCGAACGGTCTCTCAC-1,1
CCGAACGTCATGAGAA-1,1
CCGATCTAGACATAGT-1,1
CCGATCTAGATTAGCA-1,1
CCGATCTAGCGATGAC-1,2
CCGATCTAGGCAGCTA-1,1
CCGATCTCATCGATGT-1,2
CCGATCTGTCTAGGCC-1,1
CCGATCTGTTTCGTGA-1,1
CCGATCTTCCGCAACG-1,1
CCGATCTTCTCCGATC-1,2
CCGATGGTCCCTATTA-1,1
CCGCAAGAGGATTTAG-1,1
CCGCAAGGTCATTGCA-1,2
CCGCAAGGTCTTCCGT-1,1
CCGGACAAGCTAAATG-1,2
CCGGACAAGGAACGTC-1,1
CCGGACAAGGCATCGA-1,1
CCGGACACAATAGGGC-1,2
CCGGACACAGGAAGTC-1,2
CCGGACATCTCTCAAT-1,2
CCGGACATCTGGACTA-1,1
CCGGGTAAGCGTCGAA-1,1
CCGGGTAGTCAGCGTC-1,1
CCGGGTATCGGAATGG-1,1
CCGGGTATCGTGGTAT-1,1
CCGGTAGCAAAGGCTG-1,1
CCGGTAGCAGCGCGTT-1,1
CCGGTAGGTGCCCAGT-1,1
CCGGTGAAGCTGCCAC-1,1
CCGGTGAAGGTGCAGT-1,1
CCGGTGACAACGTAAA-1,1
CCGGTGAGTCAACACT-1,2
CCGGTGAGTCACCGCA-1,1
CCGGTGATCTGGTTGA-1,1
CCGTAGGAGCTGTTAC-1,1
CCGTAGGCATACCAGT-1,1
CCGTAGGCATCGTGGC-1,1
CCGTAGGGTCCTGTTC-1,1
CCGTAGGGTCTTTCTA-1,2
CCGTAGGGTTATGGTC-1,1
CCGTAGGTCTAGTTCT-1,1
CCGTGAGAGACCATGG-1,1
CCGTGAGTCTTGGATG-1,1
CCGTTCAAGACTACGG-1,2
CCGTTCACACTGGACC-1,1
CCGTTCAGTATACCCA-1,1
CCGTTCAGTGCAGATG-1,1
CCGTTCATCCTCTAAT-1,1
CCGTTCATCGACACTA-1,2
CCTAACCAGCGACTGA-1,1
CCTAACCGTGGTCCGT-1,2
CCTAACCTCCGTTTCG-1,1
CCTAAGAAGCGCCCAT-1,1
CCTAAGAGTATAATGG-1,1
CCTAAGAGTGGATCAG-1,1
CCTAAGATCGAATGCT-1,1
CCTAAGATCTAATTCC-1,1
CCTACGTAGATCACTC-1,1
CCTACGTGTCCTGGTG-1,1
CCTACGTGTCTACACA-1,1
CCTACGTGTGGACAGT-1,1
CCTACGTGTTAGAAGT-1,1
CCTACGTGTTGGACTT-1,1
CCTACGTTCTGACGCG-1,1
CCTATCGAGCCTCATA-1,1
CCTATCGAGTCACTCA-1,1
CCTATCGCAGGACAGT-1,1
CCTATCGGTACGAGTG-1,1
CCTCAACAGAGTCACG-1,1
CCTCAACAGGCACCAA-1,1
CCTCAACCAGAGTAAT-1,2
CCTCAACCATCGGTTA-1,1
CCTCAACCATGACCCG-1,1
CCTCAACGTACCTAAC-1,1
CCTCAACGTGACTGTT-1,1
CCTCAACTCACATCAG-1,2
CCTCAACTCTATCCAT-1,1
CCTCACAAGAAACTGT-1,1
CCTCACAAGATGCTAA-1,1
CCTCACAGTCTTGAGT-1,2
CCTCACATCTATTCGT-1,1
CCTCAGTAGTTCTCTT-1,2
CCTCAGTGTGCTGTCG-1,1
CCTCAGTGTTAAGAAC-1,2
CCTCAGTTCGCGATCG-1,1
CCTCATGAGCCGAATG-1,1
CCTCATGAGTTACGAA-1,1
CCTCATGGTCACGACC-1,1
CCTCATGTCAAGTTGC-1,1
CCTCATGTCCACATAG-1,2
CCTCATGTCGATTCCC-1,1
CCTCATGTCTTCGGTC-1,1
CCTCCAAAGATTAGCA-1,2
CCTCCAAAGGAAGAAC-1,1
CCTCCAACATGCCGAC-1,1
CCTCCAAGTGTTTACG-1,1
CCTCCAATCAGCTGAT-1,1
CCTCCTCAGGTTTGAA-1,2
CCTCCTCAGTCATACC-1,1
CCTCCTCTCCTTTGAT-1,1
CCTCTAGCAGAACTAA-1,1
CCTCTCCAGTAAATGC-1,1
CCTCTCCAGTGTAGTA-1,1
CCTCTCCCACATACGT-1,1
CCTCTCCGTCGGCCTA-1,2
CCTCTCCTCAACCCGG-1,1
CCTCTCCTCGCGTGCA-1,1
CCTGCATAGAGTGTTA-1,1
CCTGCATAGCAGCACA-1,1
CCTGCATCAAACGAGC-1,1
CCTGCATTCCATTTCA-1,1
CCTGCATTCGGCCCAA-1,1
CCTGCATTCTAGATCG-1,1
CCTGTTGAGTAAACTG-1,1
CCTGTTGAGTAGACAT-1,1
CCTGTTGAGTGGTTGG-1,1
CCTGTTGCAGAGATGC-1,1
CCTGTTGGTGCGACAA-1,2
CCTGTTGGTTATCCAG-1,2
CCTGTTGTCAGCTAGT-1,2
CCTGTTGTCCCTCTCC-1,1
CCTTCAGGTTATGTGC-1,2
CCTTCAGTCATCAGTG-1,2
CCTTCAGTCGATGCAT-1,1
CCTTCAGTCTTCTCAA-1,2
CCTTGTGAGAAGTCTA-1,1
CCTTGTGAGGAAACGA-1,1
CCTTGTGAGGCTCAAG-1,2
CCTTGTGAGTGATTCC-1,2
CCTTGTGCAGACGATG-1,1
CCTTGTGCAGTCGCAC-1,1
CCTTGTGCATAATCGC-1,1
CCTTGTGGTTTGTTCT-1,1
CCTTGTGTCAAGTGTC-1,1
CCTTGTGTCTCCTGCA-1,1
CCTTTGGGTATGGAAT-1,1
CCTTTGGGTGACTCTA-1,1
CCTTTGGGTGCTGATT-1,1
CCTTTGGTCAAGTGGG-1,1
CGAAGGAAGGTGATCG-1,1
CGAAGGACAAGGACAC-1,2
CGAAGGACATTCTCTA-1,1
CGAAGGAGTCTCACAA-1,1
CGAAGGATCATTGCTT-1,1
CGAAGGATCCATAGAC-1,2
CGAAGGATCTACGCGG-1,1
CGAAGTTAGGATGGCT-1,2
CGAAGTTTCTCTCAAT-1,1
CGAAGTTTCTGACGCG-1,1
CGAATTGAGACTTCGT-1,2
CGAATTGCAATCACGT-1,1
CGAATTGGTCTAATCG-1,1
CGAATTGTCTTAGCAG-1,1
CGACAGCAGATCACCT-1,1
CGACAGCAGGCATCTT-1,1
CGACAGCAGGGATGTC-1,1
CGACAGCAGGTGATCG-1,1
CGACAGCAGTTACGTC-1,1
CGACAGCCACAGTCCG-1,1
CGACAGCCACCCTAAA-1,1
CGACAGCCACTCAAGT-1,2
CGACAGCCAGCAGTCC-1,1
CGACAGCCATAATGAG-1,1
CGACAGCGTGCCCACA-1,1
CGACAGCTCTTGCAGA-1,1
CGAGAAGAGACCAAAT-1,1
CGAGAAGAGCATCAGG-1,1
CGAGAAGAGTCGCCAC-1,1
CGAGAAGCAATACCCA-1,1
CGAGAAGCAATTGCAC-1,1
CGAGAAGCACAGAGAC-1,2
CGAGAAGCAGCGTTTA-1,2
CGAGAAGGTGACATCT-1,2
CGAGAAGTCCAGGACC-1,1
CGAGGAAAGTTTGTCG-1,2
CGAGGAACACAACGCC-1,1
CGAGGAACACTGAGGA-1,1
CGAGGAAGTAGTTCCA-1,1
CGAGGAAGTCTCACAA-1,1
CGAGGAATCATCTATC-1,1
CGAGGAATCATGGGAG-1,2
CGAGGAATCCGGCAAC-1,1
CGAGGAATCGGAAACG-1,1
CGAGGCTAGAGATCGC-1,1
CGAGGCTCAAGGTCGA-1,1
CGAGGCTCACTTCCTG-1,2
CGAGGCTCAGGGAGAG-1,1
CGAGGCTGTAGACGTG-1,1
CGAGGCTGTGACATCT-1,1
CGAGGCTTCCTGATAG-1,1
CGAGTGCAGATTGGGC-1,1
CGAGTGCAGCTAGAGC-1,1
CGAGTGCAGTAGTCTC-1,2
CGAGTGCCACAGAGCA-1,1
CGAGTGCCAGAGAGGG-1,1
CGAGTGCCATAGATGA-1,1
CGAGTTAAGATGACCG-1,1
CGAGTTAAGCGATGAC-1,1
CGAGTTAAGGGCAGGA-1,1
CGAGTTACATTGTGCA-1,1
CGAGTTATCACATACG-1,1
CGAGTTATCAGTGGGA-1,1
CGAGTTATCTGGTGCG-1,2
CGATCGGAGACAGCTG-1,1
CGATCGGAGCATTGTC-1,1
CGATCGGCAGCAGACA-1,2
CGATCGGCAGCAGGAT-1,1
CGATCGGGTCTCAAGT-1,1
CGATCGGGTGAGCAGT-1,1
CGATCGGTCGTGGCGT-1,1
CGATGCGCATTGGATC-1,1
CGATGCGTCGACACTA-1,1
CGATGGCAGTGCACTT-1,1
CGATGGCCACGGCTAC-1,1
CGATGGCCACTACTTT-1,1
CGATGGCCATAACTCG-1,1
CGATGGCGTGCGGCTT-1,1
CGATGGCGTGTGAATA-1,1
CGATGGCTCCGTTGGG-1,2
CGATGGCTCCTGATAG-1,1
CGCAGGTAGAAAGCGA-1,2
CGCAGGTAGATCACTC-1,1
CGCAGGTCAACCACGC-1,1
CGCAGGTCAATTTCGG-1,2
CGCAGGTTCCATCTCG-1,1
CGCAGGTTCTGTGCGG-1,2
CGCATAAAGCGTGCTC-1,1
CGCATAAAGTCTGGAG-1,1
CGCATAAGTGAGCCAA-1,2
CGCATAAGTGCCCGTA-1,1
CGCATAATCACTGGTA-1,1
CGCATAATCCGACAGC-1,1
CGCATAATCGGAGCAA-1,1
CGCATGGAGCTGTTAC-1,1
CGCATGGCATGACGTT-1,2
CGCATGGGTTGGGCCT-1,1
CGCATGGTCACCGCTT-1,1
CGCCAGAAGTTCAACC-1,1
CGCCAGACACAAGGTG-1,1
CGCCAGAGTGGTTTGT-1,1
CGCCAGAGTTCCTAGA-1,1
CGCCAGATCGTGCACG-1,1
CGCCATTAGGTTGGTG-1,1
CGCCATTCACGTCTCT-1,2
CGCCATTGTAGAATGT-1,1
CGCCATTGTCCCGCAA-1,1
CGCCATTGTTCCGCGA-1,1
CGCCATTTCATTGCTT-1,2
CGCCATTTCGCGGTAC-1,2
CGCCATTTCGTTCATT-1,1
CGCCATTTCTCTCCGA-1,1
CGCCATTTCTGTCAGA-1,1
CGCGTGAAGCTGTACT-1,1
CGCGTGAAGTAAACAC-1,1
CGCGTGAAGTGCGACA-1,1
CGCGTGACAAACTCGT-1,1
CGCGTGACAACTCGAT-1,1
CGCGTGACACGCAGTC-1,1
CGGAACCAGATCGACG-1,1
CGGAACCAGTAGATCA-1,1
CGGAACCGTAGGACTG-1,1
CGGAACCGTCCCGGTA-1,1
CGGAACCTCGCCTAGG-1,1
CGGAATTAGCTCGCAC-1,1
CGGAATTAGGGTTAGC-1,2
CGGAATTAGGTCGTAG-1,1
CGGAATTCATACTGAC-1,2
CGGAATTGTATTGACC-1,1
CGGAATTGTCGCCTAG-1,1
CGGAATTGTGACTCGC-1,1
CGGAATTGTGCATGTT-1,1
CGGAATTGTTCTGACA-1,1
CGGAATTTCCTGGCTT-1,1
CGGACACCAACTGTGT-1,2
CGGACACCACATGACT-1,1
CGGACACGTCCGGTGT-1,1
CGGAGAAAGCCTCATA-1,2
CGGAGAACAAAGGCGT-1,1
CGGAGAACAATAGGGC-1,1
CGGAGAACAGTTCCAA-1,1
CGGAGAAGTGTCCAAT-1,1
CGGAGAATCATCACTT-1,1
CGGAGAATCGCGGTAC-1,1
CGGCAGTAGACGAAGA-1,1
CGGCAGTAGTAGAGTT-1,2
CGGCAGTCAAAGGAGA-1,1
CGGCAGTCATCTCCCA-1,1
CGGCAGTGTAGACTGG-1,1
CGGCAGTGTGTCTTAG-1,1
CGGCAGTGTGTTTACG-1,1
CGGCAGTTCAGACTGT-1,1
CGGGACTCAGATGCGA-1,1
CGGGACTTCTATACGG-1,1
CGGGCATGTCAGGTAG-1,1
CGGGCATGTCTGTCAA-1,1
CGGGCATTCGAATCCA-1,1
CGGGTCACACAATGAA-1,1
CGGGTCAGTCTTTATC-1,1
CGGGTCATCATACGAC-1,1
CGGGTCATCGATCCCT-1,1
CGGGTGTAGCACTAAA-1,1
CGGGTGTAGTATTCCG-1,2
CGGGTGTCACAACGTT-1,1
CGGGTGTGTACCAATC-1,1
CGGGTGTTCATAAGGA-1,1
CGGGTGTTCGGCATTA-1,1
CGGTCAGAGATGCTGG-1,1
CGGTCAGAGGATGAGA-1,1
CGGTCAGCAAGAAACT-1,1
CGGTCAGCAATTGCAC-1,2
CGGTCAGGTCTTGGTA-1,1
CGGTCAGTCGAACGGA-1,1
CGGTCAGTCGCCTATC-1,1
CGTAAGTAGCTCGACC-1,1
CGTAAGTAGGCATCAG-1,1
CGTAAGTCAAGCTCTA-1,1
CGTAAGTGTTTCTTAC-1,1
CGTAATGAGCTACTGT-1,2
CGTAATGAGTGAACAT-1,1
CGTAATGGTAGACAAT-1,1
CGTAGTAAGATGCAGC-1,1
CGTAGTAAGGGAGGTG-1,1
CGTAGTAGTGATACCT-1,1
CGTAGTAGTTTGCCGG-1,1
CGTAGTATCATGGGAG-1,1
CGTAGTATCCGGTTCT-1,1
CGTCAAAAGCAGATAT-1,1
CGTCAAAAGCATATGA-1,2
CGTCAAAAGTCACGAG-1,1
CGTCAAACAGTCTCTC-1,1
CGTCAAAGTCTGTGCG-1,1
CGTCAAAGTTCAAACC-1,2
CGTCCATGTACGTACT-1,1
CGTCCATGTGGATCGA-1,1
CGTCCATTCGGCTGTG-1,1
CGTGAATAGCATCAAA-1,1
CGTGAATAGCTCCACG-1,1
CGTGAATCAATCTCTT-1,2
CGTGAATCAATGCTCA-1,2
CGTGAATCAGGTCTCG-1,1
CGTGAATGTAGCGTAG-1,1
CGTGAATTCATTGAGC-1,1
CGTGATAAGATCACCT-1,1
CGTGATAAGGATACGC-1,1
CGTGATAAGGCTATCT-1,1
CGTGATAAGTCGTTAC-1,1
CGTGATACAACCACAT-1,1
CGTGATACACGTAACT-1,1
CGTGATACATCTGGGC-1,1
CGTGATAGTGATACAA-1,1
CGTGATAGTTAACCTG-1,1
CGTGATAGTTCTCGTC-1,1
CGTGATATCACATTGG-1,1
CGTGATATCGGCACTG-1,2
CGTGATATCGTTGTGA-1,1
CGTGCTTAGGTCATTC-1,1
CGTGCTTAGTCGCCCA-1,1
CGTGCTTCACAAGTTC-1,1
CGTGCTTGTGTGTCCG-1,1
CGTGCTTTCCATAGGT-1,1
CGTGTCTAGTTCCGTA-1,1
CGTGTCTAGTTGCATC-1,1
CGTGTCTCACCCAATA-1,1
CGTGTCTCATCCGTTC-1,1
CGTGTCTTCCGTACGG-1,2
CGTGTCTTCTTGGATG-1,1
CGTTAGAAGCAGCCTC-1,1
CGTTAGAAGTAACGTA-1,1
CGTTCTGAGTCAACAA-1,1
CGTTCTGGTACTAGCT-1,2
CGTTCTGGTAGCGTCC-1,1
CGTTCTGGTTACGATC-1,1
CGTTCTGGTTGCCTAA-1,1
CGTTCTGGTTTACACG-1,2
CGTTCTGTCGAATCCA-1,1
CGTTCTGTCTTAGCTT-1,1
CGTTGGGAGACATCAA-1,1
CGTTGGGCAGTAGAAT-1,1
CGTTGGGCATGTGGCC-1,1
CGTTGGGGTAGACTGG-1,1
CGTTGGGGTCATATGC-1,2
CGTTGGGTCCCTGGTT-1,1
CGTTGGGTCGGCTTCT-1,2
CGTTGGGTCTCATAGG-1,1
CGTTGGGTCTGGGCGT-1,1
CTAACCCAGTGGAAGA-1,1
CTAACCCCATCCGGCA-1,1
CTAACCCGTCCAAAGG-1,2
CTAACCCGTTGGATCT-1,1
CTAACCCTCCACATAG-1,1
CTAACCCTCTGCATGA-1,1
CTAACTTAGCTGAAGC-1,1
CTAACTTAGGCCACCT-1,1
CTAACTTCAGTTCTAG-1,1
CTAACTTGTCGACGCT-1,2
CTAACTTTCAAGGAGC-1,1
CTAACTTTCTAAGCCA-1,1
CTAACTTTCTACGGTA-1,2
CTAAGTGAGCCGCTTG-1,1
CTAAGTGCAGCAAGAC-1,1
CTAAGTGGTATCGATC-1,2
CTAAGTGTCATCGTAG-1,1
CTACAGAAGTTTGGCT-1,1
CTACAGACAGAAGTGC-1,1
CTACAGAGTCAACATC-1,1
CTACAGAGTCGTCAGC-1,1
CTACAGATCCCGTTCA-1,2
CTACATTAGCCACAAG-1,1
CTACATTAGTCCCAGC-1,2
CTACATTAGTTTCGAC-1,1
CTACATTCAATTGCGT-1,2
CTACATTGTTCCTTGC-1,1
CTACATTTCAGCAATC-1,1
CTACATTTCCCTGTTG-1,1
CTACATTTCTTCACAT-1,1
CTACCCAAGACGAAGA-1,1
CTACCCAAGGCCTAAG-1,2
CTACCCAGTACAGAAT-1,1
CTACCCAGTCGCATGC-1,2
CTACCCAGTCGTACTA-1,1
CTACCTGAGCCGATAG-1,1
CTACCTGCATAGAATG-1,2
CTACCTGGTGCACATT-1,1
CTACCTGTCACCATAG-1,1
CTACCTGTCCATTGTT-1,1
CTACGGGTCCCGGTAG-1,1
CTACTATAGCTAAATG-1,1
CTACTATCACGCTGTG-1,1
CTACTATCAGCTTTGA-1,1
CTACTATGTGAGTAGC-1,1
CTACTATGTTGTTGAC-1,2
CTACTATTCACCCATC-1,1
CTACTATTCACTTCTA-1,1
CTACTATTCCTCACCA-1,1
CTAGACAAGTCCCTAA-1,1
CTAGACAGTCACGCTG-1,1
CTAGACATCAGGACGA-1,2
CTAGACATCCGGCAAC-1,2
CTAGGTAAGACCAGAC-1,2
CTAGGTAAGATTCGAA-1,1
CTAGGTAAGTGCTACT-1,1
CTAGGTAGTATCACCA-1,1
CTAGGTATCATAGGCT-1,2
CTATAGGAGGACAAGA-1,1
CTATAGGAGGGCAGTT-1,2
CTATAGGCATCAGCGC-1,1
CTATAGGGTATAGCTC-1,1
CTATAGGGTTAATGAG-1,1
CTATAGGTCAGGAAGC-1,1
CTATCCGAGAGAACCC-1,1
CTATCCGCACATTCTT-1,1
CTATCCGCAGAGAGGG-1,1
CTATCCGTCAGTGATC-1,1
CTATCCGTCGTTCTCG-1,1
CTATCTAAGAAGTATC-1,1
CTATCTAAGCGATGCA-1,1
CTATCTAAGGGTTAAT-1,1
CTATCTACAAATGGAT-1,1
CTATCTAGTCACGCTG-1,1
CTATCTATCTCTTCAA-1,2
CTCAACCAGAACAGGA-1,1
CTCAACCAGAGAATCT-1,1
CTCAACCAGTGCCGAA-1,1
CTCAACCCAAAGGATT-1,1
CTCAACCCACACCGAC-1,1
CTCAACCCAGCGTTTA-1,1
CTCAACCGTTCCGTTC-1,1
CTCAAGAAGCAACAAT-1,1
CTCAAGAAGCCGAATG-1,1
CTCAAGACAAACACGG-1,1
CTCAAGACAATAGTGA-1,1
CTCAAGACACGTCATA-1,2
CTCAAGACATTCATCT-1,1
CTCAAGAGTGCGTGCT-1,1
CTCAAGATCACCCTGT-1,1
CTCAAGATCGCAGTTA-1,1
CTCAAGATCTCCTGCA-1,1
CTCAATTCAAGAAACT-1,2
CTCAATTGTGTTCAGT-1,1
CTCAATTGTTGTGTAC-1,1
CTCAATTTCCACACAA-1,1
CTCAATTTCCCTAGGG-1,1
CTCACTGCACACCAGC-1,1
CTCACTGCACTTCAGA-1,1
CTCACTGCAGGAATCG-1,1
CTCACTGGTATAGCTC-1,2
CTCACTGGTGCCGTTG-1,1
CTCACTGTCACCTTAT-1,2
CTCACTGTCGCCCAGA-1,1
CTCACTGTCTGAGAAA-1,2
CTCAGAAAGCAACCAG-1,1
CTCAGAAAGCATGAAT-1,1
CTCAGAAAGGGACACT-1,1
CTCAGAACATATACCG-1,1
CTCAGAACATGTACGT-1,1
CTCAGAAGTTCAAGGG-1,2
CTCAGGGAGCTGAAGC-1,2
CTCAGGGAGGGCGAAG-1,2
CTCAGGGCAAACTAAG-1,1
CTCAGGGCAACGGCTC-1,1
CTCAGGGGTTACACTG-1,1
CTCAGTCAGAGTTGTA-1,1
CTCAGTCAGGGCAAGG-1,2
CTCAGTCAGGTGAGCT-1,1
CTCAGTCCACACGGAA-1,2
CTCAGTCCACGCTGCA-1,2
CTCAGTCCAGGTGGAT-1,2
CTCATCGGTGAACGGT-1,1
CTCATCGGTGCTTCAA-1,1
CTCATGCCACGCCACA-1,2
CTCATGCGTAACAGTA-1,1
CTCATGCGTAAGTTAG-1,1
CTCATGCGTAGGCAAC-1,1
CTCATGCTCTCGCTCA-1,1
CTCATTAAGGAATTAC-1,2
CTCATTACAACTGAAA-1,1
CTCATTAGTAGCTGTT-1,1
CTCATTAGTATGGAGC-1,1
CTCATTATCTCACCCA-1,1
CTCCAACAGCATATGA-1,1
CTCCAACCACGCCACA-1,1
CTCCAACCATGATAGA-1,2
CTCCAACGTACTGAGG-1,1
CTCCAACGTGGCTACC-1,1
CTCCAACTCCTTCTGG-1,1
CTCCAACTCGGACGTC-1,2
CTCCAACTCTGCCTCA-1,1
CTCCACACAGATCCAT-1,1
CTCCACACATAACTCG-1,2
CTCCACACATGTTACG-1,1
CTCCACAGTACAAGCG-1,1
CTCCACAGTAGTCACT-1,1
CTCCACAGTTCATCTT-1,2
CTCCACAGTTTCACAG-1,1
CTCCACATCGACGCGT-1,1
CTCCATGAGCTCGCAC-1,1
CTCCATGGTCAGCTTA-1,1
CTCCATGGTCGGCCTA-1,1
CTCCATGGTGTCACAT-1,1
CTCCATGGTTACGCCG-1,1
CTCCATGTCTGTGCGG-1,1
CTCCCAACAAGCCTGC-1,1
CTCCCAACATACTGAC-1,2
CTCCCAACATGACACT-1,1
CTCCCAAGTATGTCTG-1,1
CTCCCAATCGGTCGAC-1,1
CTCCCAATCTGCGGGT-1,1
CTCCCTCAGATGCAGC-1,2
CTCCCTCAGCTTCGTA-1,1
CTCCCTCAGGCTATCT-1,1
CTCCCTCCAAGTCGTT-1,1
CTCCCTCCACCAGCGT-1,1
CTCCCTCCACTTGTGA-1,1
CTCCCTCGTCCTGTCT-1,1
CTCCCTCGTGAGGCAT-1,1
CTCCCTCTCCCGGTAG-1,1
CTCCCTCTCCGTGGCA-1,1
CTCCCTCTCGCTAATG-1,1
CTCCGATAGCCGCACT-1,1
CTCCGATAGTTCCAGT-1,1
CTCCGATCAACGGTAG-1,2
CTCCGATCACTTGGCG-1,1
CTCCGATCAGCCTTCT-1,1
CTCCGATGTAGTATAG-1,1
CTCCGATGTGGTAACG-1,2
CTCCGATGTTCCACGG-1,1
CTCCGATTCATGAGAA-1,1
CTCCGATTCCAAGCCG-1,1
CTCCGATTCGTCCTCA-1,1
CTCCTCCAGAATACAC-1,2
CTCCTCCAGCTGGCCT-1,1
CTCCTCCCACTCGATA-1,1
CTCCTTTAGCCACCGT-1,2
CTCCTTTAGGTAAGTT-1,1
CTCCTTTCATAGCACT-1,1
CTCCTTTGTGCAATAA-1,1
CTCCTTTTCCTGGGTG-1,1
CTCCTTTTCCTGTAGA-1,1
CTCGAGGAGGCACGAT-1,1
CTCGAGGAGGTCACCC-1,1
CTCGAGGAGTAACGTA-1,2
CTCGAGGCAGTTGGTT-1,1
CTCGAGGGTTGCATCA-1,1
CTCGAGGTCTTCTTCC-1,1
CTCTCAGAGAGTTGCG-1,2
CTCTCAGAGGAACTAT-1,1
CTCTCAGAGTTGCATC-1,1
CTCTCAGCAGCGGTTC-1,1
CTCTCAGTCCGAAATC-1,1
CTCTCGAAGATGATTG-1,1
CTCTCGACATGATCTG-1,2
CTCTCGAGTCAACATC-1,2
CTCTGGTCATGAGGGT-1,2
CTCTGGTCATTCTCTA-1,1
CTCTGGTTCCCAGGCA-1,1
CTGAATGAGAAGAACG-1,1
CTGAATGCAAGGTCTT-1,1
CTGAATGCACGTACTA-1,1
CTGAGCGCATAAGATG-1,1
CTGAGCGCATCCTCAC-1,2
CTGAGCGGTCTGTGAT-1,1
CTGAGCGGTGCTTATG-1,1
CTGAGCGGTGTGGACA-1,1
CTGAGGCAGAAATTGC-1,1
CTGAGGCAGACATAGT-1,1
CTGAGGCGTATGAAAC-1,1
CTGAGGCGTGCCTACG-1,1
CTGAGGCTCATTTGTC-1,1
CTGAGGCTCTCTCGCA-1,2
CTGAGGCTCTTCGACC-1,1
CTGATCCAGAGTCACG-1,1
CTGATCCCACTACCCT-1,1
CTGATCCGTGCCCACA-1,1
CTGATCCTCAGCTAGT-1,2
CTGCAGGAGTATAGAC-1,1
CTGCAGGGTATGGAGC-1,2
CTGCAGGGTTAGCGGA-1,1
CTGCAGGGTTCTCCCA-1,1
CTGCAGGGTTGTGCCG-1,1
CTGCAGGTCCACGTGG-1,1
CTGCATCAGTTCGGTT-1,1
CTGCATCCAAGACCTT-1,1
CTGCATCGTCTGTTAG-1,1
CTGCATCTCAGATTGC-1,1
CTGCATCTCATGGTAC-1,2
CTGCCATAGTAGAATC-1,1
CTGCCATAGTCGCCCA-1,1
CTGCCATAGTGGCGAT-1,1
CTGCCATCACGGCGTT-1,1
CTGCCATCAGGGATAC-1,1
CTGCCATCATATGCGT-1,1
CTGCCATGTTGGATCT-1,1
CTGCCATTCCATAAGC-1,1
CTGCCTAAGAAATGGG-1,1
CTGCCTAAGCAGAAAG-1,2
CTGCCTAAGGGAGGTG-1,1
CTGCCTAAGTCGGCAA-1,1
CTGCCTAGTAGATTGA-1,1
CTGCCTAGTGGCTTGC-1,1
CTGCCTATCAGATTGC-1,1
CTGCGAGAGGTCACTT-1,1
CTGCGAGCAACTACGT-1,1
CTGCGAGGTTACGATC-1,1
CTGCGAGTCAGGTGTT-1,1
CTGCGAGTCCACGGAC-1,1
CTGCTCAAGCCTTCTC-1,1
CTGCTCAAGGTGTGAC-1,1
CTGCTCAAGGTTCACT-1,2
CTGCTCAAGTGCACTT-1,1
CTGCTCATCGTCAAAC-1,1
CTGCTCATCTCGGTAA-1,1
CTGGACGAGCACGGAT-1,1
CTGGACGAGGATTTCC-1,1
CTGGACGCAAAGGATT-1,2
CTGGACGGTAATGCGG-1,2
CTGGACGGTTGCATTG-1,1
CTGGACGTCCAACACA-1,1
CTGGACGTCCGTAATG-1,1
CTGGACGTCGGTGTTA-1,1
CTGGCAGAGGTCCGAA-1,1
CTGGCAGCAACAGAGC-1,1
CTGGCAGCACGAGGTA-1,1
CTGGCAGGTTTACTGG-1,1
CTGGCAGTCGTAGGAG-1,1
CTGGCAGTCTCAGGCG-1,2
CTGGTCTAGATAGTCA-1,1
CTGGTCTAGCTCCGAC-1,1
CTGGTCTAGTATAACG-1,2
CTGGTCTGTAGCACGA-1,1
CTGTACCAGCGGATCA-1,2
CTGTACCAGCGTGAAC-1,1
CTGTACCCAAACCACT-1,1
CTGTACCCACATATCG-1,1
CTGTACCGTACGCTTA-1,1
CTGTAGACAATCCTAG-1,1
CTGTAGACATATGCGT-1,1
CTGTAGAGTACAAGCG-1,1
CTGTAGATCGAGCACC-1,1
CTGTAGATCGCACTCT-1,1
CTGTATTAGACTCGAG-1,1
CTGTATTCAGGCCCTA-1,1
CTGTATTGTACAGAGC-1,1
CTGTATTGTTAGAAGT-1,2
CTGTATTTCACTTTGT-1,1
CTGTATTTCATCCCGT-1,1
CTGTCGTAGGGACTGT-1,1
CTGTCGTCAATCTGCA-1,1
CTGTCGTGTACGATGG-1,1
CTGTCGTGTCTCGACG-1,1
CTGTCGTTCCCATGGG-1,1
CTGTGAAAGCATGTTC-1,1
CTGTGAAAGCCGCACT-1,1
CTGTGAACAGAGACTG-1,1
CTGTGAATCCAACTGA-1,1
CTGTGGGCAACCCTCT-1,1
CTGTGGGCAGAAACCG-1,1
CTGTGGGGTTGCTCAA-1,2
CTGTGGGGTTTCTTAC-1,1
CTGTGGGTCCAGTGCG-1,1
CTTACCGAGGTCCGAA-1,1
CTTACCGCAATTGCGT-1,1
CTTACCGCACCTGCAG-1,1
CTTACCGCAGAAATCA-1,1
CTTACCGGTCGAGTGA-1,1
CTTACCGGTCTAGGCC-1,1
CTTAGGACACTACGGC-1,2
CTTAGGAGTGTTTCTT-1,1
CTTAGGATCTGTTGGA-1,1
CTTCAATAGGTAGCAC-1,1
CTTCAATCAAAGGATT-1,1
CTTCAATCATCCTTGC-1,1
CTTCAATCATCTCCCA-1,2
CTTCAATGTATGGTTC-1,1
CTTCAATTCCGAGTGC-1,1
CTTCAATTCGATTGGT-1,1
CTTCAATTCGGAAACG-1,2
CTTCAATTCGGCCTTT-1,1
CTTCAATTCTCATGCC-1,2
CTTCCGAAGGTCGTCC-1,2
CTTCCGACAATGGGTG-1,1
CTTCCGAGTCATCCGG-1,1
CTTCCGAGTCCTGTTC-1,1
CTTCCGAGTTACTCAG-1,1
CTTCCGATCCCTCATG-1,1
CTTCCGATCTGCCTGT-1,1
CTTCCTTAGAGAACCC-1,1
CTTCCTTAGTATCCTG-1,1
CTTCCTTCACGTTCGG-1,1
CTTCCTTTCGTGTCAA-1,1
CTTCGGTAGTAGAATC-1,1
CTTCGGTGTACGGTTT-1,1
CTTCGGTGTCCCTAAA-1,1
CTTCTAAAGCAAATCA-1,1
CTTCTAAAGCCTGAAG-1,1
CTTCTAACAATTTCGG-1,1
CTTCTAACAGAGACTG-1,1
CTTCTAACAGTTACCA-1,1
CTTCTAAGTGCCTTCT-1,1
CTTCTAAGTGGCGCTT-1,1
CTTCTAAGTGTCATCA-1,2
CTTCTAAGTTGGTGTT-1,2
CTTCTAAGTTTCGACA-1,1
CTTCTAATCCTGGGAC-1,1
CTTCTAATCGTTAGTG-1,1
CTTCTAATCTCCACTG-1,1
CTTCTCTCACCGTCGA-1,2
CTTCTCTCAGTCACGC-1,1
CTTCTCTTCATGCATG-1,1
CTTCTCTTCGACCTAA-1,1
CTTGAGAAGACCATGG-1,1
CTTGAGAAGATCCAAA-1,1
CTTGAGAAGGCCTTGC-1,2
CTTGAGACATTGGATC-1,1
CTTGAGAGTGACACGA-1,1
CTTGAGAGTTCGTTCC-1,1
CTTGATTAGCTGAAGC-1,1
CTTGATTAGTAGCCAG-1,1
CTTGATTAGTCACTAC-1,1
CTTGATTGTTAGCGGA-1,2
CTTGATTTCAACCTCC-1,1
CTTGATTTCGAAGTGG-1,2
CTTGATTTCTGTGTGA-1,1
CTTTCAAAGAAGCCTG-1,1
CTTTCAAAGACTCTTG-1,1
CTTTCAAAGCCTAACT-1,1
CTTTCAAAGGGCAGGA-1,1
CTTTCAACAAGCCTGC-1,1
CTTTCAACATTGCCGG-1,1
CTTTCAAGTAGCACGA-1,1
CTTTCAAGTCTGTGAT-1,1
CTTTCAAGTTCTAACG-1,1
CTTTCAATCACCCTTG-1,1
CTTTCAATCAGTCAGT-1,1
CTTTCAATCTGTAAGC-1,1
CTTTCGGAGCTCGTGC-1,1
CTTTCGGAGGATACAT-1,1
CTTTCGGAGGTGGCTA-1,1
CTTTCGGAGTACTCGT-1,1
CTTTCGGGTACCTTCC-1,2
CTTTCGGGTCAGTCTA-1,1
CTTTCGGTCAAGGCTT-1,1
GAAACCTAGACTTAAG-1,1
GAAACCTCAATAACGA-1,1
GAAACCTGTACTCCGG-1,2
GAAACCTGTTGGCCGT-1,1
GAAACCTTCGCAGTTA-1,2
GAAACCTTCTTGAACG-1,1
GAAATGAAGCGGACAT-1,1
GAAATGACAAGTTTGC-1,2
GAAATGACAGCTGTAT-1,2
GAAATGAGTAGACACG-1,1
GAAATGATCCAAAGGG-1,1
GAAATGATCTCCACTG-1,1
GAACACTAGATGCTGG-1,2
GAACACTCACCTCTAC-1,1
GAACACTGTCAACACT-1,1
GAACACTGTCAAGCCC-1,1
GAACACTTCCAAGAGG-1,2
GAACACTTCTAAGAAG-1,2
GAACGTTCATCGAACT-1,1
GAACGTTGTCATCTAG-1,1
GAACGTTTCCATGATG-1,1
GAACGTTTCTAGAGCT-1,1
GAACTGTAGTTCCATG-1,1
GAACTGTGTGAACGGT-1,1
GAACTGTTCCGTAGTA-1,2
GAACTGTTCCTTATAC-1,1
GAAGAATAGTCATCCA-1,1
GAAGAATCATATCTCT-1,1
GAAGAATGTCATCAGT-1,2
GAAGAATTCAGTGGGA-1,1
GAAGAATTCTTAGCCC-1,1
GAAGCCCAGCCATCCG-1,1
GAAGCCCCAAGCGCAA-1,1
GAAGCCCCACCCTGAG-1,1
GAAGCCCCAGTGGGTA-1,1
GAAGCCCCATCCTCAC-1,1
GAAGCCCCATCGCTCT-1,1
GAAGCCCGTAGTGCGA-1,2
GAAGCCCGTCGCTTGG-1,1
GAAGCCCTCAAGAGTA-1,1
GAAGCCCTCTACCAGA-1,2
GAAGCGAAGGTTCAGG-1,1
GAAGCGACAACACGAG-1,1
GAAGGACAGCAACTTC-1,1
GAAGGACCAGATACCT-1,1
GAAGGACTCCAAGCTA-1,1
GAAGGACTCCGATAGT-1,1
GAAGGGTAGCATTTGC-1,1
GAAGGGTGTCTTGCGG-1,1
GAAGGGTGTGGGTTGA-1,1
GAAGGGTTCCACCCTA-1,1
GAAGGGTTCCTCCACA-1,1
GAAGTAAAGCGACTAG-1,1
GAAGTAAAGCGTGTTT-1,1
GAAGTAAAGCTGGTGA-1,1
GAAGTAAAGGAGAGTA-1,1
GAAGTAAAGGTCATTC-1,2
GAAGTAAAGGTCCCTG-1,1
GAAGTAAGTTGTTTGG-1,1
GAATAGACAAAGTGTA-1,1
GAATAGACAGTCACGC-1,1
GAATAGATCACATCAG-1,2
GAATCACAGGGACCAT-1,2
GAATCACAGTCGAAAT-1,1
GAATCACTCAAGCGTT-1,2
GAATCACTCACGGTCG-1,1
GAATCGTCAAGCACAG-1,2
GAATCGTCAATCCAGT-1,1
GAATCGTCACGACAAG-1,1
GAATCGTCATGCAGCC-1,1
GAATCGTTCATGCATG-1,1
GAATCGTTCCTCAGGG-1,2
GACACGCAGACGCCAA-1,1
GACACGCAGTTCTACG-1,1
GACACGCTCCATACTT-1,1
GACACGCTCCATTTAC-1,2
GACAGCCAGCGAGTAC-1,1
GACAGCCAGCTTTGTG-1,1
GACAGCCAGTTGCTGT-1,1
GACAGCCCACTGAGGA-1,1
GACAGCCGTAATGATG-1,1
GACAGCCGTCCCTAAA-1,1
GACAGCCTCATTCACT-1,1
GACAGCCTCCTCACTG-1,1
GACATCAAGTCTGCGC-1,1
GACCAATAGCTGCCAC-1,1
GACCAATAGTGATTCC-1,1
GACCAATCAACATCGT-1,1
GACCAATCAATGTGGG-1,1
GACCAATCACAAAGTA-1,1
GACCAATCATTGCCGG-1,1
GACCAATGTATTTCGG-1,1
GACCAATTCGGTAACT-1,1
GACCCAGAGACTTCAC-1,1
GACCCAGAGATGATTG-1,1
GACCCAGGTATGAGAT-1,2
GACCCAGGTGGATGAC-1,1
GACCCAGGTTAGGCTT-1,2
GACCCAGTCAGCTGAT-1,1
GACCCAGTCAGTGGGA-1,1
GACCCAGTCTCACTCG-1,1
GACCCTTAGGCCACCT-1,1
GACCCTTAGTACTCGT-1,1
GACCCTTCACCAACAT-1,1
GACCCTTGTTTGGCTA-1,1
GACCCTTTCAGCTGAT-1,1
GACCCTTTCGACGACC-1,1
GACCGTGCACTATGTG-1,1
GACCGTGGTGGATACG-1,1
GACCGTGTCCCTGGTT-1,1
GACCGTGTCTACGGTA-1,2
GACCGTGTCTAGAGCT-1,2
GACCTTCGTAAGCTCT-1,1
GACCTTCGTCAGGTAG-1,1
GACCTTCTCTTACCGC-1,2
GACGCTGAGTCCGTCG-1,1
GACGCTGCACTCCGGA-1,1
GACGCTGGTACCTATG-1,1
GACGCTGGTACTGAGG-1,1
GACGCTGGTAGCTGAG-1,1
GACGTTAAGCACGGAT-1,1
GACGTTACAGAGCGTA-1,1
GACGTTACATCATTGG-1,1
GACGTTATCATCAGTG-1,1
GACTATGAGCACTCTA-1,1
GACTATGAGCCTGAGA-1,1
GACTATGAGCTGTACT-1,1
GACTATGCAACAAAGT-1,1
GACTATGCAACGTAAA-1,1
GACTATGGTAACTGCT-1,2
GACTATGTCACGTAGT-1,1
GACTATGTCTAGTCAG-1,1
GACTCAAAGTGCTAGG-1,1
GACTCAACATTGTAGC-1,1
GACTCAAGTAGACTGG-1,1
GACTCAATCAGAGTTC-1,1
GACTCAATCATGAAAG-1,1
GACTCAATCCCAGCGA-1,1
GACTCTCAGATAGGGA-1,2
GACTCTCAGTTTGAGA-1,1
GACTCTCCAAGGTCTT-1,1
GACTCTCGTAGACACG-1,1
GACTCTCGTTTCCATT-1,1
GACTCTCTCAAGGAGC-1,1
GACTCTCTCTCCGCAT-1,1
GACTCTCTCTGATGGT-1,1
GACTCTCTCTTGTGCC-1,1
GACTGATCACATACGT-1,1
GACTGATGTTCGTACA-1,2
GACTGATTCCATCTGC-1,1
GACTGATTCGTTGTAG-1,1
GACTTCCAGAGTCAAT-1,1
GACTTCCAGGTCCCGT-1,1
GACTTCCCAATCGCAT-1,1
GACTTCCGTCATCGGC-1,1
GACTTCCGTGACAGCA-1,1
GACTTCCTCCACAGGC-1,1
GACTTCCTCCCGTAAA-1,2
GACTTCCTCGAGTGGA-1,2
GAGAAATAGCTAGTTC-1,1
GAGAAATCAACCGACC-1,2
GAGAAATCAATTGAGA-1,1
GAGAAATCACGCTTAA-1,1
GAGAAATCAGGGCTTC-1,2
GAGAAATGTAGGCTCC-1,2
GAGAAATGTCCATAGT-1,1
GAGAAATGTGACCTGC-1,1
GAGAAATGTTAAACCC-1,1
GAGAAATTCCGTCCTA-1,1
GAGACCCAGCGACTAG-1,1
GAGACCCGTGCAACAG-1,1
GAGACCCTCAAAGCCT-1,1
GAGACCCTCATCGGGC-1,2
GAGACTTAGCGTATAA-1,1
GAGACTTAGGTCCCGT-1,1
GAGACTTCACAATGCT-1,2
GAGACTTCACGTTCGG-1,1
GAGACTTCACTGTCCT-1,2
GAGACTTGTCGCTGCA-1,2
GAGACTTGTGTTCCAA-1,1
GAGACTTTCAGCCCAG-1,2
GAGACTTTCCTCACCA-1,1
GAGACTTTCGCCCAGA-1,1
GAGACTTTCTGAGTCA-1,1
GAGAGGTAGGAACGAA-1,1
GAGAGGTAGGGACCAT-1,1
GAGAGGTCAGGACTAG-1,1
GAGAGGTTCTCTAGGA-1,1
GAGATGGAGAAACACT-1,2
GAGATGGAGGGCAAGG-1,1
GAGATGGAGGTTACAA-1,1
GAGATGGGTAGACAAT-1,1
GAGATGGTCCAAGGGA-1,1
GAGATGGTCCGATCGG-1,1
GAGCCTGCACTTGAAC-1,1
GAGCCTGGTGTATTCG-1,2
GAGCTGCAGAAGCGGG-1,1
GAGCTGCAGTTCAACC-1,1
GAGCTGCCAGCATTGT-1,1
GAGCTGCTCTGACCCT-1,2
GAGGCAAAGAATGTTG-1,1
GAGGCAAAGGAGTCTG-1,1
GAGGCAAAGGGCGAGA-1,2
GAGGCAAGTCGGATTT-1,1
GAGGCAAGTTCTCTAT-1,1
GAGGCAATCTTTGCTA-1,1
GAGGCCTAGACAGCGT-1,1
GAGGCCTAGGTTGACG-1,1
GAGGCCTCAAACTAGA-1,1
GAGGCCTCAGCAAGAC-1,1
GAGGCCTCATACAGCT-1,1
GAGGCCTGTCCACAGC-1,1
GAGGCCTGTGGAACAC-1,2
GAGGCCTTCAGCTAGT-1,1
GAGGGATAGGCTATCT-1,1
GAGGGATGTATCGCAT-1,1
GAGGGATGTATGATCC-1,2
GAGGGATGTCCTCAGG-1,2
GAGGGATGTGATAGTA-1,1
GAGGGATGTGGACTGA-1,1
GAGGGTAAGGACGCTA-1,1
GAGGGTACAAAGAACT-1,1
GAGGGTACAAGAAACT-1,1
GAGTCATAGTGTACAA-1,2
GAGTCATCAAGAGGCT-1,1
GAGTCATCACCATAAC-1,1
GAGTCATCAGTTCACA-1,1
GAGTCATCATTCGATG-1,1
GAGTCATGTACAAGTA-1,1
GAGTCATTCGCAGTGC-1,1
GAGTCTAAGCGGTAGT-1,1
GAGTCTAAGTATCTGC-1,1
GAGTCTAAGTGGATTA-1,1
GAGTCTACAATCAGCT-1,1
GAGTCTAGTAGGACCA-1,1
GAGTCTAGTATCGCTA-1,1
GAGTCTAGTGCATTTG-1,2
GAGTGAGAGTTCTACG-1,1
GAGTGAGCAAACTCTG-1,1
GAGTGAGCACCCTAAA-1,1
GAGTGAGGTTCGCGTG-1,1
GAGTGAGTCAAGAGTA-1,1
GAGTGAGTCGGTCGAC-1,1
GAGTGAGTCTTCTCAA-1,1
GAGTGTTAGAACAGGA-1,1
GAGTGTTAGCATTTCG-1,1
GAGTGTTAGTAAGGGA-1,1
GAGTGTTCAGTGTACT-1,2
GAGTGTTTCATTCATC-1,1
GAGTGTTTCTGTAACG-1,1
GAGTTACAGCGACAGT-1,2
GAGTTACCAGCATGCC-1,1
GAGTTACGTCCCTGAG-1,2
GAGTTACGTGTATTGC-1,1
GAGTTACGTGTTCGAT-1,1
GAGTTACTCCTAACAG-1,1
GAGTTGTAGAAGTCCG-1,1
GAGTTGTAGCATTGTC-1,1
GAGTTGTAGCCGTCGT-1,1
GAGTTGTAGCGTGAGT-1,2
GAGTTGTCAAGGCTTT-1,1
GAGTTGTCACCAGACC-1,1
GAGTTGTCACCTTCGT-1,1
GAGTTGTCACGATTCA-1,1
GAGTTGTGTATTCTCT-1,1
GAGTTGTTCCTGCCAT-1,1
GAGTTGTTCTAGACAC-1,1
GAGTTGTTCTGAGTCA-1,1
GAGTTTGGTCAGTCGC-1,1
GAGTTTGGTCCAAATC-1,1
GAGTTTGTCCCTCTAG-1,1
GAGTTTGTCCGATGCG-1,1
GAGTTTGTCGGCATTA-1,1
GATAGAAAGTAGATCA-1,2
GATAGAACAAAGGCTG-1,1
GATAGAACAGGCAATG-1,1
GATAGAAGTCACTCAA-1,2
GATAGAATCTGCATGA-1,1
GATAGAATCTTACCAT-1,1
GATAGCTCAACTCGAT-1,1
GATAGCTGTCTCAGGC-1,1
GATAGCTGTGAGTTGG-1,2
GATCACAAGGAGTACC-1,1
GATCACACAGAGTGAC-1,1
GATCACACATCCGCGA-1,2
GATCACAGTAGGAGGG-1,1
GATCACAGTATCACCA-1,1
GATCACAGTTCCCACT-1,2
GATCACATCGTTCCCA-1,1
GATCAGTAGGATTCCT-1,1
GATCAGTCAAGTGATA-1,2
GATCAGTGTTCGGCTG-1,1
GATCAGTGTTGCGAAG-1,1
GATCAGTTCAGTCACA-1,1
GATCAGTTCGAGAATA-1,1
GATCAGTTCGCCATAA-1,2
GATCATGCAGCTCTGG-1,1
GATCATGTCAAATGCC-1,1
GATCATGTCAGGAAAT-1,1
GATCCCTAGGTCACCC-1,1
GATCCCTCAAGGCAAC-1,2
GATCCCTCACCAGTTA-1,1
GATCCCTGTCCTCATC-1,1
GATCGTACAACCGGAA-1,1
GATCGTAGTAAGATCA-1,2
GATCGTAGTACAAAGT-1,1
GATCGTAGTCCACGCA-1,1
GATCGTATCAGTCCGG-1,1
GATCGTATCCACGTAA-1,1
GATGACTAGCCGATCC-1,1
GATGACTAGGAATCGC-1,2
GATGACTAGGGTTAGC-1,2
GATGACTAGTGGCAGT-1,1
GATGACTAGTGGTGAC-1,1
GATGACTAGTTCCATG-1,1
GATGACTCAATAAGGT-1,1
GATGACTCAATGCAGG-1,1
GATGACTCACCGGTCA-1,2
GATGACTCATGTCTAG-1,2
GATGACTGTACCGGAA-1,1
GATGACTGTCGCATGC-1,1
GATGACTTCAGCTGTA-1,1
GATGAGGCAGCACAGA-1,1
GATGAGGCATGAAGGC-1,2
GATGAGGGTGCCGTAC-1,1
GATGAGGGTTCGTACA-1,1
GATGAGGTCATGCTAG-1,2
GATGATCCACTCCCTA-1,1
GATGATCCATGACTTG-1,1
GATGATCCATGTACGT-1,1
GATGATCGTCCCTGAG-1,1
GATGCTAAGGTAAACT-1,1
GATGCTAAGTTGAATG-1,1
GATGCTACATGACACT-1,2
GATGCTAGTACTCCCT-1,1
GATGCTATCGCTCTCA-1,1
GATGCTATCGTGTGAT-1,1
GATGGAGAGCTACTAC-1,1
GATGGAGCACAACATC-1,1
GATGGAGCACACGGAA-1,2
GATGGAGGTGGCGCTT-1,1
GATGGAGGTTACCTTT-1,1
GATGGAGTCTCGCTTG-1,1
GATGTTGAGGTACATA-1,1
GATGTTGAGTGATCGG-1,1
GATGTTGAGTGATTCC-1,2
GATGTTGCACCACTGG-1,1
GATGTTGCACCGGAAA-1,1
GATGTTGCACTACCGG-1,1
GATGTTGCAGCGTACC-1,1
GATGTTGGTTACCTTT-1,1
GATGTTGGTTGTTTGG-1,1
GATGTTGTCACCGGTG-1,1
GATGTTGTCCCGTGAG-1,1
GATGTTGTCGATAACC-1,1
GATTCGAAGGTTATAG-1,1
GATTCGAAGTATGAGT-1,1
GATTCGACACGTGAGA-1,2
GATTCGACATGGAAGC-1,1
GATTCGAGTGATAGAT-1,1
GATTCTTGTAAGCGGT-1,1
GATTCTTTCCTCTCTT-1,1
GATTGGTAGAGTACCG-1,2
GATTGGTAGGGAGGCA-1,1
GATTGGTGTTGGACTT-1,2
GATTGGTTCATCACAG-1,2
GATTGGTTCCAATCTT-1,1
GATTGGTTCCTTCACG-1,1
GATTTCTCAATACGCT-1,1
GATTTCTCATACCACA-1,1
GATTTCTGTAACGTTC-1,1
GATTTCTGTTGTTTGG-1,1
GCAACATAGAAAGCGA-1,1
GCAACATCACCCTAGG-1,1
GCAACATCAGACATCT-1,1
GCAACATCAGTTAAAG-1,1
GCAACATGTGAGCAGT-1,2
GCAACATTCATAGGCT-1,1
GCAACCGAGTCATACC-1,1
GCAACCGAGTGTTGTC-1,1
GCAACCGGTAGTGATA-1,2
GCAACCGTCGGAATTC-1,1
GCACATAAGTGGTCAG-1,2
GCACATACATACCACA-1,2
GCACATAGTGGCAGAT-1,1
GCACATAGTTGAGTCT-1,1
GCACATATCAACCTCC-1,2
GCACATATCCTTACCG-1,1
GCACATATCTTCGTGC-1,2
GCACGGTCACTCCTGT-1,1
GCACGGTCATCAACCA-1,1
GCACGGTGTAAGCTCT-1,1
GCACGGTTCGCGCCAA-1,2
GCACGGTTCGTGGCTG-1,1
GCACGGTTCTACGGTA-1,2
GCACGGTTCTATGCCC-1,2
GCACGGTTCTGGTGCG-1,1
GCACGTGAGAGGTGCT-1,1
GCACGTGAGTCCTACA-1,2
GCACGTGCAAAGCTAA-1,1
GCACGTGCACAGCTGC-1,2
GCACGTGCACGGTGAA-1,1
GCACGTGCACTGCGAC-1,1
GCACGTGTCAGTCACA-1,2
GCACTAAAGTGCCCGT-1,1
GCACTAACAGTGACCC-1,1
GCACTAAGTAGTGTGG-1,1
GCAGCCAGTTTCACTT-1,2
GCAGCCATCCACAGCG-1,1
GCAGCTGAGTCATACC-1,1
GCAGCTGCAACTCGTA-1,1
GCAGCTGCACGTATAC-1,1
GCAGCTGCAGACTCTA-1,2
GCAGCTGCATAAGCAA-1,1
GCAGCTGGTAATCAGA-1,1
GCAGCTGGTACTGCGC-1,1
GCAGCTGGTATACCTG-1,1
GCAGCTGGTCTTCCGT-1,1
GCAGCTGTCACTCCGT-1,1
GCAGCTGTCGGTATGT-1,1
GCAGGCTAGACATAAC-1,1
GCAGGCTAGCTCAGAG-1,2
GCAGGCTAGGGTAATT-1,1
GCAGGCTCACGTTGGC-1,1
GCAGGCTGTTGTCTAG-1,1
GCAGGCTTCCACTGGG-1,1
GCAGGCTTCTACTCAT-1,1
GCAGTTATCCCATGGG-1,1
GCATCGGAGCATACTC-1,2
GCATCGGGTCTTCATT-1,2
GCATCGGTCCGTTTCG-1,1
GCATCGGTCGTTGCCT-1,2
GCATCTCCATCACGGC-1,1
GCATCTCTCATGCCAA-1,1
GCATCTCTCTACTGAG-1,2
GCATCTCTCTCGAGTA-1,2
GCATGATAGGAGCTGT-1,1
GCATGATCAGAGATGC-1,1
GCATGATGTATTGACC-1,1
GCATGATGTCTTGTCC-1,1
GCATTAGAGGATCATA-1,1
GCATTAGAGGGAGATA-1,1
GCATTAGAGTACAACA-1,1
GCATTAGCAACCGTAT-1,1
GCATTAGCAGAACCGA-1,2
GCATTAGCAGCAGTCC-1,1
GCATTAGCAGTCTACA-1,1
GCATTAGCATGTTTGG-1,1
GCATTAGGTAGGCTCC-1,1
GCATTAGGTTGTAAAG-1,1
GCATTAGTCAACTACG-1,2
GCATTAGTCGAGATAA-1,1
GCCAACGGTGAGACGT-1,2
GCCAACGGTTTCGTTT-1,1
GCCAACGTCAGGAAGC-1,1
GCCAGCAAGTCGCCCA-1,1
GCCAGCACAACCTATG-1,2
GCCAGCACATGGGCAA-1,1
GCCAGCAGTTGGCTAT-1,1
GCCAGGTAGACAACAT-1,2
GCCAGGTCACAGACGA-1,1
GCCAGGTGTAAGTCAA-1,2
GCCAGGTGTGTCCGGT-1,1
GCCAGGTGTGTGATGG-1,2
GCCAGGTTCAGATTGC-1,2
GCCAGTGAGAAGGGAT-1,2
GCCAGTGAGCCAGAGT-1,2
GCCAGTGCAATACGCT-1,1
GCCAGTGCAGCGTACC-1,1
GCCAGTGGTAAGTAGT-1,1
GCCAGTGGTCCAGCCA-1,2
GCCATGGAGAGGTATT-1,2
GCCATGGAGCTTAGTC-1,1
GCCATGGCATACATCG-1,1
GCCATGGGTGGCTAGA-1,2
GCCATGGGTTAGGCTT-1,1
GCCATGGGTTGCCTAA-1,1
GCCATGGTCCACGGAC-1,1
GCCATTCAGAAGCTGC-1,2
GCCATTCCACCAAATC-1,1
GCCATTCGTACTCGTA-1,1
GCCATTCGTAGCTGTT-1,1
GCCATTCGTCAAACGG-1,1
GCCATTCTCTCGTCAC-1,1
GCCCAGAAGTCTGCAT-1,1
GCCCAGAGTTTACGAC-1,1
GCCCAGATCACCTGGG-1,1
GCCCAGATCACGACTA-1,1
GCCCAGATCCTCACCA-1,1
GCCCGAAAGGGTTAGC-1,1
GCCCGAACATGCGGTC-1,1
GCCCGAAGTAACCAGG-1,1
GCCCGAAGTAAGTCAA-1,1
GCCCGAAGTAGAGACC-1,1
GCCCGAAGTATGAAAC-1,1
GCCCGAATCCACTAGA-1,1
GCCCGAATCTATCGCC-1,1
GCCGATGAGAATGTTG-1,1
GCCGATGAGGAGACCT-1,1
GCCGATGAGTCGGGAT-1,1
GCCGATGCAGTTGGTT-1,1
GCCGATGCATAGTCAC-1,1
GCCGATGGTCGTGGAA-1,1
GCCGATGGTCTCAGAT-1,1
GCCGATGGTTCTAACG-1,1
GCCGATGTCGTGAGAG-1,1
GCCGATGTCTTGCGCT-1,1
GCCGTGAAGAGCATAT-1,1
GCCGTGAAGCTTTGTG-1,2
GCCGTGAGTCAACGCC-1,1
GCCGTGATCTTCACAT-1,1
GCCTGTTAGCCGGATA-1,2
GCCTGTTAGTTCCGTA-1,1
GCCTGTTCAAATGAAC-1,2
GCCTGTTGTACTCGAT-1,1
GCCTGTTGTGCTCCGA-1,1
GCCTGTTGTTCTCTCG-1,2
GCCTGTTTCTGTGTGA-1,1
GCGAGAAAGACCAGAC-1,1
GCGAGAAAGCGTCAAG-1,1
GCGAGAAAGGCTTAAA-1,1
GCGAGAACAAAGAGTT-1,1
GCGAGAACAGAGTCAG-1,1
GCGAGAAGTAGCGCCT-1,1
GCGAGAAGTGGCAGAT-1,1
GCGAGAATCAAACGTC-1,1
GCGAGAATCCCAAGCG-1,1
GCGAGAATCGTGACTA-1,1
GCGATCGAGCAAGGAA-1,1
GCGATCGCACGGTGAA-1,2
GCGATCGGTTTACACG-1,1
GCGATCGTCACGTAGT-1,1
GCGATCGTCATGAAAG-1,1
GCGATCGTCTCGCCTA-1,1
GCGGAAACAGTCGGTC-1,2
GCGGATCAGATCCCAT-1,1
GCGGATCAGCCTCAGC-1,1
GCGGATCCACTGGACC-1,1
GCGGATCTCACGGAGA-1,1
GCGTGCAAGATCCGAG-1,1
GCGTGCAAGTCCTACA-1,2
GCGTGCACACCGGTCA-1,2
GCGTGCAGTAACGCGA-1,1
GCGTTTCCAACCACGC-1,1
GCGTTTCCAATTGTGC-1,1
GCGTTTCCACATTCGA-1,1
GCGTTTCGTCAAATCC-1,1
GCGTTTCGTCACTAGT-1,2
GCTACAAAGACAAGCC-1,1
GCTACAATCCAACACA-1,1
GCTACAATCTTCCAGC-1,1
GCTACCTAGGCTAGCA-1,1
GCTACCTGTCGTCAGC-1,1
GCTACCTTCACTACGA-1,1
GCTACCTTCTTCCAGC-1,1
GCTCAAAAGTAGTGCG-1,2
GCTCAAAGTACCAGAG-1,2
GCTCAAAGTTCTAACG-1,1
GCTGAATAGTCGAAGC-1,1
GCTGAATGTATCGCGC-1,1
GCTGAATTCGGCATCG-1,2
GCTGAATTCTCAGTCC-1,1
GCTGCAGAGAAATCCA-1,1
GCTGCAGCACTATCCC-1,1
GCTGCAGCAGTTAAAG-1,1
GCTGCAGGTCGAAGCA-1,1
GCTGCAGGTGGACTGA-1,1
GCTGCAGTCACCTGTC-1,1
GCTGGGTAGGTATCTC-1,1
GCTGGGTCATTGCCTC-1,2
GCTGGGTGTTGTGTTG-1,1
GCTTCACAGTTGCTCA-1,1
GCTTCACCAGGAGGTT-1,2
GCTTCACGTCGTCAGC-1,1
GCTTCACGTGGTTTAC-1,1
GCTTCACGTTGGCCGT-1,2
GCTTGGGAGCGACTGA-1,1
GCTTGGGAGGAGATAG-1,1
GCTTGGGAGGTCGAGT-1,1
GCTTGGGCAGTCGTTA-1,1
GCTTGGGGTAGGCAAC-1,1
GCTTGGGGTTGCTAGT-1,1
GCTTGGGTCCGAGATT-1,2
GCTTGGGTCGTTCATT-1,2
GCTTGGGTCTAAGAAG-1,1
GCTTGGGTCTTGGAAC-1,1
GCTTTCGAGAACGTGC-1,1
GCTTTCGAGCAGCCCT-1,1
GCTTTCGAGTGCTAGG-1,1
GCTTTCGAGTGGTTAA-1,1
GCTTTCGAGTTTCAGC-1,1
GCTTTCGCAACGCCCA-1,2
GCTTTCGCACTACGGC-1,2
GCTTTCGCATCGATAC-1,1
GCTTTCGCATGAGATA-1,1
GCTTTCGGTCACCGCA-1,2
GCTTTCGGTTAAACCC-1,1
GGAACCCAGAATAACC-1,1
GGAACCCGTCATATGC-1,1
GGAACCCTCAGAGCGA-1,1
GGAACCCTCGGTTCAA-1,1
GGAAGTGAGACTCCGC-1,1
GGAAGTGAGGAGTATT-1,1
GGAAGTGAGGCATCGA-1,1
GGAAGTGAGTCGCCCA-1,1
GGAAGTGCAATTCGTG-1,1
GGAAGTGCAGCTCTGG-1,1
GGAAGTGGTACCGGCT-1,1
GGAAGTGGTACTGAGG-1,1
GGAAGTGGTCTGTTAG-1,1
GGAATCTCACGCCAGT-1,2
GGAATCTCATTGCTTT-1,1
GGAATCTTCATTGGTG-1,1
GGAATGGCATACAGCT-1,1
GGAATGGGTGATTCAC-1,1
GGAATGGTCGGCTCTT-1,1
GGACGTCAGCAACTCT-1,2
GGACGTCCATAGAATG-1,1
GGACGTCCATGGGATG-1,1
GGACGTCGTATCGAGG-1,1
GGACGTCGTCCTGTCT-1,1
GGACGTCTCTTCCAGC-1,2
GGAGAACCAAGGACAC-1,1
GGAGAACCACAAAGCG-1,1
GGAGAACTCAATCCAG-1,1
GGAGAACTCGTCGACG-1,1
GGAGAACTCTTCGTAT-1,1
GGAGATGGTACTGTTG-1,1
GGAGATGGTGTAGGAC-1,1
GGAGATGTCCACTTTA-1,2
GGAGCAAAGACAAGCC-1,1
GGAGCAAAGGTTTGAA-1,2
GGAGCAAGTTTACTTC-1,1
GGAGCAATCCATGCAA-1,1
GGAGCAATCCCAAGCG-1,1
GGAGCAATCGGTCAGC-1,1
GGAGGATCAGCTTCCT-1,1
GGAGGATGTACTGAGG-1,1
GGAGGATGTCGAAACG-1,1
GGAGGTAAGACCCGCT-1,1
GGAGGTAAGCAGATAT-1,1
GGAGGTACAGAAGCGT-1,1
GGAGGTACAGGCTCTG-1,2
GGAGGTACATGACCCG-1,2
GGAGGTAGTTAATCGC-1,1
GGAGGTATCAGCACCG-1,1
GGAGGTATCATTGCTT-1,1
GGATCTACATCACAGT-1,1
GGATCTAGTGTTTACG-1,1
GGATCTATCAGGGATG-1,2
GGATCTATCCAACTAG-1,1
GGATCTATCTAGTCAG-1,1
GGATGTTAGCCATTGT-1,1
GGATGTTAGCCTGAAG-1,1
GGATGTTAGGCCATAG-1,1
GGATGTTGTGGCGCTT-1,1
GGATGTTGTGGGTCAA-1,1
GGCACGTAGGACTAAT-1,2
GGCACGTAGGGTAATT-1,1
GGCACGTAGTGTAGTA-1,1
GGCACGTCAAGATGGC-1,1
GGCACGTTCAAATGCC-1,1
GGCACGTTCACTTTGT-1,1
GGCACGTTCGCAATTG-1,1
GGCACGTTCTTGAGCA-1,1
GGCAGTCAGGTGGTTG-1,2
GGCAGTCGTCAGACGA-1,1
GGCAGTCGTCAGGTGA-1,1
GGCAGTCTCACTTCTA-1,1
GGCGTCAAGAGCATAT-1,1
GGCGTCAAGAGTCAAT-1,1
GGCGTCAAGCATCAGG-1,1
GGCGTCACAGAATTCC-1,1
GGCGTCACAGATCCAT-1,1
GGCGTCAGTATAGCTC-1,2
GGCGTCAGTGGTATGG-1,1
GGCGTCATCCAGCTCT-1,2
GGCGTCATCTGTCGTC-1,2
GGCTGTGAGCGCCCAT-1,1
GGCTGTGCACATTACG-1,1
GGCTGTGTCTTGGGCG-1,1
GGCTTGGAGGCTTTCA-1,2
GGCTTGGGTAGAGTTA-1,1
GGCTTGGGTCTCGGGT-1,1
GGCTTGGTCGAAGTGG-1,1
GGCTTTCAGAGTGAAG-1,2
GGCTTTCAGGTGAGAA-1,1
GGCTTTCCACCAGCGT-1,1
GGCTTTCCACTCACTC-1,1
GGCTTTCGTACGGATG-1,2
GGCTTTCGTGAGCAGT-1,2
GGCTTTCGTTCCTTGC-1,1
GGCTTTCTCTATCGTT-1,1
GGCTTTCTCTGGACTA-1,1
GGGAAGTAGTTCCTGA-1,1
GGGAAGTCAAGCGGAT-1,1
GGGAAGTGTATGGTTC-1,1
GGGAAGTGTCTAACGT-1,1
GGGAAGTTCCTACCGT-1,2
GGGAAGTTCGATTTCT-1,1
GGGACAAAGCATGATA-1,1
GGGACAAAGCTCATAC-1,1
GGGACAAAGGTAAGGA-1,2
GGGACAAGTAGCCCTG-1,1
GGGACAAGTTGGGACA-1,1
GGGACAAGTTTAGTCG-1,1
GGGACAATCAAACTGC-1,1
GGGACAATCGGTCAGC-1,1
GGGACAATCTAGTGAC-1,1
GGGACCTAGTAGGAAG-1,1
GGGACCTCACGGAAGT-1,2
GGGACCTCATAAGCAA-1,2
GGGACCTGTACTCCCT-1,1
GGGACCTGTCGTCATA-1,2
GGGACCTGTTCGGTAT-1,2
GGGACCTGTTGGGCCT-1,1
GGGACCTTCGCTGTTC-1,1
GGGACCTTCGTTTACT-1,1
GGGACTCAGCGGTAAC-1,1
GGGACTCAGTGACCTT-1,1
GGGACTCCACTCTGCT-1,1
GGGACTCGTATTCCGA-1,2
GGGACTCGTCATAGTC-1,1
GGGACTCTCCATTCAT-1,1
GGGACTCTCGGAAGGT-1,1
GGGACTCTCTTGTGCC-1,1
GGGAGATAGATTAGTG-1,1
GGGAGATAGGAATTAC-1,1
GGGAGATGTGGACTAG-1,1
GGGAGATTCGTTGCCT-1,1
GGGAGTAAGCGGGTAT-1,1
GGGAGTACAGTCGAGA-1,1
GGGAGTAGTAGATTGA-1,1
GGGAGTAGTAGTCGGA-1,1
GGGAGTATCACCCTCA-1,1
GGGAGTATCCTCATAT-1,1
GGGAGTATCGCTGCGA-1,1
GGGATCCAGAAGGGAT-1,1
GGGATCCCATGGCCCA-1,2
GGGATCCGTATCTCGA-1,2
GGGATCCGTCATTGCA-1,1
GGGATCCGTCGAGCTC-1,1
GGGATCCTCATGGAGG-1,2
GGGATGAAGTAGGTTA-1,1
GGGATGACAAGTGTCT-1,1
GGGATGACAGCACACC-1,1
GGGATGACATCCCACT-1,2
GGGATGAGTATATGGA-1,1
GGGATGAGTTCGAACT-1,1
GGGATGAGTTGACTAC-1,1
GGGCCATAGGTCACCC-1,1
GGGCCATAGTACGTCT-1,1
GGGCCATGTAACTGCT-1,1
GGGCCATGTACGCTAT-1,1
GGGCCATGTCCGAAGA-1,1
GGGCCATTCAACTGAC-1,2
GGGCGTTAGACATCCT-1,2
GGGCGTTAGGAATGTT-1,2
GGGCGTTCAATTGCTG-1,1
GGGCGTTGTACCGTGC-1,1
GGGCGTTGTCTGTGGC-1,2
GGGCTACAGAATTGCA-1,2
GGGCTACAGATGTAGT-1,1
GGGCTACAGCACTCTA-1,1
GGGCTACAGCAGTAAT-1,1
GGGCTACCACCTCGTT-1,1
GGGCTACTCATAGCAC-1,1
GGGCTCAAGTTTCGAC-1,1
GGGCTCAGTCACGTGC-1,1
GGGCTCATCATCGACA-1,1
GGGCTCATCCCATAGA-1,1
GGGCTCATCCTCAGGG-1,2
GGGCTCATCTTGGTGA-1,1
GGGTAGACAGCTTCCT-1,1
GGGTAGATCATGACAC-1,1
GGGTAGATCCATCTGC-1,1
GGGTATTCACCAGACC-1,1
GGGTATTCACCCTAGG-1,1
GGGTATTCATGACTAC-1,2
GGGTCACAGCTAAACA-1,1
GGGTCACAGGCCCACT-1,1
GGGTCACAGTAAATGC-1,2
GGGTCACGTAATTAGG-1,1
GGGTCACGTCCGGTGT-1,1
GGGTCACGTGAAGCTG-1,1
GGGTCTGAGTAAAGCT-1,1
GGGTCTGCAAGCAATA-1,2
GGGTCTGCACCCTGTT-1,1
GGGTCTGCAGACACAG-1,1
GGGTCTGCAGACACCC-1,1
GGGTCTGCAGTCCCGA-1,1
GGGTCTGGTCGAGTGA-1,1
GGGTCTGTCCATCTCG-1,1
GGGTGAAAGGTGCAGT-1,2
GGGTGAAGTCGACTGC-1,1
GGGTGTCCAGAGTGAC-1,1
GGGTGTCGTTCTATCT-1,1
GGGTTATAGTACAGCG-1,2
GGGTTATCAATGCAGG-1,1
GGGTTATCAGCGAACA-1,2
GGGTTATCAGTTGTCA-1,1
GGGTTATCATGAGAAT-1,1
GGGTTATCATGATCTG-1,1
GGGTTATGTGTCCAAT-1,2
GGGTTATGTGTCTAAC-1,1
GGGTTATGTTGCTTGA-1,1
GGGTTATTCGACACCG-1,1
GGGTTTAGTATGAAGT-1,1
GGGTTTAGTGTCCGTG-1,1
GGGTTTATCCAGGACC-1,1
GGTAACTAGAATTGTG-1,1
GGTAACTAGAGATTCA-1,1
GGTAACTAGCACTCTA-1,1
GGTAACTCAACTCGTA-1,1
GGTAACTCACGTACTA-1,2
GGTAATCAGACCAACG-1,2
GGTAATCCAGAATTCC-1,1
GGTAATCCAGCGAACA-1,1
GGTAATCCAGTCTCTC-1,1
GGTAGAGAGCGATGAC-1,1
GGTAGAGAGGTGCCTC-1,1
GGTAGAGCAATACCTG-1,1
GGTAGAGCATGGTACT-1,1
GGTAGAGGTCGCGTTG-1,2
GGTAGAGGTGACCTGC-1,1
GGTAGAGTCAGATTGC-1,1
GGTAGAGTCATCGACA-1,1
GGTCACGAGCGGTAGT-1,1
GGTCACGAGTCGTTAC-1,1
GGTCACGCATGGGTTT-1,1
GGTCTGGAGGTCACAG-1,1
GGTCTGGAGTGGTCAG-1,1
GGTCTGGCAAAGGATT-1,1
GGTCTGGGTTAGGAGC-1,1
GGTCTGGGTTGCGGAA-1,2
GGTCTGGGTTGGGAAC-1,1
GGTCTGGTCACTTTGT-1,1
GGTCTGGTCCATTCAT-1,1
GGTCTGGTCGTAGAGG-1,1
GGTGAAGAGTACCGGA-1,1
GGTGAAGCAAAGTGTA-1,2
GGTGAAGCAAGGAGTC-1,1
GGTGAAGCACTACGGC-1,1
GGTGAAGGTACCTAGT-1,1
GGTGAAGGTAGCTTTG-1,1
GGTGAAGGTTCGGACC-1,1
GGTGAAGTCATAGACC-1,1
GGTGAAGTCGAGCCAC-1,2
GGTGAAGTCGGTTGTA-1,1
GGTGAAGTCTCTAAGG-1,1
GGTGATTAGCCGTCGT-1,1
GGTGATTAGGTGCAGT-1,1
GGTGATTTCACACCGG-1,1
GGTGATTTCCTGGTCT-1,1
GGTGATTTCGATAACC-1,1
GGTGATTTCTACTCAT-1,1
GGTGATTTCTTGTTAC-1,2
GGTGGCTAGCATGGGT-1,1
GGTGGCTAGCGATGCA-1,1
GGTGGCTCATATAGCC-1,1
GGTGGCTCATGTTCAG-1,1
GGTGGCTGTGCACGCT-1,1
GGTGGCTGTTCAATCG-1,1
GGTGGCTTCCTTATAC-1,1
GGTGGCTTCTGAGTCA-1,1
GGTGTCGAGAACAGGA-1,1
GGTGTCGAGAGCACTG-1,1
GGTGTCGAGCATCAGG-1,1
GGTGTCGCAAATCAAG-1,1
GGTGTCGCAGAGGCTA-1,1
GGTGTCGTCCACAGCG-1,2
GGTGTCGTCTAGTTCT-1,1
GGTGTTACATGGGCAA-1,1
GGTGTTAGTTACGTAC-1,1
GGTGTTATCGCCTAGG-1,1
GGTGTTATCTTCCGTG-1,1
GGTTAACAGCGACTTT-1,1
GGTTAACCAACTCGAT-1,2
GGTTAACCAGACTCTA-1,1
GGTTCTCAGTAGGAAG-1,1
GGTTCTCCAATCTCGA-1,1
GGTTCTCCACTCCCTA-1,1
GGTTCTCCAGGCTACC-1,1
GGTTCTCGTGACTCTA-1,1
GGTTCTCTCCGCTGTT-1,1
GGTTCTCTCGATACTG-1,1
GGTTCTCTCTTCTAAC-1,1
GGTTGTAAGATTGAGT-1,1
GGTTGTAAGCTGTTCA-1,1
GGTTGTAAGGGCAAGG-1,1
GGTTGTAGTAACCAGG-1,1
GGTTGTAGTAACGGTG-1,1
GGTTGTAGTACAGTCT-1,1
GGTTGTAGTACGTACT-1,1
GGTTGTAGTCCCTAAA-1,2
GGTTGTAGTGATTAGA-1,2
GGTTGTATCTGAGTCA-1,2
GGTTGTATCTTGTTAC-1,1
GTAACACAGCTTTGTG-1,2
GTAACACCAATTGCAC-1,2
GTAACACCAGGTCAAG-1,1
GTAACCAAGATGTTAG-1,1
GTAACCAAGCCAGAGT-1,2
GTAACCAAGCCTCTGG-1,2
GTAACCACATGGTGGA-1,1
GTAACCAGTAATCAGA-1,2
GTAACCAGTTGGACCC-1,1
GTAACCATCTGTCGTC-1,2
GTAAGTCAGATTGCGG-1,2
GTAAGTCAGGTGCATG-1,1
GTAAGTCAGGTTACCT-1,2
GTAAGTCAGTTGGACG-1,2
GTAAGTCCAAGAATAC-1,2
GTAAGTCGTACTCGAT-1,1
GTAAGTCGTAGAAACT-1,1
GTAAGTCGTCCAACGC-1,2
GTAAGTCTCATCCTGC-1,1
GTAAGTCTCCTGGGTG-1,2
GTAAGTCTCTCTTAAC-1,1
GTAATCGAGAAGAACG-1,1
GTAATCGAGAGCTGAC-1,1
GTAATCGAGCGTCAGA-1,1
GTAATCGCACGTAGTT-1,2
GTAATCGGTAACTTCG-1,1
GTAATCGGTCACCCTT-1,1
GTAATCGTCATTTGGG-1,1
GTAATCGTCTCCTGTG-1,2
GTAATCGTCTTTACAC-1,1
GTAATGCCACGACAGA-1,1
GTAATGCCACTCCACT-1,1
GTAATGCCAGGTGTTT-1,1
GTAATGCGTCATCGGC-1,1
GTAATGCGTCCCTGTT-1,1
GTAATGCGTCTGTGGC-1,2
GTAATGCGTTCTCTCG-1,1
GTAATGCTCAAGCGTT-1,1
GTACAACAGACCGCCT-1,1
GTACAACAGGTGATCG-1,2
GTACAACCACACGGAA-1,1
GTACAACCAGAACTCT-1,1
GTACAACCAGTGACCC-1,2
GTACAACGTCTGTAGT-1,1
GTACAACGTGAGTTGG-1,1
GTACAACGTGGCTGAA-1,1
GTACAGTCAAGACGAC-1,1
GTACAGTCACACGTGC-1,1
GTACAGTCATAGGTAA-1,1
GTACAGTGTGAATTAG-1,2
GTACAGTGTGTCGCTG-1,1
GTACAGTGTTCCTTGC-1,1
GTACAGTTCACGATCA-1,1
GTACAGTTCGCCTTGT-1,1
GTACAGTTCTCTCGCA-1,1
GTAGAAATCGTAGCTA-1,1
GTAGAAATCTCCCATG-1,2
GTAGAGGAGCGTCTGC-1,1
GTAGAGGCAGCGGATA-1,1
GTAGAGGCATCGATAC-1,1
GTAGAGGCATTAAAGG-1,2
GTAGAGGTCTCCCAAC-1,1
GTAGAGGTCTGAACGT-1,1
GTAGATCCAAGTTGGG-1,1
GTAGATCGTGTTCGAT-1,1
GTAGCTAAGAAACTGT-1,1
GTAGCTAAGATTAGAC-1,1
GTAGCTACAACTCCCT-1,1
GTAGCTACACTGGAAG-1,1
GTAGCTATCAAGCTGT-1,1
GTAGGAGCACCTAAAC-1,2
GTAGGAGCATAGTCGT-1,1
GTAGGAGGTATCGTGT-1,1
GTAGGAGGTGAGACGT-1,1
GTAGGAGTCTCTGAGA-1,1
GTAGGTTAGTGGAAAG-1,1
GTAGGTTCACAAGTTC-1,1
GTAGGTTCAGACGCTC-1,1
GTAGGTTGTGGGACAT-1,1
GTAGGTTGTTGCTCCT-1,1
GTAGTACTCATCTATC-1,2
GTATTGGAGCCACAAG-1,1
GTATTGGCATCACCAA-1,2
GTATTGGGTGCCTGAC-1,2
GTATTGGTCGAAGGAC-1,1
GTATTTCCACTACCGG-1,1
GTATTTCCATCTGTTT-1,2
GTATTTCGTAAGATCA-1,1
GTATTTCGTCTCCTGT-1,1
GTATTTCTCGTCAGAT-1,2
GTCAAACAGCACCTGC-1,1
GTCAAACCATCAGCTA-1,1
GTCAAACCATGCACTA-1,1
GTCAAACGTTCAGGTT-1,1
GTCAAGTCAAAGTGTA-1,1
GTCAAGTCAGTTTGGT-1,1
GTCAAGTTCGCCAATA-1,1
GTCAAGTTCGGAGTAG-1,1
GTCAAGTTCTTGGAAC-1,2
GTCACGGAGCCTAGGA-1,1
GTCACGGAGCGCTGCT-1,1
GTCACGGGTACGCGTC-1,1
GTCACGGGTAGGGTAC-1,2
GTCACGGGTAGTTAGA-1,1
GTCACGGGTCAACCTA-1,1
GTCACGGGTGGATCGA-1,1
GTCACGGTCCACAGCG-1,2
GTCACGGTCCTAGAGT-1,1
GTCACGGTCGGTAGGA-1,2
GTCACTCAGTACAGAT-1,1
GTCACTCAGTCGCCAC-1,1
GTCACTCCACGAGAAC-1,1
GTCACTCGTGGGTATG-1,1
GTCACTCTCGCACTCT-1,1
GTCAGCGAGGATAATC-1,1
GTCAGCGAGTCAGCGA-1,2
GTCAGCGCAACGGCCT-1,2
GTCAGCGCAGGAATAT-1,1
GTCAGCGTCTGAACGT-1,1
GTCATCCAGCAGATAT-1,1
GTCATCCAGCTCCACG-1,1
GTCATCCAGTGGTTAA-1,1
GTCATCCCAACTACGT-1,1
GTCATCCCACGGTGCT-1,1
GTCATCCGTCCGTTTC-1,1
GTCATCCTCATTCCTA-1,1
GTCATGAAGCGAGTCA-1,1
GTCATGAAGTAAATGC-1,2
GTCATGAAGTCTCCTC-1,2
GTCATGACACTTGTCC-1,2
GTCATGACATGCCGCA-1,1
GTCATGAGTAAGTAGT-1,1
GTCATGAGTAGGGAGG-1,1
GTCATGATCAAGTAAG-1,1
GTCATGATCACCGGGT-1,2
GTCATGATCTCATTAC-1,1
GTCATTTAGGTAAAGG-1,1
GTCATTTCAGACACAG-1,2
GTCATTTCAGCGCGTT-1,2
GTCATTTCATCGCTCT-1,1
GTCATTTGTACCCGCA-1,2
GTCATTTGTCACAATC-1,1
GTCATTTGTTTACACG-1,1
GTCATTTTCCAGCAAT-1,1
GTCCACTAGTGCGCTC-1,1
GTCCACTAGTTGCCTA-1,1
GTCCACTGTCGTCAGC-1,1
GTCCACTGTGTTCGAT-1,1
GTCCACTTCAGAGCGA-1,1
GTCCACTTCCTCATAT-1,1
GTCCCATAGAAACCCG-1,2
GTCCCATAGGCAGTCA-1,1
GTCCCATAGGTAAACT-1,1
GTCCCATCACCGTGCA-1,2
GTCCCATCAGGCAATG-1,2
GTCCCATGTATAGGAT-1,1
GTCCCATTCATCCTGC-1,1
GTCCCATTCCGCAACG-1,1
GTCCCATTCGATACGT-1,2
GTCCCATTCTACTCAT-1,1
GTCCCATTCTAGGCCG-1,2
GTCCTCACACTTTATC-1,1
GTCCTCAGTTCTTGTT-1,1
GTCCTCAGTTGGGACA-1,1
GTCGAATAGGCCCGTT-1,1
GTCGAATAGGTCTACT-1,1
GTCGAATCAGGTCAGA-1,2
GTCGAATGTCGTTATG-1,2
GTCGAATTCAAACTGC-1,1
GTCGAATTCGCTTGAA-1,1
GTCGAATTCGGTTAGT-1,1
GTCGAATTCTTCCCAG-1,1
GTCGCGAAGCGCCGTT-1,1
GTCGCGAAGTCTGCAT-1,1
GTCGCGACAAACAGGC-1,2
GTCGCGACACAGTGAG-1,1
GTCGCGAGTCTGCATA-1,1
GTCGCGATCACGACTA-1,1
GTCGTAAAGAGGTATT-1,1
GTCGTAAAGCTATCCA-1,1
GTCGTAACAATCAGCT-1,1
GTCGTAACACCTGCGA-1,1
GTCGTAACAGACGATG-1,1
GTCGTAACATGTAACC-1,1
GTCGTAAGTCATCGGC-1,1
GTCGTTCAGTCATAGA-1,2
GTCGTTCCACTGGCGT-1,1
GTCGTTCCAGGACGAT-1,1
GTCGTTCCAGTTAGGG-1,1
GTCGTTCGTCACTACA-1,1
GTCGTTCGTGAGGATC-1,1
GTCTACCAGAACGTGC-1,1
GTCTACCGTACTCGTA-1,1
GTCTACCTCAGTCCGG-1,1
GTCTACCTCATGAGAA-1,1
GTCTACCTCGTAGAGG-1,2
GTCTACCTCTCCCTAG-1,2
GTCTACCTCTTCCCGA-1,2
GTCTAGAAGTGGATTA-1,1
GTCTAGACAGCGTTGC-1,1
GTCTAGATCAAACTGC-1,2
GTCTCACAGGCATCTT-1,1
GTCTCACCACGCGGTT-1,1
GTCTCACCACTTCATT-1,1
GTCTCACGTACATACC-1,1
GTCTCACGTAGGAGGG-1,1
GTCTCACTCACACCCT-1,1
GTCTCACTCGGAAGGT-1,1
GTCTGTCAGGAAGAAC-1,1
GTCTGTCCATCCAACA-1,1
GTCTGTCGTTAGGGTG-1,1
GTCTGTCTCTGTCGCT-1,1
GTCTTTAAGGTCGACA-1,1
GTCTTTAGTACTGCCG-1,1
GTCTTTATCCTGGCTT-1,1
GTCTTTATCTCAGTCC-1,1
GTGACGCCACTGGCCA-1,1
GTGACGCGTGATATAG-1,1
GTGACGCTCAAGTGTC-1,2
GTGACGCTCCTCACGT-1,2
GTGACGCTCCTTCGAC-1,1
GTGACGCTCGTTCAGA-1,1
GTGAGCCAGACTAGAT-1,2
GTGAGCCAGCGCCGTT-1,1
GTGAGCCAGCTGGCTC-1,1
GTGAGCCAGTGGTCAG-1,1
GTGAGCCCAAACTCTG-1,1
GTGAGCCCAGCTGAAG-1,2
GTGAGCCGTGAGCCAA-1,2
GTGAGCCGTGGTCCGT-1,1
GTGAGCCGTTCTTCAT-1,2
GTGAGCCTCACACCCT-1,1
GTGAGCCTCGATTCCC-1,1
GTGAGCCTCTTTGCGC-1,1
GTGAGGACACCCAATA-1,2
GTGAGGAGTAATGCTC-1,1
GTGAGGAGTCATCCCT-1,1
GTGAGGAGTTGCCAAT-1,1
GTGAGGAGTTGCTCCT-1,1
GTGAGGATCACGACTA-1,1
GTGAGTTAGAAGTGTT-1,1
GTGAGTTGTCCTTGTC-1,1
GTGAGTTTCGCAGAGA-1,2
GTGAGTTTCTGCCTGT-1,1
GTGATGTAGATAGTCA-1,1
GTGATGTCAATTGCTG-1,1
GTGATGTCACCTCTGT-1,2
GTGATGTGTAAGGCCA-1,2
GTGATGTGTCATCCGG-1,1
GTGATGTTCCTCGATC-1,2
GTGCACGAGCTCTATG-1,1
GTGCACGAGGGAGGAC-1,2
GTGCACGCACGAAAGC-1,1
GTGCACGGTTTGGGAG-1,1
GTGCAGCAGGGATCAC-1,1
GTGCAGCCAGGTGTTT-1,1
GTGCAGCCAGTTAAAG-1,1
GTGCAGCTCCAGCTCT-1,2
GTGCAGCTCTACGCAA-1,1
GTGCAGCTCTAGACAC-1,1
GTGCAGCTCTTCCCGA-1,1
GTGCGTGAGGACTATA-1,1
GTGCGTGAGGGAGGTG-1,1
GTGCGTGAGTCGCCAC-1,1
GTGCGTGGTATATGGA-1,1
GTGCGTGGTGGCAGAT-1,1
GTGCGTGTCTGATGGT-1,1
GTGCTGGAGACGACGT-1,1
GTGCTGGAGTGCAACG-1,2
GTGCTGGCAGACACCC-1,2
GTGCTGGTCAGCTCTC-1,1
GTGCTGGTCCTACACC-1,2
GTGCTTCAGAGTCGAC-1,2
GTGCTTCAGGACGCTA-1,1
GTGCTTCCACGTTGGC-1,1
GTGCTTCGTGACTCTA-1,1
GTGCTTCTCTGGTGCG-1,1
GTGCTTCTCTTCTGGC-1,2
GTGGAAGAGTATGTAG-1,1
GTGGAAGGTCTCGGAC-1,2
GTGGAAGGTGACAGCA-1,1
GTGGAAGTCCCAAGTA-1,1
GTGGAGAAGGAATTAC-1,1
GTGGAGACATCCGTTC-1,2
GTGGAGATCAACACCA-1,1
GTGGAGATCAACACGT-1,1
GTGGCGTTCCGTAATG-1,1
GTGGCGTTCGGTCAGC-1,1
GTGGGAAAGGATTACA-1,1
GTGGGAAAGGTGCTAG-1,2
GTGGGAACAACCTATG-1,2
GTGGGAACATACCATG-1,2
GTGGGAAGTTAAGGAT-1,1
GTGGGAATCCATTCAT-1,1
GTGGGAATCGTGAGAG-1,1
GTGGTTAAGTAACGTA-1,1
GTGGTTACACTGGAAG-1,1
GTGGTTACAGGACTTT-1,1
GTGGTTACATCTTAGG-1,1
GTGGTTAGTGGTACAG-1,1
GTGGTTAGTTCTCGCT-1,1
GTGGTTAGTTGCGGAA-1,1
GTGGTTATCAATCAGC-1,1
GTGTAACGTAGCTCGC-1,2
GTGTAACGTTCGCGTG-1,1
GTGTCCTCAACTGTGT-1,1
GTGTCCTCAGCGTTGC-1,2
GTGTCCTGTTGTCAGT-1,1
GTGTCCTTCGTTCTAT-1,1
GTGTGATAGACTCATC-1,1
GTGTGATCAAGGAGTC-1,1
GTGTGATCACAGAGCA-1,1
GTGTGATCAGCTCCTT-1,1
GTGTGATGTAATTAGG-1,1
GTGTGATGTATCGAGG-1,1
GTGTGATGTTCGGTCG-1,1
GTGTGATTCCTCACCA-1,1
GTGTGATTCTTCCAGC-1,1
GTGTGGCCAGTTTCGA-1,1
GTGTGGCGTGACATCT-1,1
GTGTGGCGTGTTTACG-1,1
GTGTGGCTCGGTTAGT-1,2
GTGTGGCTCTACGCAA-1,2
GTGTTAGAGAGCAGTC-1,1
GTGTTAGCAATACAGA-1,1
GTGTTAGCACAGCTGC-1,1
GTGTTAGCAGACGGAT-1,1
GTGTTAGGTCGCCTAG-1,1
GTGTTAGTCCCAAGTA-1,2
GTGTTCCCAGTCTCTC-1,2
GTGTTCCGTCCCGCAA-1,1
GTGTTCCTCGCGAAGA-1,1
GTTACAGCAAGCCTGC-1,2
GTTACAGTCTGACCCT-1,1
GTTACCCAGATGCTTC-1,1
GTTACCCAGTAGTCTC-1,1
GTTACCCCACATGAAA-1,1
GTTACCCCATATCTCT-1,1
GTTACCCCATGACGTT-1,1
GTTACCCGTGTATCCA-1,1
GTTACCCGTTAAGACA-1,1
GTTACCCGTTGCATGT-1,1
GTTACCCTCTTAGCTT-1,1
GTTACGACATGGGCAA-1,1
GTTACGAGTCATCACA-1,2
GTTACGAGTGCACGCT-1,1
GTTACGATCCGGGACT-1,2
GTTAGACAGCTGTTCA-1,1
GTTAGACAGGAGGTTC-1,1
GTTAGACCACCCAATA-1,1
GTTAGACGTCTTTATC-1,2
GTTAGACTCCTGGCTT-1,1
GTTAGACTCGGCGATC-1,1
GTTAGACTCTACCAGA-1,1
GTTAGACTCTCTCTAA-1,1
GTTAGACTCTGTGTGA-1,1
GTTAGTGCACGGTGTC-1,1
GTTAGTGCATGATCTG-1,1
GTTAGTGTCCCTTGGT-1,2
GTTAGTGTCCTGGGTG-1,1
GTTAGTGTCCTGTACC-1,1
GTTATGGAGCGTGCCT-1,1
GTTATGGAGTCAGGGT-1,1
GTTATGGGTACATTGC-1,1
GTTATGGGTCCGAAGA-1,2
GTTATGGGTGACACAG-1,1
GTTCATTAGACCGCCT-1,1
GTTCATTCATTCCTCG-1,1
GTTCATTTCATCGTAG-1,1
GTTCCGTAGAAACCCG-1,1
GTTCCGTAGAGCCGAT-1,1
GTTCCGTAGTATGAGT-1,2
GTTCCGTCACACTGGC-1,1
GTTCCGTCACGTAACT-1,1
GTTCCGTCATTAAGCC-1,1
GTTCCGTTCTTCACAT-1,1
GTTCCGTTCTTGATTC-1,1
GTTCGCTAGAGTTGCG-1,1
GTTCGCTAGCGTTCAT-1,1
GTTCGCTAGTGTTGTC-1,1
GTTCGCTCAGGTATGG-1,1
GTTCGCTGTATCAGGG-1,2
GTTCGCTTCATCGGGC-1,1
GTTCGCTTCCAACCGG-1,2
GTTCGCTTCCCTAGGG-1,1
GTTCTATAGGTAGACC-1,2
GTTCTATCACATATGC-1,1
GTTCTATTCCTAGCGG-1,1
GTTGAACCACGTAGAG-1,2
GTTGAACGTGCCCACA-1,1
GTTGAACGTGTCACAT-1,1
GTTGAACGTTAGGGTG-1,2
GTTGAACTCAGTCAGT-1,1
GTTGAACTCCCATTTA-1,1
GTTGCGGAGCTTAGTC-1,1
GTTGCGGAGGGATCTG-1,1
GTTGCGGAGTCAACAA-1,1
GTTGCGGAGTGCGTCC-1,1
GTTGCGGCACCCATAA-1,1
GTTGCGGGTAGCGAGT-1,1
GTTGCGGGTATTGGCT-1,2
GTTGCGGTCATGCAGT-1,1
GTTGCGGTCTTGAGCA-1,2
GTTGCTCAGAGTCTTC-1,1
GTTGCTCAGCCATTCA-1,1
GTTGCTCCAACCACAT-1,2
GTTGCTCCAATGTGGG-1,1
GTTGCTCGTACAACGG-1,1
GTTGCTCGTCATGCAT-1,1
GTTGTAGAGGGACCAT-1,2
GTTGTAGCACCATATG-1,1
GTTGTAGCAGGGAATC-1,1
GTTGTAGCATCCCGTT-1,1
GTTGTAGGTAGACGTG-1,1
GTTGTAGGTCCACTCT-1,1
GTTGTAGGTCGTGGAA-1,1
GTTGTAGGTTAGCGGA-1,1
GTTGTAGTCATGGTAC-1,1
GTTGTAGTCGACCATA-1,1
GTTGTAGTCGCAGAGA-1,1
GTTGTAGTCTGGTGGC-1,1
GTTGTCCAGTACTGGG-1,2
GTTGTCCCAGAGAAAG-1,2
GTTGTCCTCCATCTGC-1,2
GTTGTCCTCCCTCTAG-1,2
GTTGTGAAGACTTCAC-1,1
GTTGTGACACCCTATC-1,1
GTTGTGACAGCAGTTT-1,1
GTTGTGAGTGCATTAC-1,2
GTTGTGAGTTCGTACA-1,1
GTTGTGATCGTTACCC-1,1
GTTTACTCACCTATCC-1,2
GTTTACTCAGATCCTA-1,1
GTTTACTCAGGTAGTG-1,2
GTTTACTCAGTCAGAG-1,2
GTTTACTGTTATCTTC-1,1
GTTTACTTCACAGAGG-1,1
GTTTGGAAGGTGCGAT-1,1
GTTTGGAAGTTCCATG-1,1
GTTTGGACACTGAGGA-1,1
GTTTGGACAGCATCTA-1,2
GTTTGGAGTTAGGACG-1,1
GTTTGGATCACTTATC-1,2
GTTTGGATCAGAGCGA-1,2
GTTTGGATCAGCTCTC-1,1
TAACACGAGCCGATTT-1,1
TAACACGCAAAGGCAC-1,2
TAACACGCACCACTGG-1,1
TAACACGGTCATGACT-1,1
TAACACGGTGGATTTC-1,1
TAACACGTCATCTACT-1,1
TAACACGTCTCCTGAC-1,1
TAACCAGAGACGGATC-1,1
TAACCAGAGATTGAGT-1,1
TAACCAGAGGTTCAGG-1,1
TAACCAGCAGACCAGA-1,1
TAACCAGGTTCTTAGG-1,1
TAACCAGTCAGCGGAA-1,1
TAACCAGTCTGCTAGA-1,1
TAACGACAGCGAAACC-1,1
TAACGACAGTACAGAT-1,1
TAACGACCAAGCGAAC-1,1
TAACGACCAATAGGAT-1,1
TAACGACGTTCCTAGA-1,1
TAACGACTCACCTACC-1,1
TAACGACTCACTTGGA-1,1
TAACTTCAGAAGGTAG-1,1
TAACTTCAGCTAGTTC-1,1
TAACTTCAGTACGTCT-1,1
TAACTTCCAAACGAGC-1,1
TAACTTCCAACTTGCA-1,1
TAACTTCCAGGACGAT-1,2
TAACTTCCATTAAGCC-1,2
TAACTTCGTAACATCC-1,1
TAACTTCGTTGAGTCT-1,1
TAACTTCTCATTCTTG-1,1
TAACTTCTCCGGGACT-1,2
TAAGCACAGCGAGTAC-1,1
TAAGCACAGGACGCAT-1,1
TAAGCACCAACATACC-1,1
TAAGCACCAACCGACC-1,1
TAAGCACGTAGCACGA-1,1
TAAGCACGTATGTCAC-1,1
TAAGCCAAGGTCTACT-1,1
TAAGCCAAGTAGGAAG-1,2
TAAGCGTCACAGCCAC-1,1
TAAGCGTCATTCCTCG-1,1
TAAGCGTGTAGTAAGT-1,1
TAAGCGTGTTGTGGAG-1,1
TAAGCGTTCACTGATG-1,1
TAAGCGTTCGAAGCAG-1,1
TAAGTCGAGAAGGTAG-1,1
TAAGTCGAGCCACCGT-1,1
TAAGTCGAGGAGGCAG-1,2
TAAGTCGCAGCCTTCT-1,1
TAAGTCGTCGCAATGT-1,1
TAATCTCGTCGACTGC-1,1
TAATCTCGTGATCGTT-1,1
TAATCTCGTGGTCTAT-1,1
TAATCTCGTTAGGCCC-1,1
TAATCTCGTTGGAGGT-1,1
TAATTCCAGGAGCAAA-1,1
TAATTCCAGTACGTCT-1,1
TAATTCCCAACGAGGT-1,1
TAATTCCCAGTTTGGT-1,1
TAATTCCTCCAGTTCC-1,1
TACAACGAGGATGAGA-1,1
TACAACGAGGCGCTTC-1,1
TACAACGAGTACTGGG-1,2
TACAACGGTCCCGCAA-1,1
TACAACGGTTACCCTC-1,2
TACACCCAGATGTTGA-1,1
TACACCCAGCCATTGT-1,1
TACACCCAGCGTCGAA-1,1
TACACCCCAAATCGGG-1,1
TACACCCCAATTGCCA-1,1
TACACCCCATCATTTC-1,1
TACACCCGTCATTGCA-1,2
TACACCCGTTAAGAAC-1,1
TACACCCGTTCGGACC-1,1
TACAGGTAGCCACTCG-1,1
TACAGGTAGCTAGATA-1,1
TACAGGTAGCTTCGTA-1,1
TACAGGTCAAAGGATT-1,2
TACAGGTCAGCGAACA-1,2
TACAGGTGTAGAGGAA-1,1
TACAGGTGTGACAGGT-1,1
TACAGGTGTTGGTGTT-1,1
TACAGGTTCACCTTGC-1,1
TACATTCAGGAGTACC-1,1
TACATTCCAAATTGCC-1,1
TACATTCTCAGACCTA-1,1
TACATTCTCGCTACAA-1,1
TACCCACAGCGTTCCG-1,2
TACCCACAGGCTAAAT-1,2
TACCCACCAGATACTC-1,1
TACCCACGTAGCTGAG-1,1
TACCCACGTCCAAATC-1,1
TACCCACTCGATGCAT-1,1
TACCCACTCGTGGAAG-1,1
TACCCACTCTGAGAGG-1,1
TACCCGTAGAACCCGA-1,1
TACCCGTCAAGTTCCA-1,1
TACCCGTCACGGCACT-1,1
TACCCGTCAGAAGCGT-1,1
TACCCGTCAGACCTGC-1,1
TACCCGTCATAGTCGT-1,1
TACCCGTTCGACCCAG-1,2
TACCGAAAGCCGAACA-1,1
TACCGAACACATAACC-1,1
TACCGAACAGGACATG-1,1
TACCGAACATCCGTGG-1,1
TACCGAACATTGTCGA-1,1
TACCGAAGTAACCAGG-1,1
TACCGAATCCATAAGC-1,2
TACCGAATCTTCTAAC-1,1
TACCGGGGTAGACGGT-1,1
TACCGGGGTCCAGCCA-1,1
TACCGGGTCCCGTTCA-1,1
TACCGGGTCCTGGGTG-1,2
TACCGGGTCGAGCTGC-1,2
TACCGGGTCTTCCACG-1,1
TACCTCGAGCCTGAAG-1,1
TACCTCGCACGTGTGC-1,1
TACCTCGGTCCGAAAG-1,1
TACCTCGTCGACGCTG-1,1
TACCTCGTCTTAAGGC-1,2
TACCTGCAGCGTCTGC-1,1
TACCTGCAGGTCACCC-1,1
TACCTGCAGGTTAGTA-1,1
TACCTGCCAGCGTGAA-1,1
TACCTGCGTTCGAACT-1,1
TACCTGCTCCTGCCAT-1,1
TACCTGCTCGAGAAGC-1,1
TACCTGCTCTCCTACG-1,1
TACGCTCAGGTAAAGG-1,1
TACGCTCGTACAGGTG-1,1
TACGCTCTCGCCGATG-1,1
TACGGGCAGTCGCGAA-1,1
TACGGGCCAACCCGCA-1,1
TACGGGCGTACGGGAT-1,1
TACGGGCGTTAGAGTA-1,1
TACGGGCTCGCCTCTA-1,2
TACGGTAAGATACGAT-1,1
TACGGTAAGCCATTCA-1,1
TACGGTAAGGCCTGAA-1,1
TACGGTAGTGGTCTGC-1,1
TACGGTAGTTGCAAGG-1,1
TACGGTATCCCACAGG-1,1
TACGGTATCCGACATA-1,2
TACGGTATCGGCTGTG-1,1
TACGTCCAGCCGAACA-1,1
TACGTCCAGGGCAACT-1,1
TACGTCCAGGTCCCGT-1,1
TACGTCCCAGCATACT-1,1
TACGTCCGTCCACTTC-1,1
TACGTCCGTCGAGTTT-1,1
TACGTCCGTCGCACGT-1,2
TACGTCCGTGATAGAT-1,1
TACGTCCTCGTGCATA-1,1
TACGTCCTCTCGGTCT-1,1
TACTGCCAGCAGCAGT-1,1
TACTGCCAGGGATGTC-1,1
TACTGCCCAAGTTGGG-1,1
TACTTACCACATAACC-1,1
TACTTACCATGTTCGA-1,1
TACTTACGTCAGTTTG-1,1
TACTTACGTCGCCACA-1,2
TACTTACGTCGTGGAA-1,1
TACTTACGTCTCTCTG-1,1
TACTTACTCCGTGTAA-1,1
TACTTGTAGACATAGT-1,1
TACTTGTAGGAGGTTC-1,2
TACTTGTCACCTTCCA-1,1
TACTTGTCACGGCCAT-1,1
TACTTGTCATGTGGCC-1,1
TACTTGTGTACGAGTG-1,2
TACTTGTGTTTCGTAG-1,2
TACTTGTTCCCTAGGG-1,1
TACTTGTTCTGATGGT-1,1
TAGACCAAGAGGACTC-1,1
TAGACCACAAGGTCAG-1,1
TAGACCACAATCGAAA-1,1
TAGACCACATGTGACT-1,1
TAGACCAGTCCCTAAA-1,1
TAGACCAGTGAGCGAT-1,1
TAGACCATCTGAGTCA-1,1
TAGACTGAGTAGATCA-1,2
TAGACTGAGTGGTGAC-1,1
TAGACTGCAGCGACAA-1,2
TAGACTGGTCTACATG-1,2
TAGACTGGTGTCCGTG-1,1
TAGAGTCCAATGTCTG-1,1
TAGAGTCCACTTTAGG-1,1
TAGAGTCCAGCAGACA-1,1
TAGAGTCCATCAACCA-1,2
TAGAGTCGTACAAGTA-1,1
TAGAGTCGTTAGAGAT-1,1
TAGAGTCTCTCGTGAA-1,2
TAGAGTCTCTGACGCG-1,1
TAGATCGAGCGTATGG-1,1
TAGATCGAGTTGGGAC-1,1
TAGATCGGTGATGAAT-1,1
TAGCACAAGCGAAACC-1,2
TAGCACAAGGTAGTCG-1,1
TAGCACACAGCAGTTT-1,1
TAGCACAGTCCTTAAG-1,1
TAGGAGGAGTCTAGCT-1,1
TAGGAGGCAGTATTCG-1,1
TAGGAGGTCAATGTCG-1,1
TAGGGTTAGCACAAAT-1,1
TAGGGTTAGGTAAAGG-1,2
TAGGGTTCACTTTAGG-1,2
TAGGGTTCAGTTGTTG-1,2
TAGGGTTGTATAGGGC-1,1
TAGGGTTGTCCACTCT-1,1
TAGGGTTGTGTTTGCA-1,1
TAGGGTTTCCATATGG-1,1
TAGGGTTTCCCTTCCC-1,1
TAGGTACCACAGTCGC-1,1
TAGGTACGTATCGAAA-1,1
TAGGTACTCCCGTGAG-1,1
TAGGTTGAGTGTAGAT-1,1
TAGGTTGTCAAATGCC-1,1
TAGGTTGTCCAGGACC-1,1
TAGTGCATCGGTTAGT-1,1
TATACCTAGAGGCGGA-1,1
TATACCTAGGGTACAC-1,1
TATACCTCAGAATTCC-1,2
TATACCTTCATGCGGC-1,1
TATACCTTCGAGTCTA-1,1
TATATCCAGGATTTCC-1,1
TATATCCAGTACTGTC-1,1
TATATCCGTACTTGTG-1,1
TATATCCTCTCCACTG-1,1
TATCAGGAGTGTACCT-1,1
TATCAGGAGTTTCTTC-1,1
TATCAGGTCGGTCAGC-1,1
TATCAGGTCTGTGCAA-1,1
TATCCTAAGGAGTATT-1,2
TATCCTAAGTCACAGG-1,1
TATCCTACAAAGACGC-1,1
TATCCTACAATGAACA-1,1
TATCCTACAGGACGAT-1,1
TATCCTACAGGATGAC-1,2
TATCCTACAGGGATAC-1,1
TATCCTAGTTGCAAGG-1,1
TATCCTATCAGTCTTT-1,1
TATCGCCCATGCGGTC-1,1
TATCGCCGTAATCAGA-1,1
TATCGCCGTCCTCCAT-1,1
TATCGCCGTCGTATTG-1,2
TATCGCCTCACTGCTC-1,1
TATCGCCTCAGGACGA-1,1
TATCTGTAGGATAATC-1,1
TATCTGTAGTGCGTCC-1,2
TATCTGTAGTTATGGA-1,1
TATCTGTTCCTCGCAT-1,1
TATCTGTTCGCATTAG-1,1
TATCTGTTCGTTACCC-1,1
TATCTTGCAACGTATC-1,2
TATCTTGGTCTTTATC-1,2
TATCTTGTCGTCTAAG-1,2
TATCTTGTCTACTCAT-1,1
TATGTTCAGCATACTC-1,1
TATGTTCCAATAGGGC-1,1
TATGTTCGTACGAAAT-1,1
TATGTTCTCCTATTGT-1,2
TATGTTCTCGGAGTAG-1,1
TATTCCACACAATGAA-1,1
TATTCCACACATATGC-1,1
TATTGCTAGCTAAATG-1,1
TATTGCTAGTCGCGAA-1,1
TATTGCTGTAGCACAG-1,1
TATTGCTTCATCACCC-1,1
TATTGCTTCCTACGAA-1,1
TATTGGGAGCGCTGCT-1,1
TATTGGGCACTTGTGA-1,2
TATTGGGCAGATACCT-1,2
TATTGGGCATGAGTAA-1,1
TATTGGGGTGTTAAAG-1,1
TATTGGGGTTGCCAAT-1,1
TATTGGGTCAGCACCG-1,1
TATTGGGTCCTAGCGG-1,1
TATTGGGTCCTCCACA-1,2
TATTGGGTCCTCTAGC-1,2
TATTTCGAGAAGCCTG-1,1
TATTTCGAGACAACTA-1,1
TATTTCGAGACTTGTC-1,1
TATTTCGAGTTAGTAG-1,1
TATTTCGCAATTGGTC-1,1
TATTTCGCAGAGTCTT-1,1
TATTTCGGTAACACCT-1,1
TATTTCGGTTTCTTAC-1,1
TCAAGACGTAGGACTG-1,1
TCAAGACGTCTAGGCC-1,1
TCAAGACTCAAGATAG-1,1
TCAAGCAAGGTCCCTG-1,2
TCAAGCACAAGCTGCC-1,1
TCAAGCACAGGTCTCG-1,2
TCAAGCAGTCCCTGAG-1,1
TCAAGCAGTTGCTCGG-1,1
TCAAGCATCCAATCCC-1,2
TCAAGCATCCTGTACC-1,1
TCAAGCATCTCTCAAT-1,1
TCAAGCATCTTCTGTA-1,1
TCAAGCATCTTGGTCC-1,1
TCAAGTGAGCAGCAGT-1,1
TCAAGTGAGGCTGAAC-1,1
TCAAGTGAGTAGAATC-1,1
TCAAGTGGTATAGGAT-1,1
TCAAGTGGTATGCGGA-1,1
TCAAGTGGTCCCTGAG-1,1
TCAAGTGTCGCCAACG-1,1
TCAAGTGTCTGCTAGA-1,1
TCAATCTAGATGAATC-1,1
TCAATCTAGCAGGCTA-1,1
TCAATCTCACAGCCAC-1,1
TCAATCTCACGGCTAC-1,1
TCAATCTCACGTATAC-1,1
TCAATCTCAGCGTAGA-1,1
TCAATCTCATCGGTTA-1,1
TCAATCTGTATACAGA-1,1
TCAATCTTCGATACAC-1,2
TCAATCTTCGCCGTGA-1,1
TCAATTCAGGTTTACC-1,1
TCAATTCAGTGCCCGT-1,1
TCAATTCAGTTGAATG-1,1
TCAATTCGTGCAAGAC-1,1
TCAATTCTCACGGGAA-1,1
TCAATTCTCTGGGATT-1,2
TCACAAGCAGACGATG-1,1
TCACAAGCAGAGTCTT-1,2
TCACAAGCAGCTTCCT-1,1
TCACAAGTCCGCTAGG-1,1
TCACAAGTCCGGACTG-1,1
TCACAAGTCGTCTCAC-1,2
TCACACCAGTAATTGG-1,1
TCACACCCAGCACAGA-1,1
TCACACCGTGAATGAT-1,1
TCACACCTCAGTCAGT-1,1
TCACACCTCCGATTAG-1,1
TCACACCTCCTGTAGA-1,2
TCACATTAGAAGTCAT-1,1
TCACATTAGCAAGGAA-1,1
TCACATTAGCATGAAT-1,1
TCACATTAGTTGCGCC-1,1
TCACATTGTGACTCGC-1,1
TCACATTTCCATCACC-1,2
TCACGCTCACTGTGAT-1,1
TCACGCTGTATGGTAA-1,1
TCACGCTGTCTTCGAA-1,1
TCACGCTGTTGCAACT-1,2
TCACGCTTCATGGATC-1,1
TCACGCTTCCAAGGGA-1,1
TCACGCTTCCTCCACA-1,2
TCACGCTTCGAGAGCA-1,1
TCACGGGAGACTAAGT-1,1
TCACGGGAGAGATGCC-1,2
TCACGGGAGTCATGGG-1,1
TCACGGGCAGAAACCG-1,1
TCACGGGCATCCTGTC-1,2
TCACGGGGTAATTGGA-1,2
TCACGGGTCAGACCGC-1,1
TCACGGGTCTTAGCCC-1,1
TCACTATAGACACACG-1,1
TCACTATAGACTCATC-1,1
TCACTATAGGGTGGGA-1,1
TCACTATCAACATCGT-1,1
TCACTATCAGTTAGAA-1,1
TCACTATGTCGAGCTC-1,1
TCACTATTCCTTCTGG-1,2
TCACTATTCTATACTC-1,1
TCACTATTCTTCGTGC-1,1
TCACTCGAGACCATAA-1,1
TCACTCGCAATCGTCA-1,1
TCACTCGCACGCGCTA-1,1
TCACTCGGTCTTCTAT-1,1
TCACTCGTCCAATGCA-1,1
TCAGCAAAGAGGTATT-1,1
TCAGCAACAACACAAA-1,1
TCAGCAATCATTCGTT-1,1
TCAGCAATCGACCATA-1,1
TCAGCCTAGAGGTGCT-1,1
TCAGCCTAGTTGCTGT-1,1
TCAGCCTCAAACCACT-1,1
TCAGCCTCACACCTAA-1,1
TCAGCCTCAGGTCAGA-1,1
TCAGCCTGTACGCGTC-1,1
TCAGCCTTCCATAAGC-1,1
TCAGCCTTCCGCACTT-1,1
TCAGGGCAGGCACTCC-1,1
TCAGGGCCACTAACCA-1,2
TCAGGGCCATTAAAGG-1,1
TCAGGGCGTGTGTGGA-1,1
TCAGGGCTCGTGTGAT-1,1
TCAGGTAAGGAAACGA-1,1
TCAGGTAAGGGTACGT-1,2
TCAGGTAAGGTAGACC-1,1
TCAGGTAGTACAAGTA-1,1
TCAGGTAGTAGCTTAC-1,1
TCAGGTAGTATAGGGC-1,2
TCAGGTATCAGCGCAC-1,1
TCAGGTATCGCACGAC-1,1
TCAGTCCCATTACTCT-1,1
TCAGTCCGTACTCAAC-1,1
TCAGTCCGTCGGAAAC-1,1
TCAGTCCGTGGTTCTA-1,1
TCAGTCCTCGAGTCCG-1,1
TCAGTGAAGTGGACGT-1,1
TCAGTGACATCCAACA-1,1
TCAGTGAGTCTAATCG-1,1
TCAGTGATCCAAGCCG-1,1
TCAGTGATCCATGCAA-1,2
TCAGTTTAGCATCCTA-1,1
TCAGTTTCATGAGATA-1,1
TCAGTTTCATGCTGCG-1,2
TCAGTTTGTAGCCCTG-1,1
TCAGTTTGTCTGTAAC-1,2
TCAGTTTGTGCATTTG-1,1
TCAGTTTGTTCTCAGA-1,1
TCAGTTTGTTGTGCCG-1,2
TCAGTTTTCAGGAGAC-1,1
TCATACTCAATTTCTC-1,1
TCATACTGTAGGACCA-1,1
TCATACTTCAATCAGC-1,1
TCATACTTCCTACGAA-1,1
TCATACTTCTTCCACG-1,1
TCATATCAGAGCAGTC-1,1
TCATATCAGTAATACG-1,1
TCATATCCACATTACG-1,1
TCATATCCATGACACT-1,1
TCATATCGTGCATGTT-1,1
TCATATCTCACAGTGT-1,1
TCATATCTCCTTTAGT-1,1
TCATCATAGACGCCCT-1,1
TCATCATAGTCTGCAT-1,1
TCATCATCAAGTTTGC-1,1
TCATCATCAATTGCTG-1,2
TCATCATGTCGACTGC-1,1
TCATCATGTTAGCTAC-1,2
TCATCCGAGCATCCTA-1,1
TCATCCGAGGGCCCTT-1,1
TCATCCGCAGAGAAAG-1,1
TCATCCGTCAATCCAG-1,1
TCATGAGCACACCTGG-1,1
TCATGAGCATGGAGAC-1,1
TCATGAGGTTGGGACA-1,2
TCATGAGGTTTGAACC-1,1
TCATGAGTCTGAACGT-1,1
TCATGCCCAATCACGT-1,1
TCATGCCCACCCTTGT-1,2
TCATGCCCAGACAAAT-1,2
TCATGCCGTCTTCATT-1,1
TCATGCCTCCCTTTGG-1,1
TCATGGAAGCTGCCAC-1,1
TCATGGACACATTCTT-1,1
TCATGGACATAATCGC-1,1
TCATGGAGTAACTGCT-1,1
TCATGGAGTATGGAGC-1,1
TCATGTTAGACCAGAC-1,1
TCATGTTAGAGCGACT-1,2
TCATGTTAGAGTCGAC-1,1
TCATGTTTCATCGGGC-1,1
TCATTACAGCTATCTG-1,2
TCATTACAGTCATCGT-1,1
TCATTACTCTCATTTG-1,1
TCATTCAAGGTCGTCC-1,2
TCATTCAGTCCACACG-1,2
TCATTCATCGTAGCCG-1,1
TCATTGTAGATGCTTC-1,1
TCATTGTAGCACACAG-1,1
TCATTGTAGCGATGGT-1,1
TCATTGTAGTCACGAG-1,1
TCATTGTAGTTGCATC-1,1
TCATTGTCACACCAGC-1,1
TCATTGTGTACGGATG-1,1
TCATTGTGTGATACAA-1,1
TCATTGTGTGTTCGAT-1,1
TCATTGTTCAAACCTG-1,1
TCATTTGAGTGCTCAT-1,1
TCATTTGAGTGTGTTC-1,1
TCATTTGAGTTTGCTG-1,1
TCATTTGCAAGACGGT-1,1
TCATTTGGTGAATGAT-1,1
TCATTTGTCAGAATAG-1,1
TCATTTGTCATCTCTA-1,1
TCATTTGTCCATCCGT-1,1
TCATTTGTCGAACTCA-1,1
TCATTTGTCGACCATA-1,1
TCCACCAAGGAACGTC-1,1
TCCACCACAATTAGGA-1,1
TCCACCAGTCAAACGG-1,2
TCCACCATCACTACTT-1,1
TCCACCATCAGCTGTA-1,1
TCCACCATCGTGGAAG-1,1
TCCACCATCTAACGGT-1,2
TCCACCATCTTCGGTC-1,1
TCCACGTAGGGCAACT-1,1
TCCACGTCAAAGAGTT-1,2
TCCACGTCATACACCA-1,1
TCCACGTGTGAGTAGC-1,2
TCCACGTTCCGAGAAG-1,1
TCCACGTTCCGCGATG-1,2
TCCACGTTCGAACCAT-1,1
TCCACGTTCGTACCTC-1,1
TCCAGAAAGGTAGTAT-1,1
TCCAGAACAAATACGA-1,2
TCCAGAACAGTATACC-1,1
TCCAGAACATGGGAAC-1,1
TCCAGAAGTACGATTC-1,2
TCCAGAAGTTCCGCTT-1,1
TCCAGAATCTTAGCCC-1,1
TCCATCGAGACCCTTA-1,1
TCCATCGAGACGAAGA-1,2
TCCATCGCAGGCGATA-1,1
TCCATCGGTAATTGGA-1,1
TCCATCGTCAGTGGGA-1,2
TCCATCGTCATGTCAG-1,1
TCCATCGTCCCGTAAA-1,1
TCCATGCGTAGCGTTT-1,1
TCCATGCGTTTCCAAG-1,1
TCCATGCTCACTCTTA-1,1
TCCATGCTCGTCCTTG-1,1
TCCATGCTCGTCTCAC-1,2
TCCATGCTCTGCAGCG-1,1
TCCCACACAAACCACT-1,1
TCCCACACAGGCTACC-1,1
TCCCACAGTACCAGAG-1,1
TCCCACAGTGAAGCTG-1,2
TCCCACAGTGTCATTG-1,1
TCCCACATCATGGTAC-1,1
TCCCACATCTCGGGAC-1,1
TCCCAGTAGACGGTCA-1,1
TCCCAGTCAAAGCGTG-1,1
TCCCAGTCACTATGTG-1,1
TCCCAGTGTCTCAAGT-1,1
TCCCAGTTCCATCTGC-1,1
TCCCATGAGTTTGGCT-1,1
TCCCATGCAGATACTC-1,1
TCCCATGGTCCTACGG-1,1
TCCCATGGTGGCCACT-1,2
TCCGAAACAATACCCA-1,2
TCCGAAACAGTTGAAA-1,2
TCCGAAATCCGTTTCG-1,2
TCCGAAATCTAGGCCG-1,2
TCCGATCCAGTAGAGC-1,1
TCCGATCCATCTTTCA-1,1
TCCGATCGTACCTAAC-1,1
TCCGATCGTACGATTC-1,1
TCCGATCGTCTGATAC-1,2
TCCGATCTCGTAGCCG-1,1
TCCGATCTCTGAGTCA-1,1
TCCGGGAAGCGGACAT-1,2
TCCGGGACAAGACAAT-1,2
TCCGGGAGTACTGGGA-1,1
TCCGGGAGTACTTCCC-1,1
TCCGGGAGTTCAAAGA-1,1
TCCGGGATCAAAGCCT-1,1
TCCGGGATCAGGAAAT-1,2
TCCGGGATCCACTAGA-1,1
TCCGGGATCGTGGAAG-1,1
TCCGTGTGTCTCGCGA-1,1
TCCGTGTGTGAACCGA-1,1
TCCGTGTTCGAGCACC-1,1
TCCGTGTTCTGTGCGG-1,1
TCCTAATAGTCGGCCT-1,1
TCCTAATCATAACGGG-1,2
TCCTAATCATACATCG-1,1
TCCTAATGTCTTAGTG-1,1
TCCTAATGTGCCTGCA-1,1
TCCTAATTCAGCTAGT-1,1
TCCTAATTCCTTATGT-1,1
TCCTCCCAGGCGTTGA-1,2
TCCTCCCCAAGGTCTT-1,1
TCCTCCCGTCCGATCG-1,1
TCCTCCCGTTTCCATT-1,1
TCCTCGAAGAGAGCAA-1,1
TCCTCGAAGTGAGTTA-1,1
TCCTCGACAACACAGG-1,1
TCCTCTTAGTAGACCG-1,2
TCCTCTTGTCTGTGGC-1,2
TCCTCTTGTGCGGTAA-1,1
TCCTGCAAGCTCGCAC-1,1
TCCTGCACACAACGAG-1,1
TCCTGCATCAGACCGC-1,1
TCCTGCATCCAGCTCT-1,1
TCCTTCTCAAAGACGC-1,1
TCCTTCTGTAAGGAGA-1,1
TCCTTCTGTGTGAGCA-1,1
TCCTTCTGTTGCATGT-1,2
TCCTTCTGTTGCGGCT-1,1
TCCTTCTTCAAGGAGC-1,2
TCCTTCTTCAGACCTA-1,1
TCCTTCTTCCGCAACG-1,1
TCCTTCTTCGGTCGGT-1,2
TCCTTCTTCTCGGTCT-1,1
TCCTTTCAGGAGATAG-1,1
TCCTTTCCACGGTCTG-1,1
TCCTTTCGTAATACCC-1,1
TCCTTTCTCACCTGGG-1,1
TCCTTTCTCCCATTTA-1,1
TCCTTTCTCTTCACAT-1,1
TCGAACAAGCAGCACA-1,2
TCGAACACATAGATGA-1,1
TCGAACAGTGTGTCCG-1,1
TCGAACATCCCAGCGA-1,2
TCGAACATCGTGCTCT-1,1
TCGAAGTCAATCCTTT-1,1
TCGAAGTGTCGACTTA-1,1
TCGAAGTGTTCTCCCA-1,1
TCGAAGTTCAACTACG-1,1
TCGAAGTTCTTCCCAG-1,1
TCGACCTAGGCCTTCG-1,2
TCGACCTAGGTTATAG-1,1
TCGACCTCATCGCTGG-1,1
TCGACGGAGGGAGTGG-1,1
TCGACGGCAAGAGGCT-1,1
TCGACGGCACTTGAAC-1,1
TCGACGGCATAGATCC-1,2
TCGACGGGTATAGGAT-1,1
TCGACGGTCAAATGAG-1,1
TCGACGGTCGCTAGCG-1,1
TCGATTTAGAATCTAG-1,1
TCGATTTAGACGCAGT-1,2
TCGATTTTCAATCCGA-1,2
TCGCACTAGCGCCATC-1,1
TCGCACTCAGTGGCTC-1,1
TCGCACTTCACTGAAC-1,2
TCGCACTTCCATACTT-1,1
TCGCAGGCACAACCGC-1,1
TCGCAGGGTGCTCTCT-1,2
TCGCAGGGTTGGCTAT-1,1
TCGCAGGGTTTACCTT-1,1
TCGCAGGTCGTGCATA-1,1
TCGCAGGTCTACTCAT-1,2
TCGCTCAAGAATTCAG-1,1
TCGCTCAAGATACGAT-1,1
TCGCTCAAGATGGCGT-1,1
TCGCTCAAGTGCTAGG-1,1
TCGCTCAAGTTTGAGA-1,1
TCGCTCACAATAAGGT-1,1
TCGCTCACAATTGCTG-1,1
TCGCTCAGTCTTGTCC-1,1
TCGCTCAGTTGCCTAA-1,1
TCGCTCATCGATCCAA-1,2
TCGCTCATCGTGCAGC-1,2
TCGCTTGAGAGAAGGT-1,2
TCGCTTGAGAGAATCT-1,1
TCGCTTGAGCAGATAT-1,1
TCGCTTGAGTCTCTGA-1,2
TCGCTTGGTCATCTAG-1,1
TCGCTTGTCAGGAAAT-1,2
TCGCTTGTCTTCGGTC-1,2
TCGGATAAGATTAGAC-1,1
TCGGATACATCGGAGA-1,1
TCGGATAGTCGATTAC-1,1
TCGGATAGTTGATCGT-1,1
TCGGATATCTAACGGT-1,1
TCGGGACAGCCTCACG-1,2
TCGGGACAGGCGCTCT-1,2
TCGGGACCACTACTTT-1,1
TCGGGACTCCCGAGAC-1,1
TCGGGCAAGCAAGGAA-1,2
TCGGGCACACCTATCC-1,1
TCGGGCACATGCAGGA-1,1
TCGGGCAGTACTCAAC-1,1
TCGGGCAGTCGTAATC-1,2
TCGGGCATCAGTCCGG-1,1
TCGGGTGAGACTGGGT-1,1
TCGGGTGCAATTCACG-1,1
TCGGGTGCACCTTCCA-1,1
TCGGTCTAGTAGGCCA-1,1
TCGGTCTCAAGTATAG-1,1
TCGGTCTCAAGTCCCG-1,1
TCGGTCTGTACCTGTA-1,1
TCGGTCTTCCTTGGAA-1,1
TCGGTCTTCGTGCACG-1,1
TCGGTCTTCTTGCAAG-1,1
TCGTAGACAAGAATGT-1,1
TCGTAGACAAGAGCTG-1,1
TCGTAGACAAGAGTAT-1,1
TCGTAGATCAGAGCGA-1,1
TCGTCCAAGCCTGGAA-1,1
TCGTCCAAGTCCCAAT-1,1
TCGTCCACAGAGGCAT-1,1
TCGTCCACATAAGATG-1,1
TCGTCCAGTCGTGTTA-1,2
TCGTCCAGTGGCACTC-1,1
TCGTCCAGTTCGATTG-1,2
TCGTCCATCATCTATC-1,1
TCGTGCTCATGGCTAT-1,1
TCGTGCTGTTTGTTCT-1,2
TCGTGGGCAAAGGTTA-1,1
TCGTGGGTCTAAACGC-1,1
TCTAACTAGGGCCCTT-1,1
TCTAACTCATCCGCGA-1,1
TCTAACTGTCAGGTAG-1,1
TCTAACTGTTCTTGTT-1,1
TCTAACTTCCTACGGG-1,1
TCTACATAGACTTAAG-1,1
TCTACATAGGATAATC-1,2
TCTACATCAGAGTCAG-1,1
TCTACATCATCGTGGC-1,2
TCTACATGTACCGTGC-1,1
TCTACATGTAGGTCAG-1,1
TCTACATGTATCGTTG-1,1
TCTACATGTCCAACGC-1,1
TCTACATGTGCTATTG-1,1
TCTACATTCGGAGTAG-1,1
TCTACCGAGTACTGTC-1,1
TCTACCGAGTTGCTCA-1,1
TCTACCGCACCAGTAT-1,1
TCTACCGCACGAAAGC-1,1
TCTACCGGTGAGTGAC-1,1
TCTACCGTCGTTAGTG-1,2
TCTATACAGGTTAGTA-1,1
TCTATACCAGTTAAAG-1,2
TCTATACGTGGCTGAA-1,1
TCTATACGTGTCTTGA-1,1
TCTATACGTTCTCCAC-1,2
TCTATACTCACGAACT-1,1
TCTATACTCCTCAGAA-1,1
TCTATACTCGCATTAG-1,1
TCTATCAAGATGACAT-1,1
TCTATCAAGGAGCAAA-1,1
TCTATCAAGTCGAATA-1,1
TCTATCACACATTACG-1,1
TCTATCAGTAGACTGG-1,2
TCTATCAGTAGCTAAA-1,1
TCTATCAGTGAAAGTT-1,2
TCTCACGAGGTAAGTT-1,1
TCTCACGCACGGTGAA-1,1
TCTCACGCAGGCATTT-1,1
TCTCACGCAGTTGAAA-1,1
TCTCACGGTAGCGTAG-1,2
TCTCACGGTATTGGCT-1,1
TCTCACGGTCTAGTGT-1,1
TCTCACGGTCTGATCA-1,1
TCTCACGGTTCAAACC-1,1
TCTCACGTCGGTCATA-1,1
TCTCACGTCTCCCTAG-1,1
TCTCAGCAGAAACTCA-1,1
TCTCAGCCACCGCTAG-1,1
TCTCAGCGTCACTCTC-1,1
TCTCAGCGTGCCTATA-1,1
TCTCAGCTCACTGGGC-1,1
TCTCAGCTCTGGACTA-1,2
TCTCCGACATAATCGC-1,1
TCTCCGAGTACTAAGA-1,1
TCTCCGAGTTCCTAGA-1,1
TCTCCGATCGGTCGGT-1,1
TCTCCGATCTTTGCAT-1,1
TCTCTGGAGCATTTCG-1,1
TCTCTGGAGCCTATCA-1,1
TCTCTGGAGCGCGTTC-1,2
TCTCTGGCACAATGCT-1,1
TCTCTGGGTAGCTAAA-1,2
TCTCTGGGTGGCTGAA-1,2
TCTCTGGTCATAAGGA-1,2
TCTGCCAAGGACGCTA-1,1
TCTGCCAGTCATTCCC-1,1
TCTGCCAGTGTTGATC-1,1
TCTGCCATCCGCAGTG-1,1
TCTGCCATCGCGAAGA-1,1
TCTGCCATCTAGATCG-1,1
TCTGGCTCAAGCGGAT-1,1
TCTGGCTGTCTGCCTT-1,1
TCTGGCTTCAGCGCGT-1,1
TCTGGCTTCAGGAAAT-1,1
TCTGTCGGTATGGGAC-1,1
TCTGTCGGTGTTAGCT-1,2
TCTGTCGTCCTAGAGT-1,2
TCTTAGTCAAGAAATC-1,1
TCTTAGTCAATACCCA-1,1
TCTTAGTCATCGGATT-1,2
TCTTAGTGTAAGACCG-1,1
TCTTAGTGTATCGGTT-1,2
TCTTAGTGTATGTCTG-1,1
TCTTAGTGTCGTTCAA-1,2
TCTTAGTTCGAAGTGG-1,2
TCTTAGTTCTGGGTCG-1,1
TCTTAGTTCTGTACAG-1,1
TCTTAGTTCTGTCCGT-1,1
TCTTCCTAGAGGGTGG-1,1
TCTTCCTAGGGCAGTT-1,2
TCTTCCTCACAGCTTA-1,1
TCTTCCTCACCGTGGT-1,1
TCTTCCTTCATGAAAG-1,1
TCTTGCGAGCACGATG-1,1
TCTTGCGAGTGGAATT-1,2
TCTTGCGCAAAGCTCT-1,1
TCTTGCGCATCTTTCA-1,2
TCTTGCGGTAACCCGC-1,1
TCTTGCGGTGCCGAAA-1,1
TCTTGCGTCACACCCT-1,1
TCTTTGACACCAGACC-1,2
TCTTTGAGTCGCATGC-1,1
TCTTTGAGTGTTCCTC-1,1
TCTTTGATCAAACGTC-1,1
TGAACGTAGTACAACA-1,1
TGAACGTCAATTCTTC-1,1
TGAACGTCAGAACATA-1,1
TGAACGTCAGTAACCT-1,2
TGAACGTCATCTGCGG-1,1
TGAACGTTCCATAGGT-1,1
TGAACGTTCCTGCCAT-1,1
TGAACGTTCGGTCATA-1,1
TGAATCGAGACTAAGT-1,1
TGAATCGAGATCACCT-1,2
TGAATCGAGATCCCAT-1,1
TGAATCGAGCATATGA-1,1
TGAATCGAGCCAACCC-1,1
TGAATCGCAATTTCCT-1,1
TGAATCGGTAGAATAC-1,1
TGAATCGGTGAGCCAA-1,1
TGAATCGTCGACCAAT-1,1
TGAATCGTCTCGTTTA-1,1
TGAATGCAGGCAGGGA-1,1
TGACAGTAGGGAACAA-1,1
TGACAGTAGTGCGCTC-1,2
TGACAGTGTACCATAC-1,1
TGACAGTGTAGCTGCC-1,2
TGACCCTAGGCCTGAA-1,2
TGACCCTCAAGCGAGT-1,1
TGACCCTCACAGTGAG-1,2
TGACCCTCACGACAGA-1,1
TGACCCTCACTTGAGT-1,1
TGACCCTCATGTGACT-1,2
TGACCCTGTTAACCTG-1,1
TGACCCTGTTATAGCC-1,1
TGACCCTGTTTCCAAG-1,1
TGACGCGAGACCAGCA-1,1
TGACGCGCATGCGGTC-1,1
TGACGCGGTAGATTGA-1,1
TGACGCGTCCAGCCTT-1,1
TGACTCCAGCTCATAC-1,2
TGACTCCTCAAGAAAC-1,1
TGACTCCTCACATACG-1,1
TGACTCCTCCCTCGAT-1,2
TGAGACTAGTCACTAC-1,2
TGAGACTCACTGAGTT-1,1
TGAGACTGTGACTCGC-1,1
TGAGACTTCATGCGGC-1,1
TGAGACTTCCACATAG-1,2
TGAGCATAGCTCAGAG-1,1
TGAGCATCAAAGCGTG-1,1
TGAGCATGTCAAGGCA-1,1
TGAGCATGTCGCATGC-1,1
TGAGCATTCCGAGCTG-1,1
TGAGCGCAGCCGAATG-1,1
TGAGCGCAGGTCCGAA-1,2
TGAGCGCCAATATCCG-1,2
TGAGCGCCAGGAATAT-1,1
TGAGCGCCATGATCTG-1,1
TGAGCGCGTACCTTCC-1,1
TGAGCGCGTACTGGGA-1,1
TGAGCGCGTGCAACAG-1,1
TGAGCGCGTTGCTCAA-1,2
TGAGCGCTCATACAGC-1,1
TGAGCGCTCCATCACC-1,1
TGAGCGCTCGAGTGGA-1,1
TGAGGGACACGTGAGA-1,1
TGAGGGAGTGTGATGG-1,1
TGAGGGATCAACTGAC-1,2
TGAGGGATCCGTATGA-1,1
TGAGGGATCTGTCCCA-1,1
TGAGGTTAGAAACTGT-1,1
TGAGGTTAGACGCTCC-1,1
TGAGGTTAGTATAGAC-1,2
TGAGGTTCACGCTTAA-1,1
TGAGGTTGTCACTGAT-1,1
TGAGTCAAGAATAGTC-1,2
TGAGTCAAGGAGAATG-1,1
TGAGTCAAGGCCGCTT-1,2
TGAGTCACACGGTAGA-1,1
TGAGTCAGTATAGGGC-1,1
TGAGTCAGTCCAAGAG-1,2
TGAGTCATCCAACTGA-1,1
TGAGTCATCGCTAATG-1,1
TGAGTCATCTGGAAGG-1,2
TGATCAGAGTAATTGG-1,2
TGATCAGAGTAGAATC-1,2
TGATCAGCAAGTTCCA-1,1
TGATCAGGTTGGGCCT-1,1
TGATCAGTCCCTTGGT-1,2
TGATCAGTCTGTCTCG-1,1
TGATCTTAGCAAATCA-1,1
TGATCTTAGCATGCGA-1,1
TGATCTTCACTTGGCG-1,1
TGATCTTGTGCTCGTG-1,1
TGATCTTTCGCTCCTA-1,1
TGATGCAAGACGGTTG-1,1
TGATGCAAGAGTGTGC-1,1
TGATGCAAGCCGGATA-1,1
TGATGCAGTGTGAATA-1,1
TGATGCATCAGACAAA-1,1
TGATGCATCAGTCACA-1,1
TGATGGTAGGAGGCAG-1,1
TGATGGTAGTCCTACA-1,1
TGATGGTCAAATGGCG-1,2
TGATGGTGTTCAAGGG-1,1
TGATGGTTCATTGTTC-1,1
TGATTCTCACTGTCCT-1,1
TGATTCTTCAACACGT-1,1
TGATTCTTCAGTGTTG-1,1
TGATTCTTCCCGAGGT-1,2
TGATTCTTCGCTCCTA-1,1
TGATTTCAGATAGTGT-1,1
TGATTTCAGTACTGTC-1,2
TGATTTCCAATCACGT-1,1
TGATTTCCAATTGCTG-1,2
TGATTTCCACCCAAGC-1,1
TGATTTCGTAGTTACC-1,1
TGATTTCGTGGGCTTC-1,1
TGATTTCTCGAATCCA-1,1
TGCACGGCAAGGGCAT-1,1
TGCACGGGTACTTCCC-1,1
TGCACGGGTTGACGGA-1,1
TGCACGGTCACTCCGT-1,1
TGCAGATAGCGGATCA-1,1
TGCAGATAGTTCCTGA-1,1
TGCAGATTCTATTCGT-1,1
TGCAGGCAGGTGAGAA-1,1
TGCAGGCCAGGTTCAT-1,1
TGCAGGCGTAGCTAAA-1,1
TGCAGGCGTGAGACGT-1,1
TGCAGTAAGAGAGTTT-1,1
TGCAGTACAGTCAGCC-1,1
TGCAGTATCAGAACCT-1,1
TGCAGTATCGACATTG-1,1
TGCAGTATCGAGATGG-1,1
TGCAGTATCTCCGATC-1,2
TGCATCCAGAGCCGTA-1,2
TGCATCCAGCATGATA-1,1
TGCATCCAGCGAGGAG-1,2
TGCATCCAGGAACGTC-1,1
TGCATCCAGGGCTTCC-1,1
TGCATCCCAACGCATT-1,1
TGCATGAAGACTACGG-1,1
TGCATGAAGTCGAATA-1,1
TGCATGAAGTGGTCAG-1,1
TGCATGACAGTACTAC-1,1
TGCATGAGTAGTCCTA-1,2
TGCATGAGTGCTCCGA-1,1
TGCATGAGTGGAACCA-1,1
TGCATGATCGTTCAGA-1,1
TGCCGAGAGCAATTCC-1,2
TGCCGAGAGGTACCTT-1,1
TGCCGAGCAATTCTCT-1,1
TGCCGAGCACTCAAGT-1,2
TGCCGAGGTATATGGA-1,1
TGCCGAGGTCAGCTTA-1,1
TGCCGAGTCCCACAGG-1,1
TGCCGAGTCCGAGCTG-1,1
TGCGACGAGATCCCAT-1,1
TGCGACGAGGTAAGAG-1,1
TGCGACGCAACTTCTT-1,1
TGCGACGCAAGGAGTC-1,1
TGCGACGCATGAGAAT-1,1
TGCGACGTCCACGGAC-1,1
TGCGACGTCCCTCGTA-1,2
TGCGACGTCTCACCCA-1,1
TGCGACGTCTCGCGTT-1,1
TGCGATAAGAGAGGGC-1,1
TGCGATAAGTCAACAA-1,1
TGCGATACAGCGTGCT-1,1
TGCGATAGTTACAGCT-1,2
TGCGATAGTTTGAAAG-1,1
TGCGATATCACTGAAC-1,1
TGCGGCAAGCATACTC-1,1
TGCGGCAAGCGTTACT-1,2
TGCGGCACAAGTTCCA-1,1
TGCGGCACAGCTACAT-1,1
TGCGGCACATTCACCC-1,1
TGCGGCAGTCACTTCC-1,2
TGCGGCAGTCGCCTAG-1,1
TGCGGCAGTGTAGGAC-1,1
TGCGGCATCCTGGTCT-1,1
TGCGGCATCCTTATAC-1,1
TGCGGCATCTCCGTGT-1,1
TGCGGGTGTCATACCA-1,1
TGCGGGTTCAAGCTTG-1,1
TGCGGGTTCTAGACAC-1,2
TGCTCCAAGACTGAGC-1,1
TGCTCCAAGTATGACA-1,2
TGCTCCAAGTGTACCT-1,1
TGCTCCAGTGGATGAC-1,1
TGCTCGTAGCAGGTCA-1,1
TGCTCGTAGGGAGTTC-1,1
TGCTCGTCACCATATG-1,1
TGCTCGTGTCAATCTG-1,1
TGCTCGTGTTCGTGCG-1,1
TGCTGAATCACTCCGT-1,2
TGCTTCGAGTTCTCTT-1,1
TGCTTCGCAACCAACT-1,1
TGCTTCGCAGGCGAAT-1,2
TGCTTCGTCTTAATCC-1,1
TGCTTGCAGAGAAGGT-1,1
TGCTTGCAGCTACGTT-1,1
TGCTTGCCAGTAGAAT-1,1
TGCTTGCCATGTTACG-1,1
TGCTTGCGTAGGTTTC-1,2
TGCTTGCGTCTGGTTA-1,2
TGCTTGCGTGCAGTGA-1,1
TGCTTGCGTTACCCAA-1,2
TGCTTGCTCGACGAGA-1,1
TGCTTGCTCGTCGACG-1,1
TGGAACTAGATGTTAG-1,1
TGGAACTAGCAGTAAT-1,1
TGGAACTGTGCAGATG-1,1
TGGAACTGTTAAGACA-1,1
TGGAACTTCCAAGCTA-1,2
TGGAACTTCCTTCTTC-1,2
TGGAACTTCTGAGCAT-1,1
TGGAGAGAGCATGTTC-1,1
TGGAGAGGTCGTATTG-1,1
TGGAGAGTCATCGCTC-1,1
TGGAGGAAGGCGAAGG-1,2
TGGAGGAAGTCCCAAT-1,1
TGGAGGACAACAACAA-1,1
TGGAGGACACAAGCAG-1,2
TGGAGGACACATACTG-1,1
TGGAGGAGTCGCATGC-1,2
TGGAGGAGTGGTCCGT-1,1
TGGAGGATCACTGGTA-1,1
TGGATCACAATGCAAA-1,1
TGGATCACATGCGTGC-1,2
TGGATCATCCGAGTGC-1,1
TGGATGTCAAGAGTGC-1,1
TGGATGTCAGAGTTGG-1,2
TGGATGTCAGTGCGCT-1,1
TGGATGTCATCGCCTT-1,1
TGGATGTGTATGAAAC-1,1
TGGATGTGTGTCATCA-1,1
TGGCGTGAGATTAGTG-1,1
TGGCGTGAGGAAGTCC-1,1
TGGCGTGCAGGTGAGT-1,1
TGGCGTGGTCATTCCC-1,1
TGGCGTGTCCAGTACA-1,1
TGGCGTGTCGGCTGAC-1,1
TGGGAAGCAAATCAAG-1,1
TGGGAAGCAGGTGGAT-1,1
TGGGAAGGTAGAATGT-1,2
TGGGAAGTCATGAGGG-1,2
TGGGAAGTCGATACGT-1,1
TGGGAGAAGATGAACT-1,2
TGGGAGATCAAGATAG-1,2
TGGGATTAGATCCAAA-1,1
TGGGATTAGGTGCTTT-1,2
TGGGATTCACAGACGA-1,1
TGGGATTCAGCTGTAT-1,1
TGGGATTGTATGTGTC-1,2
TGGGATTGTCAACGCC-1,1
TGGGATTGTTACGTAC-1,1
TGGGATTTCACGAGGA-1,1
TGGGATTTCAGCGTCG-1,1
TGGGATTTCATATGGC-1,2
TGGGATTTCATGGCCG-1,2
TGGGATTTCCCATTTA-1,1
TGGGATTTCTGCGAGC-1,1
TGGGCGTAGCGCCGTT-1,2
TGGGCGTAGTAGATCA-1,1
TGGGCGTGTCTGTGAT-1,1
TGGGCGTTCAGATTGC-1,1
TGGGCTGCAATATCCG-1,1
TGGGCTGGTTCGGTAT-1,1
TGGGCTGTCCAACCGG-1,2
TGGGCTGTCGGTTGTA-1,1
TGGGCTGTCTTGCGCT-1,2
TGGGCTGTCTTTCCAA-1,1
TGGGTTACAAACTCTG-1,1
TGGGTTACACGTCTCT-1,1
TGGGTTACATCGCTGG-1,2
TGGGTTAGTCGGCTAC-1,2
TGGGTTAGTGAGAGGG-1,1
TGGGTTATCATGAAAG-1,1
TGGTACAAGGAGTCTG-1,1
TGGTACACAATCACGT-1,1
TGGTACACAGACAAAT-1,1
TGGTACAGTAGCCCTG-1,1
TGGTACAGTCTTCAAG-1,1
TGGTACAGTTCCGCGA-1,1
TGGTAGTAGATGACCG-1,2
TGGTAGTAGGGATCAC-1,1
TGGTAGTCATCGTGCG-1,1
TGGTGATAGGACACTG-1,1
TGGTGATGTCTCGGAC-1,1
TGGTGATGTGGCTGCT-1,1
TGGTGATTCCCATTTA-1,1
TGGTGATTCCTGGGAC-1,1
TGGTGATTCTTCCTAA-1,2
TGGTTAGAGCCTCTGG-1,1
TGGTTAGAGTGTGTTC-1,1
TGGTTAGCAATACGAA-1,1
TGGTTAGTCAAAGACA-1,1
TGGTTAGTCACCACAA-1,1
TGGTTAGTCGAACGCC-1,2
TGGTTAGTCTGTGCGG-1,1
TGTAACGGTACAGGTG-1,1
TGTAACGTCACTACGA-1,1
TGTAACGTCACTGTTT-1,1
TGTAACGTCATGCCCT-1,1
TGTAACGTCCATTCGC-1,1
TGTAAGCAGAGCAAGA-1,1
TGTAAGCAGGCCCACT-1,1
TGTAAGCAGGTCCTGC-1,2
TGTAAGCGTCAGTTTG-1,1
TGTAAGCTCAATCCAG-1,1
TGTAAGCTCATACGGT-1,1
TGTAAGCTCCGGTTCT-1,2
TGTACAGAGCTGTTAC-1,2
TGTACAGGTAGAGATT-1,1
TGTACAGTCAACTGGT-1,1
TGTACAGTCCAGGACC-1,1
TGTACAGTCGCTTGAA-1,1
TGTAGACCAACCCTCT-1,1
TGTAGACCAGCGACAA-1,2
TGTAGACGTAATGCGG-1,1
TGTAGACGTCCACACG-1,1
TGTAGACGTCTAGTGT-1,1
TGTAGACGTTTGTGGT-1,1
TGTCAGAAGAAACCAT-1,1
TGTCAGAAGAACAGGA-1,2
TGTCAGAAGTAAGCAT-1,1
TGTCAGAAGTGGCGAT-1,1
TGTCAGAAGTTGTCAC-1,1
TGTCAGACACTAGGCC-1,2
TGTCAGACATCTATCT-1,1
TGTCAGAGTACAACGG-1,1
TGTCAGATCCTAGCTC-1,1
TGTCCACAGCCTCTCT-1,1
TGTCCACTCCGCAACG-1,1
TGTCCCAAGACATAAC-1,2
TGTCCCAAGTGGTTGG-1,1
TGTCCCACATAGTCAC-1,1
TGTCCCAGTGACTGTT-1,2
TGTCCTGCACTAGTAC-1,1
TGTCCTGCAGGTGACA-1,1
TGTCCTGCAGTAGTGG-1,1
TGTCCTGGTCATTGCA-1,2
TGTCCTGGTTGGGTAG-1,1
TGTCCTGTCTGCATAG-1,2
TGTGAGTAGTTGTCGT-1,1
TGTGAGTCACGACCTG-1,1
TGTGAGTGTCTAGGCC-1,2
TGTGATGCAAGAGTAT-1,2
TGTGATGCATTCACCC-1,2
TGTGATGTCAGTCACA-1,1
TGTGATGTCCCAAGCG-1,1
TGTGATGTCCGAGCTG-1,1
TGTGCGGAGCACGATG-1,2
TGTGCGGCAGTGGCTC-1,1
TGTGCGGGTCCACACG-1,2
TGTGGCGAGAACCGCA-1,1
TGTGGCGAGCGTATGG-1,1
TGTGGCGAGCTGCGAA-1,1
TGTGGCGAGGTCCCGT-1,1
TGTGGCGAGTTAGTGA-1,1
TGTGGCGGTGGTTTAC-1,1
TGTGGCGTCATCCCGT-1,1
TGTGGCGTCCCGATCT-1,1
TGTGGCGTCCTAAGTG-1,1
TGTGTGAAGTATGAAC-1,1
TGTGTGAAGTGCAACG-1,1
TGTGTGAAGTTAACAG-1,2
TGTGTGAAGTTGGCTT-1,2
TGTGTGACAAGAGGTC-1,2
TGTGTGACACCAGACC-1,1
TGTTACTAGCATATGA-1,1
TGTTACTCAATTGCTG-1,1
TGTTACTCAGCTTTCC-1,1
TGTTACTGTCAAAGTA-1,1
TGTTACTGTTGGACTT-1,1
TGTTACTTCATGCATG-1,1
TGTTACTTCATTTACC-1,1
TGTTACTTCTCACCCA-1,2
TGTTCATAGGAGATAG-1,1
TGTTCATCAACCGGAA-1,1
TGTTCATCATGACGAG-1,2
TGTTCATTCTAGAACC-1,1
TGTTCCGCAAATAGCA-1,1
TGTTCCGCAGCGGTTC-1,1
TGTTCCGCATGAGTAA-1,2
TGTTCCGGTATCATGC-1,1
TGTTCCGGTCGAATGG-1,2
TGTTCCGGTGAAGCGT-1,1
TGTTCTAAGGTCACTT-1,1
TGTTCTACACTGGATT-1,1
TGTTCTAGTACTCCGG-1,2
TGTTCTAGTCGTCTCT-1,1
TGTTCTAGTGCATACT-1,1
TGTTCTATCGATAACC-1,1
TGTTCTATCTCAGGCG-1,2
TGTTGAGAGGTTAAAC-1,1
TGTTGAGCAGCAAGAC-1,1
TGTTGAGGTCTCAGAT-1,1
TGTTGAGGTTCCACAA-1,1
TGTTGAGTCCGAGCTG-1,1
TGTTGAGTCGTTCTCG-1,1
TGTTGAGTCTACGGGC-1,2
TGTTGAGTCTGCATGA-1,1
TGTTGGAAGTTCATGC-1,1
TGTTGGAGTAATCAAG-1,1
TGTTGGAGTCGACTGC-1,1
TGTTGGATCCGAAATC-1,1
TGTTTGTAGGGCAAGG-1,1
TGTTTGTCAATGGCAG-1,1
TGTTTGTGTCGTCAGC-1,2
TGTTTGTTCTCATAGG-1,1
TTAATCCAGCACGGAT-1,1
TTAATCCCAGCTTCGG-1,2
TTAATCCCATCACGGC-1,2
TTAATCCGTGCAGGAT-1,2
TTAATCCTCGCACGGT-1,1
TTACAGGAGACTGGGT-1,2
TTACAGGCAAAGGGTC-1,1
TTACAGGCAACAGAGC-1,1
TTACAGGCAGACGATG-1,1
TTACAGGCAGTAGAAT-1,1
TTACAGGCAGTGTACT-1,1
TTACAGGGTCTCTCTG-1,1
TTACAGGGTCTTTCAT-1,2
TTACAGGGTGGCCCAT-1,1
TTACAGGGTTTACTGG-1,1
TTACAGGTCATGAAAG-1,1
TTACAGGTCGGACGTC-1,1
TTACAGGTCTACTGCC-1,1
TTACCATAGATAACGT-1,1
TTACCATCACTGGCCA-1,1
TTACCATTCTGGAAGG-1,1
TTACCGCAGCAAATCA-1,1
TTACCGCAGGATCACG-1,1
TTACCGCCACACGTGC-1,1
TTACCGCCACGAAAGC-1,1
TTACCGCCACTATGTG-1,2
TTACCGCGTCACTGAT-1,1
TTACCGCTCGTCCATC-1,1
TTACCGCTCTGTACAG-1,1
TTACCGCTCTTGGTGA-1,1
TTACGCCAGACGGATC-1,1
TTACGCCCAAGGTTGG-1,1
TTACGCCCAATCCTTT-1,2
TTACGCCCACCCTATC-1,2
TTACGCCGTATCGTTG-1,1
TTACGTTAGCGAACTG-1,1
TTACTGTAGACTACGG-1,1
TTACTGTAGAGATCGC-1,1
TTACTGTGTAGAATAC-1,1
TTACTGTGTCTCTCAC-1,2
TTACTGTGTGTGAGCA-1,1
TTACTGTGTTCAGTAC-1,1
TTACTGTTCAGCCCAG-1,1
TTACTGTTCTATTTCG-1,1
TTAGGCAAGCGATCGA-1,1
TTAGGCACATCTCCCA-1,1
TTAGGCAGTTAGAGAT-1,1
TTAGGCATCCCTCTTT-1,1
TTAGGGTAGAGCGACT-1,2
TTAGGGTAGGAACGAA-1,1
TTAGGGTAGGCGCTTC-1,1
TTAGGGTGTAGAGATT-1,1
TTAGGGTGTATCACGT-1,1
TTAGGGTGTGGATTTC-1,1
TTAGGGTGTTTAGACC-1,2
TTAGGGTTCTTACCAT-1,1
TTAGTCTCAATACGAA-1,1
TTAGTCTCATGAATAG-1,1
TTAGTCTTCAGGTAAA-1,1
TTATTGCAGGACTAAT-1,2
TTATTGCAGTTCCGTA-1,1
TTATTGCCACCATAAC-1,1
TTATTGCGTCACATTG-1,1
TTATTGCGTGGACCAA-1,1
TTATTGCGTTATTCTC-1,1
TTCAATCAGTCTTCGA-1,1
TTCAATCGTGCAACGA-1,1
TTCAATCGTTTCGTAG-1,1
TTCACCGAGGTAGCCA-1,1
TTCACCGAGTTCCATG-1,1
TTCACCGCAAAGGTTA-1,2
TTCACCGCAGAGCGTA-1,2
TTCACCGGTCCACGCA-1,1
TTCACCGGTCTCAAGT-1,1
TTCACCGGTTTATGCG-1,1
TTCACCGTCAAGCCAT-1,1
TTCACCGTCATGAAAG-1,1
TTCACCGTCTACTGCC-1,1
TTCACGCAGGAAACGA-1,2
TTCACGCCAGGGTTGA-1,1
TTCACGCCAGTCAGTT-1,1
TTCACGCTCAAGTTGC-1,1
TTCACGCTCCGTTTCG-1,2
TTCAGGACAACCTATG-1,1
TTCAGGACAATCTGCA-1,2
TTCAGGACAGAGCGTA-1,1
TTCAGGACAGAGTTGG-1,1
TTCAGGATCACGATCA-1,1
TTCAGGATCGGTCAGC-1,1
TTCATGTAGCGGTATG-1,1
TTCATGTAGGTAGATT-1,2
TTCATGTAGTAGTCCT-1,1
TTCATGTCACAAGCCC-1,1
TTCATGTGTAACTGCT-1,1
TTCATGTGTATGCAAA-1,1
TTCATGTGTCTACGTA-1,1
TTCATGTTCCAATGCA-1,1
TTCATGTTCGAAGGAC-1,1
TTCATTGGTAGACACG-1,1
TTCATTGGTTGAGTCT-1,1
TTCATTGTCCTAACAG-1,1
TTCATTGTCGTGGCTG-1,1
TTCATTGTCTTTGCAT-1,1
TTCCAATAGATCCTAC-1,1
TTCCAATAGCGGTAAC-1,2
TTCCAATCACGGTGCT-1,2
TTCCAATCAGTGAGCA-1,1
TTCCACGAGACTGTTC-1,1
TTCCACGAGAGACAAG-1,1
TTCCACGAGCCTAGGA-1,1
TTCCACGAGGTATAGT-1,1
TTCCACGCATATACCG-1,2
TTCCACGCATTGTCGA-1,2
TTCCACGGTTATCTGG-1,1
TTCCACGTCAAACTGC-1,1
TTCCACGTCTCGTTTA-1,1
TTCCGGTCACTACTTT-1,1
TTCCGGTCAGGCGATA-1,1
TTCCGGTGTCTTGGTA-1,2
TTCCGGTTCACCATCC-1,1
TTCCGGTTCAGCCTCT-1,2
TTCCGGTTCTCGCGTT-1,1
TTCCGTGAGAAGTCCG-1,1
TTCCGTGAGTAGAGTT-1,1
TTCCGTGCACGCAGTC-1,1
TTCCGTGCATTCAGGT-1,1
TTCCGTGGTATCGTAC-1,1
TTCCGTGTCAGAACCT-1,2
TTCCGTGTCGTTCATT-1,1
TTCCTAAAGGTCCGAA-1,2
TTCCTAAAGTGATGGC-1,2
TTCCTAAGTGCCGTTG-1,1
TTCCTAAGTTACCTGA-1,2
TTCCTAATCCCACAGG-1,1
TTCCTCTAGGGAGTGG-1,2
TTCCTCTCAACTACGT-1,1
TTCCTCTCAGCACAGA-1,2
TTCCTCTTCTTAGCCC-1,2
TTCCTTCAGTAAAGCT-1,1
TTCCTTCTCAGCATTG-1,1
TTCGATTCAGACAAAT-1,1
TTCGATTGTGGCCCAT-1,1
TTCGATTTCCCTCTTT-1,1
TTCGATTTCGTCGGGT-1,1
TTCGCTGAGGGCTTCC-1,1
TTCGCTGCACTAGAGG-1,1
TTCGCTGCAGTCGAGA-1,1
TTCGCTGGTAGAGATT-1,1
TTCGCTGGTCGGCTAC-1,1
TTCGCTGTCAACTACG-1,1
TTCGCTGTCCCTGTTG-1,1
TTCGGTCCACTCATAG-1,1
TTCGGTCCAGCATGCC-1,1
TTCGGTCGTCTTCAAG-1,1
TTCGGTCTCTCGTTTA-1,1
TTCTAACAGGCGTTAG-1,2
TTCTAACAGTATAGAC-1,1
TTCTAACAGTCACGAG-1,1
TTCTAACCAAAGGATT-1,1
TTCTAACCACCTTCGT-1,1
TTCTAACCAGGCCTGT-1,1
TTCTAACCATCCTTCG-1,2
TTCTAACGTAGAATAC-1,1
TTCTAACGTAGGTGCA-1,1
TTCTAACTCAAACGTC-1,1
TTCTAGTAGCAGCAGT-1,1
TTCTAGTAGCAGCCCT-1,1
TTCTAGTAGCAGCCTC-1,2
TTCTAGTAGTCATGGG-1,1
TTCTAGTTCGGTTGTA-1,1
TTCTCTCAGAGGTGCT-1,2
TTCTCTCGTACTCGAT-1,1
TTCTCTCTCAAGCCAT-1,1
TTCTCTCTCACTGTTT-1,1
TTCTCTCTCTAGTCAG-1,2
TTCTGTAAGGTGCTAG-1,1
TTCTGTAGTCTACTGA-1,1
TTCTGTAGTGTTTACG-1,1
TTCTTCCAGGTACAAT-1,1
TTCTTCCCAATCAAGA-1,1
TTCTTCCCACGGTGAA-1,1
TTCTTCCGTCACCCTT-1,2
TTCTTCCGTCGCGTTG-1,1
TTCTTCCGTTGAGGAC-1,1
TTCTTGAAGAGGCCAT-1,2
TTCTTGAAGTGACACG-1,1
TTCTTGACAACACGTT-1,1
TTCTTGAGTTAGGCTT-1,1
TTGAACGAGCGTTAGG-1,2
TTGAACGAGTAACAGT-1,1
TTGAACGCAACACAAA-1,1
TTGAACGGTACGCGTC-1,1
TTGAACGGTTCTATCT-1,1
TTGAACGTCGTAGCTA-1,2
TTGAACGTCGTTCCCA-1,1
TTGACCCAGGCCACCT-1,1
TTGACCCTCACTTATC-1,1
TTGACCCTCGCATTAG-1,2
TTGAGTGAGGGATCAC-1,1
TTGAGTGAGTCGGGAT-1,1
TTGAGTGAGTTACGGG-1,1
TTGAGTGCAACTTGGT-1,1
TTGAGTGGTGGGCTTC-1,1
TTGAGTGTCACGAGGA-1,2
TTGAGTGTCGAGTACT-1,1
TTGAGTGTCTGGAGAG-1,1
TTGATGGAGGGCAAGG-1,1
TTGATGGAGTGGTGAC-1,1
TTGATGGCAGAAGTGC-1,1
TTGATGGCAGGCGTTC-1,1
TTGATGGGTCTACGAT-1,1
TTGATGGGTTTAGAGA-1,1
TTGATGGTCTCGTCAC-1,2
TTGATGGTCTCTGCTG-1,1
TTGCATTAGAGGTATT-1,1
TTGCATTAGGCACTAG-1,1
TTGCATTCACTTGGGC-1,1
TTGCATTGTGGCATCC-1,2
TTGCATTTCCCGAAAT-1,2
TTGCCTGAGCAATTAG-1,1
TTGCCTGGTACAGAAT-1,1
TTGCCTGGTAGGTCAG-1,1
TTGCGTCAGGGCAATC-1,1
TTGCGTCAGTAGGGTC-1,1
TTGCGTCCATCGCTCT-1,2
TTGCGTCTCAAGAGGC-1,1
TTGCGTCTCACCTTAT-1,1
TTGCTGCAGACGATAT-1,1
TTGCTGCAGCGTTGTT-1,1
TTGCTGCAGCTAAATG-1,1
TTGCTGCTCTGGGCGT-1,1
TTGGATGGTCAAACGG-1,1
TTGGATGGTCACTCAA-1,1
TTGGATGGTGCGTTTA-1,1
TTGGATGTCCAGTGCG-1,1
TTGGGATAGACGACTG-1,1
TTGGGATAGGTGCGAT-1,1
TTGGGATGTGTTCAGT-1,1
TTGGGATGTTGCATAC-1,1
TTGGGCGCAGCCCAGT-1,1
TTGGGCGCATGAAAGT-1,1
TTGGGCGTCATCAGTG-1,1
TTGGGCGTCCAGTGTA-1,1
TTGGGTATCCTAAGTG-1,2
TTGGGTATCCTGCTAC-1,1
TTGGGTATCTAGACAC-1,1
TTGGGTATCTCTGAGA-1,1
TTGGTTTAGCTAAACA-1,1
TTGGTTTCAAACTAAG-1,1
TTGGTTTGTCTTGCGG-1,1
TTGGTTTTCTGCGAGC-1,1
TTGTGGAAGTTGCATC-1,1
TTGTGGACACCCTAAA-1,2
TTGTGGACACCTGCAG-1,1
TTGTGGACATCATGAC-1,2
TTGTGGACATGCCGGT-1,1
TTGTGGACATGGACAG-1,1
TTGTGGAGTACGTGTT-1,1
TTGTGGATCATCGCCT-1,1
TTGTGGATCCGTGTCT-1,2
TTGTGGATCCTATGGA-1,1
TTGTGTTAGTCACTAC-1,1
TTGTGTTAGTCATGGG-1,1
TTGTGTTCAAATCAGA-1,1
TTGTGTTCAGACAAAT-1,1
TTGTGTTGTAACCCTA-1,1
TTGTGTTGTATCGGTT-1,2
TTGTGTTGTGATTCAC-1,1
TTGTGTTGTGGTAACG-1,1
TTGTGTTTCCCTCTCC-1,1
TTGTTCAAGAGCTGAC-1,1
TTGTTCAAGCATGGGT-1,2
TTGTTCAAGCGACTGA-1,2
TTGTTCAAGGATCATA-1,1
TTGTTCAAGTTCCGGC-1,2
TTGTTCACAACCAATC-1,1
TTGTTCACAGAACTTC-1,1
TTGTTCACATACTGAC-1,2
TTGTTCAGTGCACGCT-1,1
TTGTTCATCACTTATC-1,2
TTGTTGTAGACTGTTC-1,2
TTGTTGTAGATGCTTC-1,1
TTGTTGTAGCACTGGA-1,2
TTGTTGTAGGTGAGCT-1,1
TTGTTGTAGTCGCCAC-1,1
TTGTTGTCACATTCTT-1,1
TTGTTGTCACTGGACC-1,2
TTGTTGTCATGCCATA-1,1
TTGTTGTTCCAATGCA-1,1
TTGTTGTTCCTTGAAG-1,1
TTGTTGTTCGTACCTC-1,1
TTGTTGTTCTTGCGCT-1,2
TTGTTTGAGAGTCCGA-1,1
TTGTTTGAGCAGGCTA-1,1
TTGTTTGAGGATATAC-1,2
TTGTTTGCAGCTAACT-1,1
TTGTTTGTCAAGCCGC-1,1
TTGTTTGTCCAAGCCG-1,1
TTGTTTGTCCTGTTAT-1,1
TTGTTTGTCGACATAC-1,2
TTGTTTGTCGCTGATA-1,1
TTTACCACACGGCACT-1,1
TTTACCACAGTTAGGG-1,2
TTTACCACATCCGTGG-1,1
TTTACCAGTACCTATG-1,1
TTTACCAGTCGGAAAC-1,2
TTTACCATCTATCGCC-1,1
TTTACGTAGCGCCGTT-1,1
TTTACGTAGGGTGAGG-1,2
TTTACGTAGTAGCCAG-1,1
TTTACGTGTCACAATC-1,1
TTTACTGCATTATGCG-1,2
TTTACTGGTACCAGAG-1,1
TTTACTGGTATGAGAT-1,1
TTTACTGTCGTGCACG-1,2
TTTAGTCAGGATGAGA-1,2
TTTAGTCCAATACGCT-1,1
TTTAGTCTCGCAGTCG-1,1
TTTAGTCTCTGCGATA-1,2
TTTAGTCTCTGGTCAA-1,1
TTTATGCAGACAGCTG-1,1
TTTATGCAGCTGGTGA-1,2
TTTATGCAGGCTAGCA-1,1
TTTATGCGTAGGACCA-1,1
TTTATGCTCACACCGG-1,1
TTTATGCTCGTGTTCC-1,1
TTTCACAAGCTAGAAT-1,1
TTTCACAGTACCCACG-1,1
TTTCACAGTGTTGCCG-1,1
TTTCACATCAAGCTGT-1,1
TTTCACATCTACTGAG-1,1
TTTCACATCTCACTCG-1,1
TTTCAGTAGCGAAACC-1,1
TTTCAGTCAAACACGG-1,1
TTTCAGTTCATGAGAA-1,1
TTTCAGTTCCATTCAT-1,1
TTTCATGCAGTTGGTT-1,1
TTTCATGCATGAAAGT-1,1
TTTCATGGTTCCAAAC-1,1
TTTCATGTCTTAAGGC-1,1
TTTCCTCAGGATCACG-1,1
TTTCCTCCAATCGCAT-1,2
TTTCCTCGTAAGACCG-1,1
TTTCCTCGTTGTGCAT-1,1
TTTCCTCTCCATACAG-1,1
TTTCCTCTCGTGTGAT-1,1
TTTCCTCTCTCTCTTC-1,1
TTTCGATAGGTAGTCG-1,2
TTTCGATCAATACCCA-1,1
TTTCGATCACAGCCAC-1,2
TTTCGATGTCGAACAG-1,1
TTTCGATGTCGGCTAC-1,1
TTTCGATTCAACGAGG-1,1
TTTCGATTCATTTGGG-1,1
TTTCGATTCGGAATTC-1,1
TTTGACTGTAAGGCTG-1,1
TTTGACTGTAGCTCGC-1,1
TTTGACTGTCTCCCTA-1,2
TTTGACTGTTGTGCCG-1,1
TTTGATCAGACCATAA-1,2
TTTGATCCAAATGCTC-1,1
TTTGATCCAGGTAGTG-1,1
TTTGATCCATACGCAT-1,1
TTTGATCGTACTCGTA-1,2
TTTGATCGTATCCTTT-1,1
TTTGATCGTGGAGAAA-1,1
TTTGATCTCAAGCCCG-1,1
TTTGGAGAGGGTATAT-1,1
TTTGGAGCAGACAAGC-1,1
TTTGGAGTCCCGAACG-1,1
TTTGGAGTCGTGGTAT-1,1
TTTGGAGTCTGCTTAT-1,1
TTTGGTTAGAACAGGA-1,1
TTTGGTTAGCAGATAT-1,2
TTTGGTTCACTAGGCC-1,1
TTTGGTTCAGCTACCG-1,1
TTTGGTTCAGGACATG-1,1
TTTGGTTGTACAAGCG-1,2
TTTGGTTGTCGCAGTC-1,1
TTTGGTTTCAAAGGAT-1,1
TTTGTTGAGAACGTGC-1,1
TTTGTTGGTAGGAAAG-1,1
TTTGTTGGTGCAATGG-1,1
TTTGTTGTCAAACGTC-1,1
TTTGTTGTCGCGGACT-1,2
TTTGTTGTCGCTGTCT-1,1
TTTGTTGTCGTCCATC-1,1
TTTGTTGTCTGAGATC-1,1
