Feature,Normalized.Dispersion
ENSG00000241860,NaN
ENSG00000237491,-0.23641313487287205
ENSG00000228794,1.6711623175948853
ENSG00000230368,1.3216864023385244
ENSG00000272438,-0.14185726863724324
ENSG00000230699,0.2962335669738341
ENSG00000241180,NaN
ENSG00000223764,-0.8007388516871226
ENSG00000187634,-0.916315649816114
ENSG00000188976,0.19599022571880795
ENSG00000187961,4.157171074256935
ENSG00000187583,1.1272965572628368
ENSG00000272512,0.8602751810724488
ENSG00000188290,-1.0888185417685736
ENSG00000187608,-0.7640686524820769
ENSG00000188157,-0.2719607010991186
ENSG00000131591,0.975145942884352
ENSG00000285812,2.076187253083569
ENSG00000162571,NaN
ENSG00000078808,-1.0649311935347656
ENSG00000176022,-0.8191551505064752
ENSG00000160087,-0.9202537548445828
ENSG00000230415,NaN
ENSG00000162572,NaN
ENSG00000131584,-0.14780244227255196
ENSG00000169972,-1.7136476178087856
ENSG00000127054,-0.5325434486260567
ENSG00000224051,-1.4510291161074957
ENSG00000107404,-1.4152251575284724
ENSG00000175756,0.22544542143913948
ENSG00000221978,0.7549124841248731
ENSG00000224870,-1.161849252681298
ENSG00000242485,-1.0436451119096326
ENSG00000272455,NaN
ENSG00000179403,0.715869085824386
ENSG00000160072,NaN
ENSG00000197785,-0.5944270973479054
ENSG00000160075,-0.463300240807057
ENSG00000215014,-1.3948398923205758
ENSG00000228594,-0.2924230664700057
ENSG00000272106,NaN
ENSG00000197530,-0.3439431931025043
ENSG00000248333,-1.2571078751472338
ENSG00000272004,NaN
ENSG00000189339,1.0718438798955452
ENSG00000008128,0.26574586769582215
ENSG00000215790,-1.3910905338993191
ENSG00000008130,-1.4058542466520265
ENSG00000078369,0.23864031927786544
ENSG00000142609,1.5008566882360466
ENSG00000187730,NaN
ENSG00000067606,2.1478841987325383
ENSG00000182873,NaN
ENSG00000162585,-0.4933701712454909
ENSG00000157933,3.419135687824777
ENSG00000287356,NaN
ENSG00000116151,1.8661015495055555
ENSG00000272420,-1.0131762962743762
ENSG00000157916,-0.8382619403262253
ENSG00000157911,-0.26460354875692815
ENSG00000157881,1.1665025192174114
ENSG00000272449,7.065427529513467
ENSG00000157870,-0.8777908546297367
ENSG00000215912,NaN
ENSG00000287396,NaN
ENSG00000142611,NaN
ENSG00000130762,-0.8087700179877576
ENSG00000162591,NaN
ENSG00000158109,-0.844630062586692
ENSG00000116213,-0.5414389357417476
ENSG00000078900,NaN
ENSG00000235169,-1.3317108246098828
ENSG00000130764,-0.5553464247730477
ENSG00000116198,-0.8314260180920601
ENSG00000169598,-0.3206310256165563
ENSG00000198912,-2.270171801169085
ENSG00000236423,NaN
ENSG00000232596,NaN
ENSG00000131697,3.4933325020061137
ENSG00000069424,1.7841592196014417
ENSG00000116254,NaN
ENSG00000116251,-0.7771449272063553
ENSG00000226944,1.7746112046827633
ENSG00000158286,-0.23059963433493774
ENSG00000116237,-1.1553076035905951
ENSG00000225077,2.8215778618998404
ENSG00000158292,-1.5973104252148118
ENSG00000097021,-1.982877262101289
ENSG00000271746,NaN
ENSG00000069812,NaN
ENSG00000187017,NaN
ENSG00000171680,2.0866188191080908
ENSG00000162408,0.050524018538979844
ENSG00000204859,1.124313808940124
ENSG00000162413,-1.460786282163959
ENSG00000116273,-0.3880578201108612
ENSG00000041988,-1.7882478527749677
ENSG00000007923,-0.4088711737691913
ENSG00000284744,NaN
ENSG00000237436,NaN
ENSG00000171735,-0.4009775150903769
ENSG00000049245,-2.587052747569808
ENSG00000049246,-0.49698383858508605
ENSG00000049249,-1.108197928468755
ENSG00000116288,-0.7654698543129383
ENSG00000284747,2.232002412710287
ENSG00000284716,0.601488073326401
ENSG00000116285,0.9399071812339287
ENSG00000238290,0.012656519383108281
ENSG00000227634,NaN
ENSG00000162426,-1.1260725088443724
ENSG00000142599,9.406022843025783
ENSG00000232912,2.1712949664584085
ENSG00000074800,-0.869588271604465
ENSG00000230679,NaN
ENSG00000197241,NaN
ENSG00000142583,NaN
ENSG00000180758,-0.24095437951342807
ENSG00000228526,2.4419201335151333
ENSG00000234546,-0.9972655060990865
ENSG00000049239,1.0053341658712776
ENSG00000171621,-1.644627257169985
ENSG00000284652,NaN
ENSG00000284693,NaN
ENSG00000171612,1.9973432782911562
ENSG00000188807,0.7890988957551609
ENSG00000171608,0
ENSG00000231789,-0.7343112319175801
ENSG00000171603,2.1635095619741787
ENSG00000178585,0.2185628685759358
ENSG00000162441,-0.06935793111947186
ENSG00000173614,0.6054066517424418
ENSG00000162444,NaN
ENSG00000130939,2.6514457414248866
ENSG00000054523,0.5784123126134014
ENSG00000284735,-0.36503108462320427
ENSG00000284642,NaN
ENSG00000142657,-0.03131670822539465
ENSG00000175279,-0.6102458510354378
ENSG00000241563,-0.6996339363208647
ENSG00000160049,-0.9871616898090365
ENSG00000203469,NaN
ENSG00000142655,0.6809896222141537
ENSG00000130940,-0.16564162506022667
ENSG00000120948,-0.26719652114111886
ENSG00000009724,NaN
ENSG00000271895,NaN
ENSG00000116649,-1.0830001683762924
ENSG00000171824,-1.1313384295642734
ENSG00000226849,2.2035638799231414
ENSG00000230337,-1.7433030764253516
ENSG00000198793,-0.2311761815186819
ENSG00000171819,NaN
ENSG00000120942,-0.14512765684190215
ENSG00000204624,NaN
ENSG00000116661,1.0435442878344394
ENSG00000132879,2.0879095433216963
ENSG00000116663,-1.718463411377083
ENSG00000116670,-1.7338615205152554
ENSG00000177674,-0.840287042048077
ENSG00000215910,NaN
ENSG00000177000,2.7551791614990884
ENSG00000011021,0.7090693164182821
ENSG00000175206,NaN
ENSG00000285646,1.0141560622088297
ENSG00000116685,-0.07315875268470028
ENSG00000083444,0.5725199218722729
ENSG00000116688,-1.5406513700044309
ENSG00000116691,-1.7547798041559464
ENSG00000028137,NaN
ENSG00000048707,0.27548112465434516
ENSG00000162496,-0.05835290481881518
ENSG00000272482,2.109671754578024
ENSG00000116731,0.8715631065252082
ENSG00000189337,2.5496557806838576
ENSG00000287756,NaN
ENSG00000175147,NaN
ENSG00000171729,2.2933426184398775
ENSG00000204464,-0.4558797697233583
ENSG00000142621,-0.5362291777927899
ENSG00000142634,-0.2202554656787756
ENSG00000162438,NaN
ENSG00000142615,NaN
ENSG00000132906,-1.0151129655672744
ENSG00000116138,1.570629594623344
ENSG00000272510,NaN
ENSG00000116771,0.6868536260257783
ENSG00000237301,NaN
ENSG00000197312,-0.602406519474916
ENSG00000116786,-0.02919083214365039
ENSG00000237938,NaN
ENSG00000162461,NaN
ENSG00000162458,0.8967680513850326
ENSG00000233954,-1.0783933178351535
ENSG00000179743,3.9620687109770003
ENSG00000065526,-0.7005527669720716
ENSG00000116809,3.8445363057461344
ENSG00000185519,-1.5982140883651066
ENSG00000142627,-0.13250651299523147
ENSG00000224621,NaN
ENSG00000142632,-0.11410124028602309
ENSG00000288398,NaN
ENSG00000132881,NaN
ENSG00000037637,1.9602922467534178
ENSG00000055070,-1.9149496943610966
ENSG00000187144,NaN
ENSG00000157191,-0.9175201998690757
ENSG00000226029,2.5973005417980786
ENSG00000261135,0.48827812977407353
ENSG00000224174,NaN
ENSG00000219481,-1.1168951529980615
ENSG00000058453,-0.8585841708644122
ENSG00000228549,NaN
ENSG00000238142,-0.012406474437908483
ENSG00000117122,-0.16554419344392335
ENSG00000226526,NaN
ENSG00000159363,-0.8962753442600033
ENSG00000117118,-0.7765983528669816
ENSG00000117115,NaN
ENSG00000204362,NaN
ENSG00000142623,0.5444187155341744
ENSG00000142619,0.7526106223732655
ENSG00000159339,NaN
ENSG00000179051,-1.940066317276485
ENSG00000074964,-0.003145868808296632
ENSG00000117148,NaN
ENSG00000179023,1.3867339920739439
ENSG00000009709,1.1158348531137774
ENSG00000159423,3.912218826128555
ENSG00000169991,1.5677448051785572
ENSG00000127481,0.17750412444624367
ENSG00000230424,1.3541063782202463
ENSG00000127463,1.4687058934523258
ENSG00000053372,-1.2741531475916856
ENSG00000162482,NaN
ENSG00000053371,-1.9020544552733294
ENSG00000040487,-1.5252171569073512
ENSG00000077549,-0.5404635793930758
ENSG00000173436,0.8652724965546434
ENSG00000158747,-0.9862140123435974
ENSG00000162542,0.17003904525711286
ENSG00000169914,1.4869375494255763
ENSG00000236963,NaN
ENSG00000162545,-0.80276315286563
ENSG00000090432,-0.5684374356791494
ENSG00000183114,-1.2173191198200917
ENSG00000158825,-0.21641403492673494
ENSG00000158828,-0.9109345998343151
ENSG00000117242,-0.8322322130509656
ENSG00000244038,-0.40910954059117915
ENSG00000117245,0.8208238738159065
ENSG00000189410,2.2259839854487304
ENSG00000127483,0.3257780485828634
ENSG00000075151,6.222824275957036
ENSG00000117298,0.31493721424940097
ENSG00000231105,NaN
ENSG00000142794,-0.2817724635811228
ENSG00000076864,-1.3727787739522952
ENSG00000090686,1.144866981926646
ENSG00000142798,2.5135846271874436
ENSG00000218510,-1.344255540771307
ENSG00000070831,-0.9535528420704288
ENSG00000230068,NaN
ENSG00000162552,-1.265463848278704
ENSG00000285873,NaN
ENSG00000184677,0.7641985417604433
ENSG00000133216,0.10024390608313741
ENSG00000227868,NaN
ENSG00000004487,-2.0272099376867727
ENSG00000240553,3.0957837837003823
ENSG00000169641,1.1345841853072014
ENSG00000179546,2.3725465092845717
ENSG00000261326,0.36749566272191464
ENSG00000125944,2.1440037204721425
ENSG00000125945,NaN
ENSG00000249087,-0.5280486696971584
ENSG00000204219,NaN
ENSG00000088280,0.14781625627428974
ENSG00000007968,0.438213475218375
ENSG00000235052,NaN
ENSG00000117318,-0.10518125785885915
ENSG00000285802,0.13961064419253416
ENSG00000197880,1.1386592994605378
ENSG00000142676,-1.0069986606076557
ENSG00000236810,0.16723741974159623
ENSG00000011007,-1.8153529293007866
ENSG00000057757,-1.9427071714348563
ENSG00000011009,0.9346343212632181
ENSG00000117308,-0.6792274859934578
ENSG00000117305,-0.3185726950703428
ENSG00000179163,1.1257023277888583
ENSG00000188822,NaN
ENSG00000189266,-1.486183691366026
ENSG00000188529,0.6823829857076724
ENSG00000142661,1.5227273756059736
ENSG00000142677,1.2617542780465838
ENSG00000185436,-0.8449188812327952
ENSG00000158055,NaN
ENSG00000001460,-1.1775719251244798
ENSG00000001461,-1.3003551013026537
ENSG00000286061,-0.058730166570573665
ENSG00000117602,-1.8827833695053802
ENSG00000264443,NaN
ENSG00000184454,1.0779858954160901
ENSG00000133226,-0.06808131714737883
ENSG00000169504,1.2478138335468165
ENSG00000020633,-0.29820253399466956
ENSG00000117614,-0.0007648522703957867
ENSG00000284602,NaN
ENSG00000284657,NaN
ENSG00000117616,0.39750456751752855
ENSG00000187010,NaN
ENSG00000183726,-1.072853272386718
ENSG00000188672,NaN
ENSG00000204178,0.48602245455900916
ENSG00000157978,-0.7239532097891278
ENSG00000225643,NaN
ENSG00000117643,NaN
ENSG00000233478,NaN
ENSG00000162430,-0.09818613948057157
ENSG00000228172,-1.2614510871568254
ENSG00000117640,0.40491801113641857
ENSG00000127423,-1.0724645282618266
ENSG00000182749,2.284753703859223
ENSG00000117632,-0.15287491729465988
ENSG00000158006,-1.1246834708304212
ENSG00000175087,-1.3833149825696303
ENSG00000142684,-1.505647413332965
ENSG00000130695,-0.9389213048338034
ENSG00000142669,-0.8877878317266595
ENSG00000158062,-1.7574729107825062
ENSG00000176092,0.055439557095757284
ENSG00000117682,0.795882044072411
ENSG00000225891,NaN
ENSG00000198830,-0.3104464015446941
ENSG00000117676,-1.379760698956736
ENSG00000260063,NaN
ENSG00000117713,1.8551477397963734
ENSG00000060642,-0.44282995167341693
ENSG00000204160,0.3774373936386432
ENSG00000175793,-2.3538829421969485
ENSG00000142751,-0.5197255608499356
ENSG00000198746,-1.7206984513212777
ENSG00000090273,-0.33688096360453557
ENSG00000131910,NaN
ENSG00000253368,-1.8836462984413782
ENSG00000158246,0.21170901962053362
ENSG00000090020,1.1180483140923292
ENSG00000142784,0.04024691238024121
ENSG00000186501,-1.0960827133489313
ENSG00000142765,0.017745020979915555
ENSG00000142733,-1.0258453756923775
ENSG00000181773,NaN
ENSG00000158195,-0.46967351852890205
ENSG00000126705,1.005822068349163
ENSG00000126709,0.6908874810346007
ENSG00000009780,-1.1685457692687782
ENSG00000117758,-1.719177749692699
ENSG00000286433,NaN
ENSG00000117751,-0.49475736541704485
ENSG00000130775,NaN
ENSG00000117748,-1.178051744537933
ENSG00000130768,1.5296882426204355
ENSG00000158156,-0.7771756158458969
ENSG00000158161,1.8034846061111864
ENSG00000169403,-1.3835429043305787
ENSG00000126698,-1.5243259345809455
ENSG00000130770,-1.3038222027558735
ENSG00000270605,-0.028556951571349475
ENSG00000130766,-0.38520756694857017
ENSG00000130772,-1.6909108548650074
ENSG00000204138,0.6698210331682904
ENSG00000180198,0.3597274337769188
ENSG00000242125,1.825897873485502
ENSG00000180098,0.5533645581502772
ENSG00000197989,-1.4628119634868288
ENSG00000120656,-1.7403755120882565
ENSG00000188060,1.5706629119141022
ENSG00000229388,NaN
ENSG00000270103,NaN
ENSG00000162419,-0.13688050906746085
ENSG00000198492,-0.5255036927476935
ENSG00000159023,2.3411716822410757
ENSG00000225750,NaN
ENSG00000116350,3.3406031310288875
ENSG00000116353,-0.6315193083701772
ENSG00000060656,-0.5847524270599584
ENSG00000186056,NaN
ENSG00000223382,NaN
ENSG00000162512,2.271218888275279
ENSG00000134644,1.9166058838200852
ENSG00000084628,-3.5034854998390577
ENSG00000060688,0.0702458346537968
ENSG00000121766,-1.7827440572236823
ENSG00000229044,3.2176741934045485
ENSG00000168528,-0.29485132572974654
ENSG00000284543,NaN
ENSG00000229167,NaN
ENSG00000121764,NaN
ENSG00000162517,-2.4163986012437335
ENSG00000235790,NaN
ENSG00000084636,-1.4702566097707317
ENSG00000121753,3.1080178360834783
ENSG00000134668,0.5499629802300569
ENSG00000269967,-1.534301575540061
ENSG00000184007,-1.3014625174799908
ENSG00000121774,-1.311239217495336
ENSG00000203325,1.9895262880120423
ENSG00000121775,1.3416626174123962
ENSG00000025800,1.1902838414639503
ENSG00000084652,0.0248546563648715
ENSG00000160050,-1.607684095134596
ENSG00000160051,NaN
ENSG00000222046,NaN
ENSG00000160055,3.6366148725785794
ENSG00000084623,-1.7315244375047385
ENSG00000116478,-0.8951754579732563
ENSG00000175130,-0.7048425679898542
ENSG00000162526,0.3444614565848974
ENSG00000225828,NaN
ENSG00000160058,-0.929073477540474
ENSG00000160062,-1.3996215737203164
ENSG00000176261,-0.7971869731967461
ENSG00000162521,-0.7179161921007332
ENSG00000162520,-0.10946740523443348
ENSG00000162522,0.8279397321887431
ENSG00000134684,-1.4358256947255696
ENSG00000116497,3.104464589812081
ENSG00000160097,NaN
ENSG00000121905,NaN
ENSG00000121900,-0.7502964205141921
ENSG00000287691,NaN
ENSG00000116514,1.1915067539604647
ENSG00000236065,-0.666940329266914
ENSG00000004455,-1.4512107748270298
ENSG00000142920,2.68876758484461
ENSG00000116525,NaN
ENSG00000160094,1.145987345092782
ENSG00000225313,-0.42148243323822965
ENSG00000134686,1.016965105524964
ENSG00000233246,0.20147590060383305
ENSG00000121903,2.8048970898335286
ENSG00000121904,-0.12297187142168163
ENSG00000163866,-0.45622091608414267
ENSG00000189433,NaN
ENSG00000188910,-2.7195754584672094
ENSG00000116544,NaN
ENSG00000243749,-1.0250084043793124
ENSG00000163867,0.13603855453316704
ENSG00000197056,-1.4491677010765551
ENSG00000116560,0.7374846710225551
ENSG00000146463,-1.0586232097070833
ENSG00000227409,NaN
ENSG00000142687,-1.3895989509028457
ENSG00000020129,2.636263155916554
ENSG00000239636,NaN
ENSG00000116819,-0.07499076167585153
ENSG00000126067,-1.2183908174905302
ENSG00000142686,-0.26799901061189907
ENSG00000092853,-0.5124688668606118
ENSG00000232335,NaN
ENSG00000134698,1.896370537888908
ENSG00000092847,1.11166047539943
ENSG00000286899,NaN
ENSG00000126070,0.31922027914149037
ENSG00000271554,0.48201630562661774
ENSG00000116863,0.23100771659299882
ENSG00000054116,-1.5921885033827192
ENSG00000116871,2.901336211286633
ENSG00000054118,-0.2456089238796343
ENSG00000214193,4.252484964424168
ENSG00000142694,-1.7698789401861628
ENSG00000196182,4.021324024071035
ENSG00000181817,-1.1754389071860625
ENSG00000116885,3.452916687171424
ENSG00000116898,-1.514115238996197
ENSG00000233621,-1.0762154195289368
ENSG00000163874,-1.1050423026732679
ENSG00000163875,-0.9442672036482356
ENSG00000163877,-1.2132776817893716
ENSG00000134697,0.9032652209806209
ENSG00000116922,-1.2606738995629005
ENSG00000134690,0.20514440012199067
ENSG00000183317,NaN
ENSG00000185090,-0.5900233563505576
ENSG00000196449,-1.7101430461345823
ENSG00000197982,-1.4721489812095694
ENSG00000188786,1.7321952669161742
ENSG00000204084,1.434357779033847
ENSG00000183431,-1.6276644841810686
ENSG00000183386,-0.9783251669243141
ENSG00000183520,-1.2454756181707358
ENSG00000224592,NaN
ENSG00000116954,-1.7689141917086746
ENSG00000228436,0.6131408663016715
ENSG00000214114,-1.3268415725720777
ENSG00000131233,NaN
ENSG00000158315,-0.2911092906233613
ENSG00000174574,-1.4120226867765797
ENSG00000168653,-0.7456180501339466
ENSG00000127603,2.26970273835393
ENSG00000287422,-1.219567759523373
ENSG00000226438,NaN
ENSG00000183682,NaN
ENSG00000090621,-0.5309894353211406
ENSG00000228060,NaN
ENSG00000163909,0.5096888361732371
ENSG00000084072,-1.5397411679419208
ENSG00000116985,-0.9586583144878995
ENSG00000198754,NaN
ENSG00000284719,NaN
ENSG00000043514,1.5449114906572294
ENSG00000116990,NaN
ENSG00000168389,-0.7550810643139192
ENSG00000131236,-1.0540838131862775
ENSG00000131238,0.3855077798669797
ENSG00000117000,-0.3607427770094863
ENSG00000259943,-0.13628803632158693
ENSG00000084073,0.5698960313114352
ENSG00000049089,NaN
ENSG00000084070,-1.5181137845783255
ENSG00000187801,4.226217543556661
ENSG00000260920,1.3461709559431403
ENSG00000238287,1.4441716282034132
ENSG00000164002,NaN
ENSG00000117010,2.2696866119748584
ENSG00000117016,NaN
ENSG00000237899,NaN
ENSG00000272145,4.07961931133712
ENSG00000066136,-0.23224454493060412
ENSG00000117013,2.995600870781406
ENSG00000179862,-0.4647009968347616
ENSG00000171793,0.738191587025685
ENSG00000281207,1.0056098473891404
ENSG00000171790,1.2137230284284775
ENSG00000010803,2.4454183018141924
ENSG00000204060,1.7833792317492267
ENSG00000229901,NaN
ENSG00000127129,NaN
ENSG00000127124,2.0296313469696363
ENSG00000287587,NaN
ENSG00000044012,NaN
ENSG00000198815,1.3397977467036084
ENSG00000227527,NaN
ENSG00000177181,3.849414855980488
ENSG00000066185,NaN
ENSG00000127125,-1.4357639359504295
ENSG00000186409,-0.24290218252136686
ENSG00000171960,-2.069633451460948
ENSG00000285728,2.242245808916194
ENSG00000065978,-1.046911625404911
ENSG00000117385,3.817701864274436
ENSG00000164008,-1.066350668581995
ENSG00000274386,0.44927812005551365
ENSG00000177868,0.09031511899896148
ENSG00000164010,-1.3257932341764032
ENSG00000228192,NaN
ENSG00000164011,-0.734258334014627
ENSG00000117394,1.214534908718752
ENSG00000227533,3.94786566415437
ENSG00000186973,NaN
ENSG00000117395,-0.9165199317334167
ENSG00000243710,NaN
ENSG00000234694,1.5046420648205425
ENSG00000117399,-1.7167636217071616
ENSG00000066322,-1.7235562792404069
ENSG00000159479,-1.1582042466536162
ENSG00000198198,1.8159499131625516
ENSG00000229372,NaN
ENSG00000178922,0.493974293754229
ENSG00000142949,2.0518549076991923
ENSG00000066135,1.7928351174104191
ENSG00000236200,-0.06038601105525716
ENSG00000126091,1.31435101975944
ENSG00000229444,3.6322528310204327
ENSG00000117407,0.7282448998585798
ENSG00000237950,-0.6816210496916342
ENSG00000117408,1.699037910315041
ENSG00000132768,0.36137302473384897
ENSG00000117410,-0.5137956769584546
ENSG00000117411,-0.573845844150775
ENSG00000159214,-1.2852820640564326
ENSG00000196517,-2.1811122040296205
ENSG00000230615,1.7286060009600317
ENSG00000171872,NaN
ENSG00000178028,-1.2899852979415567
ENSG00000117419,-1.3666353389760775
ENSG00000187147,-0.8741635694301859
ENSG00000126106,-1.3801683919563235
ENSG00000198520,0.26944015868664567
ENSG00000142945,-0.501375293425342
ENSG00000225721,NaN
ENSG00000142937,-1.1185922462026499
ENSG00000142959,NaN
ENSG00000173846,2.1575190407997153
ENSG00000222009,1.143882887509535
ENSG00000117425,0.894863556842835
ENSG00000070785,-1.0902420764829657
ENSG00000126107,1.3140643696636871
ENSG00000126088,-0.8879500025639088
ENSG00000162415,3.6725282227556395
ENSG00000281912,NaN
ENSG00000186603,2.9505784217117315
ENSG00000132781,-1.201875231219954
ENSG00000132773,-0.7167881577814279
ENSG00000070759,-0.7395266169157318
ENSG00000280670,-0.18848475607497983
ENSG00000132763,0.06476868385644749
ENSG00000117450,-0.9840113968914188
ENSG00000117448,-1.3781335159051986
ENSG00000132780,-0.4613073719333341
ENSG00000159588,NaN
ENSG00000159592,1.354379164746052
ENSG00000159596,1.380224094170725
ENSG00000197429,-0.8344450764907948
ENSG00000086015,1.5207712780105946
ENSG00000117461,0.3824810833472692
ENSG00000227857,NaN
ENSG00000117472,1.3233265252122266
ENSG00000250719,NaN
ENSG00000085998,3.668662856759717
ENSG00000171357,NaN
ENSG00000085999,0.11266418038636165
ENSG00000132128,-0.44457096676110996
ENSG00000173660,-1.1023497635877446
ENSG00000117481,0.4905687132803807
ENSG00000197587,NaN
ENSG00000079277,-0.5116178165651852
ENSG00000142961,-1.6220367031543323
ENSG00000123472,-1.487027643018516
ENSG00000228237,NaN
ENSG00000159658,-1.046510841842937
ENSG00000225506,-0.6096640148651603
ENSG00000224805,NaN
ENSG00000162366,-0.9057197131468541
ENSG00000123473,1.739487362518787
ENSG00000162368,-0.7462331771226108
ENSG00000225762,3.1941247165261206
ENSG00000237424,NaN
ENSG00000186564,NaN
ENSG00000269113,0.7583383020373128
ENSG00000117834,NaN
ENSG00000132122,-0.1642446005524005
ENSG00000186094,1.545313900429284
ENSG00000286597,NaN
ENSG00000162374,NaN
ENSG00000185104,1.4839217223202634
ENSG00000123080,0.7837159749318048
ENSG00000203356,NaN
ENSG00000123091,-0.5540197409519472
ENSG00000085831,-0.8220265112708248
ENSG00000085832,0.9038223680614405
ENSG00000227070,0.5825310764599766
ENSG00000117859,1.3297376520798005
ENSG00000078618,-0.34765961582464217
ENSG00000272175,NaN
ENSG00000169213,0.760501484572677
ENSG00000117862,-0.7413977358780945
ENSG00000198841,-1.1391595350181614
ENSG00000223390,NaN
ENSG00000134717,-1.1178883241906685
ENSG00000157077,0.5084909487967639
ENSG00000154222,-1.3130661550265494
ENSG00000287078,NaN
ENSG00000085840,-1.275228929494197
ENSG00000134748,-0.9008783378934243
ENSG00000134744,1.1172535568594115
ENSG00000182183,NaN
ENSG00000162377,0.15421579163452775
ENSG00000162378,0.3689337092424711
ENSG00000203995,1.137531073992152
ENSG00000121310,-1.2678878355889367
ENSG00000116171,-1.615996903413177
ENSG00000162383,NaN
ENSG00000235563,NaN
ENSG00000157184,-0.25407696941126123
ENSG00000236723,NaN
ENSG00000162384,-2.040207250786423
ENSG00000162385,-1.5589374405898844
ENSG00000226754,0.11477195190458676
ENSG00000157193,3.561956441274369
ENSG00000225675,NaN
ENSG00000174332,NaN
ENSG00000058804,0.6066245681112149
ENSG00000058799,-0.4621603193980562
ENSG00000081870,-2.1395397930720175
ENSG00000116212,-1.2797325367780383
ENSG00000116209,0.14249530425085238
ENSG00000116205,2.2872742258140693
ENSG00000215883,-1.2006862247958165
ENSG00000116221,-2.3491523641106022
ENSG00000157216,1.9638755792750084
ENSG00000162390,0.5679687843982156
ENSG00000162391,NaN
ENSG00000243725,-0.16913543329844008
ENSG00000162396,0.0735239302312378
ENSG00000116133,-1.0311223459498076
ENSG00000233203,NaN
ENSG00000169174,6.053867705445022
ENSG00000162402,0.7557105003022601
ENSG00000234810,0.9920990907140733
ENSG00000260971,4.825702106319042
ENSG00000162407,1.2595118673874204
ENSG00000162409,2.636793585459012
ENSG00000173406,4.734485850536781
ENSG00000162600,-0.02961027885081833
ENSG00000162601,1.6259151437206187
ENSG00000177606,-1.2079600798241472
ENSG00000234807,1.8159751473555428
ENSG00000232453,NaN
ENSG00000237352,1.0280263182234664
ENSG00000224609,NaN
ENSG00000172456,-0.06878519093140609
ENSG00000134709,NaN
ENSG00000162599,6.1170603909798835
ENSG00000237928,NaN
ENSG00000162604,-0.6680855138990516
ENSG00000271200,NaN
ENSG00000132849,2.3449985566136156
ENSG00000240563,NaN
ENSG00000132854,1.9037449533509034
ENSG00000162607,-2.051920171205975
ENSG00000116641,0.6134713854173632
ENSG00000235545,NaN
ENSG00000125703,-0.08786168677344976
ENSG00000224209,NaN
ENSG00000230798,-1.3464032205254284
ENSG00000187140,NaN
ENSG00000088035,1.8983259369490733
ENSG00000142856,-0.3762335199443015
ENSG00000203965,2.0330326645751913
ENSG00000116652,2.9209736103527146
ENSG00000079739,0.08774467670359377
ENSG00000185483,2.5364748066463307
ENSG00000223949,0.5262833755515395
ENSG00000158966,1.4676034729441434
ENSG00000162437,2.111472073758222
ENSG00000162434,1.9149657783840532
ENSG00000162433,-1.80573492851764
ENSG00000116675,1.1362849649980256
ENSG00000229294,2.186593996980244
ENSG00000213625,-0.6176447433555327
ENSG00000116678,-0.7144103447222089
ENSG00000184588,2.240910456958555
ENSG00000227466,NaN
ENSG00000118473,NaN
ENSG00000152763,-0.7522243872881693
ENSG00000198160,0.20103209501574978
ENSG00000116704,0.6496347073906598
ENSG00000081985,-0.38871757622458014
ENSG00000142864,0.1873247881667502
ENSG00000116717,0.8504534686358338
ENSG00000172380,-0.2310659244861579
ENSG00000232284,0.10067767784752929
ENSG00000162595,-0.7537631551544581
ENSG00000116729,2.2801510967451355
ENSG00000024526,-1.2871130512653022
ENSG00000233589,NaN
ENSG00000234264,NaN
ENSG00000285041,NaN
ENSG00000285407,NaN
ENSG00000033122,NaN
ENSG00000066557,-1.0297629845424578
ENSG00000116754,0.35699268230357367
ENSG00000118454,1.223137359794561
ENSG00000197568,-2.052556843425652
ENSG00000116761,-0.8350105012386022
ENSG00000132485,0.03864451882433983
ENSG00000229956,-1.3326557649618116
ENSG00000172260,NaN
ENSG00000162620,1.2895382224333245
ENSG00000254685,0.8704124175561878
ENSG00000116791,-1.0875467524437934
ENSG00000162623,-1.5529437997669333
ENSG00000162624,1.0581071780491411
ENSG00000137968,1.6016134966341642
ENSG00000117054,-0.9983356839785539
ENSG00000137955,-1.2458109333687306
ENSG00000057468,0.6916917963666284
ENSG00000225605,NaN
ENSG00000184005,1.76635574054622
ENSG00000142892,1.8318498449096834
ENSG00000287870,NaN
ENSG00000154027,-0.3043662979229046
ENSG00000287647,NaN
ENSG00000036549,2.6078407535657093
ENSG00000077254,-0.6589161751329667
ENSG00000180488,0.8316732433842596
ENSG00000235927,NaN
ENSG00000162614,-0.2111496711245962
ENSG00000162613,-1.514534440321908
ENSG00000162616,-0.3265001590490234
ENSG00000137960,-0.5961440399843688
ENSG00000273338,1.0361917370045233
ENSG00000137959,NaN
ENSG00000137965,NaN
ENSG00000285409,NaN
ENSG00000234184,2.5417745841688477
ENSG00000117114,3.9198891484082026
ENSG00000137941,-0.4061285451174634
ENSG00000271576,-0.4039533673992885
ENSG00000142875,1.03163762021437
ENSG00000203943,NaN
ENSG00000117133,-2.6647202662036595
ENSG00000174021,0.32962167454255553
ENSG00000122432,1.525239146349457
ENSG00000117151,-0.5503484131658204
ENSG00000284882,NaN
ENSG00000117155,0.0327704209835006
ENSG00000153898,1.3713404745076048
ENSG00000162643,-0.5626491097123809
ENSG00000055732,-1.072511299430259
ENSG00000097096,-1.544053985184063
ENSG00000162642,-1.070079629916059
ENSG00000142867,0.7261918823552194
ENSG00000223653,0.19266901825008517
ENSG00000153904,-0.08746833513053638
ENSG00000282057,NaN
ENSG00000142871,1.0324149648752563
ENSG00000117174,-0.3438942636724001
ENSG00000171502,NaN
ENSG00000285210,NaN
ENSG00000122417,-1.7787098185466415
ENSG00000236915,3.3252007583253373
ENSG00000261737,NaN
ENSG00000097033,-1.2227176347142938
ENSG00000183291,-1.3193941387976638
ENSG00000153936,-0.8356557452784096
ENSG00000143013,-2.178857151134474
ENSG00000237505,-1.1163155374149991
ENSG00000065243,0.46128532329561805
ENSG00000137947,0.8545715868189095
ENSG00000137944,0.7117929434371578
ENSG00000213516,0.04058222492591906
ENSG00000117226,0.5535257896279865
ENSG00000117228,0.04209195990000213
ENSG00000162645,2.282642967279927
ENSG00000286802,NaN
ENSG00000162654,NaN
ENSG00000286548,-0.7330416994489874
ENSG00000197147,2.840575987572692
ENSG00000231999,-0.9872768861117118
ENSG00000171488,-0.45734861528169324
ENSG00000272931,NaN
ENSG00000171492,0.4093837253099294
ENSG00000162664,-1.3423371746360102
ENSG00000287406,NaN
ENSG00000233593,0.5233961068113888
ENSG00000285532,NaN
ENSG00000122482,0.5490474818060819
ENSG00000162669,NaN
ENSG00000097046,2.1913179966773826
ENSG00000069702,0.4705327844091154
ENSG00000172031,NaN
ENSG00000189195,-0.16472114352876555
ENSG00000273487,NaN
ENSG00000174842,1.1045097468802028
ENSG00000122484,1.0269450666189304
ENSG00000067208,0.5179071695510629
ENSG00000122406,-1.0260239230957569
ENSG00000154511,2.9058420793609976
ENSG00000143033,-0.7257592316751842
ENSG00000117500,0.9132382278999973
ENSG00000122483,0.7009447821317575
ENSG00000223745,1.0452919723377099
ENSG00000117505,-1.4589603126673696
ENSG00000137942,-0.9423027813221165
ENSG00000137936,4.336229716100296
ENSG00000224093,NaN
ENSG00000067334,-1.5975214063144394
ENSG00000023909,-0.27084813079083897
ENSG00000137962,-0.6067628365720191
ENSG00000117528,-0.37410724328593903
ENSG00000117525,2.182393977043529
ENSG00000143036,0.36772502594794865
ENSG00000117519,-0.47214743736456255
ENSG00000235501,-0.3461095443088071
ENSG00000172339,-1.6683367680641363
ENSG00000152078,0.2205065696515974
ENSG00000226026,3.3392624099755888
ENSG00000122481,-1.3352244795401516
ENSG00000117569,0.2910247946597131
ENSG00000188641,2.3867781964986907
ENSG00000232878,0.30894004916429774
ENSG00000225206,2.3050533932254846
ENSG00000259946,NaN
ENSG00000226053,1.2853559111731045
ENSG00000162627,-0.6536258482295082
ENSG00000232825,NaN
ENSG00000099260,-0.7995860996155177
ENSG00000156869,2.0118457966639913
ENSG00000162688,-0.5108015710078584
ENSG00000117620,-0.025037461731350897
ENSG00000156875,1.3500909374280274
ENSG00000241073,-0.05710183919110703
ENSG00000156876,0.0251646873802382
ENSG00000122435,1.9008490961566733
ENSG00000122477,NaN
ENSG00000137992,-0.7902263230275224
ENSG00000285530,-0.11673649609707505
ENSG00000224616,0.2245989358886805
ENSG00000137996,-1.2970253696365979
ENSG00000079335,1.2300842808452639
ENSG00000228086,NaN
ENSG00000162694,0.8491841332303439
ENSG00000273204,NaN
ENSG00000162695,0.8959972568702549
ENSG00000117543,-0.8787730384799339
ENSG00000233184,0.06944720025275433
ENSG00000060718,-0.30393729534023345
ENSG00000224613,3.5676011200458255
ENSG00000185946,-0.04319776353262507
ENSG00000240038,1.0741804615185053
ENSG00000233047,NaN
ENSG00000134215,0.444394833315788
ENSG00000085491,-0.16339836255259865
ENSG00000260879,0.45851930517249617
ENSG00000162636,-1.0601274254316109
ENSG00000162639,-1.1787655150269576
ENSG00000134186,2.0106299923761495
ENSG00000116266,-0.543060803645143
ENSG00000162641,0.15752561051324937
ENSG00000121957,2.376571332178729
ENSG00000121940,-0.724796074893831
ENSG00000085433,0.6617418607654724
ENSG00000197780,-0.7747885035255608
ENSG00000273382,-0.17311132877619054
ENSG00000215717,-0.8298931370700143
ENSG00000179902,NaN
ENSG00000116299,0.6330057918132683
ENSG00000031698,-1.290058449761765
ENSG00000143126,-0.691258252710297
ENSG00000134222,-1.2080026496112968
ENSG00000134243,-0.9497591033551794
ENSG00000143106,-1.1621493142253665
ENSG00000162650,NaN
ENSG00000174151,0.5966844105726853
ENSG00000181754,NaN
ENSG00000065135,-0.07156247979804856
ENSG00000116337,0.4011865188667347
ENSG00000168765,-1.2286471040998737
ENSG00000134202,-2.2657255448698583
ENSG00000198758,NaN
ENSG00000184371,1.0377265629010346
ENSG00000168710,-0.6723579966763121
ENSG00000143093,-0.5065446583821657
ENSG00000258634,NaN
ENSG00000116396,-0.43338138874270804
ENSG00000227963,-1.0029194029888242
ENSG00000162775,-0.8211437406102267
ENSG00000224699,0.522063896045137
ENSG00000168679,-0.3897280269247827
ENSG00000134248,-1.4194524769602077
ENSG00000121931,-0.8935277279237138
ENSG00000273010,NaN
ENSG00000156171,1.146368886743777
ENSG00000134255,-1.3221327304458033
ENSG00000162777,NaN
ENSG00000173947,NaN
ENSG00000085465,NaN
ENSG00000116455,-0.19975118797139915
ENSG00000116459,-1.0607174143736153
ENSG00000143110,NaN
ENSG00000116473,-0.13485526699884978
ENSG00000197852,0.7170781134543248
ENSG00000227811,-0.7399368825372686
ENSG00000284830,NaN
ENSG00000064703,-0.6063808617920652
ENSG00000143079,0.5491030494787379
ENSG00000134245,0.7852719820510037
ENSG00000007341,-1.0944650543502032
ENSG00000116489,-0.33487978719073436
ENSG00000155363,-0.9095147570363219
ENSG00000225075,NaN
ENSG00000155366,-1.614917632340628
ENSG00000155367,NaN
ENSG00000215866,NaN
ENSG00000224167,NaN
ENSG00000155380,2.085864048900624
ENSG00000226419,0.38468417378906206
ENSG00000287807,0.9752206051287613
ENSG00000238198,0.44319888382347833
ENSG00000198799,2.332048172885809
ENSG00000081026,1.0171550047426632
ENSG00000116793,1.1448866029833367
ENSG00000081019,0.6483970922740989
ENSG00000231128,NaN
ENSG00000226167,NaN
ENSG00000188761,0.11464593045551696
ENSG00000134262,-0.7512212507055387
ENSG00000118655,-1.641831932662803
ENSG00000163349,-0.5177361404885454
ENSG00000116774,-1.062607560005658
ENSG00000134207,-0.3815655224129748
ENSG00000197323,0.3010826224106963
ENSG00000116752,-1.6911362237398315
ENSG00000175984,NaN
ENSG00000213281,-1.62978427589064
ENSG00000009307,-0.44170529150928484
ENSG00000052723,-2.1139813219193564
ENSG00000134198,-0.7225182198563267
ENSG00000134259,1.210362921430878
ENSG00000173218,0.4002444331249953
ENSG00000163393,5.048054885186807
ENSG00000163399,0.857665487379843
ENSG00000203865,0.5112955278427734
ENSG00000233154,NaN
ENSG00000224950,NaN
ENSG00000116815,-1.4545536495712679
ENSG00000143061,0.28098162893320955
ENSG00000134247,1.1282914134928557
ENSG00000134256,NaN
ENSG00000236137,-0.09963811879953942
ENSG00000116830,-0.6311527364011055
ENSG00000134253,2.701272398294905
ENSG00000271427,NaN
ENSG00000198162,-0.38191120231381
ENSG00000196505,-1.3161498509798504
ENSG00000065183,1.2058344696188823
ENSG00000155761,-2.529864442518045
ENSG00000116874,-0.2536023869317024
ENSG00000231365,4.7910994708964205
ENSG00000227712,NaN
ENSG00000232650,NaN
ENSG00000143067,3.398799896700211
ENSG00000092621,-0.7558391289139679
ENSG00000134250,0.36405459925262085
ENSG00000265808,-0.6734809595811103
ENSG00000287979,NaN
ENSG00000226067,-1.2218820043900096
ENSG00000227193,NaN
ENSG00000188610,0.48135545840920413
ENSG00000171943,-1.6753671610455192
ENSG00000230806,2.4529257097077233
ENSG00000227082,-1.3121838080795214
ENSG00000272583,NaN
ENSG00000232721,-0.5160227028153833
ENSG00000273213,NaN
ENSG00000263513,NaN
ENSG00000232527,-2.213511542561508
ENSG00000237343,NaN
ENSG00000266338,0.7079687521213458
ENSG00000224363,NaN
ENSG00000196369,-0.13714334135169978
ENSG00000215784,NaN
ENSG00000276216,2.034345863676447
ENSG00000162825,-1.5623137132511964
ENSG00000117262,0.18162698018974463
ENSG00000174827,-0.2705563651568676
ENSG00000265491,-0.08077898244375586
ENSG00000186141,-1.0287131689481623
ENSG00000186364,2.369232363084268
ENSG00000131788,-0.49371279844716925
ENSG00000143127,0.35299614609915886
ENSG00000131779,-0.14656611718045964
ENSG00000265241,-1.6716901252316982
ENSG00000234222,0.36716677218565813
ENSG00000271601,-2.2446664232383435
ENSG00000272031,NaN
ENSG00000121851,-0.32927591080186064
ENSG00000265972,NaN
ENSG00000287190,-0.40682859752679407
ENSG00000233396,NaN
ENSG00000264343,3.889079790931005
ENSG00000276509,NaN
ENSG00000287978,0.011616892875258838
ENSG00000268043,-0.9169989892741883
ENSG00000131791,-0.1621120059063332
ENSG00000237188,0.12491167693888927
ENSG00000131781,0.12271834261978255
ENSG00000131778,2.980283072000548
ENSG00000278811,NaN
ENSG00000116128,-1.9108917754044399
ENSG00000162836,0.1101897063229283
ENSG00000188092,-0.03716985346403465
ENSG00000274372,NaN
ENSG00000263956,0.4478689937238436
ENSG00000232265,NaN
ENSG00000227733,NaN
ENSG00000234283,NaN
ENSG00000274020,1.1978710528084298
ENSG00000224481,1.4662189819000166
ENSG00000270629,-0.4312128812725744
ENSG00000177144,NaN
ENSG00000178104,-1.246913767455175
ENSG00000254539,NaN
ENSG00000269713,-0.14435782256877708
ENSG00000274265,0.14864591437451205
ENSG00000286219,3.0223743719603497
ENSG00000271383,-0.904176574144713
ENSG00000203814,3.9014352078587913
ENSG00000270882,-1.0420912846979464
ENSG00000272196,-1.3170043142248056
ENSG00000270276,-0.6448631029069767
ENSG00000264207,-0.5918765885435567
ENSG00000184678,-1.0260809536048607
ENSG00000184260,-2.7063275429359517
ENSG00000184270,-1.355871744072977
ENSG00000178096,-0.8191504303656679
ENSG00000159164,NaN
ENSG00000143368,-0.10907957218653432
ENSG00000014914,-0.3067789048858689
ENSG00000264522,-0.6017577767218076
ENSG00000285184,0.2810930972002163
ENSG00000136631,-2.1163108567502746
ENSG00000023902,-1.559935657028793
ENSG00000285554,NaN
ENSG00000143401,-2.266947395034233
ENSG00000117362,-1.6775045102787847
ENSG00000159208,NaN
ENSG00000266472,0.2036999088011739
ENSG00000117360,-0.18675019443500013
ENSG00000163125,0.8407725307258986
ENSG00000143374,1.3214248219709095
ENSG00000143369,1.3090537597201484
ENSG00000228126,-0.4724828055432928
ENSG00000237781,3.68766472644188
ENSG00000143382,NaN
ENSG00000203804,8.116315447344189
ENSG00000143384,0.20823349302844774
ENSG00000143420,1.4166277985325446
ENSG00000143457,1.839397953591642
ENSG00000143452,0.10638347251198865
ENSG00000163131,-0.3392463907759395
ENSG00000143387,1.554723318257749
ENSG00000143437,-0.32042283087012335
ENSG00000143379,1.517679338738363
ENSG00000143418,-0.3141094009314779
ENSG00000231073,NaN
ENSG00000143412,NaN
ENSG00000143409,-0.1804559279604991
ENSG00000143363,0.1689141036144605
ENSG00000163141,0.33902480859223444
ENSG00000143443,-0.16545325213403717
ENSG00000197622,0.14803014355847766
ENSG00000213190,-2.2031811021599355
ENSG00000143458,0.4944925643061892
ENSG00000143434,NaN
ENSG00000163156,-1.282826512203337
ENSG00000163155,1.3835526981675597
ENSG00000163159,-0.9835205565358636
ENSG00000143398,1.6752567715572417
ENSG00000159352,-0.43600597989821105
ENSG00000232671,1.963777572090359
ENSG00000143373,-0.791911621154646
ENSG00000143393,0.7037980119278956
ENSG00000273481,NaN
ENSG00000143390,1.6527487684689555
ENSG00000237976,-0.5547851310808649
ENSG00000143416,1.1015901369597516
ENSG00000159377,-0.4775059540674132
ENSG00000143442,0.9786832848133635
ENSG00000143375,NaN
ENSG00000143367,-1.289954275208819
ENSG00000232536,0.6877066412586285
ENSG00000143376,-0.30760176959400826
ENSG00000178796,NaN
ENSG00000269621,NaN
ENSG00000143436,-2.0219957281718446
ENSG00000143450,-0.9190467493705728
ENSG00000182134,-1.4127659026490504
ENSG00000203288,NaN
ENSG00000234614,NaN
ENSG00000159445,-0.6046043725132475
ENSG00000285651,NaN
ENSG00000197747,-0.76003364318592
ENSG00000229021,-0.0031383709753083178
ENSG00000163191,-0.7381730091020657
ENSG00000237975,0.02857605000719276
ENSG00000236427,NaN
ENSG00000169509,-0.5159288273087409
ENSG00000197084,NaN
ENSG00000163220,-0.9548177802936268
ENSG00000238279,NaN
ENSG00000197956,-0.8018537001633728
ENSG00000196154,-0.07481506961839808
ENSG00000188015,-1.9840135173056976
ENSG00000196754,-1.463817978545602
ENSG00000285867,1.5874433249824522
ENSG00000188643,-0.09686667834967368
ENSG00000189334,NaN
ENSG00000189171,-1.1012273312375378
ENSG00000160678,NaN
ENSG00000272030,NaN
ENSG00000160679,-1.5186947681119807
ENSG00000143553,-2.8481995235944844
ENSG00000143621,-0.9210602483726936
ENSG00000143624,1.0061399554945814
ENSG00000143554,0.4166595493081481
ENSG00000143614,1.01936120368733
ENSG00000284738,NaN
ENSG00000198837,-0.0006042659324816236
ENSG00000160741,-1.5490085042212316
ENSG00000143570,0.6711818170255152
ENSG00000282386,NaN
ENSG00000143578,-0.5699266838280553
ENSG00000143543,1.2787970269302256
ENSG00000272654,NaN
ENSG00000143545,-0.7085997320429843
ENSG00000177954,-1.155845983412758
ENSG00000143552,2.396268687850122
ENSG00000143549,-0.00734804515259455
ENSG00000163263,NaN
ENSG00000143612,0.6129497134459081
ENSG00000143569,-0.5268218160975722
ENSG00000143575,-1.6499821555778273
ENSG00000143515,1.0170040879746085
ENSG00000228013,NaN
ENSG00000160712,2.4538268116341353
ENSG00000160714,-0.5627921658827846
ENSG00000160716,NaN
ENSG00000160710,1.4320666110538667
ENSG00000287064,NaN
ENSG00000143603,NaN
ENSG00000163344,-2.391770887839931
ENSG00000163346,1.36739865344814
ENSG00000163348,-0.4995977249994181
ENSG00000271380,-0.060164072976978226
ENSG00000160691,-2.0401540623232908
ENSG00000173207,-0.7445538050216518
ENSG00000160688,-1.1866037872226687
ENSG00000160685,-0.6435010373621091
ENSG00000163357,NaN
ENSG00000232093,NaN
ENSG00000143537,1.7739267799898555
ENSG00000243364,1.421050296101897
ENSG00000143590,-0.34857688660009944
ENSG00000169242,-1.4538903388005748
ENSG00000169241,-0.756941230183419
ENSG00000179085,-1.8824978683332363
ENSG00000163463,1.3488532593140319
ENSG00000163462,-0.5928716058368476
ENSG00000185499,3.61740442310213
ENSG00000231064,-1.2217726382467133
ENSG00000169231,-0.5372882049957246
ENSG00000173171,-1.8363893942958252
ENSG00000177628,-0.09154333072876297
ENSG00000160767,0.2273870428442939
ENSG00000116521,0.756312204132265
ENSG00000176444,3.461262388324793
ENSG00000143630,0.9928106009921622
ENSG00000160752,-0.803505886368467
ENSG00000225855,NaN
ENSG00000160753,-1.0214054783666104
ENSG00000116539,0.4584378610034029
ENSG00000235919,-1.1496501074877905
ENSG00000232519,NaN
ENSG00000125459,0.14775650319200445
ENSG00000287839,-0.785341085190237
ENSG00000163374,1.1389048863104303
ENSG00000132676,0.18519589985134027
ENSG00000227673,NaN
ENSG00000116580,-0.08172308517839572
ENSG00000132718,NaN
ENSG00000143622,-0.9729801769900258
ENSG00000132680,1.156266743484076
ENSG00000116584,2.0521226037880465
ENSG00000273002,NaN
ENSG00000163479,2.438764185704865
ENSG00000160803,-0.25079097285989777
ENSG00000116586,-0.7214564298405662
ENSG00000254726,-1.4908910084546312
ENSG00000160789,1.3279214005000168
ENSG00000196189,2.6715064780152327
ENSG00000160785,-0.9951465658835192
ENSG00000160783,-2.153336336573705
ENSG00000242252,-1.601574613370001
ENSG00000160781,0.40021400350053976
ENSG00000198952,0.515911172076991
ENSG00000163472,-1.697770224784071
ENSG00000198715,-1.8122904887789886
ENSG00000163468,-0.4015102022032254
ENSG00000163467,-0.678569412632261
ENSG00000125462,-1.260133352542487
ENSG00000116604,0.3922015951311186
ENSG00000183856,-1.295652300979997
ENSG00000163382,-1.1869953028126683
ENSG00000160818,-1.3675583067868424
ENSG00000132702,NaN
ENSG00000272068,1.1143612874046454
ENSG00000132692,2.7502107549123114
ENSG00000272405,NaN
ENSG00000229953,-2.1549827554578034
ENSG00000132688,-0.16306564906032692
ENSG00000285570,NaN
ENSG00000143320,-0.9512851034297759
ENSG00000143319,0
ENSG00000143303,3.631852153086005
ENSG00000143314,-1.7837445856802787
ENSG00000143321,-1.1302955582445988
ENSG00000143294,-1.164045202925201
ENSG00000027869,-0.29351193800424824
ENSG00000187800,NaN
ENSG00000132694,3.2576622439401506
ENSG00000117036,-0.7598540541314661
ENSG00000183853,3.6569801453302198
ENSG00000231666,NaN
ENSG00000158473,NaN
ENSG00000163565,1.8772262702961677
ENSG00000162706,NaN
ENSG00000158716,-1.7346994463952041
ENSG00000272668,NaN
ENSG00000213085,NaN
ENSG00000158710,-0.5547452533678439
ENSG00000085552,NaN
ENSG00000162723,NaN
ENSG00000224259,NaN
ENSG00000143315,-1.2340056132735182
ENSG00000162729,0.20203740385568306
ENSG00000143318,NaN
ENSG00000227741,0.6617937086548678
ENSG00000162734,-0.45708808183891203
ENSG00000132716,-1.7229395087614146
ENSG00000162735,0.8680800801341303
ENSG00000122218,0.0003197573044323285
ENSG00000162736,-0.7193055212482833
ENSG00000162738,-0.9162980641850607
ENSG00000122224,NaN
ENSG00000232188,NaN
ENSG00000158769,4.251095625286415
ENSG00000158773,-1.1170647729643948
ENSG00000186517,NaN
ENSG00000143217,NaN
ENSG00000162755,-1.5610966372220687
ENSG00000143256,-1.0795461818690186
ENSG00000158793,-0.2466974413262543
ENSG00000158796,-0.5080920839941331
ENSG00000143222,-1.5723994559341625
ENSG00000143258,2.559876989009952
ENSG00000143224,-1.864943110491005
ENSG00000158850,2.1551818140615207
ENSG00000158864,-1.1742527169217958
ENSG00000158869,NaN
ENSG00000158882,NaN
ENSG00000143252,0.11581263906050428
ENSG00000283696,0.5572769904468021
ENSG00000288093,2.59324512999889
ENSG00000283360,-0.9032231320979576
ENSG00000173110,NaN
ENSG00000162746,-0.2812173435286332
ENSG00000081721,-2.2886211585205998
ENSG00000118217,0.8184956041732853
ENSG00000162745,NaN
ENSG00000198929,-0.12079676328763278
ENSG00000239887,NaN
ENSG00000152332,-0.4653146673389019
ENSG00000117143,-0.2999081964656693
ENSG00000162733,-0.15976644142767918
ENSG00000132196,0.5478482022339906
ENSG00000143248,NaN
ENSG00000232995,0.4378361274345731
ENSG00000143228,-1.7580766071172438
ENSG00000185630,2.665457560291125
ENSG00000269887,NaN
ENSG00000233693,NaN
ENSG00000271917,-1.4182192313016297
ENSG00000162761,NaN
ENSG00000143198,0.5592379862469049
ENSG00000143149,-0.8675193819843212
ENSG00000143183,-0.7451782656490371
ENSG00000224358,NaN
ENSG00000143179,0.46752748140633427
ENSG00000236364,NaN
ENSG00000188859,3.06729417992409
ENSG00000143157,-1.9280483834372784
ENSG00000152382,0.5643995483652118
ENSG00000272205,NaN
ENSG00000143190,2.154071978898715
ENSG00000198821,NaN
ENSG00000287218,NaN
ENSG00000143162,2.2334294935777748
ENSG00000198771,NaN
ENSG00000197965,-0.4081677259113092
ENSG00000143199,-1.0343200823026801
ENSG00000143158,-0.5323382160898609
ENSG00000143164,2.892202868363183
ENSG00000143147,-1.1976154471137084
ENSG00000143155,-2.1704635156344594
ENSG00000213064,-0.12992394182670305
ENSG00000143178,1.5753681782208755
ENSG00000228697,NaN
ENSG00000225826,NaN
ENSG00000203601,NaN
ENSG00000143153,2.152347306674524
ENSG00000143156,-0.06703138036039324
ENSG00000117475,2.1951922366488943
ENSG00000117477,NaN
ENSG00000117479,1.675556877646419
ENSG00000213062,NaN
ENSG00000198734,-0.5581018196354564
ENSG00000000460,-0.19148686707327606
ENSG00000171806,-0.9654262161964763
ENSG00000000457,-1.5813047482980371
ENSG00000075945,-0.6482226371193992
ENSG00000120370,-0.13266034762442694
ENSG00000231424,2.729886625512511
ENSG00000117523,0.37256407108581047
ENSG00000283683,-0.2145123136290052
ENSG00000117533,-0.7056596498580248
ENSG00000010165,-0.3680187147969069
ENSG00000197959,1.0349309285204908
ENSG00000135845,0.16556726641117836
ENSG00000180999,NaN
ENSG00000094975,-0.009368267244850006
ENSG00000224228,NaN
ENSG00000203739,1.2052851846570531
ENSG00000117592,-0.9961881132832144
ENSG00000183831,NaN
ENSG00000076321,1.3771570128006458
ENSG00000120334,-0.42837650990827314
ENSG00000117593,-1.173141979196022
ENSG00000234741,-1.6891616348871552
ENSG00000270084,NaN
ENSG00000185278,-0.13341685126862704
ENSG00000135870,2.491600798745459
ENSG00000152061,1.7152578815388348
ENSG00000229531,NaN
ENSG00000287697,NaN
ENSG00000116161,-1.8304535248645957
ENSG00000120333,-1.175952756675347
ENSG00000235750,2.0087157325993026
ENSG00000260990,NaN
ENSG00000227740,0.4149009775258085
ENSG00000143207,1.756525841021927
ENSG00000236021,NaN
ENSG00000120341,1.3107739483643865
ENSG00000075391,4.6216525986654435
ENSG00000273384,NaN
ENSG00000116191,0.8310670955365473
ENSG00000116194,0.943765988580879
ENSG00000116199,-2.081766450699357
ENSG00000186283,-1.0052387390559474
ENSG00000143322,1.6862371492413992
ENSG00000057252,1.2648696113911855
ENSG00000162779,1.3544976665435888
ENSG00000162782,NaN
ENSG00000169905,-0.33172600879617253
ENSG00000272906,NaN
ENSG00000143337,1.809385086056084
ENSG00000135837,1.6937357097140209
ENSG00000116260,-0.5573992307329804
ENSG00000121454,3.729338326892427
ENSG00000230124,1.439425301167483
ENSG00000143324,1.3040887228132148
ENSG00000135835,1.1340621706508105
ENSG00000243155,-0.0051444906596081665
ENSG00000135823,-1.1649273570544447
ENSG00000153029,-1.3575040929209994
ENSG00000162783,0.410098656962518
ENSG00000237292,NaN
ENSG00000198216,NaN
ENSG00000135821,-1.508534891285066
ENSG00000135828,-0.3767394512384614
ENSG00000143333,NaN
ENSG00000135838,-0.0378709387793324
ENSG00000287808,-1.4548268411050789
ENSG00000135829,1.4403393926586532
ENSG00000157060,NaN
ENSG00000135862,0.9022700505704765
ENSG00000224468,NaN
ENSG00000058085,-0.9267003808914701
ENSG00000157064,1.444726909065676
ENSG00000287929,NaN
ENSG00000116698,1.533590843396694
ENSG00000116701,2.381872123521353
ENSG00000162704,-0.9418997637296519
ENSG00000143344,2.8539967338913654
ENSG00000198860,-1.5065545223180188
ENSG00000286655,NaN
ENSG00000116667,1.5119474044825743
ENSG00000116406,-0.13477349945474082
ENSG00000135842,-0.5539873471087617
ENSG00000121481,-0.6966960884469223
ENSG00000121486,-2.3716706265019263
ENSG00000116668,2.446605364700271
ENSG00000116679,-0.3637758269801696
ENSG00000273004,NaN
ENSG00000261729,NaN
ENSG00000143341,3.0902302446907552
ENSG00000116690,NaN
ENSG00000047410,3.4524581123994573
ENSG00000157181,-0.9522127927863938
ENSG00000229739,0.24670439111014208
ENSG00000073756,2.1717230253935664
ENSG00000273129,-0.9482622947704794
ENSG00000116711,1.9034790128955148
ENSG00000230426,-0.22483606261673178
ENSG00000238054,NaN
ENSG00000232212,0.8537194870194257
ENSG00000231175,NaN
ENSG00000285280,0.36737670364731423
ENSG00000231767,-1.3141382003050548
ENSG00000116741,-1.2798079159004767
ENSG00000116750,-0.32166108750234457
ENSG00000116747,0.9147117219156109
ENSG00000023572,-1.0283552027178393
ENSG00000134371,-1.3983144155071345
ENSG00000232077,NaN
ENSG00000286285,NaN
ENSG00000227240,2.90236933273859
ENSG00000162687,3.68185469651005
ENSG00000000971,1.0811266323658568
ENSG00000116785,-0.26179908286661224
ENSG00000244414,-0.01773010721951974
ENSG00000143278,-1.7249766790858563
ENSG00000066279,1.4449519879928676
ENSG00000177888,1.3363332273519055
ENSG00000134376,NaN
ENSG00000213047,0.8817803062137969
ENSG00000224901,NaN
ENSG00000203724,-1.5382838653529032
ENSG00000143355,-0.22076367524819698
ENSG00000151414,3.1879563063193173
ENSG00000229989,2.2418463471823493
ENSG00000116833,2.8514443695000122
ENSG00000203721,2.400064792295976
ENSG00000230623,1.4163877647644023
ENSG00000162702,0.9112824992634571
ENSG00000282849,-0.8161306362213328
ENSG00000118193,-0.1751772594119329
ENSG00000118197,-0.8411269993907353
ENSG00000118200,-0.47284429280791085
ENSG00000163362,0.2584547274662801
ENSG00000116852,NaN
ENSG00000116857,-0.38342435062668795
ENSG00000174307,-0.5871712547380942
ENSG00000159176,-1.2030119996022517
ENSG00000224536,-1.8513292391332443
ENSG00000134369,1.1351894717330047
ENSG00000231871,3.3749225113316927
ENSG00000198700,3.101124057242311
ENSG00000198892,-1.3040814315604379
ENSG00000223774,NaN
ENSG00000134375,-1.0135459770187956
ENSG00000176393,-0.3435190674746341
ENSG00000234678,0.7593290246198724
ENSG00000163435,7.976017154148855
ENSG00000170075,NaN
ENSG00000143862,-2.0108566032853483
ENSG00000143851,NaN
ENSG00000133067,3.9491682463187714
ENSG00000077152,-1.5254324467426037
ENSG00000077157,2.352474232622245
ENSG00000143858,1.2968922091718698
ENSG00000117139,0.6330409238397708
ENSG00000228288,-0.48797020754542964
ENSG00000183155,-1.723048889662682
ENSG00000117153,-1.0787297643224119
ENSG00000159346,-0.5327256586123531
ENSG00000159348,-0.6255030404211714
ENSG00000163444,-0.2174083491426708
ENSG00000143847,NaN
ENSG00000163485,-0.4161283967203194
ENSG00000233791,NaN
ENSG00000159388,-0.7568054122079111
ENSG00000188783,NaN
ENSG00000058668,1.8417539833246177
ENSG00000058673,NaN
ENSG00000182004,-1.275725043839192
ENSG00000143842,0.2447510768888451
ENSG00000143845,-1.507655600252974
ENSG00000170498,NaN
ENSG00000174567,-1.4908738229791108
ENSG00000143850,0.6158458074888339
ENSG00000226330,0.46543443399839707
ENSG00000158615,0.36001756925017026
ENSG00000133056,1.1091955396105784
ENSG00000198625,-0.68871285128809
ENSG00000240710,NaN
ENSG00000170382,2.847879111666184
ENSG00000174529,NaN
ENSG00000117222,-1.5010767512812344
ENSG00000133059,0.8074966348061864
ENSG00000133069,0.4984529204912985
ENSG00000163545,1.6952467114599834
ENSG00000186007,NaN
ENSG00000117266,0.2093405480521131
ENSG00000174514,0.9686397274738604
ENSG00000158711,1.5007568872108825
ENSG00000158715,NaN
ENSG00000069275,-0.8851278628252153
ENSG00000117280,-1.1650864045812317
ENSG00000133065,-1.6486600813211836
ENSG00000286619,3.9208219052742614
ENSG00000174502,NaN
ENSG00000196550,-1.5233474009170955
ENSG00000266028,0.8858352980726591
ENSG00000263528,-1.3025443058723611
ENSG00000162888,NaN
ENSG00000266094,0.6951551009940333
ENSG00000143486,0.6017757379036852
ENSG00000237605,NaN
ENSG00000143479,-1.3417858964274716
ENSG00000162889,-0.09481013559600864
ENSG00000162894,NaN
ENSG00000162896,NaN
ENSG00000182795,-0.9466685847956773
ENSG00000123836,0.6044972383289213
ENSG00000180667,-1.1418532315343413
ENSG00000123843,-3.2206351858093814
ENSG00000123838,4.271945007650155
ENSG00000196352,2.786155846937172
ENSG00000117335,2.783896049600332
ENSG00000203709,-0.43477344231247306
ENSG00000076356,-0.25235679820866946
ENSG00000196878,3.1334918815912274
ENSG00000123689,-1.1391928938853189
ENSG00000009790,NaN
ENSG00000162757,-0.17813197502514994
ENSG00000117597,0.5607056297886064
ENSG00000143469,NaN
ENSG00000203706,-1.9857704286081508
ENSG00000082497,-0.9514281396372892
ENSG00000054392,1.5058587956631975
ENSG00000143473,4.558665920978379
ENSG00000284376,NaN
ENSG00000117625,-0.36547555365788603
ENSG00000082512,0.9228650396802748
ENSG00000287033,NaN
ENSG00000153363,-0.928024364473379
ENSG00000170385,-0.9235600099532075
ENSG00000227764,NaN
ENSG00000117650,-0.2890339152635582
ENSG00000231057,NaN
ENSG00000123684,1.8971607269966626
ENSG00000229258,-1.2202917860109257
ENSG00000143493,0.7702433416347931
ENSG00000143476,1.3433908224229678
ENSG00000229983,4.077975137508519
ENSG00000066027,0.20881299461292413
ENSG00000234915,4.638616505282454
ENSG00000065600,1.232555925051841
ENSG00000117691,-1.3100421786494578
ENSG00000260805,NaN
ENSG00000162772,0.7246517898949991
ENSG00000162771,3.403148630174249
ENSG00000237980,NaN
ENSG00000123685,0.2814029895183482
ENSG00000117697,-0.46620320413846134
ENSG00000203705,-0.27127154990225943
ENSG00000185523,NaN
ENSG00000198468,-1.6259761332716656
ENSG00000162769,1.4928849568704152
ENSG00000143494,-0.906306042128907
ENSG00000174606,-1.3940627514692563
ENSG00000136643,3.1676581555998213
ENSG00000117707,NaN
ENSG00000143499,0.39064768110262876
ENSG00000228470,4.185180360287814
ENSG00000152104,0.8672019598863143
ENSG00000117724,3.0882235009972994
ENSG00000136636,0
ENSG00000042781,NaN
ENSG00000196482,1.4199460008005895
ENSG00000092978,1.4161529629168392
ENSG00000162814,-1.0146543918408555
ENSG00000067533,-1.1219618274508951
ENSG00000232480,-1.0045437287303847
ENSG00000092969,3.2076909612581823
ENSG00000228208,-1.134030199726191
ENSG00000228063,0.18687390234515586
ENSG00000143353,-1.499690118677377
ENSG00000277007,2.6051848660285146
ENSG00000228536,NaN
ENSG00000215817,0.44021502925248734
ENSG00000196660,NaN
ENSG00000136628,0.5923295797617376
ENSG00000162813,1.3927058979627733
ENSG00000067704,-0.12319924008380403
ENSG00000118873,0.24289336106116943
ENSG00000116141,NaN
ENSG00000162817,-1.2111348046773454
ENSG00000117791,2.0358972423942974
ENSG00000186205,-0.43661773507325874
ENSG00000257551,-1.0163420532612049
ENSG00000136630,-0.20847338818527045
ENSG00000143507,-0.31373656852614734
ENSG00000232679,NaN
ENSG00000236230,1.5777831697734224
ENSG00000276997,NaN
ENSG00000143512,-0.9377730888520106
ENSG00000143498,0.9369577423516303
ENSG00000225265,-0.2808595958309754
ENSG00000154305,-0.5590592805782196
ENSG00000186063,-1.1085100944667674
ENSG00000162819,-1.0423825207721595
ENSG00000197520,-0.23418433560065316
ENSG00000287684,NaN
ENSG00000228106,-0.7055655339217984
ENSG00000154309,3.708790814718149
ENSG00000187554,NaN
ENSG00000143502,-1.1084322501741037
ENSG00000162909,-0.9203860979565878
ENSG00000143514,-0.9178412737991878
ENSG00000143756,0.7159956254351045
ENSG00000143753,0.1327561220131039
ENSG00000143748,0.4217651601009785
ENSG00000143771,-0.005602109919737411
ENSG00000162923,1.3497608276541933
ENSG00000143786,-0.03357039466050532
ENSG00000185842,2.3803012745940304
ENSG00000143815,0.13953218516059396
ENSG00000282418,NaN
ENSG00000154380,0.7248721429001805
ENSG00000227496,-0.07982229283166815
ENSG00000226349,NaN
ENSG00000143742,-1.076713730602962
ENSG00000143819,-0.4192730633133003
ENSG00000242861,-0.22197456447465608
ENSG00000196187,7.132632548690529
ENSG00000243709,NaN
ENSG00000143811,-1.1896013373167411
ENSG00000143751,1.7767875951187606
ENSG00000272562,-0.26203158849529123
ENSG00000163041,-1.0018289566450536
ENSG00000225518,-1.1725447748868572
ENSG00000182827,0.42781289176989445
ENSG00000183814,-0.8546105176096359
ENSG00000143799,0.3262440032214953
ENSG00000143772,2.070594087646909
ENSG00000228548,NaN
ENSG00000143801,0.7076756115623554
ENSG00000163050,-1.0321611145658431
ENSG00000143776,2.2495641496688235
ENSG00000287532,NaN
ENSG00000287525,NaN
ENSG00000181450,-0.3595444033395728
ENSG00000143740,0.42233528665662934
ENSG00000081692,-0.7136132590318547
ENSG00000143816,3.4339504467164708
ENSG00000143761,-0.6112339014921819
ENSG00000143793,-1.2745677882615056
ENSG00000162910,-1.8200028179506709
ENSG00000143774,-0.49671563794990053
ENSG00000198835,NaN
ENSG00000203684,NaN
ENSG00000181873,-0.836611600304862
ENSG00000162913,NaN
ENSG00000154358,0.9508728663566204
ENSG00000269934,-0.41743946581981367
ENSG00000270104,NaN
ENSG00000154370,0.6538966843440717
ENSG00000231563,NaN
ENSG00000181218,-0.1034199775868139
ENSG00000168159,-2.090010119000471
ENSG00000116574,4.159067907674251
ENSG00000236975,NaN
ENSG00000177788,1.5114170757420227
ENSG00000168118,-0.5121392213696875
ENSG00000154429,-0.3850029442136516
ENSG00000069248,1.9493174812943546
ENSG00000223635,NaN
ENSG00000135776,1.5503797719191177
ENSG00000135801,-1.4516805890947686
ENSG00000135763,-0.5143516282154214
ENSG00000143641,1.0148299266892074
ENSG00000135775,-0.8488796376514163
ENSG00000135744,NaN
ENSG00000119280,-0.9603345731541765
ENSG00000223393,-0.7688742827349235
ENSG00000143643,1.4172724718665428
ENSG00000173409,0.4454506149358241
ENSG00000182118,-1.2526986353676497
ENSG00000143633,-0.532254907465916
ENSG00000116906,-1.2636771046076178
ENSG00000116903,0.024999458855238313
ENSG00000010072,0.994701101123173
ENSG00000135766,0.5610629337941132
ENSG00000233461,-1.2782758972684762
ENSG00000116918,-1.0090911828698461
ENSG00000229228,NaN
ENSG00000162946,0.44551807358840645
ENSG00000286071,NaN
ENSG00000116991,1.1543947919274617
ENSG00000236497,NaN
ENSG00000212916,-0.19730075295562227
ENSG00000135778,-2.4694686185906924
ENSG00000135749,4.112546360971325
ENSG00000143674,0.769274868900241
ENSG00000135750,2.703344747150138
ENSG00000183780,6.75853840110743
ENSG00000236358,-0.07156197495584507
ENSG00000273367,NaN
ENSG00000231663,-0.4367996630853577
ENSG00000168275,-0.3022716805481614
ENSG00000059588,1.1697815832067195
ENSG00000168264,-0.9864289406493572
ENSG00000228830,NaN
ENSG00000238005,-0.2678810902940952
ENSG00000280587,NaN
ENSG00000173726,-0.7301490443077794
ENSG00000188739,0.12067889845475656
ENSG00000054267,0.2655380983858973
ENSG00000152904,-2.1260569971293335
ENSG00000285053,-0.9930103232344051
ENSG00000284770,-1.138391852279362
ENSG00000162885,0.7589699967737028
ENSG00000168243,-0.2867784384657888
ENSG00000143669,0.9881914783326495
ENSG00000116962,-0.12598619961391772
ENSG00000077585,-1.1666344723129518
ENSG00000086619,-0.01671994732785279
ENSG00000186197,5.379704836638272
ENSG00000116977,1.6647422437103996
ENSG00000223776,2.790370021002169
ENSG00000273058,1.6137377296128703
ENSG00000230325,0.1219293445124904
ENSG00000119285,1.334866431742661
ENSG00000116984,0.7760407570683147
ENSG00000198626,NaN
ENSG00000270188,NaN
ENSG00000234464,1.8188623084732591
ENSG00000231877,NaN
ENSG00000259776,NaN
ENSG00000155816,1.6840734115835516
ENSG00000180875,1.0850370065312205
ENSG00000182901,NaN
ENSG00000091483,-1.2776197792613715
ENSG00000054277,-1.6641470051061797
ENSG00000203668,-1.5404321637470415
ENSG00000162843,NaN
ENSG00000174371,5.56049578105002
ENSG00000180287,1.0757198625004183
ENSG00000272865,NaN
ENSG00000224525,NaN
ENSG00000143702,2.14940354367836
ENSG00000054282,0.6004427762323992
ENSG00000117020,1.5807384830753413
ENSG00000236031,NaN
ENSG00000179456,-1.288793975243418
ENSG00000173728,NaN
ENSG00000240963,0.12592593517171055
ENSG00000035687,-1.87033916550556
ENSG00000179397,1.3299185583064141
ENSG00000121644,-0.07953745230054554
ENSG00000203667,-1.4685312932594063
ENSG00000153187,0.5870545621257173
ENSG00000203666,-1.3292011594232205
ENSG00000162849,0.3536977595962793
ENSG00000185420,7.279536247537591
ENSG00000162851,1.5983896424131105
ENSG00000162852,3.427200859712954
ENSG00000225300,NaN
ENSG00000235021,NaN
ENSG00000143653,-0.3614594492694993
ENSG00000227953,0.753456720256978
ENSG00000153207,0.07155387568502197
ENSG00000197472,1.8655741809109352
ENSG00000277462,1.0411613958361794
ENSG00000188295,2.80306565422242
ENSG00000196418,1.4936100689016663
ENSG00000259865,0.771677571191397
ENSG00000162714,0.6823608914443229
ENSG00000286216,NaN
ENSG00000162722,NaN
ENSG00000175137,-0.9041203904436544
ENSG00000171161,-1.4355898860870675
ENSG00000171163,-0.6343276685546212
ENSG00000185220,-1.6170917846110369
ENSG00000035115,-0.9536569834021951
ENSG00000143727,-1.5870266567383775
ENSG00000151353,-0.8633501848870203
ENSG00000223751,NaN
ENSG00000228613,NaN
ENSG00000130508,1.1769977836151295
ENSG00000236760,4.072256565415796
ENSG00000032389,-0.7422913093719818
ENSG00000171853,-0.2799694788084906
ENSG00000225234,NaN
ENSG00000182551,-1.5659221635084735
ENSG00000235078,0.23786147869771201
ENSG00000242282,-1.120956428346513
ENSG00000171865,-0.4893398187140021
ENSG00000234171,0.11588677373043378
ENSG00000287126,1.529367593481583
ENSG00000171863,-1.0554077247209654
ENSG00000118004,NaN
ENSG00000214866,NaN
ENSG00000231532,NaN
ENSG00000232044,NaN
ENSG00000134326,NaN
ENSG00000151692,0.8598255238413234
ENSG00000235092,NaN
ENSG00000115738,0.1903996232918138
ENSG00000134313,0.04557004152516885
ENSG00000143797,0.37640329513128096
ENSG00000151693,2.457249552178115
ENSG00000119185,-0.7794575029783286
ENSG00000119203,-0.1059321187794278
ENSG00000134330,-1.594003638129059
ENSG00000151694,1.4812311325232068
ENSG00000239300,1.1446243862603267
ENSG00000271855,NaN
ENSG00000134308,-0.4610080262118071
ENSG00000115750,-0.9047977940255321
ENSG00000269973,-0.35905067011501984
ENSG00000134317,NaN
ENSG00000260077,1.302032958988937
ENSG00000172059,-0.4396009910728846
ENSG00000205795,NaN
ENSG00000171848,-1.0444676997638687
ENSG00000285872,NaN
ENSG00000115756,0.34190137867253945
ENSG00000115758,-1.02959798923144
ENSG00000115761,1.193912505199905
ENSG00000234818,NaN
ENSG00000243819,NaN
ENSG00000143882,NaN
ENSG00000272275,NaN
ENSG00000143870,1.3397583678455436
ENSG00000162975,-0.4797426804687186
ENSG00000150873,NaN
ENSG00000162976,-2.174599982817103
ENSG00000134318,3.9479753424915285
ENSG00000169016,1.2665569947301523
ENSG00000196208,0.43512125853506384
ENSG00000134324,0.43294649383383244
ENSG00000224184,3.455286788872401
ENSG00000071575,NaN
ENSG00000285876,NaN
ENSG00000229370,NaN
ENSG00000230448,NaN
ENSG00000151779,1.5455546488585505
ENSG00000234022,NaN
ENSG00000079785,-0.7702484387572082
ENSG00000197872,NaN
ENSG00000163029,-0.6697195032523428
ENSG00000178295,-0.030486258705359356
ENSG00000170745,-1.2222040587628364
ENSG00000260331,NaN
ENSG00000240857,0.07880191218859423
ENSG00000287284,NaN
ENSG00000236204,0.9997612856077553
ENSG00000143867,-1.0823438191919257
ENSG00000234597,NaN
ENSG00000183891,0.4474041965828226
ENSG00000271991,NaN
ENSG00000118965,1.8202394320987951
ENSG00000227210,NaN
ENSG00000132031,2.3335467308246547
ENSG00000068697,0.217294143191702
ENSG00000115884,-0.0013038189473251508
ENSG00000055917,1.7166802339965255
ENSG00000143878,-1.4577826127805837
ENSG00000118960,-0.24314394309863024
ENSG00000118961,2.0767979303831083
ENSG00000119771,-1.0144617787648238
ENSG00000283031,NaN
ENSG00000119778,1.3311836110590185
ENSG00000173960,-0.3009889098279188
ENSG00000205639,-1.0953674902110802
ENSG00000163026,1.033042258252453
ENSG00000119782,-1.2530942775277985
ENSG00000115128,-1.6867558251501726
ENSG00000219626,-0.7398766202668916
ENSG00000115129,-0.603796282798288
ENSG00000176732,0.9070167403143936
ENSG00000198399,1.767812439336479
ENSG00000242628,NaN
ENSG00000084676,2.06957570520182
ENSG00000184924,-0.6626777240736667
ENSG00000138092,-1.6133775642373478
ENSG00000138031,0.5009531987470872
ENSG00000271936,1.5756811685099872
ENSG00000115137,0.7279430160922317
ENSG00000224165,1.3733631513854434
ENSG00000084710,0.15983668433632175
ENSG00000119772,0.19380201331945718
ENSG00000235072,NaN
ENSG00000138101,1.4161197698763452
ENSG00000224220,NaN
ENSG00000143970,1.679420891430296
ENSG00000084731,1.792671114733195
ENSG00000084733,1.557893911137718
ENSG00000157833,-0.4298436188319753
ENSG00000084754,-0.5006847747039378
ENSG00000138029,-1.1414913625055108
ENSG00000173567,NaN
ENSG00000138018,1.865340086340868
ENSG00000157856,3.1676473856424447
ENSG00000115155,NaN
ENSG00000173557,1.1937095072346877
ENSG00000157884,-0.5856639387309183
ENSG00000171303,-1.0952593743603591
ENSG00000213699,-0.18646005183032618
ENSG00000115163,0.040662340031918764
ENSG00000157851,-0.5128631323961108
ENSG00000084764,0.4366312455818548
ENSG00000119777,-1.876517617394007
ENSG00000084693,-1.7382710195449087
ENSG00000231636,NaN
ENSG00000228474,-0.5584659748737528
ENSG00000138080,NaN
ENSG00000138030,-2.0719839325083624
ENSG00000138028,2.1607193462533427
ENSG00000143994,-1.1740525543092164
ENSG00000138073,-2.7546657700529282
ENSG00000138074,0.04051989402784659
ENSG00000138085,-0.7145753598809095
ENSG00000084774,-2.9025392025999115
ENSG00000115194,NaN
ENSG00000163794,-1.0910686335164075
ENSG00000115204,-1.2457308404354317
ENSG00000115207,0.9680975313888783
ENSG00000234072,-0.054793966814704685
ENSG00000115211,-1.7534690695555823
ENSG00000115234,-1.7681783476426056
ENSG00000163795,-1.6910752754333462
ENSG00000115241,-0.036472616762571776
ENSG00000115216,-1.1033999125708105
ENSG00000157992,NaN
ENSG00000138002,-0.25130688470949536
ENSG00000115226,0.7200439034302476
ENSG00000243943,1.5034757949634274
ENSG00000176714,-1.2711929095862518
ENSG00000198522,-1.1381290316865955
ENSG00000119760,-1.9765753180000525
ENSG00000163798,-1.3181048099903812
ENSG00000205334,NaN
ENSG00000243147,-0.39156656490436015
ENSG00000171174,-2.075057319972492
ENSG00000158019,1.1107047520249598
ENSG00000223522,NaN
ENSG00000229951,1.1312613774827296
ENSG00000075426,0.05528817373617512
ENSG00000270640,NaN
ENSG00000270210,0.06259431145726858
ENSG00000163803,1.9641917947629857
ENSG00000226833,1.242635552846685
ENSG00000213639,-0.6477783122386187
ENSG00000163806,0.3356126706935308
ENSG00000171103,0.5313611802797782
ENSG00000163811,1.0697603273831426
ENSG00000189350,0.6323834650932233
ENSG00000115295,2.120488777506491
ENSG00000171094,-3.670349448532759
ENSG00000119801,0.3930936331234736
ENSG00000213626,-0.16910803654936693
ENSG00000172954,0.5437867362490829
ENSG00000285984,NaN
ENSG00000158089,2.7174074324895026
ENSG00000013016,-0.9831150816595581
ENSG00000158125,-0.06169037785011974
ENSG00000162959,-1.485547703541554
ENSG00000162961,-1.0428356613449514
ENSG00000271228,NaN
ENSG00000021574,-1.3060413599299983
ENSG00000272716,NaN
ENSG00000152683,4.010331565103895
ENSG00000091106,-0.03262032085448216
ENSG00000119820,0.07313073773421375
ENSG00000272754,1.1293146184699216
ENSG00000115760,7.732548227166735
ENSG00000276334,NaN
ENSG00000276517,5.969154542880084
ENSG00000018699,1.063731706710197
ENSG00000230876,0.729904247426312
ENSG00000236854,NaN
ENSG00000049323,1.846067553772662
ENSG00000285577,NaN
ENSG00000152689,0.7412876726596321
ENSG00000237133,NaN
ENSG00000119812,-1.6961344472788058
ENSG00000286415,-0.721479809587432
ENSG00000228262,NaN
ENSG00000260025,-1.611358439419372
ENSG00000150938,5.1429556355163815
ENSG00000171055,0.3016321180383487
ENSG00000115808,2.145849224583197
ENSG00000008869,2.815205870737458
ENSG00000152133,-1.6731643028100227
ENSG00000055332,-0.6233494966468134
ENSG00000138068,NaN
ENSG00000218739,-1.2242972664409129
ENSG00000115816,-1.9392863288668152
ENSG00000272054,2.858648191146969
ENSG00000003509,0.6570902759422221
ENSG00000115825,1.5184294154318894
ENSG00000285925,NaN
ENSG00000115828,-0.7859339924049972
ENSG00000236213,-0.646045029483756
ENSG00000163171,0.36542484841713546
ENSG00000115841,1.7028998602196606
ENSG00000235848,0.07874070003034013
ENSG00000138061,1.9770403185529357
ENSG00000232973,0.43308408062623027
ENSG00000119787,0.9344894466010336
ENSG00000231367,NaN
ENSG00000143889,0.5211850504146451
ENSG00000143891,1.636519896624279
ENSG00000115875,2.140503363027422
ENSG00000152147,-1.7151008270422932
ENSG00000163214,1.7185940749070372
ENSG00000188010,-1.7284344358226162
ENSG00000115904,1.8946935236637654
ENSG00000205111,NaN
ENSG00000011566,2.229516440595072
ENSG00000231312,0.2420067655598622
ENSG00000152154,NaN
ENSG00000138050,-1.3689222424100411
ENSG00000227028,NaN
ENSG00000183023,-0.5861474313044462
ENSG00000234362,NaN
ENSG00000162878,2.116467017806814
ENSG00000143924,3.4129810916616377
ENSG00000115944,-0.7566386433276165
ENSG00000171126,1.7862021333893063
ENSG00000057935,0.9978693500389387
ENSG00000162882,NaN
ENSG00000152518,-0.886927562384383
ENSG00000279873,NaN
ENSG00000234936,NaN
ENSG00000115970,3.153075131917416
ENSG00000152527,1.8347323201372983
ENSG00000223658,NaN
ENSG00000138036,-0.7278645355807731
ENSG00000143921,NaN
ENSG00000138095,0.6527202387086845
ENSG00000273106,NaN
ENSG00000138032,0.3262806906647041
ENSG00000138079,-0.6436540250244024
ENSG00000138078,1.5899968659885513
ENSG00000143919,0.629186736519504
ENSG00000259439,-0.9943963168449214
ENSG00000138083,NaN
ENSG00000231156,-0.5738291401248049
ENSG00000286728,NaN
ENSG00000286519,NaN
ENSG00000068784,2.6091092989092606
ENSG00000171132,1.7219490937673827
ENSG00000116016,0.7268364612967977
ENSG00000250565,-1.286233066881787
ENSG00000119729,-0.5330822926107397
ENSG00000250116,-0.22034700746937974
ENSG00000151665,-0.027740233009176846
ENSG00000119878,-1.125663362511633
ENSG00000222005,-1.300636958356525
ENSG00000171150,-1.785190852583253
ENSG00000239332,NaN
ENSG00000228925,NaN
ENSG00000180398,1.1274684598514002
ENSG00000068724,2.5091822083118758
ENSG00000239605,0.3624712177937283
ENSG00000143933,-0.8285992618025063
ENSG00000234690,1.154612506506437
ENSG00000119888,-0.9567323923497641
ENSG00000095002,0.8024793669835384
ENSG00000184261,NaN
ENSG00000116062,-0.9423384679593138
ENSG00000138081,2.4614449322226664
ENSG00000233230,2.0202293046121884
ENSG00000230773,-0.9736193888344107
ENSG00000170802,1.3326759602372242
ENSG00000272663,NaN
ENSG00000162869,0.47902913004356124
ENSG00000243244,NaN
ENSG00000068781,NaN
ENSG00000138039,NaN
ENSG00000282998,NaN
ENSG00000179915,NaN
ENSG00000228033,0.3840264839933439
ENSG00000115239,3.4959189771571735
ENSG00000143942,-1.2848938405906627
ENSG00000068912,0.12199942217469119
ENSG00000068878,-0.646534997301996
ENSG00000170634,-0.9215251924815123
ENSG00000272156,NaN
ENSG00000115306,2.736810117791047
ENSG00000228108,-0.9246872018493554
ENSG00000238018,NaN
ENSG00000214595,3.778048709296616
ENSG00000115310,0.6346815609464675
ENSG00000162994,0.5812082182982731
ENSG00000143947,-1.0374736758708922
ENSG00000085760,-0.9493501299634
ENSG00000240401,1.5566356602988074
ENSG00000115355,0.45662382438904464
ENSG00000163001,-1.0765051016759617
ENSG00000275052,1.4561885604487401
ENSG00000272606,2.8931618311601484
ENSG00000138035,1.0889216751536503
ENSG00000115380,0.9164871757656791
ENSG00000272180,NaN
ENSG00000226702,NaN
ENSG00000233251,2.2739270174441426
ENSG00000055813,0.29482081204179106
ENSG00000285755,-0.7006943140450169
ENSG00000028116,0.5309067284601526
ENSG00000287875,0.3087091354491129
ENSG00000115392,-0.3236638854889705
ENSG00000233723,-0.41853614468125583
ENSG00000119866,NaN
ENSG00000115421,-0.3133657494325273
ENSG00000228414,NaN
ENSG00000162924,2.5437633117860776
ENSG00000162927,3.5299948728680266
ENSG00000162928,0.1912296316839504
ENSG00000162929,2.035660795824081
ENSG00000212978,-2.6041876079473973
ENSG00000237651,-1.688330199546289
ENSG00000271889,NaN
ENSG00000115464,0.9128281711783601
ENSG00000270820,-0.6520492817855216
ENSG00000082898,-0.023431900593985856
ENSG00000170264,-1.3539909678919515
ENSG00000115484,1.1226036508090567
ENSG00000236498,NaN
ENSG00000173163,1.21878039977233
ENSG00000229839,NaN
ENSG00000170340,-1.5436541644075517
ENSG00000228541,NaN
ENSG00000186889,2.899863950787464
ENSG00000226622,NaN
ENSG00000115504,4.298885597195274
ENSG00000286524,NaN
ENSG00000226605,3.4022043841241896
ENSG00000231609,3.4142956942527207
ENSG00000115507,-1.028069521758793
ENSG00000286480,0.6770711736823343
ENSG00000143951,0.7876043055456771
ENSG00000014641,-0.39333327886267827
ENSG00000169764,-1.1634671433862727
ENSG00000143952,4.0226875377290705
ENSG00000197329,0.8617431074092667
ENSG00000223935,-0.7805977125766219
ENSG00000119862,0.609902327102343
ENSG00000119844,2.037393954706852
ENSG00000179833,-0.5547522954109121
ENSG00000237638,2.3531661064490934
ENSG00000115902,1.491746090419738
ENSG00000232613,NaN
ENSG00000011523,-0.4786753462887898
ENSG00000138069,0.09923499968557543
ENSG00000138071,-0.6205445789904732
ENSG00000198369,0.29513631020330994
ENSG00000204929,-0.6990002156041827
ENSG00000235725,NaN
ENSG00000226819,NaN
ENSG00000143995,0.24790390904313991
ENSG00000232046,NaN
ENSG00000235885,-0.9451781741051424
ENSG00000236780,-0.6886496776514907
ENSG00000143971,0.7854490121056639
ENSG00000235495,NaN
ENSG00000197223,-1.2796692196454247
ENSG00000243667,-1.5450901625608644
ENSG00000115946,-2.3565400442398987
ENSG00000221823,0.08130185637622594
ENSG00000273064,NaN
ENSG00000204923,-1.3918896590823082
ENSG00000169621,0.38650958614591335
ENSG00000163219,0.026794963837774372
ENSG00000183607,NaN
ENSG00000169604,1.8653347222131904
ENSG00000286347,NaN
ENSG00000198380,-0.013038669291278544
ENSG00000169599,-2.073034240255704
ENSG00000115977,0.9582407683511363
ENSG00000196975,1.86684743583063
ENSG00000087338,-0.5128278169260758
ENSG00000124380,-2.0216693767438465
ENSG00000059728,-0.7718485190813739
ENSG00000179818,1.6641768309789868
ENSG00000169564,-0.7647884158133358
ENSG00000233060,NaN
ENSG00000231327,0.3853549215986824
ENSG00000115998,0.5963231864314933
ENSG00000116001,2.7741384682681214
ENSG00000116005,0.7859403273587767
ENSG00000143977,-0.680684579509436
ENSG00000035141,-0.9549627605028581
ENSG00000163235,-0.12865994016852333
ENSG00000075340,0.10258934972841391
ENSG00000237751,NaN
ENSG00000116035,1.2241784703957141
ENSG00000144031,NaN
ENSG00000144043,-1.1388796504254681
ENSG00000236469,NaN
ENSG00000124357,-1.4071670370818472
ENSG00000124370,0.0044631983427890235
ENSG00000124383,-1.3164715413933281
ENSG00000124374,-2.718455421054735
ENSG00000075292,1.364128532415731
ENSG00000281195,NaN
ENSG00000135636,NaN
ENSG00000003137,-0.5402308160952752
ENSG00000144036,0.8448984594490354
ENSG00000116096,-1.5001338249511256
ENSG00000144040,2.5886004757734673
ENSG00000135631,3.0465492719432015
ENSG00000272702,-1.8823603203921317
ENSG00000135632,-1.4185878917593113
ENSG00000135617,-2.5681848662173596
ENSG00000135624,0.776250161385778
ENSG00000163013,-1.5195351824156493
ENSG00000116127,0.2813788671548439
ENSG00000230002,NaN
ENSG00000144034,-1.0479436752007762
ENSG00000144048,-0.6916567927312985
ENSG00000124356,-1.4197404269482672
ENSG00000286244,NaN
ENSG00000163017,NaN
ENSG00000114956,-0.8345847196460009
ENSG00000237883,-0.6265756143161058
ENSG00000187605,1.5106766897367416
ENSG00000163170,-1.9802845640338604
ENSG00000225439,-0.559678718089867
ENSG00000114978,-1.6010536909890387
ENSG00000065911,-0.2680558156065344
ENSG00000188687,4.19737986870019
ENSG00000204843,-1.8621251560276977
ENSG00000284308,-1.3111791354485982
ENSG00000005448,-0.7646853507371405
ENSG00000114993,-0.8056065538103503
ENSG00000115274,-0.6340272152563263
ENSG00000239779,-1.7981417938896522
ENSG00000115275,1.0916570874598133
ENSG00000286883,0.025986357818329798
ENSG00000204822,-1.1207827970751203
ENSG00000135637,-1.260879573106709
ENSG00000115282,1.8629584632375178
ENSG00000179528,-1.3933246090016536
ENSG00000115289,-0.38010110804792263
ENSG00000115297,NaN
ENSG00000115307,-1.0866533989688054
ENSG00000115317,0.18908466183580794
ENSG00000115318,NaN
ENSG00000115325,-0.6230775755914303
ENSG00000135622,-1.4882539929349823
ENSG00000287687,NaN
ENSG00000159399,NaN
ENSG00000115350,-0.759177892880498
ENSG00000115353,2.398214597571957
ENSG00000270571,-1.7772693563251143
ENSG00000115363,-1.3931809885847155
ENSG00000231172,2.1501858026670817
ENSG00000115364,-1.2544786048851035
ENSG00000005436,1.157600643865853
ENSG00000271452,NaN
ENSG00000286045,NaN
ENSG00000176204,NaN
ENSG00000066032,-0.6848640768804027
ENSG00000237498,NaN
ENSG00000163541,-1.8172088368620694
ENSG00000115423,-0.5435597957935863
ENSG00000186854,2.277139600978187
ENSG00000034510,-1.0619040565783444
ENSG00000287625,1.0767290894698855
ENSG00000176407,0.9208212435835185
ENSG00000152284,0.8350296574707636
ENSG00000152291,0.2102103904925395
ENSG00000042445,0.17205686701923786
ENSG00000115459,-0.6764812874307591
ENSG00000042493,-2.297577986575475
ENSG00000286011,0.4086280028617171
ENSG00000152292,NaN
ENSG00000286532,-0.37345926310872957
ENSG00000168906,0.008198087007595282
ENSG00000115486,-1.2713931854596603
ENSG00000118640,-0.9612503132748027
ENSG00000168899,NaN
ENSG00000168894,-1.1418911345140106
ENSG00000168890,0.7579740688722363
ENSG00000168883,-0.006505848933915489
ENSG00000168887,-1.1239605598172988
ENSG00000168874,0.45613293635979413
ENSG00000115525,0.9394752592593982
ENSG00000287628,NaN
ENSG00000068654,-1.66898956727827
ENSG00000132300,1.4332090599177656
ENSG00000132305,-0.8883571597442645
ENSG00000273080,-0.38206787887903454
ENSG00000132313,-1.3895888789531945
ENSG00000068615,NaN
ENSG00000115548,0.4078482545938387
ENSG00000115561,-0.8198051455696858
ENSG00000228363,0.02488388374349052
ENSG00000239305,0.31476553931665213
ENSG00000153561,-0.9508543670537193
ENSG00000187627,NaN
ENSG00000287931,NaN
ENSG00000280721,-0.9244576383213353
ENSG00000222041,0.12191741714698483
ENSG00000125551,NaN
ENSG00000287670,NaN
ENSG00000172086,-0.9419225626712048
ENSG00000172071,2.826573157235875
ENSG00000234028,NaN
ENSG00000287686,NaN
ENSG00000153574,0.18286002145419505
ENSG00000286698,NaN
ENSG00000259916,NaN
ENSG00000144029,-1.2171261703196081
ENSG00000144026,-0.7086237249265691
ENSG00000275111,-1.4183598337743966
ENSG00000233757,-0.6848404306350545
ENSG00000115041,NaN
ENSG00000115042,-0.5467546342223351
ENSG00000272913,NaN
ENSG00000232931,1.7913649544480963
ENSG00000174501,-0.0019721660821275066
ENSG00000188886,NaN
ENSG00000158050,NaN
ENSG00000084090,-0.1476280538482634
ENSG00000204685,0.004337598826456971
ENSG00000135956,1.5768423159119713
ENSG00000144021,-1.3832370637696823
ENSG00000144028,-0.6682574494219
ENSG00000121152,-0.8235159748128454
ENSG00000196843,-0.33688878020921315
ENSG00000114982,-0.15605134824125683
ENSG00000114988,0.5012464283889391
ENSG00000158158,2.452213092852509
ENSG00000168763,0.9120143810753666
ENSG00000163126,1.995850217927192
ENSG00000213337,-0.3452167375161283
ENSG00000168758,0.5334266081667292
ENSG00000144199,-0.32249899917037944
ENSG00000135976,2.5253333129017963
ENSG00000277701,NaN
ENSG00000230606,1.2559573767006538
ENSG00000196912,-1.621079028186019
ENSG00000135940,0.17725599681668017
ENSG00000115073,-0.2516620453496726
ENSG00000228486,-0.5037739970858687
ENSG00000075568,2.1371684188648534
ENSG00000168658,NaN
ENSG00000040933,6.463699954520603
ENSG00000183513,-1.34751180522851
ENSG00000115446,-1.1796942208587529
ENSG00000071073,0.025894476980816906
ENSG00000196872,NaN
ENSG00000135951,0.016295401441175514
ENSG00000273045,NaN
ENSG00000241962,-0.8246970414975765
ENSG00000144182,-0.8520306784606987
ENSG00000158411,-1.5675377225675289
ENSG00000185414,-0.14377653859357317
ENSG00000185674,NaN
ENSG00000144214,0.6569538200949482
ENSG00000115514,-2.5003989421035575
ENSG00000158417,0.09081899992922482
ENSG00000135945,-0.11105787845342587
ENSG00000144218,NaN
ENSG00000170500,0.7337879929489117
ENSG00000115526,-0.24820553248216629
ENSG00000115539,-1.9435772839779524
ENSG00000170485,1.0882128784593619
ENSG00000232034,NaN
ENSG00000223947,NaN
ENSG00000071082,0.17247815821282175
ENSG00000204634,1.0902663634611975
ENSG00000272902,NaN
ENSG00000158435,0.7607441094422497
ENSG00000163162,-0.11980912462672627
ENSG00000175874,-2.220732137302164
ENSG00000071054,0.3400224767206466
ENSG00000115590,1.6301816086486705
ENSG00000287771,NaN
ENSG00000115594,-0.4495337307790152
ENSG00000115604,0.23248732807945424
ENSG00000115607,NaN
ENSG00000115616,-0.32466274504432285
ENSG00000135953,-0.2350226574873736
ENSG00000170417,0.7534795183450838
ENSG00000229743,NaN
ENSG00000224509,NaN
ENSG00000135972,-0.9365695526887836
ENSG00000231851,NaN
ENSG00000272861,3.293647151215901
ENSG00000135966,1.4887856754339786
ENSG00000272994,-0.36041912682497856
ENSG00000135974,1.9929168494762968
ENSG00000115641,0.8904434753824868
ENSG00000238273,NaN
ENSG00000071051,-1.1913044235962469
ENSG00000234162,NaN
ENSG00000115652,2.2055668820767753
ENSG00000144057,2.7062652333202735
ENSG00000227294,NaN
ENSG00000225328,NaN
ENSG00000135968,1.2346986324658684
ENSG00000214184,0.14772395536811034
ENSG00000169756,0.05004992608666749
ENSG00000153201,0.020737740835799337
ENSG00000163006,-0.9153596378900954
ENSG00000135960,NaN
ENSG00000172985,2.6511239911356013
ENSG00000186522,-0.3205691376505695
ENSG00000230696,NaN
ENSG00000198142,1.3204659789287725
ENSG00000015568,1.0611952594777518
ENSG00000256977,NaN
ENSG00000144063,-1.6889344223494653
ENSG00000144061,-1.1713871545902412
ENSG00000175701,-1.3301602088568885
ENSG00000175772,0.8940643811766104
ENSG00000169679,1.2768461348886992
ENSG00000172965,1.043786044163424
ENSG00000153094,3.3614126350132723
ENSG00000271590,-0.7702967042091029
ENSG00000270190,0.408649599663428
ENSG00000285016,NaN
ENSG00000280878,-0.34652689104300416
ENSG00000153107,1.2969069846978676
ENSG00000153208,-1.1414337745197625
ENSG00000286904,NaN
ENSG00000153214,0.1484611102417735
ENSG00000144152,-1.022932408399466
ENSG00000144161,-0.7692455584036829
ENSG00000188177,-1.278770767345193
ENSG00000169629,-0.17586564593058113
ENSG00000114999,1.5843780251334139
ENSG00000125630,-0.8461060433745615
ENSG00000125611,-1.3373411649552875
ENSG00000243389,-0.49076663777665647
ENSG00000237753,-1.6233808834899404
ENSG00000144136,0.05144060639105946
ENSG00000169607,-2.6095371616919008
ENSG00000287937,NaN
ENSG00000125637,-1.2494817239325002
ENSG00000189223,-1.0484263565706804
ENSG00000125618,-0.6107605422410177
ENSG00000234997,0.723575036317392
ENSG00000272563,0.18553883419814882
ENSG00000136682,0.7864565120588108
ENSG00000144134,-0.5964247730994208
ENSG00000227359,NaN
ENSG00000115084,0.6500970536490422
ENSG00000270019,6.178380822624238
ENSG00000115091,1.460487564513308
ENSG00000234199,-1.4404537032745852
ENSG00000175497,NaN
ENSG00000235026,NaN
ENSG00000088205,-0.6807136743504687
ENSG00000236255,2.52604064845296
ENSG00000125633,-0.42540097844777247
ENSG00000235066,NaN
ENSG00000125629,0.0704514171085911
ENSG00000226856,0.9579607294369065
ENSG00000163064,NaN
ENSG00000115107,-0.038107486924252136
ENSG00000229867,NaN
ENSG00000186132,-1.1939561612822684
ENSG00000155368,-0.38161690635566836
ENSG00000171227,-0.5377798971797811
ENSG00000144120,-0.9988698977571705
ENSG00000088179,1.5359301521396018
ENSG00000115109,0.36696128303114306
ENSG00000224789,NaN
ENSG00000226479,-0.24734409458035078
ENSG00000144118,-0.6698389668525976
ENSG00000163083,0.09934055703672033
ENSG00000074047,0.39984965437407216
ENSG00000271709,NaN
ENSG00000115112,-0.8952380032692893
ENSG00000074054,1.3943168295618336
ENSG00000265451,-0.27378329511464883
ENSG00000236859,-1.5592975846090735
ENSG00000155438,-1.2181795722598563
ENSG00000211460,-1.2583713557032752
ENSG00000155052,NaN
ENSG00000136717,-1.4385934896469184
ENSG00000186684,2.9691354545022435
ENSG00000163161,-0.9637798557791195
ENSG00000286145,-0.37469040288683025
ENSG00000169967,0.4387676133368598
ENSG00000236682,-1.2758885349094775
ENSG00000287742,NaN
ENSG00000115718,-1.608781093390362
ENSG00000163166,0.38268652950819637
ENSG00000231731,0.39589751839815357
ENSG00000169994,NaN
ENSG00000072163,-1.0880171054480943
ENSG00000136709,0.8356482686292525
ENSG00000173349,-0.17900077162263694
ENSG00000144231,-1.7111288377238627
ENSG00000144233,0.1019178685492388
ENSG00000272667,NaN
ENSG00000286873,NaN
ENSG00000136715,-0.5535764593805073
ENSG00000136731,1.2101783136579718
ENSG00000136720,2.872132677237805
ENSG00000204460,NaN
ENSG00000229536,NaN
ENSG00000152076,-0.8112356847664269
ENSG00000136699,0.10339223228900803
ENSG00000152082,-0.7709229349765919
ENSG00000136710,-1.7480920579126815
ENSG00000136718,-1.3628594937427516
ENSG00000072135,-1.809406995122902
ENSG00000136002,3.2064223531726874
ENSG00000152102,0.22491699793418266
ENSG00000115762,-1.9834061073022053
ENSG00000173272,0.21095621640694906
ENSG00000163040,-1.5086777656831323
ENSG00000287151,-1.4961732609491152
ENSG00000163046,NaN
ENSG00000272769,NaN
ENSG00000286833,NaN
ENSG00000183840,2.5095740976707717
ENSG00000150551,-1.5555200006184993
ENSG00000230065,NaN
ENSG00000176771,8.05881547155392
ENSG00000286068,5.170291573880398
ENSG00000233729,2.5135407571454773
ENSG00000226953,2.5650200578572
ENSG00000152127,0.2670621210936956
ENSG00000152128,0.7808303759140268
ENSG00000224043,-0.45184742584263826
ENSG00000153086,NaN
ENSG00000082258,1.7430262094849773
ENSG00000176601,NaN
ENSG00000115839,2.3488310794157354
ENSG00000121988,0.3144158538172328
ENSG00000048991,2.5495049380080452
ENSG00000144224,-0.37417824168283365
ENSG00000115850,NaN
ENSG00000076003,-1.588033491760935
ENSG00000115866,-0.7089324786913717
ENSG00000231890,NaN
ENSG00000150540,0.6514328450930769
ENSG00000224231,NaN
ENSG00000228043,1.4484030196726632
ENSG00000144228,-0.4579192732430159
ENSG00000241772,NaN
ENSG00000237772,-0.4107421217812835
ENSG00000144227,4.899400428011075
ENSG00000168702,3.09041146578597
ENSG00000115919,3.4551667283072742
ENSG00000075884,-1.3084003377844264
ENSG00000121964,4.5721090115299425
ENSG00000169554,-1.2357653862409672
ENSG00000226674,4.308286967222775
ENSG00000121989,-1.327048477460143
ENSG00000115947,1.2683641327056896
ENSG00000204406,3.873429317579509
ENSG00000135999,0.9743629658270483
ENSG00000231079,NaN
ENSG00000150556,NaN
ENSG00000168288,-1.3453380456970951
ENSG00000231969,1.709613901495295
ENSG00000115963,-0.49298597936976574
ENSG00000222031,0.7784207873237412
ENSG00000184898,0.1636997262725119
ENSG00000123609,0.30069739248927024
ENSG00000123610,-0.5954054643486762
ENSG00000080345,1.4111927563508249
ENSG00000183091,1.3230039921549752
ENSG00000162980,0.3060408151773803
ENSG00000288066,0.028783175100181968
ENSG00000182389,-0.7661571171749204
ENSG00000225214,NaN
ENSG00000115145,0.06329729766659606
ENSG00000286234,NaN
ENSG00000157827,1.7915361410510666
ENSG00000196504,-0.936395664432188
ENSG00000177917,-1.0157421534085032
ENSG00000144278,5.357198070761894
ENSG00000162989,NaN
ENSG00000226383,0.33777854565822596
ENSG00000282440,-0.5983004933533622
ENSG00000153234,0.1219371164263049
ENSG00000115159,0.3647827184268688
ENSG00000136542,0.8599269833692138
ENSG00000234584,NaN
ENSG00000115170,0.546220412765508
ENSG00000007001,1.4526418346051733
ENSG00000153237,-0.6043244317273611
ENSG00000144283,1.706372766090405
ENSG00000204380,NaN
ENSG00000228586,NaN
ENSG00000163331,-1.2379556431746783
ENSG00000115183,1.0082973118134737
ENSG00000196151,0.41450812592405883
ENSG00000123636,3.351910143376898
ENSG00000224152,NaN
ENSG00000226266,-0.36119431657554474
ENSG00000136536,0.7269646845329714
ENSG00000241399,2.246291402900752
ENSG00000054219,NaN
ENSG00000153246,-1.3831642197989524
ENSG00000115221,1.0822553998279594
ENSG00000285155,2.0663956592259534
ENSG00000285373,-1.7113970994389054
ENSG00000153250,0.8418742782706252
ENSG00000224467,NaN
ENSG00000136560,0.04194421897085951
ENSG00000235724,-0.4856529220981923
ENSG00000227403,-0.46074779160749596
ENSG00000115233,-0.9075117180995438
ENSG00000136535,NaN
ENSG00000115267,NaN
ENSG00000115271,1.4629021003604656
ENSG00000182263,-0.3727759574615594
ENSG00000115290,0.23334588749102195
ENSG00000082438,-0.6038712524543873
ENSG00000169507,NaN
ENSG00000153253,-0.4042189530583515
ENSG00000178662,NaN
ENSG00000229195,NaN
ENSG00000123607,1.5304199386432673
ENSG00000224490,NaN
ENSG00000236107,0.6060015815812241
ENSG00000169432,-0.1734027078780009
ENSG00000228222,NaN
ENSG00000198648,2.1768902833379467
ENSG00000172292,1.3495505583444798
ENSG00000163072,0.2517962558649238
ENSG00000152253,-0.06910304088069669
ENSG00000073737,NaN
ENSG00000081479,NaN
ENSG00000163093,0.3690272686288733
ENSG00000239474,NaN
ENSG00000138399,1.4699693751468454
ENSG00000138398,-0.2353547053137108
ENSG00000154479,-0.50034004907649
ENSG00000144362,-0.06078020359565554
ENSG00000213160,2.2735920326390584
ENSG00000138385,0.4936785034034107
ENSG00000138382,-1.6245724444050038
ENSG00000144357,0.09743821067243039
ENSG00000071909,NaN
ENSG00000128683,NaN
ENSG00000115806,1.703028684261213
ENSG00000198586,1.248241787624588
ENSG00000123600,0.6589537691209985
ENSG00000115827,-1.4259059906526992
ENSG00000071967,-0.38003207699042607
ENSG00000077380,0.15321238299320186
ENSG00000115840,-0.26715426337826126
ENSG00000128708,-0.3542192563391666
ENSG00000172878,1.255367385403277
ENSG00000144355,NaN
ENSG00000115844,-1.9660224689045305
ENSG00000236651,NaN
ENSG00000232555,NaN
ENSG00000091409,1.5654670249562195
ENSG00000232788,NaN
ENSG00000225205,3.059285974018053
ENSG00000152256,-1.5786256141202735
ENSG00000091428,-1.4132551838461649
ENSG00000091436,-0.2654236147322844
ENSG00000238133,5.683522159988992
ENSG00000144354,-0.9758612323953585
ENSG00000270460,NaN
ENSG00000172845,2.0492830443229417
ENSG00000271151,NaN
ENSG00000138430,0.8794026512012821
ENSG00000231453,-2.929575048596203
ENSG00000217236,1.933624188006279
ENSG00000138433,1.3128296959912535
ENSG00000144306,-0.3755101566639008
ENSG00000226853,-1.2744494209234687
ENSG00000236449,0.17850888052506036
ENSG00000115935,1.9690025046294346
ENSG00000128656,-0.36801021380539906
ENSG00000115966,0.7006233647864775
ENSG00000154518,-0.3734336369785823
ENSG00000144320,-0.7484114477824767
ENSG00000128713,-1.4002997641932036
ENSG00000128710,-0.6771224737347808
ENSG00000237380,-1.5004319547584626
ENSG00000128709,NaN
ENSG00000175879,-0.21383853912320644
ENSG00000128652,NaN
ENSG00000128654,-0.6812881964611384
ENSG00000224577,1.3610966878205932
ENSG00000163364,-0.5218824783324932
ENSG00000229337,-0.3597063486783643
ENSG00000170144,1.3456393069001717
ENSG00000116044,0.0691611078687824
ENSG00000213963,3.5703838505413477
ENSG00000280374,NaN
ENSG00000018510,0.1517246850287023
ENSG00000196659,-0.08107597058926938
ENSG00000197557,1.6605351525670298
ENSG00000128655,-1.1789017458534992
ENSG00000229941,NaN
ENSG00000155636,-0.49357848135198074
ENSG00000079156,0.24452190830923523
ENSG00000223960,-0.8435201420794329
ENSG00000180228,-1.7374386146080922
ENSG00000204311,-0.5629326421664385
ENSG00000079150,-0.2655063145464278
ENSG00000116095,-1.421080896143587
ENSG00000237298,1.1027788179327764
ENSG00000155657,NaN
ENSG00000270956,NaN
ENSG00000271011,NaN
ENSG00000287149,NaN
ENSG00000187231,0.9825491404512231
ENSG00000144331,NaN
ENSG00000163510,-0.12033637683668116
ENSG00000170035,-1.1314897455516582
ENSG00000234663,4.0411694567628045
ENSG00000115232,NaN
ENSG00000188452,NaN
ENSG00000138434,1.9700315005637519
ENSG00000150722,0.3534892951653412
ENSG00000115252,0.18892939567844344
ENSG00000077232,-0.16869013517596476
ENSG00000061676,0.6945585910112789
ENSG00000162999,-0.4116218258358159
ENSG00000163002,0.8043696464855083
ENSG00000272800,0.39438703385664176
ENSG00000287621,1.0719355795646064
ENSG00000170396,NaN
ENSG00000237877,3.580655819235551
ENSG00000065548,-1.088329620081254
ENSG00000138448,2.9156844290547803
ENSG00000227227,-0.2222445191956309
ENSG00000144369,1.4362375286352822
ENSG00000224063,3.7301186842287932
ENSG00000003436,2.865382006982563
ENSG00000231689,4.956855753303979
ENSG00000144366,0.7430138936886433
ENSG00000223523,NaN
ENSG00000204262,6.08764261151747
ENSG00000228073,NaN
ENSG00000115368,-0.5973928678188662
ENSG00000138449,-1.291630903666905
ENSG00000138381,-0.8930521688922238
ENSG00000151687,2.0727044813477846
ENSG00000128694,-0.9346698177302476
ENSG00000253559,-0.7879394307260618
ENSG00000128699,-0.3087042872874826
ENSG00000064933,0.1010124449478738
ENSG00000187699,0.011451714796118775
ENSG00000198130,-0.020279769347333984
ENSG00000151689,-1.6516569832792154
ENSG00000151690,4.196845636509685
ENSG00000189362,-0.7109622276659853
ENSG00000233654,0.1836669425911348
ENSG00000284052,-0.08625102323400606
ENSG00000138386,0.9525590241140731
ENSG00000228509,2.79500535580206
ENSG00000235852,NaN
ENSG00000115419,11.582033505429202
ENSG00000115415,-0.6780908058999847
ENSG00000138378,-0.16175599742091987
ENSG00000227542,NaN
ENSG00000128641,0.5553679357419082
ENSG00000173559,-0.6329381506706171
ENSG00000168497,-0.38597891559898395
ENSG00000233766,-1.052977425078394
ENSG00000144339,-1.0163044153184082
ENSG00000235056,NaN
ENSG00000271893,NaN
ENSG00000196950,1.5080756612245778
ENSG00000118997,2.6396923388509843
ENSG00000081320,-1.0606557575428845
ENSG00000138411,4.199312537757199
ENSG00000229056,NaN
ENSG00000144395,5.593030393257248
ENSG00000119041,-1.7217694839669926
ENSG00000187944,NaN
ENSG00000197121,2.2859914467512974
ENSG00000065413,2.168676123168455
ENSG00000115524,-0.868176163849931
ENSG00000115520,3.1146893376539366
ENSG00000144381,-0.7044215715337911
ENSG00000115541,-0.8401643369036204
ENSG00000115540,-1.7047230220828888
ENSG00000162944,1.9557285179169386
ENSG00000222017,0.8404815608763349
ENSG00000247626,-1.5241819001285652
ENSG00000152430,NaN
ENSG00000115896,3.985876724156471
ENSG00000119042,0.8775521466874154
ENSG00000238217,NaN
ENSG00000226124,-1.0024907555659845
ENSG00000178074,-1.2589443104739684
ENSG00000162971,1.2421067197228033
ENSG00000162972,-1.6484004021432062
ENSG00000287027,NaN
ENSG00000196141,0.35558570410129847
ENSG00000287299,2.211772995531139
ENSG00000155729,-0.31709935236770564
ENSG00000163535,-2.451843666428047
ENSG00000138356,4.709429467176095
ENSG00000230408,NaN
ENSG00000082153,-0.6181005271108981
ENSG00000013441,0.8726727271350717
ENSG00000240344,1.7681680899156924
ENSG00000196290,-0.1254901687957528
ENSG00000115942,0.00470700345748228
ENSG00000183308,-1.2067690031761809
ENSG00000155744,-0.3737811092954799
ENSG00000119013,-0.7388802882959982
ENSG00000003402,-0.1707026178653778
ENSG00000226312,0.8543108940573797
ENSG00000003400,-0.26834691157637397
ENSG00000064012,0.43190011134218304
ENSG00000155749,0.5399230502256842
ENSG00000115993,-1.5529229645732905
ENSG00000082146,-2.0012105271649014
ENSG00000155755,-0.4447520999846718
ENSG00000287133,NaN
ENSG00000082126,2.1264808913602287
ENSG00000003393,1.2990154087773265
ENSG00000155760,-0.12552666271518914
ENSG00000182329,-1.2046528634736273
ENSG00000222035,-1
ENSG00000287041,NaN
ENSG00000231903,-2.9836866492902754
ENSG00000116030,-0.5023326590891277
ENSG00000055044,-0.710022733815077
ENSG00000286223,NaN
ENSG00000273456,0.2803451063897479
ENSG00000204217,2.3961492377397993
ENSG00000138439,1.365169830195595
ENSG00000163596,2.118240093187567
ENSG00000138442,2.2110227013506383
ENSG00000138380,0.49543647788976275
ENSG00000144426,2.645070818544125
ENSG00000119004,0.4564134397788391
ENSG00000138443,-0.07534808601725078
ENSG00000173166,2.0777005983090473
ENSG00000116117,2.194728618261854
ENSG00000118257,2.488967599432158
ENSG00000114933,1.3861509322594632
ENSG00000023228,-0.5807582256731629
ENSG00000114942,-0.8775194663000864
ENSG00000204186,0.25720366252044286
ENSG00000114948,0.848241810311176
ENSG00000232125,NaN
ENSG00000138400,-0.5956777359391751
ENSG00000118246,-1.0171673624345836
ENSG00000229321,1.219626202468403
ENSG00000144410,3.464723993089437
ENSG00000118263,0.31514486479297726
ENSG00000237892,NaN
ENSG00000229647,0.19966791090115305
ENSG00000223725,1.189168879942911
ENSG00000118260,-0.060646254739933375
ENSG00000144401,-1.0825353320665798
ENSG00000163249,-0.9082711751641434
ENSG00000272851,NaN
ENSG00000163251,-0.018755727003157727
ENSG00000178385,2.3282960709465725
ENSG00000138413,-0.6793447238397333
ENSG00000231908,0.4253972526625232
ENSG00000115020,-0.34047268010786985
ENSG00000078018,-0.44097509446233385
ENSG00000197713,-1.7594367124189558
ENSG00000144445,5.226601492981048
ENSG00000229127,-1.7417035244531438
ENSG00000115361,NaN
ENSG00000234281,NaN
ENSG00000115365,2.2228236508183765
ENSG00000021826,4.599911082803864
ENSG00000273118,1.6425435569445996
ENSG00000030419,2.1698612480002435
ENSG00000144451,-0.7055155736623618
ENSG00000197585,1.5948081993309526
ENSG00000174453,NaN
ENSG00000138376,-1.6256688556044263
ENSG00000229267,-0.7438542361420664
ENSG00000144452,-0.7363818850057544
ENSG00000286836,NaN
ENSG00000138363,-1.6844305061020035
ENSG00000115414,3.546788037454459
ENSG00000237525,NaN
ENSG00000235770,NaN
ENSG00000118242,1.89829825480464
ENSG00000115425,1.0364776035891006
ENSG00000163449,-3.2455573915701867
ENSG00000079246,0.773063779689071
ENSG00000260804,-0.6934442369775662
ENSG00000144583,-0.15115942690706888
ENSG00000138375,-0.6599067599460503
ENSG00000232485,2.819295017040032
ENSG00000197756,-0.8084188029248974
ENSG00000115457,-0.2040594817555469
ENSG00000115461,-2.750786300135309
ENSG00000231672,-0.6597633283635167
ENSG00000079308,1.3064149295404104
ENSG00000223923,0.5069061623224138
ENSG00000163466,-0.6025010880187367
ENSG00000261338,NaN
ENSG00000127837,-0.5034327539692942
ENSG00000127838,-2.329471777788481
ENSG00000135926,-0.9926247988899976
ENSG00000237281,NaN
ENSG00000158428,NaN
ENSG00000225062,NaN
ENSG00000018280,-1.6327263191513406
ENSG00000144579,1.2721578418142454
ENSG00000127831,NaN
ENSG00000135913,2.799301365580728
ENSG00000144580,-0.7916342050552693
ENSG00000115556,2.336209782477328
ENSG00000273466,5.461883696476091
ENSG00000115568,-0.7122035962648453
ENSG00000074582,-0.386101699920893
ENSG00000163481,-0.5538579774793819
ENSG00000163482,0.31898373250399265
ENSG00000135912,-0.8371989110065324
ENSG00000135929,NaN
ENSG00000115596,NaN
ENSG00000228135,NaN
ENSG00000181378,3.7014410987645965
ENSG00000272644,-1.7259701330895048
ENSG00000187736,0.6726527164637024
ENSG00000115649,1.4181721962553318
ENSG00000144567,-1.3300608585633182
ENSG00000158552,-0.8866643738487767
ENSG00000115657,1.5889487133519946
ENSG00000198925,-0.7577052755776805
ENSG00000163516,-0.8829357108653666
ENSG00000163521,NaN
ENSG00000115661,0.746310305561309
ENSG00000127824,0.6028463430212129
ENSG00000243910,-0.9405237902607986
ENSG00000135924,-0.9131149860638635
ENSG00000054356,NaN
ENSG00000123992,-1.2639868203782614
ENSG00000072195,NaN
ENSG00000286095,NaN
ENSG00000144591,-1.7757685010408464
ENSG00000123989,0.35842073747829406
ENSG00000124006,-1.2018749634809085
ENSG00000123999,NaN
ENSG00000144589,-0.9571940682613341
ENSG00000228973,NaN
ENSG00000114923,NaN
ENSG00000116106,1.3628247464495828
ENSG00000135903,NaN
ENSG00000163082,-0.6625814220381164
ENSG00000116120,0.3404821376916108
ENSG00000123983,1.1865716474171035
ENSG00000152049,0.19741612488693938
ENSG00000171951,0.5839071189068299
ENSG00000152056,1.800941986195951
ENSG00000085449,-1.0098045843226546
ENSG00000135900,-2.49225922195834
ENSG00000135919,0.7108739977358479
ENSG00000274629,4.62521718901732
ENSG00000036257,0.23516679414980132
ENSG00000135905,1.685222927493195
ENSG00000169047,0.4017893245139941
ENSG00000272622,NaN
ENSG00000144468,1.3073363681773293
ENSG00000081052,1.9716306904066256
ENSG00000169031,0.523334750951904
ENSG00000236432,3.0632004118641096
ENSG00000168958,-0.41101300477339525
ENSG00000168955,0.2576819013191568
ENSG00000173744,1.0284395662259584
ENSG00000042304,NaN
ENSG00000135917,-1.7857125986936941
ENSG00000153823,-0.8944943555503033
ENSG00000187957,-0.6713645306981424
ENSG00000153827,0.4126250185249949
ENSG00000153832,-0.4092094975799236
ENSG00000163053,4.311124833725987
ENSG00000225963,1.1288026619767109
ENSG00000135899,-0.5092311706028381
ENSG00000185404,-1.4097263526949968
ENSG00000067066,0.567412917771352
ENSG00000235419,NaN
ENSG00000135932,2.6207983637347527
ENSG00000135916,-0.7202965162935862
ENSG00000232520,NaN
ENSG00000204128,2.1449128428829742
ENSG00000173692,0.19209198490483864
ENSG00000135914,NaN
ENSG00000135931,-0.9932735109480704
ENSG00000156966,NaN
ENSG00000115053,-0.6572276531925731
ENSG00000181798,NaN
ENSG00000187514,-0.9959279115566125
ENSG00000156973,2.2559615861865523
ENSG00000144524,-0.8192140526835671
ENSG00000261096,NaN
ENSG00000144535,1.9584959932534216
ENSG00000227033,1.5665562662701384
ENSG00000171551,NaN
ENSG00000221944,-0.9627644273972125
ENSG00000135930,-0.8809935393698044
ENSG00000237126,NaN
ENSG00000115468,NaN
ENSG00000204120,0.30257401460649097
ENSG00000241409,NaN
ENSG00000182600,-0.8376533357863952
ENSG00000066248,0.7885333186106608
ENSG00000168918,NaN
ENSG00000085978,0.9978565817389468
ENSG00000130561,NaN
ENSG00000077044,2.4234178956875434
ENSG00000085982,-0.3107697179759292
ENSG00000244122,NaN
ENSG00000224814,4.8578665886919135
ENSG00000241635,NaN
ENSG00000185038,NaN
ENSG00000123485,-1.0664782300604962
ENSG00000144481,NaN
ENSG00000188042,-1.2078481240733003
ENSG00000235726,0.6331157339669006
ENSG00000130147,1.2463349283142124
ENSG00000157985,2.1041582969462542
ENSG00000235529,NaN
ENSG00000168505,NaN
ENSG00000233611,-0.4821679927362671
ENSG00000182177,1.9049027435047068
ENSG00000144476,1.2063981951876954
ENSG00000227252,-0.1724054378529577
ENSG00000198612,-1.8140323897678075
ENSG00000163359,NaN
ENSG00000115648,0.656621137176968
ENSG00000124839,NaN
ENSG00000124831,-1.0636805138546133
ENSG00000184182,-2.1327406177562636
ENSG00000132330,0.933389871307565
ENSG00000178752,NaN
ENSG00000132323,0.318493214225479
ENSG00000225057,NaN
ENSG00000144485,-1.3375801771946199
ENSG00000132326,1.357007259101965
ENSG00000232306,0.7455614849921101
ENSG00000204104,-0.39220575344011926
ENSG00000065802,-0.7391304121015033
ENSG00000234279,NaN
ENSG00000233608,0.640577259202937
ENSG00000068024,0.08211756022275148
ENSG00000286307,NaN
ENSG00000222020,0.4224101637789889
ENSG00000130414,-0.5836561090970702
ENSG00000172428,-1.625696458621775
ENSG00000227479,NaN
ENSG00000063660,-0.06534925432070714
ENSG00000144504,1.1906430257880039
ENSG00000188542,-1.2861091332345422
ENSG00000142327,-2.4958522404969403
ENSG00000260942,-0.02926576492068272
ENSG00000142330,-0.3724587530154497
ENSG00000130294,NaN
ENSG00000162804,2.8190971089074535
ENSG00000225521,NaN
ENSG00000122085,-0.8833846745024285
ENSG00000115687,-1.171577582117783
ENSG00000115685,-2.137479999184784
ENSG00000146205,-1.1115229077743833
ENSG00000115677,-0.20674922860615128
ENSG00000168385,0.023467929108678582
ENSG00000006607,-0.28661182073463803
ENSG00000115694,-1.47822567539619
ENSG00000176720,0.98486710392951
ENSG00000176946,-2.867835486848598
ENSG00000168397,0.3688703361984172
ENSG00000168393,-0.4442056833005112
ENSG00000168395,-0.5762720767926213
ENSG00000180902,0.7266167597905338
ENSG00000154252,-0.9158405226885874
ENSG00000233806,-0.4151906526127072
ENSG00000134121,NaN
ENSG00000144619,NaN
ENSG00000091181,NaN
ENSG00000072756,-1.4107445344956289
ENSG00000113851,-0.9143351683816062
ENSG00000271870,-1.3071045906420873
ENSG00000223727,2.6927424730963088
ENSG00000144455,1.9113108435943462
ENSG00000170364,0.05357568292842757
ENSG00000150995,-0.5589798415393982
ENSG00000235947,NaN
ENSG00000235978,3.2349103911009593
ENSG00000235831,-1.3339261955041626
ENSG00000134107,1.181392366795369
ENSG00000134108,-1.3358280677659147
ENSG00000233912,0.5755044470195405
ENSG00000134109,1.0208531112700716
ENSG00000196277,NaN
ENSG00000270207,NaN
ENSG00000227110,2.1995540018761197
ENSG00000231401,NaN
ENSG00000071282,0.21768231884975994
ENSG00000125046,5.144893173093461
ENSG00000182533,1.67270087753903
ENSG00000180914,-1.174690124562903
ENSG00000070950,0.9706820928132082
ENSG00000196220,0.662902441539632
ENSG00000206573,0.7789868630812725
ENSG00000134077,-2.014522378246414
ENSG00000168137,1.6664475814008302
ENSG00000156959,2.2258528763360563
ENSG00000163719,0.09652225622049913
ENSG00000144550,NaN
ENSG00000156983,-0.47919514668487667
ENSG00000114026,0.1196609098095867
ENSG00000134072,-1.8381219670278752
ENSG00000171148,0.36633102613243035
ENSG00000241553,-1.0872211733144816
ENSG00000214021,1.956720281994611
ENSG00000269886,NaN
ENSG00000156990,-0.912161178328606
ENSG00000187288,-2.3737882092703955
ENSG00000171135,-1.2079111865898124
ENSG00000163701,1.6992382138200486
ENSG00000163702,0.15949913807089008
ENSG00000163703,1.4930574890943815
ENSG00000163704,1.284892552122466
ENSG00000230082,-0.7519854614369607
ENSG00000125037,-0.23306908750189836
ENSG00000206567,NaN
ENSG00000144554,0.8674513258910235
ENSG00000163705,-0.32516912584846597
ENSG00000254999,0.5056347965008957
ENSG00000134086,-1.7798520147173973
ENSG00000287086,2.445643664670113
ENSG00000134070,1.2894509474800537
ENSG00000157014,-0.3394039750930537
ENSG00000157017,NaN
ENSG00000157020,-0.8161628503966477
ENSG00000157087,NaN
ENSG00000196639,2.2708109898891156
ENSG00000285906,-0.8629255796873495
ENSG00000197548,1.3501678427353139
ENSG00000144560,0.40865392544923523
ENSG00000271716,NaN
ENSG00000144559,-2.3488493664765513
ENSG00000157152,NaN
ENSG00000157150,-1.624047862212407
ENSG00000132170,2.866759618452928
ENSG00000154743,0.5129392724113588
ENSG00000225526,2.3189644877741977
ENSG00000075975,-1.954389924117463
ENSG00000132155,1.6590813743596795
ENSG00000144712,3.2892578174750478
ENSG00000272263,NaN
ENSG00000144713,-1.0725423136756016
ENSG00000144711,0.7227313294691489
ENSG00000132182,1.8248177804532513
ENSG00000244502,-0.05483515179816134
ENSG00000163517,1.1660409066072837
ENSG00000163520,NaN
ENSG00000163528,-1.0476990454272352
ENSG00000170876,0.30429076910428027
ENSG00000228242,3.5866124243499677
ENSG00000154767,-0.8422114371861371
ENSG00000170860,-0.7940506651841674
ENSG00000131389,-0.3016259565945803
ENSG00000144596,-1.0412402053226608
ENSG00000154781,-0.14610332039618346
ENSG00000131379,0.008483020219513493
ENSG00000225733,-1.4244539706293566
ENSG00000177463,1.498155214044913
ENSG00000131368,-0.7589651834185929
ENSG00000131381,-1.0759471558873581
ENSG00000131375,0.5561370625986908
ENSG00000224660,NaN
ENSG00000131370,-1.2443666483101314
ENSG00000206562,0.31179447228354457
ENSG00000144597,-0.7931550945890535
ENSG00000206561,-0.9594945572181124
ENSG00000131373,-1.8964447450003104
ENSG00000169814,-0.006067718273692642
ENSG00000206560,2.270900867594806
ENSG00000287042,-0.5386936976628826
ENSG00000154813,-2.9258567337354378
ENSG00000154814,0.8655163490587066
ENSG00000131378,2.940823452555491
ENSG00000287377,NaN
ENSG00000154822,2.1980998575396256
ENSG00000285731,-1.2395825264108546
ENSG00000131374,7.165821953491956
ENSG00000228956,NaN
ENSG00000163576,NaN
ENSG00000144566,0.08206023002113605
ENSG00000183977,NaN
ENSG00000114166,2.1664806250664697
ENSG00000129810,-0.7967229291641198
ENSG00000231304,3.873066421911956
ENSG00000282987,NaN
ENSG00000182247,3.7720034972678635
ENSG00000170142,1.1514196338859786
ENSG00000197885,0.9242819708653218
ENSG00000174748,-1.1303659191211
ENSG00000174738,1.124800960171176
ENSG00000151090,0.7714684387860156
ENSG00000237838,1.4507059177019739
ENSG00000077092,0.34725974530365217
ENSG00000077097,-0.0036240480312129944
ENSG00000151092,-0.016370739385378322
ENSG00000151093,-1.6458313047662303
ENSG00000163491,0.9955281644518551
ENSG00000033867,0.30283697326941866
ENSG00000272282,-3.396282045706133
ENSG00000163508,1.3041242672775208
ENSG00000235493,NaN
ENSG00000187118,0.18755412926107076
ENSG00000163512,0.7692280727098163
ENSG00000206559,1.589421223689064
ENSG00000144642,2.8318774633337127
ENSG00000235904,0.04569485803443335
ENSG00000203506,-0.6727865054043112
ENSG00000227260,NaN
ENSG00000163513,0.7695395410974107
ENSG00000261468,NaN
ENSG00000163527,1.6516406432107646
ENSG00000144645,2.214920540309022
ENSG00000197385,4.714152841982802
ENSG00000152642,-0.19020738579716198
ENSG00000170293,0.9696016961740265
ENSG00000153551,-0.6610999887341293
ENSG00000091317,-0.1410610247799222
ENSG00000144635,-1.6980406612957901
ENSG00000182973,0.35287282449349494
ENSG00000170266,1.1472167787601337
ENSG00000188167,NaN
ENSG00000170275,0.0046987967284952145
ENSG00000173705,2.884729615416916
ENSG00000153558,4.608422566414597
ENSG00000153560,1.1592849652337032
ENSG00000163539,3.0149699899083897
ENSG00000271643,-0.2151808138048937
ENSG00000170248,1.7810055383668613
ENSG00000226320,3.8927912555491284
ENSG00000144681,1.674068440835295
ENSG00000168016,-0.6643674657628256
ENSG00000178567,-0.3054262974418913
ENSG00000076242,-1.053111855934212
ENSG00000093167,0.05104932592222287
ENSG00000270194,NaN
ENSG00000144674,4.338165176028473
ENSG00000198590,1.1611994136117396
ENSG00000235257,-2.5090281204170033
ENSG00000144677,1.536470176436976
ENSG00000136059,NaN
ENSG00000187091,0.03502568265928548
ENSG00000060971,-0.9808114801389893
ENSG00000172936,0.1217966700549493
ENSG00000172939,-0.3923215258638009
ENSG00000172940,NaN
ENSG00000144671,1.8679235631275537
ENSG00000093217,2.445564220552311
ENSG00000229589,NaN
ENSG00000114739,1.034001417210249
ENSG00000157036,-0.215641565899569
ENSG00000183873,NaN
ENSG00000168356,NaN
ENSG00000114742,-0.6776762697140097
ENSG00000114745,0.31800793134103844
ENSG00000168026,-1.2113699709856103
ENSG00000144655,0.5755493693362527
ENSG00000287780,-0.8642414893676109
ENSG00000144659,-0.1637457383577833
ENSG00000168028,-1.1188661750160211
ENSG00000286996,NaN
ENSG00000286781,-0.00798981272214075
ENSG00000280739,-0.16284104237912475
ENSG00000114784,-2.051231019218484
ENSG00000223797,0.4764973755250364
ENSG00000188846,-0.9262341231283059
ENSG00000177873,NaN
ENSG00000177842,-1.4634637944298101
ENSG00000172888,0.9749920958347672
ENSG00000168036,1.5367987529475238
ENSG00000168038,1.404650334476987
ENSG00000182606,2.259270718201546
ENSG00000187094,3.470223941624272
ENSG00000114812,-1.4778420770718623
ENSG00000232354,NaN
ENSG00000093183,0.8042653049483965
ENSG00000008324,-0.6483112364796436
ENSG00000114857,0.7469288575225287
ENSG00000230084,3.3719911596495384
ENSG00000114853,-0.3951317293742337
ENSG00000287629,NaN
ENSG00000244607,NaN
ENSG00000173811,3.404039483229978
ENSG00000181061,-2.3352232108347324
ENSG00000144649,NaN
ENSG00000144647,-1.1038381270399793
ENSG00000163788,2.2905536441900405
ENSG00000160746,0.9341694897728571
ENSG00000011198,0.4724854268687322
ENSG00000272121,-1.535176129163784
ENSG00000261786,-0.16466949578888754
ENSG00000271937,NaN
ENSG00000179152,-0.03157462864007883
ENSG00000185219,-1.4683411064322442
ENSG00000178917,1.3344397664233172
ENSG00000236869,1.8835247260624817
ENSG00000186448,1.1460046153684496
ENSG00000169981,0.5842388978498266
ENSG00000272077,2.3996518666329743
ENSG00000196653,-0.36118158956529406
ENSG00000163807,-1.5751308967873219
ENSG00000163808,0.13136800424156994
ENSG00000169964,-1.5435591565275408
ENSG00000163812,-3.127596118031843
ENSG00000075914,-1.885237945108971
ENSG00000163814,-1.2472721828793678
ENSG00000249992,-0.9244864886356998
ENSG00000011376,0.24664946404780674
ENSG00000144791,0.3948433522575584
ENSG00000230530,NaN
ENSG00000211456,0.0989414404676759
ENSG00000163818,-0.2811960937156707
ENSG00000163820,1.7013463905154216
ENSG00000163827,NaN
ENSG00000241186,NaN
ENSG00000178038,1.081023403309762
ENSG00000181585,NaN
ENSG00000160799,-0.6655086461279609
ENSG00000160796,0.1619872161189812
ENSG00000181555,0.31061650012381914
ENSG00000227398,1.6851832678964853
ENSG00000088727,0.5427560164556358
ENSG00000114648,2.2006626268674556
ENSG00000260236,0.780778565245437
ENSG00000076201,1.7530336717954143
ENSG00000114650,-0.9954776536065445
ENSG00000163832,-0.7720177433970862
ENSG00000114646,-0.7222391537663629
ENSG00000173473,0.32605653330766615
ENSG00000132153,-0.36506554670689073
ENSG00000047849,1.7703694711581444
ENSG00000164045,-0.3425488435236004
ENSG00000164048,2.6315466144668203
ENSG00000172113,-0.09766720596991327
ENSG00000164050,3.9506782470741397
ENSG00000164051,0.16462850130478465
ENSG00000232112,-0.57929685605432
ENSG00000244380,NaN
ENSG00000164053,-0.7032697019286926
ENSG00000164054,-0.22052980561228508
ENSG00000114268,0.3464877924470788
ENSG00000145040,NaN
ENSG00000114270,-0.340626374756381
ENSG00000010256,-1
ENSG00000225697,0.7378744267895724
ENSG00000008300,-0.5900232926782593
ENSG00000228350,2.1816186650289846
ENSG00000271973,NaN
ENSG00000213672,0.08924692307689856
ENSG00000068745,1.738823480905659
ENSG00000114302,-0.575237433247551
ENSG00000224424,NaN
ENSG00000178537,0.6606166586270685
ENSG00000221883,NaN
ENSG00000177479,-0.5228028927538007
ENSG00000235236,1.8883117122222264
ENSG00000273211,NaN
ENSG00000178467,-0.23947208978147533
ENSG00000178252,-0.7686254129886322
ENSG00000178149,-1.1096293989467954
ENSG00000178057,-1.6668141878408944
ENSG00000178035,-1.4081459449442235
ENSG00000272434,0.5649930343064772
ENSG00000198218,-1.4233896288502006
ENSG00000172053,-0.3998555570853273
ENSG00000172046,-1.3815749359429055
ENSG00000172037,1.212225988173756
ENSG00000177352,-1.476144439487227
ENSG00000185909,-1.0203377523060366
ENSG00000173421,NaN
ENSG00000188315,-1.1531148783388157
ENSG00000114316,1.442339456955143
ENSG00000067560,0.22178343847261658
ENSG00000145022,-0.20148354902076004
ENSG00000145020,-0.6387308959377944
ENSG00000145029,3.34530763526859
ENSG00000173402,2.226438541908714
ENSG00000164062,-1.4698256789970578
ENSG00000164068,0.35618986621012316
ENSG00000173540,-1.436212366231406
ENSG00000176095,1.2187114868524103
ENSG00000187492,2.4987173404170915
ENSG00000183763,0.3346518827553492
ENSG00000164076,NaN
ENSG00000164078,3.2657887729402892
ENSG00000228008,NaN
ENSG00000164077,-0.571084605507894
ENSG00000004534,3.1096315482723114
ENSG00000003756,0.3892174707165095
ENSG00000235016,NaN
ENSG00000001617,-0.03624962034479422
ENSG00000114353,-1.497864648682483
ENSG00000230454,0.2879818196753766
ENSG00000012171,-1.3117336334911167
ENSG00000179564,NaN
ENSG00000214706,-1.5197674268350079
ENSG00000186792,-0.07454679759172414
ENSG00000243477,0.34346888927851216
ENSG00000114378,NaN
ENSG00000068001,-0.130765083504894
ENSG00000114383,-0.5837044954096084
ENSG00000068028,0.866211962517995
ENSG00000004838,NaN
ENSG00000114388,-0.47864458966782925
ENSG00000114395,-0.6945842347698458
ENSG00000126062,-0.8314285332102779
ENSG00000007402,NaN
ENSG00000271858,NaN
ENSG00000088543,-0.667122594333204
ENSG00000114735,4.165145673376196
ENSG00000114737,-0.28153269520562196
ENSG00000114738,-0.8981436468639457
ENSG00000088538,0.10514788004214917
ENSG00000145050,-0.7913208891495936
ENSG00000259956,0.2883530804414638
ENSG00000145041,-0.3032753108712755
ENSG00000164080,2.555817621900028
ENSG00000164081,-1.4603492392109185
ENSG00000287707,NaN
ENSG00000114767,0.4300254457366322
ENSG00000041880,-1.2736071801973918
ENSG00000090097,1.6077723352417337
ENSG00000114779,-0.3107406296580699
ENSG00000248487,-0.409098065921142
ENSG00000243989,1.144654640391654
ENSG00000162244,-0.930101188865926
ENSG00000164086,-0.15057866900679842
ENSG00000164087,-1.0161202824625
ENSG00000023330,-0.9100957979046026
ENSG00000247596,-2.290158745389948
ENSG00000164088,0.6204100930265785
ENSG00000164091,-0.4098075635479839
ENSG00000168237,-0.6766389223333785
ENSG00000114841,NaN
ENSG00000163930,-1.4272368508361923
ENSG00000010318,-0.1661573929080544
ENSG00000114854,NaN
ENSG00000010322,-1.1536904442351816
ENSG00000168268,-0.8503226912598524
ENSG00000168273,-1.266423706776164
ENSG00000163939,-0.09463795423248605
ENSG00000163938,-0.8963754347507599
ENSG00000016864,1.151527661411015
ENSG00000114902,2.8461433935916034
ENSG00000114904,1.5463508897592755
ENSG00000055955,0.9592221264180449
ENSG00000272573,NaN
ENSG00000213533,1.6014746324909082
ENSG00000163935,-0.01287226446340263
ENSG00000163933,-1.1037263309300855
ENSG00000163932,0.11012413658376123
ENSG00000286531,NaN
ENSG00000163931,-0.7320197374064911
ENSG00000272886,-0.64126402508281
ENSG00000157388,0.9124684728889867
ENSG00000016391,-1.1583513416538764
ENSG00000056736,-0.7025013729763057
ENSG00000271976,NaN
ENSG00000113812,1.4121414566696495
ENSG00000113811,-1.071561510780509
ENSG00000157445,0.5346283775811147
ENSG00000144771,NaN
ENSG00000240708,NaN
ENSG00000114251,-0.8954125678130739
ENSG00000244586,NaN
ENSG00000180376,2.4045555787581967
ENSG00000163946,1.4782338143658975
ENSG00000163947,1.4463439614579148
ENSG00000186451,0.6410679066935245
ENSG00000272202,NaN
ENSG00000144730,-5.220669598148224
ENSG00000163666,3.044173571326351
ENSG00000157500,-0.6223730582682628
ENSG00000239388,NaN
ENSG00000286952,NaN
ENSG00000174844,2.531598640100278
ENSG00000174840,-0.6786175609783199
ENSG00000168374,-0.45018846915177846
ENSG00000272146,NaN
ENSG00000174839,1.809312458759825
ENSG00000239801,-0.10242358452236602
ENSG00000163681,2.4808517533055383
ENSG00000136068,4.919478091595357
ENSG00000163686,-0.5383594830406514
ENSG00000163684,-0.6976360800140772
ENSG00000168297,0.0007915504543857818
ENSG00000168291,-1.4420240858839097
ENSG00000168301,0.14236065101400305
ENSG00000168306,0.4381340333337891
ENSG00000163689,0.004878897035077222
ENSG00000242428,NaN
ENSG00000189283,1.7019854687550158
ENSG00000144724,1.3055876042684922
ENSG00000241472,0.2152862658379916
ENSG00000114405,-0.6211013034872751
ENSG00000163632,NaN
ENSG00000163634,-1.6119928250769546
ENSG00000285399,1.7069887365133913
ENSG00000163635,1.8364240703047172
ENSG00000280620,NaN
ENSG00000239653,0.37550686562039215
ENSG00000163636,-0.6794562798534732
ENSG00000241111,-1.4387208939260638
ENSG00000189196,NaN
ENSG00000163637,3.7558402560118775
ENSG00000226017,-0.39580104757683227
ENSG00000163638,0.9594909987289855
ENSG00000241158,NaN
ENSG00000241684,-1.0411672014476623
ENSG00000151276,4.006463711690673
ENSG00000240175,NaN
ENSG00000144741,-0.6716441736953649
ENSG00000144749,-1.4377680794756562
ENSG00000172340,1.6825883643915334
ENSG00000241316,-0.48070615182684523
ENSG00000183662,2.0366659362060777
ENSG00000163378,1.2815378880310226
ENSG00000244513,0.6552366596892129
ENSG00000144747,-1.6893133614413127
ENSG00000144744,-1.9208176862371544
ENSG00000144746,-1.0054756359093056
ENSG00000163380,NaN
ENSG00000114541,2.3491527898949647
ENSG00000187098,2.453657158768746
ENSG00000240405,NaN
ENSG00000242120,NaN
ENSG00000114861,7.515369931075124
ENSG00000244203,NaN
ENSG00000242094,4.898151114146356
ENSG00000277855,-1
ENSG00000270562,0.1863174757665065
ENSG00000163412,-0.07003362386738612
ENSG00000170837,NaN
ENSG00000163602,-0.14301987963547957
ENSG00000144736,-0.08689816724089663
ENSG00000172986,2.6071533871471155
ENSG00000163605,1.4125158670258589
ENSG00000255423,2.9194551747885296
ENSG00000121440,NaN
ENSG00000287398,NaN
ENSG00000272690,-0.9976598270911543
ENSG00000242516,2.0166968954419837
ENSG00000227124,4.449987854261791
ENSG00000185008,NaN
ENSG00000169855,3.18918948595311
ENSG00000288105,NaN
ENSG00000243694,NaN
ENSG00000114480,1.7407315887518158
ENSG00000175161,0.9249473024057202
ENSG00000206538,1.9038057908457595
ENSG00000281392,3.3836166027249948
ENSG00000083937,-2.0217224733170456
ENSG00000239572,-1.1778884452769476
ENSG00000179097,3.4872880370291433
ENSG00000163320,1.1779387443431755
ENSG00000175105,-0.33053299284357657
ENSG00000179021,-0.1373148760372787
ENSG00000044524,NaN
ENSG00000184500,-0.8963017613039608
ENSG00000169379,-1.4248753295582142
ENSG00000178750,1.9190940585744882
ENSG00000178700,0.0356847389146054
ENSG00000178694,-0.0898132673410474
ENSG00000269028,11.28480008470324
ENSG00000080224,1.6509561043293317
ENSG00000113966,3.4227743067065637
ENSG00000080200,1.466094363069277
ENSG00000170854,-0.613469946649752
ENSG00000080822,-1.578012225574621
ENSG00000248839,NaN
ENSG00000286602,NaN
ENSG00000080819,-0.644155631537081
ENSG00000064225,2.989893288587144
ENSG00000057019,0.5740031469706425
ENSG00000239462,4.636606189391575
ENSG00000240476,-1.1459765637812511
ENSG00000144810,NaN
ENSG00000184220,0.6448535714217413
ENSG00000168386,2.3385054542245225
ENSG00000287378,1.847269957348238
ENSG00000036054,1.7129086736565886
ENSG00000114021,-1.083971615973698
ENSG00000154174,-0.3325511354481639
ENSG00000206535,1.4201990471046178
ENSG00000181458,-0.5171644184532765
ENSG00000114354,0.7168635646046538
ENSG00000154175,1.3471957077411678
ENSG00000138468,1.148035650454453
ENSG00000174173,0.6048389978227774
ENSG00000081154,-1.040457015762382
ENSG00000066422,-1.0165450202570854
ENSG00000256628,-0.42522147148835954
ENSG00000114391,-1.185476801997674
ENSG00000286699,-1.3774131462821233
ENSG00000182504,3.230790489972457
ENSG00000144815,-0.5969441410984402
ENSG00000144802,3.538395012424665
ENSG00000287682,1.8520108867847382
ENSG00000170044,NaN
ENSG00000170017,1.5750275813325818
ENSG00000114423,2.0346376069827223
ENSG00000242759,-1.326835054571733
ENSG00000243701,1.5142123280596478
ENSG00000239828,NaN
ENSG00000273125,NaN
ENSG00000114439,-0.2645080700380739
ENSG00000279277,1.046262111530516
ENSG00000196776,2.8323000490467263
ENSG00000114446,-2.1107396620449608
ENSG00000144821,-0.5961430471427016
ENSG00000163507,-2.337627701270473
ENSG00000198919,0.6997265455122437
ENSG00000214381,NaN
ENSG00000242242,2.518227678421808
ENSG00000177707,3.82281508661994
ENSG00000153283,0.2564315578237531
ENSG00000177494,NaN
ENSG00000240891,3.724131696993605
ENSG00000144824,1.4539290445190944
ENSG00000286492,NaN
ENSG00000144827,-0.003923883658853155
ENSG00000176040,NaN
ENSG00000114529,0.6997838243413314
ENSG00000172139,3.073493956169453
ENSG00000239482,NaN
ENSG00000144848,-1.081582903811955
ENSG00000138459,-0.2772470716977117
ENSG00000091986,0.8805425406878398
ENSG00000163606,NaN
ENSG00000272844,NaN
ENSG00000163607,1.1605429448990268
ENSG00000163608,3.151014988616046
ENSG00000240057,1.4784975091150032
ENSG00000144857,0.4850527355477442
ENSG00000206530,0.3061330538764585
ENSG00000243849,0.72748273287512
ENSG00000163611,0.22091422026168303
ENSG00000072858,5.210494465745224
ENSG00000239453,NaN
ENSG00000176542,1.3976184506316771
ENSG00000121579,-0.18378694314097854
ENSG00000114573,0.04872983850475545
ENSG00000178075,NaN
ENSG00000184307,-0.9419730471893103
ENSG00000163617,-1.988791591833771
ENSG00000151576,-0.7222150426137868
ENSG00000181722,2.3306692030281435
ENSG00000241560,-1.5498092394328276
ENSG00000242290,1.3610966027034899
ENSG00000241295,5.9082332611467745
ENSG00000242880,-0.20631889541946358
ENSG00000172020,NaN
ENSG00000185565,2.90387592347026
ENSG00000241397,NaN
ENSG00000239268,3.6546282711804894
ENSG00000242816,NaN
ENSG00000144847,1.531436152162931
ENSG00000163424,NaN
ENSG00000114638,1.6215275064068777
ENSG00000121578,-1.7048850129551893
ENSG00000240254,1.5052326692263276
ENSG00000031081,7.082251582401052
ENSG00000176142,1.8930412805166952
ENSG00000163389,-0.507812909795292
ENSG00000272662,NaN
ENSG00000113845,-0.1743317007997515
ENSG00000144843,NaN
ENSG00000121577,NaN
ENSG00000138495,-0.9883918854084808
ENSG00000183833,NaN
ENSG00000144852,NaN
ENSG00000082701,1.5123669558370614
ENSG00000242622,-0.6664436370987573
ENSG00000175697,-1.5745596362587866
ENSG00000163428,0.783577986460282
ENSG00000163430,1.5543041691605366
ENSG00000065518,0.00105360722150114
ENSG00000113924,-0.9431839290034726
ENSG00000144840,-0.6376321572546091
ENSG00000153767,0.6669893839639255
ENSG00000286827,NaN
ENSG00000145087,NaN
ENSG00000287022,-1.0771516190448638
ENSG00000051341,0.37615156211071826
ENSG00000180353,-0.7881530716277491
ENSG00000173230,1.886749045017464
ENSG00000173226,1.3335230939717153
ENSG00000145088,-1.0717756134232936
ENSG00000163406,-1.3852333530504668
ENSG00000036828,NaN
ENSG00000121552,NaN
ENSG00000160124,-1.102673064219102
ENSG00000114023,-2.641201152350931
ENSG00000196981,-0.9912008465111172
ENSG00000272758,1.6165789110351803
ENSG00000114030,1.2040386819354647
ENSG00000287207,NaN
ENSG00000138496,-0.3655406292221445
ENSG00000163840,0.11648992155278204
ENSG00000173193,-0.20757622680404855
ENSG00000169087,1.0274453088138358
ENSG00000138463,2.2576011268893073
ENSG00000273033,0.9385649254518165
ENSG00000082684,NaN
ENSG00000065485,1.4906396679304705
ENSG00000121542,1.382145064645162
ENSG00000273454,NaN
ENSG00000173175,3.2332047596690963
ENSG00000272678,NaN
ENSG00000206527,-0.19369649613061693
ENSG00000239523,0.39296614900666316
ENSG00000065534,1.1608502018972935
ENSG00000175455,0.18469598046960778
ENSG00000160145,3.619614064196034
ENSG00000114491,-1.1762019238781687
ENSG00000082781,2.4281914427984534
ENSG00000244286,3.0981828273190235
ENSG00000173702,0.4200836960607872
ENSG00000173706,0.2898857373108457
ENSG00000221955,0.9583345282920248
ENSG00000163848,0.19737715744238038
ENSG00000114520,-0.596467128827419
ENSG00000144909,0.10958290435302381
ENSG00000284624,-0.9278909816996284
ENSG00000241288,1.061115854524109
ENSG00000189366,NaN
ENSG00000114544,-1.3640009170252632
ENSG00000144908,NaN
ENSG00000287232,NaN
ENSG00000250934,NaN
ENSG00000070476,0.9498199034649851
ENSG00000180767,-1.7093171754110845
ENSG00000288436,-1.6686869535914022
ENSG00000197763,1.8677029297419165
ENSG00000159685,-0.5523106339656796
ENSG00000114554,0.8155955920000942
ENSG00000239921,NaN
ENSG00000163870,0.468918163237459
ENSG00000073111,-1.454023650816169
ENSG00000114631,-0.3406625394079706
ENSG00000114626,-1.2944107166085561
ENSG00000074416,-0.47638011102127364
ENSG00000058262,-0.8396986542177157
ENSG00000175792,-1.1497346899411869
ENSG00000132394,-0.12431947865899386
ENSG00000179348,0.07216581175753861
ENSG00000244300,-0.5147900108765601
ENSG00000163902,0.2982882774387453
ENSG00000075785,0.21985744162159793
ENSG00000261159,NaN
ENSG00000231305,NaN
ENSG00000287110,NaN
ENSG00000177646,-0.29803831426546795
ENSG00000114656,-0.41723042504572766
ENSG00000172780,0.2520893620322564
ENSG00000240682,-0.07316382317712522
ENSG00000273437,NaN
ENSG00000169714,-1.0615207095267882
ENSG00000181789,-0.14918770885250107
ENSG00000183624,0.6046961661596837
ENSG00000184897,-2.1665923164862577
ENSG00000206417,-0.7005973688161902
ENSG00000172771,3.952272806209463
ENSG00000129071,-0.4124583371256028
ENSG00000163913,2.233875090447486
ENSG00000004399,1.214353236329408
ENSG00000172765,1.371761287464255
ENSG00000203644,-1.5692373213505708
ENSG00000271270,0.457793930504996
ENSG00000250643,NaN
ENSG00000251287,-0.2918422787945921
ENSG00000196455,2.4076704892632557
ENSG00000017260,1.3108915035990996
ENSG00000250592,NaN
ENSG00000034533,-0.2748307892879024
ENSG00000114670,2.173835384179388
ENSG00000250608,NaN
ENSG00000198585,-1.8150726635102972
ENSG00000114686,-0.9170955129433066
ENSG00000196353,1.818468915194843
ENSG00000014257,NaN
ENSG00000138246,0.4168297093032282
ENSG00000240303,1.6524285530082965
ENSG00000081307,-1.993205031458971
ENSG00000113971,2.0771747152888578
ENSG00000248724,NaN
ENSG00000170819,-1.1452693187877987
ENSG00000091527,-0.12752834855865308
ENSG00000163781,-1.0687236375880456
ENSG00000091513,NaN
ENSG00000144867,1.1185585117814612
ENSG00000154917,-0.9793380055958981
ENSG00000163785,-0.6586546033072596
ENSG00000240006,NaN
ENSG00000114019,-1.2528430487504327
ENSG00000129055,-2.2989006610704497
ENSG00000182923,-1.6254524315089958
ENSG00000154928,1.811359242051302
ENSG00000240086,NaN
ENSG00000073711,1.5906069524349675
ENSG00000174579,0.06263593418477112
ENSG00000114054,1.8532195826552451
ENSG00000118007,2.394400840014304
ENSG00000168917,-0.5923705462108045
ENSG00000239213,0.2736303892380392
ENSG00000158092,0.20527422617712007
ENSG00000174564,1.2451023494041449
ENSG00000249407,NaN
ENSG00000066405,NaN
ENSG00000158163,-1.8126966152620272
ENSG00000138231,0.3772778978024665
ENSG00000114098,1.8692417475039123
ENSG00000181322,NaN
ENSG00000158186,-1.2385522786724688
ENSG00000158220,1.945079854759255
ENSG00000114107,-0.282298847720572
ENSG00000158234,-1.5344108783568844
ENSG00000051382,0.853061115812719
ENSG00000244578,NaN
ENSG00000183770,-0.7369466605472473
ENSG00000206262,2.3213460426881105
ENSG00000175110,-0.4789831721815749
ENSG00000184432,-0.3066746254859899
ENSG00000248932,2.357728738609527
ENSG00000248790,NaN
ENSG00000114115,-0.11448067382949517
ENSG00000163864,-1.7851116682184576
ENSG00000158258,1.1629792191099149
ENSG00000114120,-0.6827567262944747
ENSG00000175093,NaN
ENSG00000155893,-0.7890691357597133
ENSG00000249417,NaN
ENSG00000177311,1.0028782882973128
ENSG00000155903,1.5064557253917976
ENSG00000114125,-1.659646293069121
ENSG00000114124,NaN
ENSG00000069849,4.1408459583380735
ENSG00000244124,NaN
ENSG00000114126,2.0445114122996517
ENSG00000175066,0.272710304781997
ENSG00000114127,1.687709235953477
ENSG00000175054,2.9397887332954653
ENSG00000120756,-0.06588136112856414
ENSG00000287045,0.9614406987342868
ENSG00000144935,3.548028220310712
ENSG00000163710,-1.541537765533642
ENSG00000188582,-0.6923538656163339
ENSG00000241570,NaN
ENSG00000163714,-0.8976001577894239
ENSG00000268129,0.5181222358661082
ENSG00000181804,0.515073338497621
ENSG00000181744,2.7403137860369613
ENSG00000261051,1.230768291361959
ENSG00000243415,0.9540708370555461
ENSG00000240032,-1.6743444599403827
ENSG00000152952,5.759129954429862
ENSG00000114698,-1.5136995399775595
ENSG00000188313,-1.2165301856782078
ENSG00000144891,1.018185157613586
ENSG00000153002,NaN
ENSG00000163754,-0.6191981150712939
ENSG00000071794,0.11205255452824396
ENSG00000163755,1.5596214923340181
ENSG00000047457,2.197596084683972
ENSG00000244468,NaN
ENSG00000163762,-0.581722069181402
ENSG00000169908,3.5055388586019682
ENSG00000240541,0.47807435680466914
ENSG00000169903,0.14244446410521455
ENSG00000018408,6.031352164775491
ENSG00000241313,2.90193964841331
ENSG00000114744,-1.2308676534565959
ENSG00000206199,2.7944477541556694
ENSG00000082996,0.3349290588698669
ENSG00000070087,-1.7927114914382802
ENSG00000243944,NaN
ENSG00000196428,-0.5155979677001643
ENSG00000120742,-0.5744111525633172
ENSG00000144895,-1.7904882472046253
ENSG00000198843,-0.6062896503616935
ENSG00000163645,-0.9078351500790938
ENSG00000240137,0.945941942322121
ENSG00000287688,NaN
ENSG00000181788,-0.49277418312615434
ENSG00000244265,-0.5640604124853335
ENSG00000144893,1.2045908253018593
ENSG00000174946,NaN
ENSG00000174944,NaN
ENSG00000138271,NaN
ENSG00000152580,NaN
ENSG00000242908,8.28478552395218
ENSG00000114771,0.8782705787557911
ENSG00000198829,3.308300379715668
ENSG00000152601,1.2219495620795175
ENSG00000229619,-0.2614344554492151
ENSG00000243305,2.121947819037658
ENSG00000181467,-0.09014057294708788
ENSG00000238755,NaN
ENSG00000243486,5.817807035372013
ENSG00000243069,NaN
ENSG00000114790,-0.7982011116900087
ENSG00000174953,0.12255971009013975
ENSG00000174948,NaN
ENSG00000196549,NaN
ENSG00000240045,NaN
ENSG00000114805,3.68909190481999
ENSG00000174928,0.008304759229189163
ENSG00000169359,-1.4788744758610968
ENSG00000286585,0.30970084437207757
ENSG00000163655,-0.29943547154965516
ENSG00000288032,NaN
ENSG00000169282,NaN
ENSG00000287916,NaN
ENSG00000272990,NaN
ENSG00000114850,-1.0454886080229175
ENSG00000243926,-0.06409473723506981
ENSG00000163659,2.346073147208339
ENSG00000240875,0.5506338638316923
ENSG00000197980,-0.17444904497648633
ENSG00000163660,-0.33226723065660396
ENSG00000241770,NaN
ENSG00000243176,-1.3435390751619372
ENSG00000197415,NaN
ENSG00000163661,NaN
ENSG00000174899,0.3563330791268586
ENSG00000168779,-0.46759569954967123
ENSG00000174891,2.4317046310248553
ENSG00000243150,2.9047420473082406
ENSG00000178053,-1.0130388864329372
ENSG00000168827,-1.28428917261741
ENSG00000079257,-0.035845196961168786
ENSG00000118849,4.103697004028557
ENSG00000118855,-0.314135974948962
ENSG00000240207,-5.970491330796825
ENSG00000283154,2.0819817901935678
ENSG00000151967,NaN
ENSG00000244040,0.7897136492285454
ENSG00000180044,-0.4673675786891233
ENSG00000068885,-0.05779575627119152
ENSG00000113810,2.1846533420300203
ENSG00000213186,-1.7035897093472416
ENSG00000186432,-1.5323273778214337
ENSG00000179674,NaN
ENSG00000163590,0.5351047493982595
ENSG00000169255,NaN
ENSG00000169251,0.2573975843524926
ENSG00000196542,NaN
ENSG00000288087,1.614688235090988
ENSG00000241369,NaN
ENSG00000244128,-0.060279328347254274
ENSG00000114200,-1.8062971877701925
ENSG00000114209,-1.5057698915774869
ENSG00000163536,-0.24653635621339073
ENSG00000173905,0.3438742288209935
ENSG00000085276,2.6363682192822178
ENSG00000270141,NaN
ENSG00000184378,-0.7164119124599444
ENSG00000269889,NaN
ENSG00000085274,1.5377309373424584
ENSG00000008952,1.3308786369031043
ENSG00000173890,0.6772651894848558
ENSG00000173889,1.6519826686603458
ENSG00000163558,-0.3613682272533163
ENSG00000136603,0.9221548243460717
ENSG00000242578,0.6555692579204496
ENSG00000013297,0.6188507438088421
ENSG00000285051,NaN
ENSG00000163584,0.28856404983740175
ENSG00000163577,-0.28410265967657006
ENSG00000154310,3.5894127641167697
ENSG00000075651,0.9108309145932935
ENSG00000075420,3.707758928237964
ENSG00000121858,1.674110114535171
ENSG00000144959,3.446619268692766
ENSG00000287012,NaN
ENSG00000114346,2.0154737740222988
ENSG00000237473,NaN
ENSG00000169760,NaN
ENSG00000177694,1.6839907761825588
ENSG00000226779,NaN
ENSG00000177565,0.12816160847678856
ENSG00000231310,NaN
ENSG00000231574,NaN
ENSG00000223930,NaN
ENSG00000197584,NaN
ENSG00000237978,NaN
ENSG00000172667,0.2949955265282513
ENSG00000121879,0.5209331648819914
ENSG00000171121,-0.07341931443641973
ENSG00000121864,-0.8910738798437869
ENSG00000171109,-1.2123170279065292
ENSG00000114450,-1.1088929875781819
ENSG00000242539,NaN
ENSG00000136518,0.3068318454713606
ENSG00000136522,-0.10358045802825186
ENSG00000136521,-1.6099291082719405
ENSG00000058056,-0.6593987793586051
ENSG00000114757,NaN
ENSG00000239774,NaN
ENSG00000163728,1.8879358574951417
ENSG00000285336,NaN
ENSG00000114416,0.6234194204745293
ENSG00000205981,-0.964508131619888
ENSG00000242808,0.180837428174806
ENSG00000181449,0.9989320789968105
ENSG00000058063,3.597207168545385
ENSG00000043093,-0.6254298552685325
ENSG00000078070,1.8160621211429624
ENSG00000053524,3.717121869803981
ENSG00000176597,-0.8745659220892003
ENSG00000114796,2.2546283768968447
ENSG00000163872,1.628836552679918
ENSG00000180834,-0.2176878054893697
ENSG00000175193,-0.39934510180045024
ENSG00000114770,0.29874330983828196
ENSG00000272721,NaN
ENSG00000145191,-1.9937810725664622
ENSG00000161202,0.9128024301584795
ENSG00000161203,-0.9328412918167995
ENSG00000161204,-0.645125333868017
ENSG00000145198,NaN
ENSG00000214160,-1.6927398871629002
ENSG00000284753,-0.8556249794090357
ENSG00000163888,NaN
ENSG00000175166,-0.9120828789373961
ENSG00000114867,-0.08102500697194635
ENSG00000175182,0.2917726278715578
ENSG00000114859,-1.2128360158770464
ENSG00000163882,-1.7996702607329054
ENSG00000182580,NaN
ENSG00000177383,-0.6233767588821105
ENSG00000272970,NaN
ENSG00000156931,1.4635569844768628
ENSG00000113790,1.6727897530144207
ENSG00000073803,1.2646891603429833
ENSG00000163900,-0.09549774377837783
ENSG00000163898,1.5125641699315768
ENSG00000163904,-0.057995703702828444
ENSG00000073792,1.0290494458467754
ENSG00000136527,-1.5676687025922658
ENSG00000244405,-1.8727317539824568
ENSG00000058866,1.365117851790429
ENSG00000213139,NaN
ENSG00000113838,-0.08296622573652294
ENSG00000090520,-0.39785423753834925
ENSG00000197099,1.0689794945202586
ENSG00000145192,NaN
ENSG00000156976,-0.3856767706434673
ENSG00000163918,0.568930757883047
ENSG00000231724,3.113185650986404
ENSG00000232233,2.7646741257063296
ENSG00000073849,-0.20124302248931594
ENSG00000163923,-1.0646265709550362
ENSG00000113916,-0.8366789549741729
ENSG00000270959,0.4596837018623383
ENSG00000145012,4.347165847045243
ENSG00000188001,1.7226505317108873
ENSG00000073282,5.95863742800207
ENSG00000090530,2.1348483719355076
ENSG00000225764,NaN
ENSG00000163347,1.6565902567902975
ENSG00000113946,NaN
ENSG00000196083,4.845093511630832
ENSG00000152492,-1.7699178232162396
ENSG00000114279,1.8325187296657868
ENSG00000180611,0.27545207384694176
ENSG00000198836,0.6711562137994537
ENSG00000224855,NaN
ENSG00000214146,NaN
ENSG00000232874,NaN
ENSG00000114315,3.629193669371397
ENSG00000225742,NaN
ENSG00000214145,-0.5092368330741454
ENSG00000133657,0.7752165488067922
ENSG00000233058,NaN
ENSG00000231770,-0.5737704221905858
ENSG00000145014,-0.4870369105678089
ENSG00000229334,-0.6116872918145391
ENSG00000041802,0.09025874424438744
ENSG00000185112,-0.32047875344454
ENSG00000173950,1.8554794285324792
ENSG00000114331,2.034757538972929
ENSG00000229325,NaN
ENSG00000184203,-0.3435257379095899
ENSG00000189058,NaN
ENSG00000229178,NaN
ENSG00000176945,-2.9930060775730296
ENSG00000145113,NaN
ENSG00000223783,NaN
ENSG00000061938,0.30275174702076263
ENSG00000224614,NaN
ENSG00000072274,1.3862487572642113
ENSG00000163959,NaN
ENSG00000161217,-0.9659477254176505
ENSG00000213123,-1.4232398326024056
ENSG00000145107,2.385102413990853
ENSG00000163960,-1.0340070652576352
ENSG00000163961,-1.3972813547274316
ENSG00000214097,NaN
ENSG00000185798,-0.5995309466907609
ENSG00000174013,-2.2144966306466483
ENSG00000232065,-0.03647431730864626
ENSG00000163964,-0.2385581507159523
ENSG00000174007,-1.2405232497178271
ENSG00000180370,-0.6795612645162299
ENSG00000119231,1.9361636711602919
ENSG00000230732,NaN
ENSG00000114503,-0.49919960956453396
ENSG00000270170,-1.7309636939267954
ENSG00000119227,-0.22797589416650071
ENSG00000163975,1.5350500615377274
ENSG00000228109,-1.3810714540379778
ENSG00000075711,0.0032867807086704648
ENSG00000161267,-0.40397017835079596
ENSG00000286909,-0.9705785191387999
ENSG00000287286,NaN
ENSG00000145016,1.7038591389478606
ENSG00000122068,-0.8333847546705371
ENSG00000186001,-0.6056282138013502
ENSG00000114473,0.8153716441137332
ENSG00000182899,-1.0319439210316201
ENSG00000185621,-1.2726767156880976
ENSG00000272602,1.1596500992816705
ENSG00000250312,1.681830006590318
ENSG00000131127,2.1075735018633135
ENSG00000281016,0.35026274765492466
ENSG00000182903,1.1209175709843289
ENSG00000174227,-0.40219774766510485
ENSG00000169020,-1.3023638141270484
ENSG00000215375,-0.29422699388315465
ENSG00000169026,NaN
ENSG00000185619,-1.0823809388429397
ENSG00000272588,NaN
ENSG00000249592,2.90795640716719
ENSG00000168993,NaN
ENSG00000286205,NaN
ENSG00000178950,-0.4120766532653764
ENSG00000127419,1.9259380019560675
ENSG00000145214,-1.123482804013615
ENSG00000145217,NaN
ENSG00000127415,0.7253075407276542
ENSG00000127418,-1.2015640942804846
ENSG00000178222,1.0849138986180042
ENSG00000251652,0.08869803099028696
ENSG00000227189,NaN
ENSG00000159674,NaN
ENSG00000280927,NaN
ENSG00000159692,-0.10144700927623503
ENSG00000196810,-0.4783174567294482
ENSG00000090316,-1.2802373964690923
ENSG00000163945,1.6455924130988473
ENSG00000288380,2.507209767566955
ENSG00000244459,NaN
ENSG00000174137,-0.18371306414791083
ENSG00000163950,-0.818293903867562
ENSG00000270195,NaN
ENSG00000013810,0.5299256201836301
ENSG00000168936,-0.12098259577382718
ENSG00000068078,0.44874363498268005
ENSG00000168924,-1.5972576687418554
ENSG00000109685,3.0109288481493417
ENSG00000185049,0.23259109489688112
ENSG00000243449,-0.2348405229100677
ENSG00000185818,-0.7094736162779437
ENSG00000130997,-0.624897458054332
ENSG00000214367,-0.7573509923070406
ENSG00000123933,1.809065934806958
ENSG00000159733,-0.7366050815692177
ENSG00000206113,NaN
ENSG00000063978,1.4646831127344164
ENSG00000125386,0.5035427896599225
ENSG00000168884,-1.626971459869887
ENSG00000087266,-0.9991431994051491
ENSG00000087274,1.2845529884110347
ENSG00000109736,0.49439589179103494
ENSG00000249673,-0.9131600573585006
ENSG00000087269,-1.366324669611306
ENSG00000125388,-1
ENSG00000197386,0.07543416959924623
ENSG00000188981,NaN
ENSG00000159788,-1.643206797572255
ENSG00000175920,NaN
ENSG00000163956,0.6226712048767599
ENSG00000184160,-2.2947585516531617
ENSG00000132406,-1.2475949315624442
ENSG00000145220,-1.4798659165743087
ENSG00000168826,-0.7395436611959638
ENSG00000168824,NaN
ENSG00000168818,-0.13374994538776344
ENSG00000247708,0.8638617340230733
ENSG00000273396,NaN
ENSG00000163132,-1.310769547234664
ENSG00000152953,1.1496139990786904
ENSG00000173040,0.23178519167670536
ENSG00000072840,3.649312001343048
ENSG00000072832,0.029297172028307776
ENSG00000109501,-0.3756129965758245
ENSG00000074211,0.43134067476720805
ENSG00000013288,1.0150870107743615
ENSG00000179010,-1.1996703295744948
ENSG00000251580,-1.4345513741302234
ENSG00000170846,-0.4624874742448769
ENSG00000246526,NaN
ENSG00000163993,0.9807351838892246
ENSG00000178988,-0.49450224896562883
ENSG00000186222,-1.5735799774012702
ENSG00000170871,0.7247696348659635
ENSG00000132405,-0.6083266563136709
ENSG00000287104,-0.8117917807877053
ENSG00000173013,-3.8327649054714623
ENSG00000173011,-1.5475425664938418
ENSG00000109519,-1.3703908794145876
ENSG00000245468,NaN
ENSG00000184985,-1.2196174783324483
ENSG00000272620,NaN
ENSG00000196526,0.281090427312397
ENSG00000287164,-0.7344233172574833
ENSG00000163995,1.228884729583595
ENSG00000125089,-0.03810191733008792
ENSG00000170801,NaN
ENSG00000251615,NaN
ENSG00000087008,0.12939804462010734
ENSG00000155275,1.3334807317488668
ENSG00000251186,NaN
ENSG00000205959,NaN
ENSG00000215612,NaN
ENSG00000229924,NaN
ENSG00000287117,NaN
ENSG00000109667,-0.1429938041801673
ENSG00000261490,NaN
ENSG00000071127,-0.6523461993809277
ENSG00000178163,-0.9261629339887678
ENSG00000002587,-0.09905432085612854
ENSG00000287778,1.8161934382102907
ENSG00000249631,NaN
ENSG00000157869,4.032027876146962
ENSG00000109705,NaN
ENSG00000038219,0.8529565333285057
ENSG00000250634,0.8817054335959597
ENSG00000249988,NaN
ENSG00000248360,NaN
ENSG00000247624,NaN
ENSG00000137449,0.4821281724214481
ENSG00000249252,4.213645663120138
ENSG00000048342,1.389368741841045
ENSG00000118564,0.13207487504371168
ENSG00000237765,-2.0497239392082567
ENSG00000109743,0.8065933992341301
ENSG00000004468,2.7323674903639787
ENSG00000137440,-0.49432348999360504
ENSG00000007062,NaN
ENSG00000169762,2.3375233638587445
ENSG00000263327,1.4753914537208324
ENSG00000286888,NaN
ENSG00000151552,-1.7165808050820903
ENSG00000002549,-1.7264146681556778
ENSG00000249502,NaN
ENSG00000118579,-1.2666127960849694
ENSG00000047662,0.8013078664043272
ENSG00000163257,-1.2321971870605644
ENSG00000109805,-2.9976579864785826
ENSG00000178177,1.7959752902201185
ENSG00000248515,0.12491982061522605
ENSG00000163138,1.4666680949921296
ENSG00000185774,-0.28426215891355977
ENSG00000250039,NaN
ENSG00000152990,2.4327187710897786
ENSG00000109819,2.9024524146751642
ENSG00000109606,0.5537755236251737
ENSG00000181982,-1.1345301078539776
ENSG00000153012,NaN
ENSG00000109618,0.5095372234166786
ENSG00000281501,-1.1791392724283352
ENSG00000038210,0.27993583982268094
ENSG00000168228,0.049177508884789965
ENSG00000053900,-1.2956667141248208
ENSG00000091490,1.8517884110085994
ENSG00000250317,-1.5804302017936362
ENSG00000168214,1.0394391637795473
ENSG00000109680,3.1684121961490423
ENSG00000109689,0.8547869290370738
ENSG00000240005,NaN
ENSG00000286321,0.28795903007594464
ENSG00000250064,NaN
ENSG00000248338,NaN
ENSG00000169851,NaN
ENSG00000251129,2.876867302112646
ENSG00000286212,-1.3019385384162157
ENSG00000248685,NaN
ENSG00000047365,2.9914415436939668
ENSG00000247193,NaN
ENSG00000181826,-0.13585015021240104
ENSG00000169299,-1.0802563502378781
ENSG00000065882,-1.5171745510863488
ENSG00000251635,NaN
ENSG00000231160,-0.8597705035764411
ENSG00000109787,1.5548957055298605
ENSG00000174125,-1.453538743245706
ENSG00000174130,-1.0347231774885277
ENSG00000197712,-0.8651829822387124
ENSG00000121895,-0.09765331538756668
ENSG00000109790,1.1498678462744978
ENSG00000249207,-0.18359713912315645
ENSG00000249685,NaN
ENSG00000157796,1.2378298984576903
ENSG00000035928,-0.8206247539780736
ENSG00000134962,1.0902217042834408
ENSG00000163682,-1.0778394468850658
ENSG00000121897,-0.2263888169940065
ENSG00000109814,1.7106738975165983
ENSG00000249348,-0.8883609074905285
ENSG00000287262,NaN
ENSG00000163683,-1.0384439506614784
ENSG00000286349,NaN
ENSG00000255458,NaN
ENSG00000078140,0.7300135752518516
ENSG00000121892,0.7414157356406634
ENSG00000078177,-0.8141893038815886
ENSG00000168421,NaN
ENSG00000174343,NaN
ENSG00000163694,0.40729842351794177
ENSG00000179299,-0.5861245371889867
ENSG00000163697,2.5937901513452046
ENSG00000251173,NaN
ENSG00000154277,-0.2762172789544582
ENSG00000064042,4.696789447676902
ENSG00000109133,-0.2833684067479011
ENSG00000014824,1.5181259253852457
ENSG00000124406,3.3681958405980272
ENSG00000286891,NaN
ENSG00000183783,NaN
ENSG00000177752,NaN
ENSG00000151806,0.05758739167775342
ENSG00000163281,-0.8005455586126349
ENSG00000272936,NaN
ENSG00000169019,-1.1983346308175977
ENSG00000145246,2.7733139709678323
ENSG00000145244,1.8598040861225347
ENSG00000282917,-0.23132947569220735
ENSG00000170448,1.88609958544812
ENSG00000163293,2.4638455276358737
ENSG00000074966,5.1947300969157
ENSG00000135605,-0.05444323617545061
ENSG00000109171,0.6153637779526793
ENSG00000145248,-1.024438126648947
ENSG00000075539,0.6496450697515991
ENSG00000109180,1.9511974745365641
ENSG00000248256,NaN
ENSG00000145247,-0.56460888349489
ENSG00000109184,0.8174105240557068
ENSG00000272576,NaN
ENSG00000188993,NaN
ENSG00000163069,-2.0036630020218857
ENSG00000163071,-1.2500662406157226
ENSG00000109189,0.543723703404948
ENSG00000248866,NaN
ENSG00000250302,0.5840703621427554
ENSG00000226950,-1.0643397029334285
ENSG00000286161,NaN
ENSG00000226887,0.2766806087507201
ENSG00000184178,3.163928522210515
ENSG00000145216,0.11359972626506629
ENSG00000248494,NaN
ENSG00000272650,NaN
ENSG00000109220,0.600484249364584
ENSG00000134853,NaN
ENSG00000128039,-0.8191803066533413
ENSG00000134851,-0.9441780779859508
ENSG00000134852,0.7965284957761243
ENSG00000109255,-3.583605977499872
ENSG00000090989,1.96748999892912
ENSG00000286599,NaN
ENSG00000174799,0.20909462574660878
ENSG00000109265,2.154212609331763
ENSG00000286093,NaN
ENSG00000157426,0.2680170622605659
ENSG00000128059,-0.5384708448708749
ENSG00000128050,-0.9103889901502384
ENSG00000174780,-1.4027478882062405
ENSG00000196503,0.01838128770199614
ENSG00000249693,NaN
ENSG00000128040,NaN
ENSG00000084093,0.19375579045408922
ENSG00000084092,0.9449992566455009
ENSG00000047315,0.9068379398414118
ENSG00000163453,8.152160959724892
ENSG00000251339,1.7179762884073755
ENSG00000150471,2.4419469633041304
ENSG00000248692,-0.3573874839938421
ENSG00000145242,1.051444344566513
ENSG00000250846,-0.6831907128352529
ENSG00000249413,1.3909910799415584
ENSG00000287383,NaN
ENSG00000250075,2.233458797779718
ENSG00000145241,-0.8354931883459299
ENSG00000033178,1.6470603136910706
ENSG00000248049,2.1539379424804994
ENSG00000153802,NaN
ENSG00000083896,0.5220213503658144
ENSG00000196620,NaN
ENSG00000135220,NaN
ENSG00000171234,NaN
ENSG00000173597,NaN
ENSG00000132467,-0.5478895947731712
ENSG00000272986,1.2022832112181854
ENSG00000018189,0.6123594168340196
ENSG00000132463,-1.3304187815897985
ENSG00000173542,0.862490726515515
ENSG00000156136,-1.820557039535595
ENSG00000080493,0.3872268699042455
ENSG00000163626,-0.7175059150154617
ENSG00000132466,1.53699944257902
ENSG00000250220,3.156401610388396
ENSG00000163631,NaN
ENSG00000081051,NaN
ENSG00000169435,-0.2957391946811078
ENSG00000169429,-0.20713262788488102
ENSG00000163739,-1.3668825761675194
ENSG00000163737,NaN
ENSG00000163735,-0.5262722760985487
ENSG00000287037,1.1378401479261586
ENSG00000163734,0.9612589398619338
ENSG00000081041,0.6927127067866721
ENSG00000163738,-0.9522782021301606
ENSG00000269559,1.2577688427245346
ENSG00000124882,0.13738118840646654
ENSG00000109321,0.4981398772744892
ENSG00000249942,1.213733613709271
ENSG00000174808,-1.026506537491854
ENSG00000169116,NaN
ENSG00000260265,-1.811578406009027
ENSG00000163743,0.17509833712530976
ENSG00000174796,-1.3740582290451118
ENSG00000174792,NaN
ENSG00000138769,-0.4248377935372423
ENSG00000138757,-0.5977511072440069
ENSG00000138768,0.8096525436687484
ENSG00000229717,-2.2770750473450883
ENSG00000138744,-1.7652368064184085
ENSG00000198301,1.8204003494196919
ENSG00000156219,NaN
ENSG00000138750,-0.7903454767773143
ENSG00000286074,3.3278365961090413
ENSG00000138760,-0.11939734195533735
ENSG00000189157,NaN
ENSG00000287401,0.2675976258376075
ENSG00000118804,-0.6026664454555628
ENSG00000138771,2.2767832592553283
ENSG00000233860,NaN
ENSG00000138758,-0.03795108222141025
ENSG00000118816,-1.1996705105329513
ENSG00000138764,-0.5134502152399114
ENSG00000138767,0.7438587903966271
ENSG00000169288,-0.6037556613525564
ENSG00000138759,3.517307286241702
ENSG00000138772,-0.9862695576530898
ENSG00000251442,NaN
ENSG00000260278,NaN
ENSG00000138756,1.2402465340325894
ENSG00000163291,1.6160520782526997
ENSG00000249307,0.39952518956999244
ENSG00000163297,5.029240261791999
ENSG00000197826,NaN
ENSG00000138669,NaN
ENSG00000138670,NaN
ENSG00000273156,-2.2796562110369023
ENSG00000138668,-0.4404219143056663
ENSG00000272677,-0.43522566347213115
ENSG00000152795,-0.8230794763147424
ENSG00000145293,1.2139507441615756
ENSG00000249242,0.41149460452295633
ENSG00000145284,-0.622156915030974
ENSG00000138674,1.672117665690035
ENSG00000251022,0.7263193516799878
ENSG00000168152,-1.3059905580367628
ENSG00000189308,-1.021307219208004
ENSG00000138663,0.5206165240874902
ENSG00000286035,-1.1736064174229262
ENSG00000145287,NaN
ENSG00000250057,2.1537379890243087
ENSG00000173085,0.19435438080283787
ENSG00000173083,NaN
ENSG00000163312,-0.25947410702803353
ENSG00000163319,-2.48835034652563
ENSG00000163322,-0.7621487262849466
ENSG00000138678,-0.5463466599446138
ENSG00000250546,1.5963833517377362
ENSG00000163624,4.1434141513079785
ENSG00000163625,2.144287173324582
ENSG00000251260,NaN
ENSG00000180769,-0.6127297483014356
ENSG00000138639,-0.5476930986681935
ENSG00000109339,2.896248285995077
ENSG00000250062,NaN
ENSG00000163629,2.100022600239719
ENSG00000145283,NaN
ENSG00000163633,-0.7375438030916744
ENSG00000284968,-0.7206161935190012
ENSG00000172493,0.06714871047722155
ENSG00000145332,1.8097507572434823
ENSG00000170509,NaN
ENSG00000198189,0.10537886066501972
ENSG00000170502,-0.3764634169364448
ENSG00000152583,NaN
ENSG00000286618,1.7867028580101598
ENSG00000118785,2.0884566981478168
ENSG00000118762,0.047328673160288236
ENSG00000118777,-1.5835271697362627
ENSG00000163644,-1.5510086737061715
ENSG00000138642,-0.7874962407808228
ENSG00000138646,-0.7154906955570884
ENSG00000145337,-1.9540628749741766
ENSG00000138641,1.1751173970620534
ENSG00000177432,-0.542694580458851
ENSG00000248019,NaN
ENSG00000138640,-0.1610953919249966
ENSG00000180346,-0.6862677491421794
ENSG00000185477,1.02051582025797
ENSG00000145335,0.20742871035112215
ENSG00000184305,0.6808841201292329
ENSG00000152208,1.2564508605172415
ENSG00000246541,NaN
ENSG00000163104,0.8036364656662108
ENSG00000163110,0.671849492855606
ENSG00000249951,3.405877731836526
ENSG00000249599,-1.4987961581645752
ENSG00000138696,9.621849633489905
ENSG00000182168,0.4037444500965855
ENSG00000163116,-1.5198278481234009
ENSG00000214559,3.150560123346031
ENSG00000138698,0.7659201592005448
ENSG00000168785,1.7626647199310206
ENSG00000151247,-0.8202017745811289
ENSG00000164024,1.6265728928850784
ENSG00000197894,-1.740509064251386
ENSG00000246090,0.6846818492305565
ENSG00000172955,NaN
ENSG00000248144,NaN
ENSG00000145331,1.6215283842462942
ENSG00000109270,-0.6867668065690445
ENSG00000164031,1.6331751020767171
ENSG00000164032,-0.8917001698429401
ENSG00000245322,NaN
ENSG00000145358,-0.0858871936916487
ENSG00000138814,8.695197368563212
ENSG00000254531,-0.27161223048411387
ENSG00000153064,-1.0959382234839117
ENSG00000251309,5.051559842096318
ENSG00000138821,-0.3989276437143092
ENSG00000248161,-1.0665886742171526
ENSG00000260651,NaN
ENSG00000109320,1.0295247584577383
ENSG00000109323,1.3120424830183408
ENSG00000109332,-0.19622701663808564
ENSG00000286242,7.672479726739853
ENSG00000246560,-1.3439240148886429
ENSG00000145354,-0.2496262732023044
ENSG00000164037,NaN
ENSG00000164038,1.1917795231484982
ENSG00000164039,0.8639082391378011
ENSG00000138778,-0.31907053039595185
ENSG00000248740,NaN
ENSG00000168772,-0.795770500877731
ENSG00000245384,NaN
ENSG00000251259,NaN
ENSG00000168769,2.412851242544746
ENSG00000138777,-0.9697969471521927
ENSG00000236699,NaN
ENSG00000138785,0.7819264057372223
ENSG00000138780,0.7580520716827416
ENSG00000168743,1.0578659902791288
ENSG00000249635,-0.8218698778494821
ENSG00000145348,2.212077313217465
ENSG00000164022,-1.3759883270348845
ENSG00000286147,NaN
ENSG00000155011,NaN
ENSG00000138801,-1.0336819325908286
ENSG00000164023,0.12797486323872037
ENSG00000245293,NaN
ENSG00000155016,0.5910782591613477
ENSG00000138796,-1.7564858835303758
ENSG00000234492,0.3523099709533471
ENSG00000109475,-0.8338764494439388
ENSG00000198856,-0.5660905960122552
ENSG00000286136,NaN
ENSG00000188517,NaN
ENSG00000247950,-0.530582467143413
ENSG00000138802,1.3488162135466313
ENSG00000005059,0.2363514791801488
ENSG00000138794,0.7574241000718399
ENSG00000123739,-1.468327137413616
ENSG00000205403,5.2550788138453
ENSG00000109534,-1.3978050402701498
ENSG00000180245,NaN
ENSG00000138798,5.009302352011838
ENSG00000170522,1.2877006806825333
ENSG00000138792,-0.7202096915536796
ENSG00000164093,-0.4825324709815898
ENSG00000174749,0.373413178034136
ENSG00000138660,-1.7030535994931246
ENSG00000145365,-1.8381328099232273
ENSG00000073331,0.4423951992538234
ENSG00000138658,-2.3800106972424473
ENSG00000174720,-0.7968779286378623
ENSG00000145362,1.2064728489215322
ENSG00000248152,4.507285867031713
ENSG00000145349,2.5702380031931957
ENSG00000180801,-0.15624368677350212
ENSG00000174607,NaN
ENSG00000174599,NaN
ENSG00000269893,-0.37865629239099774
ENSG00000164099,NaN
ENSG00000281731,NaN
ENSG00000145388,0.5321377158809615
ENSG00000150961,-0.4551385438781395
ENSG00000172403,0.1721355915995017
ENSG00000145390,0.7908156561556544
ENSG00000164096,-2.2883465239913052
ENSG00000138735,1.4400909938625448
ENSG00000164109,-1.3371715093423395
ENSG00000138738,2.6202266118803137
ENSG00000186867,NaN
ENSG00000164111,-1.3600128364581296
ENSG00000123737,-2.015547452084684
ENSG00000145386,0.1861432665603004
ENSG00000138686,-0.49132264671227216
ENSG00000138688,3.430549797734407
ENSG00000181004,-0.33238755953007476
ENSG00000138685,-0.844029791160353
ENSG00000273007,NaN
ENSG00000170917,1.3961750285526147
ENSG00000145375,0.9026162651507234
ENSG00000164056,-1.3294453963193156
ENSG00000249464,-0.202451765571201
ENSG00000261083,NaN
ENSG00000151458,0.9558450295936687
ENSG00000196159,2.4003619601046062
ENSG00000164066,0.9380408497915375
ENSG00000151475,NaN
ENSG00000164070,-1.1897350712139612
ENSG00000142731,-0.7691254493158975
ENSG00000164073,1.1591304592723137
ENSG00000164074,-0.12885405210956813
ENSG00000138709,3.2553629365630186
ENSG00000164040,-1.073859896780852
ENSG00000251432,1.9509482804226108
ENSG00000273077,NaN
ENSG00000248187,NaN
ENSG00000248802,0.8735215564582086
ENSG00000077684,0.05768102080259811
ENSG00000151466,0.5956302032019363
ENSG00000151470,0.2502210465854006
ENSG00000246876,NaN
ENSG00000249618,NaN
ENSG00000250102,0.503383127801753
ENSG00000251555,NaN
ENSG00000250241,NaN
ENSG00000138650,5.364831507646692
ENSG00000251388,NaN
ENSG00000251199,3.2686113079504486
ENSG00000254535,NaN
ENSG00000249000,NaN
ENSG00000248869,NaN
ENSG00000248307,NaN
ENSG00000250033,0.1297971382946628
ENSG00000151012,8.185647471743561
ENSG00000251372,NaN
ENSG00000250195,-0.3784936304970135
ENSG00000151014,2.2258547470400716
ENSG00000109381,0.7878141866605333
ENSG00000137463,NaN
ENSG00000109390,-1.0250775329940407
ENSG00000164134,-0.8666448790724736
ENSG00000273247,0.9007810550799344
ENSG00000172007,0.585489885341541
ENSG00000145391,1.411872940161816
ENSG00000085871,0.11692160250806363
ENSG00000196782,3.0509570735732456
ENSG00000286320,NaN
ENSG00000250698,NaN
ENSG00000153130,-1.811247198098702
ENSG00000196951,-1.020695730041711
ENSG00000153132,0.752579703004449
ENSG00000179387,-0.8214107738362834
ENSG00000109436,0.8076529052152194
ENSG00000273472,NaN
ENSG00000170153,2.066727525757903
ENSG00000109445,-1.9764978765263486
ENSG00000164136,1.7974185379659404
ENSG00000109452,7.791799762321446
ENSG00000249806,1.8841127364979753
ENSG00000250326,0.23691564719965158
ENSG00000170185,-1.5788839232720497
ENSG00000109458,3.939023224350502
ENSG00000153147,0.12627487654933922
ENSG00000251600,1.2316462320475723
ENSG00000285783,0.9450843762888308
ENSG00000248890,-1.2094531184168629
ENSG00000164161,-0.7503224849286726
ENSG00000164162,-1.9965529101266746
ENSG00000164163,-1.6869622452794495
ENSG00000164164,-0.37598741225651433
ENSG00000170365,0.3552788020150086
ENSG00000151611,NaN
ENSG00000248356,NaN
ENSG00000151612,1.285171909836996
ENSG00000164167,-0.16614592749152088
ENSG00000120519,1.2974939608174338
ENSG00000286371,NaN
ENSG00000151617,0.2686553534022948
ENSG00000164168,1.3360835765621812
ENSG00000164169,2.2975049938053917
ENSG00000071205,0.7046424675740409
ENSG00000151623,-0.9457524692558247
ENSG00000234828,NaN
ENSG00000170390,3.1752951966411542
ENSG00000198589,0.5814836462675244
ENSG00000145425,-1.1507130127109426
ENSG00000109686,1.51288327207137
ENSG00000189099,1.3631607790843685
ENSG00000270265,NaN
ENSG00000164142,NaN
ENSG00000059691,-1.0231467932581724
ENSG00000109670,0.5433664696955494
ENSG00000287555,2.523235976774734
ENSG00000268471,1.1582556372373853
ENSG00000170006,NaN
ENSG00000169989,3.5596143795064834
ENSG00000164144,-0.28182423040281923
ENSG00000137460,2.7457860159998786
ENSG00000109654,-1.5484850787672915
ENSG00000121211,-1.11323110683013
ENSG00000121210,1.269892801231535
ENSG00000171566,0.19857337796121807
ENSG00000171564,1.1282810581039269
ENSG00000171560,-0.19242148764379655
ENSG00000171557,0.923164446409643
ENSG00000121207,2.3834206521454866
ENSG00000250910,NaN
ENSG00000250538,-2.888184770535702
ENSG00000185149,NaN
ENSG00000164114,1.9487098290002167
ENSG00000164116,NaN
ENSG00000061918,NaN
ENSG00000151790,-1.6310077084151684
ENSG00000256043,NaN
ENSG00000145431,3.063916782464912
ENSG00000109738,-0.4015167386049385
ENSG00000287226,2.360346183828156
ENSG00000164125,1.5153363536305162
ENSG00000164124,-0.9644872536779401
ENSG00000171509,NaN
ENSG00000205208,1.3956411245750482
ENSG00000171503,-0.9853748808006418
ENSG00000171497,-1.897173857915017
ENSG00000052795,-0.574435852319077
ENSG00000164123,NaN
ENSG00000109756,1.081503283587091
ENSG00000168843,-1.4331567011701916
ENSG00000248431,NaN
ENSG00000145414,-1.124687087619201
ENSG00000164128,2.4395613744319022
ENSG00000164129,NaN
ENSG00000198498,-1.2944426233458175
ENSG00000145416,1.8073675030638872
ENSG00000273449,NaN
ENSG00000248771,0.11838664696119856
ENSG00000250486,NaN
ENSG00000170088,1.3310515905637006
ENSG00000109466,-0.02164460065781018
ENSG00000052802,-2.034631762150823
ENSG00000109472,-0.27696222815342114
ENSG00000287424,-2.167346894849948
ENSG00000038295,-0.9622653257316418
ENSG00000249675,NaN
ENSG00000196104,-0.4284873883617788
ENSG00000248601,NaN
ENSG00000109511,-0.7608983764615728
ENSG00000287188,2.640299521163255
ENSG00000137628,1.7080573578851757
ENSG00000181381,-0.5332497542271932
ENSG00000129116,4.855016897061642
ENSG00000145439,1.888033887550434
ENSG00000154447,1.0492831207317748
ENSG00000251171,2.5983855903985944
ENSG00000137601,0.27927124976038226
ENSG00000109572,0.13805896570333534
ENSG00000056050,-0.7318263959549808
ENSG00000248319,NaN
ENSG00000198948,2.3625784725548895
ENSG00000109576,-2.1029178255752528
ENSG00000174473,-0.09558594508318612
ENSG00000245213,0.15993269601829813
ENSG00000109586,0.24704397108686263
ENSG00000164104,-1.689689904480992
ENSG00000272870,NaN
ENSG00000164105,-0.68140641914315
ENSG00000164106,NaN
ENSG00000288025,NaN
ENSG00000237125,NaN
ENSG00000250708,-0.26847509798579594
ENSG00000250043,NaN
ENSG00000248174,NaN
ENSG00000164117,1.1826950916249477
ENSG00000164118,-0.911853152540776
ENSG00000164120,2.471286117734078
ENSG00000251584,3.178804012181893
ENSG00000150625,NaN
ENSG00000150627,1.2107943225044364
ENSG00000150628,NaN
ENSG00000129128,-1.6484276165936125
ENSG00000248388,-1.5275372082798018
ENSG00000150630,-0.3606533087043149
ENSG00000287544,NaN
ENSG00000109674,0.23598922726791594
ENSG00000249084,0.6396003129496721
ENSG00000038002,-1.41093364188442
ENSG00000250131,-0.7725796920951131
ENSG00000251504,NaN
ENSG00000287083,NaN
ENSG00000287775,NaN
ENSG00000177822,-0.9555479422909442
ENSG00000218336,1.8192202799161012
ENSG00000248816,NaN
ENSG00000129187,-0.1998338532933634
ENSG00000286821,NaN
ENSG00000272784,NaN
ENSG00000251359,1.2732176064136862
ENSG00000151718,-0.29488404008055963
ENSG00000251128,NaN
ENSG00000168564,-0.17721952707067848
ENSG00000232648,-1.0639781575062197
ENSG00000168556,-1.3939267336398486
ENSG00000182552,-0.6124443838905612
ENSG00000168538,-0.6654855099099773
ENSG00000173320,1.914672793357856
ENSG00000248206,NaN
ENSG00000164303,NaN
ENSG00000180712,1.4299229845292076
ENSG00000249096,NaN
ENSG00000168310,-0.6355204358358468
ENSG00000271646,NaN
ENSG00000286292,NaN
ENSG00000164305,-1.5968839154139707
ENSG00000164306,0.0850670771111814
ENSG00000151725,-1.3218826633758731
ENSG00000151726,-1.2877544335140632
ENSG00000151729,-1.3843491175755587
ENSG00000164323,-1.719764740683817
ENSG00000109762,3.1456204428375756
ENSG00000109771,-0.7312868863279904
ENSG00000250410,0.5959198645124301
ENSG00000186352,-0.24221426329681767
ENSG00000109775,0.7536045095072186
ENSG00000205129,0.3906772975788905
ENSG00000249679,NaN
ENSG00000154553,-0.6531233677486323
ENSG00000154556,0.04801111893863254
ENSG00000164342,-0.3831570155520368
ENSG00000109794,-0.7674481746038276
ENSG00000145476,-1.7194015470646882
ENSG00000164344,1.912631300479324
ENSG00000083857,3.834575495101063
ENSG00000250971,NaN
ENSG00000179046,-1.0534107974649383
ENSG00000247130,NaN
ENSG00000249378,-0.1341733468611182
ENSG00000245685,-0.16398147452245412
ENSG00000109536,-1.7534106336000295
ENSG00000153404,NaN
ENSG00000164366,-1.135877113532573
ENSG00000073578,-0.991190868870192
ENSG00000249915,-1.4076867780431381
ENSG00000063438,0.2315246377654108
ENSG00000221990,-0.46086268137490016
ENSG00000180104,-0.6035153776698277
ENSG00000188242,NaN
ENSG00000066230,NaN
ENSG00000225138,NaN
ENSG00000112877,-1.2018464751853157
ENSG00000171368,0.6119797992398847
ENSG00000206077,NaN
ENSG00000188818,1.8846068482460547
ENSG00000028310,-1.4137673372359987
ENSG00000071539,-0.446528386423763
ENSG00000215246,NaN
ENSG00000145506,-1.2495520730781247
ENSG00000113504,0.8875414458984502
ENSG00000164362,0.9472889973407557
ENSG00000049656,-0.2465390968720136
ENSG00000286388,NaN
ENSG00000153395,1.8762244961908177
ENSG00000171421,-1.7458141213345355
ENSG00000145494,-0.3425540322501684
ENSG00000170561,5.452707158238585
ENSG00000186493,NaN
ENSG00000250579,NaN
ENSG00000145536,2.982640742894808
ENSG00000286753,-1.756922663076874
ENSG00000164151,0.802272292819045
ENSG00000133398,-1.252786378812879
ENSG00000287031,1.7869335562522988
ENSG00000215218,NaN
ENSG00000037474,-1.0501642377481255
ENSG00000145545,-1.8917199110865865
ENSG00000248677,NaN
ENSG00000112941,1.527407581830872
ENSG00000251365,-0.7161247690786806
ENSG00000078295,NaN
ENSG00000215217,NaN
ENSG00000124275,-0.3150815404900654
ENSG00000124279,-1.729290910715313
ENSG00000247516,-1.3224686589172094
ENSG00000249781,NaN
ENSG00000272417,NaN
ENSG00000150756,-1.1578280147283113
ENSG00000248968,NaN
ENSG00000150753,0.46771047960016304
ENSG00000271980,NaN
ENSG00000164237,0.43968674700879296
ENSG00000259802,-2.3987473850967693
ENSG00000145495,1.2349245569174672
ENSG00000145491,0.12168269744818071
ENSG00000164236,3.7163432043582434
ENSG00000112977,0.08892164678737852
ENSG00000169862,-0.11057556761012027
ENSG00000248131,3.871501740415374
ENSG00000039139,2.2700411567571708
ENSG00000038382,6.148370999706648
ENSG00000145569,-0.5376862186351148
ENSG00000261360,NaN
ENSG00000154124,0.30836198414167243
ENSG00000154122,3.2424145802662756
ENSG00000183580,1.020596570559099
ENSG00000248150,NaN
ENSG00000173545,0.6344450163677433
ENSG00000154153,-1.1297675335460797
ENSG00000246214,0.929383549468112
ENSG00000145555,2.1544243291766243
ENSG00000176788,-0.39243806514977536
ENSG00000215196,2.093848127965029
ENSG00000248223,NaN
ENSG00000249199,-1.9845438082383584
ENSG00000249937,-1.4352026136886828
ENSG00000145526,NaN
ENSG00000251629,NaN
ENSG00000249359,NaN
ENSG00000154162,NaN
ENSG00000248874,5.223269757193699
ENSG00000286134,4.518839073538736
ENSG00000040731,0.4116267829130279
ENSG00000251294,1.4060922965063445
ENSG00000286238,NaN
ENSG00000251273,NaN
ENSG00000245662,0.9201830538562213
ENSG00000251654,NaN
ENSG00000248605,0.8048599018768317
ENSG00000286625,-0.47006017625690527
ENSG00000113100,1.6214011372761288
ENSG00000250337,2.608534907894057
ENSG00000248490,NaN
ENSG00000250453,NaN
ENSG00000286432,-0.25594324173566674
ENSG00000259786,NaN
ENSG00000254138,NaN
ENSG00000113361,1.1829124920428458
ENSG00000113360,-0.17027062083919794
ENSG00000082213,-0.6291859830777426
ENSG00000133401,-0.4149218731178745
ENSG00000250764,-0.8341039997056987
ENSG00000113384,-0.038247660043480285
ENSG00000272086,0.543577107205589
ENSG00000150712,0.32020368875043415
ENSG00000056097,0.17041420885898267
ENSG00000113387,-0.24268760361631045
ENSG00000113389,0.0022346167233892253
ENSG00000250697,-0.3723514905767078
ENSG00000249572,-0.5841098342566837
ENSG00000113407,-0.04230074688049301
ENSG00000151388,0.43919212844657496
ENSG00000242110,-0.5641423741783751
ENSG00000286543,NaN
ENSG00000039560,1.570226256214322
ENSG00000272323,0.7373269775296347
ENSG00000205838,-0.826353190899925
ENSG00000113456,-1.9784718561570174
ENSG00000113460,-1.8406907676711644
ENSG00000168724,-0.4585569341910773
ENSG00000152582,-1.0870482075350034
ENSG00000248969,NaN
ENSG00000168685,NaN
ENSG00000152611,NaN
ENSG00000164187,3.049225830826614
ENSG00000145604,-2.070609358732238
ENSG00000152620,1.1603020329291092
ENSG00000079215,NaN
ENSG00000285967,-1.1052356603749285
ENSG00000164190,1.5717645141350969
ENSG00000197603,2.618995709096616
ENSG00000286193,1.558024938515775
ENSG00000113569,1.3884162191771543
ENSG00000082068,1.8066468862371026
ENSG00000251257,NaN
ENSG00000113594,0.30727790460572285
ENSG00000249740,1.9255637873835678
ENSG00000145623,1.4796711651851473
ENSG00000164327,1.24997770405721
ENSG00000082074,0.5700059638304309
ENSG00000113600,0.3873796856338957
ENSG00000153071,1.9438677822187747
ENSG00000113638,1.714210245568435
ENSG00000171522,-2.427018808322674
ENSG00000132356,1.2430522938746675
ENSG00000145592,-1.0601529516845205
ENSG00000132357,0.8516185754081921
ENSG00000182836,0.6631260496868898
ENSG00000083720,0
ENSG00000205765,3.128892240984571
ENSG00000151876,-1.641251230147356
ENSG00000112964,NaN
ENSG00000250722,NaN
ENSG00000287263,-1
ENSG00000286656,NaN
ENSG00000177738,0.5671630619865619
ENSG00000251131,NaN
ENSG00000177721,-1.1306978518752853
ENSG00000215068,2.1524912157929608
ENSG00000172262,0.8256986383925826
ENSG00000177453,0.17720720603038687
ENSG00000112972,2.2138579420489535
ENSG00000151881,-0.0736459282261797
ENSG00000249492,-0.7263790589393618
ENSG00000172244,0.0838786392720756
ENSG00000248240,NaN
ENSG00000172239,-1.20190286838129
ENSG00000248092,-1.0611094135975125
ENSG00000112992,2.6951608386987735
ENSG00000251141,NaN
ENSG00000112996,-0.17122774430976967
ENSG00000272335,-1.5025174275957096
ENSG00000170571,-0.7362855662199409
ENSG00000151883,1.2331606477268517
ENSG00000248898,NaN
ENSG00000152684,-0.7341296661012763
ENSG00000213949,5.913657174162669
ENSG00000164171,2.3443578460264707
ENSG00000164172,-1.6829388821806919
ENSG00000247796,-1.152423810656363
ENSG00000134363,-0.3513596286194196
ENSG00000164258,-0.1475629389098617
ENSG00000185305,5.0169802931387695
ENSG00000249069,-1.3129698662424325
ENSG00000178996,1.0102723011653685
ENSG00000164294,-1.1793359090386402
ENSG00000234602,NaN
ENSG00000152669,2.3120236834344445
ENSG00000251307,1.7469759198538517
ENSG00000067248,0.421452346712056
ENSG00000039123,1.1571955085794259
ENSG00000067113,0.8529654750403243
ENSG00000177058,1.9594746408720116
ENSG00000152670,NaN
ENSG00000134352,-0.23743583060240414
ENSG00000249236,1.0985159533521043
ENSG00000227908,NaN
ENSG00000164512,0.16551060722203384
ENSG00000225940,NaN
ENSG00000095015,0.0728248381685778
ENSG00000237705,NaN
ENSG00000225230,NaN
ENSG00000155542,-1.4886237932016781
ENSG00000155545,-1.4250486209417639
ENSG00000235635,NaN
ENSG00000062194,1.1379102831932317
ENSG00000145632,-1.4541532404033504
ENSG00000152932,NaN
ENSG00000248475,NaN
ENSG00000113448,-0.31833785553504257
ENSG00000247345,1.4528449315320058
ENSG00000152931,NaN
ENSG00000035499,-1.448444564399638
ENSG00000287434,NaN
ENSG00000164181,0.8161087901363528
ENSG00000272308,0.6685420590256265
ENSG00000049167,2.358249075768077
ENSG00000164182,0.6485621235721984
ENSG00000188725,-1.224839868774622
ENSG00000251279,1.394774475305551
ENSG00000249279,2.032193429547081
ENSG00000130449,5.264372830510958
ENSG00000178722,0.9790706834820159
ENSG00000068796,-0.463694695814966
ENSG00000086189,-0.4648919504543899
ENSG00000086200,0.030223832907263624
ENSG00000164197,0.6324195907596974
ENSG00000153006,-0.5645893952977503
ENSG00000153015,0.2912272313665972
ENSG00000272370,NaN
ENSG00000049192,2.588889835103864
ENSG00000123219,-0.2839277033871401
ENSG00000113593,-1.6724747939945832
ENSG00000113595,1.2773399270145207
ENSG00000253251,0.4025093179040029
ENSG00000113597,1.1848975177649357
ENSG00000197860,0.256777794129321
ENSG00000123213,1.4860565014990685
ENSG00000269961,-1.6032985784026583
ENSG00000112851,1.2697503670327397
ENSG00000286314,-0.8987581997803518
ENSG00000285999,0.08989830841904106
ENSG00000153914,-0.1629355064911973
ENSG00000251391,NaN
ENSG00000069020,2.3773432777092642
ENSG00000229666,NaN
ENSG00000134061,NaN
ENSG00000249364,NaN
ENSG00000145675,-0.7928179614699964
ENSG00000248359,NaN
ENSG00000145740,3.297486765841918
ENSG00000248664,NaN
ENSG00000134057,0.20263944910127268
ENSG00000153044,-2.263796982368941
ENSG00000134056,-1.5350788686877377
ENSG00000134058,3.193293542460945
ENSG00000183323,-1.4309822277508972
ENSG00000085231,-2.12177639658361
ENSG00000273841,-1.7591585584234943
ENSG00000152942,-0.8852687152747555
ENSG00000152939,-1.0011409773455973
ENSG00000197822,0.9428820737912043
ENSG00000183474,0.8881521820836821
ENSG00000205571,-1.0695931051932661
ENSG00000269983,-1.4453396518558959
ENSG00000172058,NaN
ENSG00000172062,-0.13379327248997716
ENSG00000249437,-1.271391134475702
ENSG00000145736,2.557843966678796
ENSG00000145734,-0.48012578018908797
ENSG00000131844,-0.25223238555572974
ENSG00000285804,NaN
ENSG00000131711,3.7960840144968464
ENSG00000113048,-0.0035629138642351062
ENSG00000049883,0.7558052764462102
ENSG00000251613,NaN
ENSG00000249085,NaN
ENSG00000083312,-0.3406660551653877
ENSG00000157107,1.7814755434139689
ENSG00000157111,NaN
ENSG00000251493,-0.5124152573388064
ENSG00000272525,-2.05252554115128
ENSG00000145741,-0.996344465868001
ENSG00000164331,0.8209140624333116
ENSG00000164338,-0.0683947694527705
ENSG00000214944,4.319853166122754
ENSG00000171617,0.014335682729107407
ENSG00000049860,0.9924979039029774
ENSG00000164347,-0.14159262592020316
ENSG00000164346,-0.9719941452574655
ENSG00000198780,0.06400971225204014
ENSG00000249856,NaN
ENSG00000176928,1.489076578271051
ENSG00000145700,0.533852656305966
ENSG00000113161,-0.24702278006267575
ENSG00000113163,0.7189350850947406
ENSG00000122008,-0.21890531082221987
ENSG00000272040,NaN
ENSG00000189045,1.9474769365072504
ENSG00000152359,0.11845887339732962
ENSG00000122012,NaN
ENSG00000145703,2.5716683420387367
ENSG00000225407,NaN
ENSG00000181104,0.5845963647970569
ENSG00000164251,1.6767218452033008
ENSG00000171643,-0.661103616132201
ENSG00000164252,-1.0185196494761926
ENSG00000132846,-2.1338842113734224
ENSG00000250802,1.4531275165901756
ENSG00000113231,2.005209867105747
ENSG00000164253,-0.2713425439660428
ENSG00000171530,-0.20270594759475483
ENSG00000132842,1.5052365058059567
ENSG00000245556,-0.9661433252562227
ENSG00000085365,0.8773452259380914
ENSG00000145685,1.62090646774645
ENSG00000113273,1.467511619661066
ENSG00000132837,0.22899634173038508
ENSG00000152409,-0.7197778535298327
ENSG00000152413,1.0500462031718079
ENSG00000164329,1.8320323815114758
ENSG00000164309,NaN
ENSG00000177034,-0.9777498372652297
ENSG00000113296,-0.4163253314167705
ENSG00000249825,NaN
ENSG00000164300,3.11621030702046
ENSG00000251675,NaN
ENSG00000039319,3.1661916018494844
ENSG00000249042,0.2082036106802165
ENSG00000152380,2.3736116694272793
ENSG00000251221,NaN
ENSG00000228716,-1.5364623447142047
ENSG00000113318,1.0916294975451837
ENSG00000113319,0.12276113614803286
ENSG00000247572,1.674717048764217
ENSG00000131730,-0.9605058482854198
ENSG00000131732,-0.8259684147052356
ENSG00000172497,NaN
ENSG00000145687,3.2058702072210785
ENSG00000152348,-0.13842402634969278
ENSG00000186468,-1.1213349935561148
ENSG00000205464,0.06414071492075861
ENSG00000249664,NaN
ENSG00000271862,1.0134433251535595
ENSG00000174695,-0.26633433028924625
ENSG00000152422,0.17131847090685703
ENSG00000038427,1.2863698897061144
ENSG00000249835,0.9181681544331981
ENSG00000164176,-1.3219353425853404
ENSG00000250320,NaN
ENSG00000248363,NaN
ENSG00000250124,NaN
ENSG00000127184,-0.7080709593755199
ENSG00000145715,0.22746887202624927
ENSG00000134480,-1.0217542807061615
ENSG00000248708,NaN
ENSG00000164180,1.045224693308688
ENSG00000247828,0.17460448258906988
ENSG00000153140,-2.1048553322472823
ENSG00000255647,NaN
ENSG00000176055,-0.5255664087410622
ENSG00000113356,-1.024918626580968
ENSG00000176018,0.819134852047166
ENSG00000164199,2.975208518389283
ENSG00000248323,1.3336143439556922
ENSG00000285618,NaN
ENSG00000286638,NaN
ENSG00000113369,-0.16158884988596925
ENSG00000281357,4.315686174770633
ENSG00000248528,NaN
ENSG00000237187,0.976505248449856
ENSG00000175745,-1.6668090166648637
ENSG00000113391,-0.28121856565784964
ENSG00000287180,5.790687313530265
ENSG00000248483,-0.5929618290908515
ENSG00000251023,NaN
ENSG00000286577,1.9585516647427021
ENSG00000185261,1.7760412258445208
ENSG00000133302,-1.3266029401635155
ENSG00000175471,1.110309066900197
ENSG00000198677,-1.3519219288167919
ENSG00000164291,-0.12190358652985399
ENSG00000175449,0.3741678787620701
ENSG00000145757,NaN
ENSG00000250240,-1.0287235264785808
ENSG00000164292,0.9934863997833724
ENSG00000173221,-0.7110589802522694
ENSG00000118985,2.512840960304246
ENSG00000251314,-0.16650283953775044
ENSG00000249746,1.3447716796009463
ENSG00000153113,2.130420167586206
ENSG00000164307,1.5171438636961978
ENSG00000248734,NaN
ENSG00000247121,-0.6526166894658287
ENSG00000164308,2.367965949534332
ENSG00000113441,3.0074639133609526
ENSG00000251513,-0.6867901568691688
ENSG00000058729,-0.8044344526106749
ENSG00000248758,NaN
ENSG00000248202,NaN
ENSG00000174136,0.634805354634365
ENSG00000246763,-1.2190592740830464
ENSG00000279232,NaN
ENSG00000153922,1.5698613638050662
ENSG00000248489,0.24718762572407021
ENSG00000247877,-0.955723390915736
ENSG00000174132,3.2363796967643497
ENSG00000113532,0.5883629315289814
ENSG00000173930,NaN
ENSG00000286338,NaN
ENSG00000145730,1.7578095673331338
ENSG00000145723,-0.26739194629866125
ENSG00000145725,0.573831195951092
ENSG00000181751,-1.67456005272088
ENSG00000112874,-0.9655263923833082
ENSG00000251026,2.3438186203922204
ENSG00000251574,1.5097473380913053
ENSG00000253776,NaN
ENSG00000253584,NaN
ENSG00000251027,NaN
ENSG00000184349,8.332565080773916
ENSG00000145743,2.660051138971726
ENSG00000286503,1.4799576702829471
ENSG00000272523,1.3003465391279483
ENSG00000151422,2.680282065708453
ENSG00000249476,0.04652114900328638
ENSG00000198961,-0.5261200617558018
ENSG00000112893,1.5294223918302927
ENSG00000186952,3.1224592314409634
ENSG00000164209,3.094560590633911
ENSG00000134987,-0.36102471280893983
ENSG00000164211,2.4458450997583094
ENSG00000246859,1.279670453814145
ENSG00000134986,1.4563761038892977
ENSG00000129595,3.0938159541109904
ENSG00000224032,-2.0481458601827827
ENSG00000251187,0.46012381297736676
ENSG00000251076,1.0397863765151074
ENSG00000134982,0.10913374321209908
ENSG00000153037,-0.9180711303512358
ENSG00000129625,1.0270695492438409
ENSG00000172795,0.09550374360612275
ENSG00000171444,1.5806817252983083
ENSG00000047188,-0.14608396194764717
ENSG00000080709,NaN
ENSG00000152503,-1.2002663115327288
ENSG00000164219,-1.858971973858334
ENSG00000271797,NaN
ENSG00000164221,-0.8955917804086738
ENSG00000145780,-1.1965635711474696
ENSG00000243414,0.9667924061797932
ENSG00000249249,NaN
ENSG00000134970,-1.463200802520401
ENSG00000145782,-0.277186632779115
ENSG00000177879,0.00962073693728662
ENSG00000271918,0.3620644282393611
ENSG00000145781,2.354533010838503
ENSG00000092421,NaN
ENSG00000248445,NaN
ENSG00000249426,NaN
ENSG00000169570,-0.5855047024418943
ENSG00000249494,-0.044101323196355624
ENSG00000172869,3.0535983150098662
ENSG00000145779,1.259448262560286
ENSG00000133835,0.3419002245314825
ENSG00000184838,NaN
ENSG00000151304,-2.0432236311889036
ENSG00000113083,NaN
ENSG00000247311,NaN
ENSG00000164185,NaN
ENSG00000250803,NaN
ENSG00000064692,NaN
ENSG00000250328,-0.45699405014939
ENSG00000205302,-0.3201856623532639
ENSG00000064652,-1.0440615693332684
ENSG00000168938,-1.2281561864315134
ENSG00000249996,NaN
ENSG00000061455,-0.2710211320734756
ENSG00000168944,0.4881474349369344
ENSG00000151292,-0.29939303444736054
ENSG00000248296,NaN
ENSG00000168916,-0.3623951037903915
ENSG00000249112,NaN
ENSG00000260192,NaN
ENSG00000248752,NaN
ENSG00000155324,-0.3484331185315809
ENSG00000250602,NaN
ENSG00000164904,-0.06543623097759954
ENSG00000164902,-0.27074059365104336
ENSG00000251072,-0.2040760581053764
ENSG00000113368,1.068240504994908
ENSG00000173926,-0.10532779673569313
ENSG00000164241,-0.7181658522540115
ENSG00000164244,0.32425445288362814
ENSG00000230561,NaN
ENSG00000245937,0.41949148163995875
ENSG00000064651,3.0344151272404774
ENSG00000138829,2.8115993018459147
ENSG00000113396,-0.1216371435027435
ENSG00000066583,-0.2602351844070181
ENSG00000251680,NaN
ENSG00000198108,0.6109724285199243
ENSG00000287390,-0.8608199811712421
ENSG00000169567,-0.8166908983122405
ENSG00000186687,-1.1208505870192833
ENSG00000158985,2.128003400421185
ENSG00000158987,0.9428404050920796
ENSG00000217128,0.8208156719530696
ENSG00000164398,NaN
ENSG00000237714,NaN
ENSG00000072682,3.4185930999933545
ENSG00000197208,0.08146002039508991
ENSG00000233006,4.552312776649085
ENSG00000197375,1.1261870811970198
ENSG00000197536,2.8209252062389503
ENSG00000234290,NaN
ENSG00000125347,-0.5962233753296133
ENSG00000113525,NaN
ENSG00000113522,-0.8652226727702916
ENSG00000223442,3.365973141387957
ENSG00000230612,1.1399301986964434
ENSG00000131437,0.6159399040245658
ENSG00000164402,-1.2005952108550235
ENSG00000164403,0.5765309799652583
ENSG00000164405,-1.2883818622218672
ENSG00000164406,-0.849480823043175
ENSG00000072364,-0.08053381715215374
ENSG00000272023,NaN
ENSG00000155329,-1.3994392159055915
ENSG00000286408,-1.4744666912851951
ENSG00000170606,-0.15623445552525456
ENSG00000248245,NaN
ENSG00000053108,1.5986381481459784
ENSG00000249478,NaN
ENSG00000250244,NaN
ENSG00000113583,0.9282976586864532
ENSG00000213585,0.4120555049054163
ENSG00000271737,-0.015559070027537444
ENSG00000081059,0.42561303177002285
ENSG00000113558,-0.22205589630131062
ENSG00000113575,-1.2337072907412587
ENSG00000270177,NaN
ENSG00000006837,3.797128858187955
ENSG00000119048,-0.32183590547450996
ENSG00000248559,-0.5403242209338723
ENSG00000237190,-2.538452264398323
ENSG00000250564,NaN
ENSG00000251169,-1.7872173435237644
ENSG00000043143,-0.16519140048513092
ENSG00000152700,-1.8652482895978222
ENSG00000113615,0.7570254536506763
ENSG00000164615,-0.14361666392720093
ENSG00000145833,3.4228744114831513
ENSG00000181904,-0.9626722115868317
ENSG00000113621,-0.16061030490817962
ENSG00000132570,0.8539153138692619
ENSG00000152705,NaN
ENSG00000069011,0.4587639406940612
ENSG00000224186,1.9878398316542782
ENSG00000113648,-1.0539611361997079
ENSG00000145826,NaN
ENSG00000120708,4.64334093604017
ENSG00000164621,2.1291053530142032
ENSG00000113658,-1.4607251262286938
ENSG00000248211,2.215362169669181
ENSG00000249803,NaN
ENSG00000152377,-0.04944691067593621
ENSG00000146021,4.044528878496239
ENSG00000177733,-0.9076983071217407
ENSG00000250159,2.683643596688369
ENSG00000078795,1.8074104822230026
ENSG00000031003,2.0714762186014335
ENSG00000246323,NaN
ENSG00000112981,NaN
ENSG00000112983,-1.3416000110197193
ENSG00000112984,-1.3793300976972516
ENSG00000094880,-0.7476530825223545
ENSG00000146013,NaN
ENSG00000158402,-1.527300382560215
ENSG00000120709,2.7319105165489264
ENSG00000120733,-0.04211564489267273
ENSG00000132563,-1.7934874975693254
ENSG00000120738,0.6281600468627009
ENSG00000120705,-1.2926969982425756
ENSG00000113013,0.6553746818134198
ENSG00000044115,1.0951127844926465
ENSG00000253404,2.3882109384949235
ENSG00000120725,0.7342175599261499
ENSG00000249593,-0.9770741253149163
ENSG00000280987,-0.8224600479792263
ENSG00000281398,1.57024313741582
ENSG00000015479,-0.3259922742836587
ENSG00000120727,-1.3969939023344566
ENSG00000272742,5.853872734509072
ENSG00000170482,1.2545361642979693
ENSG00000228672,NaN
ENSG00000170469,0.7103786787459718
ENSG00000170464,1.9991114846520481
ENSG00000184584,NaN
ENSG00000131508,-0.7130721421407171
ENSG00000171604,-1.0521253869791718
ENSG00000249526,0.5285494393834372
ENSG00000146005,NaN
ENSG00000158458,-0.027047340711395498
ENSG00000245146,-0.557483782577063
ENSG00000185129,-0.0016679418388563275
ENSG00000182700,-3.6375200228356985
ENSG00000254363,NaN
ENSG00000120306,1.9955312581002231
ENSG00000250069,NaN
ENSG00000113068,-1.0716040813301213
ENSG00000113070,0.13642465897183384
ENSG00000253965,NaN
ENSG00000249637,0.5018485207465506
ENSG00000131503,0.42550710359294547
ENSG00000213523,-1.8279240885276755
ENSG00000243056,-1.028894879235164
ENSG00000113108,-0.1925261053380945
ENSG00000176087,-0.9243113609123351
ENSG00000170458,-0.7233129922414888
ENSG00000131495,-1.475370101317701
ENSG00000113119,0.3609457458869083
ENSG00000113141,-0.7920574368733135
ENSG00000120314,0.3362179215058955
ENSG00000256453,NaN
ENSG00000170445,-1.2743487712046484
ENSG00000112855,-0.30579332853851354
ENSG00000146007,-1.124117984171861
ENSG00000255408,NaN
ENSG00000204967,NaN
ENSG00000204961,NaN
ENSG00000250120,-0.7984590767658425
ENSG00000251664,0.6219392842554505
ENSG00000171815,NaN
ENSG00000112852,-0.6312625467622475
ENSG00000272108,NaN
ENSG00000081818,NaN
ENSG00000113209,NaN
ENSG00000280029,NaN
ENSG00000120324,NaN
ENSG00000178913,-0.883966350225505
ENSG00000204956,NaN
ENSG00000253485,NaN
ENSG00000262209,NaN
ENSG00000253731,NaN
ENSG00000253537,NaN
ENSG00000253767,NaN
ENSG00000253846,2.9214061005712924
ENSG00000253159,NaN
ENSG00000131504,-1.3804618453513677
ENSG00000228737,NaN
ENSG00000171720,0.45574723909770626
ENSG00000164620,-0.2947236122103376
ENSG00000197948,-0.12185916039647608
ENSG00000120318,-0.8073381650222322
ENSG00000156453,NaN
ENSG00000287726,NaN
ENSG00000081791,0.8327339733005561
ENSG00000013561,-0.587560719655521
ENSG00000254099,5.566983628236504
ENSG00000113552,-1.8285191624307255
ENSG00000131507,-0.43336849261190374
ENSG00000187678,2.112345468180607
ENSG00000231185,0.774612804206957
ENSG00000113578,5.8962480007077245
ENSG00000145819,2.1042850964686126
ENSG00000226272,NaN
ENSG00000113580,3.711878975745255
ENSG00000251205,NaN
ENSG00000249881,NaN
ENSG00000145817,-0.3990660721545248
ENSG00000183775,-1.2356751457566995
ENSG00000251031,NaN
ENSG00000250842,NaN
ENSG00000186314,2.3065258225476275
ENSG00000156463,0.6405339108708669
ENSG00000173261,1.1662521599402518
ENSG00000251556,3.2777213576353725
ENSG00000133706,0.7698822491937836
ENSG00000091009,0.3468164877485422
ENSG00000113649,0.0975540590981456
ENSG00000156475,NaN
ENSG00000169302,-1.2221880676554082
ENSG00000113657,-1.0205412862785943
ENSG00000280780,NaN
ENSG00000247199,NaN
ENSG00000178172,0.702315239587035
ENSG00000248109,NaN
ENSG00000214510,NaN
ENSG00000145868,-0.3131576476484613
ENSG00000251330,NaN
ENSG00000169252,NaN
ENSG00000173210,-0.0895281419430893
ENSG00000248647,NaN
ENSG00000157510,-0.12892610600245438
ENSG00000164284,-0.9928653695973183
ENSG00000253618,NaN
ENSG00000145882,-1.1468571956330613
ENSG00000113712,-0.5023060417500615
ENSG00000183111,1.6306872192257873
ENSG00000155846,0.726682831313523
ENSG00000132915,NaN
ENSG00000155850,2.194974697111399
ENSG00000164296,-0.10902354086256487
ENSG00000113716,-1.5767236668254163
ENSG00000182578,NaN
ENSG00000070808,NaN
ENSG00000183876,-1.337458932826791
ENSG00000070814,-1.3212426901057712
ENSG00000164587,-1.1457569397193335
ENSG00000254333,0.3552983714918974
ENSG00000070614,2.3488115403368246
ENSG00000171992,-0.7715927966163814
ENSG00000164591,NaN
ENSG00000086589,0.7798086738810859
ENSG00000132912,0.3829953742312517
ENSG00000256235,-1.222584011535287
ENSG00000145908,1.128298178604724
ENSG00000211445,-1.183207885033611
ENSG00000145901,-1.4956411079601952
ENSG00000197043,-1.5692665141251783
ENSG00000198624,-1.0425893281623686
ENSG00000196743,0.960835070960748
ENSG00000186335,NaN
ENSG00000123643,3.612405806506251
ENSG00000113140,2.8859642401431294
ENSG00000249035,NaN
ENSG00000177556,-0.09213120557479179
ENSG00000253921,NaN
ENSG00000275765,NaN
ENSG00000145907,-0.08357620720297798
ENSG00000145888,2.766483757315016
ENSG00000254226,NaN
ENSG00000055147,1.2154419885764525
ENSG00000037749,-0.3621561614869388
ENSG00000164574,5.778753195770541
ENSG00000245275,1.8484811910893797
ENSG00000287695,NaN
ENSG00000164576,-1.7096705836784847
ENSG00000155506,-0.5682915282339078
ENSG00000170271,-0.3145403059661092
ENSG00000155508,1.8492180842667973
ENSG00000082516,0.3827014582381129
ENSG00000082515,-1.5905683692477899
ENSG00000226650,NaN
ENSG00000170624,5.6565660063348
ENSG00000254163,NaN
ENSG00000145850,0.5130064417291638
ENSG00000113249,0.4157313562111906
ENSG00000135077,-0.5624656833998745
ENSG00000155868,-2.7754788931341894
ENSG00000113263,NaN
ENSG00000253653,NaN
ENSG00000055163,-0.828830763156992
ENSG00000135074,0.9234685118441972
ENSG00000172548,NaN
ENSG00000253519,NaN
ENSG00000039600,3.6632821549072703
ENSG00000113272,-0.2348515379332057
ENSG00000155858,-1.6041025395832065
ENSG00000113282,-0.4519123471657646
ENSG00000164330,0.2010719084031555
ENSG00000145860,0.30255430778746073
ENSG00000253256,-1.408380861280237
ENSG00000164332,0.791832531987827
ENSG00000249738,1.0017131091050553
ENSG00000283413,NaN
ENSG00000253311,0.13818200727927918
ENSG00000170214,-1.0784146561372134
ENSG00000113312,-0.6909386546032155
ENSG00000170234,0.08628789105685937
ENSG00000170231,3.8872162697573285
ENSG00000135083,-0.9325582181160487
ENSG00000221886,-0.918266039809453
ENSG00000164609,-0.23631936220211014
ENSG00000164611,-0.3746434370123649
ENSG00000254186,1.7551322772145561
ENSG00000113328,-2.0409631464340348
ENSG00000170584,-1.5368963199889918
ENSG00000072571,-1.5246730115202503
ENSG00000038274,-2.827996860103867
ENSG00000241956,NaN
ENSG00000145934,2.0345233151606172
ENSG00000253978,1.591262911411908
ENSG00000113645,5.0576851734489034
ENSG00000113643,-0.4616191224127998
ENSG00000120137,-0.4746497293109207
ENSG00000184347,2.52527188689083
ENSG00000254042,NaN
ENSG00000248965,NaN
ENSG00000248222,NaN
ENSG00000040275,-1.620009016059828
ENSG00000134516,-0.6834225990516368
ENSG00000204767,0.3249375959494158
ENSG00000235172,NaN
ENSG00000204764,0.6755879298453163
ENSG00000181163,-0.9470036161137267
ENSG00000156427,NaN
ENSG00000072803,3.262113624902897
ENSG00000072786,1.7401974565827272
ENSG00000214360,NaN
ENSG00000168246,4.724696922165862
ENSG00000174705,3.351316084480045
ENSG00000254299,NaN
ENSG00000214357,-1.9714017962687143
ENSG00000253295,3.9266728965106164
ENSG00000253736,4.5578830765193
ENSG00000120129,1.880013176514484
ENSG00000113719,-0.4011925798068937
ENSG00000204758,-0.20303307801631135
ENSG00000254295,NaN
ENSG00000037241,-0.9054832123887983
ENSG00000113732,-0.12576922816639555
ENSG00000164463,1.8890216842468928
ENSG00000113734,-1.7134309900791047
ENSG00000183072,-1.7290914075823018
ENSG00000113739,1.1612381377007504
ENSG00000253141,NaN
ENSG00000145919,-1.8954202139906504
ENSG00000253428,NaN
ENSG00000253686,2.556399668162307
ENSG00000287003,0.550818625229427
ENSG00000254211,NaN
ENSG00000113742,1.0953895432388616
ENSG00000185056,0.7871381211064635
ENSG00000249306,-0.02820148372525088
ENSG00000120149,-1.3103104382253068
ENSG00000184845,NaN
ENSG00000164466,0.38087459115084726
ENSG00000113749,1.065511487149613
ENSG00000145920,0.107422731841671
ENSG00000250820,NaN
ENSG00000051596,-1.7756212773481408
ENSG00000182230,NaN
ENSG00000283235,NaN
ENSG00000170085,-0.2903406652019455
ENSG00000122203,1.3323722194439565
ENSG00000250909,0.3613839984810039
ENSG00000251414,NaN
ENSG00000175414,4.322006247618943
ENSG00000048162,-2.1379786872363833
ENSG00000146066,-2.1217612566944797
ENSG00000175416,0.6252965486689741
ENSG00000113194,-0.3194988335613939
ENSG00000146083,-1.134961266455633
ENSG00000074276,4.294558992963766
ENSG00000169258,-0.4567782805705383
ENSG00000074317,NaN
ENSG00000048140,-1.3870198057240855
ENSG00000113763,NaN
ENSG00000160883,NaN
ENSG00000087206,1.9839150788188968
ENSG00000113761,-1.0505250397116945
ENSG00000160867,1.164982428506366
ENSG00000165671,0.38361680691690997
ENSG00000286634,NaN
ENSG00000169228,0.6027304102309968
ENSG00000213347,1.0847291675124315
ENSG00000169230,-0.7804756939119247
ENSG00000169223,0.37673152841914537
ENSG00000169220,1.2575205646534735
ENSG00000131187,-2.0567102079307045
ENSG00000198055,-0.5894308744748984
ENSG00000246334,3.5903252699944628
ENSG00000131188,-2.1291079903407777
ENSG00000113758,0.6504669095852673
ENSG00000196923,0.2857261915699401
ENSG00000248996,NaN
ENSG00000146094,1.7069927840500294
ENSG00000183258,-1.5125886466715612
ENSG00000146067,-0.041892695257866513
ENSG00000184840,0.013122431323487352
ENSG00000027847,-1.1597074783931327
ENSG00000247679,-0.8537515528877591
ENSG00000170074,NaN
ENSG00000250101,NaN
ENSG00000249684,NaN
ENSG00000204677,-1.7143036550883566
ENSG00000145916,2.447544276406666
ENSG00000145912,-0.30157049637990885
ENSG00000197451,-0.5917565678525907
ENSG00000175309,1.5693345458585228
ENSG00000113240,-0.9797422445579927
ENSG00000169131,-1.1010853518293287
ENSG00000178338,-0.08076220005391033
ENSG00000198939,NaN
ENSG00000234284,NaN
ENSG00000177932,0.6370869459979814
ENSG00000087116,NaN
ENSG00000176783,-0.03269830182020329
ENSG00000244945,0.103405552314922
ENSG00000169045,-0.7502132263175629
ENSG00000250999,NaN
ENSG00000127022,2.9859281690701023
ENSG00000161021,0.5644672284860038
ENSG00000161013,-1.2999291608461812
ENSG00000161011,1.1438824808935268
ENSG00000161010,-1.3782862323793579
ENSG00000245317,-0.3890939768842201
ENSG00000197226,0.4669811929161905
ENSG00000113269,-0.29910274171909396
ENSG00000146090,0.19179458967804022
ENSG00000050748,-0.6203832713021986
ENSG00000248367,0.21229445902003258
ENSG00000131459,-1.9570106352758836
ENSG00000250509,NaN
ENSG00000113300,1.1735476413090535
ENSG00000037280,-0.74373306063056
ENSG00000131446,0.6956276308199523
ENSG00000278970,-1.74499591526604
ENSG00000245060,-1.8000429939801748
ENSG00000196670,0.36235721630346535
ENSG00000165810,NaN
ENSG00000250222,0.2317282474933441
ENSG00000146054,-2.4406512513290144
ENSG00000286644,NaN
ENSG00000146063,0.6999377712684614
ENSG00000204628,-1.0151075091024888
ENSG00000233937,-0.40167790874721365
ENSG00000183718,0.8253267682439643
ENSG00000248275,-0.10496179154889845
ENSG00000112679,-1.8975345777774233
ENSG00000112685,1.990197824022902
ENSG00000271727,-0.48872768371713876
ENSG00000271911,NaN
ENSG00000286785,NaN
ENSG00000164379,0.44170415354002623
ENSG00000137273,-1.2083710415234612
ENSG00000280916,NaN
ENSG00000054598,1.9740667784381716
ENSG00000112699,0.5405556155462002
ENSG00000250903,2.255984969255483
ENSG00000286512,NaN
ENSG00000164385,NaN
ENSG00000145949,NaN
ENSG00000124535,-1.4258075687800396
ENSG00000021355,-1.2169219319116034
ENSG00000230438,-0.23903759732705507
ENSG00000170542,-1.1727689648623207
ENSG00000124570,-0.9032020598479901
ENSG00000244041,NaN
ENSG00000124588,1.03993427927626
ENSG00000137275,0.9073827084768694
ENSG00000272277,4.644928576837154
ENSG00000137274,-0.5399295502775103
ENSG00000137267,-0.9833989918418164
ENSG00000137285,-1.2769341973058317
ENSG00000180822,-2.0118411966329335
ENSG00000137266,2.98329799650347
ENSG00000228793,NaN
ENSG00000168994,0.5847515362294986
ENSG00000145945,-0.1437217926042769
ENSG00000230648,NaN
ENSG00000112739,-0.6254279108226937
ENSG00000145975,NaN
ENSG00000198721,-1.1767456316850768
ENSG00000285424,NaN
ENSG00000153046,0.6872811150458701
ENSG00000124787,-2.519016709786581
ENSG00000272142,-1.0397627901618736
ENSG00000271978,-0.4544388921601914
ENSG00000219607,-0.30900912225788046
ENSG00000214113,-2.225942522702091
ENSG00000145982,0.5276724455200753
ENSG00000270174,-0.8176502934985329
ENSG00000124785,-1.7864912690474377
ENSG00000124782,2.910510873289359
ENSG00000124783,-0.5454331148780326
ENSG00000238221,NaN
ENSG00000124784,1.399948524046108
ENSG00000261189,0.20158360119823854
ENSG00000096696,0.5024846899333971
ENSG00000168566,-0.1438864962134188
ENSG00000153162,0.7676257021185178
ENSG00000239264,-0.5120233984061827
ENSG00000188428,1.9154798048895743
ENSG00000124802,-1.3351447944884662
ENSG00000124786,0.7953993436811547
ENSG00000285219,NaN
ENSG00000137203,-0.5401030432707329
ENSG00000285278,-1.656014742216085
ENSG00000229950,1.139537069606918
ENSG00000229401,NaN
ENSG00000111846,0.9758732853696612
ENSG00000137434,-1.1738512649607176
ENSG00000111845,-2.161858352523202
ENSG00000111843,-0.9123953749467363
ENSG00000272097,NaN
ENSG00000137210,-0.8744537861799874
ENSG00000111837,-0.45912469899709113
ENSG00000153157,1.1791539562591722
ENSG00000197977,0.04664472923721344
ENSG00000230314,NaN
ENSG00000224531,-2.0072441827894356
ENSG00000247925,3.850225063049666
ENSG00000111859,1.9611798582396585
ENSG00000242753,NaN
ENSG00000205269,-0.7525638270567366
ENSG00000234427,NaN
ENSG00000229896,NaN
ENSG00000095951,2.6594298746052387
ENSG00000078401,0.311129330485794
ENSG00000112137,-0.515950277639051
ENSG00000215022,NaN
ENSG00000145979,0.040193520355884964
ENSG00000272379,NaN
ENSG00000145990,-0.3506284810899472
ENSG00000124523,-0.25967850618537797
ENSG00000261071,-0.9585740259095387
ENSG00000225921,-0.7977818854625904
ENSG00000010017,2.7016981482683855
ENSG00000050393,-0.32752735627531065
ENSG00000180537,-1.379482056411093
ENSG00000112149,-0.3752859932407766
ENSG00000285639,NaN
ENSG00000234261,2.3527503048897036
ENSG00000008083,3.0203940258636908
ENSG00000235488,NaN
ENSG00000047579,1.6101997311939147
ENSG00000007944,-0.9581688660370253
ENSG00000137198,NaN
ENSG00000124788,0.3617160304727255
ENSG00000230873,NaN
ENSG00000287559,0.23675130048132262
ENSG00000112183,-0.8643525115094303
ENSG00000112186,1.2580637345469712
ENSG00000137414,0.9887172256992759
ENSG00000124789,0.6111443098106005
ENSG00000272269,3.691959624867268
ENSG00000137177,0.3359149837773386
ENSG00000187566,-1.0030199434668399
ENSG00000137364,-0.4533395000530737
ENSG00000165097,1.3828794990979825
ENSG00000124795,0.3959590210321059
ENSG00000137393,NaN
ENSG00000231662,NaN
ENSG00000228412,-1.4437884952464304
ENSG00000172201,-0.8590703471630982
ENSG00000172197,-0.5766703037422857
ENSG00000227803,NaN
ENSG00000112242,0.7068739500959996
ENSG00000224707,3.706741542794986
ENSG00000145996,0.51633586963893
ENSG00000233848,0.1977768052396753
ENSG00000283480,NaN
ENSG00000124766,1.2352799675591273
ENSG00000272168,2.8752221293947318
ENSG00000260455,NaN
ENSG00000235743,NaN
ENSG00000152954,0.3366312344946045
ENSG00000146038,0.9630335538389769
ENSG00000146049,NaN
ENSG00000124532,1.079966286957584
ENSG00000112293,-0.3110698261926891
ENSG00000112294,-1.7203857208342355
ENSG00000137261,1.2404938721417047
ENSG00000111802,0.09408206972690895
ENSG00000112304,-0.2619713346923456
ENSG00000112308,-1.4172612722084106
ENSG00000224164,NaN
ENSG00000112312,-2.3058243243294485
ENSG00000111913,NaN
ENSG00000079691,0.3843062257326717
ENSG00000146039,NaN
ENSG00000124564,-0.38373193613669376
ENSG00000112343,-1.155437208569797
ENSG00000272462,NaN
ENSG00000275714,4.328804327684837
ENSG00000286522,-1.180745763307629
ENSG00000278463,NaN
ENSG00000276410,-2.9957834808897683
ENSG00000287080,-0.32812833936128044
ENSG00000187837,-0.9949034135304619
ENSG00000010704,-0.007293748465088358
ENSG00000197061,1.1549134272711887
ENSG00000180596,-0.4888569170473863
ENSG00000180573,0.6661256468181781
ENSG00000168298,-2.0862238992539313
ENSG00000158373,0.3807733601912914
ENSG00000283064,-0.3828242073332816
ENSG00000274290,0.1862910422962709
ENSG00000277157,NaN
ENSG00000276966,-0.6032505743620613
ENSG00000274750,-0.3959963424900194
ENSG00000124575,-1.4650090107685259
ENSG00000277775,-3.1238312727331286
ENSG00000275713,NaN
ENSG00000278588,NaN
ENSG00000158406,0.7416347961937306
ENSG00000186470,-1.0019919182169603
ENSG00000124508,-1.1087641244155624
ENSG00000026950,-0.9809993335925474
ENSG00000111801,NaN
ENSG00000112763,1.5553703313747442
ENSG00000228223,-1.6641822555800336
ENSG00000182952,0.34412727135940335
ENSG00000284607,NaN
ENSG00000146109,-1.8371542475666174
ENSG00000181315,-0.3249146738669868
ENSG00000261584,NaN
ENSG00000224843,3.742619479145988
ENSG00000287966,-1.4308727090780715
ENSG00000124635,1.467760544593444
ENSG00000196787,-1.3027258302219697
ENSG00000276180,NaN
ENSG00000197903,NaN
ENSG00000274997,-1.89025646934873
ENSG00000112812,-0.5787756929156624
ENSG00000158553,NaN
ENSG00000124613,0.355929667615836
ENSG00000096654,0.126953494428498
ENSG00000286652,-0.8902953106899254
ENSG00000281706,0.48323821252999355
ENSG00000185130,NaN
ENSG00000196747,-0.7831279482123391
ENSG00000278828,-1.191284660194309
ENSG00000276368,NaN
ENSG00000273703,0.029199587771518192
ENSG00000233822,-0.3001047258662241
ENSG00000275221,-1.8825749262545315
ENSG00000276903,NaN
ENSG00000184357,-1.7613257419185822
ENSG00000275379,NaN
ENSG00000275126,NaN
ENSG00000197153,-0.6555679491814745
ENSG00000278677,NaN
ENSG00000274641,-1.6026105376967765
ENSG00000269293,-0.661197041461269
ENSG00000272009,-0.10627273226800955
ENSG00000197279,NaN
ENSG00000196812,-0.7278025481549218
ENSG00000198315,1.1168155956218597
ENSG00000137185,0.8068192126901949
ENSG00000187626,-0.6590106455626156
ENSG00000197062,2.169643432284409
ENSG00000137338,2.3531679312422282
ENSG00000235109,0.48009643069676566
ENSG00000189298,-0.4862752154405055
ENSG00000158691,-1.019533138297046
ENSG00000286819,NaN
ENSG00000232040,4.323396516143269
ENSG00000246350,2.491458247415972
ENSG00000287279,NaN
ENSG00000204713,0.8027975292481235
ENSG00000204709,NaN
ENSG00000244349,NaN
ENSG00000197935,2.647502134635496
ENSG00000204681,1.78890451546454
ENSG00000204657,NaN
ENSG00000204642,0.45830809364587943
ENSG00000214922,-0.9963116772355136
ENSG00000285761,NaN
ENSG00000206503,0.2117501364227039
ENSG00000204625,NaN
ENSG00000066379,-2.1322181732895618
ENSG00000204619,-0.9233557886873601
ENSG00000204616,0.41410953124100575
ENSG00000234127,-0.9374227384172591
ENSG00000270604,-0.579258578484871
ENSG00000231074,0.6167817250610658
ENSG00000204599,-1.7665433197420528
ENSG00000241370,-1.1960053588517565
ENSG00000204592,-1.4338712325725937
ENSG00000204590,-0.7660083951285345
ENSG00000204576,1.1236081616576286
ENSG00000204574,-0.5442349410178082
ENSG00000204569,0.6189939385761372
ENSG00000204568,-1.5137565789264156
ENSG00000137343,-1.5625925670813707
ENSG00000204564,-2.053910226026857
ENSG00000204560,-1.9025007077053864
ENSG00000146112,-1.2692225015800687
ENSG00000137404,-0.2038844591409234
ENSG00000137337,-1.2794255482713932
ENSG00000224328,NaN
ENSG00000196230,-0.8231053900859523
ENSG00000272540,NaN
ENSG00000137312,0.7975473444086538
ENSG00000272273,NaN
ENSG00000137331,0.5863410969229613
ENSG00000228022,NaN
ENSG00000214894,1.8167717116772248
ENSG00000204580,1.0026979704365868
ENSG00000213780,-1.5217920694388871
ENSG00000137411,-0.7562209589281775
ENSG00000204540,-1.2588039494034187
ENSG00000204539,NaN
ENSG00000204536,-0.8574027111874106
ENSG00000137310,-1.9536366946031651
ENSG00000204531,2.003078121095279
ENSG00000272501,5.161771213872213
ENSG00000206344,-0.48807098247408276
ENSG00000204525,0.08889709685396896
ENSG00000234745,-0.8432063702150844
ENSG00000272221,NaN
ENSG00000204520,-1.2200972176063665
ENSG00000206337,NaN
ENSG00000204516,-1.2935160449724374
ENSG00000198563,-0.447126958447859
ENSG00000213760,NaN
ENSG00000204498,-1.4539243225567742
ENSG00000204469,0.1602599120689142
ENSG00000204463,0.46633276568553544
ENSG00000204444,-0.0039274735032507
ENSG00000204439,-0.8563732918938988
ENSG00000204438,-2.11248091179927
ENSG00000204435,-1.715589192200586
ENSG00000240053,-0.05973320663494002
ENSG00000204428,0.2116990044411766
ENSG00000204427,0.3105893428786476
ENSG00000213722,-0.8695042505278033
ENSG00000213719,-0.12489949449704062
ENSG00000204410,-0.23076964302122321
ENSG00000228727,3.403617265141069
ENSG00000204396,NaN
ENSG00000204394,0.3546355658098158
ENSG00000204392,-2.0677625820125685
ENSG00000204390,NaN
ENSG00000204389,3.2965671055944012
ENSG00000204388,-1.4228064873012003
ENSG00000204387,0.19682802021846477
ENSG00000204386,-0.5076475761879514
ENSG00000204385,NaN
ENSG00000204371,-0.5008482059677102
ENSG00000166278,-1.4783406147556535
ENSG00000204366,NaN
ENSG00000243649,-0.7236905779281754
ENSG00000204356,-1.0383874800355655
ENSG00000204351,-0.5795899613695984
ENSG00000204348,-1.1772374245921446
ENSG00000204344,-0.11519793913696824
ENSG00000213676,-0.8893085791592096
ENSG00000204315,-1.564302586136074
ENSG00000284954,NaN
ENSG00000221988,-1.2404219842237862
ENSG00000241404,-0.065458049098048
ENSG00000204310,0.5763856471984279
ENSG00000204308,-0.8790457060112195
ENSG00000204305,NaN
ENSG00000204304,-1.5443583446916358
ENSG00000204301,NaN
ENSG00000225914,1.582061744657214
ENSG00000204287,NaN
ENSG00000204267,0.9311750055049004
ENSG00000204264,-0.9025279433967747
ENSG00000204261,1.0935265909992329
ENSG00000240065,-1.2562113093364249
ENSG00000168394,-1.4891173328587841
ENSG00000242574,1.4546551248487927
ENSG00000204257,-0.8647712907325221
ENSG00000204256,-1.5947808711395863
ENSG00000204248,NaN
ENSG00000204231,-1.5907744384117468
ENSG00000112473,-1.1879602010107557
ENSG00000204228,0.9701142414821734
ENSG00000204227,0.49617032042977355
ENSG00000272217,NaN
ENSG00000232940,-0.28593258410549427
ENSG00000223501,-0.7611403602122961
ENSG00000231500,-1.0648471329592644
ENSG00000235863,NaN
ENSG00000227057,-2.2088928738220264
ENSG00000204220,-1.4738422504776858
ENSG00000237441,-1.277291634396445
ENSG00000231925,-0.7920401902661255
ENSG00000236104,1.5064888355226596
ENSG00000204209,-2.09386804414267
ENSG00000237649,-1.925733731122817
ENSG00000112511,-0.6229770789640731
ENSG00000112514,-0.8800445514006251
ENSG00000197283,1.2588971496452475
ENSG00000274259,-0.3700091875310733
ENSG00000213588,-0.4886669176544058
ENSG00000030110,-0.05749255354382903
ENSG00000096433,-0.8258674864841068
ENSG00000137288,-1.4458736873573317
ENSG00000161896,NaN
ENSG00000161904,-0.5428994375744434
ENSG00000124493,NaN
ENSG00000137309,-1.2571647041798961
ENSG00000186577,-2.3655450271019656
ENSG00000225339,1.9861240790797214
ENSG00000272325,-0.9204747493714941
ENSG00000270800,-0.9271655973980674
ENSG00000124614,-1.2417606868303035
ENSG00000124507,NaN
ENSG00000124664,-1.1958571132597173
ENSG00000196821,1
ENSG00000272288,1.0163756593378417
ENSG00000124562,-1.8313540541624738
ENSG00000065060,0.13324836313453153
ENSG00000064995,0.350200825627435
ENSG00000064999,0.8798815349552517
ENSG00000146197,NaN
ENSG00000272374,NaN
ENSG00000065029,0.3587791657396544
ENSG00000023892,NaN
ENSG00000112033,-0.8174567710676417
ENSG00000112039,-1.1986446998582758
ENSG00000198755,-1.0464927471462955
ENSG00000007866,1.344778588257386
ENSG00000096060,3.746694774857196
ENSG00000232909,NaN
ENSG00000157343,-6.204219029385751
ENSG00000196748,NaN
ENSG00000197753,0.13003319163154517
ENSG00000096063,-0.05643696672327833
ENSG00000112062,1.973044835104007
ENSG00000156711,NaN
ENSG00000246982,1.3748635588666422
ENSG00000096070,-0.5994112515081967
ENSG00000180316,NaN
ENSG00000179165,NaN
ENSG00000112078,1.3925680193470393
ENSG00000112079,-0.008141163583615857
ENSG00000112081,0.6037895083989081
ENSG00000124762,-1.7115767834491886
ENSG00000255587,-0.3528749103765824
ENSG00000137168,-0.9445444582712857
ENSG00000198663,-1.5694691369989315
ENSG00000137409,-1.0618723411095523
ENSG00000137193,2.732067602752038
ENSG00000065491,1.2247889894974089
ENSG00000112130,-0.8348581220159035
ENSG00000137200,-1.2225681384230638
ENSG00000198937,-2.2787385251853234
ENSG00000112139,-0.9637162419947024
ENSG00000156639,10.22259849071436
ENSG00000183826,1.1435621730704537
ENSG00000124767,-1.4898181905484016
ENSG00000124721,NaN
ENSG00000112167,-1.3989917713508344
ENSG00000164626,-0.32089471098315325
ENSG00000164627,NaN
ENSG00000146122,NaN
ENSG00000124615,NaN
ENSG00000124602,-0.11359158844078951
ENSG00000124596,-1.726728238765152
ENSG00000112212,NaN
ENSG00000124701,1.4726179635849344
ENSG00000001167,-0.11032668323227689
ENSG00000234753,0.21260955141019286
ENSG00000137166,-1.5095358438787305
ENSG00000112561,1.307602066873374
ENSG00000231102,NaN
ENSG00000137218,NaN
ENSG00000278224,NaN
ENSG00000214736,-1.0862733130193554
ENSG00000164663,0.656207979227314
ENSG00000124641,-1.8452358667842865
ENSG00000112578,-1.2539602024732595
ENSG00000112576,1.521348926287653
ENSG00000137413,0.3376283886719238
ENSG00000261068,NaN
ENSG00000188112,-2.9253854649424667
ENSG00000112599,NaN
ENSG00000048544,-1.6024407248883392
ENSG00000124496,1.601833250431851
ENSG00000024048,3.0903854696325213
ENSG00000112619,NaN
ENSG00000124659,-1.8093544235671624
ENSG00000112624,1.2127659400851591
ENSG00000146223,-0.7344627367704203
ENSG00000221821,-1.4963087435454774
ENSG00000287825,0.7151140886142058
ENSG00000137161,0.5367692810789069
ENSG00000231113,1.052846714989933
ENSG00000124587,0.7731325610842701
ENSG00000112640,0.2344444212131186
ENSG00000124733,-2.287709313837869
ENSG00000124702,-0.5282514356285316
ENSG00000124541,-2.2983736688254033
ENSG00000272223,NaN
ENSG00000044090,-0.12141014393676244
ENSG00000137171,-0.8323525464859259
ENSG00000112651,-1.6944181357278238
ENSG00000112655,0.62475709108283
ENSG00000112658,-1.420790494347248
ENSG00000112659,-0.5430270483423184
ENSG00000245261,NaN
ENSG00000112667,-1.625429669125561
ENSG00000146215,NaN
ENSG00000171467,-1.8280668035003096
ENSG00000124574,0.7356814512136013
ENSG00000171462,-0.29378617533874424
ENSG00000137221,0.8227891373382092
ENSG00000204052,0.6495487834760357
ENSG00000171453,0.5888694490886579
ENSG00000137207,-0.36129867256649234
ENSG00000271754,NaN
ENSG00000124571,-1.1889390362697692
ENSG00000170734,0.415775341923666
ENSG00000172432,-1.005584595597093
ENSG00000124688,-1.5218755984303434
ENSG00000096080,-2.0377239028334313
ENSG00000112715,0.029998138173798327
ENSG00000237686,-0.5591426386113106
ENSG00000181577,-1.5703099373321758
ENSG00000231881,NaN
ENSG00000287562,5.192727780046842
ENSG00000180992,-0.22238098006232906
ENSG00000137216,0.012347822377058856
ENSG00000112759,0.36111342226235477
ENSG00000096384,-0.9177279515317618
ENSG00000157593,-1.7236310279104363
ENSG00000146232,0.6189693512542748
ENSG00000124608,0.9794604337392419
ENSG00000096401,-1.4773574833034575
ENSG00000196284,2.345214213521964
ENSG00000124813,2.3354218575774524
ENSG00000271857,NaN
ENSG00000261080,0.8420706353064035
ENSG00000146233,0.9577412613679281
ENSG00000153291,0.203959084022554
ENSG00000146072,0.8690765354553103
ENSG00000270761,NaN
ENSG00000198087,-1.0532169152371194
ENSG00000153294,0.7170569413225653
ENSG00000244694,-0.055697400384666876
ENSG00000286811,1.8187194502240596
ENSG00000146085,0.7762448730934017
ENSG00000031691,-1.1233281958855315
ENSG00000197261,1.6361916039199322
ENSG00000112077,NaN
ENSG00000112118,-0.9293476787529902
ENSG00000170915,NaN
ENSG00000096093,2.4030769677172485
ENSG00000065308,0.27690536776196245
ENSG00000225791,-1.0946064125351678
ENSG00000096092,-1.7459250553678212
ENSG00000244067,NaN
ENSG00000243955,NaN
ENSG00000170899,-1.5824105832554702
ENSG00000112144,-0.5019936018069607
ENSG00000112146,-0.03036774547320961
ENSG00000012660,-0.12808988552568754
ENSG00000001084,4.44188577222927
ENSG00000231683,NaN
ENSG00000235899,3.557482806962823
ENSG00000124743,NaN
ENSG00000227885,0.6259520518555873
ENSG00000137269,1.6587257352636535
ENSG00000235050,NaN
ENSG00000137251,NaN
ENSG00000146151,NaN
ENSG00000112175,2.4957251432537264
ENSG00000124749,0.9636433914630103
ENSG00000151914,9.064620340242652
ENSG00000231441,NaN
ENSG00000151917,-1.2019436635008056
ENSG00000168116,-0.7804875019321471
ENSG00000112200,-0.046461239294949136
ENSG00000226803,4.823252583303772
ENSG00000112208,-0.3069413595522165
ENSG00000112210,-0.6747313602645829
ENSG00000146143,1.4875622769496295
ENSG00000272316,4.807767640579426
ENSG00000225096,NaN
ENSG00000287598,NaN
ENSG00000287679,NaN
ENSG00000146166,1.067656523825087
ENSG00000112245,0.8324786528336375
ENSG00000285976,NaN
ENSG00000118482,0.48134177991122645
ENSG00000188107,3.421372595517328
ENSG00000236345,NaN
ENSG00000135298,NaN
ENSG00000168216,1.6651424476726524
ENSG00000237643,NaN
ENSG00000082269,-0.000636419377654759
ENSG00000154079,1.3584003796263886
ENSG00000112305,-0.22226710535940658
ENSG00000112309,1.7310284701955385
ENSG00000232295,0.2016722915918498
ENSG00000119900,-1.6292592315172139
ENSG00000233237,1.7190064866892312
ENSG00000185760,4.508380104373133
ENSG00000233844,NaN
ENSG00000135314,-0.06411880598446518
ENSG00000229852,3.2314004089595785
ENSG00000203907,-0.7452241516916709
ENSG00000080007,NaN
ENSG00000164430,1.0120859713699148
ENSG00000135297,0.450611801076609
ENSG00000156508,-1.0624429919937524
ENSG00000119899,-0.5906020240854998
ENSG00000231652,-0.5915171252141241
ENSG00000156535,-0.9055966301194415
ENSG00000111799,-1.8057300018539013
ENSG00000112695,-0.443120432334795
ENSG00000112697,1.063182607318744
ENSG00000225793,1.207576781353376
ENSG00000118407,1.4932810245167851
ENSG00000237174,4.103447712477508
ENSG00000112701,1.599522970267872
ENSG00000196586,-0.7334472574460154
ENSG00000112706,NaN
ENSG00000236635,NaN
ENSG00000269964,NaN
ENSG00000146243,3.1402871910171215
ENSG00000146247,1.7519921334536253
ENSG00000286340,NaN
ENSG00000118418,-0.6245010193213762
ENSG00000270362,NaN
ENSG00000135338,-0.8253881324691611
ENSG00000287811,NaN
ENSG00000198478,1.6110852515034377
ENSG00000118402,-0.4849037165380365
ENSG00000112742,-2.774598003232024
ENSG00000288071,NaN
ENSG00000083123,1.6918088252873962
ENSG00000272129,NaN
ENSG00000233967,NaN
ENSG00000112773,0.4345101935932113
ENSG00000226453,1.3568322615737316
ENSG00000005700,0.6353272458422164
ENSG00000146242,1.9557841790087425
ENSG00000118420,1.494072129933714
ENSG00000083097,-0.9220307115065951
ENSG00000013375,-0.1617419255183647
ENSG00000013392,NaN
ENSG00000065833,1.1405701341528145
ENSG00000146250,NaN
ENSG00000065609,2.268603881924995
ENSG00000203877,NaN
ENSG00000065615,0.4522746852605011
ENSG00000228679,NaN
ENSG00000135324,2.1528371382358604
ENSG00000135315,-0.8093719848409814
ENSG00000231776,NaN
ENSG00000112837,1.5715825677944342
ENSG00000287294,-0.242466663547356
ENSG00000234155,NaN
ENSG00000135318,0.8295426783696863
ENSG00000135317,2.3743749412321695
ENSG00000135316,-0.012678225726707478
ENSG00000203875,-0.800187948391373
ENSG00000188994,-0.36430682234367384
ENSG00000164411,NaN
ENSG00000111850,-0.20138635585669754
ENSG00000272514,NaN
ENSG00000164414,1.3512382099831033
ENSG00000146282,0.8826245549268746
ENSG00000135336,-0.5374689428693703
ENSG00000135334,-1.4263119812703116
ENSG00000118432,NaN
ENSG00000234426,NaN
ENSG00000111880,1.0241727510370529
ENSG00000146278,-1.543697235639072
ENSG00000154548,-0.7924638898200974
ENSG00000146281,2.2582693344578653
ENSG00000111886,0.4340949524159787
ENSG00000198833,-0.5027968989676725
ENSG00000025039,NaN
ENSG00000135299,0.7580011294748983
ENSG00000083099,-1.9237984967384452
ENSG00000112159,0.8082184015417664
ENSG00000118412,1.858417534909778
ENSG00000112182,NaN
ENSG00000135341,0.14637203959309852
ENSG00000135333,11.85249047932311
ENSG00000287683,NaN
ENSG00000261366,NaN
ENSG00000172469,-0.609713934808084
ENSG00000172461,NaN
ENSG00000233797,1.5853957333495594
ENSG00000014123,1.5005645361853654
ENSG00000112218,0.2277361849694541
ENSG00000123545,-2.1099869064738117
ENSG00000186231,NaN
ENSG00000146263,0.6961578641093665
ENSG00000271860,NaN
ENSG00000112234,1.8898717071892277
ENSG00000146267,0.028944909303290467
ENSG00000132423,-1.474696796983474
ENSG00000132424,0.36310358035532625
ENSG00000228506,4.329170947293111
ENSG00000123552,2.6945959470724206
ENSG00000279170,1.2663648687830884
ENSG00000112237,0.5659631285191119
ENSG00000112238,NaN
ENSG00000112249,1.057790277852243
ENSG00000260000,NaN
ENSG00000164418,1.7252042107113628
ENSG00000085382,4.332649928926803
ENSG00000203809,NaN
ENSG00000187772,1.6824573718479725
ENSG00000112276,0.3479842206895427
ENSG00000203808,-1.3427324118461552
ENSG00000132429,-2.4160058239401843
ENSG00000085377,1.674789010816718
ENSG00000284999,NaN
ENSG00000057657,-0.07292989162880775
ENSG00000057663,1.1781402535347814
ENSG00000112297,-0.21382995183140727
ENSG00000130347,0.31716062421240765
ENSG00000130348,-0.1294034529842072
ENSG00000235142,1.9715365009965118
ENSG00000272398,0.48929989043597233
ENSG00000130349,-2.1134546012427737
ENSG00000178409,-0.17927391420820604
ENSG00000164494,0
ENSG00000112320,3.323936825781134
ENSG00000025796,0.9244750311256504
ENSG00000081087,0.1560716364239779
ENSG00000112335,-0.7795251984419389
ENSG00000135537,1.6696107845440498
ENSG00000287044,0.8538413048080854
ENSG00000118689,1.2455778145776468
ENSG00000286511,NaN
ENSG00000118690,1.0868224668588131
ENSG00000080546,0.08997019152787648
ENSG00000183137,0.8239640426108608
ENSG00000135535,-1.002675036441101
ENSG00000185250,0.9904345165276659
ENSG00000135587,-0.05258421937074446
ENSG00000135596,1.5934550702138417
ENSG00000112365,0.20108042544088967
ENSG00000155085,-0.2623995912187292
ENSG00000112367,0.513911122847334
ENSG00000112290,-1.423266354979142
ENSG00000168438,-0.21677137685405864
ENSG00000053328,NaN
ENSG00000155111,1.2791636853737403
ENSG00000123505,-1.178605764172214
ENSG00000155115,-1.7160783284052075
ENSG00000197498,-1.737601021706609
ENSG00000112394,NaN
ENSG00000231046,-0.02944568589793326
ENSG00000173214,0.5369764583166717
ENSG00000271789,NaN
ENSG00000009413,1.7398542283064156
ENSG00000231889,1.0128103776522586
ENSG00000056972,2.411836729235377
ENSG00000010810,1.1454221198642796
ENSG00000074935,0.5474057239244606
ENSG00000203778,-1.961826963995695
ENSG00000112769,-1.6149704915743683
ENSG00000230943,1.7558619998739855
ENSG00000277443,-0.6326355297398886
ENSG00000227502,-0.39531020244113146
ENSG00000196591,-1.2661519904291023
ENSG00000111816,0.17890961458410026
ENSG00000178425,0.5981271156353022
ENSG00000187189,-0.7941169404593799
ENSG00000111817,2.6305889634883535
ENSG00000189241,-1.6740932683730592
ENSG00000111832,-1.4165068044675468
ENSG00000111834,NaN
ENSG00000153975,2.1087784249944606
ENSG00000196911,0.6303315880725481
ENSG00000047936,1.5533428787962802
ENSG00000164465,2.5106501657607687
ENSG00000047932,0.6705750009967735
ENSG00000153989,0.4073564183918984
ENSG00000196376,1.0762633753095654
ENSG00000111860,-0.4597795280854284
ENSG00000111877,1.2462596025425778
ENSG00000111875,-0.31563414772262494
ENSG00000253194,1.830061912112154
ENSG00000111885,-0.4763665549703486
ENSG00000286540,1.1151729282652847
ENSG00000146350,1.9416070345751866
ENSG00000152661,0.6219856019546087
ENSG00000025156,0.14753233039404826
ENSG00000111897,0.6520076699748106
ENSG00000135549,0.6873362212508282
ENSG00000172594,2.152586279118212
ENSG00000188580,2.058804666371951
ENSG00000236548,2.9964727807107363
ENSG00000146373,0.8171341630742175
ENSG00000111907,-0.3398001738575343
ENSG00000111906,-1.832803057508989
ENSG00000111912,2.6409958420206783
ENSG00000232131,4.4788707665827925
ENSG00000111911,-0.6517439153809876
ENSG00000066651,2.9223912915620365
ENSG00000203760,-2.413706542017305
ENSG00000146374,-0.9459820847229065
ENSG00000118518,-0.3013211508988793
ENSG00000093144,-0.4224753022665537
ENSG00000189367,0.7659101328807228
ENSG00000214338,0.39417958781633206
ENSG00000184530,NaN
ENSG00000152894,3.8670195641617537
ENSG00000196569,NaN
ENSG00000226149,5.784204280590252
ENSG00000146376,0.9369801441859986
ENSG00000198945,5.078742936874507
ENSG00000164483,NaN
ENSG00000079819,3.907470757870354
ENSG00000118507,0.018527436078625004
ENSG00000112282,0.21101607066536646
ENSG00000197594,-1.6741997436075573
ENSG00000118523,0.4349800986065811
ENSG00000227220,1.0932067833676418
ENSG00000228495,NaN
ENSG00000079931,NaN
ENSG00000079950,-0.48943455911872424
ENSG00000146409,-0.20614590434795874
ENSG00000112306,-1.0701338712470525
ENSG00000231023,NaN
ENSG00000112319,0.470232427003801
ENSG00000227954,3.0754616040662173
ENSG00000223586,NaN
ENSG00000118526,NaN
ENSG00000028839,1.642948356676027
ENSG00000146411,0.8091343325014156
ENSG00000118515,0.1123260198700142
ENSG00000286887,NaN
ENSG00000236700,NaN
ENSG00000232310,1.8006103144780132
ENSG00000118514,NaN
ENSG00000112339,-0.12010593574158432
ENSG00000118513,NaN
ENSG00000135541,0.5780464869558936
ENSG00000231028,-0.07324324411311635
ENSG00000171408,4.538947313125683
ENSG00000286313,1.7890962464118392
ENSG00000237596,2.661766771862517
ENSG00000146410,-0.12736540596880871
ENSG00000029363,-0.6090780304076586
ENSG00000260418,-0.1349321386991988
ENSG00000135525,2.9398553307507154
ENSG00000197442,1.6857273152868806
ENSG00000234263,NaN
ENSG00000286646,1.914001659152138
ENSG00000112357,0.4211881187694295
ENSG00000016402,NaN
ENSG00000164485,NaN
ENSG00000027697,2.496169254681482
ENSG00000230533,NaN
ENSG00000237499,NaN
ENSG00000118503,-0.8567610864998643
ENSG00000112378,-0.715738570066311
ENSG00000112379,0.1084273884785449
ENSG00000051620,-1.9623055129129188
ENSG00000135540,5.8370337913967285
ENSG00000225177,-1.3303907860601496
ENSG00000279968,-0.5221971340732693
ENSG00000024862,1.2704097794405267
ENSG00000203734,NaN
ENSG00000135597,1.7054570946338214
ENSG00000146386,-1.303487420023567
ENSG00000112406,1.6681779385559599
ENSG00000226571,NaN
ENSG00000164442,-0.7082106086831199
ENSG00000238099,NaN
ENSG00000231426,NaN
ENSG00000225148,NaN
ENSG00000285875,-0.20589776809774993
ENSG00000009844,0.2130083298503787
ENSG00000112414,2.176271671239976
ENSG00000236366,NaN
ENSG00000010818,2.180582834761148
ENSG00000227192,NaN
ENSG00000146416,0.8469053139168865
ENSG00000189007,-0.6552308949087983
ENSG00000034693,-0.7061396526608906
ENSG00000001036,-0.3236220693143125
ENSG00000112419,2.2169286420283236
ENSG00000135521,-1.1059489691307427
ENSG00000118491,NaN
ENSG00000118495,-1.6915125487340392
ENSG00000283122,2.3867337719519117
ENSG00000169976,-1.4635706079145003
ENSG00000152818,-0.6055292229643389
ENSG00000225311,5.3245606826862755
ENSG00000112425,3.634991569226127
ENSG00000270638,NaN
ENSG00000235652,3.7666935088635536
ENSG00000118496,2.126318052478619
ENSG00000146414,1.6695784751546563
ENSG00000152822,NaN
ENSG00000118508,-2.6527669928049322
ENSG00000233452,2.570813877708356
ENSG00000196634,NaN
ENSG00000164506,2.3693834624586962
ENSG00000203727,-0.694214541742881
ENSG00000227681,2.2494815324612074
ENSG00000287976,NaN
ENSG00000224658,NaN
ENSG00000111961,2.052086376225319
ENSG00000111962,0.01377462797474087
ENSG00000227660,NaN
ENSG00000236591,NaN
ENSG00000055208,2.0660474178116317
ENSG00000177688,NaN
ENSG00000131013,-1.631649622841337
ENSG00000055211,-1.0332773568657303
ENSG00000186625,0.1784953952526708
ENSG00000131023,-1.191658404652829
ENSG00000278899,NaN
ENSG00000120253,0.20872803346471544
ENSG00000120265,-0.800966647522248
ENSG00000120256,0.32789321993197984
ENSG00000268592,1.6368020064739306
ENSG00000164520,0.0734961669412836
ENSG00000203722,0.08224747304170218
ENSG00000131015,-0.42264815016563806
ENSG00000198729,3.725689346232631
ENSG00000009765,NaN
ENSG00000120278,0.9632295110764247
ENSG00000120254,1.0268344992099823
ENSG00000223598,1.5245940654403716
ENSG00000131016,-0.43940857763664803
ENSG00000181472,2.196386358850214
ENSG00000155906,-1.0201079699495261
ENSG00000146476,-0.9412995144420475
ENSG00000120262,1.012226700148561
ENSG00000091831,NaN
ENSG00000131018,0.7374295677693485
ENSG00000226193,NaN
ENSG00000224893,NaN
ENSG00000112029,-1.173379448189837
ENSG00000227627,1.7082247465862181
ENSG00000112031,0.2090514601421028
ENSG00000091844,0.6591934230245488
ENSG00000112038,NaN
ENSG00000074706,NaN
ENSG00000153721,3.3093079759247663
ENSG00000287260,-1.8183506512032444
ENSG00000213079,0.15480048635482377
ENSG00000146426,3.4355640297976633
ENSG00000235381,NaN
ENSG00000029639,-0.41736901265174225
ENSG00000171217,NaN
ENSG00000287092,NaN
ENSG00000271265,NaN
ENSG00000049618,1.9506573802393525
ENSG00000271551,NaN
ENSG00000233044,NaN
ENSG00000215712,-1.7737367848035368
ENSG00000271040,NaN
ENSG00000175048,0.23635523326407168
ENSG00000130340,1.8594123855737166
ENSG00000078269,0.864768745103321
ENSG00000285642,NaN
ENSG00000122335,1.673418077587502
ENSG00000272047,-1.0122080205482644
ENSG00000130338,-0.1553709453070847
ENSG00000146433,-0.8754392624412427
ENSG00000146425,-0.9294584258373835
ENSG00000164674,-0.9920079905964048
ENSG00000092820,0.4650329559659006
ENSG00000285159,NaN
ENSG00000203711,-0.9612291847258433
ENSG00000130363,-2.1420514194646656
ENSG00000271913,0.9091122609911177
ENSG00000286533,-0.0702623154715417
ENSG00000112096,-1.0285619769646759
ENSG00000146457,0.3029371601509734
ENSG00000285427,NaN
ENSG00000120437,-0.620562414659667
ENSG00000120438,-0.6204223712669875
ENSG00000112110,-1.411748085401111
ENSG00000146453,NaN
ENSG00000197081,2.5709142052794443
ENSG00000175003,-0.43572270696319815
ENSG00000230234,NaN
ENSG00000146477,3.0326161375947662
ENSG00000287656,3.2938526160204615
ENSG00000272841,NaN
ENSG00000085511,-1.0949673083505629
ENSG00000026652,0.9001046580600361
ENSG00000185345,1.7531246794176467
ENSG00000286805,NaN
ENSG00000112530,NaN
ENSG00000270419,NaN
ENSG00000112531,0.4022254650513739
ENSG00000112539,NaN
ENSG00000112541,1.4251375707520992
ENSG00000236627,-1.3802067367512056
ENSG00000223942,1.636208916714726
ENSG00000281832,NaN
ENSG00000231297,NaN
ENSG00000198818,-0.8732158884374375
ENSG00000286760,NaN
ENSG00000060762,-1.3156950559641893
ENSG00000071242,NaN
ENSG00000026297,-0.009384558297536939
ENSG00000227598,-0.5634717081844852
ENSG00000285730,1.880661697233586
ENSG00000213066,-0.45677326821605885
ENSG00000130396,1.514582513473167
ENSG00000125337,NaN
ENSG00000164488,-0.18332920117257648
ENSG00000224417,-0.5118218909440136
ENSG00000261039,NaN
ENSG00000226445,0.060367449310770975
ENSG00000184465,-0.16957597808745803
ENSG00000185127,-0.8392151388847895
ENSG00000130024,1.0484932029911544
ENSG00000227704,1.4997829071724196
ENSG00000184786,0.43870793959880755
ENSG00000130023,1.5508484503628226
ENSG00000231690,NaN
ENSG00000198719,-0.9881097458974709
ENSG00000112584,2.468962798896447
ENSG00000261003,NaN
ENSG00000008018,1.1570408874564115
ENSG00000112592,-0.46421213774204784
ENSG00000071994,-0.848262149882165
ENSG00000230423,NaN
ENSG00000242474,0.4215680950636291
ENSG00000240093,NaN
ENSG00000177706,-0.20489047266787497
ENSG00000197461,0.34831970004191404
ENSG00000223855,NaN
ENSG00000188191,0.6949134267366059
ENSG00000164818,-1.0603017657650131
ENSG00000164828,1.9436578691496837
ENSG00000273151,NaN
ENSG00000105963,-2.032648368280617
ENSG00000240230,-0.2202829256405085
ENSG00000146540,-0.5307383463476754
ENSG00000225146,1.4184915425800042
ENSG00000164849,NaN
ENSG00000164850,4.834213455586094
ENSG00000178381,-0.3838019955076657
ENSG00000229043,-1.7777940575788767
ENSG00000164877,0.6591655036371487
ENSG00000273230,-0.35176122188513637
ENSG00000164880,-0.0888706466073945
ENSG00000198517,3.7391607904286874
ENSG00000164855,2.062854259997873
ENSG00000157778,-2.040154955147855
ENSG00000230487,0.4997464489926319
ENSG00000002822,0.3906111585254763
ENSG00000122687,-1.7070259990432917
ENSG00000106268,0.2996923536290576
ENSG00000106266,0.6448217798777947
ENSG00000106263,-0.08213179416792234
ENSG00000136213,-0.9695578122890961
ENSG00000106003,-0.27636089303605227
ENSG00000106009,-1.7557051747699346
ENSG00000106012,-0.39746893900589764
ENSG00000136295,2.9888823331738146
ENSG00000174945,0.8361557627793699
ENSG00000146535,-1.403329717703686
ENSG00000198286,-0.14121444527733257
ENSG00000217455,NaN
ENSG00000146555,3.5360632277287056
ENSG00000286874,NaN
ENSG00000164916,2.6058733378490415
ENSG00000287665,-0.6790897006164327
ENSG00000242802,-0.5091459935254636
ENSG00000157927,-1.6980019044577115
ENSG00000218823,NaN
ENSG00000146587,0.682424450257526
ENSG00000273313,NaN
ENSG00000157954,-0.12356275220605292
ENSG00000164638,0.12943148579725913
ENSG00000182095,0.8217725406713053
ENSG00000272953,NaN
ENSG00000234432,NaN
ENSG00000155034,0.03249806366522841
ENSG00000230733,NaN
ENSG00000075624,-1.0796139566086578
ENSG00000075618,-2.67609251707945
ENSG00000011275,1.743774373673786
ENSG00000122674,-1.6658242128448784
ENSG00000155026,NaN
ENSG00000122512,2.729633755469382
ENSG00000106305,-0.30132976543375056
ENSG00000086232,-0.09172599011796806
ENSG00000157999,NaN
ENSG00000231704,NaN
ENSG00000106346,-1.1138894225701486
ENSG00000008256,0.884007542039582
ENSG00000136238,-1.092819372627879
ENSG00000164535,0.7145813445734838
ENSG00000136240,-1.7535378782127948
ENSG00000215045,NaN
ENSG00000136247,-1.0112125561960694
ENSG00000146576,0.11856579994633823
ENSG00000236609,-1.0551420906209183
ENSG00000205903,-1.3966030457768368
ENSG00000228010,2.596778085751401
ENSG00000164631,2.3946133575077377
ENSG00000169402,NaN
ENSG00000146574,1.9544613086725116
ENSG00000106392,-0.46745425668849705
ENSG00000230825,0.10544107252082648
ENSG00000215018,NaN
ENSG00000164654,1.1789941151151604
ENSG00000106399,-1.3176239847106566
ENSG00000219545,0.9562789261624647
ENSG00000233108,NaN
ENSG00000106415,1.7673320540500455
ENSG00000003147,0.17099345404764954
ENSG00000244239,NaN
ENSG00000272328,0.5024853764691448
ENSG00000122584,NaN
ENSG00000234710,NaN
ENSG00000189043,-0.46345735403138183
ENSG00000271185,NaN
ENSG00000106443,0.27042713589132317
ENSG00000230333,2.6132429229717866
ENSG00000005108,4.7904808000364705
ENSG00000106460,0.16537073331360586
ENSG00000146530,3.7148779623802755
ENSG00000226690,-0.9435843972668019
ENSG00000006747,NaN
ENSG00000122644,0.8301357288486308
ENSG00000229618,3.236025620824124
ENSG00000006468,0.09701100092183661
ENSG00000187546,-1.0058789772457
ENSG00000214960,0.5419193889281199
ENSG00000272361,NaN
ENSG00000106524,-1.3385070304879303
ENSG00000287799,NaN
ENSG00000136261,-0.4584879324764078
ENSG00000106537,-0.29198134234078965
ENSG00000106541,3.863046689605235
ENSG00000173467,NaN
ENSG00000106546,2.485258797426368
ENSG00000237773,-1.5187724419358817
ENSG00000236039,-0.09377503035631995
ENSG00000071189,0.8245398703000361
ENSG00000048052,NaN
ENSG00000122691,1.6162664171216454
ENSG00000236536,NaN
ENSG00000105849,-0.4076032510792394
ENSG00000243004,NaN
ENSG00000183742,NaN
ENSG00000233834,NaN
ENSG00000271133,NaN
ENSG00000105855,0.21556584195946168
ENSG00000105866,3.0226085658835635
ENSG00000105877,0.6856875532020982
ENSG00000164649,-1.1787346617287215
ENSG00000136237,NaN
ENSG00000105889,-0.6397774281161478
ENSG00000136244,3.1000511892217784
ENSG00000196683,0.004704979602115385
ENSG00000286703,NaN
ENSG00000228649,0.20442369074219546
ENSG00000122591,1.7135686769923477
ENSG00000230658,3.264281839106703
ENSG00000122550,0.08126849174238818
ENSG00000136243,0.10798868056057132
ENSG00000285926,NaN
ENSG00000136235,NaN
ENSG00000156928,-0.915402921105311
ENSG00000136231,2.050228541393769
ENSG00000164548,-0.29587333618413053
ENSG00000169193,-0.5711686058295522
ENSG00000188732,NaN
ENSG00000196335,-0.04757735144422739
ENSG00000105926,0.03213956431968533
ENSG00000105928,3.8763072964434353
ENSG00000287093,-1.1461637597975536
ENSG00000070882,2.6744016504676296
ENSG00000172115,-1.6989840954497184
ENSG00000153790,-0.9121651318391344
ENSG00000223561,NaN
ENSG00000050344,0.8555180302825318
ENSG00000122566,-0.7510963306485587
ENSG00000122565,-0.12527260389096675
ENSG00000086300,-1.4914089113278441
ENSG00000225792,NaN
ENSG00000214870,NaN
ENSG00000286507,NaN
ENSG00000005020,0.39646306998610586
ENSG00000105991,0.7062444403935491
ENSG00000233429,0.2790537156067035
ENSG00000105996,NaN
ENSG00000105997,-0.6832705859858973
ENSG00000253552,-0.8646501019791306
ENSG00000197576,NaN
ENSG00000254369,NaN
ENSG00000106004,-0.2516699865393198
ENSG00000106006,NaN
ENSG00000122592,-1.4608481640377198
ENSG00000078399,NaN
ENSG00000253187,NaN
ENSG00000253293,-1.451451868050398
ENSG00000005073,NaN
ENSG00000240990,NaN
ENSG00000106031,-0.9658464454499898
ENSG00000106049,0.07736389603096942
ENSG00000286478,0.6547266260503658
ENSG00000229893,NaN
ENSG00000106052,0.7581878794567504
ENSG00000153814,1.1653439804321255
ENSG00000146592,-0.7974789119558806
ENSG00000106066,0.43344642934366284
ENSG00000106069,NaN
ENSG00000235669,NaN
ENSG00000223813,2.534690624586259
ENSG00000176532,-0.4331027753893216
ENSG00000122574,-0.6284454172763392
ENSG00000136193,0.2092858274758935
ENSG00000227014,-2.361205738821515
ENSG00000106080,-0.8514433184107302
ENSG00000106086,0.3915924996026524
ENSG00000231519,NaN
ENSG00000180354,-1.1368979044306025
ENSG00000180233,0.8129463550468435
ENSG00000281404,-1.0352980653513306
ENSG00000106100,2.1719826537352884
ENSG00000272638,NaN
ENSG00000006625,-1.607039806924655
ENSG00000196295,0.25979495989188794
ENSG00000106105,-0.8167927296256537
ENSG00000106125,-0.04262187224378926
ENSG00000106128,NaN
ENSG00000154678,0.730747326609737
ENSG00000106355,0.027684337888240568
ENSG00000105778,2.227873620143199
ENSG00000273014,-0.6717307460396551
ENSG00000281332,0.9528432665060343
ENSG00000170852,2.4719101695016756
ENSG00000122642,-0.00800194941915115
ENSG00000122643,-0.3269863783160165
ENSG00000164610,-0.952877812639778
ENSG00000122507,1.2389973422429628
ENSG00000164619,1.8485298856753294
ENSG00000236212,-0.7014291450155269
ENSG00000197085,NaN
ENSG00000187258,NaN
ENSG00000173852,0.3941349200968657
ENSG00000287249,0.23704086037738742
ENSG00000164532,-1.1484576406141294
ENSG00000122557,-0.6737533873746195
ENSG00000271122,1.299705851268424
ENSG00000228878,0.906290374338776
ENSG00000122545,1.6655067883465893
ENSG00000232930,NaN
ENSG00000122547,1.210211996739853
ENSG00000164542,1.6056223429199261
ENSG00000011426,-0.7418833799087449
ENSG00000136250,NaN
ENSG00000155849,0.9553142286938177
ENSG00000224101,NaN
ENSG00000086289,1.3317344161135731
ENSG00000106483,0.5439618252414926
ENSG00000010270,-0.35265093819651827
ENSG00000281103,NaN
ENSG00000006715,0.22376881740105323
ENSG00000241127,-0.6716681591964263
ENSG00000287584,3.261039562692595
ENSG00000006451,-0.004193259598120067
ENSG00000188185,0.8690971903693891
ENSG00000259826,NaN
ENSG00000065883,1.8453314521753443
ENSG00000168303,-0.9856431680736621
ENSG00000175600,0.608873372700206
ENSG00000106571,2.452915634538022
ENSG00000261019,NaN
ENSG00000136197,-1.8628324948626498
ENSG00000106588,-0.8859572141383385
ENSG00000106591,-0.8120399451483817
ENSG00000232006,-0.7261477460760011
ENSG00000002746,2.5681157736523015
ENSG00000164543,-0.17753339601385637
ENSG00000106603,0.7217848276428792
ENSG00000106605,0.06493633039726193
ENSG00000062582,-0.18656464758977895
ENSG00000106608,-0.0844162797402425
ENSG00000078967,-2.2123182365365035
ENSG00000136206,-0.11793029669479202
ENSG00000228434,-0.7816013897026692
ENSG00000136279,-1.0503341848281043
ENSG00000122678,-1.417307391074597
ENSG00000106628,-0.33151011475293485
ENSG00000106636,-1.1708119614398194
ENSG00000015676,-0.07503164612236778
ENSG00000136271,-2.0363586706418033
ENSG00000158604,-0.033998416999583295
ENSG00000105953,1.4852221156925327
ENSG00000122515,1.3276626340148967
ENSG00000196262,-1.2417905046200859
ENSG00000105968,-0.6634041535023264
ENSG00000234183,NaN
ENSG00000146676,-0.1654602340073341
ENSG00000272768,NaN
ENSG00000232956,-1.9804413488566133
ENSG00000136280,-1.4795870048068775
ENSG00000136274,NaN
ENSG00000136270,-0.9765013192508979
ENSG00000164742,2.407343655234667
ENSG00000146678,2.2142130972961223
ENSG00000146674,1.083724448125794
ENSG00000286315,NaN
ENSG00000136205,3.0502452714247488
ENSG00000158683,0.5522584889447707
ENSG00000146666,NaN
ENSG00000136275,2.342800521195502
ENSG00000136273,-1.627622589075333
ENSG00000183696,-2.4378684593911153
ENSG00000042813,NaN
ENSG00000132436,-0.6482670645010702
ENSG00000132437,2.783393698081229
ENSG00000106070,2.242021236469036
ENSG00000228204,NaN
ENSG00000106078,2.3642888670915516
ENSG00000285741,NaN
ENSG00000132432,-0.720879270545691
ENSG00000234707,NaN
ENSG00000146648,7.978735725942848
ENSG00000280890,NaN
ENSG00000132434,0.9351746891987107
ENSG00000154978,0.62246378241172
ENSG00000178665,0.5998711196105208
ENSG00000146729,-1.1482592733013217
ENSG00000239789,-1.984204879291068
ENSG00000146733,0.14855251569667444
ENSG00000146731,-0.6483932692115543
ENSG00000129103,0.5141060192253636
ENSG00000164776,3.417172791008118
ENSG00000106153,-0.9818142974956635
ENSG00000173041,2.00393962143009
ENSG00000196247,0.573268024899667
ENSG00000197008,-0.8568876561417305
ENSG00000198039,-0.8969854903919696
ENSG00000152926,NaN
ENSG00000213462,1.170462290672957
ENSG00000282381,0.4841409097474804
ENSG00000146757,-1.3829056117323486
ENSG00000196715,1.2236497194393317
ENSG00000169919,-0.5254423342497437
ENSG00000126522,0.0627363152740802
ENSG00000241258,0.015905672066451253
ENSG00000234185,1.696846314776336
ENSG00000169902,0.8044893798835482
ENSG00000179406,2.626176914543211
ENSG00000237310,-1.8850526145416215
ENSG00000243335,3.565231830595417
ENSG00000226824,1.743020296482548
ENSG00000154710,1.5918314875850859
ENSG00000272831,-1.4321689716533208
ENSG00000273142,3.862791909920185
ENSG00000106609,0.267037625374584
ENSG00000126524,-1.4844581591998054
ENSG00000198874,0.7653680806655084
ENSG00000230358,5.2527929673977285
ENSG00000273448,-1.363885574470276
ENSG00000226829,NaN
ENSG00000225718,0.5678436720308943
ENSG00000158321,9.289636772450322
ENSG00000185274,NaN
ENSG00000183166,2.5655653575542345
ENSG00000277149,1.0494081788368572
ENSG00000196313,-1.0128466934240272
ENSG00000272843,NaN
ENSG00000285886,NaN
ENSG00000130305,-0.7335105884447524
ENSG00000188763,NaN
ENSG00000009954,-0.43287638595332345
ENSG00000106635,-1.261298066248175
ENSG00000106638,-0.48571456118501954
ENSG00000009950,-0.26573462151354466
ENSG00000274080,NaN
ENSG00000176428,-1.2098852548077714
ENSG00000176410,-1.7528527620319285
ENSG00000071462,0.7874268516034441
ENSG00000106089,-0.07553841832478632
ENSG00000106077,-0.48655698656909346
ENSG00000165215,-1.7670263132414306
ENSG00000189143,-0.24934543822280117
ENSG00000165171,-0.18049159318387434
ENSG00000049540,NaN
ENSG00000106683,2.858665597461948
ENSG00000106682,-1.3703197519878751
ENSG00000086730,1.2936704403083708
ENSG00000049541,0.6958237564218819
ENSG00000287815,-1.8906356420762211
ENSG00000106665,1.3175504228830843
ENSG00000006704,2.0651973787548266
ENSG00000263001,2.0829127180774285
ENSG00000232729,2.3526564981749725
ENSG00000196275,1.8328402305499152
ENSG00000274070,0.5827516488230925
ENSG00000274523,-0.20748274491017024
ENSG00000174428,-0.2723117631226898
ENSG00000178809,-1.7417422760395378
ENSG00000272391,0.9520853162491095
ENSG00000170092,2.818765445436183
ENSG00000127946,0.6606889367621155
ENSG00000006606,-1.506077709367681
ENSG00000005486,-0.6086341267635615
ENSG00000127948,0.5520074694954683
ENSG00000189077,-1.3270647549358026
ENSG00000127952,1.0225768340126284
ENSG00000146701,-0.1221246262843544
ENSG00000177679,-1.1016534469977526
ENSG00000106211,-0.3906230296896743
ENSG00000170027,0.08938439377556838
ENSG00000146700,0.26530361091148863
ENSG00000188372,-1.316275963574817
ENSG00000091073,-1.4051981655099506
ENSG00000250614,NaN
ENSG00000243566,-0.7306606013312825
ENSG00000185040,NaN
ENSG00000146707,-2.186175181052698
ENSG00000225703,NaN
ENSG00000135205,3.427763961781595
ENSG00000186088,-0.5278593326362669
ENSG00000127947,2.3576644587843414
ENSG00000214293,-1.3605465174808564
ENSG00000187257,0.7645247435102729
ENSG00000135211,-2.600297339173915
ENSG00000006576,1.0074261252385377
ENSG00000187391,-0.526390037896562
ENSG00000234456,4.554219368235081
ENSG00000127955,1.442883286249544
ENSG00000234223,NaN
ENSG00000135218,NaN
ENSG00000214415,NaN
ENSG00000075223,4.716289253618893
ENSG00000153956,4.2183030999263185
ENSG00000223770,NaN
ENSG00000186472,0.7801413945605238
ENSG00000170381,-1.0521218289608278
ENSG00000075213,1.5743826136484105
ENSG00000153993,NaN
ENSG00000224046,-0.5201920230209701
ENSG00000135164,1.185677847266946
ENSG00000135185,-1.5119342356375394
ENSG00000182165,-2.407204408088491
ENSG00000005469,1.377818234280573
ENSG00000005471,NaN
ENSG00000085563,NaN
ENSG00000075303,2.908654901073981
ENSG00000006634,-1.5160586085083232
ENSG00000008277,1.6925624545967917
ENSG00000075142,-0.4825791590546018
ENSG00000228113,NaN
ENSG00000233420,NaN
ENSG00000227646,1.1105977288797801
ENSG00000164647,1.8297271032495126
ENSG00000157214,0.877170301227708
ENSG00000105792,2.11517801396037
ENSG00000225498,0.02325537168326423
ENSG00000105793,1.1257574367052396
ENSG00000157224,0.05750312275708325
ENSG00000058091,0.7672583313719317
ENSG00000157240,-2.7970827149151627
ENSG00000235450,5.029215057443396
ENSG00000127989,2.269316543452271
ENSG00000127914,1.5795933648608822
ENSG00000001630,1.183692747155952
ENSG00000188693,NaN
ENSG00000240720,1.465777301865525
ENSG00000001631,0.168475522945423
ENSG00000001629,2.2840608825226787
ENSG00000157259,-1.3504323221852084
ENSG00000244055,3.475350679383816
ENSG00000127980,-1.0301318233085475
ENSG00000127993,-1.5006819597848384
ENSG00000234545,1.7837881344306292
ENSG00000105810,1.3331167179313592
ENSG00000287932,NaN
ENSG00000286742,NaN
ENSG00000237819,2.6362133851511103
ENSG00000205413,0.5864932447391242
ENSG00000177409,-0.3692624878841349
ENSG00000004766,-0.27330294611264583
ENSG00000127928,3.299582844835207
ENSG00000105825,1.33223582350355
ENSG00000234695,NaN
ENSG00000127920,-1.5718337207873727
ENSG00000105829,-0.7956906030946037
ENSG00000285090,NaN
ENSG00000127995,1.1082536065265345
ENSG00000127990,1.0351744978000414
ENSG00000242265,-0.49563237068306804
ENSG00000158528,2.0589788481357867
ENSG00000236197,1.8335880857935036
ENSG00000005421,4.635667448613963
ENSG00000105852,2.5487262963764183
ENSG00000105854,1.149863794616967
ENSG00000233942,-0.5701588740100285
ENSG00000005981,-0.34683629637697416
ENSG00000231170,2.4161853589718865
ENSG00000004799,1.357499632752852
ENSG00000158560,NaN
ENSG00000004864,1.9629086881570672
ENSG00000127922,-0.005494004861152559
ENSG00000196636,-1.0550922261068443
ENSG00000070669,2.4459125627809715
ENSG00000284707,0.17528826755518392
ENSG00000164715,1.8656548018717414
ENSG00000205356,1.0040793929254
ENSG00000164713,-1.1014081460528127
ENSG00000006453,2.3314937358411205
ENSG00000166448,NaN
ENSG00000196367,1.2070661421401092
ENSG00000198742,1.9757086902542065
ENSG00000185467,2.964490422083489
ENSG00000284523,0.7823443700188656
ENSG00000241685,-0.6740742996341635
ENSG00000130429,1.8227090706569933
ENSG00000106244,-0.9018309832226603
ENSG00000106245,-1.3267423086845023
ENSG00000106246,-1.2887659798312918
ENSG00000160917,-1.1366894361904556
ENSG00000241468,-0.8808946695130824
ENSG00000198556,1.5511249975277208
ENSG00000160908,-0.01048391815901168
ENSG00000196652,-0.8324760190417576
ENSG00000221909,-1.8966039782598725
ENSG00000197343,-0.16933155758613777
ENSG00000244219,NaN
ENSG00000197037,1.7608534713022868
ENSG00000106258,0.41227002765631987
ENSG00000160870,NaN
ENSG00000146833,-1.3292716073968207
ENSG00000286921,NaN
ENSG00000106261,0.37881108476815883
ENSG00000166529,-1.464641952941466
ENSG00000166526,1.2421551034858176
ENSG00000168090,-0.5765163599795764
ENSG00000166508,-1
ENSG00000221838,0.7652889425736493
ENSG00000106290,-0.32380934917355797
ENSG00000242798,NaN
ENSG00000166997,1.801422966092686
ENSG00000214309,-0.8926705707323136
ENSG00000235077,NaN
ENSG00000188186,-0.8150701254536054
ENSG00000146826,2.03471715215273
ENSG00000213420,-0.3424060906204031
ENSG00000066923,0.1695513557468961
ENSG00000239521,-0.11843152951541003
ENSG00000214300,1.5710073188861169
ENSG00000121716,3.8347440047271455
ENSG00000085514,-0.8736144264417913
ENSG00000078487,2.1210013258371108
ENSG00000146834,-0.4860013596684916
ENSG00000160813,-2.1384208821005473
ENSG00000166925,-1.883016666133671
ENSG00000286938,NaN
ENSG00000166924,-2.5292845515837197
ENSG00000225807,NaN
ENSG00000106351,-0.19713645674512273
ENSG00000205307,NaN
ENSG00000077454,-1.4841350920174952
ENSG00000106333,-1.4164680983939337
ENSG00000106330,-1.7610256982769714
ENSG00000106327,1.9449557852796975
ENSG00000172354,-1.099086244327391
ENSG00000146830,-0.09958191699611596
ENSG00000172336,-1.5868910368232723
ENSG00000196411,-1.5038522638181775
ENSG00000146828,-0.1402899933225695
ENSG00000236305,-0.9706085026110186
ENSG00000087077,-2.153481290535963
ENSG00000087087,-1.4838559102984599
ENSG00000176125,-1.4684237547306842
ENSG00000087085,NaN
ENSG00000169894,0.47843168247142226
ENSG00000274993,NaN
ENSG00000205277,0.6186703791728345
ENSG00000227053,1.6959512051639467
ENSG00000169876,NaN
ENSG00000169871,-0.6335932837660919
ENSG00000106366,10.764327957518088
ENSG00000106367,-0.8305175657239926
ENSG00000128564,-0.2780429446170168
ENSG00000106397,2.135788090366703
ENSG00000106400,-1.3392803782835532
ENSG00000106404,2.439212899965475
ENSG00000214253,-1.2037853244351053
ENSG00000232445,-1.001340145417647
ENSG00000128581,-3.0764518606063556
ENSG00000160963,0.4146287161873623
ENSG00000257923,3.6526223802837463
ENSG00000259294,NaN
ENSG00000272219,-0.25514776991812477
ENSG00000160999,-1.5806106472225074
ENSG00000128563,0.6290720066725571
ENSG00000160991,-0.6880105063586469
ENSG00000160993,0.40014254307062547
ENSG00000161036,-2.061956069113914
ENSG00000005075,-1.598955343475646
ENSG00000170667,1.3552539058021935
ENSG00000205238,2.1887672743834363
ENSG00000285437,1.3718336486563067
ENSG00000279168,4.910246716857038
ENSG00000267368,-1.294670998857413
ENSG00000228049,2.544390714717739
ENSG00000286830,3.154725095084602
ENSG00000222011,-1.485078786411635
ENSG00000161040,0.038512160414160564
ENSG00000128606,NaN
ENSG00000170632,-1.7100854535659724
ENSG00000161048,1.3319161346634296
ENSG00000105819,0.02752327739212195
ENSG00000105821,-0.32849764250443
ENSG00000161057,-1.0156765259522489
ENSG00000170615,1.280864447697307
ENSG00000164815,-0.9707509687921608
ENSG00000187416,NaN
ENSG00000225329,NaN
ENSG00000237513,1.7493539023856963
ENSG00000228393,1.580883157264869
ENSG00000239569,-0.5247267760019181
ENSG00000005483,0.6871973893013285
ENSG00000272918,NaN
ENSG00000135250,6.658438478489327
ENSG00000091127,-0.41065660179955094
ENSG00000135249,-0.67057781469983
ENSG00000185055,-1.0863134625523367
ENSG00000272604,NaN
ENSG00000146776,1.4199217894681482
ENSG00000128536,-0.5967780335179502
ENSG00000008282,0.16242234935296673
ENSG00000105835,0.6784093830834824
ENSG00000243797,NaN
ENSG00000253276,-0.8445113285990673
ENSG00000228742,1.2561161499509732
ENSG00000005249,0.2813978667166016
ENSG00000243193,NaN
ENSG00000105856,-1.4507826253600284
ENSG00000164597,2.216925719115329
ENSG00000105865,-0.009268834477255227
ENSG00000272854,NaN
ENSG00000075790,-0.34163773157739324
ENSG00000241764,-1.1022446019083636
ENSG00000105879,1.0448612374068373
ENSG00000091138,NaN
ENSG00000091140,-1.0879507942771816
ENSG00000091136,1.9918554070459646
ENSG00000091128,1.127639951345256
ENSG00000091129,6.273442052899686
ENSG00000135241,0.7659032358228854
ENSG00000177683,0.06676767029149032
ENSG00000128590,-1.407015210137455
ENSG00000226965,3.542908903654311
ENSG00000184903,2.478379545752129
ENSG00000173114,0.16066755959693613
ENSG00000128512,2.1652966508422224
ENSG00000198839,-0.7385434517925592
ENSG00000226851,NaN
ENSG00000006652,0.6567035116008917
ENSG00000181016,NaN
ENSG00000223646,2.0738734606411993
ENSG00000146802,2.2321659223352106
ENSG00000164603,0.12682008066235498
ENSG00000214194,-1.375499306648292
ENSG00000135272,0.7401913516505261
ENSG00000225535,1.693693942245159
ENSG00000135269,-0.3236315729379353
ENSG00000237813,2.8456564481586226
ENSG00000237870,NaN
ENSG00000105971,-0.6762461326793775
ENSG00000105974,1.1785558754125336
ENSG00000235427,NaN
ENSG00000231210,0.9596532662488843
ENSG00000105976,1.911534024249243
ENSG00000198898,-1.719618557196159
ENSG00000004866,-0.5715908051149647
ENSG00000214188,NaN
ENSG00000228368,NaN
ENSG00000226367,2.4070616899944577
ENSG00000001626,NaN
ENSG00000077063,0.585281578658721
ENSG00000128534,-0.27040207864279103
ENSG00000106013,-1.0510153759912988
ENSG00000225546,-1.2640687278353133
ENSG00000106025,-1.0453658203835656
ENSG00000071243,2.2011632714166267
ENSG00000196937,-0.6408565843298989
ENSG00000008311,NaN
ENSG00000081803,3.4006468228200095
ENSG00000240499,NaN
ENSG00000164675,NaN
ENSG00000128609,-1.62685942018864
ENSG00000106299,-0.9017112526084087
ENSG00000272686,-1.3952725691841201
ENSG00000242593,NaN
ENSG00000170775,-0.8870687316249402
ENSG00000128513,0.8153421846033235
ENSG00000224897,NaN
ENSG00000048405,-0.6172389662013019
ENSG00000179562,0.4038206587680057
ENSG00000004059,-0.8707901972376626
ENSG00000106328,NaN
ENSG00000197157,1.5292248657590155
ENSG00000279078,0.9361435031927839
ENSG00000128594,NaN
ENSG00000106344,-0.6928160630125701
ENSG00000106348,-1.3955571334107117
ENSG00000135245,-2.2099718877683054
ENSG00000165055,-0.37364553808051887
ENSG00000273270,-0.4770359501656647
ENSG00000271553,NaN
ENSG00000205085,1.878471490164733
ENSG00000271344,NaN
ENSG00000135248,-2.4447517335452553
ENSG00000128595,-0.025325538311191664
ENSG00000128617,NaN
ENSG00000128596,-1.7573561171959515
ENSG00000128591,NaN
ENSG00000128524,-1.5259247896002432
ENSG00000128604,-1.2831333980067952
ENSG00000064419,2.063219790500611
ENSG00000158457,-0.8252344182679162
ENSG00000128602,1.1859042388323995
ENSG00000158467,3.0691954053460715
ENSG00000128578,4.735952444259256
ENSG00000240204,-1.4928747521796868
ENSG00000273329,-0.9671643266599746
ENSG00000106459,1.6929909328840593
ENSG00000186591,1.668167230124807
ENSG00000244036,-0.3202822563058462
ENSG00000091732,-0.7521291158217599
ENSG00000128607,1.75370972627846
ENSG00000146842,0.07032688505199718
ENSG00000240571,-1.0086487450381032
ENSG00000128510,-6.379266603436808
ENSG00000106477,-1.1910314432351332
ENSG00000272701,NaN
ENSG00000106484,0.13976752033780537
ENSG00000270823,NaN
ENSG00000158623,-0.4603247264769649
ENSG00000270953,NaN
ENSG00000286214,3.659951432059335
ENSG00000285106,1.736487962259187
ENSG00000233559,8.189525766873825
ENSG00000226380,0.11367253786680862
ENSG00000271204,0.01438050387736777
ENSG00000273319,4.6815933660085385
ENSG00000231721,0.09155168019717098
ENSG00000128585,6.56692457960683
ENSG00000236753,-0.04924493563094467
ENSG00000128567,-0.2822591615239605
ENSG00000224865,NaN
ENSG00000221866,NaN
ENSG00000183470,NaN
ENSG00000106554,-0.1448854178969527
ENSG00000227197,NaN
ENSG00000131558,1.583074040623551
ENSG00000155530,-0.058627776164543906
ENSG00000205060,0.9381948575109287
ENSG00000273297,-2.4347619994074
ENSG00000085662,-0.5495074823746561
ENSG00000198074,-0.0804521795847949
ENSG00000227471,0.28202683948335683
ENSG00000172331,-0.8037894033033484
ENSG00000122786,1.1891179478848328
ENSG00000286458,1.2488850373204463
ENSG00000146856,-1.0723316945487313
ENSG00000122783,0.026169441790680103
ENSG00000146859,6.9563224813550235
ENSG00000287733,0.8458440551768107
ENSG00000105875,-0.26557288516543137
ENSG00000080802,1.0391672426700391
ENSG00000155561,0.4242562894914534
ENSG00000243317,-1.8469944635968667
ENSG00000164707,-1.2951777227882395
ENSG00000273219,NaN
ENSG00000224746,1.1810381927605347
ENSG00000105887,-1.0699971015329017
ENSG00000232053,NaN
ENSG00000157680,5.7786789679757575
ENSG00000182158,0.07442086861269198
ENSG00000122779,0.300253473823204
ENSG00000157703,NaN
ENSG00000105929,NaN
ENSG00000122778,1.341166235476536
ENSG00000146858,1.2800748936902158
ENSG00000105939,0.5554862328122407
ENSG00000105948,1.0020508195808349
ENSG00000157741,-0.7783861879969529
ENSG00000164898,-1.67217614351667
ENSG00000146963,-0.11028558819587325
ENSG00000273391,5.391543654339673
ENSG00000188883,-0.5831688721489664
ENSG00000236279,NaN
ENSG00000064393,0.3080445577298544
ENSG00000059377,-0.2548192059127379
ENSG00000059378,-1.3448622651640072
ENSG00000006459,1.0720625692672396
ENSG00000260231,3.9172704528509827
ENSG00000157800,0.5539729115173521
ENSG00000133606,-0.7023576317941779
ENSG00000146966,-0.37152272583014667
ENSG00000285904,NaN
ENSG00000133597,-1.4053529103684448
ENSG00000090266,-0.7909389655184108
ENSG00000240889,NaN
ENSG00000157764,2.244084336803182
ENSG00000090263,-1.3684600301736218
ENSG00000261115,1.9507218025599469
ENSG00000261570,NaN
ENSG00000006530,-0.21794094245207485
ENSG00000244701,NaN
ENSG00000257093,1.2792165541656102
ENSG00000270157,NaN
ENSG00000228775,0.8726199011496205
ENSG00000106028,-1.0981363855545965
ENSG00000127364,NaN
ENSG00000257335,-1.0486528226147105
ENSG00000258227,NaN
ENSG00000270672,NaN
ENSG00000106123,NaN
ENSG00000197993,NaN
ENSG00000197448,0.9634770756142669
ENSG00000231840,0.052052286237599846
ENSG00000178826,NaN
ENSG00000106144,-0.07794915145146032
ENSG00000159784,NaN
ENSG00000272619,NaN
ENSG00000232533,-1.0177510637266884
ENSG00000159840,-1.8901147999524384
ENSG00000146904,NaN
ENSG00000229153,NaN
ENSG00000198420,-0.6236556571659825
ENSG00000213214,NaN
ENSG00000244198,NaN
ENSG00000244479,3.3531880524592483
ENSG00000050327,NaN
ENSG00000196511,-1.3749069040450619
ENSG00000174469,-0.9075981507780501
ENSG00000273314,-0.7295270061112125
ENSG00000055130,1.3145420870478182
ENSG00000106462,1.49201824682108
ENSG00000155660,1.026436292883398
ENSG00000197362,-1.2180873786172377
ENSG00000204947,3.119024790547896
ENSG00000197024,1.0119012743226519
ENSG00000170265,0.8883937666616996
ENSG00000170260,-0.32877916106088406
ENSG00000204946,0.6027694395051163
ENSG00000196453,-1.0134139534813709
ENSG00000181220,-1.0392744360898118
ENSG00000133619,-1.0643949011873353
ENSG00000181444,-0.7745113402987386
ENSG00000197558,NaN
ENSG00000106479,1.5024177569663548
ENSG00000204934,-1.2655461546491942
ENSG00000171130,-2.0999437047358245
ENSG00000106526,NaN
ENSG00000127399,NaN
ENSG00000214022,-0.2644671236692564
ENSG00000196456,0.6651997672099903
ENSG00000284691,0.7110841055590972
ENSG00000106560,NaN
ENSG00000055118,NaN
ENSG00000197150,3.090789974348433
ENSG00000213199,0.07721407611947774
ENSG00000164885,-2.1830980082616103
ENSG00000164889,0.17700505099740255
ENSG00000244151,NaN
ENSG00000164896,-0.385892630896237
ENSG00000164897,0.1344074320068099
ENSG00000133612,-0.6821768239444971
ENSG00000164900,NaN
ENSG00000033050,-1.5708027370843163
ENSG00000033100,-1.1344384326881718
ENSG00000082014,-0.7889541637270548
ENSG00000272661,NaN
ENSG00000013374,-1.3530109594821134
ENSG00000187260,NaN
ENSG00000106615,0.15940305355100817
ENSG00000106617,1.5152177562634233
ENSG00000106648,NaN
ENSG00000178234,-0.9607262576409886
ENSG00000229591,NaN
ENSG00000055609,3.5760983352539113
ENSG00000196584,0.29869904036854994
ENSG00000133627,-1.2529353585441376
ENSG00000214106,2.209798457131727
ENSG00000157212,0.9577287374602217
ENSG00000273344,-0.2943055564418314
ENSG00000273117,NaN
ENSG00000186480,-0.06716329766466064
ENSG00000164778,NaN
ENSG00000216895,1.947889885875978
ENSG00000184863,0.8871669967326236
ENSG00000164690,0.23169561528627677
ENSG00000182648,-0.26406706775906524
ENSG00000105982,0.4649382377720451
ENSG00000224903,NaN
ENSG00000105983,-0.6632701790097864
ENSG00000146909,0.3101063988288188
ENSG00000130675,1.0896964507192173
ENSG00000243479,-1.2378692593367733
ENSG00000009335,0.5044783828413162
ENSG00000105993,-0.46171580000419465
ENSG00000155093,-0.5308547973172199
ENSG00000146918,1.611420202416269
ENSG00000117868,0.3105905999693564
ENSG00000126870,0.4389293804837091
ENSG00000172748,1.255303469203079
ENSG00000147364,0.5053421416556831
ENSG00000180190,2.307636222782904
ENSG00000104714,1.1275819734845092
ENSG00000182372,-0.16928475485810848
ENSG00000282021,NaN
ENSG00000253982,-1.9551964054494897
ENSG00000104728,0.43568719418603785
ENSG00000253764,NaN
ENSG00000253696,0.2062116686456387
ENSG00000176595,1.867758451070427
ENSG00000036448,0.1549380167298143
ENSG00000183117,NaN
ENSG00000246089,0.99231725445344
ENSG00000147316,0.3799865579873934
ENSG00000091879,2.0497850332176517
ENSG00000249898,1.2261465863103023
ENSG00000155189,-0.2245417985757064
ENSG00000245857,NaN
ENSG00000164825,-1.2503405097041798
ENSG00000253893,NaN
ENSG00000275342,2.0376198455678183
ENSG00000253505,0.22922595221477648
ENSG00000253774,NaN
ENSG00000253130,-1.1112152023540924
ENSG00000286910,NaN
ENSG00000253958,-0.7357367655037765
ENSG00000254367,1.274604245727618
ENSG00000147324,-0.5829454251652905
ENSG00000104626,0.4701510002829751
ENSG00000173281,1.136550403477429
ENSG00000254340,NaN
ENSG00000248538,0.0019473249378253433
ENSG00000272267,NaN
ENSG00000173273,1.986203782433296
ENSG00000260093,0.6177738541310125
ENSG00000175806,-1.8223967760892164
ENSG00000171056,NaN
ENSG00000254093,-0.031842400786281595
ENSG00000171044,NaN
ENSG00000280273,NaN
ENSG00000104643,-0.137852267569473
ENSG00000255020,NaN
ENSG00000184608,NaN
ENSG00000154319,0.9217199900928816
ENSG00000269954,NaN
ENSG00000136574,0.0017586352713043585
ENSG00000154328,-2.0976384487375634
ENSG00000079459,-0.9096259746153771
ENSG00000255046,-0.5546117374385461
ENSG00000164733,0.39181687185990216
ENSG00000255052,NaN
ENSG00000186523,2.5995478222112043
ENSG00000255495,-0.7443304426015512
ENSG00000227888,NaN
ENSG00000283674,-0.7005788251957689
ENSG00000154359,-0.17822920241948076
ENSG00000250305,NaN
ENSG00000164741,1.967777096933882
ENSG00000287134,NaN
ENSG00000164743,NaN
ENSG00000185053,3.2538834569261157
ENSG00000104723,-1.3865595026782547
ENSG00000253496,-1.4226372135794523
ENSG00000155970,0.5089448642524533
ENSG00000249258,1.1497253131585863
ENSG00000104219,0.09832899196987555
ENSG00000198791,-2.1677083443539225
ENSG00000155975,0.4726687055051529
ENSG00000003987,NaN
ENSG00000003989,0.4626013098469487
ENSG00000279932,NaN
ENSG00000104213,-0.21362812000518924
ENSG00000129422,2.1289376188122597
ENSG00000253168,NaN
ENSG00000253944,5.719511558864507
ENSG00000253671,0.20454450827618914
ENSG00000104760,1.5732329138915673
ENSG00000078674,1.1013995456937589
ENSG00000104763,-0.2940986824394682
ENSG00000171428,-1.0691466388010902
ENSG00000156011,6.322198040158124
ENSG00000187229,NaN
ENSG00000253335,NaN
ENSG00000253557,NaN
ENSG00000104611,0.37988280074194086
ENSG00000147408,5.59969801435292
ENSG00000253270,4.1763946993020005
ENSG00000104613,-1.1175908585828933
ENSG00000147416,-1.7432259065680542
ENSG00000253164,NaN
ENSG00000253300,3.58789853561339
ENSG00000254092,NaN
ENSG00000168546,NaN
ENSG00000130227,1.894725773406739
ENSG00000158856,0.28539773851085937
ENSG00000158863,2.2029430081165664
ENSG00000275074,-1.4990312911425403
ENSG00000168453,-0.3960507700512292
ENSG00000168476,-0.10990702791877668
ENSG00000168481,NaN
ENSG00000168487,1.6959048361153939
ENSG00000177725,-0.7313142933580732
ENSG00000285881,NaN
ENSG00000168490,NaN
ENSG00000168495,-1.186368982743355
ENSG00000254064,NaN
ENSG00000197181,NaN
ENSG00000104635,0.2073116745270291
ENSG00000120910,0.20078661386950053
ENSG00000251034,NaN
ENSG00000120896,-0.8620832755823387
ENSG00000120913,-1.3685762540741768
ENSG00000241852,-0.9501362753340822
ENSG00000158941,2.8782651103901555
ENSG00000253200,NaN
ENSG00000147439,-0.684305262290799
ENSG00000179388,-0.8137419058705763
ENSG00000253125,NaN
ENSG00000134020,-0.3625446952334606
ENSG00000245025,4.056367852948223
ENSG00000008853,0.6804331282257894
ENSG00000120889,0.8026316185230846
ENSG00000253616,NaN
ENSG00000173535,-0.5006371731782706
ENSG00000173530,2.0858539937615577
ENSG00000253930,NaN
ENSG00000104689,-0.4636899877363568
ENSG00000246582,-0.5474185855869463
ENSG00000250714,3.3339085740503545
ENSG00000147457,-0.985103814052346
ENSG00000104679,-2.394876248484411
ENSG00000134013,1.3108940013942088
ENSG00000253837,NaN
ENSG00000197217,-0.06158349905278967
ENSG00000253390,NaN
ENSG00000147454,2.311906140952578
ENSG00000167034,-0.2799481849753397
ENSG00000159167,2.614566842481577
ENSG00000042980,4.613233271854628
ENSG00000253535,2.774512145866606
ENSG00000069206,NaN
ENSG00000104722,NaN
ENSG00000277586,-0.4636289281923541
ENSG00000272157,NaN
ENSG00000287185,-0.5453697150067522
ENSG00000147459,3.5340374846099434
ENSG00000147437,NaN
ENSG00000104756,0.42647074251142986
ENSG00000184661,-0.47805440448731157
ENSG00000221914,-0.663299510512986
ENSG00000104765,-1.0018804925282263
ENSG00000253430,NaN
ENSG00000240694,0.7048457949498137
ENSG00000092964,0.05997527091971237
ENSG00000104228,-0.6987702569698024
ENSG00000120899,-0.8984922500415644
ENSG00000120915,1.0094146800658017
ENSG00000120885,0.5080243478944072
ENSG00000168077,-0.016688715753696598
ENSG00000147419,-1.5949907296482457
ENSG00000171320,-1.6365881164916445
ENSG00000168078,-2.0283881536193604
ENSG00000168079,-0.8365169684536918
ENSG00000189233,NaN
ENSG00000134014,-0.2532831467071111
ENSG00000168081,NaN
ENSG00000186918,0.19956556568927805
ENSG00000214050,-0.6965543105241027
ENSG00000253567,NaN
ENSG00000104290,-0.8112455689162194
ENSG00000012232,-0.49430570258294915
ENSG00000104299,2.9605758507935467
ENSG00000147421,1.5374420458024238
ENSG00000197892,1.124680697355637
ENSG00000254129,1.3121795954710453
ENSG00000120875,0.41806122102615384
ENSG00000285601,NaN
ENSG00000251191,NaN
ENSG00000254086,NaN
ENSG00000133872,0.0495362284968743
ENSG00000272256,NaN
ENSG00000104660,0.18444359168853997
ENSG00000177669,NaN
ENSG00000271869,0.08464697223640148
ENSG00000104671,-0.8323357016901589
ENSG00000253708,NaN
ENSG00000285669,1.4543301706507221
ENSG00000254109,0.05758011325915238
ENSG00000157110,1.0875802224269862
ENSG00000197265,-0.5157263648858998
ENSG00000104687,0.017988004030019024
ENSG00000104691,1.7472565763646677
ENSG00000104695,0.0202251788121673
ENSG00000133863,NaN
ENSG00000165392,0.8573975042285072
ENSG00000253377,NaN
ENSG00000157168,2.8627340074329632
ENSG00000286648,NaN
ENSG00000247134,0.694759495821657
ENSG00000172728,-0.269327746859877
ENSG00000129696,3.2068620080386094
ENSG00000198042,-2.2248215458710425
ENSG00000133874,2.2313700924664652
ENSG00000254194,NaN
ENSG00000156687,1.940677011614933
ENSG00000253524,NaN
ENSG00000253363,1.136038065547216
ENSG00000254290,NaN
ENSG00000253344,NaN
ENSG00000183779,-1.6928693699478532
ENSG00000147475,0.03909631031320921
ENSG00000147471,-1.2268158186143756
ENSG00000020181,1.559233266045629
ENSG00000104221,-0.967187224775179
ENSG00000156675,-0.7357749011816419
ENSG00000187840,0.383750407008514
ENSG00000260949,1.3901809468274509
ENSG00000286677,NaN
ENSG00000129691,-0.5154961295295559
ENSG00000147465,NaN
ENSG00000253356,NaN
ENSG00000175324,-2.072288130585088
ENSG00000156735,1.9705536040943736
ENSG00000285632,NaN
ENSG00000085788,1.7991755172491295
ENSG00000147535,-0.2756214059069477
ENSG00000147548,0.3589621839076892
ENSG00000272092,-1.008543906488587
ENSG00000165046,-1.0194695198082038
ENSG00000077782,1.5092050084291644
ENSG00000196166,NaN
ENSG00000147526,0.051905801264040805
ENSG00000253829,NaN
ENSG00000169499,-1.1551811740226854
ENSG00000253645,NaN
ENSG00000169495,NaN
ENSG00000169490,-1.7369907985437476
ENSG00000168615,3.545365553965467
ENSG00000197140,1.4206069928317284
ENSG00000131203,NaN
ENSG00000253939,NaN
ENSG00000176907,4.008061493750665
ENSG00000254143,1.9518613682830417
ENSG00000253802,1.0560925808394517
ENSG00000165061,4.083605686033966
ENSG00000104332,1.1192328711102122
ENSG00000147533,-0.690145557196519
ENSG00000253133,3.1723525413853273
ENSG00000147536,2.6822250455675105
ENSG00000158669,-1.2468737309834683
ENSG00000029534,-0.8226336015449619
ENSG00000083168,0.9401020509337815
ENSG00000070718,0.35273290719094474
ENSG00000104368,4.219044189999116
ENSG00000253408,NaN
ENSG00000104365,0.07762873189691165
ENSG00000070501,-0.85134178902111
ENSG00000078668,-1.4266547310717743
ENSG00000168575,0.12765907580844074
ENSG00000176209,-1.9102221569959272
ENSG00000147432,NaN
ENSG00000131931,-0.5442354745111804
ENSG00000286837,NaN
ENSG00000120925,-1.2958557982157295
ENSG00000168172,0.5875060955135537
ENSG00000168522,1.3586240228696131
ENSG00000185900,-1.6086713668666057
ENSG00000165102,1.0497632850962524
ENSG00000164808,7.71974055117002
ENSG00000221869,-0.6928260657936772
ENSG00000253729,1.3781422630870153
ENSG00000104738,-0.6716117451231294
ENSG00000169139,-0.4740770038839054
ENSG00000034239,NaN
ENSG00000019549,2.144414840202162
ENSG00000147485,3.326151843712286
ENSG00000168300,0.14857191832756697
ENSG00000228801,-0.5901391465681897
ENSG00000196711,NaN
ENSG00000023287,0.5780882562389701
ENSG00000047249,0.03407683454774567
ENSG00000147509,-0.4740585558299353
ENSG00000272457,NaN
ENSG00000187735,-0.6885140522678125
ENSG00000260955,-0.07621948146943149
ENSG00000120992,0.13128117657722152
ENSG00000137547,-1.600383835503146
ENSG00000164736,-0.8131009487754434
ENSG00000167904,-0.6262715332880863
ENSG00000137574,1.8167209070760673
ENSG00000254087,1.117183199077118
ENSG00000008988,-1.0320642070630808
ENSG00000181690,NaN
ENSG00000170791,1
ENSG00000104331,1.855587791615148
ENSG00000253821,NaN
ENSG00000205293,NaN
ENSG00000169122,-0.23940303390800696
ENSG00000253116,NaN
ENSG00000215114,2.488465369049904
ENSG00000137575,-2.3190910666053464
ENSG00000035681,2.082207390858287
ENSG00000198846,0.516093858523629
ENSG00000167912,NaN
ENSG00000178538,-1.869414591959666
ENSG00000251396,-0.626423491172309
ENSG00000104388,2.6719014106907655
ENSG00000228862,NaN
ENSG00000171316,0.617737351158233
ENSG00000287975,-0.1560997983206421
ENSG00000254777,NaN
ENSG00000177182,NaN
ENSG00000198363,0.9842187292565063
ENSG00000251127,0.9122314934337512
ENSG00000254119,1.7470348735451646
ENSG00000285971,NaN
ENSG00000185942,2.5013685279432707
ENSG00000274956,NaN
ENSG00000137563,-0.8817062565043643
ENSG00000137561,NaN
ENSG00000270673,0.44664999176433584
ENSG00000185728,0.6765226988262538
ENSG00000261542,NaN
ENSG00000253894,NaN
ENSG00000253554,NaN
ENSG00000172817,-1.755716690805296
ENSG00000272010,NaN
ENSG00000104442,-2.168653674022251
ENSG00000066855,1.7261871338746348
ENSG00000205268,3.344636228193986
ENSG00000253190,NaN
ENSG00000287127,0.23798940891585824
ENSG00000179041,-2.0181179445638793
ENSG00000147576,3.854203476648493
ENSG00000185697,-0.6571326936376722
ENSG00000175073,-0.2686353063524074
ENSG00000104205,0.19216997395928323
ENSG00000178460,2.621883322931914
ENSG00000245910,0.5602617869731671
ENSG00000261787,NaN
ENSG00000178125,0.2416564759904926
ENSG00000121022,-0.6207607190667974
ENSG00000104218,0.8912172525120176
ENSG00000066777,0.7787059034944782
ENSG00000165078,3.685696734029039
ENSG00000046889,NaN
ENSG00000137571,2.0667456766929213
ENSG00000140396,1.2521312709664882
ENSG00000067167,1.4942998829888092
ENSG00000246366,0.2628322747152268
ENSG00000147592,-0.4374334176171636
ENSG00000221947,-1.494158981858903
ENSG00000235531,2.632009792858996
ENSG00000178860,-0.3792359183292117
ENSG00000104321,2.2208661201475635
ENSG00000182674,NaN
ENSG00000147601,0.2508146608982601
ENSG00000253636,-0.723495750678857
ENSG00000164764,NaN
ENSG00000147604,-1.0389754898694108
ENSG00000121039,-1.5195583925502494
ENSG00000250295,1.9660984901628025
ENSG00000253339,NaN
ENSG00000040341,1.536783937608803
ENSG00000254538,0.867105394320273
ENSG00000104343,1.144294249318301
ENSG00000154582,-0.9008419276586664
ENSG00000175606,-0.8815241996272047
ENSG00000104381,1.910944676508173
ENSG00000121005,0.9290423706429827
ENSG00000249395,2.969172269724913
ENSG00000164749,2.087587322400928
ENSG00000287352,NaN
ENSG00000254300,NaN
ENSG00000253661,NaN
ENSG00000091656,1.7353985880059655
ENSG00000164751,-1.3340077789591538
ENSG00000171033,2.4938377817607864
ENSG00000104427,0
ENSG00000104432,NaN
ENSG00000164683,NaN
ENSG00000272138,-0.10068724235388964
ENSG00000249328,NaN
ENSG00000285758,2.670414211878677
ENSG00000147586,0.894960236484464
ENSG00000272518,NaN
ENSG00000076554,-0.35423880637556937
ENSG00000253238,-0.8481981863675707
ENSG00000205189,-0.39407267207132796
ENSG00000260317,NaN
ENSG00000164684,2.299612659047205
ENSG00000286763,NaN
ENSG00000076641,NaN
ENSG00000254027,NaN
ENSG00000164687,0.040110886778592834
ENSG00000133731,-0.5604265286109765
ENSG00000104231,-0.1627450747220518
ENSG00000164695,-1.3133629483817988
ENSG00000104497,-0.4647725690480915
ENSG00000254689,NaN
ENSG00000133739,-1.2713431458586482
ENSG00000260493,NaN
ENSG00000133740,-0.64784694559745
ENSG00000176731,-1.003966626871676
ENSG00000185015,NaN
ENSG00000258256,NaN
ENSG00000253549,NaN
ENSG00000104267,-1.0334843905204967
ENSG00000253154,NaN
ENSG00000164893,NaN
ENSG00000123124,2.829720467745944
ENSG00000176623,1.0348469939519624
ENSG00000085719,-1.2624965385580187
ENSG00000170289,NaN
ENSG00000176571,NaN
ENSG00000253500,NaN
ENSG00000156103,-0.9912391622439496
ENSG00000253553,3.7575626498180807
ENSG00000251136,3.461084207158957
ENSG00000104312,-1.1478527186974468
ENSG00000164823,-1.431146127558919
ENSG00000104320,-0.09635963690036158
ENSG00000104325,1.2396555500692483
ENSG00000104327,NaN
ENSG00000254180,2.5121922907542267
ENSG00000253394,-1.143391251807222
ENSG00000180694,-0.3183475515782195
ENSG00000253250,0.4268644052480658
ENSG00000155099,0.5713974287508142
ENSG00000253738,0.35373141945356457
ENSG00000155100,-1.2031293284432478
ENSG00000214954,1.2423273317153813
ENSG00000248858,-0.18380993299551784
ENSG00000253197,NaN
ENSG00000205133,0.7725305409907158
ENSG00000188343,0.457390587820729
ENSG00000271971,NaN
ENSG00000183808,1.2183540343615853
ENSG00000253848,NaN
ENSG00000164953,0.09028395810930194
ENSG00000254057,NaN
ENSG00000164951,-0.7139510502492331
ENSG00000079112,-0.9551738294685433
ENSG00000164949,0.9632750381965355
ENSG00000197275,-0.9171218774293346
ENSG00000265817,-0.07622754389277332
ENSG00000164944,-0.8215683857793499
ENSG00000253704,1.0422799389990662
ENSG00000104413,NaN
ENSG00000156162,-1.8903644266050585
ENSG00000164941,1.298723520119245
ENSG00000175305,1.4834862906122228
ENSG00000272509,NaN
ENSG00000156170,1.7657353018485893
ENSG00000164938,2.5311308038670752
ENSG00000253878,NaN
ENSG00000254248,NaN
ENSG00000175895,-1.7053888109019697
ENSG00000253773,-0.5088895075534782
ENSG00000156172,-0.8036398934884066
ENSG00000248762,NaN
ENSG00000156467,-0.773605640815847
ENSG00000156469,-2.678610794812686
ENSG00000156471,0.17236815878375983
ENSG00000104324,-0.7669668676588487
ENSG00000180543,-0.9473667477286049
ENSG00000147649,2.8396373848392167
ENSG00000104341,0.39800916050973456
ENSG00000132561,0.01762385118118655
ENSG00000156482,-1.0647622508013022
ENSG00000177459,0.9607535191093562
ENSG00000132541,-1.7612287530115656
ENSG00000104356,-1.6658492242100449
ENSG00000104361,0.2969617172704335
ENSG00000104375,2.662130971269927
ENSG00000164920,0.7918442101341722
ENSG00000253948,-0.5839161849428723
ENSG00000132549,0.7883509130290037
ENSG00000164919,-0.2810165158517448
ENSG00000132554,NaN
ENSG00000156509,2.4042344542373453
ENSG00000147669,-1.5780665741298268
ENSG00000104450,1.0384456440358156
ENSG00000034677,1.9327586567288328
ENSG00000253217,-0.6534893138173888
ENSG00000186106,1.0599456090867467
ENSG00000174226,NaN
ENSG00000070756,0.49697989200856724
ENSG00000260368,-1.215093113911496
ENSG00000164924,0.5953371768327406
ENSG00000261087,NaN
ENSG00000120963,-0.8006621195818575
ENSG00000271882,NaN
ENSG00000254084,NaN
ENSG00000104490,1.180835499577503
ENSG00000048392,-0.45585724259384125
ENSG00000246263,-0.5733970404035119
ENSG00000104517,0.32766453382735244
ENSG00000253633,-1.1128937115873025
ENSG00000155090,1.0341390415799006
ENSG00000283959,-0.6381547027712282
ENSG00000253669,-0.6302415052552228
ENSG00000155096,0.2514191612348538
ENSG00000253320,1.3206609120044213
ENSG00000155097,-0.5325469623489028
ENSG00000247081,3.0269334471638003
ENSG00000164930,-0.10603155364700359
ENSG00000164932,NaN
ENSG00000164933,0.8919914129782927
ENSG00000164934,-0.46447363246772394
ENSG00000253477,NaN
ENSG00000176406,0.9925878015638853
ENSG00000147647,NaN
ENSG00000147650,2.671156878795091
ENSG00000169946,1.4294383348082438
ENSG00000251003,0.6730035605921192
ENSG00000254615,-0.5317219988088729
ENSG00000164830,-0.5717860879093698
ENSG00000253582,NaN
ENSG00000154188,0.8141932696915896
ENSG00000104408,0.3408994978716138
ENSG00000253754,NaN
ENSG00000104412,-0.7410279892874606
ENSG00000253796,NaN
ENSG00000120526,-0.06523576009981091
ENSG00000250267,NaN
ENSG00000120533,0.6595261562934486
ENSG00000147654,-0.8479883491375861
ENSG00000147642,-1.1512213374403408
ENSG00000253877,NaN
ENSG00000253103,NaN
ENSG00000253434,NaN
ENSG00000164796,1.1612729721975443
ENSG00000104447,-0.8332154352411986
ENSG00000147677,0.7727134148527459
ENSG00000147679,-1.4554998668517576
ENSG00000164754,-1.2628548143565206
ENSG00000164758,-2.054857365846747
ENSG00000182197,4.764992875672819
ENSG00000177570,-1.5796362608422216
ENSG00000225885,NaN
ENSG00000147676,NaN
ENSG00000136999,-1.8681054480735233
ENSG00000064313,0.7201532299742468
ENSG00000286362,-0.6269897240607468
ENSG00000136982,-0.9406152548906928
ENSG00000155792,2.165994551407564
ENSG00000254343,NaN
ENSG00000187955,3.0810589547366143
ENSG00000172172,-0.20807359173530843
ENSG00000172167,-0.685722742989845
ENSG00000172164,-0.09449224340145476
ENSG00000253619,NaN
ENSG00000170961,1.4850510911306511
ENSG00000248690,-0.21443791501768303
ENSG00000253819,-0.08089861403917063
ENSG00000178764,0.21796142743261243
ENSG00000253607,-1.1408483871261543
ENSG00000136986,1.1556664011293902
ENSG00000156787,-0.094327079289634
ENSG00000287657,NaN
ENSG00000147689,-0.5866230312397999
ENSG00000189376,-1.0605373598462366
ENSG00000165156,-0.9374262521960959
ENSG00000156802,0.924177870167223
ENSG00000156795,-0.5247861637750824
ENSG00000156804,5.938235166875209
ENSG00000104537,0.7837408017024459
ENSG00000176853,-0.5567473685965539
ENSG00000214814,NaN
ENSG00000214803,-0.02112605908041134
ENSG00000253227,-0.7822350925630797
ENSG00000164983,0.8069772118589561
ENSG00000183665,0.5434175894275696
ENSG00000245149,-1.2529607548442885
ENSG00000170881,-0.05489290804263178
ENSG00000147687,0.48248694009520127
ENSG00000253106,NaN
ENSG00000147684,-0.9977413061197121
ENSG00000170873,0.5121209446222496
ENSG00000104549,1.2338614667592107
ENSG00000164961,-1.2807996556899028
ENSG00000156831,9.70305762379886
ENSG00000173334,0.6028262936976835
ENSG00000253111,NaN
ENSG00000286122,NaN
ENSG00000168672,-0.26329426681622026
ENSG00000253438,-0.03564028290496904
ENSG00000254166,2.182995000661696
ENSG00000246228,2.2573055250588387
ENSG00000286266,NaN
ENSG00000249375,NaN
ENSG00000136997,-2.128959569647744
ENSG00000249859,1.6798069787198964
ENSG00000286034,NaN
ENSG00000254275,NaN
ENSG00000229140,NaN
ENSG00000153310,5.412095265981992
ENSG00000254263,NaN
ENSG00000253720,3.01681592436017
ENSG00000287195,2.1938092265284865
ENSG00000153317,2.3801259697153934
ENSG00000280543,-1.0535496126480164
ENSG00000286535,NaN
ENSG00000253656,NaN
ENSG00000155897,NaN
ENSG00000132294,0.7429292414053584
ENSG00000184156,0.6044519083505095
ENSG00000129295,0.46230342586735457
ENSG00000129292,0.05972089359607534
ENSG00000270137,NaN
ENSG00000042832,1.5290707701722692
ENSG00000104415,NaN
ENSG00000104419,-1.125865303451902
ENSG00000008513,-1.0955351669733329
ENSG00000261220,NaN
ENSG00000288067,NaN
ENSG00000066827,1.418760257544315
ENSG00000259820,NaN
ENSG00000131773,-0.27859642783954636
ENSG00000169436,NaN
ENSG00000169427,NaN
ENSG00000167632,1.6243241367689105
ENSG00000282164,NaN
ENSG00000259891,-0.6921187265462709
ENSG00000104472,-2.8176540065259936
ENSG00000123908,0.3283243202284243
ENSG00000280303,NaN
ENSG00000169398,4.980746296800294
ENSG00000105339,-0.7231463138361208
ENSG00000253210,-1.4251135696934905
ENSG00000022567,0.8112240141179822
ENSG00000253307,NaN
ENSG00000261655,NaN
ENSG00000204882,NaN
ENSG00000184489,-0.5123427555132457
ENSG00000171045,0.6985385472445629
ENSG00000261693,NaN
ENSG00000181790,NaN
ENSG00000198576,NaN
ENSG00000234616,-0.6217261688973589
ENSG00000253741,1.2104358183472288
ENSG00000130193,-0.8339897616215635
ENSG00000180155,NaN
ENSG00000167656,NaN
ENSG00000247317,2.073230462087093
ENSG00000160932,-0.6393088435523195
ENSG00000181638,-1.1007280508942598
ENSG00000250571,-1.2757573257942632
ENSG00000253716,-0.5488024321165179
ENSG00000185730,-0.12873785339492846
ENSG00000272172,-1.3984952194533868
ENSG00000184428,-1.0195747919805231
ENSG00000254389,NaN
ENSG00000158106,0.18568630441435025
ENSG00000014164,1.2145131017512705
ENSG00000287576,1.2749196989757152
ENSG00000254859,NaN
ENSG00000104518,-0.9928766599495837
ENSG00000204839,2.798301882624432
ENSG00000147813,0.8918566335149275
ENSG00000104529,-1.0413392998539368
ENSG00000179886,-1.0241471625062384
ENSG00000104524,-1.2418436407318367
ENSG00000104522,-2.3753516598696582
ENSG00000183309,-1.5063472699939635
ENSG00000181135,2.391712565866336
ENSG00000181097,1.2756960584909514
ENSG00000181085,NaN
ENSG00000180921,-0.4228278543208197
ENSG00000203499,0.9760662502895929
ENSG00000254973,2.696019935255883
ENSG00000180900,-0.28632409405072545
ENSG00000179950,-0.7193344770769988
ENSG00000287222,-1.5287852283846313
ENSG00000185189,-0.913423896131719
ENSG00000261150,NaN
ENSG00000288096,0
ENSG00000178209,0.5164920488421256
ENSG00000178685,NaN
ENSG00000178719,-1.906560468058595
ENSG00000186583,NaN
ENSG00000178814,-0.6567963333535912
ENSG00000255224,-0.8104009328069179
ENSG00000178896,-1.5131805543962535
ENSG00000197858,-0.5265360788509517
ENSG00000179091,0.1904401813054669
ENSG00000179526,-1.0700510836151758
ENSG00000179632,-0.7835631067397927
ENSG00000179698,1.6017543052321543
ENSG00000235173,-2.3702273771266413
ENSG00000179832,4.430868139925792
ENSG00000261236,-0.8569468391773717
ENSG00000260428,0.303784048187039
ENSG00000185122,-0.6403637911406832
ENSG00000185000,2.3978051636960136
ENSG00000261587,NaN
ENSG00000185803,-0.6338534901508125
ENSG00000182325,-0.5531348184274741
ENSG00000173137,-0.6329449227904946
ENSG00000071894,0.28607219203852013
ENSG00000147804,-2.4227120768582164
ENSG00000160948,-1.5232849135207154
ENSG00000160949,-1.7393973998210153
ENSG00000187954,-1.2858557738037952
ENSG00000167702,3.2029545293801216
ENSG00000160972,-0.23147470689349278
ENSG00000255182,NaN
ENSG00000167701,1.395706591263635
ENSG00000167700,-0.7080538087139806
ENSG00000160957,0.14098174414350978
ENSG00000160959,-1.6213279188560836
ENSG00000254402,-0.13300998078148576
ENSG00000213563,-1.651642914327205
ENSG00000147799,0.46095913360282736
ENSG00000198169,0.3175840545512009
ENSG00000196378,0.1876307138603809
ENSG00000161016,-1.094003694424314
ENSG00000197363,1.0809960684267232
ENSG00000147789,-0.6653209643300139
ENSG00000170619,-0.28101648607738544
ENSG00000286681,0.3242183495528279
ENSG00000196150,-0.15126621708875368
ENSG00000170631,-0.43293279799257456
ENSG00000182307,-1.1966166616319007
ENSG00000181404,1.4787020156633472
ENSG00000170122,NaN
ENSG00000172785,1.5013481860301374
ENSG00000183784,NaN
ENSG00000107099,0.00710167671288017
ENSG00000107104,1.0503038466500532
ENSG00000227914,3.0161025505246113
ENSG00000080503,-0.9084889512037819
ENSG00000236404,0.3189917926145043
ENSG00000147852,-0.6039939710190417
ENSG00000168263,1.2677789928936365
ENSG00000080608,0.2881613926420182
ENSG00000080298,1.7908431987269255
ENSG00000232104,0.950728750930344
ENSG00000107249,7.090358867200099
ENSG00000230001,NaN
ENSG00000106688,0.9688793471108303
ENSG00000106686,1.6128100820760918
ENSG00000205808,-0.02586600516154948
ENSG00000273061,0.09707788807543996
ENSG00000106993,-1.2657363168839593
ENSG00000147853,0.040891778745734304
ENSG00000287759,-0.12875421544680868
ENSG00000120158,-0.2518768001221743
ENSG00000096968,1.3184883237306662
ENSG00000120210,NaN
ENSG00000120211,-0.2487168689609452
ENSG00000107014,-0.8159647983416904
ENSG00000107018,NaN
ENSG00000107020,-2.1902305111083304
ENSG00000120217,-0.8112322919771611
ENSG00000286162,-0.38845258127922894
ENSG00000197646,-0.3942173241464769
ENSG00000107036,1.7698289086915198
ENSG00000099219,1.1002337082413445
ENSG00000183354,0.648654106061393
ENSG00000137040,-1.0302152531026747
ENSG00000147854,0.5082316487806569
ENSG00000233367,2.6152728211002025
ENSG00000178445,0.7388304466348691
ENSG00000236924,0.8087236804119701
ENSG00000229611,NaN
ENSG00000107077,2.7026021998652845
ENSG00000285688,NaN
ENSG00000137038,-1.4790067750707443
ENSG00000153707,NaN
ENSG00000286474,NaN
ENSG00000107165,NaN
ENSG00000235448,0.62075064063062
ENSG00000153714,1.461517458723238
ENSG00000285637,NaN
ENSG00000107186,0.023553263231854894
ENSG00000234740,-1.1570625219550728
ENSG00000147862,1.239406726309395
ENSG00000225472,-0.29273661522560435
ENSG00000273399,NaN
ENSG00000175893,0.2918061252023012
ENSG00000164946,NaN
ENSG00000155158,0.36066530527135143
ENSG00000164975,2.2541144284886943
ENSG00000164985,-1.0722175764881834
ENSG00000164989,2.8284986134858783
ENSG00000205549,0.9615533978814279
ENSG00000173068,2.069385439759383
ENSG00000234779,-0.7586479582865708
ENSG00000044459,0.7515280798974264
ENSG00000107295,NaN
ENSG00000178031,NaN
ENSG00000155876,-1.0162877830059962
ENSG00000147874,1.1813150236205638
ENSG00000147872,-1.4942947532230468
ENSG00000137145,1.37263560881758
ENSG00000272842,NaN
ENSG00000273226,NaN
ENSG00000137154,-1.1576963316511388
ENSG00000177076,1.149134039876428
ENSG00000260912,NaN
ENSG00000171843,1.5551908789754898
ENSG00000188352,1.9565714549666462
ENSG00000227071,NaN
ENSG00000188921,-0.7918134343596168
ENSG00000198642,0.8820869349771546
ENSG00000171889,1.661920288878673
ENSG00000184995,2.8313952846142008
ENSG00000099810,1.6113190626480942
ENSG00000240498,-0.9384040508890658
ENSG00000236921,0.02501047205865292
ENSG00000176399,-0.9375464252541278
ENSG00000234840,3.373535142849168
ENSG00000284418,NaN
ENSG00000198680,-0.2861477649987848
ENSG00000120159,-0.8874372823947937
ENSG00000137055,0.7085161653593391
ENSG00000096872,-0.17332585072314896
ENSG00000234676,NaN
ENSG00000184434,3.578615717049947
ENSG00000254396,NaN
ENSG00000120160,NaN
ENSG00000120162,1.3847127980357892
ENSG00000147894,-1
ENSG00000174482,-0.6121754561692889
ENSG00000122729,-1.4687504526593942
ENSG00000107201,1.703562053930982
ENSG00000197579,-2.0504208296996027
ENSG00000235453,-1.11542445404631
ENSG00000165264,-1.5802380363333357
ENSG00000223440,NaN
ENSG00000230516,NaN
ENSG00000188133,-1.018021400172097
ENSG00000137074,0.6593065035858613
ENSG00000086061,-0.7397235351960307
ENSG00000122692,-1.7256066977813398
ENSG00000086062,6.825806364046764
ENSG00000233554,NaN
ENSG00000122711,NaN
ENSG00000107262,0.5860985939506796
ENSG00000086065,-1.863541801611744
ENSG00000086102,0.6747775324375495
ENSG00000165272,-0.2964157230244863
ENSG00000165271,-0.7867004555085187
ENSG00000230453,-1.1719190065041747
ENSG00000226562,1.3713039190895737
ENSG00000281128,NaN
ENSG00000010438,-0.9253948504047174
ENSG00000235481,2.326298844140923
ENSG00000107341,-0.2676967672965767
ENSG00000137073,0.315661415154236
ENSG00000228352,5.289082616461656
ENSG00000198876,-0.6245237341675915
ENSG00000165006,0.6774510163884908
ENSG00000186638,-1.6772573196793172
ENSG00000164978,0.5378274821851311
ENSG00000164976,0.5293166334326008
ENSG00000164972,-0.9542760247356014
ENSG00000164970,1.0147861028108232
ENSG00000122735,NaN
ENSG00000168913,0.9353545506551745
ENSG00000164967,-1.1793838337099247
ENSG00000137100,-1.0686762472896207
ENSG00000205143,NaN
ENSG00000147955,-1.0079352050510675
ENSG00000213930,-1.9353006942811537
ENSG00000137070,0.9785363215478887
ENSG00000187186,-1.9620524002833168
ENSG00000230074,1.784380901830049
ENSG00000137094,NaN
ENSG00000286782,NaN
ENSG00000287868,NaN
ENSG00000165280,2.8045450995496015
ENSG00000221829,-1.45895014887922
ENSG00000165282,0.18958871816052908
ENSG00000234181,NaN
ENSG00000165283,-1.371637794613107
ENSG00000005238,0.8072123170643687
ENSG00000198722,1.2034060306606047
ENSG00000198853,2.946873582926116
ENSG00000287287,1.229047138470481
ENSG00000215187,NaN
ENSG00000107140,-0.8753609343778901
ENSG00000137101,-0.35341397970284977
ENSG00000269900,-0.9798206735801119
ENSG00000159884,-2.3626691387476364
ENSG00000137135,-1.3546326145838987
ENSG00000107159,-0.5122342950458745
ENSG00000198467,-0.21742309612080202
ENSG00000137076,-0.25138867549208654
ENSG00000107175,-0.6526106749282556
ENSG00000070610,0.6358031747516344
ENSG00000107185,0.5019283644105107
ENSG00000227388,0.941679010970156
ENSG00000159899,NaN
ENSG00000137098,NaN
ENSG00000137133,-1.4215695842780791
ENSG00000137103,1.4113876522025526
ENSG00000122707,0.434281489626706
ENSG00000122694,-2.1986260185796964
ENSG00000122705,0.19261175676850956
ENSG00000159921,2.7196848709555606
ENSG00000137075,0.11730100859737212
ENSG00000165304,0.10900404937998745
ENSG00000281649,-0.714370793331936
ENSG00000147905,1.449018001166131
ENSG00000137106,-1.2892293397921077
ENSG00000168795,-1.2280202781126555
ENSG00000137054,-1.4859899342731975
ENSG00000234160,NaN
ENSG00000147912,-1
ENSG00000175768,-0.9036005436577119
ENSG00000165275,3.2523149056278835
ENSG00000107371,-0.8156147825340119
ENSG00000122741,2.1952824643655373
ENSG00000122696,-0.07571379378081479
ENSG00000107338,0.9715782631206032
ENSG00000137124,-1.3469634237217667
ENSG00000137142,-0.9567406086335808
ENSG00000180071,0.9135154078092493
ENSG00000204860,0.1976869206881542
ENSG00000287838,NaN
ENSG00000106714,-0.4229978944079645
ENSG00000278175,-1.217266800665944
ENSG00000283886,NaN
ENSG00000215126,1.2742917927598623
ENSG00000275450,NaN
ENSG00000154529,2.492136419311298
ENSG00000275649,6.080304121090254
ENSG00000237357,4.981330867758511
ENSG00000276422,NaN
ENSG00000275676,NaN
ENSG00000283378,-0.6685533882838277
ENSG00000231527,-1.319511452179232
ENSG00000204802,NaN
ENSG00000226007,NaN
ENSG00000287168,6.72588157509276
ENSG00000234665,NaN
ENSG00000170161,-1.1504566571108732
ENSG00000147996,0.5002348375636897
ENSG00000274349,0.3380465456230827
ENSG00000274026,2.752555074648912
ENSG00000260691,NaN
ENSG00000196873,0.6610747895979001
ENSG00000154330,NaN
ENSG00000233178,NaN
ENSG00000226337,NaN
ENSG00000107242,15.423000369807085
ENSG00000187866,-1.3848017134195743
ENSG00000165060,-0.7640029059935722
ENSG00000119139,-1.4971250135290444
ENSG00000135063,1.1717332159354925
ENSG00000107282,NaN
ENSG00000188647,0.25068432208525204
ENSG00000165072,0.4851812834721805
ENSG00000268364,-0.19227193388180644
ENSG00000198887,1.9802469534917289
ENSG00000274421,0.4890783840042319
ENSG00000119138,-1.1650205109961989
ENSG00000135048,2.3358888400479145
ENSG00000107362,1.5440044240409316
ENSG00000155621,0.7018576025539176
ENSG00000119125,-0.560187671221781
ENSG00000225434,1.0697093490484944
ENSG00000107372,-0.7768198348054831
ENSG00000165091,NaN
ENSG00000236849,-0.4498205046491285
ENSG00000165092,-1.07322395524294
ENSG00000135046,-0.5839022417741228
ENSG00000119121,2.3148679746606953
ENSG00000135045,-1.5387228939252657
ENSG00000203321,-2.076647135007083
ENSG00000156017,0.758290287859941
ENSG00000106733,0.011079905381093528
ENSG00000134996,-0.13424315221312677
ENSG00000099139,1.5039449816695407
ENSG00000135002,-1.9730944227094684
ENSG00000187210,-1.1893693604291804
ENSG00000106772,NaN
ENSG00000197969,0.37880906687878263
ENSG00000156052,2.282107827463381
ENSG00000148019,0.5292459646332945
ENSG00000135069,-1.4053675337090903
ENSG00000106829,1.917551794245166
ENSG00000196781,0.7366870516519212
ENSG00000233926,NaN
ENSG00000267559,NaN
ENSG00000165105,-1.1052529997255682
ENSG00000286451,NaN
ENSG00000172159,3.4269590217487074
ENSG00000148057,0.4430788178337505
ENSG00000135018,-0.615009333330326
ENSG00000254473,-0.7387461303546856
ENSG00000165113,0.6540606778189815
ENSG00000231616,3.0151182596079975
ENSG00000165115,-0.3580933229975264
ENSG00000165118,-1.3461974040646554
ENSG00000165119,0.4395336579528617
ENSG00000235298,NaN
ENSG00000178966,-0.019998065873337023
ENSG00000148053,NaN
ENSG00000135049,-0.56824090208486
ENSG00000230303,NaN
ENSG00000135040,0.0938697741636059
ENSG00000135052,-0.184501107999335
ENSG00000187753,2.3853757876101738
ENSG00000135070,-2.2801311384283003
ENSG00000083223,0.032714497619445115
ENSG00000269994,NaN
ENSG00000196730,3.508316285887673
ENSG00000236709,-0.7600169932124283
ENSG00000135047,0.5958847500275033
ENSG00000156345,-1.4975251512389736
ENSG00000287750,-0.6252069848022368
ENSG00000287769,NaN
ENSG00000106723,0.48256870848693245
ENSG00000130045,-0.2374816604118745
ENSG00000286414,NaN
ENSG00000228658,NaN
ENSG00000213694,1.0365588299522377
ENSG00000148082,4.29653753572518
ENSG00000123975,0.5981973661251185
ENSG00000187742,-0.33616274053384154
ENSG00000187764,-0.9881276736395979
ENSG00000231107,0
ENSG00000230537,2.754239199913433
ENSG00000229694,NaN
ENSG00000148090,1.741067587067016
ENSG00000165030,-0.8175790604537746
ENSG00000169071,-1.319883128277892
ENSG00000090054,1.522802867026658
ENSG00000196305,0.24393849281817886
ENSG00000198000,-1.194837921263741
ENSG00000188312,1.5524899688458011
ENSG00000106809,0.15525969160974157
ENSG00000127083,1.9891361119125994
ENSG00000106819,NaN
ENSG00000106823,-0.24624433946071173
ENSG00000285650,-0.9963898117630152
ENSG00000127080,1.568745354500091
ENSG00000185963,0.07453541669881211
ENSG00000127081,0.2342136607430609
ENSG00000127084,-0.09089222259779775
ENSG00000157303,NaN
ENSG00000223446,NaN
ENSG00000165233,-2.1403358471678295
ENSG00000131669,-0.9702249598711914
ENSG00000165238,0.7561613576461749
ENSG00000188938,-1.7122579331783452
ENSG00000048828,0.22733403288114637
ENSG00000197724,0.06724528671512793
ENSG00000131668,0.8929892114855431
ENSG00000158079,1.781979186725656
ENSG00000286834,NaN
ENSG00000269929,1.528739354368904
ENSG00000230262,2.3558714909872145
ENSG00000175787,-1.3317254565798609
ENSG00000148110,0.29367751621190225
ENSG00000286850,4.293885237590322
ENSG00000231806,0.49294645729728964
ENSG00000130957,NaN
ENSG00000148120,0.7585391626595025
ENSG00000236095,-1.2169214326615028
ENSG00000224764,-0.6751603807130988
ENSG00000285807,NaN
ENSG00000158169,0.09920924505303752
ENSG00000271384,NaN
ENSG00000185920,-0.8342841885912329
ENSG00000228142,NaN
ENSG00000175611,-0.754403549955408
ENSG00000182150,0.5419188121545052
ENSG00000225194,NaN
ENSG00000130958,-1.66600200881774
ENSG00000165244,2.52456616293812
ENSG00000130956,-0.6387843093370157
ENSG00000081377,0.759472577236669
ENSG00000158122,-0.8770054075017887
ENSG00000224848,3.3868200501939967
ENSG00000081386,-1.3421945032482048
ENSG00000196597,-0.859551354674603
ENSG00000196312,2.1968561343681228
ENSG00000136943,-0.012548387861330059
ENSG00000203279,1.1804855768968927
ENSG00000197816,5.030726828845318
ENSG00000196116,0.0813500943210945
ENSG00000136842,NaN
ENSG00000228174,NaN
ENSG00000136925,1.5018560349013643
ENSG00000136937,-0.18577494925304738
ENSG00000136936,-0.5378923716767762
ENSG00000178919,0.16978123842170267
ENSG00000136932,-1.1784639857581323
ENSG00000287070,2.82286339166651
ENSG00000136938,-0.35559773873227346
ENSG00000095380,-1.5765955732819827
ENSG00000106785,-0.2177444620178566
ENSG00000106789,0.9968890639074307
ENSG00000095383,0.005092548071847297
ENSG00000136928,NaN
ENSG00000165138,-0.05296094047614952
ENSG00000119514,2.217793996730261
ENSG00000204291,NaN
ENSG00000106799,3.261494420317405
ENSG00000119523,-1.4831020577966403
ENSG00000106803,-0.45433004838447766
ENSG00000255145,0.23363756030891472
ENSG00000119508,2.4934263614396057
ENSG00000136874,0.6579064583593803
ENSG00000023318,1.9087469709887457
ENSG00000119509,3.5152525640318286
ENSG00000136891,1.089373689623719
ENSG00000066697,-1.1414003742477532
ENSG00000241697,-0.8310132439098428
ENSG00000170681,0.2724800828253991
ENSG00000136881,0.017894337555637574
ENSG00000136897,-0.014513906847910627
ENSG00000136870,-0.2607748554082462
ENSG00000165152,-0.8131674521001072
ENSG00000155827,-0.9222012553599654
ENSG00000198785,NaN
ENSG00000225564,NaN
ENSG00000270332,NaN
ENSG00000136824,-1.0708554709307458
ENSG00000136783,-1.6697854110543664
ENSG00000165028,-0.4095447510396869
ENSG00000165029,0.03860052560702913
ENSG00000070214,1.326503320281351
ENSG00000106701,0.7259307600136131
ENSG00000106692,0.18983818659061896
ENSG00000095209,2.7002460988468804
ENSG00000234323,2.325769997700049
ENSG00000148143,0.5260751625040849
ENSG00000230782,NaN
ENSG00000119318,0.0915430318956509
ENSG00000226825,NaN
ENSG00000136826,NaN
ENSG00000070061,0.5925851802282088
ENSG00000119328,-1.94543512789187
ENSG00000119326,-0.4428999553316149
ENSG00000106771,0.7004359346694974
ENSG00000260230,NaN
ENSG00000095203,0.8150267772125918
ENSG00000070159,-1.8304276037616531
ENSG00000157654,0.009721349808388754
ENSG00000188959,-0.25297709028073273
ENSG00000136810,-0.9033351896652215
ENSG00000165124,3.219878113910459
ENSG00000030304,NaN
ENSG00000198121,0.46802020745769735
ENSG00000136813,0.8896016069390473
ENSG00000173258,1.1716504343242349
ENSG00000106853,1.8630484276675816
ENSG00000059769,-1.4064174196214387
ENSG00000242616,-1.4974006912544822
ENSG00000165181,-0.15719908662310542
ENSG00000148154,-0.7557521698860603
ENSG00000259953,1.4787039739259917
ENSG00000106868,2.5551097913015073
ENSG00000119314,3.7837708784410684
ENSG00000119471,0.2583007485031002
ENSG00000230185,-0.8064443368378983
ENSG00000165185,4.621126826409108
ENSG00000148153,-0.503023175237933
ENSG00000226609,NaN
ENSG00000148158,0.3768598803512601
ENSG00000119457,NaN
ENSG00000285447,1.336241104858535
ENSG00000136866,1.9000051932008668
ENSG00000136867,-0.6751799333286251
ENSG00000119321,-1.375070708085847
ENSG00000136868,0.4387298486756653
ENSG00000176386,-1.8317373611199401
ENSG00000136875,-0.46015865518320953
ENSG00000148225,0.32494949344431256
ENSG00000119411,NaN
ENSG00000119431,-1.2739655302033577
ENSG00000148218,0.9537863415144545
ENSG00000148229,-2.8481391006216223
ENSG00000157653,NaN
ENSG00000138835,-1.3862049512178556
ENSG00000227482,NaN
ENSG00000157657,1.607561327717727
ENSG00000106927,-0.0794809338575246
ENSG00000136883,1.1192619227529408
ENSG00000196739,0.0940946181126594
ENSG00000106948,2.7901754640167833
ENSG00000095397,2.417327791446676
ENSG00000136888,-1.3699500755243865
ENSG00000157693,0.9191543699203176
ENSG00000230054,NaN
ENSG00000230601,NaN
ENSG00000181634,0.9990040246714109
ENSG00000173077,3.619390300480145
ENSG00000106952,NaN
ENSG00000041982,0.4349690237840206
ENSG00000228714,NaN
ENSG00000182752,3.8877322080942123
ENSG00000226604,NaN
ENSG00000244757,2.395582921227844
ENSG00000256040,-2.748842067032138
ENSG00000148219,0.5443519331788045
ENSG00000229105,-1.593859323115743
ENSG00000230894,0.03643851029741456
ENSG00000119401,-1.1382577303339267
ENSG00000136869,NaN
ENSG00000078725,-0.2836713161581306
ENSG00000136861,0.6581408880496518
ENSG00000106780,1.547728962412006
ENSG00000119402,-0.06049932270247251
ENSG00000214654,1.3285814728182288
ENSG00000095261,0.9526034498375321
ENSG00000119403,-0.9443931888922534
ENSG00000056558,0.3285363184916488
ENSG00000106804,1.4428938945819387
ENSG00000119397,0.5181982511725083
ENSG00000119396,-1.5158700136222756
ENSG00000148180,1.210128915010055
ENSG00000148175,0.6559094618151617
ENSG00000227355,0.640405706748585
ENSG00000136848,-1.1065079696440345
ENSG00000175764,-0.8470721302052967
ENSG00000119421,-0.4695244670973846
ENSG00000106852,NaN
ENSG00000119446,1.029490534014108
ENSG00000148187,-0.6160044897280564
ENSG00000234156,-0.5739163895948126
ENSG00000171501,NaN
ENSG00000136940,-0.9536640717893843
ENSG00000056586,0.5856510540657598
ENSG00000186130,-0.5754093920711734
ENSG00000171448,4.058956984350312
ENSG00000261094,NaN
ENSG00000286718,NaN
ENSG00000011454,3.2464113297963126
ENSG00000165209,2.1213629059043546
ENSG00000119522,2.916764996230763
ENSG00000230826,-1.5734836690799539
ENSG00000106689,0.6075832467835127
ENSG00000119408,-0.011926546356522922
ENSG00000136930,1.4926688497653706
ENSG00000148200,1.6202595531694968
ENSG00000224020,3.4343565372525395
ENSG00000185585,3.4235430252402046
ENSG00000136942,-0.9947736326116426
ENSG00000136950,-1.1645321078351931
ENSG00000136935,0.13648127675465335
ENSG00000173611,3.8847610512240554
ENSG00000119414,-2.7663749693894415
ENSG00000136933,-1.6034978937399673
ENSG00000044574,2.7447195012258323
ENSG00000165219,-0.37189826315805913
ENSG00000287782,NaN
ENSG00000119487,-0.3997694317280788
ENSG00000167081,1.0236904373131752
ENSG00000196814,1.167277026099808
ENSG00000136944,-0.6168994031487647
ENSG00000169155,3.5793693770676236
ENSG00000177125,4.549724721148872
ENSG00000136828,1.3690206075432172
ENSG00000136895,-0.02685383155114132
ENSG00000271833,NaN
ENSG00000136856,-1.4036720229465236
ENSG00000196152,0.3150739169839951
ENSG00000197958,-1.145816072585439
ENSG00000148356,-1.4915050276696213
ENSG00000136830,0.22269476409942013
ENSG00000136854,2.278844775341617
ENSG00000279571,3.1257229373097535
ENSG00000187024,-1.7440372990887145
ENSG00000160401,NaN
ENSG00000167094,NaN
ENSG00000160404,-0.7161005058778753
ENSG00000136807,1.6431037874258856
ENSG00000136877,-1.1941179209589157
ENSG00000106991,NaN
ENSG00000225032,-0.6252502690215426
ENSG00000106992,-1.808583148633383
ENSG00000160408,0.5647250140349707
ENSG00000136840,-1.8636684905672394
ENSG00000167103,NaN
ENSG00000136908,-1.3929063260727237
ENSG00000167106,-0.34303216121427543
ENSG00000171169,-0.47826101702668966
ENSG00000148339,1.4342783701330528
ENSG00000234771,1.4310327027725873
ENSG00000148334,-0.9647616654970245
ENSG00000148346,-1.2132944706513515
ENSG00000171159,-0.9969844801392428
ENSG00000148337,0.19951201785911266
ENSG00000106976,0.3749726285879343
ENSG00000167110,0.5096450316508341
ENSG00000175854,-0.2771866860495141
ENSG00000167112,-1.1255532592974853
ENSG00000272696,NaN
ENSG00000167113,-0.8001690975338807
ENSG00000167114,1.517456193591836
ENSG00000167118,-1.4291906139891635
ENSG00000167123,-1.0319533917391925
ENSG00000273186,NaN
ENSG00000136811,-0.747621775258355
ENSG00000119392,-0.7619839194419737
ENSG00000228395,-0.36272620940826894
ENSG00000197694,1.8722228122896383
ENSG00000119333,-1.8369748203706229
ENSG00000234705,1.8501952863391713
ENSG00000119335,-0.498021261355514
ENSG00000160447,-2.071320024397275
ENSG00000160446,-0.007285892397382479
ENSG00000223478,-1.7157906036450798
ENSG00000160445,0.3408977148746248
ENSG00000107021,-0.03429545149666931
ENSG00000167136,-0.14131406436399319
ENSG00000198917,-1.061416496931159
ENSG00000171097,-0.23795461168031612
ENSG00000136802,0.5942059518897823
ENSG00000175287,-0.44234934420628363
ENSG00000175283,-2.2674985737087394
ENSG00000095319,-0.12975285892786875
ENSG00000148341,-1.0936489684380888
ENSG00000148343,2.5152910483472986
ENSG00000287234,NaN
ENSG00000167130,-0.33109006726162116
ENSG00000095321,-0.555503129418017
ENSG00000119383,-0.0820457933277509
ENSG00000188483,-0.29349446550630165
ENSG00000268050,NaN
ENSG00000204055,NaN
ENSG00000233901,0.13345219434475689
ENSG00000204054,0.3262331535494575
ENSG00000261334,NaN
ENSG00000227619,0.7034853721011856
ENSG00000148335,1.4725168890179474
ENSG00000179058,NaN
ENSG00000148331,-1.100874327403313
ENSG00000167157,1.0785996038605414
ENSG00000236024,NaN
ENSG00000148344,-0.9804679781216996
ENSG00000136816,-0.34536093117968447
ENSG00000136827,-0.24529201787418278
ENSG00000136819,-1.3108360747731163
ENSG00000136878,-1.767585178096604
ENSG00000187239,1.1204859687661242
ENSG00000148358,0.5433755266624499
ENSG00000107130,-1.714318699021368
ENSG00000130707,1.174577916056862
ENSG00000107164,0.964970405648259
ENSG00000130713,-1.6391619344068555
ENSG00000097007,1.659140962644673
ENSG00000130720,-1.3966233936474588
ENSG00000050555,-2.2111085469114586
ENSG00000126883,0.44083466983708264
ENSG00000236986,0.8793677723863379
ENSG00000246851,0.9861263404080951
ENSG00000130723,0.08520523803942326
ENSG00000130714,-0.9399613646495526
ENSG00000230289,NaN
ENSG00000130717,-0.6121232819135817
ENSG00000283526,NaN
ENSG00000107263,1.8054936330107783
ENSG00000160563,-1.5127390918971269
ENSG00000196358,NaN
ENSG00000107290,0.16157307766584036
ENSG00000125482,1.6991286144361644
ENSG00000125485,1.1953913473061746
ENSG00000125484,0.7732017780408277
ENSG00000165695,1.8521977280371784
ENSG00000165698,0.18086127056706697
ENSG00000165699,3.356011261173754
ENSG00000165702,NaN
ENSG00000148308,0.5964769586165136
ENSG00000170835,1.9131894782654515
ENSG00000160271,0.4041949219048716
ENSG00000148288,NaN
ENSG00000148296,-0.5366330069142048
ENSG00000148297,-1.5859468621063357
ENSG00000148303,-1.050755990762029
ENSG00000148290,-2.186738006114336
ENSG00000148291,-2.8924632815857154
ENSG00000148248,-1.4140693506812285
ENSG00000198870,4.025047644017162
ENSG00000148300,-0.519041396443524
ENSG00000160323,NaN
ENSG00000160325,2.0606636741299322
ENSG00000160326,-1.5045827614053418
ENSG00000123453,NaN
ENSG00000160293,2.5753553184835556
ENSG00000235106,-1.9091288348757518
ENSG00000169925,-1.1513998914222734
ENSG00000273249,3.5931627149764016
ENSG00000196363,-2.3173891356869074
ENSG00000186350,1.9386753329730169
ENSG00000130635,2.241030597609698
ENSG00000130558,-1.1414028169770472
ENSG00000225361,-0.012998662384353097
ENSG00000196422,1.152332009896085
ENSG00000160345,-1.5697379987618234
ENSG00000122140,-1.922225873647545
ENSG00000130559,0.6645290833475008
ENSG00000238058,-0.09533960358363065
ENSG00000130560,-1.1437576800760954
ENSG00000148411,-0.24909370856052557
ENSG00000260193,NaN
ENSG00000238227,0.043908388265040864
ENSG00000165661,3.237630845989453
ENSG00000262075,NaN
ENSG00000160360,1.5615374416660737
ENSG00000213221,-1.0253129807150454
ENSG00000187796,NaN
ENSG00000165684,1.2571621749046764
ENSG00000165689,0.01752300414484485
ENSG00000165688,-0.4354027309377705
ENSG00000148384,0.03685717214824359
ENSG00000148396,0.7004380135534701
ENSG00000196366,-0.9331696367352645
ENSG00000148400,3.2173881115385727
ENSG00000237886,-0.9216756763417707
ENSG00000172889,-1.8687953588429222
ENSG00000169692,0.14400240958733196
ENSG00000165716,-1.1684506440256819
ENSG00000233016,-0.9247057907492419
ENSG00000244187,-1.9961518565938023
ENSG00000213213,-0.5735973408892108
ENSG00000228544,NaN
ENSG00000196642,-0.06890854678233002
ENSG00000232434,0.3896187874425987
ENSG00000054148,-0.6732673616300991
ENSG00000177943,0.2372184061219187
ENSG00000107223,-0.23937271922000905
ENSG00000127191,0.8880658800106997
ENSG00000260190,NaN
ENSG00000159069,-1.017250452355464
ENSG00000184925,NaN
ENSG00000107317,NaN
ENSG00000148362,-0.004591122674237097
ENSG00000169583,-1.0503452757086669
ENSG00000107331,-0.6340324437083719
ENSG00000107281,-0.8041380763208917
ENSG00000054179,1.3510191684452193
ENSG00000186193,0.3694460919493506
ENSG00000197355,NaN
ENSG00000268996,-0.6933396589857626
ENSG00000177239,-0.5002086139814315
ENSG00000176978,0.6647804756209965
ENSG00000184709,-1.4922354713010788
ENSG00000176248,-1.1187579004479773
ENSG00000176101,-1.2262705656632684
ENSG00000176058,-1.5792044041644868
ENSG00000187713,-1.4713269329821606
ENSG00000188566,-1.1170080311336554
ENSG00000284976,-0.9481253937078806
ENSG00000212864,NaN
ENSG00000197191,NaN
ENSG00000188229,-0.22911809169808556
ENSG00000188986,-0.29703408061232106
ENSG00000198113,-0.10541736040158152
ENSG00000198435,-0.3657512091328652
ENSG00000187609,-1.4743064720010148
ENSG00000188747,1.4462741847267533
ENSG00000165802,-1.777090519534674
ENSG00000130653,2.340188671821166
ENSG00000182154,0.3594793052393711
ENSG00000148399,0.40825352263527304
ENSG00000165724,-1.444361733312744
ENSG00000197070,-0.8144264473357963
ENSG00000203993,0.22528430679459285
ENSG00000181090,1.5541410692310036
ENSG00000261456,2.736223670567003
ENSG00000015171,2.30346067592203
ENSG00000151240,1.4929018868317843
ENSG00000180525,NaN
ENSG00000107929,0.578294608961807
ENSG00000229869,NaN
ENSG00000205740,-1.1666863728236445
ENSG00000107937,0.08973178640419231
ENSG00000148377,NaN
ENSG00000232656,2.0345004925873775
ENSG00000067064,-0.24476145235453012
ENSG00000047056,3.3396141191313147
ENSG00000235281,NaN
ENSG00000273001,NaN
ENSG00000067057,-0.08128992335976315
ENSG00000107959,0.8457121813291828
ENSG00000237399,-0.4896894330607325
ENSG00000067082,0.6404306053260405
ENSG00000231298,0.019708974082839396
ENSG00000165568,0.5530754660637963
ENSG00000187134,0.3701570968425429
ENSG00000151632,-0.23830540344342566
ENSG00000196139,-0.3194668746653413
ENSG00000198610,0.9160332988413216
ENSG00000231039,0.48849830695256047
ENSG00000224034,NaN
ENSG00000173848,-0.6711625552161266
ENSG00000178372,NaN
ENSG00000242147,-1.1272090961938181
ENSG00000196372,-0.4465399382803083
ENSG00000108021,0.7138906101211111
ENSG00000226647,2.319714200149728
ENSG00000057608,-0.21267972666621324
ENSG00000272764,NaN
ENSG00000134461,-0.20171829946094538
ENSG00000134452,0.5187096328274331
ENSG00000232807,NaN
ENSG00000134470,0.16739739838617546
ENSG00000134460,NaN
ENSG00000134453,-1.1727123845816967
ENSG00000170525,0.9202543619143779
ENSG00000213994,NaN
ENSG00000215244,0.8471901241828336
ENSG00000065675,2.462806136087237
ENSG00000237943,-2.0732455491927477
ENSG00000223784,-2.3899343042522783
ENSG00000238266,2.0781178805784637
ENSG00000287277,NaN
ENSG00000198879,1.2439857385547526
ENSG00000123243,NaN
ENSG00000151655,-0.9669751566465717
ENSG00000151657,1.4995993812241328
ENSG00000165629,-0.4709992205001652
ENSG00000165632,2.3493791860675577
ENSG00000107485,-1.8818392807423467
ENSG00000197308,NaN
ENSG00000148429,-0.41464254102216674
ENSG00000134463,-1.8988102708946306
ENSG00000148426,1.4130187326689043
ENSG00000225778,NaN
ENSG00000151461,1.7730202066316285
ENSG00000181192,-0.3070736470434673
ENSG00000065665,1.5012174129643854
ENSG00000165609,-1.1464702054453797
ENSG00000151465,-0.5935954391563716
ENSG00000228302,NaN
ENSG00000183049,0.4995806546275293
ENSG00000151468,2.7300141378460334
ENSG00000123240,-1.8486924389026742
ENSG00000065328,-0.8721777858609641
ENSG00000107537,-2.368660532935196
ENSG00000086475,-0.04477058864045719
ENSG00000165626,1.74005807396196
ENSG00000165630,-1.7836107996130015
ENSG00000239665,1.5372278827683996
ENSG00000151474,1.0707576999097317
ENSG00000065809,6.424417992851461
ENSG00000185267,0.8659620004569795
ENSG00000284024,-0.402885756338713
ENSG00000187522,-0.27128774627017677
ENSG00000272853,1.468061323297267
ENSG00000152455,-0.0731400214046381
ENSG00000152457,0.7681795545830279
ENSG00000197889,-1.1274380513093165
ENSG00000176244,-0.25673015314964387
ENSG00000176236,NaN
ENSG00000152464,-0.40101358422035865
ENSG00000152465,0.6839646472471927
ENSG00000148468,0.5234498345854213
ENSG00000148481,-0.5431732826075795
ENSG00000165983,-0.530144209007064
ENSG00000165985,NaN
ENSG00000148484,-0.4106315320296747
ENSG00000225213,NaN
ENSG00000107611,-3.866641300833219
ENSG00000107614,0.7498859023342875
ENSG00000229124,-1.1584977547007749
ENSG00000026025,-0.48279920513257835
ENSG00000234961,0.0613409794128204
ENSG00000148488,NaN
ENSG00000165996,-0.14162433666593477
ENSG00000260589,NaN
ENSG00000136738,0.7439866125681368
ENSG00000148483,-1.425651820127758
ENSG00000165995,2.330235604261681
ENSG00000235020,NaN
ENSG00000240291,0.7892281697988779
ENSG00000241058,1.1232936295274503
ENSG00000165997,-0.372063724441781
ENSG00000120594,0.0848026160807925
ENSG00000078114,1.4804090754245272
ENSG00000231920,0.9336127928137488
ENSG00000230109,-0.982038389853797
ENSG00000204682,-1.1695763390416274
ENSG00000180592,0.16876038800628032
ENSG00000078403,2.124318641970782
ENSG00000286881,0.3310339263263699
ENSG00000136770,0.962862751916758
ENSG00000148444,-1.248238538507209
ENSG00000168283,-2.1501817783627866
ENSG00000150867,-0.18407532334718119
ENSG00000165309,0.43609442838282686
ENSG00000286924,NaN
ENSG00000148450,-0.21952432464259267
ENSG00000165312,0.856360110094309
ENSG00000287124,NaN
ENSG00000120549,-0.028925276224581548
ENSG00000107863,-0.11474031773881085
ENSG00000099256,0.3971777374156546
ENSG00000273107,1.5853432331396755
ENSG00000151023,2.7083215437881467
ENSG00000185875,-0.86890364011777
ENSG00000151025,2.3393368789569897
ENSG00000095777,NaN
ENSG00000077420,-0.4768809445179907
ENSG00000148459,-1.856688434665309
ENSG00000136754,-0.04941872940821958
ENSG00000107890,-0.5546266081217777
ENSG00000136758,-0.24404781265901362
ENSG00000120539,0.8870087621176183
ENSG00000107897,0.24457472470963842
ENSG00000099246,-0.00948909137332448
ENSG00000285737,6.211762480420164
ENSG00000150051,NaN
ENSG00000150054,1.752593212610803
ENSG00000254635,-0.6516428687628883
ENSG00000095787,0.25847094079314475
ENSG00000095739,0.7841518158075316
ENSG00000197321,0.41499419395928056
ENSG00000165757,0.9064768794215333
ENSG00000259994,NaN
ENSG00000107951,1.1515406556003855
ENSG00000107968,1.4307711506870042
ENSG00000151033,NaN
ENSG00000183621,0.7958189786681049
ENSG00000237036,1.8825136198346915
ENSG00000148516,-0.18606706915438562
ENSG00000237797,NaN
ENSG00000165322,1.4442037319829841
ENSG00000170759,1.086370003116853
ENSG00000120616,1.0254861075565864
ENSG00000229327,1.477847197001683
ENSG00000216937,0.5437068907663587
ENSG00000273038,-0.39493944589908686
ENSG00000150093,0.5317420633662868
ENSG00000229656,0.6040191230101355
ENSG00000233387,NaN
ENSG00000099250,6.134198830617596
ENSG00000273012,NaN
ENSG00000148498,2.2103935601808042
ENSG00000226386,NaN
ENSG00000283000,NaN
ENSG00000108094,-0.9352410952517975
ENSG00000230534,NaN
ENSG00000095794,0.6378044007433856
ENSG00000269952,NaN
ENSG00000233200,NaN
ENSG00000108100,2.6572420191866684
ENSG00000271335,0.5722140693096562
ENSG00000287945,NaN
ENSG00000177283,-0.8460864415781657
ENSG00000287528,NaN
ENSG00000148513,2.892144875796811
ENSG00000198105,0.6038806511740107
ENSG00000236514,NaN
ENSG00000175395,0.0459008043824467
ENSG00000189180,0.5227114399461901
ENSG00000075407,2.2213795193591324
ENSG00000196693,0.819479657235311
ENSG00000285884,NaN
ENSG00000165733,0.0010916431471456336
ENSG00000165731,NaN
ENSG00000273008,NaN
ENSG00000169826,-0.9688658388088629
ENSG00000198915,0.9483930739531187
ENSG00000285712,NaN
ENSG00000169813,2.516918692238633
ENSG00000230555,-1.055307154011581
ENSG00000243660,0.6095305280950614
ENSG00000196793,2.821359519033929
ENSG00000198298,-0.538854822905214
ENSG00000223910,NaN
ENSG00000169740,-2.547990569078211
ENSG00000107562,4.201726806285107
ENSG00000224812,4.9829955205988465
ENSG00000223462,NaN
ENSG00000273363,NaN
ENSG00000107551,NaN
ENSG00000165512,-1.9344955319499564
ENSG00000231964,NaN
ENSG00000165406,1.831625572620075
ENSG00000172671,-0.7252185824465087
ENSG00000172661,2.9577425193631957
ENSG00000188234,-0.9366305755874125
ENSG00000265354,0.3666996648354815
ENSG00000266412,-2.5955041245489032
ENSG00000274209,NaN
ENSG00000264230,-0.7270494544276559
ENSG00000285294,1.5190310468521344
ENSG00000204175,-0.3124421206157112
ENSG00000204176,NaN
ENSG00000231187,NaN
ENSG00000229227,NaN
ENSG00000285662,NaN
ENSG00000204179,-0.06480354462048367
ENSG00000265763,0.6359694104178976
ENSG00000265190,NaN
ENSG00000189090,NaN
ENSG00000204172,2.1548476006123183
ENSG00000277758,NaN
ENSG00000276850,0.2576524870388974
ENSG00000264717,NaN
ENSG00000273760,-1.1803400705787634
ENSG00000107643,0.8612690488564252
ENSG00000128805,2.9292505540903013
ENSG00000165633,-0.6915455139484231
ENSG00000235939,NaN
ENSG00000225830,-1.3779822597614115
ENSG00000197444,NaN
ENSG00000227345,0.5270629559255895
ENSG00000204152,-1.0193260837646667
ENSG00000178440,1.6275719604342342
ENSG00000285803,NaN
ENSG00000204149,NaN
ENSG00000099290,1.4675193815918612
ENSG00000188611,NaN
ENSG00000198964,2.6788602993900663
ENSG00000226200,2.8038066374579707
ENSG00000204147,3.7957448883960057
ENSG00000148584,3.2735622332736383
ENSG00000185532,1.6122957652425856
ENSG00000177613,-0.37393504102677505
ENSG00000236671,-1.4021604511946468
ENSG00000107984,-0.47119778484109065
ENSG00000231131,-1.3943088824720302
ENSG00000150275,NaN
ENSG00000122952,-0.38225141320524875
ENSG00000287016,NaN
ENSG00000151151,0.9981396786178351
ENSG00000122873,-0.9026911791316394
ENSG00000072401,-0.6934134048180772
ENSG00000108064,-1.4097613720580493
ENSG00000122870,3.393687064593279
ENSG00000237949,NaN
ENSG00000165443,NaN
ENSG00000165449,NaN
ENSG00000227877,NaN
ENSG00000108091,0.0018200086184516624
ENSG00000151150,2.5495274219445156
ENSG00000170312,-2.6376106916870024
ENSG00000072422,1.8277093282848258
ENSG00000196932,-1.0016658877347544
ENSG00000183346,0.6034875593601019
ENSG00000150347,1.7854811786762463
ENSG00000182010,-0.055941816690753716
ENSG00000138311,-1.0895790632966633
ENSG00000238280,NaN
ENSG00000181915,-0.384726115669546
ENSG00000122877,NaN
ENSG00000148572,-0.5904108758297215
ENSG00000171988,6.816591330874261
ENSG00000272767,-0.46182866539384143
ENSG00000165476,1.0513646757001713
ENSG00000286373,NaN
ENSG00000228566,NaN
ENSG00000282906,NaN
ENSG00000228065,3.3554116780198733
ENSG00000183230,-0.200444180458804
ENSG00000108176,-0.5071616241818141
ENSG00000272892,NaN
ENSG00000096717,-0.32757938696739414
ENSG00000148634,1.1733137264738878
ENSG00000138347,1.9984688741267838
ENSG00000179774,NaN
ENSG00000108187,-0.5608750108530952
ENSG00000096746,-0.7749223733613209
ENSG00000204130,2.2352155115220804
ENSG00000138346,0.2979213437843543
ENSG00000122912,0.7264445259254634
ENSG00000138336,1.1194020535732354
ENSG00000260400,4.0972744777025785
ENSG00000060339,-0.4601842297507895
ENSG00000165730,0.0802573514953488
ENSG00000107625,-0.17453060731764605
ENSG00000165732,0.2682914138126336
ENSG00000198954,-0.10542586049419513
ENSG00000122862,-0.5346794658233808
ENSG00000122958,-1.130515141194309
ENSG00000156502,1.3662311441897625
ENSG00000229261,NaN
ENSG00000156510,0.30726250658185766
ENSG00000156515,0.41112263653292874
ENSG00000075073,NaN
ENSG00000099282,-1.7242617516904613
ENSG00000287306,0.4548873010211178
ENSG00000171224,0.41194461702036494
ENSG00000224222,NaN
ENSG00000099284,-1.2370583078052082
ENSG00000042286,-1.1784764003250179
ENSG00000156521,1.1576011309338068
ENSG00000079332,-1.3077404232903247
ENSG00000180817,0.9160729848430197
ENSG00000172731,-0.1468690379658497
ENSG00000148730,-2.3409024538195813
ENSG00000107719,0.7539137108780193
ENSG00000138316,NaN
ENSG00000166224,-0.2758779221240451
ENSG00000166228,-0.8636202855904642
ENSG00000107731,NaN
ENSG00000198246,0.11078409781317392
ENSG00000107736,0.5064603101949356
ENSG00000107738,-0.9133778968141378
ENSG00000197746,0.00483643098844701
ENSG00000230526,0.8412143299411453
ENSG00000122863,1.4686454713737276
ENSG00000107742,1.984038325911625
ENSG00000138303,0.9220974414079027
ENSG00000166295,1.3844004084488395
ENSG00000168209,-1.6275875488353764
ENSG00000269926,NaN
ENSG00000148719,-0.42659408843313096
ENSG00000107745,2.5834111664946673
ENSG00000282915,NaN
ENSG00000156026,8.55789544899347
ENSG00000138315,0.4502681739245265
ENSG00000138308,NaN
ENSG00000122884,0.3218472019912309
ENSG00000237768,NaN
ENSG00000272630,NaN
ENSG00000166321,0.2562101256686017
ENSG00000272599,NaN
ENSG00000122882,-2.444989668981646
ENSG00000138286,0.9202647822503597
ENSG00000213551,-1.1644482210050568
ENSG00000236756,-0.8874721213827462
ENSG00000182180,-1.2123390372456628
ENSG00000227540,0.6115846185677367
ENSG00000156042,-0.03370013382095811
ENSG00000138279,-1
ENSG00000233144,NaN
ENSG00000166343,0.9307002256644972
ENSG00000107758,-0.8308179695005309
ENSG00000221817,-1.0212021214323548
ENSG00000166348,1.0060772845855146
ENSG00000268584,2.986927238591688
ENSG00000166317,NaN
ENSG00000271848,NaN
ENSG00000172650,-0.4971776936491421
ENSG00000272140,1.505759340900847
ENSG00000176986,0.7233490593739066
ENSG00000196968,-1.0107878629302414
ENSG00000172586,-1.8096068572485455
ENSG00000214655,-1.0947411197107673
ENSG00000272589,NaN
ENSG00000166507,-0.044164281535406864
ENSG00000148660,-0.19090462036998895
ENSG00000122861,0.11596223281107049
ENSG00000222047,NaN
ENSG00000035403,3.259613116957647
ENSG00000185009,2.9853616975264115
ENSG00000156110,2.967029655096282
ENSG00000156650,1.4033858514534403
ENSG00000234149,NaN
ENSG00000156671,-0.43418931584141623
ENSG00000165637,0.05707215871304245
ENSG00000165644,-0.6872208250358075
ENSG00000270087,-1.3220403943835204
ENSG00000165655,-0.28819481878237335
ENSG00000237149,-1.4036747051916993
ENSG00000273248,-2.1375252407246155
ENSG00000148655,9.098033891038693
ENSG00000268659,NaN
ENSG00000156113,2.653403781832921
ENSG00000236467,NaN
ENSG00000228748,4.171838999562328
ENSG00000151208,-0.4775112370558232
ENSG00000233871,-0.5276070009923703
ENSG00000148606,0.6003247703697429
ENSG00000138326,-1.0666865509633296
ENSG00000224596,0.8207795907537335
ENSG00000108175,2.0719250100498625
ENSG00000108179,-2.102146202964828
ENSG00000165424,3.8369429796289576
ENSG00000253626,-2.1222540268009467
ENSG00000225484,0.8562592895980585
ENSG00000272447,-0.8837034870082481
ENSG00000133661,NaN
ENSG00000230091,0.26715292844954547
ENSG00000133678,-1.6405212637110627
ENSG00000122359,-1.2472928341627305
ENSG00000237523,2.2506756923429037
ENSG00000122378,-1.2736714066899588
ENSG00000108219,0.3554475506646089
ENSG00000226659,NaN
ENSG00000178217,-0.3288239614878475
ENSG00000185737,NaN
ENSG00000271933,NaN
ENSG00000165678,-0.8191577497645074
ENSG00000229404,NaN
ENSG00000107771,0.5399587991558524
ENSG00000182771,-0.22477250434134563
ENSG00000062650,1.1193459958816168
ENSG00000227896,-1.1749076788369321
ENSG00000122367,-0.4982920467322858
ENSG00000272631,NaN
ENSG00000107779,0.7969787993324574
ENSG00000173267,-0.36496048874724274
ENSG00000272734,NaN
ENSG00000148671,NaN
ENSG00000148672,-0.40293223489045243
ENSG00000122376,0.799920706310389
ENSG00000237280,NaN
ENSG00000223482,0.14382848746416899
ENSG00000287077,-0.6472431780238179
ENSG00000224914,-1.4964832208317438
ENSG00000286445,-0.8044522715769759
ENSG00000107789,-0.38324714171518276
ENSG00000225913,NaN
ENSG00000198682,2.4065210509000434
ENSG00000138138,1.192945933434412
ENSG00000171862,2.1537362751783036
ENSG00000184719,-0.17988580675208732
ENSG00000152766,NaN
ENSG00000138134,2.462901440171189
ENSG00000180139,NaN
ENSG00000107796,-0.3835959876458701
ENSG00000286116,NaN
ENSG00000026103,-0.1512678942672134
ENSG00000107798,1.0954135825083278
ENSG00000119922,NaN
ENSG00000119917,0.46264039691266556
ENSG00000185745,-5.227663116748991
ENSG00000152778,0.7714607746648334
ENSG00000152782,-0.14519738024934217
ENSG00000235100,3.7258046276663377
ENSG00000138182,0.025754934475415176
ENSG00000148688,-2.719832610165814
ENSG00000148677,-0.5410566796539182
ENSG00000180628,0.6992931343651981
ENSG00000165338,0.5708594928835682
ENSG00000119938,-0.24859582042235503
ENSG00000107854,1.7638314621366897
ENSG00000174721,-0.9271617381573533
ENSG00000272817,0.5682180697325511
ENSG00000095564,0.3792706646515627
ENSG00000107864,2.4090223404683373
ENSG00000198060,-2.1216350242085524
ENSG00000119912,0.0068224623345661695
ENSG00000138160,-0.9348327318380958
ENSG00000152804,-1.0838180136821245
ENSG00000138190,0.7585613457180597
ENSG00000095596,0.49982768796722116
ENSG00000138119,5.027273300377245
ENSG00000138180,-1.0947312182383826
ENSG00000186188,-1.6143181600447658
ENSG00000138207,-0.1690380114992967
ENSG00000095464,NaN
ENSG00000148690,-0.5008817848478866
ENSG00000176273,-1.318973544053058
ENSG00000138193,0.2838972035542712
ENSG00000173145,-1.0437354679569666
ENSG00000108239,1.482493387271215
ENSG00000119969,-0.4340571176084254
ENSG00000244332,NaN
ENSG00000108242,NaN
ENSG00000165841,NaN
ENSG00000138109,NaN
ENSG00000173124,NaN
ENSG00000107438,-0.25817983465636857
ENSG00000095637,0.389712460997628
ENSG00000059573,-1.0059914912762253
ENSG00000119977,-1.30813824402422
ENSG00000226688,0.6720040142731253
ENSG00000188649,3.000023984312831
ENSG00000107443,1.5448624348571443
ENSG00000177853,0.9618290348851433
ENSG00000095587,NaN
ENSG00000077147,0.9876285920170437
ENSG00000155629,NaN
ENSG00000196233,1.0242398985700263
ENSG00000187122,NaN
ENSG00000213390,1.379870475198337
ENSG00000165879,NaN
ENSG00000181274,-0.9382148420180947
ENSG00000052749,-1.0529667405390004
ENSG00000231970,NaN
ENSG00000171314,-1.4764611157354472
ENSG00000171311,-0.5576830165233606
ENSG00000171307,-1.1063336590128128
ENSG00000155229,0.052467020722362125
ENSG00000165886,1.2574653055332583
ENSG00000165887,-0.4700082451845998
ENSG00000241935,5.675931087360504
ENSG00000171160,0.3767119117065779
ENSG00000155252,0.7939614461765915
ENSG00000119986,0.23334752299341996
ENSG00000155254,-0.8261506635977057
ENSG00000155256,2.160884083629209
ENSG00000120057,1.523954218684664
ENSG00000155265,-0.9392746944971274
ENSG00000095713,NaN
ENSG00000166024,-0.1694387922471282
ENSG00000138131,NaN
ENSG00000230928,NaN
ENSG00000119943,1.2268650741680573
ENSG00000107521,-0.2801915900218081
ENSG00000119946,0.8328276120249837
ENSG00000120053,-0.8736831212976398
ENSG00000224934,NaN
ENSG00000155287,2.0216527801797355
ENSG00000260475,NaN
ENSG00000198018,-0.538858028045689
ENSG00000119929,-0.934591282171183
ENSG00000014919,0.7022951639052883
ENSG00000023839,5.408194727056907
ENSG00000107554,1.2393327329442851
ENSG00000227695,0.9840698300775875
ENSG00000120054,NaN
ENSG00000107566,-0.6572395892257379
ENSG00000213341,-0.12783658054654565
ENSG00000095485,1.1291080951263408
ENSG00000196072,-0.5058743291649549
ENSG00000099194,0.6423090611624408
ENSG00000235823,-1.7218535432452164
ENSG00000075826,3.5996070550098165
ENSG00000166136,0.41947145566138544
ENSG00000166135,0.06624368630702884
ENSG00000075891,-1.7821462926321525
ENSG00000272572,NaN
ENSG00000119906,0.2721791521608301
ENSG00000055950,-0.8616518316875585
ENSG00000095539,0.33276869669958953
ENSG00000107815,-1.3608245470548541
ENSG00000107816,0.3161926581542998
ENSG00000186862,-0.7206133408330468
ENSG00000107819,0.04011888295277221
ENSG00000273162,-3.6473077637403706
ENSG00000107821,2.2976489472160226
ENSG00000166167,2.1405761053291816
ENSG00000166171,-0.8118081732787721
ENSG00000166169,2.8810018886569067
ENSG00000107829,0.3600616668962664
ENSG00000286489,4.641678016057642
ENSG00000224817,1.1014515689831916
ENSG00000107831,NaN
ENSG00000107833,-1.3925982694399996
ENSG00000198408,1.0948530643864225
ENSG00000226009,NaN
ENSG00000120049,1.9576252283729958
ENSG00000120029,-0.15756545149876247
ENSG00000166189,-0.36616702254822936
ENSG00000198728,-0.38825964962205495
ENSG00000148840,-0.7283426864875207
ENSG00000166197,-1.6166331235935147
ENSG00000119915,NaN
ENSG00000107862,2.2140583216110548
ENSG00000077150,0.25475704766935753
ENSG00000107872,-1.0845235402702846
ENSG00000107874,-1.1434834070873976
ENSG00000269609,-0.2367346612884049
ENSG00000120055,NaN
ENSG00000138111,-0.24018231379497054
ENSG00000138107,-0.6841601424347004
ENSG00000107882,2.2943216725056863
ENSG00000171206,0.7112377107275802
ENSG00000272933,NaN
ENSG00000138175,-0.36792690399076033
ENSG00000156398,-0.5426580442607899
ENSG00000166272,2.981445537861235
ENSG00000282772,-0.08151835829668701
ENSG00000166275,-0.9760450657840076
ENSG00000214435,0.0021971589100613347
ENSG00000286575,NaN
ENSG00000148842,2.6367266882233644
ENSG00000076685,1.6947753072764222
ENSG00000148798,-1.41833350414992
ENSG00000156374,0.574071977028814
ENSG00000148835,-1.5599820465360719
ENSG00000173915,-0.39996907451744884
ENSG00000148843,-1.5584878690083959
ENSG00000138172,NaN
ENSG00000107957,1.9389784611059109
ENSG00000273108,NaN
ENSG00000280693,NaN
ENSG00000107960,0.7407304682722051
ENSG00000065613,-1.1041283788257181
ENSG00000156384,0.4078382872908538
ENSG00000197748,-1.2183463980177176
ENSG00000148834,-1.602233090841155
ENSG00000065621,-1.4999192002964945
ENSG00000148841,0.37381564224521513
ENSG00000156395,NaN
ENSG00000108018,NaN
ENSG00000229981,NaN
ENSG00000108039,1.3473343627035352
ENSG00000203876,3.86118012357484
ENSG00000148700,0.48585487369933333
ENSG00000119950,-0.6248437784643751
ENSG00000119953,-1.5548049402519581
ENSG00000273143,-0.5803524763577751
ENSG00000138166,0.7732990719698306
ENSG00000108055,0.0927043964959951
ENSG00000203867,1.2513145939292694
ENSG00000203497,-0.8571008797014279
ENSG00000150593,0.2493897817819779
ENSG00000214413,-2.0979734947574875
ENSG00000108061,0.018261968020139425
ENSG00000119927,-0.09044415889715832
ENSG00000197142,NaN
ENSG00000232934,NaN
ENSG00000023041,-1.2438050480228184
ENSG00000151532,2.1096030811031183
ENSG00000260917,NaN
ENSG00000225292,NaN
ENSG00000148737,1.5591638877297216
ENSG00000148702,-0.56326700647519
ENSG00000197893,NaN
ENSG00000165806,-0.9814268010911013
ENSG00000148735,NaN
ENSG00000198924,-0.4391321437858948
ENSG00000196865,1.060135650839138
ENSG00000165813,1.2549042974244604
ENSG00000169129,0.5746965333467956
ENSG00000099204,2.31195558029511
ENSG00000228484,-0.7717038404936307
ENSG00000151553,-0.9962271158421676
ENSG00000165832,-0.09371874682635392
ENSG00000107518,1.8672082602910225
ENSG00000285582,NaN
ENSG00000151892,-1.2998055247968527
ENSG00000165863,NaN
ENSG00000165868,-0.47320505734498347
ENSG00000188316,0.57410665772186
ENSG00000187164,2.141571198009512
ENSG00000148704,NaN
ENSG00000165646,1.8741795012965423
ENSG00000277879,NaN
ENSG00000165650,1.6963508585944893
ENSG00000258114,NaN
ENSG00000107560,-1.5603068176586525
ENSG00000231104,5.015095752056657
ENSG00000177640,-0.2527211577406899
ENSG00000165669,-0.9682386331067953
ENSG00000232139,NaN
ENSG00000151893,1.4448486693857536
ENSG00000229272,0.6184846948701387
ENSG00000188613,NaN
ENSG00000107581,-0.11045375139173687
ENSG00000119979,-1.790110511018415
ENSG00000183605,1.5223573195036761
ENSG00000165672,-1.1341484684962537
ENSG00000198873,1.91062503286115
ENSG00000148908,-1.2299854089279822
ENSG00000151923,-0.40737319521851467
ENSG00000151929,-0.8196894989168851
ENSG00000198825,0.37316728398861243
ENSG00000197771,1.4922878636997658
ENSG00000107651,-0.773764021960521
ENSG00000203805,NaN
ENSG00000120008,1.3990888177991627
ENSG00000227307,NaN
ENSG00000066468,-1.4002385411942793
ENSG00000107669,0.6437743483189636
ENSG00000107672,-0.4722840942987784
ENSG00000273891,NaN
ENSG00000138162,1.0933791147948975
ENSG00000285973,5.401100476455145
ENSG00000138152,3.177473275834046
ENSG00000107679,-0.627046856062436
ENSG00000285955,NaN
ENSG00000166033,0.07578714205505405
ENSG00000187908,NaN
ENSG00000286135,NaN
ENSG00000138161,1.4021726134495083
ENSG00000213185,0.7830559101221556
ENSG00000119965,-0.898784749247998
ENSG00000179988,-0.2615079366281073
ENSG00000095574,0.08403867495054573
ENSG00000196177,1.4137219115939825
ENSG00000154473,-0.4793968724732135
ENSG00000182022,-0.7992248414135492
ENSG00000065154,-0.6198688681328467
ENSG00000107902,-0.5448906457223458
ENSG00000189319,3.6009490214322444
ENSG00000203791,1.7123513827125338
ENSG00000165660,0.7671594121248662
ENSG00000249456,3.1151864843697785
ENSG00000019995,-1.1978520945016982
ENSG00000175029,1.2330037236055216
ENSG00000282787,NaN
ENSG00000175018,NaN
ENSG00000224023,-0.880420219838052
ENSG00000107938,-0.4107166699350564
ENSG00000188690,-0.8742219796115269
ENSG00000107949,-1.073821696903041
ENSG00000089876,0.7393513079088393
ENSG00000203780,0.8681178749546474
ENSG00000148848,1.8084654866253456
ENSG00000154493,NaN
ENSG00000150760,0.9569480171695915
ENSG00000223528,NaN
ENSG00000188916,-0.22975343721632527
ENSG00000180745,NaN
ENSG00000132334,0.25778203949192674
ENSG00000148773,0.16873723184133804
ENSG00000170430,1.1129812342394554
ENSG00000283141,-0.6643480929942953
ENSG00000108001,NaN
ENSG00000237489,3.893013079757213
ENSG00000108010,-0.5745573427793608
ENSG00000236303,-0.899261868027309
ENSG00000175470,-0.325739189789198
ENSG00000176171,-1.7129939672617223
ENSG00000277959,-0.496462469233693
ENSG00000273521,NaN
ENSG00000188385,0.05977735929467801
ENSG00000151640,-0.2566078806703133
ENSG00000165752,-2.4812431262000083
ENSG00000148814,1.4275965327240503
ENSG00000171813,-0.2893235471962572
ENSG00000231705,NaN
ENSG00000180066,-0.8623708888339016
ENSG00000226900,NaN
ENSG00000068383,-1.9815514974913495
ENSG00000171811,-0.4424409193836447
ENSG00000171798,-0.21922201889293497
ENSG00000151651,0.30151272266079765
ENSG00000130640,0.8960852232322623
ENSG00000198546,-1.8130917476513688
ENSG00000130643,0.5121147461172302
ENSG00000226699,2.6042250790216057
ENSG00000148803,0.1837961879093932
ENSG00000127884,0.2928731415749801
ENSG00000148832,3.0414974713862892
ENSG00000148824,1.681819501432973
ENSG00000214279,NaN
ENSG00000130649,NaN
ENSG00000288107,1.5102296918690492
ENSG00000230724,NaN
ENSG00000177951,-2.2143182586419075
ENSG00000177963,-1.5750917546985101
ENSG00000142082,-0.19337086442998186
ENSG00000185627,-1.6492420473800062
ENSG00000142102,-0.35949889173579613
ENSG00000185201,-0.6276167435535286
ENSG00000251661,NaN
ENSG00000142089,-0.6567102810561363
ENSG00000255328,NaN
ENSG00000270972,NaN
ENSG00000182272,-0.009108173884835515
ENSG00000184363,-0.6348726668423229
ENSG00000185187,-2.0767182883633253
ENSG00000174915,0.31531725755431467
ENSG00000023191,-0.7999941487753404
ENSG00000288033,2.4772787104498826
ENSG00000174775,-1.2024900616189365
ENSG00000185522,-1.904481463439326
ENSG00000254815,NaN
ENSG00000099849,-0.08309788348371326
ENSG00000247095,-1.5706895121097053
ENSG00000070047,-1.4625976718979712
ENSG00000185507,-0.7779417967971273
ENSG00000177030,-0.17019150707964045
ENSG00000255158,5.066999877429489
ENSG00000177106,0.7702427832765157
ENSG00000177042,-1.2120964936949634
ENSG00000269915,-0.44574349488861714
ENSG00000177156,-0.23143417800103272
ENSG00000177225,-0.2124267660037275
ENSG00000255284,-0.3808540495724781
ENSG00000184524,1.5537664162837082
ENSG00000177542,-2.1947099932117293
ENSG00000274897,NaN
ENSG00000177595,0.3012190588544632
ENSG00000177600,-1.054524748901729
ENSG00000177666,-1.189670516813613
ENSG00000177685,NaN
ENSG00000177697,0.9957103491633995
ENSG00000177700,-0.6234056657952052
ENSG00000214063,0.8826856791127938
ENSG00000250397,-1.0826304894878023
ENSG00000177830,-1.2335341642721862
ENSG00000183020,0.7562236457778247
ENSG00000184956,NaN
ENSG00000254872,NaN
ENSG00000215182,3.8516202199836878
ENSG00000117983,4.405682037471028
ENSG00000078902,0.23476176737062232
ENSG00000255153,NaN
ENSG00000287935,NaN
ENSG00000285985,0.49952904956567507
ENSG00000174672,-0.36803963714935606
ENSG00000182208,-1.010723572833797
ENSG00000184545,-0.30068712701581274
ENSG00000233930,2.7187572633577455
ENSG00000244242,-1.2165754101312556
ENSG00000117984,0.02692709468835784
ENSG00000287484,NaN
ENSG00000130592,-0.4911620536706263
ENSG00000214026,-1.885203332710301
ENSG00000183734,NaN
ENSG00000238184,NaN
ENSG00000110651,0.7097916673778866
ENSG00000184281,-1.4237564308236406
ENSG00000053918,-0.06751438978462865
ENSG00000269821,2.784810955145573
ENSG00000129757,-1.0174386628556151
ENSG00000254827,0.05419079758637313
ENSG00000110628,-0.10463281162139534
ENSG00000181649,-0.5561500793854619
ENSG00000205531,1.725939706346195
ENSG00000110619,-1.0059957131228439
ENSG00000021762,2.07856532113335
ENSG00000005801,1.1333210246623315
ENSG00000255367,NaN
ENSG00000129749,NaN
ENSG00000110713,-0.4081648901800678
ENSG00000148985,0.45385819752756823
ENSG00000177105,-1.6739230729148125
ENSG00000167323,1.3072762972761058
ENSG00000167325,-0.39406435114115346
ENSG00000254480,-1.3356661464215298
ENSG00000132109,0.2839093716419712
ENSG00000232268,NaN
ENSG00000167333,0.08967262031908302
ENSG00000167332,NaN
ENSG00000239920,0.8469930462808375
ENSG00000184698,NaN
ENSG00000121236,-1.113468217749156
ENSG00000258659,-1.2830156449397476
ENSG00000132256,-0.04822460204136028
ENSG00000267940,NaN
ENSG00000051009,1.1563805021156732
ENSG00000132259,NaN
ENSG00000170955,-0.801981387608052
ENSG00000282556,NaN
ENSG00000166311,-0.6131179192931131
ENSG00000166313,-1.1577515036475905
ENSG00000110169,NaN
ENSG00000110171,-0.7212717902989181
ENSG00000132254,-1.5346306928077713
ENSG00000132286,-1.1050438838897019
ENSG00000179532,1.954223007456852
ENSG00000132275,-1.0547929978475499
ENSG00000166333,-0.9307866514495394
ENSG00000166337,-0.9875068910227554
ENSG00000166340,0.19622586324859492
ENSG00000158042,-1.560023465668181
ENSG00000188124,NaN
ENSG00000184933,NaN
ENSG00000283415,-1.1601074348117164
ENSG00000149054,-0.44122982907486247
ENSG00000149050,-0.8909452139367271
ENSG00000158077,NaN
ENSG00000166387,-0.9275617094817524
ENSG00000166394,-1.3698967329268399
ENSG00000254951,NaN
ENSG00000175390,0.017738906007374593
ENSG00000166402,1.3629807820423445
ENSG00000166405,1.0432847959480334
ENSG00000166407,-0.6799520925903377
ENSG00000130413,1.6318437600030968
ENSG00000166436,3.6945365479376475
ENSG00000166441,-0.8325012921698506
ENSG00000166444,0.6593121956400892
ENSG00000255159,NaN
ENSG00000166452,-1.9971771517470003
ENSG00000175348,-1.8670414742953567
ENSG00000254860,1.4899278329951435
ENSG00000253973,NaN
ENSG00000175356,1.108834738194822
ENSG00000184014,1.7749801097858728
ENSG00000166471,0.35927282662095755
ENSG00000205339,-0.41167593743221875
ENSG00000254397,-0.45316486762336544
ENSG00000268403,3.3336795091267866
ENSG00000166478,-0.784190554873769
ENSG00000166483,0.5317303378068537
ENSG00000133789,0.2880954028755858
ENSG00000245522,-0.9399161792107621
ENSG00000246273,-2.216853288085312
ENSG00000133812,7.427282987635813
ENSG00000255476,-0.8274156777070807
ENSG00000286561,-0.6361806131574528
ENSG00000254865,NaN
ENSG00000148926,-1.978252778708833
ENSG00000133805,-0.47783091950251155
ENSG00000255823,3.476353439165659
ENSG00000110315,-2.510969620163763
ENSG00000198730,-0.11657801283397724
ENSG00000110321,-0.0016582509991660945
ENSG00000246308,3.3440804070076657
ENSG00000236287,0.6500241792440763
ENSG00000247271,-0.26007246774904186
ENSG00000250041,NaN
ENSG00000110328,1.7438719838600076
ENSG00000170242,0.47837469519003956
ENSG00000050165,-0.3690411152281481
ENSG00000254486,NaN
ENSG00000254991,NaN
ENSG00000133816,-1.1524381010268425
ENSG00000197702,-0.739815862288678
ENSG00000187079,3.610124907996319
ENSG00000251381,NaN
ENSG00000254670,NaN
ENSG00000189431,-1.0792147184832048
ENSG00000133794,1.765642690136958
ENSG00000148925,0.7917630778577949
ENSG00000287548,NaN
ENSG00000152266,NaN
ENSG00000197601,1.0778095732168897
ENSG00000254791,NaN
ENSG00000262655,3.586533827199913
ENSG00000254418,0.40032279117320135
ENSG00000133818,0.7562537536294421
ENSG00000129083,1.2673183245013997
ENSG00000129084,-0.3658671917010823
ENSG00000152270,-1.7809305339271504
ENSG00000186104,-2.0201894691001048
ENSG00000175868,NaN
ENSG00000110680,NaN
ENSG00000110693,1.0044767787792
ENSG00000110696,-0.7755474711762793
ENSG00000166689,0.9265436566653866
ENSG00000110700,-1.045654148484469
ENSG00000011405,0.16915180617358336
ENSG00000070081,0.043550386297296365
ENSG00000188211,1.3180115645314459
ENSG00000260196,0.17459912504155234
ENSG00000006071,3.3395247555802534
ENSG00000006611,-1.3991454681004873
ENSG00000129159,3.508851730671074
ENSG00000129158,-0.48119234684881756
ENSG00000166788,-0.32700115322716566
ENSG00000110756,-0.6304141307797725
ENSG00000110768,-0.5518489247416699
ENSG00000134333,-1.0088412328862402
ENSG00000256006,NaN
ENSG00000166796,0.2580126576481394
ENSG00000166800,NaN
ENSG00000074319,-1.605197055498776
ENSG00000151116,-1.212743590465542
ENSG00000247595,-1.5360679668198807
ENSG00000179119,-1.9568970185150856
ENSG00000177054,0.8842687616399657
ENSG00000255308,NaN
ENSG00000129173,-1.5879961733272199
ENSG00000166833,0.6016229794758738
ENSG00000109854,-0.9565277797172613
ENSG00000185238,-0.3134472044622687
ENSG00000165973,NaN
ENSG00000171714,-1.15463087797378
ENSG00000183161,0.13434458233041233
ENSG00000148935,-1.1003388983035325
ENSG00000198168,-2.261046448058578
ENSG00000246225,-1.4421964399852851
ENSG00000134343,NaN
ENSG00000254560,-5.7964610809919135
ENSG00000109881,-1.0697648922019778
ENSG00000205213,1.5585666800444469
ENSG00000148943,-0.8920618489426975
ENSG00000245573,1.3452523091990902
ENSG00000254934,NaN
ENSG00000176697,1.5802263394455431
ENSG00000255094,NaN
ENSG00000121621,0.5785016425987471
ENSG00000169519,0.8864038731759869
ENSG00000249867,1.3104318521383458
ENSG00000254526,-0.23322017303305834
ENSG00000254530,2.7805683597692297
ENSG00000255227,NaN
ENSG00000255029,1.5904815266627341
ENSG00000254532,NaN
ENSG00000152219,-1.7252519895131766
ENSG00000170959,1.6255690876245228
ENSG00000170946,0.9970260512149932
ENSG00000148950,-0.8991484946804076
ENSG00000109911,1.8757941022275018
ENSG00000228061,1.8346133155741307
ENSG00000007372,-1.858064499605888
ENSG00000254584,NaN
ENSG00000049449,0.8738941055800237
ENSG00000255252,NaN
ENSG00000184937,-2.010917601188345
ENSG00000149100,-1.1075804775215263
ENSG00000186714,1.8097112068759067
ENSG00000135378,-0.9991929570832807
ENSG00000060749,2.0222110423641912
ENSG00000121690,0.9117263397880453
ENSG00000176148,1.8448873274077005
ENSG00000280798,-0.4408830293776614
ENSG00000176102,1.0469474192279162
ENSG00000247151,-1.0991623153587382
ENSG00000110422,0.6297912351489601
ENSG00000110427,2.6876620983095965
ENSG00000255202,-0.2844861677870509
ENSG00000205177,-1.3353146308794719
ENSG00000085063,3.124924434908115
ENSG00000110429,0.3081550414539483
ENSG00000255133,NaN
ENSG00000135363,NaN
ENSG00000135387,0.0015301073923934582
ENSG00000135372,-0.7683654707462928
ENSG00000166016,1.8391028314331765
ENSG00000121691,2.5650687093475293
ENSG00000255271,NaN
ENSG00000135373,2.513153926545972
ENSG00000149089,-0.20321816954048535
ENSG00000110435,-1.0980454555598607
ENSG00000026508,0.4425680884416897
ENSG00000255443,NaN
ENSG00000251194,-0.28191367313539506
ENSG00000110436,NaN
ENSG00000179431,-2.3443578628374624
ENSG00000166326,1.6349517480074292
ENSG00000179241,1.5506494897696372
ENSG00000255256,NaN
ENSG00000110442,0.002134066335788815
ENSG00000135362,1.6048912997789917
ENSG00000175104,2.4309465930685015
ENSG00000166352,-1.8536356039356234
ENSG00000285751,NaN
ENSG00000166181,-0.3672888507914702
ENSG00000254907,NaN
ENSG00000052841,4.041619375205366
ENSG00000149084,-0.8987044405459813
ENSG00000246250,-1.2920425263742454
ENSG00000166199,-1.2740055983395764
ENSG00000187479,NaN
ENSG00000110455,1.9649959747363532
ENSG00000151348,3.7987619689187495
ENSG00000052850,-0.5941049205734555
ENSG00000085117,-0.34715431977590955
ENSG00000157570,6.982173985551353
ENSG00000175274,-1.3070375728077348
ENSG00000019485,2.797482998411665
ENSG00000019505,2.3556316977932625
ENSG00000254427,-0.9403867428438678
ENSG00000175264,NaN
ENSG00000181830,1.7086186184560064
ENSG00000121671,1.1658256027220804
ENSG00000121653,-1.1793715789336907
ENSG00000121680,0.5188402022476419
ENSG00000165905,0.46818852959800605
ENSG00000135365,1.3574144765661522
ENSG00000255314,NaN
ENSG00000157613,-1.0837269907484577
ENSG00000149091,-0.3144196688160788
ENSG00000110492,0.6066444416488497
ENSG00000110497,3.3415168531441437
ENSG00000285658,1.9225077484370585
ENSG00000180423,-0.8263776513805408
ENSG00000175224,-0.12446134300770355
ENSG00000175220,1.17838441160482
ENSG00000175213,-1.0738013503761477
ENSG00000180210,-1.120639864037305
ENSG00000175216,-0.5433849137643547
ENSG00000247675,-0.8914221630381802
ENSG00000134569,-0.42518510817232
ENSG00000149179,0.9349898590251777
ENSG00000255520,NaN
ENSG00000149182,-0.691382436005302
ENSG00000165912,-1.3859951554936984
ENSG00000134574,0.8745381429813079
ENSG00000134575,1.3463977218949257
ENSG00000025434,-1.5125218539946752
ENSG00000110514,1.4566816405637761
ENSG00000165915,-0.21640152203060953
ENSG00000165916,-0.7854895481833859
ENSG00000165917,NaN
ENSG00000149187,1.7848394816718343
ENSG00000270072,-1.1749411768779914
ENSG00000213619,-0.8460837196496545
ENSG00000110536,-2.3271266923120626
ENSG00000123444,-1.2823243280903553
ENSG00000231880,NaN
ENSG00000109919,-0.8214897360859492
ENSG00000165923,-0.6688032165086942
ENSG00000109920,1.1103654590052263
ENSG00000030066,0.6108995907645994
ENSG00000149177,2.6450275552609255
ENSG00000255433,-0.6585435811618994
ENSG00000149115,0.9636647541351125
ENSG00000149136,-1.430032013390945
ENSG00000186907,0.41922151076224823
ENSG00000134809,-1.5763382816962284
ENSG00000156587,-1.4974765423852963
ENSG00000149131,NaN
ENSG00000254602,1.262316920139789
ENSG00000166793,NaN
ENSG00000172409,-0.5176634546622578
ENSG00000156599,-0.05447010147226741
ENSG00000156603,-2.2030731579073293
ENSG00000213593,0.20411839481543084
ENSG00000211450,-1.4575235997278648
ENSG00000198561,2.78552386140555
ENSG00000110031,-0.40905773704882237
ENSG00000186660,-2.230280148425871
ENSG00000242689,NaN
ENSG00000156689,0.32132371313303687
ENSG00000189057,-1.8602996575484285
ENSG00000245571,NaN
ENSG00000166801,0.2085041383478986
ENSG00000110042,3.8239165172840726
ENSG00000287264,-0.34821321367367486
ENSG00000255008,-1.8165282076821294
ENSG00000255139,2.802316715826501
ENSG00000110048,-0.8541908646928728
ENSG00000166889,1.5465061893110725
ENSG00000166900,2.43066189498107
ENSG00000254477,NaN
ENSG00000166902,-1.3599331381433966
ENSG00000134827,NaN
ENSG00000166959,NaN
ENSG00000110104,-2.303882592063732
ENSG00000110107,-2.3575445159809805
ENSG00000110108,0.2374022974225745
ENSG00000006118,1.9367462960332564
ENSG00000013725,NaN
ENSG00000167987,3.1141621958146666
ENSG00000167992,NaN
ENSG00000167986,-0.5729804858272081
ENSG00000149476,-2.1685198493426063
ENSG00000162144,-1.1861542600840755
ENSG00000149483,-0.4034347033631524
ENSG00000187049,0.7184972873739301
ENSG00000149532,0.4699626606425001
ENSG00000167985,-0.9888263833729153
ENSG00000162148,NaN
ENSG00000256443,NaN
ENSG00000134780,2.844241376853146
ENSG00000124920,-0.02317935424542293
ENSG00000134825,1.9009054318631295
ENSG00000168496,-0.6486235328908969
ENSG00000134824,0.6269531840546778
ENSG00000149485,0.7078309411378804
ENSG00000221968,0.14876266848082537
ENSG00000167994,0.9351306469800967
ENSG00000167995,-1.152248046673519
ENSG00000167996,-0.9793938104614631
ENSG00000149503,-0.14716349023130237
ENSG00000162174,-0.9591546289599319
ENSG00000124942,0.7148212563024712
ENSG00000257058,NaN
ENSG00000254772,-0.9511442374669005
ENSG00000149016,-0.09948034709501113
ENSG00000149480,-0.9746298047865838
ENSG00000149499,1.6679701366609017
ENSG00000149489,-1.666035339567601
ENSG00000149541,0.5084453804242592
ENSG00000089597,1.8019217330033919
ENSG00000185085,0.9002591547176078
ENSG00000278615,-0.2996741683218121
ENSG00000214756,-1.5119327238529445
ENSG00000204922,-0.07498564932587008
ENSG00000162191,-1.889666620028294
ENSG00000177363,NaN
ENSG00000168000,-0.1870180408386564
ENSG00000214753,-0.8733749456223504
ENSG00000162222,-0.9477237797019773
ENSG00000185670,-1.3478039930750096
ENSG00000168002,-0.34839240571696084
ENSG00000267811,0.9373206349140615
ENSG00000162227,-0.9500103487608567
ENSG00000168569,-1.307816081112786
ENSG00000269176,1.7931922296604683
ENSG00000185475,-0.9651149953358458
ENSG00000162231,-0.4709082529049663
ENSG00000162236,0.861194523833078
ENSG00000256690,NaN
ENSG00000133316,-0.8539211693274903
ENSG00000255717,0.07186559206870012
ENSG00000168003,1.8577006880991378
ENSG00000133321,-0.7560630130795748
ENSG00000133328,NaN
ENSG00000176485,-0.9051924586929185
ENSG00000184743,-0.937612474688536
ENSG00000256789,NaN
ENSG00000133318,0.23237610354125512
ENSG00000188070,-1.304458700913046
ENSG00000168005,0.0853254798525192
ENSG00000072518,0.7706858209604823
ENSG00000167771,-0.828278973507976
ENSG00000110583,0.19716450952626455
ENSG00000176340,-1.1953149886220904
ENSG00000167770,0.08402267700937985
ENSG00000133315,0.32222946379301015
ENSG00000256824,6.485383506173775
ENSG00000126500,NaN
ENSG00000256341,-1.248840696893303
ENSG00000168439,-1.2167052243235819
ENSG00000149781,1.0974696225679594
ENSG00000149743,-1.190368314642654
ENSG00000149761,-2.479601852365966
ENSG00000256116,-0.18712444888243418
ENSG00000110011,-0.9788142822590127
ENSG00000173511,-1.786355129518474
ENSG00000173486,-1.152165835998021
ENSG00000173457,-0.7473011541162892
ENSG00000256940,-1.120755898512458
ENSG00000149782,0.9325500038468462
ENSG00000002330,-1.0172839526321125
ENSG00000173264,-0.5342612036446032
ENSG00000182450,1.9156176032142052
ENSG00000219435,-0.700038690117624
ENSG00000173153,2.8100436552845403
ENSG00000173113,-0.5437412642325193
ENSG00000126432,-0.23565536790648975
ENSG00000168071,-1.6078061517333384
ENSG00000162302,-0.9086755931540709
ENSG00000168065,1.6964590695829174
ENSG00000068831,NaN
ENSG00000168066,0.10160822879755933
ENSG00000269038,-1.4698500923742561
ENSG00000168067,2.381003768679101
ENSG00000133895,-2.212603896489202
ENSG00000171219,NaN
ENSG00000110047,-0.8192908273745703
ENSG00000229719,1.9648509151792
ENSG00000110046,-0.8992641798621194
ENSG00000068971,-2.0621641786080307
ENSG00000168070,NaN
ENSG00000168062,NaN
ENSG00000213465,-1.0611206965558493
ENSG00000110025,-1.7013035716151994
ENSG00000168061,-0.8313968277852368
ENSG00000146670,-0.9208627913019757
ENSG00000162300,-1.7707117120678757
ENSG00000187066,NaN
ENSG00000149823,-0.5461524558257219
ENSG00000149809,1.3220390677187548
ENSG00000174276,-1.8023577373026116
ENSG00000149806,-1.0411449185715207
ENSG00000162298,-1.462717557984919
ENSG00000149792,-0.1492503701925907
ENSG00000254614,-0.8627670104628539
ENSG00000014216,0.13142230469067823
ENSG00000014138,0.390485827520496
ENSG00000287917,NaN
ENSG00000149798,0.4998897135772066
ENSG00000133884,-0.19236194650803992
ENSG00000255478,NaN
ENSG00000162241,0.042731428501693335
ENSG00000126391,1.9963205792825296
ENSG00000245532,2.290023643453413
ENSG00000251562,0.2614521484802585
ENSG00000270117,NaN
ENSG00000142186,-1.0775900432732846
ENSG00000168056,0.9207114930913319
ENSG00000260233,NaN
ENSG00000173465,-2.199608326684427
ENSG00000176973,-1.5245104147962978
ENSG00000173442,-0.3901750666304977
ENSG00000173327,-0.6955765850135744
ENSG00000197136,0.6001842962381471
ENSG00000213445,-1.3685595427034276
ENSG00000173039,-2.0112033379411085
ENSG00000285533,-1.9241761484090132
ENSG00000172977,-2.316751564640295
ENSG00000172922,0.019970502170131736
ENSG00000255557,1.0217729160599403
ENSG00000254470,-1.294407201399114
ENSG00000172757,-0.9926172365225612
ENSG00000172803,0.8604551248143647
ENSG00000172732,-1.136976762080963
ENSG00000172500,-0.8038034699842477
ENSG00000175602,-0.6283327799464795
ENSG00000175592,0.873527976700742
ENSG00000175573,-1.215212621251576
ENSG00000175550,-0.8066209097013067
ENSG00000175467,-0.9615955182829067
ENSG00000175376,-1.2981787559463445
ENSG00000175334,-1.2506548106807922
ENSG00000175294,-0.45319360629863903
ENSG00000087365,-0.7975515150617488
ENSG00000255038,NaN
ENSG00000175115,5.982996113186741
ENSG00000255320,NaN
ENSG00000174996,-0.5542908240049375
ENSG00000254461,NaN
ENSG00000174903,-1.6767956354908489
ENSG00000174871,-0.48456776178309474
ENSG00000174851,-0.07616032712339162
ENSG00000174791,-1.5643793206498988
ENSG00000174744,-0.9218734915495859
ENSG00000174684,-0.8641947807337947
ENSG00000255468,2.121538785449993
ENSG00000174669,2.69448934760621
ENSG00000174547,-1.0279236712298216
ENSG00000174516,-0.7452684766802553
ENSG00000255517,-1.3415607966485368
ENSG00000254986,1.0086822224660628
ENSG00000174483,-0.2780722424440153
ENSG00000286688,NaN
ENSG00000174165,-1.683550555917877
ENSG00000248746,NaN
ENSG00000174080,-1.682237634854437
ENSG00000173992,1.4107378990454342
ENSG00000239306,-1.3324285978445
ENSG00000173933,0.529721945378248
ENSG00000173914,-1.1557314119586606
ENSG00000173898,1.471137676720785
ENSG00000173715,0.4162445501673429
ENSG00000173653,-2.370392479524167
ENSG00000173599,-0.7179346652720825
ENSG00000173621,0.6462826319449594
ENSG00000173237,-2.2262198291078477
ENSG00000173227,0.4592653279831572
ENSG00000173156,0.4777213496237768
ENSG00000173120,0.2416479602614209
ENSG00000173020,-0.5946526769582396
ENSG00000172932,1.4632855078158833
ENSG00000172830,-1.1630419264374952
ENSG00000287851,0.2342532914593851
ENSG00000172613,0.9479516968860582
ENSG00000175482,-1.1857374057532857
ENSG00000175505,-0.6367119982668702
ENSG00000275484,2.214670851083133
ENSG00000172531,-0.5469031104324453
ENSG00000175634,-2.7560589567866596
ENSG00000172725,-1.5631487613404724
ENSG00000172663,-0.4771283170707999
ENSG00000110711,-1.4562030810145707
ENSG00000110697,-0.6920109081435938
ENSG00000167797,-0.5746041779454003
ENSG00000084207,-0.9793090594594933
ENSG00000167792,-1.832055343384984
ENSG00000167799,-1.9615734672034373
ENSG00000132744,-0.7298543060635964
ENSG00000110057,0.8527101475694041
ENSG00000006534,0.38565974653135615
ENSG00000255306,NaN
ENSG00000110717,-1.2978673122319202
ENSG00000110719,0.8463712330093917
ENSG00000255031,1.1766382147170804
ENSG00000110721,1.0316107411451425
ENSG00000255236,NaN
ENSG00000110066,0.26806626687205426
ENSG00000171067,-1.6572613881685794
ENSG00000286369,0.4004410861280679
ENSG00000162337,1.3078017143668834
ENSG00000110075,-0.03685370499092706
ENSG00000069482,0.3919846112349785
ENSG00000132749,-1.0333013771509332
ENSG00000110090,1.388313903275824
ENSG00000197345,-0.9939078414790249
ENSG00000132740,-0.9200478957776006
ENSG00000162341,0.4562429899980029
ENSG00000172927,2.3410406383499414
ENSG00000260877,NaN
ENSG00000255774,NaN
ENSG00000285094,NaN
ENSG00000110092,2.0652162009396977
ENSG00000149716,1.13329208329498
ENSG00000162344,NaN
ENSG00000131620,NaN
ENSG00000168040,-1.343950537090191
ENSG00000131626,0.14480904429415423
ENSG00000254604,2.9934951106915753
ENSG00000254484,NaN
ENSG00000246889,4.457918995887497
ENSG00000085733,1.4490902101062624
ENSG00000162105,0.8468927719188974
ENSG00000286708,3.6685246862929595
ENSG00000172893,-1.0766723945078243
ENSG00000254682,-0.128532438564725
ENSG00000172890,0.8895754423705434
ENSG00000248671,-0.7591610158381537
ENSG00000158483,-1.9033990490491293
ENSG00000254469,1.1773860829208016
ENSG00000225805,NaN
ENSG00000137522,0.14030310487598838
ENSG00000137496,1.7949262656054092
ENSG00000137497,1.648714658504627
ENSG00000251143,0.9628996228531977
ENSG00000184154,0.1682599323042343
ENSG00000149357,-1.9110087498961446
ENSG00000110200,-2.0597319208252527
ENSG00000110195,3.0453687797135482
ENSG00000165458,-0.691471315033836
ENSG00000285864,NaN
ENSG00000162129,-1.0784248248959258
ENSG00000255672,4.587721696597176
ENSG00000186642,NaN
ENSG00000186635,-1.815984636780402
ENSG00000214530,-0.3957072805804867
ENSG00000285693,1.655170342280278
ENSG00000168010,-0.4745016345655198
ENSG00000137478,2.015248205741083
ENSG00000175591,2.6138827278865158
ENSG00000260401,NaN
ENSG00000171631,1.5236766485334294
ENSG00000110237,0.003602100231842038
ENSG00000054967,-1.0814041206809373
ENSG00000054965,4.905038006639222
ENSG00000256448,0.814415137086286
ENSG00000021300,NaN
ENSG00000175582,1.9193680348128928
ENSG00000175581,-2.692312628386083
ENSG00000181924,-1.165455824270654
ENSG00000175575,-0.519678309968526
ENSG00000187726,-0.1836090296614631
ENSG00000255847,NaN
ENSG00000175567,-1.933846786618538
ENSG00000287425,NaN
ENSG00000175564,NaN
ENSG00000168014,0.47156241316526876
ENSG00000214517,2.5795568261589934
ENSG00000149380,1.467140385090703
ENSG00000165434,1.0232449640589487
ENSG00000254631,NaN
ENSG00000255440,NaN
ENSG00000175536,-1.115831539351562
ENSG00000254837,-0.6734478291619366
ENSG00000077514,-1.03890988106032
ENSG00000054938,-0.7167802222619213
ENSG00000166439,1.6615384117882483
ENSG00000166435,2.271766313909192
ENSG00000118363,2.0773876548305408
ENSG00000162139,0.21043239708488062
ENSG00000137491,0.21370994513953132
ENSG00000137486,0.022910409286275572
ENSG00000149273,-1.0519640795681078
ENSG00000149243,-0.3589180181841583
ENSG00000158555,-0.7583006061439952
ENSG00000149257,-1.2883638234537385
ENSG00000255326,NaN
ENSG00000171533,-1.1015581945078492
ENSG00000062282,-0.24391829526549322
ENSG00000255507,NaN
ENSG00000198382,1.6115108244820753
ENSG00000085741,NaN
ENSG00000137492,-2.218517126032817
ENSG00000179240,-0.7704440386015241
ENSG00000255135,-0.5523351752712105
ENSG00000158636,0.011318771139083209
ENSG00000255363,NaN
ENSG00000254632,0.4427108804507835
ENSG00000182704,-0.7800203254708645
ENSG00000255100,3.055928693935748
ENSG00000261578,4.023033732087908
ENSG00000078124,0.6612579964740426
ENSG00000254988,3.4575692373298152
ENSG00000198488,NaN
ENSG00000149260,1.2861498972753782
ENSG00000137474,-0.28665489150698736
ENSG00000149269,0.5759386494559949
ENSG00000074201,1.1763231228381816
ENSG00000178301,-0.4974956851572073
ENSG00000048649,2.309147706643487
ENSG00000087884,-0.6921053217549761
ENSG00000254459,-0.13567910352028104
ENSG00000149262,-0.9243327220188254
ENSG00000151364,-0.8962239309124584
ENSG00000151366,-0.12362915718396957
ENSG00000159063,0.43833858926546493
ENSG00000246174,-0.8763667568497147
ENSG00000188997,0.026159921606810705
ENSG00000118369,-1.5728036508903707
ENSG00000033327,0.5640598553647651
ENSG00000254420,-0.03570479052795137
ENSG00000251323,NaN
ENSG00000137513,1.3636813729665451
ENSG00000255084,4.472766520358539
ENSG00000149256,NaN
ENSG00000137509,-0.951505186368577
ENSG00000165490,-1.327594134642668
ENSG00000137502,1.6329857197693256
ENSG00000246067,-0.4611174693105303
ENSG00000255503,NaN
ENSG00000165494,0.6586991308466247
ENSG00000247137,1.8131634324873103
ENSG00000269939,NaN
ENSG00000137494,1.3573008691649895
ENSG00000137500,0.15673542671148047
ENSG00000255234,0.37894555141990427
ENSG00000150672,2.206492580952927
ENSG00000171204,-2.7456594321810837
ENSG00000171202,-1.3235664291116667
ENSG00000137504,-0.3732531257598742
ENSG00000137501,1.5211388105138461
ENSG00000073921,0.7631377621793479
ENSG00000074266,-1.0452575196085185
ENSG00000149196,-1.9132369561106153
ENSG00000149201,0.02604544036794843
ENSG00000254733,0.8608142125346352
ENSG00000151376,1.685184874340802
ENSG00000254731,-0.28161873863022524
ENSG00000255250,2.0854764278428157
ENSG00000150687,0.8906303743619851
ENSG00000255471,0.40967483511394287
ENSG00000174804,NaN
ENSG00000246523,-0.7387733688150153
ENSG00000166575,1.9798287788732971
ENSG00000255102,NaN
ENSG00000123892,-0.03677377375175779
ENSG00000109861,-0.6917271514870195
ENSG00000288018,1.3149482572196967
ENSG00000168959,NaN
ENSG00000086991,NaN
ENSG00000077616,NaN
ENSG00000110172,-0.5788096229035998
ENSG00000261645,NaN
ENSG00000165323,1.488108759776797
ENSG00000255506,1.6009463843475855
ENSG00000180773,1.1425059653946104
ENSG00000166002,0.30498841191219184
ENSG00000166004,-0.44887154182457323
ENSG00000166012,0.8359166626260675
ENSG00000182919,-1.3505456323694867
ENSG00000042429,-0.0889590682285934
ENSG00000214376,NaN
ENSG00000181333,NaN
ENSG00000110218,-1.5449030184824888
ENSG00000250519,NaN
ENSG00000020922,0.5316534483624602
ENSG00000168876,0.9332083364231539
ENSG00000196371,-2.219774194711278
ENSG00000134627,-0.3059653736690607
ENSG00000255929,NaN
ENSG00000166025,-0.9030943552036238
ENSG00000256469,NaN
ENSG00000150316,-0.4959467719942914
ENSG00000186280,-1.1035718484651862
ENSG00000263465,-1.4141184620213914
ENSG00000149218,-0.4768511312295442
ENSG00000245552,5.086924925191257
ENSG00000149212,0.2695816604806637
ENSG00000077458,1.2168881029477667
ENSG00000166037,-0.6032344401240611
ENSG00000087053,2.420772402574753
ENSG00000184384,2.059293281999526
ENSG00000149231,-1.004098105895625
ENSG00000183340,-1.4448853542818352
ENSG00000149972,0.19711800444625818
ENSG00000248027,NaN
ENSG00000165895,2.7751834214168074
ENSG00000082175,NaN
ENSG00000137672,-1.0672574661494192
ENSG00000110318,0.058823144001605245
ENSG00000137691,0.3805152313789277
ENSG00000277459,-0.7843937916858295
ENSG00000137693,2.203620981693889
ENSG00000023445,-0.5402448010138804
ENSG00000110330,2.0019921413580666
ENSG00000152558,-1.439094320379868
ENSG00000255337,NaN
ENSG00000137673,-1.0298968993098383
ENSG00000137692,-2.3411748465136486
ENSG00000187240,2.099198748166461
ENSG00000254987,NaN
ENSG00000170962,0.38012181129749406
ENSG00000196954,-0.6776875177641467
ENSG00000285813,NaN
ENSG00000170903,0.5033119435340295
ENSG00000182359,2.13697130924984
ENSG00000149313,-1.474784528476003
ENSG00000152402,1.1212962442296104
ENSG00000261098,NaN
ENSG00000152404,1.8748380092518646
ENSG00000137760,-1.1134344749477239
ENSG00000110675,NaN
ENSG00000110660,1.519789773650311
ENSG00000179331,-0.5729197048360956
ENSG00000288012,1.4035350662089794
ENSG00000166266,0.5781392502320114
ENSG00000255467,0.14213012536225186
ENSG00000075239,0.012778142896854265
ENSG00000149308,0.2486711367367023
ENSG00000149311,1.713652775684691
ENSG00000166323,0.3224283144438377
ENSG00000178202,-0.6463585818549933
ENSG00000110723,-1.3372252493875536
ENSG00000178105,-0.015338430601754799
ENSG00000137710,0.6739947492574115
ENSG00000287245,NaN
ENSG00000149289,0.5975291146018697
ENSG00000254416,1.5409350761033025
ENSG00000137714,-0.2818545424091764
ENSG00000137727,NaN
ENSG00000196167,NaN
ENSG00000214290,-0.05985821568662238
ENSG00000137707,NaN
ENSG00000204381,-1.5994249446011535
ENSG00000170145,2.767595430357542
ENSG00000137713,-1.7023785745922717
ENSG00000086848,-0.865920002073941
ENSG00000255561,-0.2643076479325697
ENSG00000137720,-1.9669460987994536
ENSG00000109846,-0.40835260906266296
ENSG00000150764,0.048389217468709715
ENSG00000150768,1.474417425875263
ENSG00000150773,2.6902871533297685
ENSG00000150776,-2.072706246577635
ENSG00000150779,-0.3622382510423358
ENSG00000204370,-2.1334857238447706
ENSG00000150782,0.4883595345668464
ENSG00000197580,1.7164992274605577
ENSG00000150787,0.16452772717480607
ENSG00000250303,0.6807239110789507
ENSG00000254968,NaN
ENSG00000149292,-0.29219916098945936
ENSG00000086827,-0.7796076407412432
ENSG00000048028,-1.4188983917375344
ENSG00000256947,3.2587760187525325
ENSG00000166741,0.08523583702489052
ENSG00000180425,-0.5415747771337004
ENSG00000076053,-1.94724758805431
ENSG00000076043,-1.3750452080261777
ENSG00000182985,1.2258560959038367
ENSG00000255580,-0.354265700406195
ENSG00000255689,NaN
ENSG00000137656,-1.1636527845859455
ENSG00000109917,-0.3863110823110477
ENSG00000235910,NaN
ENSG00000160584,2.1592494336073282
ENSG00000168092,-0.17039140813619638
ENSG00000149577,-1.6344440898036259
ENSG00000149591,4.020389802583874
ENSG00000160613,0.6886415245087294
ENSG00000167257,0.45497945049694805
ENSG00000186318,-1.254202525098881
ENSG00000278768,0.330078042563658
ENSG00000276505,NaN
ENSG00000110274,-1.237431591881205
ENSG00000250699,NaN
ENSG00000177103,-0.7392679107936699
ENSG00000270403,NaN
ENSG00000137731,-0.2864229431616903
ENSG00000137726,NaN
ENSG00000160588,0.09729938018143046
ENSG00000110344,0.16218074731982265
ENSG00000167283,-0.32939526202944275
ENSG00000118058,0.5502464219404795
ENSG00000255435,3.640972809977408
ENSG00000118096,1.4484830020028783
ENSG00000095139,-0.22102586916294986
ENSG00000019144,-1.9830043898772747
ENSG00000110367,0.34617228354405705
ENSG00000278376,NaN
ENSG00000186174,0.4911295962095318
ENSG00000110375,0.37049939094982054
ENSG00000255121,0.26233786385246566
ENSG00000186166,-0.34454979520558543
ENSG00000254428,NaN
ENSG00000118181,-0.5910664734272559
ENSG00000196655,-1.6051726774868775
ENSG00000137700,-0.5243286223295354
ENSG00000149428,1.858377330314061
ENSG00000272186,NaN
ENSG00000160695,-1.0883992883940674
ENSG00000256269,-1.0141093041388778
ENSG00000188486,-2.2263382671849876
ENSG00000172269,1.9115387025910058
ENSG00000172375,NaN
ENSG00000172273,-0.9919195867509557
ENSG00000160703,-1.4039489976286808
ENSG00000172367,NaN
ENSG00000110395,0.7776087692599891
ENSG00000076706,1.3397756908813
ENSG00000173456,0.01791992619136783
ENSG00000036672,NaN
ENSG00000245248,0.44984334867772546
ENSG00000154096,-1.6991261592515057
ENSG00000110400,-1.2258607936897175
ENSG00000137699,NaN
ENSG00000184232,-1.1724096541182836
ENSG00000137709,NaN
ENSG00000181264,0.04280467706957323
ENSG00000196914,0.4237487665955831
ENSG00000149403,NaN
ENSG00000250493,NaN
ENSG00000154114,4.154873425128585
ENSG00000109929,-0.8599315365952186
ENSG00000137642,2.6425183237018155
ENSG00000286023,NaN
ENSG00000255248,9.145283348927242
ENSG00000154127,1.5284445870095802
ENSG00000286341,NaN
ENSG00000285909,2.447264359727785
ENSG00000109944,0.7613285775589406
ENSG00000109971,-0.5807380414494547
ENSG00000288061,3.4049070491403772
ENSG00000166250,-0.09058879903396569
ENSG00000023171,5.769337107025019
ENSG00000166261,-0.657185169785426
ENSG00000110002,NaN
ENSG00000154144,-0.9514298671906797
ENSG00000110013,1.6199947672885229
ENSG00000064199,-1.651195339005227
ENSG00000154146,0.16519003260124304
ENSG00000149564,NaN
ENSG00000120458,-0.06667192656719445
ENSG00000279342,NaN
ENSG00000154134,6.283166525329038
ENSG00000285825,-7.9715469976143245
ENSG00000149548,-1.540262069950143
ENSG00000150433,-0.45730740479684395
ENSG00000149557,3.0956786659696687
ENSG00000149547,-1.5057435997856206
ENSG00000134910,1.3577160909366133
ENSG00000149554,-1.8248544993639761
ENSG00000134940,-1.2055453206988191
ENSG00000198331,-0.6222910398054686
ENSG00000110060,1.2905487705250653
ENSG00000064309,1.8059198779108714
ENSG00000165526,-1.0354512258831448
ENSG00000197798,-1.4478528460462956
ENSG00000182934,-0.36497137704891985
ENSG00000110074,-0.8032134064010323
ENSG00000150455,-0.6763326142620044
ENSG00000255062,0.43882180379073454
ENSG00000110063,-1.5657058475207486
ENSG00000280832,-0.17041023866101873
ENSG00000110080,-1.194778774910137
ENSG00000149571,4.9229202314899165
ENSG00000257271,NaN
ENSG00000254607,0.3560695845243396
ENSG00000254938,2.641586909827161
ENSG00000255317,NaN
ENSG00000134954,1.530925097413463
ENSG00000151702,NaN
ENSG00000174370,-1.9197063458778545
ENSG00000134909,1.5152870828777307
ENSG00000151715,NaN
ENSG00000170322,0.8470527853366551
ENSG00000170325,1.1497383767823885
ENSG00000084234,1.5021342161343885
ENSG00000149418,NaN
ENSG00000196323,-1.574262800120991
ENSG00000175773,NaN
ENSG00000134917,3.7822766366057206
ENSG00000166106,NaN
ENSG00000175728,NaN
ENSG00000254842,NaN
ENSG00000120451,-1.542672305542175
ENSG00000182667,NaN
ENSG00000080854,NaN
ENSG00000166086,5.1884418663826395
ENSG00000151503,-0.5820635634389097
ENSG00000151502,2.568478364930443
ENSG00000151500,-1.4911468015562428
ENSG00000151498,1.7494630796206034
ENSG00000166105,NaN
ENSG00000149328,NaN
ENSG00000010379,NaN
ENSG00000261799,-0.019089446153062475
ENSG00000073614,1.2478530055368209
ENSG00000120647,0.04261163342105348
ENSG00000139044,-0.7517345007581855
ENSG00000171840,2.4677016452873386
ENSG00000177406,-0.8119421749263159
ENSG00000060237,0.19641685709077011
ENSG00000002016,1.4666139755066252
ENSG00000250132,-1.2360958846864352
ENSG00000082805,9.479390302238748
ENSG00000249628,NaN
ENSG00000111186,1.3286919552137821
ENSG00000171823,2.1231994183282574
ENSG00000006831,0.875475190145732
ENSG00000151065,-0.8576312630063627
ENSG00000203593,NaN
ENSG00000004478,-1.539661655780865
ENSG00000258325,-1.0826449551107091
ENSG00000111203,0.2638530695343115
ENSG00000283297,NaN
ENSG00000111206,-2.4309287593874638
ENSG00000171792,-0.8015181303991488
ENSG00000078246,0.0770245271472801
ENSG00000197905,-0.3074927926057718
ENSG00000250899,-0.5383407650353716
ENSG00000011105,1.8597200081512
ENSG00000130038,-0.5061770712878416
ENSG00000111224,-0.33933238890721096
ENSG00000255920,NaN
ENSG00000078237,1.953002405758946
ENSG00000047621,1.5732735037047385
ENSG00000111247,-1.3997045088419346
ENSG00000010219,-2.2607792923110903
ENSG00000111254,NaN
ENSG00000139180,-0.4297641697883585
ENSG00000285523,NaN
ENSG00000010278,-0.3499544356435341
ENSG00000008323,-0.7854519615684767
ENSG00000067182,1.9396582444733257
ENSG00000111319,-0.7211409764233796
ENSG00000111321,-0.2585245525852873
ENSG00000256433,NaN
ENSG00000215039,NaN
ENSG00000139192,NaN
ENSG00000139190,NaN
ENSG00000111639,-0.6366384454184802
ENSG00000010292,-1.1105147257336283
ENSG00000111640,-1.0010420238365743
ENSG00000269968,-0.8052910481863083
ENSG00000111641,-0.03747237356061549
ENSG00000111642,-0.6703540324383854
ENSG00000247853,0.8994373153856898
ENSG00000184574,NaN
ENSG00000111644,-0.3043736552223908
ENSG00000111653,0.5779686806406505
ENSG00000126746,0.8068372345030517
ENSG00000139200,NaN
ENSG00000111652,-1.4845300319162666
ENSG00000089693,-1.616811633359049
ENSG00000159335,-1.0602958722362983
ENSG00000089692,3.7415944585900407
ENSG00000010610,NaN
ENSG00000250510,NaN
ENSG00000110811,-0.8024296898819928
ENSG00000111664,NaN
ENSG00000111665,-1.1146367834536512
ENSG00000111667,0.2598246988548994
ENSG00000111669,-1.1967139311889479
ENSG00000111671,-0.8595657707713243
ENSG00000010626,-0.05292652023650449
ENSG00000275703,NaN
ENSG00000111674,-1.1353103508536977
ENSG00000111676,-0.38762469271399635
ENSG00000111678,-1.3797107808312852
ENSG00000272173,-1.0512031152050725
ENSG00000111679,0.7449858271407779
ENSG00000215021,1.3533137235597483
ENSG00000126749,-1.674861221787658
ENSG00000111684,0.7930593602327884
ENSG00000182326,3.736251806385305
ENSG00000159403,-1.1642792378076254
ENSG00000139178,3.0837787600956017
ENSG00000205885,1.1144606450451204
ENSG00000139194,1.615453147137424
ENSG00000139182,-0.24817559081927051
ENSG00000139197,-1.0981101687767743
ENSG00000215009,NaN
ENSG00000177675,1.887598937921965
ENSG00000198178,NaN
ENSG00000173262,5.317503621025748
ENSG00000059804,3.9995115156772356
ENSG00000288043,NaN
ENSG00000065970,0.6338235468699589
ENSG00000089818,0.7233289882070627
ENSG00000226711,-0.42211310143154485
ENSG00000215241,NaN
ENSG00000286895,0.8450011457629694
ENSG00000226091,1.7189674171430913
ENSG00000197614,NaN
ENSG00000255829,NaN
ENSG00000166532,0.591292165685379
ENSG00000256661,0.3423509397188639
ENSG00000282022,NaN
ENSG00000111752,-0.615486848788514
ENSG00000003056,-0.6426437646741394
ENSG00000139187,2.268352104689441
ENSG00000214851,NaN
ENSG00000245105,0.2578084980079942
ENSG00000256427,NaN
ENSG00000260423,NaN
ENSG00000284634,1.2802609122965545
ENSG00000256442,-3.4152602589979457
ENSG00000257027,NaN
ENSG00000069493,3.064398362206484
ENSG00000110852,-1.3116501244832273
ENSG00000139112,-0.17454825687001949
ENSG00000134539,5.023136051842561
ENSG00000205810,NaN
ENSG00000205809,NaN
ENSG00000111196,-1.4636975601291358
ENSG00000060140,3.839216412947112
ENSG00000060138,1.4188898050898384
ENSG00000231887,3.022407309162609
ENSG00000121318,NaN
ENSG00000111215,0.4445609800156401
ENSG00000212127,-0.0957154026189596
ENSG00000256436,NaN
ENSG00000256188,-0.07723263471885718
ENSG00000256537,-0.716868353049314
ENSG00000275119,0.5180199788232134
ENSG00000197870,NaN
ENSG00000247157,NaN
ENSG00000139083,1.4290306773477797
ENSG00000121380,1.5624830263069547
ENSG00000070018,1.8780152610340548
ENSG00000111261,0.44981414474533216
ENSG00000205791,-0.5846684102209055
ENSG00000165714,-1.3302814762415032
ENSG00000111266,3.119827630083325
ENSG00000255670,NaN
ENSG00000111269,-1.2604783093083167
ENSG00000183150,-0.4865225638780332
ENSG00000111276,-1.2738595223462978
ENSG00000256658,NaN
ENSG00000178878,0.9713131697871233
ENSG00000213782,NaN
ENSG00000013588,1.8819539662557463
ENSG00000247498,0.11006980393311047
ENSG00000111291,NaN
ENSG00000013583,-1.2524387747913046
ENSG00000255621,NaN
ENSG00000084444,-0.6355306994927755
ENSG00000134531,-0.6721298733110999
ENSG00000180861,NaN
ENSG00000273079,1.8540392562378958
ENSG00000171681,0.39755467692004554
ENSG00000121316,-0.5915215070808144
ENSG00000256751,NaN
ENSG00000214772,NaN
ENSG00000261324,-0.14549644743111345
ENSG00000197837,-1.5151101098027209
ENSG00000246705,0.009620088676534693
ENSG00000084463,-0.672284908165417
ENSG00000182993,-0.7064593184497895
ENSG00000111348,NaN
ENSG00000134533,1.3234628718518133
ENSG00000151490,NaN
ENSG00000151491,-0.5782917626027737
ENSG00000023734,-0.3159013062373864
ENSG00000023697,-1.882840499533939
ENSG00000008394,-0.6236708756377447
ENSG00000286303,NaN
ENSG00000048540,NaN
ENSG00000283240,1.4501494450272183
ENSG00000256994,NaN
ENSG00000111404,NaN
ENSG00000052126,2.55821210002466
ENSG00000253284,1.76531357364253
ENSG00000139154,2.853160252551538
ENSG00000255910,1.1893264099235494
ENSG00000256287,NaN
ENSG00000256879,NaN
ENSG00000172572,6.932296265776964
ENSG00000139155,1.1815374765395756
ENSG00000111700,1.260805288356457
ENSG00000205754,1.854449613365089
ENSG00000134538,1.941167004389815
ENSG00000121351,NaN
ENSG00000121350,-1.1070200332869693
ENSG00000004700,-0.2599776343446224
ENSG00000111711,0.7860977076860678
ENSG00000134548,0.33680109341727327
ENSG00000111713,NaN
ENSG00000111716,-0.9011484964355284
ENSG00000256615,1.4318694180470557
ENSG00000255644,NaN
ENSG00000121361,NaN
ENSG00000069431,3.0853829384622538
ENSG00000257022,1.4719338089348302
ENSG00000111726,0.29539104620936424
ENSG00000111728,3.764914365524889
ENSG00000250166,2.9116658926660777
ENSG00000111731,2.2827503542062417
ENSG00000257023,NaN
ENSG00000139163,-0.23089223323922672
ENSG00000256995,NaN
ENSG00000134532,0.9561389371725215
ENSG00000060982,-0.5727897435492898
ENSG00000118308,NaN
ENSG00000118307,0.3767494941598722
ENSG00000205707,-1.3903409344654243
ENSG00000133703,-0.23315927900837186
ENSG00000278743,NaN
ENSG00000152936,NaN
ENSG00000246695,-0.8188890708498084
ENSG00000123094,0.07772518805725573
ENSG00000123095,NaN
ENSG00000123096,3.4203150443671433
ENSG00000123104,2.221592020018962
ENSG00000234428,NaN
ENSG00000064102,-1.1819045470887717
ENSG00000111790,0.7806405180384038
ENSG00000064115,0.6068488875189147
ENSG00000152944,-2.2390506265739876
ENSG00000275764,-0.7843167516118283
ENSG00000211455,0.6140771779077104
ENSG00000029153,3.081883420930865
ENSG00000165935,NaN
ENSG00000110841,0.8353567234878344
ENSG00000174236,NaN
ENSG00000061794,-1.5914169282345312
ENSG00000205693,NaN
ENSG00000087448,1.6820840423112213
ENSG00000087494,-1.6721097340012614
ENSG00000257042,-0.7683457494735885
ENSG00000123106,1.5201365046700261
ENSG00000247934,3.57433253331618
ENSG00000278733,NaN
ENSG00000273989,NaN
ENSG00000064763,3.0447181824041967
ENSG00000257176,0.4310157186596919
ENSG00000274315,NaN
ENSG00000273680,NaN
ENSG00000087502,-0.1460786650119881
ENSG00000133687,-0.3893499870074273
ENSG00000133704,-0.09285425528667798
ENSG00000110888,1.9268951098555944
ENSG00000246331,2.6743907237464075
ENSG00000285517,-1.839422622537981
ENSG00000110900,NaN
ENSG00000245614,0.01459297936866268
ENSG00000013573,0
ENSG00000139146,-0.9021821470802315
ENSG00000170456,1.0536491275980744
ENSG00000275769,NaN
ENSG00000255867,-1.4017098443643523
ENSG00000287388,NaN
ENSG00000139160,NaN
ENSG00000151743,-0.07323606982332821
ENSG00000276900,-1.198948128952368
ENSG00000188375,NaN
ENSG00000255760,-1.1411220687435013
ENSG00000174718,1.1618461576120194
ENSG00000276136,NaN
ENSG00000151746,3.5548567252218395
ENSG00000274964,6.755895695026487
ENSG00000276115,0.7886868960230529
ENSG00000139132,1.6292385526322655
ENSG00000087470,1.6011489586137067
ENSG00000139131,-0.48210765661437327
ENSG00000275854,NaN
ENSG00000057294,1.7249500636493589
ENSG00000245482,1.5703736274834434
ENSG00000139133,0.18064840648525488
ENSG00000256538,NaN
ENSG00000175548,-0.4225635214573346
ENSG00000139117,2.2494918251971194
ENSG00000257718,NaN
ENSG00000258144,NaN
ENSG00000139116,0.9633909256945352
ENSG00000180116,NaN
ENSG00000151229,2.1248563522843287
ENSG00000225342,NaN
ENSG00000188906,2.3892505630800778
ENSG00000205592,NaN
ENSG00000018236,3.8448134870628095
ENSG00000165966,3.1812406147593224
ENSG00000286591,NaN
ENSG00000151233,0.2808452987326577
ENSG00000015153,-0.2630616907502
ENSG00000134283,-0.27548370805201994
ENSG00000139168,-1.410278158031138
ENSG00000139174,1.3237093322170086
ENSG00000257114,-1.2711067125000872
ENSG00000173157,NaN
ENSG00000129317,-0.7066070632402239
ENSG00000198001,-0.2726069447291282
ENSG00000151239,0.7536165685702348
ENSG00000139173,2.7568864142558227
ENSG00000177119,4.88886997595559
ENSG00000257657,NaN
ENSG00000273015,1.144381359064467
ENSG00000189079,0.7804742611337545
ENSG00000139218,-0.22503421990687222
ENSG00000111371,0.33259431469983036
ENSG00000134294,1.9633085583953116
ENSG00000257261,1.167469384005066
ENSG00000257496,NaN
ENSG00000272369,NaN
ENSG00000139211,0.8990562083849843
ENSG00000179715,1.2205871889712598
ENSG00000247774,0.9506229769973806
ENSG00000257925,NaN
ENSG00000258181,-1.6483513507889207
ENSG00000005175,-0.7206047718217553
ENSG00000276390,-0.5823053326820462
ENSG00000257433,-0.28592712493776307
ENSG00000211584,1.12965229276652
ENSG00000061273,1.3220585514471366
ENSG00000257488,NaN
ENSG00000111424,0.7842932035967345
ENSG00000278385,NaN
ENSG00000134291,-0.5547813552601871
ENSG00000079387,-1.1820285613367691
ENSG00000152556,-0.27827495115989437
ENSG00000177981,-1.4745036682107386
ENSG00000177875,-1.1500787934003935
ENSG00000269514,1.9284395477594036
ENSG00000167528,3.357588287686663
ENSG00000257735,NaN
ENSG00000139620,2.2399504458653334
ENSG00000129315,1.0213316616599872
ENSG00000174233,2.4613064782079923
ENSG00000257660,NaN
ENSG00000167535,2.3670619877613004
ENSG00000174243,1.1694170509037431
ENSG00000172602,-0.0068279330531042515
ENSG00000139537,1.1993507503584242
ENSG00000134285,-0.586838536151706
ENSG00000134287,-1.0072370227369611
ENSG00000257913,2.6012480335629
ENSG00000181929,1.2448019282329927
ENSG00000167548,-0.05034427927356715
ENSG00000167550,-0.22529228285172853
ENSG00000139636,-1.445521326305696
ENSG00000123416,-0.902809312402008
ENSG00000258017,-1.8563343186809729
ENSG00000167552,2.023136671073011
ENSG00000167553,-0.34948820073652287
ENSG00000258101,-0.8783373707536322
ENSG00000258232,0.9823249178583017
ENSG00000135406,NaN
ENSG00000135451,-2.192244622616845
ENSG00000186897,2.423512436517097
ENSG00000178401,-0.26185367830380113
ENSG00000123352,6.3983749317017
ENSG00000135519,1.6723398954867972
ENSG00000187778,-1.8995675630573634
ENSG00000110844,0.36119738591669726
ENSG00000135436,NaN
ENSG00000161791,1.347393221668125
ENSG00000139644,0.8546793405998578
ENSG00000167566,-0.8794255332554158
ENSG00000258057,-0.32620643541997496
ENSG00000186666,-1.0119218590994101
ENSG00000257588,NaN
ENSG00000161800,0.6842112705385018
ENSG00000110881,-0.8370420401853554
ENSG00000066117,-0.944604917518427
ENSG00000178449,-0.7632687394937623
ENSG00000272368,2.0646210967138305
ENSG00000139624,0.7244178284456179
ENSG00000050405,2.4962775574979523
ENSG00000257298,NaN
ENSG00000185958,NaN
ENSG00000161813,1.195768310509733
ENSG00000066084,0.9390774604181973
ENSG00000123268,1.1693458862585495
ENSG00000214511,NaN
ENSG00000110911,1.2761284533111061
ENSG00000050426,-0.1907466217781948
ENSG00000110925,1.1095355577676347
ENSG00000135457,2.001796846995081
ENSG00000184271,3.096074825022338
ENSG00000183283,-0.5047226143860735
ENSG00000170545,-0.2220166531291789
ENSG00000139629,1.591512940849804
ENSG00000050438,-1.6986438452976915
ENSG00000196876,1.8987222869311522
ENSG00000260473,2.327053403553171
ENSG00000261308,NaN
ENSG00000261586,NaN
ENSG00000135503,3.7130167065572497
ENSG00000161835,NaN
ENSG00000123358,0.983308024446925
ENSG00000259884,NaN
ENSG00000123395,-1.6031272105381107
ENSG00000257663,1.0060278368965705
ENSG00000284791,NaN
ENSG00000258279,NaN
ENSG00000167767,-0.42765299644917604
ENSG00000135480,-0.8261522578305786
ENSG00000170442,1.9169678243457093
ENSG00000257830,0.08778594589563288
ENSG00000205426,-0.6275932354022548
ENSG00000287051,NaN
ENSG00000257829,NaN
ENSG00000170523,0.88208055558737
ENSG00000205420,NaN
ENSG00000186081,NaN
ENSG00000170477,-0.13542919868553713
ENSG00000170421,-0.43060968757896423
ENSG00000111057,-0.39900581288381703
ENSG00000063046,0.30643490240875604
ENSG00000257475,NaN
ENSG00000257337,-2.0316605378495214
ENSG00000111077,-1.2196061396094033
ENSG00000167778,-2.0607710919684137
ENSG00000167779,-1.729257448635256
ENSG00000167780,NaN
ENSG00000139631,1.068655105012171
ENSG00000139651,1.0138618515455133
ENSG00000139626,NaN
ENSG00000172819,2.3032206127847625
ENSG00000182544,-1.7917340122493866
ENSG00000135476,2.3997798287738035
ENSG00000123349,-0.4356645393372435
ENSG00000257605,-1.2849177963814844
ENSG00000139637,-1.6642320754475162
ENSG00000094914,-0.6270095164914729
ENSG00000185591,-0.10614197759037726
ENSG00000135409,NaN
ENSG00000205352,-0.9063050588419159
ENSG00000197111,0.3339646017038241
ENSG00000282977,NaN
ENSG00000139625,0.7678379888950464
ENSG00000270175,0.1282550674400769
ENSG00000139546,-1.78913951684963
ENSG00000139574,NaN
ENSG00000170653,2.2182459312370186
ENSG00000285692,3.264403934378015
ENSG00000135390,-0.49176655217047627
ENSG00000012822,3.2230590881908237
ENSG00000249641,NaN
ENSG00000123364,-0.3175045407843121
ENSG00000228630,2.448489871587792
ENSG00000123388,NaN
ENSG00000251151,3.8322696308714272
ENSG00000180818,1.1280450906946937
ENSG00000197757,-0.19097860189049579
ENSG00000180806,0.3225403730774586
ENSG00000250451,2.9804098751603214
ENSG00000037965,-1.9265945778253337
ENSG00000198353,2.6293012625112433
ENSG00000172789,0.46183340944719503
ENSG00000250432,NaN
ENSG00000123415,1.3765080624987933
ENSG00000250742,-0.7793721281543007
ENSG00000094916,2.7863605690967685
ENSG00000257596,0.6802684685251401
ENSG00000258344,-1.3475233739677928
ENSG00000135486,0.7128642052751789
ENSG00000123405,NaN
ENSG00000111481,-0.9525081465897901
ENSG00000161642,-0.31260070263679673
ENSG00000161638,4.46634505773664
ENSG00000123360,NaN
ENSG00000172551,NaN
ENSG00000170439,-0.01521385037177846
ENSG00000135424,1.666164941276731
ENSG00000135441,-1.601421911370034
ENSG00000135437,-0.9209206275881696
ENSG00000135404,0.4232056529047015
ENSG00000258056,-0.6873918044399555
ENSG00000135414,0.0729765153486826
ENSG00000205323,-0.9548649636416556
ENSG00000123353,0.513253672716461
ENSG00000135392,-1.0855648088122005
ENSG00000170473,-1.588154719420215
ENSG00000065357,0.6690545333217905
ENSG00000185664,-0.5939347946273694
ENSG00000123374,-1.267279605978318
ENSG00000111540,1.1500341001788332
ENSG00000139531,-0.5741842987857456
ENSG00000123411,-0.3410876769460037
ENSG00000257449,NaN
ENSG00000197728,-1.02547317747942
ENSG00000065361,1.4794200392158279
ENSG00000170515,-0.05993586574933017
ENSG00000229117,-1.1783145117948344
ENSG00000139641,0.09502760662620907
ENSG00000135482,-0.21764589189832667
ENSG00000196465,-1.8115318692283917
ENSG00000092841,-0.9989579761634255
ENSG00000139613,-0.42427189738762233
ENSG00000258199,NaN
ENSG00000181852,-1.721870701965389
ENSG00000139579,-1.761886568076115
ENSG00000139645,1.9126007165017271
ENSG00000135469,-1.7495893128465287
ENSG00000062485,-0.3993466059560028
ENSG00000257303,0.838472978329191
ENSG00000257740,2.209367972721882
ENSG00000257727,2.1497487616633677
ENSG00000135473,-0.7903960548309645
ENSG00000170581,1.2207453281960634
ENSG00000276272,NaN
ENSG00000111602,-0.7749451623767195
ENSG00000176422,-1.4318393238986649
ENSG00000135423,NaN
ENSG00000076067,0.6988646836172309
ENSG00000076108,-1.5360396197423074
ENSG00000110955,-0.08908088499893003
ENSG00000110958,-0.6951685875484132
ENSG00000196531,-1.0246135904548208
ENSG00000198056,-1.530220612943596
ENSG00000025423,NaN
ENSG00000166860,-0.814515816323335
ENSG00000166881,1.1204889062909833
ENSG00000166886,-1.1923107259124643
ENSG00000166888,-0.2859418422112803
ENSG00000123384,-0.18305456644656726
ENSG00000182379,0.6643703501329934
ENSG00000182199,-0.8233037216042394
ENSG00000185633,1.888884299581532
ENSG00000185482,1.3179492325170883
ENSG00000179912,1.781647682348635
ENSG00000175189,NaN
ENSG00000287200,-0.7769642824719664
ENSG00000111087,-1.5972790910351884
ENSG00000166986,-0.3311335571701293
ENSG00000175197,1.5780239466025312
ENSG00000166987,-1.3439461812703122
ENSG00000175203,-0.6092599334850817
ENSG00000155980,NaN
ENSG00000166908,2.638911067732685
ENSG00000178498,-1.1092185179544434
ENSG00000240771,-0.5013745864849264
ENSG00000135454,-1.7851591240681113
ENSG00000135506,-0.48534822994770327
ENSG00000257342,4.796132963877489
ENSG00000255737,-1.174675321232286
ENSG00000135452,-0.9785499576809629
ENSG00000135446,-0.5149143258486235
ENSG00000139266,0.42631470735265464
ENSG00000111012,3.80174659849356
ENSG00000037897,-2.313750270611027
ENSG00000123427,1.5828136096431624
ENSG00000123297,-1.610597611652486
ENSG00000135407,0.6461565659060258
ENSG00000175215,-1.3752542973964674
ENSG00000166896,-0.8258004650339384
ENSG00000257698,-1.4843837284451933
ENSG00000139263,-0.7217201125161007
ENSG00000257443,NaN
ENSG00000118596,2.5574826697271624
ENSG00000198673,3.9273941347301413
ENSG00000135655,-0.19710537885475937
ENSG00000061987,2.1112634886703923
ENSG00000257568,NaN
ENSG00000257354,1.4358026986106647
ENSG00000275180,3.3048630051491843
ENSG00000111110,2.6831403201908075
ENSG00000177990,0.7139098617762271
ENSG00000249753,NaN
ENSG00000118600,-1.347120579806843
ENSG00000255850,NaN
ENSG00000196935,7.31178171976196
ENSG00000256571,NaN
ENSG00000255886,2.0138816342112973
ENSG00000287618,1.1199630763177966
ENSG00000174206,-0.12629599956505844
ENSG00000185306,-0.4529756302601085
ENSG00000184575,-0.8109637911903675
ENSG00000183735,0.30476263131365006
ENSG00000153179,1.0520342665588718
ENSG00000256199,NaN
ENSG00000135677,2.5869166002974877
ENSG00000111490,-0.559881647128826
ENSG00000156076,NaN
ENSG00000174106,0.5487180707562994
ENSG00000276853,NaN
ENSG00000174099,0.6871695401499786
ENSG00000250280,-0.22382975921878695
ENSG00000149948,2.7227570959858682
ENSG00000197301,NaN
ENSG00000256083,NaN
ENSG00000139233,-0.9228076325860964
ENSG00000239335,NaN
ENSG00000155957,-0.6513621424188986
ENSG00000127311,1.2068826986889045
ENSG00000155974,0.7428679554426685
ENSG00000257083,3.147884201024274
ENSG00000111530,0.19195117167289102
ENSG00000286563,1.2950728853214821
ENSG00000127334,-0.3857066652892437
ENSG00000111554,0.108840118723121
ENSG00000251301,NaN
ENSG00000127314,0.8447871763922801
ENSG00000247363,NaN
ENSG00000111581,0.7226007707086325
ENSG00000175782,2.030833110226992
ENSG00000135679,1.6594792801144673
ENSG00000135678,0.34076027861756336
ENSG00000111605,0.7282504252075419
ENSG00000127337,-1.82528552582475
ENSG00000257507,NaN
ENSG00000166225,1.317116159541255
ENSG00000166226,-0.19788851916286943
ENSG00000127325,-0.7525369238382572
ENSG00000127328,1.2065523140115713
ENSG00000166268,-0.6006398159212522
ENSG00000257815,-1.3906908794080786
ENSG00000257613,NaN
ENSG00000111596,0.8563950323465892
ENSG00000135643,0.606625337387196
ENSG00000258168,NaN
ENSG00000127329,1.7396474022836095
ENSG00000258053,NaN
ENSG00000127324,1.740947965542882
ENSG00000139292,NaN
ENSG00000133858,2.5414983575756005
ENSG00000173451,-0.5323117490697747
ENSG00000139291,1.7711145860741442
ENSG00000080371,-0.3906801217573624
ENSG00000121749,1.1520633237439535
ENSG00000139287,NaN
ENSG00000072657,NaN
ENSG00000251138,0.9565466960258233
ENSG00000253719,-1.8123528596656013
ENSG00000257434,NaN
ENSG00000180881,0.6145694161105585
ENSG00000273987,NaN
ENSG00000173401,NaN
ENSG00000180481,NaN
ENSG00000139278,-0.7586727403790551
ENSG00000257497,NaN
ENSG00000111615,-0.905142754132391
ENSG00000258077,0.3589505536993456
ENSG00000139289,-1.5926804010830553
ENSG00000257839,NaN
ENSG00000187109,-0.6065246814072361
ENSG00000179941,1.175163385944174
ENSG00000091039,1.4366766171910539
ENSG00000257526,NaN
ENSG00000186908,0.935298491864014
ENSG00000175183,-0.060096925102963765
ENSG00000257910,NaN
ENSG00000165891,-1.420527260065454
ENSG00000067798,2.5764453730926524
ENSG00000258225,NaN
ENSG00000258084,NaN
ENSG00000067715,7.284323853864152
ENSG00000257191,3.797760899790489
ENSG00000257894,1.1101502273684538
ENSG00000177425,0.1727381856312934
ENSG00000258048,-0.3229983665231062
ENSG00000058272,1.3784578601303463
ENSG00000258044,NaN
ENSG00000257557,1.6275132826350438
ENSG00000139304,2.133629010699989
ENSG00000257429,NaN
ENSG00000111052,0.8162326784256838
ENSG00000111058,NaN
ENSG00000139220,NaN
ENSG00000258162,NaN
ENSG00000133773,-0.5580321335536967
ENSG00000127720,2.03446736545885
ENSG00000286043,NaN
ENSG00000179104,0.7142598497544439
ENSG00000072041,-1.4352676455091378
ENSG00000133640,1.6687904887164142
ENSG00000180318,1.9320931186430126
ENSG00000258815,-0.5317298287494804
ENSG00000198774,4.287071535778598
ENSG00000133636,8.816268658158629
ENSG00000182050,-0.9047546453527615
ENSG00000165805,NaN
ENSG00000133641,-2.2975970854354646
ENSG00000198707,-1.3243758694396048
ENSG00000139324,-0.9645095930574181
ENSG00000049130,1.2103521955258936
ENSG00000281333,NaN
ENSG00000139318,-1.426425987135941
ENSG00000274021,NaN
ENSG00000286608,-0.6205902065606241
ENSG00000139323,1
ENSG00000257594,2.6111090164081907
ENSG00000270344,-1.0292702937638758
ENSG00000258302,NaN
ENSG00000070961,5.217688083838186
ENSG00000271614,0.6246747989860565
ENSG00000258216,3.3020810433244847
ENSG00000139329,NaN
ENSG00000257242,1.8084937684416347
ENSG00000133639,-0.5866377676654829
ENSG00000245904,2.885427436330738
ENSG00000102189,-0.47915370019634335
ENSG00000257322,-1.388991411232223
ENSG00000257252,1.814577588680936
ENSG00000173598,0.17752652817276188
ENSG00000177889,-2.159089493971707
ENSG00000198015,-0.047324405178579894
ENSG00000246985,-0.3073505759044881
ENSG00000120833,-1.711561528367784
ENSG00000169372,1.448367682977277
ENSG00000258274,NaN
ENSG00000258303,NaN
ENSG00000136040,5.47736522619071
ENSG00000258172,NaN
ENSG00000258365,2.5703469999622968
ENSG00000173588,-0.06242383930944897
ENSG00000278916,NaN
ENSG00000184752,-0.23496476187219795
ENSG00000120798,2.481507564067131
ENSG00000180263,2.068152908727174
ENSG00000028203,1.0944689354901544
ENSG00000111142,0.11008506400990827
ENSG00000136014,3.2292033955903947
ENSG00000074527,-0.39737634367750624
ENSG00000258343,0.15749345838184137
ENSG00000139343,-0.9568172109571301
ENSG00000165972,NaN
ENSG00000139344,0.9092250123301133
ENSG00000111144,-0.8393747468852699
ENSG00000111145,0.5165285226965249
ENSG00000287454,NaN
ENSG00000059758,1.0573427531855932
ENSG00000258272,NaN
ENSG00000188596,1.3892443441558309
ENSG00000139350,-1.6193179725960702
ENSG00000255794,NaN
ENSG00000245017,-1.241501982535987
ENSG00000257167,-1.9587856675995865
ENSG00000120802,-0.18581093893373155
ENSG00000075415,-0.4343771183698945
ENSG00000166130,2.1550577940831555
ENSG00000120868,0.4425194490700497
ENSG00000185046,0.9578750488503581
ENSG00000257458,2.5278957509673705
ENSG00000111647,1.941932615151742
ENSG00000075089,0.4490292473441936
ENSG00000166153,-1.0182135347200756
ENSG00000136021,-0.3526379288063387
ENSG00000012504,0.5583786637468761
ENSG00000139354,0.9882228761863777
ENSG00000120800,0.7886561416207526
ENSG00000120805,-1.165739832338849
ENSG00000196091,NaN
ENSG00000111666,0.746637506050857
ENSG00000139351,NaN
ENSG00000111670,-0.526756694759204
ENSG00000136048,0.4258136597846342
ENSG00000120860,-0.14934754140024178
ENSG00000257222,-1.057203058680538
ENSG00000075188,-2.08520309972263
ENSG00000185480,0.9137672552518641
ENSG00000281344,1.8955525505766133
ENSG00000283052,NaN
ENSG00000179088,NaN
ENSG00000257762,NaN
ENSG00000136011,NaN
ENSG00000111696,2.9807624560280614
ENSG00000166598,0.9441513373754884
ENSG00000204954,-1.7441207676275092
ENSG00000139372,-0.3803770834815582
ENSG00000120820,NaN
ENSG00000111727,0.9682487574922031
ENSG00000120837,-0.8446024001295577
ENSG00000286258,NaN
ENSG00000198431,0.5466431054079145
ENSG00000257732,0.7467254351241235
ENSG00000255150,1.0429782954287352
ENSG00000171310,2.2774120726949456
ENSG00000136052,1.5839558569843821
ENSG00000286410,NaN
ENSG00000151131,-1.4809355841355405
ENSG00000136010,1.872692210480232
ENSG00000136051,1.0238083270061267
ENSG00000136044,1.4915773843769213
ENSG00000235162,1.2087071516702128
ENSG00000257642,NaN
ENSG00000257859,NaN
ENSG00000074590,1.469075991066443
ENSG00000136026,-0.8781724957964989
ENSG00000277715,NaN
ENSG00000166046,1.2011921595616004
ENSG00000013503,0.004649987982254382
ENSG00000257545,1.3826497428482707
ENSG00000111783,NaN
ENSG00000257711,NaN
ENSG00000257918,NaN
ENSG00000111785,0.35781056528303856
ENSG00000260329,0.614120920529292
ENSG00000151135,-1.6875376509656665
ENSG00000120832,0.2360146819350415
ENSG00000008405,0.4454130816361687
ENSG00000151136,2.450872950958248
ENSG00000136045,-0.5182711138336126
ENSG00000110851,-1
ENSG00000198855,-0.47162661288685725
ENSG00000075856,0.18798861620454654
ENSG00000287202,NaN
ENSG00000136003,-2.277006015469664
ENSG00000110876,2.1628262179075293
ENSG00000257221,3.4953417930450654
ENSG00000110880,-0.636974004550249
ENSG00000084112,0.8410942101931179
ENSG00000166111,NaN
ENSG00000135093,-1.564714241762636
ENSG00000189046,-1.458566527577635
ENSG00000076248,-1.941320256279818
ENSG00000256139,-0.27917728969170746
ENSG00000076555,-0.08372823394069809
ENSG00000174527,NaN
ENSG00000110906,0.005747382217079195
ENSG00000151148,0.39505879851595194
ENSG00000139428,-2.134538854195305
ENSG00000110921,-1.960748004268292
ENSG00000139438,-1.4191557160227293
ENSG00000255650,4.220934217688006
ENSG00000111199,NaN
ENSG00000139433,-0.5438839222685031
ENSG00000139437,-0.6357899789334026
ENSG00000139436,-0.7946276929234045
ENSG00000277299,NaN
ENSG00000076513,1.1429188407784654
ENSG00000174456,0.2570639289582345
ENSG00000122970,1.8021515561636463
ENSG00000174437,4.777370136958606
ENSG00000196510,-0.21094590505938368
ENSG00000111229,-0.7975975633292084
ENSG00000111231,0.1423169405460046
ENSG00000204856,-2.3964869085079155
ENSG00000111237,-1.2601815738947102
ENSG00000196850,-0.318804014698355
ENSG00000204852,-0.6029335497729452
ENSG00000122986,2.095601563241944
ENSG00000186298,-1.5975484745444917
ENSG00000111245,NaN
ENSG00000185847,NaN
ENSG00000111249,-1.321927867880478
ENSG00000198324,-0.13225529612851683
ENSG00000257595,NaN
ENSG00000111252,2.9518245221416883
ENSG00000204842,1.8731337948570106
ENSG00000089234,0.6668874247994837
ENSG00000111271,1.6873637733894367
ENSG00000111275,0.9302700090394311
ENSG00000234608,-0.0465983789689432
ENSG00000089022,0.9838431031705506
ENSG00000198270,2.8682548318303347
ENSG00000089248,-0.1847541394554475
ENSG00000111300,1.5053632131075982
ENSG00000258323,NaN
ENSG00000135148,2.2878643342310054
ENSG00000173064,0.8261739543294035
ENSG00000089009,-0.9843864381787841
ENSG00000179295,0.8766998552789689
ENSG00000089169,0.4543922934881705
ENSG00000089127,-1.2186638000396042
ENSG00000111331,-0.45353367167574815
ENSG00000111344,NaN
ENSG00000123064,-0.7052701480349842
ENSG00000139405,-2.1526326467244035
ENSG00000257286,NaN
ENSG00000166578,-1.5672503196920826
ENSG00000186815,1.815010397949408
ENSG00000277566,NaN
ENSG00000089060,-1.2748040030597376
ENSG00000151176,1.7761628388994082
ENSG00000135094,2.9905731901554886
ENSG00000139410,-0.7247139154979872
ENSG00000249550,-0.9057536182800144
ENSG00000122965,1.828657533825929
ENSG00000257359,NaN
ENSG00000089225,NaN
ENSG00000135111,-0.6853872974606916
ENSG00000257817,1.5046449768993575
ENSG00000123066,4.9004310533519915
ENSG00000258337,0.4699607248396479
ENSG00000258346,-0.7133456617424239
ENSG00000196668,-1.008483112208351
ENSG00000258102,NaN
ENSG00000257883,NaN
ENSG00000111412,-0.017060716089258174
ENSG00000135119,2.554073175115102
ENSG00000135116,4.2137533556808755
ENSG00000174989,1.7592405841226986
ENSG00000257279,2.565094714333262
ENSG00000277840,NaN
ENSG00000088992,0.5404081808952987
ENSG00000258285,NaN
ENSG00000135108,-0.20531232701565805
ENSG00000089250,NaN
ENSG00000171435,0.6961617893375962
ENSG00000111445,-1.0844869016350034
ENSG00000176871,1.2821977708285466
ENSG00000176834,0.8077632691235171
ENSG00000089220,-0.13280559340288212
ENSG00000135090,1.0669772193502112
ENSG00000111707,-2.3305754877642393
ENSG00000275759,NaN
ENSG00000275409,NaN
ENSG00000257095,NaN
ENSG00000152137,-0.9507900247798461
ENSG00000248636,NaN
ENSG00000224982,NaN
ENSG00000111725,-0.7415262174182335
ENSG00000122966,0.33023483849767565
ENSG00000135127,-1.0008410555584568
ENSG00000111737,-0.650820244907981
ENSG00000277283,1.4973722393994275
ENSG00000089154,0.14645517639179736
ENSG00000089157,-1.169585835763548
ENSG00000255857,-1.1600699214403414
ENSG00000089159,0.7295783668703567
ENSG00000275936,NaN
ENSG00000089163,2.454932945246627
ENSG00000170890,NaN
ENSG00000135097,-1.0632580971339902
ENSG00000111775,0.03239063070706692
ENSG00000170855,-1.2116563510703193
ENSG00000257218,0.6105008500199747
ENSG00000111786,0.08357870574111471
ENSG00000088986,-0.7685866101770371
ENSG00000248008,-0.6083711733006286
ENSG00000110871,-1.1211972580545824
ENSG00000022840,0.8179666433038972
ENSG00000167272,-1.0321464725860723
ENSG00000157782,NaN
ENSG00000110917,1.8493534155741533
ENSG00000175970,1.5802332257306027
ENSG00000122971,-0.976334192887734
ENSG00000255946,0.21154312467993122
ENSG00000157837,0.815284355316617
ENSG00000241388,3.7006412013433545
ENSG00000135100,0.08363607385388415
ENSG00000157895,-0.6366907151604141
ENSG00000135114,0.7799149340370609
ENSG00000135124,0.9096181903904199
ENSG00000110931,-0.8247548735183128
ENSG00000089053,-0.8503502605905695
ENSG00000170633,1.3560772277311262
ENSG00000089094,1.7304430678857126
ENSG00000256742,3.057696918533289
ENSG00000276045,-1.8535936485430602
ENSG00000139714,NaN
ENSG00000188735,0.4329552262610134
ENSG00000139725,-2.279059179860836
ENSG00000212694,0.30482664115158786
ENSG00000274292,NaN
ENSG00000139718,0.9691270233831211
ENSG00000158104,-0.5908199504560617
ENSG00000110801,-0.7632829776508349
ENSG00000158023,3.384603210604576
ENSG00000255856,NaN
ENSG00000110987,0.24305388082173252
ENSG00000256546,-1.690900194692426
ENSG00000175727,0.6260117693520163
ENSG00000158113,2.156830204943856
ENSG00000176383,0.11911243204626144
ENSG00000184047,3.4924814872279777
ENSG00000139719,-1.6074321107913714
ENSG00000130779,2.780959036389786
ENSG00000257097,NaN
ENSG00000033030,-1.0163506616856792
ENSG00000111011,-0.8003886587159574
ENSG00000184445,-1.243828015769116
ENSG00000256249,3.595151644102873
ENSG00000139726,1.8543211230250143
ENSG00000130783,-0.8283553896046222
ENSG00000130787,0.12357288629493465
ENSG00000139722,0.7807459870140635
ENSG00000150967,4.918862130649052
ENSG00000111325,1.2334862000346838
ENSG00000182196,0.15447187126308395
ENSG00000090975,2.225436317530901
ENSG00000251497,NaN
ENSG00000051825,2.6640228795476557
ENSG00000130921,-1.4864809106556152
ENSG00000111328,-2.0888796259311424
ENSG00000139697,0.0051443385284984135
ENSG00000256092,-1.4777488644813102
ENSG00000183955,-2.3988658536037604
ENSG00000150977,-0.9354025417743146
ENSG00000184209,0.5827715194172229
ENSG00000188026,2.743759834127672
ENSG00000278112,NaN
ENSG00000247373,-1.4002915656880686
ENSG00000086598,-0.7536042019184924
ENSG00000111364,1.4293116220189297
ENSG00000111361,-1.5190993772646144
ENSG00000111358,-0.3069474249688268
ENSG00000168778,0.5738701063601542
ENSG00000185344,1.4508196840100651
ENSG00000119242,-0.7564927598443194
ENSG00000250091,1.760482746122116
ENSG00000270130,NaN
ENSG00000270048,NaN
ENSG00000179195,-0.6536258332819624
ENSG00000178882,-0.2932092470711359
ENSG00000275389,NaN
ENSG00000196498,0.6659870081710075
ENSG00000073060,1.1193573130429628
ENSG00000287242,2.460093836565217
ENSG00000150991,0.19600839624019165
ENSG00000150990,-0.6681496464956976
ENSG00000184992,1.3143160650629155
ENSG00000280634,NaN
ENSG00000081760,-0.19656877037469633
ENSG00000255595,NaN
ENSG00000286016,NaN
ENSG00000256001,NaN
ENSG00000278266,NaN
ENSG00000181234,NaN
ENSG00000139370,1.3787517378046443
ENSG00000151948,NaN
ENSG00000249196,NaN
ENSG00000111450,1.4910344822974309
ENSG00000256250,NaN
ENSG00000132341,-1.0558636722529124
ENSG00000256151,-0.6667316442427624
ENSG00000230294,NaN
ENSG00000061936,0.3706046177843775
ENSG00000198598,-0.38158027867199074
ENSG00000256955,NaN
ENSG00000177169,2.900114265889688
ENSG00000255992,NaN
ENSG00000177192,-1.0166260025298341
ENSG00000273568,-0.6001340502337092
ENSG00000183495,0.158543678939447
ENSG00000185163,0.9174255653354756
ENSG00000184967,-1.6160747896211567
ENSG00000182870,NaN
ENSG00000112787,-0.17717131904621883
ENSG00000177084,2.2947304567803766
ENSG00000176894,-1.4571611394281783
ENSG00000247077,-1.0022527068649343
ENSG00000176915,0.1293208609188868
ENSG00000090615,-0.030798617288196207
ENSG00000072609,1.4331020239505996
ENSG00000236617,0.11677003976916807
ENSG00000250790,NaN
ENSG00000196458,-0.004149364357288357
ENSG00000198393,3.5393552804231607
ENSG00000198040,-0.6488936355205406
ENSG00000196387,-1.2254473915345359
ENSG00000214029,0.3540758147979185
ENSG00000271963,NaN
ENSG00000256223,0.19408541308242758
ENSG00000090612,0.6890394276351841
ENSG00000279516,6.1594982339549045
ENSG00000231358,NaN
ENSG00000132958,NaN
ENSG00000196199,-0.5588191522772362
ENSG00000226352,NaN
ENSG00000121390,0.2733600441645694
ENSG00000132950,0.9284194760472976
ENSG00000223576,4.95782378154816
ENSG00000275964,-2.952850549988548
ENSG00000121741,0.8637520275667989
ENSG00000165474,NaN
ENSG00000165475,-1.0555699320636966
ENSG00000277020,NaN
ENSG00000032742,0.7265766630309909
ENSG00000278291,-1.0653116329937193
ENSG00000172458,NaN
ENSG00000150456,0.2146210236741021
ENSG00000132953,2.1878774269415913
ENSG00000150457,-0.13163951187773093
ENSG00000233851,1.363326136791502
ENSG00000150459,-0.8765982486394834
ENSG00000165480,-1.0606783393771106
ENSG00000173141,-1.2162457598211218
ENSG00000224429,NaN
ENSG00000180776,0.7692465401976836
ENSG00000165487,1.4273391592949582
ENSG00000276476,0.6444879720071522
ENSG00000262619,NaN
ENSG00000151835,0.33061501177893843
ENSG00000232977,NaN
ENSG00000127863,1.0149935451518253
ENSG00000027001,-1.7566665712960514
ENSG00000205861,-1.3279518447122045
ENSG00000182957,1.9256170278836904
ENSG00000102699,-0.26841446185773815
ENSG00000151849,-0.35976658001081274
ENSG00000151846,NaN
ENSG00000139505,0.9289995406378221
ENSG00000139496,2.382253870484753
ENSG00000132932,NaN
ENSG00000127870,-0.4355783512318015
ENSG00000277368,NaN
ENSG00000132964,-0.3089497073470109
ENSG00000132970,NaN
ENSG00000152484,-1.0052947666506657
ENSG00000232162,NaN
ENSG00000275294,-0.08339784149793819
ENSG00000122026,-0.961941648814635
ENSG00000122034,-1.9709863010936373
ENSG00000122033,-1.5986533311885631
ENSG00000139517,1.5492263045657388
ENSG00000186184,-0.048076480850675694
ENSG00000260704,-0.5773021734302161
ENSG00000165556,NaN
ENSG00000122025,NaN
ENSG00000152520,1.1972149199352888
ENSG00000102755,NaN
ENSG00000132963,-0.9024996787082749
ENSG00000139508,-1.024132879594811
ENSG00000139514,-0.36655089646289923
ENSG00000122042,-0.17335824668190217
ENSG00000102781,1.0672989839330467
ENSG00000236444,NaN
ENSG00000189403,-0.962341058243364
ENSG00000132952,1.388315422501799
ENSG00000132965,-0.748014756590601
ENSG00000224743,NaN
ENSG00000120694,-0.8477484736120076
ENSG00000187676,0.7788768814464838
ENSG00000073910,1.2677806616213496
ENSG00000139618,2.0162361038760115
ENSG00000139597,2.3498735328747173
ENSG00000244754,1.5972869054776044
ENSG00000281026,NaN
ENSG00000083642,0.356390991317581
ENSG00000133116,NaN
ENSG00000133121,0.9131281109714319
ENSG00000236581,NaN
ENSG00000230490,0.6296557582649188
ENSG00000133119,-0.22746819874967855
ENSG00000276672,NaN
ENSG00000271850,NaN
ENSG00000172915,3.1034731975584364
ENSG00000133083,NaN
ENSG00000120669,NaN
ENSG00000242715,-0.8388732900493934
ENSG00000133104,-2.1236307751878956
ENSG00000120664,NaN
ENSG00000133111,0.9810754413101838
ENSG00000120697,-1.800171175275748
ENSG00000120699,-1.5674224670425345
ENSG00000102710,0.4371797808633862
ENSG00000223685,3.6808915889749643
ENSG00000120686,-1.2368964638696993
ENSG00000120685,3.2759308620428325
ENSG00000188811,0.4646918610296583
ENSG00000273507,-2.7855698442834593
ENSG00000183722,-1.7841570724299343
ENSG00000133103,-1.3426762950749596
ENSG00000215483,3.733280337517967
ENSG00000150907,1.8388613969513699
ENSG00000102738,-2.051675010786475
ENSG00000102743,-0.8806327903634135
ENSG00000120690,1.2563182212336423
ENSG00000120688,-1.3878579897432857
ENSG00000165572,-1.8047562353054485
ENSG00000278390,-1.3923771441901303
ENSG00000120696,-0.8055607751506363
ENSG00000120662,-0.4346307770444097
ENSG00000172766,0.8201491981959297
ENSG00000102760,0.3044533384132798
ENSG00000102763,1.884020032504287
ENSG00000102780,2.4220971545149026
ENSG00000023516,-0.3835718557169343
ENSG00000283554,NaN
ENSG00000271216,NaN
ENSG00000120675,0.9496801695301009
ENSG00000120658,0.29244242367068984
ENSG00000151773,-0.568930352394087
ENSG00000179630,0.35078429239072445
ENSG00000233725,NaN
ENSG00000226519,NaN
ENSG00000227258,3.975600363866172
ENSG00000102804,-0.12800400540142554
ENSG00000237585,NaN
ENSG00000276527,NaN
ENSG00000083635,0.33172911668128774
ENSG00000223732,-1.8414611763451625
ENSG00000133114,-0.3144524944113581
ENSG00000188342,0.3741094529530503
ENSG00000133112,-1.0268426882409882
ENSG00000273149,NaN
ENSG00000170919,3.131511631441031
ENSG00000174032,-1.0721467470222894
ENSG00000251015,NaN
ENSG00000136152,2.621295977135928
ENSG00000123200,-0.13544618715555354
ENSG00000235903,1.0776957128225246
ENSG00000080618,NaN
ENSG00000173988,NaN
ENSG00000277228,0.20156427774137445
ENSG00000136141,0.22744186639569644
ENSG00000139684,-1.027872291379403
ENSG00000136143,0.9656296965387644
ENSG00000260388,0.08902363076871038
ENSG00000227848,NaN
ENSG00000136159,-2.177657102694281
ENSG00000276968,NaN
ENSG00000136146,-0.048707293701445074
ENSG00000136156,1.1890091463887558
ENSG00000231473,NaN
ENSG00000139687,1.359689044291961
ENSG00000139679,3.316877138894706
ENSG00000136161,NaN
ENSG00000274929,NaN
ENSG00000152207,NaN
ENSG00000275202,-0.40552508109329555
ENSG00000102531,2.873757291896332
ENSG00000102543,-1.5270496129459745
ENSG00000102547,1.1463971922398093
ENSG00000136169,-1.683705507196662
ENSG00000136147,-0.48064812439900295
ENSG00000136144,0.061245310895092366
ENSG00000123179,-0.6225190811899826
ENSG00000102753,0.7423219881602532
ENSG00000123178,-0.18101265198130756
ENSG00000231607,0.31659728285354194
ENSG00000204977,2.621789890373942
ENSG00000198553,NaN
ENSG00000176124,2.9511157237485355
ENSG00000186047,NaN
ENSG00000233672,NaN
ENSG00000136104,-2.326793102717769
ENSG00000150510,-0.5712213935909967
ENSG00000253309,NaN
ENSG00000102786,1.3767039028332797
ENSG00000236778,0.06041542791419843
ENSG00000139668,0.9695885879760482
ENSG00000102796,0.33416064795309863
ENSG00000231856,0.4171551333373979
ENSG00000123191,-0.7904750156746818
ENSG00000253710,0.6444079896832962
ENSG00000197168,3.3355819036098984
ENSG00000136098,3.2525829884864463
ENSG00000136114,0.9512201503221785
ENSG00000136100,0.7883318380152741
ENSG00000136108,-1.0494812815737622
ENSG00000139675,NaN
ENSG00000273723,0.1456648533685257
ENSG00000165416,-0.11099493805386894
ENSG00000136110,NaN
ENSG00000288015,NaN
ENSG00000139734,0.5665270516275009
ENSG00000227528,NaN
ENSG00000083544,1.523943090190784
ENSG00000227564,NaN
ENSG00000184226,2.301252521927943
ENSG00000234527,NaN
ENSG00000228842,7.074008809866989
ENSG00000225263,NaN
ENSG00000233840,NaN
ENSG00000285588,2.2956560608415284
ENSG00000235221,NaN
ENSG00000150361,NaN
ENSG00000276644,NaN
ENSG00000204899,0.8961499852369771
ENSG00000136122,-1.2465157856061992
ENSG00000083520,-0.4635413055908327
ENSG00000083535,0.3377193431269888
ENSG00000102554,0.5457712740188553
ENSG00000224853,NaN
ENSG00000118922,2.958062262145086
ENSG00000136111,-0.4867943412158552
ENSG00000188243,-1.2149888921044905
ENSG00000118939,-1.2507698720626534
ENSG00000136153,-1.287301425001115
ENSG00000178695,NaN
ENSG00000102805,1.6653057476662803
ENSG00000005812,-1.3581519840487557
ENSG00000236051,NaN
ENSG00000005810,1.0412703349838464
ENSG00000136155,NaN
ENSG00000139737,NaN
ENSG00000225579,NaN
ENSG00000234377,NaN
ENSG00000152192,NaN
ENSG00000152193,0.8509341249877009
ENSG00000139746,0.04643705449877341
ENSG00000227354,NaN
ENSG00000102471,0.9807601577451773
ENSG00000136158,-1.2945354627623618
ENSG00000229309,NaN
ENSG00000286385,-0.05523331278187501
ENSG00000184564,0.3852647169874622
ENSG00000228824,0.8136390459896691
ENSG00000272515,NaN
ENSG00000165300,2.239615524930357
ENSG00000223404,1.3861088363652077
ENSG00000272046,0.6614095587503803
ENSG00000271395,NaN
ENSG00000231674,NaN
ENSG00000215417,0.6105192383461837
ENSG00000179399,NaN
ENSG00000183098,12.343748098066039
ENSG00000088451,1.1873461487157124
ENSG00000152749,-0.7539499960978525
ENSG00000238230,NaN
ENSG00000227640,NaN
ENSG00000125285,NaN
ENSG00000287635,NaN
ENSG00000125257,1.5574978258566565
ENSG00000134874,2.490996393021245
ENSG00000247400,-0.45549169499312736
ENSG00000102580,1.2976903062382459
ENSG00000102595,3.124000053768805
ENSG00000139793,1.9417957249212183
ENSG00000286334,1.074264489110925
ENSG00000286416,-1.0627694028043726
ENSG00000125249,-1.4518481861212151
ENSG00000270725,NaN
ENSG00000065150,-0.5021701543351648
ENSG00000152767,1.0705727158592775
ENSG00000269599,NaN
ENSG00000102572,-0.5138417362793732
ENSG00000224418,NaN
ENSG00000088387,0.5060953539825951
ENSG00000228889,-0.5858848444618506
ENSG00000134882,0.5783794424748046
ENSG00000125245,NaN
ENSG00000125304,1.1197650449036631
ENSG00000280734,-0.5816868383877891
ENSG00000203441,NaN
ENSG00000125246,1.0857975897990693
ENSG00000286757,NaN
ENSG00000139800,2.6182084574772833
ENSG00000043355,-1.7001436891324964
ENSG00000274605,-0.34245210703361156
ENSG00000175198,0.6249563800608
ENSG00000287330,NaN
ENSG00000234650,NaN
ENSG00000134864,-0.30901020543401614
ENSG00000224356,NaN
ENSG00000125247,0.8538924836135663
ENSG00000102452,0.7580417558851913
ENSG00000198542,1.1880926160465255
ENSG00000102466,1.3803165272569122
ENSG00000272143,-1.3684499385044417
ENSG00000134900,-1.8774943897693182
ENSG00000175820,NaN
ENSG00000151287,-1.7607160952378011
ENSG00000134901,-1.3152506452887
ENSG00000134897,-0.6192446530920143
ENSG00000134899,0.4033020276781989
ENSG00000234551,NaN
ENSG00000233532,NaN
ENSG00000125266,-0.18350265710676802
ENSG00000134884,0.3575966897238972
ENSG00000204442,0.7706736579925755
ENSG00000286343,NaN
ENSG00000174405,1.3995081402597649
ENSG00000139826,-0.2756502840184712
ENSG00000102524,-0.557797492230545
ENSG00000041515,1.7538567996993673
ENSG00000236242,-1.605701112149681
ENSG00000275216,0.5845392620980601
ENSG00000223617,1.2314475774551439
ENSG00000285534,NaN
ENSG00000185950,0.7821095519360335
ENSG00000275741,NaN
ENSG00000275830,NaN
ENSG00000287575,NaN
ENSG00000187498,4.278910629924197
ENSG00000134871,0.8897411534663592
ENSG00000139832,0.14069575381531055
ENSG00000213995,-1.587387881729802
ENSG00000134905,-1.9063191989132815
ENSG00000153487,-1.7048262948581634
ENSG00000088448,1.8498711286814402
ENSG00000229152,NaN
ENSG00000102606,0.44577015821525845
ENSG00000153495,NaN
ENSG00000126216,4.5153481877917345
ENSG00000274922,NaN
ENSG00000068650,4.130121630954454
ENSG00000126217,4.342439508884343
ENSG00000235280,NaN
ENSG00000126226,-1.641747307390532
ENSG00000139842,0.3499870517407099
ENSG00000185896,1.751938947734213
ENSG00000139835,1.2887964861905432
ENSG00000276434,NaN
ENSG00000225083,NaN
ENSG00000153531,-1.8485011072427042
ENSG00000150401,0.16173746394579547
ENSG00000150403,-1.8020638214697413
ENSG00000276248,1.4404434351775177
ENSG00000198176,0.136128315862681
ENSG00000184497,-0.18887729108356027
ENSG00000233695,2.3661344492278715
ENSG00000183087,-1.918905890733428
ENSG00000185989,-0.031833919241229094
ENSG00000130177,-1.1535330559602388
ENSG00000169062,-1.0587902692971876
ENSG00000198824,-1.102337351032561
ENSG00000258314,-0.3500992921934016
ENSG00000274827,NaN
ENSG00000187537,NaN
ENSG00000136319,0.1047161848421751
ENSG00000258768,NaN
ENSG00000100814,-0.06017713698701175
ENSG00000287735,NaN
ENSG00000259001,2.7841482960517534
ENSG00000129484,0.2621818374915893
ENSG00000254846,NaN
ENSG00000129566,-1.5230288754173558
ENSG00000092094,-0.5459839500187464
ENSG00000100823,-0.7462555954759056
ENSG00000165782,0.17768079416614835
ENSG00000198805,-2.6867427124268914
ENSG00000258908,2.6283156953332014
ENSG00000214274,0.08306861865473754
ENSG00000258818,-1.754875022416487
ENSG00000258451,NaN
ENSG00000165792,2.1743957262221763
ENSG00000258471,NaN
ENSG00000165795,-1.391785800071794
ENSG00000165801,-0.35822070083670643
ENSG00000165804,-0.5336260497473481
ENSG00000232070,1.314615550234069
ENSG00000178107,-0.169396586550764
ENSG00000258441,-0.9160428318673535
ENSG00000092199,-0.5329231188826222
ENSG00000092200,3.1056251967512574
ENSG00000092201,0.09806932927736145
ENSG00000100888,-0.617205982736914
ENSG00000129472,1.9437353769360124
ENSG00000092203,-0.5862196286374804
ENSG00000165819,1.591977916256201
ENSG00000165821,3.9075182823166
ENSG00000129562,-0.3078907038732566
ENSG00000100439,1.756687882151431
ENSG00000258458,-0.44597627876699353
ENSG00000155463,-1.2806699269974344
ENSG00000155465,0.6143727881241203
ENSG00000172590,-1.2980551528560695
ENSG00000197324,-1.5768042151889308
ENSG00000100461,0.6711972849557867
ENSG00000237054,NaN
ENSG00000100462,-1.333867391317329
ENSG00000257285,-0.2174300416334209
ENSG00000092036,-1.7981733591476274
ENSG00000129474,-1.9428484139335456
ENSG00000258457,0.3484757024279671
ENSG00000100802,0.8702491652030127
ENSG00000100804,-0.32691957192944243
ENSG00000139880,-0.6246488504534509
ENSG00000100813,-0.7695403904471617
ENSG00000179933,-1.8797004850830266
ENSG00000092068,NaN
ENSG00000215277,NaN
ENSG00000215271,0.21844999443730184
ENSG00000235194,1.0306855871337914
ENSG00000129473,0.5257149640889833
ENSG00000258643,-0.14400530074049298
ENSG00000100836,-0.011754952248132411
ENSG00000092096,1.712781561527585
ENSG00000129460,-2.2022677466345146
ENSG00000157306,-0.5581815203389752
ENSG00000136367,1.5597745461697694
ENSG00000259431,NaN
ENSG00000213983,1.1332954873709986
ENSG00000258727,0.5002042428624246
ENSG00000100867,0.7286061649747712
ENSG00000215256,1.5345978854986693
ENSG00000157326,2.606070857853637
ENSG00000187630,-1.1966150267477378
ENSG00000286931,1.0501367934995163
ENSG00000186648,NaN
ENSG00000129535,0.006718116206024685
ENSG00000100889,1.5370145758056823
ENSG00000100897,1.028167358303356
ENSG00000092010,-1.3770388709573285
ENSG00000100908,-2.114912092682035
ENSG00000259321,NaN
ENSG00000100911,-1.2768426500542538
ENSG00000092098,-0.13104810079649293
ENSG00000213928,-0.2612750294928457
ENSG00000100918,-1.0676367730820986
ENSG00000196497,0.5835143926823068
ENSG00000287765,NaN
ENSG00000100926,-1.0063412379871055
ENSG00000278784,1.6732248022936813
ENSG00000254505,-0.9263397752405167
ENSG00000213920,-0.4433596188005929
ENSG00000129559,-0.896803918028515
ENSG00000100938,-0.9780599404773762
ENSG00000092330,-1.8086817522753866
ENSG00000100949,1.2996505515143508
ENSG00000288044,-0.22768486591738288
ENSG00000157379,-0.686118026005075
ENSG00000196943,-1.7539032356923783
ENSG00000136305,NaN
ENSG00000213903,-1.2978243546611772
ENSG00000100968,NaN
ENSG00000100441,0.8822241481481712
ENSG00000100445,1.0417812063830423
ENSG00000258744,-3.2802705563174372
ENSG00000258657,NaN
ENSG00000168952,0.9169797575282179
ENSG00000139910,2.251558396780658
ENSG00000258081,NaN
ENSG00000257845,NaN
ENSG00000286479,NaN
ENSG00000257869,0.5627261148113206
ENSG00000258175,NaN
ENSG00000286040,NaN
ENSG00000184304,1.9396240433063863
ENSG00000257636,NaN
ENSG00000092140,0.4564277525063035
ENSG00000092108,0.7677720512222284
ENSG00000100473,-1.261760634004564
ENSG00000258525,1.944496375077693
ENSG00000196792,1.0910009012000768
ENSG00000100478,0.5432139232610609
ENSG00000092148,1.347221930135779
ENSG00000257831,NaN
ENSG00000129493,1.7010964305184224
ENSG00000250365,-1.9718718000111395
ENSG00000129480,-0.05998682338500595
ENSG00000151413,2.75951931788923
ENSG00000258474,-0.19722438161539715
ENSG00000258386,0.7578610092556566
ENSG00000258655,-0.7692579629014871
ENSG00000100852,1.2783212751637034
ENSG00000151320,-0.9234590193512773
ENSG00000258580,NaN
ENSG00000151322,1.3971930481068016
ENSG00000129521,-0.679053590961092
ENSG00000165389,-0.7264212289315175
ENSG00000129518,-0.7897645241625301
ENSG00000129515,1.4563330378753996
ENSG00000165410,-0.9453300738072562
ENSG00000198604,0.2067462892434591
ENSG00000258738,NaN
ENSG00000100883,0.31162255544519857
ENSG00000151327,-0.2669877922813633
ENSG00000092020,-1.1415060279386926
ENSG00000100890,0.5611233857327513
ENSG00000100902,-0.1302041514574329
ENSG00000100906,-0.37802968144870874
ENSG00000259017,NaN
ENSG00000174373,0.09492179192931033
ENSG00000258938,NaN
ENSG00000100916,-0.16659504907819497
ENSG00000258342,NaN
ENSG00000259104,NaN
ENSG00000151332,-0.6702980725394053
ENSG00000136327,-0.2859710986556327
ENSG00000198807,-1.1458680130876
ENSG00000183032,0.051982337419427774
ENSG00000258708,-0.30763105838689114
ENSG00000151338,2.409925985755425
ENSG00000259087,NaN
ENSG00000258414,-1.5336233641157315
ENSG00000129514,-1.0344630421856877
ENSG00000139865,4.1728040933044435
ENSG00000100934,1.1682732658615025
ENSG00000092208,-0.08986689904277775
ENSG00000182400,0.128944259132019
ENSG00000285830,NaN
ENSG00000100941,0.4726312054390477
ENSG00000150527,1.2269611958434417
ENSG00000258940,NaN
ENSG00000165355,2.915559748101707
ENSG00000258526,1.6703768213759824
ENSG00000251363,NaN
ENSG00000165379,NaN
ENSG00000258969,0.5865635869377217
ENSG00000258633,NaN
ENSG00000179476,-0.5598220079623003
ENSG00000179454,2.805146749131287
ENSG00000198718,0.7618543368692801
ENSG00000185246,1.3153108865653589
ENSG00000100442,0.3502676443492539
ENSG00000187790,0.626693359126843
ENSG00000129534,1.6570709443824425
ENSG00000260046,NaN
ENSG00000257900,NaN
ENSG00000139915,0.2698917631064627
ENSG00000213741,-1.2202114707244605
ENSG00000165501,-0.6798005315920267
ENSG00000165502,-0.5917440983580432
ENSG00000168282,-1.3854985410279164
ENSG00000258377,NaN
ENSG00000165506,-2.003629133076187
ENSG00000258450,NaN
ENSG00000100479,2.441416952565882
ENSG00000197776,-1.6308948380078843
ENSG00000165516,0.3492698850325728
ENSG00000165525,0.34703248656804847
ENSG00000282885,0.5271229931864272
ENSG00000278002,-0.418853467973216
ENSG00000165527,-1.8087189665939036
ENSG00000214900,-0.3823364424477651
ENSG00000100483,0.6832931871287289
ENSG00000100485,-0.3550172351897721
ENSG00000087299,-0.5201801946492989
ENSG00000125375,-0.12859503383931428
ENSG00000100490,-0.2844227255156147
ENSG00000258857,NaN
ENSG00000012983,0.9049845592482502
ENSG00000198513,-0.5844927482374587
ENSG00000151748,-1.179064711420836
ENSG00000269906,0.7995065151350442
ENSG00000100503,0.1717486479715914
ENSG00000270062,NaN
ENSG00000100504,-1.302703126213678
ENSG00000258711,NaN
ENSG00000100505,0.08925413547851195
ENSG00000139921,0.4319974306812072
ENSG00000258955,NaN
ENSG00000258479,NaN
ENSG00000258537,NaN
ENSG00000139926,0.7313532654243671
ENSG00000273888,-0.9053887380728411
ENSG00000186469,0.7273699805882158
ENSG00000087302,-0.9602564597279142
ENSG00000087303,-0.8084985074293084
ENSG00000125384,NaN
ENSG00000087301,-0.628063285714135
ENSG00000180998,NaN
ENSG00000197930,-0.2897712588362878
ENSG00000258757,-1.4493862001591153
ENSG00000100519,-0.02745488367721047
ENSG00000198252,2.230920540244621
ENSG00000100522,-1.651680402091327
ENSG00000285664,4.057043815454009
ENSG00000073712,-0.41350104267958704
ENSG00000288045,NaN
ENSG00000100523,-0.005987806498139916
ENSG00000237356,3.5635096988763455
ENSG00000235269,1.3714289165977058
ENSG00000125378,0.6843495200576053
ENSG00000100526,-1.458625337654217
ENSG00000100528,-1.2346308035997764
ENSG00000197045,-2.964263384283494
ENSG00000100532,-1.628455394504798
ENSG00000020577,1.2721135634113336
ENSG00000131979,-0.224041789165014
ENSG00000198554,1.1583173635737019
ENSG00000180008,0.47166813468774105
ENSG00000168175,-0.3307488021531674
ENSG00000131981,-0.00621938113696034
ENSG00000126787,-1.644246459343259
ENSG00000178974,-1.1492538180505703
ENSG00000258455,NaN
ENSG00000126775,-0.6873810626647542
ENSG00000186615,0.9706634834999116
ENSG00000126777,0.801685019592946
ENSG00000258784,-0.21979759777382865
ENSG00000259868,-1.2579897228978094
ENSG00000139946,-1.18110927541403
ENSG00000259719,NaN
ENSG00000070269,1.0703294285934586
ENSG00000286257,NaN
ENSG00000070367,1.5712149494221068
ENSG00000053770,-0.8226466768578437
ENSG00000139977,0.5925383301270009
ENSG00000100557,0.49988983389974095
ENSG00000139971,1.7016763794775642
ENSG00000131966,-0.3623845488788194
ENSG00000100567,-1.52322320909641
ENSG00000257621,-0.46211832023277594
ENSG00000032219,1.412373708559772
ENSG00000258658,2.4882260245825716
ENSG00000196860,NaN
ENSG00000258378,0.09359831974690012
ENSG00000100575,-1.6253315750909796
ENSG00000100578,0.4227342150429938
ENSG00000165617,NaN
ENSG00000258583,NaN
ENSG00000100592,0.39031566246948035
ENSG00000181619,0.28925522523907654
ENSG00000126790,-2.8519002539839198
ENSG00000050130,-0.6604611346252524
ENSG00000151838,NaN
ENSG00000139970,NaN
ENSG00000258553,3.9224649647020704
ENSG00000126773,3.977951796626578
ENSG00000100612,-0.2676784123215857
ENSG00000100614,2.202523470886557
ENSG00000126778,-0.8510877096446517
ENSG00000100625,-0.12087685175781515
ENSG00000020426,-0.05247221328764942
ENSG00000126814,-0.6808019372602888
ENSG00000139974,0.9681054151917692
ENSG00000027075,0.12859201391487504
ENSG00000182107,NaN
ENSG00000247287,-0.3519044846009264
ENSG00000250548,-0.7434085181857376
ENSG00000232774,2.53605381329095
ENSG00000258777,-0.8967950076197365
ENSG00000100644,1.58944461679279
ENSG00000258667,2.5013940176434044
ENSG00000023608,-0.13715330717943142
ENSG00000139973,0.4244086052096592
ENSG00000140015,NaN
ENSG00000154001,0.29763250926192697
ENSG00000140006,3.338716573324917
ENSG00000274015,-0.7187251617044852
ENSG00000126821,1.706203855034998
ENSG00000054654,0.896133168428818
ENSG00000140009,2.8620367846785912
ENSG00000214770,2.040897477949569
ENSG00000100714,-0.1882789494809305
ENSG00000258824,1.5152642565862304
ENSG00000089775,-0.8698726655499023
ENSG00000179841,NaN
ENSG00000126804,1.963499725919769
ENSG00000259116,1.6068121108281372
ENSG00000126803,-1.2685559436436462
ENSG00000165807,0.8201911081953981
ENSG00000126822,1.0031258182260163
ENSG00000070182,1.5871362828126296
ENSG00000258289,-0.8223772728985947
ENSG00000176153,3.6056952288918525
ENSG00000139998,-1.6751372913633338
ENSG00000257365,2.4582554475848246
ENSG00000125952,1.7051784949433921
ENSG00000259118,-0.353424641951896
ENSG00000258760,NaN
ENSG00000033170,0.6126095311665785
ENSG00000276116,1.1667773919871574
ENSG00000258561,0.3087712760443273
ENSG00000171723,2.3883231813492394
ENSG00000172717,NaN
ENSG00000072415,2.4016667718998947
ENSG00000286319,3.1946899972054466
ENSG00000100554,-0.8855441217753149
ENSG00000134001,-1.6074339435468126
ENSG00000100558,-0.5678753594871027
ENSG00000198133,NaN
ENSG00000054690,2.445127248130283
ENSG00000100564,-0.006093150383950058
ENSG00000081181,4.048284607413169
ENSG00000286861,4.960341387938421
ENSG00000100568,-0.9346058113266316
ENSG00000072042,1.5177000547467032
ENSG00000072121,-0.8435934389025144
ENSG00000182185,1.4572871507764746
ENSG00000258837,NaN
ENSG00000185650,2.660229532363482
ENSG00000072110,3.113149852195365
ENSG00000259062,2.584019722771538
ENSG00000139990,3.003889461501741
ENSG00000258957,4.155251911872901
ENSG00000081177,2.5240210902723397
ENSG00000258520,0.23853344421029357
ENSG00000100626,-0.5225445840215247
ENSG00000100632,-1.1182975451362236
ENSG00000029364,1.0680142673540105
ENSG00000175985,NaN
ENSG00000100647,-0.182830817408075
ENSG00000100650,0.6290410096641808
ENSG00000100652,3.786312844596355
ENSG00000198732,0.9853136085216117
ENSG00000258422,NaN
ENSG00000259033,1.8067136855103307
ENSG00000133983,-1.5352182654279418
ENSG00000213463,1.4745517813642919
ENSG00000257759,-0.38860983374047076
ENSG00000133997,-0.9896858695406732
ENSG00000133985,-1.2139642002305786
ENSG00000006432,-0.5058910407996109
ENSG00000259153,-1.669287407455354
ENSG00000275630,NaN
ENSG00000274818,NaN
ENSG00000100731,1.021704429462188
ENSG00000287643,NaN
ENSG00000259146,NaN
ENSG00000197555,1.0948526825929825
ENSG00000182732,NaN
ENSG00000205683,NaN
ENSG00000119599,-1.476083542100876
ENSG00000165861,0.37951685126472207
ENSG00000119707,0.45945146643146767
ENSG00000080815,3.733657898887588
ENSG00000100767,1.536894662095375
ENSG00000258944,2.395316689605688
ENSG00000133961,3.916330576855306
ENSG00000251393,2.2747994463882772
ENSG00000187105,2.5872032411427863
ENSG00000170468,-1.0461750088328496
ENSG00000258695,NaN
ENSG00000184227,-0.17296215402322931
ENSG00000258603,-0.6741844815406821
ENSG00000119673,-0.6720747176744235
ENSG00000177465,-0.8520000690417027
ENSG00000119661,0.566330321261111
ENSG00000176903,-1.5403874333833973
ENSG00000156030,1.5150108358532455
ENSG00000259065,-1.4357182330479386
ENSG00000258586,-0.8052149359064268
ENSG00000140043,1.0141625720888807
ENSG00000273711,0.5826391229816346
ENSG00000119725,-0.38628026894387807
ENSG00000258891,4.964319230284534
ENSG00000156050,-1.130183911609298
ENSG00000119723,-1.8803686189611288
ENSG00000187097,0.31079444127918743
ENSG00000119636,0.7414441264477762
ENSG00000119711,-0.2206530138007859
ENSG00000205659,-0.01874309774908901
ENSG00000119688,-0.5350536598321384
ENSG00000258559,NaN
ENSG00000119655,-0.19341966720477752
ENSG00000165898,-1.2716637401331665
ENSG00000119681,0.9158495309861688
ENSG00000258976,NaN
ENSG00000119682,2.563857879251929
ENSG00000119616,-0.12754620943755118
ENSG00000119596,2.052737415905643
ENSG00000119689,1.4778353832724307
ENSG00000198208,NaN
ENSG00000119630,NaN
ENSG00000119718,-0.5643346456515458
ENSG00000258646,6.454859219711194
ENSG00000119684,1.723105120423496
ENSG00000119640,-0.550583414081138
ENSG00000119703,-0.07951102800237328
ENSG00000119638,-1.4257274350975682
ENSG00000259138,-0.6954015629078882
ENSG00000170348,2.231093859671533
ENSG00000258740,-0.8639916275553705
ENSG00000170345,1.166545273013778
ENSG00000259687,-0.7795133461618814
ENSG00000140044,-0.39412834458927665
ENSG00000156127,NaN
ENSG00000119686,2.2163662494255485
ENSG00000119685,1.4283087244069752
ENSG00000133935,-1.5384587290302092
ENSG00000259103,2.3235257119381023
ENSG00000119650,0.5520973927554476
ENSG00000119699,NaN
ENSG00000283629,NaN
ENSG00000089916,1.3058609272498416
ENSG00000258454,NaN
ENSG00000119715,1.6039988936934433
ENSG00000258569,NaN
ENSG00000071246,0.9067555783479259
ENSG00000258301,2.9783865876478806
ENSG00000013523,0.24570006167178865
ENSG00000285966,NaN
ENSG00000258602,-3.1155261723557217
ENSG00000119669,-1.6926114614905197
ENSG00000273729,NaN
ENSG00000246548,-0.7837326750599825
ENSG00000258473,NaN
ENSG00000198894,-0.7629845831871847
ENSG00000165548,0.9859268198931728
ENSG00000165553,NaN
ENSG00000009830,2.119747199950931
ENSG00000100577,-0.7167372159481066
ENSG00000100580,1.7632821650554302
ENSG00000100583,0.47582114903722783
ENSG00000165555,1.4013753384661718
ENSG00000151445,-0.3655966161359644
ENSG00000100591,-1.2990041976592361
ENSG00000100593,NaN
ENSG00000100596,1.010536728912297
ENSG00000100601,-0.4601117686923227
ENSG00000119705,-0.9313638080112062
ENSG00000100603,-0.21274864713013358
ENSG00000197734,-1.8777635371369945
ENSG00000063761,2.6327970927621025
ENSG00000021645,0.011997289872426032
ENSG00000211448,0.18211774121043053
ENSG00000258766,-1.2322026311161773
ENSG00000100629,1.1167936510700998
ENSG00000284959,-0.014733168915089355
ENSG00000286686,NaN
ENSG00000165417,-0.8053304778123876
ENSG00000273783,NaN
ENSG00000140022,-1.0762651544927135
ENSG00000071537,2.2308068046810234
ENSG00000205562,NaN
ENSG00000258945,NaN
ENSG00000185070,0.14467769244942177
ENSG00000258733,-0.23269262743510832
ENSG00000258912,NaN
ENSG00000054983,-0.33700263016789667
ENSG00000258867,0.7071368253672846
ENSG00000258975,NaN
ENSG00000100433,NaN
ENSG00000042317,0.13049260402815333
ENSG00000070778,0.03872679996885275
ENSG00000258983,NaN
ENSG00000100722,0.8186553509561033
ENSG00000278576,3.3368244720999853
ENSG00000165521,0.9210740930843134
ENSG00000165533,0.7359507968426505
ENSG00000053254,-0.12474364964144981
ENSG00000258752,NaN
ENSG00000258920,-1.279015567234821
ENSG00000258792,NaN
ENSG00000140025,-0.2026657959944239
ENSG00000042088,-1.7320408393057445
ENSG00000152315,NaN
ENSG00000100764,-0.7663432837738566
ENSG00000119720,0.6750520672908628
ENSG00000287437,NaN
ENSG00000275198,NaN
ENSG00000198668,-0.40375221884125667
ENSG00000165914,1.9648522915187934
ENSG00000100784,1.1633914510990924
ENSG00000133943,-0.5822346354569844
ENSG00000015133,0.9874781948815979
ENSG00000100796,-0.1849487610995202
ENSG00000133962,0.9105366681926672
ENSG00000260711,NaN
ENSG00000165929,0.5171276499982339
ENSG00000140092,-1.0670670397916326
ENSG00000100815,-1.3504382113272961
ENSG00000066427,0.5907242054295203
ENSG00000183648,-0.3064745305641485
ENSG00000165934,0.7916435612728452
ENSG00000100599,2.0185293223891545
ENSG00000100600,-0.338031740198357
ENSG00000066455,1.1650527150730534
ENSG00000100604,-0.6910470853353344
ENSG00000100605,1.411476321775381
ENSG00000165943,-0.8752135773687232
ENSG00000153485,-2.240495357006582
ENSG00000170270,-1.9820315659390768
ENSG00000012963,-1.0779942440270833
ENSG00000011114,-0.0880865738777537
ENSG00000133958,NaN
ENSG00000175785,NaN
ENSG00000089723,2.071353311215212
ENSG00000089737,1.1721863680663338
ENSG00000165948,-0.3847964701235579
ENSG00000165949,0.5075941379340566
ENSG00000119632,-0.6732707493704998
ENSG00000170099,-0.8176674148422975
ENSG00000188488,NaN
ENSG00000288028,NaN
ENSG00000196136,0.47010207508769264
ENSG00000133937,NaN
ENSG00000100697,-0.2758697444189525
ENSG00000235706,-0.7699079503153572
ENSG00000165959,-2.6075220874419944
ENSG00000247092,-0.9491698921932561
ENSG00000182512,-1.0644946013632783
ENSG00000227051,0.6058210297283384
ENSG00000168398,0.9068424761122786
ENSG00000100739,-1.0401656120923748
ENSG00000258793,1.7509239030041663
ENSG00000066739,0.036222123395868715
ENSG00000100744,-1.8492600346991965
ENSG00000140057,-1.5400954096350072
ENSG00000260806,-0.43834949795671285
ENSG00000090060,-0.09911435703207706
ENSG00000258702,NaN
ENSG00000258979,NaN
ENSG00000100749,-0.05118431555065201
ENSG00000225163,-0.39371052921771615
ENSG00000127152,0.6373435495831682
ENSG00000183576,0.9664045527538426
ENSG00000090061,-0.5852651336248315
ENSG00000205476,-1.4480272716546054
ENSG00000182218,NaN
ENSG00000036530,NaN
ENSG00000066629,0.28014963283803557
ENSG00000196405,2.127934143822253
ENSG00000258560,1.2212809578482708
ENSG00000168350,-0.42318938030904624
ENSG00000258982,0.15488247252624635
ENSG00000100811,-1.355626515461388
ENSG00000259052,NaN
ENSG00000197119,2.1687876611544663
ENSG00000258666,NaN
ENSG00000140105,0.6178215843025529
ENSG00000176473,4.936683279561342
ENSG00000183092,-0.5471204993962325
ENSG00000214548,0.3671159734434421
ENSG00000258663,NaN
ENSG00000225746,0.9930753748870994
ENSG00000223403,NaN
ENSG00000258498,0.2484362622650369
ENSG00000258512,NaN
ENSG00000078304,2.555910751595862
ENSG00000259088,NaN
ENSG00000256705,NaN
ENSG00000271780,2.2970209629016223
ENSG00000197102,5.121175255948862
ENSG00000080824,-1.0214018130505615
ENSG00000140153,1.4570026796080287
ENSG00000080823,0.939845567215218
ENSG00000022976,1.2482260718161275
ENSG00000100865,-2.236620678860837
ENSG00000196663,1.722688925487544
ENSG00000156381,1
ENSG00000259230,NaN
ENSG00000089902,1.5493572087020562
ENSG00000131323,0.9667876854201161
ENSG00000198752,-0.4772859705023529
ENSG00000259515,-1.909523810105769
ENSG00000205436,-0.7222293487419161
ENSG00000185215,-1.9354926380836208
ENSG00000100664,0.9711417746646781
ENSG00000075413,3.9098895533630493
ENSG00000166165,-0.8318054219206256
ENSG00000260285,NaN
ENSG00000166166,0.05165350167370019
ENSG00000258851,NaN
ENSG00000166170,-0.638415896469546
ENSG00000126214,-1.2984469732815953
ENSG00000256053,-1.4133497054923614
ENSG00000246451,5.505798847582734
ENSG00000269910,1.9656103304576382
ENSG00000269940,5.978761573480635
ENSG00000269958,1.8972075492850302
ENSG00000126215,0.1672206834099981
ENSG00000100711,-0.4346860943840321
ENSG00000088808,1.9834356641804083
ENSG00000258735,0.41374103094033404
ENSG00000258534,NaN
ENSG00000287346,NaN
ENSG00000156411,-0.6897179917645848
ENSG00000156414,NaN
ENSG00000066735,1.998865874330321
ENSG00000288459,-0.4248125456048175
ENSG00000258986,NaN
ENSG00000260792,NaN
ENSG00000203485,-1.3116697380873295
ENSG00000185100,3.6719875887527786
ENSG00000184990,-0.5149573381315888
ENSG00000142208,-1.951023417214332
ENSG00000179627,NaN
ENSG00000258701,NaN
ENSG00000258593,4.061773757847741
ENSG00000099814,3.398330161501893
ENSG00000166428,NaN
ENSG00000185567,-0.46001300499247605
ENSG00000140104,1.186463328217517
ENSG00000170779,-2.0564046750818363
ENSG00000183484,NaN
ENSG00000257556,-1.2786808908229885
ENSG00000286636,NaN
ENSG00000184916,0.16930047521458635
ENSG00000183828,-1.6474073769597972
ENSG00000185024,1.2309729445125388
ENSG00000184887,-1.3170086720299243
ENSG00000179364,0.5081009954904646
ENSG00000226174,3.628285391582454
ENSG00000251602,2.9299793494786943
ENSG00000182979,-1.2319381657550872
ENSG00000257270,NaN
ENSG00000182809,-1.9889526096490895
ENSG00000213145,0.07381270417620493
ENSG00000185347,0.7682681382614297
ENSG00000184986,1.0645044570145472
ENSG00000258654,NaN
ENSG00000260409,NaN
ENSG00000258710,-1.6754708288723918
ENSG00000247765,NaN
ENSG00000284500,-0.10818982090732558
ENSG00000274102,NaN
ENSG00000274253,0.323793254471822
ENSG00000170113,-1.4299105955019513
ENSG00000140157,-0.6290476910672239
ENSG00000273749,0.050238556377847327
ENSG00000275835,-1.7213002461118971
ENSG00000179455,-1.2331023821096552
ENSG00000128739,-1.4100580045580138
ENSG00000273173,NaN
ENSG00000224078,0.952999994209607
ENSG00000114062,-0.7797489077152503
ENSG00000206190,2.4559866716160395
ENSG00000274307,NaN
ENSG00000166206,2.898319122110285
ENSG00000278840,0.5877193741076305
ENSG00000186297,-0.6313749431261073
ENSG00000182256,0.8015100534392289
ENSG00000228740,NaN
ENSG00000104044,NaN
ENSG00000128731,2.436595228800698
ENSG00000188626,NaN
ENSG00000261480,NaN
ENSG00000034053,-0.2995070018601698
ENSG00000104059,-1.1632214835563777
ENSG00000185115,0.11082495614512787
ENSG00000256802,-0.1896385933323092
ENSG00000104067,0.9402930914139974
ENSG00000259644,-1.032716574380685
ENSG00000259523,NaN
ENSG00000261247,NaN
ENSG00000225930,NaN
ENSG00000166664,NaN
ENSG00000186399,NaN
ENSG00000270055,-0.6195486879564401
ENSG00000178115,NaN
ENSG00000261794,NaN
ENSG00000247728,NaN
ENSG00000285077,0.40638307220943815
ENSG00000284906,1.646552173576429
ENSG00000198690,2.0665206174576474
ENSG00000166912,0.5679153013068338
ENSG00000134160,NaN
ENSG00000259448,-1.005346499530755
ENSG00000259772,-1.8937419426861006
ENSG00000169926,-0.7714386277002463
ENSG00000169918,-1.070679242390174
ENSG00000175344,NaN
ENSG00000261064,-0.9056720683627082
ENSG00000276724,NaN
ENSG00000244952,NaN
ENSG00000198826,-0.6995899704256285
ENSG00000285948,1.889067485032106
ENSG00000166922,1.4175052624675717
ENSG00000166923,3.9109839851994144
ENSG00000248905,3.446304953752087
ENSG00000198838,NaN
ENSG00000276702,NaN
ENSG00000259408,-0.7527082748477576
ENSG00000259287,-1.109023083341688
ENSG00000169857,-0.597108251986333
ENSG00000184984,2.6145479632957658
ENSG00000134153,0.8955860277839602
ENSG00000182405,2.498739894094657
ENSG00000134152,0.9462855749530299
ENSG00000128463,-1.1510902669480272
ENSG00000140199,0.561595601805567
ENSG00000259468,NaN
ENSG00000182117,-0.8389125557839802
ENSG00000176454,0.546948279046915
ENSG00000175265,0.7227182466946216
ENSG00000215252,1.9716487354546557
ENSG00000250007,NaN
ENSG00000021776,-0.6140387420504642
ENSG00000198146,-0.9386603102721154
ENSG00000259336,0.09208286843842835
ENSG00000134146,3.24335820751503
ENSG00000248079,1.268399312683773
ENSG00000259245,NaN
ENSG00000186073,2.8680148542870696
ENSG00000261191,NaN
ENSG00000134138,1.5377130766923863
ENSG00000274444,NaN
ENSG00000259380,NaN
ENSG00000166068,-0.31073897727185196
ENSG00000171262,-0.27396892386425076
ENSG00000172575,0.8305327665867678
ENSG00000175779,3.9308055045586063
ENSG00000259345,0.041962663670271745
ENSG00000137801,0.3719294795762956
ENSG00000276107,3.5532640648116276
ENSG00000150667,0.7831673087764046
ENSG00000261136,NaN
ENSG00000166073,3.4196815212341996
ENSG00000128829,-1.1351000444786448
ENSG00000140319,-0.5977827982932856
ENSG00000248508,-1.2491503751011093
ENSG00000156970,-0.4203211848129424
ENSG00000137843,0.5091631097337551
ENSG00000260648,NaN
ENSG00000259330,-0.8698924862667128
ENSG00000188549,0.6876139433034945
ENSG00000128944,2.480255842316004
ENSG00000128928,-1.0356047369649193
ENSG00000140320,0.01600951647790777
ENSG00000169105,1.2140283223552146
ENSG00000259536,NaN
ENSG00000128891,-1.0981213117390962
ENSG00000166133,-1.4443824257701992
ENSG00000137812,-0.9443903162099846
ENSG00000245849,1.068453340365713
ENSG00000051180,-2.144247014904314
ENSG00000137824,-0.7950210796204789
ENSG00000137880,-1.888155949820686
ENSG00000104129,0.49588522360878473
ENSG00000166140,-2.2674710124137216
ENSG00000166143,-1.6945437548950244
ENSG00000104140,-0.17464469149564354
ENSG00000274798,NaN
ENSG00000104142,-1.3524799075563256
ENSG00000128965,-1.5439195746409466
ENSG00000128908,1.8750617027614995
ENSG00000259617,0.9223304922407702
ENSG00000259463,NaN
ENSG00000259521,NaN
ENSG00000178997,NaN
ENSG00000187446,0.3001794707271557
ENSG00000247556,0.2850640079780088
ENSG00000104147,-1.4347241243124464
ENSG00000137804,-1.0756864079151762
ENSG00000259396,NaN
ENSG00000137806,0.3319436028979988
ENSG00000137815,-1.761725025189437
ENSG00000137825,NaN
ENSG00000103932,0.662164922524945
ENSG00000092445,0.4757513602147296
ENSG00000260926,NaN
ENSG00000174197,0.02225523519108883
ENSG00000137802,0.7854326296787456
ENSG00000243789,-0.16346132532574845
ENSG00000243708,NaN
ENSG00000137877,NaN
ENSG00000103966,0.12031478553411354
ENSG00000259883,NaN
ENSG00000166887,3.7503375064027793
ENSG00000261002,NaN
ENSG00000103978,-0.08212509656957975
ENSG00000214013,1.3741713652150171
ENSG00000092529,-1.1149710544353542
ENSG00000103994,2.64085331458926
ENSG00000092531,-1.2759661217567468
ENSG00000261684,-0.13927833323995337
ENSG00000180979,0.6077741697250734
ENSG00000137814,-0.8985552630699275
ENSG00000261822,NaN
ENSG00000159433,0.8919918495098335
ENSG00000140326,3.1282426295735206
ENSG00000128881,0.9366790284902048
ENSG00000159459,-0.16747978807316527
ENSG00000285080,2.013760699009041
ENSG00000137842,-1.1212738580754233
ENSG00000166946,-1.8306419918287093
ENSG00000168806,0.21770315419001599
ENSG00000168803,-0.07586404032625682
ENSG00000140265,0.1855515591636489
ENSG00000137822,-0.35777900911508864
ENSG00000067369,0.44944237945075666
ENSG00000166963,0.2930120469690009
ENSG00000168781,-1.5358415060244162
ENSG00000237289,NaN
ENSG00000166762,2.6668787445605995
ENSG00000275601,-1.1722439125066175
ENSG00000223572,NaN
ENSG00000167004,1.1352947985826065
ENSG00000128886,NaN
ENSG00000140264,-1.0291371819398893
ENSG00000242028,2.6305343427283474
ENSG00000140259,-0.5247666771611403
ENSG00000092470,-0.13605925924278026
ENSG00000171877,3.371714265737161
ENSG00000166734,1.6067203303198958
ENSG00000259595,-1.2078945389228355
ENSG00000137770,-0.7517143703520582
ENSG00000179523,-0.17163505294425382
ENSG00000104131,-0.8425060113357159
ENSG00000259659,NaN
ENSG00000104133,-0.5155529555362067
ENSG00000166710,0.8554075517025327
ENSG00000185880,-0.7205746988723568
ENSG00000140263,-0.38480909203451413
ENSG00000140254,NaN
ENSG00000137857,1.5743663155534475
ENSG00000259539,-0.07154513094284835
ENSG00000138606,NaN
ENSG00000259520,NaN
ENSG00000137860,NaN
ENSG00000285597,NaN
ENSG00000171766,2.710556825210468
ENSG00000275672,NaN
ENSG00000171763,-0.2120206986862212
ENSG00000166920,-1.2862383557510795
ENSG00000259342,NaN
ENSG00000259354,-0.14667059976845812
ENSG00000104154,1.0700352071629975
ENSG00000275709,NaN
ENSG00000104164,-0.2613052542065348
ENSG00000137767,0.6693685189364809
ENSG00000259200,NaN
ENSG00000259572,NaN
ENSG00000104177,-0.21493960035331672
ENSG00000074803,NaN
ENSG00000259488,-0.4470519467084808
ENSG00000128951,-1.6627327259489848
ENSG00000166147,1.48689618450462
ENSG00000103995,0.43028900356665567
ENSG00000185634,NaN
ENSG00000255302,-0.26285539553670534
ENSG00000138593,-0.2000873754874209
ENSG00000166200,-1.3730862036060367
ENSG00000156958,1.697989523472858
ENSG00000166262,1.8487760325786136
ENSG00000275580,0.7093905556467281
ENSG00000104047,0.33353331085911514
ENSG00000104043,1.4079162559132332
ENSG00000140284,2.97988198173972
ENSG00000104064,1.6619164186854072
ENSG00000285410,-0.7825528963608119
ENSG00000244879,2.2999970616873013
ENSG00000259715,NaN
ENSG00000138592,2.352633064850572
ENSG00000170236,NaN
ENSG00000092439,0.6552734362698763
ENSG00000138600,0.5355336069198188
ENSG00000273674,-0.32993848905769674
ENSG00000081014,0.5658282501403404
ENSG00000259240,NaN
ENSG00000183578,0.017814591162087647
ENSG00000259678,NaN
ENSG00000104093,1.4193779496158982
ENSG00000140280,0.5661766892272129
ENSG00000128872,-1.3205604089652017
ENSG00000138594,4.69921630105235
ENSG00000259201,2.6161269870160417
ENSG00000166477,-0.6380565859133583
ENSG00000069956,-0.348683295487648
ENSG00000259438,NaN
ENSG00000274528,NaN
ENSG00000259712,2.824585119277346
ENSG00000137875,NaN
ENSG00000069966,-1.5616601869698663
ENSG00000259709,NaN
ENSG00000259577,-1.5391171016929868
ENSG00000128833,-0.5656072074606954
ENSG00000197535,0.7441608689577961
ENSG00000128989,-1.0303954854370858
ENSG00000047346,2.281403821109237
ENSG00000169856,-1.6372511763040443
ENSG00000166415,0.9774249114624277
ENSG00000260937,NaN
ENSG00000137876,-1.6534301781465706
ENSG00000069974,-0.3967250811830497
ENSG00000276533,NaN
ENSG00000225973,-0.05589910615155505
ENSG00000069943,2.388879085383377
ENSG00000260916,2.3482044790553687
ENSG00000261652,-0.8846619799302504
ENSG00000256061,0.20116348585257857
ENSG00000171016,-0.029914648634625285
ENSG00000285805,-1.0920834376078217
ENSG00000166450,2.423871541807904
ENSG00000069869,1.2758690364008904
ENSG00000181827,1.4370928395746336
ENSG00000151575,3.9125084450964924
ENSG00000138587,-0.14615906740122644
ENSG00000260392,4.345310087304222
ENSG00000137871,-0.005771667352238901
ENSG00000274667,NaN
ENSG00000285331,-0.5548530391813712
ENSG00000275343,NaN
ENSG00000140262,4.0804590743048985
ENSG00000247982,3.800641242304517
ENSG00000128849,0.7929259469906914
ENSG00000263155,NaN
ENSG00000137878,NaN
ENSG00000255529,0.727742941646266
ENSG00000128918,2.310422275901412
ENSG00000259250,NaN
ENSG00000137845,1.1374961254304652
ENSG00000286897,NaN
ENSG00000245975,NaN
ENSG00000128923,0.37732204835585986
ENSG00000157450,2.0671875759689304
ENSG00000137776,4.467482566267093
ENSG00000157456,-1.5120676570033618
ENSG00000277144,-1.4469202492218791
ENSG00000259732,2.4265590376350548
ENSG00000157483,0.5260154729481237
ENSG00000259771,2.6450323369831192
ENSG00000259735,0.7909802055978891
ENSG00000157470,1.0963453578577276
ENSG00000140297,1.0329676038142894
ENSG00000140307,-1.3567478072665262
ENSG00000140299,0.39374338771726275
ENSG00000182718,-1.0117739766450728
ENSG00000128915,1.2389150914966356
ENSG00000245534,1.059811278668188
ENSG00000069667,3.3003895166627264
ENSG00000259274,NaN
ENSG00000259481,-1.2612211721652231
ENSG00000259564,3.1075464561835227
ENSG00000129003,1.3455458462149996
ENSG00000259251,NaN
ENSG00000205502,NaN
ENSG00000274340,NaN
ENSG00000171914,2.0671278027603064
ENSG00000259458,NaN
ENSG00000259370,NaN
ENSG00000259727,NaN
ENSG00000140416,0.3649303386148186
ENSG00000259627,NaN
ENSG00000259672,2.2094736285352825
ENSG00000103642,0.3076917753531623
ENSG00000185088,-0.8225430304052008
ENSG00000166128,0.41076155081918575
ENSG00000138613,0.27017334905447477
ENSG00000074410,1.631189553844605
ENSG00000259459,NaN
ENSG00000276651,3.543965909510962
ENSG00000140455,1.2916023150518832
ENSG00000259248,5.068398056452616
ENSG00000197361,NaN
ENSG00000103657,1.5667292895454317
ENSG00000259589,-2.13012581954648
ENSG00000035664,-0.836252567677933
ENSG00000259351,NaN
ENSG00000166797,-2.9059512551253466
ENSG00000028528,0.07821671197315426
ENSG00000157734,1.638735134856778
ENSG00000166794,-0.02085834557734889
ENSG00000169118,2.503003207842561
ENSG00000166803,-0.7810818864189445
ENSG00000103671,-0.02620436398553606
ENSG00000180357,6.257279183471224
ENSG00000180304,-1.5172113701360355
ENSG00000264937,NaN
ENSG00000259635,1.1701596675728771
ENSG00000166831,-1.6747672901211121
ENSG00000140451,1.3000808681441705
ENSG00000241839,0.07767780231061669
ENSG00000166839,-0.9672400943438344
ENSG00000274383,0.773291111305086
ENSG00000090487,-0.27606836863994244
ENSG00000103707,0.001271196641014199
ENSG00000186198,-0.5311905988927915
ENSG00000246922,0.20531597346732572
ENSG00000090470,-1.1297132231490634
ENSG00000166855,-0.7132256635814463
ENSG00000138617,1.6438014197673856
ENSG00000174498,1.8430762213059209
ENSG00000103742,0.34216496627211274
ENSG00000074603,0.2981358413865798
ENSG00000074696,2.653708532265585
ENSG00000138614,0.598980123938233
ENSG00000074621,0.5348219475966258
ENSG00000174485,0.8312638072447119
ENSG00000103769,-1.6087634219439824
ENSG00000261544,-2.65322552506742
ENSG00000157890,NaN
ENSG00000261318,NaN
ENSG00000166938,-0.28847466531543386
ENSG00000260773,NaN
ENSG00000075131,-1.0560731367896141
ENSG00000169032,0.8794970231808815
ENSG00000261351,-0.5593153471277007
ENSG00000174446,-2.23760044052829
ENSG00000174444,-1.078012455608107
ENSG00000174442,-0.19411691874452458
ENSG00000188501,3.337795320302401
ENSG00000137834,2.153888731261466
ENSG00000274995,3.5547011366805132
ENSG00000277152,NaN
ENSG00000259437,NaN
ENSG00000259289,NaN
ENSG00000259347,NaN
ENSG00000166949,8.908544923785223
ENSG00000259202,2.214641589146461
ENSG00000103591,1.412011865492664
ENSG00000103599,0.3738205223324318
ENSG00000259673,-0.7707926026079169
ENSG00000189227,-2.2439236787268633
ENSG00000270964,NaN
ENSG00000137764,2.4635438248001313
ENSG00000033800,1.4952840920344133
ENSG00000129007,0.3206364653252457
ENSG00000128973,1.4761419460700436
ENSG00000260657,NaN
ENSG00000169018,0.09458261434586457
ENSG00000137809,3.4599557879121146
ENSG00000103647,-0.7098459590720819
ENSG00000140350,-0.39767230126304026
ENSG00000258484,0.37169440139062193
ENSG00000255346,NaN
ENSG00000212766,NaN
ENSG00000138604,-0.19140920798232045
ENSG00000261634,NaN
ENSG00000137819,0.13191507637600167
ENSG00000259426,-0.20261062178061567
ENSG00000137807,0.061573101472542684
ENSG00000137818,-1.1536500265224674
ENSG00000259215,NaN
ENSG00000245750,-1.1406711469455473
ENSG00000140332,0.9131740548193941
ENSG00000259473,NaN
ENSG00000280639,5.510857927838409
ENSG00000137831,-0.541017776578135
ENSG00000259532,2.8105225695133034
ENSG00000274297,NaN
ENSG00000166173,-1.4089470703576115
ENSG00000137821,0.7578995643163647
ENSG00000129028,0.5883770000216385
ENSG00000187720,4.429873169240273
ENSG00000225362,NaN
ENSG00000259964,0.6420597843113516
ENSG00000278408,NaN
ENSG00000278570,3.0942450755371684
ENSG00000260037,NaN
ENSG00000066933,1.6667376976718449
ENSG00000261632,3.9519430378388987
ENSG00000166192,-1.1949719199820934
ENSG00000260173,NaN
ENSG00000175318,0.5732668696633656
ENSG00000067225,-0.8514191016168249
ENSG00000137817,-0.7585988959994345
ENSG00000261460,0.779955515198214
ENSG00000213614,3.498367662205957
ENSG00000260339,NaN
ENSG00000261423,-0.5530913867992373
ENSG00000166233,1.4052756759704215
ENSG00000259783,2.4490177233532147
ENSG00000175202,NaN
ENSG00000140463,0.14660439417646007
ENSG00000159322,0.9491115367720313
ENSG00000067141,0.7952114177644816
ENSG00000138622,NaN
ENSG00000156642,0.10462323232162549
ENSG00000281183,1.4975131600095026
ENSG00000103855,1.466576974993292
ENSG00000260469,NaN
ENSG00000261801,-0.6080530185147297
ENSG00000129038,NaN
ENSG00000067221,-1.0967369615038907
ENSG00000140464,1.342616008303147
ENSG00000167178,NaN
ENSG00000261543,-0.4820496936449584
ENSG00000129009,NaN
ENSG00000137868,-1.0543130020188258
ENSG00000140481,-1.583685486214457
ENSG00000138629,-1.415357236366329
ENSG00000247240,-2.0663733942446325
ENSG00000261775,NaN
ENSG00000179361,0.3507316595073429
ENSG00000179335,0.31261441912717064
ENSG00000179151,0.048352695864074875
ENSG00000140465,NaN
ENSG00000103653,-0.9399205293285161
ENSG00000140474,-1.4122850295896703
ENSG00000140497,-0.809934605469202
ENSG00000178802,-1.4771013043960493
ENSG00000178761,-0.5154266225711266
ENSG00000178741,-0.7499596638862422
ENSG00000178718,-1.4612983736383272
ENSG00000198794,-0.328736472278564
ENSG00000138621,0.2764964793798826
ENSG00000167173,-2.3473034210140735
ENSG00000140365,-0.4763594251377011
ENSG00000275645,NaN
ENSG00000140398,0.7475830635881664
ENSG00000140400,0.787586432840037
ENSG00000260274,-0.27136882428422593
ENSG00000169375,1.1726534064815202
ENSG00000169410,0.28536366714655864
ENSG00000169371,-0.441982866878578
ENSG00000177971,-1.1441790996548005
ENSG00000275454,0.5055183391758679
ENSG00000173548,-0.5136774656016352
ENSG00000182950,NaN
ENSG00000246877,NaN
ENSG00000140367,0.4455467047645894
ENSG00000167196,-0.8072252615446908
ENSG00000169752,2.9866383692445186
ENSG00000169758,2.742106748992363
ENSG00000259422,NaN
ENSG00000140374,-0.16968620633525391
ENSG00000287503,4.176956436625487
ENSG00000159556,-0.6072359018138347
ENSG00000270036,NaN
ENSG00000140386,1.4033956106668461
ENSG00000117906,-0.16324543607270062
ENSG00000140391,0.03622147729977329
ENSG00000269951,NaN
ENSG00000173517,3.787947061289927
ENSG00000140382,-0.8920270107925492
ENSG00000169783,0.5621296835169837
ENSG00000167202,3.1356277089717373
ENSG00000136425,-0.44933799020958237
ENSG00000166411,-0.6961721898696066
ENSG00000140395,-0.9396928550775064
ENSG00000166426,NaN
ENSG00000136381,2.777123506259981
ENSG00000188266,1.6897410433710927
ENSG00000041357,-0.3057860077577506
ENSG00000169684,-0.5208004280145079
ENSG00000080644,2.0373109387892194
ENSG00000117971,1.118891023820992
ENSG00000136378,0.6395377023582257
ENSG00000185787,0.7938509671225326
ENSG00000103811,0.6087475393688722
ENSG00000058335,NaN
ENSG00000166557,-0.05134845970381039
ENSG00000169330,NaN
ENSG00000136371,0.4236835909174501
ENSG00000261229,NaN
ENSG00000286813,-1.1704831810395766
ENSG00000180953,-1.2521550545467783
ENSG00000259642,NaN
ENSG00000140379,-1.991655183627399
ENSG00000086666,1.1229145920882548
ENSG00000103876,-1.826925779793504
ENSG00000259495,1.0259273894959067
ENSG00000172379,0.19108115855127442
ENSG00000136379,0.2985084553474249
ENSG00000271983,NaN
ENSG00000103888,0.5304797396239638
ENSG00000117899,-0.7817528740086037
ENSG00000277782,NaN
ENSG00000140406,-0.022998259003018304
ENSG00000156206,1.0729845284320139
ENSG00000172345,NaN
ENSG00000259343,-0.3243741032711438
ENSG00000259543,NaN
ENSG00000259692,-3.161672036015719
ENSG00000183496,-0.04262301197579042
ENSG00000259518,NaN
ENSG00000140598,0.05495163363175342
ENSG00000188659,0.05489555128335458
ENSG00000278662,NaN
ENSG00000197978,NaN
ENSG00000182774,-1.2446913387090108
ENSG00000278013,NaN
ENSG00000214575,-0.5287835610301109
ENSG00000103723,-0.6694032778255393
ENSG00000259442,0.14033218503586462
ENSG00000286817,-0.10964185503730438
ENSG00000250988,-2.2229204044358277
ENSG00000186628,NaN
ENSG00000156232,0.4807141694638338
ENSG00000103942,-0.8279887696273903
ENSG00000259805,2.4955448957935866
ENSG00000169612,-0.009493703495020328
ENSG00000169609,-1.7957238625936274
ENSG00000064726,0.6950378209557471
ENSG00000259767,NaN
ENSG00000286872,NaN
ENSG00000166503,-0.6301896337578761
ENSG00000259986,1.6359572318011038
ENSG00000140600,NaN
ENSG00000156218,4.706446920359661
ENSG00000259511,NaN
ENSG00000184206,4.357665915102298
ENSG00000275120,0.01429011876984727
ENSG00000176371,-1.2463053405642073
ENSG00000177082,0.4457054998216631
ENSG00000197696,-1.969381119528446
ENSG00000140612,0.9845354095485815
ENSG00000259654,NaN
ENSG00000285667,7.116670543208037
ENSG00000166716,2.1866011863777586
ENSG00000136383,0.9233352188869436
ENSG00000156222,0.2589168946793307
ENSG00000286505,NaN
ENSG00000073417,4.9724166774805605
ENSG00000170776,4.728788133325139
ENSG00000259375,NaN
ENSG00000259367,2.5928381461972427
ENSG00000259453,NaN
ENSG00000183655,0.9425358824415858
ENSG00000259620,NaN
ENSG00000259527,NaN
ENSG00000140538,3.6830749976978927
ENSG00000260305,-0.5747723063202923
ENSG00000259494,-0.4595540679259456
ENSG00000181991,-1.6905243240198784
ENSG00000140543,-0.18771245591257102
ENSG00000181026,0.8762495098236536
ENSG00000172183,1.39304195438969
ENSG00000140511,2.7723851615684634
ENSG00000140545,0
ENSG00000140526,1.9162647048757224
ENSG00000140522,NaN
ENSG00000140525,0.0004982401765864466
ENSG00000140521,2.336793199649292
ENSG00000261441,0.836090429328396
ENSG00000140519,1.4419375436199364
ENSG00000259713,0.694074281165351
ENSG00000140534,1.5672723261339807
ENSG00000166813,1.0685656495472027
ENSG00000166819,NaN
ENSG00000166821,0.5167805537641851
ENSG00000140527,NaN
ENSG00000166823,-2.0308091991001436
ENSG00000188095,-0.7442908672830016
ENSG00000166825,1.3800074769701423
ENSG00000157823,0.8040582831891604
ENSG00000242498,-0.21251715828692694
ENSG00000140548,0.7270443030854713
ENSG00000273691,NaN
ENSG00000182054,-2.205222941761602
ENSG00000259685,NaN
ENSG00000185033,0.7401179899330793
ENSG00000185043,-1.3606403994745413
ENSG00000183208,-1.10344558269491
ENSG00000213471,-0.2330423244938315
ENSG00000182768,-1.0856901500526985
ENSG00000196391,4.87953696009853
ENSG00000140575,0.36760117472699816
ENSG00000259177,NaN
ENSG00000140577,1.0017079471763146
ENSG00000259736,3.7178919346734585
ENSG00000285560,NaN
ENSG00000197299,-0.4489981964921762
ENSG00000259704,NaN
ENSG00000140564,-0.5089669986724261
ENSG00000182511,-0.6029512124535669
ENSG00000196547,0.8349946323823035
ENSG00000184508,-1.4059062100934494
ENSG00000140553,-0.29510116146620075
ENSG00000258384,NaN
ENSG00000166965,-0.11420175711180972
ENSG00000198901,-1.3024601638517552
ENSG00000258725,1.6511079987226853
ENSG00000184056,-0.509669684377449
ENSG00000176463,2.2414860212186465
ENSG00000140557,NaN
ENSG00000185442,0.54787299698087
ENSG00000260361,NaN
ENSG00000274215,NaN
ENSG00000272888,0
ENSG00000173575,1.1323818993222197
ENSG00000182175,NaN
ENSG00000257060,NaN
ENSG00000258773,NaN
ENSG00000259134,NaN
ENSG00000275443,NaN
ENSG00000247809,-0.3590791118290937
ENSG00000185551,-2.233444056074293
ENSG00000251209,-0.7936375080663952
ENSG00000283597,NaN
ENSG00000259424,NaN
ENSG00000140443,1.875591669954886
ENSG00000278022,-1.2510730283573779
ENSG00000259621,0.8960023580110151
ENSG00000259475,NaN
ENSG00000278090,-1.1324732452312771
ENSG00000182253,-1.149313285192228
ENSG00000261054,NaN
ENSG00000103852,-2.160180480687002
ENSG00000261616,1.0924154963853845
ENSG00000259921,NaN
ENSG00000168904,0.5125299667802247
ENSG00000068305,1.8339740517932093
ENSG00000183060,-0.8906294628366217
ENSG00000259363,-1.0038660950298515
ENSG00000140470,NaN
ENSG00000259219,NaN
ENSG00000189419,1.1015824363885298
ENSG00000154227,NaN
ENSG00000270127,NaN
ENSG00000140471,1.2929466765767224
ENSG00000183475,-2.0850418705948135
ENSG00000259579,NaN
ENSG00000232386,0.8017218911127066
ENSG00000259604,NaN
ENSG00000184254,2.7840853452213836
ENSG00000278456,NaN
ENSG00000259583,2.2255466349271633
ENSG00000154237,1.4665901128540804
ENSG00000259755,NaN
ENSG00000131873,1.713232507939519
ENSG00000131871,-1.5739451548785595
ENSG00000131876,-0.3547223615392216
ENSG00000140479,1.2037873102559349
ENSG00000274139,NaN
ENSG00000184277,-1.090047573936498
ENSG00000185418,0.8491506270129289
ENSG00000161980,-2.40275317913315
ENSG00000161981,-1.4136657659311649
ENSG00000007384,2.612567183657244
ENSG00000103152,-0.03266943199982718
ENSG00000103148,0.15129188087725065
ENSG00000269482,NaN
ENSG00000130656,NaN
ENSG00000206172,NaN
ENSG00000086506,1.499461191261685
ENSG00000268836,NaN
ENSG00000007392,-0.45707662043495784
ENSG00000167930,0.9391844913965731
ENSG00000076344,1.4341621068921309
ENSG00000242173,-0.6727662747401109
ENSG00000185615,NaN
ENSG00000103126,0.7434514517798556
ENSG00000086504,-1.6770290278769944
ENSG00000129925,0.1372623135022902
ENSG00000103202,-0.9392387983782806
ENSG00000242612,-1.1235923879975975
ENSG00000090565,2.2551134117319833
ENSG00000277142,NaN
ENSG00000103326,-0.5925793008775512
ENSG00000007541,-0.05375252081808628
ENSG00000197562,-0.14925201677629624
ENSG00000130731,-0.8446315044664935
ENSG00000172366,-1.126475923157445
ENSG00000228201,NaN
ENSG00000161996,-1.0896325793154362
ENSG00000262528,NaN
ENSG00000140983,-0.17439467959707053
ENSG00000103269,1.7875684286680957
ENSG00000103266,-1.692515000785179
ENSG00000161999,0.11117480010480726
ENSG00000127580,-0.4700636200932027
ENSG00000261659,NaN
ENSG00000127585,NaN
ENSG00000103260,-0.9102368571234583
ENSG00000103254,-0.8337558344924813
ENSG00000162004,NaN
ENSG00000103253,-2.500322927471479
ENSG00000103245,-0.5223716790869875
ENSG00000162006,NaN
ENSG00000007376,-2.17803150789888
ENSG00000127586,-1.1315279471701287
ENSG00000287855,NaN
ENSG00000103227,1.9912483184077394
ENSG00000260316,NaN
ENSG00000260439,NaN
ENSG00000260807,NaN
ENSG00000196557,0.19899947507115195
ENSG00000103275,1.3067171911852684
ENSG00000007520,-0.8204794875081727
ENSG00000090581,-0.6209707459519829
ENSG00000260425,NaN
ENSG00000059145,1.2420060744445538
ENSG00000260132,NaN
ENSG00000174109,-2.052075432799721
ENSG00000197599,NaN
ENSG00000103249,1.5153244777231087
ENSG00000261641,NaN
ENSG00000100726,0.18604639796935116
ENSG00000187535,2.3336206653754497
ENSG00000260646,NaN
ENSG00000131634,NaN
ENSG00000260989,2.617857150281728
ENSG00000007545,1.8106281581128327
ENSG00000206053,0.5573052738721851
ENSG00000138834,-0.1817694809054117
ENSG00000103024,-0.36300537259989957
ENSG00000074071,-0.6160394471467057
ENSG00000197774,-2.85423121866987
ENSG00000162032,0.038074608342348194
ENSG00000095906,-2.653990485491381
ENSG00000063854,-1.293135972945997
ENSG00000180185,-1.8454539110430666
ENSG00000162039,-0.28448228640191303
ENSG00000162040,NaN
ENSG00000198736,-1.3931040304456932
ENSG00000140990,-0.5246055695374573
ENSG00000140988,-1.1638221554353056
ENSG00000255198,-0.13195218733562364
ENSG00000277602,1.3523774030543263
ENSG00000183751,0.3491296220298418
ENSG00000196408,NaN
ENSG00000127554,-1.9900585971074665
ENSG00000261790,NaN
ENSG00000127561,NaN
ENSG00000167962,-1.6958102592691924
ENSG00000183971,1.7123141072074592
ENSG00000065054,-1.0600823692804777
ENSG00000065057,-1.0419595731245541
ENSG00000103197,-1.073688437026571
ENSG00000008710,0.621295971277536
ENSG00000167964,2.6694066811675836
ENSG00000260260,-1.0781658758011416
ENSG00000131653,-0.6887604323743187
ENSG00000167971,NaN
ENSG00000167965,-1.3450777767291682
ENSG00000182685,3.8507837544064945
ENSG00000184207,-0.9699230242278294
ENSG00000167967,0.21958900962076158
ENSG00000167968,5.99790835698898
ENSG00000167969,-0.3707537296989239
ENSG00000261663,NaN
ENSG00000205937,-1.3061133076608122
ENSG00000260778,-1.2681614273246669
ENSG00000167972,0.6067303834630902
ENSG00000162063,-3.157436720794116
ENSG00000260095,NaN
ENSG00000162062,-1.1364896101307593
ENSG00000259895,NaN
ENSG00000162065,0.2125872054682323
ENSG00000185883,-0.8631401568321907
ENSG00000162066,-1.6796705636484945
ENSG00000140992,0.3065219044173442
ENSG00000261613,NaN
ENSG00000269937,NaN
ENSG00000261140,0.7107121846747505
ENSG00000260565,1.461605557456418
ENSG00000167977,-1.1393783493962857
ENSG00000172382,1.1115832819317915
ENSG00000205913,0.3971550295603599
ENSG00000167978,4.1144578817908615
ENSG00000103363,-0.8094543059037362
ENSG00000162078,NaN
ENSG00000005001,NaN
ENSG00000263325,NaN
ENSG00000263280,NaN
ENSG00000162076,-0.9529380845427662
ENSG00000059122,1.0819523305933325
ENSG00000262482,NaN
ENSG00000131650,5.482249908215187
ENSG00000127564,-0.6383005971361473
ENSG00000162073,-0.310709235839133
ENSG00000262362,NaN
ENSG00000272079,2.1869321203161056
ENSG00000213937,NaN
ENSG00000184697,NaN
ENSG00000006327,1.092635515503681
ENSG00000103145,-1.4776855789802725
ENSG00000131652,-2.7545489357281965
ENSG00000205890,NaN
ENSG00000261971,-1.3783699047950562
ENSG00000008517,-0.4854257649126599
ENSG00000263011,NaN
ENSG00000263072,-0.9230487839715482
ENSG00000122386,-1.7539611713106538
ENSG00000085644,-1.6338091057638657
ENSG00000261889,2.4724107377596916
ENSG00000262521,NaN
ENSG00000262668,-0.6503807721836543
ENSG00000010539,-1.373243989734123
ENSG00000006194,-0.13739802158440942
ENSG00000140993,0.446598293171187
ENSG00000162086,0.34810741853140753
ENSG00000285329,2.175554611249883
ENSG00000140987,1.2502779784369327
ENSG00000103343,-1.305422638199201
ENSG00000167981,1.2394629249781592
ENSG00000122390,-1.3285929888387957
ENSG00000103351,-1.0944347232462774
ENSG00000262312,5.242564593576511
ENSG00000188827,-1.6135267812333252
ENSG00000213918,1.0498147453478137
ENSG00000263235,NaN
ENSG00000126602,-0.7428958458221195
ENSG00000005339,0.8873386498179407
ENSG00000262185,2.5124128460533077
ENSG00000162104,-0.29439740548952187
ENSG00000263105,1.7179592692648666
ENSG00000262468,NaN
ENSG00000090447,-1.022420748567051
ENSG00000126603,0.08053081485105261
ENSG00000262686,NaN
ENSG00000217930,-1.1640172756258114
ENSG00000262246,-0.33915074259557065
ENSG00000168140,-0.15445563538581497
ENSG00000103423,-1.3139679449768589
ENSG00000153406,-0.3156100879453431
ENSG00000103415,0.432797715331517
ENSG00000089486,-1.758799463534276
ENSG00000205832,3.7445877243099646
ENSG00000153443,-1.913845240170025
ENSG00000102858,0.454350545427976
ENSG00000261442,NaN
ENSG00000168101,-0.5195898706121318
ENSG00000168096,1.2668407712773875
ENSG00000166246,-1.2222740722285363
ENSG00000103199,1.6282259698745833
ENSG00000067836,-1.6987750471559009
ENSG00000140632,1.3831769774848637
ENSG00000275056,NaN
ENSG00000118900,0.6435446717423382
ENSG00000118898,0.034639377507167904
ENSG00000103184,NaN
ENSG00000103174,1.7481842900584514
ENSG00000033011,-0.7682669886562573
ENSG00000118894,-0.6029373645566976
ENSG00000260289,NaN
ENSG00000067365,1.2042693562847395
ENSG00000183044,0.4867373269663215
ENSG00000184857,-1.8578695435703882
ENSG00000140650,0.4446300773913197
ENSG00000260276,-1.144539620454283
ENSG00000153048,-0.5043222540855615
ENSG00000187555,0.09576370550693589
ENSG00000260979,NaN
ENSG00000182831,0.10022327646120413
ENSG00000260349,-1.6111351190747885
ENSG00000166669,-0.623599797793371
ENSG00000260468,2.104903813427552
ENSG00000213853,0
ENSG00000256013,NaN
ENSG00000153060,NaN
ENSG00000103274,-1.0294229336082374
ENSG00000182108,-3.04018465320541
ENSG00000038532,1.6066199619702526
ENSG00000262020,2.587102791818582
ENSG00000263033,2.8492858368174723
ENSG00000175643,-1.2288827318327928
ENSG00000185338,0.19052698346264987
ENSG00000263080,NaN
ENSG00000188897,2.0019704528143256
ENSG00000189067,2.600697598421258
ENSG00000184602,-1.3204351729512858
ENSG00000153066,-0.19062118770228473
ENSG00000262420,0.6949599173874357
ENSG00000122299,2.22967606945014
ENSG00000171490,-1.5641771724641835
ENSG00000263307,1.4321522334933106
ENSG00000103342,-1.3498155872952988
ENSG00000261560,-4.952162673959702
ENSG00000261216,NaN
ENSG00000234719,-2.2433876039800076
ENSG00000048471,2.5180823055546036
ENSG00000175604,NaN
ENSG00000260601,NaN
ENSG00000259899,NaN
ENSG00000103381,1.2242884366525972
ENSG00000260378,-1.262153032324817
ENSG00000237515,NaN
ENSG00000262801,-0.7778705714091877
ENSG00000262267,NaN
ENSG00000175595,-1.6491809479333186
ENSG00000186260,1.6232445450817252
ENSG00000276564,2.5954769589678675
ENSG00000262529,0.9821674772154768
ENSG00000262454,1.5571986025083477
ENSG00000263257,-0.7445426347961928
ENSG00000140694,0.46485201229915063
ENSG00000103429,-0.43759971335836034
ENSG00000224712,NaN
ENSG00000103512,1.1768699804366696
ENSG00000183426,-0.8865503987504398
ENSG00000179889,0.7249203334836486
ENSG00000157045,-2.556350079654807
ENSG00000085721,-0.08976817955404988
ENSG00000183793,NaN
ENSG00000156968,-1.3068268912354362
ENSG00000166780,1.774547872374212
ENSG00000166783,0.6463222522497603
ENSG00000072864,-2.05321544324412
ENSG00000262380,NaN
ENSG00000280206,-0.3899258905171145
ENSG00000133392,4.67152877668962
ENSG00000263335,3.9652159911222213
ENSG00000133393,-0.8292213986437497
ENSG00000103222,5.031983526335043
ENSG00000091262,-0.9055736689257741
ENSG00000103226,1.8374800637434034
ENSG00000183889,NaN
ENSG00000103489,0.7982378475390342
ENSG00000261448,NaN
ENSG00000214940,NaN
ENSG00000185164,-1.0052461009557205
ENSG00000134419,-1.1060497127478104
ENSG00000170540,0.4476472065436384
ENSG00000260017,NaN
ENSG00000157106,0.24824965014680023
ENSG00000260352,-3.060934039538165
ENSG00000170537,3.192223973791766
ENSG00000261465,NaN
ENSG00000167186,-0.6820987532191587
ENSG00000260430,-1.7594513792158193
ENSG00000205730,-0.9392851211840567
ENSG00000261759,NaN
ENSG00000103528,-0.1197700393404635
ENSG00000259925,0.13203913325976183
ENSG00000103534,0.5839935339097229
ENSG00000260592,NaN
ENSG00000006007,-0.7202738922396568
ENSG00000103540,-1.3681169453273816
ENSG00000103544,2.0400409404259197
ENSG00000103550,-1.0794083715460305
ENSG00000174628,0.7556307123985052
ENSG00000167191,-0.9871251797908404
ENSG00000005187,-0.877125041408146
ENSG00000066654,-1.6479184771094704
ENSG00000196678,0.08584982637478734
ENSG00000005189,-1.8024390215742614
ENSG00000188215,-0.15938724554988734
ENSG00000102897,-0.9224594277978322
ENSG00000158486,1.9437584620630406
ENSG00000011638,0.05344308361581317
ENSG00000175311,0.6938264050962328
ENSG00000103316,-0.017535010003993937
ENSG00000169246,NaN
ENSG00000197006,-1.442080726279656
ENSG00000261596,1.2690727336556271
ENSG00000140749,NaN
ENSG00000155719,-3.043488569798822
ENSG00000185864,-1.8262706915872837
ENSG00000274460,NaN
ENSG00000140740,-0.9204249454589958
ENSG00000155714,NaN
ENSG00000275445,NaN
ENSG00000185716,-0.08983434068966573
ENSG00000260277,NaN
ENSG00000175267,NaN
ENSG00000183921,NaN
ENSG00000103319,0.8801772550529742
ENSG00000058600,0.686874490581624
ENSG00000286808,0.21864664889517088
ENSG00000140743,0.9933876040879587
ENSG00000260790,2.8899429405102355
ENSG00000243716,1.8509471711020196
ENSG00000103404,0.8816983438984441
ENSG00000168434,1.7444767170610191
ENSG00000259782,NaN
ENSG00000260136,-2.000793292934543
ENSG00000103365,0.8295566121708595
ENSG00000103356,-1.419464521088497
ENSG00000103353,-2.8529808766083486
ENSG00000260751,NaN
ENSG00000004779,1.4702915947584434
ENSG00000083093,-1.4658973139700813
ENSG00000261723,NaN
ENSG00000166847,-0.5034593102504141
ENSG00000166851,-1.3256482837795653
ENSG00000006116,NaN
ENSG00000122257,-0.9683094434380394
ENSG00000090905,1.5820625403514992
ENSG00000261669,5.987567233877496
ENSG00000158865,0.25582195325631557
ENSG00000140750,1.2503918213889795
ENSG00000262155,NaN
ENSG00000260448,-3.762601706520347
ENSG00000275494,2.125360310245304
ENSG00000205629,-1.6631358531270557
ENSG00000260034,NaN
ENSG00000155592,-1.6510519026406143
ENSG00000274925,0.9170512626929089
ENSG00000155666,0.5658772568673476
ENSG00000169189,0.5714399172319069
ENSG00000245888,0.10504194021081843
ENSG00000274092,NaN
ENSG00000077238,2.730884062633458
ENSG00000259954,NaN
ENSG00000077235,-0.3396109268549605
ENSG00000047578,0.507958059925023
ENSG00000261329,3.5022168868192094
ENSG00000169180,0.7561728004936584
ENSG00000188322,NaN
ENSG00000198156,0.12489328447464954
ENSG00000205609,NaN
ENSG00000233232,NaN
ENSG00000188603,-0.6829981880961956
ENSG00000176046,-2.075463233204165
ENSG00000275441,-0.4414466695774717
ENSG00000176476,0.28480875757210833
ENSG00000197165,NaN
ENSG00000196502,-1.6057830402641728
ENSG00000255524,NaN
ENSG00000184110,0.03559714512388083
ENSG00000196993,NaN
ENSG00000251417,NaN
ENSG00000275807,-0.12022909295640799
ENSG00000168488,2.1201119543338356
ENSG00000260570,2.684326634944606
ENSG00000178952,0.46582709568382236
ENSG00000178188,-0.028958545887220726
ENSG00000261766,2.552632439063453
ENSG00000196296,-0.349501070621451
ENSG00000260442,-1.8713306855704739
ENSG00000177548,0.2669650858046449
ENSG00000176953,-1.4993584347251332
ENSG00000260853,2.1359929920535423
ENSG00000260367,2.0352539353570176
ENSG00000169682,-1.2861803387298416
ENSG00000213658,NaN
ENSG00000260517,NaN
ENSG00000254206,NaN
ENSG00000183336,-1.309350834183379
ENSG00000169203,NaN
ENSG00000103485,-1.1073033111019048
ENSG00000079616,-2.0393931707580375
ENSG00000103495,-0.42323392959956174
ENSG00000238045,0.6717040703750783
ENSG00000167371,NaN
ENSG00000280789,-1.7458177667648809
ENSG00000013364,1.3389812624881459
ENSG00000103502,0.6742103280641317
ENSG00000174938,0.8291209756243682
ENSG00000174939,0.1496336696228188
ENSG00000174943,1.246964312423912
ENSG00000247735,NaN
ENSG00000149932,-0.611406968389101
ENSG00000149930,1.7574312200145037
ENSG00000149929,-2.8049096529827775
ENSG00000169592,-2.0415540160340675
ENSG00000149927,2.1156600382534894
ENSG00000285043,0.47952907324722216
ENSG00000149925,-0.4127374897997548
ENSG00000274904,NaN
ENSG00000149923,-1.812671523548571
ENSG00000149922,0.23546953561294015
ENSG00000090238,-0.7873272884355619
ENSG00000250616,NaN
ENSG00000102886,NaN
ENSG00000102882,-1.6522532178178917
ENSG00000102879,0.07569865733438463
ENSG00000169627,-1.5173873922258203
ENSG00000261052,-0.852757437355799
ENSG00000198064,NaN
ENSG00000169217,-0.35694820080971085
ENSG00000260219,NaN
ENSG00000169221,0.8601649525155209
ENSG00000180209,1.2239078335639053
ENSG00000180035,-1.5738109110702811
ENSG00000180096,0.5907648300001347
ENSG00000179965,1.1331535020605188
ENSG00000179958,-0.9011415339134937
ENSG00000179918,-0.9487199974897655
ENSG00000005844,-0.0676094640598485
ENSG00000261346,NaN
ENSG00000169957,-0.8678580126799884
ENSG00000169955,-0.9451529654839653
ENSG00000235560,0.5401275122916874
ENSG00000169951,0.3048624867884384
ENSG00000229809,0.8927825404818831
ENSG00000239791,NaN
ENSG00000197162,NaN
ENSG00000260167,-0.1591080559700252
ENSG00000156853,0.15289497935025634
ENSG00000156858,-0.5071726158753985
ENSG00000156860,-2.1024812923238803
ENSG00000261840,2.6493779694509922
ENSG00000080603,1.4106972987781672
ENSG00000281991,0.045860101263153916
ENSG00000156873,1.9345792879723003
ENSG00000196118,-0.8674986544554876
ENSG00000103549,-1.4517289362387547
ENSG00000102870,-1.0405560812460892
ENSG00000274678,NaN
ENSG00000099385,-0.8341766371391224
ENSG00000260083,-0.07461849811490573
ENSG00000260852,-0.5016304323656213
ENSG00000099364,0.5192661976243709
ENSG00000175938,-1.3796411493716143
ENSG00000099381,-0.7309569551451418
ENSG00000099377,-1.678370551187792
ENSG00000099365,-0.0077959327674072725
ENSG00000103496,-1.3725533772744432
ENSG00000260911,0.1963963275095826
ENSG00000167394,-1.6539089721862565
ENSG00000261124,0.7045849972381639
ENSG00000167395,-0.3114362853687263
ENSG00000151006,-0.006718116206024685
ENSG00000167397,-1.150048138140601
ENSG00000103507,-1.7970900338828983
ENSG00000103510,-1.799788536531808
ENSG00000278133,-1.5294633911440663
ENSG00000178226,NaN
ENSG00000089280,-0.028095757619614664
ENSG00000260060,0.7896195566105847
ENSG00000103490,-0.1580144374845364
ENSG00000261359,NaN
ENSG00000169896,7.804083424135276
ENSG00000140678,NaN
ENSG00000156886,NaN
ENSG00000176723,NaN
ENSG00000261474,-0.9505313988799023
ENSG00000260267,-0.953833012788762
ENSG00000140691,-1.7167469453439148
ENSG00000140682,-0.6754193418621
ENSG00000140675,NaN
ENSG00000140688,-1.1998901881386703
ENSG00000260625,-0.8948738341009836
ENSG00000197302,2.075838575844471
ENSG00000185947,-0.03677088850574
ENSG00000205456,-2.8523808788880185
ENSG00000171241,-2.321992956408054
ENSG00000069329,0.13437410246456474
ENSG00000091651,-0.9544601031247983
ENSG00000140795,1.407745543253351
ENSG00000155330,-2.1193554755081903
ENSG00000166123,-1.487142615888722
ENSG00000069345,-1.4018997110052682
ENSG00000261173,-0.8769271247646753
ENSG00000259821,NaN
ENSG00000171208,0.12678790308804377
ENSG00000260281,NaN
ENSG00000129636,1.8505586492022679
ENSG00000260744,NaN
ENSG00000261369,0.7475142219855366
ENSG00000102893,1.3168456022052297
ENSG00000262038,NaN
ENSG00000261231,NaN
ENSG00000102910,0.8243043239048075
ENSG00000196470,1.668457548545328
ENSG00000102921,3.2762398596064575
ENSG00000260086,3.3943114156364667
ENSG00000102935,6.3685848415495965
ENSG00000205423,2.09807407810049
ENSG00000155393,-1.6784912363471047
ENSG00000287444,NaN
ENSG00000121274,0.8043593425529058
ENSG00000121281,2.049415296536576
ENSG00000166164,-0.027503344355760306
ENSG00000260573,3.315488340435419
ENSG00000140807,1.542765381647949
ENSG00000260249,NaN
ENSG00000083799,-0.2175463360081358
ENSG00000103449,NaN
ENSG00000285367,NaN
ENSG00000260850,NaN
ENSG00000224578,-0.45779250308366554
ENSG00000260057,2.2751723129836514
ENSG00000103460,-0.1356685034556935
ENSG00000260963,NaN
ENSG00000261261,NaN
ENSG00000277639,-0.8206205888562145
ENSG00000177200,5.3658792829124025
ENSG00000103479,2.467400563606863
ENSG00000259926,NaN
ENSG00000166971,1.2964853784908077
ENSG00000103494,-2.5612973073550926
ENSG00000140718,0.8075562366713168
ENSG00000177508,3.257039422110154
ENSG00000277559,NaN
ENSG00000245694,-2.1054142442431534
ENSG00000176842,-2.6063975689663117
ENSG00000087245,-1.4369773717433114
ENSG00000087253,-0.47338617880083483
ENSG00000198848,NaN
ENSG00000246379,NaN
ENSG00000087258,NaN
ENSG00000159461,-0.20161453139135707
ENSG00000260621,-0.606387534923215
ENSG00000167005,-0.3606225898724426
ENSG00000087263,-1.4940372886224522
ENSG00000125124,2.1089760104843034
ENSG00000087250,NaN
ENSG00000125148,0.9810381192397871
ENSG00000205362,-2.026303142239276
ENSG00000198417,-0.7988994901648035
ENSG00000187193,-0.13144349137132527
ENSG00000261302,1.93800483291104
ENSG00000102900,-0.42970117633665544
ENSG00000070915,NaN
ENSG00000051108,0.591478969243555
ENSG00000261114,NaN
ENSG00000140853,-0.9850656208850996
ENSG00000140848,-1.2411690230428727
ENSG00000172775,-0.27379375298880915
ENSG00000285979,3.89918318920947
ENSG00000159579,-1.170357741334222
ENSG00000102931,-1.7966431411456065
ENSG00000260038,NaN
ENSG00000102934,-0.4099219316806391
ENSG00000005194,-0.10739856900694171
ENSG00000088682,-2.7716685928062916
ENSG00000102978,-1.3995559581319028
ENSG00000125170,-1.154542918422596
ENSG00000135736,-0.7028613071533177
ENSG00000159618,NaN
ENSG00000205336,2.104159132705641
ENSG00000182885,-0.2815586704246354
ENSG00000140854,0.32324537084114413
ENSG00000140859,3.500210920080153
ENSG00000276166,NaN
ENSG00000187185,1.627044043590166
ENSG00000070729,NaN
ENSG00000159648,NaN
ENSG00000166188,-0.4682459727507055
ENSG00000103005,1
ENSG00000102996,5.125761693517884
ENSG00000070761,-2.6107404508113863
ENSG00000260927,-0.7635777985227266
ENSG00000070770,0.14743935815470796
ENSG00000260867,NaN
ENSG00000103021,-1.5343485290158785
ENSG00000181938,0.5106578858934826
ENSG00000276131,-0.2026410026686652
ENSG00000103034,1.576303196862829
ENSG00000103037,-1.2957652718828172
ENSG00000125107,-0.08498477869224581
ENSG00000276259,1.9548964509357551
ENSG00000103042,4.119280348636241
ENSG00000125166,-0.9998232764455024
ENSG00000245768,0.20490165339359712
ENSG00000261807,-0.660417485596938
ENSG00000261436,NaN
ENSG00000150394,1.8143314580473007
ENSG00000260115,1.347073604010976
ENSG00000260658,-0.6894071649620627
ENSG00000261028,NaN
ENSG00000140937,NaN
ENSG00000286928,NaN
ENSG00000246898,0.287092935504637
ENSG00000166546,0.4277949727621615
ENSG00000166548,2.6483845733911866
ENSG00000260755,NaN
ENSG00000261519,NaN
ENSG00000217555,-0.9136719382034673
ENSG00000089505,0.729784311694373
ENSG00000140931,-1.4666220181418752
ENSG00000183723,0.08642203595036123
ENSG00000135720,-1.8096547748721188
ENSG00000287965,1.8625938432576048
ENSG00000249961,0.9501302982486657
ENSG00000159593,-0.7507681941414566
ENSG00000172840,-0.13322920964965518
ENSG00000166589,NaN
ENSG00000166592,0.44921092200953705
ENSG00000166595,0.5756197989067567
ENSG00000172831,2.0447167651708673
ENSG00000172828,-0.7583158042153585
ENSG00000172824,-0.4871203612496853
ENSG00000067955,1.0207401162717038
ENSG00000125149,1.1023935800553701
ENSG00000237172,3.667635599729337
ENSG00000102871,-2.2810647461474893
ENSG00000135722,-0.5449118740561171
ENSG00000102878,NaN
ENSG00000140939,-1.4123793333830774
ENSG00000196123,1.8902467130776324
ENSG00000205250,-1.934053962058709
ENSG00000102890,NaN
ENSG00000125122,-0.5522142774119887
ENSG00000168701,-0.04428682225234608
ENSG00000135723,-0.5152572710781215
ENSG00000135740,-0.2689670077951313
ENSG00000196155,-2.1845236289176255
ENSG00000168676,1.0478447497620405
ENSG00000159708,NaN
ENSG00000159713,-0.503866508552038
ENSG00000159714,-0.6808466283308916
ENSG00000176387,NaN
ENSG00000159720,-0.8752113745316076
ENSG00000270049,-0.24572841439110038
ENSG00000276075,1.277279651346013
ENSG00000039523,-0.7910756646116106
ENSG00000261386,NaN
ENSG00000102974,-0.4470441299404541
ENSG00000159753,NaN
ENSG00000102977,-1.9481580108902592
ENSG00000102981,-1.2829907115471484
ENSG00000124074,-0.5876797869625009
ENSG00000141098,-1.8829262753544445
ENSG00000141084,3.2403877519428668
ENSG00000270165,NaN
ENSG00000102904,0.046275390234567886
ENSG00000102901,-0.8177507619581386
ENSG00000168286,-0.707204583407702
ENSG00000102898,-1.916435775464206
ENSG00000038358,-1.9618133725233668
ENSG00000159792,0.7655877938797502
ENSG00000141086,NaN
ENSG00000205220,-0.5851411876426393
ENSG00000213398,NaN
ENSG00000124067,-0.6629393221144546
ENSG00000167264,0.18236676564425416
ENSG00000182810,-1.6741184878524629
ENSG00000072736,1.9427444744142308
ENSG00000260891,NaN
ENSG00000263276,NaN
ENSG00000103066,0.5989710367537214
ENSG00000103064,1.7165737725789392
ENSG00000103061,-0.09861772898312271
ENSG00000132600,0.09948821004592937
ENSG00000274698,NaN
ENSG00000184939,0.7746184227467369
ENSG00000275383,NaN
ENSG00000062038,NaN
ENSG00000039068,1.7175896688427656
ENSG00000103047,2.404055231394084
ENSG00000260999,1.1834434997145074
ENSG00000103044,1.170442763006954
ENSG00000168802,NaN
ENSG00000141076,0.1124511969136651
ENSG00000168807,-0.04343189684933793
ENSG00000132612,-0.6732152963843949
ENSG00000213380,-1.761429423679626
ENSG00000132603,-0.8567852305469414
ENSG00000132604,-0.5802131543645649
ENSG00000103018,0.2952315404765447
ENSG00000102908,3.9412662506953917
ENSG00000274093,3.384157606194698
ENSG00000181019,-0.8285421540997944
ENSG00000261602,NaN
ENSG00000262136,0.7730325570800024
ENSG00000141101,-1.9970003952898594
ENSG00000198373,1.839299266012708
ENSG00000157322,NaN
ENSG00000090857,1.1176121410176756
ENSG00000247228,-0.7334870642899374
ENSG00000157335,NaN
ENSG00000223496,-2.102378065902507
ENSG00000090861,0.05320494175558115
ENSG00000157349,0.0674280421447567
ENSG00000261777,-0.7561573971846198
ENSG00000168872,0.06049333116124948
ENSG00000285710,2.565872188774657
ENSG00000157350,1.0116663675252233
ENSG00000260111,0.2580575431497136
ENSG00000157353,0.21559422298418834
ENSG00000103051,-0.5098672304595461
ENSG00000189091,0.7173830168034151
ENSG00000157368,NaN
ENSG00000132613,-0.0028926821535208568
ENSG00000103043,1.825642400872326
ENSG00000180917,-0.9280859853001796
ENSG00000172137,-1.2412172959593004
ENSG00000261348,NaN
ENSG00000167377,0.40204436608169036
ENSG00000157429,1.4173669642893387
ENSG00000140835,NaN
ENSG00000260886,NaN
ENSG00000140832,NaN
ENSG00000040199,2.186092362354057
ENSG00000260185,3.781097581063081
ENSG00000166747,1.0768897586249657
ENSG00000224470,0.07713598637287217
ENSG00000182149,0.9485935594861279
ENSG00000102984,-0.8370891368968115
ENSG00000277481,3.9869826835469873
ENSG00000102967,1.397821901815716
ENSG00000140830,-0.909190452271138
ENSG00000140829,0.919869624283273
ENSG00000118557,NaN
ENSG00000261008,0.22883778958359002
ENSG00000260664,1.6743456993399213
ENSG00000259768,-0.1888768226667495
ENSG00000140836,1.094005559505097
ENSG00000272330,NaN
ENSG00000271009,NaN
ENSG00000260880,NaN
ENSG00000261227,NaN
ENSG00000261404,NaN
ENSG00000275236,NaN
ENSG00000103035,0.15886627880179893
ENSG00000259972,-1.1409543347715556
ENSG00000140839,NaN
ENSG00000261170,0.7344148035807025
ENSG00000090863,1.2957591435663462
ENSG00000168411,-1.4455197616917306
ENSG00000168404,-1.9234344504050884
ENSG00000103089,1.5338387530565738
ENSG00000103091,1.7315885776155222
ENSG00000186187,0.2844411796940905
ENSG00000166816,NaN
ENSG00000184517,-1.100995263399875
ENSG00000050820,-0.6350550781392709
ENSG00000153774,1.0686271206743156
ENSG00000259999,NaN
ENSG00000261783,-0.5129738045082884
ENSG00000166822,1.113900118590233
ENSG00000183196,NaN
ENSG00000135702,NaN
ENSG00000205084,0.2974176814378401
ENSG00000276408,NaN
ENSG00000034713,-1.9834141230003675
ENSG00000065457,0.6830784375341705
ENSG00000065427,-0.01742156395977835
ENSG00000166848,-0.5476336186757137
ENSG00000284484,NaN
ENSG00000152910,NaN
ENSG00000259995,NaN
ENSG00000103111,0.6630565478955757
ENSG00000205078,2.555571985535801
ENSG00000261063,0.21692270699929642
ENSG00000260922,NaN
ENSG00000140873,0.9983341122652456
ENSG00000140876,-1.2668965046749914
ENSG00000166509,NaN
ENSG00000186153,4.892857182608848
ENSG00000276007,1.326099315172717
ENSG00000260969,NaN
ENSG00000260733,1.781406986232621
ENSG00000260816,0.7879043013250254
ENSG00000261537,NaN
ENSG00000178573,2.7156474312323273
ENSG00000260876,NaN
ENSG00000261390,NaN
ENSG00000259867,NaN
ENSG00000168589,NaN
ENSG00000103121,-1.341151908890626
ENSG00000166451,0.01076081854496711
ENSG00000260213,2.9731610960243047
ENSG00000261061,0.016360074553114893
ENSG00000166454,-1.9857812268645338
ENSG00000166455,1.1696685593954075
ENSG00000245059,NaN
ENSG00000140905,-1.356981086415809
ENSG00000135697,0.511643863309086
ENSG00000260495,NaN
ENSG00000261609,2.144641957584551
ENSG00000272923,3.0856122610664363
ENSG00000153815,3.2034877373776296
ENSG00000197943,-1.4907666893765739
ENSG00000086696,NaN
ENSG00000261235,0.36300083156232404
ENSG00000135698,0.15091086948532095
ENSG00000261029,NaN
ENSG00000140945,NaN
ENSG00000230989,-0.511668001707548
ENSG00000103150,-0.018821572712902464
ENSG00000140961,0.04509693520971435
ENSG00000103154,-0.3534043639410135
ENSG00000140943,0.545154755418161
ENSG00000260018,-0.7594482828750582
ENSG00000103160,-0.5025582932847227
ENSG00000103168,-0.601828560342392
ENSG00000260504,NaN
ENSG00000064270,-0.6003615360265399
ENSG00000261286,NaN
ENSG00000140950,0.6532925873012312
ENSG00000103187,-0.06478264432173389
ENSG00000135686,0.3865875659936447
ENSG00000103194,-0.49383367874194073
ENSG00000103196,3.1540544406734883
ENSG00000153786,-1.026352395519277
ENSG00000135709,0.021521783088321336
ENSG00000131149,1.19771964839881
ENSG00000179219,0.7070068396545197
ENSG00000287946,NaN
ENSG00000131153,-0.7523590231136174
ENSG00000154102,0.7999424983082173
ENSG00000287125,2.340082176075091
ENSG00000269898,NaN
ENSG00000131148,-1.7685979980639475
ENSG00000131143,-0.8743266563820702
ENSG00000140968,-2.0613054895642438
ENSG00000261177,1.132593254211068
ENSG00000270020,NaN
ENSG00000103248,-1.2398560620394088
ENSG00000176692,NaN
ENSG00000176678,NaN
ENSG00000260456,-0.3586778017510664
ENSG00000261697,NaN
ENSG00000270006,-1.4123137051179395
ENSG00000103264,0.7456102547990342
ENSG00000140941,-1.410805087803111
ENSG00000140948,-1.3116535901045754
ENSG00000276337,NaN
ENSG00000260750,NaN
ENSG00000154118,NaN
ENSG00000226180,NaN
ENSG00000104731,1.0033447245525406
ENSG00000260498,-1.6808874896815889
ENSG00000260177,-0.3874989742184878
ENSG00000103257,2.6890762783498827
ENSG00000260466,NaN
ENSG00000172530,-0.07494924610679951
ENSG00000261193,0.42446767378095573
ENSG00000225614,-0.055353848401038554
ENSG00000179588,-1.3847043664317895
ENSG00000261744,NaN
ENSG00000158545,0.08418754422213581
ENSG00000051523,1.7655765013391382
ENSG00000167508,-0.801451894804221
ENSG00000260630,3.7389840026756023
ENSG00000185669,2.5177569077486077
ENSG00000158717,-0.000037259285572885946
ENSG00000174177,-0.8959446399196604
ENSG00000278341,NaN
ENSG00000103335,-0.35012370808568305
ENSG00000182376,NaN
ENSG00000167513,-2.222398700878077
ENSG00000198931,-0.6167155076556097
ENSG00000141012,-0.9903095300005181
ENSG00000167515,-2.0771218237764457
ENSG00000176715,1.3151535833322667
ENSG00000259803,NaN
ENSG00000259877,NaN
ENSG00000170100,-1.4047485315954065
ENSG00000167522,4.310985768590034
ENSG00000268218,NaN
ENSG00000261253,-1.6953676296646791
ENSG00000287351,0.8906664520731199
ENSG00000197912,2.487409623556278
ENSG00000261118,0.6827722730679199
ENSG00000167526,-1.1439591608276878
ENSG00000178773,1.2972578180005034
ENSG00000131165,-1.4740227310881997
ENSG00000167523,-0.14360058269112946
ENSG00000275734,-1.7125502935044439
ENSG00000185324,2.6306546240631024
ENSG00000260259,-1.1633210505162357
ENSG00000158792,-1.0124230345074101
ENSG00000075399,-1.2388343472164924
ENSG00000261373,-1.5125107988509185
ENSG00000158805,-0.31091055801389683
ENSG00000187741,0.471705277705721
ENSG00000204991,-1.0591860024966155
ENSG00000141002,1.9207328841122377
ENSG00000258839,-0.23127797593957403
ENSG00000259006,NaN
ENSG00000258947,0.8840155136210816
ENSG00000140995,-1.9032999514541076
ENSG00000177946,-1.0197215123253773
ENSG00000003249,-2.0623997082570042
ENSG00000141013,-1.0782744954602324
ENSG00000260923,NaN
ENSG00000272636,NaN
ENSG00000181031,1.489398141006594
ENSG00000262294,0.7280982668669965
ENSG00000187624,-2.1448758890642443
ENSG00000183688,-1.4962670057541148
ENSG00000141252,0.6463369391292444
ENSG00000263300,4.18523244670581
ENSG00000167695,2.812022148013859
ENSG00000179409,-0.32854200564490865
ENSG00000167699,-1.8420609045614789
ENSG00000171861,-1.049436681135969
ENSG00000167693,1.8038830761614562
ENSG00000177370,-1.510555733043388
ENSG00000159842,-0.6355234328750045
ENSG00000108953,-0.014642303938855237
ENSG00000167193,-0.8731177320258634
ENSG00000197879,-1.119659305270275
ENSG00000132376,-1.8803797539404095
ENSG00000236618,-1.6848211864452898
ENSG00000174238,-0.3564785936354609
ENSG00000167703,1.765020817122629
ENSG00000167705,1.033900964740813
ENSG00000174231,1.5255821679302082
ENSG00000277597,-0.7010794343573309
ENSG00000185561,-0.3006272133882619
ENSG00000186594,2.011736933744924
ENSG00000167716,2.5411155499880445
ENSG00000167711,2.644583936765835
ENSG00000132386,0.7817115128142677
ENSG00000186532,1.232173890834968
ENSG00000132383,-1.0892935773325267
ENSG00000185924,0.06309036052785416
ENSG00000108963,1.3791599556104825
ENSG00000263050,-0.2145346222546769
ENSG00000177374,NaN
ENSG00000070366,1.2241987811524382
ENSG00000262810,0.7095620906830193
ENSG00000167720,0.6614747546863428
ENSG00000167721,-0.6369450566909923
ENSG00000141258,2.1478152925092617
ENSG00000070444,-0.167224570301585
ENSG00000127804,-0.3525528304463691
ENSG00000007168,0.16581270487012786
ENSG00000132361,0.4020728185882469
ENSG00000277200,NaN
ENSG00000132359,0.8137792860126595
ENSG00000221882,NaN
ENSG00000159961,NaN
ENSG00000167723,NaN
ENSG00000196689,0.8221803287828047
ENSG00000261916,1.0104206627046737
ENSG00000197417,3.0756136717238713
ENSG00000040531,0.2993336158502923
ENSG00000262903,3.9444289972430324
ENSG00000213977,-1.690222700978882
ENSG00000127774,-1.4192966602757275
ENSG00000083454,-1.986462976007418
ENSG00000083457,-1.3759685702712563
ENSG00000262692,NaN
ENSG00000177602,0.7964211745200105
ENSG00000074356,-1.118018604101725
ENSG00000004660,1.010840260662682
ENSG00000074370,-2.0610262146444627
ENSG00000074755,1.4604785352375034
ENSG00000167740,-0.0745067166207182
ENSG00000185722,1.0970064086422926
ENSG00000274363,NaN
ENSG00000132388,0.827758537460836
ENSG00000132382,-1.616966367578127
ENSG00000141456,-1.0254368663708722
ENSG00000235085,0.9710824699289515
ENSG00000244184,-1.3374146752205975
ENSG00000141480,-1.6061137174569315
ENSG00000161920,0.5665302880416415
ENSG00000161921,0.620254435971532
ENSG00000142484,-1.2149032257524213
ENSG00000182853,-1.4765959081028783
ENSG00000142507,-1.1371052638420664
ENSG00000262165,-0.08210553316847893
ENSG00000129219,-0.44031674296008244
ENSG00000141503,0.4885940114283685
ENSG00000108556,1.4460641870974351
ENSG00000205710,NaN
ENSG00000185245,NaN
ENSG00000108528,-1.842912009011569
ENSG00000108523,-2.1609381839996478
ENSG00000108518,-1.0079899073133953
ENSG00000108515,0.10137499741713679
ENSG00000091640,-2.1467926010389364
ENSG00000108509,-0.41878217142305224
ENSG00000262429,NaN
ENSG00000262227,NaN
ENSG00000196388,NaN
ENSG00000129250,-0.4694650355332864
ENSG00000132517,NaN
ENSG00000180787,NaN
ENSG00000167840,-1.9384106868074433
ENSG00000234327,-1.6669153830390533
ENSG00000180626,4.750331520332723
ENSG00000261879,-0.21446142502081875
ENSG00000161929,3.698707619600898
ENSG00000029725,-0.7998628713946909
ENSG00000108559,-0.9483746942307835
ENSG00000129197,-1.860707491665893
ENSG00000263272,-1.9814617374855874
ENSG00000108561,-0.5713521054754706
ENSG00000005100,0.4120169484140545
ENSG00000072849,0.4920304101600683
ENSG00000167842,-0.025283151264523115
ENSG00000284837,NaN
ENSG00000179314,0.8967370539089681
ENSG00000129195,-1.5356659953566616
ENSG00000091622,0
ENSG00000198920,0.7449876911964892
ENSG00000129235,-0.901910481091949
ENSG00000108590,-2.678576790338741
ENSG00000256806,-0.3411070471768551
ENSG00000215067,2.2413360508604585
ENSG00000262089,0.1665969108835338
ENSG00000108839,NaN
ENSG00000219200,-0.2395100442293572
ENSG00000258315,-1.1017198716066015
ENSG00000267532,-0.44757040607900356
ENSG00000174327,-1.0023884387625086
ENSG00000141505,2.2135794703017657
ENSG00000132535,3.783516223551871
ENSG00000072778,0.9935910760944641
ENSG00000004975,-2.063581581213613
ENSG00000040633,0.3004111630751436
ENSG00000170296,-0.03847026795446227
ENSG00000175826,-1.8362605138123451
ENSG00000170291,-1.2303006038432305
ENSG00000181885,NaN
ENSG00000006047,NaN
ENSG00000132507,-0.856763333053667
ENSG00000132522,-1.351322282401402
ENSG00000215041,-0.25067747990137446
ENSG00000072818,0.1040557241401813
ENSG00000213859,-0.8545403209371365
ENSG00000174292,-0.23530605874486965
ENSG00000187838,-1.864087320142049
ENSG00000205544,-0.9000427276413439
ENSG00000169992,-1.6446224543840977
ENSG00000181284,-1.2410922671962958
ENSG00000170175,-0.07238465776791644
ENSG00000174282,-1.1104902595810864
ENSG00000181222,0.8155379881790858
ENSG00000239697,-1.296624285935379
ENSG00000276384,NaN
ENSG00000161956,0.9097201508806644
ENSG00000161960,-0.811382004426685
ENSG00000129226,1.4238077219115537
ENSG00000233223,0.8067673639722875
ENSG00000129255,3.024556712178453
ENSG00000129245,-1.3298038324890993
ENSG00000129214,-1.1476097150728228
ENSG00000141504,-0.7663858683294016
ENSG00000141510,0.5444929853640207
ENSG00000141499,-1.798208506264599
ENSG00000108947,-1.4389647715182814
ENSG00000183914,6.362761735796046
ENSG00000132510,2.9065996764056923
ENSG00000183011,-0.4566439539267393
ENSG00000182224,2.03532467752083
ENSG00000170004,-1.1495328812818306
ENSG00000179859,NaN
ENSG00000170049,0.8344487844556058
ENSG00000170043,-1.4632869874646661
ENSG00000170037,1.6965103071704584
ENSG00000179477,1.2258095566056166
ENSG00000214999,-1.474696015345338
ENSG00000179111,NaN
ENSG00000179094,0.1380909554290672
ENSG00000220205,-0.6535200905838331
ENSG00000179029,-0.6696106775807434
ENSG00000266824,NaN
ENSG00000196544,-1.056199076411707
ENSG00000178999,-1.5777887464898086
ENSG00000178977,NaN
ENSG00000178971,-1.50923705419317
ENSG00000178921,0.8482429171290099
ENSG00000269947,NaN
ENSG00000125434,-0.09617132285826814
ENSG00000108961,-0.981029611414489
ENSG00000198844,NaN
ENSG00000184619,-0.9195852951549507
ENSG00000265749,NaN
ENSG00000161970,-1.0593256950162926
ENSG00000166579,0.5588530949761281
ENSG00000133026,0.9075237604594286
ENSG00000065320,2.9018721343481357
ENSG00000273816,NaN
ENSG00000170310,2.58814896634617
ENSG00000263708,0.7080396771144053
ENSG00000225751,NaN
ENSG00000271851,NaN
ENSG00000166596,0.9136220575421391
ENSG00000265349,NaN
ENSG00000154914,0.8701838459752737
ENSG00000065325,0.48448438760614504
ENSG00000007237,4.255567196026099
ENSG00000109063,-2.3432809111790927
ENSG00000261433,NaN
ENSG00000133028,-0.8697854806850353
ENSG00000170222,1.0509667678346946
ENSG00000187824,-1.1026205653532763
ENSG00000263400,NaN
ENSG00000264016,NaN
ENSG00000188803,NaN
ENSG00000007174,0.6453618601181492
ENSG00000154957,1.2240765433566732
ENSG00000065559,1.3176772707251616
ENSG00000141052,2.4192228462669436
ENSG00000006740,1.824692554152105
ENSG00000006744,-0.9017861064064387
ENSG00000236088,1.5447246058967368
ENSG00000266744,NaN
ENSG00000006695,-1.1629762358816862
ENSG00000125430,2.8188056298564215
ENSG00000266378,NaN
ENSG00000230647,NaN
ENSG00000109099,0.03829038867427423
ENSG00000286792,-0.1215929896515779
ENSG00000239704,1.8033253398109441
ENSG00000175106,0.2956996542943614
ENSG00000266538,6.523120082032675
ENSG00000241322,0.8643861406978063
ENSG00000221926,0
ENSG00000187607,-0.9452371501303366
ENSG00000276855,NaN
ENSG00000237057,NaN
ENSG00000170425,0
ENSG00000214941,0.24906412195887756
ENSG00000011295,1.0487375903313771
ENSG00000141027,1.534269344985431
ENSG00000227782,NaN
ENSG00000108474,0.06912835349028781
ENSG00000166582,-1.0757119725015243
ENSG00000170315,-1.1691361028298042
ENSG00000175061,-0.42176475230085386
ENSG00000266651,NaN
ENSG00000181350,5.108138958802947
ENSG00000141040,-0.265175174301916
ENSG00000197566,-0.7745022481055811
ENSG00000170160,2.3301393531393386
ENSG00000260328,NaN
ENSG00000287114,0.037835233321451174
ENSG00000287910,NaN
ENSG00000133030,1.0961645588397497
ENSG00000225442,NaN
ENSG00000263624,NaN
ENSG00000179598,-1.0073225812715771
ENSG00000154803,-0.4743413830847961
ENSG00000141030,-2.030488081356551
ENSG00000205309,-0.2659456455620394
ENSG00000141026,-1.1110347177766835
ENSG00000108551,0.577354647642002
ENSG00000133027,-0.5595451256366244
ENSG00000264666,0.6767751142474544
ENSG00000108557,1.0506354306787968
ENSG00000237328,0.6278625174682524
ENSG00000226746,0.5517687976884043
ENSG00000072310,0.566375628870481
ENSG00000175662,1.8107357249726752
ENSG00000171962,0.19195559535519383
ENSG00000171953,-2.4834461019678216
ENSG00000141034,4.276451911046361
ENSG00000108591,-0.930282919314138
ENSG00000091536,1.5601125992466778
ENSG00000266677,NaN
ENSG00000091542,0.07042538732229499
ENSG00000131899,-1.4256862931645327
ENSG00000177731,-0.8792958330418343
ENSG00000177427,-0.45182628671777203
ENSG00000260647,NaN
ENSG00000177302,0.6792941990830338
ENSG00000176994,-0.9862214452116334
ENSG00000176974,0.3758995701477083
ENSG00000220161,1.4545327577670146
ENSG00000273018,-1.468947887869228
ENSG00000240445,-1.097976939190821
ENSG00000108448,0.15849547771292158
ENSG00000171931,-1.7442965572338078
ENSG00000171928,-1.0324574585674677
ENSG00000141127,0.458180489487705
ENSG00000154025,-0.6016049917819088
ENSG00000188522,0.6689806499852227
ENSG00000228157,NaN
ENSG00000262202,1.0782752006724634
ENSG00000262292,NaN
ENSG00000236022,NaN
ENSG00000072134,0.7093767990335914
ENSG00000235397,4.56803879025707
ENSG00000108641,-1.4158942801166323
ENSG00000166484,-1.6545462843770433
ENSG00000235979,-0.9642864017445865
ENSG00000227078,NaN
ENSG00000142494,0.5305743910418532
ENSG00000262769,0.2259030829653884
ENSG00000072210,-1.4950779725543908
ENSG00000180638,NaN
ENSG00000108602,1.672342560670868
ENSG00000083290,0.5405196960288804
ENSG00000270091,NaN
ENSG00000108599,0.9480182555062554
ENSG00000261033,NaN
ENSG00000128487,0.4561619333807052
ENSG00000263494,NaN
ENSG00000260907,NaN
ENSG00000205212,NaN
ENSG00000233098,-0.2285881295870723
ENSG00000124422,0.27968442435178115
ENSG00000263986,NaN
ENSG00000109016,0.4678150168705087
ENSG00000178307,-1.4425889150808127
ENSG00000235530,-0.21472137818522158
ENSG00000274180,NaN
ENSG00000034152,-1.3056737812600976
ENSG00000184185,-0.2099890942539419
ENSG00000212719,0.6512448584880047
ENSG00000263609,NaN
ENSG00000256618,0.5045736493272889
ENSG00000109046,-0.046307729895382045
ENSG00000266313,4.535022421140205
ENSG00000141068,2.7813513874201172
ENSG00000168961,3.289276975231524
ENSG00000007171,NaN
ENSG00000266527,NaN
ENSG00000232859,2.5575204937336817
ENSG00000087095,1.390301452187482
ENSG00000287721,-1.0216991671262299
ENSG00000260777,NaN
ENSG00000109084,-1.4813894652838877
ENSG00000109083,-1.3969558072348536
ENSG00000109079,-0.5095322586558838
ENSG00000004142,-0.5462832097845672
ENSG00000244045,-1.2866866319865624
ENSG00000004139,-1.3204722686725807
ENSG00000109072,0.1387914117807476
ENSG00000277450,NaN
ENSG00000076351,-1.8675244078274447
ENSG00000265254,-1.0013772102471334
ENSG00000258472,-0.25262171098707115
ENSG00000109103,-0.6586968579342539
ENSG00000087111,-0.05843771454593637
ENSG00000076382,0.055234855617106886
ENSG00000227543,-2.8198373418939906
ENSG00000264608,-1.0635078090250654
ENSG00000265287,5.301848575566515
ENSG00000167524,2.558848810502707
ENSG00000007202,0.4223948132533152
ENSG00000132581,0.8072204811272553
ENSG00000109111,0.8280781333474063
ENSG00000167525,-1.1610643158318046
ENSG00000109113,-1.325468551050424
ENSG00000198242,-1.1308914219681665
ENSG00000264577,NaN
ENSG00000160606,-0.5618424056569762
ENSG00000160602,-1.268244517561317
ENSG00000265073,4.430551872526707
ENSG00000076604,-1.6325189341514323
ENSG00000173065,0.6966637895261878
ENSG00000132591,-1.1076411038716933
ENSG00000132589,-0.7811425188402303
ENSG00000167536,-1.789850346060387
ENSG00000109118,-0.34740131659263335
ENSG00000265845,NaN
ENSG00000179761,2.6692257358989924
ENSG00000196535,0.10304719276527902
ENSG00000221995,NaN
ENSG00000263709,0.6200932144101593
ENSG00000108256,0.2739920891402742
ENSG00000266111,NaN
ENSG00000264808,4.98275368956858
ENSG00000160551,2.3817152736049945
ENSG00000168792,-0.2671096078578527
ENSG00000264031,0.0048739710083808944
ENSG00000167543,-0.3333100262847429
ENSG00000264290,NaN
ENSG00000108262,-0.2524539708434292
ENSG00000198720,-1.9241920353388964
ENSG00000167549,-0.8819550533214557
ENSG00000141298,8.094390427310547
ENSG00000265625,NaN
ENSG00000263657,2.8271360892816717
ENSG00000263477,NaN
ENSG00000176927,-0.6271712361381674
ENSG00000265394,NaN
ENSG00000126653,1.5781319819467123
ENSG00000265739,2.344939631080269
ENSG00000266987,NaN
ENSG00000108576,NaN
ENSG00000108578,-1.0984636351512196
ENSG00000108582,1.486998762652931
ENSG00000108587,-1.0125268870599355
ENSG00000214719,0.2209160387019479
ENSG00000265443,NaN
ENSG00000263603,2.751334529047113
ENSG00000176390,2.4441079168684383
ENSG00000266490,1.21923574508207
ENSG00000276250,NaN
ENSG00000176208,-1.0542360865773384
ENSG00000265334,2.448778521145855
ENSG00000263531,NaN
ENSG00000172171,-0.27932546023189714
ENSG00000275185,-1.0050739209303863
ENSG00000184060,-1.4042107628013272
ENSG00000181481,-1.0286471147113767
ENSG00000264107,-1.3331930454716134
ENSG00000196712,6.036428667803022
ENSG00000266371,NaN
ENSG00000126861,3.346700360694584
ENSG00000185862,2.8703583231561045
ENSG00000131242,1.7830252445382029
ENSG00000266877,NaN
ENSG00000172301,-1.3434737805996668
ENSG00000108651,-0.7116898865046367
ENSG00000263990,1.2991548415409513
ENSG00000178691,0.35988139910204175
ENSG00000185158,2.6558223444845783
ENSG00000277511,NaN
ENSG00000214708,NaN
ENSG00000126858,1.8974926420216656
ENSG00000141314,2.655817698538487
ENSG00000108666,-2.13689965732182
ENSG00000010244,-0.4111193282626578
ENSG00000274341,NaN
ENSG00000266385,3.174668042399222
ENSG00000264083,NaN
ENSG00000108671,-0.9807972646017598
ENSG00000176749,3.7847780724330846
ENSG00000176658,2.307613939853734
ENSG00000006042,-1.5535670222042122
ENSG00000108684,0.8024885554640887
ENSG00000108691,-0.36147431426398147
ENSG00000264622,NaN
ENSG00000132141,0.16935241496458697
ENSG00000285559,NaN
ENSG00000198783,-1.0802129335393356
ENSG00000005156,1.1956007358088658
ENSG00000092871,0.9233675373281153
ENSG00000267457,NaN
ENSG00000185379,3.522694343695119
ENSG00000073536,0.09877782307516625
ENSG00000266947,NaN
ENSG00000166750,0.10075148383418743
ENSG00000172716,0.30075126919950107
ENSG00000154760,-0.5770644591151732
ENSG00000267321,1.3489002185832428
ENSG00000108733,-1.1459432618361418
ENSG00000006125,0.18266596693365944
ENSG00000270647,2.7012177278658007
ENSG00000271447,-0.929295489055503
ENSG00000271392,NaN
ENSG00000270806,NaN
ENSG00000270871,-0.12732092573338544
ENSG00000270894,0.53212758798258
ENSG00000270379,NaN
ENSG00000270240,NaN
ENSG00000271503,NaN
ENSG00000278023,1.589229639192274
ENSG00000275722,NaN
ENSG00000274767,NaN
ENSG00000273611,-0.7357676695550447
ENSG00000278259,0.3034237834222795
ENSG00000277161,-0.07211955718956856
ENSG00000278311,0.11409336500043285
ENSG00000278535,-1.3673322771707175
ENSG00000278619,0.1704572850617531
ENSG00000277268,NaN
ENSG00000273706,-0.8973882304643496
ENSG00000275700,0.8829278053102109
ENSG00000277579,NaN
ENSG00000278638,NaN
ENSG00000278540,3.4020038537640502
ENSG00000278505,NaN
ENSG00000276234,2.0459825333299633
ENSG00000273965,NaN
ENSG00000276023,-1.8443159416183308
ENSG00000275066,1.6939106302107132
ENSG00000278053,-0.7915310423967348
ENSG00000275410,-1.6960532652242575
ENSG00000278845,-2.350210967966821
ENSG00000274211,0.8250481132756736
ENSG00000275832,1.074742557645227
ENSG00000277363,NaN
ENSG00000273604,-1.0743523892617972
ENSG00000277969,0.5794949448783743
ENSG00000275532,3.679401238302946
ENSG00000275023,-0.7059975284057307
ENSG00000277972,-1.748342753333489
ENSG00000277258,-2.8307495484531495
ENSG00000277791,0.1542852326339181
ENSG00000276293,-0.0773146002849628
ENSG00000273559,-1.8056283598384977
ENSG00000125691,-1.1112711426494797
ENSG00000002834,-0.7012446626060819
ENSG00000263466,NaN
ENSG00000263874,1.657477365336111
ENSG00000204952,NaN
ENSG00000141748,NaN
ENSG00000067191,0.09695479853440869
ENSG00000108298,-1.0384669001853915
ENSG00000108306,1.3631986847512243
ENSG00000266469,NaN
ENSG00000125686,0.5899099828422348
ENSG00000167258,-0.42438791148609456
ENSG00000273576,1.4811892616165094
ENSG00000131748,-0.8064476966809958
ENSG00000161395,3.0510139963212306
ENSG00000141736,0.1858051601437759
ENSG00000141741,-1.4086253029357172
ENSG00000141738,1.0405527550011968
ENSG00000161405,NaN
ENSG00000073605,2.030174572665084
ENSG00000172057,-1.3942776439127613
ENSG00000264968,NaN
ENSG00000108344,1.137613059163327
ENSG00000008838,-0.8397915365537926
ENSG00000126351,2.349781882906198
ENSG00000126368,-0.800377355811965
ENSG00000188895,-0.6891041149084352
ENSG00000108349,1.111331397151159
ENSG00000108352,0.19434250858986366
ENSG00000171475,0.46082266779101766
ENSG00000094804,-2.0265230953945745
ENSG00000131759,-0.5979827590391453
ENSG00000287644,NaN
ENSG00000265666,0.7687680438600033
ENSG00000266208,NaN
ENSG00000131747,1.108886752117142
ENSG00000141753,-0.58165293078676
ENSG00000131746,2.216530448592652
ENSG00000266088,-1.2799426552261886
ENSG00000126353,NaN
ENSG00000073584,-0.4274630842279664
ENSG00000278834,2.4068373697764898
ENSG00000213424,-0.737761724294932
ENSG00000186395,0.28299530968047176
ENSG00000167920,-0.8837231504128991
ENSG00000265359,NaN
ENSG00000234477,NaN
ENSG00000240871,NaN
ENSG00000171346,1.3180747209419756
ENSG00000171345,0.4598470235569215
ENSG00000186832,NaN
ENSG00000173812,-0.9946123791397063
ENSG00000173805,-0.21017773023163386
ENSG00000173801,-0.15252428718976693
ENSG00000141696,-0.33015181469887206
ENSG00000141756,0.996316660859997
ENSG00000141698,-1.3183967357677155
ENSG00000178502,0.9674972260596734
ENSG00000131473,1.6527390879213024
ENSG00000204815,3.397670453586251
ENSG00000173786,0.3595454221325673
ENSG00000168259,-0.9291982844567663
ENSG00000168256,-2.11747459141404
ENSG00000108773,-1.4604609185045816
ENSG00000108774,-1.0175021528841488
ENSG00000089558,2.7190393341761676
ENSG00000161610,NaN
ENSG00000167925,0.0618455420871951
ENSG00000173757,2.618999663737932
ENSG00000126561,2.0271839765490682
ENSG00000168610,4.159934155056715
ENSG00000177469,-0.12099072701912686
ENSG00000033627,0.3788451708298324
ENSG00000267632,-0.2695709313889319
ENSG00000108784,-0.49155188142202105
ENSG00000108786,-1.0353798624215953
ENSG00000266962,-0.17345420679787057
ENSG00000068120,-1.9336989669502713
ENSG00000108788,-0.7077809265282159
ENSG00000131470,-1.9216623507777093
ENSG00000287710,-0.6008253838328592
ENSG00000141699,0.6604944225955313
ENSG00000131462,-0.9663296125110482
ENSG00000037042,-0.7868930599912954
ENSG00000068137,0.16664263352934408
ENSG00000184451,-1.1653194323715006
ENSG00000267042,0.9444114559706874
ENSG00000108797,3.415325456285288
ENSG00000267765,1.197764716558237
ENSG00000108799,-0.33527074751796415
ENSG00000131477,2.864192428922863
ENSG00000131475,-0.8510598523169858
ENSG00000126562,-1.3060828513055809
ENSG00000183978,-0.7814497722787489
ENSG00000176563,1.6653107328644101
ENSG00000126581,0.43054254461915387
ENSG00000131467,-1.2384721371502139
ENSG00000131480,0.8519229667110504
ENSG00000266967,-1.0951719003407132
ENSG00000198863,1.7872470992120486
ENSG00000131469,-0.955816300531169
ENSG00000068079,-0.842769722210967
ENSG00000108828,-0.5654159799551645
ENSG00000108830,0.0677047146822782
ENSG00000012048,0.44850632418758485
ENSG00000198496,-0.4377031312422911
ENSG00000267002,0.06588645862385002
ENSG00000188554,1.992088747908337
ENSG00000184988,0.18266417059595785
ENSG00000236383,0.143600411713293
ENSG00000188825,0.07037829328797776
ENSG00000175906,0
ENSG00000067596,1.3955239018282954
ENSG00000175832,-2.5002538714797073
ENSG00000108861,-0.6943923161572941
ENSG00000161647,-1.7513837113758637
ENSG00000108852,-1.342955703955855
ENSG00000261514,NaN
ENSG00000131096,-0.12563455157804412
ENSG00000161653,NaN
ENSG00000091947,1.143953441276635
ENSG00000161654,-0.03186714440646297
ENSG00000141349,-2.1621034826081456
ENSG00000108840,1.9711066884619302
ENSG00000267638,NaN
ENSG00000125319,-2.4321753459195388
ENSG00000161664,NaN
ENSG00000267080,1.6272228788763963
ENSG00000168591,-0.633917962335815
ENSG00000087152,-1.3892693399133151
ENSG00000267394,1.4006342104535572
ENSG00000108312,-0.9487791985367643
ENSG00000260793,2.779163990128732
ENSG00000013306,-1.5032993413679727
ENSG00000030582,1.9810414500544045
ENSG00000161682,0.24533113740317913
ENSG00000005961,-0.5363954665666697
ENSG00000186566,2.2052624724058276
ENSG00000283045,3.2850947470835323
ENSG00000180340,-1.0102421830137847
ENSG00000180336,-1.6825127963607764
ENSG00000180329,-2.2443562157050727
ENSG00000267160,NaN
ENSG00000161692,2.7539459941327578
ENSG00000073670,NaN
ENSG00000182963,-0.4146352750856189
ENSG00000131097,0.06864918619744238
ENSG00000108883,0.055642350023227996
ENSG00000167131,NaN
ENSG00000186185,-1.2694166148026258
ENSG00000131094,-1.7786942093144205
ENSG00000172992,-0.7771493636095306
ENSG00000136448,-0.5894217388319258
ENSG00000161714,2.0237257396134414
ENSG00000181513,-0.5431508644248064
ENSG00000276728,-1.375988463173994
ENSG00000186834,-1.2522344319838974
ENSG00000224505,0.9864476824814903
ENSG00000168517,-2.4305759181736866
ENSG00000267288,-1.097060832594878
ENSG00000267121,4.153136451387574
ENSG00000184922,0.07744619620389906
ENSG00000233175,-0.7205893365314947
ENSG00000267278,-0.7434250190879418
ENSG00000184361,-1.1778105835483192
ENSG00000006062,1.637923318269457
ENSG00000267446,NaN
ENSG00000159314,0.6214496505219079
ENSG00000225190,0.08014493170916634
ENSG00000236234,NaN
ENSG00000267198,0.23979052956730404
ENSG00000186868,2.06311362714329
ENSG00000120071,4.847544409507823
ENSG00000214401,-1.0344709743404077
ENSG00000228696,-0.5955192400769942
ENSG00000176681,NaN
ENSG00000238083,1.058841761094769
ENSG00000185829,2.320647351843899
ENSG00000232300,2.299964583312435
ENSG00000073969,-0.026608938634474673
ENSG00000108379,-1.190999840218153
ENSG00000261886,-0.14915356006673763
ENSG00000108433,-0.3907646507605995
ENSG00000262879,1.9673057678581052
ENSG00000004897,0.585539975964844
ENSG00000262265,-1.1706363614620199
ENSG00000198336,NaN
ENSG00000259207,0.6032709397300349
ENSG00000263293,NaN
ENSG00000178852,-0.9979807365100483
ENSG00000253347,2.2819806682895734
ENSG00000141279,2.665737329670658
ENSG00000263766,1.5999621035387652
ENSG00000108424,0.6138416070632936
ENSG00000198933,3.473397454054813
ENSG00000006025,0.8448188545576184
ENSG00000159111,-1.4019159629682476
ENSG00000141294,-1.1371231905859673
ENSG00000141295,-1.5426037908364716
ENSG00000189120,NaN
ENSG00000264920,-0.8042160105342048
ENSG00000167182,-0.3635960137579006
ENSG00000234494,0.12637552090408996
ENSG00000108439,-1.562785015126109
ENSG00000167183,2.6600124550175006
ENSG00000108465,0.5725030129975994
ENSG00000005243,0.19473151702493036
ENSG00000263412,5.152135505377937
ENSG00000082641,3.193461580647983
ENSG00000278765,NaN
ENSG00000108468,-0.7460925214668034
ENSG00000002919,1.8423760740373984
ENSG00000141293,3.6248700240984166
ENSG00000173917,NaN
ENSG00000230148,-1.5840364664073066
ENSG00000120093,-1.1893216185035747
ENSG00000233101,-1.2166856786924012
ENSG00000182742,0.27774034271754666
ENSG00000257178,NaN
ENSG00000120075,0.47914117684831237
ENSG00000108511,-0.285497889498189
ENSG00000260027,-1.221311320513919
ENSG00000120068,-0.9615365669968224
ENSG00000170689,-0.8337115586845835
ENSG00000272763,-0.7430508509355669
ENSG00000244649,2.084265134329604
ENSG00000159184,-0.7894237081240109
ENSG00000170703,3.230811833877907
ENSG00000136436,-0.41366604476034546
ENSG00000159199,-0.8408259755789858
ENSG00000159202,0.5004869467981455
ENSG00000159210,-0.868198425927031
ENSG00000230532,NaN
ENSG00000159224,-0.6218943819997304
ENSG00000250838,-0.9662612677376189
ENSG00000159217,0.5312169234622628
ENSG00000251461,NaN
ENSG00000108798,NaN
ENSG00000177369,-1.053651547380874
ENSG00000198740,2.258604943781343
ENSG00000262039,NaN
ENSG00000167085,-0.3663500375491351
ENSG00000121067,-1.4611156234810287
ENSG00000121073,-1.338316643620754
ENSG00000250751,NaN
ENSG00000121104,1.024373635846042
ENSG00000136504,0.3788727751386592
ENSG00000176358,3.739846034687147
ENSG00000248954,NaN
ENSG00000254039,NaN
ENSG00000108813,-0.3989203262722681
ENSG00000246640,0.853642565646313
ENSG00000005884,2.4243253503285596
ENSG00000276851,-0.33917931380890703
ENSG00000005882,0.38189386381367973
ENSG00000167100,1.7107357449770815
ENSG00000108819,1.9504397824100363
ENSG00000108823,0.1484212129462574
ENSG00000108821,0.1157990542548542
ENSG00000249406,NaN
ENSG00000167105,-0.3431302929539456
ENSG00000251179,0.8671691049365781
ENSG00000015532,-0.8027221534082322
ENSG00000108826,-1.1068273848950128
ENSG00000154920,-1.0452422925616522
ENSG00000108829,-1.5268454282062378
ENSG00000167107,1.888234806686056
ENSG00000136444,-1.1065783318258076
ENSG00000136449,0.6494324039744458
ENSG00000250286,NaN
ENSG00000049283,NaN
ENSG00000006282,-0.928750631917477
ENSG00000006283,0.2278219068089627
ENSG00000251239,NaN
ENSG00000108846,2.2457127166330664
ENSG00000154945,-0.5128456476086674
ENSG00000262967,0.7427330440838616
ENSG00000108848,0.2109088523957742
ENSG00000285829,NaN
ENSG00000141232,0.657376655332841
ENSG00000229980,-0.22914593366028851
ENSG00000247011,1.1190178140025653
ENSG00000251665,NaN
ENSG00000008294,1.499055299111769
ENSG00000249870,1.7691578290412404
ENSG00000239672,-1.0364272894185613
ENSG00000243678,-0.9853152914714152
ENSG00000011258,0.4692449382611126
ENSG00000264895,2.7530502321843056
ENSG00000011260,-1.0327321608265583
ENSG00000267452,-0.1307052963324109
ENSG00000285939,NaN
ENSG00000141198,0.5940814726666049
ENSG00000166260,0.47694945835492164
ENSG00000275710,NaN
ENSG00000166263,0.47719846133071603
ENSG00000108924,NaN
ENSG00000108960,-0.2290448975952494
ENSG00000261873,NaN
ENSG00000166292,NaN
ENSG00000141179,-1.6702106566753179
ENSG00000214226,0.7847346775530348
ENSG00000283209,NaN
ENSG00000153933,0.3969623719528529
ENSG00000121060,-0.7881465061536551
ENSG00000274213,-0.385878529284508
ENSG00000121058,-0.8783965288766874
ENSG00000121064,0.6815180882430071
ENSG00000263120,NaN
ENSG00000263004,-1.4030664326038478
ENSG00000121057,4.528350829142813
ENSG00000263089,3.196185826074554
ENSG00000153944,1.5404636026134029
ENSG00000265542,-0.6394584618971773
ENSG00000181610,-0.7058536428334766
ENSG00000180891,3.119724846368896
ENSG00000264914,-0.05849216542033384
ENSG00000136451,0.09036624203632557
ENSG00000264112,-1.3040880575449445
ENSG00000136450,1.5841346358647796
ENSG00000264364,-0.4160701514259398
ENSG00000121053,NaN
ENSG00000011143,-0.9211861936718171
ENSG00000265148,3.325858841442276
ENSG00000213246,-0.956243699709461
ENSG00000108375,1.4584041141319544
ENSG00000176160,NaN
ENSG00000108389,2.2486956963710836
ENSG00000108387,2.378668298041468
ENSG00000121101,-0.05920543305171142
ENSG00000108384,-0.7878375225108631
ENSG00000175175,-0.9550228847455903
ENSG00000108395,2.0767198964491764
ENSG00000224738,2.4803036970034773
ENSG00000182628,0.47430393251674297
ENSG00000068489,-0.5012240793752984
ENSG00000265415,NaN
ENSG00000167447,-2.2790936839949945
ENSG00000153982,0.2527697005645412
ENSG00000175155,3.227840641693824
ENSG00000108406,0.9445503390431812
ENSG00000273702,0.10430128677147532
ENSG00000141367,4.026123479215164
ENSG00000141378,-0.2324082563283328
ENSG00000062716,3.1429857538009864
ENSG00000108423,-0.48737263907299017
ENSG00000108443,-0.29833156088393287
ENSG00000189050,-1.856589841836018
ENSG00000267302,0.17453175311854194
ENSG00000068097,-1.1251065690137902
ENSG00000267416,2.3201121496782733
ENSG00000267248,0.5348977833549458
ENSG00000170832,1.788672858374511
ENSG00000141371,NaN
ENSG00000062725,-0.4387450394205657
ENSG00000259349,2.578122069798292
ENSG00000170836,1.8070945380482146
ENSG00000141376,7.772316642671595
ENSG00000267207,NaN
ENSG00000286997,NaN
ENSG00000267131,-1.373328618540424
ENSG00000267280,-1.271412671873061
ENSG00000121068,-0.7502083233617557
ENSG00000187013,NaN
ENSG00000253506,NaN
ENSG00000136492,2.292479408259985
ENSG00000108506,-0.03558163781273551
ENSG00000108510,2.494580671232976
ENSG00000285879,0.35814040524025237
ENSG00000087995,-0.3457304359911037
ENSG00000146872,0.37457320311095993
ENSG00000264546,NaN
ENSG00000277463,NaN
ENSG00000274565,NaN
ENSG00000011028,3.146060110720032
ENSG00000265702,NaN
ENSG00000173838,NaN
ENSG00000287457,NaN
ENSG00000265000,NaN
ENSG00000283538,0.9905733759750889
ENSG00000170921,6.231116916549361
ENSG00000264513,-0.3460851311579243
ENSG00000233635,2.43541263408979
ENSG00000226797,NaN
ENSG00000263644,NaN
ENSG00000008283,-0.8041038286891028
ENSG00000136485,-0.3523906195033252
ENSG00000136463,-1.3692845199100618
ENSG00000198909,-0.4721999610235352
ENSG00000266173,0.25624344319657305
ENSG00000136490,-1.7559729261285377
ENSG00000108588,-0.6901029144520113
ENSG00000198231,0.34466333978900154
ENSG00000108592,-1.7068595447362276
ENSG00000087191,0.2690496851118865
ENSG00000108604,-0.6290742140749004
ENSG00000264954,NaN
ENSG00000224383,NaN
ENSG00000178607,2.721071338224268
ENSG00000286629,NaN
ENSG00000266402,1.542679377634869
ENSG00000136478,-0.2377563956897443
ENSG00000261371,NaN
ENSG00000271605,-2.0246037403271933
ENSG00000256525,1.1296811586845914
ENSG00000108654,1.8323044822553118
ENSG00000258890,2.3882876498515904
ENSG00000108854,1.2355820690920296
ENSG00000176809,4.363760030191772
ENSG00000265218,1.4514355277207416
ENSG00000266644,NaN
ENSG00000265912,NaN
ENSG00000120063,-0.8902800131877839
ENSG00000108370,-1.1743785744274364
ENSG00000168646,-0.32356024609614165
ENSG00000154240,1.895867690615976
ENSG00000091583,-0.6352223069815054
ENSG00000154229,3.499614172909224
ENSG00000264630,3.185851709227636
ENSG00000075461,0.5689583026210131
ENSG00000198265,0.7380504081138326
ENSG00000285877,NaN
ENSG00000266473,NaN
ENSG00000197170,-0.3381679635670494
ENSG00000154217,1.6865356075976374
ENSG00000130935,-0.42262926566506814
ENSG00000171634,4.464417608007541
ENSG00000266717,NaN
ENSG00000186665,-1.0749259529302748
ENSG00000182481,1.2684829363894767
ENSG00000278730,-0.8654797891191606
ENSG00000274561,1.9726987521813832
ENSG00000277476,-0.192859335582954
ENSG00000274712,NaN
ENSG00000265100,NaN
ENSG00000196704,-0.6042887197769683
ENSG00000141337,1.5164434575023238
ENSG00000108932,NaN
ENSG00000267009,-0.6119158554800909
ENSG00000070540,3.02648978249966
ENSG00000108946,-0.4275949261705631
ENSG00000108950,4.141391081474226
ENSG00000267461,NaN
ENSG00000267659,NaN
ENSG00000141338,0.5142487072588112
ENSG00000154263,2.2363264803600917
ENSG00000154265,-0.20100024948850403
ENSG00000108984,0.06380293129802278
ENSG00000227517,NaN
ENSG00000153822,1.332692273036916
ENSG00000267109,NaN
ENSG00000260785,NaN
ENSG00000228639,NaN
ENSG00000256124,-0.5344018917714557
ENSG00000234899,3.7347250319375145
ENSG00000125398,-1.5860060667302929
ENSG00000227036,3.7333062536344173
ENSG00000133195,1.5614991734984134
ENSG00000180616,NaN
ENSG00000166685,4.0670411361408485
ENSG00000277728,NaN
ENSG00000133193,-0.1731280983131633
ENSG00000141219,-1.5063326670413346
ENSG00000187959,NaN
ENSG00000179604,-0.2100412607926457
ENSG00000069188,-1.3869499869968063
ENSG00000177338,NaN
ENSG00000172809,-1.0458474264943054
ENSG00000141540,4.473827712808825
ENSG00000170412,0.9959723649208777
ENSG00000167851,NaN
ENSG00000172794,0.20141651902402247
ENSG00000109062,-1.9756719743396112
ENSG00000109065,3.8870231614782593
ENSG00000109066,0.4817207299078125
ENSG00000161509,-1.1373512710618379
ENSG00000161513,-0.8858209901878495
ENSG00000172782,NaN
ENSG00000167861,-0.6994099901520475
ENSG00000109089,-1.2388598836891453
ENSG00000167862,-0.6288694266903826
ENSG00000180901,-1.5544557800699674
ENSG00000167863,-0.04807378379611662
ENSG00000170190,2.0474120571694296
ENSG00000125449,2.93025126136321
ENSG00000125458,-1.2089048745546973
ENSG00000189159,-0.7704849622278533
ENSG00000265800,NaN
ENSG00000188612,-0.9392238331188009
ENSG00000125450,-0.3200064388438064
ENSG00000125447,0.8838570540540499
ENSG00000125445,-0.8378847166487042
ENSG00000125457,-2.130128211701157
ENSG00000263843,0.1766988175970436
ENSG00000125454,-0.7297205711545692
ENSG00000177885,-0.2751077780972209
ENSG00000265987,1.0753766428883689
ENSG00000264853,NaN
ENSG00000177728,-0.9058904895904102
ENSG00000177303,0.2837711157969239
ENSG00000182173,-1.2878668611789084
ENSG00000073350,1.2105352028369896
ENSG00000266714,1.2828244847343868
ENSG00000108469,-1.0289389238344284
ENSG00000259120,-1.1294344031969736
ENSG00000161526,0.7496942384346329
ENSG00000132470,4.051553394141027
ENSG00000108479,-1.037843965972719
ENSG00000132475,-0.9039053210446956
ENSG00000132478,-0.5667757587684491
ENSG00000092929,-1.3558349168073414
ENSG00000132471,-1.74194488440336
ENSG00000132481,0.3737528308040463
ENSG00000267801,NaN
ENSG00000141569,-1.0766003977856504
ENSG00000204316,-0.7718667560590853
ENSG00000188878,0.6278493430696034
ENSG00000161533,2.0039415953276745
ENSG00000257949,-1.5949346089666436
ENSG00000250506,0.09184814355157826
ENSG00000167880,-1.8317384579802964
ENSG00000167881,-1.7566517195508298
ENSG00000182687,-0.6003238771980538
ENSG00000182473,-0.7321498980008948
ENSG00000141576,-0.9314151726175498
ENSG00000185262,-0.6120014783775442
ENSG00000129646,2.9209540801353424
ENSG00000161542,-1.4492606039019946
ENSG00000176170,0.6858539713986542
ENSG00000175931,2.084170761160744
ENSG00000129673,NaN
ENSG00000129667,1.4717368753032913
ENSG00000161544,NaN
ENSG00000214140,NaN
ENSG00000267546,NaN
ENSG00000163597,-1.9880856004081953
ENSG00000284526,-0.015216333750288058
ENSG00000070731,NaN
ENSG00000070526,NaN
ENSG00000261335,NaN
ENSG00000182534,0.834658067517572
ENSG00000070495,-2.055258417224655
ENSG00000181038,-0.7096564414208226
ENSG00000161547,1.5945203437362103
ENSG00000092931,0.5854624669845468
ENSG00000167889,-0.24408803767570983
ENSG00000234912,1.0141448045378316
ENSG00000129657,0.2693634277214524
ENSG00000263718,NaN
ENSG00000184640,6.533476203988508
ENSG00000078687,0.707892500448745
ENSG00000141524,-0.8191280878435635
ENSG00000167895,NaN
ENSG00000108639,0.05272221139508773
ENSG00000167900,-1.6970260861347406
ENSG00000183077,-0.9447856405977875
ENSG00000089685,-1.7899956718879482
ENSG00000267737,0.20674306308213863
ENSG00000184557,-1.3953497714199643
ENSG00000087157,-1.5019133166729433
ENSG00000187775,3.3229572038136834
ENSG00000267432,0.17785853838780244
ENSG00000108669,1.2155798242902873
ENSG00000055483,-0.903561346769765
ENSG00000287539,0.07736312522976332
ENSG00000035862,0.7497832387011696
ENSG00000267491,NaN
ENSG00000108679,0.23421390146752985
ENSG00000171302,-1.1698327397181116
ENSG00000265096,NaN
ENSG00000173918,-0.4544436143089561
ENSG00000167280,0.25517074366606596
ENSG00000167281,2.2712815147433094
ENSG00000263278,5.166787667340324
ENSG00000173894,-0.016976565782115666
ENSG00000141570,-2.267242860879218
ENSG00000141582,0.39920917109777887
ENSG00000167291,-0.8061422958055058
ENSG00000141519,1.1617684153371366
ENSG00000171298,0.7090746951192978
ENSG00000141543,-1.4813291464042229
ENSG00000141527,0.47926724445184926
ENSG00000262580,3.005492355440085
ENSG00000181523,-0.5331108658779995
ENSG00000181045,2.463812103962423
ENSG00000173821,5.067854136946652
ENSG00000263069,3.6452272625925106
ENSG00000173818,-1.0062179986582351
ENSG00000171246,4.682305968911337
ENSG00000141564,0.7389669560795943
ENSG00000261924,NaN
ENSG00000176108,1.1549128593100124
ENSG00000226137,-0.7563692208215707
ENSG00000175866,-1.428660121340888
ENSG00000181409,3.4332515120758504
ENSG00000141577,-0.5311671686468202
ENSG00000167302,-0.8624072586326959
ENSG00000224877,-0.25400782576744546
ENSG00000157637,0.5606512674852973
ENSG00000185168,NaN
ENSG00000185332,NaN
ENSG00000287431,0.876275710810475
ENSG00000262223,NaN
ENSG00000262877,NaN
ENSG00000266074,-0.036942353911838116
ENSG00000184009,-0.9957346156328191
ENSG00000229848,-0.43164257849204857
ENSG00000186765,NaN
ENSG00000185504,-1.0706117469975185
ENSG00000182446,0.9864460868577463
ENSG00000182612,-0.5251063950803666
ENSG00000185527,-1.178318754810523
ENSG00000204237,-1.5198471122375716
ENSG00000185298,-1.1886651926307483
ENSG00000214087,-1.5473993246724247
ENSG00000185359,-1.8093194135871968
ENSG00000275902,NaN
ENSG00000262049,2.921250164934726
ENSG00000262814,-0.7176244228811725
ENSG00000183048,-0.6631695397982849
ENSG00000225663,-2.257768650620312
ENSG00000185624,1.2464706132503292
ENSG00000262831,NaN
ENSG00000141522,-1.4063767281645956
ENSG00000263731,-0.7313624859230903
ENSG00000183684,-2.02378358207363
ENSG00000141552,-0.5972869785864027
ENSG00000183979,NaN
ENSG00000185813,1.286186475936691
ENSG00000187531,-1.2851923313808253
ENSG00000197063,2.4207550942298544
ENSG00000265688,-2.093533549963311
ENSG00000183010,-0.9848660244559511
ENSG00000185105,NaN
ENSG00000169696,-1.0591505452326564
ENSG00000169689,-1.6062428154766768
ENSG00000169683,0.9677297350634562
ENSG00000169750,-1.182900294620826
ENSG00000169738,-1.430567284815309
ENSG00000169733,-0.6136481065611933
ENSG00000169727,-1.2789305993753524
ENSG00000169718,-0.6028733367171116
ENSG00000169710,0.7664839092402629
ENSG00000176155,2.7709610829128857
ENSG00000264548,NaN
ENSG00000141526,-0.3335622258077479
ENSG00000141551,2.2766860093053984
ENSG00000287737,NaN
ENSG00000265692,-0.7741799580815655
ENSG00000260563,-0.5293483708934856
ENSG00000141574,NaN
ENSG00000182459,NaN
ENSG00000260011,-0.8065156216855861
ENSG00000181396,1.457083937719628
ENSG00000264812,NaN
ENSG00000169660,-0.8051672083623237
ENSG00000279066,3.3455328683889047
ENSG00000178927,-0.6635829874764174
ENSG00000265458,NaN
ENSG00000141562,0.5284224267370582
ENSG00000266445,NaN
ENSG00000141568,0.8821291774190188
ENSG00000261845,0.3860441090993117
ENSG00000141580,-0.2263811783200054
ENSG00000141542,0.6765338501545288
ENSG00000141560,-0.5095325370651632
ENSG00000167363,-0.45095864583597234
ENSG00000262410,NaN
ENSG00000141556,-1.7422005644333927
ENSG00000175711,0.8093710322095977
ENSG00000176845,0.050174778551754624
ENSG00000101557,0.22451204615709258
ENSG00000079134,0.08327502695580236
ENSG00000079101,NaN
ENSG00000176912,-1.0858848737940672
ENSG00000176890,-1.981089856309367
ENSG00000132199,1.3604784235494096
ENSG00000176105,-0.4722804362332562
ENSG00000266171,NaN
ENSG00000273355,NaN
ENSG00000263551,NaN
ENSG00000132204,1.595260501068941
ENSG00000286975,NaN
ENSG00000101574,0.0801768183387917
ENSG00000266783,NaN
ENSG00000080986,-1.3631377798133353
ENSG00000101596,1.2214795647646508
ENSG00000266049,0.46579200420840394
ENSG00000132205,-0.2834899121261486
ENSG00000101577,-0.6714367283717504
ENSG00000265907,4.046882892006573
ENSG00000266397,NaN
ENSG00000101605,0.9059552236713677
ENSG00000265399,NaN
ENSG00000272688,-1.1589066957650656
ENSG00000101608,-0.7661757516426131
ENSG00000264235,NaN
ENSG00000118680,0.15452618044679983
ENSG00000266578,-0.18172273634449668
ENSG00000259256,2.4608092493532268
ENSG00000177426,-0.20553650570257923
ENSG00000266835,-0.9898587616752048
ENSG00000170579,0.9445297274651658
ENSG00000177337,-1.958191558196331
ENSG00000262001,-1.1187789557771453
ENSG00000266401,0.38179936542932325
ENSG00000263878,NaN
ENSG00000266268,NaN
ENSG00000264575,NaN
ENSG00000263753,-0.010553918128413874
ENSG00000198081,-1.3681455476573483
ENSG00000082397,NaN
ENSG00000154655,-1.0698224771497895
ENSG00000265944,NaN
ENSG00000101680,NaN
ENSG00000173482,3.621729273069915
ENSG00000266767,1.07194538671035
ENSG00000264596,0.8535479252411537
ENSG00000265413,-1.7777710154137174
ENSG00000206418,-0.06318133312105874
ENSG00000265962,-0.525248887712293
ENSG00000168502,3.2329221583282726
ENSG00000272788,NaN
ENSG00000178127,-1.3474589027505188
ENSG00000263847,NaN
ENSG00000266053,-0.7452532084202513
ENSG00000101745,1.0854599733331567
ENSG00000273284,NaN
ENSG00000264964,2.305121379363249
ENSG00000128791,0.1666680897767232
ENSG00000287509,-0.4840129393932992
ENSG00000017797,-1.2573167821299567
ENSG00000154845,0.8220980766914976
ENSG00000168461,0.6224795292170551
ENSG00000101558,-0.37596594510909287
ENSG00000134265,2.4221867228853493
ENSG00000265728,NaN
ENSG00000260779,NaN
ENSG00000154864,-0.9487581728612735
ENSG00000141404,2.598987957388664
ENSG00000286812,NaN
ENSG00000255112,-0.3156359063259939
ENSG00000272703,NaN
ENSG00000154889,0.243083290250857
ENSG00000273141,NaN
ENSG00000141401,-0.7620087885408533
ENSG00000176014,-1.4106692433426238
ENSG00000141385,-1.0986632759379078
ENSG00000141391,-0.8123320361739472
ENSG00000267199,NaN
ENSG00000134278,1.4453391356929117
ENSG00000128789,-1.5842693441854194
ENSG00000101624,3.2356436581583314
ENSG00000267249,NaN
ENSG00000175354,-0.6506419018998997
ENSG00000085415,-0.17780690290835874
ENSG00000101639,1.0923176704978728
ENSG00000168675,4.3227088987266855
ENSG00000267702,NaN
ENSG00000272746,NaN
ENSG00000177150,0.1882086996178309
ENSG00000101654,0.39214985320911344
ENSG00000175322,-1.1154486022554047
ENSG00000286593,NaN
ENSG00000180777,NaN
ENSG00000067900,0.49017960223429907
ENSG00000265984,NaN
ENSG00000141449,0.5511033341436705
ENSG00000265751,NaN
ENSG00000141446,0.5976603998428505
ENSG00000167088,-1.00470866709648
ENSG00000158201,2.7181998182646643
ENSG00000264188,NaN
ENSG00000265656,NaN
ENSG00000101752,1.2476030799780404
ENSG00000264149,NaN
ENSG00000141448,2.1050270501099506
ENSG00000264825,NaN
ENSG00000265943,0.4825157855458233
ENSG00000266850,NaN
ENSG00000101773,0.789145256439609
ENSG00000134508,-0.4280001509007023
ENSG00000134490,-1.0321569355270426
ENSG00000266495,NaN
ENSG00000101782,1.232601918774134
ENSG00000141452,-1.2686866235176313
ENSG00000141458,1.3880578355914368
ENSG00000154065,-0.6676046776787856
ENSG00000053747,0.5697715937840121
ENSG00000265752,NaN
ENSG00000168234,-0.289820069601654
ENSG00000265204,NaN
ENSG00000154040,-0.7696515882286002
ENSG00000141447,2.1073068193135933
ENSG00000154059,-1.4117694754463768
ENSG00000141380,2.2407020503107375
ENSG00000154611,NaN
ENSG00000141384,0.8809593781628552
ENSG00000134504,0.6290182854320955
ENSG00000277534,-0.7787402394641142
ENSG00000260372,2.6128061362301622
ENSG00000154080,NaN
ENSG00000170558,1.7473536879260232
ENSG00000265670,NaN
ENSG00000134762,NaN
ENSG00000134755,-0.33440653367429035
ENSG00000134760,NaN
ENSG00000046604,0.5755885554118051
ENSG00000118276,0.2601976125265091
ENSG00000259985,-0.5360836998817439
ENSG00000153339,0.8536935368373683
ENSG00000101695,1.529469385720704
ENSG00000265008,NaN
ENSG00000134758,1.3776342762468838
ENSG00000141441,0.91766915013214
ENSG00000285095,NaN
ENSG00000268873,NaN
ENSG00000166974,-0.860148028981222
ENSG00000274400,NaN
ENSG00000186812,-1.0300643622341774
ENSG00000186814,NaN
ENSG00000268573,NaN
ENSG00000172466,-1.1729882233773132
ENSG00000153391,1.4833967635006529
ENSG00000141429,0.8045637122491566
ENSG00000267397,-1.5622731551850675
ENSG00000141428,-0.5829467750728027
ENSG00000141425,-0.013830361916026592
ENSG00000141424,0.38995729859928707
ENSG00000134759,-0.0523808618511334
ENSG00000260552,-1.3908602091580693
ENSG00000075643,0.38056642281845865
ENSG00000134775,3.581463903427322
ENSG00000134779,-1.2086957245194903
ENSG00000150477,1.8842711091222764
ENSG00000101489,NaN
ENSG00000267707,NaN
ENSG00000267374,5.008214636712742
ENSG00000283458,NaN
ENSG00000286559,NaN
ENSG00000078142,1.6777785284045725
ENSG00000267586,NaN
ENSG00000152214,NaN
ENSG00000267337,NaN
ENSG00000152217,2.672103914074508
ENSG00000141469,NaN
ENSG00000152223,1.983985425676612
ENSG00000152229,NaN
ENSG00000152234,-1.3195733869858104
ENSG00000152240,-0.7903166789012678
ENSG00000152242,1.3958639319649713
ENSG00000141622,-1.3117809707134938
ENSG00000270112,NaN
ENSG00000078043,3.2199694027639008
ENSG00000167216,2.9496206852069666
ENSG00000266957,-0.45136701907316057
ENSG00000167220,-0.053469832981546
ENSG00000134049,-1.475475023114926
ENSG00000175387,0.26687516885463
ENSG00000184828,3.6928243233609526
ENSG00000134030,0.07774598962915133
ENSG00000267762,NaN
ENSG00000267764,-0.8853035247321431
ENSG00000101665,0.212853780509825
ENSG00000141627,0.3494790973669326
ENSG00000265128,NaN
ENSG00000266696,NaN
ENSG00000177576,-1.8726851881384674
ENSG00000265681,-1.0714904318716103
ENSG00000101670,NaN
ENSG00000167315,-1.900999987321453
ENSG00000267322,0.1522848924198344
ENSG00000167306,0.6382413732055576
ENSG00000172361,2.724182037917918
ENSG00000141644,0.031658792814025505
ENSG00000154832,0.22620634225198835
ENSG00000154839,-0.169509677221821
ENSG00000141639,NaN
ENSG00000082212,-0.6241117776941626
ENSG00000141642,-0.3330371792304649
ENSG00000141646,-0.8251178176248377
ENSG00000176624,0.6332044664514206
ENSG00000187323,NaN
ENSG00000134046,-1.892994013787418
ENSG00000101751,0.13077702298480273
ENSG00000166845,0.8269956328824996
ENSG00000041353,1
ENSG00000267112,NaN
ENSG00000166510,0.3587990526846855
ENSG00000196628,1.3558330836648695
ENSG00000267028,2.416423434220974
ENSG00000267284,NaN
ENSG00000091164,-2.186484752966025
ENSG00000091157,1.6371338669691806
ENSG00000119547,2.127446370271013
ENSG00000066926,1.43089450550344
ENSG00000134440,-0.613870262927002
ENSG00000267040,5.936873930710182
ENSG00000267787,2.592279508515324
ENSG00000081923,4.313957072451857
ENSG00000049759,2.995444227117832
ENSG00000198796,1.2313356682108818
ENSG00000267579,NaN
ENSG00000172175,1.5429977869697662
ENSG00000267476,3.4583348477533855
ENSG00000074657,2.1616021826590455
ENSG00000166562,-1.9299952458164191
ENSG00000074695,1.5962689907256822
ENSG00000183287,1.7086674325479592
ENSG00000141682,-0.29946891149507965
ENSG00000267279,-0.4973691682652628
ENSG00000267175,NaN
ENSG00000197563,0.9921120141310739
ENSG00000134444,1.2407209429240695
ENSG00000266900,NaN
ENSG00000141655,2.509518713903827
ENSG00000267341,NaN
ENSG00000141664,-1.6919125888821376
ENSG00000081913,2.5138910979327638
ENSG00000171791,-0.02815999482009512
ENSG00000119537,-0.6124994738350839
ENSG00000267390,1.4273347012953224
ENSG00000119541,-1.253326381728813
ENSG00000206072,NaN
ENSG00000057149,0.4670667637121937
ENSG00000166396,1.3293128653697617
ENSG00000242550,NaN
ENSG00000221887,2.1191491602008132
ENSG00000166401,-1.7801375088705238
ENSG00000081138,NaN
ENSG00000071991,6.230200744113036
ENSG00000171451,0.6732253517217389
ENSG00000166479,0.5607987613260885
ENSG00000150636,-1.6154760016629102
ENSG00000206052,NaN
ENSG00000150637,-0.9051793032022918
ENSG00000176225,2.6572637810756476
ENSG00000170677,0.3220326222400496
ENSG00000266258,2.7606541847202406
ENSG00000266278,3.312800203077997
ENSG00000141668,NaN
ENSG00000263711,-0.09046152882630765
ENSG00000261780,2.6729094328335923
ENSG00000263655,NaN
ENSG00000141665,1.031893480035219
ENSG00000075336,-1.5056939609131523
ENSG00000166347,-0.6252204119603108
ENSG00000133313,-2.543913548202589
ENSG00000264247,2.73810713188861
ENSG00000215421,1.6641421220068389
ENSG00000180011,-1.0525190489072787
ENSG00000179981,2.2694872574349385
ENSG00000101493,-0.15577853023339772
ENSG00000263982,NaN
ENSG00000265778,NaN
ENSG00000275763,NaN
ENSG00000264278,0.16005925913607738
ENSG00000130856,-0.7602398483311381
ENSG00000197971,1.0621767002044933
ENSG00000166573,NaN
ENSG00000166377,0.05299041322403615
ENSG00000267015,-0.8168902317443167
ENSG00000131196,-1.191260655334224
ENSG00000178412,NaN
ENSG00000274828,NaN
ENSG00000060069,0.9959369433800055
ENSG00000122490,-1.385719221485297
ENSG00000226742,-0.8597012570170531
ENSG00000141759,-1.4579030470747139
ENSG00000267127,NaN
ENSG00000101546,-1.8652859075618256
ENSG00000261126,NaN
ENSG00000101544,2.1288213621466676
ENSG00000267270,0.07852702934799481
ENSG00000178184,-1.4090535388219392
ENSG00000278000,NaN
ENSG00000282508,NaN
ENSG00000141934,-0.0013652648655084463
ENSG00000105556,-1.2058836402659454
ENSG00000183186,NaN
ENSG00000129946,NaN
ENSG00000099866,1.4071415004244454
ENSG00000141933,-1.9086984003673226
ENSG00000099804,-1.1485506051181036
ENSG00000197540,NaN
ENSG00000267751,-0.9186750956808623
ENSG00000172270,1.4077990305267214
ENSG00000099822,0.5547330924825853
ENSG00000099821,-0.0811947254156111
ENSG00000070388,NaN
ENSG00000070423,0.009104153691314202
ENSG00000267666,NaN
ENSG00000070404,2.692074197177607
ENSG00000099864,-0.33923922130548434
ENSG00000099812,-0.5454530266184588
ENSG00000272473,NaN
ENSG00000267530,-0.11056505077551186
ENSG00000011304,-1.1385510752622494
ENSG00000129951,-0.050567414108809994
ENSG00000172232,0.8841683690601658
ENSG00000196415,1.3062036736157507
ENSG00000197561,-0.10866137712087191
ENSG00000197766,-0.1985659402627505
ENSG00000175221,0.5045924830450372
ENSG00000198858,1.2364356149352624
ENSG00000116014,NaN
ENSG00000116017,0.4624330456748545
ENSG00000065268,-2.174405715264139
ENSG00000116032,2.1692629277605144
ENSG00000182087,-1.277125252429079
ENSG00000064666,-2.3885221697925823
ENSG00000064687,-0.5316869155710329
ENSG00000180448,6.79954406768122
ENSG00000099817,-0.9743925215399477
ENSG00000167468,-1.0951080762116114
ENSG00000064932,0.6014155774685841
ENSG00000118046,0.6694372672699961
ENSG00000099625,0.16031556994871543
ENSG00000267778,NaN
ENSG00000099624,-0.8346579826859108
ENSG00000167470,-0.7938783304682072
ENSG00000099622,-0.342306292537344
ENSG00000267493,0.5900679882730935
ENSG00000228300,-1.4505846091978374
ENSG00000099617,2.739625402111586
ENSG00000160953,1.207419126203227
ENSG00000115286,-1.5657932986752265
ENSG00000130005,-2.259911678765763
ENSG00000071626,-1.8397432155541666
ENSG00000115268,-1.1422843532742393
ENSG00000268798,0.7617965743842808
ENSG00000115266,NaN
ENSG00000267317,NaN
ENSG00000119559,-0.056022340473461905
ENSG00000115257,0.5702017932578183
ENSG00000115255,-0.636896389642577
ENSG00000185761,-0.8025734193298365
ENSG00000181588,-0.47323770939850873
ENSG00000071655,-0.4971324633721248
ENSG00000127540,-0.6899212835404067
ENSG00000071564,3.931798136055082
ENSG00000267073,NaN
ENSG00000130270,2.2633287236514428
ENSG00000079313,-1.10194454166815
ENSG00000267007,NaN
ENSG00000129911,-0.36685828182843166
ENSG00000261526,1.9291227111647071
ENSG00000129968,-1.8433977588831338
ENSG00000227500,-0.30738055840930584
ENSG00000213638,NaN
ENSG00000133275,0.05071146434291991
ENSG00000133243,0.006953102733925895
ENSG00000267283,NaN
ENSG00000099875,-2.387496187718974
ENSG00000172081,-0.4588075513074492
ENSG00000099840,-1.1887062973931295
ENSG00000065000,-0.6128918929810847
ENSG00000104885,2.1918093402357455
ENSG00000104886,-1.6159579802892097
ENSG00000104897,-1.7217635577221184
ENSG00000104899,-0.21586152434754144
ENSG00000104904,-0.49835493539299863
ENSG00000130332,-1.3054720836474354
ENSG00000005206,-1.9374510105188214
ENSG00000178297,4.608650494568435
ENSG00000099800,-1.3621991200455514
ENSG00000176619,-0.9332711058406886
ENSG00000267201,2.116292214381971
ENSG00000099860,0.7684146582746194
ENSG00000176533,-0.3746823432074895
ENSG00000176490,NaN
ENSG00000141873,-2.4826379089940973
ENSG00000104969,-0.22485766539360227
ENSG00000172009,0.796661891288428
ENSG00000172006,4.906816968673615
ENSG00000186300,1.3374723759226863
ENSG00000172000,NaN
ENSG00000171970,0.4512789060285888
ENSG00000253392,-1.1336762125500022
ENSG00000175691,-0.8980981109049859
ENSG00000104953,-1.5962965878827606
ENSG00000065717,-1.7040199646545853
ENSG00000104964,-0.7657396532151345
ENSG00000088256,-1.9284212286726556
ENSG00000267551,NaN
ENSG00000125910,NaN
ENSG00000125912,0.8016519718077243
ENSG00000161082,1.5720796701906996
ENSG00000141905,-0.20804163044459442
ENSG00000129932,-1.556979586842726
ENSG00000105325,2.304428827202158
ENSG00000161091,-0.13528903786215665
ENSG00000183397,NaN
ENSG00000267436,-1.7115590605019337
ENSG00000267231,NaN
ENSG00000064961,-1.1049178011050431
ENSG00000006638,NaN
ENSG00000105298,-1.2226604137363866
ENSG00000186111,1.3536260364865185
ENSG00000105289,-1.4098002532260585
ENSG00000011132,0.03343051255239836
ENSG00000183617,-1.832425583060276
ENSG00000007264,NaN
ENSG00000105278,1.6488554171404062
ENSG00000167654,NaN
ENSG00000167657,-0.7376307871138041
ENSG00000167658,0.03146834001835269
ENSG00000105229,-2.4619538151368987
ENSG00000178951,-0.524262695366582
ENSG00000126934,1.275658229669247
ENSG00000077463,-0.551410970713078
ENSG00000089847,-1.1401827600462973
ENSG00000105246,1.4071097130227739
ENSG00000105248,-1.4529948328480764
ENSG00000105255,0.3843006191716217
ENSG00000178078,3.5227351059149306
ENSG00000008382,-0.6805132409463014
ENSG00000269807,NaN
ENSG00000269318,NaN
ENSG00000141985,-1.2213123742662768
ENSG00000167670,0.5120801849842802
ENSG00000167671,-0.9456587231490288
ENSG00000267011,NaN
ENSG00000167674,-0.5043812902990835
ENSG00000214456,NaN
ENSG00000171236,NaN
ENSG00000167680,-0.8998188592209736
ENSG00000185361,-1.729334763265342
ENSG00000074842,-0.18368559007889912
ENSG00000142002,-0.7966770901371333
ENSG00000205790,NaN
ENSG00000141965,0.6684096679601078
ENSG00000269604,-0.7672397611511612
ENSG00000127666,-1.0781216335244834
ENSG00000105355,-0.8365059672703462
ENSG00000205784,NaN
ENSG00000276043,-1.387567140105586
ENSG00000127663,1.3049669067035932
ENSG00000105426,1.5649574079345636
ENSG00000223573,-1.3416334541941757
ENSG00000130254,-1.4648914003877727
ENSG00000160633,0.08953410728791893
ENSG00000130255,-1.1483343561678427
ENSG00000174917,-0.4997879387765179
ENSG00000167733,0.2990565660126969
ENSG00000196365,-1.141109178027048
ENSG00000174898,NaN
ENSG00000212123,NaN
ENSG00000141994,-0.0018338253090603527
ENSG00000171119,0.5371559793914539
ENSG00000156413,NaN
ENSG00000174886,-1.6470023690787179
ENSG00000187650,NaN
ENSG00000267571,1.7106143954896296
ENSG00000105519,NaN
ENSG00000031823,0.8089387616027806
ENSG00000266983,2.380802013411675
ENSG00000087903,0.16453801307340113
ENSG00000267262,NaN
ENSG00000267299,NaN
ENSG00000130377,NaN
ENSG00000130382,-0.3489522347912961
ENSG00000267563,NaN
ENSG00000125656,-1.4829920038089475
ENSG00000125652,-2.0595872119992134
ENSG00000125650,0.36283779632155255
ENSG00000125651,-1.1675811553893913
ENSG00000088247,-1.8791984418752257
ENSG00000181240,NaN
ENSG00000125648,0.2991056614978533
ENSG00000130545,-1.1908828143922132
ENSG00000275234,NaN
ENSG00000104833,-1.556847692840953
ENSG00000125657,1.6410362233607956
ENSG00000125726,3.1759038455510074
ENSG00000125735,NaN
ENSG00000125730,-0.015217485264183594
ENSG00000125734,0.7886332185542996
ENSG00000125733,0.6781354298331702
ENSG00000125731,2.8046362477765876
ENSG00000141968,-0.7723380434129137
ENSG00000174837,-1.109331033009476
ENSG00000130544,0.015072992982598248
ENSG00000171105,1.409298217292146
ENSG00000263264,5.392709475177662
ENSG00000267852,NaN
ENSG00000104880,0.8062668797398441
ENSG00000104883,-0.6721476746477061
ENSG00000198816,-2.5323943605455166
ENSG00000090674,0.663851696000647
ENSG00000032444,-1.49844269669483
ENSG00000076826,0.22775727128039225
ENSG00000076924,-0.10253087005960268
ENSG00000229833,-0.517234575450053
ENSG00000076944,-1.1613672954299943
ENSG00000181029,-0.6831249523793514
ENSG00000142459,3.256460773103633
ENSG00000183248,NaN
ENSG00000171017,1.423181796676681
ENSG00000214248,0.42973115977896564
ENSG00000076984,-1.308996707846908
ENSG00000260001,-1.1440018208163465
ENSG00000104976,-2.170737849543139
ENSG00000178531,-2.0932461523343373
ENSG00000269139,NaN
ENSG00000104980,-0.176953278019465
ENSG00000286138,NaN
ENSG00000066044,-0.2753018023770399
ENSG00000267939,NaN
ENSG00000090661,0.7100510052399953
ENSG00000167775,-0.07094944178906681
ENSG00000267855,-2.162068102041229
ENSG00000233927,-0.9549550060807155
ENSG00000186994,2.528775570674717
ENSG00000167772,2.8604947442907407
ENSG00000269386,0.032674351322996516
ENSG00000185236,-1.923115073511325
ENSG00000099785,-0.7795469116131873
ENSG00000099783,2.187425223527901
ENSG00000133246,NaN
ENSG00000133250,0.431186895167218
ENSG00000142347,-0.5266711720089808
ENSG00000142303,0.6216283142501936
ENSG00000268480,NaN
ENSG00000167785,1.958224743184544
ENSG00000170948,NaN
ENSG00000181143,NaN
ENSG00000130803,-0.837408565899702
ENSG00000196110,1.1934531263421924
ENSG00000188321,1.0227885886535588
ENSG00000188629,3.591388111716326
ENSG00000283108,NaN
ENSG00000174652,1.6498800942288578
ENSG00000198028,NaN
ENSG00000130818,-0.8495916658641852
ENSG00000197961,0.43459761580350686
ENSG00000171469,3.874758276869135
ENSG00000267106,NaN
ENSG00000171466,1.7520102332173961
ENSG00000196605,-0.11854434633598893
ENSG00000127452,0.33014017862993517
ENSG00000198258,-0.8314605889321036
ENSG00000127445,-1.230455632186157
ENSG00000105088,0.6228939086379649
ENSG00000130813,1.1561796438442946
ENSG00000130810,-1.128013657963749
ENSG00000244165,-0.4098365471784567
ENSG00000130811,-1.6847634465874985
ENSG00000130816,-0.5938278675046369
ENSG00000267534,NaN
ENSG00000105364,-1.63277651984368
ENSG00000266978,1.998420119243073
ENSG00000090339,NaN
ENSG00000220201,NaN
ENSG00000267673,-1.8912077631820217
ENSG00000161847,0.2060988403215355
ENSG00000076662,0.7098725607999877
ENSG00000105397,1.8470915457639498
ENSG00000105401,-0.1507420782217571
ENSG00000065989,0.408714116485003
ENSG00000079999,-1.8752787263512731
ENSG00000180739,NaN
ENSG00000130734,-0.9917968399441305
ENSG00000129347,-1.3012274752720763
ENSG00000129355,-0.9720287936102344
ENSG00000129354,-2.3082938259317523
ENSG00000129353,-1.1723031843553091
ENSG00000267100,-2.0061615441412846
ENSG00000129351,-1.3392517970508173
ENSG00000213339,-1.9878206534681462
ENSG00000079805,-0.3497621724085306
ENSG00000099203,-2.4058894284048047
ENSG00000214212,0.06476787882237806
ENSG00000142453,-0.511517279765072
ENSG00000130733,0.3929599402048489
ENSG00000142444,-1.5532241909996163
ENSG00000127616,2.4038501296872217
ENSG00000130164,1.45419085289069
ENSG00000161888,0.28465737274105835
ENSG00000197256,-0.8536416344886184
ENSG00000130158,-1.6353927033424744
ENSG00000267082,NaN
ENSG00000267174,0.36647542934186395
ENSG00000105514,2.8790867300032406
ENSG00000105518,-0.05223380579223389
ENSG00000183401,2.388928842577156
ENSG00000105520,-1.14902731897606
ENSG00000173928,1.0156463845604924
ENSG00000187266,0.3902184188947473
ENSG00000205517,-0.6698937602601532
ENSG00000198003,1.7266161233461337
ENSG00000130175,1.3799634183840743
ENSG00000161914,1.0524459391644045
ENSG00000130159,-1.3326878701344174
ENSG00000130165,-2.4830649457985112
ENSG00000198551,1.1122880632083447
ENSG00000197332,NaN
ENSG00000197933,-1.1588623734458756
ENSG00000196757,NaN
ENSG00000132010,NaN
ENSG00000196646,1.4508384053081336
ENSG00000197857,-0.47718811972700953
ENSG00000196466,-1.4407706606018882
ENSG00000180855,2.2598033817761998
ENSG00000234848,NaN
ENSG00000242852,-0.34141824766728596
ENSG00000249709,2.8610508181709617
ENSG00000188033,1.0886463082714262
ENSG00000173875,-0.20491604050497558
ENSG00000104774,1.2466578481648771
ENSG00000123154,1.3429756583388381
ENSG00000105583,-1.6486898303225852
ENSG00000095059,-0.8516480578190078
ENSG00000268945,-0.277717959128928
ENSG00000132004,-1.867303813735502
ENSG00000105576,0.6412655374865515
ENSG00000123144,-0.9787157319166889
ENSG00000198356,-1.0116564215648667
ENSG00000095066,-0.7153175197517835
ENSG00000171223,0.8667552349589019
ENSG00000167815,NaN
ENSG00000104889,-0.8480224255035859
ENSG00000132026,NaN
ENSG00000105613,0.1998843603592309
ENSG00000105612,-0.25052312620960504
ENSG00000105607,-0.6224128120450673
ENSG00000161860,-2.3903082092988033
ENSG00000179115,-0.24235442992461814
ENSG00000179218,1.0903810799501248
ENSG00000267458,0.8475791158826989
ENSG00000179262,-1.4047747551972414
ENSG00000179271,-1.4582505282876157
ENSG00000179284,3.672156060521389
ENSG00000008441,0.21168820742033137
ENSG00000104907,0.8439506408510002
ENSG00000160877,-1.1675584797403225
ENSG00000104915,-1.4001381274778169
ENSG00000160888,0.14865942657690145
ENSG00000287296,NaN
ENSG00000141837,NaN
ENSG00000104957,0.012153801827301872
ENSG00000037757,-0.41946450909928124
ENSG00000104979,-1.4294893385074827
ENSG00000132003,-0.10333291619115773
ENSG00000267519,0.6095341600155517
ENSG00000187556,-0.183035848358889
ENSG00000132016,NaN
ENSG00000132024,-0.523754855651079
ENSG00000132000,-0.9854444787690418
ENSG00000132017,-0.14489562717840207
ENSG00000132005,-0.5799900347039929
ENSG00000104998,0.1826652680893041
ENSG00000187867,NaN
ENSG00000141854,-0.9698996331176696
ENSG00000141858,-1.3129915319156917
ENSG00000072062,-1.6106104353561619
ENSG00000267783,NaN
ENSG00000105011,3.528993975211239
ENSG00000267169,-0.6053471908367607
ENSG00000072071,1.2761895572639697
ENSG00000266913,0.08585531318311405
ENSG00000267147,-1.2979514384450437
ENSG00000123146,-0.3252507320251931
ENSG00000267379,-0.8205483870766689
ENSG00000123136,-1.0124320316025435
ENSG00000123143,-1.9613457392461138
ENSG00000267474,3.126072753624214
ENSG00000160951,NaN
ENSG00000123159,0.10460616679386553
ENSG00000132002,-1.4601202699942888
ENSG00000099797,-0.30591572397997197
ENSG00000099795,-0.8666305479440889
ENSG00000131355,NaN
ENSG00000160961,1.0159194434110288
ENSG00000127507,-3.830478983054215
ENSG00000105137,-1.181157550601385
ENSG00000105135,0.9518403796004445
ENSG00000074181,0.5966135007910821
ENSG00000269635,NaN
ENSG00000105131,NaN
ENSG00000141867,0.08198016388048016
ENSG00000105127,-0.30147510318562826
ENSG00000011243,-0.06943084152786616
ENSG00000011451,-1.6930202090121584
ENSG00000186529,-0.6818711674159315
ENSG00000186204,0.6685227589175609
ENSG00000186723,NaN
ENSG00000267308,NaN
ENSG00000171903,2.147501754634151
ENSG00000167460,-0.00105360722150114
ENSG00000167461,-1.2076981099228592
ENSG00000196684,1.45597830295506
ENSG00000105058,-2.1854936881337936
ENSG00000267033,NaN
ENSG00000072958,-0.017730780218704653
ENSG00000267275,NaN
ENSG00000127528,0.23318420004657042
ENSG00000127527,-0.6994773257500302
ENSG00000269058,NaN
ENSG00000105072,2.5323490641227897
ENSG00000085872,-1.121761177781411
ENSG00000127526,0.7461863841350976
ENSG00000279529,0.6856091918720699
ENSG00000105085,-0.8669556996858696
ENSG00000269578,NaN
ENSG00000214046,-2.5249694460500254
ENSG00000269044,3.9718980655170126
ENSG00000267904,5.281040735155256
ENSG00000072954,0.6519841308114405
ENSG00000127511,1.7126605994550095
ENSG00000131351,-2.11781146667276
ENSG00000268289,NaN
ENSG00000099331,0.9104015324729221
ENSG00000268056,NaN
ENSG00000053501,-2.513847218078836
ENSG00000099330,-1.0720673936806449
ENSG00000160113,-0.17689118841261375
ENSG00000130307,NaN
ENSG00000105393,-1.6937998015077411
ENSG00000160117,NaN
ENSG00000127220,0.1727031275743605
ENSG00000130312,-1.54070412429588
ENSG00000130311,-2.968777904646858
ENSG00000074855,-0.2569395157941677
ENSG00000130299,-0.28152330789368973
ENSG00000130303,NaN
ENSG00000141971,-1.7659631964459475
ENSG00000188051,-3.813600101979505
ENSG00000130304,-0.9645688360108602
ENSG00000269439,3.6449369680120607
ENSG00000130313,-1.3649451916211472
ENSG00000167483,NaN
ENSG00000130309,0.03501146061047785
ENSG00000130477,1.300008429128064
ENSG00000130479,0.5172784788961553
ENSG00000268112,NaN
ENSG00000130475,-1.7372123462690081
ENSG00000179913,0.08299721029732408
ENSG00000248099,0.4460617814751545
ENSG00000105639,0.47212897659323644
ENSG00000105640,-1.1364511978618983
ENSG00000007080,-1.2950781808185174
ENSG00000105642,NaN
ENSG00000105643,-1.1243994230209196
ENSG00000099308,-1.5428997122848804
ENSG00000269145,NaN
ENSG00000105647,-1.0557031084656092
ENSG00000216490,-0.32648366196393336
ENSG00000254858,-1.31570599504552
ENSG00000105649,NaN
ENSG00000268650,NaN
ENSG00000105650,NaN
ENSG00000130518,0.9956786641649603
ENSG00000130522,-0.586416976402914
ENSG00000130520,-1.1115318433399226
ENSG00000130517,-1.017785086766696
ENSG00000130513,-0.11890230728840968
ENSG00000130511,-1.2505743003232888
ENSG00000105655,-1.4185008548098497
ENSG00000105656,-0.8366593673920724
ENSG00000105701,-0.8731502869036718
ENSG00000105700,-2.247610153352699
ENSG00000268030,NaN
ENSG00000221983,-1.0205281159368724
ENSG00000006016,2.5558974414159454
ENSG00000006015,-1.7045779357200945
ENSG00000105696,1.2051364747448399
ENSG00000167487,1.52619477088817
ENSG00000105662,0.61850887312718
ENSG00000005007,-0.46573189635365614
ENSG00000223802,-1.6882018204463631
ENSG00000105669,-0.8756496900374069
ENSG00000105671,-1.1441847593465306
ENSG00000051128,-0.5469417709144296
ENSG00000269019,NaN
ENSG00000064607,-0.19912207287273778
ENSG00000105676,-0.14991811550291073
ENSG00000181035,0.5665783280789501
ENSG00000064545,-0.9110736373443233
ENSG00000213999,0.012764511220242266
ENSG00000254901,-1.2298751680519706
ENSG00000064490,-0.7138434171809208
ENSG00000184162,-2.558508718865738
ENSG00000213996,NaN
ENSG00000105705,-0.08501004357660874
ENSG00000129933,1.4479416629929214
ENSG00000167491,-0.06709993719559999
ENSG00000178093,NaN
ENSG00000186010,0.08596892805154085
ENSG00000250067,2.3715327229512733
ENSG00000105717,1.1735643748762339
ENSG00000064547,0.12538089140661737
ENSG00000089639,-0.786804491238102
ENSG00000105726,-1.2896940718715548
ENSG00000181896,0.4253948249164268
ENSG00000105708,-1.2049709245585256
ENSG00000266904,NaN
ENSG00000287533,2.5260609179225226
ENSG00000081665,NaN
ENSG00000197124,NaN
ENSG00000213988,-0.4302457352949244
ENSG00000267383,NaN
ENSG00000118620,-1.0101149247597867
ENSG00000160352,1.9309447248662064
ENSG00000196705,2.5735780285719323
ENSG00000182141,0.7773828894332852
ENSG00000172687,NaN
ENSG00000196268,NaN
ENSG00000198521,0.6808178734191832
ENSG00000197134,NaN
ENSG00000196081,-0.36249479658117134
ENSG00000284428,-1.43787916225743
ENSG00000167232,-1.254003668607508
ENSG00000197372,-0.6051079573683555
ENSG00000196172,NaN
ENSG00000267924,NaN
ENSG00000213967,-0.9315604628808775
ENSG00000269289,NaN
ENSG00000268362,0.35452564230535943
ENSG00000213096,2.8498303093346657
ENSG00000267696,NaN
ENSG00000261824,0.9315973760774302
ENSG00000261770,-2.3027696870822907
ENSG00000267575,0.5365184488108068
ENSG00000281468,0.58221043443292
ENSG00000267320,NaN
ENSG00000169021,-0.19347185584462273
ENSG00000105171,-0.6069963906050109
ENSG00000166289,2.085503802026786
ENSG00000131943,-1.1468911509194617
ENSG00000105173,-1.0590823341576672
ENSG00000105176,4.175457381875334
ENSG00000121297,-0.38228272632304905
ENSG00000267662,-0.6004966824640663
ENSG00000267779,NaN
ENSG00000286041,NaN
ENSG00000168813,-0.3903790426100369
ENSG00000267213,-0.5072771321162091
ENSG00000178904,1.5348998382731867
ENSG00000105185,-1.1630013173745224
ENSG00000105186,1.9686932581301326
ENSG00000267557,NaN
ENSG00000267475,-0.6711027988963367
ENSG00000213965,1.5462738995232161
ENSG00000173809,4.9377118100964825
ENSG00000021488,-0.681580335765829
ENSG00000267555,NaN
ENSG00000121289,0.026594858750856744
ENSG00000131944,-2.0563441066328703
ENSG00000131941,2.554137749106785
ENSG00000076650,1.7008764053231253
ENSG00000166359,3.7138981128583146
ENSG00000130881,-1.166370704054721
ENSG00000245848,0.7838400661001735
ENSG00000267296,0.39989239131014986
ENSG00000153879,-1.3517749413851223
ENSG00000124299,-1.0153349992317475
ENSG00000153885,-2.010513382870742
ENSG00000257103,3.9568209072388867
ENSG00000166398,0.96384627903626
ENSG00000267219,NaN
ENSG00000105220,3.1478226458858396
ENSG00000126249,-2.4403873665665463
ENSG00000267024,NaN
ENSG00000126261,2.022091241289988
ENSG00000142279,1.016181621892005
ENSG00000268751,NaN
ENSG00000205209,1.9261539847140574
ENSG00000089335,2.5257657375804015
ENSG00000274104,NaN
ENSG00000197841,-0.8861306526428507
ENSG00000153896,-0.5714891746058435
ENSG00000267767,NaN
ENSG00000168661,2.4050306166335402
ENSG00000180884,0.02920582768702728
ENSG00000089351,0.25943992694127777
ENSG00000269303,2.2286638991695753
ENSG00000105711,-1.2606878853263777
ENSG00000105707,2.1899757678152576
ENSG00000227392,NaN
ENSG00000179066,NaN
ENSG00000153902,NaN
ENSG00000266964,NaN
ENSG00000221946,NaN
ENSG00000089327,-0.23313630048429562
ENSG00000105699,-1.3987218896373028
ENSG00000105698,-0.20600997919423147
ENSG00000012124,NaN
ENSG00000161249,-2.55760913461627
ENSG00000189001,NaN
ENSG00000105679,NaN
ENSG00000236144,0.30904813703109557
ENSG00000105677,-0.634728711411944
ENSG00000249115,-0.6149915792685196
ENSG00000126254,-0.10874693622315956
ENSG00000105672,-0.7442957306667143
ENSG00000126267,-0.9598684673758543
ENSG00000105668,NaN
ENSG00000011590,0.07314602824323292
ENSG00000272333,-1.0715078891386614
ENSG00000126246,-1.5886599445595304
ENSG00000161265,1.2505071954506874
ENSG00000205155,-1.2244977210248493
ENSG00000267796,-1.499526958771209
ENSG00000004776,1.2429681871842209
ENSG00000167595,1.2525351926926651
ENSG00000004777,0.20738304242538338
ENSG00000250799,2.481918444977744
ENSG00000161270,NaN
ENSG00000105290,1.7373525430822168
ENSG00000167604,1
ENSG00000126243,-2.5193397201415197
ENSG00000205138,-1.6747199909540225
ENSG00000181392,NaN
ENSG00000239382,-1.7554607641407205
ENSG00000267698,2.813286051666167
ENSG00000105270,2.9664438897496974
ENSG00000161277,1.2702098395644537
ENSG00000075702,0.8135647670982478
ENSG00000105261,NaN
ENSG00000105258,-0.7742174459148677
ENSG00000105254,-0.4571788548184947
ENSG00000126247,-0.13280762102698915
ENSG00000196357,2.5820858298670775
ENSG00000167635,0.3414551561152458
ENSG00000267053,NaN
ENSG00000232677,2.9965750698356213
ENSG00000142065,0.3072977920011544
ENSG00000181007,0.8568997336776896
ENSG00000186017,-0.13013269418119722
ENSG00000254004,0.7875363661016128
ENSG00000228629,-0.34517939034358414
ENSG00000186020,-1.1762811848583334
ENSG00000233527,-0.5136147727848742
ENSG00000197808,1.3888076764595376
ENSG00000225975,-0.2076851763166225
ENSG00000189042,0.44670147078467753
ENSG00000267041,-1.3764264424247243
ENSG00000267254,-0.881030012536777
ENSG00000197863,NaN
ENSG00000251247,NaN
ENSG00000185869,-6.072440012969502
ENSG00000198453,0.602912774424431
ENSG00000197050,-0.07711533502800401
ENSG00000267672,0.8456388407729946
ENSG00000196967,-1.5667820971082727
ENSG00000245680,2.866276073594283
ENSG00000188283,0.9528739338872922
ENSG00000267605,2.528961533700211
ENSG00000181666,0.5615781914845737
ENSG00000189164,-0.4365479998020364
ENSG00000196437,1.5210774139423993
ENSG00000171827,-0.08845812142782587
ENSG00000188227,NaN
ENSG00000180479,-1.1198411909527917
ENSG00000120784,0.8205037368301649
ENSG00000198182,2.6328932430876093
ENSG00000267152,1.0264180985469056
ENSG00000287496,NaN
ENSG00000189144,0.4613814615722209
ENSG00000105738,2.5011444612695266
ENSG00000268051,2.324079264649427
ENSG00000011332,-0.05647063226086889
ENSG00000167642,0.9111361854093447
ENSG00000167641,-1.8192753168544158
ENSG00000167645,-1.2663275135421233
ENSG00000167644,-0.1814546384870146
ENSG00000099337,0.7451654712955376
ENSG00000099338,0.5582613064500717
ENSG00000099341,-0.8939726969392344
ENSG00000188766,0.04436491867626611
ENSG00000130244,-1.3419287164798497
ENSG00000196218,-0.10832534666652127
ENSG00000104814,4.638035170926069
ENSG00000267291,2.1793593357303718
ENSG00000178982,-0.9577269257031918
ENSG00000130402,0.2855457864223894
ENSG00000267375,2.8837018318210186
ENSG00000182472,1.5461225190417038
ENSG00000267892,1.5310546859339598
ENSG00000171747,3.4718058591896823
ENSG00000104823,1.0652159591411448
ENSG00000104824,-1.535639923105686
ENSG00000269688,1.203238292156615
ENSG00000187994,0.24568928216168268
ENSG00000068903,2.697821240180134
ENSG00000104825,-1.406015598379992
ENSG00000262484,NaN
ENSG00000104835,-1.365094269707829
ENSG00000128626,-0.5950591109097723
ENSG00000269486,0.1556798809033762
ENSG00000269190,2.437372020970649
ENSG00000287271,0.9869610642730401
ENSG00000161243,-0.7966235376712796
ENSG00000130669,-0.19923353513142034
ENSG00000269172,2.31087205893787
ENSG00000188505,NaN
ENSG00000128011,-0.670662465633355
ENSG00000130755,-1.1353594424495135
ENSG00000269246,NaN
ENSG00000179134,1.130039474300863
ENSG00000006712,-1.2505670130849877
ENSG00000063322,-2.0946365897307215
ENSG00000128016,1.4834179188511487
ENSG00000090924,0.3060788066185784
ENSG00000105193,-1.1875496304997608
ENSG00000196235,-0.5014081585481249
ENSG00000105197,-0.2218714580592666
ENSG00000090932,-0.9843473462003135
ENSG00000176401,-0.5998603290896362
ENSG00000176396,-0.7606552552709254
ENSG00000105204,-0.536660152013552
ENSG00000105202,0.08542331600335325
ENSG00000275395,1.1873670416129587
ENSG00000013275,0.9432854675875249
ENSG00000187187,-1.6257176308727532
ENSG00000128000,-0.3241761326820045
ENSG00000197782,0.7550769751776966
ENSG00000130758,-0.5167143611066453
ENSG00000105219,NaN
ENSG00000105221,2.601258860675499
ENSG00000160392,0.5785002647987374
ENSG00000105223,2.2441399494375722
ENSG00000160396,1.4333905327891183
ENSG00000105227,-2.549333471526545
ENSG00000197019,-1.9032366629984987
ENSG00000167565,-1.827488785941721
ENSG00000090013,0.24538228225420403
ENSG00000160460,-0.7450260971323226
ENSG00000160410,0.2221035508907343
ENSG00000090006,1.7944490431358364
ENSG00000105245,2.22307738099038
ENSG00000123815,0.45748525552402475
ENSG00000086544,0.3937701386469304
ENSG00000188493,0.8177416511446285
ENSG00000077312,-1.2640161158160577
ENSG00000261857,3.3301503120987705
ENSG00000167578,0.0704834562202484
ENSG00000282951,0.6501301650831484
ENSG00000269858,-0.8100520184640759
ENSG00000269353,NaN
ENSG00000197408,NaN
ENSG00000167600,-0.3394755078885396
ENSG00000167601,1.9625265054961414
ENSG00000105323,0.7319309688709078
ENSG00000105329,1.114931522719045
ENSG00000286177,-0.7760563162915634
ENSG00000142039,2.603701770902901
ENSG00000142046,-0.1351673806729502
ENSG00000123810,-1.8029772935606367
ENSG00000077348,-2.111990295889197
ENSG00000248098,-0.33036770993166403
ENSG00000105341,0.3081496149214894
ENSG00000267107,0.10933430792506156
ENSG00000086548,2.5779187295111416
ENSG00000268833,NaN
ENSG00000105372,-1.1479947327690685
ENSG00000105369,NaN
ENSG00000076928,-0.6024048101717789
ENSG00000268041,0.8563570172594911
ENSG00000105404,0.8615879589590377
ENSG00000105409,1.9056477284152158
ENSG00000105737,NaN
ENSG00000105732,-1.951048372648133
ENSG00000028277,-0.7466421878626727
ENSG00000160570,-0.6447963034311145
ENSG00000167625,0.8180348760325755
ENSG00000105723,-1.4310144897846548
ENSG00000105722,-1.9072267501935445
ENSG00000079432,2.920352655652172
ENSG00000079462,0.1796958448650249
ENSG00000188368,1.4574370159685515
ENSG00000167619,-1.2910142456710414
ENSG00000105429,1.1283281083306198
ENSG00000105427,-0.9832215961010748
ENSG00000213904,-0.34817307126049957
ENSG00000079435,-0.0011468068089215428
ENSG00000189377,-1.421673284160957
ENSG00000079385,-0.8026903814078534
ENSG00000124467,NaN
ENSG00000170848,NaN
ENSG00000282943,0.6245882777558928
ENSG00000183668,NaN
ENSG00000124466,NaN
ENSG00000176531,3.194812349481976
ENSG00000105755,0.16956391358720377
ENSG00000176472,0.35627338892098376
ENSG00000073050,-1.2904845965608605
ENSG00000167378,0.18371757136328037
ENSG00000124444,-1.443358016553268
ENSG00000226763,-1.6943780173996916
ENSG00000131116,-2.14837484023802
ENSG00000105767,0.39185134649246334
ENSG00000011422,0.26933311761165935
ENSG00000105771,1.3559022200479038
ENSG00000104783,-1.0895605859382629
ENSG00000167637,-0.08055749749883444
ENSG00000176222,NaN
ENSG00000267058,NaN
ENSG00000267191,-0.725875470100759
ENSG00000124459,1.1740073509273046
ENSG00000159905,6.15639868866522
ENSG00000204920,0.07826785980093354
ENSG00000266921,NaN
ENSG00000159882,0.8636526543012094
ENSG00000159885,-0.3966701707311376
ENSG00000178386,-1.1490845117263315
ENSG00000186026,NaN
ENSG00000267680,1.4709513201500144
ENSG00000256294,-0.597927873175149
ENSG00000263002,-1.0187866311091816
ENSG00000167380,0.87231043976474
ENSG00000131115,-0.09198297624014634
ENSG00000159917,0.7217952893832914
ENSG00000159915,NaN
ENSG00000062370,-0.529176119770944
ENSG00000267508,1.4945099784648121
ENSG00000278318,-0.30838549612367244
ENSG00000167384,0.3877407152350043
ENSG00000216588,-0.5494344404149656
ENSG00000266903,0.22148294491382955
ENSG00000073008,-0.6383912283546002
ENSG00000186567,1.8294439592687568
ENSG00000213892,NaN
ENSG00000069399,-0.793219900552066
ENSG00000187244,-0.47264416609047233
ENSG00000130202,1.1347828834683336
ENSG00000267282,2.7883466873914275
ENSG00000130204,-1.510737768400624
ENSG00000130203,3.5489413044476907
ENSG00000130208,-1.344076131147797
ENSG00000267114,NaN
ENSG00000104853,-0.16573014919267112
ENSG00000104856,0.5290749608135615
ENSG00000104859,0.20308046422012868
ENSG00000170684,1.4963017812604638
ENSG00000267348,0.9811180212063246
ENSG00000142252,-1.2014264321801829
ENSG00000007047,2.298084887704636
ENSG00000104866,3.1104057200707236
ENSG00000179846,2.8296975268897278
ENSG00000007255,-0.6686721933840976
ENSG00000189114,-0.7635480361819437
ENSG00000283632,-2.5836652364900465
ENSG00000104892,NaN
ENSG00000104884,-0.10635231267143218
ENSG00000104881,0.5826694749105695
ENSG00000117877,-1.1707620606907985
ENSG00000012061,0.17706689444394888
ENSG00000125740,-0.24412006999652894
ENSG00000125744,-0.9967518059549851
ENSG00000213889,-2.0126887338340587
ENSG00000125753,0.6085458193028432
ENSG00000125741,1.8688098802222144
ENSG00000125746,1.30327573844938
ENSG00000267757,-0.9075808412071257
ENSG00000010310,-0.7849500424003533
ENSG00000125743,-0.8405742746115029
ENSG00000011478,-1.7481620026218296
ENSG00000177051,0.11139963215458634
ENSG00000177045,-2.0181419664866342
ENSG00000259605,-0.2769030759415606
ENSG00000104936,-1.1182314166550247
ENSG00000185800,-0.8981226697841295
ENSG00000104941,-0.8019761215999008
ENSG00000125755,1.3756116847349256
ENSG00000269148,NaN
ENSG00000170608,-1.0272223113718397
ENSG00000170604,-0.8174132601321658
ENSG00000176182,-1.2859423208973664
ENSG00000104967,NaN
ENSG00000104983,0.02840323832255485
ENSG00000008438,NaN
ENSG00000268401,1.312462107010538
ENSG00000204869,0.688921250610515
ENSG00000267922,-0.42475544440699914
ENSG00000188624,0.7543061351594399
ENSG00000204866,0.24277257028509444
ENSG00000269729,1.6171546161150459
ENSG00000268621,1.9148156942572798
ENSG00000268460,-0.39058526398057186
ENSG00000188293,0.3994913473266683
ENSG00000011485,-0.4644857120554251
ENSG00000268810,NaN
ENSG00000182013,-1.1173411627271561
ENSG00000230510,-0.7160853735873152
ENSG00000268423,NaN
ENSG00000160014,-0.6276037556374396
ENSG00000197380,NaN
ENSG00000245598,NaN
ENSG00000105287,-0.24314862747909963
ENSG00000090372,-1.4600990686741062
ENSG00000181027,1.1637210555417405
ENSG00000105281,0.0525611838820844
ENSG00000275719,2.6301363997494795
ENSG00000042753,-0.8529300315500679
ENSG00000160007,1.2750446499430586
ENSG00000130751,-1.1536744622572928
ENSG00000130748,-0.22830149432400587
ENSG00000130749,0.48080191119603033
ENSG00000142230,0.8445008528116172
ENSG00000105327,-0.9358732338025133
ENSG00000286669,NaN
ENSG00000105321,3.055616795507976
ENSG00000257704,-0.15279154186892285
ENSG00000197405,0.73645442193139
ENSG00000134815,2.5180842153225043
ENSG00000105419,-0.43172592587882613
ENSG00000118160,NaN
ENSG00000118162,-1.650750378248076
ENSG00000268061,-0.04922063251788765
ENSG00000105402,-1.705334940198464
ENSG00000277383,2.5091399407629162
ENSG00000063169,-0.39183228254165997
ENSG00000269806,-1.0251959880668122
ENSG00000024422,0.5288754993098171
ENSG00000105373,-1.182274196478318
ENSG00000269656,-0.5764459468975667
ENSG00000178980,-1.2736361897727437
ENSG00000169393,NaN
ENSG00000105499,NaN
ENSG00000105486,0.04690998210408881
ENSG00000269534,0.24486010471803216
ENSG00000185453,0.02471485955251357
ENSG00000105483,0.5455222838369084
ENSG00000268583,NaN
ENSG00000268186,0.7477212932490984
ENSG00000178150,-0.6822057530114449
ENSG00000142227,2.366760694943186
ENSG00000161558,3.056177626367739
ENSG00000105467,-0.9459723592853491
ENSG00000105438,0.17710460675756512
ENSG00000105464,1.9040783452842183
ENSG00000105447,-1.6971236932028824
ENSG00000182324,1.191730130787899
ENSG00000105443,-1.1768701823337
ENSG00000142235,1.9044824678553531
ENSG00000287603,1.8299625735659626
ENSG00000088002,-1.7378439542463335
ENSG00000105523,0.5519731027900937
ENSG00000063177,-1.1329045328154985
ENSG00000268093,NaN
ENSG00000063176,-1.201836511840087
ENSG00000105516,0.9543676635643594
ENSG00000063180,-0.7571369122151661
ENSG00000142233,NaN
ENSG00000176909,0.3140694189644078
ENSG00000105538,NaN
ENSG00000182264,NaN
ENSG00000105552,-0.7348106182463359
ENSG00000286024,1.8357215646530463
ENSG00000087076,1.647326628270008
ENSG00000105559,2.9153479037771475
ENSG00000087074,-0.5482347406729006
ENSG00000104804,-0.8271756233292258
ENSG00000104805,-0.4931528248964066
ENSG00000235191,0.7184404778508096
ENSG00000104808,-0.7905541167146211
ENSG00000087088,0.2528518466997228
ENSG00000087086,-0.8575587023346863
ENSG00000104812,-2.089410969724702
ENSG00000183207,-1.2861815730590411
ENSG00000225950,0.38827049212818426
ENSG00000104852,-0.6893584950263731
ENSG00000104863,-0.6999567448067373
ENSG00000221916,-0.656919063238313
ENSG00000177380,-0.9239895059387702
ENSG00000130529,-1.314891078706352
ENSG00000063127,2.749043388548233
ENSG00000197813,4.599154394135515
ENSG00000104894,NaN
ENSG00000074219,-0.7529907957839527
ENSG00000268157,NaN
ENSG00000104901,-0.5785522403422818
ENSG00000268686,NaN
ENSG00000104872,-1.3896764994412083
ENSG00000161618,-0.02628846765895103
ENSG00000090554,1.618245038057094
ENSG00000142541,-1.0878170690235491
ENSG00000142534,-1.0969789124208038
ENSG00000104870,0.0711781882841592
ENSG00000142552,-2.2415744558001895
ENSG00000142546,-1.5619463878328563
ENSG00000126460,-0.8751319247735581
ENSG00000126464,-1.1030174385220661
ENSG00000126458,-2.3103306127088152
ENSG00000126461,0.3415681296694505
ENSG00000126456,-0.39207455396415886
ENSG00000126453,-1.7722580144543056
ENSG00000126457,-0.20163010239629348
ENSG00000224420,0.0670239339276758
ENSG00000169169,-1.7073650026147653
ENSG00000126467,NaN
ENSG00000196961,-0.8167748115021121
ENSG00000010361,-0.1392202856533818
ENSG00000269194,NaN
ENSG00000104973,-0.5945927244147156
ENSG00000268006,-0.372560908182553
ENSG00000104960,-1.1730307131438196
ENSG00000039650,2.264408648410912
ENSG00000204673,-1.7311969395630316
ENSG00000104946,-0.5034974771220003
ENSG00000104951,2.6049478212839774
ENSG00000213024,-0.9203443133473622
ENSG00000169136,-0.7081940994126434
ENSG00000105053,0.06727588347504511
ENSG00000142528,0.5350011939249861
ENSG00000204666,NaN
ENSG00000287001,-1.013498406469545
ENSG00000105357,0.05139212164276356
ENSG00000131398,NaN
ENSG00000131408,-1.7890859719923802
ENSG00000062822,-2.423221653950464
ENSG00000269404,NaN
ENSG00000142530,-0.6307044786749222
ENSG00000161671,0.3427110200755755
ENSG00000268854,NaN
ENSG00000161677,-1.7180646778447621
ENSG00000131409,NaN
ENSG00000235034,-0.8673192820256032
ENSG00000161681,NaN
ENSG00000105472,-0.5407115037346291
ENSG00000261341,NaN
ENSG00000142513,NaN
ENSG00000167747,-1.0046781957524775
ENSG00000167751,NaN
ENSG00000167754,NaN
ENSG00000269495,NaN
ENSG00000129451,NaN
ENSG00000129437,NaN
ENSG00000142544,-1.4781722370551031
ENSG00000186806,-0.7957965186029129
ENSG00000105379,0.7763409199710343
ENSG00000160318,-0.32068024274974405
ENSG00000268889,-0.7913509023930195
ENSG00000105497,4.394679325278577
ENSG00000269959,NaN
ENSG00000182310,-0.25025798262519255
ENSG00000171051,NaN
ENSG00000161551,NaN
ENSG00000176024,0.09154425722689957
ENSG00000269235,1.6158268308620125
ENSG00000256683,1.2185014912395091
ENSG00000197619,1.4834758529149894
ENSG00000142556,0.8365164693638256
ENSG00000256087,1.7106071858902108
ENSG00000260160,NaN
ENSG00000197608,NaN
ENSG00000204611,0.18964432700153636
ENSG00000268458,-1.4658702341071579
ENSG00000196267,NaN
ENSG00000267927,NaN
ENSG00000105568,-1.16147271784851
ENSG00000268015,NaN
ENSG00000196214,-0.0658225041052954
ENSG00000269102,NaN
ENSG00000198464,-2.1539104617333127
ENSG00000269535,3.2221950742645404
ENSG00000167554,NaN
ENSG00000221923,-2.0886200570515094
ENSG00000167562,NaN
ENSG00000268886,NaN
ENSG00000213020,0.6774919568875122
ENSG00000198538,NaN
ENSG00000170949,3.4502384873867946
ENSG00000213799,-0.025995771604608555
ENSG00000203326,NaN
ENSG00000196417,-0.33879423171248
ENSG00000287608,0.5653444839900255
ENSG00000160336,2.5731559480009745
ENSG00000198346,NaN
ENSG00000130844,0.5853158120649502
ENSG00000142405,NaN
ENSG00000228323,-0.2529671621985225
ENSG00000179820,1.3667257438932066
ENSG00000126583,1.5570548952436156
ENSG00000105605,0.04203992211480866
ENSG00000142408,2.0778770764517684
ENSG00000130433,-0.759641539734455
ENSG00000189068,NaN
ENSG00000170906,-1.2883552315593196
ENSG00000105619,-0.30857861570480666
ENSG00000105618,-1.6404591487687825
ENSG00000088038,-0.23978686802254376
ENSG00000105617,-2.145534330962769
ENSG00000167608,0.03659794308503942
ENSG00000125505,1.004865738749985
ENSG00000170892,-0.6591430552729988
ENSG00000170889,-1.1090840733262166
ENSG00000204577,0.9714922221400655
ENSG00000167614,0.42931396977613223
ENSG00000226696,1.4442389117880152
ENSG00000167615,3.5538411779418406
ENSG00000275183,-1.4295410219208915
ENSG00000239998,NaN
ENSG00000022556,0.6198647920122722
ENSG00000267265,3.3554186034734492
ENSG00000088053,2.4068374386772042
ENSG00000160439,1.1388480973463821
ENSG00000131037,NaN
ENSG00000125503,0.020591874495971604
ENSG00000105048,-1.4556450960949476
ENSG00000129991,-1.3366154263124315
ENSG00000167646,2.558588119685155
ENSG00000267577,NaN
ENSG00000080031,-1.6662960373262556
ENSG00000286230,NaN
ENSG00000267649,5.497431740053991
ENSG00000180089,1.468163076783713
ENSG00000105063,-1.2242998603197106
ENSG00000133265,-0.2939469552394627
ENSG00000160469,1.4960513654166958
ENSG00000180061,NaN
ENSG00000133247,2.8819359897469954
ENSG00000160471,0.03490262719459726
ENSG00000095752,-0.8404250695453176
ENSG00000160472,NaN
ENSG00000233493,-0.7322570217788245
ENSG00000108107,-1.0162322371882444
ENSG00000108106,-0.41713107499840973
ENSG00000063241,-0.8816372697913024
ENSG00000197483,2.19957235010825
ENSG00000090971,0.27246657721909634
ENSG00000179954,1.8330045199303433
ENSG00000218891,-1.255408326569986
ENSG00000179943,-1.4022983939907698
ENSG00000171443,-2.5714126068161836
ENSG00000261221,-0.7459724201073514
ENSG00000179922,-0.419767916069045
ENSG00000213015,-1.3454494922998586
ENSG00000171425,-0.7479127996084302
ENSG00000173581,-1.1379186829217944
ENSG00000063244,-1.7559631748601048
ENSG00000267523,1.374413156675466
ENSG00000267096,2.691052794378783
ENSG00000063245,-1.0910583078233407
ENSG00000171487,NaN
ENSG00000267522,NaN
ENSG00000142409,0.5158430959301897
ENSG00000167685,-1.2690784760464962
ENSG00000131848,2.58184634786726
ENSG00000267710,1.8186952357792305
ENSG00000267549,2.4018564206626265
ENSG00000018869,-1.1777953635155325
ENSG00000198440,-1.4569899333104273
ENSG00000166770,NaN
ENSG00000267421,0.22724066045382024
ENSG00000196867,-0.1460365433174602
ENSG00000269696,NaN
ENSG00000197016,1.1331213179182285
ENSG00000197951,-0.7611930170347663
ENSG00000286125,NaN
ENSG00000131864,NaN
ENSG00000083844,0.8653558577819801
ENSG00000105146,NaN
ENSG00000204524,-1.7628650076391943
ENSG00000267871,1.418772189049787
ENSG00000197714,-1.2088936090709208
ENSG00000268205,-0.20773524453303815
ENSG00000178229,1.0681453674372268
ENSG00000131845,5.726685424900916
ENSG00000152433,-0.6683506517352741
ENSG00000256060,-1.8062407334815578
ENSG00000188785,-1.9625078336356827
ENSG00000186272,-0.6054657199936768
ENSG00000186230,-0.975555437757295
ENSG00000197128,NaN
ENSG00000105136,-0.6365605952468836
ENSG00000152439,4.483271445047329
ENSG00000121406,0.13512396626231962
ENSG00000251369,-0.30912640790640605
ENSG00000083817,0.05928196142458151
ENSG00000183647,-1.32041434862257
ENSG00000213762,-0.9897066327389971
ENSG00000268392,0.9396675944294473
ENSG00000121417,-0.6155351321475458
ENSG00000204519,-1.3578388355420443
ENSG00000179909,NaN
ENSG00000152443,0.756098840962747
ENSG00000083828,0.8148413895346708
ENSG00000178935,0.38461456034038
ENSG00000269343,-0.15844431334023917
ENSG00000204514,2.6896784832489367
ENSG00000198466,0.5877840287502544
ENSG00000173480,1.213500602114884
ENSG00000196724,1.3142297956633804
ENSG00000152454,NaN
ENSG00000177025,NaN
ENSG00000166704,0.829192340105035
ENSG00000176593,0.8850733934155898
ENSG00000176293,NaN
ENSG00000121413,2.517053448980728
ENSG00000181894,-0.6527468030800332
ENSG00000171606,-1.7706703704410418
ENSG00000198131,-0.10282249932797706
ENSG00000268516,-0.11067727643029837
ENSG00000278129,0.37505906943279177
ENSG00000142396,-1.4793147567138336
ENSG00000283103,-1.6773940746628389
ENSG00000182318,-0.9784582233678445
ENSG00000121410,-1.2297286550719457
ENSG00000268895,-0.9678647675147176
ENSG00000174586,-1.070535177618931
ENSG00000269054,2.7101589597305407
ENSG00000152475,3.102515625293659
ENSG00000083845,-1.0769139705776196
ENSG00000171574,-0.783865351616362
ENSG00000249471,NaN
ENSG00000083812,2.4171059089222164
ENSG00000083838,-1.3764397225996219
ENSG00000083807,-0.24157648167835527
ENSG00000273901,NaN
ENSG00000119574,-1.9576408985462994
ENSG00000130726,0.8733816859549774
ENSG00000130724,-0.9337630250958308
ENSG00000130725,-0.9148541762992414
ENSG00000267858,1.7903272607390828
ENSG00000099326,0
ENSG00000196476,-0.4226685543614544
ENSG00000247315,-0.14237923509365202
ENSG00000225377,0.2763709649025456
ENSG00000177732,-2.192380192131448
ENSG00000125841,-1.9614532944355216
ENSG00000101255,-1.2653447993593447
ENSG00000125826,0.19114240968061583
ENSG00000125875,0.5163454197211745
ENSG00000101266,0.7025804931773441
ENSG00000271303,-1.8552363066851423
ENSG00000125898,-1.676463011164409
ENSG00000101282,NaN
ENSG00000286787,2.5983164722728587
ENSG00000125818,-0.9883445383342677
ENSG00000125895,2.182929022712806
ENSG00000101298,-0.2419481440076381
ENSG00000125775,NaN
ENSG00000234684,0.29606625551282506
ENSG00000088832,-0.9872253307952482
ENSG00000088833,-0.8241346608122129
ENSG00000286288,-0.9443774434229207
ENSG00000276649,-1.056145387887484
ENSG00000198053,4.157601673244279
ENSG00000125834,1.046113190501337
ENSG00000287561,NaN
ENSG00000226644,-1.1081944660493497
ENSG00000125835,-0.7581582213402127
ENSG00000088876,-0.08473672421073108
ENSG00000101361,-0.7222141957409282
ENSG00000101365,-1.6713905134319738
ENSG00000088881,-0.07358443000444971
ENSG00000132635,1.3217337092546364
ENSG00000215305,0.2964672427197049
ENSG00000132670,0.5858298167300963
ENSG00000125901,1.3222889104630196
ENSG00000235958,1.6492763818005094
ENSG00000185019,-1.5632257396777915
ENSG00000215251,-0.02918617384354691
ENSG00000088899,NaN
ENSG00000198171,-1.0921061971528994
ENSG00000125877,0.1835422883964448
ENSG00000088836,2.4368172545486906
ENSG00000088854,2.3003982897753663
ENSG00000088812,0.2812197828214323
ENSG00000101220,-0.9516572474495874
ENSG00000101222,NaN
ENSG00000125817,0.0020379645402943494
ENSG00000101224,-0.3422628535044769
ENSG00000275491,0.20819496248851244
ENSG00000125843,0.9810740676643673
ENSG00000088888,-0.4491720381766328
ENSG00000229539,0.8355916696871455
ENSG00000125779,0.3041026703749711
ENSG00000275582,NaN
ENSG00000101236,0.8635229504297135
ENSG00000088826,1.1221193196379229
ENSG00000230176,-0.8774584539115603
ENSG00000171873,0.2248615776083243
ENSG00000171867,-1.5172897641724177
ENSG00000101265,1.4322150191405907
ENSG00000089057,0.47577383731589284
ENSG00000089063,-0.8253024147827853
ENSG00000132646,-0.40377804114108756
ENSG00000101290,0.37379258588885894
ENSG00000205181,2.322708688903905
ENSG00000235820,1.8189868845382584
ENSG00000125772,3.419045536052926
ENSG00000171984,1.313652441052915
ENSG00000089199,1.1271137930645165
ENSG00000089195,-1.1771396186135645
ENSG00000125885,-1.833384710243653
ENSG00000278719,NaN
ENSG00000275632,1.3480129276307455
ENSG00000088766,-1.1971248167259243
ENSG00000101311,-0.7192349077800483
ENSG00000125845,-0.9547194854241127
ENSG00000101323,NaN
ENSG00000125827,-0.42023642358008845
ENSG00000182621,1.949538735983141
ENSG00000101333,0.6753568580166668
ENSG00000101349,1.4268416667413666
ENSG00000132623,-0.17699147977011687
ENSG00000227906,3.3654265281730216
ENSG00000230506,-0.38608917750014693
ENSG00000232448,NaN
ENSG00000132639,1.7744625843008357
ENSG00000125863,-1.8014060508025198
ENSG00000149346,-0.13970581508548263
ENSG00000101384,0.7574562732213679
ENSG00000270792,1.8641190406116874
ENSG00000132640,-0.11935630603163512
ENSG00000235292,NaN
ENSG00000286087,NaN
ENSG00000172296,NaN
ENSG00000101230,-0.9953038497753998
ENSG00000278153,NaN
ENSG00000089123,2.1240139772767677
ENSG00000089048,0.7471091867622409
ENSG00000101247,-1.064409945591924
ENSG00000172264,1.1357909072778407
ENSG00000125848,2.2300154564531836
ENSG00000235914,NaN
ENSG00000286546,NaN
ENSG00000089177,-1.6415580911919982
ENSG00000273998,0.12812448336612003
ENSG00000228809,NaN
ENSG00000125870,0.30494230366135683
ENSG00000125864,1.1891155617953282
ENSG00000277373,2.2825249568053714
ENSG00000125868,-1.0753096252011978
ENSG00000125844,0.5367421467490129
ENSG00000089006,-0.6157247882025688
ENSG00000125850,0.3770146439108262
ENSG00000125871,-0.35336377721529744
ENSG00000232838,-0.3486430946942287
ENSG00000149474,1.712886593572255
ENSG00000125846,-0.11691077928688068
ENSG00000230010,NaN
ENSG00000089091,-1.2685398611997567
ENSG00000132664,0.3856338535447727
ENSG00000089050,1.4282355908342832
ENSG00000101310,0.16183324167920693
ENSG00000232388,-1.0027199949752148
ENSG00000125821,-1.2680956044665384
ENSG00000233993,4.242256048225545
ENSG00000273148,NaN
ENSG00000185052,NaN
ENSG00000132669,0.5410153616457324
ENSG00000173418,-0.6124224428359745
ENSG00000101343,-1.551848681440764
ENSG00000089101,-0.7525246117068091
ENSG00000188559,2.526442146821605
ENSG00000088970,2.1339653556870397
ENSG00000232712,2.3519223678704244
ENSG00000275457,-0.6282349568373565
ENSG00000088930,1.6428540909783453
ENSG00000278041,NaN
ENSG00000259974,-0.8534317607429629
ENSG00000125798,-0.3286614405789095
ENSG00000178726,2.1838806533783
ENSG00000234832,NaN
ENSG00000132661,-2.7041743467634127
ENSG00000232645,-0.8676856378876254
ENSG00000125812,-0.6431808855540211
ENSG00000125814,1.3537410866946327
ENSG00000101439,0.0039167909477302604
ENSG00000170373,-1.724377410448316
ENSG00000170369,NaN
ENSG00000149435,NaN
ENSG00000101463,-0.7560568857973571
ENSG00000101474,-0.000716316616670816
ENSG00000154930,3.902027912774782
ENSG00000100987,0.08378981824125795
ENSG00000197586,-1.0679499575618734
ENSG00000277938,NaN
ENSG00000274414,NaN
ENSG00000100994,-0.7180814902496829
ENSG00000100997,0.6654777955599949
ENSG00000101003,1.5368721471387095
ENSG00000101004,1.8634517457585822
ENSG00000170191,0.06890016155714074
ENSG00000213742,0.33036083796054033
ENSG00000130684,1.66508805477996
ENSG00000278383,NaN
ENSG00000226465,-1.02738448895304
ENSG00000175170,1.4849593697775354
ENSG00000125804,3.0231674512532054
ENSG00000287569,NaN
ENSG00000101294,0.3474943067569859
ENSG00000235313,NaN
ENSG00000230613,NaN
ENSG00000125968,-0.10356670458585465
ENSG00000171552,0.9202415837127133
ENSG00000236559,6.649116254209538
ENSG00000281376,NaN
ENSG00000088325,-0.8248273488109129
ENSG00000101306,NaN
ENSG00000179772,-2.186048498055108
ENSG00000149599,1.412498641389518
ENSG00000131044,-2.4409290734717626
ENSG00000088356,-2.745201738751623
ENSG00000101337,1.0301121493833523
ENSG00000275576,NaN
ENSG00000126003,1.9680866884480912
ENSG00000101346,2.331225356238175
ENSG00000101350,-0.6175360433972611
ENSG00000171456,0.47169622256794363
ENSG00000197183,-0.9966574668511831
ENSG00000149600,-1.6802497322747778
ENSG00000088305,2.0396782151568544
ENSG00000101367,-1.3972292706095593
ENSG00000260536,0.6307974409293505
ENSG00000260257,NaN
ENSG00000131050,NaN
ENSG00000125999,NaN
ENSG00000101391,-0.5157432357575706
ENSG00000101400,-0.8840659779054441
ENSG00000078699,2.146243935271533
ENSG00000125967,-1.3063223374408015
ENSG00000149609,NaN
ENSG00000101412,-1.1931762852629773
ENSG00000101417,2.761671843437762
ENSG00000131061,2.0562892122179948
ENSG00000230753,NaN
ENSG00000101421,-1.7419400146744664
ENSG00000285230,-1.223020152461315
ENSG00000125970,1.2556145269119907
ENSG00000125977,-0.713302126175978
ENSG00000101440,0.578321046434519
ENSG00000250917,2.17258135652209
ENSG00000101444,-0.4347304249292434
ENSG00000078747,0.8907905955813803
ENSG00000236388,-0.5899303217281037
ENSG00000125971,-1.864050880267015
ENSG00000101460,0.04397286912351664
ENSG00000101464,1.6509458678869757
ENSG00000198646,1.839121988518874
ENSG00000078804,-0.8453381225580241
ENSG00000286803,1.664280181356566
ENSG00000131067,-0.22144586798420998
ENSG00000131069,-0.6752381092973228
ENSG00000100983,-0.2862386663718082
ENSG00000078814,3.5289703499350273
ENSG00000100991,0.6591495757963514
ENSG00000088298,0.0642011951792591
ENSG00000101000,-0.5348689852228574
ENSG00000126005,-1.4392758343714003
ENSG00000125966,1.0292492668631774
ENSG00000242372,-0.6193989417175552
ENSG00000235214,NaN
ENSG00000101019,0.9213970539983793
ENSG00000126001,3.56686610001798
ENSG00000230155,NaN
ENSG00000125991,-0.9282575930761329
ENSG00000061656,-1.7879289662324946
ENSG00000214078,-0.8984154439902986
ENSG00000244462,1.8994631845315364
ENSG00000244005,-1.5309218783192207
ENSG00000125995,-0.9682418947609824
ENSG00000131051,5.469985968589298
ENSG00000025293,0.4562937559493135
ENSG00000171222,-1.2359582706967385
ENSG00000149646,-0.2960811209099982
ENSG00000260032,0.4705706516333693
ENSG00000234139,NaN
ENSG00000277235,NaN
ENSG00000088367,1.871754714513222
ENSG00000232406,NaN
ENSG00000278035,NaN
ENSG00000131043,1
ENSG00000080845,-0.24495409689265357
ENSG00000232907,0.5848924740045874
ENSG00000101335,0.9332731741868293
ENSG00000118707,0.6537529963576998
ENSG00000101084,-0.6275073380980669
ENSG00000101082,NaN
ENSG00000101079,-0.7017999484486726
ENSG00000149636,-2.1403290928025815
ENSG00000149639,-1.2138493335951346
ENSG00000101347,-0.26839853729999735
ENSG00000080839,-0.12067703824813684
ENSG00000269846,NaN
ENSG00000101353,-1.1836062276770472
ENSG00000118705,1.5303917409039043
ENSG00000101363,-2.620064311595734
ENSG00000197122,0.17816157305178154
ENSG00000166619,-0.803393154629721
ENSG00000132792,-0.17673172687382024
ENSG00000132821,0.8058939382648669
ENSG00000101407,0.5684104901834988
ENSG00000101413,-0.2139823500378031
ENSG00000198959,1.0974809927412763
ENSG00000149633,NaN
ENSG00000129988,0.6231671009215592
ENSG00000224635,1.9070084659126014
ENSG00000196756,-1.2899805980048953
ENSG00000174365,-0.5055342175257015
ENSG00000170471,1.6532831289447047
ENSG00000101442,-0.5151929136496207
ENSG00000101445,1.124661513989888
ENSG00000101447,-1.2166697149183923
ENSG00000261431,NaN
ENSG00000101452,0.5730864495242133
ENSG00000277581,NaN
ENSG00000198900,4.069408565094208
ENSG00000226648,2.223001866797589
ENSG00000124181,-0.9000881440867387
ENSG00000174306,-0.13708680875780063
ENSG00000132793,-1.1139440204947515
ENSG00000183798,NaN
ENSG00000124177,-0.07446676030084289
ENSG00000124193,-1.9313521094349557
ENSG00000185513,1.1249674820450977
ENSG00000101049,0.19375064134203765
ENSG00000101052,0.5538086757197448
ENSG00000101057,-1.7323590134861366
ENSG00000124191,0.6726250468383973
ENSG00000149596,-0.3734678547451892
ENSG00000132823,-1.8659419372948567
ENSG00000223891,-0.6533741851225434
ENSG00000124194,2.454125126663568
ENSG00000197296,0.5812260154135389
ENSG00000101074,NaN
ENSG00000226812,NaN
ENSG00000101076,0.28964639241489587
ENSG00000229005,-0.7052687144283885
ENSG00000124120,1.7687637758162313
ENSG00000132824,2.309950151472836
ENSG00000168734,-0.7398392869795718
ENSG00000196839,-2.1585447812904373
ENSG00000244558,3.330163613985443
ENSG00000064205,1.8301800709673377
ENSG00000124249,-4.238391499043361
ENSG00000101098,NaN
ENSG00000166913,-0.924257203911326
ENSG00000101104,-1.2079751178884024
ENSG00000025772,-1.2217450555434268
ENSG00000101109,1.0781089280914808
ENSG00000124107,-0.908430913807709
ENSG00000124145,-0.36283874235409547
ENSG00000275894,NaN
ENSG00000204070,-0.6209902752798003
ENSG00000124251,NaN
ENSG00000244274,-1.0460738341676865
ENSG00000124155,-0.8435557999704104
ENSG00000277022,NaN
ENSG00000101443,NaN
ENSG00000101457,-2.598948305113966
ENSG00000175063,-1.815981403780414
ENSG00000101470,NaN
ENSG00000124104,-1.3591518824116982
ENSG00000101473,0.5009381227319343
ENSG00000132801,-0.872039862257634
ENSG00000168612,-0.35342416774118807
ENSG00000124257,0.46654391796078054
ENSG00000064601,0.0315851289628639
ENSG00000100979,NaN
ENSG00000285796,-0.4223515343419713
ENSG00000100982,-1.0515026008630777
ENSG00000198026,-0.05294497228341485
ENSG00000100985,NaN
ENSG00000204044,NaN
ENSG00000124140,-1.339971577649968
ENSG00000124160,-0.6325040464572295
ENSG00000101017,0.8651079803935987
ENSG00000080189,-0.326071540203425
ENSG00000273828,NaN
ENSG00000062598,-1.2953053405134565
ENSG00000158296,0.301256176227519
ENSG00000172315,-1.8076732851566215
ENSG00000064655,2.1588622282727035
ENSG00000101040,1.2113991469361098
ENSG00000273451,-1.361241688618637
ENSG00000231119,-0.6580044217722285
ENSG00000224565,NaN
ENSG00000124151,5.614789028344262
ENSG00000196562,-0.693762224463378
ENSG00000255438,NaN
ENSG00000124126,-1.4888543073587321
ENSG00000124198,0.9127897911618539
ENSG00000124207,0.06288961952076541
ENSG00000124214,-0.08801988630897402
ENSG00000124228,-0.17457074840558512
ENSG00000124201,0.26235537829779243
ENSG00000177410,1.020611930992893
ENSG00000158445,2.840062609365747
ENSG00000158470,1.3352084054534192
ENSG00000197818,1.5135875470195337
ENSG00000158480,0.6040154937391227
ENSG00000124226,0.053835414810695766
ENSG00000124216,0.044866061635697625
ENSG00000244687,-0.8761899918671934
ENSG00000240849,-0.5758551001302421
ENSG00000237595,NaN
ENSG00000234698,NaN
ENSG00000231742,-0.07837064411175149
ENSG00000172216,-0.4599514709972592
ENSG00000224397,-1.2606261913155483
ENSG00000203999,-1.5917125093166355
ENSG00000233077,2.791597954099944
ENSG00000196396,1.0081775371445476
ENSG00000232043,NaN
ENSG00000042062,3.203897820705834
ENSG00000124171,-0.04284640395412946
ENSG00000124243,-2.248994652434391
ENSG00000101126,0.7351716261119643
ENSG00000259456,-1.2814527387911994
ENSG00000000419,-0.07533762724778423
ENSG00000124217,-1.530732187246837
ENSG00000232358,NaN
ENSG00000026559,-0.9982412437917578
ENSG00000101096,0.13680212266555644
ENSG00000054793,-0.5759231286636296
ENSG00000101115,0.41600729214473736
ENSG00000227964,NaN
ENSG00000020256,0.3523461301008641
ENSG00000287511,5.746349492847041
ENSG00000234948,NaN
ENSG00000182463,NaN
ENSG00000197670,-1.2895311380932026
ENSG00000171940,0.18025070484882413
ENSG00000235415,NaN
ENSG00000287886,NaN
ENSG00000225563,NaN
ENSG00000064787,1.847243097609004
ENSG00000019186,1.9382332265852944
ENSG00000286587,NaN
ENSG00000101132,-1.6267815372965604
ENSG00000101134,NaN
ENSG00000124098,0.4176349612188949
ENSG00000087586,-1.510198895872666
ENSG00000101138,-1.2495987420969665
ENSG00000087589,-0.4994255517085114
ENSG00000022277,-0.9623140623678114
ENSG00000124091,NaN
ENSG00000124103,NaN
ENSG00000287079,NaN
ENSG00000087510,0.29810834029143474
ENSG00000101144,NaN
ENSG00000101146,-2.4651666091358564
ENSG00000218018,NaN
ENSG00000132819,-0.8716484020908258
ENSG00000124256,NaN
ENSG00000124225,1.025153420041993
ENSG00000278709,-0.9193209702059272
ENSG00000275852,NaN
ENSG00000124209,-0.5387846014072837
ENSG00000124164,-0.5639474022053808
ENSG00000231290,NaN
ENSG00000124222,1.083041950089141
ENSG00000215440,-2.094441383785293
ENSG00000087460,-0.8858277095046334
ENSG00000285091,NaN
ENSG00000101158,0.7864788568872452
ENSG00000101160,-0.2304094232417855
ENSG00000101162,NaN
ENSG00000124172,-0.9743838759471684
ENSG00000101166,-1.8700034171768802
ENSG00000124205,NaN
ENSG00000196074,-0.7847411795041269
ENSG00000196227,-2.2885819723136542
ENSG00000132825,-1.6994395732397451
ENSG00000124215,NaN
ENSG00000228340,NaN
ENSG00000179242,2.8288117530668697
ENSG00000130699,1.508784471720716
ENSG00000283078,NaN
ENSG00000149657,-1.2625727272092129
ENSG00000101182,-0.7693137075278257
ENSG00000184402,2.334527865338973
ENSG00000101181,-1.2741830319309078
ENSG00000130703,1.9777391694565913
ENSG00000130706,-0.43532395120342715
ENSG00000226332,-0.11115650318238338
ENSG00000130702,1.4143782569463574
ENSG00000228812,-0.08765963755574249
ENSG00000273619,-1.3003154202129876
ENSG00000171858,-0.7350852712315509
ENSG00000149679,2.164878210482594
ENSG00000101187,-0.750216710942762
ENSG00000101189,-2.2808518509019122
ENSG00000060491,1.177349831317685
ENSG00000092758,NaN
ENSG00000101190,-1.4839460331319183
ENSG00000101191,1.180140450543622
ENSG00000273759,NaN
ENSG00000101193,-1.7560872124971443
ENSG00000272259,NaN
ENSG00000149658,-1.2266265935404146
ENSG00000101197,NaN
ENSG00000101198,-0.27885685398756654
ENSG00000275620,-0.48125238715062635
ENSG00000101199,-1.6172828059951925
ENSG00000101203,-1.0978435772498627
ENSG00000075043,NaN
ENSG00000101210,-2.1082787104053513
ENSG00000125534,-1.2717145768518634
ENSG00000101213,NaN
ENSG00000130589,1.3111146109950664
ENSG00000101216,-0.16482758447614385
ENSG00000232442,-0.3480284395268183
ENSG00000197457,0.5998017109378246
ENSG00000258366,-0.11518389823716076
ENSG00000243509,NaN
ENSG00000101246,-0.45762492481504113
ENSG00000197114,1.1894530858536523
ENSG00000203896,NaN
ENSG00000125520,-0.3949796010942332
ENSG00000130584,-0.7637181659034525
ENSG00000229299,NaN
ENSG00000268858,NaN
ENSG00000101150,0.2266593613242265
ENSG00000101152,0.42589799980275467
ENSG00000198276,0.616101048029824
ENSG00000196700,-0.3703686410224438
ENSG00000101161,0.6417873606935768
ENSG00000203883,-0.8978119653837685
ENSG00000171703,-1.2894334692942564
ENSG00000171700,-0.6598693847135185
ENSG00000125510,-0.12362422181442381
ENSG00000171695,-1.3195300159497632
ENSG00000196132,2.3701332588116677
ENSG00000203880,1.5425144262147208
ENSG00000280071,1.0814131174585753
ENSG00000275464,2.1762845525452024
ENSG00000279064,NaN
ENSG00000275993,-1.056678875592893
ENSG00000275895,NaN
ENSG00000280145,1.8962274723147687
ENSG00000280164,1.2131483164523904
ENSG00000280018,NaN
ENSG00000276077,NaN
ENSG00000276289,NaN
ENSG00000280441,NaN
ENSG00000286033,NaN
ENSG00000279501,-0.019566035215702066
ENSG00000278932,0.4405009368353503
ENSG00000277693,1.8517255432280422
ENSG00000274391,NaN
ENSG00000224905,-0.004918969815173172
ENSG00000188992,NaN
ENSG00000155304,-1.3809844048677193
ENSG00000232884,4.116306923774165
ENSG00000281903,1.2747248773821276
ENSG00000235277,NaN
ENSG00000180530,10.026166024219012
ENSG00000229047,NaN
ENSG00000231201,3.062461432455073
ENSG00000229425,-0.8500326529450776
ENSG00000155313,0.8700576837167718
ENSG00000215386,0.5512923336665247
ENSG00000154639,2.186017632908052
ENSG00000154640,0.24559795500935638
ENSG00000280594,NaN
ENSG00000240770,1.749881570733596
ENSG00000154642,-0.4871664492350461
ENSG00000244676,NaN
ENSG00000154645,NaN
ENSG00000224141,1.9753301353831885
ENSG00000154654,NaN
ENSG00000233215,NaN
ENSG00000234883,NaN
ENSG00000154719,-2.101090059123241
ENSG00000154721,NaN
ENSG00000154723,-0.44688835702518837
ENSG00000154727,-1.6796109843422236
ENSG00000142192,0.9150165251919171
ENSG00000233783,3.5702973446812853
ENSG00000224541,0.12496272861326907
ENSG00000273492,NaN
ENSG00000156239,1.5692769053440379
ENSG00000198862,-0.003360949575661579
ENSG00000156253,-1.506922527414091
ENSG00000273254,NaN
ENSG00000156256,-0.9246832891105841
ENSG00000156261,-0.9928206442682014
ENSG00000286018,NaN
ENSG00000156265,-1.0839560798935037
ENSG00000156273,0.536207467298899
ENSG00000248476,NaN
ENSG00000273017,NaN
ENSG00000171189,1.3147791121113397
ENSG00000156299,1.084196069799321
ENSG00000237594,NaN
ENSG00000234509,NaN
ENSG00000142168,-1.1718324163908167
ENSG00000156304,0.1661912015395626
ENSG00000142149,-1.008252057916729
ENSG00000230323,NaN
ENSG00000261610,NaN
ENSG00000159055,-0.23738094585792713
ENSG00000170262,NaN
ENSG00000232623,NaN
ENSG00000142207,-1.3291156349133777
ENSG00000256073,-1.2242970081326516
ENSG00000166979,0.9149977110473841
ENSG00000242220,-0.37518822364675897
ENSG00000159079,-0.9677803619716151
ENSG00000159082,2.361837709180729
ENSG00000238197,3.49594586716606
ENSG00000159086,2.154466657170419
ENSG00000205930,NaN
ENSG00000184221,NaN
ENSG00000159110,2.6024297280398776
ENSG00000223799,NaN
ENSG00000243646,0.35454209324322206
ENSG00000142166,0.8619500015392938
ENSG00000159128,-1.4836669957163886
ENSG00000142188,-1.3348959704350956
ENSG00000177692,-1.6695267306979282
ENSG00000159131,-0.6075329047131994
ENSG00000159140,0.9889486939621861
ENSG00000159147,-0.5916381196758113
ENSG00000205758,-1.4588480834576227
ENSG00000205726,0.9151882231285379
ENSG00000241837,-1.6321944995918845
ENSG00000273102,NaN
ENSG00000243927,-1.5728968468045141
ENSG00000198743,1.7944303338923937
ENSG00000227456,-0.6227320469860662
ENSG00000180509,2.728632505405842
ENSG00000159200,-1.2634879900319638
ENSG00000159212,NaN
ENSG00000159216,2.502414113038437
ENSG00000286153,1.3347776413488739
ENSG00000185917,0.5181879034817616
ENSG00000159228,-1.7888978302928797
ENSG00000236830,NaN
ENSG00000159231,-1.057001009259053
ENSG00000142197,6.798877476110167
ENSG00000273199,1.1965937973555532
ENSG00000159256,0.386747477769227
ENSG00000159259,-0.9800496797484944
ENSG00000230479,3.532492259085907
ENSG00000233818,-0.8361028063047967
ENSG00000159261,2.310386433786933
ENSG00000224269,NaN
ENSG00000159263,0.7062449323000567
ENSG00000159267,2.9622895878846958
ENSG00000224790,-1.0831063912300658
ENSG00000183145,NaN
ENSG00000185808,-2.643029845020683
ENSG00000182670,0.08074945529907085
ENSG00000228677,1.645543109199563
ENSG00000230366,1.9331895717994547
ENSG00000242553,-0.4952057574733326
ENSG00000157538,-0.5097338939094301
ENSG00000272948,NaN
ENSG00000287637,NaN
ENSG00000273210,NaN
ENSG00000157540,0.0544701179007049
ENSG00000157542,2.6328041048433315
ENSG00000198054,-1.4560069014620103
ENSG00000157554,NaN
ENSG00000157557,2.007763264986729
ENSG00000205622,NaN
ENSG00000183527,-2.3308059355520867
ENSG00000185658,0.8033046721335292
ENSG00000255568,NaN
ENSG00000205581,-0.46235869589695017
ENSG00000182093,-1.6948310368031323
ENSG00000157578,-1.0334046646856614
ENSG00000185437,-1.3346040175065783
ENSG00000183778,NaN
ENSG00000184809,NaN
ENSG00000183036,-0.2925641079095724
ENSG00000171587,0.542505112273375
ENSG00000182240,-0.9685420780622651
ENSG00000157601,-0.6390146297637843
ENSG00000227702,NaN
ENSG00000183421,2.890649717925538
ENSG00000141956,-0.24012072119113792
ENSG00000157617,2.4883278632054635
ENSG00000173276,1.5749927391182437
ENSG00000237232,1.3127952732443877
ENSG00000160179,3.1457463279249303
ENSG00000160181,NaN
ENSG00000160182,0.7117785576985227
ENSG00000160188,-0.6322183114632881
ENSG00000160190,-0.10205761488894435
ENSG00000160191,2.07135316956864
ENSG00000225218,-0.19699574864272767
ENSG00000160193,0.4165731965138707
ENSG00000160194,-2.5934672702648367
ENSG00000160199,0.06666205915342376
ENSG00000160201,NaN
ENSG00000286549,NaN
ENSG00000237864,4.590716651147885
ENSG00000142178,NaN
ENSG00000185186,0.19089909509672742
ENSG00000160207,-0.6372748201161944
ENSG00000160208,-0.2804725285865923
ENSG00000160209,-0.011861788654888622
ENSG00000287507,-1.1509707481553106
ENSG00000160213,0.19241760828936302
ENSG00000160214,0.37675150874171986
ENSG00000215458,NaN
ENSG00000160216,-0.06109801416950412
ENSG00000160218,2.4437398105461874
ENSG00000160221,NaN
ENSG00000141959,0.054142673771807176
ENSG00000160226,3.2675063492895813
ENSG00000142185,-0.29660458188116784
ENSG00000230061,NaN
ENSG00000160233,NaN
ENSG00000175894,NaN
ENSG00000235890,NaN
ENSG00000182912,NaN
ENSG00000184787,-0.05064657227067697
ENSG00000236519,NaN
ENSG00000184900,-2.5730350003775766
ENSG00000183255,-1.040363478382902
ENSG00000160255,-0.24037786573694295
ENSG00000227039,-3.6522948951575547
ENSG00000273027,1.5143265714173497
ENSG00000183250,-0.9366769072657475
ENSG00000160256,-1.8952116097162142
ENSG00000276529,0.3070367789010945
ENSG00000197381,1.1177050297625126
ENSG00000186866,-0.995690970309805
ENSG00000223768,-0.20046901529350958
ENSG00000273796,NaN
ENSG00000182871,1.1937652918597854
ENSG00000173638,0.5977833953779111
ENSG00000183570,1.1078907887771543
ENSG00000142156,0.1624601320601258
ENSG00000142173,-1.0687628986851476
ENSG00000160285,1.1052326425532353
ENSG00000223901,NaN
ENSG00000215424,1.6522892589392641
ENSG00000160294,1.8647440545565925
ENSG00000239415,NaN
ENSG00000182362,0.17220339312692848
ENSG00000160298,1.8387942207213261
ENSG00000160299,-0.7577984487823125
ENSG00000160305,3.127255769389517
ENSG00000223692,NaN
ENSG00000160307,NaN
ENSG00000160310,-1.092068150296928
ENSG00000225255,2.745496308727392
ENSG00000206195,0.8891641695172016
ENSG00000272872,2.471787825134082
ENSG00000288024,NaN
ENSG00000177663,2.3854798370235133
ENSG00000069998,0.08522666893459914
ENSG00000185837,-1.126298509180077
ENSG00000099954,NaN
ENSG00000182902,NaN
ENSG00000236754,NaN
ENSG00000131100,-0.675297246490585
ENSG00000099968,3.811829425449119
ENSG00000015475,-0.9738520502711036
ENSG00000243156,0.26840878599481416
ENSG00000235445,NaN
ENSG00000234913,NaN
ENSG00000215193,-0.6122704012794505
ENSG00000183785,NaN
ENSG00000280007,NaN
ENSG00000184979,-0.5996394488911898
ENSG00000187979,NaN
ENSG00000278558,-0.24885655722436734
ENSG00000276095,NaN
ENSG00000183628,-0.656327628806132
ENSG00000273032,-1.4358754368470064
ENSG00000070413,0.7792102342781599
ENSG00000273311,NaN
ENSG00000100056,-0.016727729253292176
ENSG00000260924,NaN
ENSG00000100075,-1.0162444066624194
ENSG00000070371,2.6036324239578077
ENSG00000100084,-1.1864851812196706
ENSG00000242259,-2.4283190262546146
ENSG00000185608,-1.736209013729855
ENSG00000185065,NaN
ENSG00000070010,-1.91371162592227
ENSG00000093009,0.5113399217921544
ENSG00000184702,NaN
ENSG00000203618,NaN
ENSG00000184058,-0.5007153868736783
ENSG00000185838,1.0898232443304483
ENSG00000215012,0.8075828638979892
ENSG00000184470,-1.8000762535360797
ENSG00000093010,-0.8497527139532132
ENSG00000099889,NaN
ENSG00000183597,-0.8044758896224264
ENSG00000236540,NaN
ENSG00000128191,1.2784772660858155
ENSG00000099899,1.3971197962969208
ENSG00000099901,-1.009807551199511
ENSG00000099904,-1.4038281379287396
ENSG00000040608,1.0553767078286402
ENSG00000128185,-0.6045857027266708
ENSG00000185252,0.17785386930940703
ENSG00000099910,1.9052579371616036
ENSG00000099917,0.01528317855104312
ENSG00000241973,0.5224200327676822
ENSG00000099937,NaN
ENSG00000099940,-1.484843682387788
ENSG00000099942,1.2555677399615017
ENSG00000237476,-0.9801119666571889
ENSG00000183773,0.1044852874727672
ENSG00000272829,NaN
ENSG00000099949,-0.20974256518790976
ENSG00000184436,-2.3386410524277657
ENSG00000230513,-0.6710274046027708
ENSG00000197210,NaN
ENSG00000169635,0.3259830184123144
ENSG00000185651,-0.5946276308590371
ENSG00000161179,-2.9185844164496886
ENSG00000128228,-0.8607456773038143
ENSG00000100023,1.3438611252356616
ENSG00000100027,3.5139818797938602
ENSG00000100030,0.6058230826204863
ENSG00000100034,0.22553502285678173
ENSG00000224086,0.42989302040422495
ENSG00000100038,0.9259344804071498
ENSG00000279278,NaN
ENSG00000274422,NaN
ENSG00000275004,1.7275162977488503
ENSG00000169548,NaN
ENSG00000185686,-0.9829757506514185
ENSG00000100218,1.1386456844757056
ENSG00000128266,NaN
ENSG00000100228,0.2665294903677223
ENSG00000186716,1.242307073800301
ENSG00000234928,NaN
ENSG00000178248,NaN
ENSG00000272733,NaN
ENSG00000189269,-0.4228021029433498
ENSG00000187792,-1.2788882956452974
ENSG00000128218,NaN
ENSG00000250479,-1.4693424952975072
ENSG00000099956,-1.0393700255903262
ENSG00000099958,NaN
ENSG00000272973,NaN
ENSG00000133460,-0.34562062732360554
ENSG00000240972,-0.8796795536316057
ENSG00000218537,-0.4363282332029388
ENSG00000099974,NaN
ENSG00000099977,0.09716975890736382
ENSG00000099991,1.4024505347643625
ENSG00000099994,-0.5198611900032397
ENSG00000099998,-0.9590445697655658
ENSG00000100014,1.349325135929471
ENSG00000128271,NaN
ENSG00000138867,-0.12171048976322492
ENSG00000100028,-1.0701056254490624
ENSG00000286070,NaN
ENSG00000178026,0.39303508846396557
ENSG00000100031,NaN
ENSG00000184571,NaN
ENSG00000167037,1.0908191068267337
ENSG00000197077,0.38007247321850285
ENSG00000279085,NaN
ENSG00000279548,NaN
ENSG00000279110,0.410084231957383
ENSG00000203280,NaN
ENSG00000100053,NaN
ENSG00000244752,NaN
ENSG00000100068,-2.1286007180073083
ENSG00000272977,NaN
ENSG00000100077,3.7226462765110884
ENSG00000133454,NaN
ENSG00000128203,-0.8462507717451645
ENSG00000100099,2.013485278009192
ENSG00000100104,-1.9072657064838325
ENSG00000100109,-0.5047377801132312
ENSG00000261188,NaN
ENSG00000128294,-1.7709517106869226
ENSG00000225783,1.9740361931932149
ENSG00000244625,-0.27110929791110994
ENSG00000223704,NaN
ENSG00000169184,-1.4288473384370868
ENSG00000180957,1.5441864354791535
ENSG00000235954,4.555391221563154
ENSG00000100154,2.550709215395258
ENSG00000183765,0.8376417352047157
ENSG00000100209,0.8103972454763089
ENSG00000159873,-1.0715456726980186
ENSG00000100219,0.5673714742583484
ENSG00000226471,0.3835450418807788
ENSG00000183579,1.447302651799891
ENSG00000235786,NaN
ENSG00000177993,1.63872510357239
ENSG00000100249,NaN
ENSG00000183762,-0.4997153590080945
ENSG00000186998,2.771831220638372
ENSG00000100263,1.6201478351651528
ENSG00000182944,-0.7057721950307202
ENSG00000185340,-0.7210829784212522
ENSG00000100276,NaN
ENSG00000100280,0.7887416123350917
ENSG00000100285,NaN
ENSG00000100296,-0.6607650847747324
ENSG00000184117,0.12105093821716892
ENSG00000186575,-0.03415938763433646
ENSG00000100319,-0.5098261992107321
ENSG00000184076,-0.6499656363743451
ENSG00000100325,-1.5783164344871679
ENSG00000100330,1.8069811453347848
ENSG00000279159,0.2462679674469864
ENSG00000176635,NaN
ENSG00000225676,-0.10353409679456356
ENSG00000128342,-0.2789281489385318
ENSG00000239282,-0.27149463128347573
ENSG00000099992,1.0226532549328529
ENSG00000099995,-1.1397072378084951
ENSG00000187860,-0.9869787259110533
ENSG00000099999,3.6685486723043015
ENSG00000100003,0.8222164799660933
ENSG00000242114,-1.2436923973491845
ENSG00000273428,NaN
ENSG00000181123,2.44518760173251
ENSG00000133488,2.0972565240459367
ENSG00000128242,-1.882805025502737
ENSG00000100029,-0.8395572651013073
ENSG00000185339,-0.0949946473035482
ENSG00000100036,0.39338733787854346
ENSG00000167065,-0.7784822355991953
ENSG00000184792,0.51630345833467
ENSG00000235989,0.867310523390209
ENSG00000133422,-0.9675939811901442
ENSG00000253352,1.1850657220745109
ENSG00000278920,NaN
ENSG00000183963,-1.7157450844527662
ENSG00000198832,-1.0056019218691294
ENSG00000185133,0.9667466077952932
ENSG00000138942,-0.24768363061853135
ENSG00000182541,-0.4616699370752929
ENSG00000228839,NaN
ENSG00000100105,0.949599056339523
ENSG00000213888,-0.5350872177284476
ENSG00000185721,-0.2524641495517275
ENSG00000184708,2.0529368149984166
ENSG00000240591,NaN
ENSG00000198089,1.7186288636136235
ENSG00000287817,0.2859320432643308
ENSG00000241878,0.01583177865922969
ENSG00000183530,3.062874629703179
ENSG00000100150,1.0262854894463496
ENSG00000128245,-0.9850515673761228
ENSG00000227519,NaN
ENSG00000100170,NaN
ENSG00000128253,NaN
ENSG00000242082,0.9913553498506287
ENSG00000100191,NaN
ENSG00000205853,NaN
ENSG00000100220,-0.5942907882707111
ENSG00000184459,NaN
ENSG00000100225,-0.4833627590167493
ENSG00000185666,NaN
ENSG00000100234,-0.6960991132557866
ENSG00000133424,0.2689518540226919
ENSG00000224973,NaN
ENSG00000236052,NaN
ENSG00000286592,NaN
ENSG00000100281,-1.029063414715145
ENSG00000100284,1.5500193782097633
ENSG00000100292,0.3738830387061993
ENSG00000100297,-0.7052543048596849
ENSG00000100302,NaN
ENSG00000198125,-0.5954031767498618
ENSG00000221963,2.9676417714126604
ENSG00000100320,1.0071506047864789
ENSG00000279652,5.259015674791873
ENSG00000128335,-0.8935897697265328
ENSG00000100342,2.1795252921501564
ENSG00000100345,4.999289432526388
ENSG00000287269,1.772071787911986
ENSG00000223695,1.41299007468807
ENSG00000100348,-1.7507278782277953
ENSG00000100350,-0.5834197591773181
ENSG00000100353,-1.2162406812854372
ENSG00000166862,NaN
ENSG00000100360,0.7829128761084857
ENSG00000128311,-1.6194532127499026
ENSG00000128309,-0.44564524688137724
ENSG00000287236,NaN
ENSG00000100379,-0.9335128271152344
ENSG00000235237,NaN
ENSG00000133466,-1.6612619176573833
ENSG00000243902,-0.6198716459577653
ENSG00000166897,2.5929921412980312
ENSG00000100060,1.036340733922917
ENSG00000100065,-0.7205140666591029
ENSG00000128283,-1.74194004076532
ENSG00000100079,-0.6206400819759011
ENSG00000100083,-0.6983652153049273
ENSG00000100092,0.7271742585492273
ENSG00000233360,NaN
ENSG00000241360,-0.9882040784257873
ENSG00000100097,-0.6189061783219535
ENSG00000273899,-0.9248439284078173
ENSG00000100106,0.5470873142569914
ENSG00000189060,-2.5960167960663814
ENSG00000100116,-0.1597031046160497
ENSG00000100124,-0.3153849904526738
ENSG00000100129,0.044380475833528964
ENSG00000279738,-0.7288515998154776
ENSG00000100139,2.0805031679727213
ENSG00000128346,-2.349086427516987
ENSG00000272582,NaN
ENSG00000100142,-0.8391164669398362
ENSG00000100146,NaN
ENSG00000100151,-1.19591939014553
ENSG00000128298,-1.3386332369758256
ENSG00000184381,1.7637865598265825
ENSG00000185022,-1.61301002622469
ENSG00000198792,-0.872703865627367
ENSG00000213923,-1.8400403964925267
ENSG00000100196,1.397455600090797
ENSG00000100201,-0.07442908320126897
ENSG00000100206,-1.3753167302252642
ENSG00000184949,0.3687421615335671
ENSG00000100211,-1.3623463585044104
ENSG00000228274,NaN
ENSG00000100216,-1.7619470632864875
ENSG00000100221,-0.8560748980718726
ENSG00000100226,0.9262146855544561
ENSG00000100242,0.25958915875523364
ENSG00000225450,-0.642229396701929
ENSG00000272669,NaN
ENSG00000100246,-0.9233328443999446
ENSG00000221890,2.848783926014017
ENSG00000183741,0.18551253932969267
ENSG00000128383,NaN
ENSG00000179750,NaN
ENSG00000244509,-1.0597833176047295
ENSG00000128394,-1.2991323052254522
ENSG00000100298,NaN
ENSG00000100307,NaN
ENSG00000100311,-0.671075099966097
ENSG00000284633,NaN
ENSG00000100316,-1.0574614662077735
ENSG00000100321,-0.5528720498817734
ENSG00000100324,0.9191418264236335
ENSG00000128268,NaN
ENSG00000100335,1.0086018514304247
ENSG00000128272,-0.1386027336516898
ENSG00000187051,-2.0246688016108685
ENSG00000100346,NaN
ENSG00000100351,NaN
ENSG00000100354,1.554148462568441
ENSG00000239900,-0.5644621096362981
ENSG00000100359,-1.5323820175969207
ENSG00000229999,2.1026792755479193
ENSG00000196588,8.612851701185122
ENSG00000232564,NaN
ENSG00000100372,-0.34976035688810075
ENSG00000100380,-1.3248742122844066
ENSG00000196236,0.31289459406558223
ENSG00000100387,-0.6244088482005505
ENSG00000100393,0.10721703613675813
ENSG00000232754,5.156012720185899
ENSG00000231993,NaN
ENSG00000100395,0.25501206479338195
ENSG00000235513,4.9709975646118885
ENSG00000100399,NaN
ENSG00000100401,-2.2980771942451828
ENSG00000100403,2.2524781347326894
ENSG00000167074,0.6983956928034434
ENSG00000183864,1.098334082816676
ENSG00000100410,-1.5254879149479776
ENSG00000100412,1.693433576248916
ENSG00000100413,-1.7061280955588332
ENSG00000172346,3.234565673525769
ENSG00000100417,-0.6018707707499004
ENSG00000100418,-1.798754965165307
ENSG00000196419,1.783114093748012
ENSG00000100138,-1.6418199341156277
ENSG00000167077,NaN
ENSG00000100147,1.5529833452333348
ENSG00000184068,NaN
ENSG00000198911,1.1083541461283946
ENSG00000234965,NaN
ENSG00000100162,-0.7011892579116776
ENSG00000100167,NaN
ENSG00000183066,-0.9866059846583484
ENSG00000198951,-1.498973037715507
ENSG00000183172,-1.4708587945832747
ENSG00000184983,-1.1008489863205464
ENSG00000237037,0.42134560473930954
ENSG00000100207,-0.2233452156533482
ENSG00000182057,-1.2023934512485517
ENSG00000229891,NaN
ENSG00000235568,NaN
ENSG00000189306,-1.7503433545170184
ENSG00000183569,5.083925557929748
ENSG00000100227,0.3415733286022942
ENSG00000270022,NaN
ENSG00000100243,-0.9999576997619876
ENSG00000249222,NaN
ENSG00000128274,-1.03135581795302
ENSG00000242247,0.24827344808992666
ENSG00000100266,0.7884460678196111
ENSG00000100271,-0.6870943435312598
ENSG00000100290,0.7898568894454344
ENSG00000100294,0.7083400567559875
ENSG00000100300,-0.589284477953908
ENSG00000100304,-0.6768856893715965
ENSG00000186976,0.30822167542818624
ENSG00000261251,NaN
ENSG00000100344,5.062194113638255
ENSG00000100347,-1.4138528622580682
ENSG00000188677,0.9092524852055279
ENSG00000279175,NaN
ENSG00000280434,2.318365904625836
ENSG00000280011,NaN
ENSG00000138944,NaN
ENSG00000188636,-0.733715886611087
ENSG00000186654,0.5743009116673848
ENSG00000241484,-1.0263737319413435
ENSG00000056487,3.897906437334293
ENSG00000226328,3.19832205960217
ENSG00000093000,2.0743378183979178
ENSG00000273353,NaN
ENSG00000100364,1.2385316541815494
ENSG00000100376,0.2313689566456462
ENSG00000077935,1.5178609104672265
ENSG00000128408,0.07252875409916773
ENSG00000077942,0.6973175083423012
ENSG00000238120,-0.5699179857505156
ENSG00000280383,-0.8236503814237781
ENSG00000130638,0.6991033230306164
ENSG00000188064,-0.14231782519865763
ENSG00000273145,-0.8806362564765492
ENSG00000273289,NaN
ENSG00000241990,-2.167265419213378
ENSG00000197182,1.7452703295653043
ENSG00000235159,NaN
ENSG00000186951,3.1049394966284587
ENSG00000205643,0.25136491978292397
ENSG00000075234,-1.2758622084924425
ENSG00000075218,-0.8683826013535624
ENSG00000100416,-1.8509690895934565
ENSG00000075275,1.4647324128746848
ENSG00000234869,NaN
ENSG00000075240,0.8693192504835302
ENSG00000100422,0.008305683609390314
ENSG00000260708,0.13707158687945442
ENSG00000054611,0.6810267290304199
ENSG00000218357,NaN
ENSG00000224271,NaN
ENSG00000287225,-0.22021048430611373
ENSG00000219438,0.12797909244521308
ENSG00000226954,NaN
ENSG00000100425,-1.953104031976856
ENSG00000279345,NaN
ENSG00000100426,-0.3532585335889997
ENSG00000182858,-0.10328714495377839
ENSG00000273192,NaN
ENSG00000184164,-0.04959085886517682
ENSG00000198355,-0.47391039838542665
ENSG00000073146,NaN
ENSG00000073150,-1.2586023570120413
ENSG00000170638,-2.158028941690001
ENSG00000273253,NaN
ENSG00000073169,-2.4121017720794513
ENSG00000272836,NaN
ENSG00000128159,-0.12067301893312518
ENSG00000100429,-1.4237276164515515
ENSG00000188130,0.7467722670127579
ENSG00000185386,0.7016335519439932
ENSG00000196576,-0.05585320991563216
ENSG00000205593,2.408971412512042
ENSG00000100239,0.23316728779323662
ENSG00000100241,-0.9796740465247447
ENSG00000128165,NaN
ENSG00000100258,-0.5770884316656356
ENSG00000025770,-1.812016922252766
ENSG00000284194,-1.8898420206046587
ENSG00000025708,0.4844455725911106
ENSG00000177989,2.2948371478895173
ENSG00000273272,NaN
ENSG00000272666,NaN
ENSG00000217442,NaN
ENSG00000205560,2.088474926702647
ENSG00000100288,-1.5658503336572556
ENSG00000205559,-1.0240734685145612
ENSG00000272940,NaN
ENSG00000008735,4.750885015004549
ENSG00000100299,2.35159621324444
ENSG00000251322,2.626058998152306
ENSG00000079974,-1.065440709405748
ENSG00000182378,3.00185306187042
ENSG00000178605,-1.628601806834235
ENSG00000226179,2.0349178394576417
ENSG00000167393,1.9429419380328214
ENSG00000281849,-0.07032948882138591
ENSG00000205755,NaN
ENSG00000198223,0.6823830636530399
ENSG00000185291,2.173191478847011
ENSG00000169100,-0.5464420154577956
ENSG00000236871,2.9056314154997867
ENSG00000236017,1.1521417470294861
ENSG00000169093,-1.4499843906052736
ENSG00000197976,0.9029390932697356
ENSG00000196433,NaN
ENSG00000223511,NaN
ENSG00000169084,1.6667913809651758
ENSG00000223571,NaN
ENSG00000214717,-1.7834822452191668
ENSG00000002586,-0.6146023385108039
ENSG00000124343,NaN
ENSG00000056998,0.36187151626426234
ENSG00000235483,NaN
ENSG00000006756,-1.429725857368865
ENSG00000157399,0.5889264599360043
ENSG00000205667,NaN
ENSG00000183943,0.49419684476262166
ENSG00000236188,NaN
ENSG00000285756,1.9704480615535258
ENSG00000286431,NaN
ENSG00000130021,-0.5019401471571872
ENSG00000101846,-0.1910567359073691
ENSG00000006757,-1.634446084099254
ENSG00000285679,1.7343136065447526
ENSG00000177138,NaN
ENSG00000101849,-0.3511021424368019
ENSG00000101850,NaN
ENSG00000146950,2.0446896725707657
ENSG00000047644,3.538830148602889
ENSG00000225076,4.051880152305234
ENSG00000073464,0.7038662835573648
ENSG00000101871,2.920062591659988
ENSG00000234129,-1.462498982810912
ENSG00000004961,-1.5031312738761127
ENSG00000047648,NaN
ENSG00000005302,1.0855930259271491
ENSG00000169933,-1.2548202867269043
ENSG00000101911,0.27102695846264313
ENSG00000205542,-1.0213431448249628
ENSG00000176896,NaN
ENSG00000123595,-0.6192428953054545
ENSG00000196459,0.17767870584460643
ENSG00000046651,1.2805611624346298
ENSG00000046653,NaN
ENSG00000046647,-0.9859533943248737
ENSG00000101958,NaN
ENSG00000181544,0.34442679299192586
ENSG00000130150,-0.887761281055625
ENSG00000102048,-1.3808993993724903
ENSG00000165195,0.5054725967905487
ENSG00000165197,-0.2599702503319743
ENSG00000087842,-1.2501792069861635
ENSG00000102010,NaN
ENSG00000147003,NaN
ENSG00000169239,1.3940075487605381
ENSG00000169249,-1.2194610259252503
ENSG00000182287,0.9178410302970117
ENSG00000047230,1.577026244586513
ENSG00000169895,-0.035042025230568166
ENSG00000086712,0.2677312341239822
ENSG00000102054,-2.0544106006945766
ENSG00000169891,0.5371198768957954
ENSG00000188158,2.0371968139204513
ENSG00000235834,NaN
ENSG00000047634,-0.4786781842616994
ENSG00000102098,0.8687063081121417
ENSG00000008086,3.224224362118476
ENSG00000086717,0
ENSG00000044446,2.3472730766333956
ENSG00000286724,-0.47583085176017953
ENSG00000173698,0.7232652670462835
ENSG00000131828,-0.9109318778823726
ENSG00000180815,0.477211894707234
ENSG00000147010,-0.276424215289487
ENSG00000173681,0.5721943425977849
ENSG00000184368,-0.018368776440503706
ENSG00000173674,-0.5723402176483664
ENSG00000177189,0.5983748863912172
ENSG00000283380,-0.5724242342530912
ENSG00000149970,1.4081384275148228
ENSG00000185915,NaN
ENSG00000012174,0.8453122099311681
ENSG00000230797,-0.45356031541905645
ENSG00000102172,-0.7844771146153449
ENSG00000102174,0.5142867535834836
ENSG00000233067,NaN
ENSG00000123131,1.0826836634541133
ENSG00000123130,-0.30981143290997043
ENSG00000233785,-0.23084567769747
ENSG00000130066,2.5862659459011774
ENSG00000184831,-0.9471363443459374
ENSG00000165182,NaN
ENSG00000174010,1.0236622314164876
ENSG00000130741,-0.5374760552178869
ENSG00000234230,0.2725935513527452
ENSG00000005889,0.5906228257780395
ENSG00000067992,-0.43261228626325776
ENSG00000102230,NaN
ENSG00000101868,1.8239748725886944
ENSG00000004848,2.036469113696298
ENSG00000228933,NaN
ENSG00000223742,NaN
ENSG00000169306,1.653110195763328
ENSG00000169297,-1.0768393522122954
ENSG00000120280,NaN
ENSG00000198814,-0.5638341912618893
ENSG00000157625,-0.1572423607477602
ENSG00000198947,NaN
ENSG00000285900,NaN
ENSG00000233928,NaN
ENSG00000147027,1.423330286848274
ENSG00000165164,-0.4593676169200062
ENSG00000130962,-0.4965512177860457
ENSG00000147036,NaN
ENSG00000047597,0.09642105650724357
ENSG00000165169,-2.2041914938141773
ENSG00000259977,NaN
ENSG00000147041,NaN
ENSG00000101955,-0.8184011780734454
ENSG00000156313,1.560080864078989
ENSG00000036473,NaN
ENSG00000156298,NaN
ENSG00000287729,NaN
ENSG00000165175,-0.7218713108569511
ENSG00000285709,NaN
ENSG00000183337,-0.9278697733989589
ENSG00000182220,1.179519793943758
ENSG00000185753,0.02720943199607186
ENSG00000180182,0.8211645804113727
ENSG00000234636,-0.4521170680473525
ENSG00000287549,2.1223660722123894
ENSG00000124486,0.5983499435609602
ENSG00000223714,NaN
ENSG00000215301,0.5570061150573451
ENSG00000147044,1.2468372953590832
ENSG00000171659,0.47782792108060135
ENSG00000171657,4.982416590314367
ENSG00000224294,NaN
ENSG00000189221,2.482330070365501
ENSG00000069535,NaN
ENSG00000183690,NaN
ENSG00000069509,-1.9195842118705202
ENSG00000147050,2.864102156859346
ENSG00000147113,NaN
ENSG00000270069,3.701559615089344
ENSG00000231566,1.563801378139925
ENSG00000236751,-1.5808615716708594
ENSG00000147121,1.6684969233003921
ENSG00000251192,4.411586529931222
ENSG00000230844,-0.8396920618357318
ENSG00000147119,-0.42166803195065866
ENSG00000065923,0.6764179195515714
ENSG00000102218,2.369078180653217
ENSG00000204904,NaN
ENSG00000102221,0.22646706652998297
ENSG00000130988,NaN
ENSG00000147123,0.17601517194679733
ENSG00000182872,0.9305180411019768
ENSG00000130985,-0.7092967408611772
ENSG00000224975,NaN
ENSG00000102225,-1.8571097199982631
ENSG00000102226,0.24867412131815628
ENSG00000147124,-1.060206593523523
ENSG00000196741,2.517610623864581
ENSG00000078061,-0.6728700904524192
ENSG00000102265,0.9553359076678094
ENSG00000126767,-0.21453745531831797
ENSG00000126756,-1.5185657687696998
ENSG00000197779,-0.9595003001458855
ENSG00000147118,-1.3270260878174946
ENSG00000221994,NaN
ENSG00000287757,NaN
ENSG00000068438,-2.0075038757866555
ENSG00000224292,-0.5836960521101044
ENSG00000102312,1.9891867861897872
ENSG00000147155,-1.1394345872618798
ENSG00000068354,-0.2542926761319575
ENSG00000204620,NaN
ENSG00000102317,-1.4768765231629097
ENSG00000101940,-2.317052029578833
ENSG00000101945,-1.5798302152755033
ENSG00000232828,NaN
ENSG00000094631,-0.8065799411396956
ENSG00000102109,-1.5413451023826752
ENSG00000102103,-1.2419145351260783
ENSG00000126768,-2.3714363654913098
ENSG00000102100,0.09456300359932325
ENSG00000102096,NaN
ENSG00000068308,1.9587968810428498
ENSG00000102057,NaN
ENSG00000068400,-0.7635815737812921
ENSG00000068323,-0.7181660381479843
ENSG00000147144,0.1441675509075435
ENSG00000243279,-1.7359570725019493
ENSG00000196998,0.8356740162715096
ENSG00000068394,-1.3699989726646697
ENSG00000269313,-1.415044679691951
ENSG00000102007,2.1644145625014097
ENSG00000012211,-0.9054760458318251
ENSG00000102003,-0.3758343142399801
ENSG00000101997,-1.508875533288216
ENSG00000049769,0.10666095256685319
ENSG00000215274,NaN
ENSG00000234390,NaN
ENSG00000273820,-1.594335863305036
ENSG00000171365,1.516766148453897
ENSG00000147082,NaN
ENSG00000158352,NaN
ENSG00000196368,NaN
ENSG00000189369,-0.6461330028530865
ENSG00000179222,1.2681287240621109
ENSG00000204382,NaN
ENSG00000268350,0.093810543498714
ENSG00000184194,NaN
ENSG00000184205,-0.5606973214640592
ENSG00000232593,2.0058889879886066
ENSG00000126012,0.12259345417619838
ENSG00000124313,0.4192345066094395
ENSG00000072501,0.2488363341564991
ENSG00000158423,0.3865212867430268
ENSG00000072506,-0.761745447012892
ENSG00000086758,0.9145053706523932
ENSG00000172943,1.5719059666475195
ENSG00000184083,1.8737807632048968
ENSG00000196632,NaN
ENSG00000158526,-1.0084017300296995
ENSG00000102302,1.6249147614577073
ENSG00000130119,-0.712420095463922
ENSG00000102316,0.6203845040824159
ENSG00000158571,NaN
ENSG00000169188,-0.6553578379429044
ENSG00000182518,-0.9297204664729367
ENSG00000256045,3.8165731156439486
ENSG00000187601,-0.08888563353167026
ENSG00000247746,2.69101446484951
ENSG00000083750,2.834985670817289
ENSG00000227486,-1.2428059153245352
ENSG00000188021,-1.4431685297897563
ENSG00000204272,0.24742533930502328
ENSG00000204271,-0.0825131143915905
ENSG00000186787,-0.8926398460079144
ENSG00000147059,NaN
ENSG00000286977,0.0034798573219944236
ENSG00000165591,1.058784627320006
ENSG00000198455,-1.4323277721030865
ENSG00000235437,0.5565726625601093
ENSG00000186767,-0.9670848778960537
ENSG00000131089,-1.304812103724683
ENSG00000184675,-0.02710498440206574
ENSG00000102043,NaN
ENSG00000126970,1.9314601486121923
ENSG00000102053,NaN
ENSG00000001497,-1.2749525729484061
ENSG00000147065,0.09630123250314351
ENSG00000131080,-0.19591836917203637
ENSG00000169083,2.694419569415017
ENSG00000079482,4.592097022794573
ENSG00000181704,-0.45915726050684785
ENSG00000130052,NaN
ENSG00000090776,-0.6098546073901345
ENSG00000181191,-1.6924915129532008
ENSG00000130054,NaN
ENSG00000158813,0.19846992451719284
ENSG00000189401,NaN
ENSG00000089289,-0.49272472617225704
ENSG00000120509,-1.0037056469030334
ENSG00000090889,-1.4947976317007354
ENSG00000082458,3.111059927126532
ENSG00000147164,0.23051455059607553
ENSG00000184481,NaN
ENSG00000184634,1.0663216061291299
ENSG00000196338,-1.1304710067676897
ENSG00000169562,0.4477521374536853
ENSG00000147130,0.49905134281684005
ENSG00000147140,-0.8542310812087842
ENSG00000147133,1.8637894558885293
ENSG00000147162,-0.09273013639376297
ENSG00000147174,2.021312711771602
ENSG00000204131,-0.7983215349084042
ENSG00000242732,NaN
ENSG00000102309,-0.34492635008125433
ENSG00000186871,-0.7444039640890222
ENSG00000198034,-1.1051813998430333
ENSG00000125931,NaN
ENSG00000147099,0.9788999100890844
ENSG00000067177,0.11881658035569129
ENSG00000231944,NaN
ENSG00000269911,NaN
ENSG00000186462,NaN
ENSG00000204116,0.9204989526730798
ENSG00000230590,5.683953043622273
ENSG00000225470,1.7134713917106366
ENSG00000271533,-1.2369567386630804
ENSG00000147100,2.177353139014497
ENSG00000131263,0.584506325447668
ENSG00000050030,NaN
ENSG00000131269,0.8271257712576758
ENSG00000094841,-0.09665210059377762
ENSG00000102383,NaN
ENSG00000102390,-2.3813882393088006
ENSG00000198934,0.07371226227664936
ENSG00000085224,4.29921934592022
ENSG00000102158,0.9457728021760549
ENSG00000131174,-1.140046891378114
ENSG00000165240,1.0406692892359068
ENSG00000102144,-0.5113359420761252
ENSG00000187325,-1.417443491890761
ENSG00000078596,NaN
ENSG00000165288,0.36511469978831346
ENSG00000198157,-0.741557326498598
ENSG00000131171,-0.012461994970352342
ENSG00000072133,1.38381431763528
ENSG00000165259,-0.4784918100504944
ENSG00000155008,-0.8613918548430417
ENSG00000184788,NaN
ENSG00000147180,5.509644367642791
ENSG00000124429,0.8367733786235239
ENSG00000188419,3.192571079841431
ENSG00000102271,0.2948648828316365
ENSG00000102290,1.2848800113080565
ENSG00000179083,-0.3958544459181464
ENSG00000286523,NaN
ENSG00000147202,2.9852680482354224
ENSG00000204086,NaN
ENSG00000236256,-0.7969662126632775
ENSG00000281566,NaN
ENSG00000000003,-0.40925113836917326
ENSG00000102359,-1.3272239576285811
ENSG00000102362,2.033445306674428
ENSG00000101811,-0.05706575004691786
ENSG00000007952,NaN
ENSG00000188917,0.5429439243398514
ENSG00000102384,0.17020366351380803
ENSG00000102385,3.4729753051814676
ENSG00000102387,NaN
ENSG00000126953,-1.9504300320870198
ENSG00000241343,-0.9080632259168704
ENSG00000102393,1.120962335455981
ENSG00000126945,-0.7343774280191679
ENSG00000196440,1.5833622700253296
ENSG00000126947,NaN
ENSG00000198960,-0.5396493903584934
ENSG00000102401,-0.5193211084501171
ENSG00000166432,1.699959819564493
ENSG00000125962,-0.2017441126016782
ENSG00000271147,1.5937412002147162
ENSG00000270050,NaN
ENSG00000198932,-0.042997995581182634
ENSG00000158301,0.6743613033134813
ENSG00000286237,NaN
ENSG00000223546,-0.6443107947305996
ENSG00000239407,-1.193654148813622
ENSG00000234050,NaN
ENSG00000286846,NaN
ENSG00000180964,-1.1082118398015013
ENSG00000133134,1.4535976305533929
ENSG00000185222,-1.1497839284621305
ENSG00000166681,-0.33781131091716754
ENSG00000281091,0.8936728837698482
ENSG00000234405,1.1823041926821771
ENSG00000133142,-1.1398923111219912
ENSG00000196507,-1.5934808612646272
ENSG00000224031,NaN
ENSG00000172465,-0.5438847897454421
ENSG00000123562,-0.861378755161436
ENSG00000231154,NaN
ENSG00000179363,NaN
ENSG00000123570,NaN
ENSG00000231728,-1.2390687718792361
ENSG00000158427,0.48258102004535736
ENSG00000269226,NaN
ENSG00000269743,1.3671562997069666
ENSG00000123575,-0.012748979068643352
ENSG00000123576,NaN
ENSG00000189108,-1.9940621112406554
ENSG00000147231,NaN
ENSG00000133135,NaN
ENSG00000133138,-0.010720876773219173
ENSG00000133131,2.584379895538732
ENSG00000165376,1.682276827867027
ENSG00000089682,2.2589796583920347
ENSG00000198088,0.4548112910008121
ENSG00000080572,NaN
ENSG00000147234,NaN
ENSG00000147224,0.26493868590052605
ENSG00000157514,-0.42052192150980966
ENSG00000080561,0.06570117810135055
ENSG00000236064,NaN
ENSG00000101843,-1.2375808135662132
ENSG00000101844,0.9224713869472628
ENSG00000197565,4.3717101665293505
ENSG00000188153,11.807915812910633
ENSG00000101888,-0.559513905642887
ENSG00000068366,-0.2363115266982644
ENSG00000157600,0.6235186887171157
ENSG00000101935,0.38019602405399955
ENSG00000077264,-0.5302386761504946
ENSG00000101901,-0.2982702240217108
ENSG00000229487,2.1727173576336676
ENSG00000271826,-1.0062751613839
ENSG00000102024,1.5300396621170353
ENSG00000235244,2.2594171735901996
ENSG00000003096,-1.4765617892579435
ENSG00000131725,0.3619422719345141
ENSG00000147251,-0.5783328246849541
ENSG00000131724,0.7779200159857356
ENSG00000174460,NaN
ENSG00000203650,2.434606936151002
ENSG00000175556,0.5413961385269556
ENSG00000101856,-1.2694727703626478
ENSG00000077713,0.833108208608898
ENSG00000237903,NaN
ENSG00000005022,-0.8196354655649685
ENSG00000018610,-2.2289702841387022
ENSG00000077721,-1.5702980295441216
ENSG00000186416,0.2113366973594868
ENSG00000125354,0.35583734143200657
ENSG00000198918,-1.2004281685860003
ENSG00000286366,-0.48155512570353143
ENSG00000125351,0.5490652476960928
ENSG00000125352,-0.5279276362062828
ENSG00000125356,-0.7989103884830019
ENSG00000101882,-1.4647851927863198
ENSG00000258545,NaN
ENSG00000177485,-1.6646781269701665
ENSG00000005893,0.9580047959313823
ENSG00000158290,-0.5635882888340559
ENSG00000232119,-1.555269207331292
ENSG00000171155,1.146901537436066
ENSG00000182890,1.217064390976352
ENSG00000286163,NaN
ENSG00000125675,0.7607432874093203
ENSG00000125676,0.10659886647810696
ENSG00000101966,0.9094350501884599
ENSG00000237331,NaN
ENSG00000232412,-0.7005610579716843
ENSG00000101972,1.3483638821588466
ENSG00000009694,NaN
ENSG00000225689,0.8809848386949255
ENSG00000102038,-0.694130960335426
ENSG00000122126,2.8652119077432063
ENSG00000287024,-1.346707866703441
ENSG00000188706,-0.8633486292263189
ENSG00000235189,3.4827657717804867
ENSG00000156697,-0.6628925924284867
ENSG00000085185,-1.0550418150210918
ENSG00000102034,-0.4021150969889176
ENSG00000156709,-0.6841664681953635
ENSG00000286650,NaN
ENSG00000134594,NaN
ENSG00000056277,1.5633339330224465
ENSG00000102078,-0.30743212857825297
ENSG00000134597,-1.8823864896956832
ENSG00000165675,1.2991544107671804
ENSG00000147255,4.921715571932892
ENSG00000286060,-1.1927239843167514
ENSG00000213468,1.8888823504519965
ENSG00000134602,0.29942857102669973
ENSG00000123728,1.6957260181824807
ENSG00000232160,-0.9185165118504637
ENSG00000171004,0.11656531750491202
ENSG00000147257,NaN
ENSG00000156531,-0.7008745510179479
ENSG00000165704,-0.8256828990928841
ENSG00000223749,0.38190912909880637
ENSG00000227060,-0.8354312241260118
ENSG00000170965,0.7981892235183922
ENSG00000156504,-0.13775701394560472
ENSG00000156500,3.0910620163546323
ENSG00000101928,-1.0816699359866497
ENSG00000212747,-0.5786670245897569
ENSG00000134590,-1.118321284478473
ENSG00000286964,0.6911338403269096
ENSG00000203950,-1.8221076560601548
ENSG00000186376,-0.23902506053467315
ENSG00000173275,-0.5176382811426179
ENSG00000178947,NaN
ENSG00000181433,NaN
ENSG00000169446,-1.8922753984578615
ENSG00000198689,-0.6802506869159669
ENSG00000022267,-0.5781280114351086
ENSG00000129680,-0.7493557518593302
ENSG00000102241,-0.360477730978076
ENSG00000232611,0.5618370816646006
ENSG00000147274,-0.9145446566036965
ENSG00000101974,0.6621651146252766
ENSG00000203930,0.14117039744792326
ENSG00000182195,-1.9265445269778236
ENSG00000277215,-0.3070502025410545
ENSG00000227303,NaN
ENSG00000268066,NaN
ENSG00000102081,-1.1397369107298105
ENSG00000236337,NaN
ENSG00000010404,0.6049170501459799
ENSG00000238039,1.1042354081348205
ENSG00000241769,0.4881343876393462
ENSG00000197620,-1.1010655318000304
ENSG00000269556,0.38160088242084633
ENSG00000197021,0.15887842028678584
ENSG00000235703,3.684639651122086
ENSG00000013619,-0.3604256267136979
ENSG00000171100,0.002474039194431852
ENSG00000063601,0.9896994206643805
ENSG00000102181,0.6967887328396433
ENSG00000029993,-1.8303246803494901
ENSG00000287918,NaN
ENSG00000160131,-2.398111381521718
ENSG00000270052,NaN
ENSG00000102287,1.879755806340706
ENSG00000011677,-1.2031662907118919
ENSG00000287394,0.4524519910292577
ENSG00000198930,NaN
ENSG00000213401,NaN
ENSG00000197172,-1.1562802446994331
ENSG00000147400,-1.5059397565178034
ENSG00000147383,-0.8646580084221368
ENSG00000147394,-1.3522698634112182
ENSG00000183837,NaN
ENSG00000235961,-0.5679248048318869
ENSG00000198681,NaN
ENSG00000063587,-0.8974828173618343
ENSG00000189420,NaN
ENSG00000183479,NaN
ENSG00000213397,-1.7717910461765012
ENSG00000067842,NaN
ENSG00000262919,-0.6702018780831348
ENSG00000130829,-1.0200135321662183
ENSG00000130822,NaN
ENSG00000130821,0.07995333438743225
ENSG00000185825,-0.6489172021935444
ENSG00000101986,0.2536802088166094
ENSG00000067829,-2.0914595707813985
ENSG00000180879,-0.1692163696292922
ENSG00000198910,-0.3422879842859692
ENSG00000089820,3.8839538886063854
ENSG00000102030,-1.5873474336868711
ENSG00000172534,1.6589559487578938
ENSG00000177854,-1.0968084731271293
ENSG00000184216,-0.7594813002407245
ENSG00000169057,-1.660788093798042
ENSG00000007350,NaN
ENSG00000231830,NaN
ENSG00000196924,2.6002908403007603
ENSG00000285018,4.300559806437664
ENSG00000102119,-1.9736479855711997
ENSG00000147403,-1.1143891186434625
ENSG00000280195,3.72796173721388
ENSG00000013563,-1.061154376843033
ENSG00000102125,0.8238859562403036
ENSG00000197180,-0.859097267210442
ENSG00000071553,-0.8412904960247138
ENSG00000203879,2.8064993203024753
ENSG00000071859,-1.3800202947740947
ENSG00000130827,-1.2639150394019867
ENSG00000196976,-1.3380317361583296
ENSG00000102178,-0.20284972670850004
ENSG00000126903,-1.7680525608485216
ENSG00000071889,-1.6042748126959645
ENSG00000261773,NaN
ENSG00000160211,-0.5822690949835666
ENSG00000269335,-1.5662192681343257
ENSG00000130826,-1.0804850147217537
ENSG00000130830,1.4755938005481428
ENSG00000185010,0.7617724972280946
ENSG00000277203,-0.7379049164744734
ENSG00000165775,-0.09190344458281
ENSG00000182712,-1.9035409749262733
ENSG00000214827,0.9426773200012583
ENSG00000185515,-2.2941943364088915
ENSG00000155959,-2.124154440044223
ENSG00000155961,0.24283490266667904
ENSG00000155962,NaN
ENSG00000224216,NaN
ENSG00000224533,2.9535979135994697
ENSG00000185973,-0.8645816181683593
ENSG00000124333,-1.099662017002032
ENSG00000129824,0.6005517602523287
ENSG00000278847,NaN
ENSG00000067646,2.0097579362802924
ENSG00000233070,NaN
ENSG00000231535,0.5187857169224466
ENSG00000099715,0.20997332044753045
ENSG00000099725,3.0879078983385213
ENSG00000114374,2.252275521838081
ENSG00000286009,NaN
ENSG00000067048,-0.23085516178457843
ENSG00000183878,1.7783660666325405
ENSG00000154620,NaN
ENSG00000165246,2.2378515372871712
ENSG00000233522,-0.8557353053142399
ENSG00000176728,1.5237637578916747
ENSG00000260197,NaN
ENSG00000012817,3.4463348715669793
ENSG00000229236,NaN
ENSG00000198692,-0.6309461877892466
ENSG00000198888,0.22002642784283524
ENSG00000198763,0.017273319817840586
ENSG00000198804,-0.5350629677967029
ENSG00000198712,-0.5437087070496
ENSG00000228253,5.336316874130567
ENSG00000198899,-0.3090362577421194
ENSG00000198938,-0.46264682522757494
ENSG00000198840,-0.28209511533694215
ENSG00000212907,4.903693578266372
ENSG00000198886,-0.5439175387594902
ENSG00000198786,0.9973238480934764
ENSG00000198695,8.056005560622639
ENSG00000198727,-0.3640686640777715
ENSG00000276256,1.2862053254435992
ENSG00000278384,NaN
ENSG00000273748,-1.033428628002116
ENSG00000271254,-0.16776188141460457
ENSG00000278817,-1.3030668402371726
