=== Cell Ranger Configuration ===
[gene-expression]
reference,/home/alejo/genexomics-perturbseq/round2/Loka_TechChallenge/refdata-cellranger-arc-GRCh38-2020-A-2.0.0
expect-cells,5000
create-bam,false

[feature]
reference,/home/alejo/genexomics-perturbseq/round2/Loka_TechChallenge/test_files/SC3_sub3p/SC3_sub3p_v3_feature_reference.csv

[libraries]
fastq_id,fastqs,feature_types,subsample_rate
SC3_v3_NextGem_DI_CRISPR_A549_5K_gex,/home/alejo/genexomics-perturbseq/round2/Loka_TechChallenge/test_files/SC3_sub3p/SC3_v3_NextGem_DI_CRISPR_A549_5K_gex_subsampled_3p,Gene Expression,
SC3_v3_NextGem_DI_CRISPR_A549_5K_crispr,/home/alejo/genexomics-perturbseq/round2/Loka_TechChallenge/test_files/SC3_sub3p/SC3_v3_NextGem_DI_CRISPR_A549_5K_crispr_subsampled_3p,CRISPR Guide Capture,
=================================
Using Cell Ranger command: cellranger
/opt/cellranger-10.0.0/bin/cellranger


Martian Runtime - v4.0.14
Running preflight checks (please wait)...
2026-01-28 04:59:14 [runtime] (ready)           ID.samples-ec.SC_MULTI_CS.PARSE_MULTI_CONFIG
2026-01-28 04:59:14 [runtime] (run:local)       ID.samples-ec.SC_MULTI_CS.PARSE_MULTI_CONFIG.fork0.chnk0.main
2026-01-28 04:59:36 [runtime] (chunks_complete) ID.samples-ec.SC_MULTI_CS.PARSE_MULTI_CONFIG
2026-01-28 04:59:37 [runtime] (ready)           ID.samples-ec.SC_MULTI_CS.SC_MULTI_CORE.COPY_VDJ_REFERENCE
2026-01-28 04:59:37 [runtime] (ready)           ID.samples-ec.SC_MULTI_CS.SC_MULTI_CORE.MULTI_CHEMISTRY_DETECTOR.CHECK_SINGLE_BEAM_MODE
2026-01-28 04:59:37 [runtime] (ready)           ID.samples-ec.SC_MULTI_CS.CELL_ANNOTATION_PREFLIGHT
2026-01-28 04:59:37 [runtime] (run:local)       ID.samples-ec.SC_MULTI_CS.CELL_ANNOTATION_PREFLIGHT.fork0.chnk0.main
2026-01-28 04:59:37 [runtime] (ready)           ID.samples-ec.SC_MULTI_CS.SC_MULTI_CORE.MULTI_CHEMISTRY_DETECTOR.DETECT_COUNT_CHEMISTRY
2026-01-28 04:59:37 [runtime] (run:local)       ID.samples-ec.SC_MULTI_CS.SC_MULTI_CORE.MULTI_CHEMISTRY_DETECTOR.DETECT_COUNT_CHEMISTRY.fork0.chnk0.main
2026-01-28 04:59:37 [runtime] (ready)           ID.samples-ec.SC_MULTI_CS.FULL_COUNT_INPUTS.WRITE_GENE_INDEX
2026-01-28 04:59:37 [runtime] (run:local)       ID.samples-ec.SC_MULTI_CS.FULL_COUNT_INPUTS.WRITE_GENE_INDEX.fork0.chnk0.main
2026-01-28 04:59:37 [runtime] (ready)           ID.samples-ec.SC_MULTI_CS.SC_MULTI_CORE.SPLIT_VDJ_INPUTS
2026-01-28 04:59:37 [runtime] (ready)           ID.samples-ec.SC_MULTI_CS.SC_MULTI_CORE.MAKE_FULL_CONFIG._MAKE_VDJ_CONFIG
2026-01-28 04:59:37 [runtime] (run:local)       ID.samples-ec.SC_MULTI_CS.SC_MULTI_CORE.MAKE_FULL_CONFIG._MAKE_VDJ_CONFIG.fork0.chnk0.main
2026-01-28 04:59:44 [runtime] (chunks_complete) ID.samples-ec.SC_MULTI_CS.CELL_ANNOTATION_PREFLIGHT
2026-01-28 05:01:02 [runtime] (chunks_complete) ID.samples-ec.SC_MULTI_CS.SC_MULTI_CORE.MULTI_CHEMISTRY_DETECTOR.DETECT_COUNT_CHEMISTRY
2026-01-28 05:01:02 [runtime] (ready)           ID.samples-ec.SC_MULTI_CS.SC_MULTI_CORE.CREATE_MULTI_GRAPH
2026-01-28 05:01:02 [runtime] (run:local)       ID.samples-ec.SC_MULTI_CS.SC_MULTI_CORE.CREATE_MULTI_GRAPH.fork0.chnk0.main
2026-01-28 05:01:02 [runtime] (ready)           ID.samples-ec.SC_MULTI_CS.SC_MULTI_CORE.MULTI_CHEMISTRY_DETECTOR.CHECK_BARCODES_COMPATIBILITY
2026-01-28 05:01:02 [runtime] (run:local)       ID.samples-ec.SC_MULTI_CS.SC_MULTI_CORE.MULTI_CHEMISTRY_DETECTOR.CHECK_BARCODES_COMPATIBILITY.fork0.chnk0.main
2026-01-28 05:01:02 [runtime] (ready)           ID.samples-ec.SC_MULTI_CS.SC_MULTI_CORE.MULTI_GEM_WELL_PROCESSOR.COUNT_GEM_WELL_PROCESSOR.MULTI_SETUP_CHUNKS
2026-01-28 05:01:02 [runtime] (run:local)       ID.samples-ec.SC_MULTI_CS.SC_MULTI_CORE.MULTI_GEM_WELL_PROCESSOR.COUNT_GEM_WELL_PROCESSOR.MULTI_SETUP_CHUNKS.fork0.chnk0.main
2026-01-28 05:01:02 [runtime] (chunks_complete) ID.samples-ec.SC_MULTI_CS.SC_MULTI_CORE.CREATE_MULTI_GRAPH
2026-01-28 05:01:02 [runtime] (chunks_complete) ID.samples-ec.SC_MULTI_CS.SC_MULTI_CORE.MULTI_GEM_WELL_PROCESSOR.COUNT_GEM_WELL_PROCESSOR.MULTI_SETUP_CHUNKS
2026-01-28 05:01:02 [runtime] (chunks_complete) ID.samples-ec.SC_MULTI_CS.SC_MULTI_CORE.MAKE_FULL_CONFIG._MAKE_VDJ_CONFIG
2026-01-28 05:01:02 [runtime] (ready)           ID.samples-ec.SC_MULTI_CS.SC_MULTI_CORE.MULTI_GEM_WELL_PROCESSOR.VDJ_T_GEM_WELL_PROCESSOR.MULTI_SETUP_CHUNKS
2026-01-28 05:01:02 [runtime] (ready)           ID.samples-ec.SC_MULTI_CS.SC_MULTI_CORE.MULTI_GEM_WELL_PROCESSOR.VDJ_B_GEM_WELL_PROCESSOR.MULTI_SETUP_CHUNKS
2026-01-28 05:01:02 [runtime] (ready)           ID.samples-ec.SC_MULTI_CS.SC_MULTI_CORE.MULTI_GEM_WELL_PROCESSOR.VDJ_T_GD_GEM_WELL_PROCESSOR.MULTI_SETUP_CHUNKS
2026-01-28 05:01:02 [runtime] (ready)           ID.samples-ec.SC_MULTI_CS.SC_MULTI_CORE.MULTI_GEM_WELL_PROCESSOR.VDJ_T_GEM_WELL_PROCESSOR.SC_VDJ_CONTIG_ASSEMBLER.MAKE_SHARD
2026-01-28 05:01:02 [runtime] (ready)           ID.samples-ec.SC_MULTI_CS.SC_MULTI_CORE.MULTI_GEM_WELL_PROCESSOR.VDJ_B_GEM_WELL_PROCESSOR.SC_VDJ_CONTIG_ASSEMBLER.MAKE_SHARD
2026-01-28 05:01:02 [runtime] (ready)           ID.samples-ec.SC_MULTI_CS.SC_MULTI_CORE.MULTI_GEM_WELL_PROCESSOR.VDJ_T_GD_GEM_WELL_PROCESSOR.SC_VDJ_CONTIG_ASSEMBLER.MAKE_SHARD
2026-01-28 05:01:02 [runtime] (ready)           ID.samples-ec.SC_MULTI_CS.SC_MULTI_CORE.MULTI_GEM_WELL_PROCESSOR.VDJ_B_GEM_WELL_PROCESSOR.SC_VDJ_CONTIG_ASSEMBLER.BARCODE_CORRECTION
2026-01-28 05:01:02 [runtime] (ready)           ID.samples-ec.SC_MULTI_CS.SC_MULTI_CORE.MULTI_GEM_WELL_PROCESSOR.VDJ_T_GEM_WELL_PROCESSOR.SC_VDJ_CONTIG_ASSEMBLER.BARCODE_CORRECTION
2026-01-28 05:01:02 [runtime] (ready)           ID.samples-ec.SC_MULTI_CS.SC_MULTI_CORE.MULTI_GEM_WELL_PROCESSOR.VDJ_B_GEM_WELL_PROCESSOR.SC_VDJ_CONTIG_ASSEMBLER.RUST_BRIDGE
2026-01-28 05:01:02 [runtime] (ready)           ID.samples-ec.SC_MULTI_CS.SC_MULTI_CORE.MULTI_GEM_WELL_PROCESSOR.VDJ_B_GEM_WELL_PROCESSOR.SC_VDJ_CONTIG_ASSEMBLER.ASSEMBLE_VDJ
2026-01-28 05:01:02 [runtime] (ready)           ID.samples-ec.SC_MULTI_CS.SC_MULTI_CORE.MULTI_GEM_WELL_PROCESSOR.VDJ_T_GEM_WELL_PROCESSOR.SC_VDJ_CONTIG_ASSEMBLER.RUST_BRIDGE
2026-01-28 05:01:02 [runtime] (ready)           ID.samples-ec.SC_MULTI_CS.SC_MULTI_CORE.MULTI_GEM_WELL_PROCESSOR.VDJ_T_GD_GEM_WELL_PROCESSOR.SC_VDJ_CONTIG_ASSEMBLER.BARCODE_CORRECTION
2026-01-28 05:01:02 [runtime] (ready)           ID.samples-ec.SC_MULTI_CS.SC_MULTI_CORE.MULTI_GEM_WELL_PROCESSOR.VDJ_T_GEM_WELL_PROCESSOR.SC_VDJ_CONTIG_ASSEMBLER.MERGE_METRICS
2026-01-28 05:01:02 [runtime] (ready)           ID.samples-ec.SC_MULTI_CS.SC_MULTI_CORE.MULTI_GEM_WELL_PROCESSOR.VDJ_B_GEM_WELL_PROCESSOR.SC_VDJ_CONTIG_ASSEMBLER.MERGE_METRICS
2026-01-28 05:01:02 [runtime] (ready)           ID.samples-ec.SC_MULTI_CS.SC_MULTI_CORE.MULTI_GEM_WELL_PROCESSOR.VDJ_T_GEM_WELL_PROCESSOR.SC_VDJ_CONTIG_ASSEMBLER.ASSEMBLE_VDJ
2026-01-28 05:01:02 [runtime] (ready)           ID.samples-ec.SC_MULTI_CS.SC_MULTI_CORE.MULTI_GEM_WELL_PROCESSOR.VDJ_T_GD_GEM_WELL_PROCESSOR.SC_VDJ_CONTIG_ASSEMBLER.RUST_BRIDGE
2026-01-28 05:01:02 [runtime] (ready)           ID.samples-ec.SC_MULTI_CS.SC_MULTI_CORE.MULTI_GEM_WELL_PROCESSOR.VDJ_T_GD_GEM_WELL_PROCESSOR.SC_VDJ_CONTIG_ASSEMBLER.ASSEMBLE_VDJ
2026-01-28 05:01:02 [runtime] (ready)           ID.samples-ec.SC_MULTI_CS.SC_MULTI_CORE.MULTI_GEM_WELL_PROCESSOR.VDJ_T_GD_GEM_WELL_PROCESSOR.SC_VDJ_CONTIG_ASSEMBLER.MERGE_METRICS
2026-01-28 05:01:12 [runtime] (chunks_complete) ID.samples-ec.SC_MULTI_CS.SC_MULTI_CORE.MULTI_CHEMISTRY_DETECTOR.CHECK_BARCODES_COMPATIBILITY
2026-01-28 05:01:24 [runtime] (chunks_complete) ID.samples-ec.SC_MULTI_CS.FULL_COUNT_INPUTS.WRITE_GENE_INDEX
2026-01-28 05:01:24 [runtime] (ready)           ID.samples-ec.SC_MULTI_CS.SC_MULTI_CORE.MULTI_GEM_WELL_PROCESSOR.COUNT_GEM_WELL_PROCESSOR.PARSE_TARGET_FEATURES
2026-01-28 05:01:24 [runtime] (run:local)       ID.samples-ec.SC_MULTI_CS.SC_MULTI_CORE.MULTI_GEM_WELL_PROCESSOR.COUNT_GEM_WELL_PROCESSOR.PARSE_TARGET_FEATURES.fork0.chnk0.main
2026-01-28 05:01:26 [runtime] (chunks_complete) ID.samples-ec.SC_MULTI_CS.SC_MULTI_CORE.MULTI_GEM_WELL_PROCESSOR.COUNT_GEM_WELL_PROCESSOR.PARSE_TARGET_FEATURES
2026-01-28 05:01:26 [runtime] (ready)           ID.samples-ec.SC_MULTI_CS.SC_MULTI_CORE.MULTI_GEM_WELL_PROCESSOR.COUNT_GEM_WELL_PROCESSOR.SETUP_REFERENCE_INFO
2026-01-28 05:01:26 [runtime] (run:local)       ID.samples-ec.SC_MULTI_CS.SC_MULTI_CORE.MULTI_GEM_WELL_PROCESSOR.COUNT_GEM_WELL_PROCESSOR.SETUP_REFERENCE_INFO.fork0.chnk0.main
2026-01-28 05:01:26 [runtime] (ready)           ID.samples-ec.SC_MULTI_CS.SC_MULTI_CORE.MULTI_GEM_WELL_PROCESSOR.MAKE_VDJ_FILTER_SWITCH
2026-01-28 05:01:26 [runtime] (run:local)       ID.samples-ec.SC_MULTI_CS.SC_MULTI_CORE.MULTI_GEM_WELL_PROCESSOR.MAKE_VDJ_FILTER_SWITCH.fork0.chnk0.main
2026-01-28 05:01:26 [runtime] (chunks_complete) ID.samples-ec.SC_MULTI_CS.SC_MULTI_CORE.MULTI_GEM_WELL_PROCESSOR.COUNT_GEM_WELL_PROCESSOR.SETUP_REFERENCE_INFO
2026-01-28 05:01:26 [runtime] (ready)           ID.samples-ec.SC_MULTI_CS.SC_MULTI_CORE.MULTI_GEM_WELL_PROCESSOR.COUNT_GEM_WELL_PROCESSOR._BASIC_SC_RNA_COUNTER._MATRIX_COMPUTER.WRITE_MINIMAP_INDEX
2026-01-28 05:01:26 [runtime] (ready)           ID.samples-ec.SC_MULTI_CS.SC_MULTI_CORE.MULTI_GEM_WELL_PROCESSOR.COUNT_GEM_WELL_PROCESSOR._BASIC_SC_RNA_COUNTER._MATRIX_COMPUTER.MAKE_SHARD
2026-01-28 05:01:26 [runtime] (run:local)       ID.samples-ec.SC_MULTI_CS.SC_MULTI_CORE.MULTI_GEM_WELL_PROCESSOR.COUNT_GEM_WELL_PROCESSOR._BASIC_SC_RNA_COUNTER._MATRIX_COMPUTER.MAKE_SHARD.fork0.split
2026-01-28 05:01:26 [runtime] (chunks_complete) ID.samples-ec.SC_MULTI_CS.SC_MULTI_CORE.MULTI_GEM_WELL_PROCESSOR.MAKE_VDJ_FILTER_SWITCH
2026-01-28 05:01:26 [runtime] (ready)           ID.samples-ec.SC_MULTI_CS.SC_MULTI_CORE.MULTI_GEM_WELL_PROCESSOR.VDJ_B_GEM_WELL_PROCESSOR.ASM_CALL_CELLS
2026-01-28 05:01:26 [runtime] (ready)           ID.samples-ec.SC_MULTI_CS.SC_MULTI_CORE.MULTI_GEM_WELL_PROCESSOR.VDJ_T_GEM_WELL_PROCESSOR.ASM_CALL_CELLS
2026-01-28 05:01:26 [runtime] (ready)           ID.samples-ec.SC_MULTI_CS.SC_MULTI_CORE.MULTI_GEM_WELL_PROCESSOR.VDJ_T_GD_GEM_WELL_PROCESSOR.ASM_CALL_CELLS
2026-01-28 05:01:33 [runtime] (split_complete)  ID.samples-ec.SC_MULTI_CS.SC_MULTI_CORE.MULTI_GEM_WELL_PROCESSOR.COUNT_GEM_WELL_PROCESSOR._BASIC_SC_RNA_COUNTER._MATRIX_COMPUTER.MAKE_SHARD
2026-01-28 05:01:33 [runtime] (run:local)       ID.samples-ec.SC_MULTI_CS.SC_MULTI_CORE.MULTI_GEM_WELL_PROCESSOR.COUNT_GEM_WELL_PROCESSOR._BASIC_SC_RNA_COUNTER._MATRIX_COMPUTER.MAKE_SHARD.fork0.chnk0.main
2026-01-28 05:01:33 [runtime] (run:local)       ID.samples-ec.SC_MULTI_CS.SC_MULTI_CORE.MULTI_GEM_WELL_PROCESSOR.COUNT_GEM_WELL_PROCESSOR._BASIC_SC_RNA_COUNTER._MATRIX_COMPUTER.MAKE_SHARD.fork0.chnk1.main
2026-01-28 05:01:33 [runtime] (run:local)       ID.samples-ec.SC_MULTI_CS.SC_MULTI_CORE.MULTI_GEM_WELL_PROCESSOR.COUNT_GEM_WELL_PROCESSOR._BASIC_SC_RNA_COUNTER._MATRIX_COMPUTER.MAKE_SHARD.fork0.chnk2.main
2026-01-28 05:01:33 [runtime] (run:local)       ID.samples-ec.SC_MULTI_CS.SC_MULTI_CORE.MULTI_GEM_WELL_PROCESSOR.COUNT_GEM_WELL_PROCESSOR._BASIC_SC_RNA_COUNTER._MATRIX_COMPUTER.MAKE_SHARD.fork0.chnk3.main
2026-01-28 05:01:33 [runtime] (run:local)       ID.samples-ec.SC_MULTI_CS.SC_MULTI_CORE.MULTI_GEM_WELL_PROCESSOR.COUNT_GEM_WELL_PROCESSOR._BASIC_SC_RNA_COUNTER._MATRIX_COMPUTER.MAKE_SHARD.fork0.chnk4.main
2026-01-28 05:01:33 [runtime] (run:local)       ID.samples-ec.SC_MULTI_CS.SC_MULTI_CORE.MULTI_GEM_WELL_PROCESSOR.COUNT_GEM_WELL_PROCESSOR._BASIC_SC_RNA_COUNTER._MATRIX_COMPUTER.MAKE_SHARD.fork0.chnk5.main
2026-01-28 05:01:33 [runtime] (run:local)       ID.samples-ec.SC_MULTI_CS.SC_MULTI_CORE.MULTI_GEM_WELL_PROCESSOR.COUNT_GEM_WELL_PROCESSOR._BASIC_SC_RNA_COUNTER._MATRIX_COMPUTER.MAKE_SHARD.fork0.chnk6.main
2026-01-28 05:01:33 [runtime] (run:local)       ID.samples-ec.SC_MULTI_CS.SC_MULTI_CORE.MULTI_GEM_WELL_PROCESSOR.COUNT_GEM_WELL_PROCESSOR._BASIC_SC_RNA_COUNTER._MATRIX_COMPUTER.MAKE_SHARD.fork0.chnk7.main
2026-01-28 05:02:50 [runtime] (chunks_complete) ID.samples-ec.SC_MULTI_CS.SC_MULTI_CORE.MULTI_GEM_WELL_PROCESSOR.COUNT_GEM_WELL_PROCESSOR._BASIC_SC_RNA_COUNTER._MATRIX_COMPUTER.MAKE_SHARD
2026-01-28 05:02:50 [runtime] (run:local)       ID.samples-ec.SC_MULTI_CS.SC_MULTI_CORE.MULTI_GEM_WELL_PROCESSOR.COUNT_GEM_WELL_PROCESSOR._BASIC_SC_RNA_COUNTER._MATRIX_COMPUTER.MAKE_SHARD.fork0.join
2026-01-28 05:02:51 [runtime] (join_complete)   ID.samples-ec.SC_MULTI_CS.SC_MULTI_CORE.MULTI_GEM_WELL_PROCESSOR.COUNT_GEM_WELL_PROCESSOR._BASIC_SC_RNA_COUNTER._MATRIX_COMPUTER.MAKE_SHARD
2026-01-28 05:02:51 [runtime] (ready)           ID.samples-ec.SC_MULTI_CS.SC_MULTI_CORE.MULTI_GEM_WELL_PROCESSOR.COUNT_GEM_WELL_PROCESSOR._BASIC_SC_RNA_COUNTER._MATRIX_COMPUTER.MAKE_CORRECTION_MAP
2026-01-28 05:02:51 [runtime] (run:local)       ID.samples-ec.SC_MULTI_CS.SC_MULTI_CORE.MULTI_GEM_WELL_PROCESSOR.COUNT_GEM_WELL_PROCESSOR._BASIC_SC_RNA_COUNTER._MATRIX_COMPUTER.MAKE_CORRECTION_MAP.fork0.split
2026-01-28 05:02:51 [runtime] (split_complete)  ID.samples-ec.SC_MULTI_CS.SC_MULTI_CORE.MULTI_GEM_WELL_PROCESSOR.COUNT_GEM_WELL_PROCESSOR._BASIC_SC_RNA_COUNTER._MATRIX_COMPUTER.MAKE_CORRECTION_MAP
2026-01-28 05:02:51 [runtime] (run:local)       ID.samples-ec.SC_MULTI_CS.SC_MULTI_CORE.MULTI_GEM_WELL_PROCESSOR.COUNT_GEM_WELL_PROCESSOR._BASIC_SC_RNA_COUNTER._MATRIX_COMPUTER.MAKE_CORRECTION_MAP.fork0.join
2026-01-28 05:02:51 [runtime] (join_complete)   ID.samples-ec.SC_MULTI_CS.SC_MULTI_CORE.MULTI_GEM_WELL_PROCESSOR.COUNT_GEM_WELL_PROCESSOR._BASIC_SC_RNA_COUNTER._MATRIX_COMPUTER.MAKE_CORRECTION_MAP
2026-01-28 05:02:51 [runtime] (ready)           ID.samples-ec.SC_MULTI_CS.SC_MULTI_CORE.MULTI_GEM_WELL_PROCESSOR.COUNT_GEM_WELL_PROCESSOR._BASIC_SC_RNA_COUNTER._MATRIX_COMPUTER.BARCODE_CORRECTION
2026-01-28 05:02:51 [runtime] (run:local)       ID.samples-ec.SC_MULTI_CS.SC_MULTI_CORE.MULTI_GEM_WELL_PROCESSOR.COUNT_GEM_WELL_PROCESSOR._BASIC_SC_RNA_COUNTER._MATRIX_COMPUTER.BARCODE_CORRECTION.fork0.split
2026-01-28 05:02:51 [runtime] (split_complete)  ID.samples-ec.SC_MULTI_CS.SC_MULTI_CORE.MULTI_GEM_WELL_PROCESSOR.COUNT_GEM_WELL_PROCESSOR._BASIC_SC_RNA_COUNTER._MATRIX_COMPUTER.BARCODE_CORRECTION
2026-01-28 05:02:51 [runtime] (run:local)       ID.samples-ec.SC_MULTI_CS.SC_MULTI_CORE.MULTI_GEM_WELL_PROCESSOR.COUNT_GEM_WELL_PROCESSOR._BASIC_SC_RNA_COUNTER._MATRIX_COMPUTER.BARCODE_CORRECTION.fork0.chnk0.main
2026-01-28 05:03:02 [runtime] (chunks_complete) ID.samples-ec.SC_MULTI_CS.SC_MULTI_CORE.MULTI_GEM_WELL_PROCESSOR.COUNT_GEM_WELL_PROCESSOR._BASIC_SC_RNA_COUNTER._MATRIX_COMPUTER.BARCODE_CORRECTION
2026-01-28 05:03:02 [runtime] (run:local)       ID.samples-ec.SC_MULTI_CS.SC_MULTI_CORE.MULTI_GEM_WELL_PROCESSOR.COUNT_GEM_WELL_PROCESSOR._BASIC_SC_RNA_COUNTER._MATRIX_COMPUTER.BARCODE_CORRECTION.fork0.join
2026-01-28 05:03:02 [runtime] (join_complete)   ID.samples-ec.SC_MULTI_CS.SC_MULTI_CORE.MULTI_GEM_WELL_PROCESSOR.COUNT_GEM_WELL_PROCESSOR._BASIC_SC_RNA_COUNTER._MATRIX_COMPUTER.BARCODE_CORRECTION
2026-01-28 05:03:02 [runtime] (ready)           ID.samples-ec.SC_MULTI_CS.SC_MULTI_CORE.MULTI_GEM_WELL_PROCESSOR.COUNT_GEM_WELL_PROCESSOR._BASIC_SC_RNA_COUNTER._MATRIX_COMPUTER.WRITE_BARCODE_INDEX
2026-01-28 05:03:02 [runtime] (run:local)       ID.samples-ec.SC_MULTI_CS.SC_MULTI_CORE.MULTI_GEM_WELL_PROCESSOR.COUNT_GEM_WELL_PROCESSOR._BASIC_SC_RNA_COUNTER._MATRIX_COMPUTER.WRITE_BARCODE_INDEX.fork0.chnk0.main
2026-01-28 05:03:02 [runtime] (ready)           ID.samples-ec.SC_MULTI_CS.SC_MULTI_CORE.MULTI_GEM_WELL_PROCESSOR.COUNT_GEM_WELL_PROCESSOR._BASIC_SC_RNA_COUNTER._MATRIX_COMPUTER.ALIGN_AND_COUNT
2026-01-28 05:03:02 [runtime] (run:local)       ID.samples-ec.SC_MULTI_CS.SC_MULTI_CORE.MULTI_GEM_WELL_PROCESSOR.COUNT_GEM_WELL_PROCESSOR._BASIC_SC_RNA_COUNTER._MATRIX_COMPUTER.ALIGN_AND_COUNT.fork0.split
2026-01-28 05:03:02 [runtime] (chunks_complete) ID.samples-ec.SC_MULTI_CS.SC_MULTI_CORE.MULTI_GEM_WELL_PROCESSOR.COUNT_GEM_WELL_PROCESSOR._BASIC_SC_RNA_COUNTER._MATRIX_COMPUTER.WRITE_BARCODE_INDEX
2026-01-28 05:03:02 [runtime] (split_complete)  ID.samples-ec.SC_MULTI_CS.SC_MULTI_CORE.MULTI_GEM_WELL_PROCESSOR.COUNT_GEM_WELL_PROCESSOR._BASIC_SC_RNA_COUNTER._MATRIX_COMPUTER.ALIGN_AND_COUNT
2026-01-28 05:03:02 [runtime] (run:local)       ID.samples-ec.SC_MULTI_CS.SC_MULTI_CORE.MULTI_GEM_WELL_PROCESSOR.COUNT_GEM_WELL_PROCESSOR._BASIC_SC_RNA_COUNTER._MATRIX_COMPUTER.ALIGN_AND_COUNT.fork0.chnk0.main
2026-01-28 05:09:06 [runtime] (update)          ID.samples-ec.SC_MULTI_CS.SC_MULTI_CORE.MULTI_GEM_WELL_PROCESSOR.COUNT_GEM_WELL_PROCESSOR._BASIC_SC_RNA_COUNTER._MATRIX_COMPUTER.ALIGN_AND_COUNT.fork0 chunks_running
2026-01-28 05:15:07 [runtime] (update)          ID.samples-ec.SC_MULTI_CS.SC_MULTI_CORE.MULTI_GEM_WELL_PROCESSOR.COUNT_GEM_WELL_PROCESSOR._BASIC_SC_RNA_COUNTER._MATRIX_COMPUTER.ALIGN_AND_COUNT.fork0 chunks_running
2026-01-28 05:21:09 [runtime] (update)          ID.samples-ec.SC_MULTI_CS.SC_MULTI_CORE.MULTI_GEM_WELL_PROCESSOR.COUNT_GEM_WELL_PROCESSOR._BASIC_SC_RNA_COUNTER._MATRIX_COMPUTER.ALIGN_AND_COUNT.fork0 chunks_running
2026-01-28 05:27:08 [runtime] (update)          ID.samples-ec.SC_MULTI_CS.SC_MULTI_CORE.MULTI_GEM_WELL_PROCESSOR.COUNT_GEM_WELL_PROCESSOR._BASIC_SC_RNA_COUNTER._MATRIX_COMPUTER.ALIGN_AND_COUNT.fork0 chunks_running
2026-01-28 05:32:33 [runtime] (chunks_complete) ID.samples-ec.SC_MULTI_CS.SC_MULTI_CORE.MULTI_GEM_WELL_PROCESSOR.COUNT_GEM_WELL_PROCESSOR._BASIC_SC_RNA_COUNTER._MATRIX_COMPUTER.ALIGN_AND_COUNT
2026-01-28 05:32:33 [runtime] (run:local)       ID.samples-ec.SC_MULTI_CS.SC_MULTI_CORE.MULTI_GEM_WELL_PROCESSOR.COUNT_GEM_WELL_PROCESSOR._BASIC_SC_RNA_COUNTER._MATRIX_COMPUTER.ALIGN_AND_COUNT.fork0.join
2026-01-28 05:32:34 [runtime] (join_complete)   ID.samples-ec.SC_MULTI_CS.SC_MULTI_CORE.MULTI_GEM_WELL_PROCESSOR.COUNT_GEM_WELL_PROCESSOR._BASIC_SC_RNA_COUNTER._MATRIX_COMPUTER.ALIGN_AND_COUNT
2026-01-28 05:32:36 [runtime] (ready)           ID.samples-ec.SC_MULTI_CS.SC_MULTI_CORE.MULTI_GEM_WELL_PROCESSOR.COUNT_GEM_WELL_PROCESSOR._BASIC_SC_RNA_COUNTER._MATRIX_COMPUTER.WRITE_H5_MATRIX
2026-01-28 05:32:36 [runtime] (run:local)       ID.samples-ec.SC_MULTI_CS.SC_MULTI_CORE.MULTI_GEM_WELL_PROCESSOR.COUNT_GEM_WELL_PROCESSOR._BASIC_SC_RNA_COUNTER._MATRIX_COMPUTER.WRITE_H5_MATRIX.fork0.split
2026-01-28 05:32:36 [runtime] (ready)           ID.samples-ec.SC_MULTI_CS.SC_MULTI_CORE.MULTI_GEM_WELL_PROCESSOR.COUNT_GEM_WELL_PROCESSOR._BASIC_SC_RNA_COUNTER._MATRIX_COMPUTER.COLLATE_METRICS
2026-01-28 05:32:36 [runtime] (run:local)       ID.samples-ec.SC_MULTI_CS.SC_MULTI_CORE.MULTI_GEM_WELL_PROCESSOR.COUNT_GEM_WELL_PROCESSOR._BASIC_SC_RNA_COUNTER._MATRIX_COMPUTER.COLLATE_METRICS.fork0.split
2026-01-28 05:32:36 [runtime] (ready)           ID.samples-ec.SC_MULTI_CS.SC_MULTI_CORE.MULTI_GEM_WELL_PROCESSOR.COUNT_GEM_WELL_PROCESSOR._BASIC_SC_RNA_COUNTER._MATRIX_COMPUTER.WRITE_MATRIX_MARKET
2026-01-28 05:32:36 [runtime] (run:local)       ID.samples-ec.SC_MULTI_CS.SC_MULTI_CORE.MULTI_GEM_WELL_PROCESSOR.COUNT_GEM_WELL_PROCESSOR._BASIC_SC_RNA_COUNTER._MATRIX_COMPUTER.WRITE_MATRIX_MARKET.fork0.split
2026-01-28 05:32:36 [runtime] (ready)           ID.samples-ec.SC_MULTI_CS.SC_MULTI_CORE.MULTI_GEM_WELL_PROCESSOR.COUNT_GEM_WELL_PROCESSOR._BASIC_SC_RNA_COUNTER._MATRIX_COMPUTER.WRITE_BARCODE_SUMMARY
2026-01-28 05:32:36 [runtime] (run:local)       ID.samples-ec.SC_MULTI_CS.SC_MULTI_CORE.MULTI_GEM_WELL_PROCESSOR.COUNT_GEM_WELL_PROCESSOR._BASIC_SC_RNA_COUNTER._MATRIX_COMPUTER.WRITE_BARCODE_SUMMARY.fork0.split
2026-01-28 05:32:36 [runtime] (split_complete)  ID.samples-ec.SC_MULTI_CS.SC_MULTI_CORE.MULTI_GEM_WELL_PROCESSOR.COUNT_GEM_WELL_PROCESSOR._BASIC_SC_RNA_COUNTER._MATRIX_COMPUTER.WRITE_H5_MATRIX
2026-01-28 05:32:36 [runtime] (run:local)       ID.samples-ec.SC_MULTI_CS.SC_MULTI_CORE.MULTI_GEM_WELL_PROCESSOR.COUNT_GEM_WELL_PROCESSOR._BASIC_SC_RNA_COUNTER._MATRIX_COMPUTER.WRITE_H5_MATRIX.fork0.join
2026-01-28 05:32:36 [runtime] (split_complete)  ID.samples-ec.SC_MULTI_CS.SC_MULTI_CORE.MULTI_GEM_WELL_PROCESSOR.COUNT_GEM_WELL_PROCESSOR._BASIC_SC_RNA_COUNTER._MATRIX_COMPUTER.WRITE_MATRIX_MARKET
2026-01-28 05:32:36 [runtime] (run:local)       ID.samples-ec.SC_MULTI_CS.SC_MULTI_CORE.MULTI_GEM_WELL_PROCESSOR.COUNT_GEM_WELL_PROCESSOR._BASIC_SC_RNA_COUNTER._MATRIX_COMPUTER.WRITE_MATRIX_MARKET.fork0.join
2026-01-28 05:32:36 [runtime] (split_complete)  ID.samples-ec.SC_MULTI_CS.SC_MULTI_CORE.MULTI_GEM_WELL_PROCESSOR.COUNT_GEM_WELL_PROCESSOR._BASIC_SC_RNA_COUNTER._MATRIX_COMPUTER.WRITE_BARCODE_SUMMARY
2026-01-28 05:32:36 [runtime] (run:local)       ID.samples-ec.SC_MULTI_CS.SC_MULTI_CORE.MULTI_GEM_WELL_PROCESSOR.COUNT_GEM_WELL_PROCESSOR._BASIC_SC_RNA_COUNTER._MATRIX_COMPUTER.WRITE_BARCODE_SUMMARY.fork0.join
2026-01-28 05:32:36 [runtime] (split_complete)  ID.samples-ec.SC_MULTI_CS.SC_MULTI_CORE.MULTI_GEM_WELL_PROCESSOR.COUNT_GEM_WELL_PROCESSOR._BASIC_SC_RNA_COUNTER._MATRIX_COMPUTER.COLLATE_METRICS
2026-01-28 05:32:36 [runtime] (run:local)       ID.samples-ec.SC_MULTI_CS.SC_MULTI_CORE.MULTI_GEM_WELL_PROCESSOR.COUNT_GEM_WELL_PROCESSOR._BASIC_SC_RNA_COUNTER._MATRIX_COMPUTER.COLLATE_METRICS.fork0.chnk0.main
2026-01-28 05:32:40 [runtime] (chunks_complete) ID.samples-ec.SC_MULTI_CS.SC_MULTI_CORE.MULTI_GEM_WELL_PROCESSOR.COUNT_GEM_WELL_PROCESSOR._BASIC_SC_RNA_COUNTER._MATRIX_COMPUTER.COLLATE_METRICS
2026-01-28 05:32:40 [runtime] (run:local)       ID.samples-ec.SC_MULTI_CS.SC_MULTI_CORE.MULTI_GEM_WELL_PROCESSOR.COUNT_GEM_WELL_PROCESSOR._BASIC_SC_RNA_COUNTER._MATRIX_COMPUTER.COLLATE_METRICS.fork0.join
2026-01-28 05:32:40 [runtime] (join_complete)   ID.samples-ec.SC_MULTI_CS.SC_MULTI_CORE.MULTI_GEM_WELL_PROCESSOR.COUNT_GEM_WELL_PROCESSOR._BASIC_SC_RNA_COUNTER._MATRIX_COMPUTER.WRITE_BARCODE_SUMMARY
2026-01-28 05:32:40 [runtime] (join_complete)   ID.samples-ec.SC_MULTI_CS.SC_MULTI_CORE.MULTI_GEM_WELL_PROCESSOR.COUNT_GEM_WELL_PROCESSOR._BASIC_SC_RNA_COUNTER._MATRIX_COMPUTER.COLLATE_METRICS
2026-01-28 05:32:42 [runtime] (join_complete)   ID.samples-ec.SC_MULTI_CS.SC_MULTI_CORE.MULTI_GEM_WELL_PROCESSOR.COUNT_GEM_WELL_PROCESSOR._BASIC_SC_RNA_COUNTER._MATRIX_COMPUTER.WRITE_MATRIX_MARKET
2026-01-28 05:32:42 [runtime] (join_complete)   ID.samples-ec.SC_MULTI_CS.SC_MULTI_CORE.MULTI_GEM_WELL_PROCESSOR.COUNT_GEM_WELL_PROCESSOR._BASIC_SC_RNA_COUNTER._MATRIX_COMPUTER.WRITE_H5_MATRIX
2026-01-28 05:32:42 [runtime] (ready)           ID.samples-ec.SC_MULTI_CS.SC_MULTI_CORE.MULTI_GEM_WELL_PROCESSOR.COUNT_GEM_WELL_PROCESSOR._BASIC_SC_RNA_COUNTER._POST_MATRIX_COMPUTATION.FILTER_BARCODES
2026-01-28 05:32:42 [runtime] (run:local)       ID.samples-ec.SC_MULTI_CS.SC_MULTI_CORE.MULTI_GEM_WELL_PROCESSOR.COUNT_GEM_WELL_PROCESSOR._BASIC_SC_RNA_COUNTER._POST_MATRIX_COMPUTATION.FILTER_BARCODES.fork0.split
2026-01-28 05:32:42 [runtime] (ready)           ID.samples-ec.SC_MULTI_CS.SC_MULTI_CORE.MULTI_GEM_WELL_PROCESSOR.COUNT_GEM_WELL_PROCESSOR._BASIC_SC_RNA_COUNTER._POST_MATRIX_COMPUTATION.DISABLE_STAGES
2026-01-28 05:32:42 [runtime] (run:local)       ID.samples-ec.SC_MULTI_CS.SC_MULTI_CORE.MULTI_GEM_WELL_PROCESSOR.COUNT_GEM_WELL_PROCESSOR._BASIC_SC_RNA_COUNTER._POST_MATRIX_COMPUTATION.DISABLE_STAGES.fork0.chnk0.main
2026-01-28 05:32:42 [runtime] (ready)           ID.samples-ec.SC_MULTI_CS.SC_MULTI_CORE.MULTI_GEM_WELL_PROCESSOR.COUNT_GEM_WELL_PROCESSOR._BASIC_SC_RNA_COUNTER._MATRIX_COMPUTER.SUMMARIZE_H5_DIMS
2026-01-28 05:32:42 [runtime] (run:local)       ID.samples-ec.SC_MULTI_CS.SC_MULTI_CORE.MULTI_GEM_WELL_PROCESSOR.COUNT_GEM_WELL_PROCESSOR._BASIC_SC_RNA_COUNTER._MATRIX_COMPUTER.SUMMARIZE_H5_DIMS.fork0.chnk0.main
2026-01-28 05:32:50 [runtime] (chunks_complete) ID.samples-ec.SC_MULTI_CS.SC_MULTI_CORE.MULTI_GEM_WELL_PROCESSOR.COUNT_GEM_WELL_PROCESSOR._BASIC_SC_RNA_COUNTER._MATRIX_COMPUTER.SUMMARIZE_H5_DIMS
2026-01-28 05:32:50 [runtime] (ready)           ID.samples-ec.SC_MULTI_CS.SC_MULTI_CORE.MULTI_GEM_WELL_PROCESSOR.COUNT_GEM_WELL_PROCESSOR._BASIC_SC_RNA_COUNTER._MATRIX_COMPUTER.MERGE_METRICS
2026-01-28 05:32:50 [runtime] (run:local)       ID.samples-ec.SC_MULTI_CS.SC_MULTI_CORE.MULTI_GEM_WELL_PROCESSOR.COUNT_GEM_WELL_PROCESSOR._BASIC_SC_RNA_COUNTER._MATRIX_COMPUTER.MERGE_METRICS.fork0.chnk0.main
2026-01-28 05:32:50 [runtime] (chunks_complete) ID.samples-ec.SC_MULTI_CS.SC_MULTI_CORE.MULTI_GEM_WELL_PROCESSOR.COUNT_GEM_WELL_PROCESSOR._BASIC_SC_RNA_COUNTER._MATRIX_COMPUTER.MERGE_METRICS
2026-01-28 05:32:51 [runtime] (chunks_complete) ID.samples-ec.SC_MULTI_CS.SC_MULTI_CORE.MULTI_GEM_WELL_PROCESSOR.COUNT_GEM_WELL_PROCESSOR._BASIC_SC_RNA_COUNTER._POST_MATRIX_COMPUTATION.DISABLE_STAGES
2026-01-28 05:32:51 [runtime] (ready)           ID.samples-ec.SC_MULTI_CS.SC_MULTI_CORE.MULTI_GEM_WELL_PROCESSOR.COUNT_GEM_WELL_PROCESSOR._BASIC_SC_RNA_COUNTER._POST_MATRIX_COMPUTATION._ASSIGN_TAGS.MULTIPLEXING_METHOD
2026-01-28 05:32:51 [runtime] (run:local)       ID.samples-ec.SC_MULTI_CS.SC_MULTI_CORE.MULTI_GEM_WELL_PROCESSOR.COUNT_GEM_WELL_PROCESSOR._BASIC_SC_RNA_COUNTER._POST_MATRIX_COMPUTATION._ASSIGN_TAGS.MULTIPLEXING_METHOD.fork0.chnk0.main
2026-01-28 05:32:51 [runtime] (ready)           ID.samples-ec.SC_MULTI_CS.SC_MULTI_CORE.MULTI_GEM_WELL_PROCESSOR.COUNT_GEM_WELL_PROCESSOR._BASIC_SC_RNA_COUNTER._POST_MATRIX_COMPUTATION.WRITE_POS_BAM
2026-01-28 05:32:51 [runtime] (chunks_complete) ID.samples-ec.SC_MULTI_CS.SC_MULTI_CORE.MULTI_GEM_WELL_PROCESSOR.COUNT_GEM_WELL_PROCESSOR._BASIC_SC_RNA_COUNTER._POST_MATRIX_COMPUTATION._ASSIGN_TAGS.MULTIPLEXING_METHOD
2026-01-28 05:32:52 [runtime] (split_complete)  ID.samples-ec.SC_MULTI_CS.SC_MULTI_CORE.MULTI_GEM_WELL_PROCESSOR.COUNT_GEM_WELL_PROCESSOR._BASIC_SC_RNA_COUNTER._POST_MATRIX_COMPUTATION.FILTER_BARCODES
2026-01-28 05:32:52 [runtime] (run:local)       ID.samples-ec.SC_MULTI_CS.SC_MULTI_CORE.MULTI_GEM_WELL_PROCESSOR.COUNT_GEM_WELL_PROCESSOR._BASIC_SC_RNA_COUNTER._POST_MATRIX_COMPUTATION.FILTER_BARCODES.fork0.chnk0.main
2026-01-28 05:33:06 [runtime] (chunks_complete) ID.samples-ec.SC_MULTI_CS.SC_MULTI_CORE.MULTI_GEM_WELL_PROCESSOR.COUNT_GEM_WELL_PROCESSOR._BASIC_SC_RNA_COUNTER._POST_MATRIX_COMPUTATION.FILTER_BARCODES
2026-01-28 05:33:06 [runtime] (run:local)       ID.samples-ec.SC_MULTI_CS.SC_MULTI_CORE.MULTI_GEM_WELL_PROCESSOR.COUNT_GEM_WELL_PROCESSOR._BASIC_SC_RNA_COUNTER._POST_MATRIX_COMPUTATION.FILTER_BARCODES.fork0.join
2026-01-28 05:33:14 [runtime] (join_complete)   ID.samples-ec.SC_MULTI_CS.SC_MULTI_CORE.MULTI_GEM_WELL_PROCESSOR.COUNT_GEM_WELL_PROCESSOR._BASIC_SC_RNA_COUNTER._POST_MATRIX_COMPUTATION.FILTER_BARCODES
2026-01-28 05:33:14 [runtime] (ready)           ID.samples-ec.SC_MULTI_CS.SC_MULTI_CORE.MULTI_GEM_WELL_PROCESSOR.COUNT_GEM_WELL_PROCESSOR._BASIC_SC_RNA_COUNTER._POST_MATRIX_COMPUTATION._ASSIGN_TAGS.CALL_TAGS_RTL
2026-01-28 05:33:14 [runtime] (ready)           ID.samples-ec.SC_MULTI_CS.SC_MULTI_CORE.MULTI_GEM_WELL_PROCESSOR.COUNT_GEM_WELL_PROCESSOR._BASIC_SC_RNA_COUNTER._POST_MATRIX_COMPUTATION.COLLATE_PROBE_METRICS
2026-01-28 05:33:14 [runtime] (ready)           ID.samples-ec.SC_MULTI_CS.SC_MULTI_CORE.MULTI_GEM_WELL_PROCESSOR.COUNT_GEM_WELL_PROCESSOR._BASIC_SC_RNA_COUNTER._POST_MATRIX_COMPUTATION.SUMMARIZE_H5_DIMS
2026-01-28 05:33:14 [runtime] (run:local)       ID.samples-ec.SC_MULTI_CS.SC_MULTI_CORE.MULTI_GEM_WELL_PROCESSOR.COUNT_GEM_WELL_PROCESSOR._BASIC_SC_RNA_COUNTER._POST_MATRIX_COMPUTATION.SUMMARIZE_H5_DIMS.fork0.chnk0.main
2026-01-28 05:33:14 [runtime] (ready)           ID.samples-ec.SC_MULTI_CS.SC_MULTI_CORE.LIBRARY_CELL_ANNOTATION_VIABLE_BUT_NOT_REQUESTED
2026-01-28 05:33:14 [runtime] (run:local)       ID.samples-ec.SC_MULTI_CS.SC_MULTI_CORE.LIBRARY_CELL_ANNOTATION_VIABLE_BUT_NOT_REQUESTED.fork0.chnk0.main
2026-01-28 05:33:14 [runtime] (ready)           ID.samples-ec.SC_MULTI_CS.SC_MULTI_CORE.MULTI_GEM_WELL_PROCESSOR.COUNT_GEM_WELL_PROCESSOR._BASIC_SC_RNA_COUNTER._POST_MATRIX_COMPUTATION._CELLS_REPORTER.WRITE_MOLECULE_INFO
2026-01-28 05:33:14 [runtime] (run:local)       ID.samples-ec.SC_MULTI_CS.SC_MULTI_CORE.MULTI_GEM_WELL_PROCESSOR.COUNT_GEM_WELL_PROCESSOR._BASIC_SC_RNA_COUNTER._POST_MATRIX_COMPUTATION._CELLS_REPORTER.WRITE_MOLECULE_INFO.fork0.split
2026-01-28 05:33:14 [runtime] (ready)           ID.samples-ec.SC_MULTI_CS.SC_MULTI_CORE.MULTI_GEM_WELL_PROCESSOR.COUNT_GEM_WELL_PROCESSOR._BASIC_SC_RNA_COUNTER._POST_MATRIX_COMPUTATION.INFER_GEM_WELL_THROUGHPUT
2026-01-28 05:33:14 [runtime] (run:local)       ID.samples-ec.SC_MULTI_CS.SC_MULTI_CORE.MULTI_GEM_WELL_PROCESSOR.COUNT_GEM_WELL_PROCESSOR._BASIC_SC_RNA_COUNTER._POST_MATRIX_COMPUTATION.INFER_GEM_WELL_THROUGHPUT.fork0.chnk0.main
2026-01-28 05:33:14 [runtime] (ready)           ID.samples-ec.SC_MULTI_CS.SC_MULTI_CORE.COUNT_ANALYZER.DISABLE_SECONDARY_ANALYSIS
2026-01-28 05:33:14 [runtime] (run:local)       ID.samples-ec.SC_MULTI_CS.SC_MULTI_CORE.COUNT_ANALYZER.DISABLE_SECONDARY_ANALYSIS.fork0.chnk0.main
2026-01-28 05:33:14 [runtime] (ready)           ID.samples-ec.SC_MULTI_CS.SC_MULTI_CORE.MULTI_GEM_WELL_PROCESSOR.COUNT_GEM_WELL_PROCESSOR._BASIC_SC_RNA_COUNTER._POST_MATRIX_COMPUTATION._ASSIGN_TAGS.CALL_TAGS_OH
2026-01-28 05:33:15 [runtime] (split_complete)  ID.samples-ec.SC_MULTI_CS.SC_MULTI_CORE.MULTI_GEM_WELL_PROCESSOR.COUNT_GEM_WELL_PROCESSOR._BASIC_SC_RNA_COUNTER._POST_MATRIX_COMPUTATION._CELLS_REPORTER.WRITE_MOLECULE_INFO
2026-01-28 05:33:15 [runtime] (run:local)       ID.samples-ec.SC_MULTI_CS.SC_MULTI_CORE.MULTI_GEM_WELL_PROCESSOR.COUNT_GEM_WELL_PROCESSOR._BASIC_SC_RNA_COUNTER._POST_MATRIX_COMPUTATION._CELLS_REPORTER.WRITE_MOLECULE_INFO.fork0.join
2026-01-28 05:33:18 [runtime] (chunks_complete) ID.samples-ec.SC_MULTI_CS.SC_MULTI_CORE.MULTI_GEM_WELL_PROCESSOR.COUNT_GEM_WELL_PROCESSOR._BASIC_SC_RNA_COUNTER._POST_MATRIX_COMPUTATION.SUMMARIZE_H5_DIMS
2026-01-28 05:33:18 [runtime] (chunks_complete) ID.samples-ec.SC_MULTI_CS.SC_MULTI_CORE.COUNT_ANALYZER.DISABLE_SECONDARY_ANALYSIS
2026-01-28 05:33:18 [runtime] (chunks_complete) ID.samples-ec.SC_MULTI_CS.SC_MULTI_CORE.LIBRARY_CELL_ANNOTATION_VIABLE_BUT_NOT_REQUESTED
2026-01-28 05:33:19 [runtime] (chunks_complete) ID.samples-ec.SC_MULTI_CS.SC_MULTI_CORE.MULTI_GEM_WELL_PROCESSOR.COUNT_GEM_WELL_PROCESSOR._BASIC_SC_RNA_COUNTER._POST_MATRIX_COMPUTATION.INFER_GEM_WELL_THROUGHPUT
2026-01-28 05:33:19 [runtime] (ready)           ID.samples-ec.SC_MULTI_CS.SC_MULTI_CORE.MULTI_GEM_WELL_PROCESSOR.COUNT_GEM_WELL_PROCESSOR._BASIC_SC_RNA_COUNTER._POST_MATRIX_COMPUTATION._ASSIGN_TAGS.CALL_TAGS_MARGINAL
2026-01-28 05:33:24 [runtime] (join_complete)   ID.samples-ec.SC_MULTI_CS.SC_MULTI_CORE.MULTI_GEM_WELL_PROCESSOR.COUNT_GEM_WELL_PROCESSOR._BASIC_SC_RNA_COUNTER._POST_MATRIX_COMPUTATION._CELLS_REPORTER.WRITE_MOLECULE_INFO
2026-01-28 05:33:24 [runtime] (ready)           ID.samples-ec.SC_MULTI_CS.SC_MULTI_CORE.MULTI_GEM_WELL_PROCESSOR.COUNT_GEM_WELL_PROCESSOR._BASIC_SC_RNA_COUNTER._POST_MATRIX_COMPUTATION._CELLS_REPORTER.SUBSAMPLE_READS
2026-01-28 05:33:24 [runtime] (run:local)       ID.samples-ec.SC_MULTI_CS.SC_MULTI_CORE.MULTI_GEM_WELL_PROCESSOR.COUNT_GEM_WELL_PROCESSOR._BASIC_SC_RNA_COUNTER._POST_MATRIX_COMPUTATION._CELLS_REPORTER.SUBSAMPLE_READS.fork0.split
2026-01-28 05:33:24 [runtime] (ready)           ID.samples-ec.SC_MULTI_CS.SC_MULTI_CORE.MULTI_GEM_WELL_PROCESSOR.COUNT_GEM_WELL_PROCESSOR._BASIC_SC_RNA_COUNTER._POST_MATRIX_COMPUTATION._ASSIGN_TAGS.CALL_TAGS_JIBES
2026-01-28 05:33:24 [runtime] (ready)           ID.samples-ec.SC_MULTI_CS.SC_MULTI_CORE.MULTI_GEM_WELL_PROCESSOR.COUNT_GEM_WELL_PROCESSOR._BASIC_SC_RNA_COUNTER._POST_MATRIX_COMPUTATION._ASSIGN_TAGS.DETERMINE_SAMPLE_ASSIGNMENTS
2026-01-28 05:33:24 [runtime] (run:local)       ID.samples-ec.SC_MULTI_CS.SC_MULTI_CORE.MULTI_GEM_WELL_PROCESSOR.COUNT_GEM_WELL_PROCESSOR._BASIC_SC_RNA_COUNTER._POST_MATRIX_COMPUTATION._ASSIGN_TAGS.DETERMINE_SAMPLE_ASSIGNMENTS.fork0.split
2026-01-28 05:33:30 [runtime] (split_complete)  ID.samples-ec.SC_MULTI_CS.SC_MULTI_CORE.MULTI_GEM_WELL_PROCESSOR.COUNT_GEM_WELL_PROCESSOR._BASIC_SC_RNA_COUNTER._POST_MATRIX_COMPUTATION._CELLS_REPORTER.SUBSAMPLE_READS
2026-01-28 05:33:30 [runtime] (run:local)       ID.samples-ec.SC_MULTI_CS.SC_MULTI_CORE.MULTI_GEM_WELL_PROCESSOR.COUNT_GEM_WELL_PROCESSOR._BASIC_SC_RNA_COUNTER._POST_MATRIX_COMPUTATION._CELLS_REPORTER.SUBSAMPLE_READS.fork0.chnk0.main
2026-01-28 05:33:32 [runtime] (split_complete)  ID.samples-ec.SC_MULTI_CS.SC_MULTI_CORE.MULTI_GEM_WELL_PROCESSOR.COUNT_GEM_WELL_PROCESSOR._BASIC_SC_RNA_COUNTER._POST_MATRIX_COMPUTATION._ASSIGN_TAGS.DETERMINE_SAMPLE_ASSIGNMENTS
2026-01-28 05:33:32 [runtime] (run:local)       ID.samples-ec.SC_MULTI_CS.SC_MULTI_CORE.MULTI_GEM_WELL_PROCESSOR.COUNT_GEM_WELL_PROCESSOR._BASIC_SC_RNA_COUNTER._POST_MATRIX_COMPUTATION._ASSIGN_TAGS.DETERMINE_SAMPLE_ASSIGNMENTS.fork0.join
2026-01-28 05:33:40 [runtime] (join_complete)   ID.samples-ec.SC_MULTI_CS.SC_MULTI_CORE.MULTI_GEM_WELL_PROCESSOR.COUNT_GEM_WELL_PROCESSOR._BASIC_SC_RNA_COUNTER._POST_MATRIX_COMPUTATION._ASSIGN_TAGS.DETERMINE_SAMPLE_ASSIGNMENTS
2026-01-28 05:33:40 [runtime] (ready)           ID.samples-ec.SC_MULTI_CS.SC_MULTI_CORE.MULTI_GEM_WELL_PROCESSOR.COUNT_GEM_WELL_PROCESSOR._BASIC_SC_RNA_COUNTER._POST_MATRIX_COMPUTATION.MULTI_COLLATE_PER_SAMPLE_METRICS
2026-01-28 05:33:40 [runtime] (run:local)       ID.samples-ec.SC_MULTI_CS.SC_MULTI_CORE.MULTI_GEM_WELL_PROCESSOR.COUNT_GEM_WELL_PROCESSOR._BASIC_SC_RNA_COUNTER._POST_MATRIX_COMPUTATION.MULTI_COLLATE_PER_SAMPLE_METRICS.fork0.split
2026-01-28 05:33:40 [runtime] (ready)           ID.samples-ec.SC_MULTI_CS.SC_MULTI_CORE.MULTI_GEM_WELL_PROCESSOR.COUNT_GEM_WELL_PROCESSOR._BASIC_SC_RNA_COUNTER._POST_MATRIX_COMPUTATION.DEMUX_PROBE_BC_MATRIX
2026-01-28 05:33:40 [runtime] (ready)           ID.samples-ec.SC_MULTI_CS.SC_MULTI_CORE.MULTI_GEM_WELL_PROCESSOR.COUNT_GEM_WELL_PROCESSOR._BASIC_SC_RNA_COUNTER._POST_MATRIX_COMPUTATION.MULTI_WRITE_PER_SAMPLE_BAM
2026-01-28 05:33:40 [runtime] (ready)           ID.samples-ec.SC_MULTI_CS.SC_MULTI_CORE.MULTI_GEM_WELL_PROCESSOR.COUNT_GEM_WELL_PROCESSOR._BASIC_SC_RNA_COUNTER._POST_MATRIX_COMPUTATION._ASSIGN_TAGS.COMPUTE_EXTRA_MULTIPLEXING_METRICS
2026-01-28 05:33:41 [runtime] (ready)           ID.samples-ec.SC_MULTI_CS.SC_MULTI_CORE.MULTI_GEM_WELL_PROCESSOR.COUNT_GEM_WELL_PROCESSOR._BASIC_SC_RNA_COUNTER._POST_MATRIX_COMPUTATION._ASSIGN_TAGS.MERGE_METRICS
2026-01-28 05:33:41 [runtime] (run:local)       ID.samples-ec.SC_MULTI_CS.SC_MULTI_CORE.MULTI_GEM_WELL_PROCESSOR.COUNT_GEM_WELL_PROCESSOR._BASIC_SC_RNA_COUNTER._POST_MATRIX_COMPUTATION._ASSIGN_TAGS.MERGE_METRICS.fork0.chnk0.main
2026-01-28 05:33:41 [runtime] (ready)           ID.samples-ec.SC_MULTI_CS.SC_MULTI_CORE.MULTI_GEM_WELL_PROCESSOR.COUNT_GEM_WELL_PROCESSOR._BASIC_SC_RNA_COUNTER._POST_MATRIX_COMPUTATION.MULTI_WRITE_PER_SAMPLE_MATRICES
2026-01-28 05:33:41 [runtime] (run:local)       ID.samples-ec.SC_MULTI_CS.SC_MULTI_CORE.MULTI_GEM_WELL_PROCESSOR.COUNT_GEM_WELL_PROCESSOR._BASIC_SC_RNA_COUNTER._POST_MATRIX_COMPUTATION.MULTI_WRITE_PER_SAMPLE_MATRICES.fork0.split
2026-01-28 05:33:41 [runtime] (split_complete)  ID.samples-ec.SC_MULTI_CS.SC_MULTI_CORE.MULTI_GEM_WELL_PROCESSOR.COUNT_GEM_WELL_PROCESSOR._BASIC_SC_RNA_COUNTER._POST_MATRIX_COMPUTATION.MULTI_COLLATE_PER_SAMPLE_METRICS
2026-01-28 05:33:41 [runtime] (run:local)       ID.samples-ec.SC_MULTI_CS.SC_MULTI_CORE.MULTI_GEM_WELL_PROCESSOR.COUNT_GEM_WELL_PROCESSOR._BASIC_SC_RNA_COUNTER._POST_MATRIX_COMPUTATION.MULTI_COLLATE_PER_SAMPLE_METRICS.fork0.chnk0.main
2026-01-28 05:33:41 [runtime] (chunks_complete) ID.samples-ec.SC_MULTI_CS.SC_MULTI_CORE.MULTI_GEM_WELL_PROCESSOR.COUNT_GEM_WELL_PROCESSOR._BASIC_SC_RNA_COUNTER._POST_MATRIX_COMPUTATION._ASSIGN_TAGS.MERGE_METRICS
2026-01-28 05:33:44 [runtime] (chunks_complete) ID.samples-ec.SC_MULTI_CS.SC_MULTI_CORE.MULTI_GEM_WELL_PROCESSOR.COUNT_GEM_WELL_PROCESSOR._BASIC_SC_RNA_COUNTER._POST_MATRIX_COMPUTATION.MULTI_COLLATE_PER_SAMPLE_METRICS
2026-01-28 05:33:44 [runtime] (run:local)       ID.samples-ec.SC_MULTI_CS.SC_MULTI_CORE.MULTI_GEM_WELL_PROCESSOR.COUNT_GEM_WELL_PROCESSOR._BASIC_SC_RNA_COUNTER._POST_MATRIX_COMPUTATION.MULTI_COLLATE_PER_SAMPLE_METRICS.fork0.join
2026-01-28 05:33:44 [runtime] (split_complete)  ID.samples-ec.SC_MULTI_CS.SC_MULTI_CORE.MULTI_GEM_WELL_PROCESSOR.COUNT_GEM_WELL_PROCESSOR._BASIC_SC_RNA_COUNTER._POST_MATRIX_COMPUTATION.MULTI_WRITE_PER_SAMPLE_MATRICES
2026-01-28 05:33:44 [runtime] (run:local)       ID.samples-ec.SC_MULTI_CS.SC_MULTI_CORE.MULTI_GEM_WELL_PROCESSOR.COUNT_GEM_WELL_PROCESSOR._BASIC_SC_RNA_COUNTER._POST_MATRIX_COMPUTATION.MULTI_WRITE_PER_SAMPLE_MATRICES.fork0.chnk0.main
2026-01-28 05:33:44 [runtime] (join_complete)   ID.samples-ec.SC_MULTI_CS.SC_MULTI_CORE.MULTI_GEM_WELL_PROCESSOR.COUNT_GEM_WELL_PROCESSOR._BASIC_SC_RNA_COUNTER._POST_MATRIX_COMPUTATION.MULTI_COLLATE_PER_SAMPLE_METRICS
2026-01-28 05:33:45 [runtime] (ready)           ID.samples-ec.SC_MULTI_CS.SC_MULTI_CORE.MULTI_GEM_WELL_PROCESSOR.COUNT_GEM_WELL_PROCESSOR._BASIC_SC_RNA_COUNTER._POST_MATRIX_COMPUTATION.MULTI_WRITE_PER_SAMPLE_MOLECULE_INFO
2026-01-28 05:33:45 [runtime] (run:local)       ID.samples-ec.SC_MULTI_CS.SC_MULTI_CORE.MULTI_GEM_WELL_PROCESSOR.COUNT_GEM_WELL_PROCESSOR._BASIC_SC_RNA_COUNTER._POST_MATRIX_COMPUTATION.MULTI_WRITE_PER_SAMPLE_MOLECULE_INFO.fork0.split
2026-01-28 05:33:46 [runtime] (split_complete)  ID.samples-ec.SC_MULTI_CS.SC_MULTI_CORE.MULTI_GEM_WELL_PROCESSOR.COUNT_GEM_WELL_PROCESSOR._BASIC_SC_RNA_COUNTER._POST_MATRIX_COMPUTATION.MULTI_WRITE_PER_SAMPLE_MOLECULE_INFO
2026-01-28 05:33:46 [runtime] (run:local)       ID.samples-ec.SC_MULTI_CS.SC_MULTI_CORE.MULTI_GEM_WELL_PROCESSOR.COUNT_GEM_WELL_PROCESSOR._BASIC_SC_RNA_COUNTER._POST_MATRIX_COMPUTATION.MULTI_WRITE_PER_SAMPLE_MOLECULE_INFO.fork0.join
2026-01-28 05:33:59 [runtime] (chunks_complete) ID.samples-ec.SC_MULTI_CS.SC_MULTI_CORE.MULTI_GEM_WELL_PROCESSOR.COUNT_GEM_WELL_PROCESSOR._BASIC_SC_RNA_COUNTER._POST_MATRIX_COMPUTATION.MULTI_WRITE_PER_SAMPLE_MATRICES
2026-01-28 05:33:59 [runtime] (run:local)       ID.samples-ec.SC_MULTI_CS.SC_MULTI_CORE.MULTI_GEM_WELL_PROCESSOR.COUNT_GEM_WELL_PROCESSOR._BASIC_SC_RNA_COUNTER._POST_MATRIX_COMPUTATION.MULTI_WRITE_PER_SAMPLE_MATRICES.fork0.join
2026-01-28 05:36:17 [runtime] (chunks_complete) ID.samples-ec.SC_MULTI_CS.SC_MULTI_CORE.MULTI_GEM_WELL_PROCESSOR.COUNT_GEM_WELL_PROCESSOR._BASIC_SC_RNA_COUNTER._POST_MATRIX_COMPUTATION._CELLS_REPORTER.SUBSAMPLE_READS
2026-01-28 05:36:17 [runtime] (run:local)       ID.samples-ec.SC_MULTI_CS.SC_MULTI_CORE.MULTI_GEM_WELL_PROCESSOR.COUNT_GEM_WELL_PROCESSOR._BASIC_SC_RNA_COUNTER._POST_MATRIX_COMPUTATION._CELLS_REPORTER.SUBSAMPLE_READS.fork0.join
2026-01-28 05:36:21 [runtime] (join_complete)   ID.samples-ec.SC_MULTI_CS.SC_MULTI_CORE.MULTI_GEM_WELL_PROCESSOR.COUNT_GEM_WELL_PROCESSOR._BASIC_SC_RNA_COUNTER._POST_MATRIX_COMPUTATION.MULTI_WRITE_PER_SAMPLE_MOLECULE_INFO
2026-01-28 05:36:24 [runtime] (join_complete)   ID.samples-ec.SC_MULTI_CS.SC_MULTI_CORE.MULTI_GEM_WELL_PROCESSOR.COUNT_GEM_WELL_PROCESSOR._BASIC_SC_RNA_COUNTER._POST_MATRIX_COMPUTATION.MULTI_WRITE_PER_SAMPLE_MATRICES
2026-01-28 05:36:24 [runtime] (ready)           ID.samples-ec.SC_MULTI_CS.SC_MULTI_CORE.MULTI_GEM_WELL_PROCESSOR.VDJ_B_GEM_WELL_PROCESSOR.SETUP_VDJ_DEMUX
2026-01-28 05:36:24 [runtime] (ready)           ID.samples-ec.SC_MULTI_CS.SC_MULTI_CORE.STRUCTIFY_PER_SAMPLE_OUTS
2026-01-28 05:36:24 [runtime] (run:local)       ID.samples-ec.SC_MULTI_CS.SC_MULTI_CORE.STRUCTIFY_PER_SAMPLE_OUTS.fork0.chnk0.main
2026-01-28 05:36:24 [runtime] (ready)           ID.samples-ec.SC_MULTI_CS.SC_MULTI_CORE.MULTI_GEM_WELL_PROCESSOR.VDJ_T_GEM_WELL_PROCESSOR.SETUP_VDJ_DEMUX
2026-01-28 05:36:24 [runtime] (ready)           ID.samples-ec.SC_MULTI_CS.SC_MULTI_CORE.MULTI_GEM_WELL_PROCESSOR.VDJ_B_GEM_WELL_PROCESSOR.LIB_VDJ_ANALYZER.SETUP_VDJ_ANALYSIS
2026-01-28 05:36:24 [runtime] (ready)           ID.samples-ec.SC_MULTI_CS.SC_MULTI_CORE.MULTI_GEM_WELL_PROCESSOR.VDJ_T_GEM_WELL_PROCESSOR.LIB_VDJ_ANALYZER.SETUP_VDJ_ANALYSIS
2026-01-28 05:36:24 [runtime] (ready)           ID.samples-ec.SC_MULTI_CS.SC_MULTI_CORE.MULTI_GEM_WELL_PROCESSOR.VDJ_T_GD_GEM_WELL_PROCESSOR.SETUP_VDJ_DEMUX
2026-01-28 05:36:24 [runtime] (ready)           ID.samples-ec.SC_MULTI_CS.SC_MULTI_CORE.MULTI_GEM_WELL_PROCESSOR.VDJ_B_GEM_WELL_PROCESSOR.LIB_VDJ_ANALYZER.FILTER_SAMPLE_SPECIFIC
2026-01-28 05:36:24 [runtime] (ready)           ID.samples-ec.SC_MULTI_CS.SC_MULTI_CORE.MULTI_GEM_WELL_PROCESSOR.VDJ_T_GD_GEM_WELL_PROCESSOR.LIB_VDJ_ANALYZER.SETUP_VDJ_ANALYSIS
2026-01-28 05:36:24 [runtime] (ready)           ID.samples-ec.SC_MULTI_CS.SC_MULTI_CORE.MULTI_GEM_WELL_PROCESSOR.VDJ_T_GEM_WELL_PROCESSOR.LIB_VDJ_ANALYZER.FILTER_SAMPLE_SPECIFIC
2026-01-28 05:36:24 [runtime] (ready)           ID.samples-ec.SC_MULTI_CS.SC_MULTI_CORE.MULTI_GEM_WELL_PROCESSOR.VDJ_T_GD_GEM_WELL_PROCESSOR.LIB_VDJ_ANALYZER.FILTER_SAMPLE_SPECIFIC
2026-01-28 05:36:24 [runtime] (ready)           ID.samples-ec.SC_MULTI_CS.SC_MULTI_CORE.MULTI_GEM_WELL_PROCESSOR.VDJ_B_GEM_WELL_PROCESSOR.MERGE_PER_SAMPLE_ANNOTATIONS
2026-01-28 05:36:24 [runtime] (ready)           ID.samples-ec.SC_MULTI_CS.SC_MULTI_CORE.MULTI_GEM_WELL_PROCESSOR.VDJ_B_GEM_WELL_PROCESSOR.LIB_VDJ_ANALYZER.SUBSET_ASSEMBLY_OUTS
2026-01-28 05:36:24 [runtime] (ready)           ID.samples-ec.SC_MULTI_CS.SC_MULTI_CORE.MULTI_GEM_WELL_PROCESSOR.VDJ_B_GEM_WELL_PROCESSOR.LIB_VDJ_ANALYZER.ASM_METRICS
2026-01-28 05:36:24 [runtime] (chunks_complete) ID.samples-ec.SC_MULTI_CS.SC_MULTI_CORE.STRUCTIFY_PER_SAMPLE_OUTS
2026-01-28 05:36:24 [runtime] (ready)           ID.samples-ec.SC_MULTI_CS.SC_MULTI_CORE.MULTI_GEM_WELL_PROCESSOR.VDJ_T_GEM_WELL_PROCESSOR.MERGE_PER_SAMPLE_ANNOTATIONS
2026-01-28 05:36:24 [runtime] (ready)           ID.samples-ec.SC_MULTI_CS.SC_MULTI_CORE.MULTI_GEM_WELL_PROCESSOR.VDJ_B_GEM_WELL_PROCESSOR.LIB_VDJ_ANALYZER.MAKE_EXACT_CLONOTYPES
2026-01-28 05:36:24 [runtime] (ready)           ID.samples-ec.SC_MULTI_CS.SC_MULTI_CORE.DISABLE_FEATURE_STAGES
2026-01-28 05:36:24 [runtime] (run:local)       ID.samples-ec.SC_MULTI_CS.SC_MULTI_CORE.DISABLE_FEATURE_STAGES.fork0.chnk0.main
2026-01-28 05:36:24 [runtime] (ready)           ID.samples-ec.SC_MULTI_CS.SC_MULTI_CORE.SAMPLE_CELL_ANNOTATION_VIABLE_BUT_NOT_REQUESTED
2026-01-28 05:36:24 [runtime] (run:local)       ID.samples-ec.SC_MULTI_CS.SC_MULTI_CORE.SAMPLE_CELL_ANNOTATION_VIABLE_BUT_NOT_REQUESTED.fork_samples-ec.chnk0.main
2026-01-28 05:36:24 [runtime] (ready)           ID.samples-ec.SC_MULTI_CS.SC_MULTI_CORE.MULTI_GEM_WELL_PROCESSOR.VDJ_T_GEM_WELL_PROCESSOR.LIB_VDJ_ANALYZER.SUBSET_ASSEMBLY_OUTS
2026-01-28 05:36:24 [runtime] (ready)           ID.samples-ec.SC_MULTI_CS.SC_MULTI_CORE.SAMPLE_ANALYZER.DISABLE_SECONDARY_ANALYSIS
2026-01-28 05:36:24 [runtime] (run:local)       ID.samples-ec.SC_MULTI_CS.SC_MULTI_CORE.SAMPLE_ANALYZER.DISABLE_SECONDARY_ANALYSIS.fork_samples-ec.chnk0.main
2026-01-28 05:36:24 [runtime] (ready)           ID.samples-ec.SC_MULTI_CS.SC_MULTI_CORE.SAMPLE_REPORTER._SAMPLE_CELLS_REPORTER.SUBSAMPLE_READS
2026-01-28 05:36:24 [runtime] (run:local)       ID.samples-ec.SC_MULTI_CS.SC_MULTI_CORE.SAMPLE_REPORTER._SAMPLE_CELLS_REPORTER.SUBSAMPLE_READS.fork_samples-ec.split
2026-01-28 05:36:25 [runtime] (ready)           ID.samples-ec.SC_MULTI_CS.SC_MULTI_CORE.MULTI_GEM_WELL_PROCESSOR.VDJ_T_GEM_WELL_PROCESSOR.LIB_VDJ_ANALYZER.ASM_METRICS
2026-01-28 05:36:25 [runtime] (ready)           ID.samples-ec.SC_MULTI_CS.SC_MULTI_CORE.MULTI_GEM_WELL_PROCESSOR.VDJ_T_GD_GEM_WELL_PROCESSOR.MERGE_PER_SAMPLE_ANNOTATIONS
2026-01-28 05:36:25 [runtime] (ready)           ID.samples-ec.SC_MULTI_CS.SC_MULTI_CORE.MULTI_GEM_WELL_PROCESSOR.VDJ_B_GEM_WELL_PROCESSOR.LIB_VDJ_ANALYZER.FILTER_EXACT_CLONOTYPES
2026-01-28 05:36:25 [runtime] (ready)           ID.samples-ec.SC_MULTI_CS.SC_MULTI_CORE.MULTI_GEM_WELL_PROCESSOR.VDJ_B_GEM_WELL_PROCESSOR.LIB_VDJ_ANALYZER.CLONOTYPE_ASSIGNER.RUN_ENCLONE
2026-01-28 05:36:25 [runtime] (ready)           ID.samples-ec.SC_MULTI_CS.SC_MULTI_CORE.MULTI_GEM_WELL_PROCESSOR.VDJ_T_GEM_WELL_PROCESSOR.LIB_VDJ_ANALYZER.MAKE_EXACT_CLONOTYPES
2026-01-28 05:36:25 [runtime] (ready)           ID.samples-ec.SC_MULTI_CS.SC_MULTI_CORE.MULTI_GEM_WELL_PROCESSOR.VDJ_T_GEM_WELL_PROCESSOR.LIB_VDJ_ANALYZER.FILTER_EXACT_CLONOTYPES
2026-01-28 05:36:25 [runtime] (ready)           ID.samples-ec.SC_MULTI_CS.SC_MULTI_CORE.MULTI_GEM_WELL_PROCESSOR.VDJ_T_GD_GEM_WELL_PROCESSOR.LIB_VDJ_ANALYZER.SUBSET_ASSEMBLY_OUTS
2026-01-28 05:36:25 [runtime] (ready)           ID.samples-ec.SC_MULTI_CS.SC_MULTI_CORE.MULTI_GEM_WELL_PROCESSOR.VDJ_B_GEM_WELL_PROCESSOR.LIB_VDJ_ANALYZER.CLONOTYPE_ASSIGNER.WRITE_CONSENSUS_TXT
2026-01-28 05:36:25 [runtime] (ready)           ID.samples-ec.SC_MULTI_CS.SC_MULTI_CORE.PICK_BEAM_ANALYZER
2026-01-28 05:36:25 [runtime] (ready)           ID.samples-ec.SC_MULTI_CS.SC_MULTI_CORE.MULTI_GEM_WELL_PROCESSOR.VDJ_B_GEM_WELL_PROCESSOR.LIB_VDJ_ANALYZER.CLONOTYPE_ASSIGNER.WRITE_CLONOTYPE_OUTS
2026-01-28 05:36:25 [runtime] (ready)           ID.samples-ec.SC_MULTI_CS.SC_MULTI_CORE.MULTI_GEM_WELL_PROCESSOR.VDJ_T_GD_GEM_WELL_PROCESSOR.LIB_VDJ_ANALYZER.ASM_METRICS
2026-01-28 05:36:25 [runtime] (ready)           ID.samples-ec.SC_MULTI_CS.SC_MULTI_CORE.MULTI_GEM_WELL_PROCESSOR.VDJ_B_GEM_WELL_PROCESSOR.LIB_VDJ_ANALYZER.CLONOTYPE_ASSIGNER.FILL_CLONOTYPE_INFO
2026-01-28 05:36:25 [runtime] (ready)           ID.samples-ec.SC_MULTI_CS.SC_MULTI_CORE.MULTI_GEM_WELL_PROCESSOR.VDJ_T_GEM_WELL_PROCESSOR.LIB_VDJ_ANALYZER.CLONOTYPE_ASSIGNER.RUN_ENCLONE
2026-01-28 05:36:25 [runtime] (ready)           ID.samples-ec.SC_MULTI_CS.SC_MULTI_CORE.MULTI_GEM_WELL_PROCESSOR.VDJ_B_GEM_WELL_PROCESSOR.LIB_VDJ_ANALYZER.MAKE_VDJ_PLOTS
2026-01-28 05:36:25 [runtime] (ready)           ID.samples-ec.SC_MULTI_CS.SC_MULTI_CORE.MULTI_GEM_WELL_PROCESSOR.VDJ_T_GEM_WELL_PROCESSOR.LIB_VDJ_ANALYZER.CLONOTYPE_ASSIGNER.FILL_CLONOTYPE_INFO
2026-01-28 05:36:25 [runtime] (ready)           ID.samples-ec.SC_MULTI_CS.SC_MULTI_CORE.MULTI_GEM_WELL_PROCESSOR.VDJ_B_GEM_WELL_PROCESSOR.LIB_VDJ_ANALYZER.CLONOTYPE_ASSIGNER.WRITE_CONSENSUS_BAM
2026-01-28 05:36:25 [runtime] (ready)           ID.samples-ec.SC_MULTI_CS.SC_MULTI_CORE.MULTI_GEM_WELL_PROCESSOR.VDJ_T_GD_GEM_WELL_PROCESSOR.LIB_VDJ_ANALYZER.MAKE_EXACT_CLONOTYPES
2026-01-28 05:36:25 [runtime] (ready)           ID.samples-ec.SC_MULTI_CS.SC_MULTI_CORE.MULTI_GEM_WELL_PROCESSOR.VDJ_T_GEM_WELL_PROCESSOR.LIB_VDJ_ANALYZER.CLONOTYPE_ASSIGNER.WRITE_CONSENSUS_TXT
2026-01-28 05:36:25 [runtime] (ready)           ID.samples-ec.SC_MULTI_CS.SC_MULTI_CORE.MULTI_GEM_WELL_PROCESSOR.VDJ_T_GEM_WELL_PROCESSOR.LIB_VDJ_ANALYZER.HANDLE_NO_CLONOTYPING
2026-01-28 05:36:25 [runtime] (ready)           ID.samples-ec.SC_MULTI_CS.SC_MULTI_CORE.MULTI_GEM_WELL_PROCESSOR.VDJ_T_GEM_WELL_PROCESSOR.LIB_VDJ_ANALYZER.CLONOTYPE_ASSIGNER.WRITE_CLONOTYPE_OUTS
2026-01-28 05:36:25 [runtime] (ready)           ID.samples-ec.SC_MULTI_CS.SC_MULTI_CORE.MULTI_GEM_WELL_PROCESSOR.VDJ_B_GEM_WELL_PROCESSOR.LIB_VDJ_ANALYZER.CLONOTYPE_ASSIGNER.WRITE_CONCAT_REF_OUTS
2026-01-28 05:36:25 [runtime] (ready)           ID.samples-ec.SC_MULTI_CS.SC_MULTI_CORE.MULTI_GEM_WELL_PROCESSOR.VDJ_B_GEM_WELL_PROCESSOR.LIB_VDJ_ANALYZER.HANDLE_NO_CLONOTYPING
2026-01-28 05:36:25 [runtime] (ready)           ID.samples-ec.SC_MULTI_CS.SC_MULTI_CORE.MULTI_GEM_WELL_PROCESSOR.VDJ_T_GEM_WELL_PROCESSOR.LIB_VDJ_ANALYZER.SUMMARIZE_VDJ_FILTERS
2026-01-28 05:36:25 [runtime] (ready)           ID.samples-ec.SC_MULTI_CS.SC_MULTI_CORE.MULTI_GEM_WELL_PROCESSOR.VDJ_B_GEM_WELL_PROCESSOR.LIB_VDJ_ANALYZER.WRITE_CONTIG_OUTS
2026-01-28 05:36:25 [runtime] (ready)           ID.samples-ec.SC_MULTI_CS.SC_MULTI_CORE.MULTI_GEM_WELL_PROCESSOR.VDJ_T_GEM_WELL_PROCESSOR.LIB_VDJ_ANALYZER.CLONOTYPE_ASSIGNER.WRITE_CONCAT_REF_OUTS
2026-01-28 05:36:25 [runtime] (ready)           ID.samples-ec.SC_MULTI_CS.SC_MULTI_CORE.MULTI_GEM_WELL_PROCESSOR.VDJ_T_GEM_WELL_PROCESSOR.LIB_VDJ_ANALYZER.CLONOTYPE_ASSIGNER.WRITE_CONSENSUS_BAM
2026-01-28 05:36:25 [runtime] (ready)           ID.samples-ec.SC_MULTI_CS.SC_MULTI_CORE.MULTI_GEM_WELL_PROCESSOR.VDJ_T_GD_GEM_WELL_PROCESSOR.LIB_VDJ_ANALYZER.FILTER_EXACT_CLONOTYPES
2026-01-28 05:36:25 [runtime] (ready)           ID.samples-ec.SC_MULTI_CS.SC_MULTI_CORE.MULTI_GEM_WELL_PROCESSOR.VDJ_B_GEM_WELL_PROCESSOR.LIB_VDJ_ANALYZER.BEAM_ANALYZER.COMPUTE_ANTIGEN_VDJ_METRICS
2026-01-28 05:36:25 [runtime] (ready)           ID.samples-ec.SC_MULTI_CS.SC_MULTI_CORE.MULTI_GEM_WELL_PROCESSOR.VDJ_T_GEM_WELL_PROCESSOR.LIB_VDJ_ANALYZER.CLONOTYPE_ASSIGNER.CREATE_AIRR_TSV
2026-01-28 05:36:25 [runtime] (ready)           ID.samples-ec.SC_MULTI_CS.SC_MULTI_CORE.MULTI_GEM_WELL_PROCESSOR.VDJ_B_GEM_WELL_PROCESSOR.LIB_VDJ_ANALYZER.WRITE_ANN_CSV
2026-01-28 05:36:25 [runtime] (ready)           ID.samples-ec.SC_MULTI_CS.SC_MULTI_CORE.MULTI_GEM_WELL_PROCESSOR.VDJ_T_GEM_WELL_PROCESSOR.LIB_VDJ_ANALYZER.WRITE_CONTIG_OUTS
2026-01-28 05:36:25 [runtime] (ready)           ID.samples-ec.SC_MULTI_CS.SC_MULTI_CORE.MULTI_GEM_WELL_PROCESSOR.VDJ_B_GEM_WELL_PROCESSOR.LIB_VDJ_ANALYZER.CLONOTYPE_ASSIGNER.CREATE_AIRR_TSV
2026-01-28 05:36:25 [runtime] (ready)           ID.samples-ec.SC_MULTI_CS.SC_MULTI_CORE.MULTI_GEM_WELL_PROCESSOR.VDJ_B_GEM_WELL_PROCESSOR.LIB_VDJ_ANALYZER.SUMMARIZE_VDJ_FILTERS
2026-01-28 05:36:25 [runtime] (ready)           ID.samples-ec.SC_MULTI_CS.SC_MULTI_CORE.MULTI_GEM_WELL_PROCESSOR.VDJ_T_GEM_WELL_PROCESSOR.LIB_VDJ_ANALYZER.WRITE_ANN_CSV
2026-01-28 05:36:25 [runtime] (ready)           ID.samples-ec.SC_MULTI_CS.SC_MULTI_CORE.MULTI_GEM_WELL_PROCESSOR.VDJ_T_GEM_WELL_PROCESSOR.LIB_VDJ_ANALYZER.MAKE_VDJ_PLOTS
2026-01-28 05:36:25 [runtime] (ready)           ID.samples-ec.SC_MULTI_CS.SC_MULTI_CORE.MULTI_GEM_WELL_PROCESSOR.VDJ_B_GEM_WELL_PROCESSOR.LIB_VDJ_ANALYZER.REPORT_CONTIGS
2026-01-28 05:36:25 [runtime] (ready)           ID.samples-ec.SC_MULTI_CS.SC_MULTI_CORE.MULTI_GEM_WELL_PROCESSOR.VDJ_B_GEM_WELL_PROCESSOR.LIB_VDJ_ANALYZER.BEAM_ANALYZER.CALCULATE_ANTIGEN_SPECIFICITY
2026-01-28 05:36:25 [runtime] (chunks_complete) ID.samples-ec.SC_MULTI_CS.SC_MULTI_CORE.DISABLE_FEATURE_STAGES
2026-01-28 05:36:25 [runtime] (ready)           ID.samples-ec.SC_MULTI_CS.SC_MULTI_CORE.MULTI_GEM_WELL_PROCESSOR.VDJ_T_GD_GEM_WELL_PROCESSOR.LIB_VDJ_ANALYZER.CLONOTYPE_ASSIGNER.RUN_ENCLONE
2026-01-28 05:36:25 [runtime] (ready)           ID.samples-ec.SC_MULTI_CS.SC_MULTI_CORE.COUNT_ANALYZER.SC_RNA_ANALYZER.ANALYZER_PREFLIGHT
2026-01-28 05:36:25 [runtime] (ready)           ID.samples-ec.SC_MULTI_CS.SC_MULTI_CORE.MULTI_GEM_WELL_PROCESSOR.VDJ_B_GEM_WELL_PROCESSOR.LIB_VDJ_ANALYZER.BEAM_ANALYZER.CREATE_BARCODE_CSV
2026-01-28 05:36:25 [runtime] (ready)           ID.samples-ec.SC_MULTI_CS.SC_MULTI_CORE.MULTI_GEM_WELL_PROCESSOR.VDJ_T_GEM_WELL_PROCESSOR.LIB_VDJ_ANALYZER.REPORT_CONTIGS
2026-01-28 05:36:25 [runtime] (ready)           ID.samples-ec.SC_MULTI_CS.SC_MULTI_CORE.MULTI_GEM_WELL_PROCESSOR.VDJ_T_GEM_WELL_PROCESSOR.LIB_VDJ_ANALYZER.BEAM_ANALYZER.CREATE_BARCODE_CSV
2026-01-28 05:36:25 [runtime] (ready)           ID.samples-ec.SC_MULTI_CS.SC_MULTI_CORE.MULTI_GEM_WELL_PROCESSOR.VDJ_T_GEM_WELL_PROCESSOR.LIB_VDJ_ANALYZER.BEAM_ANALYZER.COMPUTE_ANTIGEN_VDJ_METRICS
2026-01-28 05:36:25 [runtime] (ready)           ID.samples-ec.SC_MULTI_CS.SC_MULTI_CORE.MULTI_GEM_WELL_PROCESSOR.VDJ_B_GEM_WELL_PROCESSOR.LIB_VDJ_ANALYZER.VLOUPE_PREPROCESS
2026-01-28 05:36:25 [runtime] (ready)           ID.samples-ec.SC_MULTI_CS.SC_MULTI_CORE.MULTI_GEM_WELL_PROCESSOR.VDJ_B_GEM_WELL_PROCESSOR.LIB_VDJ_ANALYZER.MERGE_METRICS
2026-01-28 05:36:25 [runtime] (ready)           ID.samples-ec.SC_MULTI_CS.SC_MULTI_CORE.MULTI_GEM_WELL_PROCESSOR.VDJ_T_GEM_WELL_PROCESSOR.LIB_VDJ_ANALYZER.BEAM_ANALYZER.CALCULATE_ANTIGEN_SPECIFICITY
2026-01-28 05:36:25 [runtime] (ready)           ID.samples-ec.SC_MULTI_CS.SC_MULTI_CORE.SAMPLE_ANALYZER._TARGETED_ANALYZER.CALCULATE_TARGETED_METRICS
2026-01-28 05:36:25 [runtime] (ready)           ID.samples-ec.SC_MULTI_CS.SC_MULTI_CORE.COUNT_ANALYZER._ANTIGEN_ANALYZER.CALL_ANTIBODIES
2026-01-28 05:36:25 [runtime] (ready)           ID.samples-ec.SC_MULTI_CS.SC_MULTI_CORE.MULTI_GEM_WELL_PROCESSOR.VDJ_T_GD_GEM_WELL_PROCESSOR.LIB_VDJ_ANALYZER.CLONOTYPE_ASSIGNER.FILL_CLONOTYPE_INFO
2026-01-28 05:36:25 [runtime] (ready)           ID.samples-ec.SC_MULTI_CS.SC_MULTI_CORE.SAMPLE_ANALYZER._ANTIGEN_ANALYZER.CALL_ANTIBODIES
2026-01-28 05:36:25 [runtime] (ready)           ID.samples-ec.SC_MULTI_CS.SC_MULTI_CORE.COUNT_ANALYZER._ANTIBODY_ANALYZER.SUMMARIZE_ANTIBODY_ANALYSIS
2026-01-28 05:36:25 [runtime] (ready)           ID.samples-ec.SC_MULTI_CS.SC_MULTI_CORE.DISABLE_MULTI_CORE_STAGES
2026-01-28 05:36:25 [runtime] (run:local)       ID.samples-ec.SC_MULTI_CS.SC_MULTI_CORE.DISABLE_MULTI_CORE_STAGES.fork0.chnk0.main
2026-01-28 05:36:25 [runtime] (ready)           ID.samples-ec.SC_MULTI_CS.SC_MULTI_CORE.MULTI_GEM_WELL_PROCESSOR.VDJ_T_GD_GEM_WELL_PROCESSOR.LIB_VDJ_ANALYZER.CLONOTYPE_ASSIGNER.WRITE_CLONOTYPE_OUTS
2026-01-28 05:36:25 [runtime] (ready)           ID.samples-ec.SC_MULTI_CS.SC_MULTI_CORE.COUNT_ANALYZER.SC_RNA_ANALYZER.PREPROCESS_MATRIX
2026-01-28 05:36:25 [runtime] (ready)           ID.samples-ec.SC_MULTI_CS.SC_MULTI_CORE.SAMPLE_ANALYZER._ANTIBODY_ANALYZER.CALL_ANTIBODIES
2026-01-28 05:36:25 [runtime] (ready)           ID.samples-ec.SC_MULTI_CS.SC_MULTI_CORE.SAMPLE_ANALYZER._ANTIBODY_ANALYZER.SUMMARIZE_ANTIBODY_ANALYSIS
2026-01-28 05:36:25 [runtime] (ready)           ID.samples-ec.SC_MULTI_CS.SC_MULTI_CORE.SAMPLE_ANALYZER._CRISPR_ANALYZER.CALL_PROTOSPACERS
2026-01-28 05:36:25 [runtime] (run:local)       ID.samples-ec.SC_MULTI_CS.SC_MULTI_CORE.SAMPLE_ANALYZER._CRISPR_ANALYZER.CALL_PROTOSPACERS.fork_samples-ec.split
2026-01-28 05:36:25 [runtime] (ready)           ID.samples-ec.SC_MULTI_CS.SC_MULTI_CORE.COUNT_ANALYZER._ANTIGEN_ANALYZER.SUMMARIZE_ANTIBODY_ANALYSIS
2026-01-28 05:36:25 [runtime] (ready)           ID.samples-ec.SC_MULTI_CS.SC_MULTI_CORE.SAMPLE_ANALYZER._TARGETED_ANALYZER.DISABLE_TARGETED_STAGES
2026-01-28 05:36:25 [runtime] (ready)           ID.samples-ec.SC_MULTI_CS.SC_MULTI_CORE.COUNT_ANALYZER._TARGETED_ANALYZER.DISABLE_TARGETED_STAGES
2026-01-28 05:36:25 [runtime] (ready)           ID.samples-ec.SC_MULTI_CS.SC_MULTI_CORE.MULTI_GEM_WELL_PROCESSOR.VDJ_T_GEM_WELL_PROCESSOR.LIB_VDJ_ANALYZER.MERGE_METRICS
2026-01-28 05:36:25 [runtime] (ready)           ID.samples-ec.SC_MULTI_CS.SC_MULTI_CORE.COUNT_ANALYZER._ANTIBODY_ANALYZER.CALL_ANTIBODIES
2026-01-28 05:36:25 [runtime] (ready)           ID.samples-ec.SC_MULTI_CS.SC_MULTI_CORE.MULTI_GEM_WELL_PROCESSOR.VDJ_B_GEM_WELL_PROCESSOR.LIB_VDJ_ANALYZER.SUMMARIZE_VDJ_REPORTS
2026-01-28 05:36:25 [runtime] (ready)           ID.samples-ec.SC_MULTI_CS.SC_MULTI_CORE.COUNT_ANALYZER._CRISPR_ANALYZER.CALL_PROTOSPACERS
2026-01-28 05:36:25 [runtime] (ready)           ID.samples-ec.SC_MULTI_CS.SC_MULTI_CORE.MULTI_GEM_WELL_PROCESSOR.VDJ_T_GD_GEM_WELL_PROCESSOR.LIB_VDJ_ANALYZER.CLONOTYPE_ASSIGNER.WRITE_CONSENSUS_TXT
2026-01-28 05:36:25 [runtime] (ready)           ID.samples-ec.SC_MULTI_CS.SC_MULTI_CORE.MULTI_GEM_WELL_PROCESSOR.VDJ_T_GEM_WELL_PROCESSOR.LIB_VDJ_ANALYZER.VLOUPE_PREPROCESS
2026-01-28 05:36:25 [runtime] (ready)           ID.samples-ec.SC_MULTI_CS.SC_MULTI_CORE.SAMPLE_ANALYZER._ANTIGEN_ANALYZER.SUMMARIZE_ANTIBODY_ANALYSIS
2026-01-28 05:36:25 [runtime] (ready)           ID.samples-ec.SC_MULTI_CS.SC_MULTI_CORE.MULTI_GEM_WELL_PROCESSOR.VDJ_T_GD_GEM_WELL_PROCESSOR.LIB_VDJ_ANALYZER.CLONOTYPE_ASSIGNER.WRITE_CONCAT_REF_OUTS
2026-01-28 05:36:25 [runtime] (ready)           ID.samples-ec.SC_MULTI_CS.SC_MULTI_CORE.COUNT_ANALYZER.SC_RNA_ANALYZER._ANTIGEN_ANALYZER.CALL_ANTIBODIES
2026-01-28 05:36:25 [runtime] (ready)           ID.samples-ec.SC_MULTI_CS.GET_AGGREGATE_BARCODES_OUT
2026-01-28 05:36:25 [runtime] (run:local)       ID.samples-ec.SC_MULTI_CS.GET_AGGREGATE_BARCODES_OUT.fork0.chnk0.main
2026-01-28 05:36:25 [runtime] (ready)           ID.samples-ec.SC_MULTI_CS.SC_MULTI_CORE.SAMPLE_ANALYZER._TARGETED_ANALYZER._RUN_GDNA_ANALYSIS.GET_GDNA_METRICS
2026-01-28 05:36:25 [runtime] (ready)           ID.samples-ec.SC_MULTI_CS.SC_MULTI_CORE.COUNT_ANALYZER.SC_RNA_ANALYZER.RUN_BATCH_CORRECTION_PCA.PCA_PREP
2026-01-28 05:36:25 [runtime] (ready)           ID.samples-ec.SC_MULTI_CS.SC_MULTI_CORE.COUNT_ANALYZER.SC_RNA_ANALYZER._ANTIBODY_ANALYZER.SUMMARIZE_ANTIBODY_ANALYSIS
2026-01-28 05:36:25 [runtime] (ready)           ID.samples-ec.SC_MULTI_CS.SC_MULTI_CORE.MULTI_GEM_WELL_PROCESSOR.VDJ_T_GD_GEM_WELL_PROCESSOR.LIB_VDJ_ANALYZER.MAKE_VDJ_PLOTS
2026-01-28 05:36:25 [runtime] (ready)           ID.samples-ec.SC_MULTI_CS.SC_MULTI_CORE.MULTI_GEM_WELL_PROCESSOR.VDJ_T_GD_GEM_WELL_PROCESSOR.LIB_VDJ_ANALYZER.CLONOTYPE_ASSIGNER.WRITE_CONSENSUS_BAM
2026-01-28 05:36:25 [runtime] (ready)           ID.samples-ec.SC_MULTI_CS.SC_MULTI_CORE.MULTI_GEM_WELL_PROCESSOR.VDJ_B_GEM_WELL_PROCESSOR.BUILD_PER_SAMPLE_VDJ_WS_CONTENTS
2026-01-28 05:36:25 [runtime] (ready)           ID.samples-ec.SC_MULTI_CS.SC_MULTI_CORE.COUNT_ANALYZER.SC_RNA_ANALYZER._ANTIGEN_ANALYZER.SUMMARIZE_ANTIBODY_ANALYSIS
2026-01-28 05:36:25 [runtime] (ready)           ID.samples-ec.SC_MULTI_CS.SC_MULTI_CORE.MULTI_GEM_WELL_PROCESSOR.VDJ_B_GEM_WELL_PROCESSOR.LIB_VDJ_ANALYZER.WRITE_CONTIG_PROTO
2026-01-28 05:36:25 [runtime] (ready)           ID.samples-ec.SC_MULTI_CS.SC_MULTI_CORE.COUNT_ANALYZER.SC_RNA_ANALYZER.RUN_MULTIGENOME_ANALYSIS
2026-01-28 05:36:25 [runtime] (ready)           ID.samples-ec.SC_MULTI_CS.SC_MULTI_CORE.MULTI_GEM_WELL_PROCESSOR.VDJ_T_GEM_WELL_PROCESSOR.LIB_VDJ_ANALYZER.SUMMARIZE_VDJ_REPORTS
2026-01-28 05:36:25 [runtime] (ready)           ID.samples-ec.SC_MULTI_CS.SC_MULTI_CORE.COUNT_ANALYZER._CRISPR_ANALYZER._PERTURBATIONS_BY_TARGET
2026-01-28 05:36:25 [runtime] (ready)           ID.samples-ec.SC_MULTI_CS.SC_MULTI_CORE.COUNT_ANALYZER.SC_RNA_ANALYZER._ANTIBODY_ANALYZER.CALL_ANTIBODIES
2026-01-28 05:36:25 [runtime] (ready)           ID.samples-ec.SC_MULTI_CS.SC_MULTI_CORE.MULTI_GEM_WELL_PROCESSOR.VDJ_T_GD_GEM_WELL_PROCESSOR.LIB_VDJ_ANALYZER.HANDLE_NO_CLONOTYPING
2026-01-28 05:36:25 [runtime] (ready)           ID.samples-ec.SC_MULTI_CS.SC_MULTI_CORE.MULTI_GEM_WELL_PROCESSOR.VDJ_T_GD_GEM_WELL_PROCESSOR.LIB_VDJ_ANALYZER.CLONOTYPE_ASSIGNER.CREATE_AIRR_TSV
2026-01-28 05:36:25 [runtime] (ready)           ID.samples-ec.SC_MULTI_CS.SC_MULTI_CORE.MULTI_GEM_WELL_PROCESSOR.VDJ_T_GEM_WELL_PROCESSOR.LIB_VDJ_ANALYZER.WRITE_CONTIG_PROTO
2026-01-28 05:36:25 [runtime] (ready)           ID.samples-ec.SC_MULTI_CS.SC_MULTI_CORE.COUNT_ANALYZER._TARGETED_ANALYZER._RUN_GDNA_ANALYSIS.GET_GDNA_METRICS
2026-01-28 05:36:25 [runtime] (ready)           ID.samples-ec.SC_MULTI_CS.SC_MULTI_CORE.COUNT_ANALYZER._TARGETED_ANALYZER.SUBSAMPLE_ON_TARGET_READS
2026-01-28 05:36:25 [runtime] (ready)           ID.samples-ec.SC_MULTI_CS.SC_MULTI_CORE.SAMPLE_ANALYZER._TARGETED_ANALYZER.SUBSAMPLE_ON_TARGET_READS
2026-01-28 05:36:25 [runtime] (ready)           ID.samples-ec.SC_MULTI_CS.SC_MULTI_CORE.COUNT_ANALYZER._CRISPR_ANALYZER._PERTURBATIONS_BY_FEATURE
2026-01-28 05:36:25 [runtime] (ready)           ID.samples-ec.SC_MULTI_CS.SC_MULTI_CORE.MULTI_GEM_WELL_PROCESSOR.VDJ_T_GD_GEM_WELL_PROCESSOR.LIB_VDJ_ANALYZER.WRITE_ANN_CSV
2026-01-28 05:36:25 [runtime] (ready)           ID.samples-ec.SC_MULTI_CS.SC_MULTI_CORE.COUNT_ANALYZER.SC_RNA_ANALYZER.RUN_BATCH_CORRECTION_PCA.RUN_PCA2
2026-01-28 05:36:25 [runtime] (ready)           ID.samples-ec.SC_MULTI_CS.SC_MULTI_CORE.MULTI_GEM_WELL_PROCESSOR.VDJ_T_GD_GEM_WELL_PROCESSOR.LIB_VDJ_ANALYZER.SUMMARIZE_VDJ_FILTERS
2026-01-28 05:36:25 [runtime] (ready)           ID.samples-ec.SC_MULTI_CS.SC_MULTI_CORE.SAMPLE_ANALYZER._TARGETED_ANALYZER._RUN_GDNA_ANALYSIS.GET_GDNA_PLOT
2026-01-28 05:36:26 [runtime] (ready)           ID.samples-ec.SC_MULTI_CS.SC_MULTI_CORE.COUNT_ANALYZER._CRISPR_ANALYZER.SUMMARIZE_CRISPR_ANALYSIS
2026-01-28 05:36:26 [runtime] (ready)           ID.samples-ec.SC_MULTI_CS.SC_MULTI_CORE.COUNT_ANALYZER._TARGETED_ANALYZER._RUN_GDNA_ANALYSIS.GET_GDNA_PLOT
2026-01-28 05:36:26 [runtime] (ready)           ID.samples-ec.SC_MULTI_CS.SC_MULTI_CORE.SAMPLE_ANALYZER._TARGETED_ANALYZER._RUN_GDNA_ANALYSIS.MERGE_METRICS
2026-01-28 05:36:26 [runtime] (ready)           ID.samples-ec.SC_MULTI_CS.SC_MULTI_CORE.MULTI_GEM_WELL_PROCESSOR.VDJ_T_GD_GEM_WELL_PROCESSOR.LIB_VDJ_ANALYZER.WRITE_CONTIG_OUTS
2026-01-28 05:36:26 [runtime] (ready)           ID.samples-ec.SC_MULTI_CS.SC_MULTI_CORE.COUNT_ANALYZER.SC_RNA_ANALYZER.RUN_BATCH_CORRECTION_PCA.POST_PCA
2026-01-28 05:36:26 [runtime] (ready)           ID.samples-ec.SC_MULTI_CS.SC_MULTI_CORE.MULTI_GEM_WELL_PROCESSOR.VDJ_T_GEM_WELL_PROCESSOR.BUILD_PER_SAMPLE_VDJ_WS_CONTENTS
2026-01-28 05:36:26 [runtime] (ready)           ID.samples-ec.SC_MULTI_CS.SC_MULTI_CORE.MULTI_GEM_WELL_PROCESSOR.VDJ_T_GD_GEM_WELL_PROCESSOR.LIB_VDJ_ANALYZER.BEAM_ANALYZER.CREATE_BARCODE_CSV
2026-01-28 05:36:26 [runtime] (ready)           ID.samples-ec.SC_MULTI_CS.SC_MULTI_CORE.SAMPLE_ANALYZER._TARGETED_ANALYZER.MERGE_METRICS
2026-01-28 05:36:26 [runtime] (ready)           ID.samples-ec.SC_MULTI_CS.SC_MULTI_CORE.MULTI_GEM_WELL_PROCESSOR.VDJ_T_GD_GEM_WELL_PROCESSOR.LIB_VDJ_ANALYZER.BEAM_ANALYZER.COMPUTE_ANTIGEN_VDJ_METRICS
2026-01-28 05:36:26 [runtime] (ready)           ID.samples-ec.SC_MULTI_CS.SC_MULTI_CORE.MULTI_GEM_WELL_PROCESSOR.VDJ_T_GD_GEM_WELL_PROCESSOR.LIB_VDJ_ANALYZER.REPORT_CONTIGS
2026-01-28 05:36:26 [runtime] (ready)           ID.samples-ec.SC_MULTI_CS.SC_MULTI_CORE.COUNT_ANALYZER.SC_RNA_ANALYZER.CORRECT_CHEMISTRY_BATCH
2026-01-28 05:36:26 [runtime] (ready)           ID.samples-ec.SC_MULTI_CS.SC_MULTI_CORE.MULTI_GEM_WELL_PROCESSOR.VDJ_T_GD_GEM_WELL_PROCESSOR.LIB_VDJ_ANALYZER.BEAM_ANALYZER.CALCULATE_ANTIGEN_SPECIFICITY
2026-01-28 05:36:26 [runtime] (ready)           ID.samples-ec.SC_MULTI_CS.SC_MULTI_CORE.MULTI_GEM_WELL_PROCESSOR.VDJ_T_GD_GEM_WELL_PROCESSOR.LIB_VDJ_ANALYZER.MERGE_METRICS
2026-01-28 05:36:26 [runtime] (ready)           ID.samples-ec.SC_MULTI_CS.SC_MULTI_CORE.COUNT_ANALYZER.SC_RNA_ANALYZER.RUN_PCA
2026-01-28 05:36:26 [runtime] (ready)           ID.samples-ec.SC_MULTI_CS.SC_MULTI_CORE.COUNT_ANALYZER._TARGETED_ANALYZER._RUN_GDNA_ANALYSIS.MERGE_METRICS
2026-01-28 05:36:26 [runtime] (ready)           ID.samples-ec.SC_MULTI_CS.SC_MULTI_CORE.MULTI_GEM_WELL_PROCESSOR.VDJ_T_GD_GEM_WELL_PROCESSOR.LIB_VDJ_ANALYZER.SUMMARIZE_VDJ_REPORTS
2026-01-28 05:36:26 [runtime] (ready)           ID.samples-ec.SC_MULTI_CS.SC_MULTI_CORE.COUNT_ANALYZER.SC_RNA_ANALYZER.RUN_TSNE
2026-01-28 05:36:26 [runtime] (ready)           ID.samples-ec.SC_MULTI_CS.SC_MULTI_CORE.MULTI_GEM_WELL_PROCESSOR.VDJ_T_GD_GEM_WELL_PROCESSOR.LIB_VDJ_ANALYZER.WRITE_CONTIG_PROTO
2026-01-28 05:36:26 [runtime] (ready)           ID.samples-ec.SC_MULTI_CS.SC_MULTI_CORE.MULTI_GEM_WELL_PROCESSOR.VDJ_T_GD_GEM_WELL_PROCESSOR.LIB_VDJ_ANALYZER.VLOUPE_PREPROCESS
2026-01-28 05:36:26 [runtime] (chunks_complete) ID.samples-ec.SC_MULTI_CS.SC_MULTI_CORE.DISABLE_MULTI_CORE_STAGES
2026-01-28 05:36:26 [runtime] (ready)           ID.samples-ec.SC_MULTI_CS.SC_MULTI_CORE.COUNT_ANALYZER.SC_RNA_ANALYZER.RUN_UMAP
2026-01-28 05:36:26 [runtime] (ready)           ID.samples-ec.SC_MULTI_CS.SC_MULTI_CORE.COUNT_ANALYZER.SC_RNA_ANALYZER.RUN_GRAPH_CLUSTERING
2026-01-28 05:36:26 [runtime] (ready)           ID.samples-ec.SC_MULTI_CS.SC_MULTI_CORE.COUNT_ANALYZER.SC_RNA_ANALYZER.RUN_KMEANS
2026-01-28 05:36:26 [runtime] (ready)           ID.samples-ec.SC_MULTI_CS.SC_MULTI_CORE.MULTI_GEM_WELL_PROCESSOR.VDJ_T_GD_GEM_WELL_PROCESSOR.BUILD_PER_SAMPLE_VDJ_WS_CONTENTS
2026-01-28 05:36:26 [runtime] (ready)           ID.samples-ec.SC_MULTI_CS.SC_MULTI_CORE.COUNT_ANALYZER.SC_RNA_ANALYZER.RUN_HIERARCHICAL_CLUSTERING
2026-01-28 05:36:26 [runtime] (ready)           ID.samples-ec.SC_MULTI_CS.SC_MULTI_CORE.LIBRARY_CELL_ANNOTATION_SERVICE.CALL_CLOUD_CELL_TYPES
2026-01-28 05:36:26 [runtime] (ready)           ID.samples-ec.SC_MULTI_CS.SC_MULTI_CORE.SAMPLE_CELL_ANNOTATION_SERVICE.CALL_CLOUD_CELL_TYPES
2026-01-28 05:36:26 [runtime] (ready)           ID.samples-ec.SC_MULTI_CS.SC_MULTI_CORE.COUNT_ANALYZER.SC_RNA_ANALYZER.COMBINE_CLUSTERING
2026-01-28 05:36:26 [runtime] (ready)           ID.samples-ec.SC_MULTI_CS.SC_MULTI_CORE.LIBRARY_CELL_ANNOTATION_SERVICE.REPLACE_LOW_UMI_CELLS
2026-01-28 05:36:26 [runtime] (ready)           ID.samples-ec.SC_MULTI_CS.SC_MULTI_CORE.SAMPLE_CELL_ANNOTATION_SERVICE.REPLACE_LOW_UMI_CELLS
2026-01-28 05:36:26 [runtime] (ready)           ID.samples-ec.SC_MULTI_CS.SC_MULTI_CORE.COUNT_ANALYZER.SC_RNA_ANALYZER.RUN_DIFFERENTIAL_EXPRESSION
2026-01-28 05:36:26 [runtime] (ready)           ID.samples-ec.SC_MULTI_CS.SC_MULTI_CORE.LIBRARY_CELL_ANNOTATION_SERVICE.SUMMARIZE_CELL_TYPES.GET_CLOUPE_CELL_TYPES
2026-01-28 05:36:26 [runtime] (ready)           ID.samples-ec.SC_MULTI_CS.SC_MULTI_CORE.LIBRARY_CELL_ANNOTATION_SERVICE.SUMMARIZE_CELL_TYPES.GET_CELL_TYPES_BOX_PLOT
2026-01-28 05:36:26 [runtime] (ready)           ID.samples-ec.SC_MULTI_CS.SC_MULTI_CORE.LIBRARY_CELL_ANNOTATION_SERVICE.SUMMARIZE_CELL_TYPES.DISABLE_CAS_REPORTER_STAGES
2026-01-28 05:36:26 [runtime] (chunks_complete) ID.samples-ec.SC_MULTI_CS.GET_AGGREGATE_BARCODES_OUT
2026-01-28 05:36:26 [runtime] (ready)           ID.samples-ec.SC_MULTI_CS.SC_MULTI_CORE.LIBRARY_CELL_ANNOTATION_SERVICE.SUMMARIZE_CELL_TYPES.GET_CELL_TYPES_BARCHART
2026-01-28 05:36:26 [runtime] (ready)           ID.samples-ec.SC_MULTI_CS.SC_MULTI_CORE.SAMPLE_CELL_ANNOTATION_SERVICE.SUMMARIZE_CELL_TYPES.GET_CELL_TYPES_BARCHART
2026-01-28 05:36:26 [runtime] (ready)           ID.samples-ec.SC_MULTI_CS.SC_MULTI_CORE.SAMPLE_CELL_ANNOTATION_SERVICE.SUMMARIZE_CELL_TYPES.GET_CELL_TYPES_BOX_PLOT
2026-01-28 05:36:26 [runtime] (ready)           ID.samples-ec.SC_MULTI_CS.SC_MULTI_CORE.COUNT_ANALYZER.SC_RNA_ANALYZER.SUMMARIZE_ANALYSIS
2026-01-28 05:36:26 [runtime] (ready)           ID.samples-ec.SC_MULTI_CS.SC_MULTI_CORE.LIBRARY_CELL_ANNOTATION_SERVICE.SUMMARIZE_CELL_TYPES.CELL_TYPE_DIFF_EXP.WRITE_CELL_TYPES_H5
2026-01-28 05:36:26 [runtime] (ready)           ID.samples-ec.SC_MULTI_CS.SC_MULTI_CORE.SAMPLE_CELL_ANNOTATION_SERVICE.SUMMARIZE_CELL_TYPES.GET_CLOUPE_CELL_TYPES
2026-01-28 05:36:26 [runtime] (ready)           ID.samples-ec.SC_MULTI_CS.SC_MULTI_CORE.SAMPLE_CELL_ANNOTATION_SERVICE.SUMMARIZE_CELL_TYPES.DISABLE_CAS_REPORTER_STAGES
2026-01-28 05:36:26 [runtime] (ready)           ID.samples-ec.SC_MULTI_CS.SC_MULTI_CORE.LIBRARY_CELL_ANNOTATION_SERVICE.SUMMARIZE_CELL_TYPES.ANALYZE_CELL_TYPES
2026-01-28 05:36:26 [runtime] (ready)           ID.samples-ec.SC_MULTI_CS.SC_MULTI_CORE.LIBRARY_CELL_ANNOTATION_SERVICE.SUMMARIZE_CELL_TYPES.CELL_TYPE_DIFF_EXP.DIFF_EXP_CAS
2026-01-28 05:36:26 [runtime] (ready)           ID.samples-ec.SC_MULTI_CS.SC_MULTI_CORE.LIBRARY_CELL_ANNOTATION_SERVICE.SUMMARIZE_CELL_TYPES.GET_CELL_TYPES_UMAP_PLOT
2026-01-28 05:36:26 [runtime] (ready)           ID.samples-ec.SC_MULTI_CS.SC_MULTI_CORE.MULTI_REPORTER.GENERATE_LIBRARY_PLOTS
2026-01-28 05:36:26 [runtime] (run:local)       ID.samples-ec.SC_MULTI_CS.SC_MULTI_CORE.MULTI_REPORTER.GENERATE_LIBRARY_PLOTS.fork0.split
2026-01-28 05:36:26 [runtime] (ready)           ID.samples-ec.SC_MULTI_CS.SC_MULTI_CORE.SAMPLE_CELL_ANNOTATION_SERVICE.SUMMARIZE_CELL_TYPES.CELL_TYPE_DIFF_EXP.WRITE_CELL_TYPES_H5
2026-01-28 05:36:26 [runtime] (ready)           ID.samples-ec.SC_MULTI_CS.SC_MULTI_CORE.LIBRARY_CELL_ANNOTATION_SERVICE.SUMMARIZE_CELL_TYPES.CELL_TYPE_DIFF_EXP.TIDY_CELLTYPE_DIFFEXP
2026-01-28 05:36:26 [runtime] (ready)           ID.samples-ec.SC_MULTI_CS.SC_MULTI_CORE.LIBRARY_CELL_ANNOTATION_SERVICE.GENERATE_CAS_WEBSUMMARY
2026-01-28 05:36:26 [runtime] (ready)           ID.samples-ec.SC_MULTI_CS.SC_MULTI_CORE.SAMPLE_CELL_ANNOTATION_SERVICE.SUMMARIZE_CELL_TYPES.CELL_TYPE_DIFF_EXP.DIFF_EXP_CAS
2026-01-28 05:36:26 [runtime] (ready)           ID.samples-ec.SC_MULTI_CS.SC_MULTI_CORE.SAMPLE_CELL_ANNOTATION_SERVICE.SUMMARIZE_CELL_TYPES.CELL_TYPE_DIFF_EXP.TIDY_CELLTYPE_DIFFEXP
2026-01-28 05:36:27 [runtime] (join_complete)   ID.samples-ec.SC_MULTI_CS.SC_MULTI_CORE.MULTI_GEM_WELL_PROCESSOR.COUNT_GEM_WELL_PROCESSOR._BASIC_SC_RNA_COUNTER._POST_MATRIX_COMPUTATION._CELLS_REPORTER.SUBSAMPLE_READS
2026-01-28 05:36:27 [runtime] (ready)           ID.samples-ec.SC_MULTI_CS.SC_MULTI_CORE.MULTI_GEM_WELL_PROCESSOR.COUNT_GEM_WELL_PROCESSOR._BASIC_SC_RNA_COUNTER._POST_MATRIX_COMPUTATION._CELLS_REPORTER.SUMMARIZE_BASIC_REPORTS
2026-01-28 05:36:27 [runtime] (run:local)       ID.samples-ec.SC_MULTI_CS.SC_MULTI_CORE.MULTI_GEM_WELL_PROCESSOR.COUNT_GEM_WELL_PROCESSOR._BASIC_SC_RNA_COUNTER._POST_MATRIX_COMPUTATION._CELLS_REPORTER.SUMMARIZE_BASIC_REPORTS.fork0.split
2026-01-28 05:36:27 [runtime] (chunks_complete) ID.samples-ec.SC_MULTI_CS.SC_MULTI_CORE.SAMPLE_ANALYZER.DISABLE_SECONDARY_ANALYSIS
2026-01-28 05:36:27 [runtime] (ready)           ID.samples-ec.SC_MULTI_CS.SC_MULTI_CORE.SAMPLE_ANALYZER.SC_RNA_ANALYZER.ANALYZER_PREFLIGHT
2026-01-28 05:36:27 [runtime] (run:local)       ID.samples-ec.SC_MULTI_CS.SC_MULTI_CORE.SAMPLE_ANALYZER.SC_RNA_ANALYZER.ANALYZER_PREFLIGHT.fork_samples-ec.chnk0.main
2026-01-28 05:36:28 [runtime] (chunks_complete) ID.samples-ec.SC_MULTI_CS.SC_MULTI_CORE.SAMPLE_CELL_ANNOTATION_VIABLE_BUT_NOT_REQUESTED
2026-01-28 05:36:31 [runtime] (split_complete)  ID.samples-ec.SC_MULTI_CS.SC_MULTI_CORE.SAMPLE_REPORTER._SAMPLE_CELLS_REPORTER.SUBSAMPLE_READS
2026-01-28 05:36:31 [runtime] (run:local)       ID.samples-ec.SC_MULTI_CS.SC_MULTI_CORE.SAMPLE_REPORTER._SAMPLE_CELLS_REPORTER.SUBSAMPLE_READS.fork_samples-ec.chnk0.main
2026-01-28 05:36:31 [runtime] (chunks_complete) ID.samples-ec.SC_MULTI_CS.SC_MULTI_CORE.SAMPLE_ANALYZER.SC_RNA_ANALYZER.ANALYZER_PREFLIGHT
2026-01-28 05:36:31 [runtime] (ready)           ID.samples-ec.SC_MULTI_CS.SC_MULTI_CORE.SAMPLE_ANALYZER.SC_RNA_ANALYZER.PREPROCESS_MATRIX
2026-01-28 05:36:31 [runtime] (run:local)       ID.samples-ec.SC_MULTI_CS.SC_MULTI_CORE.SAMPLE_ANALYZER.SC_RNA_ANALYZER.PREPROCESS_MATRIX.fork_samples-ec.split
2026-01-28 05:36:31 [runtime] (split_complete)  ID.samples-ec.SC_MULTI_CS.SC_MULTI_CORE.SAMPLE_ANALYZER._CRISPR_ANALYZER.CALL_PROTOSPACERS
2026-01-28 05:36:31 [runtime] (run:local)       ID.samples-ec.SC_MULTI_CS.SC_MULTI_CORE.SAMPLE_ANALYZER._CRISPR_ANALYZER.CALL_PROTOSPACERS.fork_samples-ec.chnk0.main
2026-01-28 05:36:31 [runtime] (split_complete)  ID.samples-ec.SC_MULTI_CS.SC_MULTI_CORE.MULTI_GEM_WELL_PROCESSOR.COUNT_GEM_WELL_PROCESSOR._BASIC_SC_RNA_COUNTER._POST_MATRIX_COMPUTATION._CELLS_REPORTER.SUMMARIZE_BASIC_REPORTS
2026-01-28 05:36:31 [runtime] (run:local)       ID.samples-ec.SC_MULTI_CS.SC_MULTI_CORE.MULTI_GEM_WELL_PROCESSOR.COUNT_GEM_WELL_PROCESSOR._BASIC_SC_RNA_COUNTER._POST_MATRIX_COMPUTATION._CELLS_REPORTER.SUMMARIZE_BASIC_REPORTS.fork0.join
2026-01-28 05:36:34 [runtime] (split_complete)  ID.samples-ec.SC_MULTI_CS.SC_MULTI_CORE.MULTI_REPORTER.GENERATE_LIBRARY_PLOTS
2026-01-28 05:36:34 [runtime] (run:local)       ID.samples-ec.SC_MULTI_CS.SC_MULTI_CORE.MULTI_REPORTER.GENERATE_LIBRARY_PLOTS.fork0.join
2026-01-28 05:36:35 [runtime] (split_complete)  ID.samples-ec.SC_MULTI_CS.SC_MULTI_CORE.SAMPLE_ANALYZER.SC_RNA_ANALYZER.PREPROCESS_MATRIX
2026-01-28 05:36:35 [runtime] (run:local)       ID.samples-ec.SC_MULTI_CS.SC_MULTI_CORE.SAMPLE_ANALYZER.SC_RNA_ANALYZER.PREPROCESS_MATRIX.fork_samples-ec.join
2026-01-28 05:36:39 [runtime] (join_complete)   ID.samples-ec.SC_MULTI_CS.SC_MULTI_CORE.MULTI_GEM_WELL_PROCESSOR.COUNT_GEM_WELL_PROCESSOR._BASIC_SC_RNA_COUNTER._POST_MATRIX_COMPUTATION._CELLS_REPORTER.SUMMARIZE_BASIC_REPORTS
2026-01-28 05:36:39 [runtime] (ready)           ID.samples-ec.SC_MULTI_CS.SC_MULTI_CORE.MULTI_GEM_WELL_PROCESSOR.COUNT_GEM_WELL_PROCESSOR._BASIC_SC_RNA_COUNTER._POST_MATRIX_COMPUTATION.MERGE_METRICS
2026-01-28 05:36:39 [runtime] (run:local)       ID.samples-ec.SC_MULTI_CS.SC_MULTI_CORE.MULTI_GEM_WELL_PROCESSOR.COUNT_GEM_WELL_PROCESSOR._BASIC_SC_RNA_COUNTER._POST_MATRIX_COMPUTATION.MERGE_METRICS.fork0.chnk0.main
2026-01-28 05:36:46 [runtime] (chunks_complete) ID.samples-ec.SC_MULTI_CS.SC_MULTI_CORE.SAMPLE_ANALYZER._CRISPR_ANALYZER.CALL_PROTOSPACERS
2026-01-28 05:36:46 [runtime] (run:local)       ID.samples-ec.SC_MULTI_CS.SC_MULTI_CORE.SAMPLE_ANALYZER._CRISPR_ANALYZER.CALL_PROTOSPACERS.fork_samples-ec.join
2026-01-28 05:36:55 [runtime] (join_complete)   ID.samples-ec.SC_MULTI_CS.SC_MULTI_CORE.MULTI_REPORTER.GENERATE_LIBRARY_PLOTS
2026-01-28 05:36:55 [runtime] (chunks_complete) ID.samples-ec.SC_MULTI_CS.SC_MULTI_CORE.MULTI_GEM_WELL_PROCESSOR.COUNT_GEM_WELL_PROCESSOR._BASIC_SC_RNA_COUNTER._POST_MATRIX_COMPUTATION.MERGE_METRICS
2026-01-28 05:36:55 [runtime] (ready)           ID.samples-ec.SC_MULTI_CS.SC_MULTI_CORE.COUNT_ANALYZER._TARGETED_ANALYZER.CALCULATE_TARGETED_METRICS
2026-01-28 05:36:55 [runtime] (ready)           ID.samples-ec.SC_MULTI_CS.SC_MULTI_CORE.COUNT_ANALYZER._TARGETED_ANALYZER.MERGE_METRICS
2026-01-28 05:36:55 [runtime] (ready)           ID.samples-ec.SC_MULTI_CS.SC_MULTI_CORE.MULTI_REPORTER.SUMMARIZE_REPORTS
2026-01-28 05:36:55 [runtime] (run:local)       ID.samples-ec.SC_MULTI_CS.SC_MULTI_CORE.MULTI_REPORTER.SUMMARIZE_REPORTS.fork0.split
2026-01-28 05:37:01 [runtime] (join_complete)   ID.samples-ec.SC_MULTI_CS.SC_MULTI_CORE.SAMPLE_ANALYZER._CRISPR_ANALYZER.CALL_PROTOSPACERS
2026-01-28 05:37:01 [runtime] (ready)           ID.samples-ec.SC_MULTI_CS.SC_MULTI_CORE.SAMPLE_ANALYZER._CRISPR_ANALYZER._PERTURBATIONS_BY_TARGET
2026-01-28 05:37:01 [runtime] (run:local)       ID.samples-ec.SC_MULTI_CS.SC_MULTI_CORE.SAMPLE_ANALYZER._CRISPR_ANALYZER._PERTURBATIONS_BY_TARGET.fork_samples-ec.split
2026-01-28 05:37:01 [runtime] (ready)           ID.samples-ec.SC_MULTI_CS.SC_MULTI_CORE.SAMPLE_ANALYZER._CRISPR_ANALYZER._PERTURBATIONS_BY_FEATURE
2026-01-28 05:37:01 [runtime] (run:local)       ID.samples-ec.SC_MULTI_CS.SC_MULTI_CORE.SAMPLE_ANALYZER._CRISPR_ANALYZER._PERTURBATIONS_BY_FEATURE.fork_samples-ec.split
2026-01-28 05:37:02 [runtime] (split_complete)  ID.samples-ec.SC_MULTI_CS.SC_MULTI_CORE.MULTI_REPORTER.SUMMARIZE_REPORTS
2026-01-28 05:37:02 [runtime] (run:local)       ID.samples-ec.SC_MULTI_CS.SC_MULTI_CORE.MULTI_REPORTER.SUMMARIZE_REPORTS.fork0.join
2026-01-28 05:37:02 [runtime] (join_complete)   ID.samples-ec.SC_MULTI_CS.SC_MULTI_CORE.SAMPLE_ANALYZER.SC_RNA_ANALYZER.PREPROCESS_MATRIX
2026-01-28 05:37:02 [runtime] (ready)           ID.samples-ec.SC_MULTI_CS.SC_MULTI_CORE.SAMPLE_ANALYZER.SC_RNA_ANALYZER._ANTIBODY_ANALYZER.CALL_ANTIBODIES
2026-01-28 05:37:02 [runtime] (ready)           ID.samples-ec.SC_MULTI_CS.SC_MULTI_CORE.SAMPLE_ANALYZER.SC_RNA_ANALYZER._ANTIGEN_ANALYZER.CALL_ANTIBODIES
2026-01-28 05:37:02 [runtime] (ready)           ID.samples-ec.SC_MULTI_CS.SC_MULTI_CORE.SAMPLE_ANALYZER.SC_RNA_ANALYZER._ANTIBODY_ANALYZER.SUMMARIZE_ANTIBODY_ANALYSIS
2026-01-28 05:37:02 [runtime] (ready)           ID.samples-ec.SC_MULTI_CS.SC_MULTI_CORE.SAMPLE_ANALYZER.SC_RNA_ANALYZER.RUN_BATCH_CORRECTION_PCA.PCA_PREP
2026-01-28 05:37:02 [runtime] (ready)           ID.samples-ec.SC_MULTI_CS.SC_MULTI_CORE.SAMPLE_ANALYZER.SC_RNA_ANALYZER._ANTIGEN_ANALYZER.SUMMARIZE_ANTIBODY_ANALYSIS
2026-01-28 05:37:02 [runtime] (ready)           ID.samples-ec.SC_MULTI_CS.SC_MULTI_CORE.SAMPLE_ANALYZER.SC_RNA_ANALYZER.RUN_MULTIGENOME_ANALYSIS
2026-01-28 05:37:02 [runtime] (run:local)       ID.samples-ec.SC_MULTI_CS.SC_MULTI_CORE.SAMPLE_ANALYZER.SC_RNA_ANALYZER.RUN_MULTIGENOME_ANALYSIS.fork_samples-ec.split
2026-01-28 05:37:02 [runtime] (ready)           ID.samples-ec.SC_MULTI_CS.SC_MULTI_CORE.SAMPLE_ANALYZER.SC_RNA_ANALYZER.RUN_BATCH_CORRECTION_PCA.RUN_PCA2
2026-01-28 05:37:02 [runtime] (ready)           ID.samples-ec.SC_MULTI_CS.SC_MULTI_CORE.SAMPLE_ANALYZER.SC_RNA_ANALYZER.RUN_BATCH_CORRECTION_PCA.POST_PCA
2026-01-28 05:37:02 [runtime] (ready)           ID.samples-ec.SC_MULTI_CS.SC_MULTI_CORE.SAMPLE_ANALYZER.SC_RNA_ANALYZER.CORRECT_CHEMISTRY_BATCH
2026-01-28 05:37:02 [runtime] (ready)           ID.samples-ec.SC_MULTI_CS.SC_MULTI_CORE.SAMPLE_ANALYZER.SC_RNA_ANALYZER.RUN_PCA
2026-01-28 05:37:02 [runtime] (run:local)       ID.samples-ec.SC_MULTI_CS.SC_MULTI_CORE.SAMPLE_ANALYZER.SC_RNA_ANALYZER.RUN_PCA.fork_samples-ec.split
2026-01-28 05:37:06 [runtime] (split_complete)  ID.samples-ec.SC_MULTI_CS.SC_MULTI_CORE.SAMPLE_ANALYZER._CRISPR_ANALYZER._PERTURBATIONS_BY_FEATURE
2026-01-28 05:37:06 [runtime] (run:local)       ID.samples-ec.SC_MULTI_CS.SC_MULTI_CORE.SAMPLE_ANALYZER._CRISPR_ANALYZER._PERTURBATIONS_BY_FEATURE.fork_samples-ec.chnk0.main
2026-01-28 05:37:06 [runtime] (run:local)       ID.samples-ec.SC_MULTI_CS.SC_MULTI_CORE.SAMPLE_ANALYZER._CRISPR_ANALYZER._PERTURBATIONS_BY_FEATURE.fork_samples-ec.chnk1.main
2026-01-28 05:37:06 [runtime] (split_complete)  ID.samples-ec.SC_MULTI_CS.SC_MULTI_CORE.SAMPLE_ANALYZER._CRISPR_ANALYZER._PERTURBATIONS_BY_TARGET
2026-01-28 05:37:06 [runtime] (run:local)       ID.samples-ec.SC_MULTI_CS.SC_MULTI_CORE.SAMPLE_ANALYZER._CRISPR_ANALYZER._PERTURBATIONS_BY_TARGET.fork_samples-ec.chnk0.main
2026-01-28 05:39:39 [runtime] (chunks_complete) ID.samples-ec.SC_MULTI_CS.SC_MULTI_CORE.SAMPLE_REPORTER._SAMPLE_CELLS_REPORTER.SUBSAMPLE_READS
2026-01-28 05:39:39 [runtime] (run:local)       ID.samples-ec.SC_MULTI_CS.SC_MULTI_CORE.SAMPLE_REPORTER._SAMPLE_CELLS_REPORTER.SUBSAMPLE_READS.fork_samples-ec.join
2026-01-28 05:39:39 [runtime] (split_complete)  ID.samples-ec.SC_MULTI_CS.SC_MULTI_CORE.SAMPLE_ANALYZER.SC_RNA_ANALYZER.RUN_PCA
2026-01-28 05:39:39 [runtime] (run:local)       ID.samples-ec.SC_MULTI_CS.SC_MULTI_CORE.SAMPLE_ANALYZER.SC_RNA_ANALYZER.RUN_PCA.fork_samples-ec.chnk0.main
2026-01-28 05:39:39 [runtime] (run:local)       ID.samples-ec.SC_MULTI_CS.SC_MULTI_CORE.SAMPLE_ANALYZER.SC_RNA_ANALYZER.RUN_PCA.fork_samples-ec.chnk1.main
2026-01-28 05:39:42 [runtime] (split_complete)  ID.samples-ec.SC_MULTI_CS.SC_MULTI_CORE.SAMPLE_ANALYZER.SC_RNA_ANALYZER.RUN_MULTIGENOME_ANALYSIS
2026-01-28 05:39:42 [runtime] (run:local)       ID.samples-ec.SC_MULTI_CS.SC_MULTI_CORE.SAMPLE_ANALYZER.SC_RNA_ANALYZER.RUN_MULTIGENOME_ANALYSIS.fork_samples-ec.join
2026-01-28 05:39:46 [runtime] (join_complete)   ID.samples-ec.SC_MULTI_CS.SC_MULTI_CORE.MULTI_REPORTER.SUMMARIZE_REPORTS
2026-01-28 05:39:46 [runtime] (ready)           ID.samples-ec.SC_MULTI_CS.SC_MULTI_CORE.MULTI_REPORTER.CLOUPE_PREPROCESS
2026-01-28 05:39:46 [runtime] (ready)           ID.samples-ec.SC_MULTI_CS.SC_MULTI_CORE.MULTI_REPORTER.APPEND_CELL_TYPES_CLOUPE
2026-01-28 05:39:46 [runtime] (run:local)       ID.samples-ec.SC_MULTI_CS.SC_MULTI_CORE.MULTI_REPORTER.APPEND_CELL_TYPES_CLOUPE.fork0.chnk0.main
2026-01-28 05:39:51 [runtime] (chunks_complete) ID.samples-ec.SC_MULTI_CS.SC_MULTI_CORE.SAMPLE_ANALYZER._CRISPR_ANALYZER._PERTURBATIONS_BY_FEATURE
2026-01-28 05:39:51 [runtime] (run:local)       ID.samples-ec.SC_MULTI_CS.SC_MULTI_CORE.SAMPLE_ANALYZER._CRISPR_ANALYZER._PERTURBATIONS_BY_FEATURE.fork_samples-ec.join
2026-01-28 05:39:54 [runtime] (join_complete)   ID.samples-ec.SC_MULTI_CS.SC_MULTI_CORE.SAMPLE_ANALYZER.SC_RNA_ANALYZER.RUN_MULTIGENOME_ANALYSIS
2026-01-28 05:39:54 [runtime] (chunks_complete) ID.samples-ec.SC_MULTI_CS.SC_MULTI_CORE.SAMPLE_ANALYZER.SC_RNA_ANALYZER.RUN_PCA
2026-01-28 05:39:54 [runtime] (run:local)       ID.samples-ec.SC_MULTI_CS.SC_MULTI_CORE.SAMPLE_ANALYZER.SC_RNA_ANALYZER.RUN_PCA.fork_samples-ec.join
2026-01-28 05:39:54 [runtime] (chunks_complete) ID.samples-ec.SC_MULTI_CS.SC_MULTI_CORE.MULTI_REPORTER.APPEND_CELL_TYPES_CLOUPE
2026-01-28 05:39:54 [runtime] (join_complete)   ID.samples-ec.SC_MULTI_CS.SC_MULTI_CORE.SAMPLE_ANALYZER.SC_RNA_ANALYZER.RUN_PCA
2026-01-28 05:39:54 [runtime] (ready)           ID.samples-ec.SC_MULTI_CS.SC_MULTI_CORE.SAMPLE_ANALYZER.SC_RNA_ANALYZER.RUN_TSNE
2026-01-28 05:39:54 [runtime] (run:local)       ID.samples-ec.SC_MULTI_CS.SC_MULTI_CORE.SAMPLE_ANALYZER.SC_RNA_ANALYZER.RUN_TSNE.fork_samples-ec.split
2026-01-28 05:39:54 [runtime] (ready)           ID.samples-ec.SC_MULTI_CS.SC_MULTI_CORE.SAMPLE_ANALYZER.SC_RNA_ANALYZER.RUN_UMAP
2026-01-28 05:39:54 [runtime] (run:local)       ID.samples-ec.SC_MULTI_CS.SC_MULTI_CORE.SAMPLE_ANALYZER.SC_RNA_ANALYZER.RUN_UMAP.fork_samples-ec.split
2026-01-28 05:39:54 [runtime] (ready)           ID.samples-ec.SC_MULTI_CS.SC_MULTI_CORE.SAMPLE_ANALYZER.SC_RNA_ANALYZER.RUN_GRAPH_CLUSTERING
2026-01-28 05:39:54 [runtime] (run:local)       ID.samples-ec.SC_MULTI_CS.SC_MULTI_CORE.SAMPLE_ANALYZER.SC_RNA_ANALYZER.RUN_GRAPH_CLUSTERING.fork_samples-ec.split
2026-01-28 05:39:54 [runtime] (ready)           ID.samples-ec.SC_MULTI_CS.SC_MULTI_CORE.SAMPLE_ANALYZER.SC_RNA_ANALYZER.RUN_KMEANS
2026-01-28 05:39:54 [runtime] (run:local)       ID.samples-ec.SC_MULTI_CS.SC_MULTI_CORE.SAMPLE_ANALYZER.SC_RNA_ANALYZER.RUN_KMEANS.fork_samples-ec.split
2026-01-28 05:39:54 [runtime] (split_complete)  ID.samples-ec.SC_MULTI_CS.SC_MULTI_CORE.SAMPLE_ANALYZER.SC_RNA_ANALYZER.RUN_TSNE
2026-01-28 05:39:54 [runtime] (run:local)       ID.samples-ec.SC_MULTI_CS.SC_MULTI_CORE.SAMPLE_ANALYZER.SC_RNA_ANALYZER.RUN_TSNE.fork_samples-ec.chnk0.main
2026-01-28 05:39:54 [runtime] (run:local)       ID.samples-ec.SC_MULTI_CS.SC_MULTI_CORE.SAMPLE_ANALYZER.SC_RNA_ANALYZER.RUN_TSNE.fork_samples-ec.chnk1.main
2026-01-28 05:39:54 [runtime] (split_complete)  ID.samples-ec.SC_MULTI_CS.SC_MULTI_CORE.SAMPLE_ANALYZER.SC_RNA_ANALYZER.RUN_UMAP
2026-01-28 05:39:54 [runtime] (run:local)       ID.samples-ec.SC_MULTI_CS.SC_MULTI_CORE.SAMPLE_ANALYZER.SC_RNA_ANALYZER.RUN_UMAP.fork_samples-ec.chnk0.main
2026-01-28 05:39:54 [runtime] (run:local)       ID.samples-ec.SC_MULTI_CS.SC_MULTI_CORE.SAMPLE_ANALYZER.SC_RNA_ANALYZER.RUN_UMAP.fork_samples-ec.chnk1.main
2026-01-28 05:39:54 [runtime] (split_complete)  ID.samples-ec.SC_MULTI_CS.SC_MULTI_CORE.SAMPLE_ANALYZER.SC_RNA_ANALYZER.RUN_GRAPH_CLUSTERING
2026-01-28 05:39:54 [runtime] (run:local)       ID.samples-ec.SC_MULTI_CS.SC_MULTI_CORE.SAMPLE_ANALYZER.SC_RNA_ANALYZER.RUN_GRAPH_CLUSTERING.fork_samples-ec.chnk0.main
2026-01-28 05:39:58 [runtime] (join_complete)   ID.samples-ec.SC_MULTI_CS.SC_MULTI_CORE.SAMPLE_REPORTER._SAMPLE_CELLS_REPORTER.SUBSAMPLE_READS
2026-01-28 05:40:00 [runtime] (chunks_complete) ID.samples-ec.SC_MULTI_CS.SC_MULTI_CORE.SAMPLE_ANALYZER._CRISPR_ANALYZER._PERTURBATIONS_BY_TARGET
2026-01-28 05:40:00 [runtime] (run:local)       ID.samples-ec.SC_MULTI_CS.SC_MULTI_CORE.SAMPLE_ANALYZER._CRISPR_ANALYZER._PERTURBATIONS_BY_TARGET.fork_samples-ec.join
2026-01-28 05:40:00 [runtime] (split_complete)  ID.samples-ec.SC_MULTI_CS.SC_MULTI_CORE.SAMPLE_ANALYZER.SC_RNA_ANALYZER.RUN_KMEANS
2026-01-28 05:40:00 [runtime] (run:local)       ID.samples-ec.SC_MULTI_CS.SC_MULTI_CORE.SAMPLE_ANALYZER.SC_RNA_ANALYZER.RUN_KMEANS.fork_samples-ec.chnk0.main
2026-01-28 05:40:00 [runtime] (run:local)       ID.samples-ec.SC_MULTI_CS.SC_MULTI_CORE.SAMPLE_ANALYZER.SC_RNA_ANALYZER.RUN_KMEANS.fork_samples-ec.chnk1.main
2026-01-28 05:40:00 [runtime] (run:local)       ID.samples-ec.SC_MULTI_CS.SC_MULTI_CORE.SAMPLE_ANALYZER.SC_RNA_ANALYZER.RUN_KMEANS.fork_samples-ec.chnk2.main
2026-01-28 05:40:00 [runtime] (run:local)       ID.samples-ec.SC_MULTI_CS.SC_MULTI_CORE.SAMPLE_ANALYZER.SC_RNA_ANALYZER.RUN_KMEANS.fork_samples-ec.chnk3.main
2026-01-28 05:40:00 [runtime] (run:local)       ID.samples-ec.SC_MULTI_CS.SC_MULTI_CORE.SAMPLE_ANALYZER.SC_RNA_ANALYZER.RUN_KMEANS.fork_samples-ec.chnk4.main
2026-01-28 05:40:00 [runtime] (run:local)       ID.samples-ec.SC_MULTI_CS.SC_MULTI_CORE.SAMPLE_ANALYZER.SC_RNA_ANALYZER.RUN_KMEANS.fork_samples-ec.chnk5.main
2026-01-28 05:40:00 [runtime] (run:local)       ID.samples-ec.SC_MULTI_CS.SC_MULTI_CORE.SAMPLE_ANALYZER.SC_RNA_ANALYZER.RUN_KMEANS.fork_samples-ec.chnk6.main
2026-01-28 05:40:00 [runtime] (run:local)       ID.samples-ec.SC_MULTI_CS.SC_MULTI_CORE.SAMPLE_ANALYZER.SC_RNA_ANALYZER.RUN_KMEANS.fork_samples-ec.chnk7.main
2026-01-28 05:40:00 [runtime] (run:local)       ID.samples-ec.SC_MULTI_CS.SC_MULTI_CORE.SAMPLE_ANALYZER.SC_RNA_ANALYZER.RUN_KMEANS.fork_samples-ec.chnk8.main
2026-01-28 05:40:01 [runtime] (join_complete)   ID.samples-ec.SC_MULTI_CS.SC_MULTI_CORE.SAMPLE_ANALYZER._CRISPR_ANALYZER._PERTURBATIONS_BY_FEATURE
2026-01-28 05:40:09 [runtime] (chunks_complete) ID.samples-ec.SC_MULTI_CS.SC_MULTI_CORE.SAMPLE_ANALYZER.SC_RNA_ANALYZER.RUN_TSNE
2026-01-28 05:40:09 [runtime] (run:local)       ID.samples-ec.SC_MULTI_CS.SC_MULTI_CORE.SAMPLE_ANALYZER.SC_RNA_ANALYZER.RUN_TSNE.fork_samples-ec.join
2026-01-28 05:40:20 [runtime] (chunks_complete) ID.samples-ec.SC_MULTI_CS.SC_MULTI_CORE.SAMPLE_ANALYZER.SC_RNA_ANALYZER.RUN_GRAPH_CLUSTERING
2026-01-28 05:40:20 [runtime] (run:local)       ID.samples-ec.SC_MULTI_CS.SC_MULTI_CORE.SAMPLE_ANALYZER.SC_RNA_ANALYZER.RUN_GRAPH_CLUSTERING.fork_samples-ec.join
2026-01-28 05:40:22 [runtime] (chunks_complete) ID.samples-ec.SC_MULTI_CS.SC_MULTI_CORE.SAMPLE_ANALYZER.SC_RNA_ANALYZER.RUN_UMAP
2026-01-28 05:40:22 [runtime] (run:local)       ID.samples-ec.SC_MULTI_CS.SC_MULTI_CORE.SAMPLE_ANALYZER.SC_RNA_ANALYZER.RUN_UMAP.fork_samples-ec.join
2026-01-28 05:40:23 [runtime] (join_complete)   ID.samples-ec.SC_MULTI_CS.SC_MULTI_CORE.SAMPLE_ANALYZER.SC_RNA_ANALYZER.RUN_GRAPH_CLUSTERING
2026-01-28 05:40:23 [runtime] (join_complete)   ID.samples-ec.SC_MULTI_CS.SC_MULTI_CORE.SAMPLE_ANALYZER.SC_RNA_ANALYZER.RUN_TSNE
2026-01-28 05:40:23 [runtime] (ready)           ID.samples-ec.SC_MULTI_CS.SC_MULTI_CORE.SAMPLE_ANALYZER.SC_RNA_ANALYZER.RUN_HIERARCHICAL_CLUSTERING
2026-01-28 05:40:23 [runtime] (join_complete)   ID.samples-ec.SC_MULTI_CS.SC_MULTI_CORE.SAMPLE_ANALYZER.SC_RNA_ANALYZER.RUN_UMAP
2026-01-28 05:40:24 [runtime] (join_complete)   ID.samples-ec.SC_MULTI_CS.SC_MULTI_CORE.SAMPLE_ANALYZER._CRISPR_ANALYZER._PERTURBATIONS_BY_TARGET
2026-01-28 05:40:24 [runtime] (ready)           ID.samples-ec.SC_MULTI_CS.SC_MULTI_CORE.SAMPLE_ANALYZER._CRISPR_ANALYZER.SUMMARIZE_CRISPR_ANALYSIS
2026-01-28 05:40:24 [runtime] (run:local)       ID.samples-ec.SC_MULTI_CS.SC_MULTI_CORE.SAMPLE_ANALYZER._CRISPR_ANALYZER.SUMMARIZE_CRISPR_ANALYSIS.fork_samples-ec.chnk0.main
2026-01-28 05:40:24 [runtime] (chunks_complete) ID.samples-ec.SC_MULTI_CS.SC_MULTI_CORE.SAMPLE_ANALYZER._CRISPR_ANALYZER.SUMMARIZE_CRISPR_ANALYSIS
2026-01-28 05:40:29 [runtime] (chunks_complete) ID.samples-ec.SC_MULTI_CS.SC_MULTI_CORE.SAMPLE_ANALYZER.SC_RNA_ANALYZER.RUN_KMEANS
2026-01-28 05:40:29 [runtime] (run:local)       ID.samples-ec.SC_MULTI_CS.SC_MULTI_CORE.SAMPLE_ANALYZER.SC_RNA_ANALYZER.RUN_KMEANS.fork_samples-ec.join
2026-01-28 05:40:33 [runtime] (join_complete)   ID.samples-ec.SC_MULTI_CS.SC_MULTI_CORE.SAMPLE_ANALYZER.SC_RNA_ANALYZER.RUN_KMEANS
2026-01-28 05:40:33 [runtime] (ready)           ID.samples-ec.SC_MULTI_CS.SC_MULTI_CORE.SAMPLE_ANALYZER.SC_RNA_ANALYZER.COMBINE_CLUSTERING
2026-01-28 05:40:33 [runtime] (run:local)       ID.samples-ec.SC_MULTI_CS.SC_MULTI_CORE.SAMPLE_ANALYZER.SC_RNA_ANALYZER.COMBINE_CLUSTERING.fork_samples-ec.chnk0.main
2026-01-28 05:40:34 [runtime] (chunks_complete) ID.samples-ec.SC_MULTI_CS.SC_MULTI_CORE.SAMPLE_ANALYZER.SC_RNA_ANALYZER.COMBINE_CLUSTERING
2026-01-28 05:40:34 [runtime] (ready)           ID.samples-ec.SC_MULTI_CS.SC_MULTI_CORE.SAMPLE_ANALYZER.SC_RNA_ANALYZER.RUN_DIFFERENTIAL_EXPRESSION
2026-01-28 05:40:34 [runtime] (run:local)       ID.samples-ec.SC_MULTI_CS.SC_MULTI_CORE.SAMPLE_ANALYZER.SC_RNA_ANALYZER.RUN_DIFFERENTIAL_EXPRESSION.fork_samples-ec.split
2026-01-28 05:40:34 [runtime] (split_complete)  ID.samples-ec.SC_MULTI_CS.SC_MULTI_CORE.SAMPLE_ANALYZER.SC_RNA_ANALYZER.RUN_DIFFERENTIAL_EXPRESSION
2026-01-28 05:40:34 [runtime] (run:local)       ID.samples-ec.SC_MULTI_CS.SC_MULTI_CORE.SAMPLE_ANALYZER.SC_RNA_ANALYZER.RUN_DIFFERENTIAL_EXPRESSION.fork_samples-ec.chnk0.main
2026-01-28 05:40:34 [runtime] (run:local)       ID.samples-ec.SC_MULTI_CS.SC_MULTI_CORE.SAMPLE_ANALYZER.SC_RNA_ANALYZER.RUN_DIFFERENTIAL_EXPRESSION.fork_samples-ec.chnk1.main
2026-01-28 05:40:34 [runtime] (run:local)       ID.samples-ec.SC_MULTI_CS.SC_MULTI_CORE.SAMPLE_ANALYZER.SC_RNA_ANALYZER.RUN_DIFFERENTIAL_EXPRESSION.fork_samples-ec.chnk2.main
2026-01-28 05:40:34 [runtime] (run:local)       ID.samples-ec.SC_MULTI_CS.SC_MULTI_CORE.SAMPLE_ANALYZER.SC_RNA_ANALYZER.RUN_DIFFERENTIAL_EXPRESSION.fork_samples-ec.chnk3.main
2026-01-28 05:40:34 [runtime] (run:local)       ID.samples-ec.SC_MULTI_CS.SC_MULTI_CORE.SAMPLE_ANALYZER.SC_RNA_ANALYZER.RUN_DIFFERENTIAL_EXPRESSION.fork_samples-ec.chnk4.main
2026-01-28 05:40:34 [runtime] (run:local)       ID.samples-ec.SC_MULTI_CS.SC_MULTI_CORE.SAMPLE_ANALYZER.SC_RNA_ANALYZER.RUN_DIFFERENTIAL_EXPRESSION.fork_samples-ec.chnk5.main
2026-01-28 05:40:34 [runtime] (run:local)       ID.samples-ec.SC_MULTI_CS.SC_MULTI_CORE.SAMPLE_ANALYZER.SC_RNA_ANALYZER.RUN_DIFFERENTIAL_EXPRESSION.fork_samples-ec.chnk6.main
2026-01-28 05:40:34 [runtime] (run:local)       ID.samples-ec.SC_MULTI_CS.SC_MULTI_CORE.SAMPLE_ANALYZER.SC_RNA_ANALYZER.RUN_DIFFERENTIAL_EXPRESSION.fork_samples-ec.chnk7.main
2026-01-28 05:40:54 [runtime] (chunks_complete) ID.samples-ec.SC_MULTI_CS.SC_MULTI_CORE.SAMPLE_ANALYZER.SC_RNA_ANALYZER.RUN_DIFFERENTIAL_EXPRESSION
2026-01-28 05:40:54 [runtime] (run:local)       ID.samples-ec.SC_MULTI_CS.SC_MULTI_CORE.SAMPLE_ANALYZER.SC_RNA_ANALYZER.RUN_DIFFERENTIAL_EXPRESSION.fork_samples-ec.join
2026-01-28 05:40:55 [runtime] (join_complete)   ID.samples-ec.SC_MULTI_CS.SC_MULTI_CORE.SAMPLE_ANALYZER.SC_RNA_ANALYZER.RUN_DIFFERENTIAL_EXPRESSION
2026-01-28 05:40:55 [runtime] (ready)           ID.samples-ec.SC_MULTI_CS.SC_MULTI_CORE.SAMPLE_ANALYZER.SC_RNA_ANALYZER.SUMMARIZE_ANALYSIS
2026-01-28 05:40:55 [runtime] (run:local)       ID.samples-ec.SC_MULTI_CS.SC_MULTI_CORE.SAMPLE_ANALYZER.SC_RNA_ANALYZER.SUMMARIZE_ANALYSIS.fork_samples-ec.chnk0.main
2026-01-28 05:40:56 [runtime] (chunks_complete) ID.samples-ec.SC_MULTI_CS.SC_MULTI_CORE.SAMPLE_ANALYZER.SC_RNA_ANALYZER.SUMMARIZE_ANALYSIS
2026-01-28 05:40:56 [runtime] (ready)           ID.samples-ec.SC_MULTI_CS.SC_MULTI_CORE.SAMPLE_CELL_ANNOTATION_SERVICE.SUMMARIZE_CELL_TYPES.ANALYZE_CELL_TYPES
2026-01-28 05:40:56 [runtime] (ready)           ID.samples-ec.SC_MULTI_CS.SC_MULTI_CORE.SAMPLE_CELL_ANNOTATION_SERVICE.SUMMARIZE_CELL_TYPES.GET_CELL_TYPES_UMAP_PLOT
2026-01-28 05:40:56 [runtime] (ready)           ID.samples-ec.SC_MULTI_CS.SC_MULTI_CORE.SAMPLE_REPORTER.GENERATE_SAMPLE_PLOTS
2026-01-28 05:40:56 [runtime] (run:local)       ID.samples-ec.SC_MULTI_CS.SC_MULTI_CORE.SAMPLE_REPORTER.GENERATE_SAMPLE_PLOTS.fork_samples-ec.split
2026-01-28 05:40:56 [runtime] (ready)           ID.samples-ec.SC_MULTI_CS.SC_MULTI_CORE.SAMPLE_CELL_ANNOTATION_SERVICE.GENERATE_CAS_WEBSUMMARY
2026-01-28 05:40:56 [runtime] (ready)           ID.samples-ec.SC_MULTI_CS.AGGREGATE_CELL_ANNOTATIONS.AGGREGATE_CELL_TYPE_JSON
2026-01-28 05:40:56 [runtime] (run:local)       ID.samples-ec.SC_MULTI_CS.AGGREGATE_CELL_ANNOTATIONS.AGGREGATE_CELL_TYPE_JSON.fork0.chnk0.main
2026-01-28 05:40:56 [runtime] (ready)           ID.samples-ec.SC_MULTI_CS.SC_MULTI_CORE.SAMPLE_REPORTER._SAMPLE_CELLS_REPORTER.SUMMARIZE_BASIC_REPORTS
2026-01-28 05:40:56 [runtime] (run:local)       ID.samples-ec.SC_MULTI_CS.SC_MULTI_CORE.SAMPLE_REPORTER._SAMPLE_CELLS_REPORTER.SUMMARIZE_BASIC_REPORTS.fork_samples-ec.split
2026-01-28 05:40:56 [runtime] (ready)           ID.samples-ec.SC_MULTI_CS.AGGREGATE_CELL_ANNOTATIONS.AGGREGATE_CELL_TYPE_CSV
2026-01-28 05:40:56 [runtime] (run:local)       ID.samples-ec.SC_MULTI_CS.AGGREGATE_CELL_ANNOTATIONS.AGGREGATE_CELL_TYPE_CSV.fork0.chnk0.main
2026-01-28 05:40:56 [runtime] (chunks_complete) ID.samples-ec.SC_MULTI_CS.AGGREGATE_CELL_ANNOTATIONS.AGGREGATE_CELL_TYPE_CSV
2026-01-28 05:40:56 [runtime] (chunks_complete) ID.samples-ec.SC_MULTI_CS.AGGREGATE_CELL_ANNOTATIONS.AGGREGATE_CELL_TYPE_JSON
2026-01-28 05:41:00 [runtime] (split_complete)  ID.samples-ec.SC_MULTI_CS.SC_MULTI_CORE.SAMPLE_REPORTER._SAMPLE_CELLS_REPORTER.SUMMARIZE_BASIC_REPORTS
2026-01-28 05:41:00 [runtime] (run:local)       ID.samples-ec.SC_MULTI_CS.SC_MULTI_CORE.SAMPLE_REPORTER._SAMPLE_CELLS_REPORTER.SUMMARIZE_BASIC_REPORTS.fork_samples-ec.join
2026-01-28 05:41:01 [runtime] (split_complete)  ID.samples-ec.SC_MULTI_CS.SC_MULTI_CORE.SAMPLE_REPORTER.GENERATE_SAMPLE_PLOTS
2026-01-28 05:41:01 [runtime] (run:local)       ID.samples-ec.SC_MULTI_CS.SC_MULTI_CORE.SAMPLE_REPORTER.GENERATE_SAMPLE_PLOTS.fork_samples-ec.join
2026-01-28 05:41:07 [runtime] (join_complete)   ID.samples-ec.SC_MULTI_CS.SC_MULTI_CORE.SAMPLE_REPORTER._SAMPLE_CELLS_REPORTER.SUMMARIZE_BASIC_REPORTS
2026-01-28 05:41:07 [runtime] (ready)           ID.samples-ec.SC_MULTI_CS.SC_MULTI_CORE.SAMPLE_REPORTER.CLOUPE_PREPROCESS
2026-01-28 05:41:07 [runtime] (run:local)       ID.samples-ec.SC_MULTI_CS.SC_MULTI_CORE.SAMPLE_REPORTER.CLOUPE_PREPROCESS.fork_samples-ec.split
2026-01-28 05:41:10 [runtime] (split_complete)  ID.samples-ec.SC_MULTI_CS.SC_MULTI_CORE.SAMPLE_REPORTER.CLOUPE_PREPROCESS
2026-01-28 05:41:10 [runtime] (run:local)       ID.samples-ec.SC_MULTI_CS.SC_MULTI_CORE.SAMPLE_REPORTER.CLOUPE_PREPROCESS.fork_samples-ec.join
2026-01-28 05:41:10 [runtime] (join_complete)   ID.samples-ec.SC_MULTI_CS.SC_MULTI_CORE.SAMPLE_REPORTER.GENERATE_SAMPLE_PLOTS
2026-01-28 05:41:10 [runtime] (ready)           ID.samples-ec.SC_MULTI_CS.SC_MULTI_CORE.SANITIZE_MAP_CALLS
2026-01-28 05:41:10 [runtime] (run:local)       ID.samples-ec.SC_MULTI_CS.SC_MULTI_CORE.SANITIZE_MAP_CALLS.fork0.chnk0.main
2026-01-28 05:41:11 [runtime] (chunks_complete) ID.samples-ec.SC_MULTI_CS.SC_MULTI_CORE.SANITIZE_MAP_CALLS
2026-01-28 05:41:11 [runtime] (ready)           ID.samples-ec.SC_MULTI_CS.SC_MULTI_CORE.WRITE_MULTI_WEB_SUMMARY
2026-01-28 05:41:11 [runtime] (run:local)       ID.samples-ec.SC_MULTI_CS.SC_MULTI_CORE.WRITE_MULTI_WEB_SUMMARY.fork0.split
2026-01-28 05:41:11 [runtime] (split_complete)  ID.samples-ec.SC_MULTI_CS.SC_MULTI_CORE.WRITE_MULTI_WEB_SUMMARY
2026-01-28 05:41:11 [runtime] (run:local)       ID.samples-ec.SC_MULTI_CS.SC_MULTI_CORE.WRITE_MULTI_WEB_SUMMARY.fork0.join
2026-01-28 05:41:28 [runtime] (join_complete)   ID.samples-ec.SC_MULTI_CS.SC_MULTI_CORE.SAMPLE_REPORTER.CLOUPE_PREPROCESS
2026-01-28 05:41:28 [runtime] (ready)           ID.samples-ec.SC_MULTI_CS.SC_MULTI_CORE.SAMPLE_REPORTER.APPEND_CELL_TYPES_CLOUPE
2026-01-28 05:41:28 [runtime] (run:local)       ID.samples-ec.SC_MULTI_CS.SC_MULTI_CORE.SAMPLE_REPORTER.APPEND_CELL_TYPES_CLOUPE.fork_samples-ec.chnk0.main
2026-01-28 05:41:28 [runtime] (join_complete)   ID.samples-ec.SC_MULTI_CS.SC_MULTI_CORE.WRITE_MULTI_WEB_SUMMARY
2026-01-28 05:41:29 [runtime] (chunks_complete) ID.samples-ec.SC_MULTI_CS.SC_MULTI_CORE.SAMPLE_REPORTER.APPEND_CELL_TYPES_CLOUPE
2026-01-28 05:41:29 [runtime] (ready)           ID.samples-ec.SC_MULTI_CS.SANITIZE_MAP_CALLS
2026-01-28 05:41:29 [runtime] (run:local)       ID.samples-ec.SC_MULTI_CS.SANITIZE_MAP_CALLS.fork0.chnk0.main
2026-01-28 05:41:29 [runtime] (ready)           ID.samples-ec.SC_MULTI_CS.SC_MULTI_CORE.MULTI_REPORTER.CHOOSE_CLOUPE
2026-01-28 05:41:29 [runtime] (run:local)       ID.samples-ec.SC_MULTI_CS.SC_MULTI_CORE.MULTI_REPORTER.CHOOSE_CLOUPE.fork0.chnk0.main
2026-01-28 05:41:29 [runtime] (chunks_complete) ID.samples-ec.SC_MULTI_CS.SANITIZE_MAP_CALLS
2026-01-28 05:41:29 [runtime] (chunks_complete) ID.samples-ec.SC_MULTI_CS.SC_MULTI_CORE.MULTI_REPORTER.CHOOSE_CLOUPE
2026-01-28 05:41:29 [runtime] (ready)           ID.samples-ec.SC_MULTI_CS.PICK_BEAM_ANALYZER
2026-01-28 05:41:29 [runtime] (run:local)       ID.samples-ec.SC_MULTI_CS.PICK_BEAM_ANALYZER.fork0.chnk0.main
2026-01-28 05:41:29 [runtime] (chunks_complete) ID.samples-ec.SC_MULTI_CS.PICK_BEAM_ANALYZER
2026-01-28 05:41:29 [runtime] (ready)           ID.samples-ec.SC_MULTI_CS.BUILD_SAMPLE_OUTS
2026-01-28 05:41:29 [runtime] (run:local)       ID.samples-ec.SC_MULTI_CS.BUILD_SAMPLE_OUTS.fork_samples-ec.chnk0.main
2026-01-28 05:41:30 [runtime] (chunks_complete) ID.samples-ec.SC_MULTI_CS.BUILD_SAMPLE_OUTS

Outputs:
- Alignments from unassigned barcodes:                                 null
- BAI Index for alignments from unassigned barcodes:                   null
- CSI Index for alignments from unassigned barcodes:                   null
- Raw Loupe Browser file containing all molecules in the experiment:   /home/alejo/genexomics-perturbseq/round2/Loka_TechChallenge/work/3f/c6b8d2ed049631c938a24b49b78568/samples-ec/outs/raw_cloupe.cloupe
- Antibody and Antigen aggregate barcodes:                             null
- Barcode sample assignment passed in the Multi configuration:         null
- Multi config CSV:                                                    /home/alejo/genexomics-perturbseq/round2/Loka_TechChallenge/work/3f/c6b8d2ed049631c938a24b49b78568/samples-ec/outs/config.csv
- Feature reference file:                                              /home/alejo/genexomics-perturbseq/round2/Loka_TechChallenge/work/3f/c6b8d2ed049631c938a24b49b78568/samples-ec/outs/feature_reference.csv
- Probe set reference CSV:                                             null
- Library metrics CSV:                                                 /home/alejo/genexomics-perturbseq/round2/Loka_TechChallenge/work/3f/c6b8d2ed049631c938a24b49b78568/samples-ec/outs/qc_library_metrics.csv
- Sample metrics CSV:                                                  /home/alejo/genexomics-perturbseq/round2/Loka_TechChallenge/work/3f/c6b8d2ed049631c938a24b49b78568/samples-ec/outs/qc_sample_metrics.csv
- Filtered feature-barcode matrix for all samples in the experiment:   /home/alejo/genexomics-perturbseq/round2/Loka_TechChallenge/work/3f/c6b8d2ed049631c938a24b49b78568/samples-ec/outs/filtered_feature_bc_matrix.h5
- Contains counts for all features and all barcodes in the experiment: /home/alejo/genexomics-perturbseq/round2/Loka_TechChallenge/work/3f/c6b8d2ed049631c938a24b49b78568/samples-ec/outs/raw_feature_bc_matrix.h5
- Molecule info file containing all molecules in the experiment:       /home/alejo/genexomics-perturbseq/round2/Loka_TechChallenge/work/3f/c6b8d2ed049631c938a24b49b78568/samples-ec/outs/raw_molecule_info.h5
- Contains counts for all probes and all barcodes in a FRP experiment: null
- QC report for all samples in the experiment:                         /home/alejo/genexomics-perturbseq/round2/Loka_TechChallenge/work/3f/c6b8d2ed049631c938a24b49b78568/samples-ec/outs/qc_report.html
- Filtered feature-barcode matrix for all samples in the experiment:   /home/alejo/genexomics-perturbseq/round2/Loka_TechChallenge/work/3f/c6b8d2ed049631c938a24b49b78568/samples-ec/outs/filtered_feature_bc_matrix
- Contains counts for all features and all barcodes in the experiment: /home/alejo/genexomics-perturbseq/round2/Loka_TechChallenge/work/3f/c6b8d2ed049631c938a24b49b78568/samples-ec/outs/raw_feature_bc_matrix
- multiplexing_analysis:
    Specifies tag assignments per cell:                                            null
    Summarizes basic statistics about tag assignments:                             null
    Gel-bead barcodes in common for all pairs of probe barcodes:                   null
    Lists the posterior probabilities for tag assignments provided by JIBES model: null
    Provides a JSON that lists, for each tag, the cells it has been assigned to:   null
- vdj_b:                                                               null
- vdj_t_gd:                                                            null
- vdj_t:                                                               null
- V(D)J reference:                                                     null
- per_sample_outs:                                                     {
    samples-ec:
      BAM alignments for reads assigned to this sample:                null
      BAM BAI index for reads assigned to this sample:                 null
      BAM CSI index for reads assigned to this sample:                 null
      Loupe Browser File:                                              /home/alejo/genexomics-perturbseq/round2/Loka_TechChallenge/work/3f/c6b8d2ed049631c938a24b49b78568/samples-ec/outs/per_sample_outs/samples-ec/sample_cloupe.cloupe
      Sample Antibody and Antigen aggregate barcodes:                  null
      Sample metrics summary CSV:                                      /home/alejo/genexomics-perturbseq/round2/Loka_TechChallenge/work/3f/c6b8d2ed049631c938a24b49b78568/samples-ec/outs/per_sample_outs/samples-ec/metrics_summary.csv
      Sample barcodes:                                                 /home/alejo/genexomics-perturbseq/round2/Loka_TechChallenge/work/3f/c6b8d2ed049631c938a24b49b78568/samples-ec/outs/per_sample_outs/samples-ec/sample_filtered_barcodes.csv
      Sample filtered feature-barcode matrices H5:                     /home/alejo/genexomics-perturbseq/round2/Loka_TechChallenge/work/3f/c6b8d2ed049631c938a24b49b78568/samples-ec/outs/per_sample_outs/samples-ec/sample_filtered_feature_bc_matrix.h5
      Per-molecule read information for reads assigned to this sample: /home/alejo/genexomics-perturbseq/round2/Loka_TechChallenge/work/3f/c6b8d2ed049631c938a24b49b78568/samples-ec/outs/per_sample_outs/samples-ec/sample_molecule_info.h5
      Sample raw feature-barcode matrices H5:                          /home/alejo/genexomics-perturbseq/round2/Loka_TechChallenge/work/3f/c6b8d2ed049631c938a24b49b78568/samples-ec/outs/per_sample_outs/samples-ec/sample_raw_feature_bc_matrix.h5
      Sample raw probe-barcode matrix H5:                              null
      web_summary:                                                     /home/alejo/genexomics-perturbseq/round2/Loka_TechChallenge/work/3f/c6b8d2ed049631c938a24b49b78568/samples-ec/outs/per_sample_outs/samples-ec/web_summary.html
      Secondary analysis output CSV:                                   /home/alejo/genexomics-perturbseq/round2/Loka_TechChallenge/work/3f/c6b8d2ed049631c938a24b49b78568/samples-ec/outs/per_sample_outs/samples-ec/analysis
      CRISPR analysis outputs:                                         /home/alejo/genexomics-perturbseq/round2/Loka_TechChallenge/work/3f/c6b8d2ed049631c938a24b49b78568/samples-ec/outs/per_sample_outs/samples-ec/crispr_analysis
      Sample filtered feature-barcode matrices MEX:                    /home/alejo/genexomics-perturbseq/round2/Loka_TechChallenge/work/3f/c6b8d2ed049631c938a24b49b78568/samples-ec/outs/per_sample_outs/samples-ec/sample_filtered_feature_bc_matrix
      Sample raw feature-barcode matrices MEX:                         /home/alejo/genexomics-perturbseq/round2/Loka_TechChallenge/work/3f/c6b8d2ed049631c938a24b49b78568/samples-ec/outs/per_sample_outs/samples-ec/sample_raw_feature_bc_matrix
      Outputs of cell annotation cell typing:                          null
      antigen_analysis:                                                null
      vdj_b:                                                           null
      vdj_t_gd:                                                        null
      vdj_t:                                                           null
  }
- Aggregated Cell Types:
    all_cell_types:              null
    all_cell_annotation_results: null

Pipestance completed successfully!

2026-01-28 05:41:30 Shutting down.
Saving pipestance info to "samples-ec/samples-ec.mri.tgz"
Cell Ranger Multi completed successfully
