GRCh38,AAACCCAAGCTGAGCA-1
GRCh38,AAACCCAAGCTGTCCG-1
GRCh38,AAACCCACACAAATGA-1
GRCh38,AAACCCAGTATCTTCT-1
GRCh38,AAACCCAGTCGATTCA-1
GRCh38,AAACGAACAGGTTCGC-1
GRCh38,AAACGAAGTATTTCCT-1
GRCh38,AAACGAAGTCTTGAAC-1
GRCh38,AAACGAATCTCTGGTC-1
GRCh38,AAACGCTAGAGTGAAG-1
GRCh38,AAACGCTAGTCACTGT-1
GRCh38,AAAGAACAGAAACTGT-1
GRCh38,AAAGAACCAAAGGCGT-1
GRCh38,AAAGAACCACAAACGG-1
GRCh38,AAAGAACCAGTCAACT-1
GRCh38,AAAGAACCATTGTCGA-1
GRCh38,AAAGAACGTACCTAAC-1
GRCh38,AAAGAACGTCGGCTAC-1
GRCh38,AAAGAACGTTCAGCGC-1
GRCh38,AAAGAACTCAAACGAA-1
GRCh38,AAAGAACTCACATACG-1
GRCh38,AAAGAACTCTAGCATG-1
GRCh38,AAAGAACTCTGCCCTA-1
GRCh38,AAAGGATAGAAACTCA-1
GRCh38,AAAGGATCAAGCTACT-1
GRCh38,AAAGGATCACGCAAAG-1
GRCh38,AAAGGATGTACGGTTT-1
GRCh38,AAAGGATTCGGACCAC-1
GRCh38,AAAGGGCAGGAACGAA-1
GRCh38,AAAGGGCAGGTTACCT-1
GRCh38,AAAGGGCCAAACTAGA-1
GRCh38,AAAGGGCCAAATCAGA-1
GRCh38,AAAGGGCTCAATCTCT-1
GRCh38,AAAGGTACACGGTAGA-1
GRCh38,AAAGGTATCATACGGT-1
GRCh38,AAAGTCCAGTCGCTAT-1
GRCh38,AAAGTCCCAGGTCAAG-1
GRCh38,AAAGTCCGTAACGGTG-1
GRCh38,AAAGTCCGTTCCAAAC-1
GRCh38,AAAGTCCTCTGAGAGG-1
GRCh38,AAAGTGAAGACCAACG-1
GRCh38,AAAGTGAAGAGCCATG-1
GRCh38,AAAGTGAAGCTCTTCC-1
GRCh38,AAAGTGACAGGAATAT-1
GRCh38,AAAGTGAGTACGATGG-1
GRCh38,AAAGTGAGTCAGTTTG-1
GRCh38,AAAGTGAGTGTCGATT-1
GRCh38,AAAGTGATCACTGTTT-1
GRCh38,AAATGGACATGAAGCG-1
GRCh38,AAATGGAGTGAATGAT-1
GRCh38,AAATGGAGTGAGTAGC-1
GRCh38,AAATGGAGTTCGCGTG-1
GRCh38,AAATGGATCCTCACTG-1
GRCh38,AACAAAGAGATTGTGA-1
GRCh38,AACAAAGAGTTGCGCC-1
GRCh38,AACAAAGCACACCGAC-1
GRCh38,AACAAAGGTGGTTTAC-1
GRCh38,AACAAAGTCAAGAAAC-1
GRCh38,AACAAAGTCACGGAGA-1
GRCh38,AACAACCAGGAAGAAC-1
GRCh38,AACAACCAGGCTAACG-1
GRCh38,AACAACCCAGCAGTGA-1
GRCh38,AACAACCGTTTACGAC-1
GRCh38,AACAACCGTTTCTATC-1
GRCh38,AACAAGAAGAGCAGAA-1
GRCh38,AACAAGAAGGCATCAG-1
GRCh38,AACAAGAAGTAGAGTT-1
GRCh38,AACAAGAAGTTCATGC-1
GRCh38,AACAAGACACTGCATA-1
GRCh38,AACAAGACAGGAATAT-1
GRCh38,AACAAGAGTAATTAGG-1
GRCh38,AACAAGAGTGTTACAC-1
GRCh38,AACAAGAGTTATGACC-1
GRCh38,AACAAGATCGCCTATC-1
GRCh38,AACAAGATCGGTGTTA-1
GRCh38,AACACACCAGAGCTAG-1
GRCh38,AACAGGGAGACTAGAT-1
GRCh38,AACAGGGAGCGGATCA-1
GRCh38,AACAGGGAGCGTATGG-1
GRCh38,AACAGGGAGTTGCCTA-1
GRCh38,AACAGGGCAGAAGTTA-1
GRCh38,AACAGGGCAGCACAAG-1
GRCh38,AACAGGGGTCGACTTA-1
GRCh38,AACAGGGGTTAGAGAT-1
GRCh38,AACAGGGTCATTCACT-1
GRCh38,AACCAACAGCTGGCCT-1
GRCh38,AACCAACAGTAAGAGG-1
GRCh38,AACCAACGTCAAGGCA-1
GRCh38,AACCAACGTGGAAATT-1
GRCh38,AACCAACGTTGGCTAT-1
GRCh38,AACCAACTCGATGCAT-1
GRCh38,AACCACAAGCTCACTA-1
GRCh38,AACCACAGTGCGCTCA-1
GRCh38,AACCACAGTTGAGTCT-1
GRCh38,AACCATGAGGATATAC-1
GRCh38,AACCATGCAAACTCTG-1
GRCh38,AACCATGCATACTTTC-1
GRCh38,AACCATGCATGGGAAC-1
GRCh38,AACCATGGTCCGATCG-1
GRCh38,AACCATGGTTCAGTAC-1
GRCh38,AACCATGTCGGCTGGT-1
GRCh38,AACCCAAAGGTTCACT-1
GRCh38,AACCCAACAGACGGAT-1
GRCh38,AACCCAAGTGGGAGAG-1
GRCh38,AACCCAATCACTGATG-1
GRCh38,AACCCAATCCCATTCG-1
GRCh38,AACCTGAAGACCCTTA-1
GRCh38,AACCTGAAGCTAGTTC-1
GRCh38,AACCTGAGTACACTCA-1
GRCh38,AACCTGATCGTTAGTG-1
GRCh38,AACCTTTCACCGTACG-1
GRCh38,AACCTTTGTATCGCTA-1
GRCh38,AACCTTTGTCAACACT-1
GRCh38,AACCTTTGTTCCGCTT-1
GRCh38,AACCTTTGTTTCGTGA-1
GRCh38,AACGAAAAGATAGGGA-1
GRCh38,AACGAAAAGCCATCCG-1
GRCh38,AACGAAAAGTGATTCC-1
GRCh38,AACGAAACAATGCAAA-1
GRCh38,AACGAAACAGCTTCCT-1
GRCh38,AACGAAAGTGCGAACA-1
GRCh38,AACGAAAGTGTCCCTT-1
GRCh38,AACGAAATCAAAGAAC-1
GRCh38,AACGGGAAGCACTCAT-1
GRCh38,AACGGGAAGGGATCAC-1
GRCh38,AACGGGACAGTGTACT-1
GRCh38,AACGGGACATTCTCCG-1
GRCh38,AACGTCAAGGTCTTTG-1
GRCh38,AACGTCAAGTAAGGGA-1
GRCh38,AACGTCACAATTTCGG-1
GRCh38,AACGTCACACGGCGTT-1
GRCh38,AACGTCACACTACGGC-1
GRCh38,AACGTCACACTGTCCT-1
GRCh38,AACGTCACAGGCATTT-1
GRCh38,AACGTCACATTAGGCT-1
GRCh38,AACGTCAGTCGATTCA-1
GRCh38,AACGTCATCGGACGTC-1
GRCh38,AACGTCATCGGTAAGG-1
GRCh38,AACGTCATCTGGTTGA-1
GRCh38,AACTTCTCAAACGGCA-1
GRCh38,AACTTCTCACCGTCTT-1
GRCh38,AACTTCTGTACTCGAT-1
GRCh38,AACTTCTGTCTTGTCC-1
GRCh38,AACTTCTGTGCTGATT-1
GRCh38,AACTTCTTCACTCCGT-1
GRCh38,AACTTCTTCAGTCCGG-1
GRCh38,AACTTCTTCCTCTGCA-1
GRCh38,AACTTCTTCTACACTT-1
GRCh38,AACTTCTTCTGCCTCA-1
GRCh38,AAGAACACAATAACGA-1
GRCh38,AAGAACACAGATAAAC-1
GRCh38,AAGAACACAGTCAGAG-1
GRCh38,AAGAACACATTGCCGG-1
GRCh38,AAGAACAGTAAGCGGT-1
GRCh38,AAGACAAAGCTGCGAA-1
GRCh38,AAGACAAAGGAAACGA-1
GRCh38,AAGACAACATCGCTGG-1
GRCh38,AAGACAAGTCTCAAGT-1
GRCh38,AAGACTCAGATAACGT-1
GRCh38,AAGACTCAGCCTCAAT-1
GRCh38,AAGACTCAGCTGCCAC-1
GRCh38,AAGACTCAGTACGTCT-1
GRCh38,AAGACTCAGTTGAAAC-1
GRCh38,AAGACTCGTAGCGCCT-1
GRCh38,AAGACTCTCGGTCTAA-1
GRCh38,AAGATAGCAACATACC-1
GRCh38,AAGATAGTCTCCTGAC-1
GRCh38,AAGATAGTCTCTTAAC-1
GRCh38,AAGCATCAGACATCCT-1
GRCh38,AAGCATCAGATTGATG-1
GRCh38,AAGCATCAGCATAGGC-1
GRCh38,AAGCATCCAAGGCGTA-1
GRCh38,AAGCATCCAGATTCGT-1
GRCh38,AAGCATCCATACACCA-1
GRCh38,AAGCATCGTTAAAGTG-1
GRCh38,AAGCATCGTTTCAGAC-1
GRCh38,AAGCATCTCAAGCTGT-1
GRCh38,AAGCATCTCGGAAACG-1
GRCh38,AAGCATCTCGTGCATA-1
GRCh38,AAGCATCTCTATGTGG-1
GRCh38,AAGCCATAGGCTGAAC-1
GRCh38,AAGCCATCAGCGATTT-1
GRCh38,AAGCCATGTCAATGGG-1
GRCh38,AAGCCATGTGACTATC-1
GRCh38,AAGCCATGTTGCATTG-1
GRCh38,AAGCGAGAGATAACGT-1
GRCh38,AAGCGAGGTAGTTAGA-1
GRCh38,AAGCGAGTCAACTACG-1
GRCh38,AAGCGAGTCCGGTAAT-1
GRCh38,AAGCGAGTCCGTCACT-1
GRCh38,AAGCGAGTCTGCGTCT-1
GRCh38,AAGCGTTCAATACGCT-1
GRCh38,AAGCGTTGTTAGCGGA-1
GRCh38,AAGCGTTTCCGTGCGA-1
GRCh38,AAGGAATAGTCAGGGT-1
GRCh38,AAGGAATAGTGAGGCT-1
GRCh38,AAGGAATCAGACTGCC-1
GRCh38,AAGGAATCAGGCATTT-1
GRCh38,AAGGAATCATTCATCT-1
GRCh38,AAGGAATTCCACGGGT-1
GRCh38,AAGGAATTCCTTTGAT-1
GRCh38,AAGGTAAAGTTGCCTA-1
GRCh38,AAGGTAACACGAGGAT-1
GRCh38,AAGGTAACAGCGTGCT-1
GRCh38,AAGGTAACATATGAAG-1
GRCh38,AAGGTAACATTGCCTC-1
GRCh38,AAGGTAAGTCGTTTCC-1
GRCh38,AAGTACCAGATGATTG-1
GRCh38,AAGTACCCACAAATAG-1
GRCh38,AAGTACCCAGTTCTAG-1
GRCh38,AAGTACCTCATACGAC-1
GRCh38,AAGTACCTCCGTAGGC-1
GRCh38,AAGTACCTCCTTCGAC-1
GRCh38,AAGTCGTTCGTGTGGC-1
GRCh38,AAGTCGTTCTCAGGCG-1
GRCh38,AAGTCGTTCTTGCAAG-1
GRCh38,AAGTGAAAGGGTTAGC-1
GRCh38,AAGTGAAAGTACAACA-1
GRCh38,AAGTGAAAGTCGAAGC-1
GRCh38,AAGTGAACAATCGCGC-1
GRCh38,AAGTGAAGTCAAATCC-1
GRCh38,AAGTGAAGTTCACCGG-1
GRCh38,AAGTTCGAGATAGGGA-1
GRCh38,AAGTTCGCAACAGTGG-1
GRCh38,AAGTTCGCAAGTGTCT-1
GRCh38,AAGTTCGCAATGAGCG-1
GRCh38,AAGTTCGCAGAGGAAA-1
GRCh38,AAGTTCGCAGCCGTCA-1
GRCh38,AAGTTCGCATGACGGA-1
GRCh38,AAGTTCGGTCACTTCC-1
GRCh38,AAGTTCGTCGTCACCT-1
GRCh38,AAGTTCGTCTGTACAG-1
GRCh38,AATAGAGAGACTCAAA-1
GRCh38,AATAGAGAGGGCAATC-1
GRCh38,AATAGAGCAAGTCCCG-1
GRCh38,AATAGAGCAGAACTTC-1
GRCh38,AATAGAGCAGGAATAT-1
GRCh38,AATAGAGGTCAGTCGC-1
GRCh38,AATAGAGTCATTACTC-1
GRCh38,AATCACGCACAATGCT-1
GRCh38,AATCACGCACGACGCT-1
GRCh38,AATCACGGTAACATCC-1
GRCh38,AATCACGGTTCGAAGG-1
GRCh38,AATCACGGTTTCGTAG-1
GRCh38,AATCACGTCGAGAATA-1
GRCh38,AATCGACAGTCTGTAC-1
GRCh38,AATCGACCAGTAGTGG-1
GRCh38,AATCGACGTCGAACAG-1
GRCh38,AATCGACGTGTCTAAC-1
GRCh38,AATCGACTCGAGAGCA-1
GRCh38,AATCGTGAGTGTTCAC-1
GRCh38,AATCGTGCAAGTCCCG-1
GRCh38,AATCGTGCAGAGAGGG-1
GRCh38,AATCGTGTCAACACGT-1
GRCh38,AATGAAGAGAGGCGGA-1
GRCh38,AATGAAGCATGAATCC-1
GRCh38,AATGAAGGTCCCAAAT-1
GRCh38,AATGAAGGTGCACAAG-1
GRCh38,AATGAAGTCGGCTGTG-1
GRCh38,AATGACCGTACCTATG-1
GRCh38,AATGACCTCGCCTAGG-1
GRCh38,AATGACCTCGTAACTG-1
GRCh38,AATGCCAAGCGTCAGA-1
GRCh38,AATGCCACAAGACGAC-1
GRCh38,AATGCCACATGGTGGA-1
GRCh38,AATGCCATCAAGTAAG-1
GRCh38,AATGGAAAGGACGCTA-1
GRCh38,AATGGAAAGGTAAGGA-1
GRCh38,AATGGAACAACCGCTG-1
GRCh38,AATGGAACAACTCCAA-1
GRCh38,AATGGAACAAGAATAC-1
GRCh38,AATGGAAGTATCACGT-1
GRCh38,AATGGAATCGCTTAAG-1
GRCh38,AATGGCTAGAAACTAC-1
GRCh38,AATGGCTAGAGGACTC-1
GRCh38,AATGGCTAGGAAAGGT-1
GRCh38,AATGGCTAGGAACGCT-1
GRCh38,AATGGCTCACTGAATC-1
GRCh38,AATGGCTGTGTGAATA-1
GRCh38,AATGGCTTCGCTGACG-1
GRCh38,AATGGCTTCTCGGCTT-1
GRCh38,AATTCCTAGGATGCGT-1
GRCh38,AATTCCTCAGACTGCC-1
GRCh38,AATTCCTCAGTTCACA-1
GRCh38,AATTCCTCATTGGGAG-1
GRCh38,AATTCCTGTTTGGGAG-1
GRCh38,AATTCCTTCGCGCCAA-1
GRCh38,AATTCCTTCTGTCAGA-1
GRCh38,AATTTCCAGAAACTCA-1
GRCh38,AATTTCCAGAGCATTA-1
GRCh38,AATTTCCAGCCTATCA-1
GRCh38,AATTTCCAGTGTTGTC-1
GRCh38,AATTTCCCAACGCATT-1
GRCh38,AATTTCCGTATCGTGT-1
GRCh38,AATTTCCTCCGTATGA-1
GRCh38,AATTTCCTCGTCTCAC-1
GRCh38,AATTTCCTCTCTCGAC-1
GRCh38,AATTTCCTCTGACCCT-1
GRCh38,AATTTCCTCTTAAGGC-1
GRCh38,ACAAAGAAGTTATGGA-1
GRCh38,ACAAAGACATGACGGA-1
GRCh38,ACAAAGATCACTCTTA-1
GRCh38,ACAAAGATCATAGAGA-1
GRCh38,ACAAAGATCGATACAC-1
GRCh38,ACAAAGATCGCAGTGC-1
GRCh38,ACAACCAAGAGGCTGT-1
GRCh38,ACAACCACAATAGTCC-1
GRCh38,ACAACCACACATAACC-1
GRCh38,ACAAGCTAGAGGCGGA-1
GRCh38,ACAAGCTAGTTGGACG-1
GRCh38,ACAAGCTAGTTGGGAC-1
GRCh38,ACAAGCTCAATGTGGG-1
GRCh38,ACAAGCTTCAAACTGC-1
GRCh38,ACAAGCTTCACCATAG-1
GRCh38,ACAAGCTTCGGCCTTT-1
GRCh38,ACAAGCTTCTCCTGCA-1
GRCh38,ACACAGTAGGCGTCCT-1
GRCh38,ACACAGTAGGGACACT-1
GRCh38,ACACAGTAGGGCTGAT-1
GRCh38,ACACAGTAGGTAAGAG-1
GRCh38,ACACAGTAGTTCCGGC-1
GRCh38,ACACAGTCACTTGACA-1
GRCh38,ACACAGTTCCATTGCC-1
GRCh38,ACACAGTTCTAGAGCT-1
GRCh38,ACACCAAAGGGAGGCA-1
GRCh38,ACACCAAGTAGGTACG-1
GRCh38,ACACCAATCCCTCAAC-1
GRCh38,ACACCAATCGTCCTTG-1
GRCh38,ACACGCGAGAGGCTGT-1
GRCh38,ACACGCGAGAGTTGCG-1
GRCh38,ACACGCGAGGAACTCG-1
GRCh38,ACACGCGAGTAACCTC-1
GRCh38,ACACGCGCAAGCCATT-1
GRCh38,ACACGCGTCGCCACTT-1
GRCh38,ACACGCGTCTACTATC-1
GRCh38,ACACTGACAACCGACC-1
GRCh38,ACACTGACATGTGCTA-1
GRCh38,ACACTGAGTCACATTG-1
GRCh38,ACACTGATCAAGTGGG-1
GRCh38,ACACTGATCGCCACTT-1
GRCh38,ACACTGATCGTCAGAT-1
GRCh38,ACAGAAAAGATAGCTA-1
GRCh38,ACAGAAAAGCGTGAGT-1
GRCh38,ACAGAAACACCTCGTT-1
GRCh38,ACAGAAAGTATTTCGG-1
GRCh38,ACAGAAAGTCCAGGTC-1
GRCh38,ACAGAAAGTCGCCACA-1
GRCh38,ACAGAAAGTCTTTATC-1
GRCh38,ACAGCCGAGCCAACCC-1
GRCh38,ACAGCCGAGCTTGTTG-1
GRCh38,ACAGCCGAGTGCTCAT-1
GRCh38,ACAGCCGTCGCCACTT-1
GRCh38,ACAGCCGTCTATGCCC-1
GRCh38,ACAGCCGTCTCCTACG-1
GRCh38,ACAGGGAAGATAGCTA-1
GRCh38,ACAGGGAAGCTAAGTA-1
GRCh38,ACAGGGAAGGAAAGGT-1
GRCh38,ACAGGGACACTATCCC-1
GRCh38,ACAGGGACACTCTGCT-1
GRCh38,ACAGGGATCTAACGCA-1
GRCh38,ACAGGGATCTCTGCTG-1
GRCh38,ACAGGGATCTGTAACG-1
GRCh38,ACATCCCAGTGCACTT-1
GRCh38,ACATCCCCAAGAGAGA-1
GRCh38,ACATCCCCATTGCTGA-1
GRCh38,ACATCCCTCACTGCTC-1
GRCh38,ACATCGAAGTACTGTC-1
GRCh38,ACATCGAGTAAGCGGT-1
GRCh38,ACATCGAGTAGTCACT-1
GRCh38,ACATCGAGTCAATCTG-1
GRCh38,ACATCGAGTTATGGTC-1
GRCh38,ACATCGATCAGCGGAA-1
GRCh38,ACATCGATCTTGGATG-1
GRCh38,ACATGCAAGTTACGAA-1
GRCh38,ACATGCACAATTCACG-1
GRCh38,ACATGCAGTTCCGCGA-1
GRCh38,ACATGCAGTTGACTGT-1
GRCh38,ACATGCATCTGTTGGA-1
GRCh38,ACATTTCAGGTTAAAC-1
GRCh38,ACATTTCTCGCTGTCT-1
GRCh38,ACATTTCTCGGAACTT-1
GRCh38,ACCAAACCACGAGGTA-1
GRCh38,ACCAAACCACTGTGTA-1
GRCh38,ACCAAACGTAGTTCCA-1
GRCh38,ACCAAACGTCTTACAG-1
GRCh38,ACCAAACGTTGGAGAC-1
GRCh38,ACCAAACTCGCCTTTG-1
GRCh38,ACCAACAAGACAACTA-1
GRCh38,ACCAACAAGTCCTGCG-1
GRCh38,ACCAACACAGAACTTC-1
GRCh38,ACCAACAGTATTGGCT-1
GRCh38,ACCACAAAGTTGAATG-1
GRCh38,ACCACAACAAGTCGTT-1
GRCh38,ACCACAACACCATATG-1
GRCh38,ACCACAAGTGTCGCTG-1
GRCh38,ACCACAATCTATTGTC-1
GRCh38,ACCATTTAGAGGGTGG-1
GRCh38,ACCATTTCATTCACAG-1
GRCh38,ACCATTTGTATTGACC-1
GRCh38,ACCATTTGTCAGACTT-1
GRCh38,ACCATTTGTCCTTGTC-1
GRCh38,ACCATTTGTGCATTTG-1
GRCh38,ACCATTTTCGGTGTAT-1
GRCh38,ACCATTTTCTCTAGGA-1
GRCh38,ACCCAAAAGCTGTGCC-1
GRCh38,ACCCAAACAGTCTTCC-1
GRCh38,ACCCAAAGTCTTGTCC-1
GRCh38,ACCCAAATCTCCAAGA-1
GRCh38,ACCCTCAAGAAGGTAG-1
GRCh38,ACCCTCAAGCGTCGAA-1
GRCh38,ACCCTCAAGGTTACAA-1
GRCh38,ACCCTCAGTATCGCGC-1
GRCh38,ACCCTCATCAAGCTGT-1
GRCh38,ACCCTTGAGCTCATAC-1
GRCh38,ACCCTTGAGTCCCGAC-1
GRCh38,ACCGTTCGTAGACAAT-1
GRCh38,ACCGTTCGTTACAGCT-1
GRCh38,ACCTACCAGCGACTAG-1
GRCh38,ACCTACCAGGGTAGCT-1
GRCh38,ACCTACCGTCGTTTCC-1
GRCh38,ACCTACCGTTGCGGCT-1
GRCh38,ACCTACCTCAGCTGTA-1
GRCh38,ACCTACCTCCGTGTAA-1
GRCh38,ACCTACCTCGTTCATT-1
GRCh38,ACCTACCTCTTTCGAT-1
GRCh38,ACCTGAAAGCGACATG-1
GRCh38,ACCTGAACATGCAGGA-1
GRCh38,ACCTGAAGTCGCACAC-1
GRCh38,ACCTGAATCCTTTGAT-1
GRCh38,ACCTGTCAGCACTGGA-1
GRCh38,ACCTGTCAGGATCATA-1
GRCh38,ACCTGTCCACTATCGA-1
GRCh38,ACCTGTCTCATGCCAA-1
GRCh38,ACCTGTCTCCAGTTCC-1
GRCh38,ACGATCAAGTACCCTA-1
GRCh38,ACGATCACATAGAAAC-1
GRCh38,ACGATCATCATCCCGT-1
GRCh38,ACGATGTAGTGCTACT-1
GRCh38,ACGATGTAGTTTGGCT-1
GRCh38,ACGATGTCAGATCATC-1
GRCh38,ACGATGTGTATGGTTC-1
GRCh38,ACGATGTGTATTAAGG-1
GRCh38,ACGATGTGTCGTGGTC-1
GRCh38,ACGATGTGTTCCAAAC-1
GRCh38,ACGATGTTCTATACTC-1
GRCh38,ACGATGTTCTGCTTAT-1
GRCh38,ACGCACGCAAGTTGGG-1
GRCh38,ACGCACGCACCGTCGA-1
GRCh38,ACGCACGCAGAAATTG-1
GRCh38,ACGCACGTCGTGCACG-1
GRCh38,ACGCACGTCTCGACGG-1
GRCh38,ACGGAAGAGTCTAGAA-1
GRCh38,ACGGAAGCAGTAACAA-1
GRCh38,ACGGAAGTCATCGGGC-1
GRCh38,ACGGAAGTCGAATGCT-1
GRCh38,ACGGGTCGTATTGAGA-1
GRCh38,ACGGGTCGTCAACATC-1
GRCh38,ACGGGTCGTGCACATT-1
GRCh38,ACGGGTCGTGTTGATC-1
GRCh38,ACGGGTCTCATTGAGC-1
GRCh38,ACGGTCGAGAGTCAGC-1
GRCh38,ACGGTCGAGATAGTCA-1
GRCh38,ACGGTCGAGATCACCT-1
GRCh38,ACGGTCGCACTCACTC-1
GRCh38,ACGGTCGCAGCTCATA-1
GRCh38,ACGGTCGGTGGACTAG-1
GRCh38,ACGGTCGTCGATACAC-1
GRCh38,ACGGTCGTCGGTGCAC-1
GRCh38,ACGGTTAAGAGACAAG-1
GRCh38,ACGGTTACACTTACAG-1
GRCh38,ACGGTTATCACGGACC-1
GRCh38,ACGGTTATCAGACATC-1
GRCh38,ACGGTTATCAGTGTGT-1
GRCh38,ACGGTTATCTGTCGCT-1
GRCh38,ACGTAACAGGTCCCTG-1
GRCh38,ACGTAACAGTCTGGTT-1
GRCh38,ACGTAACCATATGGCT-1
GRCh38,ACGTAACCATGTGCTA-1
GRCh38,ACGTAACTCACCTTGC-1
GRCh38,ACGTAACTCAGACTGT-1
GRCh38,ACGTACAAGCAGAAAG-1
GRCh38,ACGTACAAGTTACGAA-1
GRCh38,ACGTACACACTAAACC-1
GRCh38,ACGTACAGTACGACTT-1
GRCh38,ACGTACATCAAAGGTA-1
GRCh38,ACGTACATCCTACCGT-1
GRCh38,ACGTACATCCTCACTG-1
GRCh38,ACGTACATCGGCCCAA-1
GRCh38,ACGTAGTAGCAGGCTA-1
GRCh38,ACGTAGTAGGCCCGTT-1
GRCh38,ACGTAGTAGGTCCTGC-1
GRCh38,ACGTAGTAGTCATGCT-1
GRCh38,ACGTAGTCACTACCGG-1
GRCh38,ACGTAGTGTTAATGAG-1
GRCh38,ACGTAGTTCTCCGCAT-1
GRCh38,ACGTCCTAGTCGAAGC-1
GRCh38,ACGTCCTCAATGGCAG-1
GRCh38,ACGTCCTCACCTATCC-1
GRCh38,ACGTCCTCAGTAGTGG-1
GRCh38,ACGTCCTGTACGAGCA-1
GRCh38,ACGTCCTGTATCAAGA-1
GRCh38,ACGTCCTGTCGTTCAA-1
GRCh38,ACGTCCTGTGAGTTGG-1
GRCh38,ACGTTCCAGTACTCGT-1
GRCh38,ACGTTCCAGTGGATAT-1
GRCh38,ACGTTCCGTACGCGTC-1
GRCh38,ACGTTCCGTCGCACAC-1
GRCh38,ACGTTCCGTGGTTCTA-1
GRCh38,ACGTTCCGTGTCGATT-1
GRCh38,ACGTTCCTCCTACACC-1
GRCh38,ACTACGAAGACTTAAG-1
GRCh38,ACTACGAAGAGGACTC-1
GRCh38,ACTACGAAGGCTCAAG-1
GRCh38,ACTACGAGTCACAGTT-1
GRCh38,ACTACGAGTCTGTCCT-1
GRCh38,ACTACGAGTTGAGAGC-1
GRCh38,ACTACGATCGGCGATC-1
GRCh38,ACTATCTAGCAGCCCT-1
GRCh38,ACTATCTCACGCTGCA-1
GRCh38,ACTATCTGTCAGTCTA-1
GRCh38,ACTATCTTCAAGATAG-1
GRCh38,ACTATCTTCAATCTCT-1
GRCh38,ACTATCTTCCGCACTT-1
GRCh38,ACTATGGAGAATTGTG-1
GRCh38,ACTATGGCAAGCGATG-1
GRCh38,ACTATGGCAAGTGACG-1
GRCh38,ACTATGGCAGGGAGAG-1
GRCh38,ACTATGGTCCTGATAG-1
GRCh38,ACTATGGTCGTGCACG-1
GRCh38,ACTATGGTCTGTGTGA-1
GRCh38,ACTATTCAGCGAGGAG-1
GRCh38,ACTATTCAGTAGTGCG-1
GRCh38,ACTATTCCAAACTCTG-1
GRCh38,ACTATTCGTAGCTGAG-1
GRCh38,ACTATTCGTTCCAGGC-1
GRCh38,ACTATTCTCCATCGTC-1
GRCh38,ACTATTCTCTTCGTAT-1
GRCh38,ACTCCCAAGCGCTGCT-1
GRCh38,ACTCCCAAGCTTAAGA-1
GRCh38,ACTCCCAAGGTAAAGG-1
GRCh38,ACTCCCAAGGTAGTAT-1
GRCh38,ACTCCCACAGGAGGTT-1
GRCh38,ACTCCCAGTCGGCACT-1
GRCh38,ACTCCCAGTTCTTCAT-1
GRCh38,ACTCCCATCAGTCTTT-1
GRCh38,ACTCTCGAGGTTCACT-1
GRCh38,ACTCTCGCACACACTA-1
GRCh38,ACTCTCGCAGCAGTGA-1
GRCh38,ACTCTCGCAGTCAGTT-1
GRCh38,ACTCTCGGTGTGTGGA-1
GRCh38,ACTCTCGGTTTGATCG-1
GRCh38,ACTCTCGTCACTGATG-1
GRCh38,ACTCTCGTCATACAGC-1
GRCh38,ACTCTCGTCTGGTGCG-1
GRCh38,ACTCTCGTCTTCCCAG-1
GRCh38,ACTGATGAGGCTCTAT-1
GRCh38,ACTGATGAGTTTGCTG-1
GRCh38,ACTGATGCATCCCACT-1
GRCh38,ACTGATGGTAATTGGA-1
GRCh38,ACTGATGTCCTCACTG-1
GRCh38,ACTGATGTCCTCAGAA-1
GRCh38,ACTGATGTCGCCGAGT-1
GRCh38,ACTGTCCAGAGCAGAA-1
GRCh38,ACTGTCCAGGATTTAG-1
GRCh38,ACTGTCCCATTGACCA-1
GRCh38,ACTGTCCGTAGAGATT-1
GRCh38,ACTGTCCGTAGCGTTT-1
GRCh38,ACTGTCCGTCTCACAA-1
GRCh38,ACTGTCCGTTTCACTT-1
GRCh38,ACTGTCCTCCTCAGGG-1
GRCh38,ACTGTCCTCTCAACGA-1
GRCh38,ACTGTGACAATACGCT-1
GRCh38,ACTGTGAGTACTGAGG-1
GRCh38,ACTGTGAGTAGGCAGT-1
GRCh38,ACTGTGAGTGTTCGTA-1
GRCh38,ACTGTGAGTTATCCAG-1
GRCh38,ACTGTGATCGCTGACG-1
GRCh38,ACTTAGGAGCCTCAAT-1
GRCh38,ACTTAGGAGCGGACAT-1
GRCh38,ACTTAGGAGTCTTCCC-1
GRCh38,ACTTAGGCAGCAGTAG-1
GRCh38,ACTTAGGGTATACAGA-1
GRCh38,ACTTAGGGTGTCCAAT-1
GRCh38,ACTTAGGGTGTGACCC-1
GRCh38,ACTTAGGGTTGCGTAT-1
GRCh38,ACTTAGGTCTTCCAGC-1
GRCh38,ACTTATCAGTGGTGGT-1
GRCh38,ACTTATCCACGACGAA-1
GRCh38,ACTTATCCACTAACCA-1
GRCh38,ACTTATCCATACAGGG-1
GRCh38,ACTTATCGTTTGCAGT-1
GRCh38,ACTTATCTCGCTCATC-1
GRCh38,ACTTATCTCGGACCAC-1
GRCh38,ACTTCCGAGATAACAC-1
GRCh38,ACTTCCGAGGAGATAG-1
GRCh38,ACTTCCGCATCGTGGC-1
GRCh38,ACTTCCGGTGCAGGAT-1
GRCh38,ACTTCCGTCGAGCCTG-1
GRCh38,ACTTCCGTCGCGTTTC-1
GRCh38,ACTTCCGTCGCTCCTA-1
GRCh38,ACTTCCGTCGGCTGTG-1
GRCh38,ACTTCGCAGAACTCCT-1
GRCh38,ACTTCGCAGTCTTCCC-1
GRCh38,ACTTCGCCACGACGTC-1
GRCh38,ACTTCGCCAGAGGACT-1
GRCh38,ACTTCGCGTACCAGAG-1
GRCh38,ACTTCGCGTACCGGCT-1
GRCh38,ACTTCGCGTAGCACGA-1
GRCh38,ACTTCGCGTGAACTAA-1
GRCh38,ACTTCGCGTGAGTAGC-1
GRCh38,ACTTTCAAGAGGTTAT-1
GRCh38,ACTTTCACACCTTCCA-1
GRCh38,ACTTTCAGTGTACAGG-1
GRCh38,ACTTTCAGTTCCGTTC-1
GRCh38,ACTTTCATCACAAGGG-1
GRCh38,ACTTTGTCAACTTCTT-1
GRCh38,ACTTTGTCATGACGAG-1
GRCh38,ACTTTGTGTATGTCAC-1
GRCh38,ACTTTGTGTGTTACTG-1
GRCh38,ACTTTGTTCAATCAGC-1
GRCh38,ACTTTGTTCCGCTTAC-1
GRCh38,ACTTTGTTCTGCGTCT-1
GRCh38,AGAAATGAGATGCGAC-1
GRCh38,AGAAATGCAACACAGG-1
GRCh38,AGAAATGGTCACTCAA-1
GRCh38,AGAAATGGTCCCAAAT-1
GRCh38,AGAAATGGTCGACTGC-1
GRCh38,AGAAATGGTCTCAGAT-1
GRCh38,AGAAATGTCAAATAGG-1
GRCh38,AGAAATGTCGTTCGCT-1
GRCh38,AGAAATGTCTAGCCTC-1
GRCh38,AGAACAAAGAACCGCA-1
GRCh38,AGAACAAGTAAGCAAT-1
GRCh38,AGAACAAGTATTGAGA-1
GRCh38,AGAACAAGTCAGCTTA-1
GRCh38,AGAACAAGTTGCATAC-1
GRCh38,AGAACAATCCCGTTGT-1
GRCh38,AGAACAATCTCCTGAC-1
GRCh38,AGAACCTAGAGGACTC-1
GRCh38,AGAACCTGTGCATACT-1
GRCh38,AGAACCTGTTGTGTTG-1
GRCh38,AGAACCTTCTCATGCC-1
GRCh38,AGAAGCGAGAAGTGTT-1
GRCh38,AGAAGCGAGGCGATAC-1
GRCh38,AGAAGCGAGTAAGGGA-1
GRCh38,AGAAGCGCATGATAGA-1
GRCh38,AGAAGCGGTGAGGAAA-1
GRCh38,AGAAGTAAGCAGCACA-1
GRCh38,AGAAGTACAAGAAATC-1
GRCh38,AGAAGTACACAAGCCC-1
GRCh38,AGAAGTACACCTTCCA-1
GRCh38,AGAAGTAGTGATCATC-1
GRCh38,AGAAGTATCAGACCCG-1
GRCh38,AGAAGTATCTGAGCAT-1
GRCh38,AGACAAAAGTAATCCC-1
GRCh38,AGACAAACAGTTGTTG-1
GRCh38,AGACAAAGTACGACAG-1
GRCh38,AGACAAAGTGGGTTGA-1
GRCh38,AGACAAATCTATGCCC-1
GRCh38,AGACACTAGCGACTGA-1
GRCh38,AGACACTAGCTCGCAC-1
GRCh38,AGACACTCAATAGTAG-1
GRCh38,AGACACTGTAACATAG-1
GRCh38,AGACACTGTATTCCTT-1
GRCh38,AGACACTGTGGCAACA-1
GRCh38,AGACACTTCCCTATTA-1
GRCh38,AGACAGGGTGGTCTCG-1
GRCh38,AGACAGGGTTCCACAA-1
GRCh38,AGACCATCATCATTTC-1
GRCh38,AGACCATCATTGCAAC-1
GRCh38,AGACCATGTATTGACC-1
GRCh38,AGACCATTCCTCACCA-1
GRCh38,AGACCATTCGCCGTGA-1
GRCh38,AGACCCGAGCACTGGA-1
GRCh38,AGACCCGAGCGATGCA-1
GRCh38,AGACCCGAGTAACGTA-1
GRCh38,AGACCCGCACGTTCGG-1
GRCh38,AGACCCGGTGCAAGAC-1
GRCh38,AGACCCGTCATCTATC-1
GRCh38,AGACCCGTCCCTCGAT-1
GRCh38,AGACTCAAGACGCCAA-1
GRCh38,AGACTCAAGAGAAGGT-1
GRCh38,AGACTCAAGCTGTCCG-1
GRCh38,AGACTCAGTAGTCTTG-1
GRCh38,AGACTCAGTTAATCGC-1
GRCh38,AGACTCAGTTACCTGA-1
GRCh38,AGACTCAGTTGGGTTT-1
GRCh38,AGACTCATCGGTGTTA-1
GRCh38,AGAGAATAGAGAATCT-1
GRCh38,AGAGAATCATTCAGGT-1
GRCh38,AGAGAATTCCGATAAC-1
GRCh38,AGAGAGCCACCAGTTA-1
GRCh38,AGAGAGCGTAGGGAGG-1
GRCh38,AGAGAGCTCATGCGGC-1
GRCh38,AGAGCAGAGATTGACA-1
GRCh38,AGAGCAGCATCGCTGG-1
GRCh38,AGAGCAGGTCGCAACC-1
GRCh38,AGAGCAGTCAGTGGGA-1
GRCh38,AGAGCCCAGATACTGA-1
GRCh38,AGAGCCCCACAGTCCG-1
GRCh38,AGAGCCCGTTCAGCTA-1
GRCh38,AGAGCCCTCCACTGGG-1
GRCh38,AGAGCCCTCGGACGTC-1
GRCh38,AGAGCCCTCGTCACCT-1
GRCh38,AGAGCCCTCTCATTAC-1
GRCh38,AGATAGAAGTATTAGG-1
GRCh38,AGATAGACACGTCGGT-1
GRCh38,AGATAGACATGCAGGA-1
GRCh38,AGATCCACAACCAGAG-1
GRCh38,AGATCCACAGGGACTA-1
GRCh38,AGATCCAGTTACGATC-1
GRCh38,AGATCCAGTTGAAGTA-1
GRCh38,AGATCGTCAGGTCTCG-1
GRCh38,AGATCGTGTGGGAGAG-1
GRCh38,AGATCGTGTTTCCATT-1
GRCh38,AGATCGTTCCTTTGAT-1
GRCh38,AGATGAAGTGGTCCGT-1
GRCh38,AGATGAATCCAACCGG-1
GRCh38,AGATGCTAGCAAACAT-1
GRCh38,AGATGCTCAAGGGCAT-1
GRCh38,AGATGCTCATGATCTG-1
GRCh38,AGATGCTGTAGGCTCC-1
GRCh38,AGATGCTGTCATAACC-1
GRCh38,AGATGCTGTGGTTTGT-1
GRCh38,AGATGCTGTTATCCAG-1
GRCh38,AGATGCTTCACTTGGA-1
GRCh38,AGATGCTTCAGGGTAG-1
GRCh38,AGCATCAAGATTGCGG-1
GRCh38,AGCATCAGTACGCTAT-1
GRCh38,AGCATCATCAAGGTGG-1
GRCh38,AGCATCATCCAGTGCG-1
GRCh38,AGCCAATAGACTTAAG-1
GRCh38,AGCCAATCACTGGAAG-1
GRCh38,AGCCAATCAGTGACCC-1
GRCh38,AGCCAATTCGCAAGAG-1
GRCh38,AGCCACGCACAAATGA-1
GRCh38,AGCCACGGTTGTGTAC-1
GRCh38,AGCCAGCAGCGAGGAG-1
GRCh38,AGCCAGCCAATGCAGG-1
GRCh38,AGCCAGCCAGCAATTC-1
GRCh38,AGCCAGCCAGCCATTA-1
GRCh38,AGCCAGCGTTGCCATA-1
GRCh38,AGCCAGCTCCCGTGAG-1
GRCh38,AGCCAGCTCTGTACAG-1
GRCh38,AGCGATTAGATTGCGG-1
GRCh38,AGCGATTAGGTTCTTG-1
GRCh38,AGCGATTAGGTTGACG-1
GRCh38,AGCGATTCACTGCATA-1
GRCh38,AGCGATTCATGGCTAT-1
GRCh38,AGCGATTGTCTAGTGT-1
GRCh38,AGCGATTGTGTCTTAG-1
GRCh38,AGCGATTTCCAGCTCT-1
GRCh38,AGCGCCAAGGTCGTAG-1
GRCh38,AGCGCCAAGTCATCCA-1
GRCh38,AGCGCCACATCCGCGA-1
GRCh38,AGCGCCATCGTGCACG-1
GRCh38,AGCGCCATCTATTTCG-1
GRCh38,AGCGCCATCTCTCGAC-1
GRCh38,AGCGCTGAGATGATTG-1
GRCh38,AGCGCTGCAACTCCCT-1
GRCh38,AGCGCTGCAATGGGTG-1
GRCh38,AGCGCTGGTCTTAGTG-1
GRCh38,AGCGCTGTCGGTTAGT-1
GRCh38,AGCGTATAGAATCCCT-1
GRCh38,AGCGTATAGAGCCCAA-1
GRCh38,AGCGTATAGCACTCCG-1
GRCh38,AGCGTATAGCGACATG-1
GRCh38,AGCGTATAGGGAGGGT-1
GRCh38,AGCGTATGTCATATGC-1
GRCh38,AGCGTATTCCGTAGGC-1
GRCh38,AGCGTATTCGTTGTAG-1
GRCh38,AGCGTATTCGTTGTGA-1
GRCh38,AGCGTCGAGGGCCAAT-1
GRCh38,AGCGTCGCACTGTCGG-1
GRCh38,AGCGTCGGTTCCTACC-1
GRCh38,AGCGTCGGTTTACTGG-1
GRCh38,AGCTACAAGGTGGGTT-1
GRCh38,AGCTACAAGTAACCGG-1
GRCh38,AGCTACACACAAGCTT-1
GRCh38,AGCTACACAGCAGAAC-1
GRCh38,AGCTACAGTATCGATC-1
GRCh38,AGCTACATCTCTCAAT-1
GRCh38,AGCTCAAGTAAGGCCA-1
GRCh38,AGCTCAATCATCAGTG-1
GRCh38,AGCTCAATCGTTGCCT-1
GRCh38,AGCTCAATCTCCGAGG-1
GRCh38,AGCTTCCAGAAATCCA-1
GRCh38,AGCTTCCAGGTATTGA-1
GRCh38,AGCTTCCGTCGTGCCA-1
GRCh38,AGCTTCCGTTGATGTC-1
GRCh38,AGCTTCCGTTGTTGAC-1
GRCh38,AGCTTCCTCCAGTTCC-1
GRCh38,AGCTTCCTCTTAGTTC-1
GRCh38,AGGAAATTCAGGTAAA-1
GRCh38,AGGAATAAGCTTCATG-1
GRCh38,AGGAATAAGTTGTAAG-1
GRCh38,AGGAATAAGTTGTAGA-1
GRCh38,AGGAATACAAATGAAC-1
GRCh38,AGGAATACAACATCGT-1
GRCh38,AGGAATACAACTGCCG-1
GRCh38,AGGAATACAGGACGAT-1
GRCh38,AGGAATACAGTATGAA-1
GRCh38,AGGAATACATCTTTCA-1
GRCh38,AGGAATACATGTCAGT-1
GRCh38,AGGAATAGTATACCTG-1
GRCh38,AGGAATAGTGCTGTCG-1
GRCh38,AGGAATATCCACACCT-1
GRCh38,AGGAATATCGTAACAC-1
GRCh38,AGGACGAAGAACCGCA-1
GRCh38,AGGACGAAGGTACATA-1
GRCh38,AGGACGACACACCTTC-1
GRCh38,AGGACGACACGCTGAC-1
GRCh38,AGGACGAGTAGATCCT-1
GRCh38,AGGACGAGTAGCCCTG-1
GRCh38,AGGACTTAGTACAGCG-1
GRCh38,AGGACTTCACCCTTGT-1
GRCh38,AGGACTTCAGACGGAT-1
GRCh38,AGGACTTCAGTTTCAG-1
GRCh38,AGGACTTGTCTCAGGC-1
GRCh38,AGGACTTTCAAGAGTA-1
GRCh38,AGGACTTTCCCAATAG-1
GRCh38,AGGACTTTCGAGAGAC-1
GRCh38,AGGAGGTAGCCTTCTC-1
GRCh38,AGGAGGTAGTCCCAGC-1
GRCh38,AGGAGGTCAAGTAGTA-1
GRCh38,AGGAGGTCACCTGCGA-1
GRCh38,AGGAGGTCACTCCCTA-1
GRCh38,AGGAGGTCATTGGGAG-1
GRCh38,AGGAGGTGTGTTCGTA-1
GRCh38,AGGAGGTGTTTGGAAA-1
GRCh38,AGGATAAAGAAACACT-1
GRCh38,AGGATAAAGGTAATCA-1
GRCh38,AGGATAACAAGACAAT-1
GRCh38,AGGATAATCAGACTGT-1
GRCh38,AGGATAATCTGGACTA-1
GRCh38,AGGATCTAGTTGCCTA-1
GRCh38,AGGATCTGTCGTTTCC-1
GRCh38,AGGATCTGTTCCCAAA-1
GRCh38,AGGATCTGTTGTGCAT-1
GRCh38,AGGATCTGTTTCTTAC-1
GRCh38,AGGATCTGTTTGAAAG-1
GRCh38,AGGATCTTCACCCTTG-1
GRCh38,AGGATCTTCCGAGCTG-1
GRCh38,AGGCATTAGAGAATCT-1
GRCh38,AGGCATTAGTAGGATT-1
GRCh38,AGGCATTCAGGCTACC-1
GRCh38,AGGCATTCATGATAGA-1
GRCh38,AGGCATTGTACTGAGG-1
GRCh38,AGGCATTGTAGGGAGG-1
GRCh38,AGGCATTGTATGTCCA-1
GRCh38,AGGCATTGTTACCTTT-1
GRCh38,AGGCATTGTTGCATTG-1
GRCh38,AGGCATTTCCAAACCA-1
GRCh38,AGGCATTTCGGCATCG-1
GRCh38,AGGCCACAGAAGCGCT-1
GRCh38,AGGCCACCAAGATGTA-1
GRCh38,AGGCCACCAGTATACC-1
GRCh38,AGGCCACGTTAAGAAC-1
GRCh38,AGGCCACTCCTTATCA-1
GRCh38,AGGCTGCAGACGCCAA-1
GRCh38,AGGCTGCAGGACTTCT-1
GRCh38,AGGCTGCAGTCGCCCA-1
GRCh38,AGGCTGCCAAGAAATC-1
GRCh38,AGGCTGCGTAGATCGG-1
GRCh38,AGGCTGCGTATACCCA-1
GRCh38,AGGCTGCGTGGACTGA-1
GRCh38,AGGCTGCGTTCTAACG-1
GRCh38,AGGCTGCTCAGACTGT-1
GRCh38,AGGCTGCTCCCTTGGT-1
GRCh38,AGGCTGCTCTCTGGTC-1
GRCh38,AGGGAGTTCAGATGCT-1
GRCh38,AGGGAGTTCGGCGATC-1
GRCh38,AGGGCCTGTATCACCA-1
GRCh38,AGGGCCTTCCTTGACC-1
GRCh38,AGGGCTCAGCCGTAAG-1
GRCh38,AGGGCTCCACCGCTAG-1
GRCh38,AGGGCTCGTATCGCTA-1
GRCh38,AGGGCTCGTGGTTCTA-1
GRCh38,AGGGCTCTCATACGGT-1
GRCh38,AGGGCTCTCCGATAAC-1
GRCh38,AGGGCTCTCGACGTCG-1
GRCh38,AGGGTCCAGTGTAGTA-1
GRCh38,AGGGTCCTCATTTCGT-1
GRCh38,AGGGTGAAGAATCCCT-1
GRCh38,AGGGTGACATGTTCAG-1
GRCh38,AGGGTGAGTAACAGGC-1
GRCh38,AGGGTGAGTAGAATAC-1
GRCh38,AGGGTGAGTTCGCGTG-1
GRCh38,AGGGTGATCGATCCCT-1
GRCh38,AGGGTTTAGGAACTCG-1
GRCh38,AGGGTTTCATTGAAGA-1
GRCh38,AGGGTTTTCATGCAGT-1
GRCh38,AGGTAGGAGATGAAGG-1
GRCh38,AGGTAGGAGGCACCAA-1
GRCh38,AGGTAGGAGTGTTGAA-1
GRCh38,AGGTAGGCACATACGT-1
GRCh38,AGGTAGGCAGTTAGGG-1
GRCh38,AGGTAGGGTCTGGTTA-1
GRCh38,AGGTAGGGTGGAACCA-1
GRCh38,AGGTAGGGTTGTGGAG-1
GRCh38,AGGTCATAGCGTCGAA-1
GRCh38,AGGTCATAGTCGGCCT-1
GRCh38,AGGTCATCAGCAGAAC-1
GRCh38,AGGTCATGTATGAGAT-1
GRCh38,AGGTCATGTTGTAAAG-1
GRCh38,AGGTCTAAGGATGCGT-1
GRCh38,AGGTCTAGTCAATGGG-1
GRCh38,AGGTCTAGTCTTCGAA-1
GRCh38,AGGTCTATCCCTTGTG-1
GRCh38,AGGTCTATCGTAGTGT-1
GRCh38,AGGTCTATCTTTGCGC-1
GRCh38,AGGTGTTAGATGCTTC-1
GRCh38,AGGTGTTAGTCTTCGA-1
GRCh38,AGGTGTTCACTACACA-1
GRCh38,AGGTGTTGTCTTTCTA-1
GRCh38,AGGTGTTGTTCTCCTG-1
GRCh38,AGGTGTTGTTGGGAAC-1
GRCh38,AGGTTACGTAACACCT-1
GRCh38,AGGTTACGTACCATAC-1
GRCh38,AGGTTACGTAGATCGG-1
GRCh38,AGGTTACGTTCAAGGG-1
GRCh38,AGGTTACTCATTTGTC-1
GRCh38,AGGTTACTCGTGACTA-1
GRCh38,AGGTTACTCTGATGGT-1
GRCh38,AGGTTGTAGAAGTCCG-1
GRCh38,AGGTTGTAGTCTCCTC-1
GRCh38,AGGTTGTAGTCTGCGC-1
GRCh38,AGGTTGTGTCGTGGTC-1
GRCh38,AGGTTGTGTGTTTCTT-1
GRCh38,AGGTTGTTCACACCCT-1
GRCh38,AGTAACCAGACAACAT-1
GRCh38,AGTAACCCAATAGAGT-1
GRCh38,AGTAACCCAGCTGCCA-1
GRCh38,AGTAACCTCTATTTCG-1
GRCh38,AGTAACCTCTTAAGGC-1
GRCh38,AGTACCAAGCACCAGA-1
GRCh38,AGTACCACAACGACAG-1
GRCh38,AGTACCACAAGGTTGG-1
GRCh38,AGTACCAGTGCACAAG-1
GRCh38,AGTACCAGTGGAATGC-1
GRCh38,AGTACTGAGCGAACTG-1
GRCh38,AGTACTGAGGTTGAGC-1
GRCh38,AGTACTGAGTAGAGTT-1
GRCh38,AGTACTGTCATTATCC-1
GRCh38,AGTACTGTCTGGGATT-1
GRCh38,AGTACTGTCTTCGTAT-1
GRCh38,AGTACTGTCTTGGCTC-1
GRCh38,AGTAGCTAGCGTACAG-1
GRCh38,AGTAGCTAGGTAAGGA-1
GRCh38,AGTAGCTCAGAGAATT-1
GRCh38,AGTAGCTCATTGAGCT-1
GRCh38,AGTAGCTTCAACCCGG-1
GRCh38,AGTAGCTTCACCTACC-1
GRCh38,AGTAGCTTCCCATTCG-1
GRCh38,AGTAGTCAGACTGGGT-1
GRCh38,AGTAGTCAGCTAAATG-1
GRCh38,AGTAGTCAGCTACTAC-1
GRCh38,AGTAGTCAGTTAACAG-1
GRCh38,AGTAGTCGTCGACGCT-1
GRCh38,AGTAGTCGTGTATACC-1
GRCh38,AGTAGTCGTTGCATTG-1
GRCh38,AGTCAACAGACATGCG-1
GRCh38,AGTCAACAGGCGTTAG-1
GRCh38,AGTCAACAGGTACATA-1
GRCh38,AGTCAACAGTAATTGG-1
GRCh38,AGTCAACGTATAGCTC-1
GRCh38,AGTCAACGTTACGGAG-1
GRCh38,AGTCAACTCCCTGGTT-1
GRCh38,AGTCACAAGAACAAGG-1
GRCh38,AGTCACAAGCCATGCC-1
GRCh38,AGTCACAGTACCATAC-1
GRCh38,AGTCACAGTTCTTGTT-1
GRCh38,AGTCACATCGGCTTCT-1
GRCh38,AGTCATGAGGAAGTCC-1
GRCh38,AGTCATGAGTAGAATC-1
GRCh38,AGTCATGGTGAATAAC-1
GRCh38,AGTCATGTCTCCGTGT-1
GRCh38,AGTCTCCAGCTGTTCA-1
GRCh38,AGTCTCCAGGTAACTA-1
GRCh38,AGTCTCCCAAGTCCAT-1
GRCh38,AGTCTCCGTCCAAATC-1
GRCh38,AGTCTCCGTGACTCGC-1
GRCh38,AGTCTCCTCGCCCAGA-1
GRCh38,AGTGACTAGACCCTTA-1
GRCh38,AGTGACTGTTAGGAGC-1
GRCh38,AGTGACTTCATGCGGC-1
GRCh38,AGTGACTTCTCTTCAA-1
GRCh38,AGTGATCAGGTTCATC-1
GRCh38,AGTGATCGTCACAGTT-1
GRCh38,AGTGATCGTCAGCTTA-1
GRCh38,AGTGATCGTCCAATCA-1
GRCh38,AGTGATCGTCCAGCAC-1
GRCh38,AGTGATCTCTCGCCTA-1
GRCh38,AGTGCCGAGGACAGTC-1
GRCh38,AGTGCCGCACTTCCTG-1
GRCh38,AGTGCCGGTCCGAAAG-1
GRCh38,AGTGTTGAGTCGAAGC-1
GRCh38,AGTGTTGGTTGAATCC-1
GRCh38,AGTGTTGTCATGCGGC-1
GRCh38,AGTTAGCCAATTTCCT-1
GRCh38,AGTTAGCCACGTACAT-1
GRCh38,AGTTAGCCAGGACGAT-1
GRCh38,AGTTAGCCAGTATTCG-1
GRCh38,AGTTAGCCATCGAGCC-1
GRCh38,AGTTAGCTCAACTTTC-1
GRCh38,AGTTAGCTCCCATAGA-1
GRCh38,AGTTAGCTCGACGCTG-1
GRCh38,AGTTCCCGTAGGCAAC-1
GRCh38,AGTTCGAGTCCTCCTA-1
GRCh38,AGTTCGAGTGCCTATA-1
GRCh38,AGTTCGAGTGCCTTCT-1
GRCh38,AGTTCGATCCGCAAAT-1
GRCh38,AGTTCGATCCTAGCGG-1
GRCh38,ATACCGACATCCGGTG-1
GRCh38,ATACCGATCGTAGAGG-1
GRCh38,ATACCGATCTCCTACG-1
GRCh38,ATACCTTAGCTAATCC-1
GRCh38,ATACCTTCAAGAAATC-1
GRCh38,ATACCTTCAGGACATG-1
GRCh38,ATACCTTGTGCCAAGA-1
GRCh38,ATACCTTGTTGCGAAG-1
GRCh38,ATACCTTTCACCGCTT-1
GRCh38,ATACCTTTCGGACCAC-1
GRCh38,ATACCTTTCTCCAATT-1
GRCh38,ATACTTCAGAGAGTTT-1
GRCh38,ATACTTCAGCACCCAC-1
GRCh38,ATACTTCAGGCGAAGG-1
GRCh38,ATACTTCCAGTAGTGG-1
GRCh38,ATACTTCGTACACGCC-1
GRCh38,ATACTTCGTACAGCGA-1
GRCh38,ATAGACCAGAAACTGT-1
GRCh38,ATAGACCGTAGGGTAC-1
GRCh38,ATAGACCTCCCAGCGA-1
GRCh38,ATAGACCTCCGTACGG-1
GRCh38,ATAGAGACAAAGGCGT-1
GRCh38,ATAGAGACAGTATTCG-1
GRCh38,ATAGAGACATCAACCA-1
GRCh38,ATAGAGACATGCCATA-1
GRCh38,ATAGGCTCATGACAAA-1
GRCh38,ATAGGCTGTGTGAATA-1
GRCh38,ATAGGCTGTTGGAGGT-1
GRCh38,ATAGGCTTCCTCTTTC-1
GRCh38,ATATCCTAGACATACA-1
GRCh38,ATATCCTAGCAGCACA-1
GRCh38,ATATCCTAGCTCGCAC-1
GRCh38,ATATCCTCATGTTCAG-1
GRCh38,ATATCCTGTCCTGTTC-1
GRCh38,ATATCCTGTCGACTGC-1
GRCh38,ATATCCTGTTCCGCAG-1
GRCh38,ATATCCTTCATGCATG-1
GRCh38,ATATCCTTCATGCTAG-1
GRCh38,ATATCCTTCCAACCAA-1
GRCh38,ATATCCTTCCACAGCG-1
GRCh38,ATATCCTTCCATCTGC-1
GRCh38,ATATCCTTCTAGCCAA-1
GRCh38,ATCACAGCAAAGAACT-1
GRCh38,ATCACAGGTGACTAAA-1
GRCh38,ATCACAGGTGACTCTA-1
GRCh38,ATCACAGTCCATAAGC-1
GRCh38,ATCACAGTCGCTGATA-1
GRCh38,ATCACGACAAAGTATG-1
GRCh38,ATCACGACAAGTAGTA-1
GRCh38,ATCACGAGTCGGAAAC-1
GRCh38,ATCACGATCTTCTGGC-1
GRCh38,ATCACTTAGAACAAGG-1
GRCh38,ATCACTTAGTTCTCTT-1
GRCh38,ATCACTTTCGAAGGAC-1
GRCh38,ATCACTTTCTGAACGT-1
GRCh38,ATCACTTTCTGCTCTG-1
GRCh38,ATCAGGTAGCAACTTC-1
GRCh38,ATCAGGTAGCCTCAAT-1
GRCh38,ATCAGGTCACCCATAA-1
GRCh38,ATCATTCAGTTCCGTA-1
GRCh38,ATCATTCTCAAGTCTG-1
GRCh38,ATCATTCTCCCATTTA-1
GRCh38,ATCCACCGTCGAGTGA-1
GRCh38,ATCCACCGTGACCGTC-1
GRCh38,ATCCACCTCGGAGCAA-1
GRCh38,ATCCACCTCTCCAAGA-1
GRCh38,ATCCATTAGAAACACT-1
GRCh38,ATCCATTAGACAACAT-1
GRCh38,ATCCATTCAACATCGT-1
GRCh38,ATCCATTGTGGCAACA-1
GRCh38,ATCCATTGTTCCGTTC-1
GRCh38,ATCCATTGTTCGATTG-1
GRCh38,ATCCCTGCACAAGCCC-1
GRCh38,ATCCCTGCAGAGACTG-1
GRCh38,ATCCCTGGTCATCGGC-1
GRCh38,ATCCCTGGTTGCTCAA-1
GRCh38,ATCCCTGTCATATGGC-1
GRCh38,ATCCGTCAGTCATGGG-1
GRCh38,ATCCGTCCAAGGGTCA-1
GRCh38,ATCCGTCCACGCTTAA-1
GRCh38,ATCCGTCCAGAGCTAG-1
GRCh38,ATCCGTCCATCAGTCA-1
GRCh38,ATCCGTCCATGGCGCT-1
GRCh38,ATCCGTCGTGCCTATA-1
GRCh38,ATCCGTCTCACCTTAT-1
GRCh38,ATCCGTCTCCGTTTCG-1
GRCh38,ATCCTATAGGGAACAA-1
GRCh38,ATCCTATGTCTACACA-1
GRCh38,ATCCTATTCCGTGGGT-1
GRCh38,ATCGATGAGCGACATG-1
GRCh38,ATCGATGAGTAATTGG-1
GRCh38,ATCGATGCACCGAATT-1
GRCh38,ATCGATGCATTGCCTC-1
GRCh38,ATCGATGGTCATCTAG-1
GRCh38,ATCGATGTCCAAGCTA-1
GRCh38,ATCGATGTCCTCTGCA-1
GRCh38,ATCGATGTCTAGCCTC-1
GRCh38,ATCGCCTCAACAGAGC-1
GRCh38,ATCGCCTCACCAGGTC-1
GRCh38,ATCGCCTGTGGTCCGT-1
GRCh38,ATCGCCTGTGTGTCCG-1
GRCh38,ATCGCCTTCAATCAGC-1
GRCh38,ATCGGATAGATTCGAA-1
GRCh38,ATCGGATAGCCTCTCT-1
GRCh38,ATCGGATAGGTCCTGC-1
GRCh38,ATCGGATCAACGAGGT-1
GRCh38,ATCGGATCAAGTGGGT-1
GRCh38,ATCGGATCAATAGTAG-1
GRCh38,ATCGGATTCACGTCCT-1
GRCh38,ATCGGATTCCTGCCAT-1
GRCh38,ATCGGCGCAAGATTGA-1
GRCh38,ATCGGCGTCACCTGGG-1
GRCh38,ATCGGCGTCATGTCTT-1
GRCh38,ATCGGCGTCGCCCAGA-1
GRCh38,ATCGTAGAGGTTCTAC-1
GRCh38,ATCGTAGAGTCCTACA-1
GRCh38,ATCGTAGGTCCAAGAG-1
GRCh38,ATCGTAGGTTGTGTAC-1
GRCh38,ATCGTCCAGACCTCAT-1
GRCh38,ATCGTCCAGCCATATC-1
GRCh38,ATCGTCCAGGTCGACA-1
GRCh38,ATCGTCCAGTATGAAC-1
GRCh38,ATCGTCCCATGCCATA-1
GRCh38,ATCGTCCCATGTGGCC-1
GRCh38,ATCGTCCGTACAGAGC-1
GRCh38,ATCGTCCGTACGGGAT-1
GRCh38,ATCGTCCGTAGGAGTC-1
GRCh38,ATCGTGAAGAGTCAAT-1
GRCh38,ATCGTGACACCTCAGG-1
GRCh38,ATCGTGACACCTGCTT-1
GRCh38,ATCGTGACATACCACA-1
GRCh38,ATCGTGACATCCGTGG-1
GRCh38,ATCGTGAGTCGAAACG-1
GRCh38,ATCGTGAGTTTCAGAC-1
GRCh38,ATCGTGATCTTTGATC-1
GRCh38,ATCTCTAAGAGACAAG-1
GRCh38,ATCTCTAAGCTAGATA-1
GRCh38,ATCTCTAAGGCGTTGA-1
GRCh38,ATCTCTACACCGCTAG-1
GRCh38,ATCTCTAGTACCGTGC-1
GRCh38,ATCTCTAGTTCCTACC-1
GRCh38,ATCTCTAGTTCGAAGG-1
GRCh38,ATCTCTATCACTGTCC-1
GRCh38,ATCTCTATCTGTAACG-1
GRCh38,ATCTCTATCTTCGACC-1
GRCh38,ATCTTCAAGCACACAG-1
GRCh38,ATCTTCAAGCGACTTT-1
GRCh38,ATCTTCAAGCTGTTCA-1
GRCh38,ATCTTCAAGGTCTTTG-1
GRCh38,ATCTTCAGTAGTCGTT-1
GRCh38,ATCTTCAGTCAGGTAG-1
GRCh38,ATCTTCAGTGGGCTCT-1
GRCh38,ATCTTCATCCATGATG-1
GRCh38,ATCTTCATCTTGCGCT-1
GRCh38,ATGAAAGAGACGCAGT-1
GRCh38,ATGAAAGCAACTTGCA-1
GRCh38,ATGAAAGGTTGTTGTG-1
GRCh38,ATGAAAGTCACTGATG-1
GRCh38,ATGAAAGTCCGAGATT-1
GRCh38,ATGAAAGTCTTGGCTC-1
GRCh38,ATGACCAAGCACGGAT-1
GRCh38,ATGACCAAGGTGATAT-1
GRCh38,ATGACCACAAGGACAC-1
GRCh38,ATGACCACAGAGTTGG-1
GRCh38,ATGACCAGTAGTAAGT-1
GRCh38,ATGACCAGTAGTCTTG-1
GRCh38,ATGACCAGTCCGATCG-1
GRCh38,ATGACCAGTCGAGCAA-1
GRCh38,ATGACCAGTTACCCTC-1
GRCh38,ATGACCAGTTTGGAGG-1
GRCh38,ATGACCATCGCTTAAG-1
GRCh38,ATGACCATCTGTCGCT-1
GRCh38,ATGAGGGAGGGATCTG-1
GRCh38,ATGAGGGCAACTTGGT-1
GRCh38,ATGAGGGCATCACGGC-1
GRCh38,ATGAGTCCAGATCACT-1
GRCh38,ATGAGTCGTAGGTAGC-1
GRCh38,ATGAGTCGTCGACTGC-1
GRCh38,ATGAGTCGTGTGACCC-1
GRCh38,ATGAGTCTCACTTGGA-1
GRCh38,ATGAGTCTCCTACACC-1
GRCh38,ATGATCGAGCACCCAC-1
GRCh38,ATGATCGAGTATTGCC-1
GRCh38,ATGATCGAGTTGTCGT-1
GRCh38,ATGATCGGTCATAAAG-1
GRCh38,ATGATCGGTGGTCTCG-1
GRCh38,ATGATCGTCAGCAATC-1
GRCh38,ATGATCGTCATCTATC-1
GRCh38,ATGCATGAGGACAAGA-1
GRCh38,ATGCATGCACTCATAG-1
GRCh38,ATGCATGGTAGACAAT-1
GRCh38,ATGCATGGTAGTCTGT-1
GRCh38,ATGCATGGTTTACTGG-1
GRCh38,ATGCATGTCGCGTAGC-1
GRCh38,ATGCCTCAGAGTCCGA-1
GRCh38,ATGCCTCAGGACAACC-1
GRCh38,ATGCCTCCACGACGCT-1
GRCh38,ATGCCTCCACGTAGTT-1
GRCh38,ATGCCTCCACGTATAC-1
GRCh38,ATGCCTCGTGAGATTA-1
GRCh38,ATGCCTCGTTGTATGC-1
GRCh38,ATGCCTCGTTTAGTCG-1
GRCh38,ATGCCTCTCACAAGGG-1
GRCh38,ATGCGATCAATCGTCA-1
GRCh38,ATGCGATGTTTGTGGT-1
GRCh38,ATGGAGGAGACCTTTG-1
GRCh38,ATGGAGGAGATGACAT-1
GRCh38,ATGGAGGCAACCGGAA-1
GRCh38,ATGGAGGCACACTGGC-1
GRCh38,ATGGAGGCAGTCCCGA-1
GRCh38,ATGGAGGGTCCAAATC-1
GRCh38,ATGGAGGGTGTACATC-1
GRCh38,ATGGAGGTCCTAGCTC-1
GRCh38,ATGGAGGTCTCCATAT-1
GRCh38,ATGGATCAGATGGCGT-1
GRCh38,ATGGATCCACATTCTT-1
GRCh38,ATGGATCCAGCTGAAG-1
GRCh38,ATGGATCCATGTCTAG-1
GRCh38,ATGGATCGTGTGCTTA-1
GRCh38,ATGGATCTCCACTTCG-1
GRCh38,ATGGATCTCCCTTCCC-1
GRCh38,ATGGGAGAGAGTGTTA-1
GRCh38,ATGGGAGAGCTCGACC-1
GRCh38,ATGGGAGCACCCAAGC-1
GRCh38,ATGGGAGGTACGCTAT-1
GRCh38,ATGGGAGGTAGTAAGT-1
GRCh38,ATGGGAGGTTACGATC-1
GRCh38,ATGGGAGTCCTTCTTC-1
GRCh38,ATGGGAGTCTACCTTA-1
GRCh38,ATGGGTTAGAAGTATC-1
GRCh38,ATGGGTTCACTGCGAC-1
GRCh38,ATGGGTTCACTGTCGG-1
GRCh38,ATGGGTTCATAAGCAA-1
GRCh38,ATGGGTTGTGATTAGA-1
GRCh38,ATGGGTTTCCTACCAC-1
GRCh38,ATGGTTGAGCACCGTC-1
GRCh38,ATGGTTGAGGGAGGCA-1
GRCh38,ATGGTTGCAAGAGTAT-1
GRCh38,ATGGTTGCAGCGAGTA-1
GRCh38,ATGGTTGGTAGACGGT-1
GRCh38,ATGGTTGGTTCCGTTC-1
GRCh38,ATGGTTGTCAAAGCCT-1
GRCh38,ATGGTTGTCGAGAAAT-1
GRCh38,ATGGTTGTCTCCTGAC-1
GRCh38,ATGGTTGTCTCTCTAA-1
GRCh38,ATGTCCCCATACATCG-1
GRCh38,ATGTCCCGTAGTGCGA-1
GRCh38,ATGTCCCGTGGGTCAA-1
GRCh38,ATGTCCCGTGTACGCC-1
GRCh38,ATGTCCCTCGGTTCAA-1
GRCh38,ATGTCCCTCGTCGCTT-1
GRCh38,ATGTCCCTCTGGTGCG-1
GRCh38,ATGTCTTAGAGGCTGT-1
GRCh38,ATGTCTTCAAACTCGT-1
GRCh38,ATGTCTTCACTACCCT-1
GRCh38,ATGTCTTCAGCGGATA-1
GRCh38,ATGTCTTCATACTGTG-1
GRCh38,ATGTCTTCATGACTCA-1
GRCh38,ATGTCTTCATGTGGTT-1
GRCh38,ATGTCTTGTTGCATCA-1
GRCh38,ATGTCTTTCACACGAT-1
GRCh38,ATGTCTTTCGTCGCTT-1
GRCh38,ATTACCTAGCTAGTTC-1
GRCh38,ATTACCTCACGGTGAA-1
GRCh38,ATTACCTGTCACTTCC-1
GRCh38,ATTACCTGTCAGCTTA-1
GRCh38,ATTACCTGTTCAATCG-1
GRCh38,ATTACTCAGGAGGTTC-1
GRCh38,ATTACTCCAGGGAGAG-1
GRCh38,ATTACTCCAGGTATGG-1
GRCh38,ATTACTCCATATACCG-1
GRCh38,ATTACTCTCGCTGACG-1
GRCh38,ATTACTCTCTTAGCAG-1
GRCh38,ATTATCCAGATGACAT-1
GRCh38,ATTATCCCAGCGGATA-1
GRCh38,ATTATCCCATAGACTC-1
GRCh38,ATTATCCGTGGGTTGA-1
GRCh38,ATTATCCTCAGCCCAG-1
GRCh38,ATTCACTAGTGAATAC-1
GRCh38,ATTCACTCAATAGTGA-1
GRCh38,ATTCACTCACGACAGA-1
GRCh38,ATTCACTGTCGACTGC-1
GRCh38,ATTCACTTCACACCGG-1
GRCh38,ATTCACTTCTGCTTTA-1
GRCh38,ATTCACTTCTTTCCGG-1
GRCh38,ATTCAGGAGGGATCGT-1
GRCh38,ATTCAGGGTCCGGATC-1
GRCh38,ATTCATCAGTAAACTG-1
GRCh38,ATTCATCAGTAGCTCT-1
GRCh38,ATTCATCAGTTTGGCT-1
GRCh38,ATTCATCGTGGATACG-1
GRCh38,ATTCATCTCCTTATGT-1
GRCh38,ATTCATCTCGGCATCG-1
GRCh38,ATTCCATCAACTTCTT-1
GRCh38,ATTCCATCACCAGCCA-1
GRCh38,ATTCCATGTGAGGCAT-1
GRCh38,ATTCCATGTTCGAACT-1
GRCh38,ATTCCATTCACTTGGA-1
GRCh38,ATTCCCGAGGCTTTCA-1
GRCh38,ATTCCCGAGTTGAATG-1
GRCh38,ATTCCCGGTACGCTTA-1
GRCh38,ATTCCCGGTGATGGCA-1
GRCh38,ATTCCCGGTGTACAGG-1
GRCh38,ATTCCCGGTTAAGTCC-1
GRCh38,ATTCCTAAGAGTTCGG-1
GRCh38,ATTCCTAAGGGTATAT-1
GRCh38,ATTCCTACAAAGACTA-1
GRCh38,ATTCCTACATAGGAGC-1
GRCh38,ATTCCTACATGCCGAC-1
GRCh38,ATTCCTACATGTAACC-1
GRCh38,ATTCCTATCGCGCCAA-1
GRCh38,ATTCGTTAGGAGAATG-1
GRCh38,ATTCGTTAGGCGTCCT-1
GRCh38,ATTCGTTCACCATATG-1
GRCh38,ATTCGTTCACGCAGTC-1
GRCh38,ATTCGTTCACTTGAGT-1
GRCh38,ATTCGTTGTTTAGAGA-1
GRCh38,ATTCGTTTCAAAGACA-1
GRCh38,ATTCGTTTCGGCTGGT-1
GRCh38,ATTCGTTTCGTCAACA-1
GRCh38,ATTCTACAGGGCATGT-1
GRCh38,ATTCTACAGGTTCCGC-1
GRCh38,ATTCTACCACGTTCGG-1
GRCh38,ATTCTACGTCATGACT-1
GRCh38,ATTCTACGTCCTCCTA-1
GRCh38,ATTCTACGTGAACTAA-1
GRCh38,ATTCTTGAGCTCGACC-1
GRCh38,ATTCTTGCAAGCAATA-1
GRCh38,ATTCTTGGTGAGAGGG-1
GRCh38,ATTCTTGTCGTTAGAC-1
GRCh38,ATTGGGTAGGCTGGAT-1
GRCh38,ATTGGGTAGGTCATCT-1
GRCh38,ATTGGGTAGTTACGGG-1
GRCh38,ATTGGGTCAGGCTCTG-1
GRCh38,ATTGGGTGTCGAACAG-1
GRCh38,ATTGGGTTCGGCTGTG-1
GRCh38,ATTGTTCCAGTATGAA-1
GRCh38,ATTGTTCCATTGACAC-1
GRCh38,ATTGTTCGTCGATTTG-1
GRCh38,ATTGTTCGTTAGTTCG-1
GRCh38,ATTGTTCGTTCGTAAC-1
GRCh38,ATTGTTCGTTTGGAAA-1
GRCh38,ATTGTTCTCTCGTTTA-1
GRCh38,ATTTACCCATCGTTCC-1
GRCh38,ATTTACCGTACAGAGC-1
GRCh38,ATTTACCGTTATGGTC-1
GRCh38,ATTTACCGTTGCATCA-1
GRCh38,ATTTACCTCCCGAGGT-1
GRCh38,ATTTACCTCCTCTCTT-1
GRCh38,ATTTACCTCTGCTCTG-1
GRCh38,ATTTCACAGCGTTCAT-1
GRCh38,ATTTCACAGTAACCGG-1
GRCh38,ATTTCACCAAGTAGTA-1
GRCh38,ATTTCACTCTCCGTGT-1
GRCh38,ATTTCTGAGAGGGTAA-1
GRCh38,ATTTCTGAGGCACCAA-1
GRCh38,ATTTCTGAGTAGACAT-1
GRCh38,ATTTCTGAGTCCGCCA-1
GRCh38,ATTTCTGCATAGTCAC-1
GRCh38,ATTTCTGTCTGGTCAA-1
GRCh38,CAAAGAAAGGAAACGA-1
GRCh38,CAAAGAACACTAGGTT-1
GRCh38,CAAAGAACATGTAACC-1
GRCh38,CAAAGAAGTCGATTTG-1
GRCh38,CAAAGAAGTGACCGAA-1
GRCh38,CAAAGAATCCATACAG-1
GRCh38,CAAAGAATCTCATTTG-1
GRCh38,CAACAACCAGAGGCAT-1
GRCh38,CAACAACGTAGGCAAC-1
GRCh38,CAACAACGTTGGGCCT-1
GRCh38,CAACAACTCCTCCACA-1
GRCh38,CAACAACTCGTGCAGC-1
GRCh38,CAACAACTCGTTTACT-1
GRCh38,CAACAGTAGGAGAATG-1
GRCh38,CAACAGTCACTGGATT-1
GRCh38,CAACAGTGTCTTGCGG-1
GRCh38,CAACCAACACCACATA-1
GRCh38,CAACCAACAGACATCT-1
GRCh38,CAACCAACAGTCAGTT-1
GRCh38,CAACCTCAGACGGTCA-1
GRCh38,CAACCTCAGAGCAGTC-1
GRCh38,CAACCTCAGCGTACAG-1
GRCh38,CAACCTCAGGGAGGTG-1
GRCh38,CAACCTCAGTATGATG-1
GRCh38,CAACCTCTCATCTACT-1
GRCh38,CAACGATAGATAGGGA-1
GRCh38,CAACGATAGCTCACTA-1
GRCh38,CAACGATGTTAGGCTT-1
GRCh38,CAACGATTCCGATGTA-1
GRCh38,CAACGATTCTAGGCCG-1
GRCh38,CAACGGCAGAGTTGCG-1
GRCh38,CAACGGCAGATAGTCA-1
GRCh38,CAACGGCAGCACGATG-1
GRCh38,CAACGGCGTCATCCGG-1
GRCh38,CAACGGCTCGGTGCAC-1
GRCh38,CAAGACTAGCAAATGT-1
GRCh38,CAAGACTAGGATTTCC-1
GRCh38,CAAGACTAGTTAACGA-1
GRCh38,CAAGACTGTACTAAGA-1
GRCh38,CAAGACTTCCACGAAT-1
GRCh38,CAAGAGGAGAACCCGA-1
GRCh38,CAAGAGGAGGATACGC-1
GRCh38,CAAGAGGAGGCTATCT-1
GRCh38,CAAGAGGCAGGTACGA-1
GRCh38,CAAGAGGGTCCGGCAT-1
GRCh38,CAAGAGGGTTGTATGC-1
GRCh38,CAAGAGGTCCGTCCTA-1
GRCh38,CAAGAGGTCTAGCCTC-1
GRCh38,CAAGCTAAGCGCCCAT-1
GRCh38,CAAGCTACAACTCCCT-1
GRCh38,CAAGGGACACAAATCC-1
GRCh38,CAAGGGACACTACTTT-1
GRCh38,CAAGGGAGTCCGCAGT-1
GRCh38,CAAGGGAGTGCGGTAA-1
GRCh38,CAATACGCAAGAATGT-1
GRCh38,CAATACGCAGATTCGT-1
GRCh38,CAATACGGTCAAAGCG-1
GRCh38,CAATACGTCGAGAACG-1
GRCh38,CAATCGAAGACTGGGT-1
GRCh38,CAATCGACACGCCACA-1
GRCh38,CAATCGAGTTCGATTG-1
GRCh38,CAATCGATCAATCCAG-1
GRCh38,CAATCGATCCACGGGT-1
GRCh38,CAATCGATCTTCGCTG-1
GRCh38,CAATGACAGGCACCAA-1
GRCh38,CAATGACAGGCGTCCT-1
GRCh38,CAATGACAGTGACCTT-1
GRCh38,CAATGACCAACTTCTT-1
GRCh38,CAATGACCACAACGCC-1
GRCh38,CAATGACCACCTGCGA-1
GRCh38,CAATGACCATGACCCG-1
GRCh38,CAATGACTCACCCATC-1
GRCh38,CAATTTCAGCCTGTCG-1
GRCh38,CAATTTCCATCCTTGC-1
GRCh38,CACACAAAGATGAAGG-1
GRCh38,CACACAACAAAGACGC-1
GRCh38,CACACAACAGACCTAT-1
GRCh38,CACACAACAGACGGAT-1
GRCh38,CACACAAGTAGTGCGA-1
GRCh38,CACACAAGTGCCTGCA-1
GRCh38,CACACAATCCGTGGGT-1
GRCh38,CACAGATAGAGTGAAG-1
GRCh38,CACAGATAGGGCAAGG-1
GRCh38,CACAGATCACGCGGTT-1
GRCh38,CACAGGCAGGTCACCC-1
GRCh38,CACAGGCCACCCTTGT-1
GRCh38,CACAGGCGTATACAGA-1
GRCh38,CACAGGCGTCCGAAAG-1
GRCh38,CACAGGCTCTCTATAC-1
GRCh38,CACATGAAGCTACTGT-1
GRCh38,CACATGAAGGAACTAT-1
GRCh38,CACATGACAAGCGCAA-1
GRCh38,CACATGACATAACGGG-1
GRCh38,CACATGAGTTTCGACA-1
GRCh38,CACATGATCCAAGCAT-1
GRCh38,CACATGATCCTTCTAA-1
GRCh38,CACCAAAAGCAACAGC-1
GRCh38,CACCAAACACGTCATA-1
GRCh38,CACCAAAGTCTGATCA-1
GRCh38,CACCAAAGTTGAGTCT-1
GRCh38,CACCAAATCCTAGCCT-1
GRCh38,CACCAAATCCTGTAGA-1
GRCh38,CACCAAATCGCCGATG-1
GRCh38,CACCGTTAGCTGGAGT-1
GRCh38,CACCGTTCATCCGTGG-1
GRCh38,CACCGTTGTACGTTCA-1
GRCh38,CACCGTTGTAGAGTTA-1
GRCh38,CACCGTTGTCACTTCC-1
GRCh38,CACCGTTGTCGTCGGT-1
GRCh38,CACCGTTTCACTGGGC-1
GRCh38,CACGAATAGGACTAAT-1
GRCh38,CACGAATAGTGACACG-1
GRCh38,CACGAATCAAGTTCCA-1
GRCh38,CACGAATCATGTCGTA-1
GRCh38,CACGAATGTTTGGGAG-1
GRCh38,CACGGGTAGAGCATAT-1
GRCh38,CACGGGTAGATAACGT-1
GRCh38,CACGGGTCACACACTA-1
GRCh38,CACGGGTGTACCAATC-1
GRCh38,CACGGGTGTGCAACAG-1
GRCh38,CACGGGTGTTAACCTG-1
GRCh38,CACGGGTGTTACACTG-1
GRCh38,CACGGGTTCATAGACC-1
GRCh38,CACGGGTTCTGGTCAA-1
GRCh38,CACGTGGAGAAGAACG-1
GRCh38,CACGTGGCACGAGGTA-1
GRCh38,CACGTGGGTTTGATCG-1
GRCh38,CACGTGGTCTAGACAC-1
GRCh38,CACGTGGTCTCGTCGT-1
GRCh38,CACGTTCCACGGTGAA-1
GRCh38,CACGTTCCATGCCGCA-1
GRCh38,CACGTTCGTCAGTCTA-1
GRCh38,CACGTTCGTCGGTAAG-1
GRCh38,CACTAAGAGGCCTAAG-1
GRCh38,CACTAAGCAACCAACT-1
GRCh38,CACTAAGGTAGGACCA-1
GRCh38,CACTAAGGTGGAGAAA-1
GRCh38,CACTAAGTCCATCGTC-1
GRCh38,CACTAAGTCGAGGCAA-1
GRCh38,CACTGAACAGCTGCCA-1
GRCh38,CACTGAACATAGGTTC-1
GRCh38,CACTGAAGTAGGACTG-1
GRCh38,CACTGAAGTATCACCA-1
GRCh38,CACTGAATCAGTGTCA-1
GRCh38,CACTGAATCCATCACC-1
GRCh38,CACTGAATCTGCATGA-1
GRCh38,CACTGGGAGGACATCG-1
GRCh38,CACTGGGAGGTGGCTA-1
GRCh38,CACTGGGCACCTCGTT-1
GRCh38,CACTGGGGTCGCTCGA-1
GRCh38,CACTGGGTCGAGATAA-1
GRCh38,CACTGTCAGAGTCGAC-1
GRCh38,CACTGTCAGGATTTAG-1
GRCh38,CACTGTCCAATACCCA-1
GRCh38,CACTGTCGTAGCTGAG-1
GRCh38,CACTGTCGTTAACCTG-1
GRCh38,CACTGTCTCCGCTGTT-1
GRCh38,CACTTCGCAAATACGA-1
GRCh38,CACTTCGCAATCCAGT-1
GRCh38,CACTTCGCACACCTGG-1
GRCh38,CACTTCGCAGTCGCTG-1
GRCh38,CACTTCGCAGTTGCGC-1
GRCh38,CACTTCGGTTGCTAGT-1
GRCh38,CAGAGCCAGACTCTTG-1
GRCh38,CAGAGCCAGATACCAA-1
GRCh38,CAGAGCCAGGTGATCG-1
GRCh38,CAGAGCCAGTTAGAAC-1
GRCh38,CAGAGCCCAACAGAGC-1
GRCh38,CAGAGCCCAATTTCTC-1
GRCh38,CAGAGCCCACAACATC-1
GRCh38,CAGAGCCCACCCTAAA-1
GRCh38,CAGAGCCGTACCCGAC-1
GRCh38,CAGAGCCGTGTCTAAC-1
GRCh38,CAGAGCCTCTTTCGAT-1
GRCh38,CAGATACAGCGGACAT-1
GRCh38,CAGATACCACGCGTGT-1
GRCh38,CAGATACCATCAGCAT-1
GRCh38,CAGATACGTGTCATGT-1
GRCh38,CAGATCAAGATTTGCC-1
GRCh38,CAGATCAAGGTGCAGT-1
GRCh38,CAGATCAGTACGTAGG-1
GRCh38,CAGATCATCAAGTCTG-1
GRCh38,CAGATTGAGCCATTTG-1
GRCh38,CAGATTGAGCTTCTAG-1
GRCh38,CAGATTGAGGATACCG-1
GRCh38,CAGATTGAGGCCTGCT-1
GRCh38,CAGATTGAGTCTAACC-1
GRCh38,CAGATTGCAAGCTACT-1
GRCh38,CAGATTGCACTGAATC-1
GRCh38,CAGATTGTCACGGTCG-1
GRCh38,CAGATTGTCCAGTACA-1
GRCh38,CAGATTGTCGAAACAA-1
GRCh38,CAGCAATGTACATTGC-1
GRCh38,CAGCAATGTCGGTACC-1
GRCh38,CAGCAATTCGGATACT-1
GRCh38,CAGCACGAGAAGTCTA-1
GRCh38,CAGCACGAGCATTGTC-1
GRCh38,CAGCACGAGGTTATAG-1
GRCh38,CAGCACGGTACTCCCT-1
GRCh38,CAGCACGGTATGCGGA-1
GRCh38,CAGCACGGTTAGGCTT-1
GRCh38,CAGCACGGTTTGGAAA-1
GRCh38,CAGCAGCAGAGTCAGC-1
GRCh38,CAGCAGCAGCAGCCCT-1
GRCh38,CAGCAGCAGGGCTAAC-1
GRCh38,CAGCAGCCACGCGCAT-1
GRCh38,CAGCAGCGTTCCCAAA-1
GRCh38,CAGCAGCTCTCTCGAC-1
GRCh38,CAGCCAGAGGCATCGA-1
GRCh38,CAGCCAGAGTCTGGAG-1
GRCh38,CAGCCAGCAGCTATTG-1
GRCh38,CAGCCAGGTGCCAAGA-1
GRCh38,CAGCCAGGTTCCTACC-1
GRCh38,CAGCCAGTCCGCTAGG-1
GRCh38,CAGCGTGCAGGCTACC-1
GRCh38,CAGCGTGCATGCAGCC-1
GRCh38,CAGGCCAAGCTAAATG-1
GRCh38,CAGGCCAGTCCTGGTG-1
GRCh38,CAGGCCATCACATTGG-1
GRCh38,CAGGCCATCAGCATTG-1
GRCh38,CAGGCCATCTACGGGC-1
GRCh38,CAGGGCTAGGTAAACT-1
GRCh38,CAGGGCTCAAAGGCAC-1
GRCh38,CAGGGCTCAACTGGTT-1
GRCh38,CAGGGCTCAGCGGTCT-1
GRCh38,CAGGGCTCATTCACCC-1
GRCh38,CAGGGCTGTACCATAC-1
GRCh38,CAGGGCTTCGCTACAA-1
GRCh38,CAGGGCTTCTGCCCTA-1
GRCh38,CAGGTATAGATTGGGC-1
GRCh38,CAGGTATAGCAGATAT-1
GRCh38,CAGGTATAGGGACCAT-1
GRCh38,CAGGTATCAGCTATAC-1
GRCh38,CAGGTATGTAGGTAGC-1
GRCh38,CAGGTATGTCAACACT-1
GRCh38,CAGGTATGTGGCGTAA-1
GRCh38,CAGTGCGCAAATTAGG-1
GRCh38,CAGTGCGGTTCAAAGA-1
GRCh38,CAGTGCGGTTTGTTGG-1
GRCh38,CAGTGCGTCCATTGTT-1
GRCh38,CAGTTAGAGGCACTAG-1
GRCh38,CAGTTAGAGGCTATCT-1
GRCh38,CAGTTAGCAAGTCATC-1
GRCh38,CAGTTAGCACCTATCC-1
GRCh38,CAGTTAGGTAGATTAG-1
GRCh38,CAGTTAGGTCGTGGTC-1
GRCh38,CAGTTAGTCTCGACGG-1
GRCh38,CAGTTCCAGGGAGTTC-1
GRCh38,CAGTTCCAGTTGCGCC-1
GRCh38,CAGTTCCCAGTCGCTG-1
GRCh38,CAGTTCCTCAAGTCGT-1
GRCh38,CAGTTCCTCCATCGTC-1
GRCh38,CAGTTCCTCTCAGGCG-1
GRCh38,CAGTTCCTCTTCTCAA-1
GRCh38,CATAAGCAGCTGCCTG-1
GRCh38,CATAAGCCACGTAGAG-1
GRCh38,CATAAGCCATAATCCG-1
GRCh38,CATAAGCGTACGACTT-1
GRCh38,CATAAGCGTGTCTTGA-1
GRCh38,CATAAGCTCGGCCTTT-1
GRCh38,CATAAGCTCTATCCAT-1
GRCh38,CATAAGCTCTGGAAGG-1
GRCh38,CATACAGAGAGTTGCG-1
GRCh38,CATACAGAGATAGCTA-1
GRCh38,CATACAGAGGTGGTTG-1
GRCh38,CATACAGAGTTCCATG-1
GRCh38,CATACAGCAAAGGATT-1
GRCh38,CATACCCGTTACCCAA-1
GRCh38,CATACCCTCAATCTCT-1
GRCh38,CATACCCTCGGTTGTA-1
GRCh38,CATACTTCACCCTAAA-1
GRCh38,CATACTTCATCAGCTA-1
GRCh38,CATACTTGTTTGGGTT-1
GRCh38,CATACTTTCCGTATGA-1
GRCh38,CATACTTTCGACATCA-1
GRCh38,CATAGACGTCGGCACT-1
GRCh38,CATAGACGTGCCGGTT-1
GRCh38,CATAGACTCATGCATG-1
GRCh38,CATAGACTCATTGCTT-1
GRCh38,CATAGACTCCTAGCTC-1
GRCh38,CATCAAGAGGAAAGGT-1
GRCh38,CATCAAGCACAAATCC-1
GRCh38,CATCAAGCATACAGCT-1
GRCh38,CATCAAGGTTCACCGG-1
GRCh38,CATCAAGTCCTTCACG-1
GRCh38,CATCAAGTCTATACTC-1
GRCh38,CATCCACAGGTTCCAT-1
GRCh38,CATCCACCACCGGCTA-1
GRCh38,CATCCACGTCAAATCC-1
GRCh38,CATCCACGTCAGTCTA-1
GRCh38,CATCCACGTCCAGGTC-1
GRCh38,CATCCACTCACCTACC-1
GRCh38,CATCCACTCGGCTGAC-1
GRCh38,CATCCACTCTTGCGCT-1
GRCh38,CATCCCAAGCACCGTC-1
GRCh38,CATCCCAAGCATAGGC-1
GRCh38,CATCCCAGTCGAGTGA-1
GRCh38,CATCCCAGTGTTCCTC-1
GRCh38,CATCCCATCCGCACTT-1
GRCh38,CATCCCATCGAACTCA-1
GRCh38,CATCCCATCGACTCCT-1
GRCh38,CATCCCATCTACTTCA-1
GRCh38,CATCCCATCTCTTCAA-1
GRCh38,CATCCGTAGCCTGCCA-1
GRCh38,CATCCGTAGGACTGGT-1
GRCh38,CATCCGTAGGTAATCA-1
GRCh38,CATCCGTCATATAGCC-1
GRCh38,CATCCGTGTCAACATC-1
GRCh38,CATCCGTGTGTGATGG-1
GRCh38,CATCGCTAGTCTTCCC-1
GRCh38,CATCGCTTCTTCGCTG-1
GRCh38,CATCGGGCAGATACTC-1
GRCh38,CATCGGGGTCAGATTC-1
GRCh38,CATCGGGTCTTAGCCC-1
GRCh38,CATCGTCAGGGAACAA-1
GRCh38,CATCGTCGTTAACAGA-1
GRCh38,CATCGTCGTTGGTAGG-1
GRCh38,CATCGTCTCCGAACGC-1
GRCh38,CATGAGTAGACTTAAG-1
GRCh38,CATGAGTAGCGAAACC-1
GRCh38,CATGAGTCAACTACGT-1
GRCh38,CATGAGTCAGCTGTAT-1
GRCh38,CATGAGTGTACCTATG-1
GRCh38,CATGAGTTCCCGAGAC-1
GRCh38,CATGAGTTCGCTAATG-1
GRCh38,CATGCAACAGGAACCA-1
GRCh38,CATGCAAGTGCCTTCT-1
GRCh38,CATGCAAGTGTGAGCA-1
GRCh38,CATGCAATCAGCCTCT-1
GRCh38,CATGCAATCCAAAGGG-1
GRCh38,CATGCAATCGATTGAC-1
GRCh38,CATGCAATCTCGCCTA-1
GRCh38,CATGCCTAGAATCCCT-1
GRCh38,CATGCCTAGACATAAC-1
GRCh38,CATGCCTCAAACGTGG-1
GRCh38,CATGCCTCACAACATC-1
GRCh38,CATGCCTCAGCGATTT-1
GRCh38,CATGCCTTCCGACGGT-1
GRCh38,CATGCCTTCGTCGATA-1
GRCh38,CATGCCTTCTTAGCAG-1
GRCh38,CATGCGGAGACCTGGA-1
GRCh38,CATGCGGAGCTGACCC-1
GRCh38,CATGCGGAGTAGGGTC-1
GRCh38,CATGCGGCACTACTTT-1
GRCh38,CATGCGGCAGACCAAG-1
GRCh38,CATGCGGCAGCTCCTT-1
GRCh38,CATGCGGCAGCTGGTC-1
GRCh38,CATGCGGCATTGTGCA-1
GRCh38,CATGCGGGTAGAATGT-1
GRCh38,CATGCGGGTCACTCGG-1
GRCh38,CATGCGGGTCGAACAG-1
GRCh38,CATGCGGGTCTCTCAC-1
GRCh38,CATGCGGGTGCGGCTT-1
GRCh38,CATGCTCAGACGTCGA-1
GRCh38,CATGCTCAGAGGGTAA-1
GRCh38,CATGCTCAGATGTTGA-1
GRCh38,CATGCTCAGCAAGTGC-1
GRCh38,CATGCTCAGGACATCG-1
GRCh38,CATGCTCCAGAGGTTG-1
GRCh38,CATGCTCGTGGTCAAG-1
GRCh38,CATGCTCGTTCGGGTC-1
GRCh38,CATGCTCTCATTTCGT-1
GRCh38,CATGCTCTCCCGTGTT-1
GRCh38,CATGCTCTCGGCTGGT-1
GRCh38,CATGGATAGATGCTAA-1
GRCh38,CATGGATAGCTAGATA-1
GRCh38,CATGGATCAACTCGTA-1
GRCh38,CATGGATCAATGAAAC-1
GRCh38,CATGGATCAATTTCTC-1
GRCh38,CATGGATCACATATCG-1
GRCh38,CATGGATGTGTTAAAG-1
GRCh38,CATGGTAAGAGCTGAC-1
GRCh38,CATGGTAAGTCCGCGT-1
GRCh38,CATGGTAGTTGGAGGT-1
GRCh38,CATTCATAGATGTTAG-1
GRCh38,CATTCATAGGTAGTAT-1
GRCh38,CATTCATTCAGAGCGA-1
GRCh38,CATTCATTCGACTCCT-1
GRCh38,CATTCATTCTTTGCGC-1
GRCh38,CATTCCGAGGTCATCT-1
GRCh38,CATTCCGCAAGTCGTT-1
GRCh38,CATTCCGCACTAGAGG-1
GRCh38,CATTCCGCATAAGCGG-1
GRCh38,CATTCCGGTCAGTTTG-1
GRCh38,CATTCCGTCATTACGG-1
GRCh38,CATTCCGTCGAGTGGA-1
GRCh38,CATTCTACACCAATTG-1
GRCh38,CATTCTACAGCGAGTA-1
GRCh38,CATTCTACAGTCACGC-1
GRCh38,CATTCTAGTAGTGTGG-1
GRCh38,CATTCTAGTCGTGCCA-1
GRCh38,CATTCTATCTTCACGC-1
GRCh38,CATTGAGAGATGCAGC-1
GRCh38,CATTGAGAGCACGTCC-1
GRCh38,CATTGAGAGTAGCAAT-1
GRCh38,CATTGAGGTATGGAAT-1
GRCh38,CATTGAGGTCCAGGTC-1
GRCh38,CATTGAGGTGACAGGT-1
GRCh38,CATTGAGTCGCAATTG-1
GRCh38,CATTGCCAGAGGCCAT-1
GRCh38,CATTGCCCAAGACGGT-1
GRCh38,CATTGCCCAGAGATTA-1
GRCh38,CATTGCCCAGCAGTGA-1
GRCh38,CATTGCCGTATCACCA-1
GRCh38,CATTGCCGTTCAGGTT-1
GRCh38,CATTGCCGTTCCGTTC-1
GRCh38,CATTGCCTCAGAGTTC-1
GRCh38,CATTGCCTCTTGGCTC-1
GRCh38,CATTGTTCAAGTGCTT-1
GRCh38,CATTGTTCAGAGTCAG-1
GRCh38,CATTGTTCAGTATTCG-1
GRCh38,CATTGTTGTGACTGTT-1
GRCh38,CATTGTTGTGTCTTCC-1
GRCh38,CATTGTTTCCCTTGTG-1
GRCh38,CATTTCAAGAGAGTGA-1
GRCh38,CATTTCAGTATCGCTA-1
GRCh38,CATTTCAGTATTGGCT-1
GRCh38,CATTTCAGTTGCTTGA-1
GRCh38,CATTTCATCCGATGCG-1
GRCh38,CATTTCATCTCTAGGA-1
GRCh38,CCAAGCGCAAACCGGA-1
GRCh38,CCAAGCGCAATGAACA-1
GRCh38,CCAAGCGCAGAGTTCT-1
GRCh38,CCAAGCGGTTGCAAGG-1
GRCh38,CCAAGCGGTTGTGTTG-1
GRCh38,CCAATGAAGGCAGGGA-1
GRCh38,CCAATGACAATGAGCG-1
GRCh38,CCAATGACAGAACTCT-1
GRCh38,CCAATGAGTATGTCTG-1
GRCh38,CCAATGAGTCTCACGG-1
GRCh38,CCAATTTCATAATGCC-1
GRCh38,CCAATTTGTCGTTTCC-1
GRCh38,CCAATTTGTTCGTAAC-1
GRCh38,CCACAAAAGTATAACG-1
GRCh38,CCACAAACAATTTCTC-1
GRCh38,CCACAAACAGGCCCTA-1
GRCh38,CCACAAACAGGCCTGT-1
GRCh38,CCACAAACAGGGAATC-1
GRCh38,CCACAAAGTAACAGGC-1
GRCh38,CCACAAAGTATAGGAT-1
GRCh38,CCACAAAGTGTTGCCG-1
GRCh38,CCACACTAGAGGTTAT-1
GRCh38,CCACACTAGATCCCGC-1
GRCh38,CCACACTAGGAGTCTG-1
GRCh38,CCACACTCAAGCCCAC-1
GRCh38,CCACACTGTGCGGATA-1
GRCh38,CCACACTTCGTCTCAC-1
GRCh38,CCACACTTCTGCACCT-1
GRCh38,CCACCATCACCTCTAC-1
GRCh38,CCACCATGTCAAGCGA-1
GRCh38,CCACCATGTCAGATTC-1
GRCh38,CCACCATGTCCTGGGT-1
GRCh38,CCACCATTCACTTGTT-1
GRCh38,CCACCATTCTTGATTC-1
GRCh38,CCACGAGAGACCTTTG-1
GRCh38,CCACGAGAGTCCTGCG-1
GRCh38,CCACGAGAGTGTTCAC-1
GRCh38,CCACGAGCATGGCCCA-1
GRCh38,CCACGAGGTATCAGGG-1
GRCh38,CCACGAGGTGTCCAAT-1
GRCh38,CCACGAGGTGTTAGCT-1
GRCh38,CCACGAGTCCCGTGAG-1
GRCh38,CCACGTTAGGCTGTAG-1
GRCh38,CCACGTTAGGTCACCC-1
GRCh38,CCACGTTCACATGGTT-1
GRCh38,CCACGTTCAGAACTCT-1
GRCh38,CCACGTTGTCTTGCTC-1
GRCh38,CCACGTTGTTCCTACC-1
GRCh38,CCACGTTGTTGTGTTG-1
GRCh38,CCACGTTTCAAACGTC-1
GRCh38,CCACTTGCATACATCG-1
GRCh38,CCACTTGCATAGACTC-1
GRCh38,CCACTTGGTACGGTTT-1
GRCh38,CCACTTGGTATCCTTT-1
GRCh38,CCACTTGGTGTGTGTT-1
GRCh38,CCACTTGTCAGCCTCT-1
GRCh38,CCACTTGTCATTATCC-1
GRCh38,CCACTTGTCCTAAACG-1
GRCh38,CCATAAGAGACAACAT-1
GRCh38,CCATAAGGTCTGTGGC-1
GRCh38,CCATAAGGTGAGATAT-1
GRCh38,CCATAAGTCGAAGCAG-1
GRCh38,CCATAAGTCTCTTCAA-1
GRCh38,CCATAAGTCTTAGCCC-1
GRCh38,CCATCACAGATGGTAT-1
GRCh38,CCATCACAGCCGTCGT-1
GRCh38,CCATCACAGCGTGAAC-1
GRCh38,CCATCACAGTAACGTA-1
GRCh38,CCATCACAGTCCCGAC-1
GRCh38,CCATCACCAGAACTAA-1
GRCh38,CCATCACCAGTTAGAA-1
GRCh38,CCATCACCATCGTGGC-1
GRCh38,CCATCACCATTACTCT-1
GRCh38,CCATCACCATTGCCTC-1
GRCh38,CCATCACGTGGTCAAG-1
GRCh38,CCCAACTAGGCCTAGA-1
GRCh38,CCCAACTTCAGTCATG-1
GRCh38,CCCAACTTCCATCTAT-1
GRCh38,CCCAACTTCCCTGTTG-1
GRCh38,CCCAACTTCGACGCTG-1
GRCh38,CCCATTGAGAAACCCG-1
GRCh38,CCCATTGAGCTGGTGA-1
GRCh38,CCCATTGCAAGACTGG-1
GRCh38,CCCATTGCAGTCTTCC-1
GRCh38,CCCATTGTCAGTCAGT-1
GRCh38,CCCGAAGAGAGTTGCG-1
GRCh38,CCCGAAGCAAGAGTAT-1
GRCh38,CCCGAAGCATTCATCT-1
GRCh38,CCCGAAGGTTAAGAAC-1
GRCh38,CCCGAAGGTTGGGTAG-1
GRCh38,CCCGAAGTCGACGCTG-1
GRCh38,CCCGAAGTCGACTCCT-1
GRCh38,CCCGGAAAGAATCGAT-1
GRCh38,CCCGGAAAGTAAATGC-1
GRCh38,CCCGGAAAGTCTAACC-1
GRCh38,CCCGGAACAGCGAGTA-1
GRCh38,CCCTAACAGCGGTAGT-1
GRCh38,CCCTAACCAGTCTACA-1
GRCh38,CCCTAACGTGTCACAT-1
GRCh38,CCCTAACTCACATTGG-1
GRCh38,CCCTAACTCGACCACG-1
GRCh38,CCCTAACTCGTACCTC-1
GRCh38,CCCTCAACATGACTCA-1
GRCh38,CCCTCAATCCTGGGAC-1
GRCh38,CCCTCTCAGCACCCAC-1
GRCh38,CCCTCTCGTAGCGTAG-1
GRCh38,CCCTCTCGTTAAGGAT-1
GRCh38,CCCTCTCGTTTGATCG-1
GRCh38,CCCTCTCTCCTCGCAT-1
GRCh38,CCCTCTCTCGTGGCGT-1
GRCh38,CCCTGATAGACCTTTG-1
GRCh38,CCCTGATAGATCCAAA-1
GRCh38,CCCTGATAGCAGTCTT-1
GRCh38,CCCTGATAGTTGTCAC-1
GRCh38,CCCTGATCAAACCATC-1
GRCh38,CCCTGATCAGTGTGGA-1
GRCh38,CCCTGATGTGTTTACG-1
GRCh38,CCCTGATGTTTGACAC-1
GRCh38,CCCTGATTCACTCTTA-1
GRCh38,CCCTGATTCGCATAGT-1
GRCh38,CCCTGATTCGCTACAA-1
GRCh38,CCCTTAGAGCATGCAG-1
GRCh38,CCCTTAGAGGAGTCTG-1
GRCh38,CCCTTAGAGGTTTACC-1
GRCh38,CCCTTAGAGTGAATAC-1
GRCh38,CCCTTAGCATTCAGCA-1
GRCh38,CCCTTAGTCATCACAG-1
GRCh38,CCCTTAGTCGATACGT-1
GRCh38,CCGAACGAGCTGGCCT-1
GRCh38,CCGAACGAGTCACAGG-1
GRCh38,CCGAACGCAGTTCTAG-1
GRCh38,CCGAACGGTATCTTCT-1
GRCh38,CCGAACGGTCAGTCTA-1
GRCh38,CCGAACGGTCATGCAT-1
GRCh38,CCGAACGGTCTCTCAC-1
GRCh38,CCGAACGTCATGAGAA-1
GRCh38,CCGATCTAGACATAGT-1
GRCh38,CCGATCTAGATTAGCA-1
GRCh38,CCGATCTAGCGATGAC-1
GRCh38,CCGATCTAGGCAGCTA-1
GRCh38,CCGATCTCATCGATGT-1
GRCh38,CCGATCTGTCTAGGCC-1
GRCh38,CCGATCTGTTTCGTGA-1
GRCh38,CCGATCTTCCGCAACG-1
GRCh38,CCGATCTTCTCCGATC-1
GRCh38,CCGATGGTCCCTATTA-1
GRCh38,CCGCAAGAGGATTTAG-1
GRCh38,CCGCAAGGTCATTGCA-1
GRCh38,CCGCAAGGTCTTCCGT-1
GRCh38,CCGGACAAGCTAAATG-1
GRCh38,CCGGACAAGGAACGTC-1
GRCh38,CCGGACAAGGCATCGA-1
GRCh38,CCGGACACAATAGGGC-1
GRCh38,CCGGACACAGGAAGTC-1
GRCh38,CCGGACATCTCTCAAT-1
GRCh38,CCGGACATCTGGACTA-1
GRCh38,CCGGGTAAGCGTCGAA-1
GRCh38,CCGGGTAGTCAGCGTC-1
GRCh38,CCGGGTATCGGAATGG-1
GRCh38,CCGGGTATCGTGGTAT-1
GRCh38,CCGGTAGCAAAGGCTG-1
GRCh38,CCGGTAGCAGCGCGTT-1
GRCh38,CCGGTAGGTGCCCAGT-1
GRCh38,CCGGTGAAGCTGCCAC-1
GRCh38,CCGGTGAAGGTGCAGT-1
GRCh38,CCGGTGACAACGTAAA-1
GRCh38,CCGGTGAGTCAACACT-1
GRCh38,CCGGTGAGTCACCGCA-1
GRCh38,CCGGTGATCTGGTTGA-1
GRCh38,CCGTAGGAGCTGTTAC-1
GRCh38,CCGTAGGCATACCAGT-1
GRCh38,CCGTAGGCATCGTGGC-1
GRCh38,CCGTAGGGTCCTGTTC-1
GRCh38,CCGTAGGGTCTTTCTA-1
GRCh38,CCGTAGGGTTATGGTC-1
GRCh38,CCGTAGGTCTAGTTCT-1
GRCh38,CCGTGAGAGACCATGG-1
GRCh38,CCGTGAGTCTTGGATG-1
GRCh38,CCGTTCAAGACTACGG-1
GRCh38,CCGTTCACACTGGACC-1
GRCh38,CCGTTCAGTATACCCA-1
GRCh38,CCGTTCAGTGCAGATG-1
GRCh38,CCGTTCATCCTCTAAT-1
GRCh38,CCGTTCATCGACACTA-1
GRCh38,CCTAACCAGCGACTGA-1
GRCh38,CCTAACCGTGGTCCGT-1
GRCh38,CCTAACCTCCGTTTCG-1
GRCh38,CCTAAGAAGCGCCCAT-1
GRCh38,CCTAAGAGTATAATGG-1
GRCh38,CCTAAGAGTGGATCAG-1
GRCh38,CCTAAGATCGAATGCT-1
GRCh38,CCTAAGATCTAATTCC-1
GRCh38,CCTACGTAGATCACTC-1
GRCh38,CCTACGTGTCCTGGTG-1
GRCh38,CCTACGTGTCTACACA-1
GRCh38,CCTACGTGTGGACAGT-1
GRCh38,CCTACGTGTTAGAAGT-1
GRCh38,CCTACGTGTTGGACTT-1
GRCh38,CCTACGTTCTGACGCG-1
GRCh38,CCTATCGAGCCTCATA-1
GRCh38,CCTATCGAGTCACTCA-1
GRCh38,CCTATCGCAGGACAGT-1
GRCh38,CCTATCGGTACGAGTG-1
GRCh38,CCTCAACAGAGTCACG-1
GRCh38,CCTCAACAGGCACCAA-1
GRCh38,CCTCAACCAGAGTAAT-1
GRCh38,CCTCAACCATCGGTTA-1
GRCh38,CCTCAACCATGACCCG-1
GRCh38,CCTCAACGTACCTAAC-1
GRCh38,CCTCAACGTGACTGTT-1
GRCh38,CCTCAACTCACATCAG-1
GRCh38,CCTCAACTCTATCCAT-1
GRCh38,CCTCACAAGAAACTGT-1
GRCh38,CCTCACAAGATGCTAA-1
GRCh38,CCTCACAGTCTTGAGT-1
GRCh38,CCTCACATCTATTCGT-1
GRCh38,CCTCAGTAGTTCTCTT-1
GRCh38,CCTCAGTGTGCTGTCG-1
GRCh38,CCTCAGTGTTAAGAAC-1
GRCh38,CCTCAGTTCGCGATCG-1
GRCh38,CCTCATGAGCCGAATG-1
GRCh38,CCTCATGAGTTACGAA-1
GRCh38,CCTCATGGTCACGACC-1
GRCh38,CCTCATGTCAAGTTGC-1
GRCh38,CCTCATGTCCACATAG-1
GRCh38,CCTCATGTCGATTCCC-1
GRCh38,CCTCATGTCTTCGGTC-1
GRCh38,CCTCCAAAGATTAGCA-1
GRCh38,CCTCCAAAGGAAGAAC-1
GRCh38,CCTCCAACATGCCGAC-1
GRCh38,CCTCCAAGTGTTTACG-1
GRCh38,CCTCCAATCAGCTGAT-1
GRCh38,CCTCCTCAGGTTTGAA-1
GRCh38,CCTCCTCAGTCATACC-1
GRCh38,CCTCCTCTCCTTTGAT-1
GRCh38,CCTCTAGCAGAACTAA-1
GRCh38,CCTCTCCAGTAAATGC-1
GRCh38,CCTCTCCAGTGTAGTA-1
GRCh38,CCTCTCCCACATACGT-1
GRCh38,CCTCTCCGTCGGCCTA-1
GRCh38,CCTCTCCTCAACCCGG-1
GRCh38,CCTCTCCTCGCGTGCA-1
GRCh38,CCTGCATAGAGTGTTA-1
GRCh38,CCTGCATAGCAGCACA-1
GRCh38,CCTGCATCAAACGAGC-1
GRCh38,CCTGCATTCCATTTCA-1
GRCh38,CCTGCATTCGGCCCAA-1
GRCh38,CCTGCATTCTAGATCG-1
GRCh38,CCTGTTGAGTAAACTG-1
GRCh38,CCTGTTGAGTAGACAT-1
GRCh38,CCTGTTGAGTGGTTGG-1
GRCh38,CCTGTTGCAGAGATGC-1
GRCh38,CCTGTTGGTGCGACAA-1
GRCh38,CCTGTTGGTTATCCAG-1
GRCh38,CCTGTTGTCAGCTAGT-1
GRCh38,CCTGTTGTCCCTCTCC-1
GRCh38,CCTTCAGGTTATGTGC-1
GRCh38,CCTTCAGTCATCAGTG-1
GRCh38,CCTTCAGTCGATGCAT-1
GRCh38,CCTTCAGTCTTCTCAA-1
GRCh38,CCTTGTGAGAAGTCTA-1
GRCh38,CCTTGTGAGGAAACGA-1
GRCh38,CCTTGTGAGGCTCAAG-1
GRCh38,CCTTGTGAGTGATTCC-1
GRCh38,CCTTGTGCAGACGATG-1
GRCh38,CCTTGTGCAGTCGCAC-1
GRCh38,CCTTGTGCATAATCGC-1
GRCh38,CCTTGTGGTTTGTTCT-1
GRCh38,CCTTGTGTCAAGTGTC-1
GRCh38,CCTTGTGTCTCCTGCA-1
GRCh38,CCTTTGGGTATGGAAT-1
GRCh38,CCTTTGGGTGACTCTA-1
GRCh38,CCTTTGGGTGCTGATT-1
GRCh38,CCTTTGGTCAAGTGGG-1
GRCh38,CGAAGGAAGGTGATCG-1
GRCh38,CGAAGGACAAGGACAC-1
GRCh38,CGAAGGACATTCTCTA-1
GRCh38,CGAAGGAGTCTCACAA-1
GRCh38,CGAAGGATCATTGCTT-1
GRCh38,CGAAGGATCCATAGAC-1
GRCh38,CGAAGGATCTACGCGG-1
GRCh38,CGAAGTTAGGATGGCT-1
GRCh38,CGAAGTTTCTCTCAAT-1
GRCh38,CGAAGTTTCTGACGCG-1
GRCh38,CGAATTGAGACTTCGT-1
GRCh38,CGAATTGCAATCACGT-1
GRCh38,CGAATTGGTCTAATCG-1
GRCh38,CGAATTGTCTTAGCAG-1
GRCh38,CGACAGCAGATCACCT-1
GRCh38,CGACAGCAGGCATCTT-1
GRCh38,CGACAGCAGGGATGTC-1
GRCh38,CGACAGCAGGTGATCG-1
GRCh38,CGACAGCAGTTACGTC-1
GRCh38,CGACAGCCACAGTCCG-1
GRCh38,CGACAGCCACCCTAAA-1
GRCh38,CGACAGCCACTCAAGT-1
GRCh38,CGACAGCCAGCAGTCC-1
GRCh38,CGACAGCCATAATGAG-1
GRCh38,CGACAGCGTGCCCACA-1
GRCh38,CGACAGCTCTTGCAGA-1
GRCh38,CGAGAAGAGACCAAAT-1
GRCh38,CGAGAAGAGCATCAGG-1
GRCh38,CGAGAAGAGTCGCCAC-1
GRCh38,CGAGAAGCAATACCCA-1
GRCh38,CGAGAAGCAATTGCAC-1
GRCh38,CGAGAAGCACAGAGAC-1
GRCh38,CGAGAAGCAGCGTTTA-1
GRCh38,CGAGAAGGTGACATCT-1
GRCh38,CGAGAAGTCCAGGACC-1
GRCh38,CGAGGAAAGTTTGTCG-1
GRCh38,CGAGGAACACAACGCC-1
GRCh38,CGAGGAACACTGAGGA-1
GRCh38,CGAGGAAGTAGTTCCA-1
GRCh38,CGAGGAAGTCTCACAA-1
GRCh38,CGAGGAATCATCTATC-1
GRCh38,CGAGGAATCATGGGAG-1
GRCh38,CGAGGAATCCGGCAAC-1
GRCh38,CGAGGAATCGGAAACG-1
GRCh38,CGAGGCTAGAGATCGC-1
GRCh38,CGAGGCTCAAGGTCGA-1
GRCh38,CGAGGCTCACTTCCTG-1
GRCh38,CGAGGCTCAGGGAGAG-1
GRCh38,CGAGGCTGTAGACGTG-1
GRCh38,CGAGGCTGTGACATCT-1
GRCh38,CGAGGCTTCCTGATAG-1
GRCh38,CGAGTGCAGATTGGGC-1
GRCh38,CGAGTGCAGCTAGAGC-1
GRCh38,CGAGTGCAGTAGTCTC-1
GRCh38,CGAGTGCCACAGAGCA-1
GRCh38,CGAGTGCCAGAGAGGG-1
GRCh38,CGAGTGCCATAGATGA-1
GRCh38,CGAGTTAAGATGACCG-1
GRCh38,CGAGTTAAGCGATGAC-1
GRCh38,CGAGTTAAGGGCAGGA-1
GRCh38,CGAGTTACATTGTGCA-1
GRCh38,CGAGTTATCACATACG-1
GRCh38,CGAGTTATCAGTGGGA-1
GRCh38,CGAGTTATCTGGTGCG-1
GRCh38,CGATCGGAGACAGCTG-1
GRCh38,CGATCGGAGCATTGTC-1
GRCh38,CGATCGGCAGCAGACA-1
GRCh38,CGATCGGCAGCAGGAT-1
GRCh38,CGATCGGGTCTCAAGT-1
GRCh38,CGATCGGGTGAGCAGT-1
GRCh38,CGATCGGTCGTGGCGT-1
GRCh38,CGATGCGCATTGGATC-1
GRCh38,CGATGCGTCGACACTA-1
GRCh38,CGATGGCAGTGCACTT-1
GRCh38,CGATGGCCACGGCTAC-1
GRCh38,CGATGGCCACTACTTT-1
GRCh38,CGATGGCCATAACTCG-1
GRCh38,CGATGGCGTGCGGCTT-1
GRCh38,CGATGGCGTGTGAATA-1
GRCh38,CGATGGCTCCGTTGGG-1
GRCh38,CGATGGCTCCTGATAG-1
GRCh38,CGCAGGTAGAAAGCGA-1
GRCh38,CGCAGGTAGATCACTC-1
GRCh38,CGCAGGTCAACCACGC-1
GRCh38,CGCAGGTCAATTTCGG-1
GRCh38,CGCAGGTTCCATCTCG-1
GRCh38,CGCAGGTTCTGTGCGG-1
GRCh38,CGCATAAAGCGTGCTC-1
GRCh38,CGCATAAAGTCTGGAG-1
GRCh38,CGCATAAGTGAGCCAA-1
GRCh38,CGCATAAGTGCCCGTA-1
GRCh38,CGCATAATCACTGGTA-1
GRCh38,CGCATAATCCGACAGC-1
GRCh38,CGCATAATCGGAGCAA-1
GRCh38,CGCATGGAGCTGTTAC-1
GRCh38,CGCATGGCATGACGTT-1
GRCh38,CGCATGGGTTGGGCCT-1
GRCh38,CGCATGGTCACCGCTT-1
GRCh38,CGCCAGAAGTTCAACC-1
GRCh38,CGCCAGACACAAGGTG-1
GRCh38,CGCCAGAGTGGTTTGT-1
GRCh38,CGCCAGAGTTCCTAGA-1
GRCh38,CGCCAGATCGTGCACG-1
GRCh38,CGCCATTAGGTTGGTG-1
GRCh38,CGCCATTCACGTCTCT-1
GRCh38,CGCCATTGTAGAATGT-1
GRCh38,CGCCATTGTCCCGCAA-1
GRCh38,CGCCATTGTTCCGCGA-1
GRCh38,CGCCATTTCATTGCTT-1
GRCh38,CGCCATTTCGCGGTAC-1
GRCh38,CGCCATTTCGTTCATT-1
GRCh38,CGCCATTTCTCTCCGA-1
GRCh38,CGCCATTTCTGTCAGA-1
GRCh38,CGCGTGAAGCTGTACT-1
GRCh38,CGCGTGAAGTAAACAC-1
GRCh38,CGCGTGAAGTGCGACA-1
GRCh38,CGCGTGACAAACTCGT-1
GRCh38,CGCGTGACAACTCGAT-1
GRCh38,CGCGTGACACGCAGTC-1
GRCh38,CGGAACCAGATCGACG-1
GRCh38,CGGAACCAGTAGATCA-1
GRCh38,CGGAACCGTAGGACTG-1
GRCh38,CGGAACCGTCCCGGTA-1
GRCh38,CGGAACCTCGCCTAGG-1
GRCh38,CGGAATTAGCTCGCAC-1
GRCh38,CGGAATTAGGGTTAGC-1
GRCh38,CGGAATTAGGTCGTAG-1
GRCh38,CGGAATTCATACTGAC-1
GRCh38,CGGAATTGTATTGACC-1
GRCh38,CGGAATTGTCGCCTAG-1
GRCh38,CGGAATTGTGACTCGC-1
GRCh38,CGGAATTGTGCATGTT-1
GRCh38,CGGAATTGTTCTGACA-1
GRCh38,CGGAATTTCCTGGCTT-1
GRCh38,CGGACACCAACTGTGT-1
GRCh38,CGGACACCACATGACT-1
GRCh38,CGGACACGTCCGGTGT-1
GRCh38,CGGAGAAAGCCTCATA-1
GRCh38,CGGAGAACAAAGGCGT-1
GRCh38,CGGAGAACAATAGGGC-1
GRCh38,CGGAGAACAGTTCCAA-1
GRCh38,CGGAGAAGTGTCCAAT-1
GRCh38,CGGAGAATCATCACTT-1
GRCh38,CGGAGAATCGCGGTAC-1
GRCh38,CGGCAGTAGACGAAGA-1
GRCh38,CGGCAGTAGTAGAGTT-1
GRCh38,CGGCAGTCAAAGGAGA-1
GRCh38,CGGCAGTCATCTCCCA-1
GRCh38,CGGCAGTGTAGACTGG-1
GRCh38,CGGCAGTGTGTCTTAG-1
GRCh38,CGGCAGTGTGTTTACG-1
GRCh38,CGGCAGTTCAGACTGT-1
GRCh38,CGGGACTCAGATGCGA-1
GRCh38,CGGGACTTCTATACGG-1
GRCh38,CGGGCATGTCAGGTAG-1
GRCh38,CGGGCATGTCTGTCAA-1
GRCh38,CGGGCATTCGAATCCA-1
GRCh38,CGGGTCACACAATGAA-1
GRCh38,CGGGTCAGTCTTTATC-1
GRCh38,CGGGTCATCATACGAC-1
GRCh38,CGGGTCATCGATCCCT-1
GRCh38,CGGGTGTAGCACTAAA-1
GRCh38,CGGGTGTAGTATTCCG-1
GRCh38,CGGGTGTCACAACGTT-1
GRCh38,CGGGTGTGTACCAATC-1
GRCh38,CGGGTGTTCATAAGGA-1
GRCh38,CGGGTGTTCGGCATTA-1
GRCh38,CGGTCAGAGATGCTGG-1
GRCh38,CGGTCAGAGGATGAGA-1
GRCh38,CGGTCAGCAAGAAACT-1
GRCh38,CGGTCAGCAATTGCAC-1
GRCh38,CGGTCAGGTCTTGGTA-1
GRCh38,CGGTCAGTCGAACGGA-1
GRCh38,CGGTCAGTCGCCTATC-1
GRCh38,CGTAAGTAGCTCGACC-1
GRCh38,CGTAAGTAGGCATCAG-1
GRCh38,CGTAAGTCAAGCTCTA-1
GRCh38,CGTAAGTGTTTCTTAC-1
GRCh38,CGTAATGAGCTACTGT-1
GRCh38,CGTAATGAGTGAACAT-1
GRCh38,CGTAATGGTAGACAAT-1
GRCh38,CGTAGTAAGATGCAGC-1
GRCh38,CGTAGTAAGGGAGGTG-1
GRCh38,CGTAGTAGTGATACCT-1
GRCh38,CGTAGTAGTTTGCCGG-1
GRCh38,CGTAGTATCATGGGAG-1
GRCh38,CGTAGTATCCGGTTCT-1
GRCh38,CGTCAAAAGCAGATAT-1
GRCh38,CGTCAAAAGCATATGA-1
GRCh38,CGTCAAAAGTCACGAG-1
GRCh38,CGTCAAACAGTCTCTC-1
GRCh38,CGTCAAAGTCTGTGCG-1
GRCh38,CGTCAAAGTTCAAACC-1
GRCh38,CGTCCATGTACGTACT-1
GRCh38,CGTCCATGTGGATCGA-1
GRCh38,CGTCCATTCGGCTGTG-1
GRCh38,CGTGAATAGCATCAAA-1
GRCh38,CGTGAATAGCTCCACG-1
GRCh38,CGTGAATCAATCTCTT-1
GRCh38,CGTGAATCAATGCTCA-1
GRCh38,CGTGAATCAGGTCTCG-1
GRCh38,CGTGAATGTAGCGTAG-1
GRCh38,CGTGAATTCATTGAGC-1
GRCh38,CGTGATAAGATCACCT-1
GRCh38,CGTGATAAGGATACGC-1
GRCh38,CGTGATAAGGCTATCT-1
GRCh38,CGTGATAAGTCGTTAC-1
GRCh38,CGTGATACAACCACAT-1
GRCh38,CGTGATACACGTAACT-1
GRCh38,CGTGATACATCTGGGC-1
GRCh38,CGTGATAGTGATACAA-1
GRCh38,CGTGATAGTTAACCTG-1
GRCh38,CGTGATAGTTCTCGTC-1
GRCh38,CGTGATATCACATTGG-1
GRCh38,CGTGATATCGGCACTG-1
GRCh38,CGTGATATCGTTGTGA-1
GRCh38,CGTGCTTAGGTCATTC-1
GRCh38,CGTGCTTAGTCGCCCA-1
GRCh38,CGTGCTTCACAAGTTC-1
GRCh38,CGTGCTTGTGTGTCCG-1
GRCh38,CGTGCTTTCCATAGGT-1
GRCh38,CGTGTCTAGTTCCGTA-1
GRCh38,CGTGTCTAGTTGCATC-1
GRCh38,CGTGTCTCACCCAATA-1
GRCh38,CGTGTCTCATCCGTTC-1
GRCh38,CGTGTCTTCCGTACGG-1
GRCh38,CGTGTCTTCTTGGATG-1
GRCh38,CGTTAGAAGCAGCCTC-1
GRCh38,CGTTAGAAGTAACGTA-1
GRCh38,CGTTCTGAGTCAACAA-1
GRCh38,CGTTCTGGTACTAGCT-1
GRCh38,CGTTCTGGTAGCGTCC-1
GRCh38,CGTTCTGGTTACGATC-1
GRCh38,CGTTCTGGTTGCCTAA-1
GRCh38,CGTTCTGGTTTACACG-1
GRCh38,CGTTCTGTCGAATCCA-1
GRCh38,CGTTCTGTCTTAGCTT-1
GRCh38,CGTTGGGAGACATCAA-1
GRCh38,CGTTGGGCAGTAGAAT-1
GRCh38,CGTTGGGCATGTGGCC-1
GRCh38,CGTTGGGGTAGACTGG-1
GRCh38,CGTTGGGGTCATATGC-1
GRCh38,CGTTGGGTCCCTGGTT-1
GRCh38,CGTTGGGTCGGCTTCT-1
GRCh38,CGTTGGGTCTCATAGG-1
GRCh38,CGTTGGGTCTGGGCGT-1
GRCh38,CTAACCCAGTGGAAGA-1
GRCh38,CTAACCCCATCCGGCA-1
GRCh38,CTAACCCGTCCAAAGG-1
GRCh38,CTAACCCGTTGGATCT-1
GRCh38,CTAACCCTCCACATAG-1
GRCh38,CTAACCCTCTGCATGA-1
GRCh38,CTAACTTAGCTGAAGC-1
GRCh38,CTAACTTAGGCCACCT-1
GRCh38,CTAACTTCAGTTCTAG-1
GRCh38,CTAACTTGTCGACGCT-1
GRCh38,CTAACTTTCAAGGAGC-1
GRCh38,CTAACTTTCTAAGCCA-1
GRCh38,CTAACTTTCTACGGTA-1
GRCh38,CTAAGTGAGCCGCTTG-1
GRCh38,CTAAGTGCAGCAAGAC-1
GRCh38,CTAAGTGGTATCGATC-1
GRCh38,CTAAGTGTCATCGTAG-1
GRCh38,CTACAGAAGTTTGGCT-1
GRCh38,CTACAGACAGAAGTGC-1
GRCh38,CTACAGAGTCAACATC-1
GRCh38,CTACAGAGTCGTCAGC-1
GRCh38,CTACAGATCCCGTTCA-1
GRCh38,CTACATTAGCCACAAG-1
GRCh38,CTACATTAGTCCCAGC-1
GRCh38,CTACATTAGTTTCGAC-1
GRCh38,CTACATTCAATTGCGT-1
GRCh38,CTACATTGTTCCTTGC-1
GRCh38,CTACATTTCAGCAATC-1
GRCh38,CTACATTTCCCTGTTG-1
GRCh38,CTACATTTCTTCACAT-1
GRCh38,CTACCCAAGACGAAGA-1
GRCh38,CTACCCAAGGCCTAAG-1
GRCh38,CTACCCAGTACAGAAT-1
GRCh38,CTACCCAGTCGCATGC-1
GRCh38,CTACCCAGTCGTACTA-1
GRCh38,CTACCTGAGCCGATAG-1
GRCh38,CTACCTGCATAGAATG-1
GRCh38,CTACCTGGTGCACATT-1
GRCh38,CTACCTGTCACCATAG-1
GRCh38,CTACCTGTCCATTGTT-1
GRCh38,CTACGGGTCCCGGTAG-1
GRCh38,CTACTATAGCTAAATG-1
GRCh38,CTACTATCACGCTGTG-1
GRCh38,CTACTATCAGCTTTGA-1
GRCh38,CTACTATGTGAGTAGC-1
GRCh38,CTACTATGTTGTTGAC-1
GRCh38,CTACTATTCACCCATC-1
GRCh38,CTACTATTCACTTCTA-1
GRCh38,CTACTATTCCTCACCA-1
GRCh38,CTAGACAAGTCCCTAA-1
GRCh38,CTAGACAGTCACGCTG-1
GRCh38,CTAGACATCAGGACGA-1
GRCh38,CTAGACATCCGGCAAC-1
GRCh38,CTAGGTAAGACCAGAC-1
GRCh38,CTAGGTAAGATTCGAA-1
GRCh38,CTAGGTAAGTGCTACT-1
GRCh38,CTAGGTAGTATCACCA-1
GRCh38,CTAGGTATCATAGGCT-1
GRCh38,CTATAGGAGGACAAGA-1
GRCh38,CTATAGGAGGGCAGTT-1
GRCh38,CTATAGGCATCAGCGC-1
GRCh38,CTATAGGGTATAGCTC-1
GRCh38,CTATAGGGTTAATGAG-1
GRCh38,CTATAGGTCAGGAAGC-1
GRCh38,CTATCCGAGAGAACCC-1
GRCh38,CTATCCGCACATTCTT-1
GRCh38,CTATCCGCAGAGAGGG-1
GRCh38,CTATCCGTCAGTGATC-1
GRCh38,CTATCCGTCGTTCTCG-1
GRCh38,CTATCTAAGAAGTATC-1
GRCh38,CTATCTAAGCGATGCA-1
GRCh38,CTATCTAAGGGTTAAT-1
GRCh38,CTATCTACAAATGGAT-1
GRCh38,CTATCTAGTCACGCTG-1
GRCh38,CTATCTATCTCTTCAA-1
GRCh38,CTCAACCAGAACAGGA-1
GRCh38,CTCAACCAGAGAATCT-1
GRCh38,CTCAACCAGTGCCGAA-1
GRCh38,CTCAACCCAAAGGATT-1
GRCh38,CTCAACCCACACCGAC-1
GRCh38,CTCAACCCAGCGTTTA-1
GRCh38,CTCAACCGTTCCGTTC-1
GRCh38,CTCAAGAAGCAACAAT-1
GRCh38,CTCAAGAAGCCGAATG-1
GRCh38,CTCAAGACAAACACGG-1
GRCh38,CTCAAGACAATAGTGA-1
GRCh38,CTCAAGACACGTCATA-1
GRCh38,CTCAAGACATTCATCT-1
GRCh38,CTCAAGAGTGCGTGCT-1
GRCh38,CTCAAGATCACCCTGT-1
GRCh38,CTCAAGATCGCAGTTA-1
GRCh38,CTCAAGATCTCCTGCA-1
GRCh38,CTCAATTCAAGAAACT-1
GRCh38,CTCAATTGTGTTCAGT-1
GRCh38,CTCAATTGTTGTGTAC-1
GRCh38,CTCAATTTCCACACAA-1
GRCh38,CTCAATTTCCCTAGGG-1
GRCh38,CTCACTGCACACCAGC-1
GRCh38,CTCACTGCACTTCAGA-1
GRCh38,CTCACTGCAGGAATCG-1
GRCh38,CTCACTGGTATAGCTC-1
GRCh38,CTCACTGGTGCCGTTG-1
GRCh38,CTCACTGTCACCTTAT-1
GRCh38,CTCACTGTCGCCCAGA-1
GRCh38,CTCACTGTCTGAGAAA-1
GRCh38,CTCAGAAAGCAACCAG-1
GRCh38,CTCAGAAAGCATGAAT-1
GRCh38,CTCAGAAAGGGACACT-1
GRCh38,CTCAGAACATATACCG-1
GRCh38,CTCAGAACATGTACGT-1
GRCh38,CTCAGAAGTTCAAGGG-1
GRCh38,CTCAGGGAGCTGAAGC-1
GRCh38,CTCAGGGAGGGCGAAG-1
GRCh38,CTCAGGGCAAACTAAG-1
GRCh38,CTCAGGGCAACGGCTC-1
GRCh38,CTCAGGGGTTACACTG-1
GRCh38,CTCAGTCAGAGTTGTA-1
GRCh38,CTCAGTCAGGGCAAGG-1
GRCh38,CTCAGTCAGGTGAGCT-1
GRCh38,CTCAGTCCACACGGAA-1
GRCh38,CTCAGTCCACGCTGCA-1
GRCh38,CTCAGTCCAGGTGGAT-1
GRCh38,CTCATCGGTGAACGGT-1
GRCh38,CTCATCGGTGCTTCAA-1
GRCh38,CTCATGCCACGCCACA-1
GRCh38,CTCATGCGTAACAGTA-1
GRCh38,CTCATGCGTAAGTTAG-1
GRCh38,CTCATGCGTAGGCAAC-1
GRCh38,CTCATGCTCTCGCTCA-1
GRCh38,CTCATTAAGGAATTAC-1
GRCh38,CTCATTACAACTGAAA-1
GRCh38,CTCATTAGTAGCTGTT-1
GRCh38,CTCATTAGTATGGAGC-1
GRCh38,CTCATTATCTCACCCA-1
GRCh38,CTCCAACAGCATATGA-1
GRCh38,CTCCAACCACGCCACA-1
GRCh38,CTCCAACCATGATAGA-1
GRCh38,CTCCAACGTACTGAGG-1
GRCh38,CTCCAACGTGGCTACC-1
GRCh38,CTCCAACTCCTTCTGG-1
GRCh38,CTCCAACTCGGACGTC-1
GRCh38,CTCCAACTCTGCCTCA-1
GRCh38,CTCCACACAGATCCAT-1
GRCh38,CTCCACACATAACTCG-1
GRCh38,CTCCACACATGTTACG-1
GRCh38,CTCCACAGTACAAGCG-1
GRCh38,CTCCACAGTAGTCACT-1
GRCh38,CTCCACAGTTCATCTT-1
GRCh38,CTCCACAGTTTCACAG-1
GRCh38,CTCCACATCGACGCGT-1
GRCh38,CTCCATGAGCTCGCAC-1
GRCh38,CTCCATGGTCAGCTTA-1
GRCh38,CTCCATGGTCGGCCTA-1
GRCh38,CTCCATGGTGTCACAT-1
GRCh38,CTCCATGGTTACGCCG-1
GRCh38,CTCCATGTCTGTGCGG-1
GRCh38,CTCCCAACAAGCCTGC-1
GRCh38,CTCCCAACATACTGAC-1
GRCh38,CTCCCAACATGACACT-1
GRCh38,CTCCCAAGTATGTCTG-1
GRCh38,CTCCCAATCGGTCGAC-1
GRCh38,CTCCCAATCTGCGGGT-1
GRCh38,CTCCCTCAGATGCAGC-1
GRCh38,CTCCCTCAGCTTCGTA-1
GRCh38,CTCCCTCAGGCTATCT-1
GRCh38,CTCCCTCCAAGTCGTT-1
GRCh38,CTCCCTCCACCAGCGT-1
GRCh38,CTCCCTCCACTTGTGA-1
GRCh38,CTCCCTCGTCCTGTCT-1
GRCh38,CTCCCTCGTGAGGCAT-1
GRCh38,CTCCCTCTCCCGGTAG-1
GRCh38,CTCCCTCTCCGTGGCA-1
GRCh38,CTCCCTCTCGCTAATG-1
GRCh38,CTCCGATAGCCGCACT-1
GRCh38,CTCCGATAGTTCCAGT-1
GRCh38,CTCCGATCAACGGTAG-1
GRCh38,CTCCGATCACTTGGCG-1
GRCh38,CTCCGATCAGCCTTCT-1
GRCh38,CTCCGATGTAGTATAG-1
GRCh38,CTCCGATGTGGTAACG-1
GRCh38,CTCCGATGTTCCACGG-1
GRCh38,CTCCGATTCATGAGAA-1
GRCh38,CTCCGATTCCAAGCCG-1
GRCh38,CTCCGATTCGTCCTCA-1
GRCh38,CTCCTCCAGAATACAC-1
GRCh38,CTCCTCCAGCTGGCCT-1
GRCh38,CTCCTCCCACTCGATA-1
GRCh38,CTCCTTTAGCCACCGT-1
GRCh38,CTCCTTTAGGTAAGTT-1
GRCh38,CTCCTTTCATAGCACT-1
GRCh38,CTCCTTTGTGCAATAA-1
GRCh38,CTCCTTTTCCTGGGTG-1
GRCh38,CTCCTTTTCCTGTAGA-1
GRCh38,CTCGAGGAGGCACGAT-1
GRCh38,CTCGAGGAGGTCACCC-1
GRCh38,CTCGAGGAGTAACGTA-1
GRCh38,CTCGAGGCAGTTGGTT-1
GRCh38,CTCGAGGGTTGCATCA-1
GRCh38,CTCGAGGTCTTCTTCC-1
GRCh38,CTCTCAGAGAGTTGCG-1
GRCh38,CTCTCAGAGGAACTAT-1
GRCh38,CTCTCAGAGTTGCATC-1
GRCh38,CTCTCAGCAGCGGTTC-1
GRCh38,CTCTCAGTCCGAAATC-1
GRCh38,CTCTCGAAGATGATTG-1
GRCh38,CTCTCGACATGATCTG-1
GRCh38,CTCTCGAGTCAACATC-1
GRCh38,CTCTGGTCATGAGGGT-1
GRCh38,CTCTGGTCATTCTCTA-1
GRCh38,CTCTGGTTCCCAGGCA-1
GRCh38,CTGAATGAGAAGAACG-1
GRCh38,CTGAATGCAAGGTCTT-1
GRCh38,CTGAATGCACGTACTA-1
GRCh38,CTGAGCGCATAAGATG-1
GRCh38,CTGAGCGCATCCTCAC-1
GRCh38,CTGAGCGGTCTGTGAT-1
GRCh38,CTGAGCGGTGCTTATG-1
GRCh38,CTGAGCGGTGTGGACA-1
GRCh38,CTGAGGCAGAAATTGC-1
GRCh38,CTGAGGCAGACATAGT-1
GRCh38,CTGAGGCGTATGAAAC-1
GRCh38,CTGAGGCGTGCCTACG-1
GRCh38,CTGAGGCTCATTTGTC-1
GRCh38,CTGAGGCTCTCTCGCA-1
GRCh38,CTGAGGCTCTTCGACC-1
GRCh38,CTGATCCAGAGTCACG-1
GRCh38,CTGATCCCACTACCCT-1
GRCh38,CTGATCCGTGCCCACA-1
GRCh38,CTGATCCTCAGCTAGT-1
GRCh38,CTGCAGGAGTATAGAC-1
GRCh38,CTGCAGGGTATGGAGC-1
GRCh38,CTGCAGGGTTAGCGGA-1
GRCh38,CTGCAGGGTTCTCCCA-1
GRCh38,CTGCAGGGTTGTGCCG-1
GRCh38,CTGCAGGTCCACGTGG-1
GRCh38,CTGCATCAGTTCGGTT-1
GRCh38,CTGCATCCAAGACCTT-1
GRCh38,CTGCATCGTCTGTTAG-1
GRCh38,CTGCATCTCAGATTGC-1
GRCh38,CTGCATCTCATGGTAC-1
GRCh38,CTGCCATAGTAGAATC-1
GRCh38,CTGCCATAGTCGCCCA-1
GRCh38,CTGCCATAGTGGCGAT-1
GRCh38,CTGCCATCACGGCGTT-1
GRCh38,CTGCCATCAGGGATAC-1
GRCh38,CTGCCATCATATGCGT-1
GRCh38,CTGCCATGTTGGATCT-1
GRCh38,CTGCCATTCCATAAGC-1
GRCh38,CTGCCTAAGAAATGGG-1
GRCh38,CTGCCTAAGCAGAAAG-1
GRCh38,CTGCCTAAGGGAGGTG-1
GRCh38,CTGCCTAAGTCGGCAA-1
GRCh38,CTGCCTAGTAGATTGA-1
GRCh38,CTGCCTAGTGGCTTGC-1
GRCh38,CTGCCTATCAGATTGC-1
GRCh38,CTGCGAGAGGTCACTT-1
GRCh38,CTGCGAGCAACTACGT-1
GRCh38,CTGCGAGGTTACGATC-1
GRCh38,CTGCGAGTCAGGTGTT-1
GRCh38,CTGCGAGTCCACGGAC-1
GRCh38,CTGCTCAAGCCTTCTC-1
GRCh38,CTGCTCAAGGTGTGAC-1
GRCh38,CTGCTCAAGGTTCACT-1
GRCh38,CTGCTCAAGTGCACTT-1
GRCh38,CTGCTCATCGTCAAAC-1
GRCh38,CTGCTCATCTCGGTAA-1
GRCh38,CTGGACGAGCACGGAT-1
GRCh38,CTGGACGAGGATTTCC-1
GRCh38,CTGGACGCAAAGGATT-1
GRCh38,CTGGACGGTAATGCGG-1
GRCh38,CTGGACGGTTGCATTG-1
GRCh38,CTGGACGTCCAACACA-1
GRCh38,CTGGACGTCCGTAATG-1
GRCh38,CTGGACGTCGGTGTTA-1
GRCh38,CTGGCAGAGGTCCGAA-1
GRCh38,CTGGCAGCAACAGAGC-1
GRCh38,CTGGCAGCACGAGGTA-1
GRCh38,CTGGCAGGTTTACTGG-1
GRCh38,CTGGCAGTCGTAGGAG-1
GRCh38,CTGGCAGTCTCAGGCG-1
GRCh38,CTGGTCTAGATAGTCA-1
GRCh38,CTGGTCTAGCTCCGAC-1
GRCh38,CTGGTCTAGTATAACG-1
GRCh38,CTGGTCTGTAGCACGA-1
GRCh38,CTGTACCAGCGGATCA-1
GRCh38,CTGTACCAGCGTGAAC-1
GRCh38,CTGTACCCAAACCACT-1
GRCh38,CTGTACCCACATATCG-1
GRCh38,CTGTACCGTACGCTTA-1
GRCh38,CTGTAGACAATCCTAG-1
GRCh38,CTGTAGACATATGCGT-1
GRCh38,CTGTAGAGTACAAGCG-1
GRCh38,CTGTAGATCGAGCACC-1
GRCh38,CTGTAGATCGCACTCT-1
GRCh38,CTGTATTAGACTCGAG-1
GRCh38,CTGTATTCAGGCCCTA-1
GRCh38,CTGTATTGTACAGAGC-1
GRCh38,CTGTATTGTTAGAAGT-1
GRCh38,CTGTATTTCACTTTGT-1
GRCh38,CTGTATTTCATCCCGT-1
GRCh38,CTGTCGTAGGGACTGT-1
GRCh38,CTGTCGTCAATCTGCA-1
GRCh38,CTGTCGTGTACGATGG-1
GRCh38,CTGTCGTGTCTCGACG-1
GRCh38,CTGTCGTTCCCATGGG-1
GRCh38,CTGTGAAAGCATGTTC-1
GRCh38,CTGTGAAAGCCGCACT-1
GRCh38,CTGTGAACAGAGACTG-1
GRCh38,CTGTGAATCCAACTGA-1
GRCh38,CTGTGGGCAACCCTCT-1
GRCh38,CTGTGGGCAGAAACCG-1
GRCh38,CTGTGGGGTTGCTCAA-1
GRCh38,CTGTGGGGTTTCTTAC-1
GRCh38,CTGTGGGTCCAGTGCG-1
GRCh38,CTTACCGAGGTCCGAA-1
GRCh38,CTTACCGCAATTGCGT-1
GRCh38,CTTACCGCACCTGCAG-1
GRCh38,CTTACCGCAGAAATCA-1
GRCh38,CTTACCGGTCGAGTGA-1
GRCh38,CTTACCGGTCTAGGCC-1
GRCh38,CTTAGGACACTACGGC-1
GRCh38,CTTAGGAGTGTTTCTT-1
GRCh38,CTTAGGATCTGTTGGA-1
GRCh38,CTTCAATAGGTAGCAC-1
GRCh38,CTTCAATCAAAGGATT-1
GRCh38,CTTCAATCATCCTTGC-1
GRCh38,CTTCAATCATCTCCCA-1
GRCh38,CTTCAATGTATGGTTC-1
GRCh38,CTTCAATTCCGAGTGC-1
GRCh38,CTTCAATTCGATTGGT-1
GRCh38,CTTCAATTCGGAAACG-1
GRCh38,CTTCAATTCGGCCTTT-1
GRCh38,CTTCAATTCTCATGCC-1
GRCh38,CTTCCGAAGGTCGTCC-1
GRCh38,CTTCCGACAATGGGTG-1
GRCh38,CTTCCGAGTCATCCGG-1
GRCh38,CTTCCGAGTCCTGTTC-1
GRCh38,CTTCCGAGTTACTCAG-1
GRCh38,CTTCCGATCCCTCATG-1
GRCh38,CTTCCGATCTGCCTGT-1
GRCh38,CTTCCTTAGAGAACCC-1
GRCh38,CTTCCTTAGTATCCTG-1
GRCh38,CTTCCTTCACGTTCGG-1
GRCh38,CTTCCTTTCGTGTCAA-1
GRCh38,CTTCGGTAGTAGAATC-1
GRCh38,CTTCGGTGTACGGTTT-1
GRCh38,CTTCGGTGTCCCTAAA-1
GRCh38,CTTCTAAAGCAAATCA-1
GRCh38,CTTCTAAAGCCTGAAG-1
GRCh38,CTTCTAACAATTTCGG-1
GRCh38,CTTCTAACAGAGACTG-1
GRCh38,CTTCTAACAGTTACCA-1
GRCh38,CTTCTAAGTGCCTTCT-1
GRCh38,CTTCTAAGTGGCGCTT-1
GRCh38,CTTCTAAGTGTCATCA-1
GRCh38,CTTCTAAGTTGGTGTT-1
GRCh38,CTTCTAAGTTTCGACA-1
GRCh38,CTTCTAATCCTGGGAC-1
GRCh38,CTTCTAATCGTTAGTG-1
GRCh38,CTTCTAATCTCCACTG-1
GRCh38,CTTCTCTCACCGTCGA-1
GRCh38,CTTCTCTCAGTCACGC-1
GRCh38,CTTCTCTTCATGCATG-1
GRCh38,CTTCTCTTCGACCTAA-1
GRCh38,CTTGAGAAGACCATGG-1
GRCh38,CTTGAGAAGATCCAAA-1
GRCh38,CTTGAGAAGGCCTTGC-1
GRCh38,CTTGAGACATTGGATC-1
GRCh38,CTTGAGAGTGACACGA-1
GRCh38,CTTGAGAGTTCGTTCC-1
GRCh38,CTTGATTAGCTGAAGC-1
GRCh38,CTTGATTAGTAGCCAG-1
GRCh38,CTTGATTAGTCACTAC-1
GRCh38,CTTGATTGTTAGCGGA-1
GRCh38,CTTGATTTCAACCTCC-1
GRCh38,CTTGATTTCGAAGTGG-1
GRCh38,CTTGATTTCTGTGTGA-1
GRCh38,CTTTCAAAGAAGCCTG-1
GRCh38,CTTTCAAAGACTCTTG-1
GRCh38,CTTTCAAAGCCTAACT-1
GRCh38,CTTTCAAAGGGCAGGA-1
GRCh38,CTTTCAACAAGCCTGC-1
GRCh38,CTTTCAACATTGCCGG-1
GRCh38,CTTTCAAGTAGCACGA-1
GRCh38,CTTTCAAGTCTGTGAT-1
GRCh38,CTTTCAAGTTCTAACG-1
GRCh38,CTTTCAATCACCCTTG-1
GRCh38,CTTTCAATCAGTCAGT-1
GRCh38,CTTTCAATCTGTAAGC-1
GRCh38,CTTTCGGAGCTCGTGC-1
GRCh38,CTTTCGGAGGATACAT-1
GRCh38,CTTTCGGAGGTGGCTA-1
GRCh38,CTTTCGGAGTACTCGT-1
GRCh38,CTTTCGGGTACCTTCC-1
GRCh38,CTTTCGGGTCAGTCTA-1
GRCh38,CTTTCGGTCAAGGCTT-1
GRCh38,GAAACCTAGACTTAAG-1
GRCh38,GAAACCTCAATAACGA-1
GRCh38,GAAACCTGTACTCCGG-1
GRCh38,GAAACCTGTTGGCCGT-1
GRCh38,GAAACCTTCGCAGTTA-1
GRCh38,GAAACCTTCTTGAACG-1
GRCh38,GAAATGAAGCGGACAT-1
GRCh38,GAAATGACAAGTTTGC-1
GRCh38,GAAATGACAGCTGTAT-1
GRCh38,GAAATGAGTAGACACG-1
GRCh38,GAAATGATCCAAAGGG-1
GRCh38,GAAATGATCTCCACTG-1
GRCh38,GAACACTAGATGCTGG-1
GRCh38,GAACACTCACCTCTAC-1
GRCh38,GAACACTGTCAACACT-1
GRCh38,GAACACTGTCAAGCCC-1
GRCh38,GAACACTTCCAAGAGG-1
GRCh38,GAACACTTCTAAGAAG-1
GRCh38,GAACGTTCATCGAACT-1
GRCh38,GAACGTTGTCATCTAG-1
GRCh38,GAACGTTTCCATGATG-1
GRCh38,GAACGTTTCTAGAGCT-1
GRCh38,GAACTGTAGTTCCATG-1
GRCh38,GAACTGTGTGAACGGT-1
GRCh38,GAACTGTTCCGTAGTA-1
GRCh38,GAACTGTTCCTTATAC-1
GRCh38,GAAGAATAGTCATCCA-1
GRCh38,GAAGAATCATATCTCT-1
GRCh38,GAAGAATGTCATCAGT-1
GRCh38,GAAGAATTCAGTGGGA-1
GRCh38,GAAGAATTCTTAGCCC-1
GRCh38,GAAGCCCAGCCATCCG-1
GRCh38,GAAGCCCCAAGCGCAA-1
GRCh38,GAAGCCCCACCCTGAG-1
GRCh38,GAAGCCCCAGTGGGTA-1
GRCh38,GAAGCCCCATCCTCAC-1
GRCh38,GAAGCCCCATCGCTCT-1
GRCh38,GAAGCCCGTAGTGCGA-1
GRCh38,GAAGCCCGTCGCTTGG-1
GRCh38,GAAGCCCTCAAGAGTA-1
GRCh38,GAAGCCCTCTACCAGA-1
GRCh38,GAAGCGAAGGTTCAGG-1
GRCh38,GAAGCGACAACACGAG-1
GRCh38,GAAGGACAGCAACTTC-1
GRCh38,GAAGGACCAGATACCT-1
GRCh38,GAAGGACTCCAAGCTA-1
GRCh38,GAAGGACTCCGATAGT-1
GRCh38,GAAGGGTAGCATTTGC-1
GRCh38,GAAGGGTGTCTTGCGG-1
GRCh38,GAAGGGTGTGGGTTGA-1
GRCh38,GAAGGGTTCCACCCTA-1
GRCh38,GAAGGGTTCCTCCACA-1
GRCh38,GAAGTAAAGCGACTAG-1
GRCh38,GAAGTAAAGCGTGTTT-1
GRCh38,GAAGTAAAGCTGGTGA-1
GRCh38,GAAGTAAAGGAGAGTA-1
GRCh38,GAAGTAAAGGTCATTC-1
GRCh38,GAAGTAAAGGTCCCTG-1
GRCh38,GAAGTAAGTTGTTTGG-1
GRCh38,GAATAGACAAAGTGTA-1
GRCh38,GAATAGACAGTCACGC-1
GRCh38,GAATAGATCACATCAG-1
GRCh38,GAATCACAGGGACCAT-1
GRCh38,GAATCACAGTCGAAAT-1
GRCh38,GAATCACTCAAGCGTT-1
GRCh38,GAATCACTCACGGTCG-1
GRCh38,GAATCGTCAAGCACAG-1
GRCh38,GAATCGTCAATCCAGT-1
GRCh38,GAATCGTCACGACAAG-1
GRCh38,GAATCGTCATGCAGCC-1
GRCh38,GAATCGTTCATGCATG-1
GRCh38,GAATCGTTCCTCAGGG-1
GRCh38,GACACGCAGACGCCAA-1
GRCh38,GACACGCAGTTCTACG-1
GRCh38,GACACGCTCCATACTT-1
GRCh38,GACACGCTCCATTTAC-1
GRCh38,GACAGCCAGCGAGTAC-1
GRCh38,GACAGCCAGCTTTGTG-1
GRCh38,GACAGCCAGTTGCTGT-1
GRCh38,GACAGCCCACTGAGGA-1
GRCh38,GACAGCCGTAATGATG-1
GRCh38,GACAGCCGTCCCTAAA-1
GRCh38,GACAGCCTCATTCACT-1
GRCh38,GACAGCCTCCTCACTG-1
GRCh38,GACATCAAGTCTGCGC-1
GRCh38,GACCAATAGCTGCCAC-1
GRCh38,GACCAATAGTGATTCC-1
GRCh38,GACCAATCAACATCGT-1
GRCh38,GACCAATCAATGTGGG-1
GRCh38,GACCAATCACAAAGTA-1
GRCh38,GACCAATCATTGCCGG-1
GRCh38,GACCAATGTATTTCGG-1
GRCh38,GACCAATTCGGTAACT-1
GRCh38,GACCCAGAGACTTCAC-1
GRCh38,GACCCAGAGATGATTG-1
GRCh38,GACCCAGGTATGAGAT-1
GRCh38,GACCCAGGTGGATGAC-1
GRCh38,GACCCAGGTTAGGCTT-1
GRCh38,GACCCAGTCAGCTGAT-1
GRCh38,GACCCAGTCAGTGGGA-1
GRCh38,GACCCAGTCTCACTCG-1
GRCh38,GACCCTTAGGCCACCT-1
GRCh38,GACCCTTAGTACTCGT-1
GRCh38,GACCCTTCACCAACAT-1
GRCh38,GACCCTTGTTTGGCTA-1
GRCh38,GACCCTTTCAGCTGAT-1
GRCh38,GACCCTTTCGACGACC-1
GRCh38,GACCGTGCACTATGTG-1
GRCh38,GACCGTGGTGGATACG-1
GRCh38,GACCGTGTCCCTGGTT-1
GRCh38,GACCGTGTCTACGGTA-1
GRCh38,GACCGTGTCTAGAGCT-1
GRCh38,GACCTTCGTAAGCTCT-1
GRCh38,GACCTTCGTCAGGTAG-1
GRCh38,GACCTTCTCTTACCGC-1
GRCh38,GACGCTGAGTCCGTCG-1
GRCh38,GACGCTGCACTCCGGA-1
GRCh38,GACGCTGGTACCTATG-1
GRCh38,GACGCTGGTACTGAGG-1
GRCh38,GACGCTGGTAGCTGAG-1
GRCh38,GACGTTAAGCACGGAT-1
GRCh38,GACGTTACAGAGCGTA-1
GRCh38,GACGTTACATCATTGG-1
GRCh38,GACGTTATCATCAGTG-1
GRCh38,GACTATGAGCACTCTA-1
GRCh38,GACTATGAGCCTGAGA-1
GRCh38,GACTATGAGCTGTACT-1
GRCh38,GACTATGCAACAAAGT-1
GRCh38,GACTATGCAACGTAAA-1
GRCh38,GACTATGGTAACTGCT-1
GRCh38,GACTATGTCACGTAGT-1
GRCh38,GACTATGTCTAGTCAG-1
GRCh38,GACTCAAAGTGCTAGG-1
GRCh38,GACTCAACATTGTAGC-1
GRCh38,GACTCAAGTAGACTGG-1
GRCh38,GACTCAATCAGAGTTC-1
GRCh38,GACTCAATCATGAAAG-1
GRCh38,GACTCAATCCCAGCGA-1
GRCh38,GACTCTCAGATAGGGA-1
GRCh38,GACTCTCAGTTTGAGA-1
GRCh38,GACTCTCCAAGGTCTT-1
GRCh38,GACTCTCGTAGACACG-1
GRCh38,GACTCTCGTTTCCATT-1
GRCh38,GACTCTCTCAAGGAGC-1
GRCh38,GACTCTCTCTCCGCAT-1
GRCh38,GACTCTCTCTGATGGT-1
GRCh38,GACTCTCTCTTGTGCC-1
GRCh38,GACTGATCACATACGT-1
GRCh38,GACTGATGTTCGTACA-1
GRCh38,GACTGATTCCATCTGC-1
GRCh38,GACTGATTCGTTGTAG-1
GRCh38,GACTTCCAGAGTCAAT-1
GRCh38,GACTTCCAGGTCCCGT-1
GRCh38,GACTTCCCAATCGCAT-1
GRCh38,GACTTCCGTCATCGGC-1
GRCh38,GACTTCCGTGACAGCA-1
GRCh38,GACTTCCTCCACAGGC-1
GRCh38,GACTTCCTCCCGTAAA-1
GRCh38,GACTTCCTCGAGTGGA-1
GRCh38,GAGAAATAGCTAGTTC-1
GRCh38,GAGAAATCAACCGACC-1
GRCh38,GAGAAATCAATTGAGA-1
GRCh38,GAGAAATCACGCTTAA-1
GRCh38,GAGAAATCAGGGCTTC-1
GRCh38,GAGAAATGTAGGCTCC-1
GRCh38,GAGAAATGTCCATAGT-1
GRCh38,GAGAAATGTGACCTGC-1
GRCh38,GAGAAATGTTAAACCC-1
GRCh38,GAGAAATTCCGTCCTA-1
GRCh38,GAGACCCAGCGACTAG-1
GRCh38,GAGACCCGTGCAACAG-1
GRCh38,GAGACCCTCAAAGCCT-1
GRCh38,GAGACCCTCATCGGGC-1
GRCh38,GAGACTTAGCGTATAA-1
GRCh38,GAGACTTAGGTCCCGT-1
GRCh38,GAGACTTCACAATGCT-1
GRCh38,GAGACTTCACGTTCGG-1
GRCh38,GAGACTTCACTGTCCT-1
GRCh38,GAGACTTGTCGCTGCA-1
GRCh38,GAGACTTGTGTTCCAA-1
GRCh38,GAGACTTTCAGCCCAG-1
GRCh38,GAGACTTTCCTCACCA-1
GRCh38,GAGACTTTCGCCCAGA-1
GRCh38,GAGACTTTCTGAGTCA-1
GRCh38,GAGAGGTAGGAACGAA-1
GRCh38,GAGAGGTAGGGACCAT-1
GRCh38,GAGAGGTCAGGACTAG-1
GRCh38,GAGAGGTTCTCTAGGA-1
GRCh38,GAGATGGAGAAACACT-1
GRCh38,GAGATGGAGGGCAAGG-1
GRCh38,GAGATGGAGGTTACAA-1
GRCh38,GAGATGGGTAGACAAT-1
GRCh38,GAGATGGTCCAAGGGA-1
GRCh38,GAGATGGTCCGATCGG-1
GRCh38,GAGCCTGCACTTGAAC-1
GRCh38,GAGCCTGGTGTATTCG-1
GRCh38,GAGCTGCAGAAGCGGG-1
GRCh38,GAGCTGCAGTTCAACC-1
GRCh38,GAGCTGCCAGCATTGT-1
GRCh38,GAGCTGCTCTGACCCT-1
GRCh38,GAGGCAAAGAATGTTG-1
GRCh38,GAGGCAAAGGAGTCTG-1
GRCh38,GAGGCAAAGGGCGAGA-1
GRCh38,GAGGCAAGTCGGATTT-1
GRCh38,GAGGCAAGTTCTCTAT-1
GRCh38,GAGGCAATCTTTGCTA-1
GRCh38,GAGGCCTAGACAGCGT-1
GRCh38,GAGGCCTAGGTTGACG-1
GRCh38,GAGGCCTCAAACTAGA-1
GRCh38,GAGGCCTCAGCAAGAC-1
GRCh38,GAGGCCTCATACAGCT-1
GRCh38,GAGGCCTGTCCACAGC-1
GRCh38,GAGGCCTGTGGAACAC-1
GRCh38,GAGGCCTTCAGCTAGT-1
GRCh38,GAGGGATAGGCTATCT-1
GRCh38,GAGGGATGTATCGCAT-1
GRCh38,GAGGGATGTATGATCC-1
GRCh38,GAGGGATGTCCTCAGG-1
GRCh38,GAGGGATGTGATAGTA-1
GRCh38,GAGGGATGTGGACTGA-1
GRCh38,GAGGGTAAGGACGCTA-1
GRCh38,GAGGGTACAAAGAACT-1
GRCh38,GAGGGTACAAGAAACT-1
GRCh38,GAGTCATAGTGTACAA-1
GRCh38,GAGTCATCAAGAGGCT-1
GRCh38,GAGTCATCACCATAAC-1
GRCh38,GAGTCATCAGTTCACA-1
GRCh38,GAGTCATCATTCGATG-1
GRCh38,GAGTCATGTACAAGTA-1
GRCh38,GAGTCATTCGCAGTGC-1
GRCh38,GAGTCTAAGCGGTAGT-1
GRCh38,GAGTCTAAGTATCTGC-1
GRCh38,GAGTCTAAGTGGATTA-1
GRCh38,GAGTCTACAATCAGCT-1
GRCh38,GAGTCTAGTAGGACCA-1
GRCh38,GAGTCTAGTATCGCTA-1
GRCh38,GAGTCTAGTGCATTTG-1
GRCh38,GAGTGAGAGTTCTACG-1
GRCh38,GAGTGAGCAAACTCTG-1
GRCh38,GAGTGAGCACCCTAAA-1
GRCh38,GAGTGAGGTTCGCGTG-1
GRCh38,GAGTGAGTCAAGAGTA-1
GRCh38,GAGTGAGTCGGTCGAC-1
GRCh38,GAGTGAGTCTTCTCAA-1
GRCh38,GAGTGTTAGAACAGGA-1
GRCh38,GAGTGTTAGCATTTCG-1
GRCh38,GAGTGTTAGTAAGGGA-1
GRCh38,GAGTGTTCAGTGTACT-1
GRCh38,GAGTGTTTCATTCATC-1
GRCh38,GAGTGTTTCTGTAACG-1
GRCh38,GAGTTACAGCGACAGT-1
GRCh38,GAGTTACCAGCATGCC-1
GRCh38,GAGTTACGTCCCTGAG-1
GRCh38,GAGTTACGTGTATTGC-1
GRCh38,GAGTTACGTGTTCGAT-1
GRCh38,GAGTTACTCCTAACAG-1
GRCh38,GAGTTGTAGAAGTCCG-1
GRCh38,GAGTTGTAGCATTGTC-1
GRCh38,GAGTTGTAGCCGTCGT-1
GRCh38,GAGTTGTAGCGTGAGT-1
GRCh38,GAGTTGTCAAGGCTTT-1
GRCh38,GAGTTGTCACCAGACC-1
GRCh38,GAGTTGTCACCTTCGT-1
GRCh38,GAGTTGTCACGATTCA-1
GRCh38,GAGTTGTGTATTCTCT-1
GRCh38,GAGTTGTTCCTGCCAT-1
GRCh38,GAGTTGTTCTAGACAC-1
GRCh38,GAGTTGTTCTGAGTCA-1
GRCh38,GAGTTTGGTCAGTCGC-1
GRCh38,GAGTTTGGTCCAAATC-1
GRCh38,GAGTTTGTCCCTCTAG-1
GRCh38,GAGTTTGTCCGATGCG-1
GRCh38,GAGTTTGTCGGCATTA-1
GRCh38,GATAGAAAGTAGATCA-1
GRCh38,GATAGAACAAAGGCTG-1
GRCh38,GATAGAACAGGCAATG-1
GRCh38,GATAGAAGTCACTCAA-1
GRCh38,GATAGAATCTGCATGA-1
GRCh38,GATAGAATCTTACCAT-1
GRCh38,GATAGCTCAACTCGAT-1
GRCh38,GATAGCTGTCTCAGGC-1
GRCh38,GATAGCTGTGAGTTGG-1
GRCh38,GATCACAAGGAGTACC-1
GRCh38,GATCACACAGAGTGAC-1
GRCh38,GATCACACATCCGCGA-1
GRCh38,GATCACAGTAGGAGGG-1
GRCh38,GATCACAGTATCACCA-1
GRCh38,GATCACAGTTCCCACT-1
GRCh38,GATCACATCGTTCCCA-1
GRCh38,GATCAGTAGGATTCCT-1
GRCh38,GATCAGTCAAGTGATA-1
GRCh38,GATCAGTGTTCGGCTG-1
GRCh38,GATCAGTGTTGCGAAG-1
GRCh38,GATCAGTTCAGTCACA-1
GRCh38,GATCAGTTCGAGAATA-1
GRCh38,GATCAGTTCGCCATAA-1
GRCh38,GATCATGCAGCTCTGG-1
GRCh38,GATCATGTCAAATGCC-1
GRCh38,GATCATGTCAGGAAAT-1
GRCh38,GATCCCTAGGTCACCC-1
GRCh38,GATCCCTCAAGGCAAC-1
GRCh38,GATCCCTCACCAGTTA-1
GRCh38,GATCCCTGTCCTCATC-1
GRCh38,GATCGTACAACCGGAA-1
GRCh38,GATCGTAGTAAGATCA-1
GRCh38,GATCGTAGTACAAAGT-1
GRCh38,GATCGTAGTCCACGCA-1
GRCh38,GATCGTATCAGTCCGG-1
GRCh38,GATCGTATCCACGTAA-1
GRCh38,GATGACTAGCCGATCC-1
GRCh38,GATGACTAGGAATCGC-1
GRCh38,GATGACTAGGGTTAGC-1
GRCh38,GATGACTAGTGGCAGT-1
GRCh38,GATGACTAGTGGTGAC-1
GRCh38,GATGACTAGTTCCATG-1
GRCh38,GATGACTCAATAAGGT-1
GRCh38,GATGACTCAATGCAGG-1
GRCh38,GATGACTCACCGGTCA-1
GRCh38,GATGACTCATGTCTAG-1
GRCh38,GATGACTGTACCGGAA-1
GRCh38,GATGACTGTCGCATGC-1
GRCh38,GATGACTTCAGCTGTA-1
GRCh38,GATGAGGCAGCACAGA-1
GRCh38,GATGAGGCATGAAGGC-1
GRCh38,GATGAGGGTGCCGTAC-1
GRCh38,GATGAGGGTTCGTACA-1
GRCh38,GATGAGGTCATGCTAG-1
GRCh38,GATGATCCACTCCCTA-1
GRCh38,GATGATCCATGACTTG-1
GRCh38,GATGATCCATGTACGT-1
GRCh38,GATGATCGTCCCTGAG-1
GRCh38,GATGCTAAGGTAAACT-1
GRCh38,GATGCTAAGTTGAATG-1
GRCh38,GATGCTACATGACACT-1
GRCh38,GATGCTAGTACTCCCT-1
GRCh38,GATGCTATCGCTCTCA-1
GRCh38,GATGCTATCGTGTGAT-1
GRCh38,GATGGAGAGCTACTAC-1
GRCh38,GATGGAGCACAACATC-1
GRCh38,GATGGAGCACACGGAA-1
GRCh38,GATGGAGGTGGCGCTT-1
GRCh38,GATGGAGGTTACCTTT-1
GRCh38,GATGGAGTCTCGCTTG-1
GRCh38,GATGTTGAGGTACATA-1
GRCh38,GATGTTGAGTGATCGG-1
GRCh38,GATGTTGAGTGATTCC-1
GRCh38,GATGTTGCACCACTGG-1
GRCh38,GATGTTGCACCGGAAA-1
GRCh38,GATGTTGCACTACCGG-1
GRCh38,GATGTTGCAGCGTACC-1
GRCh38,GATGTTGGTTACCTTT-1
GRCh38,GATGTTGGTTGTTTGG-1
GRCh38,GATGTTGTCACCGGTG-1
GRCh38,GATGTTGTCCCGTGAG-1
GRCh38,GATGTTGTCGATAACC-1
GRCh38,GATTCGAAGGTTATAG-1
GRCh38,GATTCGAAGTATGAGT-1
GRCh38,GATTCGACACGTGAGA-1
GRCh38,GATTCGACATGGAAGC-1
GRCh38,GATTCGAGTGATAGAT-1
GRCh38,GATTCTTGTAAGCGGT-1
GRCh38,GATTCTTTCCTCTCTT-1
GRCh38,GATTGGTAGAGTACCG-1
GRCh38,GATTGGTAGGGAGGCA-1
GRCh38,GATTGGTGTTGGACTT-1
GRCh38,GATTGGTTCATCACAG-1
GRCh38,GATTGGTTCCAATCTT-1
GRCh38,GATTGGTTCCTTCACG-1
GRCh38,GATTTCTCAATACGCT-1
GRCh38,GATTTCTCATACCACA-1
GRCh38,GATTTCTGTAACGTTC-1
GRCh38,GATTTCTGTTGTTTGG-1
GRCh38,GCAACATAGAAAGCGA-1
GRCh38,GCAACATCACCCTAGG-1
GRCh38,GCAACATCAGACATCT-1
GRCh38,GCAACATCAGTTAAAG-1
GRCh38,GCAACATGTGAGCAGT-1
GRCh38,GCAACATTCATAGGCT-1
GRCh38,GCAACCGAGTCATACC-1
GRCh38,GCAACCGAGTGTTGTC-1
GRCh38,GCAACCGGTAGTGATA-1
GRCh38,GCAACCGTCGGAATTC-1
GRCh38,GCACATAAGTGGTCAG-1
GRCh38,GCACATACATACCACA-1
GRCh38,GCACATAGTGGCAGAT-1
GRCh38,GCACATAGTTGAGTCT-1
GRCh38,GCACATATCAACCTCC-1
GRCh38,GCACATATCCTTACCG-1
GRCh38,GCACATATCTTCGTGC-1
GRCh38,GCACGGTCACTCCTGT-1
GRCh38,GCACGGTCATCAACCA-1
GRCh38,GCACGGTGTAAGCTCT-1
GRCh38,GCACGGTTCGCGCCAA-1
GRCh38,GCACGGTTCGTGGCTG-1
GRCh38,GCACGGTTCTACGGTA-1
GRCh38,GCACGGTTCTATGCCC-1
GRCh38,GCACGGTTCTGGTGCG-1
GRCh38,GCACGTGAGAGGTGCT-1
GRCh38,GCACGTGAGTCCTACA-1
GRCh38,GCACGTGCAAAGCTAA-1
GRCh38,GCACGTGCACAGCTGC-1
GRCh38,GCACGTGCACGGTGAA-1
GRCh38,GCACGTGCACTGCGAC-1
GRCh38,GCACGTGTCAGTCACA-1
GRCh38,GCACTAAAGTGCCCGT-1
GRCh38,GCACTAACAGTGACCC-1
GRCh38,GCACTAAGTAGTGTGG-1
GRCh38,GCAGCCAGTTTCACTT-1
GRCh38,GCAGCCATCCACAGCG-1
GRCh38,GCAGCTGAGTCATACC-1
GRCh38,GCAGCTGCAACTCGTA-1
GRCh38,GCAGCTGCACGTATAC-1
GRCh38,GCAGCTGCAGACTCTA-1
GRCh38,GCAGCTGCATAAGCAA-1
GRCh38,GCAGCTGGTAATCAGA-1
GRCh38,GCAGCTGGTACTGCGC-1
GRCh38,GCAGCTGGTATACCTG-1
GRCh38,GCAGCTGGTCTTCCGT-1
GRCh38,GCAGCTGTCACTCCGT-1
GRCh38,GCAGCTGTCGGTATGT-1
GRCh38,GCAGGCTAGACATAAC-1
GRCh38,GCAGGCTAGCTCAGAG-1
GRCh38,GCAGGCTAGGGTAATT-1
GRCh38,GCAGGCTCACGTTGGC-1
GRCh38,GCAGGCTGTTGTCTAG-1
GRCh38,GCAGGCTTCCACTGGG-1
GRCh38,GCAGGCTTCTACTCAT-1
GRCh38,GCAGTTATCCCATGGG-1
GRCh38,GCATCGGAGCATACTC-1
GRCh38,GCATCGGGTCTTCATT-1
GRCh38,GCATCGGTCCGTTTCG-1
GRCh38,GCATCGGTCGTTGCCT-1
GRCh38,GCATCTCCATCACGGC-1
GRCh38,GCATCTCTCATGCCAA-1
GRCh38,GCATCTCTCTACTGAG-1
GRCh38,GCATCTCTCTCGAGTA-1
GRCh38,GCATGATAGGAGCTGT-1
GRCh38,GCATGATCAGAGATGC-1
GRCh38,GCATGATGTATTGACC-1
GRCh38,GCATGATGTCTTGTCC-1
GRCh38,GCATTAGAGGATCATA-1
GRCh38,GCATTAGAGGGAGATA-1
GRCh38,GCATTAGAGTACAACA-1
GRCh38,GCATTAGCAACCGTAT-1
GRCh38,GCATTAGCAGAACCGA-1
GRCh38,GCATTAGCAGCAGTCC-1
GRCh38,GCATTAGCAGTCTACA-1
GRCh38,GCATTAGCATGTTTGG-1
GRCh38,GCATTAGGTAGGCTCC-1
GRCh38,GCATTAGGTTGTAAAG-1
GRCh38,GCATTAGTCAACTACG-1
GRCh38,GCATTAGTCGAGATAA-1
GRCh38,GCCAACGGTGAGACGT-1
GRCh38,GCCAACGGTTTCGTTT-1
GRCh38,GCCAACGTCAGGAAGC-1
GRCh38,GCCAGCAAGTCGCCCA-1
GRCh38,GCCAGCACAACCTATG-1
GRCh38,GCCAGCACATGGGCAA-1
GRCh38,GCCAGCAGTTGGCTAT-1
GRCh38,GCCAGGTAGACAACAT-1
GRCh38,GCCAGGTCACAGACGA-1
GRCh38,GCCAGGTGTAAGTCAA-1
GRCh38,GCCAGGTGTGTCCGGT-1
GRCh38,GCCAGGTGTGTGATGG-1
GRCh38,GCCAGGTTCAGATTGC-1
GRCh38,GCCAGTGAGAAGGGAT-1
GRCh38,GCCAGTGAGCCAGAGT-1
GRCh38,GCCAGTGCAATACGCT-1
GRCh38,GCCAGTGCAGCGTACC-1
GRCh38,GCCAGTGGTAAGTAGT-1
GRCh38,GCCAGTGGTCCAGCCA-1
GRCh38,GCCATGGAGAGGTATT-1
GRCh38,GCCATGGAGCTTAGTC-1
GRCh38,GCCATGGCATACATCG-1
GRCh38,GCCATGGGTGGCTAGA-1
GRCh38,GCCATGGGTTAGGCTT-1
GRCh38,GCCATGGGTTGCCTAA-1
GRCh38,GCCATGGTCCACGGAC-1
GRCh38,GCCATTCAGAAGCTGC-1
GRCh38,GCCATTCCACCAAATC-1
GRCh38,GCCATTCGTACTCGTA-1
GRCh38,GCCATTCGTAGCTGTT-1
GRCh38,GCCATTCGTCAAACGG-1
GRCh38,GCCATTCTCTCGTCAC-1
GRCh38,GCCCAGAAGTCTGCAT-1
GRCh38,GCCCAGAGTTTACGAC-1
GRCh38,GCCCAGATCACCTGGG-1
GRCh38,GCCCAGATCACGACTA-1
GRCh38,GCCCAGATCCTCACCA-1
GRCh38,GCCCGAAAGGGTTAGC-1
GRCh38,GCCCGAACATGCGGTC-1
GRCh38,GCCCGAAGTAACCAGG-1
GRCh38,GCCCGAAGTAAGTCAA-1
GRCh38,GCCCGAAGTAGAGACC-1
GRCh38,GCCCGAAGTATGAAAC-1
GRCh38,GCCCGAATCCACTAGA-1
GRCh38,GCCCGAATCTATCGCC-1
GRCh38,GCCGATGAGAATGTTG-1
GRCh38,GCCGATGAGGAGACCT-1
GRCh38,GCCGATGAGTCGGGAT-1
GRCh38,GCCGATGCAGTTGGTT-1
GRCh38,GCCGATGCATAGTCAC-1
GRCh38,GCCGATGGTCGTGGAA-1
GRCh38,GCCGATGGTCTCAGAT-1
GRCh38,GCCGATGGTTCTAACG-1
GRCh38,GCCGATGTCGTGAGAG-1
GRCh38,GCCGATGTCTTGCGCT-1
GRCh38,GCCGTGAAGAGCATAT-1
GRCh38,GCCGTGAAGCTTTGTG-1
GRCh38,GCCGTGAGTCAACGCC-1
GRCh38,GCCGTGATCTTCACAT-1
GRCh38,GCCTGTTAGCCGGATA-1
GRCh38,GCCTGTTAGTTCCGTA-1
GRCh38,GCCTGTTCAAATGAAC-1
GRCh38,GCCTGTTGTACTCGAT-1
GRCh38,GCCTGTTGTGCTCCGA-1
GRCh38,GCCTGTTGTTCTCTCG-1
GRCh38,GCCTGTTTCTGTGTGA-1
GRCh38,GCGAGAAAGACCAGAC-1
GRCh38,GCGAGAAAGCGTCAAG-1
GRCh38,GCGAGAAAGGCTTAAA-1
GRCh38,GCGAGAACAAAGAGTT-1
GRCh38,GCGAGAACAGAGTCAG-1
GRCh38,GCGAGAAGTAGCGCCT-1
GRCh38,GCGAGAAGTGGCAGAT-1
GRCh38,GCGAGAATCAAACGTC-1
GRCh38,GCGAGAATCCCAAGCG-1
GRCh38,GCGAGAATCGTGACTA-1
GRCh38,GCGATCGAGCAAGGAA-1
GRCh38,GCGATCGCACGGTGAA-1
GRCh38,GCGATCGGTTTACACG-1
GRCh38,GCGATCGTCACGTAGT-1
GRCh38,GCGATCGTCATGAAAG-1
GRCh38,GCGATCGTCTCGCCTA-1
GRCh38,GCGGAAACAGTCGGTC-1
GRCh38,GCGGATCAGATCCCAT-1
GRCh38,GCGGATCAGCCTCAGC-1
GRCh38,GCGGATCCACTGGACC-1
GRCh38,GCGGATCTCACGGAGA-1
GRCh38,GCGTGCAAGATCCGAG-1
GRCh38,GCGTGCAAGTCCTACA-1
GRCh38,GCGTGCACACCGGTCA-1
GRCh38,GCGTGCAGTAACGCGA-1
GRCh38,GCGTTTCCAACCACGC-1
GRCh38,GCGTTTCCAATTGTGC-1
GRCh38,GCGTTTCCACATTCGA-1
GRCh38,GCGTTTCGTCAAATCC-1
GRCh38,GCGTTTCGTCACTAGT-1
GRCh38,GCTACAAAGACAAGCC-1
GRCh38,GCTACAATCCAACACA-1
GRCh38,GCTACAATCTTCCAGC-1
GRCh38,GCTACCTAGGCTAGCA-1
GRCh38,GCTACCTGTCGTCAGC-1
GRCh38,GCTACCTTCACTACGA-1
GRCh38,GCTACCTTCTTCCAGC-1
GRCh38,GCTCAAAAGTAGTGCG-1
GRCh38,GCTCAAAGTACCAGAG-1
GRCh38,GCTCAAAGTTCTAACG-1
GRCh38,GCTGAATAGTCGAAGC-1
GRCh38,GCTGAATGTATCGCGC-1
GRCh38,GCTGAATTCGGCATCG-1
GRCh38,GCTGAATTCTCAGTCC-1
GRCh38,GCTGCAGAGAAATCCA-1
GRCh38,GCTGCAGCACTATCCC-1
GRCh38,GCTGCAGCAGTTAAAG-1
GRCh38,GCTGCAGGTCGAAGCA-1
GRCh38,GCTGCAGGTGGACTGA-1
GRCh38,GCTGCAGTCACCTGTC-1
GRCh38,GCTGGGTAGGTATCTC-1
GRCh38,GCTGGGTCATTGCCTC-1
GRCh38,GCTGGGTGTTGTGTTG-1
GRCh38,GCTTCACAGTTGCTCA-1
GRCh38,GCTTCACCAGGAGGTT-1
GRCh38,GCTTCACGTCGTCAGC-1
GRCh38,GCTTCACGTGGTTTAC-1
GRCh38,GCTTCACGTTGGCCGT-1
GRCh38,GCTTGGGAGCGACTGA-1
GRCh38,GCTTGGGAGGAGATAG-1
GRCh38,GCTTGGGAGGTCGAGT-1
GRCh38,GCTTGGGCAGTCGTTA-1
GRCh38,GCTTGGGGTAGGCAAC-1
GRCh38,GCTTGGGGTTGCTAGT-1
GRCh38,GCTTGGGTCCGAGATT-1
GRCh38,GCTTGGGTCGTTCATT-1
GRCh38,GCTTGGGTCTAAGAAG-1
GRCh38,GCTTGGGTCTTGGAAC-1
GRCh38,GCTTTCGAGAACGTGC-1
GRCh38,GCTTTCGAGCAGCCCT-1
GRCh38,GCTTTCGAGTGCTAGG-1
GRCh38,GCTTTCGAGTGGTTAA-1
GRCh38,GCTTTCGAGTTTCAGC-1
GRCh38,GCTTTCGCAACGCCCA-1
GRCh38,GCTTTCGCACTACGGC-1
GRCh38,GCTTTCGCATCGATAC-1
GRCh38,GCTTTCGCATGAGATA-1
GRCh38,GCTTTCGGTCACCGCA-1
GRCh38,GCTTTCGGTTAAACCC-1
GRCh38,GGAACCCAGAATAACC-1
GRCh38,GGAACCCGTCATATGC-1
GRCh38,GGAACCCTCAGAGCGA-1
GRCh38,GGAACCCTCGGTTCAA-1
GRCh38,GGAAGTGAGACTCCGC-1
GRCh38,GGAAGTGAGGAGTATT-1
GRCh38,GGAAGTGAGGCATCGA-1
GRCh38,GGAAGTGAGTCGCCCA-1
GRCh38,GGAAGTGCAATTCGTG-1
GRCh38,GGAAGTGCAGCTCTGG-1
GRCh38,GGAAGTGGTACCGGCT-1
GRCh38,GGAAGTGGTACTGAGG-1
GRCh38,GGAAGTGGTCTGTTAG-1
GRCh38,GGAATCTCACGCCAGT-1
GRCh38,GGAATCTCATTGCTTT-1
GRCh38,GGAATCTTCATTGGTG-1
GRCh38,GGAATGGCATACAGCT-1
GRCh38,GGAATGGGTGATTCAC-1
GRCh38,GGAATGGTCGGCTCTT-1
GRCh38,GGACGTCAGCAACTCT-1
GRCh38,GGACGTCCATAGAATG-1
GRCh38,GGACGTCCATGGGATG-1
GRCh38,GGACGTCGTATCGAGG-1
GRCh38,GGACGTCGTCCTGTCT-1
GRCh38,GGACGTCTCTTCCAGC-1
GRCh38,GGAGAACCAAGGACAC-1
GRCh38,GGAGAACCACAAAGCG-1
GRCh38,GGAGAACTCAATCCAG-1
GRCh38,GGAGAACTCGTCGACG-1
GRCh38,GGAGAACTCTTCGTAT-1
GRCh38,GGAGATGGTACTGTTG-1
GRCh38,GGAGATGGTGTAGGAC-1
GRCh38,GGAGATGTCCACTTTA-1
GRCh38,GGAGCAAAGACAAGCC-1
GRCh38,GGAGCAAAGGTTTGAA-1
GRCh38,GGAGCAAGTTTACTTC-1
GRCh38,GGAGCAATCCATGCAA-1
GRCh38,GGAGCAATCCCAAGCG-1
GRCh38,GGAGCAATCGGTCAGC-1
GRCh38,GGAGGATCAGCTTCCT-1
GRCh38,GGAGGATGTACTGAGG-1
GRCh38,GGAGGATGTCGAAACG-1
GRCh38,GGAGGTAAGACCCGCT-1
GRCh38,GGAGGTAAGCAGATAT-1
GRCh38,GGAGGTACAGAAGCGT-1
GRCh38,GGAGGTACAGGCTCTG-1
GRCh38,GGAGGTACATGACCCG-1
GRCh38,GGAGGTAGTTAATCGC-1
GRCh38,GGAGGTATCAGCACCG-1
GRCh38,GGAGGTATCATTGCTT-1
GRCh38,GGATCTACATCACAGT-1
GRCh38,GGATCTAGTGTTTACG-1
GRCh38,GGATCTATCAGGGATG-1
GRCh38,GGATCTATCCAACTAG-1
GRCh38,GGATCTATCTAGTCAG-1
GRCh38,GGATGTTAGCCATTGT-1
GRCh38,GGATGTTAGCCTGAAG-1
GRCh38,GGATGTTAGGCCATAG-1
GRCh38,GGATGTTGTGGCGCTT-1
GRCh38,GGATGTTGTGGGTCAA-1
GRCh38,GGCACGTAGGACTAAT-1
GRCh38,GGCACGTAGGGTAATT-1
GRCh38,GGCACGTAGTGTAGTA-1
GRCh38,GGCACGTCAAGATGGC-1
GRCh38,GGCACGTTCAAATGCC-1
GRCh38,GGCACGTTCACTTTGT-1
GRCh38,GGCACGTTCGCAATTG-1
GRCh38,GGCACGTTCTTGAGCA-1
GRCh38,GGCAGTCAGGTGGTTG-1
GRCh38,GGCAGTCGTCAGACGA-1
GRCh38,GGCAGTCGTCAGGTGA-1
GRCh38,GGCAGTCTCACTTCTA-1
GRCh38,GGCGTCAAGAGCATAT-1
GRCh38,GGCGTCAAGAGTCAAT-1
GRCh38,GGCGTCAAGCATCAGG-1
GRCh38,GGCGTCACAGAATTCC-1
GRCh38,GGCGTCACAGATCCAT-1
GRCh38,GGCGTCAGTATAGCTC-1
GRCh38,GGCGTCAGTGGTATGG-1
GRCh38,GGCGTCATCCAGCTCT-1
GRCh38,GGCGTCATCTGTCGTC-1
GRCh38,GGCTGTGAGCGCCCAT-1
GRCh38,GGCTGTGCACATTACG-1
GRCh38,GGCTGTGTCTTGGGCG-1
GRCh38,GGCTTGGAGGCTTTCA-1
GRCh38,GGCTTGGGTAGAGTTA-1
GRCh38,GGCTTGGGTCTCGGGT-1
GRCh38,GGCTTGGTCGAAGTGG-1
GRCh38,GGCTTTCAGAGTGAAG-1
GRCh38,GGCTTTCAGGTGAGAA-1
GRCh38,GGCTTTCCACCAGCGT-1
GRCh38,GGCTTTCCACTCACTC-1
GRCh38,GGCTTTCGTACGGATG-1
GRCh38,GGCTTTCGTGAGCAGT-1
GRCh38,GGCTTTCGTTCCTTGC-1
GRCh38,GGCTTTCTCTATCGTT-1
GRCh38,GGCTTTCTCTGGACTA-1
GRCh38,GGGAAGTAGTTCCTGA-1
GRCh38,GGGAAGTCAAGCGGAT-1
GRCh38,GGGAAGTGTATGGTTC-1
GRCh38,GGGAAGTGTCTAACGT-1
GRCh38,GGGAAGTTCCTACCGT-1
GRCh38,GGGAAGTTCGATTTCT-1
GRCh38,GGGACAAAGCATGATA-1
GRCh38,GGGACAAAGCTCATAC-1
GRCh38,GGGACAAAGGTAAGGA-1
GRCh38,GGGACAAGTAGCCCTG-1
GRCh38,GGGACAAGTTGGGACA-1
GRCh38,GGGACAAGTTTAGTCG-1
GRCh38,GGGACAATCAAACTGC-1
GRCh38,GGGACAATCGGTCAGC-1
GRCh38,GGGACAATCTAGTGAC-1
GRCh38,GGGACCTAGTAGGAAG-1
GRCh38,GGGACCTCACGGAAGT-1
GRCh38,GGGACCTCATAAGCAA-1
GRCh38,GGGACCTGTACTCCCT-1
GRCh38,GGGACCTGTCGTCATA-1
GRCh38,GGGACCTGTTCGGTAT-1
GRCh38,GGGACCTGTTGGGCCT-1
GRCh38,GGGACCTTCGCTGTTC-1
GRCh38,GGGACCTTCGTTTACT-1
GRCh38,GGGACTCAGCGGTAAC-1
GRCh38,GGGACTCAGTGACCTT-1
GRCh38,GGGACTCCACTCTGCT-1
GRCh38,GGGACTCGTATTCCGA-1
GRCh38,GGGACTCGTCATAGTC-1
GRCh38,GGGACTCTCCATTCAT-1
GRCh38,GGGACTCTCGGAAGGT-1
GRCh38,GGGACTCTCTTGTGCC-1
GRCh38,GGGAGATAGATTAGTG-1
GRCh38,GGGAGATAGGAATTAC-1
GRCh38,GGGAGATGTGGACTAG-1
GRCh38,GGGAGATTCGTTGCCT-1
GRCh38,GGGAGTAAGCGGGTAT-1
GRCh38,GGGAGTACAGTCGAGA-1
GRCh38,GGGAGTAGTAGATTGA-1
GRCh38,GGGAGTAGTAGTCGGA-1
GRCh38,GGGAGTATCACCCTCA-1
GRCh38,GGGAGTATCCTCATAT-1
GRCh38,GGGAGTATCGCTGCGA-1
GRCh38,GGGATCCAGAAGGGAT-1
GRCh38,GGGATCCCATGGCCCA-1
GRCh38,GGGATCCGTATCTCGA-1
GRCh38,GGGATCCGTCATTGCA-1
GRCh38,GGGATCCGTCGAGCTC-1
GRCh38,GGGATCCTCATGGAGG-1
GRCh38,GGGATGAAGTAGGTTA-1
GRCh38,GGGATGACAAGTGTCT-1
GRCh38,GGGATGACAGCACACC-1
GRCh38,GGGATGACATCCCACT-1
GRCh38,GGGATGAGTATATGGA-1
GRCh38,GGGATGAGTTCGAACT-1
GRCh38,GGGATGAGTTGACTAC-1
GRCh38,GGGCCATAGGTCACCC-1
GRCh38,GGGCCATAGTACGTCT-1
GRCh38,GGGCCATGTAACTGCT-1
GRCh38,GGGCCATGTACGCTAT-1
GRCh38,GGGCCATGTCCGAAGA-1
GRCh38,GGGCCATTCAACTGAC-1
GRCh38,GGGCGTTAGACATCCT-1
GRCh38,GGGCGTTAGGAATGTT-1
GRCh38,GGGCGTTCAATTGCTG-1
GRCh38,GGGCGTTGTACCGTGC-1
GRCh38,GGGCGTTGTCTGTGGC-1
GRCh38,GGGCTACAGAATTGCA-1
GRCh38,GGGCTACAGATGTAGT-1
GRCh38,GGGCTACAGCACTCTA-1
GRCh38,GGGCTACAGCAGTAAT-1
GRCh38,GGGCTACCACCTCGTT-1
GRCh38,GGGCTACTCATAGCAC-1
GRCh38,GGGCTCAAGTTTCGAC-1
GRCh38,GGGCTCAGTCACGTGC-1
GRCh38,GGGCTCATCATCGACA-1
GRCh38,GGGCTCATCCCATAGA-1
GRCh38,GGGCTCATCCTCAGGG-1
GRCh38,GGGCTCATCTTGGTGA-1
GRCh38,GGGTAGACAGCTTCCT-1
GRCh38,GGGTAGATCATGACAC-1
GRCh38,GGGTAGATCCATCTGC-1
GRCh38,GGGTATTCACCAGACC-1
GRCh38,GGGTATTCACCCTAGG-1
GRCh38,GGGTATTCATGACTAC-1
GRCh38,GGGTCACAGCTAAACA-1
GRCh38,GGGTCACAGGCCCACT-1
GRCh38,GGGTCACAGTAAATGC-1
GRCh38,GGGTCACGTAATTAGG-1
GRCh38,GGGTCACGTCCGGTGT-1
GRCh38,GGGTCACGTGAAGCTG-1
GRCh38,GGGTCTGAGTAAAGCT-1
GRCh38,GGGTCTGCAAGCAATA-1
GRCh38,GGGTCTGCACCCTGTT-1
GRCh38,GGGTCTGCAGACACAG-1
GRCh38,GGGTCTGCAGACACCC-1
GRCh38,GGGTCTGCAGTCCCGA-1
GRCh38,GGGTCTGGTCGAGTGA-1
GRCh38,GGGTCTGTCCATCTCG-1
GRCh38,GGGTGAAAGGTGCAGT-1
GRCh38,GGGTGAAGTCGACTGC-1
GRCh38,GGGTGTCCAGAGTGAC-1
GRCh38,GGGTGTCGTTCTATCT-1
GRCh38,GGGTTATAGTACAGCG-1
GRCh38,GGGTTATCAATGCAGG-1
GRCh38,GGGTTATCAGCGAACA-1
GRCh38,GGGTTATCAGTTGTCA-1
GRCh38,GGGTTATCATGAGAAT-1
GRCh38,GGGTTATCATGATCTG-1
GRCh38,GGGTTATGTGTCCAAT-1
GRCh38,GGGTTATGTGTCTAAC-1
GRCh38,GGGTTATGTTGCTTGA-1
GRCh38,GGGTTATTCGACACCG-1
GRCh38,GGGTTTAGTATGAAGT-1
GRCh38,GGGTTTAGTGTCCGTG-1
GRCh38,GGGTTTATCCAGGACC-1
GRCh38,GGTAACTAGAATTGTG-1
GRCh38,GGTAACTAGAGATTCA-1
GRCh38,GGTAACTAGCACTCTA-1
GRCh38,GGTAACTCAACTCGTA-1
GRCh38,GGTAACTCACGTACTA-1
GRCh38,GGTAATCAGACCAACG-1
GRCh38,GGTAATCCAGAATTCC-1
GRCh38,GGTAATCCAGCGAACA-1
GRCh38,GGTAATCCAGTCTCTC-1
GRCh38,GGTAGAGAGCGATGAC-1
GRCh38,GGTAGAGAGGTGCCTC-1
GRCh38,GGTAGAGCAATACCTG-1
GRCh38,GGTAGAGCATGGTACT-1
GRCh38,GGTAGAGGTCGCGTTG-1
GRCh38,GGTAGAGGTGACCTGC-1
GRCh38,GGTAGAGTCAGATTGC-1
GRCh38,GGTAGAGTCATCGACA-1
GRCh38,GGTCACGAGCGGTAGT-1
GRCh38,GGTCACGAGTCGTTAC-1
GRCh38,GGTCACGCATGGGTTT-1
GRCh38,GGTCTGGAGGTCACAG-1
GRCh38,GGTCTGGAGTGGTCAG-1
GRCh38,GGTCTGGCAAAGGATT-1
GRCh38,GGTCTGGGTTAGGAGC-1
GRCh38,GGTCTGGGTTGCGGAA-1
GRCh38,GGTCTGGGTTGGGAAC-1
GRCh38,GGTCTGGTCACTTTGT-1
GRCh38,GGTCTGGTCCATTCAT-1
GRCh38,GGTCTGGTCGTAGAGG-1
GRCh38,GGTGAAGAGTACCGGA-1
GRCh38,GGTGAAGCAAAGTGTA-1
GRCh38,GGTGAAGCAAGGAGTC-1
GRCh38,GGTGAAGCACTACGGC-1
GRCh38,GGTGAAGGTACCTAGT-1
GRCh38,GGTGAAGGTAGCTTTG-1
GRCh38,GGTGAAGGTTCGGACC-1
GRCh38,GGTGAAGTCATAGACC-1
GRCh38,GGTGAAGTCGAGCCAC-1
GRCh38,GGTGAAGTCGGTTGTA-1
GRCh38,GGTGAAGTCTCTAAGG-1
GRCh38,GGTGATTAGCCGTCGT-1
GRCh38,GGTGATTAGGTGCAGT-1
GRCh38,GGTGATTTCACACCGG-1
GRCh38,GGTGATTTCCTGGTCT-1
GRCh38,GGTGATTTCGATAACC-1
GRCh38,GGTGATTTCTACTCAT-1
GRCh38,GGTGATTTCTTGTTAC-1
GRCh38,GGTGGCTAGCATGGGT-1
GRCh38,GGTGGCTAGCGATGCA-1
GRCh38,GGTGGCTCATATAGCC-1
GRCh38,GGTGGCTCATGTTCAG-1
GRCh38,GGTGGCTGTGCACGCT-1
GRCh38,GGTGGCTGTTCAATCG-1
GRCh38,GGTGGCTTCCTTATAC-1
GRCh38,GGTGGCTTCTGAGTCA-1
GRCh38,GGTGTCGAGAACAGGA-1
GRCh38,GGTGTCGAGAGCACTG-1
GRCh38,GGTGTCGAGCATCAGG-1
GRCh38,GGTGTCGCAAATCAAG-1
GRCh38,GGTGTCGCAGAGGCTA-1
GRCh38,GGTGTCGTCCACAGCG-1
GRCh38,GGTGTCGTCTAGTTCT-1
GRCh38,GGTGTTACATGGGCAA-1
GRCh38,GGTGTTAGTTACGTAC-1
GRCh38,GGTGTTATCGCCTAGG-1
GRCh38,GGTGTTATCTTCCGTG-1
GRCh38,GGTTAACAGCGACTTT-1
GRCh38,GGTTAACCAACTCGAT-1
GRCh38,GGTTAACCAGACTCTA-1
GRCh38,GGTTCTCAGTAGGAAG-1
GRCh38,GGTTCTCCAATCTCGA-1
GRCh38,GGTTCTCCACTCCCTA-1
GRCh38,GGTTCTCCAGGCTACC-1
GRCh38,GGTTCTCGTGACTCTA-1
GRCh38,GGTTCTCTCCGCTGTT-1
GRCh38,GGTTCTCTCGATACTG-1
GRCh38,GGTTCTCTCTTCTAAC-1
GRCh38,GGTTGTAAGATTGAGT-1
GRCh38,GGTTGTAAGCTGTTCA-1
GRCh38,GGTTGTAAGGGCAAGG-1
GRCh38,GGTTGTAGTAACCAGG-1
GRCh38,GGTTGTAGTAACGGTG-1
GRCh38,GGTTGTAGTACAGTCT-1
GRCh38,GGTTGTAGTACGTACT-1
GRCh38,GGTTGTAGTCCCTAAA-1
GRCh38,GGTTGTAGTGATTAGA-1
GRCh38,GGTTGTATCTGAGTCA-1
GRCh38,GGTTGTATCTTGTTAC-1
GRCh38,GTAACACAGCTTTGTG-1
GRCh38,GTAACACCAATTGCAC-1
GRCh38,GTAACACCAGGTCAAG-1
GRCh38,GTAACCAAGATGTTAG-1
GRCh38,GTAACCAAGCCAGAGT-1
GRCh38,GTAACCAAGCCTCTGG-1
GRCh38,GTAACCACATGGTGGA-1
GRCh38,GTAACCAGTAATCAGA-1
GRCh38,GTAACCAGTTGGACCC-1
GRCh38,GTAACCATCTGTCGTC-1
GRCh38,GTAAGTCAGATTGCGG-1
GRCh38,GTAAGTCAGGTGCATG-1
GRCh38,GTAAGTCAGGTTACCT-1
GRCh38,GTAAGTCAGTTGGACG-1
GRCh38,GTAAGTCCAAGAATAC-1
GRCh38,GTAAGTCGTACTCGAT-1
GRCh38,GTAAGTCGTAGAAACT-1
GRCh38,GTAAGTCGTCCAACGC-1
GRCh38,GTAAGTCTCATCCTGC-1
GRCh38,GTAAGTCTCCTGGGTG-1
GRCh38,GTAAGTCTCTCTTAAC-1
GRCh38,GTAATCGAGAAGAACG-1
GRCh38,GTAATCGAGAGCTGAC-1
GRCh38,GTAATCGAGCGTCAGA-1
GRCh38,GTAATCGCACGTAGTT-1
GRCh38,GTAATCGGTAACTTCG-1
GRCh38,GTAATCGGTCACCCTT-1
GRCh38,GTAATCGTCATTTGGG-1
GRCh38,GTAATCGTCTCCTGTG-1
GRCh38,GTAATCGTCTTTACAC-1
GRCh38,GTAATGCCACGACAGA-1
GRCh38,GTAATGCCACTCCACT-1
GRCh38,GTAATGCCAGGTGTTT-1
GRCh38,GTAATGCGTCATCGGC-1
GRCh38,GTAATGCGTCCCTGTT-1
GRCh38,GTAATGCGTCTGTGGC-1
GRCh38,GTAATGCGTTCTCTCG-1
GRCh38,GTAATGCTCAAGCGTT-1
GRCh38,GTACAACAGACCGCCT-1
GRCh38,GTACAACAGGTGATCG-1
GRCh38,GTACAACCACACGGAA-1
GRCh38,GTACAACCAGAACTCT-1
GRCh38,GTACAACCAGTGACCC-1
GRCh38,GTACAACGTCTGTAGT-1
GRCh38,GTACAACGTGAGTTGG-1
GRCh38,GTACAACGTGGCTGAA-1
GRCh38,GTACAGTCAAGACGAC-1
GRCh38,GTACAGTCACACGTGC-1
GRCh38,GTACAGTCATAGGTAA-1
GRCh38,GTACAGTGTGAATTAG-1
GRCh38,GTACAGTGTGTCGCTG-1
GRCh38,GTACAGTGTTCCTTGC-1
GRCh38,GTACAGTTCACGATCA-1
GRCh38,GTACAGTTCGCCTTGT-1
GRCh38,GTACAGTTCTCTCGCA-1
GRCh38,GTAGAAATCGTAGCTA-1
GRCh38,GTAGAAATCTCCCATG-1
GRCh38,GTAGAGGAGCGTCTGC-1
GRCh38,GTAGAGGCAGCGGATA-1
GRCh38,GTAGAGGCATCGATAC-1
GRCh38,GTAGAGGCATTAAAGG-1
GRCh38,GTAGAGGTCTCCCAAC-1
GRCh38,GTAGAGGTCTGAACGT-1
GRCh38,GTAGATCCAAGTTGGG-1
GRCh38,GTAGATCGTGTTCGAT-1
GRCh38,GTAGCTAAGAAACTGT-1
GRCh38,GTAGCTAAGATTAGAC-1
GRCh38,GTAGCTACAACTCCCT-1
GRCh38,GTAGCTACACTGGAAG-1
GRCh38,GTAGCTATCAAGCTGT-1
GRCh38,GTAGGAGCACCTAAAC-1
GRCh38,GTAGGAGCATAGTCGT-1
GRCh38,GTAGGAGGTATCGTGT-1
GRCh38,GTAGGAGGTGAGACGT-1
GRCh38,GTAGGAGTCTCTGAGA-1
GRCh38,GTAGGTTAGTGGAAAG-1
GRCh38,GTAGGTTCACAAGTTC-1
GRCh38,GTAGGTTCAGACGCTC-1
GRCh38,GTAGGTTGTGGGACAT-1
GRCh38,GTAGGTTGTTGCTCCT-1
GRCh38,GTAGTACTCATCTATC-1
GRCh38,GTATTGGAGCCACAAG-1
GRCh38,GTATTGGCATCACCAA-1
GRCh38,GTATTGGGTGCCTGAC-1
GRCh38,GTATTGGTCGAAGGAC-1
GRCh38,GTATTTCCACTACCGG-1
GRCh38,GTATTTCCATCTGTTT-1
GRCh38,GTATTTCGTAAGATCA-1
GRCh38,GTATTTCGTCTCCTGT-1
GRCh38,GTATTTCTCGTCAGAT-1
GRCh38,GTCAAACAGCACCTGC-1
GRCh38,GTCAAACCATCAGCTA-1
GRCh38,GTCAAACCATGCACTA-1
GRCh38,GTCAAACGTTCAGGTT-1
GRCh38,GTCAAGTCAAAGTGTA-1
GRCh38,GTCAAGTCAGTTTGGT-1
GRCh38,GTCAAGTTCGCCAATA-1
GRCh38,GTCAAGTTCGGAGTAG-1
GRCh38,GTCAAGTTCTTGGAAC-1
GRCh38,GTCACGGAGCCTAGGA-1
GRCh38,GTCACGGAGCGCTGCT-1
GRCh38,GTCACGGGTACGCGTC-1
GRCh38,GTCACGGGTAGGGTAC-1
GRCh38,GTCACGGGTAGTTAGA-1
GRCh38,GTCACGGGTCAACCTA-1
GRCh38,GTCACGGGTGGATCGA-1
GRCh38,GTCACGGTCCACAGCG-1
GRCh38,GTCACGGTCCTAGAGT-1
GRCh38,GTCACGGTCGGTAGGA-1
GRCh38,GTCACTCAGTACAGAT-1
GRCh38,GTCACTCAGTCGCCAC-1
GRCh38,GTCACTCCACGAGAAC-1
GRCh38,GTCACTCGTGGGTATG-1
GRCh38,GTCACTCTCGCACTCT-1
GRCh38,GTCAGCGAGGATAATC-1
GRCh38,GTCAGCGAGTCAGCGA-1
GRCh38,GTCAGCGCAACGGCCT-1
GRCh38,GTCAGCGCAGGAATAT-1
GRCh38,GTCAGCGTCTGAACGT-1
GRCh38,GTCATCCAGCAGATAT-1
GRCh38,GTCATCCAGCTCCACG-1
GRCh38,GTCATCCAGTGGTTAA-1
GRCh38,GTCATCCCAACTACGT-1
GRCh38,GTCATCCCACGGTGCT-1
GRCh38,GTCATCCGTCCGTTTC-1
GRCh38,GTCATCCTCATTCCTA-1
GRCh38,GTCATGAAGCGAGTCA-1
GRCh38,GTCATGAAGTAAATGC-1
GRCh38,GTCATGAAGTCTCCTC-1
GRCh38,GTCATGACACTTGTCC-1
GRCh38,GTCATGACATGCCGCA-1
GRCh38,GTCATGAGTAAGTAGT-1
GRCh38,GTCATGAGTAGGGAGG-1
GRCh38,GTCATGATCAAGTAAG-1
GRCh38,GTCATGATCACCGGGT-1
GRCh38,GTCATGATCTCATTAC-1
GRCh38,GTCATTTAGGTAAAGG-1
GRCh38,GTCATTTCAGACACAG-1
GRCh38,GTCATTTCAGCGCGTT-1
GRCh38,GTCATTTCATCGCTCT-1
GRCh38,GTCATTTGTACCCGCA-1
GRCh38,GTCATTTGTCACAATC-1
GRCh38,GTCATTTGTTTACACG-1
GRCh38,GTCATTTTCCAGCAAT-1
GRCh38,GTCCACTAGTGCGCTC-1
GRCh38,GTCCACTAGTTGCCTA-1
GRCh38,GTCCACTGTCGTCAGC-1
GRCh38,GTCCACTGTGTTCGAT-1
GRCh38,GTCCACTTCAGAGCGA-1
GRCh38,GTCCACTTCCTCATAT-1
GRCh38,GTCCCATAGAAACCCG-1
GRCh38,GTCCCATAGGCAGTCA-1
GRCh38,GTCCCATAGGTAAACT-1
GRCh38,GTCCCATCACCGTGCA-1
GRCh38,GTCCCATCAGGCAATG-1
GRCh38,GTCCCATGTATAGGAT-1
GRCh38,GTCCCATTCATCCTGC-1
GRCh38,GTCCCATTCCGCAACG-1
GRCh38,GTCCCATTCGATACGT-1
GRCh38,GTCCCATTCTACTCAT-1
GRCh38,GTCCCATTCTAGGCCG-1
GRCh38,GTCCTCACACTTTATC-1
GRCh38,GTCCTCAGTTCTTGTT-1
GRCh38,GTCCTCAGTTGGGACA-1
GRCh38,GTCGAATAGGCCCGTT-1
GRCh38,GTCGAATAGGTCTACT-1
GRCh38,GTCGAATCAGGTCAGA-1
GRCh38,GTCGAATGTCGTTATG-1
GRCh38,GTCGAATTCAAACTGC-1
GRCh38,GTCGAATTCGCTTGAA-1
GRCh38,GTCGAATTCGGTTAGT-1
GRCh38,GTCGAATTCTTCCCAG-1
GRCh38,GTCGCGAAGCGCCGTT-1
GRCh38,GTCGCGAAGTCTGCAT-1
GRCh38,GTCGCGACAAACAGGC-1
GRCh38,GTCGCGACACAGTGAG-1
GRCh38,GTCGCGAGTCTGCATA-1
GRCh38,GTCGCGATCACGACTA-1
GRCh38,GTCGTAAAGAGGTATT-1
GRCh38,GTCGTAAAGCTATCCA-1
GRCh38,GTCGTAACAATCAGCT-1
GRCh38,GTCGTAACACCTGCGA-1
GRCh38,GTCGTAACAGACGATG-1
GRCh38,GTCGTAACATGTAACC-1
GRCh38,GTCGTAAGTCATCGGC-1
GRCh38,GTCGTTCAGTCATAGA-1
GRCh38,GTCGTTCCACTGGCGT-1
GRCh38,GTCGTTCCAGGACGAT-1
GRCh38,GTCGTTCCAGTTAGGG-1
GRCh38,GTCGTTCGTCACTACA-1
GRCh38,GTCGTTCGTGAGGATC-1
GRCh38,GTCTACCAGAACGTGC-1
GRCh38,GTCTACCGTACTCGTA-1
GRCh38,GTCTACCTCAGTCCGG-1
GRCh38,GTCTACCTCATGAGAA-1
GRCh38,GTCTACCTCGTAGAGG-1
GRCh38,GTCTACCTCTCCCTAG-1
GRCh38,GTCTACCTCTTCCCGA-1
GRCh38,GTCTAGAAGTGGATTA-1
GRCh38,GTCTAGACAGCGTTGC-1
GRCh38,GTCTAGATCAAACTGC-1
GRCh38,GTCTCACAGGCATCTT-1
GRCh38,GTCTCACCACGCGGTT-1
GRCh38,GTCTCACCACTTCATT-1
GRCh38,GTCTCACGTACATACC-1
GRCh38,GTCTCACGTAGGAGGG-1
GRCh38,GTCTCACTCACACCCT-1
GRCh38,GTCTCACTCGGAAGGT-1
GRCh38,GTCTGTCAGGAAGAAC-1
GRCh38,GTCTGTCCATCCAACA-1
GRCh38,GTCTGTCGTTAGGGTG-1
GRCh38,GTCTGTCTCTGTCGCT-1
GRCh38,GTCTTTAAGGTCGACA-1
GRCh38,GTCTTTAGTACTGCCG-1
GRCh38,GTCTTTATCCTGGCTT-1
GRCh38,GTCTTTATCTCAGTCC-1
GRCh38,GTGACGCCACTGGCCA-1
GRCh38,GTGACGCGTGATATAG-1
GRCh38,GTGACGCTCAAGTGTC-1
GRCh38,GTGACGCTCCTCACGT-1
GRCh38,GTGACGCTCCTTCGAC-1
GRCh38,GTGACGCTCGTTCAGA-1
GRCh38,GTGAGCCAGACTAGAT-1
GRCh38,GTGAGCCAGCGCCGTT-1
GRCh38,GTGAGCCAGCTGGCTC-1
GRCh38,GTGAGCCAGTGGTCAG-1
GRCh38,GTGAGCCCAAACTCTG-1
GRCh38,GTGAGCCCAGCTGAAG-1
GRCh38,GTGAGCCGTGAGCCAA-1
GRCh38,GTGAGCCGTGGTCCGT-1
GRCh38,GTGAGCCGTTCTTCAT-1
GRCh38,GTGAGCCTCACACCCT-1
GRCh38,GTGAGCCTCGATTCCC-1
GRCh38,GTGAGCCTCTTTGCGC-1
GRCh38,GTGAGGACACCCAATA-1
GRCh38,GTGAGGAGTAATGCTC-1
GRCh38,GTGAGGAGTCATCCCT-1
GRCh38,GTGAGGAGTTGCCAAT-1
GRCh38,GTGAGGAGTTGCTCCT-1
GRCh38,GTGAGGATCACGACTA-1
GRCh38,GTGAGTTAGAAGTGTT-1
GRCh38,GTGAGTTGTCCTTGTC-1
GRCh38,GTGAGTTTCGCAGAGA-1
GRCh38,GTGAGTTTCTGCCTGT-1
GRCh38,GTGATGTAGATAGTCA-1
GRCh38,GTGATGTCAATTGCTG-1
GRCh38,GTGATGTCACCTCTGT-1
GRCh38,GTGATGTGTAAGGCCA-1
GRCh38,GTGATGTGTCATCCGG-1
GRCh38,GTGATGTTCCTCGATC-1
GRCh38,GTGCACGAGCTCTATG-1
GRCh38,GTGCACGAGGGAGGAC-1
GRCh38,GTGCACGCACGAAAGC-1
GRCh38,GTGCACGGTTTGGGAG-1
GRCh38,GTGCAGCAGGGATCAC-1
GRCh38,GTGCAGCCAGGTGTTT-1
GRCh38,GTGCAGCCAGTTAAAG-1
GRCh38,GTGCAGCTCCAGCTCT-1
GRCh38,GTGCAGCTCTACGCAA-1
GRCh38,GTGCAGCTCTAGACAC-1
GRCh38,GTGCAGCTCTTCCCGA-1
GRCh38,GTGCGTGAGGACTATA-1
GRCh38,GTGCGTGAGGGAGGTG-1
GRCh38,GTGCGTGAGTCGCCAC-1
GRCh38,GTGCGTGGTATATGGA-1
GRCh38,GTGCGTGGTGGCAGAT-1
GRCh38,GTGCGTGTCTGATGGT-1
GRCh38,GTGCTGGAGACGACGT-1
GRCh38,GTGCTGGAGTGCAACG-1
GRCh38,GTGCTGGCAGACACCC-1
GRCh38,GTGCTGGTCAGCTCTC-1
GRCh38,GTGCTGGTCCTACACC-1
GRCh38,GTGCTTCAGAGTCGAC-1
GRCh38,GTGCTTCAGGACGCTA-1
GRCh38,GTGCTTCCACGTTGGC-1
GRCh38,GTGCTTCGTGACTCTA-1
GRCh38,GTGCTTCTCTGGTGCG-1
GRCh38,GTGCTTCTCTTCTGGC-1
GRCh38,GTGGAAGAGTATGTAG-1
GRCh38,GTGGAAGGTCTCGGAC-1
GRCh38,GTGGAAGGTGACAGCA-1
GRCh38,GTGGAAGTCCCAAGTA-1
GRCh38,GTGGAGAAGGAATTAC-1
GRCh38,GTGGAGACATCCGTTC-1
GRCh38,GTGGAGATCAACACCA-1
GRCh38,GTGGAGATCAACACGT-1
GRCh38,GTGGCGTTCCGTAATG-1
GRCh38,GTGGCGTTCGGTCAGC-1
GRCh38,GTGGGAAAGGATTACA-1
GRCh38,GTGGGAAAGGTGCTAG-1
GRCh38,GTGGGAACAACCTATG-1
GRCh38,GTGGGAACATACCATG-1
GRCh38,GTGGGAAGTTAAGGAT-1
GRCh38,GTGGGAATCCATTCAT-1
GRCh38,GTGGGAATCGTGAGAG-1
GRCh38,GTGGTTAAGTAACGTA-1
GRCh38,GTGGTTACACTGGAAG-1
GRCh38,GTGGTTACAGGACTTT-1
GRCh38,GTGGTTACATCTTAGG-1
GRCh38,GTGGTTAGTGGTACAG-1
GRCh38,GTGGTTAGTTCTCGCT-1
GRCh38,GTGGTTAGTTGCGGAA-1
GRCh38,GTGGTTATCAATCAGC-1
GRCh38,GTGTAACGTAGCTCGC-1
GRCh38,GTGTAACGTTCGCGTG-1
GRCh38,GTGTCCTCAACTGTGT-1
GRCh38,GTGTCCTCAGCGTTGC-1
GRCh38,GTGTCCTGTTGTCAGT-1
GRCh38,GTGTCCTTCGTTCTAT-1
GRCh38,GTGTGATAGACTCATC-1
GRCh38,GTGTGATCAAGGAGTC-1
GRCh38,GTGTGATCACAGAGCA-1
GRCh38,GTGTGATCAGCTCCTT-1
GRCh38,GTGTGATGTAATTAGG-1
GRCh38,GTGTGATGTATCGAGG-1
GRCh38,GTGTGATGTTCGGTCG-1
GRCh38,GTGTGATTCCTCACCA-1
GRCh38,GTGTGATTCTTCCAGC-1
GRCh38,GTGTGGCCAGTTTCGA-1
GRCh38,GTGTGGCGTGACATCT-1
GRCh38,GTGTGGCGTGTTTACG-1
GRCh38,GTGTGGCTCGGTTAGT-1
GRCh38,GTGTGGCTCTACGCAA-1
GRCh38,GTGTTAGAGAGCAGTC-1
GRCh38,GTGTTAGCAATACAGA-1
GRCh38,GTGTTAGCACAGCTGC-1
GRCh38,GTGTTAGCAGACGGAT-1
GRCh38,GTGTTAGGTCGCCTAG-1
GRCh38,GTGTTAGTCCCAAGTA-1
GRCh38,GTGTTCCCAGTCTCTC-1
GRCh38,GTGTTCCGTCCCGCAA-1
GRCh38,GTGTTCCTCGCGAAGA-1
GRCh38,GTTACAGCAAGCCTGC-1
GRCh38,GTTACAGTCTGACCCT-1
GRCh38,GTTACCCAGATGCTTC-1
GRCh38,GTTACCCAGTAGTCTC-1
GRCh38,GTTACCCCACATGAAA-1
GRCh38,GTTACCCCATATCTCT-1
GRCh38,GTTACCCCATGACGTT-1
GRCh38,GTTACCCGTGTATCCA-1
GRCh38,GTTACCCGTTAAGACA-1
GRCh38,GTTACCCGTTGCATGT-1
GRCh38,GTTACCCTCTTAGCTT-1
GRCh38,GTTACGACATGGGCAA-1
GRCh38,GTTACGAGTCATCACA-1
GRCh38,GTTACGAGTGCACGCT-1
GRCh38,GTTACGATCCGGGACT-1
GRCh38,GTTAGACAGCTGTTCA-1
GRCh38,GTTAGACAGGAGGTTC-1
GRCh38,GTTAGACCACCCAATA-1
GRCh38,GTTAGACGTCTTTATC-1
GRCh38,GTTAGACTCCTGGCTT-1
GRCh38,GTTAGACTCGGCGATC-1
GRCh38,GTTAGACTCTACCAGA-1
GRCh38,GTTAGACTCTCTCTAA-1
GRCh38,GTTAGACTCTGTGTGA-1
GRCh38,GTTAGTGCACGGTGTC-1
GRCh38,GTTAGTGCATGATCTG-1
GRCh38,GTTAGTGTCCCTTGGT-1
GRCh38,GTTAGTGTCCTGGGTG-1
GRCh38,GTTAGTGTCCTGTACC-1
GRCh38,GTTATGGAGCGTGCCT-1
GRCh38,GTTATGGAGTCAGGGT-1
GRCh38,GTTATGGGTACATTGC-1
GRCh38,GTTATGGGTCCGAAGA-1
GRCh38,GTTATGGGTGACACAG-1
GRCh38,GTTCATTAGACCGCCT-1
GRCh38,GTTCATTCATTCCTCG-1
GRCh38,GTTCATTTCATCGTAG-1
GRCh38,GTTCCGTAGAAACCCG-1
GRCh38,GTTCCGTAGAGCCGAT-1
GRCh38,GTTCCGTAGTATGAGT-1
GRCh38,GTTCCGTCACACTGGC-1
GRCh38,GTTCCGTCACGTAACT-1
GRCh38,GTTCCGTCATTAAGCC-1
GRCh38,GTTCCGTTCTTCACAT-1
GRCh38,GTTCCGTTCTTGATTC-1
GRCh38,GTTCGCTAGAGTTGCG-1
GRCh38,GTTCGCTAGCGTTCAT-1
GRCh38,GTTCGCTAGTGTTGTC-1
GRCh38,GTTCGCTCAGGTATGG-1
GRCh38,GTTCGCTGTATCAGGG-1
GRCh38,GTTCGCTTCATCGGGC-1
GRCh38,GTTCGCTTCCAACCGG-1
GRCh38,GTTCGCTTCCCTAGGG-1
GRCh38,GTTCTATAGGTAGACC-1
GRCh38,GTTCTATCACATATGC-1
GRCh38,GTTCTATTCCTAGCGG-1
GRCh38,GTTGAACCACGTAGAG-1
GRCh38,GTTGAACGTGCCCACA-1
GRCh38,GTTGAACGTGTCACAT-1
GRCh38,GTTGAACGTTAGGGTG-1
GRCh38,GTTGAACTCAGTCAGT-1
GRCh38,GTTGAACTCCCATTTA-1
GRCh38,GTTGCGGAGCTTAGTC-1
GRCh38,GTTGCGGAGGGATCTG-1
GRCh38,GTTGCGGAGTCAACAA-1
GRCh38,GTTGCGGAGTGCGTCC-1
GRCh38,GTTGCGGCACCCATAA-1
GRCh38,GTTGCGGGTAGCGAGT-1
GRCh38,GTTGCGGGTATTGGCT-1
GRCh38,GTTGCGGTCATGCAGT-1
GRCh38,GTTGCGGTCTTGAGCA-1
GRCh38,GTTGCTCAGAGTCTTC-1
GRCh38,GTTGCTCAGCCATTCA-1
GRCh38,GTTGCTCCAACCACAT-1
GRCh38,GTTGCTCCAATGTGGG-1
GRCh38,GTTGCTCGTACAACGG-1
GRCh38,GTTGCTCGTCATGCAT-1
GRCh38,GTTGTAGAGGGACCAT-1
GRCh38,GTTGTAGCACCATATG-1
GRCh38,GTTGTAGCAGGGAATC-1
GRCh38,GTTGTAGCATCCCGTT-1
GRCh38,GTTGTAGGTAGACGTG-1
GRCh38,GTTGTAGGTCCACTCT-1
GRCh38,GTTGTAGGTCGTGGAA-1
GRCh38,GTTGTAGGTTAGCGGA-1
GRCh38,GTTGTAGTCATGGTAC-1
GRCh38,GTTGTAGTCGACCATA-1
GRCh38,GTTGTAGTCGCAGAGA-1
GRCh38,GTTGTAGTCTGGTGGC-1
GRCh38,GTTGTCCAGTACTGGG-1
GRCh38,GTTGTCCCAGAGAAAG-1
GRCh38,GTTGTCCTCCATCTGC-1
GRCh38,GTTGTCCTCCCTCTAG-1
GRCh38,GTTGTGAAGACTTCAC-1
GRCh38,GTTGTGACACCCTATC-1
GRCh38,GTTGTGACAGCAGTTT-1
GRCh38,GTTGTGAGTGCATTAC-1
GRCh38,GTTGTGAGTTCGTACA-1
GRCh38,GTTGTGATCGTTACCC-1
GRCh38,GTTTACTCACCTATCC-1
GRCh38,GTTTACTCAGATCCTA-1
GRCh38,GTTTACTCAGGTAGTG-1
GRCh38,GTTTACTCAGTCAGAG-1
GRCh38,GTTTACTGTTATCTTC-1
GRCh38,GTTTACTTCACAGAGG-1
GRCh38,GTTTGGAAGGTGCGAT-1
GRCh38,GTTTGGAAGTTCCATG-1
GRCh38,GTTTGGACACTGAGGA-1
GRCh38,GTTTGGACAGCATCTA-1
GRCh38,GTTTGGAGTTAGGACG-1
GRCh38,GTTTGGATCACTTATC-1
GRCh38,GTTTGGATCAGAGCGA-1
GRCh38,GTTTGGATCAGCTCTC-1
GRCh38,TAACACGAGCCGATTT-1
GRCh38,TAACACGCAAAGGCAC-1
GRCh38,TAACACGCACCACTGG-1
GRCh38,TAACACGGTCATGACT-1
GRCh38,TAACACGGTGGATTTC-1
GRCh38,TAACACGTCATCTACT-1
GRCh38,TAACACGTCTCCTGAC-1
GRCh38,TAACCAGAGACGGATC-1
GRCh38,TAACCAGAGATTGAGT-1
GRCh38,TAACCAGAGGTTCAGG-1
GRCh38,TAACCAGCAGACCAGA-1
GRCh38,TAACCAGGTTCTTAGG-1
GRCh38,TAACCAGTCAGCGGAA-1
GRCh38,TAACCAGTCTGCTAGA-1
GRCh38,TAACGACAGCGAAACC-1
GRCh38,TAACGACAGTACAGAT-1
GRCh38,TAACGACCAAGCGAAC-1
GRCh38,TAACGACCAATAGGAT-1
GRCh38,TAACGACGTTCCTAGA-1
GRCh38,TAACGACTCACCTACC-1
GRCh38,TAACGACTCACTTGGA-1
GRCh38,TAACTTCAGAAGGTAG-1
GRCh38,TAACTTCAGCTAGTTC-1
GRCh38,TAACTTCAGTACGTCT-1
GRCh38,TAACTTCCAAACGAGC-1
GRCh38,TAACTTCCAACTTGCA-1
GRCh38,TAACTTCCAGGACGAT-1
GRCh38,TAACTTCCATTAAGCC-1
GRCh38,TAACTTCGTAACATCC-1
GRCh38,TAACTTCGTTGAGTCT-1
GRCh38,TAACTTCTCATTCTTG-1
GRCh38,TAACTTCTCCGGGACT-1
GRCh38,TAAGCACAGCGAGTAC-1
GRCh38,TAAGCACAGGACGCAT-1
GRCh38,TAAGCACCAACATACC-1
GRCh38,TAAGCACCAACCGACC-1
GRCh38,TAAGCACGTAGCACGA-1
GRCh38,TAAGCACGTATGTCAC-1
GRCh38,TAAGCCAAGGTCTACT-1
GRCh38,TAAGCCAAGTAGGAAG-1
GRCh38,TAAGCGTCACAGCCAC-1
GRCh38,TAAGCGTCATTCCTCG-1
GRCh38,TAAGCGTGTAGTAAGT-1
GRCh38,TAAGCGTGTTGTGGAG-1
GRCh38,TAAGCGTTCACTGATG-1
GRCh38,TAAGCGTTCGAAGCAG-1
GRCh38,TAAGTCGAGAAGGTAG-1
GRCh38,TAAGTCGAGCCACCGT-1
GRCh38,TAAGTCGAGGAGGCAG-1
GRCh38,TAAGTCGCAGCCTTCT-1
GRCh38,TAAGTCGTCGCAATGT-1
GRCh38,TAATCTCGTCGACTGC-1
GRCh38,TAATCTCGTGATCGTT-1
GRCh38,TAATCTCGTGGTCTAT-1
GRCh38,TAATCTCGTTAGGCCC-1
GRCh38,TAATCTCGTTGGAGGT-1
GRCh38,TAATTCCAGGAGCAAA-1
GRCh38,TAATTCCAGTACGTCT-1
GRCh38,TAATTCCCAACGAGGT-1
GRCh38,TAATTCCCAGTTTGGT-1
GRCh38,TAATTCCTCCAGTTCC-1
GRCh38,TACAACGAGGATGAGA-1
GRCh38,TACAACGAGGCGCTTC-1
GRCh38,TACAACGAGTACTGGG-1
GRCh38,TACAACGGTCCCGCAA-1
GRCh38,TACAACGGTTACCCTC-1
GRCh38,TACACCCAGATGTTGA-1
GRCh38,TACACCCAGCCATTGT-1
GRCh38,TACACCCAGCGTCGAA-1
GRCh38,TACACCCCAAATCGGG-1
GRCh38,TACACCCCAATTGCCA-1
GRCh38,TACACCCCATCATTTC-1
GRCh38,TACACCCGTCATTGCA-1
GRCh38,TACACCCGTTAAGAAC-1
GRCh38,TACACCCGTTCGGACC-1
GRCh38,TACAGGTAGCCACTCG-1
GRCh38,TACAGGTAGCTAGATA-1
GRCh38,TACAGGTAGCTTCGTA-1
GRCh38,TACAGGTCAAAGGATT-1
GRCh38,TACAGGTCAGCGAACA-1
GRCh38,TACAGGTGTAGAGGAA-1
GRCh38,TACAGGTGTGACAGGT-1
GRCh38,TACAGGTGTTGGTGTT-1
GRCh38,TACAGGTTCACCTTGC-1
GRCh38,TACATTCAGGAGTACC-1
GRCh38,TACATTCCAAATTGCC-1
GRCh38,TACATTCTCAGACCTA-1
GRCh38,TACATTCTCGCTACAA-1
GRCh38,TACCCACAGCGTTCCG-1
GRCh38,TACCCACAGGCTAAAT-1
GRCh38,TACCCACCAGATACTC-1
GRCh38,TACCCACGTAGCTGAG-1
GRCh38,TACCCACGTCCAAATC-1
GRCh38,TACCCACTCGATGCAT-1
GRCh38,TACCCACTCGTGGAAG-1
GRCh38,TACCCACTCTGAGAGG-1
GRCh38,TACCCGTAGAACCCGA-1
GRCh38,TACCCGTCAAGTTCCA-1
GRCh38,TACCCGTCACGGCACT-1
GRCh38,TACCCGTCAGAAGCGT-1
GRCh38,TACCCGTCAGACCTGC-1
GRCh38,TACCCGTCATAGTCGT-1
GRCh38,TACCCGTTCGACCCAG-1
GRCh38,TACCGAAAGCCGAACA-1
GRCh38,TACCGAACACATAACC-1
GRCh38,TACCGAACAGGACATG-1
GRCh38,TACCGAACATCCGTGG-1
GRCh38,TACCGAACATTGTCGA-1
GRCh38,TACCGAAGTAACCAGG-1
GRCh38,TACCGAATCCATAAGC-1
GRCh38,TACCGAATCTTCTAAC-1
GRCh38,TACCGGGGTAGACGGT-1
GRCh38,TACCGGGGTCCAGCCA-1
GRCh38,TACCGGGTCCCGTTCA-1
GRCh38,TACCGGGTCCTGGGTG-1
GRCh38,TACCGGGTCGAGCTGC-1
GRCh38,TACCGGGTCTTCCACG-1
GRCh38,TACCTCGAGCCTGAAG-1
GRCh38,TACCTCGCACGTGTGC-1
GRCh38,TACCTCGGTCCGAAAG-1
GRCh38,TACCTCGTCGACGCTG-1
GRCh38,TACCTCGTCTTAAGGC-1
GRCh38,TACCTGCAGCGTCTGC-1
GRCh38,TACCTGCAGGTCACCC-1
GRCh38,TACCTGCAGGTTAGTA-1
GRCh38,TACCTGCCAGCGTGAA-1
GRCh38,TACCTGCGTTCGAACT-1
GRCh38,TACCTGCTCCTGCCAT-1
GRCh38,TACCTGCTCGAGAAGC-1
GRCh38,TACCTGCTCTCCTACG-1
GRCh38,TACGCTCAGGTAAAGG-1
GRCh38,TACGCTCGTACAGGTG-1
GRCh38,TACGCTCTCGCCGATG-1
GRCh38,TACGGGCAGTCGCGAA-1
GRCh38,TACGGGCCAACCCGCA-1
GRCh38,TACGGGCGTACGGGAT-1
GRCh38,TACGGGCGTTAGAGTA-1
GRCh38,TACGGGCTCGCCTCTA-1
GRCh38,TACGGTAAGATACGAT-1
GRCh38,TACGGTAAGCCATTCA-1
GRCh38,TACGGTAAGGCCTGAA-1
GRCh38,TACGGTAGTGGTCTGC-1
GRCh38,TACGGTAGTTGCAAGG-1
GRCh38,TACGGTATCCCACAGG-1
GRCh38,TACGGTATCCGACATA-1
GRCh38,TACGGTATCGGCTGTG-1
GRCh38,TACGTCCAGCCGAACA-1
GRCh38,TACGTCCAGGGCAACT-1
GRCh38,TACGTCCAGGTCCCGT-1
GRCh38,TACGTCCCAGCATACT-1
GRCh38,TACGTCCGTCCACTTC-1
GRCh38,TACGTCCGTCGAGTTT-1
GRCh38,TACGTCCGTCGCACGT-1
GRCh38,TACGTCCGTGATAGAT-1
GRCh38,TACGTCCTCGTGCATA-1
GRCh38,TACGTCCTCTCGGTCT-1
GRCh38,TACTGCCAGCAGCAGT-1
GRCh38,TACTGCCAGGGATGTC-1
GRCh38,TACTGCCCAAGTTGGG-1
GRCh38,TACTTACCACATAACC-1
GRCh38,TACTTACCATGTTCGA-1
GRCh38,TACTTACGTCAGTTTG-1
GRCh38,TACTTACGTCGCCACA-1
GRCh38,TACTTACGTCGTGGAA-1
GRCh38,TACTTACGTCTCTCTG-1
GRCh38,TACTTACTCCGTGTAA-1
GRCh38,TACTTGTAGACATAGT-1
GRCh38,TACTTGTAGGAGGTTC-1
GRCh38,TACTTGTCACCTTCCA-1
GRCh38,TACTTGTCACGGCCAT-1
GRCh38,TACTTGTCATGTGGCC-1
GRCh38,TACTTGTGTACGAGTG-1
GRCh38,TACTTGTGTTTCGTAG-1
GRCh38,TACTTGTTCCCTAGGG-1
GRCh38,TACTTGTTCTGATGGT-1
GRCh38,TAGACCAAGAGGACTC-1
GRCh38,TAGACCACAAGGTCAG-1
GRCh38,TAGACCACAATCGAAA-1
GRCh38,TAGACCACATGTGACT-1
GRCh38,TAGACCAGTCCCTAAA-1
GRCh38,TAGACCAGTGAGCGAT-1
GRCh38,TAGACCATCTGAGTCA-1
GRCh38,TAGACTGAGTAGATCA-1
GRCh38,TAGACTGAGTGGTGAC-1
GRCh38,TAGACTGCAGCGACAA-1
GRCh38,TAGACTGGTCTACATG-1
GRCh38,TAGACTGGTGTCCGTG-1
GRCh38,TAGAGTCCAATGTCTG-1
GRCh38,TAGAGTCCACTTTAGG-1
GRCh38,TAGAGTCCAGCAGACA-1
GRCh38,TAGAGTCCATCAACCA-1
GRCh38,TAGAGTCGTACAAGTA-1
GRCh38,TAGAGTCGTTAGAGAT-1
GRCh38,TAGAGTCTCTCGTGAA-1
GRCh38,TAGAGTCTCTGACGCG-1
GRCh38,TAGATCGAGCGTATGG-1
GRCh38,TAGATCGAGTTGGGAC-1
GRCh38,TAGATCGGTGATGAAT-1
GRCh38,TAGCACAAGCGAAACC-1
GRCh38,TAGCACAAGGTAGTCG-1
GRCh38,TAGCACACAGCAGTTT-1
GRCh38,TAGCACAGTCCTTAAG-1
GRCh38,TAGGAGGAGTCTAGCT-1
GRCh38,TAGGAGGCAGTATTCG-1
GRCh38,TAGGAGGTCAATGTCG-1
GRCh38,TAGGGTTAGCACAAAT-1
GRCh38,TAGGGTTAGGTAAAGG-1
GRCh38,TAGGGTTCACTTTAGG-1
GRCh38,TAGGGTTCAGTTGTTG-1
GRCh38,TAGGGTTGTATAGGGC-1
GRCh38,TAGGGTTGTCCACTCT-1
GRCh38,TAGGGTTGTGTTTGCA-1
GRCh38,TAGGGTTTCCATATGG-1
GRCh38,TAGGGTTTCCCTTCCC-1
GRCh38,TAGGTACCACAGTCGC-1
GRCh38,TAGGTACGTATCGAAA-1
GRCh38,TAGGTACTCCCGTGAG-1
GRCh38,TAGGTTGAGTGTAGAT-1
GRCh38,TAGGTTGTCAAATGCC-1
GRCh38,TAGGTTGTCCAGGACC-1
GRCh38,TAGTGCATCGGTTAGT-1
GRCh38,TATACCTAGAGGCGGA-1
GRCh38,TATACCTAGGGTACAC-1
GRCh38,TATACCTCAGAATTCC-1
GRCh38,TATACCTTCATGCGGC-1
GRCh38,TATACCTTCGAGTCTA-1
GRCh38,TATATCCAGGATTTCC-1
GRCh38,TATATCCAGTACTGTC-1
GRCh38,TATATCCGTACTTGTG-1
GRCh38,TATATCCTCTCCACTG-1
GRCh38,TATCAGGAGTGTACCT-1
GRCh38,TATCAGGAGTTTCTTC-1
GRCh38,TATCAGGTCGGTCAGC-1
GRCh38,TATCAGGTCTGTGCAA-1
GRCh38,TATCCTAAGGAGTATT-1
GRCh38,TATCCTAAGTCACAGG-1
GRCh38,TATCCTACAAAGACGC-1
GRCh38,TATCCTACAATGAACA-1
GRCh38,TATCCTACAGGACGAT-1
GRCh38,TATCCTACAGGATGAC-1
GRCh38,TATCCTACAGGGATAC-1
GRCh38,TATCCTAGTTGCAAGG-1
GRCh38,TATCCTATCAGTCTTT-1
GRCh38,TATCGCCCATGCGGTC-1
GRCh38,TATCGCCGTAATCAGA-1
GRCh38,TATCGCCGTCCTCCAT-1
GRCh38,TATCGCCGTCGTATTG-1
GRCh38,TATCGCCTCACTGCTC-1
GRCh38,TATCGCCTCAGGACGA-1
GRCh38,TATCTGTAGGATAATC-1
GRCh38,TATCTGTAGTGCGTCC-1
GRCh38,TATCTGTAGTTATGGA-1
GRCh38,TATCTGTTCCTCGCAT-1
GRCh38,TATCTGTTCGCATTAG-1
GRCh38,TATCTGTTCGTTACCC-1
GRCh38,TATCTTGCAACGTATC-1
GRCh38,TATCTTGGTCTTTATC-1
GRCh38,TATCTTGTCGTCTAAG-1
GRCh38,TATCTTGTCTACTCAT-1
GRCh38,TATGTTCAGCATACTC-1
GRCh38,TATGTTCCAATAGGGC-1
GRCh38,TATGTTCGTACGAAAT-1
GRCh38,TATGTTCTCCTATTGT-1
GRCh38,TATGTTCTCGGAGTAG-1
GRCh38,TATTCCACACAATGAA-1
GRCh38,TATTCCACACATATGC-1
GRCh38,TATTGCTAGCTAAATG-1
GRCh38,TATTGCTAGTCGCGAA-1
GRCh38,TATTGCTGTAGCACAG-1
GRCh38,TATTGCTTCATCACCC-1
GRCh38,TATTGCTTCCTACGAA-1
GRCh38,TATTGGGAGCGCTGCT-1
GRCh38,TATTGGGCACTTGTGA-1
GRCh38,TATTGGGCAGATACCT-1
GRCh38,TATTGGGCATGAGTAA-1
GRCh38,TATTGGGGTGTTAAAG-1
GRCh38,TATTGGGGTTGCCAAT-1
GRCh38,TATTGGGTCAGCACCG-1
GRCh38,TATTGGGTCCTAGCGG-1
GRCh38,TATTGGGTCCTCCACA-1
GRCh38,TATTGGGTCCTCTAGC-1
GRCh38,TATTTCGAGAAGCCTG-1
GRCh38,TATTTCGAGACAACTA-1
GRCh38,TATTTCGAGACTTGTC-1
GRCh38,TATTTCGAGTTAGTAG-1
GRCh38,TATTTCGCAATTGGTC-1
GRCh38,TATTTCGCAGAGTCTT-1
GRCh38,TATTTCGGTAACACCT-1
GRCh38,TATTTCGGTTTCTTAC-1
GRCh38,TCAAGACGTAGGACTG-1
GRCh38,TCAAGACGTCTAGGCC-1
GRCh38,TCAAGACTCAAGATAG-1
GRCh38,TCAAGCAAGGTCCCTG-1
GRCh38,TCAAGCACAAGCTGCC-1
GRCh38,TCAAGCACAGGTCTCG-1
GRCh38,TCAAGCAGTCCCTGAG-1
GRCh38,TCAAGCAGTTGCTCGG-1
GRCh38,TCAAGCATCCAATCCC-1
GRCh38,TCAAGCATCCTGTACC-1
GRCh38,TCAAGCATCTCTCAAT-1
GRCh38,TCAAGCATCTTCTGTA-1
GRCh38,TCAAGCATCTTGGTCC-1
GRCh38,TCAAGTGAGCAGCAGT-1
GRCh38,TCAAGTGAGGCTGAAC-1
GRCh38,TCAAGTGAGTAGAATC-1
GRCh38,TCAAGTGGTATAGGAT-1
GRCh38,TCAAGTGGTATGCGGA-1
GRCh38,TCAAGTGGTCCCTGAG-1
GRCh38,TCAAGTGTCGCCAACG-1
GRCh38,TCAAGTGTCTGCTAGA-1
GRCh38,TCAATCTAGATGAATC-1
GRCh38,TCAATCTAGCAGGCTA-1
GRCh38,TCAATCTCACAGCCAC-1
GRCh38,TCAATCTCACGGCTAC-1
GRCh38,TCAATCTCACGTATAC-1
GRCh38,TCAATCTCAGCGTAGA-1
GRCh38,TCAATCTCATCGGTTA-1
GRCh38,TCAATCTGTATACAGA-1
GRCh38,TCAATCTTCGATACAC-1
GRCh38,TCAATCTTCGCCGTGA-1
GRCh38,TCAATTCAGGTTTACC-1
GRCh38,TCAATTCAGTGCCCGT-1
GRCh38,TCAATTCAGTTGAATG-1
GRCh38,TCAATTCGTGCAAGAC-1
GRCh38,TCAATTCTCACGGGAA-1
GRCh38,TCAATTCTCTGGGATT-1
GRCh38,TCACAAGCAGACGATG-1
GRCh38,TCACAAGCAGAGTCTT-1
GRCh38,TCACAAGCAGCTTCCT-1
GRCh38,TCACAAGTCCGCTAGG-1
GRCh38,TCACAAGTCCGGACTG-1
GRCh38,TCACAAGTCGTCTCAC-1
GRCh38,TCACACCAGTAATTGG-1
GRCh38,TCACACCCAGCACAGA-1
GRCh38,TCACACCGTGAATGAT-1
GRCh38,TCACACCTCAGTCAGT-1
GRCh38,TCACACCTCCGATTAG-1
GRCh38,TCACACCTCCTGTAGA-1
GRCh38,TCACATTAGAAGTCAT-1
GRCh38,TCACATTAGCAAGGAA-1
GRCh38,TCACATTAGCATGAAT-1
GRCh38,TCACATTAGTTGCGCC-1
GRCh38,TCACATTGTGACTCGC-1
GRCh38,TCACATTTCCATCACC-1
GRCh38,TCACGCTCACTGTGAT-1
GRCh38,TCACGCTGTATGGTAA-1
GRCh38,TCACGCTGTCTTCGAA-1
GRCh38,TCACGCTGTTGCAACT-1
GRCh38,TCACGCTTCATGGATC-1
GRCh38,TCACGCTTCCAAGGGA-1
GRCh38,TCACGCTTCCTCCACA-1
GRCh38,TCACGCTTCGAGAGCA-1
GRCh38,TCACGGGAGACTAAGT-1
GRCh38,TCACGGGAGAGATGCC-1
GRCh38,TCACGGGAGTCATGGG-1
GRCh38,TCACGGGCAGAAACCG-1
GRCh38,TCACGGGCATCCTGTC-1
GRCh38,TCACGGGGTAATTGGA-1
GRCh38,TCACGGGTCAGACCGC-1
GRCh38,TCACGGGTCTTAGCCC-1
GRCh38,TCACTATAGACACACG-1
GRCh38,TCACTATAGACTCATC-1
GRCh38,TCACTATAGGGTGGGA-1
GRCh38,TCACTATCAACATCGT-1
GRCh38,TCACTATCAGTTAGAA-1
GRCh38,TCACTATGTCGAGCTC-1
GRCh38,TCACTATTCCTTCTGG-1
GRCh38,TCACTATTCTATACTC-1
GRCh38,TCACTATTCTTCGTGC-1
GRCh38,TCACTCGAGACCATAA-1
GRCh38,TCACTCGCAATCGTCA-1
GRCh38,TCACTCGCACGCGCTA-1
GRCh38,TCACTCGGTCTTCTAT-1
GRCh38,TCACTCGTCCAATGCA-1
GRCh38,TCAGCAAAGAGGTATT-1
GRCh38,TCAGCAACAACACAAA-1
GRCh38,TCAGCAATCATTCGTT-1
GRCh38,TCAGCAATCGACCATA-1
GRCh38,TCAGCCTAGAGGTGCT-1
GRCh38,TCAGCCTAGTTGCTGT-1
GRCh38,TCAGCCTCAAACCACT-1
GRCh38,TCAGCCTCACACCTAA-1
GRCh38,TCAGCCTCAGGTCAGA-1
GRCh38,TCAGCCTGTACGCGTC-1
GRCh38,TCAGCCTTCCATAAGC-1
GRCh38,TCAGCCTTCCGCACTT-1
GRCh38,TCAGGGCAGGCACTCC-1
GRCh38,TCAGGGCCACTAACCA-1
GRCh38,TCAGGGCCATTAAAGG-1
GRCh38,TCAGGGCGTGTGTGGA-1
GRCh38,TCAGGGCTCGTGTGAT-1
GRCh38,TCAGGTAAGGAAACGA-1
GRCh38,TCAGGTAAGGGTACGT-1
GRCh38,TCAGGTAAGGTAGACC-1
GRCh38,TCAGGTAGTACAAGTA-1
GRCh38,TCAGGTAGTAGCTTAC-1
GRCh38,TCAGGTAGTATAGGGC-1
GRCh38,TCAGGTATCAGCGCAC-1
GRCh38,TCAGGTATCGCACGAC-1
GRCh38,TCAGTCCCATTACTCT-1
GRCh38,TCAGTCCGTACTCAAC-1
GRCh38,TCAGTCCGTCGGAAAC-1
GRCh38,TCAGTCCGTGGTTCTA-1
GRCh38,TCAGTCCTCGAGTCCG-1
GRCh38,TCAGTGAAGTGGACGT-1
GRCh38,TCAGTGACATCCAACA-1
GRCh38,TCAGTGAGTCTAATCG-1
GRCh38,TCAGTGATCCAAGCCG-1
GRCh38,TCAGTGATCCATGCAA-1
GRCh38,TCAGTTTAGCATCCTA-1
GRCh38,TCAGTTTCATGAGATA-1
GRCh38,TCAGTTTCATGCTGCG-1
GRCh38,TCAGTTTGTAGCCCTG-1
GRCh38,TCAGTTTGTCTGTAAC-1
GRCh38,TCAGTTTGTGCATTTG-1
GRCh38,TCAGTTTGTTCTCAGA-1
GRCh38,TCAGTTTGTTGTGCCG-1
GRCh38,TCAGTTTTCAGGAGAC-1
GRCh38,TCATACTCAATTTCTC-1
GRCh38,TCATACTGTAGGACCA-1
GRCh38,TCATACTTCAATCAGC-1
GRCh38,TCATACTTCCTACGAA-1
GRCh38,TCATACTTCTTCCACG-1
GRCh38,TCATATCAGAGCAGTC-1
GRCh38,TCATATCAGTAATACG-1
GRCh38,TCATATCCACATTACG-1
GRCh38,TCATATCCATGACACT-1
GRCh38,TCATATCGTGCATGTT-1
GRCh38,TCATATCTCACAGTGT-1
GRCh38,TCATATCTCCTTTAGT-1
GRCh38,TCATCATAGACGCCCT-1
GRCh38,TCATCATAGTCTGCAT-1
GRCh38,TCATCATCAAGTTTGC-1
GRCh38,TCATCATCAATTGCTG-1
GRCh38,TCATCATGTCGACTGC-1
GRCh38,TCATCATGTTAGCTAC-1
GRCh38,TCATCCGAGCATCCTA-1
GRCh38,TCATCCGAGGGCCCTT-1
GRCh38,TCATCCGCAGAGAAAG-1
GRCh38,TCATCCGTCAATCCAG-1
GRCh38,TCATGAGCACACCTGG-1
GRCh38,TCATGAGCATGGAGAC-1
GRCh38,TCATGAGGTTGGGACA-1
GRCh38,TCATGAGGTTTGAACC-1
GRCh38,TCATGAGTCTGAACGT-1
GRCh38,TCATGCCCAATCACGT-1
GRCh38,TCATGCCCACCCTTGT-1
GRCh38,TCATGCCCAGACAAAT-1
GRCh38,TCATGCCGTCTTCATT-1
GRCh38,TCATGCCTCCCTTTGG-1
GRCh38,TCATGGAAGCTGCCAC-1
GRCh38,TCATGGACACATTCTT-1
GRCh38,TCATGGACATAATCGC-1
GRCh38,TCATGGAGTAACTGCT-1
GRCh38,TCATGGAGTATGGAGC-1
GRCh38,TCATGTTAGACCAGAC-1
GRCh38,TCATGTTAGAGCGACT-1
GRCh38,TCATGTTAGAGTCGAC-1
GRCh38,TCATGTTTCATCGGGC-1
GRCh38,TCATTACAGCTATCTG-1
GRCh38,TCATTACAGTCATCGT-1
GRCh38,TCATTACTCTCATTTG-1
GRCh38,TCATTCAAGGTCGTCC-1
GRCh38,TCATTCAGTCCACACG-1
GRCh38,TCATTCATCGTAGCCG-1
GRCh38,TCATTGTAGATGCTTC-1
GRCh38,TCATTGTAGCACACAG-1
GRCh38,TCATTGTAGCGATGGT-1
GRCh38,TCATTGTAGTCACGAG-1
GRCh38,TCATTGTAGTTGCATC-1
GRCh38,TCATTGTCACACCAGC-1
GRCh38,TCATTGTGTACGGATG-1
GRCh38,TCATTGTGTGATACAA-1
GRCh38,TCATTGTGTGTTCGAT-1
GRCh38,TCATTGTTCAAACCTG-1
GRCh38,TCATTTGAGTGCTCAT-1
GRCh38,TCATTTGAGTGTGTTC-1
GRCh38,TCATTTGAGTTTGCTG-1
GRCh38,TCATTTGCAAGACGGT-1
GRCh38,TCATTTGGTGAATGAT-1
GRCh38,TCATTTGTCAGAATAG-1
GRCh38,TCATTTGTCATCTCTA-1
GRCh38,TCATTTGTCCATCCGT-1
GRCh38,TCATTTGTCGAACTCA-1
GRCh38,TCATTTGTCGACCATA-1
GRCh38,TCCACCAAGGAACGTC-1
GRCh38,TCCACCACAATTAGGA-1
GRCh38,TCCACCAGTCAAACGG-1
GRCh38,TCCACCATCACTACTT-1
GRCh38,TCCACCATCAGCTGTA-1
GRCh38,TCCACCATCGTGGAAG-1
GRCh38,TCCACCATCTAACGGT-1
GRCh38,TCCACCATCTTCGGTC-1
GRCh38,TCCACGTAGGGCAACT-1
GRCh38,TCCACGTCAAAGAGTT-1
GRCh38,TCCACGTCATACACCA-1
GRCh38,TCCACGTGTGAGTAGC-1
GRCh38,TCCACGTTCCGAGAAG-1
GRCh38,TCCACGTTCCGCGATG-1
GRCh38,TCCACGTTCGAACCAT-1
GRCh38,TCCACGTTCGTACCTC-1
GRCh38,TCCAGAAAGGTAGTAT-1
GRCh38,TCCAGAACAAATACGA-1
GRCh38,TCCAGAACAGTATACC-1
GRCh38,TCCAGAACATGGGAAC-1
GRCh38,TCCAGAAGTACGATTC-1
GRCh38,TCCAGAAGTTCCGCTT-1
GRCh38,TCCAGAATCTTAGCCC-1
GRCh38,TCCATCGAGACCCTTA-1
GRCh38,TCCATCGAGACGAAGA-1
GRCh38,TCCATCGCAGGCGATA-1
GRCh38,TCCATCGGTAATTGGA-1
GRCh38,TCCATCGTCAGTGGGA-1
GRCh38,TCCATCGTCATGTCAG-1
GRCh38,TCCATCGTCCCGTAAA-1
GRCh38,TCCATGCGTAGCGTTT-1
GRCh38,TCCATGCGTTTCCAAG-1
GRCh38,TCCATGCTCACTCTTA-1
GRCh38,TCCATGCTCGTCCTTG-1
GRCh38,TCCATGCTCGTCTCAC-1
GRCh38,TCCATGCTCTGCAGCG-1
GRCh38,TCCCACACAAACCACT-1
GRCh38,TCCCACACAGGCTACC-1
GRCh38,TCCCACAGTACCAGAG-1
GRCh38,TCCCACAGTGAAGCTG-1
GRCh38,TCCCACAGTGTCATTG-1
GRCh38,TCCCACATCATGGTAC-1
GRCh38,TCCCACATCTCGGGAC-1
GRCh38,TCCCAGTAGACGGTCA-1
GRCh38,TCCCAGTCAAAGCGTG-1
GRCh38,TCCCAGTCACTATGTG-1
GRCh38,TCCCAGTGTCTCAAGT-1
GRCh38,TCCCAGTTCCATCTGC-1
GRCh38,TCCCATGAGTTTGGCT-1
GRCh38,TCCCATGCAGATACTC-1
GRCh38,TCCCATGGTCCTACGG-1
GRCh38,TCCCATGGTGGCCACT-1
GRCh38,TCCGAAACAATACCCA-1
GRCh38,TCCGAAACAGTTGAAA-1
GRCh38,TCCGAAATCCGTTTCG-1
GRCh38,TCCGAAATCTAGGCCG-1
GRCh38,TCCGATCCAGTAGAGC-1
GRCh38,TCCGATCCATCTTTCA-1
GRCh38,TCCGATCGTACCTAAC-1
GRCh38,TCCGATCGTACGATTC-1
GRCh38,TCCGATCGTCTGATAC-1
GRCh38,TCCGATCTCGTAGCCG-1
GRCh38,TCCGATCTCTGAGTCA-1
GRCh38,TCCGGGAAGCGGACAT-1
GRCh38,TCCGGGACAAGACAAT-1
GRCh38,TCCGGGAGTACTGGGA-1
GRCh38,TCCGGGAGTACTTCCC-1
GRCh38,TCCGGGAGTTCAAAGA-1
GRCh38,TCCGGGATCAAAGCCT-1
GRCh38,TCCGGGATCAGGAAAT-1
GRCh38,TCCGGGATCCACTAGA-1
GRCh38,TCCGGGATCGTGGAAG-1
GRCh38,TCCGTGTGTCTCGCGA-1
GRCh38,TCCGTGTGTGAACCGA-1
GRCh38,TCCGTGTTCGAGCACC-1
GRCh38,TCCGTGTTCTGTGCGG-1
GRCh38,TCCTAATAGTCGGCCT-1
GRCh38,TCCTAATCATAACGGG-1
GRCh38,TCCTAATCATACATCG-1
GRCh38,TCCTAATGTCTTAGTG-1
GRCh38,TCCTAATGTGCCTGCA-1
GRCh38,TCCTAATTCAGCTAGT-1
GRCh38,TCCTAATTCCTTATGT-1
GRCh38,TCCTCCCAGGCGTTGA-1
GRCh38,TCCTCCCCAAGGTCTT-1
GRCh38,TCCTCCCGTCCGATCG-1
GRCh38,TCCTCCCGTTTCCATT-1
GRCh38,TCCTCGAAGAGAGCAA-1
GRCh38,TCCTCGAAGTGAGTTA-1
GRCh38,TCCTCGACAACACAGG-1
GRCh38,TCCTCTTAGTAGACCG-1
GRCh38,TCCTCTTGTCTGTGGC-1
GRCh38,TCCTCTTGTGCGGTAA-1
GRCh38,TCCTGCAAGCTCGCAC-1
GRCh38,TCCTGCACACAACGAG-1
GRCh38,TCCTGCATCAGACCGC-1
GRCh38,TCCTGCATCCAGCTCT-1
GRCh38,TCCTTCTCAAAGACGC-1
GRCh38,TCCTTCTGTAAGGAGA-1
GRCh38,TCCTTCTGTGTGAGCA-1
GRCh38,TCCTTCTGTTGCATGT-1
GRCh38,TCCTTCTGTTGCGGCT-1
GRCh38,TCCTTCTTCAAGGAGC-1
GRCh38,TCCTTCTTCAGACCTA-1
GRCh38,TCCTTCTTCCGCAACG-1
GRCh38,TCCTTCTTCGGTCGGT-1
GRCh38,TCCTTCTTCTCGGTCT-1
GRCh38,TCCTTTCAGGAGATAG-1
GRCh38,TCCTTTCCACGGTCTG-1
GRCh38,TCCTTTCGTAATACCC-1
GRCh38,TCCTTTCTCACCTGGG-1
GRCh38,TCCTTTCTCCCATTTA-1
GRCh38,TCCTTTCTCTTCACAT-1
GRCh38,TCGAACAAGCAGCACA-1
GRCh38,TCGAACACATAGATGA-1
GRCh38,TCGAACAGTGTGTCCG-1
GRCh38,TCGAACATCCCAGCGA-1
GRCh38,TCGAACATCGTGCTCT-1
GRCh38,TCGAAGTCAATCCTTT-1
GRCh38,TCGAAGTGTCGACTTA-1
GRCh38,TCGAAGTGTTCTCCCA-1
GRCh38,TCGAAGTTCAACTACG-1
GRCh38,TCGAAGTTCTTCCCAG-1
GRCh38,TCGACCTAGGCCTTCG-1
GRCh38,TCGACCTAGGTTATAG-1
GRCh38,TCGACCTCATCGCTGG-1
GRCh38,TCGACGGAGGGAGTGG-1
GRCh38,TCGACGGCAAGAGGCT-1
GRCh38,TCGACGGCACTTGAAC-1
GRCh38,TCGACGGCATAGATCC-1
GRCh38,TCGACGGGTATAGGAT-1
GRCh38,TCGACGGTCAAATGAG-1
GRCh38,TCGACGGTCGCTAGCG-1
GRCh38,TCGATTTAGAATCTAG-1
GRCh38,TCGATTTAGACGCAGT-1
GRCh38,TCGATTTTCAATCCGA-1
GRCh38,TCGCACTAGCGCCATC-1
GRCh38,TCGCACTCAGTGGCTC-1
GRCh38,TCGCACTTCACTGAAC-1
GRCh38,TCGCACTTCCATACTT-1
GRCh38,TCGCAGGCACAACCGC-1
GRCh38,TCGCAGGGTGCTCTCT-1
GRCh38,TCGCAGGGTTGGCTAT-1
GRCh38,TCGCAGGGTTTACCTT-1
GRCh38,TCGCAGGTCGTGCATA-1
GRCh38,TCGCAGGTCTACTCAT-1
GRCh38,TCGCTCAAGAATTCAG-1
GRCh38,TCGCTCAAGATACGAT-1
GRCh38,TCGCTCAAGATGGCGT-1
GRCh38,TCGCTCAAGTGCTAGG-1
GRCh38,TCGCTCAAGTTTGAGA-1
GRCh38,TCGCTCACAATAAGGT-1
GRCh38,TCGCTCACAATTGCTG-1
GRCh38,TCGCTCAGTCTTGTCC-1
GRCh38,TCGCTCAGTTGCCTAA-1
GRCh38,TCGCTCATCGATCCAA-1
GRCh38,TCGCTCATCGTGCAGC-1
GRCh38,TCGCTTGAGAGAAGGT-1
GRCh38,TCGCTTGAGAGAATCT-1
GRCh38,TCGCTTGAGCAGATAT-1
GRCh38,TCGCTTGAGTCTCTGA-1
GRCh38,TCGCTTGGTCATCTAG-1
GRCh38,TCGCTTGTCAGGAAAT-1
GRCh38,TCGCTTGTCTTCGGTC-1
GRCh38,TCGGATAAGATTAGAC-1
GRCh38,TCGGATACATCGGAGA-1
GRCh38,TCGGATAGTCGATTAC-1
GRCh38,TCGGATAGTTGATCGT-1
GRCh38,TCGGATATCTAACGGT-1
GRCh38,TCGGGACAGCCTCACG-1
GRCh38,TCGGGACAGGCGCTCT-1
GRCh38,TCGGGACCACTACTTT-1
GRCh38,TCGGGACTCCCGAGAC-1
GRCh38,TCGGGCAAGCAAGGAA-1
GRCh38,TCGGGCACACCTATCC-1
GRCh38,TCGGGCACATGCAGGA-1
GRCh38,TCGGGCAGTACTCAAC-1
GRCh38,TCGGGCAGTCGTAATC-1
GRCh38,TCGGGCATCAGTCCGG-1
GRCh38,TCGGGTGAGACTGGGT-1
GRCh38,TCGGGTGCAATTCACG-1
GRCh38,TCGGGTGCACCTTCCA-1
GRCh38,TCGGTCTAGTAGGCCA-1
GRCh38,TCGGTCTCAAGTATAG-1
GRCh38,TCGGTCTCAAGTCCCG-1
GRCh38,TCGGTCTGTACCTGTA-1
GRCh38,TCGGTCTTCCTTGGAA-1
GRCh38,TCGGTCTTCGTGCACG-1
GRCh38,TCGGTCTTCTTGCAAG-1
GRCh38,TCGTAGACAAGAATGT-1
GRCh38,TCGTAGACAAGAGCTG-1
GRCh38,TCGTAGACAAGAGTAT-1
GRCh38,TCGTAGATCAGAGCGA-1
GRCh38,TCGTCCAAGCCTGGAA-1
GRCh38,TCGTCCAAGTCCCAAT-1
GRCh38,TCGTCCACAGAGGCAT-1
GRCh38,TCGTCCACATAAGATG-1
GRCh38,TCGTCCAGTCGTGTTA-1
GRCh38,TCGTCCAGTGGCACTC-1
GRCh38,TCGTCCAGTTCGATTG-1
GRCh38,TCGTCCATCATCTATC-1
GRCh38,TCGTGCTCATGGCTAT-1
GRCh38,TCGTGCTGTTTGTTCT-1
GRCh38,TCGTGGGCAAAGGTTA-1
GRCh38,TCGTGGGTCTAAACGC-1
GRCh38,TCTAACTAGGGCCCTT-1
GRCh38,TCTAACTCATCCGCGA-1
GRCh38,TCTAACTGTCAGGTAG-1
GRCh38,TCTAACTGTTCTTGTT-1
GRCh38,TCTAACTTCCTACGGG-1
GRCh38,TCTACATAGACTTAAG-1
GRCh38,TCTACATAGGATAATC-1
GRCh38,TCTACATCAGAGTCAG-1
GRCh38,TCTACATCATCGTGGC-1
GRCh38,TCTACATGTACCGTGC-1
GRCh38,TCTACATGTAGGTCAG-1
GRCh38,TCTACATGTATCGTTG-1
GRCh38,TCTACATGTCCAACGC-1
GRCh38,TCTACATGTGCTATTG-1
GRCh38,TCTACATTCGGAGTAG-1
GRCh38,TCTACCGAGTACTGTC-1
GRCh38,TCTACCGAGTTGCTCA-1
GRCh38,TCTACCGCACCAGTAT-1
GRCh38,TCTACCGCACGAAAGC-1
GRCh38,TCTACCGGTGAGTGAC-1
GRCh38,TCTACCGTCGTTAGTG-1
GRCh38,TCTATACAGGTTAGTA-1
GRCh38,TCTATACCAGTTAAAG-1
GRCh38,TCTATACGTGGCTGAA-1
GRCh38,TCTATACGTGTCTTGA-1
GRCh38,TCTATACGTTCTCCAC-1
GRCh38,TCTATACTCACGAACT-1
GRCh38,TCTATACTCCTCAGAA-1
GRCh38,TCTATACTCGCATTAG-1
GRCh38,TCTATCAAGATGACAT-1
GRCh38,TCTATCAAGGAGCAAA-1
GRCh38,TCTATCAAGTCGAATA-1
GRCh38,TCTATCACACATTACG-1
GRCh38,TCTATCAGTAGACTGG-1
GRCh38,TCTATCAGTAGCTAAA-1
GRCh38,TCTATCAGTGAAAGTT-1
GRCh38,TCTCACGAGGTAAGTT-1
GRCh38,TCTCACGCACGGTGAA-1
GRCh38,TCTCACGCAGGCATTT-1
GRCh38,TCTCACGCAGTTGAAA-1
GRCh38,TCTCACGGTAGCGTAG-1
GRCh38,TCTCACGGTATTGGCT-1
GRCh38,TCTCACGGTCTAGTGT-1
GRCh38,TCTCACGGTCTGATCA-1
GRCh38,TCTCACGGTTCAAACC-1
GRCh38,TCTCACGTCGGTCATA-1
GRCh38,TCTCACGTCTCCCTAG-1
GRCh38,TCTCAGCAGAAACTCA-1
GRCh38,TCTCAGCCACCGCTAG-1
GRCh38,TCTCAGCGTCACTCTC-1
GRCh38,TCTCAGCGTGCCTATA-1
GRCh38,TCTCAGCTCACTGGGC-1
GRCh38,TCTCAGCTCTGGACTA-1
GRCh38,TCTCCGACATAATCGC-1
GRCh38,TCTCCGAGTACTAAGA-1
GRCh38,TCTCCGAGTTCCTAGA-1
GRCh38,TCTCCGATCGGTCGGT-1
GRCh38,TCTCCGATCTTTGCAT-1
GRCh38,TCTCTGGAGCATTTCG-1
GRCh38,TCTCTGGAGCCTATCA-1
GRCh38,TCTCTGGAGCGCGTTC-1
GRCh38,TCTCTGGCACAATGCT-1
GRCh38,TCTCTGGGTAGCTAAA-1
GRCh38,TCTCTGGGTGGCTGAA-1
GRCh38,TCTCTGGTCATAAGGA-1
GRCh38,TCTGCCAAGGACGCTA-1
GRCh38,TCTGCCAGTCATTCCC-1
GRCh38,TCTGCCAGTGTTGATC-1
GRCh38,TCTGCCATCCGCAGTG-1
GRCh38,TCTGCCATCGCGAAGA-1
GRCh38,TCTGCCATCTAGATCG-1
GRCh38,TCTGGCTCAAGCGGAT-1
GRCh38,TCTGGCTGTCTGCCTT-1
GRCh38,TCTGGCTTCAGCGCGT-1
GRCh38,TCTGGCTTCAGGAAAT-1
GRCh38,TCTGTCGGTATGGGAC-1
GRCh38,TCTGTCGGTGTTAGCT-1
GRCh38,TCTGTCGTCCTAGAGT-1
GRCh38,TCTTAGTCAAGAAATC-1
GRCh38,TCTTAGTCAATACCCA-1
GRCh38,TCTTAGTCATCGGATT-1
GRCh38,TCTTAGTGTAAGACCG-1
GRCh38,TCTTAGTGTATCGGTT-1
GRCh38,TCTTAGTGTATGTCTG-1
GRCh38,TCTTAGTGTCGTTCAA-1
GRCh38,TCTTAGTTCGAAGTGG-1
GRCh38,TCTTAGTTCTGGGTCG-1
GRCh38,TCTTAGTTCTGTACAG-1
GRCh38,TCTTAGTTCTGTCCGT-1
GRCh38,TCTTCCTAGAGGGTGG-1
GRCh38,TCTTCCTAGGGCAGTT-1
GRCh38,TCTTCCTCACAGCTTA-1
GRCh38,TCTTCCTCACCGTGGT-1
GRCh38,TCTTCCTTCATGAAAG-1
GRCh38,TCTTGCGAGCACGATG-1
GRCh38,TCTTGCGAGTGGAATT-1
GRCh38,TCTTGCGCAAAGCTCT-1
GRCh38,TCTTGCGCATCTTTCA-1
GRCh38,TCTTGCGGTAACCCGC-1
GRCh38,TCTTGCGGTGCCGAAA-1
GRCh38,TCTTGCGTCACACCCT-1
GRCh38,TCTTTGACACCAGACC-1
GRCh38,TCTTTGAGTCGCATGC-1
GRCh38,TCTTTGAGTGTTCCTC-1
GRCh38,TCTTTGATCAAACGTC-1
GRCh38,TGAACGTAGTACAACA-1
GRCh38,TGAACGTCAATTCTTC-1
GRCh38,TGAACGTCAGAACATA-1
GRCh38,TGAACGTCAGTAACCT-1
GRCh38,TGAACGTCATCTGCGG-1
GRCh38,TGAACGTTCCATAGGT-1
GRCh38,TGAACGTTCCTGCCAT-1
GRCh38,TGAACGTTCGGTCATA-1
GRCh38,TGAATCGAGACTAAGT-1
GRCh38,TGAATCGAGATCACCT-1
GRCh38,TGAATCGAGATCCCAT-1
GRCh38,TGAATCGAGCATATGA-1
GRCh38,TGAATCGAGCCAACCC-1
GRCh38,TGAATCGCAATTTCCT-1
GRCh38,TGAATCGGTAGAATAC-1
GRCh38,TGAATCGGTGAGCCAA-1
GRCh38,TGAATCGTCGACCAAT-1
GRCh38,TGAATCGTCTCGTTTA-1
GRCh38,TGAATGCAGGCAGGGA-1
GRCh38,TGACAGTAGGGAACAA-1
GRCh38,TGACAGTAGTGCGCTC-1
GRCh38,TGACAGTGTACCATAC-1
GRCh38,TGACAGTGTAGCTGCC-1
GRCh38,TGACCCTAGGCCTGAA-1
GRCh38,TGACCCTCAAGCGAGT-1
GRCh38,TGACCCTCACAGTGAG-1
GRCh38,TGACCCTCACGACAGA-1
GRCh38,TGACCCTCACTTGAGT-1
GRCh38,TGACCCTCATGTGACT-1
GRCh38,TGACCCTGTTAACCTG-1
GRCh38,TGACCCTGTTATAGCC-1
GRCh38,TGACCCTGTTTCCAAG-1
GRCh38,TGACGCGAGACCAGCA-1
GRCh38,TGACGCGCATGCGGTC-1
GRCh38,TGACGCGGTAGATTGA-1
GRCh38,TGACGCGTCCAGCCTT-1
GRCh38,TGACTCCAGCTCATAC-1
GRCh38,TGACTCCTCAAGAAAC-1
GRCh38,TGACTCCTCACATACG-1
GRCh38,TGACTCCTCCCTCGAT-1
GRCh38,TGAGACTAGTCACTAC-1
GRCh38,TGAGACTCACTGAGTT-1
GRCh38,TGAGACTGTGACTCGC-1
GRCh38,TGAGACTTCATGCGGC-1
GRCh38,TGAGACTTCCACATAG-1
GRCh38,TGAGCATAGCTCAGAG-1
GRCh38,TGAGCATCAAAGCGTG-1
GRCh38,TGAGCATGTCAAGGCA-1
GRCh38,TGAGCATGTCGCATGC-1
GRCh38,TGAGCATTCCGAGCTG-1
GRCh38,TGAGCGCAGCCGAATG-1
GRCh38,TGAGCGCAGGTCCGAA-1
GRCh38,TGAGCGCCAATATCCG-1
GRCh38,TGAGCGCCAGGAATAT-1
GRCh38,TGAGCGCCATGATCTG-1
GRCh38,TGAGCGCGTACCTTCC-1
GRCh38,TGAGCGCGTACTGGGA-1
GRCh38,TGAGCGCGTGCAACAG-1
GRCh38,TGAGCGCGTTGCTCAA-1
GRCh38,TGAGCGCTCATACAGC-1
GRCh38,TGAGCGCTCCATCACC-1
GRCh38,TGAGCGCTCGAGTGGA-1
GRCh38,TGAGGGACACGTGAGA-1
GRCh38,TGAGGGAGTGTGATGG-1
GRCh38,TGAGGGATCAACTGAC-1
GRCh38,TGAGGGATCCGTATGA-1
GRCh38,TGAGGGATCTGTCCCA-1
GRCh38,TGAGGTTAGAAACTGT-1
GRCh38,TGAGGTTAGACGCTCC-1
GRCh38,TGAGGTTAGTATAGAC-1
GRCh38,TGAGGTTCACGCTTAA-1
GRCh38,TGAGGTTGTCACTGAT-1
GRCh38,TGAGTCAAGAATAGTC-1
GRCh38,TGAGTCAAGGAGAATG-1
GRCh38,TGAGTCAAGGCCGCTT-1
GRCh38,TGAGTCACACGGTAGA-1
GRCh38,TGAGTCAGTATAGGGC-1
GRCh38,TGAGTCAGTCCAAGAG-1
GRCh38,TGAGTCATCCAACTGA-1
GRCh38,TGAGTCATCGCTAATG-1
GRCh38,TGAGTCATCTGGAAGG-1
GRCh38,TGATCAGAGTAATTGG-1
GRCh38,TGATCAGAGTAGAATC-1
GRCh38,TGATCAGCAAGTTCCA-1
GRCh38,TGATCAGGTTGGGCCT-1
GRCh38,TGATCAGTCCCTTGGT-1
GRCh38,TGATCAGTCTGTCTCG-1
GRCh38,TGATCTTAGCAAATCA-1
GRCh38,TGATCTTAGCATGCGA-1
GRCh38,TGATCTTCACTTGGCG-1
GRCh38,TGATCTTGTGCTCGTG-1
GRCh38,TGATCTTTCGCTCCTA-1
GRCh38,TGATGCAAGACGGTTG-1
GRCh38,TGATGCAAGAGTGTGC-1
GRCh38,TGATGCAAGCCGGATA-1
GRCh38,TGATGCAGTGTGAATA-1
GRCh38,TGATGCATCAGACAAA-1
GRCh38,TGATGCATCAGTCACA-1
GRCh38,TGATGGTAGGAGGCAG-1
GRCh38,TGATGGTAGTCCTACA-1
GRCh38,TGATGGTCAAATGGCG-1
GRCh38,TGATGGTGTTCAAGGG-1
GRCh38,TGATGGTTCATTGTTC-1
GRCh38,TGATTCTCACTGTCCT-1
GRCh38,TGATTCTTCAACACGT-1
GRCh38,TGATTCTTCAGTGTTG-1
GRCh38,TGATTCTTCCCGAGGT-1
GRCh38,TGATTCTTCGCTCCTA-1
GRCh38,TGATTTCAGATAGTGT-1
GRCh38,TGATTTCAGTACTGTC-1
GRCh38,TGATTTCCAATCACGT-1
GRCh38,TGATTTCCAATTGCTG-1
GRCh38,TGATTTCCACCCAAGC-1
GRCh38,TGATTTCGTAGTTACC-1
GRCh38,TGATTTCGTGGGCTTC-1
GRCh38,TGATTTCTCGAATCCA-1
GRCh38,TGCACGGCAAGGGCAT-1
GRCh38,TGCACGGGTACTTCCC-1
GRCh38,TGCACGGGTTGACGGA-1
GRCh38,TGCACGGTCACTCCGT-1
GRCh38,TGCAGATAGCGGATCA-1
GRCh38,TGCAGATAGTTCCTGA-1
GRCh38,TGCAGATTCTATTCGT-1
GRCh38,TGCAGGCAGGTGAGAA-1
GRCh38,TGCAGGCCAGGTTCAT-1
GRCh38,TGCAGGCGTAGCTAAA-1
GRCh38,TGCAGGCGTGAGACGT-1
GRCh38,TGCAGTAAGAGAGTTT-1
GRCh38,TGCAGTACAGTCAGCC-1
GRCh38,TGCAGTATCAGAACCT-1
GRCh38,TGCAGTATCGACATTG-1
GRCh38,TGCAGTATCGAGATGG-1
GRCh38,TGCAGTATCTCCGATC-1
GRCh38,TGCATCCAGAGCCGTA-1
GRCh38,TGCATCCAGCATGATA-1
GRCh38,TGCATCCAGCGAGGAG-1
GRCh38,TGCATCCAGGAACGTC-1
GRCh38,TGCATCCAGGGCTTCC-1
GRCh38,TGCATCCCAACGCATT-1
GRCh38,TGCATGAAGACTACGG-1
GRCh38,TGCATGAAGTCGAATA-1
GRCh38,TGCATGAAGTGGTCAG-1
GRCh38,TGCATGACAGTACTAC-1
GRCh38,TGCATGAGTAGTCCTA-1
GRCh38,TGCATGAGTGCTCCGA-1
GRCh38,TGCATGAGTGGAACCA-1
GRCh38,TGCATGATCGTTCAGA-1
GRCh38,TGCCGAGAGCAATTCC-1
GRCh38,TGCCGAGAGGTACCTT-1
GRCh38,TGCCGAGCAATTCTCT-1
GRCh38,TGCCGAGCACTCAAGT-1
GRCh38,TGCCGAGGTATATGGA-1
GRCh38,TGCCGAGGTCAGCTTA-1
GRCh38,TGCCGAGTCCCACAGG-1
GRCh38,TGCCGAGTCCGAGCTG-1
GRCh38,TGCGACGAGATCCCAT-1
GRCh38,TGCGACGAGGTAAGAG-1
GRCh38,TGCGACGCAACTTCTT-1
GRCh38,TGCGACGCAAGGAGTC-1
GRCh38,TGCGACGCATGAGAAT-1
GRCh38,TGCGACGTCCACGGAC-1
GRCh38,TGCGACGTCCCTCGTA-1
GRCh38,TGCGACGTCTCACCCA-1
GRCh38,TGCGACGTCTCGCGTT-1
GRCh38,TGCGATAAGAGAGGGC-1
GRCh38,TGCGATAAGTCAACAA-1
GRCh38,TGCGATACAGCGTGCT-1
GRCh38,TGCGATAGTTACAGCT-1
GRCh38,TGCGATAGTTTGAAAG-1
GRCh38,TGCGATATCACTGAAC-1
GRCh38,TGCGGCAAGCATACTC-1
GRCh38,TGCGGCAAGCGTTACT-1
GRCh38,TGCGGCACAAGTTCCA-1
GRCh38,TGCGGCACAGCTACAT-1
GRCh38,TGCGGCACATTCACCC-1
GRCh38,TGCGGCAGTCACTTCC-1
GRCh38,TGCGGCAGTCGCCTAG-1
GRCh38,TGCGGCAGTGTAGGAC-1
GRCh38,TGCGGCATCCTGGTCT-1
GRCh38,TGCGGCATCCTTATAC-1
GRCh38,TGCGGCATCTCCGTGT-1
GRCh38,TGCGGGTGTCATACCA-1
GRCh38,TGCGGGTTCAAGCTTG-1
GRCh38,TGCGGGTTCTAGACAC-1
GRCh38,TGCTCCAAGACTGAGC-1
GRCh38,TGCTCCAAGTATGACA-1
GRCh38,TGCTCCAAGTGTACCT-1
GRCh38,TGCTCCAGTGGATGAC-1
GRCh38,TGCTCGTAGCAGGTCA-1
GRCh38,TGCTCGTAGGGAGTTC-1
GRCh38,TGCTCGTCACCATATG-1
GRCh38,TGCTCGTGTCAATCTG-1
GRCh38,TGCTCGTGTTCGTGCG-1
GRCh38,TGCTGAATCACTCCGT-1
GRCh38,TGCTTCGAGTTCTCTT-1
GRCh38,TGCTTCGCAACCAACT-1
GRCh38,TGCTTCGCAGGCGAAT-1
GRCh38,TGCTTCGTCTTAATCC-1
GRCh38,TGCTTGCAGAGAAGGT-1
GRCh38,TGCTTGCAGCTACGTT-1
GRCh38,TGCTTGCCAGTAGAAT-1
GRCh38,TGCTTGCCATGTTACG-1
GRCh38,TGCTTGCGTAGGTTTC-1
GRCh38,TGCTTGCGTCTGGTTA-1
GRCh38,TGCTTGCGTGCAGTGA-1
GRCh38,TGCTTGCGTTACCCAA-1
GRCh38,TGCTTGCTCGACGAGA-1
GRCh38,TGCTTGCTCGTCGACG-1
GRCh38,TGGAACTAGATGTTAG-1
GRCh38,TGGAACTAGCAGTAAT-1
GRCh38,TGGAACTGTGCAGATG-1
GRCh38,TGGAACTGTTAAGACA-1
GRCh38,TGGAACTTCCAAGCTA-1
GRCh38,TGGAACTTCCTTCTTC-1
GRCh38,TGGAACTTCTGAGCAT-1
GRCh38,TGGAGAGAGCATGTTC-1
GRCh38,TGGAGAGGTCGTATTG-1
GRCh38,TGGAGAGTCATCGCTC-1
GRCh38,TGGAGGAAGGCGAAGG-1
GRCh38,TGGAGGAAGTCCCAAT-1
GRCh38,TGGAGGACAACAACAA-1
GRCh38,TGGAGGACACAAGCAG-1
GRCh38,TGGAGGACACATACTG-1
GRCh38,TGGAGGAGTCGCATGC-1
GRCh38,TGGAGGAGTGGTCCGT-1
GRCh38,TGGAGGATCACTGGTA-1
GRCh38,TGGATCACAATGCAAA-1
GRCh38,TGGATCACATGCGTGC-1
GRCh38,TGGATCATCCGAGTGC-1
GRCh38,TGGATGTCAAGAGTGC-1
GRCh38,TGGATGTCAGAGTTGG-1
GRCh38,TGGATGTCAGTGCGCT-1
GRCh38,TGGATGTCATCGCCTT-1
GRCh38,TGGATGTGTATGAAAC-1
GRCh38,TGGATGTGTGTCATCA-1
GRCh38,TGGCGTGAGATTAGTG-1
GRCh38,TGGCGTGAGGAAGTCC-1
GRCh38,TGGCGTGCAGGTGAGT-1
GRCh38,TGGCGTGGTCATTCCC-1
GRCh38,TGGCGTGTCCAGTACA-1
GRCh38,TGGCGTGTCGGCTGAC-1
GRCh38,TGGGAAGCAAATCAAG-1
GRCh38,TGGGAAGCAGGTGGAT-1
GRCh38,TGGGAAGGTAGAATGT-1
GRCh38,TGGGAAGTCATGAGGG-1
GRCh38,TGGGAAGTCGATACGT-1
GRCh38,TGGGAGAAGATGAACT-1
GRCh38,TGGGAGATCAAGATAG-1
GRCh38,TGGGATTAGATCCAAA-1
GRCh38,TGGGATTAGGTGCTTT-1
GRCh38,TGGGATTCACAGACGA-1
GRCh38,TGGGATTCAGCTGTAT-1
GRCh38,TGGGATTGTATGTGTC-1
GRCh38,TGGGATTGTCAACGCC-1
GRCh38,TGGGATTGTTACGTAC-1
GRCh38,TGGGATTTCACGAGGA-1
GRCh38,TGGGATTTCAGCGTCG-1
GRCh38,TGGGATTTCATATGGC-1
GRCh38,TGGGATTTCATGGCCG-1
GRCh38,TGGGATTTCCCATTTA-1
GRCh38,TGGGATTTCTGCGAGC-1
GRCh38,TGGGCGTAGCGCCGTT-1
GRCh38,TGGGCGTAGTAGATCA-1
GRCh38,TGGGCGTGTCTGTGAT-1
GRCh38,TGGGCGTTCAGATTGC-1
GRCh38,TGGGCTGCAATATCCG-1
GRCh38,TGGGCTGGTTCGGTAT-1
GRCh38,TGGGCTGTCCAACCGG-1
GRCh38,TGGGCTGTCGGTTGTA-1
GRCh38,TGGGCTGTCTTGCGCT-1
GRCh38,TGGGCTGTCTTTCCAA-1
GRCh38,TGGGTTACAAACTCTG-1
GRCh38,TGGGTTACACGTCTCT-1
GRCh38,TGGGTTACATCGCTGG-1
GRCh38,TGGGTTAGTCGGCTAC-1
GRCh38,TGGGTTAGTGAGAGGG-1
GRCh38,TGGGTTATCATGAAAG-1
GRCh38,TGGTACAAGGAGTCTG-1
GRCh38,TGGTACACAATCACGT-1
GRCh38,TGGTACACAGACAAAT-1
GRCh38,TGGTACAGTAGCCCTG-1
GRCh38,TGGTACAGTCTTCAAG-1
GRCh38,TGGTACAGTTCCGCGA-1
GRCh38,TGGTAGTAGATGACCG-1
GRCh38,TGGTAGTAGGGATCAC-1
GRCh38,TGGTAGTCATCGTGCG-1
GRCh38,TGGTGATAGGACACTG-1
GRCh38,TGGTGATGTCTCGGAC-1
GRCh38,TGGTGATGTGGCTGCT-1
GRCh38,TGGTGATTCCCATTTA-1
GRCh38,TGGTGATTCCTGGGAC-1
GRCh38,TGGTGATTCTTCCTAA-1
GRCh38,TGGTTAGAGCCTCTGG-1
GRCh38,TGGTTAGAGTGTGTTC-1
GRCh38,TGGTTAGCAATACGAA-1
GRCh38,TGGTTAGTCAAAGACA-1
GRCh38,TGGTTAGTCACCACAA-1
GRCh38,TGGTTAGTCGAACGCC-1
GRCh38,TGGTTAGTCTGTGCGG-1
GRCh38,TGTAACGGTACAGGTG-1
GRCh38,TGTAACGTCACTACGA-1
GRCh38,TGTAACGTCACTGTTT-1
GRCh38,TGTAACGTCATGCCCT-1
GRCh38,TGTAACGTCCATTCGC-1
GRCh38,TGTAAGCAGAGCAAGA-1
GRCh38,TGTAAGCAGGCCCACT-1
GRCh38,TGTAAGCAGGTCCTGC-1
GRCh38,TGTAAGCGTCAGTTTG-1
GRCh38,TGTAAGCTCAATCCAG-1
GRCh38,TGTAAGCTCATACGGT-1
GRCh38,TGTAAGCTCCGGTTCT-1
GRCh38,TGTACAGAGCTGTTAC-1
GRCh38,TGTACAGGTAGAGATT-1
GRCh38,TGTACAGTCAACTGGT-1
GRCh38,TGTACAGTCCAGGACC-1
GRCh38,TGTACAGTCGCTTGAA-1
GRCh38,TGTAGACCAACCCTCT-1
GRCh38,TGTAGACCAGCGACAA-1
GRCh38,TGTAGACGTAATGCGG-1
GRCh38,TGTAGACGTCCACACG-1
GRCh38,TGTAGACGTCTAGTGT-1
GRCh38,TGTAGACGTTTGTGGT-1
GRCh38,TGTCAGAAGAAACCAT-1
GRCh38,TGTCAGAAGAACAGGA-1
GRCh38,TGTCAGAAGTAAGCAT-1
GRCh38,TGTCAGAAGTGGCGAT-1
GRCh38,TGTCAGAAGTTGTCAC-1
GRCh38,TGTCAGACACTAGGCC-1
GRCh38,TGTCAGACATCTATCT-1
GRCh38,TGTCAGAGTACAACGG-1
GRCh38,TGTCAGATCCTAGCTC-1
GRCh38,TGTCCACAGCCTCTCT-1
GRCh38,TGTCCACTCCGCAACG-1
GRCh38,TGTCCCAAGACATAAC-1
GRCh38,TGTCCCAAGTGGTTGG-1
GRCh38,TGTCCCACATAGTCAC-1
GRCh38,TGTCCCAGTGACTGTT-1
GRCh38,TGTCCTGCACTAGTAC-1
GRCh38,TGTCCTGCAGGTGACA-1
GRCh38,TGTCCTGCAGTAGTGG-1
GRCh38,TGTCCTGGTCATTGCA-1
GRCh38,TGTCCTGGTTGGGTAG-1
GRCh38,TGTCCTGTCTGCATAG-1
GRCh38,TGTGAGTAGTTGTCGT-1
GRCh38,TGTGAGTCACGACCTG-1
GRCh38,TGTGAGTGTCTAGGCC-1
GRCh38,TGTGATGCAAGAGTAT-1
GRCh38,TGTGATGCATTCACCC-1
GRCh38,TGTGATGTCAGTCACA-1
GRCh38,TGTGATGTCCCAAGCG-1
GRCh38,TGTGATGTCCGAGCTG-1
GRCh38,TGTGCGGAGCACGATG-1
GRCh38,TGTGCGGCAGTGGCTC-1
GRCh38,TGTGCGGGTCCACACG-1
GRCh38,TGTGGCGAGAACCGCA-1
GRCh38,TGTGGCGAGCGTATGG-1
GRCh38,TGTGGCGAGCTGCGAA-1
GRCh38,TGTGGCGAGGTCCCGT-1
GRCh38,TGTGGCGAGTTAGTGA-1
GRCh38,TGTGGCGGTGGTTTAC-1
GRCh38,TGTGGCGTCATCCCGT-1
GRCh38,TGTGGCGTCCCGATCT-1
GRCh38,TGTGGCGTCCTAAGTG-1
GRCh38,TGTGTGAAGTATGAAC-1
GRCh38,TGTGTGAAGTGCAACG-1
GRCh38,TGTGTGAAGTTAACAG-1
GRCh38,TGTGTGAAGTTGGCTT-1
GRCh38,TGTGTGACAAGAGGTC-1
GRCh38,TGTGTGACACCAGACC-1
GRCh38,TGTTACTAGCATATGA-1
GRCh38,TGTTACTCAATTGCTG-1
GRCh38,TGTTACTCAGCTTTCC-1
GRCh38,TGTTACTGTCAAAGTA-1
GRCh38,TGTTACTGTTGGACTT-1
GRCh38,TGTTACTTCATGCATG-1
GRCh38,TGTTACTTCATTTACC-1
GRCh38,TGTTACTTCTCACCCA-1
GRCh38,TGTTCATAGGAGATAG-1
GRCh38,TGTTCATCAACCGGAA-1
GRCh38,TGTTCATCATGACGAG-1
GRCh38,TGTTCATTCTAGAACC-1
GRCh38,TGTTCCGCAAATAGCA-1
GRCh38,TGTTCCGCAGCGGTTC-1
GRCh38,TGTTCCGCATGAGTAA-1
GRCh38,TGTTCCGGTATCATGC-1
GRCh38,TGTTCCGGTCGAATGG-1
GRCh38,TGTTCCGGTGAAGCGT-1
GRCh38,TGTTCTAAGGTCACTT-1
GRCh38,TGTTCTACACTGGATT-1
GRCh38,TGTTCTAGTACTCCGG-1
GRCh38,TGTTCTAGTCGTCTCT-1
GRCh38,TGTTCTAGTGCATACT-1
GRCh38,TGTTCTATCGATAACC-1
GRCh38,TGTTCTATCTCAGGCG-1
GRCh38,TGTTGAGAGGTTAAAC-1
GRCh38,TGTTGAGCAGCAAGAC-1
GRCh38,TGTTGAGGTCTCAGAT-1
GRCh38,TGTTGAGGTTCCACAA-1
GRCh38,TGTTGAGTCCGAGCTG-1
GRCh38,TGTTGAGTCGTTCTCG-1
GRCh38,TGTTGAGTCTACGGGC-1
GRCh38,TGTTGAGTCTGCATGA-1
GRCh38,TGTTGGAAGTTCATGC-1
GRCh38,TGTTGGAGTAATCAAG-1
GRCh38,TGTTGGAGTCGACTGC-1
GRCh38,TGTTGGATCCGAAATC-1
GRCh38,TGTTTGTAGGGCAAGG-1
GRCh38,TGTTTGTCAATGGCAG-1
GRCh38,TGTTTGTGTCGTCAGC-1
GRCh38,TGTTTGTTCTCATAGG-1
GRCh38,TTAATCCAGCACGGAT-1
GRCh38,TTAATCCCAGCTTCGG-1
GRCh38,TTAATCCCATCACGGC-1
GRCh38,TTAATCCGTGCAGGAT-1
GRCh38,TTAATCCTCGCACGGT-1
GRCh38,TTACAGGAGACTGGGT-1
GRCh38,TTACAGGCAAAGGGTC-1
GRCh38,TTACAGGCAACAGAGC-1
GRCh38,TTACAGGCAGACGATG-1
GRCh38,TTACAGGCAGTAGAAT-1
GRCh38,TTACAGGCAGTGTACT-1
GRCh38,TTACAGGGTCTCTCTG-1
GRCh38,TTACAGGGTCTTTCAT-1
GRCh38,TTACAGGGTGGCCCAT-1
GRCh38,TTACAGGGTTTACTGG-1
GRCh38,TTACAGGTCATGAAAG-1
GRCh38,TTACAGGTCGGACGTC-1
GRCh38,TTACAGGTCTACTGCC-1
GRCh38,TTACCATAGATAACGT-1
GRCh38,TTACCATCACTGGCCA-1
GRCh38,TTACCATTCTGGAAGG-1
GRCh38,TTACCGCAGCAAATCA-1
GRCh38,TTACCGCAGGATCACG-1
GRCh38,TTACCGCCACACGTGC-1
GRCh38,TTACCGCCACGAAAGC-1
GRCh38,TTACCGCCACTATGTG-1
GRCh38,TTACCGCGTCACTGAT-1
GRCh38,TTACCGCTCGTCCATC-1
GRCh38,TTACCGCTCTGTACAG-1
GRCh38,TTACCGCTCTTGGTGA-1
GRCh38,TTACGCCAGACGGATC-1
GRCh38,TTACGCCCAAGGTTGG-1
GRCh38,TTACGCCCAATCCTTT-1
GRCh38,TTACGCCCACCCTATC-1
GRCh38,TTACGCCGTATCGTTG-1
GRCh38,TTACGTTAGCGAACTG-1
GRCh38,TTACTGTAGACTACGG-1
GRCh38,TTACTGTAGAGATCGC-1
GRCh38,TTACTGTGTAGAATAC-1
GRCh38,TTACTGTGTCTCTCAC-1
GRCh38,TTACTGTGTGTGAGCA-1
GRCh38,TTACTGTGTTCAGTAC-1
GRCh38,TTACTGTTCAGCCCAG-1
GRCh38,TTACTGTTCTATTTCG-1
GRCh38,TTAGGCAAGCGATCGA-1
GRCh38,TTAGGCACATCTCCCA-1
GRCh38,TTAGGCAGTTAGAGAT-1
GRCh38,TTAGGCATCCCTCTTT-1
GRCh38,TTAGGGTAGAGCGACT-1
GRCh38,TTAGGGTAGGAACGAA-1
GRCh38,TTAGGGTAGGCGCTTC-1
GRCh38,TTAGGGTGTAGAGATT-1
GRCh38,TTAGGGTGTATCACGT-1
GRCh38,TTAGGGTGTGGATTTC-1
GRCh38,TTAGGGTGTTTAGACC-1
GRCh38,TTAGGGTTCTTACCAT-1
GRCh38,TTAGTCTCAATACGAA-1
GRCh38,TTAGTCTCATGAATAG-1
GRCh38,TTAGTCTTCAGGTAAA-1
GRCh38,TTATTGCAGGACTAAT-1
GRCh38,TTATTGCAGTTCCGTA-1
GRCh38,TTATTGCCACCATAAC-1
GRCh38,TTATTGCGTCACATTG-1
GRCh38,TTATTGCGTGGACCAA-1
GRCh38,TTATTGCGTTATTCTC-1
GRCh38,TTCAATCAGTCTTCGA-1
GRCh38,TTCAATCGTGCAACGA-1
GRCh38,TTCAATCGTTTCGTAG-1
GRCh38,TTCACCGAGGTAGCCA-1
GRCh38,TTCACCGAGTTCCATG-1
GRCh38,TTCACCGCAAAGGTTA-1
GRCh38,TTCACCGCAGAGCGTA-1
GRCh38,TTCACCGGTCCACGCA-1
GRCh38,TTCACCGGTCTCAAGT-1
GRCh38,TTCACCGGTTTATGCG-1
GRCh38,TTCACCGTCAAGCCAT-1
GRCh38,TTCACCGTCATGAAAG-1
GRCh38,TTCACCGTCTACTGCC-1
GRCh38,TTCACGCAGGAAACGA-1
GRCh38,TTCACGCCAGGGTTGA-1
GRCh38,TTCACGCCAGTCAGTT-1
GRCh38,TTCACGCTCAAGTTGC-1
GRCh38,TTCACGCTCCGTTTCG-1
GRCh38,TTCAGGACAACCTATG-1
GRCh38,TTCAGGACAATCTGCA-1
GRCh38,TTCAGGACAGAGCGTA-1
GRCh38,TTCAGGACAGAGTTGG-1
GRCh38,TTCAGGATCACGATCA-1
GRCh38,TTCAGGATCGGTCAGC-1
GRCh38,TTCATGTAGCGGTATG-1
GRCh38,TTCATGTAGGTAGATT-1
GRCh38,TTCATGTAGTAGTCCT-1
GRCh38,TTCATGTCACAAGCCC-1
GRCh38,TTCATGTGTAACTGCT-1
GRCh38,TTCATGTGTATGCAAA-1
GRCh38,TTCATGTGTCTACGTA-1
GRCh38,TTCATGTTCCAATGCA-1
GRCh38,TTCATGTTCGAAGGAC-1
GRCh38,TTCATTGGTAGACACG-1
GRCh38,TTCATTGGTTGAGTCT-1
GRCh38,TTCATTGTCCTAACAG-1
GRCh38,TTCATTGTCGTGGCTG-1
GRCh38,TTCATTGTCTTTGCAT-1
GRCh38,TTCCAATAGATCCTAC-1
GRCh38,TTCCAATAGCGGTAAC-1
GRCh38,TTCCAATCACGGTGCT-1
GRCh38,TTCCAATCAGTGAGCA-1
GRCh38,TTCCACGAGACTGTTC-1
GRCh38,TTCCACGAGAGACAAG-1
GRCh38,TTCCACGAGCCTAGGA-1
GRCh38,TTCCACGAGGTATAGT-1
GRCh38,TTCCACGCATATACCG-1
GRCh38,TTCCACGCATTGTCGA-1
GRCh38,TTCCACGGTTATCTGG-1
GRCh38,TTCCACGTCAAACTGC-1
GRCh38,TTCCACGTCTCGTTTA-1
GRCh38,TTCCGGTCACTACTTT-1
GRCh38,TTCCGGTCAGGCGATA-1
GRCh38,TTCCGGTGTCTTGGTA-1
GRCh38,TTCCGGTTCACCATCC-1
GRCh38,TTCCGGTTCAGCCTCT-1
GRCh38,TTCCGGTTCTCGCGTT-1
GRCh38,TTCCGTGAGAAGTCCG-1
GRCh38,TTCCGTGAGTAGAGTT-1
GRCh38,TTCCGTGCACGCAGTC-1
GRCh38,TTCCGTGCATTCAGGT-1
GRCh38,TTCCGTGGTATCGTAC-1
GRCh38,TTCCGTGTCAGAACCT-1
GRCh38,TTCCGTGTCGTTCATT-1
GRCh38,TTCCTAAAGGTCCGAA-1
GRCh38,TTCCTAAAGTGATGGC-1
GRCh38,TTCCTAAGTGCCGTTG-1
GRCh38,TTCCTAAGTTACCTGA-1
GRCh38,TTCCTAATCCCACAGG-1
GRCh38,TTCCTCTAGGGAGTGG-1
GRCh38,TTCCTCTCAACTACGT-1
GRCh38,TTCCTCTCAGCACAGA-1
GRCh38,TTCCTCTTCTTAGCCC-1
GRCh38,TTCCTTCAGTAAAGCT-1
GRCh38,TTCCTTCTCAGCATTG-1
GRCh38,TTCGATTCAGACAAAT-1
GRCh38,TTCGATTGTGGCCCAT-1
GRCh38,TTCGATTTCCCTCTTT-1
GRCh38,TTCGATTTCGTCGGGT-1
GRCh38,TTCGCTGAGGGCTTCC-1
GRCh38,TTCGCTGCACTAGAGG-1
GRCh38,TTCGCTGCAGTCGAGA-1
GRCh38,TTCGCTGGTAGAGATT-1
GRCh38,TTCGCTGGTCGGCTAC-1
GRCh38,TTCGCTGTCAACTACG-1
GRCh38,TTCGCTGTCCCTGTTG-1
GRCh38,TTCGGTCCACTCATAG-1
GRCh38,TTCGGTCCAGCATGCC-1
GRCh38,TTCGGTCGTCTTCAAG-1
GRCh38,TTCGGTCTCTCGTTTA-1
GRCh38,TTCTAACAGGCGTTAG-1
GRCh38,TTCTAACAGTATAGAC-1
GRCh38,TTCTAACAGTCACGAG-1
GRCh38,TTCTAACCAAAGGATT-1
GRCh38,TTCTAACCACCTTCGT-1
GRCh38,TTCTAACCAGGCCTGT-1
GRCh38,TTCTAACCATCCTTCG-1
GRCh38,TTCTAACGTAGAATAC-1
GRCh38,TTCTAACGTAGGTGCA-1
GRCh38,TTCTAACTCAAACGTC-1
GRCh38,TTCTAGTAGCAGCAGT-1
GRCh38,TTCTAGTAGCAGCCCT-1
GRCh38,TTCTAGTAGCAGCCTC-1
GRCh38,TTCTAGTAGTCATGGG-1
GRCh38,TTCTAGTTCGGTTGTA-1
GRCh38,TTCTCTCAGAGGTGCT-1
GRCh38,TTCTCTCGTACTCGAT-1
GRCh38,TTCTCTCTCAAGCCAT-1
GRCh38,TTCTCTCTCACTGTTT-1
GRCh38,TTCTCTCTCTAGTCAG-1
GRCh38,TTCTGTAAGGTGCTAG-1
GRCh38,TTCTGTAGTCTACTGA-1
GRCh38,TTCTGTAGTGTTTACG-1
GRCh38,TTCTTCCAGGTACAAT-1
GRCh38,TTCTTCCCAATCAAGA-1
GRCh38,TTCTTCCCACGGTGAA-1
GRCh38,TTCTTCCGTCACCCTT-1
GRCh38,TTCTTCCGTCGCGTTG-1
GRCh38,TTCTTCCGTTGAGGAC-1
GRCh38,TTCTTGAAGAGGCCAT-1
GRCh38,TTCTTGAAGTGACACG-1
GRCh38,TTCTTGACAACACGTT-1
GRCh38,TTCTTGAGTTAGGCTT-1
GRCh38,TTGAACGAGCGTTAGG-1
GRCh38,TTGAACGAGTAACAGT-1
GRCh38,TTGAACGCAACACAAA-1
GRCh38,TTGAACGGTACGCGTC-1
GRCh38,TTGAACGGTTCTATCT-1
GRCh38,TTGAACGTCGTAGCTA-1
GRCh38,TTGAACGTCGTTCCCA-1
GRCh38,TTGACCCAGGCCACCT-1
GRCh38,TTGACCCTCACTTATC-1
GRCh38,TTGACCCTCGCATTAG-1
GRCh38,TTGAGTGAGGGATCAC-1
GRCh38,TTGAGTGAGTCGGGAT-1
GRCh38,TTGAGTGAGTTACGGG-1
GRCh38,TTGAGTGCAACTTGGT-1
GRCh38,TTGAGTGGTGGGCTTC-1
GRCh38,TTGAGTGTCACGAGGA-1
GRCh38,TTGAGTGTCGAGTACT-1
GRCh38,TTGAGTGTCTGGAGAG-1
GRCh38,TTGATGGAGGGCAAGG-1
GRCh38,TTGATGGAGTGGTGAC-1
GRCh38,TTGATGGCAGAAGTGC-1
GRCh38,TTGATGGCAGGCGTTC-1
GRCh38,TTGATGGGTCTACGAT-1
GRCh38,TTGATGGGTTTAGAGA-1
GRCh38,TTGATGGTCTCGTCAC-1
GRCh38,TTGATGGTCTCTGCTG-1
GRCh38,TTGCATTAGAGGTATT-1
GRCh38,TTGCATTAGGCACTAG-1
GRCh38,TTGCATTCACTTGGGC-1
GRCh38,TTGCATTGTGGCATCC-1
GRCh38,TTGCATTTCCCGAAAT-1
GRCh38,TTGCCTGAGCAATTAG-1
GRCh38,TTGCCTGGTACAGAAT-1
GRCh38,TTGCCTGGTAGGTCAG-1
GRCh38,TTGCGTCAGGGCAATC-1
GRCh38,TTGCGTCAGTAGGGTC-1
GRCh38,TTGCGTCCATCGCTCT-1
GRCh38,TTGCGTCTCAAGAGGC-1
GRCh38,TTGCGTCTCACCTTAT-1
GRCh38,TTGCTGCAGACGATAT-1
GRCh38,TTGCTGCAGCGTTGTT-1
GRCh38,TTGCTGCAGCTAAATG-1
GRCh38,TTGCTGCTCTGGGCGT-1
GRCh38,TTGGATGGTCAAACGG-1
GRCh38,TTGGATGGTCACTCAA-1
GRCh38,TTGGATGGTGCGTTTA-1
GRCh38,TTGGATGTCCAGTGCG-1
GRCh38,TTGGGATAGACGACTG-1
GRCh38,TTGGGATAGGTGCGAT-1
GRCh38,TTGGGATGTGTTCAGT-1
GRCh38,TTGGGATGTTGCATAC-1
GRCh38,TTGGGCGCAGCCCAGT-1
GRCh38,TTGGGCGCATGAAAGT-1
GRCh38,TTGGGCGTCATCAGTG-1
GRCh38,TTGGGCGTCCAGTGTA-1
GRCh38,TTGGGTATCCTAAGTG-1
GRCh38,TTGGGTATCCTGCTAC-1
GRCh38,TTGGGTATCTAGACAC-1
GRCh38,TTGGGTATCTCTGAGA-1
GRCh38,TTGGTTTAGCTAAACA-1
GRCh38,TTGGTTTCAAACTAAG-1
GRCh38,TTGGTTTGTCTTGCGG-1
GRCh38,TTGGTTTTCTGCGAGC-1
GRCh38,TTGTGGAAGTTGCATC-1
GRCh38,TTGTGGACACCCTAAA-1
GRCh38,TTGTGGACACCTGCAG-1
GRCh38,TTGTGGACATCATGAC-1
GRCh38,TTGTGGACATGCCGGT-1
GRCh38,TTGTGGACATGGACAG-1
GRCh38,TTGTGGAGTACGTGTT-1
GRCh38,TTGTGGATCATCGCCT-1
GRCh38,TTGTGGATCCGTGTCT-1
GRCh38,TTGTGGATCCTATGGA-1
GRCh38,TTGTGTTAGTCACTAC-1
GRCh38,TTGTGTTAGTCATGGG-1
GRCh38,TTGTGTTCAAATCAGA-1
GRCh38,TTGTGTTCAGACAAAT-1
GRCh38,TTGTGTTGTAACCCTA-1
GRCh38,TTGTGTTGTATCGGTT-1
GRCh38,TTGTGTTGTGATTCAC-1
GRCh38,TTGTGTTGTGGTAACG-1
GRCh38,TTGTGTTTCCCTCTCC-1
GRCh38,TTGTTCAAGAGCTGAC-1
GRCh38,TTGTTCAAGCATGGGT-1
GRCh38,TTGTTCAAGCGACTGA-1
GRCh38,TTGTTCAAGGATCATA-1
GRCh38,TTGTTCAAGTTCCGGC-1
GRCh38,TTGTTCACAACCAATC-1
GRCh38,TTGTTCACAGAACTTC-1
GRCh38,TTGTTCACATACTGAC-1
GRCh38,TTGTTCAGTGCACGCT-1
GRCh38,TTGTTCATCACTTATC-1
GRCh38,TTGTTGTAGACTGTTC-1
GRCh38,TTGTTGTAGATGCTTC-1
GRCh38,TTGTTGTAGCACTGGA-1
GRCh38,TTGTTGTAGGTGAGCT-1
GRCh38,TTGTTGTAGTCGCCAC-1
GRCh38,TTGTTGTCACATTCTT-1
GRCh38,TTGTTGTCACTGGACC-1
GRCh38,TTGTTGTCATGCCATA-1
GRCh38,TTGTTGTTCCAATGCA-1
GRCh38,TTGTTGTTCCTTGAAG-1
GRCh38,TTGTTGTTCGTACCTC-1
GRCh38,TTGTTGTTCTTGCGCT-1
GRCh38,TTGTTTGAGAGTCCGA-1
GRCh38,TTGTTTGAGCAGGCTA-1
GRCh38,TTGTTTGAGGATATAC-1
GRCh38,TTGTTTGCAGCTAACT-1
GRCh38,TTGTTTGTCAAGCCGC-1
GRCh38,TTGTTTGTCCAAGCCG-1
GRCh38,TTGTTTGTCCTGTTAT-1
GRCh38,TTGTTTGTCGACATAC-1
GRCh38,TTGTTTGTCGCTGATA-1
GRCh38,TTTACCACACGGCACT-1
GRCh38,TTTACCACAGTTAGGG-1
GRCh38,TTTACCACATCCGTGG-1
GRCh38,TTTACCAGTACCTATG-1
GRCh38,TTTACCAGTCGGAAAC-1
GRCh38,TTTACCATCTATCGCC-1
GRCh38,TTTACGTAGCGCCGTT-1
GRCh38,TTTACGTAGGGTGAGG-1
GRCh38,TTTACGTAGTAGCCAG-1
GRCh38,TTTACGTGTCACAATC-1
GRCh38,TTTACTGCATTATGCG-1
GRCh38,TTTACTGGTACCAGAG-1
GRCh38,TTTACTGGTATGAGAT-1
GRCh38,TTTACTGTCGTGCACG-1
GRCh38,TTTAGTCAGGATGAGA-1
GRCh38,TTTAGTCCAATACGCT-1
GRCh38,TTTAGTCTCGCAGTCG-1
GRCh38,TTTAGTCTCTGCGATA-1
GRCh38,TTTAGTCTCTGGTCAA-1
GRCh38,TTTATGCAGACAGCTG-1
GRCh38,TTTATGCAGCTGGTGA-1
GRCh38,TTTATGCAGGCTAGCA-1
GRCh38,TTTATGCGTAGGACCA-1
GRCh38,TTTATGCTCACACCGG-1
GRCh38,TTTATGCTCGTGTTCC-1
GRCh38,TTTCACAAGCTAGAAT-1
GRCh38,TTTCACAGTACCCACG-1
GRCh38,TTTCACAGTGTTGCCG-1
GRCh38,TTTCACATCAAGCTGT-1
GRCh38,TTTCACATCTACTGAG-1
GRCh38,TTTCACATCTCACTCG-1
GRCh38,TTTCAGTAGCGAAACC-1
GRCh38,TTTCAGTCAAACACGG-1
GRCh38,TTTCAGTTCATGAGAA-1
GRCh38,TTTCAGTTCCATTCAT-1
GRCh38,TTTCATGCAGTTGGTT-1
GRCh38,TTTCATGCATGAAAGT-1
GRCh38,TTTCATGGTTCCAAAC-1
GRCh38,TTTCATGTCTTAAGGC-1
GRCh38,TTTCCTCAGGATCACG-1
GRCh38,TTTCCTCCAATCGCAT-1
GRCh38,TTTCCTCGTAAGACCG-1
GRCh38,TTTCCTCGTTGTGCAT-1
GRCh38,TTTCCTCTCCATACAG-1
GRCh38,TTTCCTCTCGTGTGAT-1
GRCh38,TTTCCTCTCTCTCTTC-1
GRCh38,TTTCGATAGGTAGTCG-1
GRCh38,TTTCGATCAATACCCA-1
GRCh38,TTTCGATCACAGCCAC-1
GRCh38,TTTCGATGTCGAACAG-1
GRCh38,TTTCGATGTCGGCTAC-1
GRCh38,TTTCGATTCAACGAGG-1
GRCh38,TTTCGATTCATTTGGG-1
GRCh38,TTTCGATTCGGAATTC-1
GRCh38,TTTGACTGTAAGGCTG-1
GRCh38,TTTGACTGTAGCTCGC-1
GRCh38,TTTGACTGTCTCCCTA-1
GRCh38,TTTGACTGTTGTGCCG-1
GRCh38,TTTGATCAGACCATAA-1
GRCh38,TTTGATCCAAATGCTC-1
GRCh38,TTTGATCCAGGTAGTG-1
GRCh38,TTTGATCCATACGCAT-1
GRCh38,TTTGATCGTACTCGTA-1
GRCh38,TTTGATCGTATCCTTT-1
GRCh38,TTTGATCGTGGAGAAA-1
GRCh38,TTTGATCTCAAGCCCG-1
GRCh38,TTTGGAGAGGGTATAT-1
GRCh38,TTTGGAGCAGACAAGC-1
GRCh38,TTTGGAGTCCCGAACG-1
GRCh38,TTTGGAGTCGTGGTAT-1
GRCh38,TTTGGAGTCTGCTTAT-1
GRCh38,TTTGGTTAGAACAGGA-1
GRCh38,TTTGGTTAGCAGATAT-1
GRCh38,TTTGGTTCACTAGGCC-1
GRCh38,TTTGGTTCAGCTACCG-1
GRCh38,TTTGGTTCAGGACATG-1
GRCh38,TTTGGTTGTACAAGCG-1
GRCh38,TTTGGTTGTCGCAGTC-1
GRCh38,TTTGGTTTCAAAGGAT-1
GRCh38,TTTGTTGAGAACGTGC-1
GRCh38,TTTGTTGGTAGGAAAG-1
GRCh38,TTTGTTGGTGCAATGG-1
GRCh38,TTTGTTGTCAAACGTC-1
GRCh38,TTTGTTGTCGCGGACT-1
GRCh38,TTTGTTGTCGCTGTCT-1
GRCh38,TTTGTTGTCGTCCATC-1
GRCh38,TTTGTTGTCTGAGATC-1
